time,temperature_2m,relative_humidity_2m,dew_point_2m,apparent_temperature,precipitation_probability,precipitation,rain,showers,snowfall,snow_depth,weather_code,pressure_msl,surface_pressure,cloud_cover,visibility,wind_speed_10m,wind_gusts_10m,city,retrieved_at
2026-03-01T00:00,5.5,97,5.1,3.6,0,0.0,0.0,0.0,0.0,0.0,45,1025.4,1011.7,48,5880.0,4.6,8.6,tirana,2026-03-01T02:02:07.982805
2026-03-01T01:00,5.2,97,4.8,3.3,0,0.0,0.0,0.0,0.0,0.0,45,1025.2,1011.5,48,6060.0,4.6,8.6,tirana,2026-03-01T02:02:07.982805
2026-03-01T02:00,5.0,97,4.6,3.0,0,0.0,0.0,0.0,0.0,0.0,45,1025.2,1011.5,48,5920.0,4.6,9.0,tirana,2026-03-01T02:02:07.982805
2026-03-01T03:00,4.9,96,4.4,2.9,0,0.0,0.0,0.0,0.0,0.0,45,1025.7,1012.0,45,5360.0,5.1,9.4,tirana,2026-03-01T02:02:07.982805
2026-03-01T04:00,4.8,96,4.2,2.7,0,0.0,0.0,0.0,0.0,0.0,45,1026.2,1012.4,44,5780.0,5.1,9.4,tirana,2026-03-01T02:02:07.982805
2026-03-01T05:00,4.6,96,4.0,2.4,0,0.0,0.0,0.0,0.0,0.0,45,1026.6,1012.8,46,5580.0,5.1,9.7,tirana,2026-03-01T02:02:07.982805
2026-03-01T06:00,4.8,96,4.3,2.7,0,0.0,0.0,0.0,0.0,0.0,45,1026.9,1013.1,48,4160.0,5.1,9.7,tirana,2026-03-01T02:02:07.982805
2026-03-01T07:00,7.6,91,6.2,6.2,0,0.0,0.0,0.0,0.0,0.0,1,1026.9,1013.3,26,17200.0,3.4,9.4,tirana,2026-03-01T02:02:07.982805
2026-03-01T08:00,12.1,73,7.4,11.1,0,0.0,0.0,0.0,0.0,0.0,0,1026.8,1013.4,4,35180.0,1.9,6.8,tirana,2026-03-01T02:02:07.982805
2026-03-01T09:00,13.9,68,8.1,12.9,0,0.0,0.0,0.0,0.0,0.0,0,1026.7,1013.4,5,37160.0,4.0,9.7,tirana,2026-03-01T02:02:07.982805
2026-03-01T10:00,15.4,60,7.7,14.1,0,0.0,0.0,0.0,0.0,0.0,0,1026.7,1013.4,5,39380.0,7.0,14.4,tirana,2026-03-01T02:02:07.982805
2026-03-01T11:00,16.4,57,7.9,15.3,0,0.0,0.0,0.0,0.0,0.0,1,1026.1,1012.9,27,40080.0,8.4,16.9,tirana,2026-03-01T02:02:07.982805
2026-03-01T12:00,16.8,54,7.5,15.2,0,0.0,0.0,0.0,0.0,0.0,2,1025.9,1012.7,65,40640.0,9.2,18.0,tirana,2026-03-01T02:02:07.982805
2026-03-01T13:00,16.7,54,7.4,14.6,0,0.0,0.0,0.0,0.0,0.0,2,1025.5,1012.3,62,40720.0,10.2,19.1,tirana,2026-03-01T02:02:07.982805
2026-03-01T14:00,15.8,60,8.1,13.5,0,0.0,0.0,0.0,0.0,0.0,1,1025.6,1012.4,44,39580.0,12.6,24.1,tirana,2026-03-01T02:02:07.982805
2026-03-01T15:00,14.7,68,8.9,12.8,0,0.0,0.0,0.0,0.0,0.0,2,1025.8,1012.5,55,37400.0,11.2,23.8,tirana,2026-03-01T02:02:07.982805
2026-03-01T16:00,13.7,71,8.5,12.2,0,0.0,0.0,0.0,0.0,0.0,1,1026.4,1013.1,45,36560.0,7.8,20.9,tirana,2026-03-01T02:02:07.982805
2026-03-01T17:00,11.9,80,8.6,11.2,0,0.0,0.0,0.0,0.0,0.0,1,1026.9,1013.5,31,33240.0,2.3,13.7,tirana,2026-03-01T02:02:07.982805
2026-03-01T18:00,11.1,83,8.3,10.4,0,0.0,0.0,0.0,0.0,0.0,0,1027.2,1013.7,6,31320.0,1.4,4.0,tirana,2026-03-01T02:02:07.982805
2026-03-01T19:00,9.7,87,7.6,8.5,0,0.0,0.0,0.0,0.0,0.0,0,1026.9,1013.4,2,26440.0,3.9,6.8,tirana,2026-03-01T02:02:07.982805
2026-03-01T20:00,8.0,94,7.1,6.6,0,0.0,0.0,0.0,0.0,0.0,1,1027.1,1013.5,23,14300.0,4.6,8.3,tirana,2026-03-01T02:02:07.982805
2026-03-01T21:00,7.2,96,6.7,5.8,0,0.0,0.0,0.0,0.0,0.0,45,1026.8,1013.1,39,7040.0,4.1,9.0,tirana,2026-03-01T02:02:07.982805
2026-03-01T22:00,6.6,96,6.1,5.0,0,0.0,0.0,0.0,0.0,0.0,45,1026.9,1013.2,59,6220.0,4.6,9.0,tirana,2026-03-01T02:02:07.982805
2026-03-01T23:00,6.0,97,5.6,4.3,0,0.0,0.0,0.0,0.0,0.0,45,1027.0,1013.3,66,5860.0,4.3,8.6,tirana,2026-03-01T02:02:07.982805
2026-03-01T00:00,13.9,97,13.4,14.5,0,0.0,0.0,0.0,0.0,0.0,45,1023.6,1009.6,86,9720.0,3.2,11.9,algiers,2026-03-01T02:02:10.522223
2026-03-01T01:00,13.9,97,13.4,14.7,0,0.0,0.0,0.0,0.0,0.0,45,1023.1,1009.1,96,10300.0,1.5,11.9,algiers,2026-03-01T02:02:10.522223
2026-03-01T02:00,13.6,98,13.2,14.3,0,0.0,0.0,0.0,0.0,0.0,3,1022.9,1008.9,85,8320.0,1.9,9.0,algiers,2026-03-01T02:02:10.522223
2026-03-01T03:00,13.4,98,13.1,14.2,0,0.0,0.0,0.0,0.0,0.0,3,1022.7,1008.7,100,8600.0,1.5,8.6,algiers,2026-03-01T02:02:10.522223
2026-03-01T04:00,13.3,99,13.2,13.9,0,0.0,0.0,0.0,0.0,0.0,3,1022.8,1008.8,100,3500.0,2.6,6.5,algiers,2026-03-01T02:02:10.522223
2026-03-01T05:00,13.3,97,12.8,14.0,0,0.0,0.0,0.0,0.0,0.0,45,1023.1,1009.1,100,7020.0,1.1,5.4,algiers,2026-03-01T02:02:10.522223
2026-03-01T06:00,13.4,96,12.7,14.1,0,0.0,0.0,0.0,0.0,0.0,45,1023.2,1009.2,100,10840.0,0.7,4.7,algiers,2026-03-01T02:02:10.522223
2026-03-01T07:00,13.5,95,12.7,14.2,0,0.0,0.0,0.0,0.0,0.0,3,1023.6,1009.6,95,12820.0,1.3,4.7,algiers,2026-03-01T02:02:10.522223
2026-03-01T08:00,14.1,94,13.1,14.9,3,0.0,0.0,0.0,0.0,0.0,3,1023.7,1009.7,95,15260.0,0.8,5.4,algiers,2026-03-01T02:02:10.522223
2026-03-01T09:00,14.9,86,12.5,15.4,0,0.0,0.0,0.0,0.0,0.0,3,1024.0,1010.0,97,22680.0,1.8,10.1,algiers,2026-03-01T02:02:10.522223
2026-03-01T10:00,15.6,82,12.5,16.1,0,0.0,0.0,0.0,0.0,0.0,3,1024.2,1010.3,94,26860.0,2.3,10.4,algiers,2026-03-01T02:02:10.522223
2026-03-01T11:00,16.4,77,12.3,16.6,0,0.0,0.0,0.0,0.0,0.0,3,1024.1,1010.2,89,30380.0,3.3,12.6,algiers,2026-03-01T02:02:10.522223
2026-03-01T12:00,16.7,76,12.5,16.8,0,0.0,0.0,0.0,0.0,0.0,3,1023.3,1009.4,93,28960.0,5.0,17.3,algiers,2026-03-01T02:02:10.522223
2026-03-01T13:00,16.6,76,12.3,16.5,0,0.0,0.0,0.0,0.0,0.0,3,1022.7,1008.8,100,29360.0,5.6,19.1,algiers,2026-03-01T02:02:10.522223
2026-03-01T14:00,16.7,76,12.5,16.4,0,0.0,0.0,0.0,0.0,0.0,3,1022.4,1008.5,83,29000.0,7.1,21.6,algiers,2026-03-01T02:02:10.522223
2026-03-01T15:00,16.4,79,12.8,16.2,0,0.0,0.0,0.0,0.0,0.0,3,1022.1,1008.2,100,28440.0,7.5,21.6,algiers,2026-03-01T02:02:10.522223
2026-03-01T16:00,15.9,84,13.2,15.9,0,0.0,0.0,0.0,0.0,0.0,3,1022.1,1008.2,100,23440.0,6.9,22.0,algiers,2026-03-01T02:02:10.522223
2026-03-01T17:00,15.4,89,13.6,15.7,0,0.0,0.0,0.0,0.0,0.0,3,1022.3,1008.4,100,18720.0,5.9,18.7,algiers,2026-03-01T02:02:10.522223
2026-03-01T18:00,15.0,90,13.4,15.3,0,0.0,0.0,0.0,0.0,0.0,3,1022.4,1008.5,100,17760.0,5.5,17.6,algiers,2026-03-01T02:02:10.522223
2026-03-01T19:00,14.7,91,13.3,15.0,3,0.0,0.0,0.0,0.0,0.0,3,1022.6,1008.6,100,18280.0,4.8,16.6,algiers,2026-03-01T02:02:10.522223
2026-03-01T20:00,14.5,92,13.2,14.6,0,0.0,0.0,0.0,0.0,0.0,3,1022.1,1008.1,95,18200.0,5.7,20.9,algiers,2026-03-01T02:02:10.522223
2026-03-01T21:00,14.2,94,13.2,14.8,0,0.0,0.0,0.0,0.0,0.0,3,1022.0,1008.0,83,7240.0,2.7,20.5,algiers,2026-03-01T02:02:10.522223
2026-03-01T22:00,14.0,94,13.1,14.7,0,0.0,0.0,0.0,0.0,0.0,3,1021.7,1007.7,90,9160.0,2.1,13.7,algiers,2026-03-01T02:02:10.522223
2026-03-01T23:00,13.9,95,13.1,14.5,0,0.0,0.0,0.0,0.0,0.0,3,1021.2,1007.2,94,15500.0,2.3,13.0,algiers,2026-03-01T02:02:10.522223
2026-03-01T00:00,26.3,81,22.8,30.7,0,0.0,0.0,0.0,0.0,0.0,2,1009.1,1000.5,70,24140.0,6.6,11.9,luanda,2026-03-01T02:02:12.966415
2026-03-01T01:00,26.2,81,22.7,30.7,0,0.0,0.0,0.0,0.0,0.0,2,1008.6,1000.0,76,24140.0,5.8,9.4,luanda,2026-03-01T02:02:12.966415
2026-03-01T02:00,26.1,81,22.6,30.7,0,0.0,0.0,0.0,0.0,0.0,2,1008.3,999.7,81,24140.0,4.2,8.3,luanda,2026-03-01T02:02:12.966415
2026-03-01T03:00,26.0,82,22.7,30.9,5,0.0,0.0,0.0,0.0,0.0,3,1008.9,1000.3,91,24140.0,2.4,5.8,luanda,2026-03-01T02:02:12.966415
2026-03-01T04:00,25.9,82,22.6,30.7,3,0.0,0.0,0.0,0.0,0.0,3,1009.3,1000.7,93,24140.0,2.7,4.0,luanda,2026-03-01T02:02:12.966415
2026-03-01T05:00,25.8,83,22.7,30.5,5,0.0,0.0,0.0,0.0,0.0,3,1009.8,1001.2,90,24140.0,4.1,6.1,luanda,2026-03-01T02:02:12.966415
2026-03-01T06:00,25.7,83,22.6,30.1,3,0.0,0.0,0.0,0.0,0.0,3,1009.9,1001.3,88,24140.0,5.9,8.6,luanda,2026-03-01T02:02:12.966415
2026-03-01T07:00,26.1,79,22.2,30.1,3,0.0,0.0,0.0,0.0,0.0,3,1010.6,1002.0,87,24140.0,7.3,11.2,luanda,2026-03-01T02:02:12.966415
2026-03-01T08:00,27.0,73,21.8,31.3,3,0.0,0.0,0.0,0.0,0.0,3,1010.9,1002.3,88,24140.0,3.7,10.8,luanda,2026-03-01T02:02:12.966415
2026-03-01T09:00,27.7,69,21.5,32.1,3,0.0,0.0,0.0,0.0,0.0,3,1010.6,1002.0,85,24140.0,1.6,6.1,luanda,2026-03-01T02:02:12.966415
2026-03-01T10:00,28.0,68,21.6,32.7,0,0.0,0.0,0.0,0.0,0.0,3,1010.4,1001.8,82,24140.0,7.4,11.9,luanda,2026-03-01T02:02:12.966415
2026-03-01T11:00,28.0,71,22.2,33.0,0,0.0,0.0,0.0,0.0,0.0,2,1009.8,1001.3,65,24140.0,11.2,16.9,luanda,2026-03-01T02:02:12.966415
2026-03-01T12:00,27.9,72,22.4,33.2,0,0.0,0.0,0.0,0.0,0.0,2,1008.8,1000.3,56,24140.0,12.9,18.7,luanda,2026-03-01T02:02:12.966415
2026-03-01T13:00,28.1,70,22.1,32.8,0,0.0,0.0,0.0,0.0,0.0,2,1008.1,999.6,54,24140.0,14.8,21.2,luanda,2026-03-01T02:02:12.966415
2026-03-01T14:00,28.2,69,22.0,32.0,0,0.0,0.0,0.0,0.0,0.0,1,1007.5,999.0,39,24140.0,16.2,23.4,luanda,2026-03-01T02:02:12.966415
2026-03-01T15:00,28.0,70,22.0,30.7,0,0.0,0.0,0.0,0.0,0.0,1,1007.3,998.8,36,24140.0,18.2,25.9,luanda,2026-03-01T02:02:12.966415
2026-03-01T16:00,27.7,71,22.0,29.8,0,0.0,0.0,0.0,0.0,0.0,1,1007.2,998.7,35,24140.0,18.8,26.3,luanda,2026-03-01T02:02:12.966415
2026-03-01T17:00,27.2,74,22.2,29.7,0,0.0,0.0,0.0,0.0,0.0,1,1007.6,999.0,32,24140.0,17.6,26.3,luanda,2026-03-01T02:02:12.966415
2026-03-01T18:00,26.8,78,22.7,29.9,0,0.0,0.0,0.0,0.0,0.0,1,1008.1,999.5,31,24140.0,15.1,24.5,luanda,2026-03-01T02:02:12.966415
2026-03-01T19:00,26.7,80,23.0,30.3,0,0.0,0.0,0.0,0.0,0.0,1,1008.6,1000.0,29,24140.0,12.4,21.2,luanda,2026-03-01T02:02:12.966415
2026-03-01T20:00,26.6,80,22.9,30.4,0,0.0,0.0,0.0,0.0,0.0,1,1009.2,1000.6,32,24140.0,11.7,18.0,luanda,2026-03-01T02:02:12.966415
2026-03-01T21:00,26.5,81,23.0,30.4,0,0.0,0.0,0.0,0.0,0.0,1,1009.9,1001.3,30,24140.0,11.4,16.9,luanda,2026-03-01T02:02:12.966415
2026-03-01T22:00,26.4,81,22.9,30.2,0,0.0,0.0,0.0,0.0,0.0,1,1010.1,1001.5,30,24140.0,10.8,16.6,luanda,2026-03-01T02:02:12.966415
2026-03-01T23:00,26.2,82,22.9,30.2,0,0.0,0.0,0.0,0.0,0.0,1,1009.7,1001.1,23,24140.0,10.0,15.1,luanda,2026-03-01T02:02:12.966415
2026-03-01T00:00,23.8,66,17.0,24.9,0,0.0,0.0,0.0,0.0,0.0,0,1012.8,1010.7,0,24140.0,9.2,19.4,buenos_aires,2026-03-01T02:04:16.027770
2026-03-01T01:00,23.1,71,17.5,24.6,0,0.0,0.0,0.0,0.0,0.0,0,1013.2,1011.1,0,24140.0,8.1,18.4,buenos_aires,2026-03-01T02:04:16.027770
2026-03-01T02:00,22.6,81,19.2,25.0,0,0.0,0.0,0.0,0.0,0.0,0,1013.2,1011.1,0,24140.0,7.4,15.5,buenos_aires,2026-03-01T02:04:16.027770
2026-03-01T03:00,22.5,83,19.4,25.0,0,0.0,0.0,0.0,0.0,0.0,0,1013.2,1011.1,0,24140.0,7.3,14.4,buenos_aires,2026-03-01T02:04:16.027770
2026-03-01T04:00,22.3,81,18.9,24.8,0,0.0,0.0,0.0,0.0,0.0,0,1013.1,1011.0,0,24140.0,6.2,14.0,buenos_aires,2026-03-01T02:04:16.027770
2026-03-01T05:00,21.9,77,17.7,23.8,0,0.0,0.0,0.0,0.0,0.0,0,1013.2,1011.1,0,24140.0,6.0,12.2,buenos_aires,2026-03-01T02:04:16.027770
2026-03-01T06:00,21.3,74,16.5,22.8,0,0.0,0.0,0.0,0.0,0.0,0,1013.3,1011.2,0,24140.0,5.5,11.5,buenos_aires,2026-03-01T02:04:16.027770
2026-03-01T07:00,20.8,72,15.5,21.9,0,0.0,0.0,0.0,0.0,0.0,0,1013.4,1011.3,0,24140.0,5.2,10.4,buenos_aires,2026-03-01T02:04:16.027770
2026-03-01T08:00,20.3,70,14.7,21.1,0,0.0,0.0,0.0,0.0,0.0,0,1013.4,1011.3,0,24140.0,5.2,9.7,buenos_aires,2026-03-01T02:04:16.027770
2026-03-01T09:00,19.9,69,14.1,20.6,0,0.0,0.0,0.0,0.0,0.0,0,1013.7,1011.6,0,24140.0,4.7,9.7,buenos_aires,2026-03-01T02:04:16.027770
2026-03-01T10:00,19.5,68,13.5,20.0,0,0.0,0.0,0.0,0.0,0.0,0,1014.2,1012.1,0,24140.0,4.3,8.6,buenos_aires,2026-03-01T02:04:16.027770
2026-03-01T11:00,20.5,66,14.0,21.0,0,0.0,0.0,0.0,0.0,0.0,0,1014.9,1012.8,0,24140.0,5.2,10.4,buenos_aires,2026-03-01T02:04:16.027770
2026-03-01T12:00,23.0,60,14.8,23.2,0,0.0,0.0,0.0,0.0,0.0,0,1015.2,1013.1,0,24140.0,10.2,21.6,buenos_aires,2026-03-01T02:04:16.027770
2026-03-01T13:00,25.1,55,15.4,25.1,0,0.0,0.0,0.0,0.0,0.0,0,1015.2,1013.1,0,24140.0,12.6,27.4,buenos_aires,2026-03-01T02:04:16.027770
2026-03-01T14:00,27.0,48,15.0,27.6,0,0.0,0.0,0.0,0.0,0.0,0,1014.7,1012.6,0,24140.0,13.7,29.9,buenos_aires,2026-03-01T02:04:16.027770
2026-03-01T15:00,28.7,42,14.5,30.0,0,0.0,0.0,0.0,0.0,0.0,0,1014.2,1012.1,0,24140.0,13.1,29.5,buenos_aires,2026-03-01T02:04:16.027770
2026-03-01T16:00,29.9,38,14.1,31.4,0,0.0,0.0,0.0,0.0,0.0,0,1013.6,1011.5,0,24140.0,13.3,29.2,buenos_aires,2026-03-01T02:04:16.027770
2026-03-01T17:00,30.6,34,12.9,31.5,0,0.0,0.0,0.0,0.0,0.0,0,1012.9,1010.9,0,24140.0,14.8,32.0,buenos_aires,2026-03-01T02:04:16.027770
2026-03-01T18:00,30.7,32,12.1,30.8,0,0.0,0.0,0.0,0.0,0.0,0,1012.0,1010.0,0,24140.0,15.8,34.2,buenos_aires,2026-03-01T02:04:16.027770
2026-03-01T19:00,30.5,35,13.3,30.3,0,0.0,0.0,0.0,0.0,0.0,0,1011.1,1009.1,0,24140.0,15.8,34.2,buenos_aires,2026-03-01T02:04:16.027770
2026-03-01T20:00,30.2,37,13.9,29.3,0,0.0,0.0,0.0,0.0,0.0,0,1010.5,1008.5,0,24140.0,16.1,33.8,buenos_aires,2026-03-01T02:04:16.027770
2026-03-01T21:00,29.3,40,14.3,28.4,0,0.0,0.0,0.0,0.0,0.0,0,1010.2,1008.1,0,24140.0,15.5,33.8,buenos_aires,2026-03-01T02:04:16.027770
2026-03-01T22:00,27.3,48,15.4,27.1,0,0.0,0.0,0.0,0.0,0.0,0,1010.2,1008.1,0,24140.0,13.7,32.4,buenos_aires,2026-03-01T02:04:16.027770
2026-03-01T23:00,25.3,59,16.7,25.8,0,0.0,0.0,0.0,0.0,0.0,0,1010.4,1008.3,0,24140.0,12.6,28.4,buenos_aires,2026-03-01T02:04:16.027770
2026-03-01T00:00,26.9,75,22.1,26.8,0,0.0,0.0,0.0,0.0,0.0,1,1010.8,1010.2,7,24140.0,34.5,46.4,oranjestad,2026-03-01T02:04:18.488529
2026-03-01T01:00,26.8,77,22.4,26.8,0,0.0,0.0,0.0,0.0,0.0,1,1011.6,1011.0,22,24140.0,35.1,46.8,oranjestad,2026-03-01T02:04:18.488529
2026-03-01T02:00,26.7,77,22.3,26.6,0,0.0,0.0,0.0,0.0,0.0,1,1012.1,1011.5,20,24140.0,35.6,47.5,oranjestad,2026-03-01T02:04:18.488529
2026-03-01T03:00,26.6,79,22.6,26.5,0,0.0,0.0,0.0,0.0,0.0,2,1012.2,1011.6,52,24140.0,36.4,48.6,oranjestad,2026-03-01T02:04:18.488529
2026-03-01T04:00,26.5,79,22.5,26.3,0,0.0,0.0,0.0,0.0,0.0,1,1012.1,1011.5,38,24140.0,36.8,49.7,oranjestad,2026-03-01T02:04:18.488529
2026-03-01T05:00,26.4,78,22.3,26.2,0,0.0,0.0,0.0,0.0,0.0,1,1011.7,1011.1,29,24140.0,36.6,49.7,oranjestad,2026-03-01T02:04:18.488529
2026-03-01T06:00,26.3,79,22.4,26.2,0,0.0,0.0,0.0,0.0,0.0,2,1010.6,1010.0,45,24140.0,36.3,49.0,oranjestad,2026-03-01T02:04:18.488529
2026-03-01T07:00,26.3,78,22.2,26.0,0,0.0,0.0,0.0,0.0,0.0,2,1010.1,1009.5,52,24140.0,36.5,49.0,oranjestad,2026-03-01T02:04:18.488529
2026-03-01T08:00,26.3,78,22.2,26.1,0,0.0,0.0,0.0,0.0,0.0,2,1009.9,1009.3,51,24140.0,35.8,49.0,oranjestad,2026-03-01T02:04:18.488529
2026-03-01T09:00,26.4,78,22.2,26.1,0,0.0,0.0,0.0,0.0,0.0,2,1010.0,1009.4,50,24140.0,36.3,48.6,oranjestad,2026-03-01T02:04:18.488529
2026-03-01T10:00,26.3,78,22.2,26.0,0,0.0,0.0,0.0,0.0,0.0,2,1010.5,1009.9,56,24140.0,36.7,49.3,oranjestad,2026-03-01T02:04:18.488529
2026-03-01T11:00,26.3,78,22.1,25.9,0,0.0,0.0,0.0,0.0,0.0,2,1011.3,1010.7,55,24140.0,36.8,49.7,oranjestad,2026-03-01T02:04:18.488529
2026-03-01T12:00,26.5,77,22.2,26.4,0,0.0,0.0,0.0,0.0,0.0,2,1012.1,1011.5,49,24140.0,35.4,49.0,oranjestad,2026-03-01T02:04:18.488529
2026-03-01T13:00,26.7,76,22.1,26.7,0,0.0,0.0,0.0,0.0,0.0,1,1012.7,1012.1,36,24140.0,34.4,47.2,oranjestad,2026-03-01T02:04:18.488529
2026-03-01T14:00,26.8,77,22.4,26.9,0,0.0,0.0,0.0,0.0,0.0,1,1013.3,1012.7,22,24140.0,34.6,45.7,oranjestad,2026-03-01T02:04:18.488529
2026-03-01T15:00,27.1,76,22.5,28.0,0,0.0,0.0,0.0,0.0,0.0,1,1013.2,1012.6,17,24140.0,34.6,46.1,oranjestad,2026-03-01T02:04:18.488529
2026-03-01T16:00,27.2,75,22.4,28.6,0,0.0,0.0,0.0,0.0,0.0,1,1012.6,1012.0,32,24140.0,34.7,46.1,oranjestad,2026-03-01T02:04:18.488529
2026-03-01T17:00,27.4,74,22.3,29.1,0,0.0,0.0,0.0,0.0,0.0,1,1011.4,1010.8,28,24140.0,34.1,46.4,oranjestad,2026-03-01T02:04:18.488529
2026-03-01T18:00,27.5,74,22.4,29.3,0,0.0,0.0,0.0,0.0,0.0,1,1010.5,1009.9,36,24140.0,33.6,45.0,oranjestad,2026-03-01T02:04:18.488529
2026-03-01T19:00,27.6,73,22.3,29.1,0,0.0,0.0,0.0,0.0,0.0,1,1009.6,1009.0,24,24140.0,32.8,44.6,oranjestad,2026-03-01T02:04:18.488529
2026-03-01T20:00,27.5,73,22.2,28.5,0,0.0,0.0,0.0,0.0,0.0,1,1009.2,1008.6,33,24140.0,32.4,43.2,oranjestad,2026-03-01T02:04:18.488529
2026-03-01T21:00,27.3,75,22.5,27.8,0,0.0,0.0,0.0,0.0,0.0,1,1009.6,1009.0,37,24140.0,32.5,42.8,oranjestad,2026-03-01T02:04:18.488529
2026-03-01T22:00,27.2,76,22.6,27.6,0,0.0,0.0,0.0,0.0,0.0,1,1010.0,1009.4,39,24140.0,32.8,43.2,oranjestad,2026-03-01T02:04:18.488529
2026-03-01T23:00,27.0,77,22.6,27.3,0,0.0,0.0,0.0,0.0,0.0,2,1010.5,1009.9,47,24140.0,33.8,45.0,oranjestad,2026-03-01T02:04:18.488529
2026-03-01T00:00,26.5,64,19.1,27.7,0,0.0,0.0,0.0,0.0,0.0,2,1013.1,1010.0,74,24140.0,15.0,38.5,brisbane,2026-03-01T02:04:20.957449
2026-03-01T01:00,27.5,61,19.3,29.0,5,0.0,0.0,0.0,0.0,0.0,3,1012.8,1009.7,97,24140.0,15.5,40.7,brisbane,2026-03-01T02:04:20.957449
2026-03-01T02:00,27.4,63,19.8,29.4,8,0.0,0.0,0.0,0.0,0.0,3,1012.6,1009.5,100,24140.0,15.5,42.1,brisbane,2026-03-01T02:04:20.957449
2026-03-01T03:00,27.5,63,19.9,29.6,15,0.1,0.0,0.1,0.0,0.0,3,1011.8,1008.7,100,24140.0,15.0,41.0,brisbane,2026-03-01T02:04:20.957449
2026-03-01T04:00,27.4,63,19.7,29.1,20,0.0,0.0,0.0,0.0,0.0,3,1011.6,1008.5,100,24140.0,14.8,41.4,brisbane,2026-03-01T02:04:20.957449
2026-03-01T05:00,27.4,60,19.0,28.8,13,0.1,0.0,0.1,0.0,0.0,3,1011.1,1008.0,100,24140.0,13.9,41.0,brisbane,2026-03-01T02:04:20.957449
2026-03-01T06:00,27.5,57,18.2,28.4,3,0.0,0.0,0.0,0.0,0.0,3,1011.0,1007.9,100,24140.0,14.2,37.1,brisbane,2026-03-01T02:04:20.957449
2026-03-01T07:00,26.4,62,18.6,27.6,3,0.0,0.0,0.0,0.0,0.0,3,1011.0,1007.9,100,24140.0,13.7,37.1,brisbane,2026-03-01T02:04:20.957449
2026-03-01T08:00,24.9,70,19.1,26.6,3,0.0,0.0,0.0,0.0,0.0,3,1011.3,1008.2,91,24140.0,11.6,34.9,brisbane,2026-03-01T02:04:20.957449
2026-03-01T09:00,23.7,79,19.8,26.2,3,0.0,0.0,0.0,0.0,0.0,3,1011.9,1008.8,100,24140.0,8.2,29.2,brisbane,2026-03-01T02:04:20.957449
2026-03-01T10:00,23.0,83,20.0,25.9,0,0.0,0.0,0.0,0.0,0.0,3,1012.5,1009.4,99,24140.0,6.9,20.2,brisbane,2026-03-01T02:04:20.957449
2026-03-01T11:00,22.6,86,20.1,25.6,0,0.0,0.0,0.0,0.0,0.0,2,1013.2,1010.0,57,24140.0,6.2,16.6,brisbane,2026-03-01T02:04:20.957449
2026-03-01T12:00,22.2,88,20.1,25.3,0,0.0,0.0,0.0,0.0,0.0,2,1013.4,1010.2,54,24140.0,5.1,15.1,brisbane,2026-03-01T02:04:20.957449
2026-03-01T13:00,21.9,89,20.0,25.1,0,0.0,0.0,0.0,0.0,0.0,2,1013.2,1010.0,66,24140.0,4.7,12.6,brisbane,2026-03-01T02:04:20.957449
2026-03-01T14:00,21.8,89,19.9,24.9,0,0.0,0.0,0.0,0.0,0.0,2,1012.7,1009.5,54,24140.0,4.8,12.2,brisbane,2026-03-01T02:04:20.957449
2026-03-01T15:00,21.4,91,19.9,24.5,0,0.0,0.0,0.0,0.0,0.0,2,1012.4,1009.2,59,24140.0,5.2,13.3,brisbane,2026-03-01T02:04:20.957449
2026-03-01T16:00,21.2,91,19.7,24.3,3,0.0,0.0,0.0,0.0,0.0,2,1012.2,1009.0,58,24140.0,4.6,13.0,brisbane,2026-03-01T02:04:20.957449
2026-03-01T17:00,21.1,91,19.5,24.0,0,0.0,0.0,0.0,0.0,0.0,2,1012.1,1008.9,66,24140.0,4.7,11.9,brisbane,2026-03-01T02:04:20.957449
2026-03-01T18:00,21.0,91,19.4,23.9,0,0.0,0.0,0.0,0.0,0.0,2,1012.3,1009.1,72,24140.0,4.3,11.9,brisbane,2026-03-01T02:04:20.957449
2026-03-01T19:00,20.9,90,19.2,23.7,0,0.0,0.0,0.0,0.0,0.0,2,1012.4,1009.2,72,24140.0,4.3,11.2,brisbane,2026-03-01T02:04:20.957449
2026-03-01T20:00,20.8,90,19.1,23.7,3,0.0,0.0,0.0,0.0,0.0,2,1012.7,1009.5,73,24140.0,4.0,10.8,brisbane,2026-03-01T02:04:20.957449
2026-03-01T21:00,21.6,86,19.2,24.3,3,0.0,0.0,0.0,0.0,0.0,2,1013.3,1010.1,71,24140.0,5.1,13.7,brisbane,2026-03-01T02:04:20.957449
2026-03-01T22:00,23.4,78,19.3,25.4,0,0.0,0.0,0.0,0.0,0.0,2,1013.7,1010.6,55,24140.0,10.3,27.7,brisbane,2026-03-01T02:04:20.957449
2026-03-01T23:00,25.0,69,18.9,26.7,0,0.0,0.0,0.0,0.0,0.0,2,1013.6,1010.5,79,24140.0,10.9,29.2,brisbane,2026-03-01T02:04:20.957449
2026-03-01T00:00,20.5,67,14.2,20.1,0,0.0,0.0,0.0,0.0,0.0,3,1017.9,954.5,97,24140.0,11.9,22.3,canberra,2026-03-01T02:06:23.915021
2026-03-01T01:00,21.4,61,13.6,20.6,0,0.0,0.0,0.0,0.0,0.0,3,1016.5,953.4,100,24140.0,13.8,26.3,canberra,2026-03-01T02:06:23.915021
2026-03-01T02:00,22.7,57,13.7,22.0,0,0.0,0.0,0.0,0.0,0.0,3,1015.6,952.8,100,24140.0,13.4,25.9,canberra,2026-03-01T02:06:23.915021
2026-03-01T03:00,23.3,54,13.5,22.6,0,0.0,0.0,0.0,0.0,0.0,3,1014.8,952.2,100,24140.0,12.1,24.8,canberra,2026-03-01T02:06:23.915021
2026-03-01T04:00,24.3,51,13.6,23.8,0,0.0,0.0,0.0,0.0,0.0,3,1014.2,951.8,98,24140.0,11.4,22.7,canberra,2026-03-01T02:06:23.915021
2026-03-01T05:00,24.5,49,13.1,24.1,0,0.0,0.0,0.0,0.0,0.0,3,1013.6,951.3,97,24140.0,10.0,21.6,canberra,2026-03-01T02:06:23.915021
2026-03-01T06:00,24.1,51,13.4,23.8,0,0.0,0.0,0.0,0.0,0.0,3,1012.8,950.5,100,24140.0,9.9,18.4,canberra,2026-03-01T02:06:23.915021
2026-03-01T07:00,23.8,53,13.6,23.5,0,0.0,0.0,0.0,0.0,0.0,3,1012.4,950.0,100,24140.0,10.3,18.7,canberra,2026-03-01T02:06:23.915021
2026-03-01T08:00,22.9,57,13.9,22.5,5,0.0,0.0,0.0,0.0,0.0,3,1012.3,949.8,100,24140.0,11.2,19.8,canberra,2026-03-01T02:06:23.915021
2026-03-01T09:00,21.6,65,14.7,21.8,13,0.0,0.0,0.0,0.0,0.0,3,1012.7,949.9,100,24140.0,9.5,19.4,canberra,2026-03-01T02:06:23.915021
2026-03-01T10:00,20.6,72,15.4,21.2,18,0.0,0.0,0.0,0.0,0.0,3,1013.8,950.7,100,24140.0,8.6,16.9,canberra,2026-03-01T02:06:23.915021
2026-03-01T11:00,19.8,78,15.8,20.8,20,0.0,0.0,0.0,0.0,0.0,3,1014.6,951.3,98,24140.0,6.8,15.5,canberra,2026-03-01T02:06:23.915021
2026-03-01T12:00,19.2,82,16.0,20.3,20,0.0,0.0,0.0,0.0,0.0,3,1014.6,951.2,100,24140.0,7.0,12.6,canberra,2026-03-01T02:06:23.915021
2026-03-01T13:00,18.5,87,16.3,19.8,18,0.6,0.6,0.0,0.0,0.0,61,1014.0,950.4,100,24140.0,6.1,12.6,canberra,2026-03-01T02:06:23.915021
2026-03-01T14:00,18.2,89,16.4,19.6,18,0.2,0.2,0.0,0.0,0.0,61,1013.7,950.1,100,20100.0,5.7,11.5,canberra,2026-03-01T02:06:23.915021
2026-03-01T15:00,17.9,91,16.4,19.4,28,0.7,0.7,0.0,0.0,0.0,61,1013.4,949.8,100,19200.0,4.8,10.4,canberra,2026-03-01T02:06:23.915021
2026-03-01T16:00,17.7,92,16.4,19.3,33,0.1,0.1,0.0,0.0,0.0,61,1012.8,949.2,100,20120.0,4.2,9.4,canberra,2026-03-01T02:06:23.915021
2026-03-01T17:00,17.5,94,16.6,19.1,38,0.4,0.4,0.0,0.0,0.0,61,1012.5,948.8,100,24140.0,4.8,9.0,canberra,2026-03-01T02:06:23.915021
2026-03-01T18:00,17.4,95,16.6,19.2,43,0.2,0.2,0.0,0.0,0.0,61,1012.4,948.7,100,24140.0,3.9,9.4,canberra,2026-03-01T02:06:23.915021
2026-03-01T19:00,17.3,96,16.7,18.9,45,1.1,1.1,0.0,0.0,0.0,61,1012.2,948.5,100,21860.0,5.4,9.7,canberra,2026-03-01T02:06:23.915021
2026-03-01T20:00,17.2,96,16.6,18.7,53,1.2,1.2,0.0,0.0,0.0,61,1012.0,948.3,100,18240.0,5.9,11.2,canberra,2026-03-01T02:06:23.915021
2026-03-01T21:00,17.3,94,16.4,18.8,43,0.5,0.5,0.0,0.0,0.0,61,1012.4,948.7,100,11800.0,5.1,11.2,canberra,2026-03-01T02:06:23.915021
2026-03-01T22:00,17.7,92,16.4,19.3,43,0.0,0.0,0.0,0.0,0.0,3,1012.6,949.0,100,14740.0,3.9,10.1,canberra,2026-03-01T02:06:23.915021
2026-03-01T23:00,18.0,90,16.3,19.4,38,0.0,0.0,0.0,0.0,0.0,3,1012.6,949.0,100,10320.0,5.2,9.7,canberra,2026-03-01T02:06:23.915021
2026-03-01T00:00,26.7,43,13.1,25.2,8,0.0,0.0,0.0,0.0,0.0,2,1011.4,1009.3,75,24140.0,17.2,41.0,melbourne,2026-03-01T02:06:26.361569
2026-03-01T01:00,27.3,43,13.6,25.5,15,0.0,0.0,0.0,0.0,0.0,3,1010.9,1008.8,98,24140.0,20.1,47.9,melbourne,2026-03-01T02:06:26.361569
2026-03-01T02:00,25.8,51,14.9,24.7,35,0.0,0.0,0.0,0.0,0.0,3,1010.1,1008.0,100,24140.0,19.0,49.3,melbourne,2026-03-01T02:06:26.361569
2026-03-01T03:00,26.2,50,15.0,25.6,50,0.0,0.0,0.0,0.0,0.0,3,1009.6,1007.5,100,24140.0,15.8,45.0,melbourne,2026-03-01T02:06:26.361569
2026-03-01T04:00,24.2,65,17.2,24.4,60,0.8,0.8,0.0,0.0,0.0,61,1009.3,1007.2,100,24140.0,16.4,40.0,melbourne,2026-03-01T02:06:26.361569
2026-03-01T05:00,23.5,73,18.4,25.0,58,1.1,1.1,0.0,0.0,0.0,61,1009.3,1007.2,100,24140.0,11.1,38.5,melbourne,2026-03-01T02:06:26.361569
2026-03-01T06:00,22.4,81,19.0,24.0,63,3.5,3.5,0.0,0.0,0.0,63,1008.1,1006.0,100,24140.0,11.8,28.4,melbourne,2026-03-01T02:06:26.361569
2026-03-01T07:00,22.0,85,19.4,24.0,68,2.0,2.0,0.0,0.0,0.0,61,1006.8,1004.7,100,12160.0,10.7,28.8,melbourne,2026-03-01T02:06:26.361569
2026-03-01T08:00,22.1,85,19.5,24.2,53,0.7,0.6,0.1,0.0,0.0,61,1006.0,1003.9,100,24140.0,10.5,25.6,melbourne,2026-03-01T02:06:26.361569
2026-03-01T09:00,22.2,83,19.2,24.6,48,0.4,0.4,0.0,0.0,0.0,61,1006.0,1003.9,100,24140.0,6.9,24.1,melbourne,2026-03-01T02:06:26.361569
2026-03-01T10:00,22.0,83,19.0,24.2,33,0.5,0.5,0.0,0.0,0.0,61,1006.6,1004.5,100,22760.0,7.7,17.6,melbourne,2026-03-01T02:06:26.361569
2026-03-01T11:00,22.0,81,18.6,24.2,38,0.2,0.2,0.0,0.0,0.0,61,1006.6,1004.5,100,24140.0,6.9,18.0,melbourne,2026-03-01T02:06:26.361569
2026-03-01T12:00,21.8,81,18.4,23.7,55,0.6,0.6,0.1,0.0,0.0,61,1006.2,1004.1,100,22980.0,8.1,18.0,melbourne,2026-03-01T02:06:26.361569
2026-03-01T13:00,21.7,83,18.7,23.5,63,1.5,1.3,0.2,0.0,0.0,61,1005.6,1003.5,100,24140.0,10.4,23.4,melbourne,2026-03-01T02:06:26.361569
2026-03-01T14:00,21.8,84,19.0,22.8,80,2.0,2.0,0.0,0.0,0.0,61,1004.8,1002.7,100,16520.0,15.8,36.4,melbourne,2026-03-01T02:06:26.361569
2026-03-01T15:00,22.1,79,18.3,22.5,83,0.9,0.8,0.0,0.0,0.0,61,1004.2,1002.1,100,6660.0,18.3,43.2,melbourne,2026-03-01T02:06:26.361569
2026-03-01T16:00,21.4,81,18.0,21.6,90,1.7,1.6,0.1,0.0,0.0,61,1003.9,1001.8,100,24140.0,18.3,44.3,melbourne,2026-03-01T02:06:26.361569
2026-03-01T17:00,21.3,82,18.1,22.0,93,1.8,1.8,0.0,0.0,0.0,61,1003.5,1001.4,100,16540.0,15.8,43.9,melbourne,2026-03-01T02:06:26.361569
2026-03-01T18:00,20.6,91,19.1,22.5,90,10.8,10.5,0.3,0.0,0.0,65,1003.4,1001.3,100,17620.0,10.9,36.7,melbourne,2026-03-01T02:06:26.361569
2026-03-01T19:00,20.7,91,19.2,23.5,90,18.6,18.6,0.0,0.0,0.0,65,1004.1,1002.0,100,11760.0,5.1,24.8,melbourne,2026-03-01T02:06:26.361569
2026-03-01T20:00,21.8,81,18.4,23.9,83,0.7,0.6,0.0,0.0,0.0,61,1004.1,1002.0,100,3500.0,7.2,16.6,melbourne,2026-03-01T02:06:26.361569
2026-03-01T21:00,22.2,78,18.2,23.9,78,0.0,0.0,0.0,0.0,0.0,3,1004.9,1002.8,100,4640.0,8.7,20.2,melbourne,2026-03-01T02:06:26.361569
2026-03-01T22:00,22.0,80,18.4,24.3,63,0.1,0.1,0.0,0.0,0.0,61,1005.4,1003.3,100,24140.0,5.8,19.4,melbourne,2026-03-01T02:06:26.361569
2026-03-01T23:00,22.4,79,18.6,25.0,50,0.0,0.0,0.0,0.0,0.0,3,1005.7,1003.6,100,20220.0,4.7,13.3,melbourne,2026-03-01T02:06:26.361569
2026-03-01T00:00,16.1,65,9.5,13.9,0,0.0,0.0,0.0,0.0,0.0,0,1017.4,1014.5,0,24140.0,14.0,24.1,perth,2026-03-01T02:06:28.810453
2026-03-01T01:00,17.4,59,9.3,15.2,0,0.0,0.0,0.0,0.0,0.0,0,1017.4,1014.5,0,24140.0,13.8,24.5,perth,2026-03-01T02:06:28.810453
2026-03-01T02:00,19.0,53,9.2,17.5,0,0.0,0.0,0.0,0.0,0.0,0,1017.0,1014.2,0,24140.0,14.6,25.2,perth,2026-03-01T02:06:28.810453
2026-03-01T03:00,20.4,48,9.0,20.1,0,0.0,0.0,0.0,0.0,0.0,0,1016.1,1013.3,0,24140.0,12.2,25.2,perth,2026-03-01T02:06:28.810453
2026-03-01T04:00,21.5,45,9.1,21.7,0,0.0,0.0,0.0,0.0,0.0,0,1015.0,1012.2,0,24140.0,12.3,22.3,perth,2026-03-01T02:06:28.810453
2026-03-01T05:00,22.1,45,9.6,22.0,0,0.0,0.0,0.0,0.0,0.0,0,1014.2,1011.4,0,24140.0,15.6,27.4,perth,2026-03-01T02:06:28.810453
2026-03-01T06:00,22.0,49,10.8,21.2,0,0.0,0.0,0.0,0.0,0.0,0,1013.8,1011.0,0,24140.0,20.5,35.3,perth,2026-03-01T02:06:28.810453
2026-03-01T07:00,21.6,54,11.9,19.8,0,0.0,0.0,0.0,0.0,0.0,0,1013.4,1010.6,0,24140.0,25.5,43.2,perth,2026-03-01T02:06:28.810453
2026-03-01T08:00,21.2,56,12.1,18.2,0,0.0,0.0,0.0,0.0,0.0,0,1013.4,1010.6,0,24140.0,28.7,48.2,perth,2026-03-01T02:06:28.810453
2026-03-01T09:00,20.9,61,13.1,17.7,0,0.0,0.0,0.0,0.0,0.0,0,1013.4,1010.6,0,24140.0,28.7,49.0,perth,2026-03-01T02:06:28.810453
2026-03-01T10:00,20.6,67,14.3,17.9,0,0.0,0.0,0.0,0.0,0.0,0,1013.6,1010.8,0,24140.0,27.9,49.0,perth,2026-03-01T02:06:28.810453
2026-03-01T11:00,20.5,69,14.6,18.2,0,0.0,0.0,0.0,0.0,0.0,0,1013.6,1010.8,0,24140.0,26.2,46.8,perth,2026-03-01T02:06:28.810453
2026-03-01T12:00,20.5,70,14.8,18.3,0,0.0,0.0,0.0,0.0,0.0,0,1014.5,1011.7,0,24140.0,25.7,44.3,perth,2026-03-01T02:06:28.810453
2026-03-01T13:00,20.4,71,14.9,18.5,0,0.0,0.0,0.0,0.0,0.0,0,1015.2,1012.4,0,24140.0,23.8,43.2,perth,2026-03-01T02:06:28.810453
2026-03-01T14:00,20.2,71,14.8,18.9,0,0.0,0.0,0.0,0.0,0.0,0,1015.6,1012.8,0,24140.0,20.1,40.0,perth,2026-03-01T02:06:28.810453
2026-03-01T15:00,20.1,72,14.9,19.3,0,0.0,0.0,0.0,0.0,0.0,0,1015.2,1012.4,0,24140.0,16.2,33.1,perth,2026-03-01T02:06:28.810453
2026-03-01T16:00,19.9,72,14.7,19.2,0,0.0,0.0,0.0,0.0,0.0,0,1014.8,1012.0,0,24140.0,15.5,27.4,perth,2026-03-01T02:06:28.810453
2026-03-01T17:00,19.5,74,14.7,18.7,0,0.0,0.0,0.0,0.0,0.0,0,1014.4,1011.6,0,24140.0,15.8,26.3,perth,2026-03-01T02:06:28.810453
2026-03-01T18:00,19.2,74,14.5,18.5,0,0.0,0.0,0.0,0.0,0.0,0,1014.2,1011.4,0,24140.0,15.2,26.3,perth,2026-03-01T02:06:28.810453
2026-03-01T19:00,19.0,70,13.4,17.9,0,0.0,0.0,0.0,0.0,0.0,0,1014.4,1011.6,0,24140.0,15.1,25.9,perth,2026-03-01T02:06:28.810453
2026-03-01T20:00,18.7,67,12.5,17.5,0,0.0,0.0,0.0,0.0,0.0,0,1014.8,1012.0,0,24140.0,13.7,25.2,perth,2026-03-01T02:06:28.810453
2026-03-01T21:00,18.3,66,11.8,17.1,0,0.0,0.0,0.0,0.0,0.0,0,1015.0,1012.1,0,24140.0,12.1,23.4,perth,2026-03-01T02:06:28.810453
2026-03-01T22:00,18.1,66,11.6,17.0,0,0.0,0.0,0.0,0.0,0.0,0,1015.5,1012.6,0,24140.0,10.9,20.5,perth,2026-03-01T02:06:28.810453
2026-03-01T23:00,18.1,66,11.7,17.1,0,0.0,0.0,0.0,0.0,0.0,0,1015.8,1012.9,0,24140.0,10.4,18.4,perth,2026-03-01T02:06:28.810453
2026-03-01T00:00,22.4,80,18.8,24.5,10,0.0,0.0,0.0,0.0,0.0,3,1017.2,1017.2,100,24140.0,7.6,17.6,sydney,2026-03-01T02:08:31.751349
2026-03-01T01:00,22.9,77,18.6,24.9,8,0.0,0.0,0.0,0.0,0.0,3,1016.5,1016.5,100,24140.0,8.0,18.4,sydney,2026-03-01T02:08:31.751349
2026-03-01T02:00,23.5,73,18.4,25.4,10,0.0,0.0,0.0,0.0,0.0,3,1015.7,1015.7,100,24140.0,8.4,19.4,sydney,2026-03-01T02:08:31.751349
2026-03-01T03:00,24.3,70,18.4,26.1,13,0.0,0.0,0.0,0.0,0.0,3,1015.2,1015.2,100,24140.0,8.8,20.9,sydney,2026-03-01T02:08:31.751349
2026-03-01T04:00,24.8,68,18.5,26.8,3,0.1,0.0,0.1,0.0,0.0,3,1014.9,1014.9,100,21880.0,7.5,20.9,sydney,2026-03-01T02:08:31.751349
2026-03-01T05:00,24.5,68,18.2,26.2,3,0.1,0.0,0.0,0.0,0.0,3,1014.3,1014.3,100,24140.0,9.4,22.0,sydney,2026-03-01T02:08:31.751349
2026-03-01T06:00,24.4,70,18.6,26.3,0,0.0,0.0,0.0,0.0,0.0,3,1014.1,1014.1,91,24140.0,9.1,22.0,sydney,2026-03-01T02:08:31.751349
2026-03-01T07:00,24.4,71,18.8,26.3,0,0.0,0.0,0.0,0.0,0.0,3,1013.6,1013.6,100,24140.0,9.1,20.9,sydney,2026-03-01T02:08:31.751349
2026-03-01T08:00,23.7,74,18.8,25.7,0,0.0,0.0,0.0,0.0,0.0,3,1013.6,1013.6,100,24140.0,8.6,20.2,sydney,2026-03-01T02:08:31.751349
2026-03-01T09:00,22.6,81,19.1,25.0,0,0.0,0.0,0.0,0.0,0.0,3,1013.9,1013.9,100,24140.0,7.2,18.4,sydney,2026-03-01T02:08:31.751349
2026-03-01T10:00,21.8,86,19.3,24.7,0,0.0,0.0,0.0,0.0,0.0,3,1014.7,1014.7,100,24140.0,4.4,14.4,sydney,2026-03-01T02:08:31.751349
2026-03-01T11:00,21.4,89,19.5,24.7,0,0.0,0.0,0.0,0.0,0.0,3,1015.0,1015.0,93,24140.0,2.5,8.3,sydney,2026-03-01T02:08:31.751349
2026-03-01T12:00,21.1,90,19.4,24.5,0,0.0,0.0,0.0,0.0,0.0,3,1015.1,1015.1,99,24140.0,1.1,4.3,sydney,2026-03-01T02:08:31.751349
2026-03-01T13:00,21.0,91,19.5,24.4,0,0.0,0.0,0.0,0.0,0.0,3,1014.4,1014.4,99,24140.0,1.6,2.2,sydney,2026-03-01T02:08:31.751349
2026-03-01T14:00,20.7,92,19.4,23.9,0,0.0,0.0,0.0,0.0,0.0,3,1014.0,1014.0,96,24140.0,2.6,5.0,sydney,2026-03-01T02:08:31.751349
2026-03-01T15:00,20.4,94,19.4,23.9,0,0.0,0.0,0.0,0.0,0.0,3,1013.2,1013.2,100,24140.0,0.8,4.7,sydney,2026-03-01T02:08:31.751349
2026-03-01T16:00,20.4,93,19.2,23.5,0,0.0,0.0,0.0,0.0,0.0,2,1013.0,1013.0,56,24140.0,2.6,2.9,sydney,2026-03-01T02:08:31.751349
2026-03-01T17:00,20.0,95,19.2,23.1,0,0.0,0.0,0.0,0.0,0.0,2,1012.8,1012.8,76,24140.0,2.9,5.4,sydney,2026-03-01T02:08:31.751349
2026-03-01T18:00,19.7,96,19.1,23.0,3,0.0,0.0,0.0,0.0,0.0,3,1012.5,1012.5,87,24140.0,1.1,5.4,sydney,2026-03-01T02:08:31.751349
2026-03-01T19:00,19.7,96,19.1,22.8,3,0.0,0.0,0.0,0.0,0.0,3,1012.4,1012.4,100,24140.0,2.4,2.9,sydney,2026-03-01T02:08:31.751349
2026-03-01T20:00,19.7,95,18.9,22.7,0,0.0,0.0,0.0,0.0,0.0,3,1012.6,1012.6,100,24140.0,2.6,4.7,sydney,2026-03-01T02:08:31.751349
2026-03-01T21:00,20.1,95,19.2,23.2,0,0.0,0.0,0.0,0.0,0.0,45,1013.1,1013.1,97,24140.0,2.5,5.4,sydney,2026-03-01T02:08:31.751349
2026-03-01T22:00,21.9,85,19.2,25.0,0,0.0,0.0,0.0,0.0,0.0,3,1013.4,1013.4,100,24140.0,2.6,7.9,sydney,2026-03-01T02:08:31.751349
2026-03-01T23:00,23.0,76,18.6,24.9,0,0.0,0.0,0.0,0.0,0.0,3,1013.0,1013.0,100,24140.0,8.5,19.4,sydney,2026-03-01T02:08:31.751349
2026-03-01T00:00,5.0,88,3.2,2.6,0,0.0,0.0,0.0,0.0,0.0,0,1025.5,981.3,9,25280.0,5.7,11.9,graz,2026-03-01T02:08:34.207554
2026-03-01T01:00,5.2,87,3.2,3.0,0,0.0,0.0,0.0,0.0,0.0,1,1025.3,981.2,23,27020.0,4.9,10.4,graz,2026-03-01T02:08:34.207554
2026-03-01T02:00,5.2,87,3.2,3.0,0,0.0,0.0,0.0,0.0,0.0,1,1025.3,981.2,16,22240.0,4.8,8.6,graz,2026-03-01T02:08:34.207554
2026-03-01T03:00,5.0,88,3.2,2.7,0,0.0,0.0,0.0,0.0,0.0,0,1025.1,980.9,1,19620.0,4.5,7.6,graz,2026-03-01T02:08:34.207554
2026-03-01T04:00,4.4,88,2.6,2.1,0,0.0,0.0,0.0,0.0,0.0,1,1025.7,981.4,13,18660.0,4.7,9.0,graz,2026-03-01T02:08:34.207554
2026-03-01T05:00,4.5,86,2.4,2.0,0,0.0,0.0,0.0,0.0,0.0,1,1026.1,981.8,18,21840.0,5.3,9.4,graz,2026-03-01T02:08:34.207554
2026-03-01T06:00,3.6,90,2.1,1.0,0,0.0,0.0,0.0,0.0,0.0,1,1026.7,982.3,31,22540.0,6.0,10.8,graz,2026-03-01T02:08:34.207554
2026-03-01T07:00,5.3,87,3.3,3.1,0,0.0,0.0,0.0,0.0,0.0,2,1026.7,982.5,55,26040.0,4.5,10.8,graz,2026-03-01T02:08:34.207554
2026-03-01T08:00,8.4,76,4.4,6.8,0,0.0,0.0,0.0,0.0,0.0,2,1026.4,982.7,84,33860.0,1.8,7.9,graz,2026-03-01T02:08:34.207554
2026-03-01T09:00,11.0,67,5.1,9.6,0,0.0,0.0,0.0,0.0,0.0,3,1026.1,982.8,99,37600.0,1.6,4.7,graz,2026-03-01T02:08:34.207554
2026-03-01T10:00,12.5,58,4.4,10.4,0,0.0,0.0,0.0,0.0,0.0,1,1025.8,982.7,32,39800.0,5.0,12.6,graz,2026-03-01T02:08:34.207554
2026-03-01T11:00,13.7,54,4.6,11.4,0,0.0,0.0,0.0,0.0,0.0,1,1025.2,982.4,3,40400.0,7.2,17.3,graz,2026-03-01T02:08:34.207554
2026-03-01T12:00,14.4,54,5.2,12.2,0,0.0,0.0,0.0,0.0,0.0,3,1024.4,981.7,100,40420.0,6.6,16.9,graz,2026-03-01T02:08:34.207554
2026-03-01T13:00,14.9,54,5.7,12.9,0,0.0,0.0,0.0,0.0,0.0,3,1023.8,981.2,100,40480.0,6.4,15.8,graz,2026-03-01T02:08:34.207554
2026-03-01T14:00,14.8,55,5.8,12.9,0,0.0,0.0,0.0,0.0,0.0,3,1023.5,980.9,100,40540.0,5.8,15.5,graz,2026-03-01T02:08:34.207554
2026-03-01T15:00,14.7,56,6.0,12.9,0,0.0,0.0,0.0,0.0,0.0,3,1023.2,980.6,100,40520.0,5.8,13.0,graz,2026-03-01T02:08:34.207554
2026-03-01T16:00,14.2,56,5.6,12.3,0,0.0,0.0,0.0,0.0,0.0,3,1023.3,980.6,100,40600.0,5.9,13.0,graz,2026-03-01T02:08:34.207554
2026-03-01T17:00,12.2,69,6.7,10.8,0,0.0,0.0,0.0,0.0,0.0,3,1023.8,980.8,100,38560.0,3.8,11.5,graz,2026-03-01T02:08:34.207554
2026-03-01T18:00,10.5,77,6.6,9.0,0,0.0,0.0,0.0,0.0,0.0,3,1024.5,981.2,100,35380.0,4.3,7.6,graz,2026-03-01T02:08:34.207554
2026-03-01T19:00,8.7,83,6.0,6.9,0,0.0,0.0,0.0,0.0,0.0,3,1024.9,981.3,100,29460.0,5.7,10.8,graz,2026-03-01T02:08:34.207554
2026-03-01T20:00,7.6,88,5.8,5.6,3,0.0,0.0,0.0,0.0,0.0,3,1025.1,981.3,91,23940.0,6.6,12.6,graz,2026-03-01T02:08:34.207554
2026-03-01T21:00,7.0,91,5.6,5.0,5,0.0,0.0,0.0,0.0,0.0,3,1025.4,981.5,98,20480.0,5.9,13.3,graz,2026-03-01T02:08:34.207554
2026-03-01T22:00,7.2,89,5.5,5.3,5,0.0,0.0,0.0,0.0,0.0,3,1025.4,981.6,100,22900.0,5.7,12.6,graz,2026-03-01T02:08:34.207554
2026-03-01T23:00,7.5,86,5.3,5.6,10,0.0,0.0,0.0,0.0,0.0,3,1025.1,981.3,100,26860.0,5.2,12.2,graz,2026-03-01T02:08:34.207554
2026-03-01T00:00,6.4,78,2.8,4.4,0,0.0,0.0,0.0,0.0,0.0,0,1024.6,1000.9,9,33120.0,2.2,2.2,vienna,2026-03-01T02:08:36.667019
2026-03-01T01:00,6.0,80,2.8,4.3,0,0.0,0.0,0.0,0.0,0.0,1,1024.7,1001.0,9,33160.0,0.8,4.3,vienna,2026-03-01T02:08:36.667019
2026-03-01T02:00,5.0,85,2.7,3.0,0,0.0,0.0,0.0,0.0,0.0,1,1024.9,1001.1,19,23040.0,1.8,3.6,vienna,2026-03-01T02:08:36.667019
2026-03-01T03:00,4.4,84,2.0,2.5,0,0.0,0.0,0.0,0.0,0.0,2,1025.0,1001.1,44,23400.0,0.8,3.6,vienna,2026-03-01T02:08:36.667019
2026-03-01T04:00,4.3,82,1.5,2.3,0,0.0,0.0,0.0,0.0,0.0,2,1025.7,1001.8,51,24480.0,0.8,2.5,vienna,2026-03-01T02:08:36.667019
2026-03-01T05:00,4.4,81,1.4,2.3,0,0.0,0.0,0.0,0.0,0.0,2,1026.1,1002.2,78,24380.0,1.5,2.9,vienna,2026-03-01T02:08:36.667019
2026-03-01T06:00,4.8,79,1.5,2.7,0,0.0,0.0,0.0,0.0,0.0,2,1026.4,1002.5,65,24560.0,1.6,3.2,vienna,2026-03-01T02:08:36.667019
2026-03-01T07:00,5.2,79,1.9,3.3,0,0.0,0.0,0.0,0.0,0.0,1,1026.5,1002.6,4,26600.0,0.7,3.2,vienna,2026-03-01T02:08:36.667019
2026-03-01T08:00,6.6,72,1.9,4.5,0,0.0,0.0,0.0,0.0,0.0,3,1026.7,1003.0,84,29900.0,1.8,5.4,vienna,2026-03-01T02:08:36.667019
2026-03-01T09:00,8.1,67,2.4,6.1,0,0.0,0.0,0.0,0.0,0.0,3,1026.7,1003.1,89,37000.0,1.8,6.5,vienna,2026-03-01T02:08:36.667019
2026-03-01T10:00,10.1,61,2.9,8.0,0,0.0,0.0,0.0,0.0,0.0,3,1026.3,1002.9,100,38840.0,3.0,9.4,vienna,2026-03-01T02:08:36.667019
2026-03-01T11:00,11.8,56,3.3,9.7,0,0.0,0.0,0.0,0.0,0.0,0,1025.8,1002.5,0,39960.0,3.8,9.7,vienna,2026-03-01T02:08:36.667019
2026-03-01T12:00,13.1,51,3.2,10.8,0,0.0,0.0,0.0,0.0,0.0,2,1025.1,1001.9,72,40720.0,4.8,6.5,vienna,2026-03-01T02:08:36.667019
2026-03-01T13:00,13.8,49,3.3,11.3,0,0.0,0.0,0.0,0.0,0.0,3,1024.6,1001.5,100,41040.0,6.6,10.1,vienna,2026-03-01T02:08:36.667019
2026-03-01T14:00,14.0,49,3.4,11.4,0,0.0,0.0,0.0,0.0,0.0,3,1024.3,1001.2,100,41180.0,7.1,12.2,vienna,2026-03-01T02:08:36.667019
2026-03-01T15:00,13.9,49,3.3,11.3,0,0.0,0.0,0.0,0.0,0.0,3,1024.2,1001.1,89,41180.0,6.8,12.2,vienna,2026-03-01T02:08:36.667019
2026-03-01T16:00,13.5,51,3.5,11.2,0,0.0,0.0,0.0,0.0,0.0,3,1024.4,1001.3,100,41060.0,5.0,13.0,vienna,2026-03-01T02:08:36.667019
2026-03-01T17:00,13.0,50,2.8,10.7,0,0.0,0.0,0.0,0.0,0.0,3,1024.8,1001.6,100,41240.0,4.7,11.5,vienna,2026-03-01T02:08:36.667019
2026-03-01T18:00,12.4,53,3.1,10.3,0,0.0,0.0,0.0,0.0,0.0,3,1025.2,1002.0,100,40940.0,3.2,9.7,vienna,2026-03-01T02:08:36.667019
2026-03-01T19:00,11.9,56,3.4,10.2,0,0.0,0.0,0.0,0.0,0.0,3,1025.3,1002.0,100,40680.0,1.3,7.6,vienna,2026-03-01T02:08:36.667019
2026-03-01T20:00,11.7,59,3.9,10.1,0,0.0,0.0,0.0,0.0,0.0,3,1025.4,1002.1,100,40540.0,1.3,3.6,vienna,2026-03-01T02:08:36.667019
2026-03-01T21:00,11.2,62,4.2,9.6,0,0.0,0.0,0.0,0.0,0.0,3,1025.4,1002.1,100,39700.0,1.5,3.6,vienna,2026-03-01T02:08:36.667019
2026-03-01T22:00,10.5,68,4.9,9.2,0,0.0,0.0,0.0,0.0,0.0,3,1025.6,1002.2,95,38660.0,0.4,2.9,vienna,2026-03-01T02:08:36.667019
2026-03-01T23:00,10.1,68,4.4,8.4,0,0.0,0.0,0.0,0.0,0.0,3,1025.5,1002.1,100,37780.0,2.4,5.4,vienna,2026-03-01T02:08:36.667019
2026-03-01T00:00,5.8,88,4.0,2.5,0,0.0,0.0,0.0,0.0,0.0,0,1023.4,1021.8,0,50000.0,13.0,24.5,antwerp,2026-03-01T02:09:54.455714
2026-03-01T01:00,5.7,88,3.9,2.2,0,0.0,0.0,0.0,0.0,0.0,0,1023.5,1021.9,0,9680.0,14.0,25.9,antwerp,2026-03-01T02:09:54.455714
2026-03-01T02:00,5.6,87,3.7,2.4,0,0.0,0.0,0.0,0.0,0.0,0,1023.4,1021.8,0,10700.0,11.9,25.6,antwerp,2026-03-01T02:09:54.455714
2026-03-01T03:00,5.5,86,3.3,2.4,0,0.0,0.0,0.0,0.0,0.0,0,1023.1,1021.5,0,10840.0,10.4,21.6,antwerp,2026-03-01T02:09:54.455714
2026-03-01T04:00,5.1,88,3.3,2.0,0,0.0,0.0,0.0,0.0,0.0,0,1022.8,1021.2,0,9880.0,10.8,19.8,antwerp,2026-03-01T02:09:54.455714
2026-03-01T05:00,4.7,89,3.1,1.7,0,0.0,0.0,0.0,0.0,0.0,0,1022.4,1020.8,0,9380.0,10.1,19.1,antwerp,2026-03-01T02:09:54.455714
2026-03-01T06:00,5.0,87,3.1,2.0,0,0.0,0.0,0.0,0.0,0.0,1,1022.3,1020.7,34,50000.0,9.7,17.6,antwerp,2026-03-01T02:09:54.455714
2026-03-01T07:00,5.2,84,2.7,2.0,1,0.0,0.0,0.0,0.0,0.0,0,1022.3,1020.7,9,12180.0,10.8,19.8,antwerp,2026-03-01T02:09:54.455714
2026-03-01T08:00,6.9,81,3.9,3.3,2,0.0,0.0,0.0,0.0,0.0,0,1022.3,1020.7,0,13800.0,14.8,28.4,antwerp,2026-03-01T02:09:54.455714
2026-03-01T09:00,8.2,81,5.2,4.7,2,0.0,0.0,0.0,0.0,0.0,0,1022.0,1020.4,0,50000.0,16.2,31.3,antwerp,2026-03-01T02:09:54.455714
2026-03-01T10:00,9.7,77,5.9,6.0,0,0.0,0.0,0.0,0.0,0.0,0,1021.8,1020.2,3,50000.0,18.7,36.7,antwerp,2026-03-01T02:09:54.455714
2026-03-01T11:00,10.4,74,6.0,6.5,0,0.0,0.0,0.0,0.0,0.0,3,1021.6,1020.0,100,17640.0,20.2,39.6,antwerp,2026-03-01T02:09:54.455714
2026-03-01T12:00,10.4,74,6.0,6.4,0,0.0,0.0,0.0,0.0,0.0,3,1021.3,1019.7,100,50000.0,20.9,40.0,antwerp,2026-03-01T02:09:54.455714
2026-03-01T13:00,11.7,70,6.4,7.7,8,0.0,0.0,0.0,0.0,0.0,2,1021.0,1019.4,70,19580.0,21.2,43.9,antwerp,2026-03-01T02:09:54.455714
2026-03-01T14:00,11.9,65,5.5,7.4,20,0.0,0.0,0.0,0.0,0.0,3,1020.5,1018.9,100,22120.0,23.0,44.6,antwerp,2026-03-01T02:09:54.455714
2026-03-01T15:00,11.4,69,6.0,7.2,31,0.0,0.0,0.0,0.0,0.0,3,1020.2,1018.6,100,50000.0,22.3,45.4,antwerp,2026-03-01T02:09:54.455714
2026-03-01T16:00,11.3,73,6.6,7.2,44,0.0,0.0,0.0,0.0,0.0,3,1020.2,1018.6,100,50000.0,22.3,42.8,antwerp,2026-03-01T02:09:54.455714
2026-03-01T17:00,11.0,76,6.9,7.1,58,0.1,0.1,0.0,0.0,0.0,51,1020.1,1018.5,100,16360.0,21.6,42.5,antwerp,2026-03-01T02:09:54.455714
2026-03-01T18:00,10.6,78,6.9,6.7,61,0.0,0.0,0.0,0.0,0.0,3,1020.2,1018.6,100,15320.0,21.2,40.7,antwerp,2026-03-01T02:09:54.455714
2026-03-01T19:00,10.4,79,6.9,7.0,46,0.0,0.0,0.0,0.0,0.0,3,1020.3,1018.7,100,15120.0,17.6,40.7,antwerp,2026-03-01T02:09:54.455714
2026-03-01T20:00,10.1,80,6.8,7.0,21,0.1,0.1,0.0,0.0,0.0,51,1020.3,1018.7,100,50000.0,15.8,33.5,antwerp,2026-03-01T02:09:54.455714
2026-03-01T21:00,10.0,80,6.8,7.0,2,0.0,0.0,0.0,0.0,0.0,3,1020.4,1018.8,100,50000.0,15.5,29.9,antwerp,2026-03-01T02:09:54.455714
2026-03-01T22:00,9.9,81,6.8,6.9,0,0.0,0.0,0.0,0.0,0.0,3,1020.4,1018.8,100,50000.0,14.8,29.5,antwerp,2026-03-01T02:09:54.455714
2026-03-01T23:00,10.1,76,6.1,7.0,0,0.0,0.0,0.0,0.0,0.0,3,1020.4,1018.8,100,16820.0,14.4,28.1,antwerp,2026-03-01T02:09:54.455714
2026-03-01T00:00,6.3,84,3.8,3.0,0,0.0,0.0,0.0,0.0,0.0,0,1024.0,1020.5,0,50000.0,12.6,25.2,brussels,2026-03-01T02:10:32.092504
2026-03-01T01:00,6.2,82,3.3,2.9,0,0.0,0.0,0.0,0.0,0.0,0,1024.1,1020.6,0,13100.0,11.9,23.0,brussels,2026-03-01T02:10:32.092504
2026-03-01T02:00,5.9,83,3.3,2.9,0,0.0,0.0,0.0,0.0,0.0,0,1023.8,1020.3,0,12900.0,10.1,20.9,brussels,2026-03-01T02:10:32.092504
2026-03-01T03:00,5.8,86,3.7,2.7,0,0.0,0.0,0.0,0.0,0.0,0,1023.5,1020.0,0,11320.0,11.2,20.2,brussels,2026-03-01T02:10:32.092504
2026-03-01T04:00,5.6,85,3.3,2.6,0,0.0,0.0,0.0,0.0,0.0,0,1023.2,1019.7,0,11680.0,10.1,20.2,brussels,2026-03-01T02:10:32.092504
2026-03-01T05:00,5.9,82,3.1,2.6,0,0.0,0.0,0.0,0.0,0.0,0,1022.7,1019.2,0,13340.0,11.5,20.9,brussels,2026-03-01T02:10:32.092504
2026-03-01T06:00,6.7,76,2.8,3.0,0,0.0,0.0,0.0,0.0,0.0,1,1022.6,1019.1,26,50000.0,14.0,25.9,brussels,2026-03-01T02:10:32.092504
2026-03-01T07:00,6.5,80,3.3,2.9,0,0.0,0.0,0.0,0.0,0.0,0,1022.8,1019.3,0,14260.0,14.0,27.0,brussels,2026-03-01T02:10:32.092504
2026-03-01T08:00,7.1,82,4.2,3.3,0,0.0,0.0,0.0,0.0,0.0,0,1022.8,1019.3,0,13180.0,16.2,31.3,brussels,2026-03-01T02:10:32.092504
2026-03-01T09:00,8.5,80,5.2,4.9,0,0.0,0.0,0.0,0.0,0.0,0,1022.6,1019.1,0,50000.0,16.6,32.8,brussels,2026-03-01T02:10:32.092504
2026-03-01T10:00,10.2,74,5.8,6.4,0,0.0,0.0,0.0,0.0,0.0,3,1022.3,1018.8,86,50000.0,19.1,38.2,brussels,2026-03-01T02:10:32.092504
2026-03-01T11:00,10.7,72,5.8,6.7,0,0.0,0.0,0.0,0.0,0.0,3,1022.3,1018.9,100,18420.0,20.5,40.3,brussels,2026-03-01T02:10:32.092504
2026-03-01T12:00,11.5,68,5.8,7.2,0,0.0,0.0,0.0,0.0,0.0,3,1021.9,1018.5,100,50000.0,22.3,43.9,brussels,2026-03-01T02:10:32.092504
2026-03-01T13:00,12.4,63,5.6,7.9,6,0.0,0.0,0.0,0.0,0.0,1,1021.2,1017.8,42,23400.0,23.8,47.2,brussels,2026-03-01T02:10:32.092504
2026-03-01T14:00,12.6,61,5.3,8.0,14,0.0,0.0,0.0,0.0,0.0,3,1021.0,1017.6,99,24380.0,23.4,47.5,brussels,2026-03-01T02:10:32.092504
2026-03-01T15:00,12.3,63,5.5,7.9,20,0.0,0.0,0.0,0.0,0.0,3,1020.6,1017.2,100,50000.0,22.7,47.2,brussels,2026-03-01T02:10:32.092504
2026-03-01T16:00,12.1,65,5.7,7.9,24,0.0,0.0,0.0,0.0,0.0,3,1020.5,1017.1,100,50000.0,21.2,44.6,brussels,2026-03-01T02:10:32.092504
2026-03-01T17:00,11.6,70,6.3,7.6,28,0.0,0.0,0.0,0.0,0.0,3,1020.5,1017.1,100,19960.0,21.2,41.8,brussels,2026-03-01T02:10:32.092504
2026-03-01T18:00,11.1,72,6.3,7.6,27,0.0,0.0,0.0,0.0,0.0,3,1020.7,1017.3,100,18840.0,18.0,40.7,brussels,2026-03-01T02:10:32.092504
2026-03-01T19:00,10.8,72,6.0,7.3,20,0.0,0.0,0.0,0.0,0.0,3,1020.7,1017.3,100,18640.0,17.3,34.9,brussels,2026-03-01T02:10:32.092504
2026-03-01T20:00,10.7,71,5.6,7.1,10,0.0,0.0,0.0,0.0,0.0,3,1020.7,1017.3,100,50000.0,17.3,33.5,brussels,2026-03-01T02:10:32.092504
2026-03-01T21:00,10.6,70,5.4,7.2,2,0.0,0.0,0.0,0.0,0.0,3,1020.8,1017.4,100,50000.0,15.8,33.5,brussels,2026-03-01T02:10:32.092504
2026-03-01T22:00,10.4,71,5.4,7.3,0,0.0,0.0,0.0,0.0,0.0,3,1020.8,1017.3,100,50000.0,14.0,30.6,brussels,2026-03-01T02:10:32.092504
2026-03-01T23:00,9.6,74,5.2,6.6,0,0.0,0.0,0.0,0.0,0.0,3,1020.7,1017.2,94,17460.0,12.6,27.0,brussels,2026-03-01T02:10:32.092504
2026-03-01T00:00,11.3,40,-1.8,7.6,8,0.0,0.0,0.0,0.0,0.0,3,1011.2,664.0,87,24140.0,9.0,21.6,la_paz,2026-03-01T02:10:34.545833
2026-03-01T01:00,9.8,55,1.2,6.6,10,0.0,0.0,0.0,0.0,0.0,2,1013.0,663.8,79,24140.0,8.8,19.4,la_paz,2026-03-01T02:10:34.545833
2026-03-01T02:00,8.7,66,2.7,5.9,10,0.0,0.0,0.0,0.0,0.0,2,1015.4,664.3,65,24140.0,8.2,20.2,la_paz,2026-03-01T02:10:34.545833
2026-03-01T03:00,7.2,73,2.7,4.7,5,0.0,0.0,0.0,0.0,0.0,2,1016.9,663.8,55,24140.0,5.9,17.6,la_paz,2026-03-01T02:10:34.545833
2026-03-01T04:00,6.1,76,2.2,3.5,0,0.0,0.0,0.0,0.0,0.0,2,1017.1,662.9,45,24140.0,5.9,13.3,la_paz,2026-03-01T02:10:34.545833
2026-03-01T05:00,5.3,78,1.8,2.6,0,0.0,0.0,0.0,0.0,0.0,1,1016.8,661.9,34,24140.0,6.1,13.3,la_paz,2026-03-01T02:10:34.545833
2026-03-01T06:00,4.6,80,1.5,2.0,3,0.0,0.0,0.0,0.0,0.0,1,1016.5,661.1,40,24140.0,5.2,13.3,la_paz,2026-03-01T02:10:34.545833
2026-03-01T07:00,3.7,84,1.3,1.1,0,0.0,0.0,0.0,0.0,0.0,2,1017.1,660.6,62,24140.0,5.0,11.2,la_paz,2026-03-01T02:10:34.545833
2026-03-01T08:00,3.1,87,1.1,0.3,0,0.0,0.0,0.0,0.0,0.0,3,1017.7,660.3,100,24140.0,5.9,12.2,la_paz,2026-03-01T02:10:34.545833
2026-03-01T09:00,2.7,88,0.9,-0.1,0,0.0,0.0,0.0,0.0,0.0,3,1017.9,660.0,100,24140.0,5.6,12.2,la_paz,2026-03-01T02:10:34.545833
2026-03-01T10:00,2.4,87,0.4,-0.6,3,0.0,0.0,0.0,0.0,0.0,3,1018.8,660.3,94,24140.0,6.4,12.6,la_paz,2026-03-01T02:10:34.545833
2026-03-01T11:00,2.5,84,0.1,-0.5,3,0.0,0.0,0.0,0.0,0.0,2,1019.7,661.0,71,24140.0,6.4,13.0,la_paz,2026-03-01T02:10:34.545833
2026-03-01T12:00,6.0,74,1.7,3.7,3,0.0,0.0,0.0,0.0,0.0,3,1020.6,665.0,100,24140.0,2.9,12.6,la_paz,2026-03-01T02:10:34.545833
2026-03-01T13:00,8.8,63,2.2,5.8,0,0.0,0.0,0.0,0.0,0.0,3,1020.9,668.0,100,24140.0,8.4,19.8,la_paz,2026-03-01T02:10:34.545833
2026-03-01T14:00,11.0,60,3.5,8.8,0,0.0,0.0,0.0,0.0,0.0,3,1019.7,669.3,100,21840.0,10.5,24.5,la_paz,2026-03-01T02:10:34.545833
2026-03-01T15:00,13.4,48,2.6,12.4,0,0.0,0.0,0.0,0.0,0.0,3,1017.8,670.3,100,6820.0,10.0,25.9,la_paz,2026-03-01T02:10:34.545833
2026-03-01T16:00,15.2,38,1.0,14.1,5,0.0,0.0,0.0,0.0,0.0,3,1015.2,670.3,100,3680.0,11.0,25.9,la_paz,2026-03-01T02:10:34.545833
2026-03-01T17:00,15.4,38,1.2,14.0,8,0.2,0.0,0.2,0.0,0.0,3,1013.9,669.6,98,3020.0,11.5,27.7,la_paz,2026-03-01T02:10:34.545833
2026-03-01T18:00,17.1,32,0.3,16.0,10,0.0,0.0,0.0,0.0,0.0,2,1011.0,669.3,81,8700.0,13.0,29.9,la_paz,2026-03-01T02:10:34.545833
2026-03-01T19:00,17.5,26,-2.2,14.6,25,0.0,0.0,0.0,0.0,0.0,3,1008.8,668.2,88,11820.0,16.8,37.4,la_paz,2026-03-01T02:10:34.545833
2026-03-01T20:00,15.4,33,-0.8,10.0,38,0.0,0.0,0.0,0.0,0.0,3,1009.6,666.8,94,15060.0,21.9,47.9,la_paz,2026-03-01T02:10:34.545833
2026-03-01T21:00,14.7,38,0.5,10.0,70,0.0,0.0,0.0,0.0,0.0,1,1010.1,666.4,40,15000.0,18.2,47.5,la_paz,2026-03-01T02:10:34.545833
2026-03-01T22:00,13.7,43,1.3,9.4,65,0.0,0.0,0.0,0.0,0.0,2,1010.3,665.7,47,14660.0,16.1,39.2,la_paz,2026-03-01T02:10:34.545833
2026-03-01T23:00,11.7,51,1.9,8.0,53,0.0,0.0,0.0,0.0,0.0,2,1011.4,664.5,77,20540.0,13.4,34.6,la_paz,2026-03-01T02:10:34.545833
2026-03-01T00:00,11.3,78,7.6,10.3,13,0.0,0.0,0.0,0.0,0.0,3,1014.4,732.3,89,17560.0,2.4,20.5,sucre,2026-03-01T02:10:37.008599
2026-03-01T01:00,10.2,81,7.1,8.9,25,0.2,0.0,0.2,0.0,0.0,80,1016.5,732.9,93,18840.0,4.1,14.0,sucre,2026-03-01T02:10:37.008599
2026-03-01T02:00,9.8,83,7.1,8.6,18,0.1,0.0,0.1,0.0,0.0,3,1018.1,733.8,93,24140.0,3.4,14.0,sucre,2026-03-01T02:10:37.008599
2026-03-01T03:00,9.7,84,7.1,8.3,8,0.0,0.0,0.0,0.0,0.0,2,1018.6,734.0,81,19000.0,4.5,17.6,sucre,2026-03-01T02:10:37.008599
2026-03-01T04:00,9.3,88,7.4,8.0,10,0.0,0.0,0.0,0.0,0.0,3,1018.4,733.6,83,7560.0,4.6,15.8,sucre,2026-03-01T02:10:37.008599
2026-03-01T05:00,9.0,90,7.4,7.6,23,0.1,0.0,0.1,0.0,0.0,3,1018.2,733.2,95,24140.0,5.0,14.4,sucre,2026-03-01T02:10:37.008599
2026-03-01T06:00,8.6,91,7.3,7.3,8,0.1,0.0,0.1,0.0,0.0,3,1017.9,732.7,94,24140.0,4.5,14.0,sucre,2026-03-01T02:10:37.008599
2026-03-01T07:00,8.4,93,7.3,7.1,3,0.1,0.0,0.1,0.0,0.0,3,1017.8,732.4,94,24140.0,3.9,11.9,sucre,2026-03-01T02:10:37.008599
2026-03-01T08:00,8.2,95,7.5,7.2,0,0.1,0.0,0.1,0.0,0.0,45,1018.0,732.4,90,24140.0,2.6,10.4,sucre,2026-03-01T02:10:37.008599
2026-03-01T09:00,8.1,97,7.6,7.4,0,0.0,0.0,0.0,0.0,0.0,45,1017.9,732.2,76,24140.0,0.8,8.3,sucre,2026-03-01T02:10:37.008599
2026-03-01T10:00,7.7,99,7.6,6.9,0,0.0,0.0,0.0,0.0,0.0,45,1018.4,732.3,70,24140.0,1.5,4.0,sucre,2026-03-01T02:10:37.008599
2026-03-01T11:00,7.6,99,7.5,6.7,0,0.0,0.0,0.0,0.0,0.0,45,1019.1,732.7,82,24140.0,2.2,4.3,sucre,2026-03-01T02:10:37.008599
2026-03-01T12:00,9.3,88,7.5,8.6,0,0.0,0.0,0.0,0.0,0.0,2,1020.0,734.7,77,24140.0,0.7,5.4,sucre,2026-03-01T02:10:37.008599
2026-03-01T13:00,11.0,75,6.7,9.8,0,0.0,0.0,0.0,0.0,0.0,2,1019.1,735.5,74,24140.0,2.6,9.0,sucre,2026-03-01T02:10:37.008599
2026-03-01T14:00,12.4,68,6.7,10.8,0,0.0,0.0,0.0,0.0,0.0,2,1018.3,736.1,53,24140.0,6.1,15.5,sucre,2026-03-01T02:10:37.008599
2026-03-01T15:00,13.8,64,7.1,12.8,0,0.0,0.0,0.0,0.0,0.0,2,1017.3,736.4,72,24140.0,9.5,20.2,sucre,2026-03-01T02:10:37.008599
2026-03-01T16:00,15.1,60,7.4,14.7,3,0.0,0.0,0.0,0.0,0.0,3,1015.9,736.5,87,24140.0,12.6,25.9,sucre,2026-03-01T02:10:37.008599
2026-03-01T17:00,15.9,56,7.2,15.2,15,0.0,0.0,0.0,0.0,0.0,2,1014.1,735.8,78,24140.0,16.4,33.5,sucre,2026-03-01T02:10:37.008599
2026-03-01T18:00,16.1,56,7.3,15.0,50,0.2,0.0,0.2,0.0,0.0,1,1012.5,734.8,35,24140.0,17.6,36.0,sucre,2026-03-01T02:10:37.008599
2026-03-01T19:00,16.0,55,7.0,14.0,90,0.1,0.0,0.1,0.0,0.0,1,1011.3,733.9,44,24140.0,18.6,40.3,sucre,2026-03-01T02:10:37.008599
2026-03-01T20:00,16.0,51,5.9,12.7,95,0.0,0.0,0.0,0.0,0.0,2,1010.4,733.2,68,8260.0,20.0,40.7,sucre,2026-03-01T02:10:37.008599
2026-03-01T21:00,13.9,65,7.5,10.4,93,0.3,0.0,0.3,0.0,0.0,80,1012.0,732.7,100,11220.0,20.1,43.9,sucre,2026-03-01T02:10:37.008599
2026-03-01T22:00,11.9,75,7.7,10.3,83,1.4,0.0,1.4,0.0,0.0,95,1013.8,732.4,100,24140.0,7.1,40.3,sucre,2026-03-01T02:10:37.008599
2026-03-01T23:00,10.8,81,7.7,9.8,60,1.4,0.0,1.4,0.0,0.0,95,1015.1,732.4,100,24140.0,3.4,22.3,sucre,2026-03-01T02:10:37.008599
2026-03-01T00:00,16.5,97,16.0,17.1,0,0.0,0.0,0.0,0.0,0.0,2,1015.0,912.4,65,24140.0,10.5,26.6,curitiba,2026-03-01T02:11:54.825707
2026-03-01T01:00,16.2,97,15.7,16.8,0,0.0,0.0,0.0,0.0,0.0,2,1015.6,912.8,74,24140.0,9.0,24.1,curitiba,2026-03-01T02:11:54.825707
2026-03-01T02:00,16.1,96,15.4,16.7,0,0.0,0.0,0.0,0.0,0.0,2,1015.6,912.8,80,24140.0,8.0,20.5,curitiba,2026-03-01T02:11:54.825707
2026-03-01T03:00,15.9,96,15.2,16.7,0,0.0,0.0,0.0,0.0,0.0,2,1015.6,912.7,74,24140.0,6.2,18.4,curitiba,2026-03-01T02:11:54.825707
2026-03-01T04:00,15.6,98,15.3,16.7,0,0.0,0.0,0.0,0.0,0.0,2,1015.3,912.3,75,24140.0,4.7,15.1,curitiba,2026-03-01T02:11:54.825707
2026-03-01T05:00,15.7,98,15.4,17.0,0,0.0,0.0,0.0,0.0,0.0,3,1015.2,912.3,82,24140.0,3.3,12.6,curitiba,2026-03-01T02:11:54.825707
2026-03-01T06:00,15.5,98,15.2,16.8,0,0.0,0.0,0.0,0.0,0.0,2,1015.0,912.0,67,24140.0,2.9,9.0,curitiba,2026-03-01T02:11:54.825707
2026-03-01T07:00,15.2,99,15.0,16.4,0,0.0,0.0,0.0,0.0,0.0,45,1014.9,911.8,77,24140.0,3.0,7.9,curitiba,2026-03-01T02:11:54.825707
2026-03-01T08:00,15.0,99,14.8,16.1,0,0.0,0.0,0.0,0.0,0.0,45,1015.1,912.0,70,24140.0,3.0,7.6,curitiba,2026-03-01T02:11:54.825707
2026-03-01T09:00,14.8,99,14.7,16.0,0,0.0,0.0,0.0,0.0,0.0,45,1015.6,912.4,71,24140.0,2.6,7.6,curitiba,2026-03-01T02:11:54.825707
2026-03-01T10:00,15.2,99,15.0,16.5,0,0.0,0.0,0.0,0.0,0.0,45,1016.0,912.8,66,24140.0,2.3,6.8,curitiba,2026-03-01T02:11:54.825707
2026-03-01T11:00,16.8,89,14.9,17.9,0,0.0,0.0,0.0,0.0,0.0,2,1016.5,913.8,58,24140.0,3.9,10.4,curitiba,2026-03-01T02:11:54.825707
2026-03-01T12:00,18.2,80,14.7,19.0,0,0.0,0.0,0.0,0.0,0.0,2,1016.3,914.1,71,24140.0,5.2,13.7,curitiba,2026-03-01T02:11:54.825707
2026-03-01T13:00,19.5,75,14.9,20.4,0,0.0,0.0,0.0,0.0,0.0,3,1016.1,914.3,86,24140.0,4.8,14.4,curitiba,2026-03-01T02:11:54.825707
2026-03-01T14:00,20.8,70,15.2,22.1,0,0.0,0.0,0.0,0.0,0.0,2,1015.5,914.2,76,24140.0,5.6,15.8,curitiba,2026-03-01T02:11:54.825707
2026-03-01T15:00,21.8,64,14.7,23.4,0,0.0,0.0,0.0,0.0,0.0,2,1014.8,913.9,68,24140.0,6.4,17.6,curitiba,2026-03-01T02:11:54.825707
2026-03-01T16:00,22.4,61,14.5,23.3,3,0.0,0.0,0.0,0.0,0.0,3,1014.1,913.5,81,24140.0,7.3,19.4,curitiba,2026-03-01T02:11:54.825707
2026-03-01T17:00,23.2,58,14.5,24.1,5,0.0,0.0,0.0,0.0,0.0,2,1013.4,913.1,80,24140.0,8.0,20.9,curitiba,2026-03-01T02:11:54.825707
2026-03-01T18:00,23.3,56,14.1,24.2,5,0.0,0.0,0.0,0.0,0.0,2,1012.4,912.2,81,22380.0,8.4,23.4,curitiba,2026-03-01T02:11:54.825707
2026-03-01T19:00,23.7,55,14.1,24.0,0,0.0,0.0,0.0,0.0,0.0,2,1012.0,912.0,48,24140.0,8.2,22.7,curitiba,2026-03-01T02:11:54.825707
2026-03-01T20:00,23.0,58,14.3,22.9,3,0.0,0.0,0.0,0.0,0.0,2,1011.9,911.7,65,24140.0,10.8,26.3,curitiba,2026-03-01T02:11:54.825707
2026-03-01T21:00,20.1,80,16.5,20.2,3,0.0,0.0,0.0,0.0,0.0,2,1012.8,911.6,54,24140.0,14.8,35.6,curitiba,2026-03-01T02:11:54.825707
2026-03-01T22:00,17.9,89,16.1,18.2,0,0.0,0.0,0.0,0.0,0.0,2,1013.6,911.6,63,24140.0,12.4,35.6,curitiba,2026-03-01T02:11:54.825707
2026-03-01T23:00,16.9,94,16.0,17.2,0,0.0,0.0,0.0,0.0,0.0,2,1014.3,911.9,68,24140.0,12.0,29.2,curitiba,2026-03-01T02:11:54.825707
2026-03-01T00:00,24.9,92,23.5,30.4,28,0.0,0.0,0.0,0.0,0.0,3,1011.8,1008.6,100,24140.0,2.3,6.1,natal,2026-03-01T02:11:57.270042
2026-03-01T01:00,24.8,93,23.5,30.3,25,0.0,0.0,0.0,0.0,0.0,3,1011.9,1008.7,100,8620.0,2.1,3.6,natal,2026-03-01T02:11:57.270042
2026-03-01T02:00,24.7,93,23.4,30.3,18,0.0,0.0,0.0,0.0,0.0,3,1011.5,1008.3,100,8520.0,0.8,3.2,natal,2026-03-01T02:11:57.270042
2026-03-01T03:00,24.4,94,23.3,29.9,28,0.0,0.0,0.0,0.0,0.0,3,1010.6,1007.4,100,7840.0,0.8,1.4,natal,2026-03-01T02:11:57.270042
2026-03-01T04:00,24.0,96,23.3,29.5,33,0.0,0.0,0.0,0.0,0.0,45,1010.0,1006.8,100,7920.0,1.6,2.5,natal,2026-03-01T02:11:57.270042
2026-03-01T05:00,23.7,97,23.2,29.1,20,0.0,0.0,0.0,0.0,0.0,45,1010.0,1006.8,100,8240.0,1.6,2.5,natal,2026-03-01T02:11:57.270042
2026-03-01T06:00,23.4,99,23.2,28.5,13,0.0,0.0,0.0,0.0,0.0,45,1009.8,1006.5,100,6000.0,3.3,5.8,natal,2026-03-01T02:11:57.270042
2026-03-01T07:00,23.3,99,23.1,28.3,15,0.0,0.0,0.0,0.0,0.0,45,1010.3,1007.0,100,20380.0,3.9,6.5,natal,2026-03-01T02:11:57.270042
2026-03-01T08:00,23.4,99,23.2,28.4,13,0.0,0.0,0.0,0.0,0.0,45,1010.6,1007.3,100,24140.0,3.5,6.5,natal,2026-03-01T02:11:57.270042
2026-03-01T09:00,23.7,98,23.4,28.9,10,0.0,0.0,0.0,0.0,0.0,45,1011.1,1007.8,100,24140.0,3.2,6.1,natal,2026-03-01T02:11:57.270042
2026-03-01T10:00,24.7,95,23.8,30.3,10,0.0,0.0,0.0,0.0,0.0,45,1011.9,1008.7,100,17820.0,2.9,5.8,natal,2026-03-01T02:11:57.270042
2026-03-01T11:00,26.0,88,23.9,31.5,18,0.3,0.0,0.3,0.0,0.0,80,1012.6,1009.4,100,24140.0,3.5,12.2,natal,2026-03-01T02:11:57.270042
2026-03-01T12:00,27.6,81,24.0,33.1,30,0.2,0.0,0.2,0.0,0.0,80,1012.9,1009.7,100,24140.0,3.7,14.4,natal,2026-03-01T02:11:57.270042
2026-03-01T13:00,28.3,76,23.6,33.6,30,0.1,0.0,0.1,0.0,0.0,3,1012.2,1009.0,100,24140.0,3.8,14.4,natal,2026-03-01T02:11:57.270042
2026-03-01T14:00,29.1,72,23.5,34.4,43,0.1,0.0,0.1,0.0,0.0,3,1011.3,1008.1,100,24140.0,3.3,13.3,natal,2026-03-01T02:11:57.270042
2026-03-01T15:00,29.9,68,23.3,35.4,43,0.0,0.0,0.0,0.0,0.0,3,1010.3,1007.1,100,24140.0,3.4,13.0,natal,2026-03-01T02:11:57.270042
2026-03-01T16:00,30.4,65,23.0,35.7,45,0.0,0.0,0.0,0.0,0.0,3,1009.3,1006.1,100,24140.0,3.8,12.2,natal,2026-03-01T02:11:57.270042
2026-03-01T17:00,29.1,72,23.5,33.7,53,0.6,0.0,0.6,0.0,0.0,80,1008.8,1005.6,100,24140.0,8.6,16.2,natal,2026-03-01T02:11:57.270042
2026-03-01T18:00,28.5,74,23.4,32.7,53,1.3,0.0,1.3,0.0,0.0,95,1008.8,1005.6,100,24140.0,10.5,19.4,natal,2026-03-01T02:11:57.270042
2026-03-01T19:00,28.3,74,23.2,32.6,60,0.5,0.0,0.5,0.0,0.0,80,1009.0,1005.8,81,24140.0,8.9,19.4,natal,2026-03-01T02:11:57.270042
2026-03-01T20:00,27.6,75,22.8,31.8,65,0.5,0.0,0.5,0.0,0.0,80,1009.4,1006.2,83,24140.0,7.9,16.2,natal,2026-03-01T02:11:57.270042
2026-03-01T21:00,26.5,82,23.1,31.1,45,0.5,0.0,0.5,0.0,0.0,80,1010.3,1007.1,83,21640.0,6.2,14.4,natal,2026-03-01T02:11:57.270042
2026-03-01T22:00,25.7,86,23.2,30.2,33,0.1,0.0,0.1,0.0,0.0,2,1010.4,1007.2,80,10060.0,7.2,12.6,natal,2026-03-01T02:11:57.270042
2026-03-01T23:00,25.2,89,23.3,30.0,33,0.0,0.0,0.0,0.0,0.0,3,1011.1,1007.9,99,12540.0,6.1,12.2,natal,2026-03-01T02:11:57.270042
2026-03-01T00:00,23.0,82,19.7,26.3,15,0.0,0.0,0.0,0.0,0.0,2,1012.5,1011.9,54,24140.0,2.9,7.2,rio_de_janeiro,2026-03-01T02:11:59.736303
2026-03-01T01:00,22.3,86,19.9,25.6,8,0.0,0.0,0.0,0.0,0.0,3,1012.9,1012.3,97,24080.0,3.6,8.6,rio_de_janeiro,2026-03-01T02:11:59.736303
2026-03-01T02:00,22.1,86,19.7,25.2,3,0.0,0.0,0.0,0.0,0.0,3,1012.5,1011.9,100,23900.0,4.0,10.4,rio_de_janeiro,2026-03-01T02:11:59.736303
2026-03-01T03:00,22.2,86,19.7,25.2,5,0.0,0.0,0.0,0.0,0.0,3,1012.4,1011.8,100,23700.0,4.5,11.5,rio_de_janeiro,2026-03-01T02:11:59.736303
2026-03-01T04:00,21.9,88,19.8,25.1,3,0.0,0.0,0.0,0.0,0.0,3,1011.8,1011.2,85,20680.0,3.9,11.5,rio_de_janeiro,2026-03-01T02:11:59.736303
2026-03-01T05:00,21.7,89,19.8,24.8,3,0.0,0.0,0.0,0.0,0.0,2,1011.4,1010.8,65,23840.0,4.1,10.4,rio_de_janeiro,2026-03-01T02:11:59.736303
2026-03-01T06:00,21.4,90,19.7,24.6,0,0.0,0.0,0.0,0.0,0.0,2,1011.4,1010.8,59,19900.0,3.9,10.4,rio_de_janeiro,2026-03-01T02:11:59.736303
2026-03-01T07:00,21.2,91,19.7,24.3,3,0.0,0.0,0.0,0.0,0.0,2,1011.4,1010.8,50,21320.0,4.2,10.4,rio_de_janeiro,2026-03-01T02:11:59.736303
2026-03-01T08:00,21.1,91,19.6,24.2,3,0.0,0.0,0.0,0.0,0.0,2,1011.5,1010.9,68,23640.0,4.1,10.8,rio_de_janeiro,2026-03-01T02:11:59.736303
2026-03-01T09:00,21.1,91,19.6,24.2,5,0.0,0.0,0.0,0.0,0.0,3,1011.9,1011.3,83,24140.0,3.8,10.4,rio_de_janeiro,2026-03-01T02:11:59.736303
2026-03-01T10:00,21.9,87,19.6,25.0,5,0.0,0.0,0.0,0.0,0.0,3,1012.4,1011.8,86,24120.0,4.2,11.9,rio_de_janeiro,2026-03-01T02:11:59.736303
2026-03-01T11:00,23.7,78,19.6,26.6,5,0.0,0.0,0.0,0.0,0.0,2,1012.9,1012.3,76,24140.0,5.2,15.1,rio_de_janeiro,2026-03-01T02:11:59.736303
2026-03-01T12:00,25.2,68,18.9,27.3,3,0.0,0.0,0.0,0.0,0.0,2,1012.9,1012.3,78,24140.0,8.4,23.4,rio_de_janeiro,2026-03-01T02:11:59.736303
2026-03-01T13:00,26.1,64,18.8,28.1,3,0.0,0.0,0.0,0.0,0.0,3,1012.8,1012.2,91,24140.0,8.4,25.6,rio_de_janeiro,2026-03-01T02:11:59.736303
2026-03-01T14:00,26.6,62,18.7,28.5,3,0.0,0.0,0.0,0.0,0.0,3,1012.5,1011.9,88,24140.0,8.9,25.2,rio_de_janeiro,2026-03-01T02:11:59.736303
2026-03-01T15:00,26.9,61,18.8,28.9,3,0.0,0.0,0.0,0.0,0.0,3,1012.1,1011.5,90,24140.0,9.0,26.3,rio_de_janeiro,2026-03-01T02:11:59.736303
2026-03-01T16:00,27.0,61,18.8,28.8,0,0.0,0.0,0.0,0.0,0.0,3,1011.5,1010.9,86,24140.0,9.7,28.1,rio_de_janeiro,2026-03-01T02:11:59.736303
2026-03-01T17:00,27.3,60,18.8,29.2,0,0.0,0.0,0.0,0.0,0.0,2,1011.2,1010.6,76,24140.0,9.0,26.6,rio_de_janeiro,2026-03-01T02:11:59.736303
2026-03-01T18:00,26.9,62,19.0,28.9,3,0.0,0.0,0.0,0.0,0.0,3,1011.0,1010.4,85,24140.0,9.6,27.4,rio_de_janeiro,2026-03-01T02:11:59.736303
2026-03-01T19:00,26.3,63,18.7,28.3,3,0.0,0.0,0.0,0.0,0.0,3,1011.3,1010.7,88,24140.0,8.6,27.0,rio_de_janeiro,2026-03-01T02:11:59.736303
2026-03-01T20:00,26.0,64,18.6,28.1,0,0.0,0.0,0.0,0.0,0.0,3,1011.6,1011.0,88,15060.0,7.1,24.1,rio_de_janeiro,2026-03-01T02:11:59.736303
2026-03-01T21:00,25.1,66,18.3,27.2,0,0.0,0.0,0.0,0.0,0.0,2,1012.0,1011.4,80,12820.0,6.0,19.8,rio_de_janeiro,2026-03-01T02:11:59.736303
2026-03-01T22:00,24.0,72,18.7,26.7,0,0.0,0.0,0.0,0.0,0.0,2,1012.5,1011.9,72,23440.0,3.3,15.8,rio_de_janeiro,2026-03-01T02:11:59.736303
2026-03-01T23:00,23.0,80,19.4,26.1,0,0.0,0.0,0.0,0.0,0.0,2,1013.0,1012.4,65,22360.0,2.9,7.6,rio_de_janeiro,2026-03-01T02:11:59.736303
2026-03-01T00:00,1.7,95,1.0,-0.9,0,0.0,0.0,0.0,0.0,0.0,45,1029.6,962.2,19,3500.0,4.3,12.2,sofia,2026-03-01T02:14:02.685307
2026-03-01T01:00,1.3,97,0.9,-1.1,0,0.0,0.0,0.0,0.0,0.0,45,1029.3,961.8,26,960.0,2.5,9.7,sofia,2026-03-01T02:14:02.685307
2026-03-01T02:00,1.1,99,1.0,-1.2,0,0.0,0.0,0.0,0.0,0.0,45,1029.2,961.7,32,440.0,1.9,6.1,sofia,2026-03-01T02:14:02.685307
2026-03-01T03:00,0.8,99,0.7,-1.4,0,0.0,0.0,0.0,0.0,0.0,45,1029.5,961.9,36,140.0,1.0,6.1,sofia,2026-03-01T02:14:02.685307
2026-03-01T04:00,0.7,97,0.3,-1.8,0,0.0,0.0,0.0,0.0,0.0,45,1030.0,962.4,36,120.0,2.5,8.6,sofia,2026-03-01T02:14:02.685307
2026-03-01T05:00,0.4,95,-0.3,-2.0,0,0.0,0.0,0.0,0.0,0.0,45,1030.3,962.6,36,80.0,1.9,9.0,sofia,2026-03-01T02:14:02.685307
2026-03-01T06:00,0.5,94,-0.4,-1.9,0,0.0,0.0,0.0,0.0,0.0,45,1030.6,962.9,36,60.0,1.3,8.6,sofia,2026-03-01T02:14:02.685307
2026-03-01T07:00,1.6,94,0.7,-0.7,0,0.0,0.0,0.0,0.0,0.0,45,1030.6,963.1,36,80.0,1.8,7.2,sofia,2026-03-01T02:14:02.685307
2026-03-01T08:00,3.2,80,0.1,0.6,0,0.0,0.0,0.0,0.0,0.0,2,1030.7,963.6,19,840.0,3.1,7.9,sofia,2026-03-01T02:14:02.685307
2026-03-01T09:00,5.2,66,-0.6,2.5,0,0.0,0.0,0.0,0.0,0.0,0,1030.0,963.4,0,36480.0,2.9,9.0,sofia,2026-03-01T02:14:02.685307
2026-03-01T10:00,7.6,51,-1.9,5.0,0,0.0,0.0,0.0,0.0,0.0,0,1029.1,963.1,0,40600.0,4.1,11.9,sofia,2026-03-01T02:14:02.685307
2026-03-01T11:00,9.9,33,-5.6,7.0,0,0.0,0.0,0.0,0.0,0.0,0,1027.6,962.2,0,44220.0,5.1,13.7,sofia,2026-03-01T02:14:02.685307
2026-03-01T12:00,11.6,24,-8.3,8.3,0,0.0,0.0,0.0,0.0,0.0,0,1026.7,961.8,0,49780.0,5.1,15.1,sofia,2026-03-01T02:14:02.685307
2026-03-01T13:00,12.5,19,-10.5,8.4,0,0.0,0.0,0.0,0.0,0.0,0,1025.8,961.1,0,54180.0,5.8,16.9,sofia,2026-03-01T02:14:02.685307
2026-03-01T14:00,12.8,20,-9.6,8.9,0,0.0,0.0,0.0,0.0,0.0,0,1025.2,960.6,0,54060.0,4.8,15.8,sofia,2026-03-01T02:14:02.685307
2026-03-01T15:00,12.7,23,-7.9,8.8,0,0.0,0.0,0.0,0.0,0.0,0,1025.1,960.5,0,51940.0,5.4,15.1,sofia,2026-03-01T02:14:02.685307
2026-03-01T16:00,11.7,30,-5.3,8.1,0,0.0,0.0,0.0,0.0,0.0,0,1025.7,960.8,0,48860.0,5.1,15.1,sofia,2026-03-01T02:14:02.685307
2026-03-01T17:00,9.8,39,-3.5,6.6,0,0.0,0.0,0.0,0.0,0.0,0,1026.3,961.0,0,43220.0,3.8,13.7,sofia,2026-03-01T02:14:02.685307
2026-03-01T18:00,8.4,51,-1.1,5.6,0,0.0,0.0,0.0,0.0,0.0,0,1027.0,961.3,0,41040.0,3.8,10.1,sofia,2026-03-01T02:14:02.685307
2026-03-01T19:00,7.2,52,-2.0,4.5,0,0.0,0.0,0.0,0.0,0.0,0,1027.1,961.2,0,41900.0,2.2,10.1,sofia,2026-03-01T02:14:02.685307
2026-03-01T20:00,6.3,50,-3.3,3.4,0,0.0,0.0,0.0,0.0,0.0,0,1027.5,961.3,0,43200.0,2.4,5.0,sofia,2026-03-01T02:14:02.685307
2026-03-01T21:00,5.6,47,-4.8,2.6,0,0.0,0.0,0.0,0.0,0.0,0,1027.6,961.3,0,41340.0,1.8,3.2,sofia,2026-03-01T02:14:02.685307
2026-03-01T22:00,4.8,48,-5.3,1.7,0,0.0,0.0,0.0,0.0,0.0,0,1027.9,961.4,0,37600.0,2.2,3.6,sofia,2026-03-01T02:14:02.685307
2026-03-01T23:00,4.1,57,-3.6,1.3,0,0.0,0.0,0.0,0.0,0.0,0,1028.0,961.3,0,32100.0,1.4,2.2,sofia,2026-03-01T02:14:02.685307
2026-03-01T00:00,24.9,94,23.8,29.8,0,0.0,0.0,0.0,0.0,0.0,2,1008.8,1007.2,49,24140.0,7.6,13.3,phnom_penh,2026-03-01T02:14:05.149805
2026-03-01T01:00,26.2,88,24.0,30.7,0,0.0,0.0,0.0,0.0,0.0,2,1009.6,1008.0,58,24140.0,10.7,19.1,phnom_penh,2026-03-01T02:14:05.149805
2026-03-01T02:00,28.0,79,24.0,32.5,0,0.0,0.0,0.0,0.0,0.0,2,1010.1,1008.5,48,24140.0,11.4,20.5,phnom_penh,2026-03-01T02:14:05.149805
2026-03-01T03:00,29.7,72,24.1,34.3,13,0.0,0.0,0.0,0.0,0.0,2,1010.3,1008.7,61,24140.0,10.7,19.8,phnom_penh,2026-03-01T02:14:05.149805
2026-03-01T04:00,30.9,66,23.8,36.4,28,0.1,0.0,0.1,0.0,0.0,2,1009.7,1008.1,65,24140.0,9.0,19.1,phnom_penh,2026-03-01T02:14:05.149805
2026-03-01T05:00,31.4,64,23.7,37.1,33,0.1,0.0,0.1,0.0,0.0,2,1008.9,1007.3,62,24140.0,8.0,16.9,phnom_penh,2026-03-01T02:14:05.149805
2026-03-01T06:00,32.4,59,23.4,38.7,25,0.0,0.0,0.0,0.0,0.0,2,1007.8,1006.2,60,24140.0,7.6,16.2,phnom_penh,2026-03-01T02:14:05.149805
2026-03-01T07:00,32.9,57,23.3,38.8,15,0.0,0.0,0.0,0.0,0.0,2,1006.5,1004.9,54,13920.0,7.7,15.8,phnom_penh,2026-03-01T02:14:05.149805
2026-03-01T08:00,33.0,57,23.3,37.9,5,0.0,0.0,0.0,0.0,0.0,2,1005.3,1003.7,64,24140.0,8.9,16.9,phnom_penh,2026-03-01T02:14:05.149805
2026-03-01T09:00,32.7,58,23.3,36.8,10,0.0,0.0,0.0,0.0,0.0,2,1005.2,1003.6,72,24140.0,10.3,18.4,phnom_penh,2026-03-01T02:14:05.149805
2026-03-01T10:00,32.0,59,23.0,36.0,8,0.0,0.0,0.0,0.0,0.0,2,1005.8,1004.2,50,24140.0,10.3,19.4,phnom_penh,2026-03-01T02:14:05.149805
2026-03-01T11:00,31.2,62,23.0,35.7,5,0.0,0.0,0.0,0.0,0.0,2,1006.7,1005.1,55,24140.0,6.5,18.4,phnom_penh,2026-03-01T02:14:05.149805
2026-03-01T12:00,29.0,74,23.9,33.3,8,0.1,0.0,0.1,0.0,0.0,2,1007.9,1006.3,67,24140.0,11.4,19.4,phnom_penh,2026-03-01T02:14:05.149805
2026-03-01T13:00,27.5,80,23.7,31.8,5,0.0,0.0,0.0,0.0,0.0,1,1008.4,1006.8,31,24140.0,10.7,21.6,phnom_penh,2026-03-01T02:14:05.149805
2026-03-01T14:00,26.7,83,23.5,31.5,3,0.0,0.0,0.0,0.0,0.0,1,1008.7,1007.1,23,24140.0,7.0,18.0,phnom_penh,2026-03-01T02:14:05.149805
2026-03-01T15:00,26.2,85,23.5,31.3,0,0.0,0.0,0.0,0.0,0.0,1,1008.7,1007.1,43,24140.0,5.0,11.5,phnom_penh,2026-03-01T02:14:05.149805
2026-03-01T16:00,26.0,86,23.5,31.2,0,0.0,0.0,0.0,0.0,0.0,0,1008.9,1007.3,4,24140.0,4.1,8.3,phnom_penh,2026-03-01T02:14:05.149805
2026-03-01T17:00,25.8,87,23.4,31.0,0,0.0,0.0,0.0,0.0,0.0,0,1008.6,1007.0,2,24140.0,3.6,6.8,phnom_penh,2026-03-01T02:14:05.149805
2026-03-01T18:00,25.6,88,23.4,30.8,0,0.0,0.0,0.0,0.0,0.0,0,1008.5,1006.9,4,24140.0,3.6,6.5,phnom_penh,2026-03-01T02:14:05.149805
2026-03-01T19:00,25.3,90,23.5,30.6,0,0.0,0.0,0.0,0.0,0.0,2,1008.2,1006.6,61,24140.0,3.4,5.8,phnom_penh,2026-03-01T02:14:05.149805
2026-03-01T20:00,25.0,92,23.6,29.8,3,0.0,0.0,0.0,0.0,0.0,2,1008.3,1006.7,49,24140.0,7.4,12.2,phnom_penh,2026-03-01T02:14:05.149805
2026-03-01T21:00,25.0,96,24.3,30.1,0,0.0,0.0,0.0,0.0,0.0,2,1008.2,1006.6,66,24140.0,8.0,14.0,phnom_penh,2026-03-01T02:14:05.149805
2026-03-01T22:00,25.0,97,24.5,30.2,0,0.0,0.0,0.0,0.0,0.0,2,1008.6,1007.0,59,24140.0,7.6,13.3,phnom_penh,2026-03-01T02:14:05.149805
2026-03-01T23:00,24.9,97,24.4,30.1,0,0.0,0.0,0.0,0.0,0.0,2,1009.5,1007.9,64,24140.0,8.3,14.0,phnom_penh,2026-03-01T02:14:05.149805
2026-03-01T00:00,-9.2,75,-12.8,-14.5,0,0.0,0.0,0.0,0.0,0.16,3,1019.0,891.5,100,21100.0,12.9,18.0,calgary,2026-03-01T02:14:07.607520
2026-03-01T01:00,-11.8,79,-14.7,-16.7,0,0.0,0.0,0.0,0.0,0.16,1,1019.2,890.5,49,16500.0,8.6,19.4,calgary,2026-03-01T02:14:07.607520
2026-03-01T02:00,-11.9,85,-13.9,-16.6,0,0.0,0.0,0.0,0.0,0.16,1,1019.7,890.9,22,15400.0,7.9,16.9,calgary,2026-03-01T02:14:07.607520
2026-03-01T03:00,-13.5,81,-16.1,-18.2,0,0.0,0.0,0.0,0.0,0.16,3,1020.2,890.6,100,14300.0,6.9,12.2,calgary,2026-03-01T02:14:07.607520
2026-03-01T04:00,-13.4,85,-15.4,-17.7,0,0.0,0.0,0.0,0.0,0.16,3,1020.2,890.6,100,13400.0,4.4,16.2,calgary,2026-03-01T02:14:07.607520
2026-03-01T05:00,-12.9,88,-14.5,-17.4,0,0.0,0.0,0.0,0.0,0.16,3,1019.8,890.5,100,12200.0,6.5,19.4,calgary,2026-03-01T02:14:07.607520
2026-03-01T06:00,-13.1,88,-14.7,-17.7,0,0.0,0.0,0.0,0.0,0.16,45,1019.7,890.4,100,800.0,7.2,16.2,calgary,2026-03-01T02:14:07.607520
2026-03-01T07:00,-13.5,87,-15.2,-17.8,0,0.0,0.0,0.0,0.0,0.16,45,1019.3,889.8,100,400.0,4.7,9.7,calgary,2026-03-01T02:14:07.607520
2026-03-01T08:00,-14.2,86,-16.1,-18.6,0,0.0,0.0,0.0,0.0,0.16,45,1018.6,888.9,100,300.0,4.9,9.0,calgary,2026-03-01T02:14:07.607520
2026-03-01T09:00,-15.0,84,-17.1,-19.3,0,0.0,0.0,0.0,0.0,0.16,3,1018.1,888.1,100,12200.0,4.4,6.5,calgary,2026-03-01T02:14:07.607520
2026-03-01T10:00,-16.3,69,-20.7,-20.7,0,0.0,0.0,0.0,0.0,0.16,3,1017.2,886.7,100,13300.0,3.7,12.6,calgary,2026-03-01T02:14:07.607520
2026-03-01T11:00,-12.5,81,-15.1,-16.5,0,0.0,0.0,0.0,0.0,0.16,2,1016.4,887.8,51,16400.0,3.2,12.6,calgary,2026-03-01T02:14:07.607520
2026-03-01T12:00,-11.8,72,-15.9,-16.2,0,0.0,0.0,0.0,0.0,0.16,0,1015.6,887.3,5,18600.0,5.2,11.2,calgary,2026-03-01T02:14:07.607520
2026-03-01T13:00,-10.5,62,-16.4,-15.3,0,0.0,0.0,0.0,0.0,0.16,0,1014.9,887.3,1,23300.0,7.7,11.9,calgary,2026-03-01T02:14:07.607520
2026-03-01T14:00,-9.1,54,-16.8,-13.6,0,0.0,0.0,0.0,0.0,0.16,0,1014.5,887.6,0,28300.0,5.5,7.2,calgary,2026-03-01T02:14:07.607520
2026-03-01T15:00,-8.8,54,-16.5,-12.8,0,0.0,0.0,0.0,0.0,0.16,0,1013.9,887.2,0,30100.0,2.1,4.3,calgary,2026-03-01T02:14:07.607520
2026-03-01T16:00,-7.7,61,-13.9,-11.8,0,0.0,0.0,0.0,0.0,0.16,0,1013.6,887.4,0,29600.0,3.9,6.5,calgary,2026-03-01T02:14:07.607520
2026-03-01T17:00,-3.7,54,-11.7,-7.5,0,0.0,0.0,0.0,0.0,0.16,0,1013.4,889.0,0,35400.0,2.9,4.7,calgary,2026-03-01T02:14:07.607520
2026-03-01T18:00,-0.6,46,-10.8,-4.9,0,0.0,0.0,0.0,0.0,0.16,0,1013.2,890.1,0,44000.0,6.6,6.8,calgary,2026-03-01T02:14:07.607520
2026-03-01T19:00,6.4,41,-5.9,1.9,0,0.0,0.0,0.0,0.0,0.12,0,1012.5,892.4,0,49900.0,10.5,39.6,calgary,2026-03-01T02:14:07.607520
2026-03-01T20:00,6.9,48,-3.4,2.0,0,0.0,0.0,0.0,0.0,0.07,0,1011.7,891.8,1,41500.0,15.9,50.0,calgary,2026-03-01T02:14:07.607520
2026-03-01T21:00,8.0,47,-2.7,3.3,1,0.0,0.0,0.0,0.0,0.03,0,1011.0,891.7,4,42500.0,14.8,44.6,calgary,2026-03-01T02:14:07.607520
2026-03-01T22:00,8.6,44,-3.0,4.2,0,0.0,0.0,0.0,0.0,0.01,1,1010.7,891.6,27,46400.0,12.2,40.3,calgary,2026-03-01T02:14:07.607520
2026-03-01T23:00,8.1,48,-2.2,5.0,0,0.0,0.0,0.0,0.0,0.0,3,1010.7,891.5,100,41300.0,4.5,36.0,calgary,2026-03-01T02:14:07.607520
2026-03-01T00:00,-9.4,69,-14.0,-14.3,0,0.0,0.0,0.0,0.0,0.32,0,1024.5,945.3,5,24140.0,9.3,18.0,edmonton,2026-03-01T02:14:10.065997
2026-03-01T01:00,-9.9,73,-13.8,-14.5,0,0.0,0.0,0.0,0.0,0.32,2,1024.1,944.8,63,24140.0,7.4,16.2,edmonton,2026-03-01T02:14:10.065997
2026-03-01T02:00,-10.4,73,-14.3,-15.0,0,0.0,0.0,0.0,0.0,0.32,0,1024.0,944.5,0,24140.0,7.3,12.6,edmonton,2026-03-01T02:14:10.065997
2026-03-01T03:00,-10.5,71,-14.8,-15.2,0,0.0,0.0,0.0,0.0,0.32,0,1023.6,944.1,0,24140.0,7.6,12.6,edmonton,2026-03-01T02:14:10.065997
2026-03-01T04:00,-10.7,70,-15.1,-15.4,0,0.0,0.0,0.0,0.0,0.32,0,1023.3,943.8,0,24140.0,7.6,12.6,edmonton,2026-03-01T02:14:10.065997
2026-03-01T05:00,-11.0,71,-15.2,-15.7,0,0.0,0.0,0.0,0.0,0.32,0,1023.0,943.5,0,24140.0,7.6,12.6,edmonton,2026-03-01T02:14:10.065997
2026-03-01T06:00,-11.3,72,-15.4,-15.9,0,0.0,0.0,0.0,0.0,0.32,0,1023.0,943.4,0,24140.0,6.5,12.2,edmonton,2026-03-01T02:14:10.065997
2026-03-01T07:00,-11.8,73,-15.6,-16.4,0,0.0,0.0,0.0,0.0,0.32,0,1023.0,943.2,0,24140.0,7.0,11.5,edmonton,2026-03-01T02:14:10.065997
2026-03-01T08:00,-12.1,73,-15.9,-16.6,0,0.0,0.0,0.0,0.0,0.32,0,1022.6,942.8,0,24140.0,6.2,11.5,edmonton,2026-03-01T02:14:10.065997
2026-03-01T09:00,-12.3,72,-16.3,-16.9,0,0.0,0.0,0.0,0.0,0.32,1,1022.3,942.4,12,24140.0,6.0,10.1,edmonton,2026-03-01T02:14:10.065997
2026-03-01T10:00,-12.6,71,-16.8,-17.1,0,0.0,0.0,0.0,0.0,0.32,0,1021.7,941.8,0,24140.0,5.8,9.7,edmonton,2026-03-01T02:14:10.065997
2026-03-01T11:00,-12.9,70,-17.3,-17.4,0,0.0,0.0,0.0,0.0,0.32,1,1021.0,941.0,10,24140.0,5.4,9.4,edmonton,2026-03-01T02:14:10.065997
2026-03-01T12:00,-13.4,71,-17.5,-17.8,0,0.0,0.0,0.0,0.0,0.32,2,1020.4,940.4,57,24140.0,5.1,8.6,edmonton,2026-03-01T02:14:10.065997
2026-03-01T13:00,-13.8,71,-18.0,-18.3,0,0.0,0.0,0.0,0.0,0.32,1,1019.7,939.6,32,24140.0,5.1,8.6,edmonton,2026-03-01T02:14:10.065997
2026-03-01T14:00,-14.0,72,-18.0,-18.6,0,0.0,0.0,0.0,0.0,0.32,2,1018.8,938.7,69,24140.0,5.4,8.6,edmonton,2026-03-01T02:14:10.065997
2026-03-01T15:00,-13.8,72,-17.7,-18.3,0,0.0,0.0,0.0,0.0,0.32,3,1018.4,938.4,83,24140.0,5.5,9.0,edmonton,2026-03-01T02:14:10.065997
2026-03-01T16:00,-12.7,71,-16.9,-17.1,0,0.0,0.0,0.0,0.0,0.32,3,1017.9,938.2,96,24140.0,4.4,9.0,edmonton,2026-03-01T02:14:10.065997
2026-03-01T17:00,-10.5,66,-15.7,-14.9,0,0.0,0.0,0.0,0.0,0.32,2,1016.7,937.8,72,24140.0,5.2,9.0,edmonton,2026-03-01T02:14:10.065997
2026-03-01T18:00,-7.4,60,-13.9,-11.9,0,0.0,0.0,0.0,0.0,0.32,3,1015.2,937.3,90,24140.0,6.3,10.8,edmonton,2026-03-01T02:14:10.065997
2026-03-01T19:00,-4.1,52,-12.5,-8.7,0,0.0,0.0,0.0,0.0,0.32,2,1014.0,937.1,79,24140.0,7.4,12.6,edmonton,2026-03-01T02:14:10.065997
2026-03-01T20:00,-1.1,46,-11.3,-5.7,0,0.0,0.0,0.0,0.0,0.32,3,1012.9,936.9,86,24140.0,8.4,14.8,edmonton,2026-03-01T02:14:10.065997
2026-03-01T21:00,1.3,43,-9.9,-3.2,0,0.0,0.0,0.0,0.0,0.31,3,1011.6,936.3,91,24140.0,8.4,15.1,edmonton,2026-03-01T02:14:10.065997
2026-03-01T22:00,2.7,43,-8.6,-1.6,0,0.0,0.0,0.0,0.0,0.31,2,1010.1,935.3,76,24140.0,8.0,14.8,edmonton,2026-03-01T02:14:10.065997
2026-03-01T23:00,3.7,43,-7.8,-0.2,0,0.0,0.0,0.0,0.0,0.31,2,1009.2,934.7,78,24140.0,5.8,14.0,edmonton,2026-03-01T02:14:10.065997
2026-03-01T00:00,0.3,54,-8.0,-4.6,0,0.0,0.0,0.0,0.0,0.05,2,1017.0,1013.3,54,36000.0,12.2,28.8,montreal,2026-03-01T02:16:13.039731
2026-03-01T01:00,-2.0,63,-8.2,-7.3,0,0.0,0.0,0.0,0.0,0.05,0,1017.7,1014.0,0,29500.0,14.5,38.5,montreal,2026-03-01T02:16:13.039731
2026-03-01T02:00,-3.6,65,-9.3,-8.6,0,0.0,0.0,0.0,0.0,0.04,3,1020.2,1016.5,100,27900.0,12.3,36.4,montreal,2026-03-01T02:16:13.039731
2026-03-01T03:00,-5.0,64,-10.8,-10.2,0,0.0,0.0,0.0,0.0,0.04,1,1021.7,1017.9,20,28400.0,12.7,31.0,montreal,2026-03-01T02:16:13.039731
2026-03-01T04:00,-5.8,63,-11.7,-11.2,0,0.0,0.0,0.0,0.0,0.04,3,1022.5,1018.7,100,29100.0,13.7,27.0,montreal,2026-03-01T02:16:13.039731
2026-03-01T05:00,-6.6,63,-12.5,-12.2,0,0.0,0.0,0.0,0.0,0.04,3,1023.1,1019.3,100,29600.0,14.7,26.3,montreal,2026-03-01T02:16:13.039731
2026-03-01T06:00,-7.5,64,-13.1,-12.8,4,0.0,0.0,0.0,0.0,0.04,3,1023.3,1019.5,100,28900.0,12.6,21.6,montreal,2026-03-01T02:16:13.039731
2026-03-01T07:00,-8.3,61,-14.5,-13.9,4,0.0,0.0,0.0,0.0,0.04,3,1024.3,1020.5,100,30800.0,13.8,22.3,montreal,2026-03-01T02:16:13.039731
2026-03-01T08:00,-9.1,60,-15.5,-14.7,3,0.0,0.0,0.0,0.0,0.04,3,1024.9,1021.1,100,31400.0,13.1,21.2,montreal,2026-03-01T02:16:13.039731
2026-03-01T09:00,-9.7,64,-15.2,-15.3,3,0.0,0.0,0.0,0.0,0.04,3,1025.6,1021.8,100,28800.0,13.6,21.6,montreal,2026-03-01T02:16:13.039731
2026-03-01T10:00,-10.2,66,-15.4,-15.7,0,0.0,0.0,0.0,0.0,0.04,3,1025.9,1022.0,100,27200.0,12.4,20.5,montreal,2026-03-01T02:16:13.039731
2026-03-01T11:00,-11.0,66,-16.2,-16.6,0,0.0,0.0,0.0,0.0,0.04,3,1026.5,1022.6,91,27300.0,12.8,23.4,montreal,2026-03-01T02:16:13.039731
2026-03-01T12:00,-11.8,68,-16.6,-17.5,0,0.0,0.0,0.0,0.0,0.04,3,1027.3,1023.4,100,26200.0,13.5,23.4,montreal,2026-03-01T02:16:13.039731
2026-03-01T13:00,-12.1,67,-17.0,-17.7,0,0.0,0.0,0.0,0.0,0.04,0,1028.2,1024.3,12,26600.0,13.3,19.8,montreal,2026-03-01T02:16:13.039731
2026-03-01T14:00,-12.1,69,-16.6,-17.8,0,0.0,0.0,0.0,0.0,0.04,3,1028.6,1024.7,100,25100.0,13.9,17.3,montreal,2026-03-01T02:16:13.039731
2026-03-01T15:00,-12.1,67,-17.0,-17.5,0,0.0,0.0,0.0,0.0,0.04,3,1029.2,1025.3,100,26500.0,11.7,14.4,montreal,2026-03-01T02:16:13.039731
2026-03-01T16:00,-11.5,71,-15.8,-16.6,0,0.0,0.0,0.0,0.0,0.04,3,1029.3,1025.4,100,24300.0,10.0,13.7,montreal,2026-03-01T02:16:13.039731
2026-03-01T17:00,-11.7,75,-15.3,-16.8,0,0.0,0.0,0.0,0.0,0.04,3,1028.9,1025.0,100,21800.0,10.2,20.2,montreal,2026-03-01T02:16:13.039731
2026-03-01T18:00,-10.7,65,-16.1,-15.9,0,0.0,0.0,0.0,0.0,0.03,3,1028.5,1024.6,100,28000.0,10.3,23.8,montreal,2026-03-01T02:16:13.039731
2026-03-01T19:00,-9.2,52,-17.3,-14.7,0,0.0,0.0,0.0,0.0,0.03,2,1028.8,1024.9,50,37900.0,12.1,18.7,montreal,2026-03-01T02:16:13.039731
2026-03-01T20:00,-8.8,57,-15.8,-14.5,0,0.0,0.0,0.0,0.0,0.03,2,1029.3,1025.5,58,33400.0,13.9,19.1,montreal,2026-03-01T02:16:13.039731
2026-03-01T21:00,-9.3,51,-17.6,-15.4,0,0.0,0.0,0.0,0.0,0.03,1,1029.5,1025.6,46,39000.0,16.2,23.0,montreal,2026-03-01T02:16:13.039731
2026-03-01T22:00,-10.1,48,-19.0,-16.2,0,0.0,0.0,0.0,0.0,0.03,1,1030.0,1026.1,24,41600.0,15.8,25.2,montreal,2026-03-01T02:16:13.039731
2026-03-01T23:00,-11.0,49,-19.7,-16.7,0,0.0,0.0,0.0,0.0,0.03,0,1031.1,1027.2,2,40600.0,12.8,25.9,montreal,2026-03-01T02:16:13.039731
2026-03-01T00:00,-4.4,43,-15.1,-9.8,0,0.0,0.0,0.0,0.0,0.18,3,1018.9,1009.5,100,47000.0,12.3,41.8,ottawa,2026-03-01T02:16:15.484236
2026-03-01T01:00,-6.5,59,-13.2,-11.6,0,0.0,0.0,0.0,0.0,0.18,3,1021.4,1011.9,100,31700.0,11.2,42.1,ottawa,2026-03-01T02:16:15.484236
2026-03-01T02:00,-7.7,61,-13.9,-13.3,0,0.0,0.0,0.0,0.0,0.18,3,1022.2,1012.6,100,30400.0,14.3,39.6,ottawa,2026-03-01T02:16:15.484236
2026-03-01T03:00,-8.9,67,-13.9,-14.2,0,0.0,0.0,0.0,0.0,0.18,3,1022.5,1012.9,100,26100.0,12.2,36.0,ottawa,2026-03-01T02:16:15.484236
2026-03-01T04:00,-10.2,69,-14.8,-15.4,1,0.0,0.0,0.0,0.0,0.18,3,1024.2,1014.5,100,24500.0,10.7,36.4,ottawa,2026-03-01T02:16:15.484236
2026-03-01T05:00,-11.6,68,-16.3,-16.2,3,0.0,0.0,0.0,0.0,0.18,3,1024.0,1014.3,100,25200.0,6.6,32.0,ottawa,2026-03-01T02:16:15.484236
2026-03-01T06:00,-12.1,62,-17.9,-17.0,4,0.0,0.0,0.0,0.0,0.18,3,1024.6,1014.9,100,30200.0,7.6,32.4,ottawa,2026-03-01T02:16:15.484236
2026-03-01T07:00,-13.3,59,-19.6,-18.1,0,0.0,0.0,0.0,0.0,0.18,3,1025.4,1015.6,100,32000.0,6.5,27.4,ottawa,2026-03-01T02:16:15.484236
2026-03-01T08:00,-14.6,61,-20.4,-19.6,0,0.0,0.0,0.0,0.0,0.18,3,1026.5,1016.7,100,29600.0,8.6,25.6,ottawa,2026-03-01T02:16:15.484236
2026-03-01T09:00,-16.1,64,-21.3,-21.1,0,0.0,0.0,0.0,0.0,0.18,3,1027.2,1017.3,100,26400.0,8.0,27.0,ottawa,2026-03-01T02:16:15.484236
2026-03-01T10:00,-17.0,66,-21.8,-21.9,0,0.0,0.0,0.0,0.0,0.18,3,1027.4,1017.5,100,25500.0,7.6,25.6,ottawa,2026-03-01T02:16:15.484236
2026-03-01T11:00,-18.6,59,-24.7,-23.8,0,0.0,0.0,0.0,0.0,0.18,3,1028.5,1018.5,100,25700.0,8.0,25.2,ottawa,2026-03-01T02:16:15.484236
2026-03-01T12:00,-19.9,56,-26.4,-25.1,0,0.0,0.0,0.0,0.0,0.18,2,1029.2,1019.1,58,24300.0,8.1,16.9,ottawa,2026-03-01T02:16:15.484236
2026-03-01T13:00,-18.7,70,-22.8,-23.5,0,0.0,0.0,0.0,0.0,0.18,0,1029.9,1019.9,3,21900.0,6.1,18.7,ottawa,2026-03-01T02:16:15.484236
2026-03-01T14:00,-15.4,70,-19.7,-20.7,0,0.0,0.0,0.0,0.0,0.18,0,1030.3,1020.4,7,24600.0,10.0,22.7,ottawa,2026-03-01T02:16:15.484236
2026-03-01T15:00,-14.5,71,-18.6,-20.1,0,0.0,0.0,0.0,0.0,0.18,1,1031.1,1021.2,32,24000.0,12.5,19.4,ottawa,2026-03-01T02:16:15.484236
2026-03-01T16:00,-13.5,67,-18.3,-19.1,0,0.0,0.0,0.0,0.0,0.18,1,1031.3,1021.5,43,26600.0,14.1,19.8,ottawa,2026-03-01T02:16:15.484236
2026-03-01T17:00,-13.1,66,-18.1,-18.3,0,0.0,0.0,0.0,0.0,0.18,1,1031.0,1021.2,44,27400.0,14.9,20.9,ottawa,2026-03-01T02:16:15.484236
2026-03-01T18:00,-12.8,63,-18.4,-18.2,0,0.0,0.0,0.0,0.0,0.18,1,1030.9,1021.1,47,29200.0,15.7,22.0,ottawa,2026-03-01T02:16:15.484236
2026-03-01T19:00,-12.2,67,-17.0,-17.8,0,0.0,0.0,0.0,0.0,0.18,3,1031.2,1021.4,100,26400.0,15.1,22.0,ottawa,2026-03-01T02:16:15.484236
2026-03-01T20:00,-11.8,64,-17.3,-17.7,0,0.0,0.0,0.0,0.0,0.18,3,1031.9,1022.1,100,28300.0,14.7,21.2,ottawa,2026-03-01T02:16:15.484236
2026-03-01T21:00,-11.8,63,-17.4,-17.5,0,0.0,0.0,0.0,0.0,0.18,3,1032.1,1022.3,100,29300.0,13.7,20.2,ottawa,2026-03-01T02:16:15.484236
2026-03-01T22:00,-12.0,59,-18.4,-17.4,0,0.0,0.0,0.0,0.0,0.18,3,1032.3,1022.5,100,32200.0,11.8,20.5,ottawa,2026-03-01T02:16:15.484236
2026-03-01T23:00,-12.9,63,-18.4,-17.8,0,0.0,0.0,0.0,0.0,0.18,2,1033.0,1023.2,76,29100.0,7.9,18.0,ottawa,2026-03-01T02:16:15.484236
2026-03-01T00:00,-1.5,64,-7.4,-5.9,2,0.0,0.0,0.0,0.0,0.5,0,1014.5,1008.0,0,28000.0,9.2,43.9,quebec_city,2026-03-01T02:16:17.930110
2026-03-01T01:00,-4.4,59,-11.2,-9.5,0,0.0,0.0,0.0,0.0,0.5,0,1015.4,1008.8,0,31400.0,11.7,40.0,quebec_city,2026-03-01T02:16:17.930110
2026-03-01T02:00,-8.0,60,-14.4,-13.1,0,0.0,0.0,0.0,0.0,0.5,0,1017.6,1010.9,5,30500.0,11.0,36.4,quebec_city,2026-03-01T02:16:17.930110
2026-03-01T03:00,-10.2,59,-16.7,-15.7,0,0.0,0.0,0.0,0.0,0.5,3,1018.8,1012.1,100,31000.0,12.3,14.4,quebec_city,2026-03-01T02:16:17.930110
2026-03-01T04:00,-11.5,62,-17.3,-17.2,0,0.0,0.0,0.0,0.0,0.5,3,1019.9,1013.1,97,29100.0,13.8,20.9,quebec_city,2026-03-01T02:16:17.930110
2026-03-01T05:00,-13.0,62,-18.7,-18.4,0,0.0,0.0,0.0,0.0,0.5,3,1020.2,1013.4,100,28700.0,11.3,22.3,quebec_city,2026-03-01T02:16:17.930110
2026-03-01T06:00,-14.0,63,-19.5,-19.3,0,0.0,0.0,0.0,0.0,0.5,3,1020.2,1013.4,100,27700.0,10.4,21.6,quebec_city,2026-03-01T02:16:17.930110
2026-03-01T07:00,-15.7,62,-21.3,-20.9,0,0.0,0.0,0.0,0.0,0.5,3,1020.9,1014.0,97,28100.0,9.4,16.2,quebec_city,2026-03-01T02:16:17.930110
2026-03-01T08:00,-15.8,62,-21.4,-21.0,0,0.0,0.0,0.0,0.0,0.5,3,1022.1,1015.2,100,29100.0,9.0,17.3,quebec_city,2026-03-01T02:16:17.930110
2026-03-01T09:00,-16.1,62,-21.7,-21.3,2,0.0,0.0,0.0,0.0,0.5,3,1023.1,1016.2,100,29300.0,9.4,20.9,quebec_city,2026-03-01T02:16:17.930110
2026-03-01T10:00,-17.1,58,-23.4,-22.0,0,0.0,0.0,0.0,0.0,0.5,3,1023.7,1016.8,100,32000.0,7.1,19.4,quebec_city,2026-03-01T02:16:17.930110
2026-03-01T11:00,-18.5,52,-25.9,-23.2,0,0.0,0.0,0.0,0.0,0.5,3,1023.9,1016.9,94,32800.0,5.1,17.3,quebec_city,2026-03-01T02:16:17.930110
2026-03-01T12:00,-19.9,47,-28.3,-25.0,0,0.0,0.0,0.0,0.0,0.5,3,1024.8,1017.8,96,33100.0,7.4,12.6,quebec_city,2026-03-01T02:16:17.930110
2026-03-01T13:00,-18.7,60,-24.5,-23.6,0,0.0,0.0,0.0,0.0,0.5,3,1025.5,1018.5,100,31200.0,6.4,12.2,quebec_city,2026-03-01T02:16:17.930110
2026-03-01T14:00,-14.5,56,-21.4,-18.9,0,0.0,0.0,0.0,0.0,0.5,1,1025.9,1019.0,23,34200.0,3.6,8.6,quebec_city,2026-03-01T02:16:17.930110
2026-03-01T15:00,-13.1,57,-19.8,-17.4,0,0.0,0.0,0.0,0.0,0.5,2,1026.4,1019.6,62,33400.0,4.0,4.7,quebec_city,2026-03-01T02:16:17.930110
2026-03-01T16:00,-13.1,49,-21.5,-18.6,0,0.0,0.0,0.0,0.0,0.5,0,1026.4,1019.6,15,41000.0,13.2,16.6,quebec_city,2026-03-01T02:16:17.930110
2026-03-01T17:00,-12.4,53,-20.0,-17.4,0,0.0,0.0,0.0,0.0,0.5,1,1026.2,1019.4,37,37100.0,12.6,17.3,quebec_city,2026-03-01T02:16:17.930110
2026-03-01T18:00,-12.0,54,-19.4,-17.5,0,0.0,0.0,0.0,0.0,0.5,1,1025.7,1018.9,41,36100.0,15.7,20.9,quebec_city,2026-03-01T02:16:17.930110
2026-03-01T19:00,-11.9,56,-18.9,-18.2,0,0.0,0.0,0.0,0.0,0.5,1,1026.3,1019.5,43,34700.0,18.1,25.2,quebec_city,2026-03-01T02:16:17.930110
2026-03-01T20:00,-12.6,60,-18.7,-19.2,0,0.0,0.0,0.0,0.0,0.5,3,1026.9,1020.1,97,31500.0,19.8,29.9,quebec_city,2026-03-01T02:16:17.930110
2026-03-01T21:00,-13.4,61,-19.3,-19.9,0,0.0,0.0,0.0,0.0,0.49,2,1027.4,1020.5,61,30500.0,18.8,30.2,quebec_city,2026-03-01T02:16:17.930110
2026-03-01T22:00,-14.8,61,-20.6,-20.7,0,0.0,0.0,0.0,0.0,0.49,3,1028.3,1021.4,100,30000.0,14.8,29.2,quebec_city,2026-03-01T02:16:17.930110
2026-03-01T23:00,-17.6,63,-22.9,-22.8,0,0.0,0.0,0.0,0.0,0.49,1,1029.2,1022.2,24,27000.0,9.3,28.1,quebec_city,2026-03-01T02:16:17.930110
2026-03-01T00:00,-3.2,62,-9.4,-9.3,3,0.0,0.0,0.0,0.0,0.02,3,1022.6,1002.3,98,29700.0,20.0,36.0,toronto,2026-03-01T02:17:35.732310
2026-03-01T01:00,-4.3,66,-9.7,-10.0,3,0.0,0.0,0.0,0.0,0.02,3,1023.4,1003.0,100,26900.0,16.5,37.1,toronto,2026-03-01T02:17:35.732310
2026-03-01T02:00,-4.8,69,-9.6,-10.4,7,0.0,0.0,0.0,0.0,0.02,3,1023.1,1002.6,100,25400.0,16.5,36.7,toronto,2026-03-01T02:17:35.732310
2026-03-01T03:00,-5.1,66,-10.5,-10.6,9,0.0,0.0,0.0,0.0,0.02,3,1024.7,1004.2,100,26900.0,15.1,34.9,toronto,2026-03-01T02:17:35.732310
2026-03-01T04:00,-6.3,75,-10.0,-10.9,12,0.0,0.0,0.0,0.0,0.01,3,1025.3,1004.7,100,22200.0,9.1,33.8,toronto,2026-03-01T02:17:35.732310
2026-03-01T05:00,-6.8,76,-10.3,-11.0,12,0.0,0.0,0.0,0.0,0.01,3,1026.4,1005.7,100,21400.0,6.8,30.6,toronto,2026-03-01T02:17:35.732310
2026-03-01T06:00,-7.1,78,-10.3,-11.0,7,0.0,0.0,0.0,0.0,0.01,3,1025.5,1004.8,100,20500.0,4.2,27.4,toronto,2026-03-01T02:17:35.732310
2026-03-01T07:00,-6.5,66,-11.8,-11.5,4,0.0,0.0,0.0,0.0,0.01,3,1025.4,1004.8,100,27400.0,10.9,29.2,toronto,2026-03-01T02:17:35.732310
2026-03-01T08:00,-6.6,62,-12.7,-11.9,2,0.0,0.0,0.0,0.0,0.01,3,1026.3,1005.6,100,29800.0,12.3,29.2,toronto,2026-03-01T02:17:35.732310
2026-03-01T09:00,-7.2,67,-12.3,-12.2,0,0.0,0.0,0.0,0.0,0.01,3,1027.0,1006.3,100,26500.0,10.8,23.8,toronto,2026-03-01T02:17:35.732310
2026-03-01T10:00,-8.2,78,-11.4,-12.7,0,0.0,0.0,0.0,0.0,0.01,3,1027.4,1006.6,100,20500.0,7.3,21.6,toronto,2026-03-01T02:17:35.732310
2026-03-01T11:00,-8.4,82,-11.0,-12.6,0,0.0,0.0,0.0,0.0,0.01,3,1027.8,1007.0,100,18300.0,5.4,20.9,toronto,2026-03-01T02:17:35.732310
2026-03-01T12:00,-8.1,79,-11.1,-12.2,0,0.0,0.0,0.0,0.0,0.01,3,1028.8,1008.0,86,19000.0,5.0,20.5,toronto,2026-03-01T02:17:35.732310
2026-03-01T13:00,-8.3,73,-12.3,-13.6,0,0.0,0.0,0.0,0.0,0.01,1,1029.5,1008.6,28,22900.0,12.8,19.1,toronto,2026-03-01T02:17:35.732310
2026-03-01T14:00,-8.8,69,-13.5,-14.6,0,0.0,0.0,0.0,0.0,0.01,0,1030.2,1009.3,12,25200.0,15.3,22.7,toronto,2026-03-01T02:17:35.732310
2026-03-01T15:00,-8.6,68,-13.4,-14.5,0,0.0,0.0,0.0,0.0,0.01,3,1031.3,1010.4,100,26200.0,16.7,23.0,toronto,2026-03-01T02:17:35.732310
2026-03-01T16:00,-8.2,68,-13.1,-14.1,0,0.0,0.0,0.0,0.0,0.01,2,1032.0,1011.1,57,25600.0,16.2,23.0,toronto,2026-03-01T02:17:35.732310
2026-03-01T17:00,-7.5,56,-14.8,-13.0,0,0.0,0.0,0.0,0.0,0.01,1,1032.1,1011.3,25,34600.0,17.3,23.8,toronto,2026-03-01T02:17:35.732310
2026-03-01T18:00,-7.4,52,-15.6,-13.1,0,0.0,0.0,0.0,0.0,0.01,1,1032.4,1011.5,28,38000.0,19.2,26.6,toronto,2026-03-01T02:17:35.732310
2026-03-01T19:00,-7.8,58,-14.6,-14.0,0,0.0,0.0,0.0,0.0,0.01,1,1033.0,1012.1,41,32300.0,21.9,31.3,toronto,2026-03-01T02:17:35.732310
2026-03-01T20:00,-8.2,72,-12.4,-14.4,0,0.0,0.0,0.0,0.0,0.01,3,1034.0,1013.1,100,23800.0,18.6,29.5,toronto,2026-03-01T02:17:35.732310
2026-03-01T21:00,-8.7,70,-13.2,-14.9,0,0.0,0.0,0.0,0.0,0.01,3,1034.1,1013.1,100,24600.0,18.8,30.2,toronto,2026-03-01T02:17:35.732310
2026-03-01T22:00,-9.2,68,-14.1,-15.2,0,0.0,0.0,0.0,0.0,0.01,3,1034.4,1013.4,100,26300.0,16.8,29.2,toronto,2026-03-01T02:17:35.732310
2026-03-01T23:00,-9.5,56,-16.7,-15.7,0,0.0,0.0,0.0,0.0,0.01,3,1035.1,1014.0,100,33000.0,17.3,30.6,toronto,2026-03-01T02:17:35.732310
2026-03-01T00:00,8.1,72,3.3,4.8,0,0.0,0.0,0.0,0.0,0.0,0,1019.4,1010.7,0,23500.0,12.0,22.7,vancouver,2026-03-01T02:18:13.349035
2026-03-01T01:00,6.6,74,2.3,3.1,0,0.0,0.0,0.0,0.0,0.0,0,1018.7,1009.9,0,22700.0,11.8,28.8,vancouver,2026-03-01T02:18:13.349035
2026-03-01T02:00,5.4,81,2.4,2.6,0,0.0,0.0,0.0,0.0,0.0,0,1017.7,1008.9,0,19200.0,7.2,29.9,vancouver,2026-03-01T02:18:13.349035
2026-03-01T03:00,5.0,83,2.3,1.5,0,0.0,0.0,0.0,0.0,0.0,0,1018.2,1009.4,0,17000.0,12.2,31.3,vancouver,2026-03-01T02:18:13.349035
2026-03-01T04:00,4.8,84,2.3,1.4,0,0.0,0.0,0.0,0.0,0.0,0,1018.9,1010.1,0,16300.0,11.3,28.1,vancouver,2026-03-01T02:18:13.349035
2026-03-01T05:00,4.4,86,2.3,1.5,0,0.0,0.0,0.0,0.0,0.0,0,1018.9,1010.0,0,15400.0,7.7,19.8,vancouver,2026-03-01T02:18:13.349035
2026-03-01T06:00,3.9,84,1.4,1.4,0,0.0,0.0,0.0,0.0,0.0,0,1019.0,1010.1,0,14500.0,4.0,7.6,vancouver,2026-03-01T02:18:13.349035
2026-03-01T07:00,3.7,79,0.4,1.3,0,0.0,0.0,0.0,0.0,0.0,3,1018.8,1009.9,87,16200.0,2.8,3.2,vancouver,2026-03-01T02:18:13.349035
2026-03-01T08:00,3.5,77,-0.2,1.1,0,0.0,0.0,0.0,0.0,0.0,0,1018.8,1009.9,0,16900.0,1.5,2.5,vancouver,2026-03-01T02:18:13.349035
2026-03-01T09:00,3.1,76,-0.7,0.5,0,0.0,0.0,0.0,0.0,0.0,0,1018.6,1009.7,0,17500.0,2.6,2.5,vancouver,2026-03-01T02:18:13.349035
2026-03-01T10:00,2.8,76,-1.0,-0.0,0,0.0,0.0,0.0,0.0,0.0,0,1018.5,1009.6,1,17300.0,3.6,3.6,vancouver,2026-03-01T02:18:13.349035
2026-03-01T11:00,2.6,74,-1.6,0.0,0,0.0,0.0,0.0,0.0,0.0,0,1018.2,1009.3,4,18200.0,1.6,2.9,vancouver,2026-03-01T02:18:13.349035
2026-03-01T12:00,2.6,75,-1.4,-0.5,0,0.0,0.0,0.0,0.0,0.0,0,1018.1,1009.2,8,16600.0,5.0,7.6,vancouver,2026-03-01T02:18:13.349035
2026-03-01T13:00,2.4,76,-1.4,-0.4,0,0.0,0.0,0.0,0.0,0.0,0,1018.1,1009.2,12,14900.0,3.2,6.5,vancouver,2026-03-01T02:18:13.349035
2026-03-01T14:00,2.3,76,-1.5,-0.2,0,0.0,0.0,0.0,0.0,0.0,0,1018.3,1009.4,5,15100.0,0.7,3.6,vancouver,2026-03-01T02:18:13.349035
2026-03-01T15:00,2.4,73,-1.9,-0.1,0,0.0,0.0,0.0,0.0,0.0,0,1018.7,1009.8,2,17400.0,1.1,1.8,vancouver,2026-03-01T02:18:13.349035
2026-03-01T16:00,3.1,76,-0.7,0.5,0,0.0,0.0,0.0,0.0,0.0,0,1018.5,1009.6,0,19600.0,2.9,2.9,vancouver,2026-03-01T02:18:13.349035
2026-03-01T17:00,5.6,82,2.8,3.6,0,0.0,0.0,0.0,0.0,0.0,0,1018.5,1009.7,0,18400.0,2.5,2.9,vancouver,2026-03-01T02:18:13.349035
2026-03-01T18:00,7.8,84,5.3,6.5,0,0.0,0.0,0.0,0.0,0.0,0,1018.5,1009.8,0,17600.0,0.8,1.8,vancouver,2026-03-01T02:18:13.349035
2026-03-01T19:00,9.5,79,6.1,8.5,0,0.0,0.0,0.0,0.0,0.0,0,1018.5,1009.8,0,20200.0,0.7,0.7,vancouver,2026-03-01T02:18:13.349035
2026-03-01T20:00,10.7,73,6.1,9.4,0,0.0,0.0,0.0,0.0,0.0,0,1018.3,1009.6,4,22700.0,2.3,2.9,vancouver,2026-03-01T02:18:13.349035
2026-03-01T21:00,11.3,77,7.5,10.1,0,0.0,0.0,0.0,0.0,0.0,0,1018.0,1009.4,5,20900.0,4.6,4.7,vancouver,2026-03-01T02:18:13.349035
2026-03-01T22:00,11.5,72,6.6,9.8,0,0.0,0.0,0.0,0.0,0.0,0,1017.8,1009.2,3,23900.0,5.6,6.1,vancouver,2026-03-01T02:18:13.349035
2026-03-01T23:00,11.3,75,7.0,9.6,1,0.0,0.0,0.0,0.0,0.0,0,1017.6,1009.0,0,21700.0,6.4,7.9,vancouver,2026-03-01T02:18:13.349035
2026-03-01T00:00,24.4,38,9.2,22.6,0,0.0,0.0,0.0,0.0,0.0,0,1010.2,946.6,0,24140.0,11.0,23.4,santiago,2026-03-01T02:18:15.791707
2026-03-01T01:00,22.5,45,10.0,21.2,0,0.0,0.0,0.0,0.0,0.0,0,1011.2,947.1,0,24140.0,8.7,18.0,santiago,2026-03-01T02:18:15.791707
2026-03-01T02:00,21.0,51,10.4,20.0,0,0.0,0.0,0.0,0.0,0.0,0,1011.7,947.3,0,24140.0,7.3,14.0,santiago,2026-03-01T02:18:15.791707
2026-03-01T03:00,19.8,55,10.5,19.1,0,0.0,0.0,0.0,0.0,0.0,0,1012.0,947.3,0,24140.0,5.4,11.9,santiago,2026-03-01T02:18:15.791707
2026-03-01T04:00,18.5,60,10.6,17.8,0,0.0,0.0,0.0,0.0,0.0,0,1012.1,947.1,0,24140.0,5.9,9.7,santiago,2026-03-01T02:18:15.791707
2026-03-01T05:00,17.7,62,10.3,17.0,0,0.0,0.0,0.0,0.0,0.0,0,1011.8,946.7,0,24140.0,5.4,9.7,santiago,2026-03-01T02:18:15.791707
2026-03-01T06:00,16.7,66,10.3,16.3,0,0.0,0.0,0.0,0.0,0.0,0,1011.6,946.3,0,24140.0,3.8,8.3,santiago,2026-03-01T02:18:15.791707
2026-03-01T07:00,15.8,70,10.3,15.3,0,0.0,0.0,0.0,0.0,0.0,0,1011.7,946.2,0,24140.0,3.8,6.5,santiago,2026-03-01T02:18:15.791707
2026-03-01T08:00,15.1,73,10.3,14.7,0,0.0,0.0,0.0,0.0,0.0,0,1011.8,946.1,0,24140.0,3.0,6.1,santiago,2026-03-01T02:18:15.791707
2026-03-01T09:00,14.8,75,10.4,14.6,0,0.0,0.0,0.0,0.0,0.0,0,1011.5,945.8,0,24140.0,1.8,4.7,santiago,2026-03-01T02:18:15.791707
2026-03-01T10:00,14.4,77,10.4,13.9,0,0.0,0.0,0.0,0.0,0.0,0,1011.5,945.7,0,24140.0,4.5,7.6,santiago,2026-03-01T02:18:15.791707
2026-03-01T11:00,14.3,76,10.1,13.9,0,0.0,0.0,0.0,0.0,0.0,0,1012.0,946.1,0,24140.0,3.4,8.6,santiago,2026-03-01T02:18:15.791707
2026-03-01T12:00,17.1,63,10.0,17.0,0,0.0,0.0,0.0,0.0,0.0,0,1011.8,946.5,0,24140.0,0.7,7.6,santiago,2026-03-01T02:18:15.791707
2026-03-01T13:00,20.3,50,9.5,19.7,0,0.0,0.0,0.0,0.0,0.0,0,1011.6,947.0,0,24140.0,3.1,11.9,santiago,2026-03-01T02:18:15.791707
2026-03-01T14:00,24.0,41,9.9,24.1,0,0.0,0.0,0.0,0.0,0.0,0,1011.1,947.3,0,24140.0,1.3,7.9,santiago,2026-03-01T02:18:15.791707
2026-03-01T15:00,27.1,36,10.8,27.9,0,0.0,0.0,0.0,0.0,0.0,1,1010.4,947.3,22,24140.0,5.7,13.0,santiago,2026-03-01T02:18:15.791707
2026-03-01T16:00,29.5,31,10.6,30.2,0,0.0,0.0,0.0,0.0,0.0,2,1009.7,947.2,56,24140.0,8.7,17.3,santiago,2026-03-01T02:18:15.791707
2026-03-01T17:00,31.4,28,10.7,31.6,0,0.0,0.0,0.0,0.0,0.0,0,1009.0,946.9,0,24140.0,14.3,24.8,santiago,2026-03-01T02:18:15.791707
2026-03-01T18:00,31.9,26,10.0,31.0,0,0.0,0.0,0.0,0.0,0.0,0,1008.5,946.5,0,24140.0,20.2,35.3,santiago,2026-03-01T02:18:15.791707
2026-03-01T19:00,31.2,26,9.4,28.7,0,0.0,0.0,0.0,0.0,0.0,0,1008.1,946.0,0,24140.0,26.3,46.4,santiago,2026-03-01T02:18:15.791707
2026-03-01T20:00,29.8,27,8.8,26.7,0,0.0,0.0,0.0,0.0,0.0,0,1008.1,945.7,0,24140.0,25.0,48.6,santiago,2026-03-01T02:18:15.791707
2026-03-01T21:00,28.6,25,6.6,24.4,0,0.0,0.0,0.0,0.0,0.0,1,1008.6,945.9,9,24140.0,23.3,43.6,santiago,2026-03-01T02:18:15.791707
2026-03-01T22:00,26.7,27,6.1,22.7,0,0.0,0.0,0.0,0.0,0.0,1,1009.0,945.9,31,24140.0,20.6,40.3,santiago,2026-03-01T02:18:15.791707
2026-03-01T23:00,24.3,35,7.9,21.3,0,0.0,0.0,0.0,0.0,0.0,1,1009.7,946.1,32,24140.0,16.9,35.3,santiago,2026-03-01T02:18:15.791707
2026-03-01T00:00,0.4,74,-3.7,-2.5,0,0.0,0.0,0.0,0.0,0.0,3,1026.3,1020.3,100,24140.0,1.8,5.0,beijing,2026-03-01T02:18:18.247704
2026-03-01T01:00,1.0,68,-4.2,-1.9,0,0.0,0.0,0.0,0.0,0.0,3,1026.9,1020.9,100,24140.0,2.0,6.8,beijing,2026-03-01T02:18:18.247704
2026-03-01T02:00,1.8,60,-5.1,-1.2,0,0.0,0.0,0.0,0.0,0.0,3,1027.4,1021.4,100,24140.0,1.8,8.3,beijing,2026-03-01T02:18:18.247704
2026-03-01T03:00,2.9,54,-5.5,-0.0,0,0.0,0.0,0.0,0.0,0.0,3,1027.2,1021.2,100,24140.0,0.8,6.8,beijing,2026-03-01T02:18:18.247704
2026-03-01T04:00,3.9,49,-5.8,0.8,0,0.0,0.0,0.0,0.0,0.0,3,1026.8,1020.9,100,24140.0,1.8,7.9,beijing,2026-03-01T02:18:18.247704
2026-03-01T05:00,4.6,46,-6.0,1.4,0,0.0,0.0,0.0,0.0,0.0,3,1025.9,1020.0,100,24140.0,2.4,9.7,beijing,2026-03-01T02:18:18.247704
2026-03-01T06:00,5.1,45,-5.8,1.7,0,0.0,0.0,0.0,0.0,0.0,3,1025.6,1019.7,100,24140.0,3.7,11.9,beijing,2026-03-01T02:18:18.247704
2026-03-01T07:00,5.4,45,-5.6,2.1,0,0.0,0.0,0.0,0.0,0.0,3,1025.4,1019.5,100,24140.0,3.6,12.6,beijing,2026-03-01T02:18:18.247704
2026-03-01T08:00,5.4,46,-5.3,2.2,0,0.0,0.0,0.0,0.0,0.0,3,1025.3,1019.4,100,24140.0,3.1,11.9,beijing,2026-03-01T02:18:18.247704
2026-03-01T09:00,5.3,47,-5.1,2.1,0,0.0,0.0,0.0,0.0,0.0,3,1025.1,1019.2,100,24140.0,2.9,9.7,beijing,2026-03-01T02:18:18.247704
2026-03-01T10:00,5.0,49,-4.8,1.9,0,0.0,0.0,0.0,0.0,0.0,3,1025.4,1019.5,100,24140.0,2.9,8.6,beijing,2026-03-01T02:18:18.247704
2026-03-01T11:00,4.7,54,-3.8,1.6,0,0.0,0.0,0.0,0.0,0.0,3,1026.3,1020.4,100,24140.0,3.1,7.9,beijing,2026-03-01T02:18:18.247704
2026-03-01T12:00,4.3,58,-3.3,1.4,0,0.0,0.0,0.0,0.0,0.0,3,1026.4,1020.5,100,24140.0,2.1,6.8,beijing,2026-03-01T02:18:18.247704
2026-03-01T13:00,4.0,62,-2.6,1.2,0,0.0,0.0,0.0,0.0,0.0,3,1027.0,1021.1,100,24140.0,2.2,5.0,beijing,2026-03-01T02:18:18.247704
2026-03-01T14:00,3.8,65,-2.2,1.0,5,0.0,0.0,0.0,0.0,0.0,3,1026.9,1021.0,100,24140.0,2.7,6.5,beijing,2026-03-01T02:18:18.247704
2026-03-01T15:00,3.5,66,-2.2,0.6,10,0.0,0.0,0.0,0.0,0.0,3,1027.0,1021.1,100,24140.0,3.7,9.4,beijing,2026-03-01T02:18:18.247704
2026-03-01T16:00,3.4,68,-2.0,0.6,13,0.0,0.0,0.0,0.0,0.0,3,1026.9,1021.0,100,24140.0,2.9,9.4,beijing,2026-03-01T02:18:18.247704
2026-03-01T17:00,3.2,70,-1.7,0.3,18,0.0,0.0,0.0,0.0,0.0,3,1026.9,1021.0,100,24140.0,4.0,10.1,beijing,2026-03-01T02:18:18.247704
2026-03-01T18:00,3.0,74,-1.2,-0.1,18,0.0,0.0,0.0,0.0,0.0,3,1026.8,1020.9,100,24140.0,5.6,14.0,beijing,2026-03-01T02:18:18.247704
2026-03-01T19:00,2.5,76,-1.3,-0.8,18,0.0,0.0,0.0,0.0,0.0,3,1026.7,1020.7,100,24140.0,7.3,18.4,beijing,2026-03-01T02:18:18.247704
2026-03-01T20:00,1.9,80,-1.2,-1.5,18,0.0,0.0,0.0,0.0,0.0,3,1026.4,1020.4,100,24140.0,7.6,19.8,beijing,2026-03-01T02:18:18.247704
2026-03-01T21:00,1.3,87,-0.6,-1.9,18,0.0,0.0,0.0,0.0,0.0,3,1026.3,1020.3,100,24140.0,6.8,19.4,beijing,2026-03-01T02:18:18.247704
2026-03-01T22:00,1.0,90,-0.5,-2.1,15,0.0,0.0,0.0,0.0,0.0,3,1026.1,1020.1,100,21480.0,5.9,17.6,beijing,2026-03-01T02:18:18.247704
2026-03-01T23:00,0.9,90,-0.5,-2.0,20,0.0,0.0,0.0,0.0,0.0,3,1026.5,1020.5,100,7520.0,4.8,15.8,beijing,2026-03-01T02:18:18.247704
2026-03-01T00:00,13.4,91,12.0,13.7,8,0.0,0.0,0.0,0.0,0.0,3,1009.2,981.2,94,24140.0,1.8,6.1,chongqing,2026-03-01T02:18:55.879209
2026-03-01T01:00,13.8,91,12.3,14.1,10,0.0,0.0,0.0,0.0,0.0,3,1010.0,982.0,100,24140.0,2.4,5.4,chongqing,2026-03-01T02:18:55.879209
2026-03-01T02:00,14.0,89,12.2,14.4,3,0.0,0.0,0.0,0.0,0.0,3,1010.9,982.9,100,24140.0,1.9,5.8,chongqing,2026-03-01T02:18:55.879209
2026-03-01T03:00,14.3,87,12.2,14.9,13,0.0,0.0,0.0,0.0,0.0,3,1011.2,983.2,100,24140.0,0.7,4.3,chongqing,2026-03-01T02:18:55.879209
2026-03-01T04:00,14.7,85,12.2,15.0,13,0.0,0.0,0.0,0.0,0.0,3,1011.6,983.6,100,24140.0,2.1,4.7,chongqing,2026-03-01T02:18:55.879209
2026-03-01T05:00,14.9,84,12.2,15.0,8,0.0,0.0,0.0,0.0,0.0,3,1011.4,983.4,100,24140.0,3.6,7.2,chongqing,2026-03-01T02:18:55.879209
2026-03-01T06:00,14.9,83,12.0,15.0,5,0.0,0.0,0.0,0.0,0.0,3,1010.9,983.0,100,24140.0,3.8,7.9,chongqing,2026-03-01T02:18:55.879209
2026-03-01T07:00,15.0,84,12.3,15.2,13,0.0,0.0,0.0,0.0,0.0,3,1010.7,982.8,100,24140.0,2.9,7.6,chongqing,2026-03-01T02:18:55.879209
2026-03-01T08:00,15.1,82,12.1,15.3,5,0.0,0.0,0.0,0.0,0.0,3,1010.8,982.9,98,24140.0,3.2,6.5,chongqing,2026-03-01T02:18:55.879209
2026-03-01T09:00,15.2,82,12.1,15.5,3,0.0,0.0,0.0,0.0,0.0,3,1011.5,983.6,98,24140.0,2.4,6.5,chongqing,2026-03-01T02:18:55.879209
2026-03-01T10:00,15.1,82,12.1,15.5,0,0.0,0.0,0.0,0.0,0.0,3,1012.0,984.0,97,24140.0,1.8,4.7,chongqing,2026-03-01T02:18:55.879209
2026-03-01T11:00,14.9,83,12.0,15.0,3,0.0,0.0,0.0,0.0,0.0,3,1012.6,984.6,97,24140.0,3.5,7.2,chongqing,2026-03-01T02:18:55.879209
2026-03-01T12:00,14.6,86,12.2,14.8,0,0.0,0.0,0.0,0.0,0.0,3,1013.4,985.4,89,24140.0,2.9,7.2,chongqing,2026-03-01T02:18:55.879209
2026-03-01T13:00,14.2,89,12.4,14.9,0,0.0,0.0,0.0,0.0,0.0,3,1014.2,986.1,85,24140.0,0.5,6.1,chongqing,2026-03-01T02:18:55.879209
2026-03-01T14:00,14.0,90,12.4,14.5,0,0.0,0.0,0.0,0.0,0.0,3,1014.7,986.6,94,24140.0,1.8,3.6,chongqing,2026-03-01T02:18:55.879209
2026-03-01T15:00,13.8,93,12.7,14.4,0,0.0,0.0,0.0,0.0,0.0,3,1015.1,986.9,100,24140.0,1.8,4.0,chongqing,2026-03-01T02:18:55.879209
2026-03-01T16:00,13.7,95,12.9,14.3,3,0.0,0.0,0.0,0.0,0.0,3,1015.1,986.9,100,24140.0,1.5,3.6,chongqing,2026-03-01T02:18:55.879209
2026-03-01T17:00,13.5,96,12.8,13.9,13,0.0,0.0,0.0,0.0,0.0,45,1015.3,987.1,97,24140.0,3.3,6.1,chongqing,2026-03-01T02:18:55.879209
2026-03-01T18:00,13.6,94,12.7,13.9,20,0.0,0.0,0.0,0.0,0.0,3,1015.7,987.5,99,24140.0,3.8,7.6,chongqing,2026-03-01T02:18:55.879209
2026-03-01T19:00,13.6,92,12.3,13.8,25,0.0,0.0,0.0,0.0,0.0,3,1015.7,987.5,100,24140.0,3.3,7.2,chongqing,2026-03-01T02:18:55.879209
2026-03-01T20:00,13.5,90,11.9,13.6,30,0.0,0.0,0.0,0.0,0.0,3,1015.3,987.1,100,24140.0,3.4,7.9,chongqing,2026-03-01T02:18:55.879209
2026-03-01T21:00,13.4,91,11.9,13.8,33,0.0,0.0,0.0,0.0,0.0,3,1015.0,986.8,100,24140.0,1.3,7.2,chongqing,2026-03-01T02:18:55.879209
2026-03-01T22:00,13.2,91,11.8,13.4,40,0.0,0.0,0.0,0.0,0.0,3,1015.3,987.1,100,24140.0,2.3,4.7,chongqing,2026-03-01T02:18:55.879209
2026-03-01T23:00,13.2,91,11.7,13.2,40,0.0,0.0,0.0,0.0,0.0,3,1016.0,987.7,100,24140.0,3.3,5.8,chongqing,2026-03-01T02:18:55.879209
2026-03-01T00:00,19.7,90,18.0,21.1,3,0.0,0.0,0.0,0.0,0.0,3,1010.5,1008.0,95,24140.0,10.2,21.2,guangzhou,2026-03-01T02:19:33.503837
2026-03-01T01:00,20.2,89,18.4,21.8,3,0.0,0.0,0.0,0.0,0.0,3,1011.1,1008.6,95,24140.0,10.4,23.0,guangzhou,2026-03-01T02:19:33.503837
2026-03-01T02:00,21.3,87,19.1,23.1,3,0.0,0.0,0.0,0.0,0.0,3,1011.5,1009.0,93,24140.0,11.4,23.8,guangzhou,2026-03-01T02:19:33.503837
2026-03-01T03:00,23.0,81,19.5,24.6,0,0.0,0.0,0.0,0.0,0.0,3,1011.1,1008.7,99,24140.0,13.7,29.5,guangzhou,2026-03-01T02:19:33.503837
2026-03-01T04:00,24.2,78,20.2,25.8,5,0.0,0.0,0.0,0.0,0.0,3,1010.5,1008.1,96,24140.0,16.3,34.9,guangzhou,2026-03-01T02:19:33.503837
2026-03-01T05:00,24.5,78,20.4,26.5,18,0.1,0.0,0.1,0.0,0.0,3,1010.0,1007.6,100,24140.0,13.8,36.0,guangzhou,2026-03-01T02:19:33.503837
2026-03-01T06:00,25.0,78,20.9,27.7,15,0.0,0.0,0.0,0.0,0.0,2,1009.0,1006.6,81,24140.0,11.2,28.4,guangzhou,2026-03-01T02:19:33.503837
2026-03-01T07:00,25.7,75,21.0,28.1,30,0.3,0.0,0.3,0.0,0.0,80,1008.1,1005.7,94,24140.0,13.7,33.8,guangzhou,2026-03-01T02:19:33.503837
2026-03-01T08:00,25.0,78,20.9,27.6,43,0.4,0.0,0.4,0.0,0.0,80,1007.9,1005.5,91,24140.0,12.3,34.2,guangzhou,2026-03-01T02:19:33.503837
2026-03-01T09:00,24.8,80,21.1,27.7,43,0.2,0.0,0.2,0.0,0.0,3,1008.1,1005.7,90,24140.0,10.7,30.6,guangzhou,2026-03-01T02:19:33.503837
2026-03-01T10:00,24.8,81,21.3,28.0,48,0.2,0.0,0.2,0.0,0.0,2,1008.6,1006.2,81,24140.0,9.3,26.6,guangzhou,2026-03-01T02:19:33.503837
2026-03-01T11:00,24.2,84,21.4,27.5,55,0.0,0.0,0.0,0.0,0.0,3,1009.1,1006.7,90,24140.0,8.9,19.8,guangzhou,2026-03-01T02:19:33.503837
2026-03-01T12:00,23.7,87,21.4,27.3,40,0.0,0.0,0.0,0.0,0.0,3,1010.0,1007.6,85,24140.0,7.5,17.6,guangzhou,2026-03-01T02:19:33.503837
2026-03-01T13:00,23.2,90,21.5,26.6,38,0.1,0.0,0.1,0.0,0.0,3,1010.5,1008.1,86,24140.0,8.4,16.6,guangzhou,2026-03-01T02:19:33.503837
2026-03-01T14:00,22.8,91,21.2,26.0,30,0.0,0.0,0.0,0.0,0.0,2,1010.5,1008.1,80,24140.0,8.9,18.4,guangzhou,2026-03-01T02:19:33.503837
2026-03-01T15:00,22.4,92,21.0,25.6,20,0.0,0.0,0.0,0.0,0.0,2,1010.5,1008.1,77,24140.0,8.4,18.0,guangzhou,2026-03-01T02:19:33.503837
2026-03-01T16:00,22.2,93,21.0,25.4,13,0.0,0.0,0.0,0.0,0.0,3,1010.3,1007.8,94,24140.0,7.9,16.6,guangzhou,2026-03-01T02:19:33.503837
2026-03-01T17:00,22.1,94,21.1,25.4,13,0.0,0.0,0.0,0.0,0.0,3,1010.4,1007.9,90,24140.0,7.5,15.8,guangzhou,2026-03-01T02:19:33.503837
2026-03-01T18:00,22.1,94,21.1,25.6,8,0.0,0.0,0.0,0.0,0.0,3,1010.5,1008.0,97,24140.0,6.4,15.1,guangzhou,2026-03-01T02:19:33.503837
2026-03-01T19:00,22.0,94,21.0,25.6,8,0.0,0.0,0.0,0.0,0.0,3,1010.4,1007.9,96,24140.0,5.4,12.6,guangzhou,2026-03-01T02:19:33.503837
2026-03-01T20:00,21.9,94,20.9,25.4,15,0.0,0.0,0.0,0.0,0.0,3,1010.1,1007.6,96,23920.0,6.2,12.6,guangzhou,2026-03-01T02:19:33.503837
2026-03-01T21:00,21.9,94,20.9,25.3,25,0.0,0.0,0.0,0.0,0.0,3,1010.2,1007.7,91,23840.0,6.5,13.0,guangzhou,2026-03-01T02:19:33.503837
2026-03-01T22:00,21.8,94,20.8,25.2,23,0.0,0.0,0.0,0.0,0.0,3,1010.7,1008.2,86,23520.0,5.6,13.7,guangzhou,2026-03-01T02:19:33.503837
2026-03-01T23:00,21.7,94,20.7,25.1,23,0.0,0.0,0.0,0.0,0.0,3,1011.5,1009.0,93,23900.0,5.7,11.5,guangzhou,2026-03-01T02:19:33.503837
2026-03-01T00:00,20.2,92,18.8,21.4,0,0.0,0.0,0.0,0.0,0.0,3,1011.9,1011.9,100,16340.0,14.4,33.8,hong_kong,2026-03-01T02:19:35.948508
2026-03-01T01:00,20.6,91,19.1,21.4,0,0.0,0.0,0.0,0.0,0.0,3,1012.1,1012.1,94,17280.0,17.6,40.0,hong_kong,2026-03-01T02:19:35.948508
2026-03-01T02:00,21.3,89,19.4,22.9,0,0.0,0.0,0.0,0.0,0.0,3,1012.4,1012.4,94,18840.0,13.8,40.0,hong_kong,2026-03-01T02:19:35.948508
2026-03-01T03:00,21.6,89,19.7,23.1,0,0.0,0.0,0.0,0.0,0.0,3,1012.2,1012.2,93,16580.0,15.5,39.2,hong_kong,2026-03-01T02:19:35.948508
2026-03-01T04:00,22.7,86,20.2,24.9,0,0.0,0.0,0.0,0.0,0.0,3,1012.0,1012.0,89,15240.0,12.4,35.6,hong_kong,2026-03-01T02:19:35.948508
2026-03-01T05:00,22.7,86,20.3,24.8,0,0.0,0.0,0.0,0.0,0.0,3,1011.3,1011.3,91,14540.0,13.3,29.2,hong_kong,2026-03-01T02:19:35.948508
2026-03-01T06:00,22.8,85,20.2,25.2,0,0.0,0.0,0.0,0.0,0.0,3,1010.5,1010.5,89,13960.0,11.0,30.2,hong_kong,2026-03-01T02:19:35.948508
2026-03-01T07:00,23.6,83,20.6,26.2,0,0.0,0.0,0.0,0.0,0.0,3,1009.6,1009.6,94,13740.0,11.1,25.6,hong_kong,2026-03-01T02:19:35.948508
2026-03-01T08:00,23.2,86,20.7,26.0,0,0.0,0.0,0.0,0.0,0.0,3,1009.3,1009.3,91,13700.0,9.7,24.5,hong_kong,2026-03-01T02:19:35.948508
2026-03-01T09:00,22.6,87,20.4,25.4,0,0.0,0.0,0.0,0.0,0.0,3,1009.5,1009.5,85,13720.0,8.7,23.0,hong_kong,2026-03-01T02:19:35.948508
2026-03-01T10:00,22.2,88,20.2,25.0,3,0.0,0.0,0.0,0.0,0.0,3,1010.0,1010.0,87,13840.0,8.0,22.3,hong_kong,2026-03-01T02:19:35.948508
2026-03-01T11:00,21.9,90,20.2,24.9,3,0.0,0.0,0.0,0.0,0.0,3,1010.6,1010.6,89,24140.0,6.5,20.2,hong_kong,2026-03-01T02:19:35.948508
2026-03-01T12:00,21.7,91,20.2,24.9,0,0.0,0.0,0.0,0.0,0.0,3,1011.3,1011.3,91,24140.0,5.8,16.6,hong_kong,2026-03-01T02:19:35.948508
2026-03-01T13:00,21.6,92,20.2,24.8,0,0.0,0.0,0.0,0.0,0.0,3,1011.6,1011.6,86,24140.0,5.1,15.1,hong_kong,2026-03-01T02:19:35.948508
2026-03-01T14:00,21.5,93,20.3,24.7,0,0.0,0.0,0.0,0.0,0.0,3,1011.6,1011.6,83,14520.0,5.4,14.0,hong_kong,2026-03-01T02:19:35.948508
2026-03-01T15:00,21.4,93,20.3,24.7,0,0.0,0.0,0.0,0.0,0.0,3,1011.5,1011.5,85,14120.0,5.1,14.0,hong_kong,2026-03-01T02:19:35.948508
2026-03-01T16:00,21.4,94,20.4,24.7,0,0.0,0.0,0.0,0.0,0.0,3,1011.3,1011.3,85,14180.0,5.1,13.0,hong_kong,2026-03-01T02:19:35.948508
2026-03-01T17:00,21.3,94,20.3,24.6,0,0.0,0.0,0.0,0.0,0.0,3,1011.2,1011.2,83,14260.0,5.4,13.3,hong_kong,2026-03-01T02:19:35.948508
2026-03-01T18:00,21.3,94,20.3,24.6,5,0.0,0.0,0.0,0.0,0.0,3,1011.0,1011.0,98,14600.0,5.2,14.0,hong_kong,2026-03-01T02:19:35.948508
2026-03-01T19:00,21.3,95,20.5,24.8,10,0.0,0.0,0.0,0.0,0.0,3,1010.8,1010.8,87,9040.0,4.2,13.0,hong_kong,2026-03-01T02:19:35.948508
2026-03-01T20:00,21.2,95,20.4,24.7,10,0.0,0.0,0.0,0.0,0.0,3,1010.8,1010.8,99,7960.0,4.0,10.8,hong_kong,2026-03-01T02:19:35.948508
2026-03-01T21:00,21.3,95,20.5,24.8,20,0.0,0.0,0.0,0.0,0.0,3,1010.9,1010.9,95,6140.0,3.9,11.2,hong_kong,2026-03-01T02:19:35.948508
2026-03-01T22:00,21.3,95,20.5,24.9,23,0.2,0.0,0.2,0.0,0.0,80,1011.4,1011.4,100,16980.0,3.5,10.1,hong_kong,2026-03-01T02:19:35.948508
2026-03-01T23:00,21.3,95,20.5,24.6,18,1.1,0.0,1.1,0.0,0.0,80,1011.9,1011.9,96,24140.0,5.1,13.7,hong_kong,2026-03-01T02:19:35.948508
2026-03-01T00:00,21.0,91,19.4,21.8,0,0.0,0.0,0.0,0.0,0.0,3,1010.7,1008.0,91,24140.0,18.7,33.8,macau,2026-03-01T02:20:13.574874
2026-03-01T01:00,22.0,88,19.9,22.7,0,0.0,0.0,0.0,0.0,0.0,3,1011.3,1008.6,87,24140.0,21.0,38.9,macau,2026-03-01T02:20:13.574874
2026-03-01T02:00,22.8,86,20.3,23.4,0,0.0,0.0,0.0,0.0,0.0,3,1011.8,1009.1,86,24140.0,23.2,38.9,macau,2026-03-01T02:20:13.574874
2026-03-01T03:00,23.4,83,20.4,24.0,3,0.0,0.0,0.0,0.0,0.0,3,1011.7,1009.0,94,24140.0,24.0,41.8,macau,2026-03-01T02:20:13.574874
2026-03-01T04:00,24.1,81,20.6,24.7,3,0.0,0.0,0.0,0.0,0.0,3,1011.1,1008.4,95,24140.0,25.0,41.8,macau,2026-03-01T02:20:13.574874
2026-03-01T05:00,24.2,82,20.9,25.5,8,0.0,0.0,0.0,0.0,0.0,3,1010.7,1008.0,90,24140.0,20.9,41.8,macau,2026-03-01T02:20:13.574874
2026-03-01T06:00,24.4,81,20.9,25.8,8,0.0,0.0,0.0,0.0,0.0,3,1009.6,1006.9,94,24140.0,20.1,34.6,macau,2026-03-01T02:20:13.574874
2026-03-01T07:00,24.5,82,21.2,26.0,8,0.0,0.0,0.0,0.0,0.0,3,1008.8,1006.1,89,24140.0,20.4,36.0,macau,2026-03-01T02:20:13.574874
2026-03-01T08:00,24.1,85,21.4,26.2,3,0.0,0.0,0.0,0.0,0.0,3,1008.7,1006.0,89,24140.0,17.6,33.8,macau,2026-03-01T02:20:13.574874
2026-03-01T09:00,23.7,87,21.4,26.1,3,0.0,0.0,0.0,0.0,0.0,3,1008.8,1006.1,85,24140.0,15.0,29.2,macau,2026-03-01T02:20:13.574874
2026-03-01T10:00,23.4,89,21.5,26.2,0,0.0,0.0,0.0,0.0,0.0,3,1009.2,1006.5,82,24140.0,12.7,24.8,macau,2026-03-01T02:20:13.574874
2026-03-01T11:00,23.0,91,21.4,26.2,0,0.0,0.0,0.0,0.0,0.0,3,1009.8,1007.1,86,24140.0,9.2,20.9,macau,2026-03-01T02:20:13.574874
2026-03-01T12:00,22.8,92,21.4,26.2,0,0.0,0.0,0.0,0.0,0.0,3,1010.6,1007.9,86,24140.0,7.6,15.8,macau,2026-03-01T02:20:13.574874
2026-03-01T13:00,22.5,93,21.3,26.0,0,0.0,0.0,0.0,0.0,0.0,2,1010.9,1008.2,81,24140.0,6.9,13.3,macau,2026-03-01T02:20:13.574874
2026-03-01T14:00,22.3,94,21.2,25.8,0,0.0,0.0,0.0,0.0,0.0,3,1010.9,1008.2,84,24140.0,6.4,11.5,macau,2026-03-01T02:20:13.574874
2026-03-01T15:00,22.1,95,21.2,25.7,0,0.0,0.0,0.0,0.0,0.0,3,1010.9,1008.2,87,24140.0,5.6,10.8,macau,2026-03-01T02:20:13.574874
2026-03-01T16:00,22.0,95,21.1,25.5,3,0.0,0.0,0.0,0.0,0.0,3,1010.7,1008.0,94,24140.0,6.2,10.8,macau,2026-03-01T02:20:13.574874
2026-03-01T17:00,21.9,95,21.1,25.5,0,0.0,0.0,0.0,0.0,0.0,3,1010.5,1007.8,96,24140.0,6.0,11.5,macau,2026-03-01T02:20:13.574874
2026-03-01T18:00,21.8,95,21.0,25.6,3,0.0,0.0,0.0,0.0,0.0,3,1010.7,1008.0,93,24140.0,4.1,10.4,macau,2026-03-01T02:20:13.574874
2026-03-01T19:00,21.8,95,21.0,25.6,8,0.0,0.0,0.0,0.0,0.0,3,1010.6,1007.9,100,11560.0,4.0,9.7,macau,2026-03-01T02:20:13.574874
2026-03-01T20:00,21.8,95,21.0,25.5,10,0.0,0.0,0.0,0.0,0.0,3,1010.4,1007.7,97,24140.0,4.7,7.9,macau,2026-03-01T02:20:13.574874
2026-03-01T21:00,21.9,94,20.9,25.2,13,0.0,0.0,0.0,0.0,0.0,3,1010.4,1007.7,100,24140.0,7.2,13.7,macau,2026-03-01T02:20:13.574874
2026-03-01T22:00,21.8,94,20.8,25.5,20,1.0,0.0,1.0,0.0,0.0,80,1010.9,1008.2,98,24140.0,3.9,11.9,macau,2026-03-01T02:20:13.574874
2026-03-01T23:00,21.8,95,20.9,25.5,15,0.0,0.0,0.0,0.0,0.0,3,1011.6,1008.9,96,24140.0,3.9,7.6,macau,2026-03-01T02:20:13.574874
2026-03-01T00:00,11.7,81,8.6,9.4,8,0.0,0.0,0.0,0.0,0.0,3,1016.9,1016.5,100,24140.0,13.7,31.0,shanghai,2026-03-01T02:20:51.185100
2026-03-01T01:00,12.2,80,8.9,10.0,13,0.0,0.0,0.0,0.0,0.0,3,1017.0,1016.6,100,24140.0,13.0,31.3,shanghai,2026-03-01T02:20:51.185100
2026-03-01T02:00,13.2,76,9.1,10.9,25,0.0,0.0,0.0,0.0,0.0,3,1016.6,1016.2,100,24140.0,14.1,33.1,shanghai,2026-03-01T02:20:51.185100
2026-03-01T03:00,13.5,75,9.2,11.3,38,0.0,0.0,0.0,0.0,0.0,3,1016.7,1016.3,100,24140.0,13.9,32.4,shanghai,2026-03-01T02:20:51.185100
2026-03-01T04:00,13.5,78,9.8,11.6,60,0.2,0.2,0.0,0.0,0.0,61,1015.9,1015.5,100,22740.0,12.9,32.0,shanghai,2026-03-01T02:20:51.185100
2026-03-01T05:00,13.2,83,10.4,11.6,88,1.2,1.2,0.0,0.0,0.0,61,1015.3,1014.9,100,24140.0,11.3,29.5,shanghai,2026-03-01T02:20:51.185100
2026-03-01T06:00,12.8,87,10.7,11.3,95,1.5,1.5,0.0,0.0,0.0,61,1014.4,1014.0,100,12140.0,11.5,27.4,shanghai,2026-03-01T02:20:51.185100
2026-03-01T07:00,12.5,89,10.8,11.0,98,1.3,1.3,0.0,0.0,0.0,61,1013.8,1013.4,100,10640.0,12.1,27.4,shanghai,2026-03-01T02:20:51.185100
2026-03-01T08:00,12.2,91,10.8,10.7,93,0.9,0.9,0.0,0.0,0.0,61,1013.3,1012.9,100,8240.0,12.1,28.1,shanghai,2026-03-01T02:20:51.185100
2026-03-01T09:00,12.0,93,10.9,10.6,83,1.4,1.4,0.0,0.0,0.0,61,1013.2,1012.8,100,10200.0,12.0,27.7,shanghai,2026-03-01T02:20:51.185100
2026-03-01T10:00,11.9,94,11.0,10.7,90,2.1,2.1,0.0,0.0,0.0,61,1013.7,1013.3,100,20240.0,10.5,27.4,shanghai,2026-03-01T02:20:51.185100
2026-03-01T11:00,11.8,95,11.1,10.6,90,2.9,2.8,0.0,0.0,0.0,63,1013.8,1013.4,100,2780.0,10.9,24.8,shanghai,2026-03-01T02:20:51.185100
2026-03-01T12:00,11.9,95,11.1,10.5,98,1.5,1.5,0.0,0.0,0.0,61,1013.4,1013.0,100,1020.0,12.0,26.6,shanghai,2026-03-01T02:20:51.185100
2026-03-01T13:00,12.0,96,11.4,10.9,88,4.5,4.5,0.0,0.0,0.0,63,1012.9,1012.5,100,640.0,10.6,28.1,shanghai,2026-03-01T02:20:51.185100
2026-03-01T14:00,12.0,96,11.4,11.3,88,7.3,7.1,0.1,0.0,0.0,63,1013.0,1012.6,100,940.0,7.6,23.8,shanghai,2026-03-01T02:20:51.185100
2026-03-01T15:00,11.9,96,11.3,11.2,70,4.4,4.4,0.0,0.0,0.0,63,1012.4,1012.0,100,2220.0,7.2,18.0,shanghai,2026-03-01T02:20:51.185100
2026-03-01T16:00,11.8,97,11.4,11.0,50,1.7,1.7,0.0,0.0,0.0,61,1011.5,1011.1,100,2580.0,8.3,18.7,shanghai,2026-03-01T02:20:51.185100
2026-03-01T17:00,12.0,97,11.5,11.8,48,0.3,0.3,0.0,0.0,0.0,61,1011.1,1010.7,100,460.0,4.7,18.4,shanghai,2026-03-01T02:20:51.185100
2026-03-01T18:00,12.0,98,11.7,12.3,35,0.6,0.5,0.1,0.0,0.0,61,1011.0,1010.6,100,220.0,2.0,9.7,shanghai,2026-03-01T02:20:51.185100
2026-03-01T19:00,12.1,98,11.8,11.7,28,0.2,0.2,0.0,0.0,0.0,61,1010.7,1010.3,100,860.0,6.3,14.0,shanghai,2026-03-01T02:20:51.185100
2026-03-01T20:00,12.2,98,11.9,11.4,23,0.3,0.3,0.0,0.0,0.0,53,1010.8,1010.4,100,18680.0,9.1,20.2,shanghai,2026-03-01T02:20:51.185100
2026-03-01T21:00,12.3,96,11.7,11.2,10,0.0,0.0,0.0,0.0,0.0,3,1011.1,1010.7,100,20560.0,10.8,24.1,shanghai,2026-03-01T02:20:51.185100
2026-03-01T22:00,12.3,94,11.4,10.4,5,0.0,0.0,0.0,0.0,0.0,3,1011.7,1011.3,100,24140.0,16.0,36.7,shanghai,2026-03-01T02:20:51.185100
2026-03-01T23:00,12.2,92,10.9,10.0,5,0.0,0.0,0.0,0.0,0.0,3,1012.3,1011.9,100,24140.0,16.8,37.8,shanghai,2026-03-01T02:20:51.185100
2026-03-01T00:00,20.2,89,18.3,21.2,0,0.0,0.0,0.0,0.0,0.0,3,1010.9,1010.1,91,24140.0,13.8,25.6,shenzhen,2026-03-01T02:22:08.960168
2026-03-01T01:00,21.1,86,18.7,22.7,0,0.0,0.0,0.0,0.0,0.0,3,1011.5,1010.7,93,24140.0,10.8,29.2,shenzhen,2026-03-01T02:22:08.960168
2026-03-01T02:00,22.0,82,18.8,23.5,0,0.0,0.0,0.0,0.0,0.0,3,1012.0,1011.2,88,24140.0,12.3,23.4,shenzhen,2026-03-01T02:22:08.960168
2026-03-01T03:00,22.6,81,19.2,24.4,0,0.0,0.0,0.0,0.0,0.0,3,1012.0,1011.2,93,24140.0,12.0,23.0,shenzhen,2026-03-01T02:22:08.960168
2026-03-01T04:00,23.5,80,19.9,25.0,3,0.0,0.0,0.0,0.0,0.0,3,1011.4,1010.6,92,24140.0,16.4,31.0,shenzhen,2026-03-01T02:22:08.960168
2026-03-01T05:00,24.3,76,19.8,25.7,13,0.0,0.0,0.0,0.0,0.0,3,1010.6,1009.8,91,24140.0,16.3,32.0,shenzhen,2026-03-01T02:22:08.960168
2026-03-01T06:00,25.1,75,20.3,26.9,5,0.0,0.0,0.0,0.0,0.0,3,1009.8,1009.0,88,24140.0,15.0,31.0,shenzhen,2026-03-01T02:22:08.960168
2026-03-01T07:00,25.1,76,20.6,27.1,3,0.0,0.0,0.0,0.0,0.0,2,1008.8,1008.0,80,24140.0,14.7,30.2,shenzhen,2026-03-01T02:22:08.960168
2026-03-01T08:00,24.7,78,20.6,26.9,0,0.0,0.0,0.0,0.0,0.0,3,1008.6,1007.8,86,24140.0,13.2,27.4,shenzhen,2026-03-01T02:22:08.960168
2026-03-01T09:00,24.7,78,20.6,27.3,8,0.0,0.0,0.0,0.0,0.0,2,1008.8,1008.0,80,24140.0,10.7,24.8,shenzhen,2026-03-01T02:22:08.960168
2026-03-01T10:00,24.3,81,20.8,27.2,8,0.0,0.0,0.0,0.0,0.0,3,1009.3,1008.5,86,24140.0,9.2,20.5,shenzhen,2026-03-01T02:22:08.960168
2026-03-01T11:00,23.6,85,21.0,26.9,3,0.0,0.0,0.0,0.0,0.0,3,1009.9,1009.1,84,24140.0,7.4,17.3,shenzhen,2026-03-01T02:22:08.960168
2026-03-01T12:00,23.2,87,20.9,26.7,8,0.0,0.0,0.0,0.0,0.0,3,1010.6,1009.8,86,24140.0,5.6,14.0,shenzhen,2026-03-01T02:22:08.960168
2026-03-01T13:00,22.9,87,20.6,26.4,3,0.0,0.0,0.0,0.0,0.0,3,1011.0,1010.2,87,24140.0,4.6,10.1,shenzhen,2026-03-01T02:22:08.960168
2026-03-01T14:00,22.6,88,20.5,26.1,3,0.0,0.0,0.0,0.0,0.0,2,1011.0,1010.2,74,24140.0,4.6,9.0,shenzhen,2026-03-01T02:22:08.960168
2026-03-01T15:00,22.3,89,20.4,25.7,0,0.0,0.0,0.0,0.0,0.0,2,1011.0,1010.2,58,24140.0,4.9,8.6,shenzhen,2026-03-01T02:22:08.960168
2026-03-01T16:00,22.0,90,20.3,25.5,0,0.0,0.0,0.0,0.0,0.0,2,1010.8,1010.0,79,24140.0,4.1,8.6,shenzhen,2026-03-01T02:22:08.960168
2026-03-01T17:00,21.8,91,20.3,25.2,5,0.0,0.0,0.0,0.0,0.0,2,1010.7,1009.9,79,24140.0,4.0,7.6,shenzhen,2026-03-01T02:22:08.960168
2026-03-01T18:00,21.7,92,20.3,25.2,8,0.0,0.0,0.0,0.0,0.0,3,1010.7,1009.9,88,24140.0,3.4,7.2,shenzhen,2026-03-01T02:22:08.960168
2026-03-01T19:00,21.6,92,20.3,25.2,15,0.0,0.0,0.0,0.0,0.0,3,1010.9,1010.1,92,15080.0,3.1,6.1,shenzhen,2026-03-01T02:22:08.960168
2026-03-01T20:00,21.6,92,20.2,25.1,30,0.0,0.0,0.0,0.0,0.0,3,1010.6,1009.8,99,22500.0,3.3,8.3,shenzhen,2026-03-01T02:22:08.960168
2026-03-01T21:00,21.6,92,20.2,25.0,35,0.0,0.0,0.0,0.0,0.0,3,1010.7,1009.9,92,8740.0,3.6,7.2,shenzhen,2026-03-01T02:22:08.960168
2026-03-01T22:00,21.6,92,20.2,24.8,48,0.4,0.0,0.4,0.0,0.0,80,1011.1,1010.3,95,24140.0,5.1,10.4,shenzhen,2026-03-01T02:22:08.960168
2026-03-01T23:00,21.7,92,20.3,25.1,43,0.0,0.0,0.0,0.0,0.0,3,1011.7,1010.9,91,24140.0,4.0,9.7,shenzhen,2026-03-01T02:22:08.960168
2026-03-01T00:00,13.3,86,11.0,12.9,35,0.0,0.0,0.0,0.0,0.0,3,1015.4,754.9,100,24140.0,4.5,14.4,bogota,2026-03-01T02:22:46.557409
2026-03-01T01:00,13.3,87,11.2,13.2,15,0.0,0.0,0.0,0.0,0.0,3,1015.9,755.3,100,24140.0,3.3,9.7,bogota,2026-03-01T02:22:46.557409
2026-03-01T02:00,13.4,87,11.3,13.1,8,0.0,0.0,0.0,0.0,0.0,3,1016.3,755.6,100,24140.0,4.3,9.7,bogota,2026-03-01T02:22:46.557409
2026-03-01T03:00,13.2,87,11.1,13.0,5,0.0,0.0,0.0,0.0,0.0,3,1016.3,755.5,90,24140.0,4.2,10.4,bogota,2026-03-01T02:22:46.557409
2026-03-01T04:00,13.0,88,11.1,12.9,13,0.0,0.0,0.0,0.0,0.0,3,1016.5,755.5,89,24140.0,3.3,10.1,bogota,2026-03-01T02:22:46.557409
2026-03-01T05:00,12.9,89,11.1,12.8,13,0.0,0.0,0.0,0.0,0.0,3,1016.1,755.1,89,24140.0,3.1,7.9,bogota,2026-03-01T02:22:46.557409
2026-03-01T06:00,12.8,89,11.0,12.7,18,0.0,0.0,0.0,0.0,0.0,3,1015.4,754.5,95,24140.0,2.8,7.9,bogota,2026-03-01T02:22:46.557409
2026-03-01T07:00,12.8,87,10.7,12.6,30,0.0,0.0,0.0,0.0,0.0,3,1014.8,754.1,99,24140.0,2.6,7.6,bogota,2026-03-01T02:22:46.557409
2026-03-01T08:00,12.7,86,10.4,12.5,23,0.0,0.0,0.0,0.0,0.0,3,1014.5,753.8,100,24140.0,2.8,8.3,bogota,2026-03-01T02:22:46.557409
2026-03-01T09:00,12.6,85,10.2,12.1,10,0.0,0.0,0.0,0.0,0.0,3,1014.8,754.0,100,24140.0,3.7,9.7,bogota,2026-03-01T02:22:46.557409
2026-03-01T10:00,12.6,85,10.1,11.9,10,0.0,0.0,0.0,0.0,0.0,3,1015.0,754.1,100,24140.0,4.8,11.5,bogota,2026-03-01T02:22:46.557409
2026-03-01T11:00,12.3,86,10.0,11.7,5,0.0,0.0,0.0,0.0,0.0,3,1015.8,754.4,100,24140.0,4.1,11.5,bogota,2026-03-01T02:22:46.557409
2026-03-01T12:00,12.2,89,10.4,11.5,5,0.0,0.0,0.0,0.0,0.0,3,1016.6,754.9,94,24140.0,5.4,13.0,bogota,2026-03-01T02:22:46.557409
2026-03-01T13:00,13.0,83,10.2,11.7,5,0.0,0.0,0.0,0.0,0.0,3,1017.7,756.4,93,24140.0,8.9,19.8,bogota,2026-03-01T02:22:46.557409
2026-03-01T14:00,14.1,76,10.0,12.8,0,0.0,0.0,0.0,0.0,0.0,3,1018.0,757.5,86,24140.0,9.0,20.9,bogota,2026-03-01T02:22:46.557409
2026-03-01T15:00,15.7,68,9.8,15.1,0,0.0,0.0,0.0,0.0,0.0,2,1017.2,758.0,79,24140.0,9.6,22.0,bogota,2026-03-01T02:22:46.557409
2026-03-01T16:00,16.9,63,9.8,17.0,0,0.0,0.0,0.0,0.0,0.0,2,1015.7,757.9,76,24140.0,7.4,21.2,bogota,2026-03-01T02:22:46.557409
2026-03-01T17:00,18.0,59,9.8,19.0,5,0.0,0.0,0.0,0.0,0.0,2,1014.2,757.5,75,24140.0,4.4,17.6,bogota,2026-03-01T02:22:46.557409
2026-03-01T18:00,18.3,57,9.7,19.2,25,0.0,0.0,0.0,0.0,0.0,3,1013.0,756.9,94,24140.0,3.3,12.6,bogota,2026-03-01T02:22:46.557409
2026-03-01T19:00,18.0,62,10.6,17.4,40,0.0,0.0,0.0,0.0,0.0,3,1012.4,756.2,100,23940.0,7.3,16.6,bogota,2026-03-01T02:22:46.557409
2026-03-01T20:00,16.9,75,12.4,16.3,53,0.0,0.0,0.0,0.0,0.0,3,1012.0,755.1,100,23720.0,9.0,20.9,bogota,2026-03-01T02:22:46.557409
2026-03-01T21:00,15.1,87,13.0,14.7,65,1.1,0.0,1.1,0.0,0.0,95,1012.8,754.4,100,23600.0,9.5,29.9,bogota,2026-03-01T02:22:46.557409
2026-03-01T22:00,14.4,89,12.6,13.8,73,1.1,0.0,1.1,0.0,0.0,80,1013.5,754.3,100,24140.0,9.4,25.6,bogota,2026-03-01T02:22:46.557409
2026-03-01T23:00,13.8,90,12.2,13.4,58,0.3,0.0,0.3,0.0,0.0,80,1014.0,754.3,100,24140.0,7.6,24.5,bogota,2026-03-01T02:22:46.557409
2026-03-01T00:00,25.7,70,19.8,29.0,23,0.4,0.0,0.4,0.0,0.0,80,1010.9,854.3,100,24140.0,3.1,16.9,medellin,2026-03-01T02:22:49.001794
2026-03-01T01:00,25.1,75,20.3,28.6,10,0.0,0.0,0.0,0.0,0.0,3,1011.7,854.7,100,24140.0,3.3,17.3,medellin,2026-03-01T02:22:49.001794
2026-03-01T02:00,24.6,78,20.5,28.3,5,0.0,0.0,0.0,0.0,0.0,3,1012.4,855.1,100,24140.0,2.5,18.0,medellin,2026-03-01T02:22:49.001794
2026-03-01T03:00,24.3,77,20.0,27.7,0,0.0,0.0,0.0,0.0,0.0,3,1012.3,854.9,100,24140.0,3.8,19.8,medellin,2026-03-01T02:22:49.001794
2026-03-01T04:00,24.1,75,19.4,27.2,0,0.0,0.0,0.0,0.0,0.0,3,1012.6,855.0,100,24140.0,3.4,19.8,medellin,2026-03-01T02:22:49.001794
2026-03-01T05:00,23.8,76,19.3,26.7,0,0.0,0.0,0.0,0.0,0.0,3,1012.5,854.8,94,24140.0,4.3,20.2,medellin,2026-03-01T02:22:49.001794
2026-03-01T06:00,23.5,76,19.1,26.2,0,0.0,0.0,0.0,0.0,0.0,3,1012.0,854.2,98,24140.0,4.7,20.2,medellin,2026-03-01T02:22:49.001794
2026-03-01T07:00,23.3,76,18.8,25.9,0,0.0,0.0,0.0,0.0,0.0,1,1011.4,853.6,43,24140.0,4.7,19.4,medellin,2026-03-01T02:22:49.001794
2026-03-01T08:00,23.1,76,18.6,25.6,0,0.0,0.0,0.0,0.0,0.0,2,1011.0,853.2,66,24140.0,4.7,18.4,medellin,2026-03-01T02:22:49.001794
2026-03-01T09:00,22.9,76,18.4,25.4,0,0.0,0.0,0.0,0.0,0.0,3,1011.5,853.5,82,24140.0,4.4,17.6,medellin,2026-03-01T02:22:49.001794
2026-03-01T10:00,22.2,79,18.4,24.6,0,0.0,0.0,0.0,0.0,0.0,2,1011.8,853.4,72,24140.0,4.7,17.3,medellin,2026-03-01T02:22:49.001794
2026-03-01T11:00,21.9,80,18.3,24.2,0,0.0,0.0,0.0,0.0,0.0,2,1012.6,853.9,79,24140.0,5.1,18.0,medellin,2026-03-01T02:22:49.001794
2026-03-01T12:00,22.3,78,18.3,24.6,0,0.0,0.0,0.0,0.0,0.0,2,1013.3,854.7,49,24140.0,4.7,18.4,medellin,2026-03-01T02:22:49.001794
2026-03-01T13:00,23.3,80,19.7,26.7,0,0.0,0.0,0.0,0.0,0.0,1,1014.0,855.8,17,24140.0,2.5,17.3,medellin,2026-03-01T02:22:49.001794
2026-03-01T14:00,24.7,75,20.0,28.4,0,0.0,0.0,0.0,0.0,0.0,1,1014.3,856.7,8,24140.0,1.1,16.6,medellin,2026-03-01T02:22:49.001794
2026-03-01T15:00,26.0,71,20.3,30.7,0,0.0,0.0,0.0,0.0,0.0,2,1013.9,857.0,75,24140.0,3.4,20.9,medellin,2026-03-01T02:22:49.001794
2026-03-01T16:00,27.3,66,20.4,32.7,0,0.0,0.0,0.0,0.0,0.0,2,1012.7,856.6,67,24140.0,4.8,22.0,medellin,2026-03-01T02:22:49.001794
2026-03-01T17:00,28.0,62,20.0,32.4,3,0.0,0.0,0.0,0.0,0.0,3,1011.2,855.6,87,24140.0,6.9,24.8,medellin,2026-03-01T02:22:49.001794
2026-03-01T18:00,28.8,58,19.7,33.4,10,0.0,0.0,0.0,0.0,0.0,2,1009.6,854.7,48,24140.0,7.9,27.4,medellin,2026-03-01T02:22:49.001794
2026-03-01T19:00,29.1,56,19.5,32.8,18,0.0,0.0,0.0,0.0,0.0,2,1008.4,853.8,76,24140.0,8.2,29.2,medellin,2026-03-01T02:22:49.001794
2026-03-01T20:00,29.2,53,18.7,32.0,28,0.0,0.0,0.0,0.0,0.0,3,1007.4,853.0,100,24140.0,7.7,28.4,medellin,2026-03-01T02:22:49.001794
2026-03-01T21:00,28.8,53,18.3,31.0,30,0.0,0.0,0.0,0.0,0.0,3,1007.2,852.7,100,24140.0,6.1,27.4,medellin,2026-03-01T02:22:49.001794
2026-03-01T22:00,28.5,55,18.6,31.2,35,0.0,0.0,0.0,0.0,0.0,3,1007.7,852.9,100,24140.0,3.3,22.3,medellin,2026-03-01T02:22:49.001794
2026-03-01T23:00,27.7,61,19.5,31.0,40,0.0,0.0,0.0,0.0,0.0,3,1008.2,853.0,100,24140.0,2.2,15.8,medellin,2026-03-01T02:22:49.001794
2026-03-01T00:00,25.6,47,13.5,25.6,1,0.0,0.0,0.0,0.0,0.0,2,1012.8,1008.3,71,41700.0,7.9,11.9,san_jose,2026-03-01T02:22:51.445880
2026-03-01T01:00,24.3,47,12.3,24.0,0,0.0,0.0,0.0,0.0,0.0,3,1012.5,1008.0,100,40700.0,7.6,9.0,san_jose,2026-03-01T02:22:51.445880
2026-03-01T02:00,22.2,55,12.7,21.8,0,0.0,0.0,0.0,0.0,0.0,3,1013.4,1008.8,100,33400.0,8.8,15.1,san_jose,2026-03-01T02:22:51.445880
2026-03-01T03:00,20.6,63,13.3,20.8,0,0.0,0.0,0.0,0.0,0.0,3,1014.3,1009.7,100,27500.0,5.7,15.1,san_jose,2026-03-01T02:22:51.445880
2026-03-01T04:00,19.3,67,13.1,19.8,0,0.0,0.0,0.0,0.0,0.0,3,1014.5,1009.9,100,24600.0,3.4,10.4,san_jose,2026-03-01T02:22:51.445880
2026-03-01T05:00,18.3,75,13.8,18.5,0,0.0,0.0,0.0,0.0,0.0,3,1014.4,1009.8,100,20600.0,7.3,21.6,san_jose,2026-03-01T02:22:51.445880
2026-03-01T06:00,16.9,72,11.9,16.6,0,0.0,0.0,0.0,0.0,0.0,3,1014.6,1010.0,100,21900.0,6.1,22.3,san_jose,2026-03-01T02:22:51.445880
2026-03-01T07:00,15.8,78,12.0,15.5,0,0.0,0.0,0.0,0.0,0.0,3,1015.0,1010.3,100,18900.0,6.9,20.9,san_jose,2026-03-01T02:22:51.445880
2026-03-01T08:00,15.2,85,12.7,15.4,0,0.0,0.0,0.0,0.0,0.0,3,1014.9,1010.2,100,16300.0,5.2,20.5,san_jose,2026-03-01T02:22:51.445880
2026-03-01T09:00,14.7,92,13.5,14.8,0,0.0,0.0,0.0,0.0,0.0,3,1015.0,1010.3,100,13000.0,7.3,16.2,san_jose,2026-03-01T02:22:51.445880
2026-03-01T10:00,14.2,95,13.4,14.2,0,0.0,0.0,0.0,0.0,0.0,3,1015.1,1010.4,100,12200.0,7.5,16.2,san_jose,2026-03-01T02:22:51.445880
2026-03-01T11:00,13.8,97,13.4,13.8,0,0.0,0.0,0.0,0.0,0.0,3,1014.8,1010.1,100,4000.0,7.7,13.3,san_jose,2026-03-01T02:22:51.445880
2026-03-01T12:00,13.5,98,13.2,13.4,0,0.0,0.0,0.0,0.0,0.0,45,1014.6,1009.9,100,300.0,8.0,13.0,san_jose,2026-03-01T02:22:51.445880
2026-03-01T13:00,13.6,97,13.1,13.5,0,0.0,0.0,0.0,0.0,0.0,3,1015.0,1010.3,100,12200.0,7.2,10.1,san_jose,2026-03-01T02:22:51.445880
2026-03-01T14:00,13.5,96,12.9,13.6,0,0.0,0.0,0.0,0.0,0.0,3,1015.5,1010.8,100,12200.0,5.8,7.6,san_jose,2026-03-01T02:22:51.445880
2026-03-01T15:00,13.4,96,12.8,13.5,0,0.0,0.0,0.0,0.0,0.0,3,1015.7,1011.0,100,12200.0,5.1,6.8,san_jose,2026-03-01T02:22:51.445880
2026-03-01T16:00,13.6,95,12.9,13.8,0,0.0,0.0,0.0,0.0,0.0,3,1016.2,1011.5,100,12200.0,5.1,6.1,san_jose,2026-03-01T02:22:51.445880
2026-03-01T17:00,14.0,93,12.9,14.2,1,0.0,0.0,0.0,0.0,0.0,3,1016.7,1012.0,100,13100.0,4.7,5.0,san_jose,2026-03-01T02:22:51.445880
2026-03-01T18:00,14.4,90,12.8,14.9,1,0.0,0.0,0.0,0.0,0.0,3,1016.6,1011.9,100,14000.0,3.1,2.9,san_jose,2026-03-01T02:22:51.445880
2026-03-01T19:00,15.8,86,13.5,16.6,1,0.0,0.0,0.0,0.0,0.0,3,1016.6,1011.9,100,16000.0,2.5,2.5,san_jose,2026-03-01T02:22:51.445880
2026-03-01T20:00,17.2,80,13.7,18.2,1,0.0,0.0,0.0,0.0,0.0,3,1016.4,1011.7,94,18500.0,7.3,9.4,san_jose,2026-03-01T02:22:51.445880
2026-03-01T21:00,18.3,71,13.0,18.9,1,0.0,0.0,0.0,0.0,0.0,3,1016.5,1011.9,99,22300.0,9.8,11.5,san_jose,2026-03-01T02:22:51.445880
2026-03-01T22:00,18.9,62,11.5,17.7,1,0.0,0.0,0.0,0.0,0.0,3,1016.3,1011.7,100,27500.0,13.8,16.6,san_jose,2026-03-01T02:22:51.445880
2026-03-01T23:00,18.1,65,11.4,16.2,1,0.0,0.0,0.0,0.0,0.0,0,1016.0,1011.4,5,25000.0,17.0,22.0,san_jose,2026-03-01T02:22:51.445880
2026-03-01T00:00,27.1,71,21.4,31.2,23,0.0,0.0,0.0,0.0,0.0,0,1014.7,1013.0,0,24140.0,3.1,5.0,havana,2026-03-01T02:24:09.266677
2026-03-01T01:00,26.3,78,22.2,30.9,20,0.0,0.0,0.0,0.0,0.0,0,1015.2,1013.5,0,24140.0,2.9,5.4,havana,2026-03-01T02:24:09.266677
2026-03-01T02:00,25.9,80,22.2,30.4,15,0.0,0.0,0.0,0.0,0.0,0,1015.8,1014.1,0,24140.0,3.8,6.5,havana,2026-03-01T02:24:09.266677
2026-03-01T03:00,25.3,82,22.0,29.5,20,0.0,0.0,0.0,0.0,0.0,0,1015.9,1014.2,0,24140.0,5.2,9.0,havana,2026-03-01T02:24:09.266677
2026-03-01T04:00,24.6,86,22.1,28.9,23,0.0,0.0,0.0,0.0,0.0,0,1016.2,1014.5,0,24140.0,4.8,9.4,havana,2026-03-01T02:24:09.266677
2026-03-01T05:00,24.1,88,22.0,28.3,23,0.0,0.0,0.0,0.0,0.0,0,1016.0,1014.3,0,24140.0,4.6,8.3,havana,2026-03-01T02:24:09.266677
2026-03-01T06:00,23.8,89,21.8,28.0,38,0.0,0.0,0.0,0.0,0.0,0,1016.1,1014.3,0,24140.0,4.1,7.9,havana,2026-03-01T02:24:09.266677
2026-03-01T07:00,23.5,88,21.4,27.4,30,0.0,0.0,0.0,0.0,0.0,0,1015.6,1013.8,0,24140.0,4.0,7.6,havana,2026-03-01T02:24:09.266677
2026-03-01T08:00,23.3,87,21.0,27.0,23,0.0,0.0,0.0,0.0,0.0,0,1015.3,1013.5,0,24140.0,4.1,7.6,havana,2026-03-01T02:24:09.266677
2026-03-01T09:00,23.1,87,20.8,26.7,28,0.0,0.0,0.0,0.0,0.0,0,1014.6,1012.8,0,24140.0,4.1,7.2,havana,2026-03-01T02:24:09.266677
2026-03-01T10:00,22.9,87,20.6,26.4,20,0.0,0.0,0.0,0.0,0.0,0,1015.2,1013.4,4,24140.0,4.7,7.9,havana,2026-03-01T02:24:09.266677
2026-03-01T11:00,22.7,87,20.4,26.0,23,0.0,0.0,0.0,0.0,0.0,1,1015.8,1014.0,20,24140.0,5.4,9.7,havana,2026-03-01T02:24:09.266677
2026-03-01T12:00,22.6,88,20.5,25.8,25,0.0,0.0,0.0,0.0,0.0,1,1016.8,1015.0,25,24140.0,6.1,11.2,havana,2026-03-01T02:24:09.266677
2026-03-01T13:00,22.8,88,20.7,26.0,30,0.0,0.0,0.0,0.0,0.0,1,1017.4,1015.6,7,24140.0,7.0,13.0,havana,2026-03-01T02:24:09.266677
2026-03-01T14:00,24.0,82,20.7,27.0,25,0.0,0.0,0.0,0.0,0.0,0,1017.8,1016.0,0,24140.0,8.4,16.6,havana,2026-03-01T02:24:09.266677
2026-03-01T15:00,25.5,75,20.8,28.3,10,0.0,0.0,0.0,0.0,0.0,0,1018.0,1016.3,3,24140.0,10.2,20.2,havana,2026-03-01T02:24:09.266677
2026-03-01T16:00,26.8,68,20.4,30.0,5,0.0,0.0,0.0,0.0,0.0,2,1017.9,1016.2,56,24140.0,10.1,20.5,havana,2026-03-01T02:24:09.266677
2026-03-01T17:00,27.7,63,20.0,31.5,13,0.1,0.0,0.1,0.0,0.0,2,1017.6,1015.9,49,24140.0,8.4,20.2,havana,2026-03-01T02:24:09.266677
2026-03-01T18:00,27.2,66,20.3,31.1,23,0.1,0.0,0.1,0.0,0.0,1,1016.9,1015.2,9,24140.0,9.5,23.8,havana,2026-03-01T02:24:09.266677
2026-03-01T19:00,27.0,71,21.3,31.0,28,0.1,0.0,0.1,0.0,0.0,2,1016.3,1014.6,57,23860.0,12.9,25.9,havana,2026-03-01T02:24:09.266677
2026-03-01T20:00,26.7,71,21.0,29.4,43,0.0,0.0,0.0,0.0,0.0,2,1015.9,1014.2,49,14580.0,15.7,31.0,havana,2026-03-01T02:24:09.266677
2026-03-01T21:00,26.7,72,21.2,28.7,28,0.0,0.0,0.0,0.0,0.0,2,1016.0,1014.3,47,22440.0,17.4,32.4,havana,2026-03-01T02:24:09.266677
2026-03-01T22:00,26.2,75,21.4,28.8,20,0.4,0.0,0.4,0.0,0.0,80,1016.3,1014.6,69,24140.0,13.6,32.0,havana,2026-03-01T02:24:09.266677
2026-03-01T23:00,25.9,76,21.4,28.1,18,0.0,0.0,0.0,0.0,0.0,2,1017.1,1015.4,54,24140.0,16.2,29.9,havana,2026-03-01T02:24:09.266677
2026-03-01T00:00,8.4,70,3.2,5.9,0,0.0,0.0,0.0,0.0,0.0,0,1019.5,1018.6,0,38000.0,6.2,13.7,larnaca,2026-03-01T02:25:27.046211
2026-03-01T01:00,8.1,71,3.1,5.5,0,0.0,0.0,0.0,0.0,0.0,0,1018.7,1017.8,11,37820.0,6.5,13.7,larnaca,2026-03-01T02:25:27.046211
2026-03-01T02:00,8.0,71,3.1,5.5,0,0.0,0.0,0.0,0.0,0.0,2,1019.0,1018.1,34,37540.0,6.3,13.3,larnaca,2026-03-01T02:25:27.046211
2026-03-01T03:00,8.3,69,2.9,5.7,0,0.0,0.0,0.0,0.0,0.0,2,1019.2,1018.3,49,38320.0,6.6,13.7,larnaca,2026-03-01T02:25:27.046211
2026-03-01T04:00,8.6,68,3.0,6.0,0,0.0,0.0,0.0,0.0,0.0,2,1020.0,1019.1,45,38840.0,7.0,14.4,larnaca,2026-03-01T02:25:27.046211
2026-03-01T05:00,9.1,66,3.0,6.4,0,0.0,0.0,0.0,0.0,0.0,1,1020.3,1019.4,39,39400.0,7.5,15.5,larnaca,2026-03-01T02:25:27.046211
2026-03-01T06:00,11.0,62,4.0,8.4,0,0.0,0.0,0.0,0.0,0.0,1,1020.8,1019.9,5,40080.0,7.7,16.2,larnaca,2026-03-01T02:25:27.046211
2026-03-01T07:00,12.5,55,3.7,9.6,0,0.0,0.0,0.0,0.0,0.0,0,1021.1,1020.2,0,40820.0,10.0,23.4,larnaca,2026-03-01T02:25:27.046211
2026-03-01T08:00,13.8,52,4.1,11.1,0,0.0,0.0,0.0,0.0,0.0,0,1021.2,1020.3,1,41000.0,10.2,24.1,larnaca,2026-03-01T02:25:27.046211
2026-03-01T09:00,14.8,46,3.2,12.9,0,0.0,0.0,0.0,0.0,0.0,2,1021.1,1020.3,22,41820.0,8.0,23.8,larnaca,2026-03-01T02:25:27.046211
2026-03-01T10:00,15.1,40,1.6,12.2,0,0.0,0.0,0.0,0.0,0.0,3,1020.5,1019.7,96,43260.0,8.0,20.9,larnaca,2026-03-01T02:25:27.046211
2026-03-01T11:00,14.2,47,3.0,10.8,0,0.1,0.0,0.1,0.0,0.0,3,1020.5,1019.7,94,41740.0,11.7,27.7,larnaca,2026-03-01T02:25:27.046211
2026-03-01T12:00,14.3,47,3.1,11.6,3,0.0,0.0,0.0,0.0,0.0,3,1020.3,1019.5,91,41820.0,7.9,27.0,larnaca,2026-03-01T02:25:27.046211
2026-03-01T13:00,14.4,48,3.5,11.0,5,0.0,0.0,0.0,0.0,0.0,3,1020.2,1019.4,90,41680.0,12.8,28.4,larnaca,2026-03-01T02:25:27.046211
2026-03-01T14:00,14.0,48,3.2,10.9,0,0.0,0.0,0.0,0.0,0.0,2,1020.3,1019.5,73,41740.0,10.1,29.2,larnaca,2026-03-01T02:25:27.046211
2026-03-01T15:00,13.8,51,3.8,11.3,0,0.0,0.0,0.0,0.0,0.0,2,1020.5,1019.6,60,41420.0,6.6,22.7,larnaca,2026-03-01T02:25:27.046211
2026-03-01T16:00,13.1,60,5.5,11.4,0,0.0,0.0,0.0,0.0,0.0,1,1021.1,1020.2,48,40500.0,3.6,14.4,larnaca,2026-03-01T02:25:27.046211
2026-03-01T17:00,11.8,70,6.5,10.0,0,0.0,0.0,0.0,0.0,0.0,1,1021.5,1020.6,26,37420.0,5.6,11.5,larnaca,2026-03-01T02:25:27.046211
2026-03-01T18:00,10.7,73,6.0,8.8,0,0.0,0.0,0.0,0.0,0.0,1,1021.6,1020.7,10,36300.0,5.6,12.2,larnaca,2026-03-01T02:25:27.046211
2026-03-01T19:00,9.8,74,5.3,7.7,0,0.0,0.0,0.0,0.0,0.0,0,1021.3,1020.4,8,36120.0,6.5,13.7,larnaca,2026-03-01T02:25:27.046211
2026-03-01T20:00,9.3,72,4.5,7.0,0,0.0,0.0,0.0,0.0,0.0,1,1021.1,1020.2,34,37240.0,6.6,14.0,larnaca,2026-03-01T02:25:27.046211
2026-03-01T21:00,9.0,72,4.2,6.7,0,0.0,0.0,0.0,0.0,0.0,0,1021.0,1020.1,0,37620.0,6.7,14.4,larnaca,2026-03-01T02:25:27.046211
2026-03-01T22:00,9.1,71,4.1,6.7,0,0.0,0.0,0.0,0.0,0.0,0,1020.9,1020.0,0,37880.0,7.2,15.1,larnaca,2026-03-01T02:25:27.046211
2026-03-01T23:00,9.8,67,3.9,7.1,0,0.0,0.0,0.0,0.0,0.0,0,1021.1,1020.2,0,39020.0,8.4,18.0,larnaca,2026-03-01T02:25:27.046211
2026-03-01T00:00,10.8,55,2.1,7.8,0,0.0,0.0,0.0,0.0,0.0,1,1019.3,1018.1,10,41260.0,7.9,16.2,limassol,2026-03-01T02:25:29.509476
2026-03-01T01:00,10.5,61,3.3,7.8,0,0.0,0.0,0.0,0.0,0.0,1,1018.6,1017.4,14,40540.0,7.6,15.8,limassol,2026-03-01T02:25:29.509476
2026-03-01T02:00,10.3,61,3.1,7.6,0,0.0,0.0,0.0,0.0,0.0,1,1018.9,1017.7,34,40460.0,7.6,15.5,limassol,2026-03-01T02:25:29.509476
2026-03-01T03:00,10.1,61,2.9,7.4,0,0.0,0.0,0.0,0.0,0.0,1,1019.2,1018.0,38,40460.0,7.6,15.1,limassol,2026-03-01T02:25:29.509476
2026-03-01T04:00,9.9,63,3.2,7.2,0,0.0,0.0,0.0,0.0,0.0,1,1020.0,1018.8,33,40200.0,7.3,15.1,limassol,2026-03-01T02:25:29.509476
2026-03-01T05:00,10.0,64,3.5,7.4,0,0.0,0.0,0.0,0.0,0.0,1,1020.3,1019.1,17,40000.0,7.3,15.1,limassol,2026-03-01T02:25:29.509476
2026-03-01T06:00,11.9,57,3.6,9.5,0,0.0,0.0,0.0,0.0,0.0,0,1020.7,1019.5,0,40980.0,6.2,14.4,limassol,2026-03-01T02:25:29.509476
2026-03-01T07:00,13.6,45,1.9,11.1,0,0.0,0.0,0.0,0.0,0.0,0,1020.7,1019.5,0,42580.0,4.7,13.3,limassol,2026-03-01T02:25:29.509476
2026-03-01T08:00,15.0,39,1.1,12.9,0,0.0,0.0,0.0,0.0,0.0,0,1020.8,1019.6,1,43680.0,2.3,11.5,limassol,2026-03-01T02:25:29.509476
2026-03-01T09:00,15.7,35,0.2,13.8,0,0.0,0.0,0.0,0.0,0.0,1,1020.8,1019.6,38,45220.0,3.8,10.8,limassol,2026-03-01T02:25:29.509476
2026-03-01T10:00,15.7,39,1.8,13.2,0,0.0,0.0,0.0,0.0,0.0,2,1020.4,1019.2,70,43860.0,8.5,20.5,limassol,2026-03-01T02:25:29.509476
2026-03-01T11:00,15.5,39,1.6,12.0,0,0.0,0.0,0.0,0.0,0.0,3,1020.0,1018.8,99,43940.0,11.1,25.6,limassol,2026-03-01T02:25:29.509476
2026-03-01T12:00,15.1,47,3.9,12.4,13,0.0,0.0,0.0,0.0,0.0,3,1020.0,1018.8,100,42140.0,8.5,25.6,limassol,2026-03-01T02:25:29.509476
2026-03-01T13:00,14.3,56,5.7,11.8,15,0.0,0.0,0.0,0.0,0.0,3,1020.1,1018.9,98,40660.0,9.8,22.3,limassol,2026-03-01T02:25:29.509476
2026-03-01T14:00,13.9,59,6.0,11.7,13,0.0,0.0,0.0,0.0,0.0,3,1020.2,1019.0,98,40280.0,8.6,23.4,limassol,2026-03-01T02:25:29.509476
2026-03-01T15:00,13.8,56,5.2,11.8,15,0.0,0.0,0.0,0.0,0.0,3,1020.5,1019.3,92,40820.0,5.5,19.4,limassol,2026-03-01T02:25:29.509476
2026-03-01T16:00,13.6,60,6.0,12.1,5,0.0,0.0,0.0,0.0,0.0,3,1021.1,1019.9,94,40340.0,3.9,13.0,limassol,2026-03-01T02:25:29.509476
2026-03-01T17:00,13.4,65,6.9,12.0,3,0.0,0.0,0.0,0.0,0.0,2,1021.5,1020.3,56,39740.0,4.2,8.3,limassol,2026-03-01T02:25:29.509476
2026-03-01T18:00,12.1,77,8.2,10.8,0,0.0,0.0,0.0,0.0,0.0,1,1021.6,1020.4,11,35220.0,6.1,12.2,limassol,2026-03-01T02:25:29.509476
2026-03-01T19:00,11.2,78,7.5,9.6,0,0.0,0.0,0.0,0.0,0.0,0,1021.4,1020.2,0,34420.0,6.5,13.3,limassol,2026-03-01T02:25:29.509476
2026-03-01T20:00,10.6,75,6.4,8.7,0,0.0,0.0,0.0,0.0,0.0,0,1021.2,1020.0,0,36220.0,6.9,14.0,limassol,2026-03-01T02:25:29.509476
2026-03-01T21:00,10.2,70,5.0,8.0,0,0.0,0.0,0.0,0.0,0.0,0,1021.0,1019.8,0,38440.0,7.1,14.4,limassol,2026-03-01T02:25:29.509476
2026-03-01T22:00,10.0,70,4.8,7.7,0,0.0,0.0,0.0,0.0,0.0,0,1021.0,1019.8,0,38420.0,6.8,14.4,limassol,2026-03-01T02:25:29.509476
2026-03-01T23:00,9.7,73,5.1,7.6,0,0.0,0.0,0.0,0.0,0.0,1,1021.3,1020.1,21,37420.0,6.6,14.0,limassol,2026-03-01T02:25:29.509476
2026-03-01T00:00,6.9,77,3.2,4.7,0,0.0,0.0,0.0,0.0,0.0,2,1019.8,1001.6,77,33580.0,4.2,11.9,nicosia,2026-03-01T02:25:31.970761
2026-03-01T01:00,6.7,73,2.2,4.2,0,0.0,0.0,0.0,0.0,0.0,1,1019.1,1000.9,46,36000.0,4.8,11.9,nicosia,2026-03-01T02:25:31.970761
2026-03-01T02:00,6.5,71,1.6,3.9,0,0.0,0.0,0.0,0.0,0.0,0,1019.4,1001.2,14,37260.0,4.7,11.9,nicosia,2026-03-01T02:25:31.970761
2026-03-01T03:00,6.1,72,1.5,3.5,0,0.0,0.0,0.0,0.0,0.0,0,1019.7,1001.4,16,37360.0,4.8,11.5,nicosia,2026-03-01T02:25:31.970761
2026-03-01T04:00,5.9,72,1.2,3.3,0,0.0,0.0,0.0,0.0,0.0,0,1020.6,1002.3,0,37160.0,4.7,11.9,nicosia,2026-03-01T02:25:31.970761
2026-03-01T05:00,5.8,73,1.4,3.2,0,0.0,0.0,0.0,0.0,0.0,0,1021.0,1002.7,0,36540.0,5.1,11.9,nicosia,2026-03-01T02:25:31.970761
2026-03-01T06:00,7.8,69,2.5,5.6,0,0.0,0.0,0.0,0.0,0.0,1,1021.4,1003.2,12,37780.0,3.6,11.9,nicosia,2026-03-01T02:25:31.970761
2026-03-01T07:00,10.7,57,2.6,8.7,0,0.0,0.0,0.0,0.0,0.0,0,1021.4,1003.4,19,40280.0,2.6,10.1,nicosia,2026-03-01T02:25:31.970761
2026-03-01T08:00,12.7,54,3.6,10.6,0,0.0,0.0,0.0,0.0,0.0,0,1021.4,1003.5,62,40540.0,4.8,14.8,nicosia,2026-03-01T02:25:31.970761
2026-03-01T09:00,13.2,50,3.0,10.5,0,0.0,0.0,0.0,0.0,0.0,3,1021.3,1003.5,87,41220.0,8.0,22.7,nicosia,2026-03-01T02:25:31.970761
2026-03-01T10:00,13.0,51,3.1,9.9,0,0.0,0.0,0.0,0.0,0.0,3,1021.1,1003.2,97,41120.0,10.1,25.6,nicosia,2026-03-01T02:25:31.970761
2026-03-01T11:00,12.5,54,3.5,9.8,0,0.0,0.0,0.0,0.0,0.0,3,1020.9,1003.0,90,40860.0,8.3,25.9,nicosia,2026-03-01T02:25:31.970761
2026-03-01T12:00,13.1,55,4.3,10.7,3,0.0,0.0,0.0,0.0,0.0,2,1020.6,1002.8,84,40440.0,7.3,23.0,nicosia,2026-03-01T02:25:31.970761
2026-03-01T13:00,13.3,50,3.1,10.8,3,0.0,0.0,0.0,0.0,0.0,2,1020.5,1002.7,70,41260.0,6.8,20.9,nicosia,2026-03-01T02:25:31.970761
2026-03-01T14:00,13.2,49,2.7,10.5,0,0.0,0.0,0.0,0.0,0.0,1,1020.3,1002.5,46,41420.0,7.4,20.9,nicosia,2026-03-01T02:25:31.970761
2026-03-01T15:00,12.7,52,3.1,10.2,0,0.0,0.0,0.0,0.0,0.0,1,1020.6,1002.7,13,41240.0,6.3,20.9,nicosia,2026-03-01T02:25:31.970761
2026-03-01T16:00,11.6,57,3.3,9.6,0,0.0,0.0,0.0,0.0,0.0,0,1021.4,1003.5,0,40800.0,2.9,16.2,nicosia,2026-03-01T02:25:31.970761
2026-03-01T17:00,10.7,61,3.5,8.8,0,0.0,0.0,0.0,0.0,0.0,1,1021.8,1003.8,6,40280.0,2.2,6.1,nicosia,2026-03-01T02:25:31.970761
2026-03-01T18:00,10.1,62,3.1,8.1,0,0.0,0.0,0.0,0.0,0.0,1,1021.8,1003.8,19,40320.0,2.6,3.2,nicosia,2026-03-01T02:25:31.970761
2026-03-01T19:00,8.7,68,3.1,6.7,0,0.0,0.0,0.0,0.0,0.0,1,1021.8,1003.7,17,38920.0,2.9,5.4,nicosia,2026-03-01T02:25:31.970761
2026-03-01T20:00,7.5,74,3.1,5.4,0,0.0,0.0,0.0,0.0,0.0,0,1021.6,1003.4,4,36740.0,3.4,6.8,nicosia,2026-03-01T02:25:31.970761
2026-03-01T21:00,7.1,78,3.6,5.0,0,0.0,0.0,0.0,0.0,0.0,0,1021.5,1003.3,7,34620.0,4.1,8.6,nicosia,2026-03-01T02:25:31.970761
2026-03-01T22:00,6.7,80,3.5,4.6,0,0.0,0.0,0.0,0.0,0.0,1,1021.6,1003.3,9,32240.0,4.3,10.4,nicosia,2026-03-01T02:25:31.970761
2026-03-01T23:00,6.6,79,3.2,4.3,0,0.0,0.0,0.0,0.0,0.0,0,1022.0,1003.7,0,32760.0,4.7,11.5,nicosia,2026-03-01T02:25:31.970761
2026-03-01T00:00,4.7,100,4.7,3.1,0,0.0,0.0,0.0,0.0,0.0,45,1024.7,1000.0,100,200.0,2.4,4.0,prague,2026-03-01T02:25:34.414998
2026-03-01T01:00,5.0,100,5.0,3.7,0,0.0,0.0,0.0,0.0,0.0,45,1024.5,999.8,90,1000.0,0.7,4.7,prague,2026-03-01T02:25:34.414998
2026-03-01T02:00,4.6,99,4.5,3.1,0,0.0,0.0,0.0,0.0,0.0,45,1024.9,1000.2,99,1680.0,1.4,2.5,prague,2026-03-01T02:25:34.414998
2026-03-01T03:00,4.4,97,4.0,2.8,3,0.0,0.0,0.0,0.0,0.0,45,1025.1,1000.4,100,3700.0,1.1,2.9,prague,2026-03-01T02:25:34.414998
2026-03-01T04:00,4.3,97,3.9,2.7,0,0.0,0.0,0.0,0.0,0.0,45,1025.6,1000.8,100,4920.0,0.8,2.5,prague,2026-03-01T02:25:34.414998
2026-03-01T05:00,4.3,96,3.7,2.5,0,0.0,0.0,0.0,0.0,0.0,45,1026.1,1001.3,98,8400.0,2.3,4.0,prague,2026-03-01T02:25:34.414998
2026-03-01T06:00,4.1,93,3.1,2.4,0,0.0,0.0,0.0,0.0,0.0,3,1026.4,1001.6,92,14320.0,0.8,4.7,prague,2026-03-01T02:25:34.414998
2026-03-01T07:00,4.6,93,3.6,2.9,0,0.0,0.0,0.0,0.0,0.0,3,1026.6,1001.8,97,14780.0,1.1,2.9,prague,2026-03-01T02:25:34.414998
2026-03-01T08:00,5.6,84,3.1,3.9,0,0.0,0.0,0.0,0.0,0.0,3,1026.9,1002.2,74,24900.0,0.8,4.3,prague,2026-03-01T02:25:34.414998
2026-03-01T09:00,7.8,75,3.6,6.2,0,0.0,0.0,0.0,0.0,0.0,3,1026.9,1002.4,97,32960.0,0.8,5.4,prague,2026-03-01T02:25:34.414998
2026-03-01T10:00,9.3,68,3.7,7.8,0,0.0,0.0,0.0,0.0,0.0,3,1026.7,1002.3,100,36740.0,0.4,10.1,prague,2026-03-01T02:25:34.414998
2026-03-01T11:00,10.0,64,3.5,8.3,0,0.0,0.0,0.0,0.0,0.0,3,1026.6,1002.3,100,38420.0,1.4,5.0,prague,2026-03-01T02:25:34.414998
2026-03-01T12:00,10.4,63,3.6,8.7,13,0.0,0.0,0.0,0.0,0.0,3,1026.4,1002.1,100,38720.0,1.3,5.8,prague,2026-03-01T02:25:34.414998
2026-03-01T13:00,10.9,64,4.3,9.2,28,0.1,0.1,0.0,0.0,0.0,61,1026.1,1001.9,100,38500.0,2.2,6.5,prague,2026-03-01T02:25:34.414998
2026-03-01T14:00,10.9,58,2.9,8.6,35,0.2,0.2,0.0,0.0,0.0,61,1025.8,1001.6,99,40200.0,4.7,10.8,prague,2026-03-01T02:25:34.414998
2026-03-01T15:00,10.7,53,1.5,8.1,28,0.0,0.0,0.0,0.0,0.0,61,1025.8,1001.6,98,40960.0,4.5,15.8,prague,2026-03-01T02:25:34.414998
2026-03-01T16:00,10.0,64,3.5,7.6,20,0.0,0.0,0.0,0.0,0.0,3,1025.9,1001.6,98,39040.0,6.6,14.0,prague,2026-03-01T02:25:34.414998
2026-03-01T17:00,9.5,66,3.5,7.4,10,0.0,0.0,0.0,0.0,0.0,3,1026.1,1001.8,98,39040.0,4.5,13.0,prague,2026-03-01T02:25:34.414998
2026-03-01T18:00,8.8,71,3.9,6.9,10,0.0,0.0,0.0,0.0,0.0,2,1026.5,1002.1,53,37360.0,3.4,9.7,prague,2026-03-01T02:25:34.414998
2026-03-01T19:00,7.4,82,4.5,5.6,3,0.0,0.0,0.0,0.0,0.0,1,1026.7,1002.2,0,30680.0,3.1,6.5,prague,2026-03-01T02:25:34.414998
2026-03-01T20:00,6.0,87,4.0,4.1,5,0.0,0.0,0.0,0.0,0.0,0,1026.8,1002.2,0,24280.0,3.4,6.5,prague,2026-03-01T02:25:34.414998
2026-03-01T21:00,4.9,91,3.6,3.0,3,0.0,0.0,0.0,0.0,0.0,0,1026.9,1002.2,0,19460.0,2.7,6.5,prague,2026-03-01T02:25:34.414998
2026-03-01T22:00,4.0,93,3.0,2.1,3,0.0,0.0,0.0,0.0,0.0,0,1027.0,1002.2,0,15540.0,2.4,5.8,prague,2026-03-01T02:25:34.414998
2026-03-01T23:00,3.2,95,2.5,1.2,0,0.0,0.0,0.0,0.0,0.0,1,1026.9,1002.0,0,12000.0,2.3,5.0,prague,2026-03-01T02:25:34.414998
2026-03-01T00:00,6.9,86,4.7,3.4,2,0.0,0.0,0.0,0.0,0.0,2,1012.3,1011.3,78,47280.0,15.1,28.4,copenhagen,2026-03-01T02:27:37.364309
2026-03-01T01:00,7.2,87,5.2,3.1,1,0.0,0.0,0.0,0.0,0.0,3,1012.6,1011.6,100,42480.0,19.8,43.9,copenhagen,2026-03-01T02:27:37.364309
2026-03-01T02:00,6.6,90,5.1,1.2,0,0.0,0.0,0.0,0.0,0.0,3,1012.6,1011.6,100,28320.0,29.2,55.4,copenhagen,2026-03-01T02:27:37.364309
2026-03-01T03:00,5.7,96,5.1,0.7,0,0.0,0.0,0.0,0.0,0.0,3,1012.7,1011.7,100,20320.0,26.3,55.4,copenhagen,2026-03-01T02:27:37.364309
2026-03-01T04:00,5.9,92,4.7,0.6,0,0.0,0.0,0.0,0.0,0.0,3,1013.7,1012.7,100,36000.0,27.4,52.2,copenhagen,2026-03-01T02:27:37.364309
2026-03-01T05:00,5.2,82,2.3,-0.3,0,0.0,0.0,0.0,0.0,0.0,3,1015.1,1014.1,100,39280.0,25.6,52.9,copenhagen,2026-03-01T02:27:37.364309
2026-03-01T06:00,4.9,79,1.5,-0.9,0,0.0,0.0,0.0,0.0,0.0,3,1016.2,1015.2,100,39260.0,26.3,50.4,copenhagen,2026-03-01T02:27:37.364309
2026-03-01T07:00,4.9,80,1.7,-0.5,0,0.0,0.0,0.0,0.0,0.0,3,1017.0,1016.0,98,42380.0,24.1,52.2,copenhagen,2026-03-01T02:27:37.364309
2026-03-01T08:00,4.9,81,1.9,-0.4,0,0.0,0.0,0.0,0.0,0.0,2,1018.1,1017.1,77,47140.0,23.8,46.8,copenhagen,2026-03-01T02:27:37.364309
2026-03-01T09:00,5.8,76,1.9,0.8,0,0.0,0.0,0.0,0.0,0.0,1,1018.8,1017.8,27,47140.0,21.6,46.1,copenhagen,2026-03-01T02:27:37.364309
2026-03-01T10:00,6.8,72,2.1,2.1,0,0.0,0.0,0.0,0.0,0.0,1,1019.2,1018.2,28,50460.0,19.8,44.3,copenhagen,2026-03-01T02:27:37.364309
2026-03-01T11:00,7.6,72,2.9,3.2,0,0.0,0.0,0.0,0.0,0.0,2,1019.6,1018.6,55,50440.0,18.7,41.0,copenhagen,2026-03-01T02:27:37.364309
2026-03-01T12:00,8.0,72,3.2,3.8,0,0.0,0.0,0.0,0.0,0.0,2,1019.9,1018.9,51,50420.0,18.0,38.5,copenhagen,2026-03-01T02:27:37.364309
2026-03-01T13:00,8.1,71,3.2,4.1,1,0.0,0.0,0.0,0.0,0.0,3,1019.9,1018.9,86,50420.0,16.6,37.4,copenhagen,2026-03-01T02:27:37.364309
2026-03-01T14:00,7.7,80,4.5,4.1,2,0.0,0.0,0.0,0.0,0.0,3,1020.0,1019.0,92,47060.0,15.8,34.6,copenhagen,2026-03-01T02:27:37.364309
2026-03-01T15:00,7.7,81,4.7,3.9,2,0.0,0.0,0.0,0.0,0.0,3,1020.3,1019.3,99,50380.0,17.3,35.3,copenhagen,2026-03-01T02:27:37.364309
2026-03-01T16:00,7.3,81,4.3,3.9,1,0.0,0.0,0.0,0.0,0.0,2,1020.5,1019.5,57,47020.0,14.0,35.3,copenhagen,2026-03-01T02:27:37.364309
2026-03-01T17:00,6.6,82,3.7,3.2,0,0.0,0.0,0.0,0.0,0.0,0,1020.8,1019.8,18,42240.0,13.0,29.2,copenhagen,2026-03-01T02:27:37.364309
2026-03-01T18:00,5.4,88,3.6,2.5,0,0.0,0.0,0.0,0.0,0.0,1,1021.0,1020.0,23,42220.0,9.7,24.1,copenhagen,2026-03-01T02:27:37.364309
2026-03-01T19:00,5.2,91,3.8,2.4,2,0.0,0.0,0.0,0.0,0.0,2,1021.1,1020.1,69,42200.0,8.6,16.9,copenhagen,2026-03-01T02:27:37.364309
2026-03-01T20:00,5.1,92,3.9,2.4,5,0.0,0.0,0.0,0.0,0.0,3,1021.0,1020.0,99,42200.0,9.0,16.6,copenhagen,2026-03-01T02:27:37.364309
2026-03-01T21:00,5.2,92,4.0,2.7,8,0.0,0.0,0.0,0.0,0.0,3,1020.8,1019.8,87,42180.0,7.6,16.9,copenhagen,2026-03-01T02:27:37.364309
2026-03-01T22:00,5.1,91,3.8,2.5,12,0.0,0.0,0.0,0.0,0.0,3,1020.6,1019.6,95,42160.0,7.9,15.5,copenhagen,2026-03-01T02:27:37.364309
2026-03-01T23:00,5.0,87,3.0,1.9,17,0.0,0.0,0.0,0.0,0.0,3,1020.5,1019.5,98,46920.0,10.4,19.4,copenhagen,2026-03-01T02:27:37.364309
2026-03-01T00:00,23.4,97,22.9,28.5,28,0.0,0.0,0.0,0.0,0.0,45,1009.6,977.8,97,24140.0,2.9,5.8,kinshasa,2026-03-01T02:27:39.823879
2026-03-01T01:00,23.4,97,22.9,28.5,33,0.8,0.0,0.8,0.0,0.0,95,1009.5,977.7,93,24140.0,2.2,5.4,kinshasa,2026-03-01T02:27:39.823879
2026-03-01T02:00,23.2,97,22.7,28.3,33,1.7,0.0,1.7,0.0,0.0,95,1009.6,977.7,100,24140.0,1.8,5.0,kinshasa,2026-03-01T02:27:39.823879
2026-03-01T03:00,23.2,96,22.6,28.3,25,0.6,0.0,0.6,0.0,0.0,80,1009.9,978.0,100,24140.0,1.5,5.0,kinshasa,2026-03-01T02:27:39.823879
2026-03-01T04:00,23.1,96,22.5,28.0,33,1.3,0.0,1.3,0.0,0.0,95,1010.7,978.8,100,24140.0,2.4,7.9,kinshasa,2026-03-01T02:27:39.823879
2026-03-01T05:00,23.1,96,22.4,28.0,13,1.6,0.0,1.6,0.0,0.0,95,1011.3,979.4,92,24140.0,1.8,8.3,kinshasa,2026-03-01T02:27:39.823879
2026-03-01T06:00,23.4,93,22.2,28.3,10,0.2,0.0,0.2,0.0,0.0,80,1011.4,979.5,91,24140.0,1.1,7.2,kinshasa,2026-03-01T02:27:39.823879
2026-03-01T07:00,24.2,91,22.7,29.3,13,0.0,0.0,0.0,0.0,0.0,3,1011.8,980.0,94,24140.0,1.3,3.2,kinshasa,2026-03-01T02:27:39.823879
2026-03-01T08:00,25.0,87,22.7,30.2,10,0.0,0.0,0.0,0.0,0.0,3,1011.9,980.2,98,24140.0,1.3,4.3,kinshasa,2026-03-01T02:27:39.823879
2026-03-01T09:00,26.0,83,22.9,31.2,5,0.0,0.0,0.0,0.0,0.0,3,1011.6,980.0,99,24140.0,1.5,4.0,kinshasa,2026-03-01T02:27:39.823879
2026-03-01T10:00,26.9,80,23.1,31.9,5,0.0,0.0,0.0,0.0,0.0,3,1011.0,979.5,98,24140.0,3.5,7.9,kinshasa,2026-03-01T02:27:39.823879
2026-03-01T11:00,28.0,76,23.4,33.5,0,0.0,0.0,0.0,0.0,0.0,3,1010.0,978.6,94,24140.0,3.7,9.0,kinshasa,2026-03-01T02:27:39.823879
2026-03-01T12:00,28.8,71,23.0,34.5,3,0.0,0.0,0.0,0.0,0.0,3,1008.9,977.6,92,24140.0,3.0,8.3,kinshasa,2026-03-01T02:27:39.823879
2026-03-01T13:00,29.4,68,22.9,34.7,5,0.0,0.0,0.0,0.0,0.0,3,1007.8,976.6,91,24140.0,4.1,9.0,kinshasa,2026-03-01T02:27:39.823879
2026-03-01T14:00,29.8,65,22.5,34.3,3,0.0,0.0,0.0,0.0,0.0,3,1007.1,976.0,84,24140.0,4.4,9.0,kinshasa,2026-03-01T02:27:39.823879
2026-03-01T15:00,30.1,62,22.0,34.4,0,0.0,0.0,0.0,0.0,0.0,2,1006.6,975.5,67,24140.0,4.3,8.6,kinshasa,2026-03-01T02:27:39.823879
2026-03-01T16:00,30.0,62,21.9,34.4,10,0.0,0.0,0.0,0.0,0.0,2,1006.8,975.7,67,9660.0,3.1,8.3,kinshasa,2026-03-01T02:27:39.823879
2026-03-01T17:00,29.3,65,22.0,34.0,5,0.0,0.0,0.0,0.0,0.0,2,1006.9,975.8,51,5760.0,1.5,5.8,kinshasa,2026-03-01T02:27:39.823879
2026-03-01T18:00,28.4,69,22.2,33.4,3,0.0,0.0,0.0,0.0,0.0,2,1007.5,976.2,45,8920.0,0.4,2.5,kinshasa,2026-03-01T02:27:39.823879
2026-03-01T19:00,27.5,73,22.3,32.4,0,0.0,0.0,0.0,0.0,0.0,1,1008.0,976.6,29,24140.0,1.3,1.4,kinshasa,2026-03-01T02:27:39.823879
2026-03-01T20:00,26.4,77,22.1,31.0,0,0.0,0.0,0.0,0.0,0.0,1,1008.9,977.4,32,24140.0,2.8,4.3,kinshasa,2026-03-01T02:27:39.823879
2026-03-01T21:00,25.2,85,22.5,29.9,5,0.0,0.0,0.0,0.0,0.0,1,1009.8,978.1,40,24140.0,3.1,5.0,kinshasa,2026-03-01T02:27:39.823879
2026-03-01T22:00,24.1,92,22.7,28.8,8,0.0,0.0,0.0,0.0,0.0,2,1010.0,978.2,51,24140.0,4.4,7.6,kinshasa,2026-03-01T02:27:39.823879
2026-03-01T23:00,23.5,94,22.5,28.1,5,0.0,0.0,0.0,0.0,0.0,2,1009.6,977.8,66,24140.0,4.4,7.6,kinshasa,2026-03-01T02:27:39.823879
2026-03-01T00:00,14.3,77,10.3,12.8,65,0.3,0.0,0.3,0.0,0.0,80,1013.8,755.0,100,24140.0,10.8,27.4,cuenca,2026-03-01T02:27:42.292649
2026-03-01T01:00,13.5,82,10.4,12.2,53,0.6,0.0,0.6,0.0,0.0,80,1015.4,755.6,100,24140.0,9.6,21.6,cuenca,2026-03-01T02:27:42.292649
2026-03-01T02:00,12.9,86,10.6,11.9,48,0.5,0.0,0.5,0.0,0.0,80,1016.7,756.2,100,24140.0,8.4,19.1,cuenca,2026-03-01T02:27:42.292649
2026-03-01T03:00,12.3,90,10.7,11.5,50,0.4,0.0,0.4,0.0,0.0,80,1017.8,756.5,100,24140.0,7.2,16.2,cuenca,2026-03-01T02:27:42.292649
2026-03-01T04:00,11.5,95,10.7,10.9,28,0.1,0.0,0.1,0.0,0.0,3,1018.4,756.3,100,24140.0,5.4,14.0,cuenca,2026-03-01T02:27:42.292649
2026-03-01T05:00,10.8,99,10.6,10.3,15,0.0,0.0,0.0,0.0,0.0,45,1018.2,755.7,100,21520.0,4.7,11.2,cuenca,2026-03-01T02:27:42.292649
2026-03-01T06:00,10.3,100,10.3,10.0,15,0.0,0.0,0.0,0.0,0.0,45,1017.7,754.9,100,21600.0,3.1,9.4,cuenca,2026-03-01T02:27:42.292649
2026-03-01T07:00,9.8,100,9.8,9.3,18,0.0,0.0,0.0,0.0,0.0,45,1016.9,753.9,100,24140.0,2.5,5.8,cuenca,2026-03-01T02:27:42.292649
2026-03-01T08:00,9.3,100,9.3,8.9,8,0.0,0.0,0.0,0.0,0.0,45,1016.9,753.6,100,23400.0,1.8,5.0,cuenca,2026-03-01T02:27:42.292649
2026-03-01T09:00,8.9,100,8.9,8.3,0,0.0,0.0,0.0,0.0,0.0,45,1017.0,753.3,100,22260.0,1.8,4.0,cuenca,2026-03-01T02:27:42.292649
2026-03-01T10:00,8.6,100,8.6,8.0,3,0.0,0.0,0.0,0.0,0.0,45,1017.8,753.7,100,22260.0,1.8,3.6,cuenca,2026-03-01T02:27:42.292649
2026-03-01T11:00,8.4,100,8.4,7.7,0,0.0,0.0,0.0,0.0,0.0,45,1018.1,753.7,100,22620.0,1.8,4.0,cuenca,2026-03-01T02:27:42.292649
2026-03-01T12:00,8.5,100,8.5,7.8,0,0.0,0.0,0.0,0.0,0.0,45,1018.8,754.3,100,22700.0,1.8,4.7,cuenca,2026-03-01T02:27:42.292649
2026-03-01T13:00,10.4,96,9.8,10.1,0,0.0,0.0,0.0,0.0,0.0,45,1019.7,756.5,64,24140.0,1.9,7.2,cuenca,2026-03-01T02:27:42.292649
2026-03-01T14:00,12.8,82,9.8,11.5,0,0.0,0.0,0.0,0.0,0.0,3,1019.9,758.4,82,24140.0,8.1,19.8,cuenca,2026-03-01T02:27:42.292649
2026-03-01T15:00,14.2,76,10.0,12.3,0,0.0,0.0,0.0,0.0,0.0,2,1019.1,758.9,71,23940.0,12.6,28.1,cuenca,2026-03-01T02:27:42.292649
2026-03-01T16:00,15.4,71,10.1,14.1,0,0.0,0.0,0.0,0.0,0.0,2,1017.6,758.7,67,23740.0,13.3,29.2,cuenca,2026-03-01T02:27:42.292649
2026-03-01T17:00,16.7,64,9.9,15.9,5,0.0,0.0,0.0,0.0,0.0,3,1015.6,758.2,86,23540.0,13.7,30.2,cuenca,2026-03-01T02:27:42.292649
2026-03-01T18:00,17.9,59,9.8,17.2,20,0.0,0.0,0.0,0.0,0.0,2,1013.4,757.5,71,23900.0,14.5,32.0,cuenca,2026-03-01T02:27:42.292649
2026-03-01T19:00,19.0,54,9.4,18.1,38,0.0,0.0,0.0,0.0,0.0,2,1011.7,757.0,80,24140.0,16.0,34.9,cuenca,2026-03-01T02:27:42.292649
2026-03-01T20:00,19.0,52,8.9,17.3,60,0.0,0.0,0.0,0.0,0.0,3,1010.6,756.2,84,22280.0,16.1,37.8,cuenca,2026-03-01T02:27:42.292649
2026-03-01T21:00,18.3,54,8.8,15.3,65,0.0,0.0,0.0,0.0,0.0,3,1010.5,755.6,96,22140.0,18.6,40.7,cuenca,2026-03-01T02:27:42.292649
2026-03-01T22:00,17.1,61,9.5,14.6,50,0.0,0.0,0.0,0.0,0.0,3,1011.3,755.3,100,8320.0,15.6,38.5,cuenca,2026-03-01T02:27:42.292649
2026-03-01T23:00,15.6,69,9.9,13.5,43,0.0,0.0,0.0,0.0,0.0,3,1012.5,755.1,100,10220.0,14.7,32.4,cuenca,2026-03-01T02:27:42.292649
2026-03-01T00:00,12.5,97,12.0,12.5,40,0.8,0.0,0.8,0.0,0.0,80,1014.2,730.5,100,2560.0,4.3,20.2,quito,2026-03-01T02:27:44.768221
2026-03-01T01:00,12.1,99,12.0,12.1,43,0.4,0.0,0.4,0.0,0.0,80,1015.2,730.9,100,2820.0,4.2,15.5,quito,2026-03-01T02:27:44.768221
2026-03-01T02:00,12.3,95,11.5,12.1,33,0.5,0.1,0.4,0.0,0.0,80,1015.7,731.4,100,4300.0,4.1,12.2,quito,2026-03-01T02:27:44.768221
2026-03-01T03:00,11.7,100,11.7,11.9,15,2.0,1.1,1.0,0.0,0.0,95,1016.9,731.8,100,5240.0,2.2,11.2,quito,2026-03-01T02:27:44.768221
2026-03-01T04:00,11.8,98,11.5,11.8,35,3.3,1.6,1.7,0.0,0.0,81,1017.3,732.1,100,4020.0,2.9,10.1,quito,2026-03-01T02:27:44.768221
2026-03-01T05:00,11.8,97,11.4,12.2,53,3.0,1.3,1.7,0.0,0.0,81,1016.7,731.7,100,3340.0,0.5,11.2,quito,2026-03-01T02:27:44.768221
2026-03-01T06:00,11.9,96,11.2,12.2,55,2.5,1.3,1.1,0.0,0.0,61,1016.1,731.4,100,4500.0,0.5,12.6,quito,2026-03-01T02:27:44.768221
2026-03-01T07:00,11.5,98,11.2,11.7,68,1.5,0.5,1.0,0.0,0.0,80,1014.9,730.2,100,6420.0,1.5,14.4,quito,2026-03-01T02:27:44.768221
2026-03-01T08:00,11.4,98,11.1,11.4,63,0.0,0.0,0.0,0.0,0.0,45,1015.0,730.2,100,17560.0,2.1,12.6,quito,2026-03-01T02:27:44.768221
2026-03-01T09:00,11.2,100,11.2,11.2,35,0.1,0.0,0.0,0.0,0.0,45,1015.2,730.1,100,24140.0,2.3,11.5,quito,2026-03-01T02:27:44.768221
2026-03-01T10:00,11.5,98,11.2,11.3,18,0.1,0.0,0.1,0.0,0.0,45,1015.2,730.4,100,18540.0,3.3,9.4,quito,2026-03-01T02:27:44.768221
2026-03-01T11:00,11.4,98,11.1,11.4,3,0.2,0.0,0.2,0.0,0.0,45,1015.5,730.6,94,24140.0,2.3,7.9,quito,2026-03-01T02:27:44.768221
2026-03-01T12:00,11.5,97,11.1,11.3,3,0.0,0.0,0.0,0.0,0.0,45,1015.9,730.9,85,24140.0,3.9,11.9,quito,2026-03-01T02:27:44.768221
2026-03-01T13:00,13.4,90,11.8,13.4,0,0.0,0.0,0.0,0.0,0.0,1,1016.2,732.7,25,24140.0,3.9,14.0,quito,2026-03-01T02:27:44.768221
2026-03-01T14:00,15.4,80,12.0,15.9,3,0.0,0.0,0.0,0.0,0.0,2,1016.7,734.7,78,24140.0,0.8,14.8,quito,2026-03-01T02:27:44.768221
2026-03-01T15:00,16.7,73,11.8,17.7,3,0.0,0.0,0.0,0.0,0.0,3,1016.0,735.2,91,24140.0,2.9,18.4,quito,2026-03-01T02:27:44.768221
2026-03-01T16:00,17.3,73,12.4,18.5,10,0.0,0.0,0.0,0.0,0.0,3,1015.1,735.0,100,24140.0,6.6,26.3,quito,2026-03-01T02:27:44.768221
2026-03-01T17:00,16.4,80,12.9,16.8,23,0.1,0.0,0.1,0.0,0.0,3,1014.5,733.8,100,24140.0,8.4,40.3,quito,2026-03-01T02:27:44.768221
2026-03-01T18:00,15.7,86,13.3,15.3,68,0.2,0.0,0.2,0.0,0.0,3,1013.7,732.7,100,24140.0,10.9,41.0,quito,2026-03-01T02:27:44.768221
2026-03-01T19:00,14.9,88,12.9,14.3,80,1.0,0.0,1.0,0.0,0.0,95,1013.5,731.9,100,24140.0,9.9,35.6,quito,2026-03-01T02:27:44.768221
2026-03-01T20:00,14.3,91,12.9,13.9,88,0.5,0.0,0.5,0.0,0.0,80,1013.0,731.1,100,2200.0,9.3,32.0,quito,2026-03-01T02:27:44.768221
2026-03-01T21:00,14.2,92,12.9,14.1,75,0.3,0.0,0.3,0.0,0.0,80,1012.4,730.6,100,3320.0,7.0,28.8,quito,2026-03-01T02:27:44.768221
2026-03-01T22:00,13.5,97,13.0,13.4,58,0.4,0.0,0.4,0.0,0.0,80,1012.5,730.1,100,1980.0,7.2,28.4,quito,2026-03-01T02:27:44.768221
2026-03-01T23:00,12.9,100,12.9,12.8,43,0.2,0.0,0.2,0.0,0.0,45,1013.2,730.1,100,3280.0,6.8,25.9,quito,2026-03-01T02:27:44.768221
2026-03-01T00:00,9.5,72,4.7,7.7,0,0.0,0.0,0.0,0.0,0.0,0,1019.6,1016.9,0,37180.0,3.4,6.8,cairo,2026-03-01T02:29:02.627927
2026-03-01T01:00,8.8,76,4.8,7.2,0,0.0,0.0,0.0,0.0,0.0,0,1019.0,1016.3,0,35140.0,2.7,6.8,cairo,2026-03-01T02:29:02.627927
2026-03-01T02:00,8.4,79,4.9,6.8,0,0.0,0.0,0.0,0.0,0.0,1,1019.2,1016.5,20,33400.0,2.1,5.0,cairo,2026-03-01T02:29:02.627927
2026-03-01T03:00,8.0,81,4.9,6.4,0,0.0,0.0,0.0,0.0,0.0,1,1019.6,1016.9,20,31600.0,2.3,4.3,cairo,2026-03-01T02:29:02.627927
2026-03-01T04:00,7.7,82,4.8,6.1,0,0.0,0.0,0.0,0.0,0.0,1,1020.2,1017.5,11,30960.0,1.8,4.3,cairo,2026-03-01T02:29:02.627927
2026-03-01T05:00,7.7,81,4.7,6.3,0,0.0,0.0,0.0,0.0,0.0,0,1020.5,1017.8,2,32200.0,1.1,3.2,cairo,2026-03-01T02:29:02.627927
2026-03-01T06:00,9.2,73,4.6,7.7,0,0.0,0.0,0.0,0.0,0.0,0,1020.9,1018.2,5,34780.0,1.3,5.0,cairo,2026-03-01T02:29:02.627927
2026-03-01T07:00,12.1,59,4.3,10.4,0,0.0,0.0,0.0,0.0,0.0,0,1021.3,1018.6,0,39360.0,2.3,8.3,cairo,2026-03-01T02:29:02.627927
2026-03-01T08:00,14.7,52,4.9,13.0,0,0.0,0.0,0.0,0.0,0.0,0,1021.0,1018.3,0,40560.0,5.4,16.2,cairo,2026-03-01T02:29:02.627927
2026-03-01T09:00,16.4,41,3.1,14.4,0,0.0,0.0,0.0,0.0,0.0,2,1020.7,1018.1,61,41960.0,7.9,22.7,cairo,2026-03-01T02:29:02.627927
2026-03-01T10:00,17.4,36,2.1,15.0,0,0.0,0.0,0.0,0.0,0.0,3,1019.9,1017.3,78,43040.0,9.0,25.6,cairo,2026-03-01T02:29:02.627927
2026-03-01T11:00,17.7,32,0.8,14.2,0,0.0,0.0,0.0,0.0,0.0,3,1019.4,1016.8,88,44680.0,10.1,27.0,cairo,2026-03-01T02:29:02.627927
2026-03-01T12:00,18.1,31,0.7,14.7,0,0.0,0.0,0.0,0.0,0.0,3,1018.8,1016.2,88,45500.0,9.7,27.7,cairo,2026-03-01T02:29:02.627927
2026-03-01T13:00,18.2,30,0.3,14.5,0,0.0,0.0,0.0,0.0,0.0,3,1018.4,1015.8,100,46460.0,11.5,29.9,cairo,2026-03-01T02:29:02.627927
2026-03-01T14:00,17.9,31,0.5,14.5,0,0.0,0.0,0.0,0.0,0.0,2,1018.6,1016.0,77,45860.0,9.3,30.6,cairo,2026-03-01T02:29:02.627927
2026-03-01T15:00,17.7,33,1.2,14.5,0,0.0,0.0,0.0,0.0,0.0,2,1018.7,1016.1,63,45400.0,8.4,24.1,cairo,2026-03-01T02:29:02.627927
2026-03-01T16:00,16.9,37,2.1,13.8,0,0.0,0.0,0.0,0.0,0.0,2,1019.3,1016.7,76,44220.0,8.7,21.6,cairo,2026-03-01T02:29:02.627927
2026-03-01T17:00,15.9,43,3.3,13.3,3,0.0,0.0,0.0,0.0,0.0,3,1019.8,1017.2,89,42620.0,6.8,20.9,cairo,2026-03-01T02:29:02.627927
2026-03-01T18:00,15.1,47,3.9,12.6,3,0.0,0.0,0.0,0.0,0.0,3,1020.3,1017.6,84,41800.0,7.6,18.0,cairo,2026-03-01T02:29:02.627927
2026-03-01T19:00,14.2,54,5.0,12.1,3,0.0,0.0,0.0,0.0,0.0,2,1020.5,1017.8,69,40960.0,6.1,18.0,cairo,2026-03-01T02:29:02.627927
2026-03-01T20:00,13.4,60,5.8,11.4,0,0.0,0.0,0.0,0.0,0.0,3,1020.2,1017.5,90,40140.0,5.9,14.8,cairo,2026-03-01T02:29:02.627927
2026-03-01T21:00,12.8,64,6.2,11.1,0,0.0,0.0,0.0,0.0,0.0,3,1020.1,1017.4,91,39300.0,5.4,14.4,cairo,2026-03-01T02:29:02.627927
2026-03-01T22:00,12.3,67,6.4,10.6,3,0.0,0.0,0.0,0.0,0.0,3,1020.0,1017.3,85,38320.0,5.4,13.3,cairo,2026-03-01T02:29:02.627927
2026-03-01T23:00,11.8,71,6.7,10.1,3,0.0,0.0,0.0,0.0,0.0,2,1020.3,1017.6,76,36560.0,5.8,14.0,cairo,2026-03-01T02:29:02.627927
2026-03-01T00:00,2.6,93,1.6,-0.4,0,0.0,0.0,0.0,0.0,0.23,3,1015.9,1013.1,100,29960.0,7.9,13.7,tallinn,2026-03-01T02:29:05.072460
2026-03-01T01:00,2.6,93,1.5,-0.6,30,0.0,0.0,0.0,0.0,0.23,3,1015.5,1012.7,100,11080.0,9.0,15.5,tallinn,2026-03-01T02:29:05.072460
2026-03-01T02:00,2.5,94,1.6,-0.7,69,0.4,0.4,0.0,0.0,0.23,51,1015.0,1012.2,100,8120.0,9.0,15.8,tallinn,2026-03-01T02:29:05.072460
2026-03-01T03:00,2.4,94,1.5,-1.0,92,0.6,0.6,0.0,0.0,0.23,53,1014.5,1011.7,100,7340.0,10.8,18.7,tallinn,2026-03-01T02:29:05.072460
2026-03-01T04:00,2.5,94,1.6,-1.0,80,0.4,0.4,0.0,0.0,0.23,51,1014.2,1011.4,100,10240.0,11.2,19.4,tallinn,2026-03-01T02:29:05.072460
2026-03-01T05:00,2.7,94,1.8,-0.8,52,0.1,0.1,0.0,0.0,0.23,51,1013.6,1010.8,100,17340.0,11.5,20.5,tallinn,2026-03-01T02:29:05.072460
2026-03-01T06:00,2.5,96,1.9,-1.3,29,0.0,0.0,0.0,0.0,0.23,3,1013.1,1010.3,100,15940.0,13.7,23.8,tallinn,2026-03-01T02:29:05.072460
2026-03-01T07:00,2.3,98,2.0,-1.6,21,0.0,0.0,0.0,0.0,0.23,3,1012.8,1010.0,100,19200.0,14.8,25.9,tallinn,2026-03-01T02:29:05.072460
2026-03-01T08:00,2.4,98,2.1,-1.6,20,0.0,0.0,0.0,0.0,0.22,3,1012.5,1009.7,100,25240.0,15.1,26.3,tallinn,2026-03-01T02:29:05.072460
2026-03-01T09:00,2.6,98,2.3,-1.4,22,0.0,0.0,0.0,0.0,0.22,3,1012.1,1009.3,100,16220.0,15.1,27.0,tallinn,2026-03-01T02:29:05.072460
2026-03-01T10:00,2.9,98,2.6,-1.1,28,0.0,0.0,0.0,0.0,0.22,3,1012.0,1009.2,100,28400.0,15.8,27.4,tallinn,2026-03-01T02:29:05.072460
2026-03-01T11:00,3.6,97,3.1,-0.4,38,0.0,0.0,0.0,0.0,0.21,3,1011.9,1009.2,100,40800.0,16.2,28.1,tallinn,2026-03-01T02:29:05.072460
2026-03-01T12:00,3.9,96,3.3,0.2,47,0.0,0.0,0.0,0.0,0.21,3,1011.8,1009.1,100,28680.0,14.4,28.1,tallinn,2026-03-01T02:29:05.072460
2026-03-01T13:00,3.9,98,3.6,0.4,55,0.0,0.0,0.0,0.0,0.2,3,1011.1,1008.4,100,12240.0,14.0,25.6,tallinn,2026-03-01T02:29:05.072460
2026-03-01T14:00,4.0,98,3.7,-0.3,63,0.2,0.2,0.0,0.0,0.2,51,1010.2,1007.5,100,11460.0,19.1,33.5,tallinn,2026-03-01T02:29:05.072460
2026-03-01T15:00,4.0,95,3.3,-0.4,63,0.4,0.4,0.0,0.0,0.19,51,1010.1,1007.4,100,23860.0,19.4,33.5,tallinn,2026-03-01T02:29:05.072460
2026-03-01T16:00,3.7,97,3.2,-1.0,48,0.0,0.0,0.0,0.0,0.19,3,1010.1,1007.4,100,12940.0,20.9,36.7,tallinn,2026-03-01T02:29:05.072460
2026-03-01T17:00,3.3,99,3.2,-1.2,26,0.0,0.0,0.0,0.0,0.19,3,1010.1,1007.4,100,23080.0,19.8,37.4,tallinn,2026-03-01T02:29:05.072460
2026-03-01T18:00,3.1,99,3.0,-1.2,14,0.0,0.0,0.0,0.0,0.18,3,1010.0,1007.3,100,14080.0,18.7,34.6,tallinn,2026-03-01T02:29:05.072460
2026-03-01T19:00,3.0,98,2.7,-1.4,23,0.0,0.0,0.0,0.0,0.18,3,1010.0,1007.3,100,7060.0,18.7,32.8,tallinn,2026-03-01T02:29:05.072460
2026-03-01T20:00,2.9,97,2.5,-1.8,41,0.1,0.1,0.0,0.0,0.18,51,1010.0,1007.3,100,6220.0,20.5,35.6,tallinn,2026-03-01T02:29:05.072460
2026-03-01T21:00,2.8,95,2.1,-2.0,55,0.2,0.2,0.0,0.0,0.18,51,1010.0,1007.3,100,6200.0,20.5,35.6,tallinn,2026-03-01T02:29:05.072460
2026-03-01T22:00,2.8,95,2.0,-2.0,58,0.2,0.2,0.0,0.0,0.17,51,1010.1,1007.4,100,9720.0,20.2,36.0,tallinn,2026-03-01T02:29:05.072460
2026-03-01T23:00,2.4,96,1.8,-2.0,57,0.3,0.3,0.0,0.0,0.17,51,1010.3,1007.5,100,7320.0,18.0,34.9,tallinn,2026-03-01T02:29:05.072460
2026-03-01T00:00,1.3,92,0.1,-1.3,0,0.0,0.0,0.0,0.0,0.2,3,1016.2,1015.1,100,1400.0,3.2,5.4,helsinki,2026-03-01T02:29:42.705237
2026-03-01T01:00,1.2,92,0.1,-1.6,0,0.0,0.0,0.0,0.0,0.2,3,1016.1,1015.0,100,940.0,4.7,8.3,helsinki,2026-03-01T02:29:42.705237
2026-03-01T02:00,1.2,92,0.1,-1.9,0,0.0,0.0,0.0,0.0,0.2,3,1015.9,1014.8,100,1280.0,7.2,11.2,helsinki,2026-03-01T02:29:42.705237
2026-03-01T03:00,1.1,94,0.2,-2.3,0,0.0,0.0,0.0,0.0,0.2,3,1015.1,1014.0,100,2500.0,8.6,14.0,helsinki,2026-03-01T02:29:42.705237
2026-03-01T04:00,1.0,94,0.2,-2.4,0,0.0,0.0,0.0,0.0,0.2,3,1014.9,1013.8,100,11500.0,9.4,15.8,helsinki,2026-03-01T02:29:42.705237
2026-03-01T05:00,1.3,95,0.6,-2.6,0,0.3,0.3,0.0,0.0,0.2,51,1014.5,1013.4,100,24340.0,12.6,20.2,helsinki,2026-03-01T02:29:42.705237
2026-03-01T06:00,1.4,95,0.7,-2.7,6,0.1,0.1,0.0,0.0,0.2,51,1013.8,1012.7,100,25100.0,14.4,23.0,helsinki,2026-03-01T02:29:42.705237
2026-03-01T07:00,1.5,95,0.8,-3.0,29,0.2,0.2,0.0,0.0,0.2,51,1013.2,1012.1,100,5980.0,16.6,26.3,helsinki,2026-03-01T02:29:42.705237
2026-03-01T08:00,1.4,96,0.8,-3.0,59,0.2,0.2,0.0,0.0,0.2,51,1012.6,1011.5,100,6120.0,16.6,28.4,helsinki,2026-03-01T02:29:42.705237
2026-03-01T09:00,1.4,97,1.0,-3.0,80,0.7,0.7,0.0,0.0,0.2,53,1012.1,1011.0,100,5900.0,16.9,27.0,helsinki,2026-03-01T02:29:42.705237
2026-03-01T10:00,1.3,99,1.1,-3.0,84,0.3,0.3,0.0,0.0,0.2,51,1011.7,1010.6,100,8540.0,15.8,27.7,helsinki,2026-03-01T02:29:42.705237
2026-03-01T11:00,1.5,98,1.2,-1.9,79,0.1,0.1,0.0,0.0,0.19,51,1011.5,1010.4,100,16480.0,10.1,24.8,helsinki,2026-03-01T02:29:42.705237
2026-03-01T12:00,1.7,98,1.4,-1.5,75,0.0,0.0,0.0,0.0,0.19,3,1011.1,1010.0,100,23760.0,8.6,16.2,helsinki,2026-03-01T02:29:42.705237
2026-03-01T13:00,1.8,98,1.5,-1.7,76,0.0,0.0,0.0,0.0,0.19,3,1010.8,1009.7,100,1200.0,11.2,18.4,helsinki,2026-03-01T02:29:42.705237
2026-03-01T14:00,1.8,98,1.5,-1.1,78,0.0,0.0,0.0,0.0,0.18,3,1010.1,1009.0,100,780.0,6.8,18.4,helsinki,2026-03-01T02:29:42.705237
2026-03-01T15:00,1.8,98,1.5,-1.3,80,0.3,0.3,0.0,0.0,0.18,51,1009.8,1008.7,100,1000.0,8.6,14.8,helsinki,2026-03-01T02:29:42.705237
2026-03-01T16:00,2.1,99,2.0,-1.7,84,0.2,0.2,0.0,0.0,0.18,51,1009.4,1008.3,100,1600.0,14.0,22.0,helsinki,2026-03-01T02:29:42.705237
2026-03-01T17:00,1.9,99,1.8,-2.2,89,0.4,0.4,0.0,0.0,0.18,51,1009.1,1008.0,100,3860.0,15.8,24.8,helsinki,2026-03-01T02:29:42.705237
2026-03-01T18:00,1.8,99,1.6,-2.8,88,0.1,0.1,0.0,0.0,0.18,51,1008.9,1007.8,100,4980.0,18.7,29.5,helsinki,2026-03-01T02:29:42.705237
2026-03-01T19:00,1.6,99,1.4,-3.2,76,0.4,0.4,0.0,0.0,0.17,51,1008.7,1007.6,100,6240.0,19.8,32.4,helsinki,2026-03-01T02:29:42.705237
2026-03-01T20:00,1.5,99,1.3,-3.0,59,0.1,0.1,0.0,0.0,0.17,51,1008.5,1007.4,100,8200.0,17.3,31.7,helsinki,2026-03-01T02:29:42.705237
2026-03-01T21:00,1.5,99,1.3,-3.0,45,0.2,0.2,0.0,0.0,0.17,51,1008.4,1007.3,100,23260.0,17.3,28.4,helsinki,2026-03-01T02:29:42.705237
2026-03-01T22:00,1.4,99,1.2,-2.6,39,0.1,0.1,0.0,0.0,0.17,51,1008.4,1007.3,100,13840.0,14.0,27.0,helsinki,2026-03-01T02:29:42.705237
2026-03-01T23:00,1.3,99,1.1,-2.5,38,0.0,0.0,0.0,0.0,0.17,3,1008.5,1007.4,100,15540.0,12.2,22.3,helsinki,2026-03-01T02:29:42.705237
2026-03-01T00:00,8.4,100,8.4,7.6,0,0.0,0.0,0.0,0.0,0.0,45,1025.0,1002.2,100,1540.0,2.5,4.0,aix-en-provence,2026-03-01T02:30:20.363375
2026-03-01T01:00,8.4,100,8.4,7.4,0,0.0,0.0,0.0,0.0,0.0,45,1024.6,1001.8,100,1320.0,3.9,6.5,aix-en-provence,2026-03-01T02:30:20.363375
2026-03-01T02:00,8.6,99,8.5,7.7,0,0.0,0.0,0.0,0.0,0.0,45,1024.0,1001.2,100,1200.0,3.3,6.8,aix-en-provence,2026-03-01T02:30:20.363375
2026-03-01T03:00,8.5,100,8.5,7.5,0,0.0,0.0,0.0,0.0,0.0,45,1023.9,1001.1,100,920.0,3.6,6.8,aix-en-provence,2026-03-01T02:30:20.363375
2026-03-01T04:00,7.8,100,7.8,6.6,0,0.0,0.0,0.0,0.0,0.0,45,1023.9,1001.1,100,900.0,4.4,7.6,aix-en-provence,2026-03-01T02:30:20.363375
2026-03-01T05:00,7.5,100,7.5,6.2,0,0.0,0.0,0.0,0.0,0.0,45,1024.6,1001.7,100,880.0,4.1,7.6,aix-en-provence,2026-03-01T02:30:20.363375
2026-03-01T06:00,7.2,100,7.2,5.8,0,0.0,0.0,0.0,0.0,0.0,45,1024.7,1001.8,100,920.0,4.6,7.9,aix-en-provence,2026-03-01T02:30:20.363375
2026-03-01T07:00,7.4,100,7.4,6.1,3,0.0,0.0,0.0,0.0,0.0,45,1025.3,1002.4,100,500.0,4.6,7.9,aix-en-provence,2026-03-01T02:30:20.363375
2026-03-01T08:00,8.8,94,7.9,7.8,0,0.0,0.0,0.0,0.0,0.0,3,1025.3,1002.5,100,14260.0,3.3,7.9,aix-en-provence,2026-03-01T02:30:20.363375
2026-03-01T09:00,10.6,89,8.9,9.7,8,0.5,0.0,0.5,0.0,0.0,61,1025.6,1002.9,100,21620.0,4.1,7.9,aix-en-provence,2026-03-01T02:30:20.363375
2026-03-01T10:00,12.4,80,9.1,11.6,10,0.4,0.0,0.4,0.0,0.0,61,1025.5,1003.0,100,31680.0,3.8,8.3,aix-en-provence,2026-03-01T02:30:20.363375
2026-03-01T11:00,13.6,71,8.4,12.4,3,0.0,0.0,0.0,0.0,0.0,3,1025.3,1002.9,79,37180.0,5.4,9.7,aix-en-provence,2026-03-01T02:30:20.363375
2026-03-01T12:00,14.1,68,8.3,12.8,5,0.0,0.0,0.0,0.0,0.0,2,1024.7,1002.3,84,38120.0,5.9,8.6,aix-en-provence,2026-03-01T02:30:20.363375
2026-03-01T13:00,15.0,63,8.0,13.8,8,0.0,0.0,0.0,0.0,0.0,2,1023.9,1001.6,81,39740.0,4.8,9.7,aix-en-provence,2026-03-01T02:30:20.363375
2026-03-01T14:00,15.2,61,7.7,13.5,10,0.0,0.0,0.0,0.0,0.0,2,1023.5,1001.2,88,40080.0,7.6,9.4,aix-en-provence,2026-03-01T02:30:20.363375
2026-03-01T15:00,13.8,73,9.1,12.0,15,0.0,0.0,0.0,0.0,0.0,2,1023.7,1001.3,77,35580.0,10.4,13.7,aix-en-provence,2026-03-01T02:30:20.363375
2026-03-01T16:00,13.6,74,9.0,12.3,15,0.0,0.0,0.0,0.0,0.0,1,1023.4,1001.0,22,35500.0,6.7,13.7,aix-en-provence,2026-03-01T02:30:20.363375
2026-03-01T17:00,12.7,78,9.0,11.8,10,0.0,0.0,0.0,0.0,0.0,2,1023.7,1001.2,59,34180.0,4.7,11.5,aix-en-provence,2026-03-01T02:30:20.363375
2026-03-01T18:00,11.5,85,9.1,11.1,8,0.0,0.0,0.0,0.0,0.0,2,1024.1,1001.5,55,28880.0,1.1,7.2,aix-en-provence,2026-03-01T02:30:20.363375
2026-03-01T19:00,10.6,90,9.0,9.7,3,0.0,0.0,0.0,0.0,0.0,2,1024.4,1001.8,71,21700.0,4.4,6.8,aix-en-provence,2026-03-01T02:30:20.363375
2026-03-01T20:00,10.0,90,8.5,8.9,0,0.0,0.0,0.0,0.0,0.0,2,1024.5,1001.8,68,22800.0,4.8,9.7,aix-en-provence,2026-03-01T02:30:20.363375
2026-03-01T21:00,9.5,93,8.4,8.4,0,0.0,0.0,0.0,0.0,0.0,1,1024.6,1001.9,42,16940.0,4.7,9.7,aix-en-provence,2026-03-01T02:30:20.363375
2026-03-01T22:00,9.0,91,7.6,7.7,0,0.0,0.0,0.0,0.0,0.0,2,1024.7,1001.9,46,20980.0,4.8,10.1,aix-en-provence,2026-03-01T02:30:20.363375
2026-03-01T23:00,9.0,90,7.4,7.6,0,0.0,0.0,0.0,0.0,0.0,2,1024.4,1001.6,60,21880.0,5.0,10.1,aix-en-provence,2026-03-01T02:30:20.363375
2026-03-01T00:00,5.9,95,5.2,4.1,0,0.0,0.0,0.0,0.0,0.0,1,1027.9,1025.1,0,11620.0,4.0,7.9,bordeaux,2026-03-01T02:30:22.841934
2026-03-01T01:00,5.4,96,4.8,3.5,0,0.0,0.0,0.0,0.0,0.0,45,1027.4,1024.6,41,9900.0,4.0,7.6,bordeaux,2026-03-01T02:30:22.841934
2026-03-01T02:00,4.9,97,4.4,2.9,0,0.0,0.0,0.0,0.0,0.0,45,1026.9,1024.1,55,7980.0,4.1,8.3,bordeaux,2026-03-01T02:30:22.841934
2026-03-01T03:00,4.5,98,4.2,2.4,0,0.0,0.0,0.0,0.0,0.0,45,1026.4,1023.6,62,3120.0,4.8,9.4,bordeaux,2026-03-01T02:30:22.841934
2026-03-01T04:00,4.1,98,3.8,1.9,0,0.0,0.0,0.0,0.0,0.0,45,1026.0,1023.2,61,2380.0,4.5,9.4,bordeaux,2026-03-01T02:30:22.841934
2026-03-01T05:00,3.8,99,3.7,1.7,0,0.0,0.0,0.0,0.0,0.0,45,1026.4,1023.6,66,2120.0,4.3,9.0,bordeaux,2026-03-01T02:30:22.841934
2026-03-01T06:00,3.5,99,3.4,1.3,0,0.0,0.0,0.0,0.0,0.0,45,1026.4,1023.6,73,1380.0,4.2,8.6,bordeaux,2026-03-01T02:30:22.841934
2026-03-01T07:00,3.4,100,3.4,1.1,0,0.0,0.0,0.0,0.0,0.0,45,1026.5,1023.7,94,280.0,5.0,10.1,bordeaux,2026-03-01T02:30:22.841934
2026-03-01T08:00,4.6,99,4.4,2.5,0,0.0,0.0,0.0,0.0,0.0,45,1026.0,1023.2,87,760.0,5.0,10.1,bordeaux,2026-03-01T02:30:22.841934
2026-03-01T09:00,6.6,92,5.4,4.6,0,0.0,0.0,0.0,0.0,0.0,3,1026.0,1023.2,100,12200.0,6.2,13.3,bordeaux,2026-03-01T02:30:22.841934
2026-03-01T10:00,9.1,83,6.4,6.9,0,0.0,0.0,0.0,0.0,0.0,0,1025.6,1022.9,1,25520.0,8.7,18.7,bordeaux,2026-03-01T02:30:22.841934
2026-03-01T11:00,11.4,71,6.3,8.9,0,0.0,0.0,0.0,0.0,0.0,0,1025.0,1022.3,0,35180.0,10.2,22.0,bordeaux,2026-03-01T02:30:22.841934
2026-03-01T12:00,13.0,64,6.3,10.6,0,0.0,0.0,0.0,0.0,0.0,1,1023.9,1021.2,21,38580.0,12.0,25.2,bordeaux,2026-03-01T02:30:22.841934
2026-03-01T13:00,14.0,61,6.6,11.6,0,0.0,0.0,0.0,0.0,0.0,2,1022.7,1020.0,59,39340.0,13.2,28.1,bordeaux,2026-03-01T02:30:22.841934
2026-03-01T14:00,15.0,57,6.6,12.2,0,0.0,0.0,0.0,0.0,0.0,2,1021.7,1019.0,45,40240.0,14.0,29.2,bordeaux,2026-03-01T02:30:22.841934
2026-03-01T15:00,15.5,55,6.5,12.4,0,0.0,0.0,0.0,0.0,0.0,1,1020.7,1018.0,43,40540.0,14.5,29.9,bordeaux,2026-03-01T02:30:22.841934
2026-03-01T16:00,15.4,56,6.7,12.4,0,0.0,0.0,0.0,0.0,0.0,1,1019.8,1017.1,16,40560.0,14.5,29.9,bordeaux,2026-03-01T02:30:22.841934
2026-03-01T17:00,14.7,60,7.0,12.0,0,0.0,0.0,0.0,0.0,0.0,1,1019.3,1016.6,30,40060.0,13.3,29.2,bordeaux,2026-03-01T02:30:22.841934
2026-03-01T18:00,13.1,68,7.3,10.7,0,0.0,0.0,0.0,0.0,0.0,3,1018.9,1016.2,100,38320.0,11.5,25.6,bordeaux,2026-03-01T02:30:22.841934
2026-03-01T19:00,11.9,71,6.8,9.3,0,0.0,0.0,0.0,0.0,0.0,3,1018.7,1016.0,87,36880.0,11.8,23.0,bordeaux,2026-03-01T02:30:22.841934
2026-03-01T20:00,11.0,75,6.7,8.5,0,0.0,0.0,0.0,0.0,0.0,2,1018.4,1015.7,41,35060.0,11.7,23.0,bordeaux,2026-03-01T02:30:22.841934
2026-03-01T21:00,10.4,75,6.1,7.9,0,0.0,0.0,0.0,0.0,0.0,1,1018.2,1015.5,8,35060.0,10.5,22.0,bordeaux,2026-03-01T02:30:22.841934
2026-03-01T22:00,10.0,75,5.7,7.1,0,0.0,0.0,0.0,0.0,0.0,1,1017.9,1015.2,28,32920.0,12.1,22.7,bordeaux,2026-03-01T02:30:22.841934
2026-03-01T23:00,9.6,78,5.9,6.5,0,0.0,0.0,0.0,0.0,0.0,0,1017.1,1014.4,0,25860.0,13.7,26.3,bordeaux,2026-03-01T02:30:22.841934
2026-03-01T00:00,11.6,86,9.3,11.5,0,0.0,0.0,0.0,0.0,0.0,3,1024.1,1022.8,100,24140.0,3.7,6.5,cannes,2026-03-01T02:30:25.307290
2026-03-01T01:00,12.1,86,9.8,11.4,0,0.0,0.0,0.0,0.0,0.0,3,1024.2,1022.9,100,24140.0,5.8,5.0,cannes,2026-03-01T02:30:25.307290
2026-03-01T02:00,11.9,87,9.8,12.0,0,0.0,0.0,0.0,0.0,0.0,3,1024.0,1022.7,100,24140.0,3.4,5.4,cannes,2026-03-01T02:30:25.307290
2026-03-01T03:00,11.8,87,9.7,12.1,0,0.0,0.0,0.0,0.0,0.0,3,1024.0,1022.7,100,24140.0,5.9,8.6,cannes,2026-03-01T02:30:25.307290
2026-03-01T04:00,11.8,86,9.5,11.6,0,0.0,0.0,0.0,0.0,0.0,3,1024.0,1022.7,100,24140.0,4.5,8.6,cannes,2026-03-01T02:30:25.307290
2026-03-01T05:00,11.6,86,9.4,11.6,0,0.0,0.0,0.0,0.0,0.0,3,1024.0,1022.7,100,24140.0,5.4,9.6,cannes,2026-03-01T02:30:25.307290
2026-03-01T06:00,12.2,84,9.4,11.8,0,0.0,0.0,0.0,0.0,0.0,3,1024.1,1022.8,100,24140.0,6.8,12.1,cannes,2026-03-01T02:30:25.307290
2026-03-01T07:00,12.6,82,9.7,11.9,0,0.0,0.08,0.0,0.0,0.0,51,1024.6,1023.3,100,24140.0,6.3,11.9,cannes,2026-03-01T02:30:25.307290
2026-03-01T08:00,12.7,85,10.3,11.9,0,0.2,0.2,0.0,0.0,0.0,51,1025.1,1023.8,100,24140.0,6.5,12.6,cannes,2026-03-01T02:30:25.307290
2026-03-01T09:00,13.4,82,10.4,12.6,0,0.1,0.1,0.0,0.0,0.0,51,1025.1,1023.8,100,22360.0,6.0,12.6,cannes,2026-03-01T02:30:25.307290
2026-03-01T10:00,13.1,83,10.3,12.0,3,0.0,0.0,0.0,0.0,0.0,3,1025.0,1023.7,100,23880.0,8.3,15.5,cannes,2026-03-01T02:30:25.307290
2026-03-01T11:00,13.2,82,10.2,12.5,0,0.1,0.1,0.0,0.0,0.0,51,1025.1,1023.8,100,23760.0,5.5,15.5,cannes,2026-03-01T02:30:25.307290
2026-03-01T12:00,13.5,83,10.7,13.4,3,0.2,0.3,0.0,0.0,0.0,51,1024.8,1023.5,100,24140.0,2.1,10.8,cannes,2026-03-01T02:30:25.307290
2026-03-01T13:00,13.6,83,10.7,13.6,10,0.1,0.2,0.0,0.0,0.0,51,1024.4,1023.1,100,24140.0,1.3,6.1,cannes,2026-03-01T02:30:25.307290
2026-03-01T14:00,13.9,82,10.9,13.8,30,0.0,0.0,0.0,0.0,0.0,3,1023.9,1022.6,100,24140.0,2.6,7.2,cannes,2026-03-01T02:30:25.307290
2026-03-01T15:00,13.9,83,11.1,13.6,40,0.0,0.0,0.0,0.0,0.0,3,1024.0,1022.7,100,24140.0,4.7,9.0,cannes,2026-03-01T02:30:25.307290
2026-03-01T16:00,14.1,80,10.7,13.7,45,0.0,0.0,0.0,0.0,0.0,2,1024.0,1022.7,53,24140.0,4.0,9.0,cannes,2026-03-01T02:30:25.307290
2026-03-01T17:00,13.6,82,10.6,13.1,55,0.0,0.0,0.0,0.0,0.0,1,1024.1,1022.8,47,24140.0,5.1,10.8,cannes,2026-03-01T02:30:25.307290
2026-03-01T18:00,13.0,82,10.0,12.6,33,0.0,0.0,0.0,0.0,0.0,3,1024.3,1023.0,97,24140.0,2.7,8.6,cannes,2026-03-01T02:30:25.307290
2026-03-01T19:00,12.6,84,9.9,12.3,8,0.0,0.0,0.0,0.0,0.0,3,1024.4,1023.1,89,24140.0,1.4,4.3,cannes,2026-03-01T02:30:25.307290
2026-03-01T20:00,11.9,85,9.4,11.1,3,0.0,0.0,0.0,0.0,0.0,3,1024.6,1023.3,100,24140.0,4.0,4.3,cannes,2026-03-01T02:30:25.307290
2026-03-01T21:00,12.2,87,10.1,11.2,0,0.0,0.0,0.0,0.0,0.0,3,1024.8,1023.5,100,24140.0,7.4,12.2,cannes,2026-03-01T02:30:25.307290
2026-03-01T22:00,12.2,90,10.6,11.6,0,0.4,0.6,0.0,0.0,0.0,53,1024.7,1023.4,100,24140.0,5.4,12.6,cannes,2026-03-01T02:30:25.307290
2026-03-01T23:00,12.4,87,10.3,11.8,0,0.1,0.1,0.0,0.0,0.0,51,1024.5,1023.2,100,24140.0,4.6,11.9,cannes,2026-03-01T02:30:25.307290
2026-03-01T00:00,8.0,92,6.8,6.9,0,0.0,0.0,0.0,0.0,0.0,2,1027.2,1007.3,86,16240.0,1.8,6.5,lyon,2026-03-01T02:32:28.305022
2026-03-01T01:00,7.5,94,6.6,6.4,0,0.0,0.0,0.0,0.0,0.0,45,1027.0,1007.1,100,10860.0,1.4,4.0,lyon,2026-03-01T02:32:28.305022
2026-03-01T02:00,7.0,95,6.3,5.7,0,0.0,0.0,0.0,0.0,0.0,45,1026.6,1006.7,100,10680.0,2.3,4.7,lyon,2026-03-01T02:32:28.305022
2026-03-01T03:00,6.8,94,5.9,5.6,0,0.0,0.0,0.0,0.0,0.0,3,1026.7,1006.8,100,10600.0,1.5,5.4,lyon,2026-03-01T02:32:28.305022
2026-03-01T04:00,5.8,100,5.8,4.2,0,0.0,0.0,0.0,0.0,0.0,45,1026.6,1006.6,99,220.0,3.6,9.0,lyon,2026-03-01T02:32:28.305022
2026-03-01T05:00,5.1,100,5.1,3.6,0,0.0,0.0,0.0,0.0,0.0,45,1027.1,1007.0,100,60.0,1.8,9.0,lyon,2026-03-01T02:32:28.305022
2026-03-01T06:00,4.6,100,4.6,3.1,0,0.0,0.0,0.0,0.0,0.0,45,1027.1,1007.0,100,40.0,1.3,4.7,lyon,2026-03-01T02:32:28.305022
2026-03-01T07:00,4.5,100,4.5,2.9,0,0.0,0.0,0.0,0.0,0.0,45,1027.5,1007.4,100,60.0,1.8,6.5,lyon,2026-03-01T02:32:28.305022
2026-03-01T08:00,4.9,99,4.7,3.4,0,0.0,0.0,0.0,0.0,0.0,45,1027.3,1007.2,100,100.0,1.1,4.7,lyon,2026-03-01T02:32:28.305022
2026-03-01T09:00,6.6,88,4.7,5.0,0,0.0,0.0,0.0,0.0,0.0,1,1027.5,1007.5,48,17780.0,2.3,7.2,lyon,2026-03-01T02:32:28.305022
2026-03-01T10:00,8.4,79,5.0,6.7,0,0.0,0.0,0.0,0.0,0.0,1,1027.1,1007.3,0,28340.0,3.3,10.1,lyon,2026-03-01T02:32:28.305022
2026-03-01T11:00,10.0,73,5.3,8.2,0,0.0,0.0,0.0,0.0,0.0,0,1026.7,1007.0,0,32960.0,4.1,12.2,lyon,2026-03-01T02:32:28.305022
2026-03-01T12:00,11.5,67,5.6,10.1,0,0.0,0.0,0.0,0.0,0.0,0,1025.8,1006.2,0,36400.0,3.7,11.9,lyon,2026-03-01T02:32:28.305022
2026-03-01T13:00,12.8,65,6.4,11.6,0,0.0,0.0,0.0,0.0,0.0,1,1024.8,1005.3,59,37340.0,3.3,11.9,lyon,2026-03-01T02:32:28.305022
2026-03-01T14:00,13.8,53,4.4,11.9,0,0.0,0.0,0.0,0.0,0.0,1,1024.2,1004.8,59,40700.0,3.6,11.2,lyon,2026-03-01T02:32:28.305022
2026-03-01T15:00,14.2,50,3.9,12.1,0,0.0,0.0,0.0,0.0,0.0,1,1023.6,1004.2,10,41160.0,4.2,7.9,lyon,2026-03-01T02:32:28.305022
2026-03-01T16:00,13.8,52,4.1,11.5,0,0.0,0.0,0.0,0.0,0.0,1,1023.2,1003.8,5,40860.0,6.4,14.4,lyon,2026-03-01T02:32:28.305022
2026-03-01T17:00,13.4,51,3.4,11.1,0,0.0,0.0,0.0,0.0,0.0,0,1023.0,1003.6,0,41060.0,5.3,15.5,lyon,2026-03-01T02:32:28.305022
2026-03-01T18:00,12.5,56,4.0,10.3,0,0.0,0.0,0.0,0.0,0.0,0,1023.1,1003.6,0,40580.0,5.1,15.1,lyon,2026-03-01T02:32:28.305022
2026-03-01T19:00,11.5,65,5.1,10.0,0,0.0,0.0,0.0,0.0,0.0,0,1023.3,1003.7,0,39100.0,2.0,9.7,lyon,2026-03-01T02:32:28.305022
2026-03-01T20:00,10.5,73,5.8,9.1,0,0.0,0.0,0.0,0.0,0.0,0,1023.3,1003.7,0,36320.0,2.2,4.7,lyon,2026-03-01T02:32:28.305022
2026-03-01T21:00,9.6,78,5.9,8.2,0,0.0,0.0,0.0,0.0,0.0,0,1023.3,1003.6,0,33480.0,2.2,4.3,lyon,2026-03-01T02:32:28.305022
2026-03-01T22:00,8.5,81,5.4,7.0,0,0.0,0.0,0.0,0.0,0.0,0,1023.3,1003.5,0,29500.0,2.5,6.1,lyon,2026-03-01T02:32:28.305022
2026-03-01T23:00,7.6,85,5.2,6.1,0,0.0,0.0,0.0,0.0,0.0,0,1023.0,1003.2,0,26400.0,2.2,6.1,lyon,2026-03-01T02:32:28.305022
2026-03-01T00:00,11.8,81,8.6,11.2,0,0.0,0.0,0.0,0.0,0.0,3,1024.2,1023.8,100,24140.0,4.8,5.8,marseille,2026-03-01T02:32:31.147400
2026-03-01T01:00,11.2,87,9.2,10.5,0,0.0,0.0,0.0,0.0,0.0,3,1024.2,1023.8,100,24140.0,3.8,7.6,marseille,2026-03-01T02:32:31.147400
2026-03-01T02:00,10.7,86,8.4,10.1,0,0.0,0.0,0.0,0.0,0.0,3,1024.0,1023.6,100,24140.0,4.0,6.5,marseille,2026-03-01T02:32:31.147400
2026-03-01T03:00,10.7,84,8.1,9.8,0,0.0,0.0,0.0,0.0,0.0,3,1023.8,1023.4,100,24140.0,3.4,5.8,marseille,2026-03-01T02:32:31.147400
2026-03-01T04:00,10.3,85,7.9,9.5,0,0.0,0.0,0.0,0.0,0.0,3,1024.1,1023.7,100,24140.0,5.6,7.2,marseille,2026-03-01T02:32:31.147400
2026-03-01T05:00,10.1,84,7.5,9.0,0,0.0,0.0,0.0,0.0,0.0,3,1024.1,1023.7,100,24140.0,6.4,8.6,marseille,2026-03-01T02:32:31.147400
2026-03-01T06:00,10.6,81,7.5,9.4,0,0.0,0.0,0.0,0.0,0.0,3,1024.1,1023.7,100,24140.0,6.3,11.0,marseille,2026-03-01T02:32:31.147400
2026-03-01T07:00,11.8,80,8.3,10.6,3,0.0,0.0,0.0,0.0,0.0,3,1024.4,1024.0,100,24140.0,5.5,10.1,marseille,2026-03-01T02:32:31.147400
2026-03-01T08:00,12.6,76,8.5,11.7,8,0.0,0.0,0.0,0.0,0.0,3,1024.8,1024.4,100,24140.0,3.2,10.1,marseille,2026-03-01T02:32:31.147400
2026-03-01T09:00,13.5,76,9.4,13.1,8,0.0,0.0,0.0,0.0,0.0,3,1024.8,1024.4,100,24140.0,2.1,7.2,marseille,2026-03-01T02:32:31.147400
2026-03-01T10:00,14.7,66,8.4,13.5,3,0.0,0.0,0.0,0.0,0.0,1,1024.7,1024.3,27,24140.0,5.9,16.2,marseille,2026-03-01T02:32:31.147400
2026-03-01T11:00,15.8,62,8.5,13.9,0,0.0,0.0,0.0,0.0,0.0,1,1024.4,1024.0,35,24140.0,10.3,23.8,marseille,2026-03-01T02:32:31.147400
2026-03-01T12:00,16.0,62,8.8,13.9,0,0.0,0.0,0.0,0.0,0.0,1,1024.0,1023.6,47,24140.0,12.2,26.3,marseille,2026-03-01T02:32:31.147400
2026-03-01T13:00,16.1,63,9.1,13.9,5,0.0,0.0,0.0,0.0,0.0,1,1023.6,1023.2,26,24140.0,13.4,28.1,marseille,2026-03-01T02:32:31.147400
2026-03-01T14:00,15.9,65,9.4,13.9,10,0.0,0.0,0.0,0.0,0.0,0,1023.3,1022.9,9,24140.0,12.7,28.4,marseille,2026-03-01T02:32:31.147400
2026-03-01T15:00,15.7,67,9.6,13.9,8,0.0,0.0,0.0,0.0,0.0,0,1023.2,1022.8,17,24140.0,11.7,26.6,marseille,2026-03-01T02:32:31.147400
2026-03-01T16:00,15.3,68,9.4,13.7,8,0.0,0.0,0.0,0.0,0.0,0,1023.2,1022.8,13,24140.0,9.7,25.2,marseille,2026-03-01T02:32:31.147400
2026-03-01T17:00,14.7,73,9.9,13.1,0,0.0,0.0,0.0,0.0,0.0,1,1023.4,1023.0,38,24140.0,10.9,22.0,marseille,2026-03-01T02:32:31.147400
2026-03-01T18:00,14.0,77,10.0,12.5,0,0.0,0.0,0.0,0.0,0.0,1,1023.6,1023.2,38,24140.0,10.3,22.0,marseille,2026-03-01T02:32:31.147400
2026-03-01T19:00,13.7,78,9.9,12.3,0,0.0,0.0,0.0,0.0,0.0,0,1023.7,1023.3,2,24140.0,9.7,20.5,marseille,2026-03-01T02:32:31.147400
2026-03-01T20:00,13.4,77,9.5,11.9,0,0.0,0.0,0.0,0.0,0.0,0,1024.1,1023.7,0,24140.0,9.3,18.0,marseille,2026-03-01T02:32:31.147400
2026-03-01T21:00,12.9,78,9.2,11.2,0,0.0,0.0,0.0,0.0,0.0,0,1024.2,1023.8,0,24140.0,10.1,18.7,marseille,2026-03-01T02:32:31.147400
2026-03-01T22:00,12.3,77,8.4,10.3,0,0.0,0.0,0.0,0.0,0.0,3,1024.0,1023.6,95,24140.0,10.9,20.9,marseille,2026-03-01T02:32:31.147400
2026-03-01T23:00,12.2,78,8.5,10.4,0,0.0,0.0,0.0,0.0,0.0,0,1023.7,1023.3,3,24140.0,9.7,20.5,marseille,2026-03-01T02:32:31.147400
2026-03-01T00:00,11.8,90,10.2,11.2,0,0.0,0.0,0.0,0.0,0.0,3,1024.7,1022.5,100,20820.0,4.0,6.1,nice,2026-03-01T02:32:33.609222
2026-03-01T01:00,11.7,90,10.1,11.0,0,0.0,0.0,0.0,0.0,0.0,3,1024.4,1022.2,100,21300.0,4.6,5.4,nice,2026-03-01T02:32:33.609222
2026-03-01T02:00,11.7,89,10.0,11.1,0,0.0,0.0,0.0,0.0,0.0,3,1023.9,1021.7,100,21820.0,4.3,5.4,nice,2026-03-01T02:32:33.609222
2026-03-01T03:00,11.7,90,10.1,11.2,0,0.0,0.0,0.0,0.0,0.0,3,1023.8,1021.6,99,20760.0,3.6,5.8,nice,2026-03-01T02:32:33.609222
2026-03-01T04:00,11.5,91,10.0,10.9,0,0.0,0.0,0.0,0.0,0.0,3,1023.7,1021.5,100,18440.0,4.1,5.8,nice,2026-03-01T02:32:33.609222
2026-03-01T05:00,11.5,91,10.0,10.9,0,0.0,0.0,0.0,0.0,0.0,3,1024.3,1022.1,100,19000.0,4.0,6.5,nice,2026-03-01T02:32:33.609222
2026-03-01T06:00,11.2,92,9.9,10.4,0,0.0,0.0,0.0,0.0,0.0,3,1024.4,1022.2,95,17380.0,5.1,8.3,nice,2026-03-01T02:32:33.609222
2026-03-01T07:00,11.0,91,9.6,10.1,0,0.0,0.0,0.0,0.0,0.0,3,1025.0,1022.8,100,18440.0,5.4,9.0,nice,2026-03-01T02:32:33.609222
2026-03-01T08:00,11.8,88,9.8,11.3,3,0.0,0.0,0.0,0.0,0.0,3,1025.2,1023.0,100,23280.0,3.3,9.0,nice,2026-03-01T02:32:33.609222
2026-03-01T09:00,12.5,80,9.2,12.0,0,0.0,0.0,0.0,0.0,0.0,3,1025.7,1023.5,100,32060.0,1.9,5.0,nice,2026-03-01T02:32:33.609222
2026-03-01T10:00,12.6,82,9.6,12.2,3,0.0,0.0,0.0,0.0,0.0,61,1025.7,1023.5,100,29540.0,1.8,4.0,nice,2026-03-01T02:32:33.609222
2026-03-01T11:00,12.8,82,9.8,12.4,0,0.0,0.0,0.0,0.0,0.0,61,1025.7,1023.5,100,28800.0,2.3,4.3,nice,2026-03-01T02:32:33.609222
2026-03-01T12:00,13.2,79,9.7,12.9,0,0.0,0.0,0.0,0.0,0.0,61,1025.2,1023.0,100,31440.0,1.5,4.3,nice,2026-03-01T02:32:33.609222
2026-03-01T13:00,13.7,75,9.4,13.3,5,0.0,0.0,0.0,0.0,0.0,3,1024.7,1022.5,100,34960.0,1.5,3.6,nice,2026-03-01T02:32:33.609222
2026-03-01T14:00,14.0,72,9.0,13.2,8,0.0,0.0,0.0,0.0,0.0,3,1024.5,1022.3,100,36200.0,3.4,6.5,nice,2026-03-01T02:32:33.609222
2026-03-01T15:00,14.1,72,9.1,13.3,10,0.0,0.0,0.0,0.0,0.0,3,1024.2,1022.0,100,36260.0,3.4,6.8,nice,2026-03-01T02:32:33.609222
2026-03-01T16:00,14.1,72,9.1,13.3,13,0.0,0.0,0.0,0.0,0.0,3,1024.1,1021.9,84,36320.0,3.3,6.5,nice,2026-03-01T02:32:33.609222
2026-03-01T17:00,13.9,74,9.3,13.3,13,0.0,0.0,0.0,0.0,0.0,2,1024.2,1022.0,73,35400.0,3.0,6.5,nice,2026-03-01T02:32:33.609222
2026-03-01T18:00,13.6,77,9.7,13.2,8,0.0,0.0,0.0,0.0,0.0,2,1024.6,1022.4,75,34500.0,2.2,5.4,nice,2026-03-01T02:32:33.609222
2026-03-01T19:00,12.6,84,10.0,12.0,0,0.0,0.0,0.0,0.0,0.0,3,1024.8,1022.6,100,28220.0,4.5,7.6,nice,2026-03-01T02:32:33.609222
2026-03-01T20:00,11.6,89,9.8,10.7,0,0.0,0.0,0.0,0.0,0.0,3,1024.9,1022.7,100,22100.0,5.8,9.4,nice,2026-03-01T02:32:33.609222
2026-03-01T21:00,11.1,90,9.5,10.2,0,0.0,0.0,0.0,0.0,0.0,2,1024.9,1022.7,57,21100.0,5.4,9.7,nice,2026-03-01T02:32:33.609222
2026-03-01T22:00,10.5,91,9.1,9.5,0,0.0,0.0,0.0,0.0,0.0,2,1024.9,1022.7,61,19360.0,5.4,9.0,nice,2026-03-01T02:32:33.609222
2026-03-01T23:00,10.1,93,9.0,9.1,0,0.0,0.0,0.0,0.0,0.0,2,1024.7,1022.5,50,17080.0,5.4,9.0,nice,2026-03-01T02:32:33.609222
2026-03-01T00:00,7.9,72,3.2,5.6,0,0.0,0.0,0.0,0.0,0.0,1,1025.5,1020.5,96,37380.0,5.2,8.3,paris,2026-03-01T02:34:36.619472
2026-03-01T01:00,7.4,77,3.7,5.3,0,0.0,0.0,0.0,0.0,0.0,1,1024.9,1019.9,38,34260.0,4.7,10.4,paris,2026-03-01T02:34:36.619472
2026-03-01T02:00,7.3,78,3.7,5.4,0,0.0,0.0,0.0,0.0,0.0,0,1024.4,1019.4,0,34060.0,3.1,8.3,paris,2026-03-01T02:34:36.619472
2026-03-01T03:00,6.8,79,3.4,4.6,0,0.0,0.0,0.0,0.0,0.0,0,1024.0,1019.0,0,32660.0,4.2,8.3,paris,2026-03-01T02:34:36.619472
2026-03-01T04:00,6.2,82,3.4,3.9,0,0.0,0.0,0.0,0.0,0.0,0,1024.1,1019.1,0,29640.0,5.6,11.2,paris,2026-03-01T02:34:36.619472
2026-03-01T05:00,5.8,85,3.5,3.3,0,0.0,0.0,0.0,0.0,0.0,0,1024.4,1019.4,0,26200.0,6.6,13.0,paris,2026-03-01T02:34:36.619472
2026-03-01T06:00,5.2,88,3.4,2.6,0,0.0,0.0,0.0,0.0,0.0,1,1024.5,1019.5,6,22480.0,7.3,14.8,paris,2026-03-01T02:34:36.619472
2026-03-01T07:00,4.9,90,3.4,2.3,0,0.0,0.0,0.0,0.0,0.0,2,1024.7,1019.7,78,18680.0,7.3,15.1,paris,2026-03-01T02:34:36.619472
2026-03-01T08:00,5.3,90,3.8,2.8,0,0.0,0.0,0.0,0.0,0.0,3,1024.8,1019.8,100,16460.0,7.6,16.2,paris,2026-03-01T02:34:36.619472
2026-03-01T09:00,6.3,88,4.5,3.7,0,0.0,0.0,0.0,0.0,0.0,3,1025.0,1020.0,100,18800.0,9.4,19.8,paris,2026-03-01T02:34:36.619472
2026-03-01T10:00,7.5,84,5.0,4.7,0,0.0,0.0,0.0,0.0,0.0,3,1024.8,1019.8,98,22800.0,10.4,22.0,paris,2026-03-01T02:34:36.619472
2026-03-01T11:00,9.0,79,5.5,6.1,0,0.0,0.0,0.0,0.0,0.0,3,1024.5,1019.6,88,28600.0,12.1,26.3,paris,2026-03-01T02:34:36.619472
2026-03-01T12:00,10.7,71,5.7,7.9,0,0.0,0.0,0.0,0.0,0.0,2,1023.7,1018.8,76,34980.0,12.3,26.3,paris,2026-03-01T02:34:36.619472
2026-03-01T13:00,12.1,63,5.3,9.1,3,0.0,0.0,0.0,0.0,0.0,2,1022.9,1018.0,67,38540.0,13.1,28.1,paris,2026-03-01T02:34:36.619472
2026-03-01T14:00,12.8,58,4.8,9.6,5,0.0,0.0,0.0,0.0,0.0,2,1022.4,1017.5,66,40020.0,13.6,29.2,paris,2026-03-01T02:34:36.619472
2026-03-01T15:00,13.0,56,4.4,9.8,3,0.0,0.0,0.0,0.0,0.0,2,1021.8,1016.9,58,40420.0,13.0,29.2,paris,2026-03-01T02:34:36.619472
2026-03-01T16:00,12.7,57,4.4,9.7,3,0.0,0.0,0.0,0.0,0.0,2,1021.3,1016.4,57,40420.0,11.9,27.0,paris,2026-03-01T02:34:36.619472
2026-03-01T17:00,12.3,57,4.1,9.4,0,0.0,0.0,0.0,0.0,0.0,2,1021.0,1016.1,56,40560.0,10.5,24.8,paris,2026-03-01T02:34:36.619472
2026-03-01T18:00,11.8,60,4.3,9.2,0,0.0,0.0,0.0,0.0,0.0,2,1020.9,1016.0,54,40200.0,8.6,21.6,paris,2026-03-01T02:34:36.619472
2026-03-01T19:00,11.0,65,4.7,8.6,0,0.0,0.0,0.0,0.0,0.0,2,1020.8,1015.9,78,39220.0,7.8,16.6,paris,2026-03-01T02:34:36.619472
2026-03-01T20:00,10.1,69,4.7,7.7,0,0.0,0.0,0.0,0.0,0.0,1,1020.7,1015.8,33,37900.0,7.3,15.5,paris,2026-03-01T02:34:36.619472
2026-03-01T21:00,9.2,74,4.8,6.9,0,0.0,0.0,0.0,0.0,0.0,0,1020.7,1015.8,0,36120.0,7.5,14.4,paris,2026-03-01T02:34:36.619472
2026-03-01T22:00,8.5,77,4.7,6.1,0,0.0,0.0,0.0,0.0,0.0,0,1020.3,1015.4,0,34360.0,7.5,14.8,paris,2026-03-01T02:34:36.619472
2026-03-01T23:00,8.0,78,4.4,5.5,0,0.0,0.0,0.0,0.0,0.0,0,1019.6,1014.7,0,33680.0,8.0,16.6,paris,2026-03-01T02:34:36.619472
2026-03-01T00:00,7.3,82,4.5,5.4,0,0.0,0.0,0.0,0.0,0.0,3,1026.3,1007.8,85,29280.0,4.2,9.0,strasbourg,2026-03-01T02:34:39.068122
2026-03-01T01:00,7.1,82,4.2,5.1,0,0.0,0.0,0.0,0.0,0.0,3,1026.8,1008.2,99,28640.0,4.0,9.7,strasbourg,2026-03-01T02:34:39.068122
2026-03-01T02:00,7.0,82,4.2,5.3,0,0.0,0.0,0.0,0.0,0.0,3,1026.7,1008.1,97,28340.0,2.6,8.6,strasbourg,2026-03-01T02:34:39.068122
2026-03-01T03:00,7.0,82,4.2,5.3,0,0.0,0.0,0.0,0.0,0.0,3,1026.6,1008.0,91,27580.0,2.1,6.8,strasbourg,2026-03-01T02:34:39.068122
2026-03-01T04:00,6.9,84,4.4,5.2,0,0.0,0.0,0.0,0.0,0.0,2,1026.7,1008.1,37,27380.0,2.0,5.4,strasbourg,2026-03-01T02:34:39.068122
2026-03-01T05:00,6.5,87,4.5,5.0,0,0.0,0.0,0.0,0.0,0.0,3,1027.0,1008.4,100,23260.0,1.6,4.3,strasbourg,2026-03-01T02:34:39.068122
2026-03-01T06:00,6.1,90,4.6,4.6,0,0.0,0.0,0.0,0.0,0.0,0,1027.0,1008.4,4,19780.0,1.1,2.9,strasbourg,2026-03-01T02:34:39.068122
2026-03-01T07:00,5.7,93,4.7,4.2,0,0.0,0.0,0.0,0.0,0.0,1,1027.1,1008.4,0,15660.0,1.9,4.3,strasbourg,2026-03-01T02:34:39.068122
2026-03-01T08:00,6.1,87,4.1,4.4,0,0.0,0.0,0.0,0.0,0.0,1,1027.1,1008.5,19,19560.0,2.5,7.2,strasbourg,2026-03-01T02:34:39.068122
2026-03-01T09:00,7.8,80,4.5,6.2,0,0.0,0.0,0.0,0.0,0.0,1,1027.3,1008.8,7,28140.0,2.1,6.5,strasbourg,2026-03-01T02:34:39.068122
2026-03-01T10:00,9.7,74,5.3,7.8,0,0.0,0.0,0.0,0.0,0.0,0,1026.9,1008.5,0,32560.0,4.7,12.6,strasbourg,2026-03-01T02:34:39.068122
2026-03-01T11:00,11.4,65,5.1,9.4,0,0.0,0.0,0.0,0.0,0.0,0,1026.5,1008.2,2,37440.0,5.4,14.8,strasbourg,2026-03-01T02:34:39.068122
2026-03-01T12:00,12.8,56,4.2,10.7,0,0.0,0.0,0.0,0.0,0.0,1,1025.6,1007.4,42,40040.0,5.1,15.1,strasbourg,2026-03-01T02:34:39.068122
2026-03-01T13:00,13.6,49,3.1,11.5,0,0.0,0.0,0.0,0.0,0.0,2,1024.9,1006.8,55,41060.0,4.0,13.7,strasbourg,2026-03-01T02:34:39.068122
2026-03-01T14:00,14.1,44,2.0,11.5,0,0.0,0.0,0.0,0.0,0.0,1,1024.3,1006.2,90,41960.0,5.4,14.0,strasbourg,2026-03-01T02:34:39.068122
2026-03-01T15:00,14.0,43,1.6,11.3,0,0.0,0.0,0.0,0.0,0.0,1,1024.0,1005.9,10,42040.0,5.7,15.5,strasbourg,2026-03-01T02:34:39.068122
2026-03-01T16:00,13.9,40,0.5,11.1,0,0.0,0.0,0.0,0.0,0.0,0,1023.7,1005.6,0,42860.0,5.2,14.8,strasbourg,2026-03-01T02:34:39.068122
2026-03-01T17:00,13.5,42,0.8,11.0,0,0.0,0.0,0.0,0.0,0.0,0,1023.7,1005.6,0,42560.0,3.1,11.5,strasbourg,2026-03-01T02:34:39.068122
2026-03-01T18:00,12.8,47,1.7,10.6,0,0.0,0.0,0.0,0.0,0.0,0,1023.8,1005.6,0,42000.0,2.3,6.8,strasbourg,2026-03-01T02:34:39.068122
2026-03-01T19:00,11.5,55,2.8,9.4,0,0.0,0.0,0.0,0.0,0.0,0,1023.9,1005.7,0,40900.0,3.1,6.1,strasbourg,2026-03-01T02:34:39.068122
2026-03-01T20:00,10.3,63,3.5,8.4,0,0.0,0.0,0.0,0.0,0.0,0,1023.9,1005.6,0,39640.0,2.7,6.1,strasbourg,2026-03-01T02:34:39.068122
2026-03-01T21:00,9.0,70,3.8,7.2,0,0.0,0.0,0.0,0.0,0.0,0,1023.9,1005.5,0,37500.0,2.4,6.1,strasbourg,2026-03-01T02:34:39.068122
2026-03-01T22:00,8.2,75,4.1,6.4,0,0.0,0.0,0.0,0.0,0.0,0,1023.9,1005.5,0,35200.0,2.6,5.0,strasbourg,2026-03-01T02:34:39.068122
2026-03-01T23:00,7.6,78,4.0,5.7,0,0.0,0.0,0.0,0.0,0.0,0,1023.6,1005.1,0,33260.0,2.9,6.1,strasbourg,2026-03-01T02:34:39.068122
2026-03-01T00:00,11.8,73,7.1,10.6,0,0.0,0.0,0.0,0.0,0.0,3,1024.2,1022.8,100,24140.0,1.8,3.6,toulon,2026-03-01T02:34:41.530587
2026-03-01T01:00,11.6,73,6.9,10.5,0,0.0,0.0,0.0,0.0,0.0,3,1024.2,1022.8,100,24140.0,3.3,1.8,toulon,2026-03-01T02:34:41.530587
2026-03-01T02:00,11.4,74,6.9,10.6,0,0.0,0.0,0.0,0.0,0.0,3,1023.9,1022.5,100,24140.0,1.3,2.2,toulon,2026-03-01T02:34:41.530587
2026-03-01T03:00,11.2,75,6.9,10.7,0,0.0,0.0,0.0,0.0,0.0,3,1023.8,1022.4,100,24140.0,1.5,0.7,toulon,2026-03-01T02:34:41.530587
2026-03-01T04:00,11.3,73,6.6,10.5,0,0.0,0.0,0.0,0.0,0.0,3,1023.9,1022.5,100,24140.0,1.5,2.5,toulon,2026-03-01T02:34:41.530587
2026-03-01T05:00,11.1,74,6.8,10.5,0,0.0,0.0,0.0,0.0,0.0,3,1024.0,1022.6,100,24140.0,0.9,2.0,toulon,2026-03-01T02:34:41.530587
2026-03-01T06:00,11.5,73,6.8,10.3,0,0.0,0.0,0.0,0.0,0.0,3,1024.1,1022.8,100,24140.0,2.7,4.9,toulon,2026-03-01T02:34:41.530587
2026-03-01T07:00,12.1,73,7.3,10.8,0,0.0,0.0,0.0,0.0,0.0,3,1024.6,1023.3,100,24140.0,3.8,8.9,toulon,2026-03-01T02:34:41.530587
2026-03-01T08:00,13.0,75,8.7,11.6,0,0.0,0.0,0.0,0.0,0.0,3,1024.9,1023.6,100,24140.0,7.3,16.9,toulon,2026-03-01T02:34:41.530587
2026-03-01T09:00,14.1,72,9.1,12.9,0,0.0,0.0,0.0,0.0,0.0,3,1024.8,1023.5,100,24140.0,6.8,17.3,toulon,2026-03-01T02:34:41.530587
2026-03-01T10:00,15.1,69,9.5,13.9,3,0.0,0.0,0.0,0.0,0.0,3,1024.9,1023.6,89,24140.0,7.7,19.4,toulon,2026-03-01T02:34:41.530587
2026-03-01T11:00,15.8,66,9.4,14.2,5,0.0,0.0,0.0,0.0,0.0,3,1024.8,1023.5,99,24140.0,9.4,21.6,toulon,2026-03-01T02:34:41.530587
2026-03-01T12:00,16.1,66,9.7,14.5,3,0.0,0.0,0.0,0.0,0.0,0,1024.3,1023.0,11,24140.0,10.1,22.7,toulon,2026-03-01T02:34:41.530587
2026-03-01T13:00,15.9,70,10.4,14.4,0,0.0,0.0,0.0,0.0,0.0,1,1023.8,1022.5,41,24140.0,11.6,25.6,toulon,2026-03-01T02:34:41.530587
2026-03-01T14:00,15.7,71,10.5,14.3,5,0.0,0.0,0.0,0.0,0.0,3,1023.7,1022.4,94,24140.0,10.9,24.8,toulon,2026-03-01T02:34:41.530587
2026-03-01T15:00,15.4,71,10.1,13.9,8,0.0,0.0,0.0,0.0,0.0,3,1023.6,1022.3,91,24140.0,10.7,23.8,toulon,2026-03-01T02:34:41.530587
2026-03-01T16:00,14.9,73,10.1,13.4,5,0.0,0.0,0.0,0.0,0.0,1,1023.5,1022.2,45,24140.0,10.6,22.7,toulon,2026-03-01T02:34:41.530587
2026-03-01T17:00,14.4,75,10.0,13.0,8,0.0,0.0,0.0,0.0,0.0,3,1023.8,1022.5,89,24140.0,9.2,21.6,toulon,2026-03-01T02:34:41.530587
2026-03-01T18:00,13.6,79,10.0,12.4,8,0.0,0.0,0.0,0.0,0.0,2,1023.9,1022.6,77,24140.0,8.4,18.4,toulon,2026-03-01T02:34:41.530587
2026-03-01T19:00,13.2,80,9.8,11.9,10,0.0,0.0,0.0,0.0,0.0,3,1024.0,1022.7,95,24140.0,9.0,18.0,toulon,2026-03-01T02:34:41.530587
2026-03-01T20:00,12.9,80,9.5,11.7,3,0.0,0.0,0.0,0.0,0.0,3,1024.3,1023.0,92,24140.0,7.7,18.0,toulon,2026-03-01T02:34:41.530587
2026-03-01T21:00,12.9,81,9.7,11.7,5,0.0,0.0,0.0,0.0,0.0,3,1024.5,1023.2,97,24140.0,7.4,15.1,toulon,2026-03-01T02:34:41.530587
2026-03-01T22:00,12.9,80,9.5,11.7,8,0.0,0.0,0.0,0.0,0.0,3,1024.4,1023.1,100,24140.0,7.2,15.1,toulon,2026-03-01T02:34:41.530587
2026-03-01T23:00,12.9,79,9.3,11.4,8,0.0,0.0,0.0,0.0,0.0,3,1024.0,1022.7,100,24140.0,9.0,18.4,toulon,2026-03-01T02:34:41.530587
2026-03-01T00:00,9.3,89,7.6,8.2,0,0.0,0.0,0.0,0.0,0.0,3,1028.3,1010.0,91,20180.0,3.1,6.5,toulouse,2026-03-01T02:36:44.506557
2026-03-01T01:00,9.2,89,7.5,8.1,0,0.0,0.0,0.0,0.0,0.0,3,1027.7,1009.4,94,20100.0,3.3,7.2,toulouse,2026-03-01T02:36:44.506557
2026-03-01T02:00,9.1,89,7.4,8.0,0,0.0,0.0,0.0,0.0,0.0,3,1026.9,1008.6,100,20220.0,3.1,7.2,toulouse,2026-03-01T02:36:44.506557
2026-03-01T03:00,9.0,89,7.3,7.8,0,0.0,0.0,0.0,0.0,0.0,3,1026.8,1008.5,100,19640.0,3.6,7.6,toulouse,2026-03-01T02:36:44.506557
2026-03-01T04:00,9.0,89,7.3,7.7,0,0.0,0.0,0.0,0.0,0.0,3,1026.5,1008.2,99,19460.0,4.1,8.6,toulouse,2026-03-01T02:36:44.506557
2026-03-01T05:00,8.9,90,7.3,7.7,0,0.0,0.0,0.0,0.0,0.0,3,1026.9,1008.6,98,18360.0,3.6,8.6,toulouse,2026-03-01T02:36:44.506557
2026-03-01T06:00,8.7,91,7.4,7.7,0,0.0,0.0,0.0,0.0,0.0,3,1026.6,1008.3,94,16560.0,2.7,7.2,toulouse,2026-03-01T02:36:44.506557
2026-03-01T07:00,8.4,93,7.3,7.5,0,0.0,0.0,0.0,0.0,0.0,2,1026.8,1008.4,66,14620.0,1.5,5.8,toulouse,2026-03-01T02:36:44.506557
2026-03-01T08:00,8.6,92,7.4,7.4,0,0.0,0.0,0.0,0.0,0.0,1,1026.4,1008.1,24,14100.0,4.0,9.0,toulouse,2026-03-01T02:36:44.506557
2026-03-01T09:00,9.8,83,7.1,8.3,0,0.0,0.0,0.0,0.0,0.0,2,1026.5,1008.2,62,26080.0,5.4,12.2,toulouse,2026-03-01T02:36:44.506557
2026-03-01T10:00,11.1,73,6.5,9.6,0,0.0,0.0,0.0,0.0,0.0,2,1026.0,1007.8,51,34860.0,4.3,11.5,toulouse,2026-03-01T02:36:44.506557
2026-03-01T11:00,12.1,70,6.8,10.1,0,0.0,0.0,0.0,0.0,0.0,1,1025.4,1007.3,29,36000.0,8.1,18.7,toulouse,2026-03-01T02:36:44.506557
2026-03-01T12:00,13.1,65,6.7,11.5,0,0.0,0.0,0.0,0.0,0.0,1,1024.3,1006.3,31,38000.0,8.0,18.4,toulouse,2026-03-01T02:36:44.506557
2026-03-01T13:00,14.0,58,5.9,12.3,0,0.0,0.0,0.0,0.0,0.0,1,1023.2,1005.3,25,39980.0,8.5,19.4,toulouse,2026-03-01T02:36:44.506557
2026-03-01T14:00,14.7,54,5.5,12.7,0,0.0,0.0,0.0,0.0,0.0,1,1022.5,1004.6,5,40660.0,8.3,19.8,toulouse,2026-03-01T02:36:44.506557
2026-03-01T15:00,15.4,51,5.4,13.0,0,0.0,0.0,0.0,0.0,0.0,0,1021.7,1003.9,0,41220.0,8.7,19.4,toulouse,2026-03-01T02:36:44.506557
2026-03-01T16:00,15.7,49,5.0,13.0,0,0.0,0.0,0.0,0.0,0.0,0,1021.0,1003.2,0,41460.0,9.9,21.6,toulouse,2026-03-01T02:36:44.506557
2026-03-01T17:00,14.7,57,6.3,12.0,0,0.0,0.0,0.0,0.0,0.0,0,1020.8,1002.9,0,40460.0,12.7,26.3,toulouse,2026-03-01T02:36:44.506557
2026-03-01T18:00,12.8,62,5.7,9.7,0,0.0,0.0,0.0,0.0,0.0,1,1020.9,1002.9,26,39760.0,14.1,29.2,toulouse,2026-03-01T02:36:44.506557
2026-03-01T19:00,11.4,63,4.6,7.9,0,0.0,0.0,0.0,0.0,0.0,1,1020.9,1002.8,22,39580.0,15.1,31.3,toulouse,2026-03-01T02:36:44.506557
2026-03-01T20:00,10.4,64,3.9,6.8,0,0.0,0.0,0.0,0.0,0.0,1,1020.8,1002.7,2,39440.0,15.5,31.7,toulouse,2026-03-01T02:36:44.506557
2026-03-01T21:00,9.9,68,4.3,6.2,0,0.0,0.0,0.0,0.0,0.0,0,1020.5,1002.3,5,37940.0,16.4,33.5,toulouse,2026-03-01T02:36:44.506557
2026-03-01T22:00,9.6,76,5.6,6.1,0,0.0,0.0,0.0,0.0,0.0,0,1020.2,1002.0,0,31720.0,16.9,35.3,toulouse,2026-03-01T02:36:44.506557
2026-03-01T23:00,9.6,83,6.8,6.4,0,0.0,0.0,0.0,0.0,0.0,0,1019.6,1001.4,0,28760.0,16.1,35.3,toulouse,2026-03-01T02:36:44.506557
2026-03-01T00:00,2.9,82,0.1,-0.7,83,0.1,0.1,0.0,0.0,0.03,61,1020.9,969.2,97,32300.0,9.7,18.4,tbilisi,2026-03-01T02:36:46.968417
2026-03-01T01:00,2.8,82,-0.0,-0.5,83,0.2,0.2,0.0,0.0,0.03,61,1020.9,969.2,98,32940.0,7.6,15.5,tbilisi,2026-03-01T02:36:46.968417
2026-03-01T02:00,2.8,82,-0.0,-0.2,68,0.2,0.2,0.0,0.0,0.03,61,1020.7,969.0,100,33180.0,6.0,12.2,tbilisi,2026-03-01T02:36:46.968417
2026-03-01T03:00,2.7,82,-0.1,-0.1,70,0.2,0.2,0.0,0.0,0.03,61,1021.3,969.5,99,31780.0,4.9,9.7,tbilisi,2026-03-01T02:36:46.968417
2026-03-01T04:00,2.7,83,0.1,0.2,68,0.2,0.2,0.0,0.0,0.03,61,1021.9,970.1,100,29200.0,2.6,7.9,tbilisi,2026-03-01T02:36:46.968417
2026-03-01T05:00,2.5,84,0.1,-0.0,75,0.2,0.2,0.0,0.0,0.03,61,1022.9,971.0,99,16480.0,2.9,4.7,tbilisi,2026-03-01T02:36:46.968417
2026-03-01T06:00,2.6,85,0.3,0.1,78,0.2,0.2,0.0,0.0,0.03,61,1023.2,971.3,100,18340.0,2.7,4.7,tbilisi,2026-03-01T02:36:46.968417
2026-03-01T07:00,3.2,80,0.1,0.1,80,0.2,0.2,0.0,0.0,0.03,61,1023.3,971.5,99,23000.0,7.1,11.9,tbilisi,2026-03-01T02:36:46.968417
2026-03-01T08:00,4.0,78,0.5,0.0,75,0.2,0.2,0.0,0.0,0.03,61,1023.0,971.4,99,35380.0,13.0,21.6,tbilisi,2026-03-01T02:36:46.968417
2026-03-01T09:00,4.6,72,-0.0,0.3,63,0.0,0.0,0.0,0.0,0.02,3,1022.7,971.2,99,35880.0,15.0,24.5,tbilisi,2026-03-01T02:36:46.968417
2026-03-01T10:00,5.1,70,0.1,0.7,48,0.0,0.0,0.0,0.0,0.02,3,1022.0,970.6,99,36760.0,15.6,25.9,tbilisi,2026-03-01T02:36:46.968417
2026-03-01T11:00,5.6,66,-0.2,0.9,28,0.0,0.0,0.0,0.0,0.01,3,1021.8,970.5,100,38680.0,17.8,29.2,tbilisi,2026-03-01T02:36:46.968417
2026-03-01T12:00,6.1,64,-0.2,1.3,13,0.0,0.0,0.0,0.0,0.01,3,1021.5,970.3,89,39180.0,18.1,30.2,tbilisi,2026-03-01T02:36:46.968417
2026-03-01T13:00,6.2,63,-0.4,1.6,5,0.0,0.0,0.0,0.0,0.01,3,1021.6,970.5,100,39400.0,16.5,29.9,tbilisi,2026-03-01T02:36:46.968417
2026-03-01T14:00,5.7,65,-0.4,1.2,5,0.0,0.0,0.0,0.0,0.01,3,1021.5,970.3,100,39040.0,16.3,28.1,tbilisi,2026-03-01T02:36:46.968417
2026-03-01T15:00,5.1,68,-0.4,1.0,10,0.0,0.0,0.0,0.0,0.01,3,1022.2,970.8,100,38620.0,13.0,26.3,tbilisi,2026-03-01T02:36:46.968417
2026-03-01T16:00,4.7,71,-0.1,1.4,13,0.0,0.0,0.0,0.0,0.01,3,1023.3,971.8,100,37660.0,7.8,20.5,tbilisi,2026-03-01T02:36:46.968417
2026-03-01T17:00,4.4,74,0.2,1.7,18,0.0,0.0,0.0,0.0,0.01,3,1023.7,972.1,100,36380.0,4.1,12.2,tbilisi,2026-03-01T02:36:46.968417
2026-03-01T18:00,4.3,76,0.4,1.8,30,0.0,0.0,0.0,0.0,0.01,3,1023.9,972.3,100,35420.0,2.7,6.1,tbilisi,2026-03-01T02:36:46.968417
2026-03-01T19:00,4.1,78,0.6,1.8,35,0.0,0.0,0.0,0.0,0.01,3,1023.8,972.2,100,33840.0,1.6,5.4,tbilisi,2026-03-01T02:36:46.968417
2026-03-01T20:00,4.0,79,0.7,1.7,30,0.1,0.1,0.0,0.0,0.01,61,1023.9,972.3,99,33640.0,1.8,4.0,tbilisi,2026-03-01T02:36:46.968417
2026-03-01T21:00,4.0,77,0.3,1.8,30,0.0,0.0,0.0,0.0,0.01,3,1023.9,972.3,97,35680.0,0.8,3.2,tbilisi,2026-03-01T02:36:46.968417
2026-03-01T22:00,4.1,76,0.3,1.8,23,0.0,0.0,0.0,0.0,0.01,3,1024.3,972.6,95,35200.0,1.6,1.4,tbilisi,2026-03-01T02:36:46.968417
2026-03-01T23:00,4.1,76,0.3,1.7,28,0.0,0.0,0.0,0.0,0.01,3,1024.5,972.8,96,35160.0,2.5,2.5,tbilisi,2026-03-01T02:36:46.968417
2026-03-01T00:00,11.7,53,2.4,7.4,0,0.0,0.0,0.0,0.0,0.0,3,1020.0,1015.5,100,40940.0,17.6,30.6,berlin,2026-03-01T02:36:49.429987
2026-03-01T01:00,10.6,56,2.2,6.4,0,0.0,0.0,0.0,0.0,0.0,3,1020.7,1016.2,98,40500.0,16.4,41.8,berlin,2026-03-01T02:36:49.429987
2026-03-01T02:00,9.8,60,2.4,5.9,0,0.0,0.0,0.0,0.0,0.0,3,1021.3,1016.7,100,39780.0,14.8,33.8,berlin,2026-03-01T02:36:49.429987
2026-03-01T03:00,8.8,64,2.4,4.4,0,0.0,0.0,0.0,0.0,0.0,3,1021.9,1017.3,100,38960.0,18.4,40.0,berlin,2026-03-01T02:36:49.429987
2026-03-01T04:00,8.1,65,1.9,4.0,0,0.0,0.0,0.0,0.0,0.0,3,1022.5,1017.9,100,38380.0,15.6,38.9,berlin,2026-03-01T02:36:49.429987
2026-03-01T05:00,7.6,61,0.6,3.3,0,0.0,0.0,0.0,0.0,0.0,3,1023.1,1018.5,100,39520.0,15.8,34.9,berlin,2026-03-01T02:36:49.429987
2026-03-01T06:00,7.1,67,1.3,3.3,0,0.0,0.0,0.0,0.0,0.0,3,1023.8,1019.2,100,38000.0,12.6,33.8,berlin,2026-03-01T02:36:49.429987
2026-03-01T07:00,6.8,68,1.3,3.1,0,0.0,0.0,0.0,0.0,0.0,3,1024.1,1019.5,100,37240.0,11.7,25.6,berlin,2026-03-01T02:36:49.429987
2026-03-01T08:00,7.0,65,0.8,3.3,0,0.0,0.0,0.0,0.0,0.0,3,1024.7,1020.1,100,38100.0,11.2,27.4,berlin,2026-03-01T02:36:49.429987
2026-03-01T09:00,7.6,62,0.7,3.9,0,0.0,0.0,0.0,0.0,0.0,3,1024.9,1020.3,97,38780.0,11.2,25.2,berlin,2026-03-01T02:36:49.429987
2026-03-01T10:00,8.4,55,-0.2,4.6,0,0.0,0.0,0.0,0.0,0.0,3,1025.2,1020.6,85,40160.0,10.9,26.3,berlin,2026-03-01T02:36:49.429987
2026-03-01T11:00,9.5,46,-1.6,5.7,0,0.0,0.0,0.0,0.0,0.0,3,1025.0,1020.4,98,41460.0,10.0,24.1,berlin,2026-03-01T02:36:49.429987
2026-03-01T12:00,10.4,44,-1.4,6.5,0,0.0,0.0,0.0,0.0,0.0,2,1024.7,1020.1,53,41660.0,10.3,28.1,berlin,2026-03-01T02:36:49.429987
2026-03-01T13:00,11.2,43,-0.9,7.4,0,0.0,0.0,0.0,0.0,0.0,2,1024.2,1019.7,60,42000.0,10.6,26.6,berlin,2026-03-01T02:36:49.429987
2026-03-01T14:00,11.6,40,-1.6,7.3,0,0.0,0.0,0.0,0.0,0.0,2,1023.9,1019.4,34,42480.0,12.7,28.4,berlin,2026-03-01T02:36:49.429987
2026-03-01T15:00,11.3,41,-1.5,7.2,0,0.0,0.0,0.0,0.0,0.0,1,1024.0,1019.5,33,42380.0,12.2,28.8,berlin,2026-03-01T02:36:49.429987
2026-03-01T16:00,10.9,40,-2.2,6.9,0,0.0,0.0,0.0,0.0,0.0,0,1024.0,1019.5,0,42760.0,11.0,28.1,berlin,2026-03-01T02:36:49.429987
2026-03-01T17:00,10.3,42,-2.1,6.8,0,0.0,0.0,0.0,0.0,0.0,0,1024.2,1019.6,0,42460.0,7.1,23.4,berlin,2026-03-01T02:36:49.429987
2026-03-01T18:00,9.7,46,-1.4,6.7,0,0.0,0.0,0.0,0.0,0.0,0,1024.5,1019.9,0,41920.0,4.3,13.7,berlin,2026-03-01T02:36:49.429987
2026-03-01T19:00,8.7,52,-0.6,5.9,0,0.0,0.0,0.0,0.0,0.0,0,1024.5,1019.9,0,41200.0,4.2,8.6,berlin,2026-03-01T02:36:49.429987
2026-03-01T20:00,7.9,56,-0.3,5.0,0,0.0,0.0,0.0,0.0,0.0,0,1024.4,1019.8,0,40680.0,5.0,10.1,berlin,2026-03-01T02:36:49.429987
2026-03-01T21:00,7.2,59,-0.3,4.2,0,0.0,0.0,0.0,0.0,0.0,0,1024.6,1020.0,0,40280.0,5.4,11.2,berlin,2026-03-01T02:36:49.429987
2026-03-01T22:00,6.8,60,-0.5,3.7,0,0.0,0.0,0.0,0.0,0.0,1,1024.5,1019.9,23,40060.0,5.6,11.2,berlin,2026-03-01T02:36:49.429987
2026-03-01T23:00,6.6,60,-0.7,3.4,0,0.0,0.0,0.0,0.0,0.0,2,1024.4,1019.8,37,39980.0,6.3,12.6,berlin,2026-03-01T02:36:49.429987
2026-03-01T00:00,7.7,75,3.5,5.3,0,0.0,0.0,0.0,0.0,0.0,3,1025.6,1012.8,100,34000.0,6.2,13.0,frankfurt,2026-03-01T02:36:51.873542
2026-03-01T01:00,6.9,79,3.6,4.7,0,0.0,0.0,0.0,0.0,0.0,3,1025.8,1013.0,100,31680.0,5.1,14.0,frankfurt,2026-03-01T02:36:51.873542
2026-03-01T02:00,6.5,80,3.3,4.3,0,0.0,0.0,0.0,0.0,0.0,3,1026.0,1013.2,93,30500.0,4.1,11.2,frankfurt,2026-03-01T02:36:51.873542
2026-03-01T03:00,6.2,82,3.3,4.1,0,0.0,0.0,0.0,0.0,0.0,3,1025.9,1013.1,99,28460.0,3.8,9.7,frankfurt,2026-03-01T02:36:51.873542
2026-03-01T04:00,5.8,84,3.3,3.9,0,0.0,0.0,0.0,0.0,0.0,1,1026.2,1013.4,40,27740.0,2.6,8.6,frankfurt,2026-03-01T02:36:51.873542
2026-03-01T05:00,5.5,86,3.3,3.5,0,0.0,0.0,0.0,0.0,0.0,1,1026.5,1013.6,15,25420.0,3.1,6.8,frankfurt,2026-03-01T02:36:51.873542
2026-03-01T06:00,5.0,89,3.3,3.0,0,0.0,0.0,0.0,0.0,0.0,1,1026.7,1013.8,0,21640.0,3.1,7.2,frankfurt,2026-03-01T02:36:51.873542
2026-03-01T07:00,4.6,90,3.1,2.4,0,0.0,0.0,0.0,0.0,0.0,0,1026.8,1013.9,0,17900.0,3.8,9.0,frankfurt,2026-03-01T02:36:51.873542
2026-03-01T08:00,5.2,87,3.2,3.0,0,0.0,0.0,0.0,0.0,0.0,0,1026.8,1013.9,0,19980.0,4.1,10.1,frankfurt,2026-03-01T02:36:51.873542
2026-03-01T09:00,7.0,79,3.6,4.8,0,0.0,0.0,0.0,0.0,0.0,0,1026.8,1014.0,0,28880.0,4.9,13.3,frankfurt,2026-03-01T02:36:51.873542
2026-03-01T10:00,9.2,67,3.4,6.6,0,0.0,0.0,0.0,0.0,0.0,0,1026.6,1013.9,0,36880.0,7.2,18.7,frankfurt,2026-03-01T02:36:51.873542
2026-03-01T11:00,10.9,58,2.9,8.1,0,0.0,0.0,0.0,0.0,0.0,0,1026.3,1013.7,0,39640.0,8.0,21.2,frankfurt,2026-03-01T02:36:51.873542
2026-03-01T12:00,12.2,51,2.3,9.3,0,0.0,0.0,0.0,0.0,0.0,1,1025.5,1012.9,5,40820.0,8.0,21.6,frankfurt,2026-03-01T02:36:51.873542
2026-03-01T13:00,13.0,44,1.0,9.7,0,0.0,0.0,0.0,0.0,0.0,1,1024.9,1012.4,37,41780.0,8.8,23.0,frankfurt,2026-03-01T02:36:51.873542
2026-03-01T14:00,13.5,41,0.5,10.5,0,0.0,0.0,0.0,0.0,0.0,1,1024.3,1011.8,4,42420.0,7.1,23.0,frankfurt,2026-03-01T02:36:51.873542
2026-03-01T15:00,14.0,36,-0.9,10.6,0,0.0,0.0,0.0,0.0,0.0,1,1023.8,1011.3,94,43680.0,7.9,20.9,frankfurt,2026-03-01T02:36:51.873542
2026-03-01T16:00,13.7,39,0.0,10.4,0,0.0,0.0,0.0,0.0,0.0,0,1023.5,1011.0,3,43160.0,8.6,22.0,frankfurt,2026-03-01T02:36:51.873542
2026-03-01T17:00,12.9,44,1.0,10.1,0,0.0,0.0,0.0,0.0,0.0,0,1023.6,1011.1,0,42120.0,5.8,20.2,frankfurt,2026-03-01T02:36:51.873542
2026-03-01T18:00,11.6,51,1.8,9.1,0,0.0,0.0,0.0,0.0,0.0,2,1023.8,1011.2,46,41360.0,4.7,12.6,frankfurt,2026-03-01T02:36:51.873542
2026-03-01T19:00,10.5,53,1.4,8.0,0,0.0,0.0,0.0,0.0,0.0,2,1024.0,1011.4,76,41080.0,4.6,10.1,frankfurt,2026-03-01T02:36:51.873542
2026-03-01T20:00,9.6,58,1.8,7.3,0,0.0,0.0,0.0,0.0,0.0,0,1024.1,1011.5,0,40420.0,3.3,10.1,frankfurt,2026-03-01T02:36:51.873542
2026-03-01T21:00,8.6,65,2.4,6.8,0,0.0,0.0,0.0,0.0,0.0,0,1024.2,1011.5,0,39760.0,0.7,6.8,frankfurt,2026-03-01T02:36:51.873542
2026-03-01T22:00,7.2,71,2.3,5.0,0,0.0,0.0,0.0,0.0,0.0,1,1024.3,1011.5,2,37100.0,3.4,6.8,frankfurt,2026-03-01T02:36:51.873542
2026-03-01T23:00,6.3,75,2.2,4.0,0,0.0,0.0,0.0,0.0,0.0,1,1024.1,1011.3,33,35020.0,3.4,7.6,frankfurt,2026-03-01T02:36:51.873542
2026-03-01T00:00,6.8,75,2.7,2.3,5,0.0,0.0,0.0,0.0,0.0,3,1019.1,1015.7,100,33600.0,19.3,48.6,hamburg,2026-03-01T02:37:29.487766
2026-03-01T01:00,6.4,74,2.1,1.9,3,0.0,0.0,0.0,0.0,0.0,61,1019.7,1016.3,100,34180.0,18.5,46.1,hamburg,2026-03-01T02:37:29.487766
2026-03-01T02:00,6.1,73,1.6,1.6,3,0.0,0.0,0.0,0.0,0.0,3,1020.6,1017.2,100,35140.0,17.7,44.6,hamburg,2026-03-01T02:37:29.487766
2026-03-01T03:00,5.6,67,-0.0,1.4,0,0.0,0.0,0.0,0.0,0.0,3,1021.0,1017.6,89,37940.0,14.6,40.7,hamburg,2026-03-01T02:37:29.487766
2026-03-01T04:00,5.1,71,0.3,1.2,0,0.0,0.0,0.0,0.0,0.0,1,1021.5,1018.1,23,36180.0,13.0,32.4,hamburg,2026-03-01T02:37:29.487766
2026-03-01T05:00,4.6,77,0.9,1.1,0,0.0,0.0,0.0,0.0,0.0,2,1021.8,1018.4,57,32600.0,10.5,28.4,hamburg,2026-03-01T02:37:29.487766
2026-03-01T06:00,4.5,82,1.7,1.4,0,0.0,0.0,0.0,0.0,0.0,2,1022.3,1018.9,69,28380.0,8.9,22.7,hamburg,2026-03-01T02:37:29.487766
2026-03-01T07:00,4.6,82,1.8,1.5,0,0.0,0.0,0.0,0.0,0.0,3,1022.3,1018.9,94,28800.0,9.0,19.8,hamburg,2026-03-01T02:37:29.487766
2026-03-01T08:00,5.4,78,1.8,2.3,0,0.0,0.0,0.0,0.0,0.0,3,1022.5,1019.1,100,31140.0,8.7,20.5,hamburg,2026-03-01T02:37:29.487766
2026-03-01T09:00,6.5,79,3.1,3.3,0,0.0,0.0,0.0,0.0,0.0,2,1022.4,1019.0,77,30100.0,10.5,23.4,hamburg,2026-03-01T02:37:29.487766
2026-03-01T10:00,8.1,68,2.5,4.0,0,0.0,0.0,0.0,0.0,0.0,3,1022.5,1019.2,100,37060.0,16.6,36.7,hamburg,2026-03-01T02:37:29.487766
2026-03-01T11:00,9.1,62,2.2,5.2,0,0.0,0.0,0.0,0.0,0.0,1,1022.6,1019.3,5,38740.0,14.8,38.9,hamburg,2026-03-01T02:37:29.487766
2026-03-01T12:00,9.9,59,2.2,6.2,0,0.0,0.0,0.0,0.0,0.0,1,1022.4,1019.1,30,39500.0,13.2,33.8,hamburg,2026-03-01T02:37:29.487766
2026-03-01T13:00,10.7,49,0.4,6.8,0,0.0,0.0,0.0,0.0,0.0,1,1022.1,1018.8,60,41140.0,12.9,34.6,hamburg,2026-03-01T02:37:29.487766
2026-03-01T14:00,11.1,49,0.8,7.3,0,0.0,0.0,0.0,0.0,0.0,2,1021.9,1018.6,70,41260.0,12.7,30.2,hamburg,2026-03-01T02:37:29.487766
2026-03-01T15:00,11.3,47,0.4,7.7,0,0.0,0.0,0.0,0.0,0.0,1,1021.6,1018.3,28,41640.0,10.9,29.2,hamburg,2026-03-01T02:37:29.487766
2026-03-01T16:00,11.2,46,0.0,7.5,0,0.0,0.0,0.0,0.0,0.0,0,1021.4,1018.1,0,41820.0,10.7,25.2,hamburg,2026-03-01T02:37:29.487766
2026-03-01T17:00,10.4,49,0.1,7.0,0,0.0,0.0,0.0,0.0,0.0,2,1021.1,1017.8,51,41500.0,8.8,23.8,hamburg,2026-03-01T02:37:29.487766
2026-03-01T18:00,9.0,55,0.5,5.6,3,0.0,0.0,0.0,0.0,0.0,3,1021.1,1017.8,83,40820.0,9.4,20.2,hamburg,2026-03-01T02:37:29.487766
2026-03-01T19:00,8.2,57,0.2,4.6,3,0.0,0.0,0.0,0.0,0.0,2,1021.1,1017.8,69,40520.0,9.8,21.6,hamburg,2026-03-01T02:37:29.487766
2026-03-01T20:00,7.8,60,0.5,4.4,8,0.0,0.0,0.0,0.0,0.0,3,1021.0,1017.7,82,40040.0,9.3,20.9,hamburg,2026-03-01T02:37:29.487766
2026-03-01T21:00,7.7,61,0.7,4.5,10,0.0,0.0,0.0,0.0,0.0,3,1021.2,1017.9,93,39840.0,8.4,20.5,hamburg,2026-03-01T02:37:29.487766
2026-03-01T22:00,7.7,63,1.1,4.6,28,0.0,0.0,0.0,0.0,0.0,3,1021.3,1018.0,93,39440.0,7.9,17.3,hamburg,2026-03-01T02:37:29.487766
2026-03-01T23:00,7.9,64,1.5,5.2,20,0.0,0.0,0.0,0.0,0.0,3,1021.4,1018.1,99,39320.0,5.5,16.6,hamburg,2026-03-01T02:37:29.487766
2026-03-01T00:00,10.0,75,5.8,8.0,0,0.0,0.0,0.0,0.0,0.0,3,1025.1,962.4,100,34600.0,6.5,18.4,munich,2026-03-01T02:38:07.088447
2026-03-01T01:00,9.7,76,5.7,7.7,8,0.0,0.0,0.0,0.0,0.0,3,1025.0,962.3,100,33180.0,6.8,15.1,munich,2026-03-01T02:38:07.088447
2026-03-01T02:00,9.2,79,5.8,7.2,18,0.0,0.0,0.0,0.0,0.0,3,1025.5,962.6,100,30980.0,6.6,15.1,munich,2026-03-01T02:38:07.088447
2026-03-01T03:00,8.9,80,5.6,6.8,30,0.0,0.0,0.0,0.0,0.0,3,1025.2,962.3,100,29900.0,7.1,15.8,munich,2026-03-01T02:38:07.088447
2026-03-01T04:00,8.2,75,4.1,5.5,48,0.1,0.1,0.0,0.0,0.0,61,1026.0,962.9,100,33640.0,9.0,22.3,munich,2026-03-01T02:38:07.088447
2026-03-01T05:00,7.7,78,4.1,5.4,55,0.1,0.1,0.0,0.0,0.0,61,1026.7,963.4,100,32140.0,6.0,22.0,munich,2026-03-01T02:38:07.088447
2026-03-01T06:00,7.3,79,3.9,5.1,53,0.0,0.0,0.0,0.0,0.0,61,1027.1,963.7,100,30760.0,5.4,14.0,munich,2026-03-01T02:38:07.088447
2026-03-01T07:00,7.1,81,4.1,4.9,45,0.0,0.0,0.0,0.0,0.0,61,1027.3,963.9,100,29280.0,5.5,12.6,munich,2026-03-01T02:38:07.088447
2026-03-01T08:00,7.1,78,3.6,4.7,38,0.0,0.0,0.0,0.0,0.0,61,1027.4,964.0,100,31860.0,6.2,14.4,munich,2026-03-01T02:38:07.088447
2026-03-01T09:00,7.3,74,3.0,4.8,25,0.0,0.0,0.0,0.0,0.0,3,1027.5,964.1,100,34560.0,6.5,15.8,munich,2026-03-01T02:38:07.088447
2026-03-01T10:00,7.7,72,3.0,5.1,10,0.0,0.0,0.0,0.0,0.0,3,1027.4,964.1,100,35060.0,6.5,16.6,munich,2026-03-01T02:38:07.088447
2026-03-01T11:00,8.1,70,2.9,5.4,10,0.0,0.0,0.0,0.0,0.0,3,1027.4,964.2,100,36220.0,6.9,17.3,munich,2026-03-01T02:38:07.088447
2026-03-01T12:00,8.3,65,2.1,5.7,8,0.0,0.0,0.0,0.0,0.0,3,1026.9,963.8,100,38200.0,5.2,16.9,munich,2026-03-01T02:38:07.088447
2026-03-01T13:00,8.5,66,2.5,6.1,3,0.0,0.0,0.0,0.0,0.0,3,1026.3,963.2,100,37700.0,4.8,13.3,munich,2026-03-01T02:38:07.088447
2026-03-01T14:00,8.9,66,2.9,6.5,0,0.0,0.0,0.0,0.0,0.0,3,1026.0,963.0,100,37800.0,4.8,12.2,munich,2026-03-01T02:38:07.088447
2026-03-01T15:00,8.9,66,2.9,6.6,0,0.0,0.0,0.0,0.0,0.0,3,1025.9,962.9,100,37840.0,4.7,12.6,munich,2026-03-01T02:38:07.088447
2026-03-01T16:00,8.7,67,2.9,6.3,0,0.0,0.0,0.0,0.0,0.0,3,1025.8,962.8,73,37980.0,5.7,9.7,munich,2026-03-01T02:38:07.088447
2026-03-01T17:00,8.4,70,3.3,6.1,0,0.0,0.0,0.0,0.0,0.0,3,1026.0,962.9,95,36920.0,5.6,11.9,munich,2026-03-01T02:38:07.088447
2026-03-01T18:00,8.0,72,3.2,5.7,0,0.0,0.0,0.0,0.0,0.0,2,1026.1,962.9,84,35980.0,5.2,13.3,munich,2026-03-01T02:38:07.088447
2026-03-01T19:00,7.4,78,3.8,5.3,0,0.0,0.0,0.0,0.0,0.0,2,1026.2,962.9,74,32420.0,4.5,10.8,munich,2026-03-01T02:38:07.088447
2026-03-01T20:00,6.4,84,3.9,4.5,0,0.0,0.0,0.0,0.0,0.0,3,1026.3,962.8,100,27660.0,3.1,9.7,munich,2026-03-01T02:38:07.088447
2026-03-01T21:00,5.6,88,3.8,3.7,0,0.0,0.0,0.0,0.0,0.0,2,1026.4,962.7,48,22420.0,3.1,6.8,munich,2026-03-01T02:38:07.088447
2026-03-01T22:00,4.9,89,3.2,2.8,0,0.0,0.0,0.0,0.0,0.0,1,1026.4,962.5,27,20780.0,3.8,7.9,munich,2026-03-01T02:38:07.088447
2026-03-01T23:00,4.2,90,2.7,1.9,3,0.0,0.0,0.0,0.0,0.0,2,1026.1,962.1,56,20480.0,4.1,9.0,munich,2026-03-01T02:38:07.088447
2026-03-01T00:00,9.6,70,4.4,7.4,0,0.0,0.0,0.0,0.0,0.0,3,1025.9,995.7,100,36560.0,5.8,16.6,stuttgart,2026-03-01T02:38:09.531036
2026-03-01T01:00,9.2,73,4.6,7.4,0,0.0,0.0,0.0,0.0,0.0,3,1026.5,996.2,100,35260.0,3.5,12.2,stuttgart,2026-03-01T02:38:09.531036
2026-03-01T02:00,8.9,75,4.7,7.2,0,0.0,0.0,0.0,0.0,0.0,3,1026.5,996.2,100,34920.0,2.4,8.3,stuttgart,2026-03-01T02:38:09.531036
2026-03-01T03:00,8.6,77,4.8,7.1,0,0.1,0.1,0.0,0.0,0.0,61,1026.4,996.1,98,33680.0,1.8,5.0,stuttgart,2026-03-01T02:38:09.531036
2026-03-01T04:00,8.4,80,5.1,6.9,0,0.4,0.4,0.0,0.0,0.0,61,1026.7,996.3,100,31740.0,2.2,4.7,stuttgart,2026-03-01T02:38:09.531036
2026-03-01T05:00,8.2,83,5.5,6.6,0,0.1,0.1,0.0,0.0,0.0,61,1027.0,996.6,98,29440.0,2.9,6.1,stuttgart,2026-03-01T02:38:09.531036
2026-03-01T06:00,7.9,85,5.6,6.5,3,0.0,0.0,0.0,0.0,0.0,3,1027.1,996.7,99,26560.0,2.5,5.8,stuttgart,2026-03-01T02:38:09.531036
2026-03-01T07:00,8.0,84,5.5,6.6,5,0.0,0.0,0.0,0.0,0.0,3,1027.2,996.8,100,27440.0,1.8,5.8,stuttgart,2026-03-01T02:38:09.531036
2026-03-01T08:00,8.5,77,4.7,6.9,8,0.0,0.0,0.0,0.0,0.0,3,1027.1,996.7,98,33020.0,2.3,6.1,stuttgart,2026-03-01T02:38:09.531036
2026-03-01T09:00,9.3,75,5.1,7.6,3,0.0,0.0,0.0,0.0,0.0,2,1027.1,996.8,80,33180.0,3.8,10.1,stuttgart,2026-03-01T02:38:09.531036
2026-03-01T10:00,10.5,64,4.0,8.3,0,0.0,0.0,0.0,0.0,0.0,2,1026.9,996.8,67,38520.0,5.2,14.0,stuttgart,2026-03-01T02:38:09.531036
2026-03-01T11:00,11.4,56,2.9,9.0,0,0.0,0.0,0.0,0.0,0.0,2,1026.6,996.6,69,40280.0,5.2,14.4,stuttgart,2026-03-01T02:38:09.531036
2026-03-01T12:00,12.2,50,2.1,9.7,3,0.0,0.0,0.0,0.0,0.0,3,1025.7,995.8,79,41120.0,5.2,14.4,stuttgart,2026-03-01T02:38:09.531036
2026-03-01T13:00,12.8,47,1.8,10.6,3,0.0,0.0,0.0,0.0,0.0,3,1025.0,995.2,72,41520.0,3.0,13.3,stuttgart,2026-03-01T02:38:09.531036
2026-03-01T14:00,13.2,43,0.9,10.8,0,0.0,0.0,0.0,0.0,0.0,3,1024.5,994.7,87,42260.0,2.5,7.9,stuttgart,2026-03-01T02:38:09.531036
2026-03-01T15:00,13.3,43,1.0,10.2,0,0.0,0.0,0.0,0.0,0.0,2,1024.2,994.4,94,42240.0,7.8,18.0,stuttgart,2026-03-01T02:38:09.531036
2026-03-01T16:00,12.5,51,2.6,9.6,0,0.0,0.0,0.0,0.0,0.0,1,1024.2,994.3,51,41120.0,8.2,23.0,stuttgart,2026-03-01T02:38:09.531036
2026-03-01T17:00,11.4,59,3.7,9.0,0,0.0,0.0,0.0,0.0,0.0,1,1024.3,994.3,23,40240.0,6.5,18.7,stuttgart,2026-03-01T02:38:09.531036
2026-03-01T18:00,10.2,67,4.3,7.8,0,0.0,0.0,0.0,0.0,0.0,1,1024.8,994.7,0,38500.0,7.2,17.3,stuttgart,2026-03-01T02:38:09.531036
2026-03-01T19:00,9.1,72,4.3,6.9,0,0.0,0.0,0.0,0.0,0.0,0,1025.0,994.8,0,36940.0,6.1,15.8,stuttgart,2026-03-01T02:38:09.531036
2026-03-01T20:00,8.3,75,4.1,6.1,0,0.0,0.0,0.0,0.0,0.0,0,1025.1,994.8,0,35480.0,5.4,13.3,stuttgart,2026-03-01T02:38:09.531036
2026-03-01T21:00,7.4,79,4.0,5.3,0,0.0,0.0,0.0,0.0,0.0,0,1025.2,994.8,0,32960.0,4.3,11.2,stuttgart,2026-03-01T02:38:09.531036
2026-03-01T22:00,6.5,82,3.6,4.4,0,0.0,0.0,0.0,0.0,0.0,0,1025.2,994.7,0,29780.0,4.0,8.6,stuttgart,2026-03-01T02:38:09.531036
2026-03-01T23:00,5.9,84,3.4,3.7,0,0.0,0.0,0.0,0.0,0.0,0,1024.9,994.3,0,27980.0,4.4,9.4,stuttgart,2026-03-01T02:38:09.531036
2026-03-01T00:00,26.8,91,25.2,33.0,3,0.0,0.0,0.0,0.0,0.0,3,1008.7,1007.0,100,24140.0,5.1,9.4,accra,2026-03-01T02:40:12.580561
2026-03-01T01:00,26.5,92,25.1,32.7,5,0.0,0.0,0.0,0.0,0.0,3,1008.3,1006.6,90,24140.0,4.7,8.3,accra,2026-03-01T02:40:12.580561
2026-03-01T02:00,26.3,93,25.1,32.5,15,0.0,0.0,0.0,0.0,0.0,3,1008.0,1006.3,83,24140.0,4.5,8.3,accra,2026-03-01T02:40:12.580561
2026-03-01T03:00,26.1,94,25.0,32.2,13,0.0,0.0,0.0,0.0,0.0,3,1007.5,1005.8,86,24140.0,4.6,7.6,accra,2026-03-01T02:40:12.580561
2026-03-01T04:00,26.0,94,24.9,32.1,8,0.0,0.0,0.0,0.0,0.0,2,1007.6,1005.9,62,24140.0,3.8,7.2,accra,2026-03-01T02:40:12.580561
2026-03-01T05:00,25.9,94,24.9,32.0,8,0.0,0.0,0.0,0.0,0.0,2,1007.6,1005.9,72,24140.0,4.2,6.8,accra,2026-03-01T02:40:12.580561
2026-03-01T06:00,26.0,93,24.8,31.7,5,0.0,0.0,0.0,0.0,0.0,2,1008.5,1006.8,68,24140.0,5.8,9.7,accra,2026-03-01T02:40:12.580561
2026-03-01T07:00,26.2,91,24.6,31.8,3,0.0,0.0,0.0,0.0,0.0,2,1008.5,1006.8,60,24140.0,6.5,11.2,accra,2026-03-01T02:40:12.580561
2026-03-01T08:00,27.4,85,24.7,32.4,3,0.0,0.0,0.0,0.0,0.0,2,1009.3,1007.6,67,24140.0,10.5,18.7,accra,2026-03-01T02:40:12.580561
2026-03-01T09:00,28.9,76,24.3,33.4,0,0.0,0.0,0.0,0.0,0.0,2,1009.7,1008.0,68,24140.0,11.9,21.6,accra,2026-03-01T02:40:12.580561
2026-03-01T10:00,30.5,68,23.9,35.1,8,0.0,0.0,0.0,0.0,0.0,2,1009.9,1008.2,73,24140.0,10.4,22.0,accra,2026-03-01T02:40:12.580561
2026-03-01T11:00,31.8,63,23.9,37.6,18,0.0,0.0,0.0,0.0,0.0,2,1009.8,1008.1,67,24140.0,7.3,19.1,accra,2026-03-01T02:40:12.580561
2026-03-01T12:00,32.5,62,24.3,39.0,23,0.1,0.0,0.1,0.0,0.0,2,1008.8,1007.1,74,24140.0,6.2,15.1,accra,2026-03-01T02:40:12.580561
2026-03-01T13:00,31.4,68,24.8,36.8,28,0.8,0.0,0.8,0.0,0.0,95,1007.9,1006.2,100,24140.0,9.0,19.4,accra,2026-03-01T02:40:12.580561
2026-03-01T14:00,30.4,73,25.0,35.5,48,2.3,0.0,2.3,0.0,0.0,80,1006.8,1005.1,100,24140.0,11.3,24.5,accra,2026-03-01T02:40:12.580561
2026-03-01T15:00,30.7,71,24.9,35.8,53,0.1,0.0,0.1,0.0,0.0,3,1006.3,1004.6,100,23880.0,10.7,22.7,accra,2026-03-01T02:40:12.580561
2026-03-01T16:00,30.2,71,24.3,35.0,33,0.2,0.0,0.2,0.0,0.0,80,1006.5,1004.8,100,15760.0,10.0,21.2,accra,2026-03-01T02:40:12.580561
2026-03-01T17:00,30.0,72,24.4,34.9,18,0.0,0.0,0.0,0.0,0.0,3,1006.6,1004.9,100,24140.0,10.3,19.1,accra,2026-03-01T02:40:12.580561
2026-03-01T18:00,29.0,78,24.8,34.0,8,0.1,0.0,0.1,0.0,0.0,3,1007.1,1005.4,100,24140.0,11.0,20.2,accra,2026-03-01T02:40:12.580561
2026-03-01T19:00,28.0,85,25.3,33.8,8,0.0,0.0,0.0,0.0,0.0,3,1007.7,1006.0,100,24140.0,8.0,19.1,accra,2026-03-01T02:40:12.580561
2026-03-01T20:00,27.5,88,25.3,33.3,3,0.0,0.0,0.0,0.0,0.0,3,1008.3,1006.6,100,24140.0,7.9,14.0,accra,2026-03-01T02:40:12.580561
2026-03-01T21:00,27.2,89,25.3,33.1,5,0.0,0.0,0.0,0.0,0.0,3,1009.1,1007.4,100,24140.0,7.4,14.0,accra,2026-03-01T02:40:12.580561
2026-03-01T22:00,27.0,90,25.2,32.9,5,0.0,0.0,0.0,0.0,0.0,3,1009.7,1008.0,100,24140.0,6.7,13.0,accra,2026-03-01T02:40:12.580561
2026-03-01T23:00,26.8,91,25.2,32.8,5,0.0,0.0,0.0,0.0,0.0,3,1010.0,1008.3,100,24140.0,6.0,11.2,accra,2026-03-01T02:40:12.580561
2026-03-01T00:00,5.5,68,0.1,2.9,0,0.0,0.0,0.0,0.0,0.0,0,1026.1,1014.6,6,38360.0,3.4,10.8,athens,2026-03-01T02:40:15.030152
2026-03-01T01:00,5.2,70,0.2,2.6,0,0.0,0.0,0.0,0.0,0.0,1,1025.3,1013.8,15,37740.0,3.8,9.0,athens,2026-03-01T02:40:15.030152
2026-03-01T02:00,5.0,73,0.6,2.4,0,0.0,0.0,0.0,0.0,0.0,1,1024.9,1013.4,25,36620.0,4.4,10.1,athens,2026-03-01T02:40:15.030152
2026-03-01T03:00,5.0,74,0.7,2.4,0,0.0,0.0,0.0,0.0,0.0,1,1025.5,1014.0,27,36340.0,4.2,10.4,athens,2026-03-01T02:40:15.030152
2026-03-01T04:00,5.0,73,0.6,2.4,0,0.0,0.0,0.0,0.0,0.0,1,1025.9,1014.4,29,37900.0,3.8,9.7,athens,2026-03-01T02:40:15.030152
2026-03-01T05:00,4.7,74,0.5,2.1,0,0.0,0.0,0.0,0.0,0.0,1,1026.4,1014.9,33,38200.0,3.8,9.0,athens,2026-03-01T02:40:15.030152
2026-03-01T06:00,5.0,72,0.4,2.5,0,0.0,0.0,0.0,0.0,0.0,1,1026.7,1015.2,40,37940.0,3.2,9.0,athens,2026-03-01T02:40:15.030152
2026-03-01T07:00,7.1,71,2.2,5.4,0,0.0,0.0,0.0,0.0,0.0,1,1026.9,1015.5,35,37020.0,0.0,7.9,athens,2026-03-01T02:40:15.030152
2026-03-01T08:00,10.1,65,3.9,8.5,0,0.0,0.0,0.0,0.0,0.0,1,1027.0,1015.7,26,38060.0,1.3,9.4,athens,2026-03-01T02:40:15.030152
2026-03-01T09:00,12.2,53,2.9,9.7,0,0.0,0.0,0.0,0.0,0.0,2,1026.7,1015.5,39,40580.0,6.2,18.7,athens,2026-03-01T02:40:15.030152
2026-03-01T10:00,13.6,45,1.9,11.0,0,0.0,0.0,0.0,0.0,0.0,1,1026.5,1015.3,35,41580.0,9.3,27.0,athens,2026-03-01T02:40:15.030152
2026-03-01T11:00,14.3,42,1.6,11.9,0,0.0,0.0,0.0,0.0,0.0,1,1025.9,1014.8,32,41940.0,10.5,30.6,athens,2026-03-01T02:40:15.030152
2026-03-01T12:00,14.7,42,1.9,12.2,0,0.0,0.0,0.0,0.0,0.0,1,1025.7,1014.6,29,41840.0,10.0,30.2,athens,2026-03-01T02:40:15.030152
2026-03-01T13:00,14.8,42,2.0,11.9,0,0.0,0.0,0.0,0.0,0.0,1,1025.3,1014.2,26,42080.0,9.8,29.2,athens,2026-03-01T02:40:15.030152
2026-03-01T14:00,14.6,41,1.5,11.4,0,0.0,0.0,0.0,0.0,0.0,1,1025.2,1014.1,22,42320.0,9.4,28.4,athens,2026-03-01T02:40:15.030152
2026-03-01T15:00,13.9,47,2.8,11.0,0,0.0,0.0,0.0,0.0,0.0,1,1025.3,1014.1,14,41500.0,9.0,26.6,athens,2026-03-01T02:40:15.030152
2026-03-01T16:00,12.8,51,2.9,10.2,0,0.0,0.0,0.0,0.0,0.0,0,1026.0,1014.8,0,41300.0,7.1,23.4,athens,2026-03-01T02:40:15.030152
2026-03-01T17:00,11.1,62,4.1,8.9,0,0.0,0.0,0.0,0.0,0.0,0,1026.6,1015.3,0,40200.0,5.7,15.8,athens,2026-03-01T02:40:15.030152
2026-03-01T18:00,9.7,67,3.9,7.6,0,0.0,0.0,0.0,0.0,0.0,0,1027.0,1015.7,0,38500.0,5.0,10.8,athens,2026-03-01T02:40:15.030152
2026-03-01T19:00,8.5,65,2.3,6.0,0,0.0,0.0,0.0,0.0,0.0,0,1026.9,1015.5,0,38680.0,4.8,13.3,athens,2026-03-01T02:40:15.030152
2026-03-01T20:00,7.5,59,0.0,4.7,0,0.0,0.0,0.0,0.0,0.0,0,1026.8,1015.4,0,40680.0,4.9,13.0,athens,2026-03-01T02:40:15.030152
2026-03-01T21:00,7.0,60,-0.2,4.1,0,0.0,0.0,0.0,0.0,0.0,0,1026.5,1015.1,0,40780.0,4.9,11.5,athens,2026-03-01T02:40:15.030152
2026-03-01T22:00,6.4,61,-0.6,3.4,0,0.0,0.0,0.0,0.0,0.0,0,1026.4,1014.9,0,40920.0,5.1,11.5,athens,2026-03-01T02:40:15.030152
2026-03-01T23:00,5.9,61,-1.1,2.9,0,0.0,0.0,0.0,0.0,0.0,0,1026.6,1015.1,0,40520.0,4.8,11.5,athens,2026-03-01T02:40:15.030152
2026-03-01T00:00,5.6,94,4.7,3.6,0,0.0,0.0,0.0,0.0,0.0,1,1028.3,1027.4,39,14900.0,5.2,12.6,thessaloniki,2026-03-01T02:40:17.472974
2026-03-01T01:00,5.3,94,4.4,3.1,0,0.0,0.0,0.0,0.0,0.0,1,1027.7,1026.8,36,14440.0,5.6,13.0,thessaloniki,2026-03-01T02:40:17.472974
2026-03-01T02:00,5.0,94,4.1,2.8,0,0.0,0.0,0.0,0.0,0.0,1,1027.5,1026.6,43,12980.0,5.5,13.0,thessaloniki,2026-03-01T02:40:17.472974
2026-03-01T03:00,4.6,95,3.8,2.3,0,0.0,0.0,0.0,0.0,0.0,1,1027.9,1027.0,52,12500.0,5.5,13.0,thessaloniki,2026-03-01T02:40:17.472974
2026-03-01T04:00,4.1,96,3.5,1.7,0,0.0,0.0,0.0,0.0,0.0,2,1028.4,1027.5,58,4240.0,6.0,13.3,thessaloniki,2026-03-01T02:40:17.472974
2026-03-01T05:00,3.7,98,3.4,1.3,0,0.0,0.0,0.0,0.0,0.0,45,1028.8,1027.9,62,60.0,6.0,13.7,thessaloniki,2026-03-01T02:40:17.472974
2026-03-01T06:00,3.9,98,3.6,1.5,0,0.0,0.0,0.0,0.0,0.0,45,1029.2,1028.3,63,40.0,6.0,13.7,thessaloniki,2026-03-01T02:40:17.472974
2026-03-01T07:00,6.0,88,4.1,3.8,0,0.0,0.0,0.0,0.0,0.0,1,1029.2,1028.3,34,18720.0,5.5,14.0,thessaloniki,2026-03-01T02:40:17.472974
2026-03-01T08:00,8.5,81,5.4,6.9,0,0.0,0.0,0.0,0.0,0.0,0,1029.5,1028.6,21,27140.0,3.4,14.0,thessaloniki,2026-03-01T02:40:17.472974
2026-03-01T09:00,10.7,71,5.6,9.4,0,0.0,0.0,0.0,0.0,0.0,1,1029.2,1028.3,17,34200.0,1.1,10.8,thessaloniki,2026-03-01T02:40:17.472974
2026-03-01T10:00,12.2,63,5.4,11.0,0,0.0,0.0,0.0,0.0,0.0,2,1029.0,1028.1,43,38040.0,3.8,14.4,thessaloniki,2026-03-01T02:40:17.472974
2026-03-01T11:00,13.1,58,5.0,11.9,0,0.0,0.0,0.0,0.0,0.0,2,1028.3,1027.4,41,39760.0,4.9,16.9,thessaloniki,2026-03-01T02:40:17.472974
2026-03-01T12:00,13.7,54,4.5,12.1,0,0.0,0.0,0.0,0.0,0.0,1,1027.9,1027.0,28,40300.0,5.6,18.7,thessaloniki,2026-03-01T02:40:17.472974
2026-03-01T13:00,13.9,52,4.2,11.8,0,0.0,0.0,0.0,0.0,0.0,0,1027.4,1026.5,9,40780.0,5.9,18.7,thessaloniki,2026-03-01T02:40:17.472974
2026-03-01T14:00,13.8,52,4.1,11.5,0,0.0,0.0,0.0,0.0,0.0,0,1027.1,1026.2,4,40960.0,6.2,18.7,thessaloniki,2026-03-01T02:40:17.472974
2026-03-01T15:00,13.2,56,4.6,11.0,0,0.0,0.0,0.0,0.0,0.0,0,1027.0,1026.1,0,40580.0,6.3,19.1,thessaloniki,2026-03-01T02:40:17.472974
2026-03-01T16:00,12.1,65,5.7,10.3,0,0.0,0.0,0.0,0.0,0.0,0,1027.5,1026.6,0,38800.0,5.5,18.0,thessaloniki,2026-03-01T02:40:17.472974
2026-03-01T17:00,10.8,76,6.7,9.3,0,0.0,0.0,0.0,0.0,0.0,0,1028.0,1027.1,0,34840.0,4.2,14.4,thessaloniki,2026-03-01T02:40:17.472974
2026-03-01T18:00,9.8,82,6.9,8.6,0,0.0,0.0,0.0,0.0,0.0,0,1028.3,1027.4,0,30840.0,3.0,13.0,thessaloniki,2026-03-01T02:40:17.472974
2026-03-01T19:00,9.1,84,6.6,7.9,0,0.0,0.0,0.0,0.0,0.0,0,1028.1,1027.2,0,29300.0,2.6,11.5,thessaloniki,2026-03-01T02:40:17.472974
2026-03-01T20:00,8.4,85,6.1,7.0,0,0.0,0.0,0.0,0.0,0.0,0,1028.0,1027.1,0,28220.0,3.1,10.8,thessaloniki,2026-03-01T02:40:17.472974
2026-03-01T21:00,7.6,88,5.8,6.0,0,0.0,0.0,0.0,0.0,0.0,0,1027.7,1026.8,9,24520.0,3.6,10.4,thessaloniki,2026-03-01T02:40:17.472974
2026-03-01T22:00,6.8,90,5.3,5.1,0,0.0,0.0,0.0,0.0,0.0,0,1027.8,1026.9,11,20860.0,4.2,10.4,thessaloniki,2026-03-01T02:40:17.472974
2026-03-01T23:00,6.1,93,5.1,4.2,0,0.0,0.0,0.0,0.0,0.0,1,1027.7,1026.8,13,17520.0,4.7,10.8,thessaloniki,2026-03-01T02:40:17.472974
2026-03-01T00:00,6.0,77,2.3,3.9,0,0.0,0.0,0.0,0.0,0.0,0,1026.4,1012.3,1,12320.0,2.2,2.9,budapest,2026-03-01T02:40:19.917150
2026-03-01T01:00,5.6,78,2.1,3.7,0,0.0,0.0,0.0,0.0,0.0,0,1026.6,1012.5,0,11920.0,1.4,2.5,budapest,2026-03-01T02:40:19.917150
2026-03-01T02:00,5.2,76,1.4,3.1,0,0.0,0.0,0.0,0.0,0.0,0,1026.4,1012.3,0,12460.0,1.4,2.9,budapest,2026-03-01T02:40:19.917150
2026-03-01T03:00,5.2,70,0.2,2.6,0,0.0,0.0,0.0,0.0,0.0,0,1026.4,1012.3,0,14940.0,3.6,4.7,budapest,2026-03-01T02:40:19.917150
2026-03-01T04:00,4.6,65,-1.4,1.6,0,0.0,0.0,0.0,0.0,0.0,0,1026.5,1012.4,0,17060.0,4.7,6.1,budapest,2026-03-01T02:40:19.917150
2026-03-01T05:00,4.4,64,-1.8,1.5,0,0.0,0.0,0.0,0.0,0.0,0,1026.9,1012.7,0,50000.0,3.6,6.1,budapest,2026-03-01T02:40:19.917150
2026-03-01T06:00,4.8,61,-2.1,1.8,0,0.0,0.0,0.0,0.0,0.0,0,1027.5,1013.3,9,50000.0,4.0,5.8,budapest,2026-03-01T02:40:19.917150
2026-03-01T07:00,5.8,56,-2.3,3.0,0,0.0,0.0,0.0,0.0,0.0,3,1027.8,1013.7,96,20880.0,2.5,7.6,budapest,2026-03-01T02:40:19.917150
2026-03-01T08:00,7.4,51,-2.0,4.5,0,0.0,0.0,0.0,0.0,0.0,3,1027.7,1013.7,97,50000.0,3.6,10.1,budapest,2026-03-01T02:40:19.917150
2026-03-01T09:00,9.0,46,-2.0,5.8,0,0.0,0.0,0.0,0.0,0.0,3,1027.7,1013.8,86,25180.0,5.0,13.3,budapest,2026-03-01T02:40:19.917150
2026-03-01T10:00,10.3,44,-1.4,7.1,0,0.0,0.0,0.0,0.0,0.0,2,1027.6,1013.7,57,26340.0,6.5,16.6,budapest,2026-03-01T02:40:19.917150
2026-03-01T11:00,11.3,43,-0.8,8.0,0,0.0,0.0,0.0,0.0,0.0,2,1027.5,1013.7,79,50000.0,8.3,19.4,budapest,2026-03-01T02:40:19.917150
2026-03-01T12:00,12.1,42,-0.4,8.5,0,0.0,0.0,0.0,0.0,0.0,3,1026.6,1012.8,89,50000.0,10.1,22.3,budapest,2026-03-01T02:40:19.917150
2026-03-01T13:00,12.6,43,0.3,9.4,0,0.0,0.0,0.0,0.0,0.0,3,1026.3,1012.5,96,26380.0,7.9,22.3,budapest,2026-03-01T02:40:19.917150
2026-03-01T14:00,12.9,44,1.0,10.1,0,0.0,0.0,0.0,0.0,0.0,2,1026.4,1012.7,51,50000.0,6.1,19.1,budapest,2026-03-01T02:40:19.917150
2026-03-01T15:00,12.8,46,1.5,10.1,0,0.0,0.0,0.0,0.0,0.0,3,1026.2,1012.5,81,50000.0,6.1,15.5,budapest,2026-03-01T02:40:19.917150
2026-03-01T16:00,12.2,51,2.4,9.2,0,0.0,0.0,0.0,0.0,0.0,0,1026.0,1012.2,12,50000.0,8.6,15.8,budapest,2026-03-01T02:40:19.917150
2026-03-01T17:00,10.9,58,3.0,8.2,0,0.0,0.0,0.0,0.0,0.0,0,1026.2,1012.4,0,19820.0,7.2,15.1,budapest,2026-03-01T02:40:19.917150
2026-03-01T18:00,9.8,63,3.1,7.4,0,0.0,0.0,0.0,0.0,0.0,1,1026.4,1012.5,43,17700.0,5.8,10.1,budapest,2026-03-01T02:40:19.917150
2026-03-01T19:00,8.7,67,3.0,6.4,0,0.0,0.0,0.0,0.0,0.0,0,1026.4,1012.5,0,16020.0,4.7,7.6,budapest,2026-03-01T02:40:19.917150
2026-03-01T20:00,8.1,69,2.8,5.9,0,0.0,0.0,0.0,0.0,0.0,0,1026.7,1012.7,2,50000.0,4.3,6.5,budapest,2026-03-01T02:40:19.917150
2026-03-01T21:00,8.0,69,2.7,6.3,0,0.0,0.0,0.0,0.0,0.0,2,1026.9,1012.9,78,15540.0,0.4,5.4,budapest,2026-03-01T02:40:19.917150
2026-03-01T22:00,8.0,67,2.3,6.2,0,0.0,0.0,0.0,0.0,0.0,3,1026.6,1012.6,100,50000.0,0.7,3.6,budapest,2026-03-01T02:40:19.917150
2026-03-01T23:00,7.6,70,2.5,5.6,0,0.0,0.0,0.0,0.0,0.0,2,1026.6,1012.6,59,50000.0,2.5,2.9,budapest,2026-03-01T02:40:19.917150
2026-03-01T00:00,19.9,85,17.3,22.0,0,0.0,0.0,0.0,0.0,0.0,2,1010.6,908.8,49,24140.0,3.2,8.6,bangalore,2026-03-01T02:41:37.713259
2026-03-01T01:00,19.5,87,17.3,21.7,0,0.0,0.0,0.0,0.0,0.0,2,1011.4,909.4,47,24140.0,3.1,8.3,bangalore,2026-03-01T02:41:37.713259
2026-03-01T02:00,19.9,86,17.5,22.2,0,0.0,0.0,0.0,0.0,0.0,1,1012.4,910.4,39,24140.0,2.3,6.8,bangalore,2026-03-01T02:41:37.713259
2026-03-01T03:00,22.1,76,17.7,24.3,0,0.0,0.0,0.0,0.0,0.0,1,1013.3,912.0,13,24140.0,4.4,11.5,bangalore,2026-03-01T02:41:37.713259
2026-03-01T04:00,24.3,64,17.0,25.7,0,0.0,0.0,0.0,0.0,0.0,1,1013.7,913.0,35,24140.0,7.4,19.4,bangalore,2026-03-01T02:41:37.713259
2026-03-01T05:00,26.2,56,16.7,28.7,0,0.0,0.0,0.0,0.0,0.0,2,1013.4,913.3,48,24140.0,6.3,19.4,bangalore,2026-03-01T02:41:37.713259
2026-03-01T06:00,27.8,48,15.8,31.1,0,0.0,0.0,0.0,0.0,0.0,2,1011.9,912.5,60,24140.0,3.7,17.3,bangalore,2026-03-01T02:41:37.713259
2026-03-01T07:00,28.9,41,14.4,32.0,0,0.0,0.0,0.0,0.0,0.0,2,1010.7,911.8,62,24140.0,2.2,12.6,bangalore,2026-03-01T02:41:37.713259
2026-03-01T08:00,29.9,37,13.7,32.4,0,0.0,0.0,0.0,0.0,0.0,2,1009.3,910.8,69,24140.0,4.8,14.8,bangalore,2026-03-01T02:41:37.713259
2026-03-01T09:00,30.4,34,12.8,31.7,0,0.0,0.0,0.0,0.0,0.0,2,1008.6,910.3,57,24140.0,6.0,16.9,bangalore,2026-03-01T02:41:37.713259
2026-03-01T10:00,30.4,33,12.4,30.6,0,0.0,0.0,0.0,0.0,0.0,2,1007.9,909.7,62,24140.0,6.0,17.3,bangalore,2026-03-01T02:41:37.713259
2026-03-01T11:00,30.1,33,12.1,29.8,0,0.0,0.0,0.0,0.0,0.0,2,1008.1,909.8,58,24140.0,6.6,16.9,bangalore,2026-03-01T02:41:37.713259
2026-03-01T12:00,29.6,33,11.7,29.2,0,0.0,0.0,0.0,0.0,0.0,2,1008.7,910.2,64,24140.0,6.8,16.9,bangalore,2026-03-01T02:41:37.713259
2026-03-01T13:00,28.5,36,12.0,28.4,0,0.0,0.0,0.0,0.0,0.0,2,1009.5,910.5,63,24140.0,4.7,16.2,bangalore,2026-03-01T02:41:37.713259
2026-03-01T14:00,26.9,41,12.5,27.0,0,0.0,0.0,0.0,0.0,0.0,2,1010.4,910.8,58,24140.0,4.5,10.8,bangalore,2026-03-01T02:41:37.713259
2026-03-01T15:00,25.6,44,12.5,25.7,0,0.0,0.0,0.0,0.0,0.0,2,1011.4,911.4,59,24140.0,4.8,11.2,bangalore,2026-03-01T02:41:37.713259
2026-03-01T16:00,24.6,48,12.9,24.8,0,0.0,0.0,0.0,0.0,0.0,2,1011.9,911.5,54,24140.0,5.1,11.5,bangalore,2026-03-01T02:41:37.713259
2026-03-01T17:00,23.7,52,13.3,23.2,0,0.0,0.0,0.0,0.0,0.0,1,1012.7,911.9,29,24140.0,11.1,25.2,bangalore,2026-03-01T02:41:37.713259
2026-03-01T18:00,22.5,62,14.8,22.6,0,0.0,0.0,0.0,0.0,0.0,1,1012.9,911.7,28,24140.0,10.1,24.5,bangalore,2026-03-01T02:41:37.713259
2026-03-01T19:00,21.7,69,15.7,22.6,0,0.0,0.0,0.0,0.0,0.0,1,1012.7,911.3,29,24140.0,7.0,22.0,bangalore,2026-03-01T02:41:37.713259
2026-03-01T20:00,21.0,74,16.2,22.6,0,0.0,0.0,0.0,0.0,0.0,1,1012.1,910.5,31,24140.0,4.2,15.5,bangalore,2026-03-01T02:41:37.713259
2026-03-01T21:00,20.5,77,16.3,22.2,0,0.0,0.0,0.0,0.0,0.0,2,1011.6,909.9,48,24140.0,3.1,10.1,bangalore,2026-03-01T02:41:37.713259
2026-03-01T22:00,20.2,78,16.3,22.0,0,0.0,0.0,0.0,0.0,0.0,2,1011.5,909.7,70,24140.0,3.1,7.6,bangalore,2026-03-01T02:41:37.713259
2026-03-01T23:00,20.1,79,16.3,21.7,0,0.0,0.0,0.0,0.0,0.0,2,1011.7,909.9,60,24140.0,3.7,8.3,bangalore,2026-03-01T02:41:37.713259
2026-03-01T00:00,23.6,93,22.4,28.4,0,0.0,0.0,0.0,0.0,0.0,2,1008.3,1007.4,64,24140.0,2.7,6.8,chennai,2026-03-01T02:41:40.176005
2026-03-01T01:00,23.4,94,22.4,28.2,0,0.0,0.0,0.0,0.0,0.0,2,1009.1,1008.2,59,24140.0,2.6,6.8,chennai,2026-03-01T02:41:40.176005
2026-03-01T02:00,24.1,90,22.4,28.9,0,0.0,0.0,0.0,0.0,0.0,2,1010.2,1009.3,55,24140.0,2.7,8.3,chennai,2026-03-01T02:41:40.176005
2026-03-01T03:00,26.4,78,22.2,30.9,0,0.0,0.0,0.0,0.0,0.0,1,1011.3,1010.4,35,24140.0,4.1,13.7,chennai,2026-03-01T02:41:40.176005
2026-03-01T04:00,28.6,65,21.4,32.3,0,0.0,0.0,0.0,0.0,0.0,1,1011.9,1011.0,43,24140.0,5.9,18.4,chennai,2026-03-01T02:41:40.176005
2026-03-01T05:00,30.5,57,21.0,35.0,0,0.0,0.0,0.0,0.0,0.0,2,1011.8,1010.9,57,24140.0,5.8,19.4,chennai,2026-03-01T02:41:40.176005
2026-03-01T06:00,32.0,50,20.3,36.7,0,0.0,0.0,0.0,0.0,0.0,2,1010.7,1009.8,58,24140.0,6.8,21.2,chennai,2026-03-01T02:41:40.176005
2026-03-01T07:00,32.9,45,19.4,37.5,0,0.0,0.0,0.0,0.0,0.0,2,1009.9,1009.0,51,24140.0,8.1,25.2,chennai,2026-03-01T02:41:40.176005
2026-03-01T08:00,32.9,44,19.0,36.7,0,0.0,0.0,0.0,0.0,0.0,1,1009.0,1008.1,43,24140.0,10.5,31.0,chennai,2026-03-01T02:41:40.176005
2026-03-01T09:00,32.4,42,17.9,35.3,0,0.0,0.0,0.0,0.0,0.0,1,1008.6,1007.7,14,24140.0,11.0,32.4,chennai,2026-03-01T02:41:40.176005
2026-03-01T10:00,31.6,45,18.3,33.8,0,0.0,0.0,0.0,0.0,0.0,0,1008.2,1007.3,0,24140.0,11.5,33.1,chennai,2026-03-01T02:41:40.176005
2026-03-01T11:00,30.4,51,19.2,32.2,0,0.0,0.0,0.0,0.0,0.0,0,1008.6,1007.7,0,24140.0,11.5,33.1,chennai,2026-03-01T02:41:40.176005
2026-03-01T12:00,29.0,56,19.4,31.1,0,0.0,0.0,0.0,0.0,0.0,1,1009.1,1008.2,16,24140.0,9.9,32.0,chennai,2026-03-01T02:41:40.176005
2026-03-01T13:00,27.7,64,20.3,30.5,0,0.0,0.0,0.0,0.0,0.0,2,1009.8,1008.9,46,24140.0,8.4,27.7,chennai,2026-03-01T02:41:40.176005
2026-03-01T14:00,26.9,71,21.2,30.4,0,0.0,0.0,0.0,0.0,0.0,1,1010.6,1009.7,43,24140.0,6.7,22.7,chennai,2026-03-01T02:41:40.176005
2026-03-01T15:00,26.5,73,21.3,30.2,0,0.0,0.0,0.0,0.0,0.0,2,1011.1,1010.2,48,24140.0,5.6,17.3,chennai,2026-03-01T02:41:40.176005
2026-03-01T16:00,26.1,76,21.5,30.1,0,0.0,0.0,0.0,0.0,0.0,1,1011.4,1010.5,28,24140.0,4.4,14.8,chennai,2026-03-01T02:41:40.176005
2026-03-01T17:00,25.6,79,21.7,30.0,0,0.0,0.0,0.0,0.0,0.0,1,1011.5,1010.6,10,24140.0,3.1,11.2,chennai,2026-03-01T02:41:40.176005
2026-03-01T18:00,25.3,80,21.6,29.8,0,0.0,0.0,0.0,0.0,0.0,0,1011.4,1010.5,6,24140.0,1.6,7.2,chennai,2026-03-01T02:41:40.176005
2026-03-01T19:00,24.9,81,21.5,29.3,0,0.0,0.0,0.0,0.0,0.0,0,1010.7,1009.8,2,24140.0,2.0,3.2,chennai,2026-03-01T02:41:40.176005
2026-03-01T20:00,24.1,84,21.3,28.2,0,0.0,0.0,0.0,0.0,0.0,0,1009.8,1008.9,0,24140.0,3.4,7.2,chennai,2026-03-01T02:41:40.176005
2026-03-01T21:00,23.5,86,21.0,27.4,0,0.0,0.0,0.0,0.0,0.0,0,1009.0,1008.1,2,24140.0,3.4,7.9,chennai,2026-03-01T02:41:40.176005
2026-03-01T22:00,22.9,88,20.9,26.7,0,0.0,0.0,0.0,0.0,0.0,0,1008.9,1008.0,4,24140.0,3.4,7.6,chennai,2026-03-01T02:41:40.176005
2026-03-01T23:00,22.6,89,20.7,26.5,0,0.0,0.0,0.0,0.0,0.0,1,1009.3,1008.4,42,24140.0,1.9,7.6,chennai,2026-03-01T02:41:40.176005
2026-03-01T00:00,22.8,96,22.1,27.0,0,0.0,0.0,0.0,0.0,0.0,3,1007.4,1006.1,84,24140.0,5.8,12.6,kolkata,2026-03-01T02:41:42.621407
2026-03-01T01:00,23.0,96,22.3,27.3,0,0.0,0.0,0.0,0.0,0.0,3,1008.2,1006.9,86,24140.0,5.5,12.2,kolkata,2026-03-01T02:41:42.621407
2026-03-01T02:00,24.0,92,22.6,28.0,0,0.0,0.0,0.0,0.0,0.0,3,1009.0,1007.7,83,24140.0,8.4,18.4,kolkata,2026-03-01T02:41:42.621407
2026-03-01T03:00,25.4,86,22.8,29.5,0,0.0,0.0,0.0,0.0,0.0,2,1009.8,1008.5,80,24140.0,8.7,20.9,kolkata,2026-03-01T02:41:42.621407
2026-03-01T04:00,26.9,79,22.9,30.9,0,0.0,0.0,0.0,0.0,0.0,2,1010.0,1008.7,60,24140.0,10.2,23.8,kolkata,2026-03-01T02:41:42.621407
2026-03-01T05:00,29.0,66,22.0,33.4,0,0.0,0.0,0.0,0.0,0.0,1,1009.6,1008.3,30,24140.0,10.5,25.9,kolkata,2026-03-01T02:41:42.621407
2026-03-01T06:00,30.2,62,22.1,35.4,0,0.0,0.0,0.0,0.0,0.0,2,1008.9,1007.7,45,24140.0,9.2,24.8,kolkata,2026-03-01T02:41:42.621407
2026-03-01T07:00,31.1,58,21.9,36.4,0,0.0,0.0,0.0,0.0,0.0,1,1008.2,1007.0,23,24140.0,9.2,23.0,kolkata,2026-03-01T02:41:42.621407
2026-03-01T08:00,31.2,58,22.0,35.8,0,0.0,0.0,0.0,0.0,0.0,2,1007.2,1006.0,49,24140.0,8.4,22.3,kolkata,2026-03-01T02:41:42.621407
2026-03-01T09:00,31.2,56,21.4,34.7,0,0.0,0.0,0.0,0.0,0.0,1,1006.4,1005.2,44,24140.0,7.9,20.5,kolkata,2026-03-01T02:41:42.621407
2026-03-01T10:00,31.1,53,20.4,33.8,0,0.0,0.0,0.0,0.0,0.0,1,1006.1,1004.9,28,24140.0,9.5,22.7,kolkata,2026-03-01T02:41:42.621407
2026-03-01T11:00,30.4,56,20.6,33.2,0,0.0,0.0,0.0,0.0,0.0,1,1006.5,1005.3,28,24140.0,8.7,22.0,kolkata,2026-03-01T02:41:42.621407
2026-03-01T12:00,28.5,60,20.0,31.3,0,0.0,0.0,0.0,0.0,0.0,1,1006.9,1005.6,28,24140.0,7.6,19.8,kolkata,2026-03-01T02:41:42.621407
2026-03-01T13:00,26.4,67,19.7,29.2,0,0.0,0.0,0.0,0.0,0.0,0,1007.6,1006.3,0,24140.0,5.8,16.2,kolkata,2026-03-01T02:41:42.621407
2026-03-01T14:00,25.0,74,20.0,27.9,0,0.0,0.0,0.0,0.0,0.0,0,1008.4,1007.1,2,24140.0,6.8,14.0,kolkata,2026-03-01T02:41:42.621407
2026-03-01T15:00,24.1,80,20.5,27.2,0,0.0,0.0,0.0,0.0,0.0,1,1008.7,1007.4,19,24140.0,7.2,15.1,kolkata,2026-03-01T02:41:42.621407
2026-03-01T16:00,23.5,86,21.0,26.8,0,0.0,0.0,0.0,0.0,0.0,1,1009.0,1007.7,22,24140.0,6.8,15.1,kolkata,2026-03-01T02:41:42.621407
2026-03-01T17:00,23.0,90,21.3,26.6,0,0.0,0.0,0.0,0.0,0.0,1,1009.1,1007.8,37,24140.0,6.1,14.8,kolkata,2026-03-01T02:41:42.621407
2026-03-01T18:00,22.8,92,21.4,26.6,0,0.0,0.0,0.0,0.0,0.0,2,1009.3,1008.0,52,24140.0,5.4,12.6,kolkata,2026-03-01T02:41:42.621407
2026-03-01T19:00,22.6,93,21.5,26.7,0,0.0,0.0,0.0,0.0,0.0,2,1009.1,1007.8,74,24140.0,3.6,11.5,kolkata,2026-03-01T02:41:42.621407
2026-03-01T20:00,22.5,93,21.4,26.6,0,0.0,0.0,0.0,0.0,0.0,2,1008.6,1007.3,80,24140.0,3.6,6.8,kolkata,2026-03-01T02:41:42.621407
2026-03-01T21:00,22.5,94,21.4,26.4,0,0.0,0.0,0.0,0.0,0.0,3,1007.9,1006.6,82,24140.0,4.3,9.0,kolkata,2026-03-01T02:41:42.621407
2026-03-01T22:00,22.5,94,21.5,26.7,0,0.0,0.0,0.0,0.0,0.0,3,1007.9,1006.6,84,24140.0,3.1,8.6,kolkata,2026-03-01T02:41:42.621407
2026-03-01T23:00,22.4,94,21.4,26.4,0,0.0,0.0,0.0,0.0,0.0,2,1008.2,1006.9,72,24140.0,4.2,7.9,kolkata,2026-03-01T02:41:42.621407
2026-03-01T00:00,25.6,73,20.4,28.5,0,0.0,0.0,0.0,0.0,0.0,2,1008.7,1008.0,46,24140.0,8.0,11.2,mumbai,2026-03-01T02:43:45.570407
2026-03-01T01:00,25.2,77,20.9,28.3,0,0.0,0.0,0.0,0.0,0.0,1,1009.5,1008.8,41,24140.0,8.6,11.9,mumbai,2026-03-01T02:43:45.570407
2026-03-01T02:00,24.8,81,21.3,28.0,0,0.0,0.0,0.0,0.0,0.0,1,1010.3,1009.6,40,24140.0,9.1,12.6,mumbai,2026-03-01T02:43:45.570407
2026-03-01T03:00,24.6,80,20.9,27.5,0,0.0,0.0,0.0,0.0,0.0,2,1011.6,1010.9,56,24140.0,10.0,13.7,mumbai,2026-03-01T02:43:45.570407
2026-03-01T04:00,24.9,77,20.6,27.6,0,0.0,0.0,0.0,0.0,0.0,1,1012.5,1011.8,39,24140.0,10.1,14.0,mumbai,2026-03-01T02:43:45.570407
2026-03-01T05:00,25.6,73,20.4,28.5,0,0.0,0.0,0.0,0.0,0.0,0,1012.5,1011.8,1,24140.0,9.5,14.0,mumbai,2026-03-01T02:43:45.570407
2026-03-01T06:00,26.1,70,20.2,30.0,0,0.0,0.0,0.0,0.0,0.0,0,1012.0,1011.3,5,24140.0,9.4,13.0,mumbai,2026-03-01T02:43:45.570407
2026-03-01T07:00,26.2,70,20.3,30.5,0,0.0,0.0,0.0,0.0,0.0,0,1011.2,1010.5,0,24140.0,10.9,15.1,mumbai,2026-03-01T02:43:45.570407
2026-03-01T08:00,26.2,71,20.6,30.4,0,0.0,0.0,0.0,0.0,0.0,0,1010.5,1009.8,0,24140.0,13.1,18.0,mumbai,2026-03-01T02:43:45.570407
2026-03-01T09:00,26.3,68,20.0,29.6,0,0.0,0.0,0.0,0.0,0.0,0,1009.6,1008.9,0,24140.0,15.1,20.2,mumbai,2026-03-01T02:43:45.570407
2026-03-01T10:00,26.4,66,19.6,28.6,0,0.0,0.0,0.0,0.0,0.0,0,1008.9,1008.2,0,24140.0,16.9,22.3,mumbai,2026-03-01T02:43:45.570407
2026-03-01T11:00,26.3,67,19.7,27.6,0,0.0,0.0,0.0,0.0,0.0,0,1008.6,1007.9,0,24140.0,17.1,23.0,mumbai,2026-03-01T02:43:45.570407
2026-03-01T12:00,26.4,68,20.0,27.9,0,0.0,0.0,0.0,0.0,0.0,0,1008.8,1008.1,0,24140.0,16.4,23.0,mumbai,2026-03-01T02:43:45.570407
2026-03-01T13:00,26.4,68,20.0,28.1,0,0.0,0.0,0.0,0.0,0.0,0,1009.5,1008.8,0,24140.0,14.8,22.0,mumbai,2026-03-01T02:43:45.570407
2026-03-01T14:00,26.4,68,20.0,28.3,0,0.0,0.0,0.0,0.0,0.0,0,1010.2,1009.5,0,24140.0,13.2,19.8,mumbai,2026-03-01T02:43:45.570407
2026-03-01T15:00,26.4,68,20.0,28.5,0,0.0,0.0,0.0,0.0,0.0,0,1011.2,1010.5,0,24140.0,11.7,18.0,mumbai,2026-03-01T02:43:45.570407
2026-03-01T16:00,26.3,70,20.4,28.9,0,0.0,0.0,0.0,0.0,0.0,0,1011.8,1011.1,0,24140.0,10.7,15.8,mumbai,2026-03-01T02:43:45.570407
2026-03-01T17:00,26.2,71,20.6,28.9,0,0.0,0.0,0.0,0.0,0.0,0,1012.1,1011.4,2,24140.0,10.0,14.8,mumbai,2026-03-01T02:43:45.570407
2026-03-01T18:00,26.1,74,21.1,29.3,0,0.0,0.0,0.0,0.0,0.0,0,1012.0,1011.3,1,24140.0,8.6,13.3,mumbai,2026-03-01T02:43:45.570407
2026-03-01T19:00,25.9,75,21.2,29.3,0,0.0,0.0,0.0,0.0,0.0,0,1011.6,1010.9,0,24140.0,7.4,11.9,mumbai,2026-03-01T02:43:45.570407
2026-03-01T20:00,25.7,77,21.4,29.3,0,0.0,0.0,0.0,0.0,0.0,0,1011.1,1010.4,4,24140.0,7.2,10.1,mumbai,2026-03-01T02:43:45.570407
2026-03-01T21:00,25.5,79,21.6,29.2,0,0.0,0.0,0.0,0.0,0.0,1,1010.4,1009.7,18,24140.0,7.2,10.1,mumbai,2026-03-01T02:43:45.570407
2026-03-01T22:00,25.2,81,21.7,29.0,0,0.0,0.0,0.0,0.0,0.0,1,1010.2,1009.5,16,24140.0,7.3,10.1,mumbai,2026-03-01T02:43:45.570407
2026-03-01T23:00,24.9,83,21.9,28.8,0,0.0,0.0,0.0,0.0,0.0,1,1010.2,1009.5,21,24140.0,6.7,10.1,mumbai,2026-03-01T02:43:45.570407
2026-03-01T00:00,17.6,64,10.7,17.2,0,0.0,0.0,0.0,0.0,0.0,0,1007.8,982.8,0,24140.0,3.6,5.8,new_delhi,2026-03-01T02:43:48.017755
2026-03-01T01:00,16.9,66,10.5,16.4,0,0.0,0.0,0.0,0.0,0.0,1,1008.5,983.5,29,24140.0,4.1,6.1,new_delhi,2026-03-01T02:43:48.017755
2026-03-01T02:00,16.3,70,10.8,15.9,0,0.0,0.0,0.0,0.0,0.0,0,1009.4,984.3,0,24140.0,4.3,7.2,new_delhi,2026-03-01T02:43:48.017755
2026-03-01T03:00,17.9,69,12.1,18.0,0,0.0,0.0,0.0,0.0,0.0,0,1010.5,985.5,0,24140.0,3.3,8.6,new_delhi,2026-03-01T02:43:48.017755
2026-03-01T04:00,21.5,55,12.1,21.4,0,0.0,0.0,0.0,0.0,0.0,0,1011.6,986.9,0,24140.0,5.1,15.5,new_delhi,2026-03-01T02:43:48.017755
2026-03-01T05:00,24.4,48,12.7,24.8,0,0.0,0.0,0.0,0.0,0.0,0,1011.7,987.2,0,24140.0,6.5,19.8,new_delhi,2026-03-01T02:43:48.017755
2026-03-01T06:00,26.8,42,12.8,27.8,0,0.0,0.0,0.0,0.0,0.0,0,1011.6,987.3,0,24140.0,8.0,23.8,new_delhi,2026-03-01T02:43:48.017755
2026-03-01T07:00,28.3,36,11.8,29.2,0,0.0,0.0,0.0,0.0,0.0,0,1010.7,986.5,0,24140.0,9.2,27.0,new_delhi,2026-03-01T02:43:48.017755
2026-03-01T08:00,29.3,31,10.4,29.7,0,0.0,0.0,0.0,0.0,0.0,0,1009.9,985.8,0,24140.0,9.8,28.8,new_delhi,2026-03-01T02:43:48.017755
2026-03-01T09:00,29.8,29,9.8,29.5,0,0.0,0.0,0.0,0.0,0.0,0,1008.9,984.9,0,24140.0,10.3,29.2,new_delhi,2026-03-01T02:43:48.017755
2026-03-01T10:00,29.8,29,9.9,28.8,0,0.0,0.0,0.0,0.0,0.0,1,1008.5,984.5,11,24140.0,10.1,29.5,new_delhi,2026-03-01T02:43:48.017755
2026-03-01T11:00,29.4,29,9.5,27.7,0,0.0,0.0,0.0,0.0,0.0,0,1008.1,984.1,0,24140.0,10.1,28.4,new_delhi,2026-03-01T02:43:48.017755
2026-03-01T12:00,28.2,31,9.5,26.9,0,0.0,0.0,0.0,0.0,0.0,0,1008.4,984.3,0,24140.0,8.4,27.4,new_delhi,2026-03-01T02:43:48.017755
2026-03-01T13:00,25.8,42,11.9,25.7,0,0.0,0.0,0.0,0.0,0.0,0,1009.1,984.8,0,24140.0,4.7,20.9,new_delhi,2026-03-01T02:43:48.017755
2026-03-01T14:00,23.8,50,12.7,23.9,0,0.0,0.0,0.0,0.0,0.0,0,1010.0,985.5,0,24140.0,4.9,10.4,new_delhi,2026-03-01T02:43:48.017755
2026-03-01T15:00,22.3,56,13.1,22.6,0,0.0,0.0,0.0,0.0,0.0,0,1010.4,985.8,0,24140.0,4.7,10.1,new_delhi,2026-03-01T02:43:48.017755
2026-03-01T16:00,21.2,60,13.1,21.4,0,0.0,0.0,0.0,0.0,0.0,0,1010.7,986.0,0,24140.0,4.9,10.1,new_delhi,2026-03-01T02:43:48.017755
2026-03-01T17:00,20.1,64,13.1,20.4,0,0.0,0.0,0.0,0.0,0.0,0,1011.0,986.2,0,24140.0,4.9,9.7,new_delhi,2026-03-01T02:43:48.017755
2026-03-01T18:00,19.3,66,12.8,19.5,0,0.0,0.0,0.0,0.0,0.0,0,1010.9,986.0,0,24140.0,4.6,9.7,new_delhi,2026-03-01T02:43:48.017755
2026-03-01T19:00,18.5,68,12.5,18.7,0,0.0,0.0,0.0,0.0,0.0,0,1010.8,985.8,0,24140.0,4.3,9.0,new_delhi,2026-03-01T02:43:48.017755
2026-03-01T20:00,17.7,71,12.4,17.8,0,0.0,0.0,0.0,0.0,0.0,0,1010.7,985.7,0,24140.0,4.5,9.0,new_delhi,2026-03-01T02:43:48.017755
2026-03-01T21:00,17.0,73,12.1,17.0,0,0.0,0.0,0.0,0.0,0.0,0,1010.4,985.3,0,24140.0,4.3,9.0,new_delhi,2026-03-01T02:43:48.017755
2026-03-01T22:00,16.5,73,11.6,16.3,0,0.0,0.0,0.0,0.0,0.0,0,1010.1,985.0,0,24140.0,4.5,9.0,new_delhi,2026-03-01T02:43:48.017755
2026-03-01T23:00,15.9,73,11.1,15.6,0,0.0,0.0,0.0,0.0,0.0,0,1010.3,985.1,0,24140.0,4.5,9.4,new_delhi,2026-03-01T02:43:48.017755
2026-03-01T00:00,26.1,86,23.6,31.3,0,0.0,0.0,0.0,0.0,0.0,3,1008.3,1007.8,100,24140.0,4.0,8.6,jakarta,2026-03-01T02:43:50.466390
2026-03-01T01:00,27.0,82,23.6,32.2,0,0.0,0.0,0.0,0.0,0.0,3,1009.2,1008.7,99,24140.0,4.7,11.5,jakarta,2026-03-01T02:43:50.466390
2026-03-01T02:00,28.4,75,23.5,33.2,0,0.0,0.0,0.0,0.0,0.0,3,1009.5,1009.0,83,24140.0,6.9,16.9,jakarta,2026-03-01T02:43:50.466390
2026-03-01T03:00,29.5,69,23.2,34.2,5,0.0,0.0,0.0,0.0,0.0,2,1009.2,1008.7,78,24140.0,6.8,17.3,jakarta,2026-03-01T02:43:50.466390
2026-03-01T04:00,30.1,68,23.5,35.8,13,0.1,0.0,0.1,0.0,0.0,2,1008.8,1008.3,68,24140.0,8.6,30.2,jakarta,2026-03-01T02:43:50.466390
2026-03-01T05:00,30.5,67,23.7,36.7,30,0.1,0.0,0.1,0.0,0.0,2,1007.7,1007.2,61,24140.0,10.0,33.1,jakarta,2026-03-01T02:43:50.466390
2026-03-01T06:00,30.4,68,23.9,36.5,35,0.2,0.0,0.2,0.0,0.0,2,1006.7,1006.2,48,24140.0,11.0,35.6,jakarta,2026-03-01T02:43:50.466390
2026-03-01T07:00,30.6,67,23.8,36.2,28,0.0,0.0,0.0,0.0,0.0,1,1005.9,1005.4,40,21360.0,11.6,35.6,jakarta,2026-03-01T02:43:50.466390
2026-03-01T08:00,30.6,67,23.8,35.9,30,0.0,0.0,0.0,0.0,0.0,1,1005.7,1005.2,38,24140.0,11.0,36.0,jakarta,2026-03-01T02:43:50.466390
2026-03-01T09:00,30.1,70,24.0,34.7,38,0.1,0.0,0.1,0.0,0.0,2,1005.5,1005.0,74,21740.0,10.2,34.9,jakarta,2026-03-01T02:43:50.466390
2026-03-01T10:00,29.4,73,24.1,34.3,25,0.0,0.0,0.0,0.0,0.0,2,1006.1,1005.6,80,24140.0,8.8,24.8,jakarta,2026-03-01T02:43:50.466390
2026-03-01T11:00,28.9,75,24.0,34.0,15,0.3,0.0,0.3,0.0,0.0,80,1007.0,1006.5,100,24140.0,6.4,25.6,jakarta,2026-03-01T02:43:50.466390
2026-03-01T12:00,28.4,76,23.7,33.6,13,0.7,0.0,0.7,0.0,0.0,80,1008.1,1007.6,100,24140.0,5.1,24.5,jakarta,2026-03-01T02:43:50.466390
2026-03-01T13:00,28.0,78,23.8,33.5,5,0.5,0.0,0.5,0.0,0.0,80,1008.9,1008.4,100,24140.0,3.7,21.2,jakarta,2026-03-01T02:43:50.466390
2026-03-01T14:00,27.7,81,24.2,33.3,5,0.0,0.0,0.0,0.0,0.0,3,1009.3,1008.8,100,24140.0,4.2,9.4,jakarta,2026-03-01T02:43:50.466390
2026-03-01T15:00,27.5,84,24.5,33.5,5,0.0,0.0,0.0,0.0,0.0,3,1009.4,1008.9,100,24140.0,2.6,8.6,jakarta,2026-03-01T02:43:50.466390
2026-03-01T16:00,27.3,86,24.8,33.8,3,0.0,0.0,0.0,0.0,0.0,3,1009.1,1008.6,100,24140.0,1.1,5.4,jakarta,2026-03-01T02:43:50.466390
2026-03-01T17:00,27.1,87,24.7,33.3,3,0.0,0.0,0.0,0.0,0.0,3,1008.4,1007.9,100,24140.0,2.2,4.7,jakarta,2026-03-01T02:43:50.466390
2026-03-01T18:00,26.9,88,24.7,33.2,3,0.0,0.0,0.0,0.0,0.0,3,1007.8,1007.3,100,24140.0,1.8,4.7,jakarta,2026-03-01T02:43:50.466390
2026-03-01T19:00,26.7,90,24.9,33.2,3,0.0,0.0,0.0,0.0,0.0,3,1007.7,1007.2,100,24140.0,1.1,4.0,jakarta,2026-03-01T02:43:50.466390
2026-03-01T20:00,26.6,90,24.9,32.9,3,0.0,0.0,0.0,0.0,0.0,3,1007.7,1007.2,100,24140.0,2.3,4.3,jakarta,2026-03-01T02:43:50.466390
2026-03-01T21:00,26.6,90,24.8,32.8,3,0.0,0.0,0.0,0.0,0.0,3,1007.9,1007.4,100,24140.0,2.5,5.0,jakarta,2026-03-01T02:43:50.466390
2026-03-01T22:00,26.4,90,24.6,32.6,8,0.0,0.0,0.0,0.0,0.0,3,1008.2,1007.7,100,24140.0,2.1,5.0,jakarta,2026-03-01T02:43:50.466390
2026-03-01T23:00,26.2,91,24.6,32.2,5,0.0,0.0,0.0,0.0,0.0,3,1008.3,1007.8,100,24140.0,3.3,6.8,jakarta,2026-03-01T02:43:50.466390
2026-03-01T00:00,4.9,44,-6.4,1.3,0,0.0,0.0,0.0,0.0,0.0,0,1012.3,878.5,0,43500.0,4.6,10.1,tehran,2026-03-01T02:43:52.929398
2026-03-01T01:00,4.4,41,-7.7,0.7,0,0.0,0.0,0.0,0.0,0.0,0,1013.0,879.0,0,44440.0,4.8,10.1,tehran,2026-03-01T02:43:52.929398
2026-03-01T02:00,4.1,37,-9.3,0.2,0,0.0,0.0,0.0,0.0,0.0,0,1013.3,879.1,2,45760.0,4.8,10.4,tehran,2026-03-01T02:43:52.929398
2026-03-01T03:00,3.9,37,-9.5,-0.0,0,0.0,0.0,0.0,0.0,0.0,1,1014.0,879.6,16,45740.0,4.9,10.4,tehran,2026-03-01T02:43:52.929398
2026-03-01T04:00,4.4,39,-8.3,0.6,0,0.0,0.0,0.0,0.0,0.0,1,1014.2,880.0,31,45060.0,5.2,10.8,tehran,2026-03-01T02:43:52.929398
2026-03-01T05:00,7.9,35,-6.7,4.5,0,0.0,0.0,0.0,0.0,0.0,1,1013.4,880.8,38,45520.0,2.7,10.8,tehran,2026-03-01T02:43:52.929398
2026-03-01T06:00,11.3,23,-9.1,7.5,3,0.0,0.0,0.0,0.0,0.0,2,1012.0,881.1,48,52160.0,4.3,12.6,tehran,2026-03-01T02:43:52.929398
2026-03-01T07:00,13.1,17,-11.4,8.9,3,0.0,0.0,0.0,0.0,0.0,2,1011.4,881.3,57,57520.0,6.9,18.4,tehran,2026-03-01T02:43:52.929398
2026-03-01T08:00,14.2,15,-12.1,10.5,0,0.0,0.0,0.0,0.0,0.0,1,1010.9,881.3,39,59940.0,7.6,20.9,tehran,2026-03-01T02:43:52.929398
2026-03-01T09:00,14.8,17,-10.0,11.7,0,0.0,0.0,0.0,0.0,0.0,1,1010.3,881.1,10,57080.0,8.5,22.7,tehran,2026-03-01T02:43:52.929398
2026-03-01T10:00,15.0,17,-9.9,11.7,0,0.0,0.0,0.0,0.0,0.0,0,1009.6,880.5,0,56540.0,9.7,25.9,tehran,2026-03-01T02:43:52.929398
2026-03-01T11:00,14.9,15,-11.5,11.0,0,0.0,0.0,0.0,0.0,0.0,0,1009.1,880.1,0,59500.0,10.3,27.0,tehran,2026-03-01T02:43:52.929398
2026-03-01T12:00,14.5,14,-12.7,9.6,0,0.0,0.0,0.0,0.0,0.0,0,1009.1,879.9,0,61220.0,10.6,28.1,tehran,2026-03-01T02:43:52.929398
2026-03-01T13:00,14.0,15,-12.2,9.3,0,0.0,0.0,0.0,0.0,0.0,0,1009.0,879.6,0,60360.0,8.8,27.4,tehran,2026-03-01T02:43:52.929398
2026-03-01T14:00,13.1,14,-13.8,8.5,0,0.0,0.0,0.0,0.0,0.0,0,1009.1,879.3,0,62620.0,7.9,22.7,tehran,2026-03-01T02:43:52.929398
2026-03-01T15:00,11.9,17,-12.4,8.2,0,0.0,0.0,0.0,0.0,0.0,0,1009.9,879.5,0,63680.0,1.8,18.4,tehran,2026-03-01T02:43:52.929398
2026-03-01T16:00,10.5,18,-12.8,6.5,0,0.0,0.0,0.0,0.0,0.0,0,1011.0,879.9,0,63240.0,3.7,4.0,tehran,2026-03-01T02:43:52.929398
2026-03-01T17:00,9.2,22,-11.4,5.5,0,0.0,0.0,0.0,0.0,0.0,0,1011.8,880.0,0,57240.0,2.3,5.4,tehran,2026-03-01T02:43:52.929398
2026-03-01T18:00,7.1,23,-12.7,3.2,0,0.0,0.0,0.0,0.0,0.0,0,1012.4,879.6,0,57300.0,2.7,3.2,tehran,2026-03-01T02:43:52.929398
2026-03-01T19:00,5.6,27,-11.9,1.7,0,0.0,0.0,0.0,0.0,0.0,0,1013.3,879.7,0,52820.0,3.4,4.7,tehran,2026-03-01T02:43:52.929398
2026-03-01T20:00,4.8,35,-9.4,0.8,0,0.0,0.0,0.0,0.0,0.0,0,1014.3,880.2,0,45520.0,5.1,10.1,tehran,2026-03-01T02:43:52.929398
2026-03-01T21:00,4.0,43,-7.4,0.3,0,0.0,0.0,0.0,0.0,0.0,0,1015.1,880.6,0,43380.0,4.8,10.1,tehran,2026-03-01T02:43:52.929398
2026-03-01T22:00,3.4,50,-6.0,-0.1,0,0.0,0.0,0.0,0.0,0.0,0,1015.8,880.9,0,41660.0,4.7,10.1,tehran,2026-03-01T02:43:52.929398
2026-03-01T23:00,2.9,52,-6.0,-0.7,0,0.0,0.0,0.0,0.0,0.0,0,1016.0,880.9,0,41360.0,4.9,10.8,tehran,2026-03-01T02:43:52.929398
2026-03-01T00:00,8.4,39,-4.7,5.2,0,0.0,0.0,0.0,0.0,0.0,0,1016.6,1012.3,0,44680.0,3.3,5.8,baghdad,2026-03-01T02:45:55.946493
2026-03-01T01:00,8.1,40,-4.7,4.9,0,0.0,0.0,0.0,0.0,0.0,0,1016.3,1012.0,0,44380.0,3.0,6.1,baghdad,2026-03-01T02:45:55.946493
2026-03-01T02:00,7.9,41,-4.6,4.7,0,0.0,0.0,0.0,0.0,0.0,0,1016.7,1012.4,0,44460.0,2.9,5.4,baghdad,2026-03-01T02:45:55.946493
2026-03-01T03:00,7.3,41,-5.1,4.0,0,0.0,0.0,0.0,0.0,0.0,0,1017.2,1012.9,0,43980.0,3.9,6.8,baghdad,2026-03-01T02:45:55.946493
2026-03-01T04:00,6.2,48,-4.0,3.0,0,0.0,0.0,0.0,0.0,0.0,0,1018.3,1014.0,0,42260.0,3.7,8.6,baghdad,2026-03-01T02:45:55.946493
2026-03-01T05:00,7.5,46,-3.4,4.5,0,0.0,0.0,0.0,0.0,0.0,0,1019.1,1014.8,0,42160.0,3.2,8.6,baghdad,2026-03-01T02:45:55.946493
2026-03-01T06:00,10.7,38,-3.0,7.6,0,0.0,0.0,0.0,0.0,0.0,0,1019.7,1015.4,0,43700.0,4.2,13.3,baghdad,2026-03-01T02:45:55.946493
2026-03-01T07:00,14.0,30,-3.3,10.7,0,0.0,0.0,0.0,0.0,0.0,0,1019.3,1015.1,0,46520.0,5.2,16.6,baghdad,2026-03-01T02:45:55.946493
2026-03-01T08:00,16.1,25,-4.0,13.4,0,0.0,0.0,0.0,0.0,0.0,0,1019.1,1014.9,0,49280.0,7.1,22.3,baghdad,2026-03-01T02:45:55.946493
2026-03-01T09:00,17.1,24,-3.7,14.6,0,0.0,0.0,0.0,0.0,0.0,0,1018.2,1014.0,0,49440.0,8.7,26.3,baghdad,2026-03-01T02:45:55.946493
2026-03-01T10:00,17.7,23,-3.7,15.2,0,0.0,0.0,0.0,0.0,0.0,0,1017.6,1013.4,1,50860.0,9.9,28.8,baghdad,2026-03-01T02:45:55.946493
2026-03-01T11:00,17.9,22,-4.2,14.9,0,0.0,0.0,0.0,0.0,0.0,0,1016.9,1012.7,2,51680.0,10.0,29.2,baghdad,2026-03-01T02:45:55.946493
2026-03-01T12:00,17.9,21,-4.8,14.2,0,0.0,0.0,0.0,0.0,0.0,0,1017.0,1012.8,1,53380.0,10.2,28.8,baghdad,2026-03-01T02:45:55.946493
2026-03-01T13:00,17.4,22,-4.5,13.2,0,0.0,0.0,0.0,0.0,0.0,0,1016.8,1012.6,4,52880.0,10.0,28.4,baghdad,2026-03-01T02:45:55.946493
2026-03-01T14:00,16.6,25,-3.5,12.7,0,0.0,0.0,0.0,0.0,0.0,0,1016.8,1012.6,0,50820.0,8.7,27.4,baghdad,2026-03-01T02:45:55.946493
2026-03-01T15:00,15.4,27,-3.5,11.8,0,0.0,0.0,0.0,0.0,0.0,0,1017.3,1013.1,0,49720.0,7.1,23.4,baghdad,2026-03-01T02:45:55.946493
2026-03-01T16:00,14.0,29,-3.8,10.4,0,0.0,0.0,0.0,0.0,0.0,0,1018.1,1013.9,4,48620.0,6.6,17.6,baghdad,2026-03-01T02:45:55.946493
2026-03-01T17:00,12.8,30,-4.3,9.3,0,0.0,0.0,0.0,0.0,0.0,0,1018.8,1014.6,0,48160.0,5.7,17.3,baghdad,2026-03-01T02:45:55.946493
2026-03-01T18:00,11.8,34,-3.6,8.4,0,0.0,0.0,0.0,0.0,0.0,0,1018.6,1014.3,0,46260.0,5.0,14.4,baghdad,2026-03-01T02:45:55.946493
2026-03-01T19:00,11.1,35,-3.8,7.8,0,0.0,0.0,0.0,0.0,0.0,0,1018.5,1014.2,0,45780.0,4.5,11.2,baghdad,2026-03-01T02:45:55.946493
2026-03-01T20:00,10.4,38,-3.3,7.2,0,0.0,0.0,0.0,0.0,0.0,0,1018.3,1014.0,0,44600.0,4.2,10.1,baghdad,2026-03-01T02:45:55.946493
2026-03-01T21:00,9.7,42,-2.6,6.5,0,0.0,0.0,0.0,0.0,0.0,0,1018.3,1014.0,0,43180.0,5.0,11.2,baghdad,2026-03-01T02:45:55.946493
2026-03-01T22:00,9.3,46,-1.8,6.3,0,0.0,0.0,0.0,0.0,0.0,0,1018.4,1014.1,0,42400.0,3.8,11.5,baghdad,2026-03-01T02:45:55.946493
2026-03-01T23:00,8.8,49,-1.3,5.9,0,0.0,0.0,0.0,0.0,0.0,0,1018.5,1014.2,3,42000.0,3.9,8.3,baghdad,2026-03-01T02:45:55.946493
2026-03-01T00:00,9.0,80,5.7,6.9,0,0.0,0.0,0.0,0.0,0.0,3,1009.9,1008.6,100,30140.0,7.2,15.5,dublin,2026-03-01T02:45:58.402314
2026-03-01T01:00,8.6,81,5.5,6.1,0,0.0,0.0,0.0,0.0,0.0,3,1009.1,1007.8,100,28840.0,9.4,19.8,dublin,2026-03-01T02:45:58.402314
2026-03-01T02:00,8.4,75,4.2,5.7,0,0.0,0.0,0.0,0.0,0.0,3,1008.7,1007.4,100,29280.0,9.4,20.2,dublin,2026-03-01T02:45:58.402314
2026-03-01T03:00,8.3,75,4.1,5.2,10,0.0,0.0,0.0,0.0,0.0,3,1007.8,1006.5,100,23800.0,11.5,23.8,dublin,2026-03-01T02:45:58.402314
2026-03-01T04:00,8.5,72,3.7,5.8,36,0.0,0.0,0.0,0.0,0.0,3,1006.9,1005.6,95,24800.0,8.3,18.7,dublin,2026-03-01T02:45:58.402314
2026-03-01T05:00,9.0,73,4.4,6.5,69,0.0,0.0,0.0,0.0,0.0,3,1005.9,1004.6,100,22720.0,7.9,16.6,dublin,2026-03-01T02:45:58.402314
2026-03-01T06:00,9.5,79,6.0,6.5,90,0.1,0.1,0.0,0.0,0.0,51,1004.9,1003.6,100,21960.0,13.7,28.4,dublin,2026-03-01T02:45:58.402314
2026-03-01T07:00,9.9,84,7.3,7.1,87,0.2,0.2,0.0,0.0,0.0,51,1003.9,1002.6,100,17320.0,14.0,29.9,dublin,2026-03-01T02:45:58.402314
2026-03-01T08:00,10.8,85,8.4,7.8,72,0.3,0.3,0.0,0.0,0.0,51,1003.7,1002.4,100,32320.0,18.0,38.2,dublin,2026-03-01T02:45:58.402314
2026-03-01T09:00,11.1,86,8.9,8.1,59,0.0,0.0,0.0,0.0,0.0,3,1003.9,1002.6,100,30800.0,18.4,38.5,dublin,2026-03-01T02:45:58.402314
2026-03-01T10:00,11.6,84,9.0,8.8,51,0.0,0.0,0.0,0.0,0.0,3,1004.0,1002.7,100,29200.0,17.6,37.4,dublin,2026-03-01T02:45:58.402314
2026-03-01T11:00,12.3,81,9.1,9.2,46,0.0,0.0,0.0,0.0,0.0,2,1003.8,1002.5,77,30180.0,19.1,40.7,dublin,2026-03-01T02:45:58.402314
2026-03-01T12:00,12.9,78,9.1,9.6,47,0.0,0.0,0.0,0.0,0.0,3,1003.3,1002.0,95,32300.0,20.9,44.6,dublin,2026-03-01T02:45:58.402314
2026-03-01T13:00,13.2,75,8.9,9.9,60,0.0,0.0,0.0,0.0,0.0,3,1002.7,1001.4,100,31320.0,20.5,43.2,dublin,2026-03-01T02:45:58.402314
2026-03-01T14:00,13.2,75,8.8,10.2,79,0.0,0.0,0.0,0.0,0.0,3,1002.0,1000.7,100,30180.0,18.4,38.9,dublin,2026-03-01T02:45:58.402314
2026-03-01T15:00,12.7,79,9.2,9.6,94,0.1,0.1,0.0,0.0,0.0,51,1001.5,1000.2,100,9760.0,19.8,42.1,dublin,2026-03-01T02:45:58.402314
2026-03-01T16:00,13.0,75,8.7,9.8,99,0.0,0.0,0.0,0.0,0.0,3,1000.4,999.1,100,32540.0,19.4,41.4,dublin,2026-03-01T02:45:58.402314
2026-03-01T17:00,12.3,78,8.6,9.4,100,0.1,0.1,0.0,0.0,0.0,51,999.9,998.6,100,28920.0,17.6,37.1,dublin,2026-03-01T02:45:58.402314
2026-03-01T18:00,12.1,77,8.1,9.2,100,0.0,0.0,0.0,0.0,0.0,3,999.8,998.5,100,33520.0,16.2,34.6,dublin,2026-03-01T02:45:58.402314
2026-03-01T19:00,11.9,79,8.4,9.2,100,0.0,0.0,0.0,0.0,0.0,3,999.4,998.1,100,33600.0,15.8,34.6,dublin,2026-03-01T02:45:58.402314
2026-03-01T20:00,11.9,78,8.1,8.9,100,0.0,0.0,0.0,0.0,0.0,3,999.3,998.0,100,33140.0,16.9,36.4,dublin,2026-03-01T02:45:58.402314
2026-03-01T21:00,11.8,79,8.3,8.9,100,0.1,0.1,0.0,0.0,0.0,51,999.1,997.8,100,21640.0,16.9,36.0,dublin,2026-03-01T02:45:58.402314
2026-03-01T22:00,11.8,82,8.8,8.9,100,0.4,0.4,0.0,0.0,0.0,51,999.1,997.8,100,16000.0,17.6,38.2,dublin,2026-03-01T02:45:58.402314
2026-03-01T23:00,11.8,84,9.1,9.4,100,0.5,0.5,0.0,0.0,0.0,53,999.0,997.7,100,27160.0,14.8,32.0,dublin,2026-03-01T02:45:58.402314
2026-03-01T00:00,7.6,99,7.5,6.3,0,0.0,0.0,0.0,0.0,0.0,45,1024.8,1023.1,49,4100.0,4.7,9.7,bari,2026-03-01T02:46:00.862932
2026-03-01T01:00,7.2,99,7.0,5.7,0,0.0,0.0,0.0,0.0,0.0,45,1024.5,1022.8,55,2580.0,4.9,9.7,bari,2026-03-01T02:46:00.862932
2026-03-01T02:00,7.0,99,6.8,5.4,0,0.0,0.0,0.0,0.0,0.0,45,1024.6,1022.9,55,980.0,5.1,10.4,bari,2026-03-01T02:46:00.862932
2026-03-01T03:00,7.2,97,6.8,5.7,0,0.0,0.0,0.0,0.0,0.0,45,1024.9,1023.2,39,3100.0,5.1,10.4,bari,2026-03-01T02:46:00.862932
2026-03-01T04:00,7.0,98,6.7,5.4,0,0.0,0.0,0.0,0.0,0.0,45,1025.3,1023.6,36,3700.0,5.2,10.8,bari,2026-03-01T02:46:00.862932
2026-03-01T05:00,6.5,98,6.2,4.8,0,0.0,0.0,0.0,0.0,0.0,45,1025.8,1024.0,40,2140.0,5.5,11.2,bari,2026-03-01T02:46:00.862932
2026-03-01T06:00,6.2,99,6.0,4.4,0,0.0,0.0,0.0,0.0,0.0,45,1025.9,1024.1,42,1560.0,5.2,11.2,bari,2026-03-01T02:46:00.862932
2026-03-01T07:00,7.3,95,6.5,5.7,0,0.0,0.0,0.0,0.0,0.0,45,1026.1,1024.4,22,4660.0,4.7,11.2,bari,2026-03-01T02:46:00.862932
2026-03-01T08:00,10.9,85,8.4,10.1,0,0.0,0.0,0.0,0.0,0.0,0,1026.2,1024.5,7,26180.0,2.2,10.1,bari,2026-03-01T02:46:00.862932
2026-03-01T09:00,13.3,71,8.2,12.4,0,0.0,0.0,0.0,0.0,0.0,0,1026.2,1024.5,0,35720.0,3.3,9.4,bari,2026-03-01T02:46:00.862932
2026-03-01T10:00,15.2,63,8.2,14.3,0,0.0,0.0,0.0,0.0,0.0,1,1026.3,1024.6,14,38500.0,3.6,11.2,bari,2026-03-01T02:46:00.862932
2026-03-01T11:00,15.9,59,7.9,15.1,0,0.0,0.0,0.0,0.0,0.0,1,1025.8,1024.1,18,39520.0,4.9,14.4,bari,2026-03-01T02:46:00.862932
2026-03-01T12:00,15.9,59,7.9,14.7,0,0.0,0.0,0.0,0.0,0.0,2,1025.6,1023.9,27,38440.0,7.3,15.8,bari,2026-03-01T02:46:00.862932
2026-03-01T13:00,15.7,64,8.9,13.9,0,0.0,0.0,0.0,0.0,0.0,2,1025.2,1023.5,35,35600.0,10.3,18.7,bari,2026-03-01T02:46:00.862932
2026-03-01T14:00,15.6,71,10.3,13.9,0,0.0,0.0,0.0,0.0,0.0,1,1025.1,1023.4,18,34040.0,12.6,25.6,bari,2026-03-01T02:46:00.862932
2026-03-01T15:00,15.5,72,10.5,13.8,0,0.0,0.0,0.0,0.0,0.0,1,1024.7,1023.0,25,34580.0,12.8,27.0,bari,2026-03-01T02:46:00.862932
2026-03-01T16:00,14.9,72,9.9,13.2,0,0.0,0.0,0.0,0.0,0.0,1,1024.9,1023.2,1,35600.0,11.9,25.9,bari,2026-03-01T02:46:00.862932
2026-03-01T17:00,13.9,72,8.9,12.4,0,0.0,0.0,0.0,0.0,0.0,0,1025.2,1023.5,0,36060.0,7.9,23.4,bari,2026-03-01T02:46:00.862932
2026-03-01T18:00,12.9,77,8.9,11.4,0,0.0,0.0,0.0,0.0,0.0,0,1025.9,1024.2,0,34260.0,8.3,19.1,bari,2026-03-01T02:46:00.862932
2026-03-01T19:00,11.8,81,8.7,10.2,0,0.0,0.0,0.0,0.0,0.0,1,1025.6,1023.9,26,31620.0,8.6,18.7,bari,2026-03-01T02:46:00.862932
2026-03-01T20:00,11.3,82,8.3,9.7,0,0.0,0.0,0.0,0.0,0.0,1,1025.5,1023.8,8,30540.0,8.0,17.6,bari,2026-03-01T02:46:00.862932
2026-03-01T21:00,10.8,86,8.6,9.6,0,0.0,0.0,0.0,0.0,0.0,1,1025.4,1023.7,26,27060.0,6.1,16.6,bari,2026-03-01T02:46:00.862932
2026-03-01T22:00,10.5,89,8.7,9.5,0,0.0,0.0,0.0,0.0,0.0,2,1025.6,1023.9,43,23120.0,4.7,12.6,bari,2026-03-01T02:46:00.862932
2026-03-01T23:00,10.3,90,8.7,9.2,0,0.0,0.0,0.0,0.0,0.0,1,1025.6,1023.9,40,21180.0,5.0,10.1,bari,2026-03-01T02:46:00.862932
2026-03-01T00:00,8.1,98,7.8,6.5,0,0.0,0.0,0.0,0.0,0.0,45,1024.9,1015.7,95,240.0,7.0,14.4,bologna,2026-03-01T02:46:38.497658
2026-03-01T01:00,8.0,100,8.0,6.4,0,0.0,0.0,0.0,0.0,0.0,45,1025.0,1015.8,100,80.0,7.6,16.6,bologna,2026-03-01T02:46:38.497658
2026-03-01T02:00,8.3,100,8.3,6.9,0,0.0,0.0,0.0,0.0,0.0,45,1024.7,1015.5,100,100.0,7.0,17.3,bologna,2026-03-01T02:46:38.497658
2026-03-01T03:00,8.7,97,8.3,7.2,0,0.0,0.0,0.0,0.0,0.0,3,1024.7,1015.6,100,400.0,7.2,15.5,bologna,2026-03-01T02:46:38.497658
2026-03-01T04:00,9.0,94,8.1,7.4,0,0.0,0.0,0.0,0.0,0.0,3,1024.9,1015.8,100,2080.0,7.8,16.9,bologna,2026-03-01T02:46:38.497658
2026-03-01T05:00,9.0,93,7.9,7.2,0,0.0,0.0,0.0,0.0,0.0,3,1025.3,1016.2,100,11420.0,8.5,18.0,bologna,2026-03-01T02:46:38.497658
2026-03-01T06:00,8.8,94,7.9,7.0,0,0.0,0.0,0.0,0.0,0.0,3,1025.5,1016.4,100,2360.0,8.6,18.4,bologna,2026-03-01T02:46:38.497658
2026-03-01T07:00,9.0,93,7.9,7.2,0,0.0,0.0,0.0,0.0,0.0,3,1025.8,1016.7,98,2760.0,8.7,19.8,bologna,2026-03-01T02:46:38.497658
2026-03-01T08:00,9.8,86,7.6,7.9,0,0.0,0.0,0.0,0.0,0.0,3,1025.8,1016.7,100,20580.0,8.3,19.1,bologna,2026-03-01T02:46:38.497658
2026-03-01T09:00,10.8,81,7.7,8.8,0,0.0,0.0,0.0,0.0,0.0,3,1026.2,1017.1,99,26220.0,9.6,21.2,bologna,2026-03-01T02:46:38.497658
2026-03-01T10:00,11.9,77,8.0,9.8,0,0.0,0.0,0.0,0.0,0.0,3,1026.3,1017.2,99,29980.0,10.9,24.5,bologna,2026-03-01T02:46:38.497658
2026-03-01T11:00,12.8,74,8.3,10.7,0,0.0,0.0,0.0,0.0,0.0,3,1026.2,1017.2,100,31480.0,11.5,25.2,bologna,2026-03-01T02:46:38.497658
2026-03-01T12:00,13.8,69,8.2,11.7,0,0.0,0.0,0.0,0.0,0.0,3,1025.7,1016.7,100,35380.0,10.9,21.2,bologna,2026-03-01T02:46:38.497658
2026-03-01T13:00,14.8,63,7.8,12.6,0,0.0,0.0,0.0,0.0,0.0,3,1025.0,1016.0,100,38400.0,11.0,21.2,bologna,2026-03-01T02:46:38.497658
2026-03-01T14:00,15.4,58,7.2,13.1,0,0.0,0.0,0.0,0.0,0.0,3,1024.8,1015.9,87,39700.0,10.8,20.9,bologna,2026-03-01T02:46:38.497658
2026-03-01T15:00,15.0,61,7.6,12.8,0,0.0,0.0,0.0,0.0,0.0,3,1024.6,1015.7,100,39080.0,10.8,22.0,bologna,2026-03-01T02:46:38.497658
2026-03-01T16:00,14.0,70,8.6,11.8,0,0.0,0.0,0.0,0.0,0.0,3,1024.7,1015.7,100,35980.0,12.2,25.9,bologna,2026-03-01T02:46:38.497658
2026-03-01T17:00,13.0,77,9.0,11.0,0,0.0,0.0,0.0,0.0,0.0,3,1025.0,1016.0,100,31700.0,12.1,26.6,bologna,2026-03-01T02:46:38.497658
2026-03-01T18:00,12.2,83,9.4,10.2,0,0.0,0.0,0.0,0.0,0.0,3,1025.3,1016.3,100,26480.0,12.6,26.3,bologna,2026-03-01T02:46:38.497658
2026-03-01T19:00,11.5,87,9.4,9.9,0,0.0,0.0,0.0,0.0,0.0,3,1025.3,1016.2,100,21100.0,10.1,26.3,bologna,2026-03-01T02:46:38.497658
2026-03-01T20:00,10.8,91,9.4,9.4,0,0.0,0.0,0.0,0.0,0.0,3,1025.5,1016.4,100,13660.0,9.1,20.9,bologna,2026-03-01T02:46:38.497658
2026-03-01T21:00,10.5,93,9.4,9.3,0,0.0,0.0,0.0,0.0,0.0,3,1025.6,1016.5,100,4080.0,7.0,19.4,bologna,2026-03-01T02:46:38.497658
2026-03-01T22:00,10.3,94,9.4,9.2,0,0.0,0.0,0.0,0.0,0.0,3,1025.8,1016.7,100,2340.0,6.6,15.1,bologna,2026-03-01T02:46:38.497658
2026-03-01T23:00,10.2,94,9.3,9.2,0,0.0,0.0,0.0,0.0,0.0,3,1025.5,1016.4,100,1760.0,5.6,14.4,bologna,2026-03-01T02:46:38.497658
2026-03-01T00:00,5.9,94,5.1,4.0,0,0.0,0.0,0.0,0.0,0.0,45,1025.0,1017.3,100,12760.0,5.4,9.4,florence,2026-03-01T02:46:40.945060
2026-03-01T01:00,5.5,96,5.0,3.5,0,0.0,0.0,0.0,0.0,0.0,45,1024.8,1017.0,100,8680.0,5.4,10.8,florence,2026-03-01T02:46:40.945060
2026-03-01T02:00,5.4,97,5.0,3.5,0,0.0,0.0,0.0,0.0,0.0,45,1024.8,1017.0,100,2820.0,4.8,10.8,florence,2026-03-01T02:46:40.945060
2026-03-01T03:00,5.3,97,4.9,3.3,0,0.0,0.0,0.0,0.0,0.0,45,1024.8,1017.0,100,1980.0,4.8,10.1,florence,2026-03-01T02:46:40.945060
2026-03-01T04:00,5.4,98,5.1,3.5,0,0.0,0.0,0.0,0.0,0.0,45,1024.9,1017.1,100,1600.0,4.6,9.7,florence,2026-03-01T02:46:40.945060
2026-03-01T05:00,5.6,97,5.2,3.8,0,0.0,0.0,0.0,0.0,0.0,45,1025.3,1017.5,100,3580.0,4.1,9.4,florence,2026-03-01T02:46:40.945060
2026-03-01T06:00,5.5,97,5.1,3.7,0,0.0,0.0,0.0,0.0,0.0,45,1025.5,1017.7,99,2260.0,3.9,8.3,florence,2026-03-01T02:46:40.945060
2026-03-01T07:00,6.1,95,5.4,4.5,0,0.0,0.0,0.0,0.0,0.0,45,1025.7,1018.0,81,10480.0,3.2,7.9,florence,2026-03-01T02:46:40.945060
2026-03-01T08:00,8.5,90,7.0,7.7,0,0.0,0.0,0.0,0.0,0.0,3,1025.9,1018.2,90,18660.0,0.5,6.5,florence,2026-03-01T02:46:40.945060
2026-03-01T09:00,10.7,75,6.5,9.5,3,0.0,0.0,0.0,0.0,0.0,3,1026.3,1018.7,100,33340.0,2.5,6.8,florence,2026-03-01T02:46:40.945060
2026-03-01T10:00,12.7,67,6.7,11.8,0,0.0,0.0,0.0,0.0,0.0,2,1026.2,1018.6,83,37340.0,0.5,6.8,florence,2026-03-01T02:46:40.945060
2026-03-01T11:00,14.3,61,6.9,13.3,0,0.0,0.0,0.0,0.0,0.0,3,1026.0,1018.5,78,39320.0,2.4,8.3,florence,2026-03-01T02:46:40.945060
2026-03-01T12:00,15.4,55,6.4,14.2,0,0.0,0.0,0.0,0.0,0.0,3,1025.3,1017.8,90,40560.0,3.7,10.8,florence,2026-03-01T02:46:40.945060
2026-03-01T13:00,16.0,52,6.2,14.5,0,0.0,0.0,0.0,0.0,0.0,1,1024.8,1017.3,26,41000.0,5.1,12.6,florence,2026-03-01T02:46:40.945060
2026-03-01T14:00,16.3,51,6.1,14.4,0,0.0,0.0,0.0,0.0,0.0,3,1024.6,1017.1,100,41180.0,6.2,13.7,florence,2026-03-01T02:46:40.945060
2026-03-01T15:00,16.1,51,6.0,14.3,0,0.0,0.0,0.0,0.0,0.0,3,1024.3,1016.8,100,41200.0,5.1,12.6,florence,2026-03-01T02:46:40.945060
2026-03-01T16:00,15.6,52,5.8,14.0,0,0.0,0.0,0.0,0.0,0.0,3,1024.2,1016.7,100,41220.0,4.4,11.9,florence,2026-03-01T02:46:40.945060
2026-03-01T17:00,14.6,58,6.5,13.4,0,0.0,0.0,0.0,0.0,0.0,3,1024.3,1016.8,100,40560.0,2.5,9.7,florence,2026-03-01T02:46:40.945060
2026-03-01T18:00,13.7,62,6.6,12.6,0,0.0,0.0,0.0,0.0,0.0,3,1024.6,1017.1,100,40140.0,2.1,4.7,florence,2026-03-01T02:46:40.945060
2026-03-01T19:00,12.7,66,6.5,11.5,0,0.0,0.0,0.0,0.0,0.0,3,1024.9,1017.3,100,39340.0,2.2,3.2,florence,2026-03-01T02:46:40.945060
2026-03-01T20:00,11.5,75,7.2,10.5,0,0.0,0.0,0.0,0.0,0.0,3,1025.3,1017.7,100,35860.0,1.9,3.6,florence,2026-03-01T02:46:40.945060
2026-03-01T21:00,10.8,81,7.7,10.0,5,0.0,0.0,0.0,0.0,0.0,3,1025.5,1017.9,100,31420.0,1.8,3.2,florence,2026-03-01T02:46:40.945060
2026-03-01T22:00,10.5,84,7.9,9.6,5,0.0,0.0,0.0,0.0,0.0,3,1025.8,1018.2,95,27660.0,2.7,5.8,florence,2026-03-01T02:46:40.945060
2026-03-01T23:00,9.9,87,7.9,8.8,5,0.0,0.0,0.0,0.0,0.0,3,1025.6,1018.0,78,23920.0,3.9,8.3,florence,2026-03-01T02:46:40.945060
2026-03-01T00:00,11.1,88,9.2,10.2,0,0.0,0.0,0.0,0.0,0.0,3,1024.4,1019.2,92,23520.0,4.8,12.6,genoa,2026-03-01T02:47:58.753428
2026-03-01T01:00,10.5,89,8.7,9.3,0,0.0,0.0,0.0,0.0,0.0,3,1024.4,1019.2,96,20940.0,6.2,12.2,genoa,2026-03-01T02:47:58.753428
2026-03-01T02:00,10.4,88,8.5,9.1,0,0.0,0.0,0.0,0.0,0.0,3,1024.2,1019.0,95,23280.0,5.8,10.1,genoa,2026-03-01T02:47:58.753428
2026-03-01T03:00,10.4,87,8.4,9.2,3,0.0,0.0,0.0,0.0,0.0,3,1024.1,1018.9,100,24400.0,5.7,9.7,genoa,2026-03-01T02:47:58.753428
2026-03-01T04:00,10.4,87,8.4,9.1,3,0.0,0.0,0.0,0.0,0.0,3,1024.2,1019.0,100,24560.0,5.8,8.6,genoa,2026-03-01T02:47:58.753428
2026-03-01T05:00,10.4,87,8.3,9.2,5,0.0,0.0,0.0,0.0,0.0,3,1024.6,1019.4,100,24280.0,5.4,9.0,genoa,2026-03-01T02:47:58.753428
2026-03-01T06:00,10.1,87,8.1,8.7,3,0.0,0.0,0.0,0.0,0.0,3,1024.7,1019.5,98,23720.0,6.0,9.0,genoa,2026-03-01T02:47:58.753428
2026-03-01T07:00,10.1,87,8.1,8.7,3,0.0,0.0,0.0,0.0,0.0,3,1025.1,1019.9,100,23900.0,6.0,10.1,genoa,2026-03-01T02:47:58.753428
2026-03-01T08:00,11.6,84,9.0,10.8,3,0.0,0.0,0.0,0.0,0.0,3,1025.3,1020.1,92,27600.0,3.8,11.9,genoa,2026-03-01T02:47:58.753428
2026-03-01T09:00,13.3,72,8.3,12.7,8,0.0,0.0,0.0,0.0,0.0,3,1025.7,1020.6,100,35480.0,1.1,7.6,genoa,2026-03-01T02:47:58.753428
2026-03-01T10:00,13.8,72,8.8,12.6,15,0.0,0.0,0.0,0.0,0.0,3,1025.9,1020.8,100,35340.0,5.8,9.4,genoa,2026-03-01T02:47:58.753428
2026-03-01T11:00,14.1,73,9.3,12.8,15,0.0,0.0,0.0,0.0,0.0,3,1025.8,1020.7,100,34180.0,7.4,12.6,genoa,2026-03-01T02:47:58.753428
2026-03-01T12:00,14.3,71,9.1,12.8,13,0.0,0.0,0.0,0.0,0.0,3,1025.4,1020.3,100,35320.0,8.5,15.1,genoa,2026-03-01T02:47:58.753428
2026-03-01T13:00,14.2,70,8.8,12.9,3,0.0,0.0,0.0,0.0,0.0,3,1025.0,1019.9,100,35600.0,6.9,14.4,genoa,2026-03-01T02:47:58.753428
2026-03-01T14:00,14.2,72,9.3,13.2,8,0.0,0.0,0.0,0.0,0.0,3,1025.0,1019.9,100,34780.0,5.8,12.2,genoa,2026-03-01T02:47:58.753428
2026-03-01T15:00,14.3,70,8.9,13.3,5,0.0,0.0,0.0,0.0,0.0,3,1024.7,1019.6,100,35960.0,4.7,9.0,genoa,2026-03-01T02:47:58.753428
2026-03-01T16:00,14.1,69,8.5,13.1,5,0.0,0.0,0.0,0.0,0.0,3,1024.5,1019.4,98,36980.0,4.0,10.1,genoa,2026-03-01T02:47:58.753428
2026-03-01T17:00,13.7,70,8.4,12.8,13,0.0,0.0,0.0,0.0,0.0,3,1024.5,1019.4,95,36580.0,3.2,10.1,genoa,2026-03-01T02:47:58.753428
2026-03-01T18:00,13.4,76,9.2,12.7,13,0.0,0.0,0.0,0.0,0.0,3,1024.9,1019.8,95,33900.0,3.2,8.3,genoa,2026-03-01T02:47:58.753428
2026-03-01T19:00,13.1,79,9.5,12.7,15,0.0,0.0,0.0,0.0,0.0,3,1025.2,1020.1,93,33000.0,1.5,7.2,genoa,2026-03-01T02:47:58.753428
2026-03-01T20:00,12.4,82,9.4,11.7,18,0.0,0.0,0.0,0.0,0.0,2,1025.2,1020.1,83,29640.0,4.3,9.4,genoa,2026-03-01T02:47:58.753428
2026-03-01T21:00,11.4,86,9.2,10.3,25,0.0,0.0,0.0,0.0,0.0,0,1025.2,1020.0,10,24980.0,6.2,12.2,genoa,2026-03-01T02:47:58.753428
2026-03-01T22:00,10.6,87,8.5,9.2,25,0.0,0.0,0.0,0.0,0.0,1,1025.4,1020.2,0,24120.0,6.5,13.7,genoa,2026-03-01T02:47:58.753428
2026-03-01T23:00,9.9,86,7.6,8.2,33,0.0,0.0,0.0,0.0,0.0,2,1025.2,1020.0,49,25720.0,7.2,14.8,genoa,2026-03-01T02:47:58.753428
2026-03-01T00:00,10.3,84,7.7,9.4,0,0.0,0.0,0.0,0.0,0.0,3,1024.4,1007.4,96,29320.0,2.5,4.0,milan,2026-03-01T02:48:01.223552
2026-03-01T01:00,10.0,87,7.9,9.0,0,0.0,0.0,0.0,0.0,0.0,3,1024.3,1007.3,95,25340.0,3.1,5.4,milan,2026-03-01T02:48:01.223552
2026-03-01T02:00,9.7,89,8.0,8.8,0,0.0,0.0,0.0,0.0,0.0,3,1024.2,1007.2,100,22580.0,2.5,10.1,milan,2026-03-01T02:48:01.223552
2026-03-01T03:00,9.6,88,7.7,8.0,0,0.0,0.0,0.0,0.0,0.0,3,1024.4,1007.4,100,22240.0,7.2,12.2,milan,2026-03-01T02:48:01.223552
2026-03-01T04:00,8.6,100,8.6,7.0,0,0.0,0.0,0.0,0.0,0.0,3,1024.6,1007.5,100,100.0,8.4,16.6,milan,2026-03-01T02:48:01.223552
2026-03-01T05:00,8.8,100,8.8,7.2,0,0.0,0.0,0.0,0.0,0.0,45,1025.1,1008.0,100,100.0,8.4,15.1,milan,2026-03-01T02:48:01.223552
2026-03-01T06:00,8.5,100,8.5,6.9,3,0.1,0.0,0.1,0.0,0.0,61,1025.3,1008.2,100,120.0,8.6,16.9,milan,2026-03-01T02:48:01.223552
2026-03-01T07:00,8.5,99,8.4,6.6,0,0.0,0.0,0.0,0.0,0.0,3,1025.7,1008.6,100,160.0,9.8,17.6,milan,2026-03-01T02:48:01.223552
2026-03-01T08:00,8.7,97,8.2,6.7,0,0.0,0.0,0.0,0.0,0.0,3,1025.9,1008.8,100,240.0,10.5,19.8,milan,2026-03-01T02:48:01.223552
2026-03-01T09:00,9.0,95,8.3,7.3,3,0.0,0.0,0.0,0.0,0.0,3,1026.5,1009.4,100,380.0,8.6,19.1,milan,2026-03-01T02:48:01.223552
2026-03-01T10:00,9.7,91,8.3,7.8,8,0.0,0.0,0.0,0.0,0.0,3,1026.7,1009.6,100,2760.0,9.4,18.0,milan,2026-03-01T02:48:01.223552
2026-03-01T11:00,10.2,88,8.3,8.3,5,0.0,0.0,0.0,0.0,0.0,3,1026.7,1009.7,100,16880.0,9.7,18.0,milan,2026-03-01T02:48:01.223552
2026-03-01T12:00,10.8,86,8.6,9.1,8,0.0,0.0,0.0,0.0,0.0,3,1026.3,1009.3,100,20940.0,9.0,17.6,milan,2026-03-01T02:48:01.223552
2026-03-01T13:00,11.6,79,8.1,9.6,3,0.0,0.0,0.0,0.0,0.0,3,1025.7,1008.8,100,29160.0,10.1,17.3,milan,2026-03-01T02:48:01.223552
2026-03-01T14:00,11.9,78,8.1,9.9,10,0.0,0.0,0.0,0.0,0.0,3,1025.5,1008.6,100,30940.0,10.2,16.6,milan,2026-03-01T02:48:01.223552
2026-03-01T15:00,11.8,79,8.2,10.0,5,0.0,0.0,0.0,0.0,0.0,3,1025.3,1008.4,100,29780.0,9.1,16.2,milan,2026-03-01T02:48:01.223552
2026-03-01T16:00,11.6,79,8.1,10.0,3,0.0,0.0,0.0,0.0,0.0,3,1025.1,1008.2,100,30800.0,7.9,16.2,milan,2026-03-01T02:48:01.223552
2026-03-01T17:00,11.5,78,7.8,9.8,0,0.0,0.0,0.0,0.0,0.0,3,1025.1,1008.2,100,32120.0,8.1,14.8,milan,2026-03-01T02:48:01.223552
2026-03-01T18:00,11.0,82,8.0,9.3,0,0.0,0.0,0.0,0.0,0.0,3,1025.5,1008.5,100,29200.0,7.9,15.1,milan,2026-03-01T02:48:01.223552
2026-03-01T19:00,10.6,85,8.1,9.0,3,0.0,0.0,0.0,0.0,0.0,3,1025.5,1008.5,94,27920.0,7.4,13.7,milan,2026-03-01T02:48:01.223552
2026-03-01T20:00,10.0,89,8.2,8.6,3,0.0,0.0,0.0,0.0,0.0,3,1025.8,1008.8,99,22300.0,6.3,13.0,milan,2026-03-01T02:48:01.223552
2026-03-01T21:00,9.6,91,8.2,8.3,13,0.0,0.0,0.0,0.0,0.0,3,1025.9,1008.8,100,20000.0,6.0,10.4,milan,2026-03-01T02:48:01.223552
2026-03-01T22:00,9.7,90,8.1,8.4,18,0.0,0.0,0.0,0.0,0.0,3,1026.0,1008.9,99,21100.0,5.3,11.2,milan,2026-03-01T02:48:01.223552
2026-03-01T23:00,9.7,89,7.9,8.3,18,0.0,0.0,0.0,0.0,0.0,3,1025.8,1008.7,100,22060.0,5.4,10.1,milan,2026-03-01T02:48:01.223552
2026-03-01T00:00,10.2,91,8.8,9.4,0,0.0,0.0,0.0,0.0,0.0,1,1024.6,1022.0,18,20880.0,3.3,4.7,naples,2026-03-01T02:48:03.683966
2026-03-01T01:00,9.9,92,8.7,9.0,0,0.0,0.0,0.0,0.0,0.0,1,1024.1,1021.5,13,18920.0,3.6,5.4,naples,2026-03-01T02:48:03.683966
2026-03-01T02:00,9.7,91,8.3,8.8,0,0.0,0.0,0.0,0.0,0.0,1,1024.0,1021.4,7,18980.0,3.2,5.8,naples,2026-03-01T02:48:03.683966
2026-03-01T03:00,9.6,90,8.0,8.6,0,0.0,0.0,0.0,0.0,0.0,1,1024.1,1021.5,7,21460.0,3.3,5.4,naples,2026-03-01T02:48:03.683966
2026-03-01T04:00,9.4,88,7.5,8.3,0,0.0,0.0,0.0,0.0,0.0,0,1024.4,1021.8,3,23920.0,3.3,6.1,naples,2026-03-01T02:48:03.683966
2026-03-01T05:00,9.5,86,7.2,8.3,0,0.0,0.0,0.0,0.0,0.0,0,1024.9,1022.3,2,27520.0,3.0,5.8,naples,2026-03-01T02:48:03.683966
2026-03-01T06:00,9.6,84,7.0,8.5,0,0.0,0.0,0.0,0.0,0.0,0,1025.2,1022.6,13,29900.0,2.2,5.0,naples,2026-03-01T02:48:03.683966
2026-03-01T07:00,9.6,85,7.2,8.4,0,0.0,0.0,0.0,0.0,0.0,1,1025.6,1023.0,31,27800.0,3.1,6.1,naples,2026-03-01T02:48:03.683966
2026-03-01T08:00,11.6,80,8.3,10.9,0,0.0,0.0,0.0,0.0,0.0,1,1025.9,1023.3,36,31940.0,1.9,6.8,naples,2026-03-01T02:48:03.683966
2026-03-01T09:00,14.1,72,9.1,13.6,0,0.0,0.0,0.0,0.0,0.0,1,1026.2,1023.6,47,35180.0,1.8,6.1,naples,2026-03-01T02:48:03.683966
2026-03-01T10:00,15.4,68,9.5,14.2,3,0.0,0.0,0.0,0.0,0.0,2,1026.4,1023.9,55,36360.0,7.2,16.2,naples,2026-03-01T02:48:03.683966
2026-03-01T11:00,16.1,65,9.5,14.5,0,0.0,0.0,0.0,0.0,0.0,2,1026.2,1023.7,58,37620.0,9.9,22.7,naples,2026-03-01T02:48:03.683966
2026-03-01T12:00,16.3,66,9.9,14.8,0,0.0,0.0,0.0,0.0,0.0,2,1025.8,1023.3,62,37140.0,10.2,24.8,naples,2026-03-01T02:48:03.683966
2026-03-01T13:00,16.1,67,10.0,14.5,0,0.0,0.0,0.0,0.0,0.0,1,1025.2,1022.7,35,36620.0,10.9,26.6,naples,2026-03-01T02:48:03.683966
2026-03-01T14:00,16.1,63,9.0,14.2,0,0.0,0.0,0.0,0.0,0.0,1,1025.3,1022.8,27,38220.0,10.9,27.0,naples,2026-03-01T02:48:03.683966
2026-03-01T15:00,15.8,65,9.2,14.0,0,0.0,0.0,0.0,0.0,0.0,1,1025.2,1022.7,29,38100.0,11.0,28.1,naples,2026-03-01T02:48:03.683966
2026-03-01T16:00,15.1,65,8.6,13.3,0,0.0,0.0,0.0,0.0,0.0,1,1025.4,1022.9,19,38280.0,9.5,27.7,naples,2026-03-01T02:48:03.683966
2026-03-01T17:00,14.3,69,8.6,13.0,0,0.0,0.0,0.0,0.0,0.0,1,1025.6,1023.0,8,37860.0,6.0,22.0,naples,2026-03-01T02:48:03.683966
2026-03-01T18:00,13.4,75,9.0,12.6,0,0.0,0.0,0.0,0.0,0.0,2,1026.1,1023.5,35,35300.0,3.7,12.2,naples,2026-03-01T02:48:03.683966
2026-03-01T19:00,12.9,79,9.3,12.4,0,0.0,0.0,0.0,0.0,0.0,2,1025.9,1023.3,34,33300.0,2.2,7.2,naples,2026-03-01T02:48:03.683966
2026-03-01T20:00,12.4,81,9.2,11.9,0,0.0,0.0,0.0,0.0,0.0,1,1026.1,1023.5,34,32360.0,2.4,5.0,naples,2026-03-01T02:48:03.683966
2026-03-01T21:00,12.3,81,9.1,11.8,0,0.0,0.0,0.0,0.0,0.0,2,1026.1,1023.5,39,34280.0,1.9,4.3,naples,2026-03-01T02:48:03.683966
2026-03-01T22:00,12.2,80,8.9,11.6,3,0.0,0.0,0.0,0.0,0.0,1,1026.1,1023.5,38,36060.0,1.8,2.9,naples,2026-03-01T02:48:03.683966
2026-03-01T23:00,12.2,79,8.6,11.5,3,0.0,0.0,0.0,0.0,0.0,3,1026.3,1023.7,82,36960.0,2.0,3.6,naples,2026-03-01T02:48:03.683966
2026-03-01T00:00,8.4,87,6.4,7.2,0,0.0,0.0,0.0,0.0,0.0,1,1024.7,1019.5,15,26000.0,2.1,4.3,rome,2026-03-01T02:48:06.128267
2026-03-01T01:00,7.9,87,5.9,6.5,0,0.0,0.0,0.0,0.0,0.0,3,1024.2,1019.0,99,25700.0,2.7,5.4,rome,2026-03-01T02:48:06.128267
2026-03-01T02:00,7.4,89,5.8,6.0,0,0.0,0.0,0.0,0.0,0.0,3,1024.1,1018.9,63,23420.0,2.6,5.8,rome,2026-03-01T02:48:06.128267
2026-03-01T03:00,6.9,92,5.7,5.5,0,0.0,0.0,0.0,0.0,0.0,1,1024.2,1019.0,25,17920.0,2.5,5.4,rome,2026-03-01T02:48:06.128267
2026-03-01T04:00,6.6,94,5.7,5.2,0,0.0,0.0,0.0,0.0,0.0,45,1024.5,1019.3,49,9380.0,2.4,5.0,rome,2026-03-01T02:48:06.128267
2026-03-01T05:00,6.3,95,5.6,4.9,0,0.0,0.0,0.0,0.0,0.0,45,1025.0,1019.8,89,7060.0,2.6,5.4,rome,2026-03-01T02:48:06.128267
2026-03-01T06:00,6.1,95,5.4,4.6,0,0.0,0.0,0.0,0.0,0.0,45,1025.2,1019.9,82,8180.0,2.6,5.4,rome,2026-03-01T02:48:06.128267
2026-03-01T07:00,6.5,93,5.5,5.2,0,0.0,0.0,0.0,0.0,0.0,1,1025.7,1020.5,28,18980.0,1.8,4.7,rome,2026-03-01T02:48:06.128267
2026-03-01T08:00,8.6,81,5.6,7.2,0,0.0,0.0,0.0,0.0,0.0,1,1026.0,1020.8,7,26800.0,2.3,7.2,rome,2026-03-01T02:48:06.128267
2026-03-01T09:00,11.5,70,6.2,10.3,0,0.0,0.0,0.0,0.0,0.0,2,1026.3,1021.1,50,35820.0,1.8,6.5,rome,2026-03-01T02:48:06.128267
2026-03-01T10:00,14.1,59,6.2,13.1,0,0.0,0.0,0.0,0.0,0.0,2,1026.2,1021.1,58,39600.0,0.7,6.1,rome,2026-03-01T02:48:06.128267
2026-03-01T11:00,15.8,52,6.0,14.8,0,0.0,0.0,0.0,0.0,0.0,1,1025.7,1020.6,29,40780.0,2.3,9.0,rome,2026-03-01T02:48:06.128267
2026-03-01T12:00,16.6,51,6.5,15.1,0,0.0,0.0,0.0,0.0,0.0,1,1025.2,1020.1,42,40860.0,6.9,17.3,rome,2026-03-01T02:48:06.128267
2026-03-01T13:00,17.0,49,6.2,14.6,0,0.0,0.0,0.0,0.0,0.0,3,1024.8,1019.7,87,41100.0,9.7,23.8,rome,2026-03-01T02:48:06.128267
2026-03-01T14:00,16.7,51,6.5,14.2,0,0.0,0.0,0.0,0.0,0.0,2,1025.0,1019.9,48,40860.0,11.3,27.0,rome,2026-03-01T02:48:06.128267
2026-03-01T15:00,15.9,57,7.4,14.0,0,0.0,0.0,0.0,0.0,0.0,1,1024.8,1019.7,37,40020.0,8.9,27.0,rome,2026-03-01T02:48:06.128267
2026-03-01T16:00,15.2,60,7.5,13.4,0,0.0,0.0,0.0,0.0,0.0,3,1025.0,1019.9,100,39660.0,8.2,21.6,rome,2026-03-01T02:48:06.128267
2026-03-01T17:00,14.2,66,7.9,12.6,0,0.0,0.0,0.0,0.0,0.0,2,1025.2,1020.1,65,38420.0,6.9,19.1,rome,2026-03-01T02:48:06.128267
2026-03-01T18:00,13.2,73,8.5,12.2,0,0.0,0.0,0.0,0.0,0.0,2,1025.7,1020.6,76,36220.0,4.4,15.8,rome,2026-03-01T02:48:06.128267
2026-03-01T19:00,12.5,77,8.6,11.8,0,0.0,0.0,0.0,0.0,0.0,2,1025.7,1020.6,67,34560.0,2.3,9.0,rome,2026-03-01T02:48:06.128267
2026-03-01T20:00,12.1,79,8.6,11.4,0,0.0,0.0,0.0,0.0,0.0,2,1025.8,1020.7,62,33240.0,1.9,4.7,rome,2026-03-01T02:48:06.128267
2026-03-01T21:00,11.4,84,8.8,10.7,0,0.0,0.0,0.0,0.0,0.0,3,1025.9,1020.7,100,28880.0,2.7,5.0,rome,2026-03-01T02:48:06.128267
2026-03-01T22:00,10.9,87,8.8,10.3,0,0.0,0.0,0.0,0.0,0.0,3,1026.1,1020.9,100,25440.0,1.8,5.4,rome,2026-03-01T02:48:06.128267
2026-03-01T23:00,10.6,88,8.7,10.0,0,0.0,0.0,0.0,0.0,0.0,3,1026.1,1020.9,100,24120.0,1.8,3.6,rome,2026-03-01T02:48:06.128267
2026-03-01T00:00,11.5,79,8.0,10.8,3,0.0,0.0,0.0,0.0,0.0,3,1024.3,995.2,100,31180.0,1.3,4.0,turin,2026-03-01T02:49:23.916467
2026-03-01T01:00,11.2,83,8.4,10.4,3,0.0,0.0,0.0,0.0,0.0,80,1024.1,995.0,100,27620.0,2.6,5.4,turin,2026-03-01T02:49:23.916467
2026-03-01T02:00,10.9,83,8.1,9.8,5,0.0,0.0,0.0,0.0,0.0,3,1023.9,994.7,100,27240.0,3.9,7.9,turin,2026-03-01T02:49:23.916467
2026-03-01T03:00,10.5,82,7.6,9.4,8,0.0,0.0,0.0,0.0,0.0,3,1024.1,994.9,100,28280.0,3.4,8.6,turin,2026-03-01T02:49:23.916467
2026-03-01T04:00,10.1,84,7.5,9.0,23,0.0,0.0,0.0,0.0,0.0,3,1024.2,994.9,100,25800.0,3.1,7.9,turin,2026-03-01T02:49:23.916467
2026-03-01T05:00,9.9,84,7.3,8.7,30,0.0,0.0,0.0,0.0,0.0,3,1024.6,995.3,100,26240.0,3.1,8.3,turin,2026-03-01T02:49:23.916467
2026-03-01T06:00,9.7,86,7.4,8.6,35,0.0,0.0,0.0,0.0,0.0,3,1024.7,995.4,100,23980.0,2.8,6.8,turin,2026-03-01T02:49:23.916467
2026-03-01T07:00,9.8,85,7.4,8.8,38,0.0,0.0,0.0,0.0,0.0,3,1025.2,995.9,100,25040.0,1.8,6.5,turin,2026-03-01T02:49:23.916467
2026-03-01T08:00,10.2,81,7.1,9.1,28,0.0,0.0,0.0,0.0,0.0,3,1025.3,996.0,100,28840.0,2.7,6.1,turin,2026-03-01T02:49:23.916467
2026-03-01T09:00,10.6,80,7.3,9.3,33,0.0,0.0,0.0,0.0,0.0,61,1025.8,996.5,100,29720.0,3.9,8.3,turin,2026-03-01T02:49:23.916467
2026-03-01T10:00,10.5,81,7.4,9.0,43,0.0,0.0,0.0,0.0,0.0,61,1026.0,996.7,100,28240.0,5.4,12.2,turin,2026-03-01T02:49:23.916467
2026-03-01T11:00,10.7,82,7.7,9.2,48,0.1,0.1,0.0,0.0,0.0,61,1026.2,996.9,100,27260.0,6.2,11.9,turin,2026-03-01T02:49:23.916467
2026-03-01T12:00,10.8,82,7.9,9.3,53,0.0,0.0,0.0,0.0,0.0,61,1025.9,996.7,100,27040.0,6.8,11.5,turin,2026-03-01T02:49:23.916467
2026-03-01T13:00,11.1,82,8.1,9.6,50,0.0,0.0,0.0,0.0,0.0,61,1025.4,996.2,100,26600.0,6.8,12.6,turin,2026-03-01T02:49:23.916467
2026-03-01T14:00,11.5,81,8.3,10.1,53,0.0,0.0,0.0,0.0,0.0,61,1025.2,996.0,100,28040.0,6.3,14.8,turin,2026-03-01T02:49:23.916467
2026-03-01T15:00,11.9,78,8.1,10.5,60,0.0,0.0,0.0,0.0,0.0,3,1024.8,995.7,100,31480.0,6.0,14.0,turin,2026-03-01T02:49:23.916467
2026-03-01T16:00,11.9,77,8.0,10.5,55,0.0,0.0,0.0,0.0,0.0,3,1024.6,995.5,100,32200.0,6.1,14.4,turin,2026-03-01T02:49:23.916467
2026-03-01T17:00,11.5,82,8.5,10.1,58,0.1,0.0,0.1,0.0,0.0,80,1024.7,995.6,97,27940.0,6.8,14.4,turin,2026-03-01T02:49:23.916467
2026-03-01T18:00,11.2,84,8.6,10.1,65,0.0,0.0,0.0,0.0,0.0,3,1025.1,995.9,99,26460.0,4.9,14.4,turin,2026-03-01T02:49:23.916467
2026-03-01T19:00,10.8,90,9.2,9.7,75,0.0,0.0,0.0,0.0,0.0,3,1025.3,996.1,100,17440.0,5.9,12.6,turin,2026-03-01T02:49:23.916467
2026-03-01T20:00,10.5,90,8.9,9.4,83,0.0,0.0,0.0,0.0,0.0,3,1025.4,996.1,100,17280.0,5.4,12.2,turin,2026-03-01T02:49:23.916467
2026-03-01T21:00,10.3,92,9.0,9.2,78,0.1,0.0,0.1,0.0,0.0,61,1025.5,996.2,100,15080.0,5.7,11.9,turin,2026-03-01T02:49:23.916467
2026-03-01T22:00,10.1,93,9.0,9.3,65,0.0,0.0,0.0,0.0,0.0,61,1025.8,996.5,100,12940.0,3.3,8.6,turin,2026-03-01T02:49:23.916467
2026-03-01T23:00,9.9,94,8.9,8.9,65,0.3,0.3,0.0,0.0,0.0,61,1025.5,996.2,100,5140.0,4.3,10.4,turin,2026-03-01T02:49:23.916467
2026-03-01T00:00,8.4,100,8.4,7.3,0,0.0,0.0,0.0,0.0,0.0,45,1026.0,1024.4,100,100.0,4.7,5.8,venice,2026-03-01T02:50:41.691890
2026-03-01T01:00,8.6,100,8.6,7.9,0,0.0,0.0,0.0,0.0,0.0,45,1025.8,1024.2,100,140.0,2.5,7.2,venice,2026-03-01T02:50:41.691890
2026-03-01T02:00,8.7,100,8.7,7.8,0,0.0,0.0,0.0,0.0,0.0,45,1025.3,1023.7,100,120.0,3.3,6.1,venice,2026-03-01T02:50:41.691890
2026-03-01T03:00,8.7,100,8.7,7.8,0,0.0,0.0,0.0,0.0,0.0,45,1025.1,1023.5,100,80.0,4.1,6.1,venice,2026-03-01T02:50:41.691890
2026-03-01T04:00,8.5,100,8.5,7.5,0,0.0,0.0,0.0,0.0,0.0,45,1025.4,1023.8,100,100.0,4.1,7.9,venice,2026-03-01T02:50:41.691890
2026-03-01T05:00,8.5,100,8.5,7.5,0,0.0,0.0,0.0,0.0,0.0,45,1026.0,1024.4,100,180.0,3.9,7.9,venice,2026-03-01T02:50:41.691890
2026-03-01T06:00,8.7,96,8.1,7.6,0,0.0,0.0,0.0,0.0,0.0,45,1026.3,1024.7,100,1140.0,4.2,7.9,venice,2026-03-01T02:50:41.691890
2026-03-01T07:00,8.6,97,8.1,7.5,0,0.0,0.0,0.0,0.0,0.0,45,1026.5,1024.9,100,460.0,4.2,9.0,venice,2026-03-01T02:50:41.691890
2026-03-01T08:00,8.9,95,8.2,7.9,0,0.0,0.0,0.0,0.0,0.0,45,1026.6,1025.0,100,1760.0,3.9,7.6,venice,2026-03-01T02:50:41.691890
2026-03-01T09:00,9.5,92,8.2,8.4,0,0.0,0.0,0.0,0.0,0.0,3,1026.8,1025.2,100,14140.0,4.2,6.5,venice,2026-03-01T02:50:41.691890
2026-03-01T10:00,10.0,91,8.6,9.2,0,0.0,0.0,0.0,0.0,0.0,3,1027.0,1025.4,100,15980.0,2.3,6.8,venice,2026-03-01T02:50:41.691890
2026-03-01T11:00,10.4,90,8.8,9.8,0,0.0,0.0,0.0,0.0,0.0,3,1027.2,1025.6,100,17320.0,1.4,5.0,venice,2026-03-01T02:50:41.691890
2026-03-01T12:00,10.8,86,8.6,10.2,0,0.0,0.0,0.0,0.0,0.0,3,1026.9,1025.3,100,22500.0,1.9,5.0,venice,2026-03-01T02:50:41.691890
2026-03-01T13:00,11.4,83,8.6,10.7,0,0.0,0.0,0.0,0.0,0.0,3,1026.4,1024.8,100,26020.0,1.8,4.7,venice,2026-03-01T02:50:41.691890
2026-03-01T14:00,11.6,81,8.4,10.6,0,0.0,0.0,0.0,0.0,0.0,3,1026.0,1024.4,100,28680.0,3.6,7.9,venice,2026-03-01T02:50:41.691890
2026-03-01T15:00,11.0,82,8.1,9.4,0,0.0,0.0,0.0,0.0,0.0,3,1025.9,1024.3,100,27840.0,7.5,14.8,venice,2026-03-01T02:50:41.691890
2026-03-01T16:00,10.7,82,7.8,9.2,0,0.0,0.0,0.0,0.0,0.0,3,1025.9,1024.3,100,29140.0,6.3,14.4,venice,2026-03-01T02:50:41.691890
2026-03-01T17:00,10.4,83,7.6,9.5,0,0.0,0.0,0.0,0.0,0.0,3,1025.7,1024.1,100,29820.0,2.2,11.5,venice,2026-03-01T02:50:41.691890
2026-03-01T18:00,10.0,88,8.1,8.9,0,0.0,0.0,0.0,0.0,0.0,3,1026.0,1024.4,100,24440.0,3.9,6.5,venice,2026-03-01T02:50:41.691890
2026-03-01T19:00,9.9,91,8.5,8.9,0,0.0,0.0,0.0,0.0,0.0,3,1026.0,1024.4,100,20520.0,3.5,6.5,venice,2026-03-01T02:50:41.691890
2026-03-01T20:00,9.9,90,8.3,8.8,0,0.0,0.0,0.0,0.0,0.0,3,1026.2,1024.6,100,22100.0,4.0,7.2,venice,2026-03-01T02:50:41.691890
2026-03-01T21:00,9.8,91,8.4,8.8,3,0.0,0.0,0.0,0.0,0.0,3,1026.2,1024.6,100,19580.0,4.0,6.8,venice,2026-03-01T02:50:41.691890
2026-03-01T22:00,9.7,94,8.7,9.0,3,0.0,0.0,0.0,0.0,0.0,3,1026.3,1024.7,100,14240.0,2.1,6.5,venice,2026-03-01T02:50:41.691890
2026-03-01T23:00,9.5,95,8.7,8.9,0,0.0,0.0,0.0,0.0,0.0,3,1026.0,1024.4,100,13080.0,2.3,4.0,venice,2026-03-01T02:50:41.691890
2026-03-01T00:00,7.6,66,1.7,4.6,0,0.0,0.0,0.0,0.0,0.0,0,1022.4,1021.4,0,24140.0,7.9,20.5,fukuoka,2026-03-01T02:50:44.134684
2026-03-01T01:00,9.5,58,1.7,6.3,0,0.0,0.0,0.0,0.0,0.0,0,1022.0,1021.0,1,24140.0,9.8,21.6,fukuoka,2026-03-01T02:50:44.134684
2026-03-01T02:00,11.7,50,1.6,9.1,0,0.0,0.0,0.0,0.0,0.0,0,1021.5,1020.5,1,24140.0,8.9,21.6,fukuoka,2026-03-01T02:50:44.134684
2026-03-01T03:00,13.4,44,1.4,11.8,0,0.0,0.0,0.0,0.0,0.0,0,1021.0,1020.0,17,24140.0,6.0,21.6,fukuoka,2026-03-01T02:50:44.134684
2026-03-01T04:00,13.6,52,3.9,11.4,0,0.0,0.0,0.0,0.0,0.0,0,1020.4,1019.4,9,24140.0,13.1,20.9,fukuoka,2026-03-01T02:50:44.134684
2026-03-01T05:00,13.0,62,5.9,10.5,0,0.0,0.0,0.0,0.0,0.0,0,1020.1,1019.1,2,24140.0,16.9,22.3,fukuoka,2026-03-01T02:50:44.134684
2026-03-01T06:00,12.7,62,5.6,9.3,0,0.0,0.0,0.0,0.0,0.0,1,1020.2,1019.2,33,24140.0,18.4,26.6,fukuoka,2026-03-01T02:50:44.134684
2026-03-01T07:00,12.5,63,5.6,8.9,0,0.0,0.0,0.0,0.0,0.0,1,1020.3,1019.3,43,24140.0,16.9,26.6,fukuoka,2026-03-01T02:50:44.134684
2026-03-01T08:00,12.2,68,6.5,8.8,0,0.0,0.0,0.0,0.0,0.0,2,1020.8,1019.8,55,24140.0,16.9,24.1,fukuoka,2026-03-01T02:50:44.134684
2026-03-01T09:00,11.7,71,6.6,8.7,0,0.0,0.0,0.0,0.0,0.0,2,1021.1,1020.1,77,24140.0,15.3,22.0,fukuoka,2026-03-01T02:50:44.134684
2026-03-01T10:00,11.4,74,6.9,8.7,0,0.0,0.0,0.0,0.0,0.0,1,1021.6,1020.6,48,24140.0,12.9,19.4,fukuoka,2026-03-01T02:50:44.134684
2026-03-01T11:00,11.1,76,7.1,8.6,0,0.0,0.0,0.0,0.0,0.0,2,1021.7,1020.7,66,24140.0,11.9,17.3,fukuoka,2026-03-01T02:50:44.134684
2026-03-01T12:00,10.9,76,6.9,8.6,0,0.0,0.0,0.0,0.0,0.0,2,1021.9,1020.9,62,24140.0,10.4,17.3,fukuoka,2026-03-01T02:50:44.134684
2026-03-01T13:00,10.6,77,6.8,8.7,0,0.0,0.0,0.0,0.0,0.0,2,1022.2,1021.2,73,24140.0,7.6,15.1,fukuoka,2026-03-01T02:50:44.134684
2026-03-01T14:00,10.5,77,6.6,8.3,3,0.0,0.0,0.0,0.0,0.0,2,1021.7,1020.7,56,24140.0,9.2,15.1,fukuoka,2026-03-01T02:50:44.134684
2026-03-01T15:00,10.2,77,6.4,8.2,3,0.0,0.0,0.0,0.0,0.0,1,1020.8,1019.8,46,24140.0,7.5,13.3,fukuoka,2026-03-01T02:50:44.134684
2026-03-01T16:00,10.1,75,5.9,7.9,3,0.0,0.0,0.0,0.0,0.0,1,1020.0,1019.0,47,24140.0,8.0,8.3,fukuoka,2026-03-01T02:50:44.134684
2026-03-01T17:00,10.1,75,5.9,8.2,0,0.0,0.0,0.0,0.0,0.0,1,1020.1,1019.1,46,24140.0,6.1,10.1,fukuoka,2026-03-01T02:50:44.134684
2026-03-01T18:00,10.1,76,6.0,8.0,3,0.0,0.0,0.0,0.0,0.0,2,1020.0,1019.0,78,24140.0,7.4,11.2,fukuoka,2026-03-01T02:50:44.134684
2026-03-01T19:00,9.7,78,6.1,7.8,13,0.0,0.0,0.0,0.0,0.0,1,1019.3,1018.3,32,24140.0,6.6,11.2,fukuoka,2026-03-01T02:50:44.134684
2026-03-01T20:00,9.3,81,6.2,7.6,10,0.0,0.0,0.0,0.0,0.0,1,1019.3,1018.3,47,24140.0,5.4,11.9,fukuoka,2026-03-01T02:50:44.134684
2026-03-01T21:00,8.9,83,6.2,7.3,15,0.0,0.0,0.0,0.0,0.0,2,1019.3,1018.3,60,24140.0,4.4,11.2,fukuoka,2026-03-01T02:50:44.134684
2026-03-01T22:00,9.1,81,6.0,7.6,15,0.0,0.0,0.0,0.0,0.0,3,1019.5,1018.5,83,24140.0,3.6,9.0,fukuoka,2026-03-01T02:50:44.134684
2026-03-01T23:00,9.8,75,5.6,7.2,25,0.0,0.0,0.0,0.0,0.0,2,1019.1,1018.1,53,24140.0,10.1,10.8,fukuoka,2026-03-01T02:50:44.134684
2026-03-01T00:00,6.5,74,2.2,4.4,0,0.0,0.0,0.0,0.0,0.0,0,1024.1,1018.4,0,24140.0,2.2,42.1,kyoto,2026-03-01T02:50:46.581158
2026-03-01T01:00,9.7,60,2.3,7.7,0,0.0,0.0,0.0,0.0,0.0,0,1023.4,1017.7,5,24140.0,1.6,40.0,kyoto,2026-03-01T02:50:46.581158
2026-03-01T02:00,11.8,53,2.5,10.6,0,0.0,0.0,0.0,0.0,0.0,0,1022.8,1017.2,1,24140.0,1.5,44.3,kyoto,2026-03-01T02:50:46.581158
2026-03-01T03:00,13.7,46,2.3,13.2,0,0.0,0.0,0.0,0.0,0.0,0,1021.8,1016.2,0,24140.0,0.8,44.6,kyoto,2026-03-01T02:50:46.581158
2026-03-01T04:00,15.3,41,2.1,14.6,0,0.0,0.0,0.0,0.0,0.0,0,1020.6,1015.1,0,24140.0,1.5,41.0,kyoto,2026-03-01T02:50:46.581158
2026-03-01T05:00,16.0,40,2.4,14.7,0,0.0,0.0,0.0,0.0,0.0,0,1019.9,1014.4,0,24140.0,3.6,34.9,kyoto,2026-03-01T02:50:46.581158
2026-03-01T06:00,15.7,41,2.4,13.5,0,0.0,0.0,0.0,0.0,0.0,0,1020.0,1014.5,0,24140.0,4.1,30.2,kyoto,2026-03-01T02:50:46.581158
2026-03-01T07:00,14.9,42,2.1,12.5,0,0.0,0.0,0.0,0.0,0.0,0,1020.3,1014.8,0,24140.0,4.3,35.6,kyoto,2026-03-01T02:50:46.581158
2026-03-01T08:00,13.3,46,1.9,10.6,0,0.0,0.0,0.0,0.0,0.0,0,1020.7,1015.1,0,24140.0,5.7,32.8,kyoto,2026-03-01T02:50:46.581158
2026-03-01T09:00,10.8,54,1.8,8.1,0,0.0,0.0,0.0,0.0,0.0,0,1021.3,1015.7,0,24140.0,6.0,24.8,kyoto,2026-03-01T02:50:46.581158
2026-03-01T10:00,8.9,60,1.5,6.1,0,0.0,0.0,0.0,0.0,0.0,0,1022.4,1016.7,0,24140.0,6.0,24.1,kyoto,2026-03-01T02:50:46.581158
2026-03-01T11:00,7.8,67,2.1,5.3,0,0.0,0.0,0.0,0.0,0.0,0,1023.1,1017.4,0,24140.0,5.1,20.9,kyoto,2026-03-01T02:50:46.581158
2026-03-01T12:00,7.2,72,2.5,4.9,0,0.0,0.0,0.0,0.0,0.0,0,1023.4,1017.7,0,24140.0,3.6,19.4,kyoto,2026-03-01T02:50:46.581158
2026-03-01T13:00,6.4,82,3.6,4.6,0,0.0,0.0,0.0,0.0,0.0,1,1023.2,1017.5,23,24140.0,2.3,19.4,kyoto,2026-03-01T02:50:46.581158
2026-03-01T14:00,6.1,81,3.1,4.1,0,0.0,0.0,0.0,0.0,0.0,1,1022.9,1017.2,38,24140.0,2.6,19.1,kyoto,2026-03-01T02:50:46.581158
2026-03-01T15:00,5.8,81,2.8,3.7,0,0.0,0.0,0.0,0.0,0.0,2,1022.6,1016.9,59,24140.0,2.6,19.1,kyoto,2026-03-01T02:50:46.581158
2026-03-01T16:00,5.3,83,2.6,3.2,0,0.0,0.0,0.0,0.0,0.0,2,1022.6,1016.8,57,24140.0,2.8,18.4,kyoto,2026-03-01T02:50:46.581158
2026-03-01T17:00,5.1,82,2.2,2.8,0,0.0,0.0,0.0,0.0,0.0,2,1022.7,1016.9,54,24140.0,3.3,16.9,kyoto,2026-03-01T02:50:46.581158
2026-03-01T18:00,4.5,86,2.3,2.2,0,0.0,0.0,0.0,0.0,0.0,2,1022.2,1016.4,50,24140.0,3.6,16.6,kyoto,2026-03-01T02:50:46.581158
2026-03-01T19:00,3.9,92,2.7,1.8,0,0.0,0.0,0.0,0.0,0.0,2,1022.1,1016.3,60,24140.0,2.6,13.7,kyoto,2026-03-01T02:50:46.581158
2026-03-01T20:00,4.1,87,2.1,1.9,0,0.0,0.0,0.0,0.0,0.0,2,1022.6,1016.8,56,24140.0,3.2,13.0,kyoto,2026-03-01T02:50:46.581158
2026-03-01T21:00,4.3,86,2.1,2.3,0,0.0,0.0,0.0,0.0,0.0,2,1022.7,1016.9,52,24140.0,1.5,13.0,kyoto,2026-03-01T02:50:46.581158
2026-03-01T22:00,4.0,89,2.3,1.7,0,0.0,0.0,0.0,0.0,0.0,1,1022.8,1017.0,34,24140.0,3.6,14.0,kyoto,2026-03-01T02:50:46.581158
2026-03-01T23:00,4.7,84,2.2,2.8,0,0.0,0.0,0.0,0.0,0.0,2,1022.9,1017.1,51,24140.0,1.4,15.1,kyoto,2026-03-01T02:50:46.581158
2026-03-01T00:00,7.0,71,2.1,4.6,0,0.0,0.0,0.0,0.0,0.0,0,1024.2,1023.8,0,24140.0,4.0,20.5,osaka,2026-03-01T02:50:49.031067
2026-03-01T01:00,9.2,63,2.5,6.8,0,0.0,0.0,0.0,0.0,0.0,0,1023.6,1023.2,0,24140.0,4.7,23.4,osaka,2026-03-01T02:50:49.031067
2026-03-01T02:00,11.1,57,2.9,9.5,0,0.0,0.0,0.0,0.0,0.0,0,1023.1,1022.7,0,24140.0,4.2,24.5,osaka,2026-03-01T02:50:49.031067
2026-03-01T03:00,12.8,52,3.1,12.0,0,0.0,0.0,0.0,0.0,0.0,0,1022.1,1021.7,0,24140.0,3.4,24.1,osaka,2026-03-01T02:50:49.031067
2026-03-01T04:00,14.6,46,3.1,13.7,0,0.0,0.0,0.0,0.0,0.0,0,1020.8,1020.4,0,24140.0,4.2,23.0,osaka,2026-03-01T02:50:49.031067
2026-03-01T05:00,16.0,42,3.1,14.6,0,0.0,0.0,0.0,0.0,0.0,0,1020.0,1019.6,0,24140.0,4.7,19.8,osaka,2026-03-01T02:50:49.031067
2026-03-01T06:00,16.6,39,2.6,14.3,0,0.0,0.0,0.0,0.0,0.0,0,1019.7,1019.3,0,24140.0,5.6,18.4,osaka,2026-03-01T02:50:49.031067
2026-03-01T07:00,16.2,39,2.2,13.4,0,0.0,0.0,0.0,0.0,0.0,0,1019.9,1019.5,0,24140.0,6.9,20.5,osaka,2026-03-01T02:50:49.031067
2026-03-01T08:00,14.5,43,2.1,11.7,0,0.0,0.0,0.0,0.0,0.0,0,1020.3,1019.9,0,24140.0,6.9,20.9,osaka,2026-03-01T02:50:49.031067
2026-03-01T09:00,12.3,49,1.8,9.4,0,0.0,0.0,0.0,0.0,0.0,0,1020.9,1020.5,0,24140.0,6.9,20.5,osaka,2026-03-01T02:50:49.031067
2026-03-01T10:00,10.4,54,1.4,7.4,0,0.0,0.0,0.0,0.0,0.0,0,1022.0,1021.6,0,24140.0,7.6,18.0,osaka,2026-03-01T02:50:49.031067
2026-03-01T11:00,8.9,60,1.6,6.0,0,0.0,0.0,0.0,0.0,0.0,0,1022.9,1022.5,0,24140.0,7.3,17.3,osaka,2026-03-01T02:50:49.031067
2026-03-01T12:00,8.0,67,2.2,5.3,0,0.0,0.0,0.0,0.0,0.0,0,1023.2,1022.8,0,24140.0,6.2,17.6,osaka,2026-03-01T02:50:49.031067
2026-03-01T13:00,7.4,72,2.6,4.9,0,0.0,0.0,0.0,0.0,0.0,1,1023.1,1022.7,22,24140.0,5.2,17.6,osaka,2026-03-01T02:50:49.031067
2026-03-01T14:00,6.9,76,2.9,4.6,0,0.0,0.0,0.0,0.0,0.0,1,1022.9,1022.5,45,24140.0,4.1,14.8,osaka,2026-03-01T02:50:49.031067
2026-03-01T15:00,6.4,80,3.2,4.4,0,0.0,0.0,0.0,0.0,0.0,2,1022.7,1022.3,61,24140.0,3.1,14.8,osaka,2026-03-01T02:50:49.031067
2026-03-01T16:00,5.9,87,3.9,4.0,0,0.0,0.0,0.0,0.0,0.0,2,1022.7,1022.3,59,24140.0,2.8,14.8,osaka,2026-03-01T02:50:49.031067
2026-03-01T17:00,5.6,87,3.6,3.7,0,0.0,0.0,0.0,0.0,0.0,2,1022.7,1022.3,58,24140.0,3.1,11.9,osaka,2026-03-01T02:50:49.031067
2026-03-01T18:00,5.4,84,2.9,3.3,0,0.0,0.0,0.0,0.0,0.0,1,1022.1,1021.7,48,24140.0,3.6,9.7,osaka,2026-03-01T02:50:49.031067
2026-03-01T19:00,5.2,83,2.6,2.9,0,0.0,0.0,0.0,0.0,0.0,1,1021.8,1021.4,48,24140.0,3.9,9.7,osaka,2026-03-01T02:50:49.031067
2026-03-01T20:00,5.2,82,2.3,2.9,0,0.0,0.0,0.0,0.0,0.0,2,1022.3,1021.9,65,24140.0,3.6,9.4,osaka,2026-03-01T02:50:49.031067
2026-03-01T21:00,4.9,84,2.4,2.7,0,0.0,0.0,0.0,0.0,0.0,1,1022.7,1022.3,42,24140.0,3.4,10.1,osaka,2026-03-01T02:50:49.031067
2026-03-01T22:00,4.9,83,2.3,2.6,0,0.0,0.0,0.0,0.0,0.0,1,1022.7,1022.3,44,24140.0,4.0,10.4,osaka,2026-03-01T02:50:49.031067
2026-03-01T23:00,5.8,79,2.4,3.6,0,0.0,0.0,0.0,0.0,0.0,1,1022.8,1022.4,42,24140.0,3.2,12.2,osaka,2026-03-01T02:50:49.031067
2026-03-01T00:00,9.7,49,-0.5,6.3,0,0.0,0.0,0.0,0.0,0.0,1,1021.2,1016.8,27,24140.0,8.4,16.6,tokyo,2026-03-01T02:52:06.855655
2026-03-01T01:00,11.5,44,-0.3,8.2,0,0.0,0.0,0.0,0.0,0.0,0,1021.3,1016.9,19,24140.0,8.4,20.5,tokyo,2026-03-01T02:52:06.855655
2026-03-01T02:00,13.1,41,0.2,10.6,0,0.0,0.0,0.0,0.0,0.0,0,1021.0,1016.6,0,24140.0,8.7,20.9,tokyo,2026-03-01T02:52:06.855655
2026-03-01T03:00,14.2,39,0.5,12.4,0,0.0,0.0,0.0,0.0,0.0,0,1020.0,1015.6,0,24140.0,6.8,20.2,tokyo,2026-03-01T02:52:06.855655
2026-03-01T04:00,15.0,38,0.8,13.8,0,0.0,0.0,0.0,0.0,0.0,0,1019.0,1014.7,0,24140.0,3.6,15.8,tokyo,2026-03-01T02:52:06.855655
2026-03-01T05:00,15.7,36,0.7,14.2,0,0.0,0.0,0.0,0.0,0.0,0,1018.8,1014.5,0,24140.0,2.3,26.3,tokyo,2026-03-01T02:52:06.855655
2026-03-01T06:00,16.0,36,0.9,13.7,0,0.0,0.0,0.0,0.0,0.0,0,1019.0,1014.7,0,24140.0,2.3,27.0,tokyo,2026-03-01T02:52:06.855655
2026-03-01T07:00,15.6,38,1.3,13.2,0,0.0,0.0,0.0,0.0,0.0,0,1018.9,1014.6,0,24140.0,3.4,25.9,tokyo,2026-03-01T02:52:06.855655
2026-03-01T08:00,14.4,45,2.6,12.2,0,0.0,0.0,0.0,0.0,0.0,0,1019.6,1015.3,1,24140.0,3.8,21.6,tokyo,2026-03-01T02:52:06.855655
2026-03-01T09:00,12.7,53,3.4,10.7,0,0.0,0.0,0.0,0.0,0.0,0,1020.3,1015.9,15,24140.0,3.3,20.5,tokyo,2026-03-01T02:52:06.855655
2026-03-01T10:00,11.7,61,4.5,9.9,0,0.0,0.0,0.0,0.0,0.0,1,1021.0,1016.6,30,24140.0,3.3,18.7,tokyo,2026-03-01T02:52:06.855655
2026-03-01T11:00,11.1,66,5.0,9.4,0,0.0,0.0,0.0,0.0,0.0,1,1021.3,1016.9,28,24140.0,3.6,21.2,tokyo,2026-03-01T02:52:06.855655
2026-03-01T12:00,10.7,72,5.9,9.5,0,0.0,0.0,0.0,0.0,0.0,1,1021.6,1017.2,25,24140.0,1.3,21.6,tokyo,2026-03-01T02:52:06.855655
2026-03-01T13:00,9.7,78,6.0,8.3,0,0.0,0.0,0.0,0.0,0.0,1,1021.9,1017.5,27,24140.0,2.9,20.2,tokyo,2026-03-01T02:52:06.855655
2026-03-01T14:00,9.4,80,6.2,7.9,0,0.0,0.0,0.0,0.0,0.0,1,1021.7,1017.3,43,24140.0,3.7,15.8,tokyo,2026-03-01T02:52:06.855655
2026-03-01T15:00,9.0,78,5.4,7.4,0,0.0,0.0,0.0,0.0,0.0,1,1021.6,1017.2,36,24140.0,3.8,12.2,tokyo,2026-03-01T02:52:06.855655
2026-03-01T16:00,8.5,58,0.7,6.0,0,0.0,0.0,0.0,0.0,0.0,1,1021.6,1017.2,41,24140.0,4.0,11.9,tokyo,2026-03-01T02:52:06.855655
2026-03-01T17:00,7.8,56,-0.4,4.9,0,0.0,0.0,0.0,0.0,0.0,1,1021.4,1016.9,46,24140.0,4.7,8.6,tokyo,2026-03-01T02:52:06.855655
2026-03-01T18:00,7.1,65,1.0,4.4,0,0.0,0.0,0.0,0.0,0.0,1,1021.1,1016.6,45,24140.0,4.8,16.2,tokyo,2026-03-01T02:52:06.855655
2026-03-01T19:00,6.5,73,2.1,4.0,0,0.0,0.0,0.0,0.0,0.0,2,1021.6,1017.1,61,24140.0,5.5,20.9,tokyo,2026-03-01T02:52:06.855655
2026-03-01T20:00,6.1,78,2.6,3.7,0,0.0,0.0,0.0,0.0,0.0,2,1022.1,1017.6,77,24140.0,5.2,20.9,tokyo,2026-03-01T02:52:06.855655
2026-03-01T21:00,5.8,80,2.7,3.3,0,0.0,0.0,0.0,0.0,0.0,3,1022.5,1018.0,84,19280.0,5.9,19.8,tokyo,2026-03-01T02:52:06.855655
2026-03-01T22:00,5.6,75,1.6,2.9,0,0.0,0.0,0.0,0.0,0.0,3,1023.3,1018.8,89,24140.0,6.3,22.0,tokyo,2026-03-01T02:52:06.855655
2026-03-01T23:00,6.0,68,0.5,3.2,0,0.0,0.0,0.0,0.0,0.0,3,1023.5,1019.0,81,23760.0,5.2,27.4,tokyo,2026-03-01T02:52:06.855655
2026-03-01T00:00,4.0,95,3.3,0.4,0,0.0,0.0,0.0,0.0,0.11,3,1016.7,1014.8,86,38560.0,14.0,24.5,riga,2026-03-01T02:52:09.298001
2026-03-01T01:00,4.3,95,3.6,0.9,0,0.0,0.0,0.0,0.0,0.11,3,1016.9,1015.0,100,38540.0,13.0,24.5,riga,2026-03-01T02:52:09.298001
2026-03-01T02:00,4.5,96,4.0,1.5,0,0.0,0.0,0.0,0.0,0.11,3,1016.6,1014.7,100,28740.0,11.2,22.7,riga,2026-03-01T02:52:09.298001
2026-03-01T03:00,4.3,98,4.0,1.5,0,0.0,0.0,0.0,0.0,0.11,3,1016.4,1014.5,100,38500.0,9.4,19.1,riga,2026-03-01T02:52:09.298001
2026-03-01T04:00,4.3,99,4.1,1.5,0,0.0,0.0,0.0,0.0,0.1,3,1016.4,1014.5,100,28920.0,9.7,17.6,riga,2026-03-01T02:52:09.298001
2026-03-01T05:00,4.2,98,3.9,1.1,0,0.0,0.0,0.0,0.0,0.1,3,1016.3,1014.4,100,28900.0,11.5,19.8,riga,2026-03-01T02:52:09.298001
2026-03-01T06:00,4.0,98,3.7,0.9,0,0.0,0.0,0.0,0.0,0.1,3,1016.4,1014.5,100,28880.0,11.2,20.2,riga,2026-03-01T02:52:09.298001
2026-03-01T07:00,3.7,98,3.4,0.4,6,0.0,0.0,0.0,0.0,0.1,3,1016.3,1014.4,100,38420.0,11.9,21.2,riga,2026-03-01T02:52:09.298001
2026-03-01T08:00,3.9,98,3.6,0.5,15,0.0,0.0,0.0,0.0,0.1,3,1016.0,1014.1,100,43040.0,13.0,22.3,riga,2026-03-01T02:52:09.298001
2026-03-01T09:00,4.2,98,3.9,1.0,25,0.0,0.0,0.0,0.0,0.09,3,1015.6,1013.7,100,46220.0,12.2,22.7,riga,2026-03-01T02:52:09.298001
2026-03-01T10:00,5.2,97,4.8,2.2,40,0.0,0.0,0.0,0.0,0.09,3,1015.1,1013.2,100,46200.0,11.9,21.6,riga,2026-03-01T02:52:09.298001
2026-03-01T11:00,5.6,98,5.3,2.7,56,0.0,0.0,0.0,0.0,0.09,3,1015.3,1013.4,100,25000.0,11.9,25.9,riga,2026-03-01T02:52:09.298001
2026-03-01T12:00,5.5,98,5.2,2.5,61,0.0,0.0,0.0,0.0,0.08,3,1014.8,1012.9,100,49260.0,12.6,22.3,riga,2026-03-01T02:52:09.298001
2026-03-01T13:00,5.8,98,5.5,2.5,46,0.0,0.0,0.0,0.0,0.07,3,1015.1,1013.2,100,50860.0,14.8,28.4,riga,2026-03-01T02:52:09.298001
2026-03-01T14:00,6.1,97,5.6,2.8,19,0.0,0.0,0.0,0.0,0.07,3,1015.3,1013.4,100,46100.0,15.1,26.6,riga,2026-03-01T02:52:09.298001
2026-03-01T15:00,6.0,91,4.7,2.8,0,0.0,0.0,0.0,0.0,0.06,3,1015.6,1013.7,100,42880.0,13.7,26.6,riga,2026-03-01T02:52:09.298001
2026-03-01T16:00,5.3,90,3.8,1.6,0,0.0,0.0,0.0,0.0,0.06,3,1016.0,1014.1,100,30900.0,15.5,27.4,riga,2026-03-01T02:52:09.298001
2026-03-01T17:00,4.3,91,3.0,0.5,0,0.0,0.0,0.0,0.0,0.06,3,1016.3,1014.4,100,21820.0,15.1,28.4,riga,2026-03-01T02:52:09.298001
2026-03-01T18:00,3.8,90,2.3,-0.2,0,0.0,0.0,0.0,0.0,0.06,3,1016.7,1014.8,100,17700.0,15.8,28.4,riga,2026-03-01T02:52:09.298001
2026-03-01T19:00,3.3,91,2.0,-0.5,0,0.0,0.0,0.0,0.0,0.05,3,1016.8,1014.9,100,17520.0,13.7,27.7,riga,2026-03-01T02:52:09.298001
2026-03-01T20:00,2.9,92,1.8,-1.1,0,0.0,0.0,0.0,0.0,0.05,3,1016.8,1014.9,100,13100.0,15.1,27.0,riga,2026-03-01T02:52:09.298001
2026-03-01T21:00,2.8,92,1.7,-1.3,0,0.0,0.0,0.0,0.0,0.05,3,1016.7,1014.8,100,14440.0,15.5,27.7,riga,2026-03-01T02:52:09.298001
2026-03-01T22:00,3.0,91,1.7,-1.2,0,0.0,0.0,0.0,0.0,0.05,3,1016.9,1015.0,100,42720.0,15.8,28.1,riga,2026-03-01T02:52:09.298001
2026-03-01T23:00,2.9,91,1.6,-1.3,0,0.0,0.0,0.0,0.0,0.05,3,1017.0,1015.1,99,42700.0,16.2,28.4,riga,2026-03-01T02:52:09.298001
2026-03-01T00:00,11.3,56,2.8,8.4,3,0.0,0.0,0.0,0.0,0.0,1,1018.5,1015.1,10,41200.0,8.5,13.7,beirut,2026-03-01T02:52:11.744042
2026-03-01T01:00,11.2,54,2.2,8.3,0,0.0,0.0,0.0,0.0,0.0,1,1017.7,1014.3,20,41400.0,8.0,13.3,beirut,2026-03-01T02:52:11.744042
2026-03-01T02:00,11.1,53,1.9,8.2,5,0.0,0.0,0.0,0.0,0.0,1,1018.1,1014.7,14,41600.0,7.7,12.2,beirut,2026-03-01T02:52:11.744042
2026-03-01T03:00,11.1,54,2.1,8.2,8,0.0,0.0,0.0,0.0,0.0,1,1018.3,1014.9,31,41500.0,7.6,12.2,beirut,2026-03-01T02:52:11.744042
2026-03-01T04:00,11.1,54,2.2,8.3,8,0.0,0.0,0.0,0.0,0.0,1,1019.2,1015.8,27,41540.0,7.6,12.2,beirut,2026-03-01T02:52:11.744042
2026-03-01T05:00,11.4,53,2.2,8.6,3,0.0,0.0,0.0,0.0,0.0,1,1019.5,1016.1,31,41640.0,7.4,12.2,beirut,2026-03-01T02:52:11.744042
2026-03-01T06:00,12.9,41,-0.0,10.0,13,0.0,0.0,0.0,0.0,0.0,1,1020.0,1016.6,25,43900.0,5.6,12.2,beirut,2026-03-01T02:52:11.744042
2026-03-01T07:00,14.0,36,-0.8,11.5,8,0.0,0.0,0.0,0.0,0.0,2,1019.9,1016.5,57,45520.0,2.2,9.7,beirut,2026-03-01T02:52:11.744042
2026-03-01T08:00,14.7,42,2.0,12.0,8,0.0,0.0,0.0,0.0,0.0,2,1020.1,1016.7,64,42980.0,6.7,13.7,beirut,2026-03-01T02:52:11.744042
2026-03-01T09:00,15.1,46,3.6,12.2,5,0.0,0.0,0.0,0.0,0.0,1,1020.0,1016.6,43,41900.0,13.7,23.0,beirut,2026-03-01T02:52:11.744042
2026-03-01T10:00,15.0,49,4.4,11.9,10,0.0,0.0,0.0,0.0,0.0,2,1019.7,1016.3,51,41580.0,17.2,28.8,beirut,2026-03-01T02:52:11.744042
2026-03-01T11:00,15.2,47,4.0,11.9,0,0.0,0.0,0.0,0.0,0.0,2,1019.3,1015.9,47,41680.0,16.7,28.4,beirut,2026-03-01T02:52:11.744042
2026-03-01T12:00,15.3,47,4.0,12.0,0,0.0,0.0,0.0,0.0,0.0,1,1019.2,1015.8,34,41720.0,15.5,27.7,beirut,2026-03-01T02:52:11.744042
2026-03-01T13:00,15.1,50,4.8,11.5,0,0.0,0.0,0.0,0.0,0.0,1,1019.0,1015.6,28,41360.0,16.6,27.4,beirut,2026-03-01T02:52:11.744042
2026-03-01T14:00,15.0,44,2.8,11.0,0,0.0,0.0,0.0,0.0,0.0,1,1018.9,1015.5,19,42400.0,16.3,27.7,beirut,2026-03-01T02:52:11.744042
2026-03-01T15:00,14.5,46,3.1,10.6,0,0.0,0.0,0.0,0.0,0.0,1,1019.1,1015.7,9,42180.0,16.4,27.4,beirut,2026-03-01T02:52:11.744042
2026-03-01T16:00,14.1,53,4.7,10.5,3,0.0,0.0,0.0,0.0,0.0,0,1019.7,1016.3,0,41280.0,16.5,27.7,beirut,2026-03-01T02:52:11.744042
2026-03-01T17:00,13.8,56,5.2,10.8,0,0.0,0.0,0.0,0.0,0.0,0,1020.1,1016.7,0,40900.0,12.6,26.3,beirut,2026-03-01T02:52:11.744042
2026-03-01T18:00,13.3,61,5.9,11.1,3,0.0,0.0,0.0,0.0,0.0,1,1020.0,1016.6,6,40380.0,7.9,20.5,beirut,2026-03-01T02:52:11.744042
2026-03-01T19:00,12.9,59,5.1,10.7,0,0.0,0.0,0.0,0.0,0.0,1,1019.8,1016.4,17,40720.0,6.6,14.4,beirut,2026-03-01T02:52:11.744042
2026-03-01T20:00,12.3,63,5.5,10.3,0,0.0,0.0,0.0,0.0,0.0,1,1019.5,1016.1,11,40120.0,6.4,10.1,beirut,2026-03-01T02:52:11.744042
2026-03-01T21:00,12.0,66,5.8,10.1,0,0.0,0.0,0.0,0.0,0.0,1,1019.4,1016.0,7,39700.0,5.8,8.6,beirut,2026-03-01T02:52:11.744042
2026-03-01T22:00,11.9,68,6.2,10.2,0,0.0,0.0,0.0,0.0,0.0,0,1019.4,1016.0,5,39340.0,5.0,7.9,beirut,2026-03-01T02:52:11.744042
2026-03-01T23:00,11.7,69,6.2,10.0,5,0.0,0.0,0.0,0.0,0.0,1,1019.6,1016.2,11,39120.0,5.6,7.6,beirut,2026-03-01T02:52:11.744042
2026-03-01T00:00,14.1,77,10.2,13.3,0,0.0,0.0,0.0,0.0,0.0,1,1022.2,1020.4,9,34420.0,6.1,15.8,tripoli,2026-03-01T02:53:29.545411
2026-03-01T01:00,13.8,73,9.0,12.7,0,0.0,0.0,0.0,0.0,0.0,0,1021.6,1019.8,0,36740.0,5.6,13.0,tripoli,2026-03-01T02:53:29.545411
2026-03-01T02:00,13.4,72,8.5,12.2,0,0.0,0.0,0.0,0.0,0.0,1,1021.5,1019.7,8,37320.0,5.8,11.5,tripoli,2026-03-01T02:53:29.545411
2026-03-01T03:00,13.1,72,8.2,11.8,0,0.0,0.0,0.0,0.0,0.0,1,1021.6,1019.8,31,36880.0,5.5,11.9,tripoli,2026-03-01T02:53:29.545411
2026-03-01T04:00,12.8,73,8.1,11.7,0,0.0,0.0,0.0,0.0,0.0,1,1022.1,1020.3,18,36520.0,4.4,11.5,tripoli,2026-03-01T02:53:29.545411
2026-03-01T05:00,12.5,74,8.0,11.3,0,0.0,0.0,0.0,0.0,0.0,1,1022.3,1020.5,18,36820.0,4.4,9.4,tripoli,2026-03-01T02:53:29.545411
2026-03-01T06:00,12.2,75,7.9,11.1,0,0.0,0.0,0.0,0.0,0.0,1,1022.9,1021.1,22,36100.0,3.8,8.6,tripoli,2026-03-01T02:53:29.545411
2026-03-01T07:00,13.2,70,7.9,12.3,0,0.0,0.0,0.0,0.0,0.0,0,1023.3,1021.5,0,37860.0,3.1,7.6,tripoli,2026-03-01T02:53:29.545411
2026-03-01T08:00,16.0,53,6.5,14.7,0,0.0,0.0,0.0,0.0,0.0,0,1023.7,1021.9,0,40880.0,3.1,9.0,tripoli,2026-03-01T02:53:29.545411
2026-03-01T09:00,19.0,41,5.4,17.3,0,0.0,0.0,0.0,0.0,0.0,0,1023.7,1021.9,0,42180.0,3.3,11.9,tripoli,2026-03-01T02:53:29.545411
2026-03-01T10:00,21.1,34,4.7,20.3,0,0.0,0.0,0.0,0.0,0.0,0,1023.7,1021.9,0,43580.0,2.6,10.8,tripoli,2026-03-01T02:53:29.545411
2026-03-01T11:00,22.0,35,5.8,21.1,0,0.0,0.0,0.0,0.0,0.0,0,1023.4,1021.6,0,43300.0,7.9,20.9,tripoli,2026-03-01T02:53:29.545411
2026-03-01T12:00,21.5,41,7.7,20.6,0,0.0,0.0,0.0,0.0,0.0,0,1022.9,1021.1,0,41560.0,11.5,28.8,tripoli,2026-03-01T02:53:29.545411
2026-03-01T13:00,21.1,43,8.1,19.7,0,0.0,0.0,0.0,0.0,0.0,0,1022.4,1020.6,0,42340.0,14.0,33.8,tripoli,2026-03-01T02:53:29.545411
2026-03-01T14:00,20.5,51,10.0,18.5,0,0.0,0.0,0.0,0.0,0.0,0,1022.1,1020.3,0,40440.0,16.5,39.2,tripoli,2026-03-01T02:53:29.545411
2026-03-01T15:00,19.5,55,10.3,17.1,0,0.0,0.0,0.0,0.0,0.0,0,1022.3,1020.5,0,40200.0,17.7,41.8,tripoli,2026-03-01T02:53:29.545411
2026-03-01T16:00,18.1,64,11.2,16.0,0,0.0,0.0,0.0,0.0,0.0,0,1022.2,1020.4,0,38660.0,17.6,41.8,tripoli,2026-03-01T02:53:29.545411
2026-03-01T17:00,17.0,69,11.2,14.9,0,0.0,0.0,0.0,0.0,0.0,0,1022.8,1021.0,7,37360.0,16.7,41.0,tripoli,2026-03-01T02:53:29.545411
2026-03-01T18:00,16.5,72,11.4,14.5,0,0.0,0.0,0.0,0.0,0.0,1,1023.3,1021.5,24,36580.0,16.2,37.8,tripoli,2026-03-01T02:53:29.545411
2026-03-01T19:00,16.2,70,10.8,14.2,0,0.0,0.0,0.0,0.0,0.0,0,1023.9,1022.1,3,37380.0,15.9,37.1,tripoli,2026-03-01T02:53:29.545411
2026-03-01T20:00,15.9,67,9.8,13.7,0,0.0,0.0,0.0,0.0,0.0,0,1024.0,1022.2,0,38600.0,15.2,36.4,tripoli,2026-03-01T02:53:29.545411
2026-03-01T21:00,15.4,66,9.1,13.3,0,0.0,0.0,0.0,0.0,0.0,0,1023.9,1022.1,0,39000.0,13.3,34.2,tripoli,2026-03-01T02:53:29.545411
2026-03-01T22:00,15.0,65,8.5,12.9,0,0.0,0.0,0.0,0.0,0.0,0,1023.9,1022.1,0,39120.0,11.4,30.2,tripoli,2026-03-01T02:53:29.545411
2026-03-01T23:00,14.4,62,7.3,12.2,0,0.0,0.0,0.0,0.0,0.0,0,1023.9,1022.1,0,39720.0,10.7,25.9,tripoli,2026-03-01T02:53:29.545411
2026-03-01T00:00,4.2,91,2.9,2.5,0,0.0,0.0,0.0,0.0,0.0,0,1025.8,987.2,0,7720.0,0.0,0.7,luxembourg,2026-03-01T02:54:07.161003
2026-03-01T01:00,3.8,89,2.1,2.0,0,0.0,0.0,0.0,0.0,0.0,0,1025.9,987.2,0,8720.0,0.4,2.5,luxembourg,2026-03-01T02:54:07.161003
2026-03-01T02:00,3.4,91,2.1,0.8,0,0.0,0.0,0.0,0.0,0.0,0,1025.9,987.2,1,7860.0,5.4,7.9,luxembourg,2026-03-01T02:54:07.161003
2026-03-01T03:00,3.1,92,1.9,0.7,0,0.0,0.0,0.0,0.0,0.0,0,1026.0,987.2,0,6920.0,4.0,7.6,luxembourg,2026-03-01T02:54:07.161003
2026-03-01T04:00,2.8,93,1.8,0.2,0,0.0,0.0,0.0,0.0,0.0,0,1025.8,987.0,0,6440.0,5.4,7.9,luxembourg,2026-03-01T02:54:07.161003
2026-03-01T05:00,2.6,93,1.6,-0.1,0,0.0,0.0,0.0,0.0,0.0,0,1025.8,987.0,0,50000.0,5.8,8.6,luxembourg,2026-03-01T02:54:07.161003
2026-03-01T06:00,2.5,93,1.5,-0.3,0,0.0,0.0,0.0,0.0,0.0,0,1026.0,987.2,0,50000.0,6.8,11.5,luxembourg,2026-03-01T02:54:07.161003
2026-03-01T07:00,2.8,93,1.8,0.0,0,0.0,0.0,0.0,0.0,0.0,0,1026.2,987.4,0,6300.0,6.5,11.5,luxembourg,2026-03-01T02:54:07.161003
2026-03-01T08:00,4.4,91,3.1,2.0,0,0.0,0.0,0.0,0.0,0.0,0,1026.4,987.9,1,50000.0,6.1,12.6,luxembourg,2026-03-01T02:54:07.161003
2026-03-01T09:00,6.1,86,3.9,3.6,0,0.0,0.0,0.0,0.0,0.0,0,1026.4,988.2,0,50000.0,7.6,15.8,luxembourg,2026-03-01T02:54:07.161003
2026-03-01T10:00,8.3,82,5.4,6.0,0,0.0,0.0,0.0,0.0,0.0,2,1026.0,988.1,72,50000.0,8.3,18.4,luxembourg,2026-03-01T02:54:07.161003
2026-03-01T11:00,9.9,67,4.1,6.4,0,0.0,0.0,0.0,0.0,0.0,0,1025.6,988.0,5,20160.0,14.8,30.6,luxembourg,2026-03-01T02:54:07.161003
2026-03-01T12:00,10.9,59,3.2,7.5,0,0.0,0.0,0.0,0.0,0.0,1,1025.0,987.5,25,50000.0,13.0,31.3,luxembourg,2026-03-01T02:54:07.161003
2026-03-01T13:00,11.4,57,3.2,8.0,0,0.0,0.0,0.0,0.0,0.0,2,1024.3,986.9,63,25000.0,13.0,27.7,luxembourg,2026-03-01T02:54:07.161003
2026-03-01T14:00,11.6,57,3.4,8.1,0,0.0,0.0,0.0,0.0,0.0,0,1023.8,986.4,6,50000.0,13.7,29.2,luxembourg,2026-03-01T02:54:07.161003
2026-03-01T15:00,11.7,58,3.7,8.4,0,0.0,0.0,0.0,0.0,0.0,1,1023.4,986.0,23,50000.0,12.2,28.4,luxembourg,2026-03-01T02:54:07.161003
2026-03-01T16:00,11.3,60,3.8,8.1,0,0.0,0.0,0.0,0.0,0.0,0,1023.2,985.7,5,50000.0,11.9,25.9,luxembourg,2026-03-01T02:54:07.161003
2026-03-01T17:00,10.2,67,4.4,7.5,0,0.0,0.0,0.0,0.0,0.0,3,1023.2,985.4,86,50000.0,9.7,23.8,luxembourg,2026-03-01T02:54:07.161003
2026-03-01T18:00,8.7,72,4.0,6.4,0,0.0,0.0,0.0,0.0,0.0,1,1023.4,985.3,27,17400.0,6.1,17.3,luxembourg,2026-03-01T02:54:07.161003
2026-03-01T19:00,7.6,77,3.9,5.4,0,0.0,0.0,0.0,0.0,0.0,3,1023.3,985.1,87,15260.0,5.4,8.6,luxembourg,2026-03-01T02:54:07.161003
2026-03-01T20:00,6.9,80,3.7,4.7,0,0.0,0.0,0.0,0.0,0.0,3,1023.1,984.9,97,50000.0,4.7,7.6,luxembourg,2026-03-01T02:54:07.161003
2026-03-01T21:00,6.3,82,3.4,4.2,0,0.0,0.0,0.0,0.0,0.0,2,1023.3,985.0,67,50000.0,3.6,6.5,luxembourg,2026-03-01T02:54:07.161003
2026-03-01T22:00,5.8,83,3.2,3.8,0,0.0,0.0,0.0,0.0,0.0,3,1023.3,984.9,82,12280.0,2.9,5.4,luxembourg,2026-03-01T02:54:07.161003
2026-03-01T23:00,5.6,83,3.0,3.0,0,0.0,0.0,0.0,0.0,0.0,3,1023.1,984.6,100,12080.0,6.8,10.1,luxembourg,2026-03-01T02:54:07.161003
2026-03-01T00:00,24.8,95,23.9,30.7,0,0.0,0.0,0.0,0.0,0.0,0,1008.5,1004.0,5,24140.0,1.1,2.2,kuala_lumpur,2026-03-01T02:54:09.604911
2026-03-01T01:00,27.4,84,24.5,33.7,0,0.0,0.0,0.0,0.0,0.0,1,1009.1,1004.6,32,24140.0,0.8,2.9,kuala_lumpur,2026-03-01T02:54:09.604911
2026-03-01T02:00,29.3,74,24.2,35.2,0,0.0,0.0,0.0,0.0,0.0,2,1009.9,1005.5,54,24140.0,2.1,6.8,kuala_lumpur,2026-03-01T02:54:09.604911
2026-03-01T03:00,30.9,66,23.8,36.7,0,0.0,0.0,0.0,0.0,0.0,3,1009.7,1005.3,100,24140.0,4.6,11.2,kuala_lumpur,2026-03-01T02:54:09.604911
2026-03-01T04:00,32.5,57,22.9,38.4,8,0.0,0.0,0.0,0.0,0.0,3,1009.0,1004.6,100,24140.0,6.4,14.8,kuala_lumpur,2026-03-01T02:54:09.604911
2026-03-01T05:00,33.7,52,22.5,39.5,15,0.0,0.0,0.0,0.0,0.0,2,1007.8,1003.4,69,24140.0,7.9,17.3,kuala_lumpur,2026-03-01T02:54:09.604911
2026-03-01T06:00,34.6,48,22.0,39.7,18,0.0,0.0,0.0,0.0,0.0,3,1006.5,1002.2,92,24140.0,9.8,20.2,kuala_lumpur,2026-03-01T02:54:09.604911
2026-03-01T07:00,34.2,50,22.3,38.6,28,0.0,0.0,0.0,0.0,0.0,3,1005.4,1001.1,97,24140.0,14.3,27.7,kuala_lumpur,2026-03-01T02:54:09.604911
2026-03-01T08:00,32.7,59,23.7,36.6,30,0.0,0.0,0.0,0.0,0.0,2,1004.9,1000.5,67,24140.0,16.9,32.4,kuala_lumpur,2026-03-01T02:54:09.604911
2026-03-01T09:00,32.8,58,23.5,36.3,60,0.0,0.0,0.0,0.0,0.0,2,1004.7,1000.3,64,16440.0,16.6,32.4,kuala_lumpur,2026-03-01T02:54:09.604911
2026-03-01T10:00,32.0,60,23.3,35.6,63,0.0,0.0,0.0,0.0,0.0,3,1005.6,1001.2,100,19880.0,14.1,31.3,kuala_lumpur,2026-03-01T02:54:09.604911
2026-03-01T11:00,30.8,65,23.5,35.0,45,0.0,0.0,0.0,0.0,0.0,3,1006.5,1002.1,99,20160.0,11.2,26.3,kuala_lumpur,2026-03-01T02:54:09.604911
2026-03-01T12:00,29.5,72,24.0,34.5,15,0.0,0.0,0.0,0.0,0.0,3,1007.4,1003.0,88,21300.0,7.4,20.9,kuala_lumpur,2026-03-01T02:54:09.604911
2026-03-01T13:00,28.7,78,24.5,34.4,15,0.0,0.0,0.0,0.0,0.0,3,1008.1,1003.7,100,19840.0,5.1,13.7,kuala_lumpur,2026-03-01T02:54:09.604911
2026-03-01T14:00,28.2,81,24.7,34.1,13,0.0,0.0,0.0,0.0,0.0,3,1008.5,1004.1,100,24140.0,4.6,9.4,kuala_lumpur,2026-03-01T02:54:09.604911
2026-03-01T15:00,27.8,84,24.9,34.0,15,0.0,0.0,0.0,0.0,0.0,3,1009.1,1004.6,100,19060.0,3.6,8.3,kuala_lumpur,2026-03-01T02:54:09.604911
2026-03-01T16:00,27.5,85,24.8,33.5,15,0.0,0.0,0.0,0.0,0.0,3,1009.4,1004.9,100,24140.0,4.2,7.9,kuala_lumpur,2026-03-01T02:54:09.604911
2026-03-01T17:00,27.3,84,24.4,33.1,28,0.0,0.0,0.0,0.0,0.0,3,1009.3,1004.8,100,12580.0,3.9,8.3,kuala_lumpur,2026-03-01T02:54:09.604911
2026-03-01T18:00,26.9,85,24.2,32.7,28,0.0,0.0,0.0,0.0,0.0,3,1008.9,1004.4,100,19360.0,3.3,7.2,kuala_lumpur,2026-03-01T02:54:09.604911
2026-03-01T19:00,26.5,86,24.0,32.3,33,0.0,0.0,0.0,0.0,0.0,3,1008.4,1003.9,100,24140.0,2.2,5.8,kuala_lumpur,2026-03-01T02:54:09.604911
2026-03-01T20:00,26.2,87,23.9,31.9,35,0.0,0.0,0.0,0.0,0.0,2,1008.4,1003.9,58,17460.0,2.1,4.0,kuala_lumpur,2026-03-01T02:54:09.604911
2026-03-01T21:00,25.6,90,23.8,31.3,25,0.0,0.0,0.0,0.0,0.0,3,1008.3,1003.8,100,24140.0,1.9,3.6,kuala_lumpur,2026-03-01T02:54:09.604911
2026-03-01T22:00,25.1,93,23.9,31.1,25,0.0,0.0,0.0,0.0,0.0,2,1008.5,1004.0,63,24140.0,1.0,3.2,kuala_lumpur,2026-03-01T02:54:09.604911
2026-03-01T23:00,24.8,94,23.8,30.7,23,0.0,0.0,0.0,0.0,0.0,2,1009.2,1004.7,54,24140.0,1.1,2.5,kuala_lumpur,2026-03-01T02:54:09.604911
2026-03-01T00:00,11.9,98,11.6,12.1,0,0.0,0.0,0.0,0.0,0.0,45,1024.2,1017.5,65,10600.0,1.9,3.6,valletta,2026-03-01T02:54:47.211040
2026-03-01T01:00,11.9,97,11.4,12.0,0,0.0,0.0,0.0,0.0,0.0,45,1023.8,1017.1,58,10840.0,2.6,3.6,valletta,2026-03-01T02:54:47.211040
2026-03-01T02:00,11.9,96,11.3,11.8,0,0.0,0.0,0.0,0.0,0.0,2,1023.7,1017.0,52,11240.0,3.2,4.3,valletta,2026-03-01T02:54:47.211040
2026-03-01T03:00,11.9,96,11.2,11.8,0,0.0,0.0,0.0,0.0,0.0,2,1024.1,1017.4,47,15500.0,3.1,5.0,valletta,2026-03-01T02:54:47.211040
2026-03-01T04:00,11.8,95,11.0,11.6,0,0.0,0.0,0.0,0.0,0.0,2,1024.6,1017.9,61,17260.0,2.9,4.7,valletta,2026-03-01T02:54:47.211040
2026-03-01T05:00,11.7,94,10.8,11.6,0,0.0,0.0,0.0,0.0,0.0,2,1024.9,1018.2,49,19860.0,2.3,4.7,valletta,2026-03-01T02:54:47.211040
2026-03-01T06:00,11.6,94,10.7,11.5,0,0.0,0.0,0.0,0.0,0.0,2,1025.2,1018.5,52,18800.0,1.8,3.6,valletta,2026-03-01T02:54:47.211040
2026-03-01T07:00,12.9,93,11.7,13.2,0,0.0,0.0,0.0,0.0,0.0,2,1025.4,1018.7,57,20560.0,1.3,2.9,valletta,2026-03-01T02:54:47.211040
2026-03-01T08:00,15.4,78,11.6,15.3,0,0.0,0.0,0.0,0.0,0.0,2,1025.8,1019.1,48,30940.0,3.8,11.5,valletta,2026-03-01T02:54:47.211040
2026-03-01T09:00,16.6,68,10.7,15.9,0,0.0,0.0,0.0,0.0,0.0,2,1026.0,1019.4,45,36880.0,6.4,17.6,valletta,2026-03-01T02:54:47.211040
2026-03-01T10:00,17.3,66,10.9,16.7,0,0.0,0.0,0.0,0.0,0.0,2,1026.2,1019.6,49,37400.0,7.4,20.5,valletta,2026-03-01T02:54:47.211040
2026-03-01T11:00,17.7,63,10.6,17.5,0,0.0,0.0,0.0,0.0,0.0,2,1026.1,1019.5,48,38220.0,7.2,20.9,valletta,2026-03-01T02:54:47.211040
2026-03-01T12:00,17.9,60,10.0,17.4,0,0.0,0.0,0.0,0.0,0.0,2,1025.8,1019.2,50,38880.0,7.6,20.5,valletta,2026-03-01T02:54:47.211040
2026-03-01T13:00,17.7,61,10.1,16.7,0,0.0,0.0,0.0,0.0,0.0,1,1025.3,1018.7,38,38940.0,9.0,23.8,valletta,2026-03-01T02:54:47.211040
2026-03-01T14:00,17.4,61,9.8,15.9,0,0.0,0.0,0.0,0.0,0.0,1,1025.2,1018.6,29,39060.0,9.4,24.1,valletta,2026-03-01T02:54:47.211040
2026-03-01T15:00,16.8,67,10.6,15.5,0,0.0,0.0,0.0,0.0,0.0,1,1025.2,1018.6,31,37800.0,9.6,24.8,valletta,2026-03-01T02:54:47.211040
2026-03-01T16:00,16.0,71,10.7,15.1,0,0.0,0.0,0.0,0.0,0.0,1,1025.3,1018.7,24,35980.0,7.7,24.1,valletta,2026-03-01T02:54:47.211040
2026-03-01T17:00,14.8,82,11.8,14.6,0,0.0,0.0,0.0,0.0,0.0,0,1025.7,1019.0,2,31100.0,5.3,19.4,valletta,2026-03-01T02:54:47.211040
2026-03-01T18:00,13.7,89,11.9,13.8,0,0.0,0.0,0.0,0.0,0.0,0,1026.1,1019.4,0,24440.0,3.1,12.2,valletta,2026-03-01T02:54:47.211040
2026-03-01T19:00,13.1,91,11.7,13.2,0,0.0,0.0,0.0,0.0,0.0,1,1026.3,1019.6,8,21500.0,3.4,7.9,valletta,2026-03-01T02:54:47.211040
2026-03-01T20:00,12.9,90,11.3,12.8,0,0.0,0.0,0.0,0.0,0.0,1,1026.4,1019.7,24,22480.0,3.7,7.9,valletta,2026-03-01T02:54:47.211040
2026-03-01T21:00,12.8,91,11.3,12.6,0,0.0,0.0,0.0,0.0,0.0,2,1026.3,1019.6,43,21900.0,4.1,8.6,valletta,2026-03-01T02:54:47.211040
2026-03-01T22:00,12.6,92,11.4,12.6,0,0.0,0.0,0.0,0.0,0.0,2,1026.4,1019.7,40,19960.0,3.6,9.4,valletta,2026-03-01T02:54:47.211040
2026-03-01T23:00,12.6,92,11.3,12.5,0,0.0,0.0,0.0,0.0,0.0,1,1026.5,1019.8,33,21000.0,3.3,9.0,valletta,2026-03-01T02:54:47.211040
2026-03-01T00:00,22.3,19,-2.4,17.5,0,0.0,0.0,0.0,0.0,0.0,1,1011.3,786.3,32,24140.0,16.2,41.8,mexico_city,2026-03-01T02:55:24.832730
2026-03-01T01:00,20.6,25,-0.1,16.3,0,0.0,0.0,0.0,0.0,0.0,1,1012.7,786.2,33,24140.0,14.9,40.3,mexico_city,2026-03-01T02:55:24.832730
2026-03-01T02:00,18.8,27,-0.6,15.3,3,0.0,0.0,0.0,0.0,0.0,1,1014.8,786.7,16,24140.0,8.9,36.7,mexico_city,2026-03-01T02:55:24.832730
2026-03-01T03:00,17.4,32,0.5,14.8,0,0.0,0.0,0.0,0.0,0.0,2,1016.4,786.9,78,24140.0,3.9,20.9,mexico_city,2026-03-01T02:55:24.832730
2026-03-01T04:00,15.5,38,1.2,12.7,0,0.0,0.0,0.0,0.0,0.0,2,1017.0,786.1,81,24140.0,5.4,12.6,mexico_city,2026-03-01T02:55:24.832730
2026-03-01T05:00,13.9,41,0.9,11.0,0,0.0,0.0,0.0,0.0,0.0,1,1017.2,785.2,30,24140.0,6.2,15.1,mexico_city,2026-03-01T02:55:24.832730
2026-03-01T06:00,13.3,43,0.9,10.6,0,0.0,0.0,0.0,0.0,0.0,1,1017.2,784.7,26,24140.0,4.7,14.4,mexico_city,2026-03-01T02:55:24.832730
2026-03-01T07:00,12.4,45,0.8,9.7,0,0.0,0.0,0.0,0.0,0.0,0,1017.6,784.4,0,24140.0,4.7,10.4,mexico_city,2026-03-01T02:55:24.832730
2026-03-01T08:00,11.5,46,0.3,8.7,0,0.0,0.0,0.0,0.0,0.0,0,1017.3,783.6,0,24140.0,4.7,10.4,mexico_city,2026-03-01T02:55:24.832730
2026-03-01T09:00,10.8,47,-0.1,8.0,0,0.0,0.0,0.0,0.0,0.0,0,1017.0,782.9,0,24140.0,4.7,10.1,mexico_city,2026-03-01T02:55:24.832730
2026-03-01T10:00,10.0,49,-0.3,7.1,0,0.0,0.0,0.0,0.0,0.0,0,1016.8,782.1,0,24140.0,4.5,10.1,mexico_city,2026-03-01T02:55:24.832730
2026-03-01T11:00,9.3,51,-0.4,6.6,0,0.0,0.0,0.0,0.0,0.0,0,1017.4,782.1,0,24140.0,3.7,9.4,mexico_city,2026-03-01T02:55:24.832730
2026-03-01T12:00,8.8,52,-0.5,6.1,0,0.0,0.0,0.0,0.0,0.0,0,1018.1,782.3,0,24140.0,3.8,7.6,mexico_city,2026-03-01T02:55:24.832730
2026-03-01T13:00,8.3,53,-0.7,5.5,0,0.0,0.0,0.0,0.0,0.0,0,1019.0,782.6,0,24140.0,4.3,8.3,mexico_city,2026-03-01T02:55:24.832730
2026-03-01T14:00,8.9,52,-0.4,6.0,0,0.0,0.0,0.0,0.0,0.0,0,1019.6,783.5,0,24140.0,5.3,11.9,mexico_city,2026-03-01T02:55:24.832730
2026-03-01T15:00,13.3,42,0.6,11.1,0,0.0,0.0,0.0,0.0,0.0,0,1020.1,787.0,0,24140.0,0.8,11.9,mexico_city,2026-03-01T02:55:24.832730
2026-03-01T16:00,16.5,30,-1.1,13.8,0,0.0,0.0,0.0,0.0,0.0,0,1019.9,789.1,0,24140.0,5.4,16.6,mexico_city,2026-03-01T02:55:24.832730
2026-03-01T17:00,18.8,21,-4.0,16.3,0,0.0,0.0,0.0,0.0,0.0,0,1018.8,789.8,0,24140.0,9.4,26.6,mexico_city,2026-03-01T02:55:24.832730
2026-03-01T18:00,21.0,14,-7.5,18.7,0,0.0,0.0,0.0,0.0,0.0,0,1016.8,789.7,0,24140.0,11.2,31.0,mexico_city,2026-03-01T02:55:24.832730
2026-03-01T19:00,22.6,10,-10.6,20.2,0,0.0,0.0,0.0,0.0,0.0,0,1014.9,789.2,0,24140.0,12.0,33.8,mexico_city,2026-03-01T02:55:24.832730
2026-03-01T20:00,23.4,9,-11.3,20.6,0,0.0,0.0,0.0,0.0,0.0,0,1013.2,788.5,0,24140.0,13.5,37.1,mexico_city,2026-03-01T02:55:24.832730
2026-03-01T21:00,23.7,10,-9.7,20.4,0,0.0,0.0,0.0,0.0,0.0,0,1012.1,787.8,0,24140.0,13.9,37.8,mexico_city,2026-03-01T02:55:24.832730
2026-03-01T22:00,23.8,10,-9.7,19.7,0,0.0,0.0,0.0,0.0,0.0,0,1011.5,787.4,0,24140.0,12.9,37.4,mexico_city,2026-03-01T02:55:24.832730
2026-03-01T23:00,23.6,11,-8.6,18.8,3,0.0,0.0,0.0,0.0,0.0,0,1011.2,787.0,0,24140.0,11.6,34.2,mexico_city,2026-03-01T02:55:24.832730
2026-03-01T00:00,-1.3,93,-2.3,-4.3,0,0.0,0.0,0.0,0.0,0.0,1,1029.7,1018.1,43,9740.0,3.3,8.6,chisinau,2026-03-01T02:55:27.315020
2026-03-01T01:00,-1.5,94,-2.3,-4.4,0,0.0,0.0,0.0,0.0,0.0,1,1029.4,1017.8,16,8920.0,3.2,8.3,chisinau,2026-03-01T02:55:27.315020
2026-03-01T02:00,-1.7,94,-2.5,-4.6,0,0.0,0.0,0.0,0.0,0.0,1,1028.8,1017.2,17,8400.0,3.2,8.6,chisinau,2026-03-01T02:55:27.315020
2026-03-01T03:00,-1.9,94,-2.7,-4.9,0,0.0,0.0,0.0,0.0,0.0,1,1028.8,1017.2,27,8060.0,3.6,9.0,chisinau,2026-03-01T02:55:27.315020
2026-03-01T04:00,-2.0,94,-2.9,-5.1,0,0.0,0.0,0.0,0.0,0.0,1,1029.2,1017.6,32,7820.0,3.6,9.4,chisinau,2026-03-01T02:55:27.315020
2026-03-01T05:00,-2.1,93,-3.1,-5.2,0,0.0,0.0,0.0,0.0,0.0,1,1029.3,1017.7,24,8160.0,3.6,9.7,chisinau,2026-03-01T02:55:27.315020
2026-03-01T06:00,-1.7,92,-2.9,-4.8,0,0.0,0.0,0.0,0.0,0.0,1,1029.4,1017.8,22,9120.0,3.6,10.1,chisinau,2026-03-01T02:55:27.315020
2026-03-01T07:00,-0.1,86,-2.2,-3.1,0,0.0,0.0,0.0,0.0,0.0,2,1029.2,1017.7,81,12480.0,3.6,10.1,chisinau,2026-03-01T02:55:27.315020
2026-03-01T08:00,1.6,76,-2.2,-1.6,0,0.0,0.0,0.0,0.0,0.0,1,1029.1,1017.7,33,15820.0,5.2,14.4,chisinau,2026-03-01T02:55:27.315020
2026-03-01T09:00,3.0,71,-1.8,-0.5,0,0.0,0.0,0.0,0.0,0.0,3,1028.9,1017.5,95,18300.0,7.6,19.1,chisinau,2026-03-01T02:55:27.315020
2026-03-01T10:00,4.1,66,-1.7,0.4,0,0.0,0.0,0.0,0.0,0.0,3,1028.5,1017.2,92,21880.0,9.0,22.0,chisinau,2026-03-01T02:55:27.315020
2026-03-01T11:00,5.2,63,-1.3,1.6,0,0.0,0.0,0.0,0.0,0.0,3,1027.9,1016.6,88,25480.0,8.6,22.0,chisinau,2026-03-01T02:55:27.315020
2026-03-01T12:00,6.0,62,-0.7,2.6,0,0.0,0.0,0.0,0.0,0.0,2,1027.6,1016.4,71,30740.0,8.2,20.9,chisinau,2026-03-01T02:55:27.315020
2026-03-01T13:00,6.5,61,-0.5,3.1,0,0.0,0.0,0.0,0.0,0.0,2,1027.4,1016.2,69,39840.0,7.6,19.8,chisinau,2026-03-01T02:55:27.315020
2026-03-01T14:00,6.2,65,0.1,3.1,0,0.0,0.0,0.0,0.0,0.0,2,1026.9,1015.7,69,39260.0,6.8,18.7,chisinau,2026-03-01T02:55:27.315020
2026-03-01T15:00,5.0,72,0.3,2.1,0,0.0,0.0,0.0,0.0,0.0,2,1027.0,1015.7,52,37460.0,5.8,15.8,chisinau,2026-03-01T02:55:27.315020
2026-03-01T16:00,3.2,80,0.0,0.3,0,0.0,0.0,0.0,0.0,0.0,1,1027.3,1015.9,37,33300.0,5.1,13.0,chisinau,2026-03-01T02:55:27.315020
2026-03-01T17:00,2.1,86,-0.0,-0.7,0,0.0,0.0,0.0,0.0,0.0,1,1027.6,1016.2,15,29060.0,4.3,11.5,chisinau,2026-03-01T02:55:27.315020
2026-03-01T18:00,1.5,89,-0.1,-1.3,0,0.0,0.0,0.0,0.0,0.0,0,1027.5,1016.1,0,25200.0,4.3,10.4,chisinau,2026-03-01T02:55:27.315020
2026-03-01T19:00,1.1,91,-0.2,-1.7,0,0.0,0.0,0.0,0.0,0.0,0,1027.2,1015.8,0,22220.0,4.4,10.4,chisinau,2026-03-01T02:55:27.315020
2026-03-01T20:00,0.9,90,-0.5,-1.9,0,0.0,0.0,0.0,0.0,0.0,0,1026.9,1015.5,0,21960.0,4.1,10.1,chisinau,2026-03-01T02:55:27.315020
2026-03-01T21:00,0.8,89,-0.8,-2.1,0,0.0,0.0,0.0,0.0,0.0,0,1026.7,1015.3,0,21020.0,4.3,10.4,chisinau,2026-03-01T02:55:27.315020
2026-03-01T22:00,1.0,87,-1.0,-1.9,0,0.0,0.0,0.0,0.0,0.0,0,1026.6,1015.2,0,20360.0,4.2,10.8,chisinau,2026-03-01T02:55:27.315020
2026-03-01T23:00,0.8,87,-1.1,-2.0,0,0.0,0.0,0.0,0.0,0.0,1,1026.4,1015.0,10,18200.0,3.6,9.7,chisinau,2026-03-01T02:55:27.315020
2026-03-01T00:00,14.0,92,12.7,14.1,0,0.0,0.0,0.0,0.0,0.0,2,1019.5,1001.9,78,16220.0,5.5,17.6,casablanca,2026-03-01T02:56:45.086426
2026-03-01T01:00,13.8,94,12.8,13.9,0,0.0,0.0,0.0,0.0,0.0,3,1019.2,1001.5,100,14980.0,5.2,15.1,casablanca,2026-03-01T02:56:45.086426
2026-03-01T02:00,13.7,95,12.9,13.9,0,0.0,0.0,0.0,0.0,0.0,3,1018.1,1000.5,100,9280.0,4.9,16.9,casablanca,2026-03-01T02:56:45.086426
2026-03-01T03:00,13.8,93,12.7,14.0,0,0.0,0.0,0.0,0.0,0.0,3,1017.7,1000.1,100,16360.0,4.8,15.5,casablanca,2026-03-01T02:56:45.086426
2026-03-01T04:00,13.8,93,12.7,14.3,0,0.0,0.0,0.0,0.0,0.0,3,1017.5,999.9,100,17900.0,2.2,14.0,casablanca,2026-03-01T02:56:45.086426
2026-03-01T05:00,13.6,95,12.8,14.1,0,0.0,0.0,0.0,0.0,0.0,3,1017.4,999.8,100,14180.0,2.1,8.6,casablanca,2026-03-01T02:56:45.086426
2026-03-01T06:00,13.2,96,12.6,13.7,0,0.0,0.0,0.0,0.0,0.0,45,1017.6,999.9,100,10580.0,2.4,7.6,casablanca,2026-03-01T02:56:45.086426
2026-03-01T07:00,13.2,96,12.5,13.8,0,0.0,0.0,0.0,0.0,0.0,45,1017.1,999.4,100,12040.0,0.8,7.2,casablanca,2026-03-01T02:56:45.086426
2026-03-01T08:00,13.4,94,12.4,13.8,0,0.0,0.0,0.0,0.0,0.0,3,1017.5,999.9,100,12920.0,2.5,9.0,casablanca,2026-03-01T02:56:45.086426
2026-03-01T09:00,14.2,89,12.4,14.6,0,0.0,0.0,0.0,0.0,0.0,3,1017.7,1000.1,100,20000.0,2.2,9.0,casablanca,2026-03-01T02:56:45.086426
2026-03-01T10:00,15.2,81,12.0,15.2,0,0.0,0.0,0.0,0.0,0.0,3,1017.7,1000.2,100,27420.0,4.5,15.5,casablanca,2026-03-01T02:56:45.086426
2026-03-01T11:00,16.5,74,11.8,16.5,0,0.0,0.0,0.0,0.0,0.0,3,1017.3,999.8,91,33640.0,3.9,16.2,casablanca,2026-03-01T02:56:45.086426
2026-03-01T12:00,17.8,70,12.2,18.9,0,0.0,0.0,0.0,0.0,0.0,2,1016.7,999.3,63,35540.0,2.3,13.7,casablanca,2026-03-01T02:56:45.086426
2026-03-01T13:00,18.5,68,12.5,19.4,0,0.0,0.0,0.0,0.0,0.0,2,1015.9,998.6,66,36340.0,6.6,21.6,casablanca,2026-03-01T02:56:45.086426
2026-03-01T14:00,17.6,73,12.7,18.1,0,0.0,0.0,0.0,0.0,0.0,2,1015.2,997.8,57,31820.0,9.2,29.9,casablanca,2026-03-01T02:56:45.086426
2026-03-01T15:00,17.2,74,12.5,17.2,0,0.0,0.0,0.0,0.0,0.0,2,1014.6,997.2,44,30760.0,9.0,29.9,casablanca,2026-03-01T02:56:45.086426
2026-03-01T16:00,17.0,72,11.9,16.3,0,0.0,0.0,0.0,0.0,0.0,1,1014.0,996.6,27,33420.0,9.0,29.2,casablanca,2026-03-01T02:56:45.086426
2026-03-01T17:00,17.4,69,11.6,17.0,0,0.0,0.0,0.0,0.0,0.0,2,1014.6,997.2,37,36460.0,6.0,27.7,casablanca,2026-03-01T02:56:45.086426
2026-03-01T18:00,17.0,71,11.7,16.9,0,0.0,0.0,0.0,0.0,0.0,3,1014.5,997.1,100,36100.0,4.7,18.4,casablanca,2026-03-01T02:56:45.086426
2026-03-01T19:00,15.9,82,12.8,15.9,0,0.0,0.0,0.0,0.0,0.0,3,1014.7,997.2,100,28880.0,5.5,16.9,casablanca,2026-03-01T02:56:45.086426
2026-03-01T20:00,15.4,82,12.3,15.7,0,0.0,0.0,0.0,0.0,0.0,3,1015.2,997.7,100,30280.0,2.4,15.5,casablanca,2026-03-01T02:56:45.086426
2026-03-01T21:00,15.2,81,11.9,15.4,0,0.0,0.0,0.0,0.0,0.0,3,1015.3,997.8,100,32680.0,2.3,8.3,casablanca,2026-03-01T02:56:45.086426
2026-03-01T22:00,14.9,80,11.5,15.3,0,0.0,0.0,0.0,0.0,0.0,1,1015.0,997.5,18,33300.0,0.8,5.4,casablanca,2026-03-01T02:56:45.086426
2026-03-01T23:00,14.5,82,11.5,14.4,0,0.0,0.0,0.0,0.0,0.0,0,1014.4,996.9,1,31320.0,3.7,8.3,casablanca,2026-03-01T02:56:45.086426
2026-03-01T00:00,7.0,88,5.1,4.1,25,0.0,0.0,0.0,0.0,0.0,3,1021.6,1019.2,100,9640.0,11.5,19.4,amsterdam,2026-03-01T02:56:47.554777
2026-03-01T01:00,7.0,90,5.5,4.2,21,0.0,0.0,0.0,0.0,0.0,3,1021.6,1019.2,82,8520.0,11.9,23.4,amsterdam,2026-03-01T02:56:47.554777
2026-03-01T02:00,6.4,90,4.9,3.4,11,0.0,0.0,0.0,0.0,0.0,1,1021.5,1019.1,29,8460.0,12.2,23.8,amsterdam,2026-03-01T02:56:47.554777
2026-03-01T03:00,5.6,92,4.4,2.4,4,0.0,0.0,0.0,0.0,0.0,1,1021.4,1019.0,25,7380.0,13.0,23.0,amsterdam,2026-03-01T02:56:47.554777
2026-03-01T04:00,4.9,93,3.9,1.5,1,0.0,0.0,0.0,0.0,0.0,2,1021.2,1018.8,79,6760.0,13.3,24.1,amsterdam,2026-03-01T02:56:47.554777
2026-03-01T05:00,4.4,93,3.4,1.1,0,0.0,0.0,0.0,0.0,0.0,0,1021.1,1018.7,15,50000.0,12.2,24.1,amsterdam,2026-03-01T02:56:47.554777
2026-03-01T06:00,4.4,92,3.2,0.9,0,0.0,0.0,0.0,0.0,0.0,0,1021.2,1018.8,16,50000.0,12.6,23.0,amsterdam,2026-03-01T02:56:47.554777
2026-03-01T07:00,4.4,90,2.9,1.1,0,0.0,0.0,0.0,0.0,0.0,3,1021.1,1018.7,97,8700.0,11.9,22.7,amsterdam,2026-03-01T02:56:47.554777
2026-03-01T08:00,5.1,87,3.1,1.4,0,0.0,0.0,0.0,0.0,0.0,0,1020.9,1018.5,1,50000.0,14.0,26.3,amsterdam,2026-03-01T02:56:47.554777
2026-03-01T09:00,6.7,82,3.9,2.8,0,0.0,0.0,0.0,0.0,0.0,0,1020.7,1018.3,0,50000.0,16.9,31.7,amsterdam,2026-03-01T02:56:47.554777
2026-03-01T10:00,8.7,79,5.3,4.8,0,0.0,0.0,0.0,0.0,0.0,0,1020.3,1018.0,0,50000.0,18.7,36.0,amsterdam,2026-03-01T02:56:47.554777
2026-03-01T11:00,10.0,75,5.7,5.7,0,0.0,0.0,0.0,0.0,0.0,0,1019.9,1017.6,7,16720.0,22.0,41.8,amsterdam,2026-03-01T02:56:47.554777
2026-03-01T12:00,11.2,70,5.9,6.7,0,0.0,0.0,0.0,0.0,0.0,0,1019.6,1017.3,11,50000.0,23.8,45.0,amsterdam,2026-03-01T02:56:47.554777
2026-03-01T13:00,12.0,63,5.1,7.1,6,0.0,0.0,0.0,0.0,0.0,1,1019.1,1016.8,24,23240.0,25.2,50.8,amsterdam,2026-03-01T02:56:47.554777
2026-03-01T14:00,11.1,66,5.0,6.5,16,0.0,0.0,0.0,0.0,0.0,3,1019.1,1016.8,100,50000.0,23.4,48.2,amsterdam,2026-03-01T02:56:47.554777
2026-03-01T15:00,10.3,73,5.7,6.0,27,0.0,0.0,0.0,0.0,0.0,3,1018.8,1016.5,100,50000.0,22.3,43.6,amsterdam,2026-03-01T02:56:47.554777
2026-03-01T16:00,9.6,82,6.7,5.6,45,0.3,0.3,0.0,0.0,0.0,51,1018.4,1016.1,100,21040.0,22.0,43.6,amsterdam,2026-03-01T02:56:47.554777
2026-03-01T17:00,9.3,87,7.2,5.5,65,0.3,0.3,0.0,0.0,0.0,51,1018.2,1015.9,100,50000.0,20.9,40.3,amsterdam,2026-03-01T02:56:47.554777
2026-03-01T18:00,9.2,89,7.4,5.7,73,0.2,0.2,0.0,0.0,0.0,51,1018.4,1016.1,100,9260.0,19.4,38.5,amsterdam,2026-03-01T02:56:47.554777
2026-03-01T19:00,9.4,89,7.6,5.9,56,0.1,0.1,0.0,0.0,0.0,51,1018.6,1016.3,100,9540.0,19.4,36.0,amsterdam,2026-03-01T02:56:47.554777
2026-03-01T20:00,9.5,89,7.7,6.0,26,0.1,0.1,0.0,0.0,0.0,51,1018.7,1016.4,100,50000.0,19.8,36.7,amsterdam,2026-03-01T02:56:47.554777
2026-03-01T21:00,9.4,89,7.7,6.0,4,0.0,0.0,0.0,0.0,0.0,3,1018.9,1016.6,100,50000.0,19.1,36.7,amsterdam,2026-03-01T02:56:47.554777
2026-03-01T22:00,9.4,88,7.5,6.2,0,0.0,0.0,0.0,0.0,0.0,3,1019.1,1016.8,100,10180.0,18.0,35.3,amsterdam,2026-03-01T02:56:47.554777
2026-03-01T23:00,9.4,86,7.1,6.0,0,0.0,0.0,0.0,0.0,0.0,3,1019.3,1017.0,100,11140.0,18.4,33.5,amsterdam,2026-03-01T02:56:47.554777
2026-03-01T00:00,7.1,92,5.9,3.9,31,0.0,0.0,0.0,0.0,0.0,3,1022.2,1020.9,100,7600.0,14.8,25.2,utrecht,2026-03-01T02:56:49.999053
2026-03-01T01:00,6.6,91,5.2,3.0,24,0.0,0.0,0.0,0.0,0.0,1,1022.3,1021.0,30,7940.0,16.6,29.9,utrecht,2026-03-01T02:56:49.999053
2026-03-01T02:00,5.8,92,4.6,2.2,10,0.0,0.0,0.0,0.0,0.0,3,1022.4,1021.1,90,7620.0,15.5,32.0,utrecht,2026-03-01T02:56:49.999053
2026-03-01T03:00,5.0,93,4.0,1.6,0,0.0,0.0,0.0,0.0,0.0,1,1022.3,1021.0,21,6940.0,13.7,28.1,utrecht,2026-03-01T02:56:49.999053
2026-03-01T04:00,4.5,93,3.5,1.1,0,0.0,0.0,0.0,0.0,0.0,0,1022.0,1020.7,16,6700.0,13.0,25.6,utrecht,2026-03-01T02:56:49.999053
2026-03-01T05:00,4.1,93,3.1,0.8,0,0.0,0.0,0.0,0.0,0.0,0,1021.9,1020.6,1,50000.0,11.5,22.7,utrecht,2026-03-01T02:56:49.999053
2026-03-01T06:00,3.9,92,2.7,0.7,0,0.0,0.0,0.0,0.0,0.0,0,1021.9,1020.6,0,50000.0,10.4,20.5,utrecht,2026-03-01T02:56:49.999053
2026-03-01T07:00,3.8,91,2.5,0.5,0,0.0,0.0,0.0,0.0,0.0,0,1022.0,1020.7,4,7900.0,10.8,19.8,utrecht,2026-03-01T02:56:49.999053
2026-03-01T08:00,4.8,89,3.1,1.4,0,0.0,0.0,0.0,0.0,0.0,0,1021.9,1020.6,4,50000.0,12.6,23.8,utrecht,2026-03-01T02:56:49.999053
2026-03-01T09:00,7.1,82,4.2,3.3,0,0.0,0.0,0.0,0.0,0.0,0,1021.6,1020.4,0,50000.0,16.2,30.6,utrecht,2026-03-01T02:56:49.999053
2026-03-01T10:00,9.0,78,5.3,5.2,0,0.0,0.0,0.0,0.0,0.0,0,1021.3,1020.1,0,50000.0,18.0,34.2,utrecht,2026-03-01T02:56:49.999053
2026-03-01T11:00,10.5,74,6.0,6.5,0,0.0,0.0,0.0,0.0,0.0,0,1020.9,1019.7,3,17480.0,20.2,38.5,utrecht,2026-03-01T02:56:49.999053
2026-03-01T12:00,11.5,71,6.4,7.1,0,0.0,0.0,0.0,0.0,0.0,1,1020.5,1019.3,41,50000.0,23.4,44.6,utrecht,2026-03-01T02:56:49.999053
2026-03-01T13:00,11.9,68,6.2,7.5,6,0.0,0.0,0.0,0.0,0.0,2,1020.1,1018.9,74,20620.0,23.4,45.7,utrecht,2026-03-01T02:56:49.999053
2026-03-01T14:00,11.4,65,5.1,6.9,14,0.0,0.0,0.0,0.0,0.0,3,1020.0,1018.8,100,50000.0,22.3,44.6,utrecht,2026-03-01T02:56:49.999053
2026-03-01T15:00,10.5,72,5.6,6.1,25,0.0,0.0,0.0,0.0,0.0,3,1019.8,1018.6,100,50000.0,22.3,41.4,utrecht,2026-03-01T02:56:49.999053
2026-03-01T16:00,9.7,81,6.6,5.9,43,0.2,0.2,0.0,0.0,0.0,51,1019.3,1018.1,100,50000.0,19.8,41.8,utrecht,2026-03-01T02:56:49.999053
2026-03-01T17:00,9.4,85,7.0,6.0,63,0.2,0.2,0.0,0.0,0.0,51,1019.2,1018.0,100,26640.0,18.4,36.4,utrecht,2026-03-01T02:56:49.999053
2026-03-01T18:00,9.4,85,7.0,6.0,71,0.1,0.1,0.0,0.0,0.0,51,1019.5,1018.3,100,11260.0,18.0,33.8,utrecht,2026-03-01T02:56:49.999053
2026-03-01T19:00,9.5,87,7.4,6.2,54,0.1,0.1,0.0,0.0,0.0,51,1019.6,1018.4,100,10560.0,18.0,33.5,utrecht,2026-03-01T02:56:49.999053
2026-03-01T20:00,9.5,87,7.4,6.0,24,0.1,0.1,0.0,0.0,0.0,51,1019.7,1018.5,100,50000.0,19.4,36.0,utrecht,2026-03-01T02:56:49.999053
2026-03-01T21:00,9.5,87,7.4,6.2,2,0.1,0.1,0.0,0.0,0.0,51,1019.9,1018.7,100,50000.0,18.0,36.0,utrecht,2026-03-01T02:56:49.999053
2026-03-01T22:00,9.6,84,7.0,6.3,0,0.0,0.0,0.0,0.0,0.0,3,1020.0,1018.8,100,11860.0,16.9,32.8,utrecht,2026-03-01T02:56:49.999053
2026-03-01T23:00,9.5,83,6.7,6.5,0,0.0,0.0,0.0,0.0,0.0,3,1020.0,1018.8,100,12320.0,14.4,31.3,utrecht,2026-03-01T02:56:49.999053
2026-03-01T00:00,21.9,64,14.8,22.4,20,0.1,0.0,0.1,0.0,0.0,2,1012.7,1010.6,80,24140.0,9.8,24.5,auckland,2026-03-01T02:58:07.806577
2026-03-01T01:00,22.3,63,15.0,23.5,10,0.1,0.0,0.1,0.0,0.0,2,1011.6,1009.5,76,24140.0,7.9,20.9,auckland,2026-03-01T02:58:07.806577
2026-03-01T02:00,22.5,63,15.1,23.8,10,0.1,0.0,0.1,0.0,0.0,3,1011.1,1009.0,84,24140.0,5.2,17.6,auckland,2026-03-01T02:58:07.806577
2026-03-01T03:00,22.5,61,14.6,23.8,15,0.1,0.0,0.1,0.0,0.0,3,1010.0,1007.9,83,24140.0,2.0,12.2,auckland,2026-03-01T02:58:07.806577
2026-03-01T04:00,22.1,64,15.0,22.5,28,0.1,0.0,0.1,0.0,0.0,3,1009.5,1007.4,84,24140.0,8.9,18.7,auckland,2026-03-01T02:58:07.806577
2026-03-01T05:00,20.7,75,16.1,20.6,28,0.8,0.0,0.8,0.0,0.0,80,1009.4,1007.3,84,24140.0,15.0,29.2,auckland,2026-03-01T02:58:07.806577
2026-03-01T06:00,20.2,73,15.2,20.0,18,0.3,0.0,0.3,0.0,0.0,80,1008.8,1006.7,49,24140.0,13.4,29.9,auckland,2026-03-01T02:58:07.806577
2026-03-01T07:00,19.3,79,15.6,19.0,10,0.0,0.0,0.0,0.0,0.0,2,1008.8,1006.7,56,24140.0,15.3,29.2,auckland,2026-03-01T02:58:07.806577
2026-03-01T08:00,18.5,82,15.4,18.0,3,0.0,0.0,0.0,0.0,0.0,2,1008.9,1006.8,81,24140.0,16.5,32.0,auckland,2026-03-01T02:58:07.806577
2026-03-01T09:00,18.1,84,15.4,17.8,5,0.0,0.0,0.0,0.0,0.0,2,1009.0,1006.9,63,24140.0,14.8,31.7,auckland,2026-03-01T02:58:07.806577
2026-03-01T10:00,17.8,80,14.3,17.0,8,0.0,0.0,0.0,0.0,0.0,2,1009.0,1006.9,74,24140.0,15.3,28.8,auckland,2026-03-01T02:58:07.806577
2026-03-01T11:00,17.7,79,14.0,16.8,8,0.0,0.0,0.0,0.0,0.0,2,1008.9,1006.8,80,24140.0,15.1,28.8,auckland,2026-03-01T02:58:07.806577
2026-03-01T12:00,17.7,79,14.1,16.7,5,0.0,0.0,0.0,0.0,0.0,3,1008.4,1006.3,91,24140.0,16.4,31.0,auckland,2026-03-01T02:58:07.806577
2026-03-01T13:00,17.3,75,12.9,15.5,3,0.0,0.0,0.0,0.0,0.0,2,1007.7,1005.6,80,24140.0,18.7,35.6,auckland,2026-03-01T02:58:07.806577
2026-03-01T14:00,17.0,72,11.9,15.3,0,0.0,0.0,0.0,0.0,0.0,2,1007.0,1004.9,48,24140.0,15.5,35.6,auckland,2026-03-01T02:58:07.806577
2026-03-01T15:00,16.9,74,12.2,15.9,0,0.0,0.0,0.0,0.0,0.0,1,1006.4,1004.3,26,24140.0,11.8,28.8,auckland,2026-03-01T02:58:07.806577
2026-03-01T16:00,16.9,75,12.4,15.8,3,0.0,0.0,0.0,0.0,0.0,2,1006.1,1004.0,45,24140.0,12.4,23.4,auckland,2026-03-01T02:58:07.806577
2026-03-01T17:00,16.6,75,12.1,15.6,5,0.0,0.0,0.0,0.0,0.0,1,1005.8,1003.7,31,24140.0,11.6,23.4,auckland,2026-03-01T02:58:07.806577
2026-03-01T18:00,16.5,78,12.6,15.3,18,0.0,0.0,0.0,0.0,0.0,2,1005.9,1003.8,47,24140.0,13.6,25.2,auckland,2026-03-01T02:58:07.806577
2026-03-01T19:00,16.6,80,13.2,14.8,18,0.0,0.0,0.0,0.0,0.0,3,1006.4,1004.3,89,24140.0,19.3,36.7,auckland,2026-03-01T02:58:07.806577
2026-03-01T20:00,17.5,70,12.0,15.1,20,0.0,0.0,0.0,0.0,0.0,3,1006.5,1004.4,85,24140.0,20.8,40.0,auckland,2026-03-01T02:58:07.806577
2026-03-01T21:00,17.3,70,11.8,14.2,15,0.0,0.0,0.0,0.0,0.0,2,1006.8,1004.7,81,24140.0,25.3,49.3,auckland,2026-03-01T02:58:07.806577
2026-03-01T22:00,18.4,62,11.0,15.5,8,0.0,0.0,0.0,0.0,0.0,1,1006.6,1004.5,35,24140.0,24.0,49.3,auckland,2026-03-01T02:58:07.806577
2026-03-01T23:00,18.9,54,9.4,16.0,0,0.0,0.0,0.0,0.0,0.0,1,1006.5,1004.4,20,24140.0,27.0,53.3,auckland,2026-03-01T02:58:07.806577
2026-03-01T00:00,28.3,83,25.1,33.8,0,0.0,0.0,0.0,0.0,0.0,3,1007.6,1006.6,100,24140.0,8.4,18.7,lagos,2026-03-01T02:58:10.317136
2026-03-01T01:00,28.2,84,25.2,33.9,0,0.0,0.0,0.0,0.0,0.0,3,1007.4,1006.4,100,24140.0,8.1,16.6,lagos,2026-03-01T02:58:10.317136
2026-03-01T02:00,28.0,85,25.2,33.8,3,0.0,0.0,0.0,0.0,0.0,2,1007.2,1006.2,78,24140.0,7.1,15.5,lagos,2026-03-01T02:58:10.317136
2026-03-01T03:00,27.7,86,25.2,33.6,0,0.0,0.0,0.0,0.0,0.0,3,1007.1,1006.1,93,24140.0,6.6,13.7,lagos,2026-03-01T02:58:10.317136
2026-03-01T04:00,27.6,87,25.2,33.7,0,0.0,0.0,0.0,0.0,0.0,3,1007.2,1006.2,100,24140.0,4.8,12.2,lagos,2026-03-01T02:58:10.317136
2026-03-01T05:00,27.4,88,25.2,33.6,0,0.0,0.0,0.0,0.0,0.0,2,1007.5,1006.5,72,24140.0,4.7,9.7,lagos,2026-03-01T02:58:10.317136
2026-03-01T06:00,27.1,89,25.1,33.4,0,0.0,0.0,0.0,0.0,0.0,3,1008.1,1007.1,81,24140.0,3.9,9.0,lagos,2026-03-01T02:58:10.317136
2026-03-01T07:00,27.4,89,25.4,33.8,0,0.0,0.0,0.0,0.0,0.0,3,1008.6,1007.6,100,24140.0,4.0,7.9,lagos,2026-03-01T02:58:10.317136
2026-03-01T08:00,28.4,83,25.3,34.3,3,0.0,0.0,0.0,0.0,0.0,3,1009.4,1008.4,100,24140.0,6.7,14.4,lagos,2026-03-01T02:58:10.317136
2026-03-01T09:00,29.8,75,24.9,35.4,0,0.0,0.0,0.0,0.0,0.0,2,1009.7,1008.7,58,18600.0,6.6,15.5,lagos,2026-03-01T02:58:10.317136
2026-03-01T10:00,31.2,68,24.6,37.5,10,0.0,0.0,0.0,0.0,0.0,2,1009.7,1008.7,58,23840.0,4.3,15.1,lagos,2026-03-01T02:58:10.317136
2026-03-01T11:00,32.2,62,24.0,39.1,33,0.1,0.0,0.1,0.0,0.0,2,1009.2,1008.2,77,24140.0,3.4,18.0,lagos,2026-03-01T02:58:10.317136
2026-03-01T12:00,32.2,63,24.2,37.9,25,0.1,0.0,0.1,0.0,0.0,2,1008.2,1007.2,77,24140.0,9.4,24.5,lagos,2026-03-01T02:58:10.317136
2026-03-01T13:00,32.1,64,24.4,37.5,28,0.0,0.0,0.0,0.0,0.0,2,1007.2,1006.2,46,24140.0,12.2,27.7,lagos,2026-03-01T02:58:10.317136
2026-03-01T14:00,32.4,62,24.2,37.9,23,0.1,0.0,0.1,0.0,0.0,2,1006.4,1005.4,55,24140.0,12.8,27.0,lagos,2026-03-01T02:58:10.317136
2026-03-01T15:00,31.8,65,24.4,36.5,23,0.0,0.0,0.0,0.0,0.0,2,1005.9,1004.9,48,24140.0,14.4,29.9,lagos,2026-03-01T02:58:10.317136
2026-03-01T16:00,30.9,69,24.6,35.2,23,0.0,0.0,0.0,0.0,0.0,2,1006.1,1005.1,51,24140.0,15.2,31.0,lagos,2026-03-01T02:58:10.317136
2026-03-01T17:00,30.0,73,24.6,34.2,5,0.0,0.0,0.0,0.0,0.0,1,1006.4,1005.4,42,24140.0,15.6,32.0,lagos,2026-03-01T02:58:10.317136
2026-03-01T18:00,29.1,76,24.4,33.5,0,0.0,0.0,0.0,0.0,0.0,2,1006.9,1005.9,44,24140.0,13.0,31.0,lagos,2026-03-01T02:58:10.317136
2026-03-01T19:00,28.7,78,24.5,33.4,0,0.0,0.0,0.0,0.0,0.0,2,1007.3,1006.3,54,24140.0,11.2,25.6,lagos,2026-03-01T02:58:10.317136
2026-03-01T20:00,28.5,80,24.7,33.7,0,0.0,0.0,0.0,0.0,0.0,2,1007.9,1006.9,62,24140.0,9.0,22.0,lagos,2026-03-01T02:58:10.317136
2026-03-01T21:00,28.4,81,24.8,33.7,0,0.0,0.0,0.0,0.0,0.0,2,1008.6,1007.6,53,24140.0,9.0,17.3,lagos,2026-03-01T02:58:10.317136
2026-03-01T22:00,28.2,83,25.1,33.7,0,0.0,0.0,0.0,0.0,0.0,3,1008.8,1007.8,100,24140.0,8.8,17.3,lagos,2026-03-01T02:58:10.317136
2026-03-01T23:00,28.1,83,25.0,33.7,0,0.0,0.0,0.0,0.0,0.0,3,1008.8,1007.8,100,24140.0,7.9,16.9,lagos,2026-03-01T02:58:10.317136
2026-03-01T00:00,2.0,90,0.5,-1.9,100,1.4,1.4,0.0,0.0,0.04,61,1009.3,1007.9,100,7900.0,13.0,25.9,oslo,2026-03-01T02:59:28.110014
2026-03-01T01:00,2.2,89,0.6,-1.7,97,0.6,0.6,0.0,0.0,0.04,53,1008.8,1007.4,100,30080.0,12.6,23.8,oslo,2026-03-01T02:59:28.110014
2026-03-01T02:00,2.4,88,0.6,-1.7,92,0.1,0.1,0.0,0.0,0.04,51,1007.8,1006.4,100,27580.0,14.4,25.6,oslo,2026-03-01T02:59:28.110014
2026-03-01T03:00,2.4,87,0.5,-1.4,82,0.0,0.0,0.0,0.0,0.04,3,1007.3,1005.9,100,26540.0,11.9,24.8,oslo,2026-03-01T02:59:28.110014
2026-03-01T04:00,2.5,88,0.7,-0.8,65,0.0,0.0,0.0,0.0,0.04,3,1007.3,1005.9,100,32060.0,8.3,20.2,oslo,2026-03-01T02:59:28.110014
2026-03-01T05:00,2.4,89,0.8,-0.5,44,0.0,0.0,0.0,0.0,0.04,3,1007.3,1005.9,100,30600.0,6.1,14.0,oslo,2026-03-01T02:59:28.110014
2026-03-01T06:00,2.5,88,0.7,-0.3,27,0.0,0.0,0.0,0.0,0.04,3,1007.3,1005.9,100,28400.0,5.0,10.8,oslo,2026-03-01T02:59:28.110014
2026-03-01T07:00,2.4,87,0.4,-0.2,16,0.0,0.0,0.0,0.0,0.04,3,1007.6,1006.2,100,33700.0,3.6,8.6,oslo,2026-03-01T02:59:28.110014
2026-03-01T08:00,2.5,86,0.4,0.1,8,0.0,0.0,0.0,0.0,0.04,3,1007.9,1006.5,100,34920.0,2.2,6.8,oslo,2026-03-01T02:59:28.110014
2026-03-01T09:00,2.9,85,0.6,0.2,2,0.0,0.0,0.0,0.0,0.04,3,1008.5,1007.1,100,57440.0,4.3,7.6,oslo,2026-03-01T02:59:28.110014
2026-03-01T10:00,3.4,81,0.5,0.5,0,0.0,0.0,0.0,0.0,0.04,3,1009.2,1007.8,100,61680.0,5.8,10.1,oslo,2026-03-01T02:59:28.110014
2026-03-01T11:00,3.8,78,0.3,0.7,0,0.0,0.0,0.0,0.0,0.04,3,1009.8,1008.4,93,45440.0,6.8,12.2,oslo,2026-03-01T02:59:28.110014
2026-03-01T12:00,4.3,75,0.2,1.0,0,0.0,0.0,0.0,0.0,0.04,2,1010.2,1008.8,61,64500.0,8.3,15.5,oslo,2026-03-01T02:59:28.110014
2026-03-01T13:00,4.6,73,0.2,1.3,0,0.0,0.0,0.0,0.0,0.03,2,1010.7,1009.3,51,64480.0,8.6,16.2,oslo,2026-03-01T02:59:28.110014
2026-03-01T14:00,5.0,69,-0.3,1.3,0,0.0,0.0,0.0,0.0,0.03,1,1011.2,1009.8,34,64460.0,10.1,17.6,oslo,2026-03-01T02:59:28.110014
2026-03-01T15:00,5.0,69,-0.3,1.5,0,0.0,0.0,0.0,0.0,0.03,0,1011.8,1010.4,11,64440.0,8.6,17.6,oslo,2026-03-01T02:59:28.110014
2026-03-01T16:00,4.2,75,0.2,0.9,0,0.0,0.0,0.0,0.0,0.03,0,1012.3,1010.9,2,61560.0,8.6,15.8,oslo,2026-03-01T02:59:28.110014
2026-03-01T17:00,2.9,79,-0.4,-0.2,0,0.0,0.0,0.0,0.0,0.03,0,1012.8,1011.4,0,61540.0,6.1,13.3,oslo,2026-03-01T02:59:28.110014
2026-03-01T18:00,1.7,83,-0.9,-1.5,0,0.0,0.0,0.0,0.0,0.03,0,1013.4,1012.0,0,57260.0,6.5,9.0,oslo,2026-03-01T02:59:28.110014
2026-03-01T19:00,1.1,85,-1.2,-2.3,0,0.0,0.0,0.0,0.0,0.03,0,1014.0,1012.6,0,57240.0,7.6,10.4,oslo,2026-03-01T02:59:28.110014
2026-03-01T20:00,0.3,86,-1.8,-3.1,0,0.0,0.0,0.0,0.0,0.03,0,1014.7,1013.3,0,57220.0,6.8,10.8,oslo,2026-03-01T02:59:28.110014
2026-03-01T21:00,-0.4,86,-2.4,-3.7,0,0.0,0.0,0.0,0.0,0.03,0,1015.2,1013.8,0,57180.0,5.8,9.7,oslo,2026-03-01T02:59:28.110014
2026-03-01T22:00,-0.8,83,-3.4,-4.2,0,0.0,0.0,0.0,0.0,0.03,0,1015.7,1014.3,0,6280.0,5.0,8.3,oslo,2026-03-01T02:59:28.110014
2026-03-01T23:00,-1.4,81,-4.2,-4.7,0,0.0,0.0,0.0,0.0,0.03,0,1016.3,1014.9,0,780.0,4.0,7.2,oslo,2026-03-01T02:59:28.110014
2026-03-01T00:00,22.4,86,19.9,25.0,0,0.0,0.0,0.0,0.0,0.0,2,1009.1,1008.2,64,24140.0,8.3,13.3,karachi,2026-03-01T02:59:30.569177
2026-03-01T01:00,22.3,86,19.8,25.0,0,0.0,0.0,0.0,0.0,0.0,2,1009.6,1008.7,61,24140.0,6.9,12.2,karachi,2026-03-01T02:59:30.569177
2026-03-01T02:00,22.3,83,19.2,24.9,0,0.0,0.0,0.0,0.0,0.0,2,1010.2,1009.3,60,24140.0,5.8,10.1,karachi,2026-03-01T02:59:30.569177
2026-03-01T03:00,22.6,80,19.0,25.0,0,0.0,0.0,0.0,0.0,0.0,2,1011.3,1010.4,58,24140.0,6.9,10.4,karachi,2026-03-01T02:59:30.569177
2026-03-01T04:00,23.4,74,18.5,24.9,0,0.0,0.0,0.0,0.0,0.0,2,1012.4,1011.5,61,24140.0,11.2,16.9,karachi,2026-03-01T02:59:30.569177
2026-03-01T05:00,24.2,71,18.6,25.5,0,0.0,0.0,0.0,0.0,0.0,2,1012.8,1011.9,56,24140.0,12.2,19.4,karachi,2026-03-01T02:59:30.569177
2026-03-01T06:00,24.8,69,18.7,26.3,0,0.0,0.0,0.0,0.0,0.0,2,1013.0,1012.1,54,24140.0,13.3,20.9,karachi,2026-03-01T02:59:30.569177
2026-03-01T07:00,25.4,65,18.3,27.3,0,0.0,0.0,0.0,0.0,0.0,2,1012.3,1011.4,48,24140.0,14.9,22.7,karachi,2026-03-01T02:59:30.569177
2026-03-01T08:00,25.9,61,17.8,27.7,0,0.0,0.0,0.0,0.0,0.0,1,1011.7,1010.8,37,24140.0,17.0,25.9,karachi,2026-03-01T02:59:30.569177
2026-03-01T09:00,26.0,62,18.1,27.6,0,0.0,0.0,0.0,0.0,0.0,1,1010.9,1010.0,29,24140.0,19.1,28.8,karachi,2026-03-01T02:59:30.569177
2026-03-01T10:00,25.8,64,18.4,26.9,0,0.0,0.0,0.0,0.0,0.0,1,1010.3,1009.4,35,24140.0,20.0,29.9,karachi,2026-03-01T02:59:30.569177
2026-03-01T11:00,25.7,60,17.3,25.5,0,0.0,0.0,0.0,0.0,0.0,0,1009.9,1009.0,2,24140.0,20.4,30.2,karachi,2026-03-01T02:59:30.569177
2026-03-01T12:00,25.0,65,17.9,24.9,0,0.0,0.0,0.0,0.0,0.0,0,1009.7,1008.8,4,24140.0,20.1,30.6,karachi,2026-03-01T02:59:30.569177
2026-03-01T13:00,24.3,67,17.7,24.4,0,0.0,0.0,0.0,0.0,0.0,0,1010.0,1009.1,0,24140.0,18.5,30.2,karachi,2026-03-01T02:59:30.569177
2026-03-01T14:00,23.5,75,18.8,24.6,0,0.0,0.0,0.0,0.0,0.0,0,1010.7,1009.8,0,24140.0,14.7,27.4,karachi,2026-03-01T02:59:30.569177
2026-03-01T15:00,23.0,80,19.4,25.0,0,0.0,0.0,0.0,0.0,0.0,1,1011.6,1010.7,11,24140.0,10.8,21.2,karachi,2026-03-01T02:59:30.569177
2026-03-01T16:00,22.7,84,19.8,25.2,0,0.0,0.0,0.0,0.0,0.0,1,1012.4,1011.5,14,24140.0,8.1,15.8,karachi,2026-03-01T02:59:30.569177
2026-03-01T17:00,22.4,86,20.0,25.6,0,0.0,0.0,0.0,0.0,0.0,1,1012.7,1011.8,42,24140.0,4.7,11.9,karachi,2026-03-01T02:59:30.569177
2026-03-01T18:00,22.2,86,19.8,25.6,0,0.0,0.0,0.0,0.0,0.0,2,1012.7,1011.8,44,24140.0,2.6,6.8,karachi,2026-03-01T02:59:30.569177
2026-03-01T19:00,22.0,87,19.7,25.2,0,0.0,0.0,0.0,0.0,0.0,1,1012.3,1011.4,43,24140.0,2.9,4.3,karachi,2026-03-01T02:59:30.569177
2026-03-01T20:00,21.7,89,19.8,24.9,0,0.0,0.0,0.0,0.0,0.0,1,1012.1,1011.2,36,24140.0,3.6,5.4,karachi,2026-03-01T02:59:30.569177
2026-03-01T21:00,21.5,90,19.8,24.6,0,0.0,0.0,0.0,0.0,0.0,2,1011.8,1010.9,58,24140.0,4.5,6.5,karachi,2026-03-01T02:59:30.569177
2026-03-01T22:00,21.6,90,19.9,24.7,0,0.0,0.0,0.0,0.0,0.0,2,1011.7,1010.8,62,24140.0,5.0,7.2,karachi,2026-03-01T02:59:30.569177
2026-03-01T23:00,21.8,88,19.7,24.6,0,0.0,0.0,0.0,0.0,0.0,2,1011.8,1010.9,64,24140.0,5.8,8.6,karachi,2026-03-01T02:59:30.569177
2026-03-01T00:00,27.5,73,22.3,30.8,0,0.0,0.0,0.0,0.0,0.0,1,1008.1,1006.3,35,24140.0,12.2,36.0,panama_city,2026-03-01T02:59:33.013298
2026-03-01T01:00,26.4,79,22.5,30.1,0,0.0,0.0,0.0,0.0,0.0,1,1009.1,1007.3,8,24140.0,10.3,26.6,panama_city,2026-03-01T02:59:33.013298
2026-03-01T02:00,25.8,83,22.7,29.7,0,0.0,0.0,0.0,0.0,0.0,1,1009.8,1008.0,20,24140.0,9.7,24.1,panama_city,2026-03-01T02:59:33.013298
2026-03-01T03:00,25.5,85,22.8,29.4,0,0.0,0.0,0.0,0.0,0.0,1,1009.9,1008.1,25,24140.0,10.0,23.8,panama_city,2026-03-01T02:59:33.013298
2026-03-01T04:00,25.2,86,22.7,29.1,0,0.0,0.0,0.0,0.0,0.0,1,1010.0,1008.2,34,24140.0,9.7,23.4,panama_city,2026-03-01T02:59:33.013298
2026-03-01T05:00,25.0,88,22.9,29.0,0,0.0,0.0,0.0,0.0,0.0,1,1009.9,1008.1,34,24140.0,9.7,23.4,panama_city,2026-03-01T02:59:33.013298
2026-03-01T06:00,24.8,89,22.9,28.8,0,0.0,0.0,0.0,0.0,0.0,1,1009.2,1007.4,41,24140.0,9.9,23.8,panama_city,2026-03-01T02:59:33.013298
2026-03-01T07:00,24.8,90,23.0,28.9,0,0.0,0.0,0.0,0.0,0.0,1,1008.6,1006.8,42,24140.0,9.4,23.4,panama_city,2026-03-01T02:59:33.013298
2026-03-01T08:00,24.7,91,23.2,29.1,0,0.0,0.0,0.0,0.0,0.0,1,1008.1,1006.3,43,24140.0,8.4,22.7,panama_city,2026-03-01T02:59:33.013298
2026-03-01T09:00,24.6,91,23.1,29.1,0,0.0,0.0,0.0,0.0,0.0,1,1008.5,1006.7,41,24140.0,7.7,20.5,panama_city,2026-03-01T02:59:33.013298
2026-03-01T10:00,24.5,92,23.2,29.1,0,0.0,0.0,0.0,0.0,0.0,1,1008.6,1006.8,41,24140.0,6.9,17.6,panama_city,2026-03-01T02:59:33.013298
2026-03-01T11:00,24.4,92,23.0,29.0,0,0.0,0.0,0.0,0.0,0.0,1,1009.3,1007.4,37,24140.0,6.4,17.3,panama_city,2026-03-01T02:59:33.013298
2026-03-01T12:00,24.5,92,23.1,29.2,0,0.0,0.0,0.0,0.0,0.0,1,1009.9,1008.0,42,24140.0,5.9,15.8,panama_city,2026-03-01T02:59:33.013298
2026-03-01T13:00,26.3,84,23.4,30.8,0,0.0,0.0,0.0,0.0,0.0,2,1010.7,1008.9,46,24140.0,8.4,20.2,panama_city,2026-03-01T02:59:33.013298
2026-03-01T14:00,28.2,74,23.1,32.1,0,0.0,0.0,0.0,0.0,0.0,2,1011.2,1009.4,56,24140.0,11.7,27.7,panama_city,2026-03-01T02:59:33.013298
2026-03-01T15:00,30.2,64,22.6,34.0,0,0.0,0.0,0.0,0.0,0.0,1,1011.2,1009.4,39,24140.0,11.7,28.4,panama_city,2026-03-01T02:59:33.013298
2026-03-01T16:00,32.1,55,22.0,36.6,0,0.0,0.0,0.0,0.0,0.0,2,1010.4,1008.6,52,24140.0,12.0,29.5,panama_city,2026-03-01T02:59:33.013298
2026-03-01T17:00,33.4,49,21.3,37.8,0,0.0,0.0,0.0,0.0,0.0,2,1009.2,1007.4,72,24140.0,11.5,29.9,panama_city,2026-03-01T02:59:33.013298
2026-03-01T18:00,34.2,45,20.6,37.9,8,0.0,0.0,0.0,0.0,0.0,2,1007.9,1006.1,78,24140.0,11.9,29.5,panama_city,2026-03-01T02:59:33.013298
2026-03-01T19:00,34.4,44,20.4,37.4,15,0.0,0.0,0.0,0.0,0.0,3,1007.0,1005.2,82,24140.0,13.7,32.8,panama_city,2026-03-01T02:59:33.013298
2026-03-01T20:00,33.7,46,20.5,36.0,18,0.0,0.0,0.0,0.0,0.0,2,1006.3,1004.5,80,24140.0,14.4,34.2,panama_city,2026-03-01T02:59:33.013298
2026-03-01T21:00,32.4,51,21.0,34.5,18,0.0,0.0,0.0,0.0,0.0,2,1006.5,1004.7,73,24140.0,16.2,37.4,panama_city,2026-03-01T02:59:33.013298
2026-03-01T22:00,30.8,59,21.9,33.0,10,0.0,0.0,0.0,0.0,0.0,2,1007.2,1005.4,70,24140.0,18.0,41.0,panama_city,2026-03-01T02:59:33.013298
2026-03-01T23:00,28.9,66,21.9,31.4,3,0.0,0.0,0.0,0.0,0.0,2,1007.9,1006.1,57,24140.0,16.6,41.4,panama_city,2026-03-01T02:59:33.013298
2026-03-01T00:00,26.4,63,18.8,28.9,0,0.0,0.0,0.0,0.0,0.0,1,1007.5,994.6,19,24140.0,5.4,11.2,asuncion,2026-03-01T03:00:50.809062
2026-03-01T01:00,25.6,59,17.0,27.3,0,0.0,0.0,0.0,0.0,0.0,2,1008.5,995.6,47,24140.0,5.2,10.4,asuncion,2026-03-01T03:00:50.809062
2026-03-01T02:00,24.5,60,16.2,25.7,0,0.0,0.0,0.0,0.0,0.0,2,1009.0,996.0,51,24140.0,6.3,11.9,asuncion,2026-03-01T03:00:50.809062
2026-03-01T03:00,23.7,65,16.7,25.1,0,0.0,0.0,0.0,0.0,0.0,1,1009.0,996.0,15,24140.0,6.9,13.3,asuncion,2026-03-01T03:00:50.809062
2026-03-01T04:00,23.0,70,17.2,24.6,0,0.0,0.0,0.0,0.0,0.0,0,1008.9,995.9,0,24140.0,6.7,13.3,asuncion,2026-03-01T03:00:50.809062
2026-03-01T05:00,22.7,71,17.2,24.3,0,0.0,0.0,0.0,0.0,0.0,0,1008.6,995.5,0,24140.0,6.5,13.0,asuncion,2026-03-01T03:00:50.809062
2026-03-01T06:00,22.6,70,16.9,24.3,0,0.0,0.0,0.0,0.0,0.0,0,1008.6,995.5,0,24140.0,5.1,12.2,asuncion,2026-03-01T03:00:50.809062
2026-03-01T07:00,22.2,71,16.7,23.9,0,0.0,0.0,0.0,0.0,0.0,0,1008.9,995.8,5,24140.0,4.3,9.7,asuncion,2026-03-01T03:00:50.809062
2026-03-01T08:00,22.0,73,16.9,23.9,0,0.0,0.0,0.0,0.0,0.0,1,1009.2,996.1,17,24140.0,3.6,7.6,asuncion,2026-03-01T03:00:50.809062
2026-03-01T09:00,21.8,74,16.9,23.6,0,0.0,0.0,0.0,0.0,0.0,1,1009.6,996.5,25,24140.0,3.8,5.8,asuncion,2026-03-01T03:00:50.809062
2026-03-01T10:00,21.7,74,16.9,23.6,0,0.0,0.0,0.0,0.0,0.0,1,1009.9,996.8,26,24140.0,3.6,6.1,asuncion,2026-03-01T03:00:50.809062
2026-03-01T11:00,23.3,77,19.0,26.1,0,0.0,0.0,0.0,0.0,0.0,1,1010.7,997.6,29,24140.0,3.4,7.2,asuncion,2026-03-01T03:00:50.809062
2026-03-01T12:00,26.8,66,19.9,29.8,0,0.0,0.0,0.0,0.0,0.0,1,1011.0,998.1,27,24140.0,5.1,12.2,asuncion,2026-03-01T03:00:50.809062
2026-03-01T13:00,29.4,60,20.8,32.7,0,0.0,0.0,0.0,0.0,0.0,0,1011.0,998.2,4,24140.0,7.9,18.4,asuncion,2026-03-01T03:00:50.809062
2026-03-01T14:00,31.6,56,21.7,36.4,0,0.0,0.0,0.0,0.0,0.0,0,1010.5,997.8,0,24140.0,8.4,21.2,asuncion,2026-03-01T03:00:50.809062
2026-03-01T15:00,33.6,50,21.7,39.4,5,0.0,0.0,0.0,0.0,0.0,2,1009.8,997.2,70,24140.0,7.6,20.5,asuncion,2026-03-01T03:00:50.809062
2026-03-01T16:00,35.1,41,19.9,40.4,5,0.0,0.0,0.0,0.0,0.0,0,1009.1,996.6,5,24140.0,6.2,18.0,asuncion,2026-03-01T03:00:50.809062
2026-03-01T17:00,36.0,35,18.1,41.0,0,0.0,0.0,0.0,0.0,0.0,1,1007.9,995.4,38,24140.0,2.5,15.5,asuncion,2026-03-01T03:00:50.809062
2026-03-01T18:00,36.0,32,16.7,39.9,0,0.0,0.0,0.0,0.0,0.0,2,1006.9,994.4,50,24140.0,1.4,9.4,asuncion,2026-03-01T03:00:50.809062
2026-03-01T19:00,36.0,31,16.2,38.7,0,0.0,0.0,0.0,0.0,0.0,2,1006.0,993.5,52,24140.0,2.3,8.3,asuncion,2026-03-01T03:00:50.809062
2026-03-01T20:00,35.5,33,16.7,37.2,0,0.0,0.0,0.0,0.0,0.0,2,1005.6,993.1,46,24140.0,4.3,10.8,asuncion,2026-03-01T03:00:50.809062
2026-03-01T21:00,34.4,36,17.2,36.0,0,0.0,0.0,0.0,0.0,0.0,2,1005.3,992.8,50,24140.0,6.4,14.4,asuncion,2026-03-01T03:00:50.809062
2026-03-01T22:00,31.7,49,19.7,34.6,0,0.0,0.0,0.0,0.0,0.0,2,1005.4,992.8,45,24140.0,5.5,14.0,asuncion,2026-03-01T03:00:50.809062
2026-03-01T23:00,28.7,60,20.2,31.8,0,0.0,0.0,0.0,0.0,0.0,1,1005.8,993.0,40,24140.0,6.0,11.5,asuncion,2026-03-01T03:00:50.809062
2026-03-01T00:00,23.5,92,22.1,26.4,0,0.0,0.0,0.0,0.0,0.0,3,1008.6,992.2,100,24140.0,14.2,23.4,lima,2026-03-01T03:02:54.934562
2026-03-01T01:00,23.3,93,22.1,26.7,0,0.0,0.0,0.0,0.0,0.0,3,1009.1,992.6,100,24140.0,11.4,21.2,lima,2026-03-01T03:02:54.934562
2026-03-01T02:00,23.2,94,22.2,26.5,0,0.0,0.0,0.0,0.0,0.0,3,1010.1,993.6,100,24140.0,11.8,18.4,lima,2026-03-01T03:02:54.934562
2026-03-01T03:00,23.1,94,22.1,26.3,0,0.0,0.0,0.0,0.0,0.0,3,1010.8,994.3,100,24140.0,12.2,18.7,lima,2026-03-01T03:02:54.934562
2026-03-01T04:00,23.1,93,21.9,26.3,3,0.0,0.0,0.0,0.0,0.0,3,1010.6,994.1,100,24140.0,11.6,19.1,lima,2026-03-01T03:02:54.934562
2026-03-01T05:00,23.1,92,21.8,26.5,5,0.0,0.0,0.0,0.0,0.0,3,1009.7,993.2,100,24140.0,10.0,17.6,lima,2026-03-01T03:02:54.934562
2026-03-01T06:00,23.1,92,21.8,26.4,5,0.0,0.0,0.0,0.0,0.0,3,1008.9,992.4,100,24140.0,10.3,15.8,lima,2026-03-01T03:02:54.934562
2026-03-01T07:00,23.1,93,21.9,26.2,10,0.0,0.0,0.0,0.0,0.0,3,1008.4,991.9,100,24140.0,11.8,18.0,lima,2026-03-01T03:02:54.934562
2026-03-01T08:00,23.1,93,21.9,26.3,5,0.0,0.0,0.0,0.0,0.0,3,1007.9,991.4,99,24140.0,11.0,18.4,lima,2026-03-01T03:02:54.934562
2026-03-01T09:00,23.1,93,21.9,26.8,5,0.0,0.0,0.0,0.0,0.0,3,1008.1,991.6,99,24140.0,8.4,16.9,lima,2026-03-01T03:02:54.934562
2026-03-01T10:00,23.2,93,22.0,27.0,0,0.0,0.0,0.0,0.0,0.0,3,1008.2,991.7,92,24140.0,7.2,13.3,lima,2026-03-01T03:02:54.934562
2026-03-01T11:00,23.2,94,22.2,27.4,0,0.0,0.0,0.0,0.0,0.0,3,1008.8,992.3,92,24140.0,5.7,11.2,lima,2026-03-01T03:02:54.934562
2026-03-01T12:00,23.2,93,22.0,27.5,0,0.0,0.0,0.0,0.0,0.0,3,1009.0,992.5,85,24140.0,4.5,9.0,lima,2026-03-01T03:02:54.934562
2026-03-01T13:00,23.6,92,22.2,28.0,0,0.0,0.0,0.0,0.0,0.0,3,1010.0,993.5,83,24140.0,4.0,7.2,lima,2026-03-01T03:02:54.934562
2026-03-01T14:00,24.1,88,22.0,28.3,0,0.0,0.0,0.0,0.0,0.0,2,1010.4,994.0,77,24140.0,5.2,9.0,lima,2026-03-01T03:02:54.934562
2026-03-01T15:00,24.7,85,22.0,28.6,0,0.0,0.0,0.0,0.0,0.0,2,1010.4,994.0,74,24020.0,7.1,11.5,lima,2026-03-01T03:02:54.934562
2026-03-01T16:00,24.9,84,22.0,29.0,0,0.0,0.0,0.0,0.0,0.0,2,1010.0,993.6,73,24020.0,9.4,15.1,lima,2026-03-01T03:02:54.934562
2026-03-01T17:00,25.1,83,22.0,30.1,0,0.0,0.0,0.0,0.0,0.0,2,1009.2,992.8,67,24020.0,11.4,18.4,lima,2026-03-01T03:02:54.934562
2026-03-01T18:00,25.2,82,21.9,30.5,0,0.0,0.0,0.0,0.0,0.0,2,1008.4,992.0,57,24020.0,12.2,19.4,lima,2026-03-01T03:02:54.934562
2026-03-01T19:00,25.3,81,21.8,30.2,0,0.0,0.0,0.0,0.0,0.0,1,1007.9,991.6,29,24020.0,13.2,20.9,lima,2026-03-01T03:02:54.934562
2026-03-01T20:00,25.2,82,21.9,29.8,0,0.0,0.0,0.0,0.0,0.0,1,1007.5,991.2,21,24020.0,13.5,21.2,lima,2026-03-01T03:02:54.934562
2026-03-01T21:00,25.1,83,22.0,28.7,0,0.0,0.0,0.0,0.0,0.0,2,1007.3,991.0,47,24020.0,13.3,20.9,lima,2026-03-01T03:02:54.934562
2026-03-01T22:00,24.5,85,21.8,27.4,0,0.0,0.0,0.0,0.0,0.0,3,1007.3,990.9,92,24020.0,13.7,21.6,lima,2026-03-01T03:02:54.934562
2026-03-01T23:00,23.9,88,21.8,26.9,0,0.0,0.0,0.0,0.0,0.0,3,1007.8,991.4,100,24060.0,12.8,20.9,lima,2026-03-01T03:02:54.934562
2026-03-01T00:00,25.6,79,21.7,29.3,0,0.0,0.0,0.0,0.0,0.0,1,1011.6,1011.5,9,24140.0,7.8,11.5,manila,2026-03-01T03:02:57.398522
2026-03-01T01:00,25.8,79,21.9,29.7,0,0.0,0.0,0.0,0.0,0.0,1,1012.0,1011.9,10,24140.0,6.7,10.4,manila,2026-03-01T03:02:57.398522
2026-03-01T02:00,26.2,78,22.1,31.3,0,0.0,0.0,0.0,0.0,0.0,1,1011.8,1011.7,16,24140.0,4.7,9.4,manila,2026-03-01T03:02:57.398522
2026-03-01T03:00,26.5,75,21.8,32.7,0,0.0,0.0,0.0,0.0,0.0,1,1011.1,1011.0,14,24140.0,2.9,6.5,manila,2026-03-01T03:02:57.398522
2026-03-01T04:00,26.7,75,21.9,33.2,0,0.0,0.0,0.0,0.0,0.0,1,1010.4,1010.3,33,24140.0,4.0,5.8,manila,2026-03-01T03:02:57.398522
2026-03-01T05:00,27.0,73,21.7,33.2,0,0.0,0.0,0.0,0.0,0.0,1,1009.6,1009.5,13,24140.0,4.9,7.6,manila,2026-03-01T03:02:57.398522
2026-03-01T06:00,27.6,68,21.2,33.2,0,0.0,0.0,0.0,0.0,0.0,1,1008.6,1008.5,14,24140.0,4.3,7.2,manila,2026-03-01T03:02:57.398522
2026-03-01T07:00,28.1,65,20.9,32.5,0,0.0,0.0,0.0,0.0,0.0,1,1007.6,1007.5,38,24140.0,4.8,6.8,manila,2026-03-01T03:02:57.398522
2026-03-01T08:00,28.8,65,21.6,32.8,0,0.0,0.0,0.0,0.0,0.0,1,1007.4,1007.3,12,24140.0,4.6,6.8,manila,2026-03-01T03:02:57.398522
2026-03-01T09:00,29.5,67,22.7,34.1,0,0.0,0.0,0.0,0.0,0.0,1,1007.5,1007.4,15,24140.0,4.7,6.8,manila,2026-03-01T03:02:57.398522
2026-03-01T10:00,29.9,72,24.3,35.0,0,0.0,0.0,0.0,0.0,0.0,1,1008.3,1008.2,25,24140.0,8.2,11.2,manila,2026-03-01T03:02:57.398522
2026-03-01T11:00,29.4,75,24.5,34.2,0,0.0,0.0,0.0,0.0,0.0,0,1009.0,1008.9,4,24140.0,11.8,15.8,manila,2026-03-01T03:02:57.398522
2026-03-01T12:00,28.8,77,24.4,33.1,0,0.0,0.0,0.0,0.0,0.0,1,1009.9,1009.8,14,24140.0,13.7,18.4,manila,2026-03-01T03:02:57.398522
2026-03-01T13:00,28.4,77,24.0,32.5,0,0.0,0.0,0.0,0.0,0.0,1,1010.5,1010.4,27,24140.0,13.6,18.4,manila,2026-03-01T03:02:57.398522
2026-03-01T14:00,28.1,77,23.7,32.3,0,0.0,0.0,0.0,0.0,0.0,1,1010.5,1010.4,37,24140.0,11.9,18.0,manila,2026-03-01T03:02:57.398522
2026-03-01T15:00,27.8,78,23.6,32.2,0,0.0,0.0,0.0,0.0,0.0,1,1010.5,1010.4,36,24140.0,10.0,16.2,manila,2026-03-01T03:02:57.398522
2026-03-01T16:00,27.5,80,23.8,32.4,0,0.0,0.0,0.0,0.0,0.0,1,1010.3,1010.2,33,24140.0,7.7,13.7,manila,2026-03-01T03:02:57.398522
2026-03-01T17:00,27.4,81,23.8,32.7,0,0.0,0.0,0.0,0.0,0.0,1,1010.1,1010.0,35,24140.0,4.8,10.4,manila,2026-03-01T03:02:57.398522
2026-03-01T18:00,27.2,81,23.7,32.6,0,0.0,0.0,0.0,0.0,0.0,1,1009.5,1009.4,41,24140.0,3.7,6.8,manila,2026-03-01T03:02:57.398522
2026-03-01T19:00,27.1,81,23.6,32.3,3,0.0,0.0,0.0,0.0,0.0,2,1009.4,1009.3,49,24140.0,4.6,6.1,manila,2026-03-01T03:02:57.398522
2026-03-01T20:00,27.1,81,23.6,32.1,5,0.0,0.0,0.0,0.0,0.0,2,1009.4,1009.3,57,24140.0,5.4,7.6,manila,2026-03-01T03:02:57.398522
2026-03-01T21:00,27.0,82,23.7,31.9,5,0.0,0.0,0.0,0.0,0.0,2,1009.7,1009.6,52,24140.0,7.1,9.7,manila,2026-03-01T03:02:57.398522
2026-03-01T22:00,26.7,82,23.4,31.3,3,0.0,0.0,0.0,0.0,0.0,2,1010.5,1010.4,47,24140.0,8.3,11.5,manila,2026-03-01T03:02:57.398522
2026-03-01T23:00,26.5,83,23.4,30.9,0,0.0,0.0,0.0,0.0,0.0,2,1011.1,1011.0,53,24140.0,9.0,12.2,manila,2026-03-01T03:02:57.398522
2026-03-01T00:00,3.9,90,2.4,0.7,0,0.0,0.0,0.0,0.0,0.0,0,1021.1,1007.0,6,6760.0,9.7,16.6,warsaw,2026-03-01T03:02:59.865680
2026-03-01T01:00,3.5,90,2.0,0.4,0,0.0,0.0,0.0,0.0,0.0,1,1020.8,1006.7,41,7020.0,9.4,16.6,warsaw,2026-03-01T03:02:59.865680
2026-03-01T02:00,3.6,88,1.8,0.4,0,0.0,0.0,0.0,0.0,0.0,1,1020.7,1006.6,46,7660.0,9.4,15.8,warsaw,2026-03-01T03:02:59.865680
2026-03-01T03:00,3.8,88,2.0,0.7,0,0.0,0.0,0.0,0.0,0.0,3,1020.5,1006.4,89,7980.0,9.0,15.5,warsaw,2026-03-01T03:02:59.865680
2026-03-01T04:00,4.1,89,2.4,1.1,0,0.0,0.0,0.0,0.0,0.0,1,1020.7,1006.6,48,7480.0,8.3,16.2,warsaw,2026-03-01T03:02:59.865680
2026-03-01T05:00,4.0,89,2.4,1.0,0,0.0,0.0,0.0,0.0,0.0,2,1021.3,1007.2,75,50000.0,8.6,15.1,warsaw,2026-03-01T03:02:59.865680
2026-03-01T06:00,4.9,88,3.0,1.1,0,0.0,0.0,0.0,0.0,0.0,3,1021.5,1007.4,89,50000.0,15.1,29.5,warsaw,2026-03-01T03:02:59.865680
2026-03-01T07:00,5.4,86,3.2,1.4,0,0.0,0.0,0.0,0.0,0.0,3,1021.8,1007.8,89,8660.0,16.6,33.5,warsaw,2026-03-01T03:02:59.865680
2026-03-01T08:00,6.4,83,3.7,3.1,0,0.0,0.0,0.0,0.0,0.0,2,1022.1,1008.1,77,50000.0,12.6,32.4,warsaw,2026-03-01T03:02:59.865680
2026-03-01T09:00,7.5,78,3.9,4.0,0,0.0,0.0,0.0,0.0,0.0,3,1022.7,1008.7,89,12200.0,13.7,28.8,warsaw,2026-03-01T03:02:59.865680
2026-03-01T10:00,9.1,73,4.5,5.9,0,0.0,0.0,0.0,0.0,0.0,3,1023.2,1009.3,98,14220.0,13.0,28.4,warsaw,2026-03-01T03:02:59.865680
2026-03-01T11:00,10.6,67,4.7,7.6,0,0.0,0.0,0.0,0.0,0.0,0,1023.5,1009.7,3,50000.0,11.9,27.0,warsaw,2026-03-01T03:02:59.865680
2026-03-01T12:00,11.4,67,5.5,8.4,0,0.0,0.0,0.0,0.0,0.0,1,1023.5,1009.7,31,50000.0,13.0,27.7,warsaw,2026-03-01T03:02:59.865680
2026-03-01T13:00,11.4,69,5.9,7.9,0,0.0,0.0,0.0,0.0,0.0,3,1023.3,1009.5,100,15900.0,16.6,34.2,warsaw,2026-03-01T03:02:59.865680
2026-03-01T14:00,10.8,69,5.3,7.1,0,0.0,0.0,0.0,0.0,0.0,3,1023.6,1009.8,100,50000.0,17.3,36.0,warsaw,2026-03-01T03:02:59.865680
2026-03-01T15:00,10.1,71,5.1,6.6,0,0.0,0.0,0.0,0.0,0.0,3,1024.2,1010.4,99,50000.0,15.8,34.9,warsaw,2026-03-01T03:02:59.865680
2026-03-01T16:00,9.6,72,4.8,6.4,0,0.0,0.0,0.0,0.0,0.0,3,1024.6,1010.7,100,50000.0,13.0,31.3,warsaw,2026-03-01T03:02:59.865680
2026-03-01T17:00,8.0,78,4.4,4.8,0,0.0,0.0,0.0,0.0,0.0,3,1024.8,1010.8,100,12380.0,12.6,30.2,warsaw,2026-03-01T03:02:59.865680
2026-03-01T18:00,7.4,75,3.2,4.0,0,0.0,0.0,0.0,0.0,0.0,3,1025.2,1011.2,100,13360.0,12.6,24.8,warsaw,2026-03-01T03:02:59.865680
2026-03-01T19:00,7.1,76,3.2,3.9,0,0.0,0.0,0.0,0.0,0.0,3,1025.5,1011.5,100,13100.0,11.5,23.8,warsaw,2026-03-01T03:02:59.865680
2026-03-01T20:00,7.2,75,3.0,4.0,0,0.0,0.0,0.0,0.0,0.0,3,1025.8,1011.8,100,50000.0,10.4,22.0,warsaw,2026-03-01T03:02:59.865680
2026-03-01T21:00,7.0,77,3.3,4.4,0,0.0,0.0,0.0,0.0,0.0,3,1025.7,1011.7,100,12640.0,7.6,20.2,warsaw,2026-03-01T03:02:59.865680
2026-03-01T22:00,6.8,82,3.9,4.2,0,0.0,0.0,0.0,0.0,0.0,3,1025.8,1011.8,100,50000.0,7.9,14.4,warsaw,2026-03-01T03:02:59.865680
2026-03-01T23:00,6.3,82,3.4,3.6,0,0.0,0.0,0.0,0.0,0.0,3,1025.7,1011.6,100,50000.0,7.6,14.4,warsaw,2026-03-01T03:02:59.865680
2026-03-01T00:00,8.8,89,7.0,7.7,0,0.0,0.0,0.0,0.0,0.0,2,1024.5,1023.8,45,28760.0,2.2,4.3,aveiro,2026-03-01T03:03:02.335074
2026-03-01T01:00,8.1,89,6.4,6.9,0,0.0,0.0,0.0,0.0,0.0,1,1024.1,1023.4,30,28780.0,1.9,1.8,aveiro,2026-03-01T03:03:02.335074
2026-03-01T02:00,7.2,89,5.5,5.7,0,0.0,0.0,0.0,0.0,0.0,3,1023.7,1023.0,100,23140.0,2.2,2.2,aveiro,2026-03-01T03:03:02.335074
2026-03-01T03:00,6.5,91,5.1,4.8,0,0.0,0.0,0.0,0.0,0.0,3,1023.3,1022.6,100,23060.0,3.1,4.0,aveiro,2026-03-01T03:03:02.335074
2026-03-01T04:00,5.9,96,5.3,4.2,0,0.0,0.0,0.0,0.0,0.0,45,1022.9,1022.1,98,8640.0,3.6,6.8,aveiro,2026-03-01T03:03:02.335074
2026-03-01T05:00,5.8,95,5.1,3.9,0,0.0,0.0,0.0,0.0,0.0,45,1022.9,1022.1,99,12560.0,5.1,9.4,aveiro,2026-03-01T03:03:02.335074
2026-03-01T06:00,5.7,97,5.2,3.8,0,0.0,0.0,0.0,0.0,0.0,45,1022.8,1022.0,91,5620.0,4.4,8.6,aveiro,2026-03-01T03:03:02.335074
2026-03-01T07:00,5.5,96,4.9,3.5,0,0.0,0.0,0.0,0.0,0.0,45,1022.5,1021.7,98,6100.0,4.6,7.6,aveiro,2026-03-01T03:03:02.335074
2026-03-01T08:00,5.9,91,4.5,4.0,0,0.0,0.0,0.0,0.0,0.0,3,1022.4,1021.6,94,17240.0,3.4,7.9,aveiro,2026-03-01T03:03:02.335074
2026-03-01T09:00,8.1,85,5.7,6.5,0,0.0,0.0,0.0,0.0,0.0,3,1022.4,1021.7,100,25860.0,3.4,6.1,aveiro,2026-03-01T03:03:02.335074
2026-03-01T10:00,11.3,75,7.0,10.1,0,0.0,0.0,0.0,0.0,0.0,3,1022.6,1021.9,100,35880.0,2.8,7.2,aveiro,2026-03-01T03:03:02.335074
2026-03-01T11:00,13.8,64,7.1,12.6,0,0.0,0.0,0.0,0.0,0.0,2,1022.1,1021.4,85,39500.0,3.1,7.9,aveiro,2026-03-01T03:03:02.335074
2026-03-01T12:00,15.6,59,7.6,14.3,0,0.0,0.0,0.0,0.0,0.0,3,1021.5,1020.8,87,40740.0,7.1,14.0,aveiro,2026-03-01T03:03:02.335074
2026-03-01T13:00,17.0,57,8.4,16.0,0,0.0,0.0,0.0,0.0,0.0,2,1020.5,1019.8,65,40800.0,8.7,17.3,aveiro,2026-03-01T03:03:02.335074
2026-03-01T14:00,17.6,54,8.1,16.5,0,0.0,0.0,0.0,0.0,0.0,2,1019.7,1019.0,40,41200.0,8.6,17.6,aveiro,2026-03-01T03:03:02.335074
2026-03-01T15:00,17.1,64,10.2,15.9,0,0.0,0.0,0.0,0.0,0.0,2,1019.0,1018.3,54,39560.0,10.3,18.0,aveiro,2026-03-01T03:03:02.335074
2026-03-01T16:00,16.1,59,8.1,14.1,0,0.0,0.0,0.0,0.0,0.0,2,1018.5,1017.8,84,40220.0,10.3,19.8,aveiro,2026-03-01T03:03:02.335074
2026-03-01T17:00,15.1,61,7.6,13.3,0,0.0,0.0,0.0,0.0,0.0,1,1018.0,1017.3,22,40060.0,7.9,18.7,aveiro,2026-03-01T03:03:02.335074
2026-03-01T18:00,13.8,67,7.8,12.5,0,0.0,0.0,0.0,0.0,0.0,2,1017.8,1017.1,80,39220.0,4.8,14.8,aveiro,2026-03-01T03:03:02.335074
2026-03-01T19:00,12.5,77,8.6,11.7,0,0.0,0.0,0.0,0.0,0.0,2,1017.9,1017.2,57,37280.0,2.7,7.9,aveiro,2026-03-01T03:03:02.335074
2026-03-01T20:00,11.5,81,8.3,10.4,0,0.0,0.0,0.0,0.0,0.0,2,1017.9,1017.2,81,35640.0,3.9,6.5,aveiro,2026-03-01T03:03:02.335074
2026-03-01T21:00,10.8,84,8.2,9.7,0,0.0,0.0,0.0,0.0,0.0,3,1017.8,1017.1,100,32780.0,4.2,6.5,aveiro,2026-03-01T03:03:02.335074
2026-03-01T22:00,10.1,87,8.0,8.7,0,0.0,0.0,0.0,0.0,0.0,3,1017.2,1016.5,100,27560.0,5.4,9.0,aveiro,2026-03-01T03:03:02.335074
2026-03-01T23:00,9.9,88,8.0,8.3,0,0.0,0.0,0.0,0.0,0.0,3,1016.2,1015.5,100,24140.0,7.4,11.9,aveiro,2026-03-01T03:03:02.335074
2026-03-01T00:00,4.9,84,2.5,2.6,0,0.0,0.0,0.0,0.0,0.0,1,1025.5,1001.5,7,29060.0,4.2,10.8,braga,2026-03-01T03:03:39.979817
2026-03-01T01:00,4.4,81,1.4,1.8,0,0.0,0.0,0.0,0.0,0.0,3,1025.0,1001.0,100,30780.0,4.3,10.1,braga,2026-03-01T03:03:39.979817
2026-03-01T02:00,4.1,80,0.9,1.5,0,0.0,0.0,0.0,0.0,0.0,3,1024.6,1000.6,100,31580.0,4.3,10.1,braga,2026-03-01T03:03:39.979817
2026-03-01T03:00,4.0,79,0.7,1.3,0,0.0,0.0,0.0,0.0,0.0,3,1024.1,1000.1,96,32620.0,4.5,10.4,braga,2026-03-01T03:03:39.979817
2026-03-01T04:00,3.8,80,0.6,1.1,0,0.0,0.0,0.0,0.0,0.0,3,1023.6,999.6,100,33260.0,4.5,10.4,braga,2026-03-01T03:03:39.979817
2026-03-01T05:00,3.7,82,0.9,1.1,0,0.0,0.0,0.0,0.0,0.0,3,1023.7,999.7,100,30960.0,4.4,11.5,braga,2026-03-01T03:03:39.979817
2026-03-01T06:00,3.8,83,1.2,1.2,0,0.0,0.0,0.0,0.0,0.0,3,1023.3,999.3,95,31260.0,4.8,11.9,braga,2026-03-01T03:03:39.979817
2026-03-01T07:00,3.5,86,1.4,0.9,0,0.0,0.0,0.0,0.0,0.0,2,1023.0,999.0,84,29900.0,4.9,11.5,braga,2026-03-01T03:03:39.979817
2026-03-01T08:00,3.9,85,1.6,1.3,0,0.0,0.0,0.0,0.0,0.0,1,1022.9,998.9,43,31040.0,4.8,13.7,braga,2026-03-01T03:03:39.979817
2026-03-01T09:00,6.7,82,3.8,4.7,0,0.0,0.0,0.0,0.0,0.0,2,1022.9,999.1,71,27940.0,3.6,12.2,braga,2026-03-01T03:03:39.979817
2026-03-01T10:00,11.2,72,6.4,10.0,0,0.0,0.0,0.0,0.0,0.0,1,1022.5,999.1,28,35460.0,2.2,10.8,braga,2026-03-01T03:03:39.979817
2026-03-01T11:00,13.7,53,4.3,11.8,0,0.0,0.0,0.0,0.0,0.0,3,1021.7,998.5,99,41120.0,3.7,12.6,braga,2026-03-01T03:03:39.979817
2026-03-01T12:00,15.3,49,4.7,13.6,0,0.0,0.0,0.0,0.0,0.0,3,1021.1,998.1,99,41720.0,5.8,15.8,braga,2026-03-01T03:03:39.979817
2026-03-01T13:00,16.3,47,4.9,14.5,0,0.0,0.0,0.0,0.0,0.0,3,1020.1,997.2,91,41820.0,8.3,21.2,braga,2026-03-01T03:03:39.979817
2026-03-01T14:00,16.7,46,5.0,14.6,0,0.0,0.0,0.0,0.0,0.0,2,1019.2,996.3,55,41940.0,9.7,24.5,braga,2026-03-01T03:03:39.979817
2026-03-01T15:00,16.6,46,5.0,13.9,0,0.0,0.0,0.0,0.0,0.0,3,1018.5,995.6,81,41920.0,11.0,27.7,braga,2026-03-01T03:03:39.979817
2026-03-01T16:00,15.9,49,5.2,13.2,0,0.0,0.0,0.0,0.0,0.0,1,1017.8,994.9,23,41540.0,10.9,28.1,braga,2026-03-01T03:03:39.979817
2026-03-01T17:00,14.8,54,5.6,12.4,0,0.0,0.0,0.0,0.0,0.0,3,1017.5,994.5,96,40880.0,8.9,26.6,braga,2026-03-01T03:03:39.979817
2026-03-01T18:00,13.4,58,5.3,11.4,0,0.0,0.0,0.0,0.0,0.0,2,1017.3,994.2,62,40340.0,5.4,22.3,braga,2026-03-01T03:03:39.979817
2026-03-01T19:00,11.2,68,5.5,9.5,0,0.0,0.0,0.0,0.0,0.0,3,1017.4,994.1,100,38540.0,4.4,15.5,braga,2026-03-01T03:03:39.979817
2026-03-01T20:00,9.8,72,5.0,7.9,0,0.0,0.0,0.0,0.0,0.0,3,1017.7,994.3,100,37020.0,4.2,11.9,braga,2026-03-01T03:03:39.979817
2026-03-01T21:00,8.9,72,4.1,6.8,0,0.0,0.0,0.0,0.0,0.0,3,1017.4,993.9,100,37500.0,4.7,11.9,braga,2026-03-01T03:03:39.979817
2026-03-01T22:00,8.1,80,4.9,6.2,0,0.0,0.0,0.0,0.0,0.0,3,1016.8,993.3,100,32980.0,5.0,13.3,braga,2026-03-01T03:03:39.979817
2026-03-01T23:00,8.0,84,5.5,6.1,0,0.0,0.0,0.0,0.0,0.0,3,1015.8,992.3,100,29560.0,5.4,13.7,braga,2026-03-01T03:03:39.979817
2026-03-01T00:00,7.6,96,7.0,6.4,0,0.0,0.0,0.0,0.0,0.0,45,1024.7,1021.2,40,11260.0,3.1,5.4,coimbra,2026-03-01T03:03:42.447512
2026-03-01T01:00,6.8,99,6.6,5.4,0,0.0,0.0,0.0,0.0,0.0,45,1024.3,1020.8,78,2560.0,3.6,6.1,coimbra,2026-03-01T03:03:42.447512
2026-03-01T02:00,6.1,99,6.0,4.6,0,0.0,0.0,0.0,0.0,0.0,45,1023.9,1020.4,76,940.0,3.9,7.2,coimbra,2026-03-01T03:03:42.447512
2026-03-01T03:00,5.5,99,5.3,3.7,0,0.0,0.0,0.0,0.0,0.0,45,1023.5,1020.0,100,1560.0,4.2,8.3,coimbra,2026-03-01T03:03:42.447512
2026-03-01T04:00,5.0,99,4.9,3.1,0,0.0,0.0,0.0,0.0,0.0,45,1023.1,1019.6,100,1660.0,5.0,9.4,coimbra,2026-03-01T03:03:42.447512
2026-03-01T05:00,4.9,97,4.4,2.8,0,0.0,0.0,0.0,0.0,0.0,45,1023.4,1019.9,85,2320.0,5.2,10.4,coimbra,2026-03-01T03:03:42.447512
2026-03-01T06:00,5.1,94,4.2,2.8,0,0.0,0.0,0.0,0.0,0.0,3,1023.0,1019.5,98,9440.0,6.1,12.6,coimbra,2026-03-01T03:03:42.447512
2026-03-01T07:00,5.1,94,4.2,3.0,0,0.0,0.0,0.0,0.0,0.0,3,1022.7,1019.2,100,7440.0,5.4,12.2,coimbra,2026-03-01T03:03:42.447512
2026-03-01T08:00,5.7,92,4.5,3.6,0,0.0,0.0,0.0,0.0,0.0,3,1022.6,1019.1,100,13960.0,5.8,11.5,coimbra,2026-03-01T03:03:42.447512
2026-03-01T09:00,8.9,83,6.1,7.4,0,0.0,0.0,0.0,0.0,0.0,3,1022.6,1019.1,93,25340.0,3.3,11.2,coimbra,2026-03-01T03:03:42.447512
2026-03-01T10:00,11.9,63,5.1,10.1,0,0.0,0.0,0.0,0.0,0.0,3,1022.8,1019.4,100,39520.0,3.7,9.0,coimbra,2026-03-01T03:03:42.447512
2026-03-01T11:00,14.2,57,5.8,12.7,0,0.0,0.0,0.0,0.0,0.0,3,1022.1,1018.7,100,40800.0,3.6,9.7,coimbra,2026-03-01T03:03:42.447512
2026-03-01T12:00,16.0,56,7.3,15.2,0,0.0,0.0,0.0,0.0,0.0,3,1021.5,1018.1,95,40780.0,2.2,9.7,coimbra,2026-03-01T03:03:42.447512
2026-03-01T13:00,17.4,53,7.7,17.3,0,0.0,0.0,0.0,0.0,0.0,1,1020.5,1017.1,36,41080.0,1.6,7.9,coimbra,2026-03-01T03:03:42.447512
2026-03-01T14:00,18.6,57,9.9,18.6,0,0.0,0.0,0.0,0.0,0.0,1,1019.5,1016.2,15,40580.0,5.9,14.8,coimbra,2026-03-01T03:03:42.447512
2026-03-01T15:00,19.2,49,8.3,17.5,0,0.0,0.0,0.0,0.0,0.0,2,1018.7,1015.4,44,41760.0,10.4,23.4,coimbra,2026-03-01T03:03:42.447512
2026-03-01T16:00,18.8,51,8.5,16.7,0,0.0,0.0,0.0,0.0,0.0,2,1017.9,1014.6,67,41440.0,11.5,25.6,coimbra,2026-03-01T03:03:42.447512
2026-03-01T17:00,17.9,54,8.4,16.0,0,0.0,0.0,0.0,0.0,0.0,2,1017.7,1014.4,79,41120.0,9.8,25.2,coimbra,2026-03-01T03:03:42.447512
2026-03-01T18:00,15.6,66,9.2,14.6,0,0.0,0.0,0.0,0.0,0.0,1,1017.8,1014.4,25,39120.0,5.7,20.9,coimbra,2026-03-01T03:03:42.447512
2026-03-01T19:00,13.4,74,8.8,12.5,0,0.0,0.0,0.0,0.0,0.0,2,1017.9,1014.5,57,36800.0,3.6,11.9,coimbra,2026-03-01T03:03:42.447512
2026-03-01T20:00,12.1,79,8.5,11.3,0,0.0,0.0,0.0,0.0,0.0,1,1018.1,1014.7,35,34440.0,2.5,6.5,coimbra,2026-03-01T03:03:42.447512
2026-03-01T21:00,11.4,81,8.3,10.7,0,0.0,0.0,0.0,0.0,0.0,2,1018.0,1014.6,70,32980.0,1.8,4.3,coimbra,2026-03-01T03:03:42.447512
2026-03-01T22:00,10.7,86,8.5,9.9,0,0.0,0.0,0.0,0.0,0.0,3,1017.6,1014.2,100,28460.0,2.7,4.7,coimbra,2026-03-01T03:03:42.447512
2026-03-01T23:00,10.0,89,8.2,9.1,0,0.0,0.0,0.0,0.0,0.0,3,1016.7,1013.3,100,23020.0,3.1,5.8,coimbra,2026-03-01T03:03:42.447512
2026-03-01T00:00,13.7,67,7.7,11.3,0,0.0,0.0,0.0,0.0,0.0,1,1026.0,1014.0,11,40340.0,12.6,47.2,funchal,2026-03-01T03:03:44.929704
2026-03-01T01:00,13.5,57,5.2,10.4,0,0.0,0.0,0.0,0.0,0.0,0,1025.8,1013.8,0,41440.0,13.4,50.0,funchal,2026-03-01T03:03:44.929704
2026-03-01T02:00,13.5,74,9.0,11.4,0,0.0,0.0,0.0,0.0,0.0,2,1025.2,1013.2,39,39180.0,13.0,52.2,funchal,2026-03-01T03:03:44.929704
2026-03-01T03:00,13.5,68,7.7,10.9,0,0.0,0.0,0.0,0.0,0.0,1,1024.4,1012.4,21,40560.0,13.3,52.6,funchal,2026-03-01T03:03:44.929704
2026-03-01T04:00,13.6,78,9.8,11.8,0,0.0,0.0,0.0,0.0,0.0,2,1024.0,1012.0,50,24940.0,11.9,52.6,funchal,2026-03-01T03:03:44.929704
2026-03-01T05:00,13.5,79,10.0,12.0,0,0.0,0.0,0.0,0.0,0.0,2,1023.7,1011.7,48,36260.0,10.8,49.0,funchal,2026-03-01T03:03:44.929704
2026-03-01T06:00,13.5,86,11.2,12.5,0,0.0,0.0,0.0,0.0,0.0,2,1023.7,1011.7,59,18740.0,10.1,43.6,funchal,2026-03-01T03:03:44.929704
2026-03-01T07:00,13.5,77,9.5,11.8,0,0.0,0.0,0.0,0.0,0.0,2,1023.6,1011.6,38,39140.0,10.9,39.2,funchal,2026-03-01T03:03:44.929704
2026-03-01T08:00,13.3,70,8.0,11.2,0,0.0,0.0,0.0,0.0,0.0,0,1023.9,1011.9,0,40280.0,11.2,37.1,funchal,2026-03-01T03:03:44.929704
2026-03-01T09:00,14.6,59,6.7,12.5,0,0.0,0.0,0.0,0.0,0.0,0,1023.9,1012.0,0,41060.0,8.8,36.7,funchal,2026-03-01T03:03:44.929704
2026-03-01T10:00,16.1,56,7.4,14.6,0,0.0,0.0,0.0,0.0,0.0,0,1023.5,1011.6,3,40720.0,5.8,36.4,funchal,2026-03-01T03:03:44.929704
2026-03-01T11:00,17.3,60,9.5,16.7,0,0.0,0.0,0.0,0.0,0.0,1,1023.3,1011.5,23,40100.0,3.1,32.0,funchal,2026-03-01T03:03:44.929704
2026-03-01T12:00,18.1,65,11.5,19.4,0,0.0,0.0,0.0,0.0,0.0,2,1023.2,1011.4,41,38280.0,0.7,29.2,funchal,2026-03-01T03:03:44.929704
2026-03-01T13:00,18.5,67,12.2,20.3,0,0.0,0.0,0.0,0.0,0.0,2,1023.1,1011.3,66,35720.0,1.1,28.1,funchal,2026-03-01T03:03:44.929704
2026-03-01T14:00,18.2,69,12.5,19.9,0,0.0,0.0,0.0,0.0,0.0,2,1022.3,1010.5,63,32940.0,2.2,24.5,funchal,2026-03-01T03:03:44.929704
2026-03-01T15:00,18.4,69,12.6,19.6,0,0.0,0.0,0.0,0.0,0.0,2,1021.6,1009.8,74,33520.0,2.5,24.1,funchal,2026-03-01T03:03:44.929704
2026-03-01T16:00,17.8,75,13.3,18.4,0,0.0,0.0,0.0,0.0,0.0,3,1021.1,1009.3,81,27540.0,2.9,22.0,funchal,2026-03-01T03:03:44.929704
2026-03-01T17:00,17.2,76,12.9,17.9,0,0.0,0.0,0.0,0.0,0.0,3,1020.9,1009.1,92,29040.0,1.8,22.0,funchal,2026-03-01T03:03:44.929704
2026-03-01T18:00,16.6,80,13.2,17.3,0,0.0,0.0,0.0,0.0,0.0,3,1020.9,1009.1,99,28520.0,2.5,22.0,funchal,2026-03-01T03:03:44.929704
2026-03-01T19:00,15.5,86,13.2,16.3,0,0.0,0.0,0.0,0.0,0.0,3,1021.2,1009.3,100,23600.0,1.8,19.8,funchal,2026-03-01T03:03:44.929704
2026-03-01T20:00,14.6,92,13.4,15.3,0,0.0,0.0,0.0,0.0,0.0,3,1021.7,1009.8,88,22000.0,2.9,15.5,funchal,2026-03-01T03:03:44.929704
2026-03-01T21:00,14.1,86,11.8,14.1,0,0.0,0.0,0.0,0.0,0.0,3,1021.8,1009.9,100,29300.0,4.2,13.7,funchal,2026-03-01T03:03:44.929704
2026-03-01T22:00,14.2,65,7.8,13.0,0,0.0,0.0,0.0,0.0,0.0,3,1021.6,1009.7,100,37000.0,4.8,16.2,funchal,2026-03-01T03:03:44.929704
2026-03-01T23:00,14.2,57,5.8,12.5,0,0.0,0.0,0.0,0.0,0.0,3,1020.9,1009.0,100,40280.0,4.5,20.2,funchal,2026-03-01T03:03:44.929704
2026-03-01T00:00,11.1,76,7.0,9.6,0,0.0,0.0,0.0,0.0,0.0,0,1024.0,1014.5,0,35740.0,4.7,14.8,lisbon,2026-03-01T03:03:47.749354
2026-03-01T01:00,10.6,81,7.5,9.4,0,0.0,0.0,0.0,0.0,0.0,0,1023.6,1014.0,1,32920.0,3.8,11.2,lisbon,2026-03-01T03:03:47.749354
2026-03-01T02:00,10.0,84,7.4,8.7,0,0.0,0.0,0.0,0.0,0.0,0,1022.8,1013.2,3,29420.0,4.0,8.6,lisbon,2026-03-01T03:03:47.749354
2026-03-01T03:00,9.6,86,7.3,8.3,0,0.0,0.0,0.0,0.0,0.0,1,1022.4,1012.8,15,27220.0,4.2,9.0,lisbon,2026-03-01T03:03:47.749354
2026-03-01T04:00,9.3,87,7.3,8.0,0,0.0,0.0,0.0,0.0,0.0,2,1022.2,1012.6,61,25800.0,4.1,9.0,lisbon,2026-03-01T03:03:47.749354
2026-03-01T05:00,9.2,89,7.4,7.9,0,0.0,0.0,0.0,0.0,0.0,3,1022.6,1013.0,100,24220.0,4.0,9.0,lisbon,2026-03-01T03:03:47.749354
2026-03-01T06:00,9.2,89,7.4,7.9,0,0.0,0.0,0.0,0.0,0.0,3,1022.7,1013.1,100,24140.0,4.0,8.3,lisbon,2026-03-01T03:03:47.749354
2026-03-01T07:00,9.4,87,7.3,8.2,0,0.0,0.0,0.0,0.0,0.0,3,1022.3,1012.7,92,26500.0,3.1,7.9,lisbon,2026-03-01T03:03:47.749354
2026-03-01T08:00,9.4,87,7.4,8.3,0,0.0,0.0,0.0,0.0,0.0,2,1022.4,1012.8,72,24180.0,3.2,7.9,lisbon,2026-03-01T03:03:47.749354
2026-03-01T09:00,10.1,83,7.4,8.9,0,0.0,0.0,0.0,0.0,0.0,2,1022.5,1012.9,53,24720.0,3.4,10.1,lisbon,2026-03-01T03:03:47.749354
2026-03-01T10:00,11.3,75,7.0,9.9,0,0.0,0.0,0.0,0.0,0.0,3,1022.9,1013.4,94,33260.0,4.3,13.7,lisbon,2026-03-01T03:03:47.749354
2026-03-01T11:00,12.7,67,6.7,11.4,0,0.0,0.0,0.0,0.0,0.0,3,1022.4,1012.9,90,37380.0,3.3,13.0,lisbon,2026-03-01T03:03:47.749354
2026-03-01T12:00,14.0,61,6.6,13.3,0,0.0,0.0,0.0,0.0,0.0,3,1022.0,1012.6,100,39160.0,3.6,11.5,lisbon,2026-03-01T03:03:47.749354
2026-03-01T13:00,15.2,57,6.7,14.5,0,0.0,0.0,0.0,0.0,0.0,3,1021.1,1011.7,97,40160.0,3.5,11.9,lisbon,2026-03-01T03:03:47.749354
2026-03-01T14:00,16.4,57,7.8,15.8,0,0.0,0.0,0.0,0.0,0.0,2,1020.3,1011.0,68,40220.0,4.9,14.4,lisbon,2026-03-01T03:03:47.749354
2026-03-01T15:00,16.9,55,7.8,15.5,0,0.0,0.0,0.0,0.0,0.0,1,1019.5,1010.2,26,40380.0,8.7,23.0,lisbon,2026-03-01T03:03:47.749354
2026-03-01T16:00,16.5,53,6.9,14.2,0,0.0,0.0,0.0,0.0,0.0,0,1019.0,1009.7,2,40800.0,10.0,24.8,lisbon,2026-03-01T03:03:47.749354
2026-03-01T17:00,15.9,56,7.1,13.8,0,0.0,0.0,0.0,0.0,0.0,0,1018.6,1009.3,3,40540.0,9.3,24.5,lisbon,2026-03-01T03:03:47.749354
2026-03-01T18:00,15.0,59,7.0,13.0,0,0.0,0.0,0.0,0.0,0.0,0,1018.5,1009.1,5,40220.0,8.0,22.3,lisbon,2026-03-01T03:03:47.749354
2026-03-01T19:00,14.0,63,7.1,12.5,0,0.0,0.0,0.0,0.0,0.0,0,1018.4,1009.0,0,39780.0,5.5,18.4,lisbon,2026-03-01T03:03:47.749354
2026-03-01T20:00,13.2,68,7.4,11.9,0,0.0,0.0,0.0,0.0,0.0,1,1018.4,1009.0,37,38760.0,4.4,12.6,lisbon,2026-03-01T03:03:47.749354
2026-03-01T21:00,12.5,75,8.2,11.3,0,0.0,0.0,0.0,0.0,0.0,1,1018.2,1008.8,49,35820.0,4.4,10.1,lisbon,2026-03-01T03:03:47.749354
2026-03-01T22:00,12.0,80,8.6,10.9,0,0.0,0.0,0.0,0.0,0.0,2,1018.1,1008.6,68,32820.0,4.9,11.5,lisbon,2026-03-01T03:03:47.749354
2026-03-01T23:00,11.6,86,9.4,10.7,0,0.0,0.0,0.0,0.0,0.0,3,1017.3,1007.8,100,27300.0,5.1,11.5,lisbon,2026-03-01T03:03:47.749354
2026-03-01T00:00,7.9,91,6.5,6.4,0,0.0,0.0,0.0,0.0,0.0,1,1024.8,1012.8,44,20840.0,4.2,10.1,porto,2026-03-01T03:05:05.564003
2026-03-01T01:00,7.1,93,6.0,5.4,0,0.0,0.0,0.0,0.0,0.0,3,1024.3,1012.3,99,17320.0,4.5,11.5,porto,2026-03-01T03:05:05.564003
2026-03-01T02:00,6.5,93,5.4,4.7,0,0.0,0.0,0.0,0.0,0.0,3,1024.0,1012.0,100,17000.0,4.7,11.5,porto,2026-03-01T03:05:05.564003
2026-03-01T03:00,6.1,92,4.9,4.2,0,0.0,0.0,0.0,0.0,0.0,3,1023.5,1011.4,100,17780.0,5.0,12.2,porto,2026-03-01T03:05:05.564003
2026-03-01T04:00,6.0,93,4.9,4.0,0,0.0,0.0,0.0,0.0,0.0,3,1023.0,1010.9,92,17200.0,5.4,13.3,porto,2026-03-01T03:05:05.564003
2026-03-01T05:00,6.0,93,5.0,4.0,0,0.0,0.0,0.0,0.0,0.0,3,1023.0,1010.9,100,17120.0,5.4,14.4,porto,2026-03-01T03:05:05.564003
2026-03-01T06:00,5.8,92,4.6,3.6,0,0.0,0.0,0.0,0.0,0.0,2,1022.8,1010.7,82,18640.0,5.8,14.4,porto,2026-03-01T03:05:05.564003
2026-03-01T07:00,5.7,89,4.1,3.5,0,0.0,0.0,0.0,0.0,0.0,3,1022.5,1010.4,100,23400.0,5.4,15.1,porto,2026-03-01T03:05:05.564003
2026-03-01T08:00,6.0,85,3.7,3.7,0,0.0,0.0,0.0,0.0,0.0,3,1022.4,1010.3,93,27240.0,5.4,14.8,porto,2026-03-01T03:05:05.564003
2026-03-01T09:00,7.9,81,4.8,6.0,0,0.0,0.0,0.0,0.0,0.0,3,1022.6,1010.6,98,31560.0,4.3,14.0,porto,2026-03-01T03:05:05.564003
2026-03-01T10:00,11.1,62,4.1,9.2,0,0.0,0.0,0.0,0.0,0.0,1,1022.6,1010.8,44,39540.0,3.9,13.3,porto,2026-03-01T03:05:05.564003
2026-03-01T11:00,13.7,54,4.5,11.8,0,0.0,0.0,0.0,0.0,0.0,3,1021.9,1010.2,96,40700.0,3.6,14.0,porto,2026-03-01T03:05:05.564003
2026-03-01T12:00,15.3,48,4.3,13.4,0,0.0,0.0,0.0,0.0,0.0,3,1021.4,1009.7,100,41540.0,6.2,17.3,porto,2026-03-01T03:05:05.564003
2026-03-01T13:00,15.4,47,4.1,13.5,0,0.0,0.0,0.0,0.0,0.0,3,1020.8,1009.2,80,41480.0,8.2,21.6,porto,2026-03-01T03:05:05.564003
2026-03-01T14:00,15.1,45,3.3,12.8,0,0.0,0.0,0.0,0.0,0.0,2,1020.0,1008.4,67,41860.0,8.7,24.1,porto,2026-03-01T03:05:05.564003
2026-03-01T15:00,15.1,50,4.7,12.7,0,0.0,0.0,0.0,0.0,0.0,3,1019.2,1007.6,84,41100.0,8.7,23.8,porto,2026-03-01T03:05:05.564003
2026-03-01T16:00,14.6,55,5.6,12.2,0,0.0,0.0,0.0,0.0,0.0,1,1018.4,1006.8,20,40440.0,8.7,23.8,porto,2026-03-01T03:05:05.564003
2026-03-01T17:00,13.8,58,5.7,11.5,0,0.0,0.0,0.0,0.0,0.0,3,1018.0,1006.3,100,40260.0,8.4,23.4,porto,2026-03-01T03:05:05.564003
2026-03-01T18:00,12.9,64,6.2,10.9,0,0.0,0.0,0.0,0.0,0.0,1,1017.7,1006.0,40,39400.0,6.9,21.2,porto,2026-03-01T03:05:05.564003
2026-03-01T19:00,11.9,77,8.0,10.6,0,0.0,0.0,0.0,0.0,0.0,2,1017.6,1005.9,68,34700.0,5.1,17.3,porto,2026-03-01T03:05:05.564003
2026-03-01T20:00,11.1,87,9.0,10.3,0,0.0,0.0,0.0,0.0,0.0,3,1017.8,1006.0,100,26020.0,4.0,12.2,porto,2026-03-01T03:05:05.564003
2026-03-01T21:00,10.9,91,9.5,10.0,0,0.0,0.0,0.0,0.0,0.0,3,1017.4,1005.6,100,20920.0,5.4,13.7,porto,2026-03-01T03:05:05.564003
2026-03-01T22:00,10.8,85,8.4,9.4,0,0.0,0.0,0.0,0.0,0.0,3,1016.7,1004.9,97,27480.0,7.2,19.1,porto,2026-03-01T03:05:05.564003
2026-03-01T23:00,10.7,82,7.7,8.8,0,0.0,0.0,0.0,0.0,0.0,3,1015.7,1003.9,100,30560.0,8.6,21.6,porto,2026-03-01T03:05:05.564003
2026-03-01T00:00,17.8,68,11.9,16.9,0,0.0,0.0,0.0,0.0,0.0,1,1009.4,1008.6,20,24140.0,10.4,18.0,doha,2026-03-01T03:05:08.029667
2026-03-01T01:00,17.6,69,11.8,16.6,0,0.0,0.0,0.0,0.0,0.0,2,1009.3,1008.5,68,24140.0,10.8,17.6,doha,2026-03-01T03:05:08.029667
2026-03-01T02:00,17.5,82,14.4,17.2,0,0.0,0.0,0.0,0.0,0.0,2,1010.3,1009.5,80,24140.0,12.0,20.2,doha,2026-03-01T03:05:08.029667
2026-03-01T03:00,17.7,90,16.1,18.2,0,0.0,0.0,0.0,0.0,0.0,3,1010.9,1010.1,100,24140.0,10.9,19.8,doha,2026-03-01T03:05:08.029667
2026-03-01T04:00,18.3,84,15.5,18.6,0,0.0,0.0,0.0,0.0,0.0,3,1011.8,1011.0,100,24140.0,10.9,18.0,doha,2026-03-01T03:05:08.029667
2026-03-01T05:00,19.6,73,14.7,19.3,0,0.0,0.0,0.0,0.0,0.0,3,1012.8,1012.0,100,24140.0,13.2,22.0,doha,2026-03-01T03:05:08.029667
2026-03-01T06:00,21.5,64,14.4,20.6,0,0.0,0.0,0.0,0.0,0.0,3,1013.3,1012.5,100,24140.0,16.3,27.7,doha,2026-03-01T03:05:08.029667
2026-03-01T07:00,23.6,57,14.6,22.5,0,0.0,0.0,0.0,0.0,0.0,3,1013.1,1012.3,99,24140.0,18.8,31.7,doha,2026-03-01T03:05:08.029667
2026-03-01T08:00,25.2,47,13.1,24.3,0,0.0,0.0,0.0,0.0,0.0,3,1012.5,1011.7,100,24140.0,18.8,32.0,doha,2026-03-01T03:05:08.029667
2026-03-01T09:00,26.6,37,10.8,25.2,0,0.0,0.0,0.0,0.0,0.0,3,1011.4,1010.6,100,24140.0,19.1,32.4,doha,2026-03-01T03:05:08.029667
2026-03-01T10:00,27.3,34,10.1,26.0,0,0.0,0.0,0.0,0.0,0.0,3,1010.5,1009.7,100,24140.0,18.4,32.4,doha,2026-03-01T03:05:08.029667
2026-03-01T11:00,27.2,33,9.6,25.1,0,0.0,0.0,0.0,0.0,0.0,3,1010.0,1009.2,100,24140.0,18.1,31.3,doha,2026-03-01T03:05:08.029667
2026-03-01T12:00,26.6,35,9.9,23.9,0,0.0,0.0,0.0,0.0,0.0,3,1009.6,1008.8,100,24140.0,18.6,32.0,doha,2026-03-01T03:05:08.029667
2026-03-01T13:00,25.6,40,11.0,23.4,0,0.0,0.0,0.0,0.0,0.0,3,1009.5,1008.7,100,24140.0,17.3,31.7,doha,2026-03-01T03:05:08.029667
2026-03-01T14:00,24.4,46,12.0,22.9,0,0.0,0.0,0.0,0.0,0.0,3,1010.0,1009.2,100,24140.0,14.3,29.2,doha,2026-03-01T03:05:08.029667
2026-03-01T15:00,23.3,53,13.2,22.8,0,0.0,0.0,0.0,0.0,0.0,3,1010.9,1010.1,95,24140.0,11.0,23.8,doha,2026-03-01T03:05:08.029667
2026-03-01T16:00,22.3,58,13.7,22.2,3,0.0,0.0,0.0,0.0,0.0,3,1011.5,1010.7,100,24140.0,9.2,18.0,doha,2026-03-01T03:05:08.029667
2026-03-01T17:00,21.6,59,13.2,21.2,0,0.0,0.0,0.0,0.0,0.0,3,1011.7,1010.9,100,24140.0,9.8,16.2,doha,2026-03-01T03:05:08.029667
2026-03-01T18:00,20.7,60,12.7,19.7,0,0.0,0.0,0.0,0.0,0.0,3,1011.6,1010.8,100,24140.0,12.7,20.5,doha,2026-03-01T03:05:08.029667
2026-03-01T19:00,19.9,66,13.4,18.9,0,0.0,0.0,0.0,0.0,0.0,3,1011.4,1010.6,100,24140.0,14.8,24.1,doha,2026-03-01T03:05:08.029667
2026-03-01T20:00,19.5,71,14.1,18.7,0,0.0,0.0,0.0,0.0,0.0,3,1011.1,1010.3,100,24140.0,14.8,25.2,doha,2026-03-01T03:05:08.029667
2026-03-01T21:00,19.2,74,14.4,18.8,3,0.0,0.0,0.0,0.0,0.0,3,1010.9,1010.1,100,24140.0,12.9,24.1,doha,2026-03-01T03:05:08.029667
2026-03-01T22:00,18.8,77,14.7,18.6,0,0.0,0.0,0.0,0.0,0.0,2,1010.7,1009.9,68,24140.0,11.7,20.9,doha,2026-03-01T03:05:08.029667
2026-03-01T23:00,18.5,79,14.8,18.4,0,0.0,0.0,0.0,0.0,0.0,3,1010.6,1009.8,95,24140.0,11.8,19.4,doha,2026-03-01T03:05:08.029667
2026-03-01T00:00,-1.1,91,-2.4,-4.2,0,0.0,0.0,0.0,0.0,0.0,3,1031.2,1020.4,80,13680.0,4.7,11.5,bucharest,2026-03-01T03:06:25.830594
2026-03-01T01:00,-1.2,89,-2.8,-4.4,0,0.0,0.0,0.0,0.0,0.0,2,1030.7,1019.9,72,19040.0,5.0,13.0,bucharest,2026-03-01T03:06:25.830594
2026-03-01T02:00,-1.2,88,-3.0,-4.4,0,0.0,0.0,0.0,0.0,0.0,2,1030.1,1019.3,72,20920.0,4.4,13.0,bucharest,2026-03-01T03:06:25.830594
2026-03-01T03:00,-1.4,91,-2.6,-4.6,0,0.0,0.0,0.0,0.0,0.0,2,1030.1,1019.3,64,17160.0,5.1,12.6,bucharest,2026-03-01T03:06:25.830594
2026-03-01T04:00,-1.5,91,-2.7,-4.8,0,0.0,0.0,0.0,0.0,0.0,2,1030.5,1019.7,77,17080.0,5.6,13.7,bucharest,2026-03-01T03:06:25.830594
2026-03-01T05:00,-1.4,89,-2.9,-4.8,0,0.0,0.0,0.0,0.0,0.0,3,1030.7,1019.9,85,18000.0,6.1,14.8,bucharest,2026-03-01T03:06:25.830594
2026-03-01T06:00,-1.2,87,-3.1,-5.0,0,0.0,0.0,0.0,0.0,0.0,3,1031.0,1020.2,90,18740.0,8.4,20.5,bucharest,2026-03-01T03:06:25.830594
2026-03-01T07:00,-1.1,87,-3.0,-5.0,0,0.0,0.0,0.0,0.0,0.0,3,1031.0,1020.2,93,16800.0,9.0,22.0,bucharest,2026-03-01T03:06:25.830594
2026-03-01T08:00,-0.5,83,-3.0,-4.3,0,0.0,0.0,0.0,0.0,0.0,3,1031.2,1020.4,86,19300.0,8.5,22.0,bucharest,2026-03-01T03:06:25.830594
2026-03-01T09:00,0.6,77,-2.9,-3.2,0,0.0,0.0,0.0,0.0,0.0,2,1030.9,1020.2,75,23680.0,8.5,22.3,bucharest,2026-03-01T03:06:25.830594
2026-03-01T10:00,1.7,72,-2.8,-2.0,0,0.0,0.0,0.0,0.0,0.0,2,1030.7,1020.0,64,33140.0,8.0,22.3,bucharest,2026-03-01T03:06:25.830594
2026-03-01T11:00,3.1,69,-2.1,-0.4,0,0.0,0.0,0.0,0.0,0.0,2,1030.1,1019.5,54,35580.0,7.2,21.2,bucharest,2026-03-01T03:06:25.830594
2026-03-01T12:00,4.5,64,-1.7,1.1,0,0.0,0.0,0.0,0.0,0.0,1,1029.6,1019.0,42,37640.0,7.6,20.9,bucharest,2026-03-01T03:06:25.830594
2026-03-01T13:00,5.4,63,-1.1,2.0,0,0.0,0.0,0.0,0.0,0.0,1,1029.1,1018.6,30,38320.0,7.5,20.9,bucharest,2026-03-01T03:06:25.830594
2026-03-01T14:00,5.6,64,-0.7,2.3,0,0.0,0.0,0.0,0.0,0.0,0,1028.6,1018.1,14,38580.0,7.2,20.5,bucharest,2026-03-01T03:06:25.830594
2026-03-01T15:00,5.2,65,-0.9,2.1,0,0.0,0.0,0.0,0.0,0.0,0,1028.6,1018.1,2,37600.0,5.9,19.4,bucharest,2026-03-01T03:06:25.830594
2026-03-01T16:00,3.9,72,-0.7,1.1,0,0.0,0.0,0.0,0.0,0.0,0,1028.8,1018.2,0,28320.0,4.1,15.5,bucharest,2026-03-01T03:06:25.830594
2026-03-01T17:00,2.7,79,-0.6,-0.0,0,0.0,0.0,0.0,0.0,0.0,0,1029.0,1018.4,0,22500.0,3.3,9.4,bucharest,2026-03-01T03:06:25.830594
2026-03-01T18:00,1.7,83,-0.8,-1.0,0,0.0,0.0,0.0,0.0,0.0,0,1028.9,1018.2,0,20020.0,3.6,7.2,bucharest,2026-03-01T03:06:25.830594
2026-03-01T19:00,1.0,87,-0.9,-1.7,0,0.0,0.0,0.0,0.0,0.0,0,1028.5,1017.8,0,17500.0,3.6,7.2,bucharest,2026-03-01T03:06:25.830594
2026-03-01T20:00,0.6,89,-1.0,-2.2,0,0.0,0.0,0.0,0.0,0.0,0,1028.3,1017.6,0,15160.0,3.8,7.6,bucharest,2026-03-01T03:06:25.830594
2026-03-01T21:00,0.4,90,-1.0,-2.4,0,0.0,0.0,0.0,0.0,0.0,0,1028.0,1017.3,0,14280.0,3.6,7.6,bucharest,2026-03-01T03:06:25.830594
2026-03-01T22:00,0.3,90,-1.2,-2.5,0,0.0,0.0,0.0,0.0,0.0,0,1027.9,1017.2,0,14340.0,3.3,7.2,bucharest,2026-03-01T03:06:25.830594
2026-03-01T23:00,0.1,91,-1.2,-2.7,0,0.0,0.0,0.0,0.0,0.0,1,1027.8,1017.1,12,13600.0,3.6,7.2,bucharest,2026-03-01T03:06:25.830594
2026-03-01T00:00,-7.6,92,-8.6,-11.1,0,0.0,0.0,0.0,0.0,0.48,3,1012.2,1011.0,94,15920.0,2.4,3.2,arkhangelsk,2026-03-01T03:06:28.294249
2026-03-01T01:00,-7.6,92,-8.7,-11.2,0,0.0,0.0,0.0,0.0,0.47,3,1012.2,1011.0,97,9420.0,2.8,5.0,arkhangelsk,2026-03-01T03:06:28.294249
2026-03-01T02:00,-7.6,92,-8.6,-11.2,0,0.0,0.0,0.0,0.0,0.47,3,1012.6,1011.4,96,8860.0,3.1,5.0,arkhangelsk,2026-03-01T03:06:28.294249
2026-03-01T03:00,-7.5,92,-8.6,-11.2,5,0.0,0.0,0.0,0.0,0.47,3,1012.8,1011.6,97,10580.0,3.5,7.6,arkhangelsk,2026-03-01T03:06:28.294249
2026-03-01T04:00,-7.3,92,-8.3,-10.9,3,0.0,0.0,0.0,0.0,0.47,3,1012.9,1011.7,100,4020.0,3.4,7.6,arkhangelsk,2026-03-01T03:06:28.294249
2026-03-01T05:00,-6.9,92,-8.0,-10.5,5,0.0,0.0,0.0,0.0,0.47,3,1013.2,1012.0,100,1820.0,3.7,7.2,arkhangelsk,2026-03-01T03:06:28.294249
2026-03-01T06:00,-6.4,93,-7.3,-9.9,3,0.0,0.0,0.0,0.0,0.47,3,1013.6,1012.4,100,1240.0,3.8,7.6,arkhangelsk,2026-03-01T03:06:28.294249
2026-03-01T07:00,-5.7,93,-6.6,-9.2,0,0.0,0.0,0.0,0.0,0.47,3,1013.7,1012.5,95,1260.0,3.7,7.9,arkhangelsk,2026-03-01T03:06:28.294249
2026-03-01T08:00,-4.8,92,-5.9,-8.4,0,0.0,0.0,0.0,0.0,0.47,3,1013.9,1012.7,91,13900.0,4.8,11.2,arkhangelsk,2026-03-01T03:06:28.294249
2026-03-01T09:00,-4.1,92,-5.2,-7.7,0,0.0,0.0,0.0,0.0,0.46,3,1014.0,1012.8,100,1580.0,5.4,12.6,arkhangelsk,2026-03-01T03:06:28.294249
2026-03-01T10:00,-3.6,92,-4.7,-7.3,3,0.0,0.0,0.0,0.0,0.46,3,1014.1,1012.9,100,6120.0,6.1,14.4,arkhangelsk,2026-03-01T03:06:28.294249
2026-03-01T11:00,-3.3,92,-4.4,-6.9,0,0.0,0.0,0.0,0.0,0.46,3,1014.1,1012.9,100,5500.0,6.2,14.8,arkhangelsk,2026-03-01T03:06:28.294249
2026-03-01T12:00,-3.1,92,-4.2,-6.6,0,0.0,0.0,0.0,0.0,0.46,3,1014.2,1013.0,100,6500.0,5.8,14.0,arkhangelsk,2026-03-01T03:06:28.294249
2026-03-01T13:00,-2.8,92,-3.9,-6.5,0,0.0,0.0,0.0,0.0,0.45,3,1014.4,1013.2,100,8860.0,7.1,16.6,arkhangelsk,2026-03-01T03:06:28.294249
2026-03-01T14:00,-2.9,93,-3.8,-6.5,0,0.0,0.0,0.0,0.0,0.45,3,1014.7,1013.5,100,13980.0,7.0,18.7,arkhangelsk,2026-03-01T03:06:28.294249
2026-03-01T15:00,-3.1,93,-4.0,-6.5,0,0.0,0.0,0.0,0.0,0.45,3,1014.8,1013.6,100,7420.0,5.4,15.5,arkhangelsk,2026-03-01T03:06:28.294249
2026-03-01T16:00,-3.2,93,-4.2,-6.4,0,0.0,0.0,0.0,0.0,0.44,3,1014.6,1013.4,100,16860.0,3.3,12.2,arkhangelsk,2026-03-01T03:06:28.294249
2026-03-01T17:00,-3.3,92,-4.4,-6.3,0,0.0,0.0,0.0,0.0,0.44,3,1014.4,1013.2,100,18120.0,2.3,7.2,arkhangelsk,2026-03-01T03:06:28.294249
2026-03-01T18:00,-3.4,92,-4.5,-6.3,0,0.0,0.0,0.0,0.0,0.44,3,1014.3,1013.1,100,18060.0,0.8,4.3,arkhangelsk,2026-03-01T03:06:28.294249
2026-03-01T19:00,-3.5,93,-4.5,-6.5,0,0.0,0.0,0.0,0.0,0.44,3,1014.0,1012.8,100,14880.0,2.0,2.5,arkhangelsk,2026-03-01T03:06:28.294249
2026-03-01T20:00,-3.7,95,-4.4,-6.6,0,0.1,0.0,0.0,0.07,0.44,71,1014.1,1012.9,100,7260.0,1.6,4.0,arkhangelsk,2026-03-01T03:06:28.294249
2026-03-01T21:00,-3.7,95,-4.4,-6.7,0,0.0,0.0,0.0,0.0,0.43,45,1013.7,1012.5,100,11160.0,1.9,4.0,arkhangelsk,2026-03-01T03:06:28.294249
2026-03-01T22:00,-3.8,95,-4.5,-6.9,0,0.0,0.0,0.0,0.0,0.43,45,1013.6,1012.4,100,3800.0,2.4,4.3,arkhangelsk,2026-03-01T03:06:28.294249
2026-03-01T23:00,-3.8,95,-4.5,-6.9,0,0.0,0.0,0.0,0.0,0.43,45,1013.5,1012.3,100,1920.0,2.2,4.3,arkhangelsk,2026-03-01T03:06:28.294249
2026-03-01T00:00,1.3,96,0.7,-1.5,5,0.0,0.0,0.0,0.0,0.62,51,1019.5,999.9,100,4120.0,5.1,12.6,moscow,2026-03-01T03:06:30.754138
2026-03-01T01:00,1.3,97,0.9,-1.4,0,0.0,0.0,0.0,0.0,0.62,51,1019.3,999.7,100,3700.0,5.1,13.0,moscow,2026-03-01T03:06:30.754138
2026-03-01T02:00,1.3,97,0.9,-1.3,0,0.0,0.0,0.0,0.0,0.62,3,1019.6,1000.0,100,3280.0,4.5,12.6,moscow,2026-03-01T03:06:30.754138
2026-03-01T03:00,1.2,97,0.8,-1.3,3,0.0,0.0,0.0,0.0,0.62,3,1019.4,999.8,100,2360.0,3.7,11.2,moscow,2026-03-01T03:06:30.754138
2026-03-01T04:00,1.2,97,0.8,-1.3,3,0.0,0.0,0.0,0.0,0.61,3,1019.7,1000.1,100,1740.0,3.6,8.6,moscow,2026-03-01T03:06:30.754138
2026-03-01T05:00,1.3,98,1.0,-1.0,3,0.0,0.0,0.0,0.0,0.61,3,1020.0,1000.4,100,1060.0,2.5,8.6,moscow,2026-03-01T03:06:30.754138
2026-03-01T06:00,1.4,98,1.2,-0.9,3,0.0,0.0,0.0,0.0,0.61,3,1020.1,1000.5,100,640.0,2.9,6.8,moscow,2026-03-01T03:06:30.754138
2026-03-01T07:00,1.8,97,1.4,-0.6,3,0.0,0.0,0.0,0.0,0.61,3,1020.3,1000.7,100,620.0,3.3,7.9,moscow,2026-03-01T03:06:30.754138
2026-03-01T08:00,2.1,96,1.5,-0.2,0,0.1,0.1,0.0,0.0,0.6,51,1020.2,1000.7,100,760.0,2.5,8.3,moscow,2026-03-01T03:06:30.754138
2026-03-01T09:00,2.8,92,1.6,0.5,0,0.1,0.1,0.0,0.0,0.6,61,1020.1,1000.6,99,2080.0,2.6,7.9,moscow,2026-03-01T03:06:30.754138
2026-03-01T10:00,3.3,88,1.5,1.0,3,0.0,0.0,0.0,0.0,0.6,3,1019.9,1000.5,96,16320.0,3.3,9.7,moscow,2026-03-01T03:06:30.754138
2026-03-01T11:00,3.7,85,1.5,1.4,18,0.0,0.0,0.0,0.0,0.6,3,1019.6,1000.2,98,22040.0,3.2,11.5,moscow,2026-03-01T03:06:30.754138
2026-03-01T12:00,3.8,85,1.5,1.5,10,0.0,0.0,0.0,0.0,0.6,3,1019.5,1000.1,96,24360.0,2.6,9.4,moscow,2026-03-01T03:06:30.754138
2026-03-01T13:00,3.5,87,1.6,1.3,8,0.1,0.1,0.0,0.0,0.59,61,1019.1,999.7,100,23000.0,2.7,7.9,moscow,2026-03-01T03:06:30.754138
2026-03-01T14:00,3.1,91,1.8,0.7,0,0.0,0.0,0.0,0.0,0.59,3,1019.0,999.6,99,18660.0,3.6,7.9,moscow,2026-03-01T03:06:30.754138
2026-03-01T15:00,2.6,95,1.9,0.3,0,0.0,0.0,0.0,0.0,0.59,3,1018.9,999.4,100,12040.0,3.1,8.3,moscow,2026-03-01T03:06:30.754138
2026-03-01T16:00,2.2,96,1.6,-0.2,0,0.0,0.0,0.0,0.0,0.59,3,1018.8,999.3,100,8420.0,3.3,7.6,moscow,2026-03-01T03:06:30.754138
2026-03-01T17:00,1.9,96,1.4,-0.6,0,0.0,0.0,0.0,0.0,0.58,3,1018.6,999.1,100,5940.0,4.3,10.1,moscow,2026-03-01T03:06:30.754138
2026-03-01T18:00,1.6,96,1.1,-0.9,0,0.0,0.0,0.0,0.0,0.58,3,1017.8,998.3,99,5840.0,4.0,10.8,moscow,2026-03-01T03:06:30.754138
2026-03-01T19:00,1.3,95,0.6,-1.3,0,0.0,0.0,0.0,0.0,0.58,3,1016.9,997.4,100,7880.0,4.3,9.7,moscow,2026-03-01T03:06:30.754138
2026-03-01T20:00,1.2,94,0.3,-1.5,0,0.0,0.0,0.0,0.0,0.58,3,1016.1,996.6,100,13280.0,4.0,9.7,moscow,2026-03-01T03:06:30.754138
2026-03-01T21:00,1.2,91,-0.1,-1.5,0,0.0,0.0,0.0,0.0,0.58,3,1015.5,996.0,100,18020.0,3.6,9.0,moscow,2026-03-01T03:06:30.754138
2026-03-01T22:00,0.9,90,-0.5,-1.8,0,0.0,0.0,0.0,0.0,0.58,3,1014.8,995.3,100,20780.0,4.0,9.0,moscow,2026-03-01T03:06:30.754138
2026-03-01T23:00,0.8,88,-1.0,-2.1,0,0.0,0.0,0.0,0.0,0.58,3,1014.0,994.5,100,21300.0,4.4,9.7,moscow,2026-03-01T03:06:30.754138
2026-03-01T00:00,-29.8,77,-32.6,-34.2,0,0.0,0.0,0.0,0.0,0.59,0,1037.5,1013.2,0,5080.0,1.8,2.2,novosibirsk,2026-03-01T03:06:33.215250
2026-03-01T01:00,-30.6,78,-33.2,-34.9,0,0.0,0.0,0.0,0.0,0.59,0,1038.2,1013.8,4,5660.0,1.6,2.2,novosibirsk,2026-03-01T03:06:33.215250
2026-03-01T02:00,-31.4,79,-33.9,-35.8,0,0.0,0.0,0.0,0.0,0.59,0,1038.5,1014.0,0,6140.0,1.8,2.2,novosibirsk,2026-03-01T03:06:33.215250
2026-03-01T03:00,-31.8,76,-34.6,-36.2,0,0.0,0.0,0.0,0.0,0.59,2,1039.0,1014.5,55,6640.0,1.8,3.2,novosibirsk,2026-03-01T03:06:33.215250
2026-03-01T04:00,-31.0,67,-35.1,-35.3,0,0.0,0.0,0.0,0.0,0.59,0,1039.0,1014.6,0,10460.0,1.6,3.6,novosibirsk,2026-03-01T03:06:33.215250
2026-03-01T05:00,-28.9,55,-35.1,-33.4,0,0.0,0.0,0.0,0.0,0.59,0,1039.1,1014.9,0,13960.0,2.4,4.7,novosibirsk,2026-03-01T03:06:33.215250
2026-03-01T06:00,-27.4,53,-34.1,-32.0,0,0.0,0.0,0.0,0.0,0.59,0,1039.5,1015.4,0,15080.0,3.3,6.5,novosibirsk,2026-03-01T03:06:33.215250
2026-03-01T07:00,-26.6,52,-33.5,-31.3,0,0.0,0.0,0.0,0.0,0.59,0,1040.1,1016.1,0,17460.0,3.8,10.1,novosibirsk,2026-03-01T03:06:33.215250
2026-03-01T08:00,-25.8,52,-32.8,-30.6,0,0.0,0.0,0.0,0.0,0.59,1,1040.7,1016.7,7,16720.0,4.6,12.6,novosibirsk,2026-03-01T03:06:33.215250
2026-03-01T09:00,-25.2,52,-32.2,-30.1,0,0.0,0.0,0.0,0.0,0.59,0,1040.9,1017.0,4,15740.0,5.4,14.8,novosibirsk,2026-03-01T03:06:33.215250
2026-03-01T10:00,-25.0,53,-31.8,-29.9,0,0.0,0.0,0.0,0.0,0.59,1,1040.9,1017.0,18,15280.0,5.4,14.8,novosibirsk,2026-03-01T03:06:33.215250
2026-03-01T11:00,-25.0,56,-31.3,-29.9,0,0.0,0.0,0.0,0.0,0.59,1,1040.9,1017.0,6,17520.0,5.5,14.8,novosibirsk,2026-03-01T03:06:33.215250
2026-03-01T12:00,-25.4,62,-30.5,-30.3,0,0.0,0.0,0.0,0.0,0.59,0,1040.9,1017.0,3,24140.0,5.7,14.4,novosibirsk,2026-03-01T03:06:33.215250
2026-03-01T13:00,-25.9,66,-30.4,-30.7,0,0.0,0.0,0.0,0.0,0.59,0,1040.9,1016.9,1,23900.0,5.1,13.7,novosibirsk,2026-03-01T03:06:33.215250
2026-03-01T14:00,-26.4,67,-30.7,-31.1,0,0.0,0.0,0.0,0.0,0.59,0,1041.1,1017.1,2,24020.0,4.7,11.9,novosibirsk,2026-03-01T03:06:33.215250
2026-03-01T15:00,-26.8,68,-30.9,-31.5,0,0.0,0.0,0.0,0.0,0.59,0,1041.3,1017.2,0,11800.0,4.3,10.4,novosibirsk,2026-03-01T03:06:33.215250
2026-03-01T16:00,-27.1,69,-31.1,-31.8,0,0.0,0.0,0.0,0.0,0.59,1,1041.1,1017.0,10,11540.0,4.0,9.4,novosibirsk,2026-03-01T03:06:33.215250
2026-03-01T17:00,-27.4,69,-31.3,-32.0,0,0.0,0.0,0.0,0.0,0.59,3,1040.8,1016.7,82,24140.0,3.8,8.3,novosibirsk,2026-03-01T03:06:33.215250
2026-03-01T18:00,-27.6,69,-31.5,-32.2,0,0.0,0.0,0.0,0.0,0.59,3,1040.4,1016.3,97,24140.0,3.8,7.9,novosibirsk,2026-03-01T03:06:33.215250
2026-03-01T19:00,-27.7,69,-31.6,-32.4,0,0.0,0.0,0.0,0.0,0.59,3,1040.3,1016.2,91,24140.0,4.1,8.6,novosibirsk,2026-03-01T03:06:33.215250
2026-03-01T20:00,-27.8,70,-31.6,-32.6,0,0.0,0.0,0.0,0.0,0.59,3,1039.9,1015.8,91,24140.0,4.6,9.7,novosibirsk,2026-03-01T03:06:33.215250
2026-03-01T21:00,-28.0,70,-31.8,-32.8,0,0.0,0.0,0.0,0.0,0.59,3,1039.5,1015.4,85,24140.0,4.9,10.4,novosibirsk,2026-03-01T03:06:33.215250
2026-03-01T22:00,-28.2,70,-31.9,-33.0,0,0.0,0.0,0.0,0.0,0.59,3,1038.7,1014.6,82,24140.0,5.2,10.8,novosibirsk,2026-03-01T03:06:33.215250
2026-03-01T23:00,-28.3,70,-32.0,-33.1,0,0.0,0.0,0.0,0.0,0.59,2,1037.9,1013.8,66,24140.0,5.0,11.2,novosibirsk,2026-03-01T03:06:33.215250
2026-03-01T00:00,-6.8,76,-10.3,-11.2,0,0.0,0.0,0.0,0.0,0.33,3,1027.2,1013.1,100,35400.0,8.0,17.6,orenburg,2026-03-01T03:06:35.684577
2026-03-01T01:00,-6.7,75,-10.4,-11.2,5,0.0,0.0,0.0,0.0,0.33,3,1026.8,1012.7,100,35680.0,8.4,18.4,orenburg,2026-03-01T03:06:35.684577
2026-03-01T02:00,-6.6,75,-10.3,-11.1,8,0.0,0.0,0.0,0.0,0.33,3,1026.3,1012.2,100,35720.0,8.8,19.8,orenburg,2026-03-01T03:06:35.684577
2026-03-01T03:00,-6.4,76,-9.9,-11.0,13,0.0,0.0,0.0,0.0,0.33,3,1025.9,1011.8,100,35500.0,9.1,20.5,orenburg,2026-03-01T03:06:35.684577
2026-03-01T04:00,-6.1,77,-9.5,-10.8,23,0.0,0.0,0.0,0.0,0.33,3,1025.6,1011.5,100,34360.0,9.8,22.0,orenburg,2026-03-01T03:06:35.684577
2026-03-01T05:00,-5.6,77,-9.0,-10.5,25,0.0,0.0,0.0,0.0,0.33,3,1025.2,1011.2,100,16320.0,11.9,27.0,orenburg,2026-03-01T03:06:35.684577
2026-03-01T06:00,-4.9,76,-8.5,-10.1,25,0.0,0.0,0.0,0.0,0.33,3,1024.9,1010.9,100,34480.0,13.7,31.3,orenburg,2026-03-01T03:06:35.684577
2026-03-01T07:00,-3.7,61,-10.2,-9.2,35,0.0,0.0,0.0,0.0,0.33,3,1024.1,1010.2,100,39960.0,15.1,35.6,orenburg,2026-03-01T03:06:35.684577
2026-03-01T08:00,-3.3,68,-8.4,-9.0,33,0.0,0.0,0.0,0.0,0.33,3,1023.8,1009.9,100,36060.0,17.6,41.0,orenburg,2026-03-01T03:06:35.684577
2026-03-01T09:00,-2.7,58,-9.8,-8.6,38,0.0,0.0,0.0,0.0,0.33,3,1022.8,1009.0,100,40880.0,18.1,42.1,orenburg,2026-03-01T03:06:35.684577
2026-03-01T10:00,-2.0,54,-10.1,-8.0,40,0.0,0.0,0.0,0.0,0.33,3,1022.1,1008.3,100,40980.0,18.7,43.9,orenburg,2026-03-01T03:06:35.684577
2026-03-01T11:00,-1.7,52,-10.3,-7.7,40,0.0,0.0,0.0,0.0,0.33,3,1021.6,1007.8,100,41220.0,18.4,43.6,orenburg,2026-03-01T03:06:35.684577
2026-03-01T12:00,-2.4,64,-8.3,-8.4,40,0.0,0.0,0.0,0.0,0.32,3,1021.3,1007.5,100,13160.0,19.9,46.4,orenburg,2026-03-01T03:06:35.684577
2026-03-01T13:00,-3.5,82,-6.2,-8.9,58,0.4,0.0,0.0,0.28,0.33,71,1020.8,1006.9,100,1960.0,17.2,45.4,orenburg,2026-03-01T03:06:35.684577
2026-03-01T14:00,-4.1,89,-5.6,-9.3,75,0.6,0.0,0.0,0.42,0.33,71,1021.0,1007.1,98,4620.0,16.2,40.0,orenburg,2026-03-01T03:06:35.684577
2026-03-01T15:00,-4.2,90,-5.6,-9.3,80,0.3,0.0,0.0,0.21,0.33,71,1020.7,1006.8,97,11760.0,15.5,37.1,orenburg,2026-03-01T03:06:35.684577
2026-03-01T16:00,-4.2,90,-5.6,-9.2,63,0.2,0.0,0.0,0.14,0.33,71,1020.8,1006.9,97,16280.0,14.3,35.3,orenburg,2026-03-01T03:06:35.684577
2026-03-01T17:00,-4.3,90,-5.7,-9.1,60,0.2,0.0,0.0,0.14,0.33,71,1020.6,1006.7,97,8680.0,13.2,32.8,orenburg,2026-03-01T03:06:35.684577
2026-03-01T18:00,-4.2,89,-5.8,-9.0,63,0.2,0.0,0.0,0.14,0.33,71,1020.3,1006.4,96,10040.0,12.8,29.9,orenburg,2026-03-01T03:06:35.684577
2026-03-01T19:00,-4.3,89,-5.9,-9.0,70,0.2,0.0,0.0,0.14,0.34,71,1020.0,1006.1,100,20600.0,12.5,29.2,orenburg,2026-03-01T03:06:35.684577
2026-03-01T20:00,-4.5,91,-5.7,-8.9,73,0.2,0.0,0.0,0.14,0.34,71,1019.7,1005.8,91,2400.0,11.0,28.4,orenburg,2026-03-01T03:06:35.684577
2026-03-01T21:00,-4.6,92,-5.7,-8.9,68,0.2,0.0,0.0,0.14,0.34,71,1019.6,1005.7,94,1980.0,10.2,25.2,orenburg,2026-03-01T03:06:35.684577
2026-03-01T22:00,-4.6,92,-5.7,-8.9,53,0.1,0.0,0.0,0.07,0.34,71,1019.5,1005.6,99,3140.0,10.2,23.4,orenburg,2026-03-01T03:06:35.684577
2026-03-01T23:00,-4.5,93,-5.5,-8.9,33,0.1,0.0,0.0,0.07,0.34,71,1019.3,1005.4,100,1760.0,10.3,24.1,orenburg,2026-03-01T03:06:35.684577
2026-03-01T00:00,-0.9,73,-5.1,-4.2,0,0.0,0.0,0.0,0.0,0.01,1,1027.9,996.2,36,36800.0,3.3,7.2,simferopol,2026-03-01T03:07:13.296228
2026-03-01T01:00,-1.9,84,-4.3,-5.2,0,0.0,0.0,0.0,0.0,0.01,1,1028.1,996.3,32,29560.0,3.9,7.9,simferopol,2026-03-01T03:07:13.296228
2026-03-01T02:00,-2.4,87,-4.3,-5.7,0,0.0,0.0,0.0,0.0,0.01,1,1027.9,996.1,39,25840.0,3.8,7.9,simferopol,2026-03-01T03:07:13.296228
2026-03-01T03:00,-2.5,86,-4.6,-5.8,0,0.0,0.0,0.0,0.0,0.01,1,1028.4,996.5,31,27160.0,3.3,7.9,simferopol,2026-03-01T03:07:13.296228
2026-03-01T04:00,-2.6,85,-4.8,-5.7,0,0.0,0.0,0.0,0.0,0.01,1,1028.6,996.7,33,28320.0,2.6,8.3,simferopol,2026-03-01T03:07:13.296228
2026-03-01T05:00,-2.1,80,-5.1,-5.4,0,0.0,0.0,0.0,0.0,0.01,1,1029.1,997.3,23,32860.0,2.9,7.6,simferopol,2026-03-01T03:07:13.296228
2026-03-01T06:00,-0.7,75,-4.6,-3.7,0,0.0,0.0,0.0,0.0,0.01,1,1028.9,997.2,42,35700.0,2.2,7.9,simferopol,2026-03-01T03:07:13.296228
2026-03-01T07:00,2.5,63,-3.9,-0.7,0,0.0,0.0,0.0,0.0,0.01,2,1028.6,997.3,70,39660.0,3.8,9.7,simferopol,2026-03-01T03:07:13.296228
2026-03-01T08:00,4.4,50,-5.2,0.7,0,0.0,0.0,0.0,0.0,0.01,2,1028.4,997.3,49,41560.0,6.0,15.8,simferopol,2026-03-01T03:07:13.296228
2026-03-01T09:00,5.9,42,-6.1,1.9,0,0.0,0.0,0.0,0.0,0.01,1,1028.3,997.4,17,42900.0,7.2,18.4,simferopol,2026-03-01T03:07:13.296228
2026-03-01T10:00,7.5,37,-6.3,4.2,0,0.0,0.0,0.0,0.0,0.01,1,1027.7,997.0,13,44180.0,5.5,18.0,simferopol,2026-03-01T03:07:13.296228
2026-03-01T11:00,8.7,33,-6.7,5.0,0,0.0,0.0,0.0,0.0,0.01,1,1027.5,996.9,11,46220.0,7.6,19.1,simferopol,2026-03-01T03:07:13.296228
2026-03-01T12:00,9.1,30,-7.6,5.0,0,0.0,0.0,0.0,0.0,0.01,2,1027.3,996.8,48,48240.0,7.3,19.1,simferopol,2026-03-01T03:07:13.296228
2026-03-01T13:00,8.7,38,-4.8,4.8,0,0.0,0.0,0.0,0.0,0.01,1,1027.5,996.9,41,44240.0,8.0,20.9,simferopol,2026-03-01T03:07:13.296228
2026-03-01T14:00,8.1,44,-3.4,4.6,0,0.0,0.0,0.0,0.0,0.01,1,1027.2,996.6,30,42660.0,6.4,19.8,simferopol,2026-03-01T03:07:13.296228
2026-03-01T15:00,7.0,56,-1.2,4.1,0,0.0,0.0,0.0,0.0,0.01,1,1027.6,996.8,35,41120.0,4.0,15.1,simferopol,2026-03-01T03:07:13.296228
2026-03-01T16:00,5.6,63,-0.9,3.2,0,0.0,0.0,0.0,0.0,0.01,1,1028.2,997.3,14,40620.0,1.1,7.9,simferopol,2026-03-01T03:07:13.296228
2026-03-01T17:00,4.9,64,-1.3,2.2,0,0.0,0.0,0.0,0.0,0.01,1,1028.4,997.4,23,40700.0,3.0,3.6,simferopol,2026-03-01T03:07:13.296228
2026-03-01T18:00,3.7,67,-1.9,0.7,0,0.0,0.0,0.0,0.0,0.01,1,1028.4,997.3,20,39520.0,4.4,7.9,simferopol,2026-03-01T03:07:13.296228
2026-03-01T19:00,1.6,81,-1.3,-1.4,0,0.0,0.0,0.0,0.0,0.01,1,1028.5,997.1,16,31760.0,4.7,10.1,simferopol,2026-03-01T03:07:13.296228
2026-03-01T20:00,1.0,86,-1.1,-2.1,0,0.0,0.0,0.0,0.0,0.01,1,1028.4,996.9,12,28000.0,5.0,10.8,simferopol,2026-03-01T03:07:13.296228
2026-03-01T21:00,0.9,87,-1.1,-2.2,0,0.0,0.0,0.0,0.0,0.01,1,1028.2,996.7,16,26520.0,5.2,11.2,simferopol,2026-03-01T03:07:13.296228
2026-03-01T22:00,0.7,86,-1.4,-2.4,0,0.0,0.0,0.0,0.0,0.01,1,1028.2,996.7,11,27400.0,5.0,11.2,simferopol,2026-03-01T03:07:13.296228
2026-03-01T23:00,0.4,85,-1.8,-2.8,0,0.0,0.0,0.0,0.0,0.01,0,1028.3,996.8,0,28340.0,5.3,11.5,simferopol,2026-03-01T03:07:13.296228
2026-03-01T00:00,5.6,88,3.8,3.3,8,0.0,0.0,0.0,0.0,0.0,3,1021.4,1020.3,96,24180.0,6.1,11.2,sochi,2026-03-01T03:07:50.933474
2026-03-01T01:00,5.7,87,3.7,3.4,13,0.1,0.1,0.0,0.0,0.0,3,1021.5,1020.4,100,25960.0,5.6,10.8,sochi,2026-03-01T03:07:50.933474
2026-03-01T02:00,5.8,85,3.5,3.5,28,0.1,0.1,0.0,0.0,0.0,3,1021.3,1020.2,98,27900.0,5.1,10.1,sochi,2026-03-01T03:07:50.933474
2026-03-01T03:00,5.8,86,3.6,3.5,35,0.1,0.0,0.0,0.0,0.0,3,1021.8,1020.7,90,27420.0,5.4,9.4,sochi,2026-03-01T03:07:50.933474
2026-03-01T04:00,5.6,86,3.4,3.3,28,0.0,0.0,0.0,0.0,0.0,3,1022.1,1021.0,91,26680.0,5.4,9.7,sochi,2026-03-01T03:07:50.933474
2026-03-01T05:00,5.7,85,3.4,3.3,8,0.0,0.0,0.0,0.0,0.0,3,1022.8,1021.7,90,27980.0,5.9,10.4,sochi,2026-03-01T03:07:50.933474
2026-03-01T06:00,7.1,81,4.1,5.2,10,0.0,0.0,0.0,0.0,0.0,3,1022.7,1021.6,100,31580.0,3.9,10.4,sochi,2026-03-01T03:07:50.933474
2026-03-01T07:00,8.4,65,2.2,6.3,3,0.0,0.0,0.0,0.0,0.0,3,1022.8,1021.7,100,39120.0,2.2,6.8,sochi,2026-03-01T03:07:50.933474
2026-03-01T08:00,8.9,66,2.9,6.5,5,0.0,0.0,0.0,0.0,0.0,3,1022.9,1021.8,96,38200.0,5.8,12.2,sochi,2026-03-01T03:07:50.933474
2026-03-01T09:00,9.2,72,4.4,6.7,5,0.0,0.0,0.0,0.0,0.0,3,1023.2,1022.1,92,35100.0,7.9,16.2,sochi,2026-03-01T03:07:50.933474
2026-03-01T10:00,9.2,77,5.4,6.8,0,0.0,0.0,0.0,0.0,0.0,3,1022.9,1021.8,91,31260.0,8.9,18.4,sochi,2026-03-01T03:07:50.933474
2026-03-01T11:00,9.0,80,5.7,6.6,0,0.0,0.0,0.0,0.0,0.0,2,1023.1,1022.0,73,28000.0,8.9,18.7,sochi,2026-03-01T03:07:50.933474
2026-03-01T12:00,8.9,80,5.7,6.6,0,0.0,0.0,0.0,0.0,0.0,2,1023.1,1022.0,74,28680.0,8.9,18.0,sochi,2026-03-01T03:07:50.933474
2026-03-01T13:00,8.8,79,5.4,6.6,0,0.0,0.0,0.0,0.0,0.0,2,1023.4,1022.3,72,30080.0,7.3,17.6,sochi,2026-03-01T03:07:50.933474
2026-03-01T14:00,8.7,79,5.2,6.8,0,0.0,0.0,0.0,0.0,0.0,3,1023.1,1022.0,97,30920.0,4.7,14.4,sochi,2026-03-01T03:07:50.933474
2026-03-01T15:00,8.6,80,5.3,6.9,0,0.0,0.0,0.0,0.0,0.0,3,1023.5,1022.4,97,31300.0,3.5,9.0,sochi,2026-03-01T03:07:50.933474
2026-03-01T16:00,8.5,80,5.3,7.2,0,0.0,0.0,0.0,0.0,0.0,3,1024.4,1023.3,97,31160.0,1.1,6.8,sochi,2026-03-01T03:07:50.933474
2026-03-01T17:00,8.5,80,5.2,7.0,3,0.0,0.0,0.0,0.0,0.0,3,1024.7,1023.6,96,31320.0,1.9,3.6,sochi,2026-03-01T03:07:50.933474
2026-03-01T18:00,8.5,82,5.6,7.1,3,0.0,0.0,0.0,0.0,0.0,3,1024.6,1023.5,99,31280.0,1.8,4.3,sochi,2026-03-01T03:07:50.933474
2026-03-01T19:00,8.4,82,5.5,6.9,8,0.0,0.0,0.0,0.0,0.0,3,1024.5,1023.4,100,30420.0,3.1,5.4,sochi,2026-03-01T03:07:50.933474
2026-03-01T20:00,8.4,84,5.8,7.1,8,0.1,0.0,0.0,0.0,0.0,3,1024.6,1023.5,100,28800.0,1.8,5.4,sochi,2026-03-01T03:07:50.933474
2026-03-01T21:00,8.2,87,6.2,6.7,5,0.2,0.1,0.1,0.0,0.0,3,1024.6,1023.5,100,25060.0,3.3,5.8,sochi,2026-03-01T03:07:50.933474
2026-03-01T22:00,8.1,89,6.4,6.9,18,0.2,0.1,0.1,0.0,0.0,3,1024.9,1023.8,100,23240.0,2.2,5.8,sochi,2026-03-01T03:07:50.933474
2026-03-01T23:00,7.9,90,6.4,6.6,18,0.3,0.2,0.1,0.0,0.0,61,1025.0,1023.9,100,20920.0,3.3,5.4,sochi,2026-03-01T03:07:50.933474
2026-03-01T00:00,21.0,74,16.2,21.9,0,0.0,0.0,0.0,0.0,0.0,0,1014.8,1012.8,1,22200.0,8.9,17.3,st._petersburg,2026-03-01T03:08:28.563970
2026-03-01T01:00,20.1,82,17.0,21.6,1,0.0,0.0,0.0,0.0,0.0,0,1015.6,1013.6,8,18000.0,6.8,15.5,st._petersburg,2026-03-01T03:08:28.563970
2026-03-01T02:00,19.0,88,16.9,20.4,2,0.0,0.0,0.0,0.0,0.0,0,1016.5,1014.5,9,15200.0,6.5,13.3,st._petersburg,2026-03-01T03:08:28.563970
2026-03-01T03:00,19.4,91,17.9,20.5,0,0.0,0.0,0.0,0.0,0.0,3,1016.3,1014.3,100,13600.0,12.0,28.1,st._petersburg,2026-03-01T03:08:28.563970
2026-03-01T04:00,18.7,91,17.2,19.3,0,0.0,0.0,0.0,0.0,0.0,3,1016.7,1014.7,93,13900.0,13.2,29.5,st._petersburg,2026-03-01T03:08:28.563970
2026-03-01T05:00,18.0,91,16.5,18.2,0,0.0,0.0,0.0,0.0,0.0,2,1016.6,1014.6,65,13800.0,14.0,31.0,st._petersburg,2026-03-01T03:08:28.563970
2026-03-01T06:00,17.1,94,16.1,17.6,0,0.0,0.0,0.0,0.0,0.0,0,1016.0,1014.0,19,12800.0,11.3,27.7,st._petersburg,2026-03-01T03:08:28.563970
2026-03-01T07:00,16.8,95,16.0,17.4,0,0.0,0.0,0.0,0.0,0.0,2,1016.2,1014.2,61,12200.0,10.2,24.1,st._petersburg,2026-03-01T03:08:28.563970
2026-03-01T08:00,16.6,95,15.8,17.2,0,0.0,0.0,0.0,0.0,0.0,1,1016.3,1014.3,39,12300.0,9.4,22.3,st._petersburg,2026-03-01T03:08:28.563970
2026-03-01T09:00,16.6,95,15.8,17.1,0,0.0,0.0,0.0,0.0,0.0,3,1017.0,1015.0,100,12200.0,9.9,22.0,st._petersburg,2026-03-01T03:08:28.563970
2026-03-01T10:00,16.5,95,15.6,16.8,0,0.0,0.0,0.0,0.0,0.0,3,1017.4,1015.4,100,12200.0,10.5,22.0,st._petersburg,2026-03-01T03:08:28.563970
2026-03-01T11:00,16.3,94,15.3,16.2,0,0.0,0.0,0.0,0.0,0.0,2,1018.1,1016.1,79,12300.0,13.3,24.5,st._petersburg,2026-03-01T03:08:28.563970
2026-03-01T12:00,16.1,96,15.5,16.4,0,0.0,0.0,0.0,0.0,0.0,3,1019.2,1017.2,100,12200.0,10.4,24.1,st._petersburg,2026-03-01T03:08:28.563970
2026-03-01T13:00,16.2,96,15.6,16.2,0,0.0,0.0,0.0,0.0,0.0,3,1020.2,1018.2,100,12200.0,12.7,24.8,st._petersburg,2026-03-01T03:08:28.563970
2026-03-01T14:00,16.4,96,15.8,16.8,0,0.0,0.0,0.0,0.0,0.0,3,1020.5,1018.5,100,12200.0,10.9,23.0,st._petersburg,2026-03-01T03:08:28.563970
2026-03-01T15:00,17.1,94,16.2,17.6,0,0.0,0.0,0.0,0.0,0.0,3,1020.2,1018.2,100,12500.0,11.5,20.5,st._petersburg,2026-03-01T03:08:28.563970
2026-03-01T16:00,18.1,93,17.0,19.0,0,0.0,0.0,0.0,0.0,0.0,3,1020.1,1018.1,100,13400.0,11.0,18.7,st._petersburg,2026-03-01T03:08:28.563970
2026-03-01T17:00,19.1,90,17.4,20.2,0,0.0,0.0,0.0,0.0,0.0,2,1019.9,1017.9,68,14400.0,11.0,16.6,st._petersburg,2026-03-01T03:08:28.563970
2026-03-01T18:00,19.8,88,17.7,20.7,0,0.0,0.0,0.0,0.0,0.0,3,1019.4,1017.4,100,15000.0,12.3,17.6,st._petersburg,2026-03-01T03:08:28.563970
2026-03-01T19:00,20.8,85,18.2,21.8,0,0.0,0.0,0.0,0.0,0.0,3,1019.1,1017.1,89,16700.0,13.7,19.8,st._petersburg,2026-03-01T03:08:28.563970
2026-03-01T20:00,21.6,82,18.4,22.7,0,0.0,0.0,0.0,0.0,0.0,3,1019.0,1017.0,84,18100.0,14.5,21.6,st._petersburg,2026-03-01T03:08:28.563970
2026-03-01T21:00,21.9,79,18.1,22.9,0,0.0,0.0,0.0,0.0,0.0,1,1018.8,1016.8,27,19500.0,13.6,22.3,st._petersburg,2026-03-01T03:08:28.563970
2026-03-01T22:00,22.1,77,17.9,23.1,0,0.0,0.0,0.0,0.0,0.0,0,1018.9,1016.9,4,20400.0,12.9,23.4,st._petersburg,2026-03-01T03:08:28.563970
2026-03-01T23:00,20.8,79,17.0,21.6,1,0.0,0.0,0.0,0.0,0.0,0,1019.7,1017.7,2,18800.0,11.0,25.9,st._petersburg,2026-03-01T03:08:28.563970
2026-03-01T00:00,-7.9,55,-15.4,-15.0,0,0.0,0.0,0.0,0.0,0.0,3,1033.4,1031.8,100,24140.0,24.1,39.2,vladivostok,2026-03-01T03:09:06.191108
2026-03-01T01:00,-7.7,47,-17.1,-15.1,0,0.0,0.0,0.0,0.0,0.0,3,1033.4,1031.8,100,24140.0,25.6,41.4,vladivostok,2026-03-01T03:09:06.191108
2026-03-01T02:00,-7.2,44,-17.4,-14.6,0,0.0,0.0,0.0,0.0,0.0,3,1033.5,1031.9,83,24140.0,25.6,41.8,vladivostok,2026-03-01T03:09:06.191108
2026-03-01T03:00,-6.6,42,-17.4,-14.2,0,0.0,0.0,0.0,0.0,0.0,2,1033.3,1031.7,63,24140.0,26.6,43.9,vladivostok,2026-03-01T03:09:06.191108
2026-03-01T04:00,-6.0,42,-16.9,-13.3,0,0.0,0.0,0.0,0.0,0.0,1,1032.2,1030.6,42,24140.0,25.9,43.6,vladivostok,2026-03-01T03:09:06.191108
2026-03-01T05:00,-5.4,41,-16.6,-12.6,0,0.0,0.0,0.0,0.0,0.0,2,1031.5,1029.9,52,24140.0,25.9,42.5,vladivostok,2026-03-01T03:09:06.191108
2026-03-01T06:00,-4.8,41,-16.1,-12.3,0,0.0,0.0,0.0,0.0,0.0,1,1031.0,1029.4,41,24140.0,26.7,43.2,vladivostok,2026-03-01T03:09:06.191108
2026-03-01T07:00,-4.5,41,-15.8,-12.0,0,0.0,0.0,0.0,0.0,0.0,1,1030.7,1029.1,12,24140.0,26.4,43.6,vladivostok,2026-03-01T03:09:06.191108
2026-03-01T08:00,-4.6,42,-15.6,-12.0,0,0.0,0.0,0.0,0.0,0.0,1,1031.2,1029.6,36,24140.0,26.3,42.8,vladivostok,2026-03-01T03:09:06.191108
2026-03-01T09:00,-4.9,42,-15.9,-12.4,0,0.0,0.0,0.0,0.0,0.0,1,1031.7,1030.1,37,24140.0,25.9,42.5,vladivostok,2026-03-01T03:09:06.191108
2026-03-01T10:00,-5.5,44,-15.8,-13.0,0,0.0,0.0,0.0,0.0,0.0,1,1032.2,1030.6,31,24140.0,26.4,42.5,vladivostok,2026-03-01T03:09:06.191108
2026-03-01T11:00,-6.1,43,-16.7,-13.7,0,0.0,0.0,0.0,0.0,0.0,2,1032.4,1030.8,59,24140.0,26.3,43.2,vladivostok,2026-03-01T03:09:06.191108
2026-03-01T12:00,-6.4,42,-17.3,-13.9,0,0.0,0.0,0.0,0.0,0.0,1,1032.4,1030.8,42,24140.0,26.0,42.8,vladivostok,2026-03-01T03:09:06.191108
2026-03-01T13:00,-6.6,41,-17.7,-14.1,0,0.0,0.0,0.0,0.0,0.0,1,1032.8,1031.2,14,24140.0,26.1,42.5,vladivostok,2026-03-01T03:09:06.191108
2026-03-01T14:00,-6.8,43,-17.3,-14.2,0,0.0,0.0,0.0,0.0,0.0,1,1032.7,1031.1,15,24140.0,25.7,42.5,vladivostok,2026-03-01T03:09:06.191108
2026-03-01T15:00,-6.9,44,-17.2,-14.4,0,0.0,0.0,0.0,0.0,0.0,3,1032.7,1031.1,100,24140.0,25.7,41.4,vladivostok,2026-03-01T03:09:06.191108
2026-03-01T16:00,-7.1,45,-17.0,-14.6,0,0.0,0.0,0.0,0.0,0.0,3,1032.8,1031.2,100,24140.0,26.0,42.5,vladivostok,2026-03-01T03:09:06.191108
2026-03-01T17:00,-7.3,47,-16.7,-14.9,0,0.0,0.0,0.0,0.0,0.0,3,1032.8,1031.2,100,24140.0,26.7,43.6,vladivostok,2026-03-01T03:09:06.191108
2026-03-01T18:00,-7.6,49,-16.5,-15.1,0,0.0,0.0,0.0,0.0,0.0,3,1032.8,1031.2,100,24140.0,26.4,43.9,vladivostok,2026-03-01T03:09:06.191108
2026-03-01T19:00,-7.6,49,-16.5,-14.9,0,0.0,0.0,0.0,0.0,0.0,3,1032.9,1031.3,100,24140.0,24.8,42.5,vladivostok,2026-03-01T03:09:06.191108
2026-03-01T20:00,-7.6,48,-16.8,-15.0,0,0.0,0.0,0.0,0.0,0.0,3,1033.2,1031.6,100,24140.0,25.3,40.7,vladivostok,2026-03-01T03:09:06.191108
2026-03-01T21:00,-7.7,49,-16.6,-15.3,0,0.0,0.0,0.0,0.0,0.0,1,1033.4,1031.8,18,24140.0,27.0,43.9,vladivostok,2026-03-01T03:09:06.191108
2026-03-01T22:00,-7.9,50,-16.5,-15.6,0,0.0,0.0,0.0,0.0,0.0,1,1034.0,1032.4,17,24140.0,28.0,45.4,vladivostok,2026-03-01T03:09:06.191108
2026-03-01T23:00,-7.9,50,-16.6,-15.8,0,0.0,0.0,0.0,0.0,0.0,1,1034.2,1032.6,35,24140.0,28.6,46.4,vladivostok,2026-03-01T03:09:06.191108
2026-03-01T00:00,15.1,38,0.9,11.0,0,0.0,0.0,0.0,0.0,0.0,2,1011.8,944.0,69,24140.0,14.8,28.4,riyadh,2026-03-01T03:09:08.654754
2026-03-01T01:00,14.7,35,-0.6,10.6,0,0.0,0.0,0.0,0.0,0.0,2,1012.1,944.2,63,24140.0,13.3,25.6,riyadh,2026-03-01T03:09:08.654754
2026-03-01T02:00,14.4,34,-1.3,10.2,0,0.0,0.0,0.0,0.0,0.0,2,1012.6,944.6,68,24140.0,12.5,22.7,riyadh,2026-03-01T03:09:08.654754
2026-03-01T03:00,14.0,34,-1.6,10.0,0,0.0,0.0,0.0,0.0,0.0,2,1013.5,945.4,47,24140.0,11.2,21.6,riyadh,2026-03-01T03:09:08.654754
2026-03-01T04:00,14.0,35,-1.2,10.1,0,0.0,0.0,0.0,0.0,0.0,2,1014.3,946.1,56,24140.0,10.5,20.5,riyadh,2026-03-01T03:09:08.654754
2026-03-01T05:00,14.6,35,-0.7,10.3,0,0.0,0.0,0.0,0.0,0.0,2,1015.3,947.2,49,24140.0,13.9,24.1,riyadh,2026-03-01T03:09:08.654754
2026-03-01T06:00,15.9,33,-0.3,11.7,0,0.0,0.0,0.0,0.0,0.0,2,1015.7,947.8,67,24140.0,14.1,25.6,riyadh,2026-03-01T03:09:08.654754
2026-03-01T07:00,17.6,30,-0.2,13.2,0,0.0,0.0,0.0,0.0,0.0,2,1015.3,947.8,57,24140.0,15.5,28.1,riyadh,2026-03-01T03:09:08.654754
2026-03-01T08:00,19.5,26,-0.5,15.8,0,0.0,0.0,0.0,0.0,0.0,1,1014.5,947.5,41,24140.0,16.1,28.8,riyadh,2026-03-01T03:09:08.654754
2026-03-01T09:00,21.2,23,-0.7,18.3,0,0.0,0.0,0.0,0.0,0.0,1,1013.2,946.7,24,24140.0,15.5,28.8,riyadh,2026-03-01T03:09:08.654754
2026-03-01T10:00,22.5,22,-0.3,19.9,0,0.0,0.0,0.0,0.0,0.0,1,1012.0,945.8,12,24140.0,15.2,28.4,riyadh,2026-03-01T03:09:08.654754
2026-03-01T11:00,23.3,21,-0.3,20.2,0,0.0,0.0,0.0,0.0,0.0,1,1010.9,945.0,15,24140.0,15.1,28.4,riyadh,2026-03-01T03:09:08.654754
2026-03-01T12:00,23.6,20,-0.7,19.7,0,0.0,0.0,0.0,0.0,0.0,1,1010.5,944.7,17,24140.0,15.8,28.4,riyadh,2026-03-01T03:09:08.654754
2026-03-01T13:00,23.4,21,-0.1,18.9,0,0.0,0.0,0.0,0.0,0.0,3,1010.3,944.4,99,24140.0,16.6,29.5,riyadh,2026-03-01T03:09:08.654754
2026-03-01T14:00,22.6,21,-0.9,17.9,0,0.0,0.0,0.0,0.0,0.0,3,1011.0,944.9,100,24140.0,17.0,29.5,riyadh,2026-03-01T03:09:08.654754
2026-03-01T15:00,21.4,23,-0.6,16.8,0,0.0,0.0,0.0,0.0,0.0,0,1011.7,945.3,3,24140.0,16.3,29.9,riyadh,2026-03-01T03:09:08.654754
2026-03-01T16:00,20.0,26,-0.1,16.0,0,0.0,0.0,0.0,0.0,0.0,3,1012.7,945.9,100,24140.0,12.3,27.7,riyadh,2026-03-01T03:09:08.654754
2026-03-01T17:00,18.8,28,-0.1,14.7,0,0.0,0.0,0.0,0.0,0.0,3,1013.6,946.5,100,24140.0,13.0,23.4,riyadh,2026-03-01T03:09:08.654754
2026-03-01T18:00,17.9,32,0.9,14.1,0,0.0,0.0,0.0,0.0,0.0,3,1013.9,946.6,100,24140.0,12.6,23.0,riyadh,2026-03-01T03:09:08.654754
2026-03-01T19:00,16.9,35,1.3,13.0,0,0.0,0.0,0.0,0.0,0.0,3,1013.6,946.1,100,24140.0,13.6,22.7,riyadh,2026-03-01T03:09:08.654754
2026-03-01T20:00,16.0,37,1.3,12.1,0,0.0,0.0,0.0,0.0,0.0,3,1013.4,945.7,100,24140.0,13.7,23.4,riyadh,2026-03-01T03:09:08.654754
2026-03-01T21:00,15.4,37,0.8,11.5,0,0.0,0.0,0.0,0.0,0.0,3,1013.3,945.5,100,24140.0,13.0,23.4,riyadh,2026-03-01T03:09:08.654754
2026-03-01T22:00,15.1,38,0.9,11.3,0,0.0,0.0,0.0,0.0,0.0,3,1013.2,945.3,100,24140.0,12.6,22.0,riyadh,2026-03-01T03:09:08.654754
2026-03-01T23:00,14.6,38,0.5,11.0,0,0.0,0.0,0.0,0.0,0.0,3,1013.3,945.3,100,24140.0,11.1,21.6,riyadh,2026-03-01T03:09:08.654754
2026-03-01T00:00,3.7,64,-2.5,-1.6,0,0.0,0.0,0.0,0.0,0.0,1,1025.5,1009.2,22,18520.0,18.7,37.4,belgrade,2026-03-01T03:09:11.139236
2026-03-01T01:00,3.4,64,-2.8,-1.6,0,0.0,0.0,0.0,0.0,0.0,1,1025.4,1009.1,33,18200.0,16.9,37.8,belgrade,2026-03-01T03:09:11.139236
2026-03-01T02:00,3.3,65,-2.7,-1.4,0,0.0,0.0,0.0,0.0,0.0,2,1025.5,1009.2,78,18060.0,14.4,34.2,belgrade,2026-03-01T03:09:11.139236
2026-03-01T03:00,3.0,66,-2.7,-2.0,0,0.0,0.0,0.0,0.0,0.0,3,1025.4,1009.1,100,17520.0,17.3,34.9,belgrade,2026-03-01T03:09:11.139236
2026-03-01T04:00,2.9,66,-2.8,-2.0,0,0.0,0.0,0.0,0.0,0.0,3,1025.6,1009.3,99,17280.0,16.2,34.9,belgrade,2026-03-01T03:09:11.139236
2026-03-01T05:00,3.0,66,-2.8,-1.8,0,0.0,0.0,0.0,0.0,0.0,3,1025.9,1009.6,88,50000.0,15.5,32.8,belgrade,2026-03-01T03:09:11.139236
2026-03-01T06:00,3.3,64,-2.9,-2.0,0,0.0,0.0,0.0,0.0,0.0,3,1026.2,1009.9,98,50000.0,18.4,36.7,belgrade,2026-03-01T03:09:11.139236
2026-03-01T07:00,4.4,59,-3.0,-0.2,0,0.0,0.0,0.0,0.0,0.0,3,1026.7,1010.4,100,20600.0,13.7,36.7,belgrade,2026-03-01T03:09:11.139236
2026-03-01T08:00,6.0,54,-2.6,2.2,0,0.0,0.0,0.0,0.0,0.0,3,1026.9,1010.7,95,50000.0,9.0,29.2,belgrade,2026-03-01T03:09:11.139236
2026-03-01T09:00,8.2,49,-1.9,4.7,0,0.0,0.0,0.0,0.0,0.0,1,1026.9,1010.8,41,24880.0,7.2,21.2,belgrade,2026-03-01T03:09:11.139236
2026-03-01T10:00,10.4,47,-0.5,7.1,0,0.0,0.0,0.0,0.0,0.0,3,1026.6,1010.7,95,25860.0,7.9,19.4,belgrade,2026-03-01T03:09:11.139236
2026-03-01T11:00,12.3,46,1.0,9.8,0,0.0,0.0,0.0,0.0,0.0,3,1026.4,1010.6,97,50000.0,6.1,19.1,belgrade,2026-03-01T03:09:11.139236
2026-03-01T12:00,13.7,44,1.7,11.5,0,0.0,0.0,0.0,0.0,0.0,3,1025.9,1010.2,94,50000.0,5.0,16.9,belgrade,2026-03-01T03:09:11.139236
2026-03-01T13:00,14.7,42,1.9,12.2,0,0.0,0.0,0.0,0.0,0.0,3,1025.6,1009.9,99,28560.0,4.7,15.1,belgrade,2026-03-01T03:09:11.139236
2026-03-01T14:00,15.2,42,2.3,12.6,0,0.0,0.0,0.0,0.0,0.0,3,1025.3,1009.6,99,50000.0,5.8,14.8,belgrade,2026-03-01T03:09:11.139236
2026-03-01T15:00,15.1,45,3.2,12.4,0,0.0,0.0,0.0,0.0,0.0,3,1025.1,1009.4,100,50000.0,7.2,16.2,belgrade,2026-03-01T03:09:11.139236
2026-03-01T16:00,14.6,47,3.4,12.1,0,0.0,0.0,0.0,0.0,0.0,3,1025.1,1009.4,100,50000.0,6.5,15.8,belgrade,2026-03-01T03:09:11.139236
2026-03-01T17:00,13.1,52,3.5,11.0,0,0.0,0.0,0.0,0.0,0.0,3,1025.5,1009.7,89,23480.0,4.0,10.1,belgrade,2026-03-01T03:09:11.139236
2026-03-01T18:00,11.4,42,-1.1,7.3,0,0.0,0.0,0.0,0.0,0.0,3,1025.8,1009.9,100,28620.0,12.2,20.9,belgrade,2026-03-01T03:09:11.139236
2026-03-01T19:00,10.4,44,-1.4,6.2,0,0.0,0.0,0.0,0.0,0.0,3,1025.5,1009.6,100,27680.0,12.2,22.7,belgrade,2026-03-01T03:09:11.139236
2026-03-01T20:00,9.6,46,-1.5,5.6,0,0.0,0.0,0.0,0.0,0.0,3,1025.4,1009.4,100,50000.0,11.2,21.6,belgrade,2026-03-01T03:09:11.139236
2026-03-01T21:00,9.1,49,-1.1,5.9,0,0.0,0.0,0.0,0.0,0.0,2,1025.7,1009.7,67,25260.0,5.8,19.1,belgrade,2026-03-01T03:09:11.139236
2026-03-01T22:00,8.5,51,-1.1,5.5,0,0.0,0.0,0.0,0.0,0.0,2,1025.7,1009.7,63,50000.0,5.0,10.1,belgrade,2026-03-01T03:09:11.139236
2026-03-01T23:00,8.3,52,-1.0,5.1,0,0.0,0.0,0.0,0.0,0.0,0,1025.8,1009.8,0,50000.0,6.1,10.1,belgrade,2026-03-01T03:09:11.139236
2026-03-01T00:00,26.4,90,24.6,31.5,0,0.0,0.0,0.0,0.0,0.0,3,1008.3,1006.7,82,24140.0,9.7,15.8,singapore,2026-03-01T03:09:13.600444
2026-03-01T01:00,26.6,88,24.5,31.6,0,0.0,0.0,0.0,0.0,0.0,2,1008.9,1007.3,74,24140.0,10.0,16.2,singapore,2026-03-01T03:09:13.600444
2026-03-01T02:00,27.5,84,24.5,32.6,0,0.0,0.0,0.0,0.0,0.0,2,1009.5,1007.9,55,24140.0,8.6,16.6,singapore,2026-03-01T03:09:13.600444
2026-03-01T03:00,28.5,78,24.3,34.7,3,0.0,0.0,0.0,0.0,0.0,2,1009.4,1007.8,53,24140.0,5.5,14.0,singapore,2026-03-01T03:09:13.600444
2026-03-01T04:00,29.2,74,24.1,37.2,3,0.0,0.0,0.0,0.0,0.0,2,1009.0,1007.4,67,24140.0,1.3,9.7,singapore,2026-03-01T03:09:13.600444
2026-03-01T05:00,29.5,73,24.1,37.4,8,0.0,0.0,0.0,0.0,0.0,2,1007.7,1006.1,65,15960.0,5.3,10.1,singapore,2026-03-01T03:09:13.600444
2026-03-01T06:00,29.7,73,24.3,37.7,5,0.0,0.0,0.0,0.0,0.0,2,1006.7,1005.1,63,16140.0,6.7,12.2,singapore,2026-03-01T03:09:13.600444
2026-03-01T07:00,29.6,74,24.4,37.0,3,0.0,0.0,0.0,0.0,0.0,2,1005.9,1004.3,59,24140.0,8.7,14.8,singapore,2026-03-01T03:09:13.600444
2026-03-01T08:00,29.3,77,24.9,36.2,8,0.0,0.0,0.0,0.0,0.0,1,1005.4,1003.8,27,22560.0,8.7,15.8,singapore,2026-03-01T03:09:13.600444
2026-03-01T09:00,29.1,78,24.8,35.0,3,0.0,0.0,0.0,0.0,0.0,1,1005.3,1003.7,15,22320.0,7.9,15.5,singapore,2026-03-01T03:09:13.600444
2026-03-01T10:00,29.1,76,24.5,35.2,3,0.0,0.0,0.0,0.0,0.0,1,1005.9,1004.3,25,24140.0,2.3,13.3,singapore,2026-03-01T03:09:13.600444
2026-03-01T11:00,29.6,73,24.2,35.1,0,0.0,0.0,0.0,0.0,0.0,1,1006.6,1005.0,13,24140.0,4.7,7.9,singapore,2026-03-01T03:09:13.600444
2026-03-01T12:00,29.3,75,24.4,34.3,0,0.0,0.0,0.0,0.0,0.0,1,1007.6,1006.0,23,24140.0,9.0,14.8,singapore,2026-03-01T03:09:13.600444
2026-03-01T13:00,28.4,79,24.4,33.2,0,0.0,0.0,0.0,0.0,0.0,3,1008.3,1006.7,85,24140.0,10.5,17.3,singapore,2026-03-01T03:09:13.600444
2026-03-01T14:00,27.8,83,24.6,32.7,0,0.0,0.0,0.0,0.0,0.0,3,1008.7,1007.1,100,24140.0,11.0,17.6,singapore,2026-03-01T03:09:13.600444
2026-03-01T15:00,27.3,84,24.4,32.0,0,0.0,0.0,0.0,0.0,0.0,3,1009.1,1007.5,100,24140.0,11.1,17.6,singapore,2026-03-01T03:09:13.600444
2026-03-01T16:00,27.0,87,24.7,31.9,0,0.0,0.0,0.0,0.0,0.0,3,1009.3,1007.7,100,24140.0,11.2,18.0,singapore,2026-03-01T03:09:13.600444
2026-03-01T17:00,26.8,89,24.8,31.6,0,0.0,0.0,0.0,0.0,0.0,3,1008.9,1007.3,100,24140.0,12.0,19.4,singapore,2026-03-01T03:09:13.600444
2026-03-01T18:00,26.6,89,24.7,31.5,0,0.0,0.0,0.0,0.0,0.0,2,1008.5,1006.9,73,24140.0,11.5,19.4,singapore,2026-03-01T03:09:13.600444
2026-03-01T19:00,26.5,90,24.7,31.6,0,0.0,0.0,0.0,0.0,0.0,3,1008.1,1006.5,85,24140.0,9.8,18.4,singapore,2026-03-01T03:09:13.600444
2026-03-01T20:00,26.5,88,24.3,31.3,0,0.0,0.0,0.0,0.0,0.0,3,1008.3,1006.7,86,24140.0,10.2,16.2,singapore,2026-03-01T03:09:13.600444
2026-03-01T21:00,26.4,88,24.3,31.2,3,0.0,0.0,0.0,0.0,0.0,3,1008.3,1006.7,81,24140.0,10.4,16.9,singapore,2026-03-01T03:09:13.600444
2026-03-01T22:00,26.4,89,24.5,31.2,0,0.0,0.0,0.0,0.0,0.0,2,1008.6,1007.0,68,24140.0,11.2,17.6,singapore,2026-03-01T03:09:13.600444
2026-03-01T23:00,26.4,89,24.4,31.2,0,0.0,0.0,0.0,0.0,0.0,2,1009.1,1007.5,71,24140.0,10.5,18.0,singapore,2026-03-01T03:09:13.600444
2026-03-01T00:00,4.0,73,-0.4,0.7,0,0.0,0.0,0.0,0.0,0.0,0,1025.2,1006.6,0,30860.0,7.4,15.8,bratislava,2026-03-01T03:11:16.597804
2026-03-01T01:00,3.6,75,-0.4,0.5,0,0.0,0.0,0.0,0.0,0.0,0,1025.5,1006.8,2,28720.0,6.6,13.7,bratislava,2026-03-01T03:11:16.597804
2026-03-01T02:00,3.1,78,-0.3,0.2,0,0.0,0.0,0.0,0.0,0.0,0,1025.2,1006.5,0,23780.0,5.6,12.2,bratislava,2026-03-01T03:11:16.597804
2026-03-01T03:00,2.8,79,-0.5,-0.2,0,0.0,0.0,0.0,0.0,0.0,0,1025.4,1006.7,0,24380.0,5.7,10.4,bratislava,2026-03-01T03:11:16.597804
2026-03-01T04:00,2.5,80,-0.6,-0.5,0,0.0,0.0,0.0,0.0,0.0,0,1026.0,1007.3,0,25660.0,5.5,10.4,bratislava,2026-03-01T03:11:16.597804
2026-03-01T05:00,2.4,81,-0.5,-0.5,0,0.0,0.0,0.0,0.0,0.0,0,1026.4,1007.6,0,26120.0,4.5,10.4,bratislava,2026-03-01T03:11:16.597804
2026-03-01T06:00,2.3,81,-0.6,-0.5,0,0.0,0.0,0.0,0.0,0.0,0,1026.9,1008.1,0,26400.0,4.0,7.9,bratislava,2026-03-01T03:11:16.597804
2026-03-01T07:00,3.0,78,-0.5,0.0,0,0.0,0.0,0.0,0.0,0.0,0,1026.8,1008.1,0,25560.0,5.2,10.1,bratislava,2026-03-01T03:11:16.597804
2026-03-01T08:00,4.8,70,-0.2,1.8,0,0.0,0.0,0.0,0.0,0.0,0,1027.0,1008.4,0,31840.0,6.1,13.3,bratislava,2026-03-01T03:11:16.597804
2026-03-01T09:00,7.2,61,0.2,3.9,0,0.0,0.0,0.0,0.0,0.0,1,1027.0,1008.6,8,39240.0,8.2,17.6,bratislava,2026-03-01T03:11:16.597804
2026-03-01T10:00,9.1,54,0.3,5.6,0,0.0,0.0,0.0,0.0,0.0,0,1026.7,1008.4,0,40400.0,9.8,20.2,bratislava,2026-03-01T03:11:16.597804
2026-03-01T11:00,10.7,50,0.7,7.5,0,0.0,0.0,0.0,0.0,0.0,0,1026.1,1007.9,0,40980.0,8.2,20.2,bratislava,2026-03-01T03:11:16.597804
2026-03-01T12:00,12.0,48,1.3,9.1,0,0.0,0.0,0.0,0.0,0.0,2,1025.5,1007.4,81,41260.0,7.1,16.6,bratislava,2026-03-01T03:11:16.597804
2026-03-01T13:00,12.9,47,1.8,10.2,0,0.0,0.0,0.0,0.0,0.0,0,1025.0,1007.0,0,41420.0,6.2,11.2,bratislava,2026-03-01T03:11:16.597804
2026-03-01T14:00,13.3,47,2.3,10.8,0,0.0,0.0,0.0,0.0,0.0,3,1024.7,1006.7,91,41500.0,5.5,9.7,bratislava,2026-03-01T03:11:16.597804
2026-03-01T15:00,13.3,48,2.5,10.6,0,0.0,0.0,0.0,0.0,0.0,3,1024.5,1006.5,100,41480.0,6.9,13.7,bratislava,2026-03-01T03:11:16.597804
2026-03-01T16:00,12.8,50,2.7,10.3,0,0.0,0.0,0.0,0.0,0.0,1,1024.5,1006.5,20,41340.0,5.9,15.1,bratislava,2026-03-01T03:11:16.597804
2026-03-01T17:00,11.5,58,3.6,9.5,0,0.0,0.0,0.0,0.0,0.0,3,1024.9,1006.8,87,40640.0,3.7,11.2,bratislava,2026-03-01T03:11:16.597804
2026-03-01T18:00,10.3,64,3.8,8.2,0,0.0,0.0,0.0,0.0,0.0,3,1025.3,1007.1,89,39600.0,4.3,7.9,bratislava,2026-03-01T03:11:16.597804
2026-03-01T19:00,9.6,64,3.1,7.4,0,0.0,0.0,0.0,0.0,0.0,3,1025.4,1007.1,100,39600.0,4.0,7.6,bratislava,2026-03-01T03:11:16.597804
2026-03-01T20:00,9.1,66,3.1,7.0,0,0.0,0.0,0.0,0.0,0.0,3,1025.6,1007.3,100,39120.0,3.4,6.8,bratislava,2026-03-01T03:11:16.597804
2026-03-01T21:00,8.3,70,3.2,6.3,0,0.0,0.0,0.0,0.0,0.0,3,1025.4,1007.1,100,37840.0,2.9,5.8,bratislava,2026-03-01T03:11:16.597804
2026-03-01T22:00,8.0,74,3.6,6.2,0,0.0,0.0,0.0,0.0,0.0,3,1025.4,1007.0,100,36640.0,2.1,5.0,bratislava,2026-03-01T03:11:16.597804
2026-03-01T23:00,7.1,78,3.6,5.3,0,0.0,0.0,0.0,0.0,0.0,3,1025.4,1007.0,100,33460.0,2.6,4.3,bratislava,2026-03-01T03:11:16.597804
2026-03-01T00:00,18.2,74,13.5,15.7,53,0.5,0.0,0.5,0.0,0.0,80,1005.8,1004.0,100,23960.0,25.2,46.8,cape_town,2026-03-01T03:11:19.052797
2026-03-01T01:00,17.5,76,13.2,14.2,48,0.0,0.0,0.0,0.0,0.0,3,1005.9,1004.1,90,24140.0,29.5,45.0,cape_town,2026-03-01T03:11:19.052797
2026-03-01T02:00,17.4,72,12.3,14.0,58,0.0,0.0,0.0,0.0,0.0,2,1006.2,1004.4,77,23500.0,28.0,52.2,cape_town,2026-03-01T03:11:19.052797
2026-03-01T03:00,16.4,80,13.0,13.5,38,0.0,0.0,0.0,0.0,0.0,2,1006.6,1004.8,76,23480.0,26.6,50.4,cape_town,2026-03-01T03:11:19.052797
2026-03-01T04:00,16.2,83,13.3,13.4,33,0.4,0.0,0.4,0.0,0.0,80,1007.3,1005.5,82,23840.0,26.0,44.3,cape_town,2026-03-01T03:11:19.052797
2026-03-01T05:00,16.5,74,11.8,13.0,38,0.2,0.0,0.2,0.0,0.0,2,1007.9,1006.1,77,22360.0,27.9,48.6,cape_town,2026-03-01T03:11:19.052797
2026-03-01T06:00,16.3,74,11.6,12.7,43,0.1,0.0,0.1,0.0,0.0,2,1008.8,1007.0,63,23860.0,28.2,50.0,cape_town,2026-03-01T03:11:19.052797
2026-03-01T07:00,16.1,75,11.7,12.4,35,0.1,0.0,0.1,0.0,0.0,2,1009.6,1007.8,79,23340.0,28.9,49.7,cape_town,2026-03-01T03:11:19.052797
2026-03-01T08:00,16.4,72,11.4,12.9,23,0.1,0.0,0.1,0.0,0.0,2,1010.2,1008.4,67,13980.0,26.8,49.7,cape_town,2026-03-01T03:11:19.052797
2026-03-01T09:00,16.5,71,11.2,12.8,28,0.1,0.0,0.1,0.0,0.0,2,1010.9,1009.1,50,11740.0,30.8,51.1,cape_town,2026-03-01T03:11:19.052797
2026-03-01T10:00,17.0,65,10.3,13.4,33,0.1,0.0,0.1,0.0,0.0,2,1011.1,1009.3,77,14820.0,31.6,51.5,cape_town,2026-03-01T03:11:19.052797
2026-03-01T11:00,16.9,67,10.7,13.9,40,0.1,0.0,0.1,0.0,0.0,2,1011.2,1009.4,63,10080.0,30.4,54.4,cape_town,2026-03-01T03:11:19.052797
2026-03-01T12:00,16.3,72,11.3,13.4,40,0.1,0.0,0.1,0.0,0.0,2,1011.8,1010.0,78,14320.0,30.1,52.6,cape_town,2026-03-01T03:11:19.052797
2026-03-01T13:00,15.7,78,11.9,12.8,40,0.3,0.0,0.3,0.0,0.0,80,1012.2,1010.4,70,23340.0,29.5,51.1,cape_town,2026-03-01T03:11:19.052797
2026-03-01T14:00,15.8,76,11.6,12.7,35,0.3,0.0,0.3,0.0,0.0,80,1012.6,1010.8,76,24140.0,27.0,49.3,cape_town,2026-03-01T03:11:19.052797
2026-03-01T15:00,15.7,78,11.8,12.5,25,0.2,0.0,0.2,0.0,0.0,2,1013.3,1011.5,71,19800.0,25.6,47.2,cape_town,2026-03-01T03:11:19.052797
2026-03-01T16:00,15.7,76,11.5,12.8,20,0.4,0.0,0.4,0.0,0.0,80,1013.9,1012.1,76,24140.0,23.2,45.0,cape_town,2026-03-01T03:11:19.052797
2026-03-01T17:00,15.5,77,11.5,12.5,15,0.1,0.0,0.1,0.0,0.0,2,1014.8,1013.0,58,24140.0,24.0,42.8,cape_town,2026-03-01T03:11:19.052797
2026-03-01T18:00,15.4,78,11.6,13.0,13,0.2,0.0,0.2,0.0,0.0,2,1015.5,1013.7,48,24140.0,20.2,42.5,cape_town,2026-03-01T03:11:19.052797
2026-03-01T19:00,15.9,73,11.0,13.5,13,0.0,0.0,0.0,0.0,0.0,2,1016.8,1015.0,65,24140.0,18.5,37.1,cape_town,2026-03-01T03:11:19.052797
2026-03-01T20:00,15.9,73,11.0,13.7,8,0.0,0.0,0.0,0.0,0.0,2,1017.6,1015.8,54,24140.0,16.9,33.8,cape_town,2026-03-01T03:11:19.052797
2026-03-01T21:00,16.0,71,10.7,14.1,5,0.1,0.0,0.1,0.0,0.0,1,1018.2,1016.4,28,24140.0,14.2,25.6,cape_town,2026-03-01T03:11:19.052797
2026-03-01T22:00,16.0,71,10.7,14.4,3,0.1,0.0,0.1,0.0,0.0,2,1018.3,1016.5,70,24140.0,12.2,21.2,cape_town,2026-03-01T03:11:19.052797
2026-03-01T23:00,15.9,72,10.8,14.8,3,0.1,0.0,0.1,0.0,0.0,1,1018.6,1016.8,22,24140.0,8.9,18.7,cape_town,2026-03-01T03:11:19.052797
2026-03-01T00:00,17.4,84,14.6,18.4,5,0.0,0.0,0.0,0.0,0.0,1,1010.5,826.7,37,24140.0,3.8,9.4,johannesburg,2026-03-01T03:11:21.511963
2026-03-01T01:00,17.3,84,14.6,18.0,8,0.5,0.0,0.5,0.0,0.0,80,1010.2,826.5,95,24140.0,6.2,16.9,johannesburg,2026-03-01T03:11:21.511963
2026-03-01T02:00,17.4,86,15.1,17.8,3,0.0,0.0,0.0,0.0,0.0,3,1009.9,826.3,98,24140.0,8.8,22.7,johannesburg,2026-03-01T03:11:21.511963
2026-03-01T03:00,17.0,89,15.2,17.3,0,0.0,0.0,0.0,0.0,0.0,3,1010.6,826.6,91,24140.0,10.1,25.9,johannesburg,2026-03-01T03:11:21.511963
2026-03-01T04:00,16.9,89,15.1,16.9,0,0.0,0.0,0.0,0.0,0.0,3,1011.1,826.9,84,24140.0,11.6,29.5,johannesburg,2026-03-01T03:11:21.511963
2026-03-01T05:00,17.5,84,14.7,17.0,0,0.0,0.0,0.0,0.0,0.0,2,1011.7,827.8,52,24040.0,14.1,35.3,johannesburg,2026-03-01T03:11:21.511963
2026-03-01T06:00,19.3,76,15.0,18.2,0,0.0,0.0,0.0,0.0,0.0,3,1011.6,828.7,95,24140.0,19.2,49.3,johannesburg,2026-03-01T03:11:21.511963
2026-03-01T07:00,21.3,67,15.0,19.9,0,0.0,0.0,0.0,0.0,0.0,3,1011.2,829.5,92,24140.0,20.9,54.4,johannesburg,2026-03-01T03:11:21.511963
2026-03-01T08:00,23.1,59,14.7,22.3,5,0.0,0.0,0.0,0.0,0.0,1,1010.6,830.0,41,24140.0,21.6,56.9,johannesburg,2026-03-01T03:11:21.511963
2026-03-01T09:00,24.8,52,14.3,24.6,48,0.0,0.0,0.0,0.0,0.0,1,1009.6,830.1,42,23620.0,21.5,56.5,johannesburg,2026-03-01T03:11:21.511963
2026-03-01T10:00,25.8,50,14.6,25.9,60,0.0,0.0,0.0,0.0,0.0,3,1008.6,829.8,99,24140.0,20.8,63.4,johannesburg,2026-03-01T03:11:21.511963
2026-03-01T11:00,24.1,60,15.9,23.7,65,1.1,0.0,1.1,0.0,0.0,95,1009.0,829.2,100,23440.0,20.6,63.4,johannesburg,2026-03-01T03:11:21.511963
2026-03-01T12:00,24.5,58,15.7,24.0,70,1.5,0.0,1.5,0.0,0.0,80,1007.8,828.4,57,15420.0,16.6,53.3,johannesburg,2026-03-01T03:11:21.511963
2026-03-01T13:00,25.4,52,14.9,24.8,65,0.2,0.0,0.2,0.0,0.0,3,1006.8,828.1,94,23680.0,17.8,55.4,johannesburg,2026-03-01T03:11:21.511963
2026-03-01T14:00,25.2,50,14.0,24.0,55,0.2,0.0,0.2,0.0,0.0,3,1006.5,827.7,97,18320.0,17.1,51.1,johannesburg,2026-03-01T03:11:21.511963
2026-03-01T15:00,24.0,56,14.7,23.7,40,0.2,0.0,0.2,0.0,0.0,3,1007.1,827.6,100,24140.0,12.7,47.2,johannesburg,2026-03-01T03:11:21.511963
2026-03-01T16:00,21.3,75,16.7,21.8,40,1.7,0.0,1.7,0.0,0.0,95,1008.9,827.6,100,24140.0,12.6,37.8,johannesburg,2026-03-01T03:11:21.511963
2026-03-01T17:00,19.7,82,16.6,20.5,25,0.5,0.0,0.5,0.0,0.0,80,1009.7,827.4,100,22420.0,10.4,33.8,johannesburg,2026-03-01T03:11:21.511963
2026-03-01T18:00,19.2,85,16.6,20.3,18,0.0,0.0,0.0,0.0,0.0,3,1010.7,827.9,100,9280.0,8.0,26.3,johannesburg,2026-03-01T03:11:21.511963
2026-03-01T19:00,18.9,85,16.3,19.9,15,0.0,0.0,0.0,0.0,0.0,3,1011.4,828.3,100,23600.0,7.8,21.6,johannesburg,2026-03-01T03:11:21.511963
2026-03-01T20:00,18.7,86,16.3,19.8,13,0.0,0.0,0.0,0.0,0.0,3,1012.0,828.7,100,24140.0,8.0,21.6,johannesburg,2026-03-01T03:11:21.511963
2026-03-01T21:00,18.5,88,16.5,19.5,10,0.0,0.0,0.0,0.0,0.0,3,1011.9,828.5,100,24140.0,8.3,21.6,johannesburg,2026-03-01T03:11:21.511963
2026-03-01T22:00,18.3,90,16.6,19.4,15,0.0,0.0,0.0,0.0,0.0,3,1012.1,828.5,100,24140.0,8.2,21.6,johannesburg,2026-03-01T03:11:21.511963
2026-03-01T23:00,18.2,92,16.9,19.7,30,0.1,0.0,0.1,0.0,0.0,3,1011.8,828.3,100,19020.0,6.4,21.6,johannesburg,2026-03-01T03:11:21.511963
2026-03-01T00:00,3.0,81,0.1,0.1,0,0.0,0.0,0.0,0.0,0.0,2,1026.1,1021.9,55,24140.0,5.3,15.1,seoul,2026-03-01T03:11:59.154276
2026-03-01T01:00,4.6,75,0.5,1.7,0,0.0,0.0,0.0,0.0,0.0,1,1026.3,1022.1,34,24140.0,5.6,21.6,seoul,2026-03-01T03:11:59.154276
2026-03-01T02:00,6.2,70,1.1,3.5,0,0.0,0.0,0.0,0.0,0.0,2,1026.0,1021.9,52,24140.0,4.8,27.7,seoul,2026-03-01T03:11:59.154276
2026-03-01T03:00,7.5,65,1.4,5.0,0,0.0,0.0,0.0,0.0,0.0,2,1025.4,1021.3,52,24140.0,4.5,28.4,seoul,2026-03-01T03:11:59.154276
2026-03-01T04:00,8.3,62,1.4,5.9,3,0.0,0.0,0.0,0.0,0.0,2,1025.2,1021.1,65,24140.0,3.3,28.1,seoul,2026-03-01T03:11:59.154276
2026-03-01T05:00,9.0,60,1.6,6.5,5,0.0,0.0,0.0,0.0,0.0,2,1024.4,1020.3,61,24140.0,4.3,25.6,seoul,2026-03-01T03:11:59.154276
2026-03-01T06:00,9.2,60,1.9,6.9,5,0.0,0.0,0.0,0.0,0.0,2,1024.7,1020.6,60,24140.0,3.8,21.6,seoul,2026-03-01T03:11:59.154276
2026-03-01T07:00,8.8,61,1.7,6.3,13,0.0,0.0,0.0,0.0,0.0,2,1024.5,1020.4,62,24140.0,4.7,17.3,seoul,2026-03-01T03:11:59.154276
2026-03-01T08:00,8.3,63,1.7,5.7,13,0.0,0.0,0.0,0.0,0.0,2,1024.7,1020.6,69,24140.0,5.3,23.4,seoul,2026-03-01T03:11:59.154276
2026-03-01T09:00,7.2,73,2.7,4.7,18,0.0,0.0,0.0,0.0,0.0,3,1024.9,1020.8,83,22760.0,5.4,24.5,seoul,2026-03-01T03:11:59.154276
2026-03-01T10:00,5.9,87,3.9,3.6,8,0.4,0.4,0.0,0.0,0.0,51,1025.0,1020.9,48,24140.0,6.1,23.8,seoul,2026-03-01T03:11:59.154276
2026-03-01T11:00,5.2,89,3.5,3.0,8,0.1,0.1,0.0,0.0,0.0,51,1025.7,1021.6,49,24140.0,4.6,22.7,seoul,2026-03-01T03:11:59.154276
2026-03-01T12:00,4.8,90,3.3,2.3,10,0.1,0.1,0.0,0.0,0.0,51,1026.1,1021.9,54,24140.0,6.7,21.2,seoul,2026-03-01T03:11:59.154276
2026-03-01T13:00,4.5,90,3.0,1.9,15,0.2,0.2,0.0,0.0,0.0,51,1026.1,1021.9,63,24140.0,7.3,21.2,seoul,2026-03-01T03:11:59.154276
2026-03-01T14:00,4.2,91,2.9,1.6,15,0.2,0.2,0.0,0.0,0.0,51,1025.9,1021.7,54,24140.0,7.2,20.2,seoul,2026-03-01T03:11:59.154276
2026-03-01T15:00,4.0,91,2.7,1.3,13,0.2,0.2,0.0,0.0,0.0,51,1025.7,1021.5,63,24140.0,7.2,19.1,seoul,2026-03-01T03:11:59.154276
2026-03-01T16:00,3.7,90,2.2,0.9,10,0.1,0.1,0.0,0.0,0.0,51,1025.4,1021.2,63,24140.0,7.4,18.7,seoul,2026-03-01T03:11:59.154276
2026-03-01T17:00,3.4,90,2.0,0.6,10,0.2,0.2,0.0,0.0,0.0,51,1025.1,1020.9,55,24140.0,7.0,18.7,seoul,2026-03-01T03:11:59.154276
2026-03-01T18:00,3.3,89,1.7,0.5,10,0.1,0.1,0.0,0.0,0.0,51,1024.4,1020.2,63,24140.0,6.5,18.0,seoul,2026-03-01T03:11:59.154276
2026-03-01T19:00,3.3,88,1.5,0.5,15,0.0,0.0,0.0,0.0,0.0,2,1024.0,1019.8,77,21820.0,6.9,20.9,seoul,2026-03-01T03:11:59.154276
2026-03-01T20:00,3.4,86,1.3,0.4,23,0.0,0.0,0.0,0.0,0.0,2,1023.9,1019.7,72,24140.0,7.4,20.9,seoul,2026-03-01T03:11:59.154276
2026-03-01T21:00,3.4,85,1.1,0.4,43,0.0,0.0,0.0,0.0,0.0,3,1024.3,1020.1,87,24140.0,7.1,20.2,seoul,2026-03-01T03:11:59.154276
2026-03-01T22:00,3.5,83,0.9,0.4,50,0.0,0.0,0.0,0.0,0.0,3,1024.3,1020.1,81,24140.0,7.9,23.0,seoul,2026-03-01T03:11:59.154276
2026-03-01T23:00,3.2,88,1.4,-0.2,68,0.6,0.6,0.0,0.0,0.0,53,1024.5,1020.3,93,24140.0,10.5,31.0,seoul,2026-03-01T03:11:59.154276
2026-03-01T00:00,11.7,90,10.1,11.2,15,0.1,0.0,0.1,0.0,0.0,3,1026.1,1023.6,100,20880.0,4.2,8.3,barcelona,2026-03-01T03:12:36.804182
2026-03-01T01:00,11.7,89,9.9,11.0,8,0.0,0.0,0.0,0.0,0.0,3,1025.8,1023.3,100,22660.0,4.5,11.5,barcelona,2026-03-01T03:12:36.804182
2026-03-01T02:00,11.6,89,9.8,11.1,0,0.0,0.0,0.0,0.0,0.0,3,1025.2,1022.7,100,22900.0,3.0,10.8,barcelona,2026-03-01T03:12:36.804182
2026-03-01T03:00,11.3,90,9.7,10.7,0,0.0,0.0,0.0,0.0,0.0,3,1025.2,1022.7,91,20620.0,3.8,10.4,barcelona,2026-03-01T03:12:36.804182
2026-03-01T04:00,11.3,91,9.9,10.7,0,0.0,0.0,0.0,0.0,0.0,3,1025.1,1022.6,94,20320.0,3.7,10.8,barcelona,2026-03-01T03:12:36.804182
2026-03-01T05:00,11.3,90,9.7,10.7,3,0.0,0.0,0.0,0.0,0.0,3,1025.9,1023.4,89,20940.0,3.7,10.1,barcelona,2026-03-01T03:12:36.804182
2026-03-01T06:00,11.2,91,9.8,10.7,0,0.0,0.0,0.0,0.0,0.0,2,1025.7,1023.2,76,20580.0,3.5,10.1,barcelona,2026-03-01T03:12:36.804182
2026-03-01T07:00,11.0,92,9.7,10.4,0,0.0,0.0,0.0,0.0,0.0,2,1026.1,1023.6,73,18960.0,3.5,10.1,barcelona,2026-03-01T03:12:36.804182
2026-03-01T08:00,11.5,90,9.9,11.1,0,0.0,0.0,0.0,0.0,0.0,2,1026.0,1023.5,61,20260.0,3.2,9.7,barcelona,2026-03-01T03:12:36.804182
2026-03-01T09:00,13.4,77,9.4,12.9,0,0.0,0.0,0.0,0.0,0.0,1,1026.5,1024.1,47,32680.0,2.2,9.0,barcelona,2026-03-01T03:12:36.804182
2026-03-01T10:00,14.8,64,8.0,13.5,0,0.0,0.0,0.0,0.0,0.0,2,1026.3,1023.9,55,38660.0,5.2,14.4,barcelona,2026-03-01T03:12:36.804182
2026-03-01T11:00,15.5,57,7.0,13.7,0,0.0,0.0,0.0,0.0,0.0,2,1026.0,1023.6,54,40300.0,7.2,18.4,barcelona,2026-03-01T03:12:36.804182
2026-03-01T12:00,15.9,55,6.8,13.7,3,0.0,0.0,0.0,0.0,0.0,3,1025.1,1022.7,95,40740.0,9.7,23.8,barcelona,2026-03-01T03:12:36.804182
2026-03-01T13:00,16.0,57,7.5,13.7,5,0.0,0.0,0.0,0.0,0.0,2,1024.3,1021.9,74,40280.0,11.4,27.7,barcelona,2026-03-01T03:12:36.804182
2026-03-01T14:00,16.0,59,8.0,13.6,3,0.0,0.0,0.0,0.0,0.0,2,1023.9,1021.5,60,39880.0,12.9,30.2,barcelona,2026-03-01T03:12:36.804182
2026-03-01T15:00,15.7,64,8.9,13.4,3,0.0,0.0,0.0,0.0,0.0,2,1023.5,1021.1,58,38660.0,13.6,31.3,barcelona,2026-03-01T03:12:36.804182
2026-03-01T16:00,15.1,68,9.2,13.0,0,0.0,0.0,0.0,0.0,0.0,1,1023.1,1020.7,44,37260.0,13.0,31.3,barcelona,2026-03-01T03:12:36.804182
2026-03-01T17:00,14.3,71,9.1,12.3,0,0.0,0.0,0.0,0.0,0.0,1,1023.3,1020.9,48,36360.0,12.1,30.2,barcelona,2026-03-01T03:12:36.804182
2026-03-01T18:00,13.4,77,9.4,11.7,0,0.0,0.0,0.0,0.0,0.0,1,1023.6,1021.2,46,33820.0,10.5,27.4,barcelona,2026-03-01T03:12:36.804182
2026-03-01T19:00,12.6,82,9.6,11.5,0,0.0,0.0,0.0,0.0,0.0,1,1024.0,1021.6,23,30900.0,7.3,21.2,barcelona,2026-03-01T03:12:36.804182
2026-03-01T20:00,12.0,85,9.6,11.2,0,0.0,0.0,0.0,0.0,0.0,1,1024.0,1021.5,18,27760.0,4.8,16.9,barcelona,2026-03-01T03:12:36.804182
2026-03-01T21:00,11.4,89,9.6,10.8,0,0.0,0.0,0.0,0.0,0.0,1,1024.0,1021.5,25,23480.0,3.6,11.5,barcelona,2026-03-01T03:12:36.804182
2026-03-01T22:00,10.7,91,9.3,10.0,0,0.0,0.0,0.0,0.0,0.0,1,1023.8,1021.3,41,19740.0,3.4,9.4,barcelona,2026-03-01T03:12:36.804182
2026-03-01T23:00,10.0,93,8.9,9.2,0,0.0,0.0,0.0,0.0,0.0,1,1023.5,1021.0,39,16720.0,3.7,8.6,barcelona,2026-03-01T03:12:36.804182
2026-03-01T00:00,8.0,77,4.2,6.3,0,0.0,0.0,0.0,0.0,0.0,1,1028.0,1025.6,44,24140.0,2.6,12.2,bilbao,2026-03-01T03:13:14.452115
2026-03-01T01:00,7.9,78,4.3,5.6,0,0.0,0.0,0.0,0.0,0.0,0,1027.5,1025.1,0,24140.0,3.3,12.2,bilbao,2026-03-01T03:13:14.452115
2026-03-01T02:00,7.6,79,4.2,5.2,0,0.0,0.0,0.0,0.0,0.0,0,1027.5,1025.1,0,24140.0,4.4,13.7,bilbao,2026-03-01T03:13:14.452115
2026-03-01T03:00,7.2,77,3.4,4.4,0,0.0,0.0,0.0,0.0,0.0,0,1025.9,1023.5,0,24140.0,7.7,20.5,bilbao,2026-03-01T03:13:14.452115
2026-03-01T04:00,7.1,71,2.2,4.4,0,0.0,0.0,0.0,0.0,0.0,2,1026.1,1023.7,51,24140.0,3.8,12.2,bilbao,2026-03-01T03:13:14.452115
2026-03-01T05:00,7.0,70,1.9,3.6,0,0.0,0.0,0.0,0.0,0.0,3,1025.7,1023.3,99,24140.0,8.9,21.6,bilbao,2026-03-01T03:13:14.452115
2026-03-01T06:00,6.8,70,1.8,3.6,0,0.0,0.0,0.0,0.0,0.0,3,1025.2,1022.8,100,24140.0,8.6,21.1,bilbao,2026-03-01T03:13:14.452115
2026-03-01T07:00,7.3,66,1.4,3.7,0,0.0,0.0,0.0,0.0,0.0,3,1024.8,1022.4,100,24140.0,10.5,22.5,bilbao,2026-03-01T03:13:14.452115
2026-03-01T08:00,8.4,60,1.1,5.1,0,0.0,0.0,0.0,0.0,0.0,3,1024.8,1022.4,100,24140.0,9.1,22.1,bilbao,2026-03-01T03:13:14.452115
2026-03-01T09:00,10.0,55,1.3,6.4,0,0.0,0.0,0.0,0.0,0.0,3,1024.2,1021.9,100,24140.0,11.6,23.8,bilbao,2026-03-01T03:13:14.452115
2026-03-01T10:00,12.4,55,3.6,8.9,0,0.0,0.0,0.0,0.0,0.0,3,1023.1,1020.8,99,24140.0,13.1,26.6,bilbao,2026-03-01T03:13:14.452115
2026-03-01T11:00,15.4,47,4.1,12.1,0,0.0,0.0,0.0,0.0,0.0,3,1022.1,1019.8,100,24140.0,12.9,29.2,bilbao,2026-03-01T03:13:14.452115
2026-03-01T12:00,16.7,43,4.0,13.0,0,0.0,0.0,0.0,0.0,0.0,3,1021.1,1018.8,99,24140.0,15.3,33.8,bilbao,2026-03-01T03:13:14.452115
2026-03-01T13:00,17.6,42,4.5,14.3,0,0.0,0.0,0.0,0.0,0.0,3,1019.6,1017.3,100,24140.0,14.0,33.5,bilbao,2026-03-01T03:13:14.452115
2026-03-01T14:00,18.2,44,5.8,15.2,0,0.0,0.0,0.0,0.0,0.0,3,1018.4,1016.1,99,24140.0,13.4,29.9,bilbao,2026-03-01T03:13:14.452115
2026-03-01T15:00,18.7,44,6.2,16.0,0,0.0,0.0,0.0,0.0,0.0,3,1017.6,1015.3,100,24140.0,11.9,28.8,bilbao,2026-03-01T03:13:14.452115
2026-03-01T16:00,18.6,45,6.4,15.3,0,0.0,0.0,0.0,0.0,0.0,3,1017.0,1014.7,100,24140.0,16.3,32.8,bilbao,2026-03-01T03:13:14.452115
2026-03-01T17:00,18.5,43,5.6,15.2,0,0.0,0.0,0.0,0.0,0.0,3,1016.6,1014.3,81,24140.0,15.0,33.8,bilbao,2026-03-01T03:13:14.452115
2026-03-01T18:00,17.5,48,6.3,14.8,0,0.0,0.0,0.0,0.0,0.0,3,1016.3,1014.0,84,24140.0,12.1,29.9,bilbao,2026-03-01T03:13:14.452115
2026-03-01T19:00,16.4,48,5.3,13.3,0,0.0,0.0,0.0,0.0,0.0,3,1016.3,1014.0,99,24140.0,13.4,27.4,bilbao,2026-03-01T03:13:14.452115
2026-03-01T20:00,15.9,47,4.6,12.5,0,0.0,0.0,0.0,0.0,0.0,3,1016.1,1013.8,100,24140.0,14.7,29.5,bilbao,2026-03-01T03:13:14.452115
2026-03-01T21:00,15.6,46,4.0,11.6,0,0.0,0.0,0.0,0.0,0.0,3,1016.0,1013.7,100,24140.0,17.6,35.6,bilbao,2026-03-01T03:13:14.452115
2026-03-01T22:00,15.2,47,4.0,11.0,0,0.0,0.0,0.0,0.0,0.0,3,1015.8,1013.5,100,24140.0,19.0,38.9,bilbao,2026-03-01T03:13:14.452115
2026-03-01T23:00,15.1,48,4.1,10.6,0,0.0,0.0,0.0,0.0,0.0,3,1015.4,1013.1,100,24140.0,20.9,43.2,bilbao,2026-03-01T03:13:14.452115
2026-03-01T00:00,24.4,70,18.6,26.2,3,0.0,0.0,0.0,0.0,0.0,0,1010.7,966.1,0,24140.0,9.7,20.9,cordoba,2026-03-01T03:13:52.070691
2026-03-01T01:00,23.2,73,18.1,25.2,3,0.0,0.0,0.0,0.0,0.0,0,1012.1,967.2,0,24140.0,7.0,20.9,cordoba,2026-03-01T03:13:52.070691
2026-03-01T02:00,22.4,75,17.7,24.5,0,0.0,0.0,0.0,0.0,0.0,1,1012.6,967.6,27,24140.0,5.0,14.4,cordoba,2026-03-01T03:13:52.070691
2026-03-01T03:00,21.7,78,17.7,23.8,0,0.0,0.0,0.0,0.0,0.0,1,1012.9,967.8,28,24140.0,4.7,10.4,cordoba,2026-03-01T03:13:52.070691
2026-03-01T04:00,21.0,81,17.7,23.1,0,0.0,0.0,0.0,0.0,0.0,1,1012.9,967.7,22,24140.0,4.6,9.4,cordoba,2026-03-01T03:13:52.070691
2026-03-01T05:00,20.4,83,17.5,22.6,0,0.0,0.0,0.0,0.0,0.0,1,1012.5,967.2,22,24140.0,3.9,9.0,cordoba,2026-03-01T03:13:52.070691
2026-03-01T06:00,20.0,84,17.2,22.0,0,0.0,0.0,0.0,0.0,0.0,0,1012.3,967.0,0,24140.0,3.9,7.9,cordoba,2026-03-01T03:13:52.070691
2026-03-01T07:00,19.6,84,16.9,21.5,0,0.0,0.0,0.0,0.0,0.0,0,1012.1,966.7,0,24140.0,4.1,8.3,cordoba,2026-03-01T03:13:52.070691
2026-03-01T08:00,19.4,84,16.6,21.1,0,0.0,0.0,0.0,0.0,0.0,0,1011.9,966.5,0,24140.0,4.1,8.3,cordoba,2026-03-01T03:13:52.070691
2026-03-01T09:00,19.2,84,16.5,20.9,0,0.0,0.0,0.0,0.0,0.0,0,1011.8,966.4,0,24140.0,4.3,8.6,cordoba,2026-03-01T03:13:52.070691
2026-03-01T10:00,19.1,84,16.4,20.7,0,0.0,0.0,0.0,0.0,0.0,0,1012.0,966.5,3,24140.0,4.6,9.0,cordoba,2026-03-01T03:13:52.070691
2026-03-01T11:00,19.7,83,16.8,21.5,0,0.0,0.0,0.0,0.0,0.0,0,1012.5,967.1,6,24140.0,4.5,9.0,cordoba,2026-03-01T03:13:52.070691
2026-03-01T12:00,22.6,71,17.1,24.2,0,0.0,0.0,0.0,0.0,0.0,0,1012.3,967.3,5,24140.0,7.0,15.8,cordoba,2026-03-01T03:13:52.070691
2026-03-01T13:00,25.2,60,16.9,25.6,0,0.0,0.0,0.0,0.0,0.0,0,1012.0,967.4,0,24140.0,14.0,31.3,cordoba,2026-03-01T03:13:52.070691
2026-03-01T14:00,26.9,53,16.6,27.3,0,0.0,0.0,0.0,0.0,0.0,0,1011.4,967.1,0,24140.0,18.2,40.3,cordoba,2026-03-01T03:13:52.070691
2026-03-01T15:00,28.4,49,16.7,29.3,0,0.0,0.0,0.0,0.0,0.0,0,1010.7,966.7,0,24140.0,20.1,45.0,cordoba,2026-03-01T03:13:52.070691
2026-03-01T16:00,29.8,45,16.6,30.8,0,0.0,0.0,0.0,0.0,0.0,0,1009.7,965.9,0,24140.0,21.9,49.0,cordoba,2026-03-01T03:13:52.070691
2026-03-01T17:00,30.8,42,16.4,31.8,0,0.0,0.0,0.0,0.0,0.0,0,1008.6,965.0,0,24140.0,22.7,50.8,cordoba,2026-03-01T03:13:52.070691
2026-03-01T18:00,31.4,40,16.2,32.1,0,0.0,0.0,0.0,0.0,0.0,0,1007.3,963.8,0,24140.0,22.9,51.1,cordoba,2026-03-01T03:13:52.070691
2026-03-01T19:00,31.7,38,15.7,31.9,0,0.0,0.0,0.0,0.0,0.0,1,1006.1,962.7,13,24140.0,21.8,50.8,cordoba,2026-03-01T03:13:52.070691
2026-03-01T20:00,31.3,41,16.5,31.1,0,0.0,0.0,0.0,0.0,0.0,1,1005.3,961.9,29,24140.0,21.2,48.2,cordoba,2026-03-01T03:13:52.070691
2026-03-01T21:00,30.5,46,17.6,30.4,0,0.0,0.0,0.0,0.0,0.0,1,1005.0,961.5,25,24140.0,19.2,46.8,cordoba,2026-03-01T03:13:52.070691
2026-03-01T22:00,28.9,49,17.2,29.0,0,0.0,0.0,0.0,0.0,0.0,0,1005.0,961.3,0,24140.0,17.2,42.1,cordoba,2026-03-01T03:13:52.070691
2026-03-01T23:00,26.8,53,16.5,27.5,0,0.0,0.0,0.0,0.0,0.0,1,1005.6,961.6,13,24140.0,11.1,37.1,cordoba,2026-03-01T03:13:52.070691
2026-03-01T00:00,10.0,88,8.1,9.4,20,0.0,0.0,0.0,0.0,0.0,3,1025.9,1016.3,100,26080.0,0.5,2.9,girona,2026-03-01T03:13:54.513153
2026-03-01T01:00,10.0,87,8.0,9.4,18,0.0,0.0,0.0,0.0,0.0,3,1025.7,1016.1,100,28120.0,0.5,1.8,girona,2026-03-01T03:13:54.513153
2026-03-01T02:00,10.0,86,7.8,9.3,23,0.0,0.0,0.0,0.0,0.0,3,1025.1,1015.5,100,28980.0,1.1,1.8,girona,2026-03-01T03:13:54.513153
2026-03-01T03:00,10.0,86,7.8,9.3,23,0.1,0.1,0.0,0.0,0.0,61,1025.1,1015.5,100,28820.0,0.5,1.4,girona,2026-03-01T03:13:54.513153
2026-03-01T04:00,9.9,88,8.0,9.2,20,0.3,0.3,0.0,0.0,0.0,61,1025.1,1015.5,99,26560.0,1.1,1.8,girona,2026-03-01T03:13:54.513153
2026-03-01T05:00,9.8,88,8.0,9.2,25,0.3,0.3,0.0,0.0,0.0,61,1026.0,1016.4,99,25880.0,0.7,2.2,girona,2026-03-01T03:13:54.513153
2026-03-01T06:00,9.6,92,8.4,9.0,33,0.2,0.2,0.0,0.0,0.0,61,1025.9,1016.3,100,20800.0,1.5,2.5,girona,2026-03-01T03:13:54.513153
2026-03-01T07:00,9.5,95,8.8,8.9,18,0.1,0.1,0.0,0.0,0.0,61,1026.4,1016.8,94,15100.0,2.2,3.6,girona,2026-03-01T03:13:54.513153
2026-03-01T08:00,10.1,94,9.2,9.6,8,0.0,0.0,0.0,0.0,0.0,3,1026.3,1016.7,90,6120.0,1.9,4.0,girona,2026-03-01T03:13:54.513153
2026-03-01T09:00,11.4,86,9.1,11.0,3,0.0,0.0,0.0,0.0,0.0,3,1026.6,1017.0,88,26600.0,1.5,4.0,girona,2026-03-01T03:13:54.513153
2026-03-01T10:00,12.3,78,8.6,11.7,3,0.0,0.0,0.0,0.0,0.0,3,1026.4,1016.9,90,34760.0,1.8,4.7,girona,2026-03-01T03:13:54.513153
2026-03-01T11:00,13.5,71,8.3,12.4,3,0.0,0.0,0.0,0.0,0.0,2,1026.1,1016.6,70,38380.0,4.3,9.7,girona,2026-03-01T03:13:54.513153
2026-03-01T12:00,14.5,66,8.2,12.9,3,0.0,0.0,0.0,0.0,0.0,2,1025.1,1015.7,51,39760.0,9.1,17.3,girona,2026-03-01T03:13:54.513153
2026-03-01T13:00,14.9,66,8.7,13.1,3,0.0,0.0,0.0,0.0,0.0,3,1024.1,1014.7,84,39680.0,11.3,21.2,girona,2026-03-01T03:13:54.513153
2026-03-01T14:00,15.1,71,9.9,13.0,5,0.0,0.0,0.0,0.0,0.0,2,1023.4,1014.0,58,37780.0,14.8,27.0,girona,2026-03-01T03:13:54.513153
2026-03-01T15:00,14.8,71,9.6,12.2,0,0.0,0.0,0.0,0.0,0.0,1,1022.9,1013.5,27,37720.0,17.3,31.3,girona,2026-03-01T03:13:54.513153
2026-03-01T16:00,13.9,74,9.3,11.2,0,0.0,0.0,0.0,0.0,0.0,1,1022.7,1013.3,30,36220.0,17.7,33.1,girona,2026-03-01T03:13:54.513153
2026-03-01T17:00,12.9,77,9.0,10.4,0,0.0,0.0,0.0,0.0,0.0,1,1022.9,1013.4,22,34420.0,15.0,31.0,girona,2026-03-01T03:13:54.513153
2026-03-01T18:00,11.4,85,9.0,9.6,0,0.0,0.0,0.0,0.0,0.0,1,1023.1,1013.6,24,28460.0,11.0,24.8,girona,2026-03-01T03:13:54.513153
2026-03-01T19:00,10.7,88,8.8,9.0,0,0.0,0.0,0.0,0.0,0.0,1,1023.5,1013.9,31,25400.0,9.5,18.4,girona,2026-03-01T03:13:54.513153
2026-03-01T20:00,10.3,89,8.6,8.7,0,0.0,0.0,0.0,0.0,0.0,1,1023.3,1013.7,37,23540.0,8.9,16.2,girona,2026-03-01T03:13:54.513153
2026-03-01T21:00,9.9,91,8.5,8.4,0,0.0,0.0,0.0,0.0,0.0,1,1023.4,1013.8,36,20600.0,8.3,14.4,girona,2026-03-01T03:13:54.513153
2026-03-01T22:00,9.5,93,8.4,8.1,0,0.0,0.0,0.0,0.0,0.0,2,1023.2,1013.6,41,17320.0,7.1,13.0,girona,2026-03-01T03:13:54.513153
2026-03-01T23:00,8.9,94,8.0,7.4,0,0.0,0.0,0.0,0.0,0.0,1,1022.8,1013.2,36,15020.0,7.0,11.9,girona,2026-03-01T03:13:54.513153
2026-03-01T00:00,9.7,62,2.8,7.3,0,0.0,0.0,0.0,0.0,0.0,2,1024.9,946.9,57,39820.0,5.1,15.8,madrid,2026-03-01T03:13:56.957536
2026-03-01T01:00,8.9,66,2.8,6.6,0,0.0,0.0,0.0,0.0,0.0,1,1025.0,946.8,37,39060.0,4.4,13.0,madrid,2026-03-01T03:13:56.957536
2026-03-01T02:00,8.1,69,2.8,5.8,0,0.0,0.0,0.0,0.0,0.0,1,1024.8,946.4,42,38020.0,4.5,10.8,madrid,2026-03-01T03:13:56.957536
2026-03-01T03:00,7.5,72,2.8,5.3,0,0.0,0.0,0.0,0.0,0.0,2,1024.9,946.4,50,37020.0,3.8,10.4,madrid,2026-03-01T03:13:56.957536
2026-03-01T04:00,7.0,74,2.7,4.8,0,0.0,0.0,0.0,0.0,0.0,2,1024.8,946.1,48,35580.0,3.3,9.4,madrid,2026-03-01T03:13:56.957536
2026-03-01T05:00,6.5,76,2.6,4.3,0,0.0,0.0,0.0,0.0,0.0,2,1025.7,946.8,50,34580.0,3.4,8.3,madrid,2026-03-01T03:13:56.957536
2026-03-01T06:00,6.1,78,2.6,3.9,0,0.0,0.0,0.0,0.0,0.0,2,1025.8,946.8,49,33380.0,3.5,7.9,madrid,2026-03-01T03:13:56.957536
2026-03-01T07:00,5.8,81,2.7,3.6,0,0.0,0.0,0.0,0.0,0.0,2,1026.4,947.3,56,31020.0,3.4,7.9,madrid,2026-03-01T03:13:56.957536
2026-03-01T08:00,6.4,79,3.0,4.3,0,0.0,0.0,0.0,0.0,0.0,2,1026.5,947.5,60,31540.0,2.7,7.9,madrid,2026-03-01T03:13:56.957536
2026-03-01T09:00,8.2,71,3.3,6.2,0,0.0,0.0,0.0,0.0,0.0,2,1026.4,947.9,55,35580.0,3.2,10.4,madrid,2026-03-01T03:13:56.957536
2026-03-01T10:00,9.9,68,4.2,7.8,0,0.0,0.0,0.0,0.0,0.0,2,1025.9,947.9,50,35840.0,4.7,14.0,madrid,2026-03-01T03:13:56.957536
2026-03-01T11:00,11.6,60,4.1,9.0,0,0.0,0.0,0.0,0.0,0.0,3,1025.0,947.5,86,38920.0,8.2,23.0,madrid,2026-03-01T03:13:56.957536
2026-03-01T12:00,13.1,53,3.7,10.5,0,0.0,0.0,0.0,0.0,0.0,3,1023.6,946.6,82,40420.0,7.7,23.4,madrid,2026-03-01T03:13:56.957536
2026-03-01T13:00,14.3,48,3.4,11.6,0,0.0,0.0,0.0,0.0,0.0,2,1022.2,945.6,73,41200.0,7.4,22.7,madrid,2026-03-01T03:13:56.957536
2026-03-01T14:00,15.3,44,3.1,13.0,0,0.0,0.0,0.0,0.0,0.0,1,1021.1,944.9,16,41700.0,7.4,22.0,madrid,2026-03-01T03:13:56.957536
2026-03-01T15:00,15.9,43,3.3,13.3,0,0.0,0.0,0.0,0.0,0.0,1,1020.2,944.2,20,41940.0,8.0,23.4,madrid,2026-03-01T03:13:56.957536
2026-03-01T16:00,15.9,44,3.6,13.1,0,0.0,0.0,0.0,0.0,0.0,1,1019.4,943.4,38,41900.0,8.8,24.1,madrid,2026-03-01T03:13:56.957536
2026-03-01T17:00,15.5,45,3.6,12.8,0,0.0,0.0,0.0,0.0,0.0,1,1019.1,943.1,30,41880.0,8.2,24.5,madrid,2026-03-01T03:13:56.957536
2026-03-01T18:00,14.7,46,3.2,12.3,0,0.0,0.0,0.0,0.0,0.0,1,1019.1,942.9,29,41840.0,5.9,22.0,madrid,2026-03-01T03:13:56.957536
2026-03-01T19:00,13.3,54,4.2,11.4,0,0.0,0.0,0.0,0.0,0.0,0,1019.3,942.7,0,41240.0,3.3,14.8,madrid,2026-03-01T03:13:56.957536
2026-03-01T20:00,12.3,58,4.2,10.4,0,0.0,0.0,0.0,0.0,0.0,1,1019.4,942.5,7,40840.0,3.4,8.3,madrid,2026-03-01T03:13:56.957536
2026-03-01T21:00,11.5,61,4.2,9.6,0,0.0,0.0,0.0,0.0,0.0,1,1019.5,942.4,37,40420.0,3.5,7.6,madrid,2026-03-01T03:13:56.957536
2026-03-01T22:00,10.8,64,4.2,8.8,0,0.0,0.0,0.0,0.0,0.0,2,1019.7,942.4,73,39800.0,3.9,9.4,madrid,2026-03-01T03:13:56.957536
2026-03-01T23:00,10.3,66,4.2,8.2,0,0.0,0.0,0.0,0.0,0.0,2,1019.4,942.0,72,39060.0,4.9,11.2,madrid,2026-03-01T03:13:56.957536
2026-03-01T00:00,13.8,82,10.8,13.7,0,0.0,0.0,0.0,0.0,0.0,3,1024.3,1022.1,92,30800.0,2.3,7.2,malaga,2026-03-01T03:13:59.402089
2026-03-01T01:00,13.7,82,10.7,13.6,3,0.0,0.0,0.0,0.0,0.0,3,1024.3,1022.1,95,29960.0,2.3,7.2,malaga,2026-03-01T03:13:59.402089
2026-03-01T02:00,13.8,83,11.0,13.7,5,0.0,0.0,0.0,0.0,0.0,3,1023.6,1021.4,99,29480.0,2.6,7.6,malaga,2026-03-01T03:13:59.402089
2026-03-01T03:00,13.9,81,10.7,13.6,18,0.0,0.0,0.0,0.0,0.0,3,1023.4,1021.2,92,31180.0,3.5,9.7,malaga,2026-03-01T03:13:59.402089
2026-03-01T04:00,13.8,79,10.2,13.4,10,0.0,0.0,0.0,0.0,0.0,3,1023.1,1020.9,81,32860.0,3.2,9.7,malaga,2026-03-01T03:13:59.402089
2026-03-01T05:00,13.6,80,10.2,13.1,13,0.0,0.0,0.0,0.0,0.0,2,1023.5,1021.3,59,32300.0,3.5,9.4,malaga,2026-03-01T03:13:59.402089
2026-03-01T06:00,13.2,84,10.5,12.9,15,0.0,0.0,0.0,0.0,0.0,2,1023.7,1021.5,50,29540.0,3.3,9.4,malaga,2026-03-01T03:13:59.402089
2026-03-01T07:00,12.9,86,10.7,12.6,13,0.0,0.0,0.0,0.0,0.0,2,1023.8,1021.6,50,27240.0,3.6,9.7,malaga,2026-03-01T03:13:59.402089
2026-03-01T08:00,13.5,82,10.5,13.1,10,0.0,0.0,0.0,0.0,0.0,1,1024.1,1021.9,42,30360.0,4.0,11.2,malaga,2026-03-01T03:13:59.402089
2026-03-01T09:00,14.8,73,10.0,13.8,3,0.0,0.0,0.0,0.0,0.0,1,1024.1,1021.9,41,35480.0,7.4,18.0,malaga,2026-03-01T03:13:59.402089
2026-03-01T10:00,15.9,64,9.1,13.6,0,0.0,0.0,0.0,0.0,0.0,1,1024.0,1021.8,28,38540.0,14.2,32.8,malaga,2026-03-01T03:13:59.402089
2026-03-01T11:00,16.8,59,8.8,14.3,0,0.0,0.0,0.0,0.0,0.0,0,1023.6,1021.4,7,39680.0,17.2,40.0,malaga,2026-03-01T03:13:59.402089
2026-03-01T12:00,17.4,57,8.8,15.4,0,0.0,0.0,0.0,0.0,0.0,0,1022.9,1020.7,0,40200.0,17.8,41.4,malaga,2026-03-01T03:13:59.402089
2026-03-01T13:00,17.1,63,10.0,15.8,0,0.0,0.0,0.0,0.0,0.0,0,1022.2,1020.0,5,38420.0,16.3,41.8,malaga,2026-03-01T03:13:59.402089
2026-03-01T14:00,17.1,63,10.0,15.6,0,0.0,0.0,0.0,0.0,0.0,0,1021.6,1019.4,5,38260.0,16.3,38.5,malaga,2026-03-01T03:13:59.402089
2026-03-01T15:00,17.0,63,9.9,15.3,0,0.0,0.0,0.0,0.0,0.0,0,1020.7,1018.5,5,38480.0,14.1,38.2,malaga,2026-03-01T03:13:59.402089
2026-03-01T16:00,16.5,67,10.3,14.7,0,0.0,0.0,0.0,0.0,0.0,1,1020.4,1018.2,16,36740.0,13.3,33.5,malaga,2026-03-01T03:13:59.402089
2026-03-01T17:00,15.8,73,11.0,14.5,0,0.0,0.0,0.0,0.0,0.0,1,1020.2,1018.0,37,34100.0,10.7,32.0,malaga,2026-03-01T03:13:59.402089
2026-03-01T18:00,15.1,75,10.7,14.1,0,0.0,0.0,0.0,0.0,0.0,1,1020.4,1018.2,36,34120.0,8.9,25.9,malaga,2026-03-01T03:13:59.402089
2026-03-01T19:00,14.6,76,10.5,14.0,0,0.0,0.0,0.0,0.0,0.0,1,1020.7,1018.5,38,34040.0,5.4,20.5,malaga,2026-03-01T03:13:59.402089
2026-03-01T20:00,14.3,79,10.7,13.7,0,0.0,0.0,0.0,0.0,0.0,2,1021.0,1018.8,46,32700.0,5.7,14.8,malaga,2026-03-01T03:13:59.402089
2026-03-01T21:00,14.2,82,11.2,13.9,3,0.0,0.0,0.0,0.0,0.0,2,1020.8,1018.6,52,30300.0,4.8,15.1,malaga,2026-03-01T03:13:59.402089
2026-03-01T22:00,14.2,83,11.3,14.2,5,0.0,0.0,0.0,0.0,0.0,2,1020.4,1018.2,69,29400.0,2.5,13.3,malaga,2026-03-01T03:13:59.402089
2026-03-01T23:00,14.1,84,11.4,14.4,20,0.0,0.0,0.0,0.0,0.0,2,1019.9,1017.7,71,28600.0,1.1,7.9,malaga,2026-03-01T03:13:59.402089
2026-03-01T00:00,13.5,74,9.0,12.1,0,0.0,0.0,0.0,0.0,0.0,3,1024.0,1015.4,94,36100.0,8.2,15.8,marbella,2026-03-01T03:15:17.204255
2026-03-01T01:00,13.6,75,9.2,12.2,0,0.0,0.0,0.0,0.0,0.0,3,1024.1,1015.5,95,36360.0,7.9,15.5,marbella,2026-03-01T03:15:17.204255
2026-03-01T02:00,13.5,79,10.0,12.1,5,0.0,0.0,0.0,0.0,0.0,3,1023.4,1014.8,100,33200.0,9.8,17.6,marbella,2026-03-01T03:15:17.204255
2026-03-01T03:00,13.7,83,10.9,12.5,8,0.1,0.0,0.1,0.0,0.0,3,1023.1,1014.5,98,29340.0,10.3,18.4,marbella,2026-03-01T03:15:17.204255
2026-03-01T04:00,13.7,81,10.5,11.9,5,0.0,0.0,0.0,0.0,0.0,2,1022.8,1014.2,74,31060.0,13.8,24.5,marbella,2026-03-01T03:15:17.204255
2026-03-01T05:00,13.6,76,9.4,11.6,0,0.0,0.0,0.0,0.0,0.0,2,1023.2,1014.6,55,34860.0,12.7,25.2,marbella,2026-03-01T03:15:17.204255
2026-03-01T06:00,13.4,77,9.4,11.3,0,0.0,0.0,0.0,0.0,0.0,2,1023.5,1014.9,51,34880.0,13.2,23.8,marbella,2026-03-01T03:15:17.204255
2026-03-01T07:00,13.4,77,9.4,11.2,0,0.0,0.0,0.0,0.0,0.0,2,1023.5,1014.9,64,34580.0,13.8,24.8,marbella,2026-03-01T03:15:17.204255
2026-03-01T08:00,13.7,76,9.6,11.3,0,0.0,0.0,0.0,0.0,0.0,2,1023.8,1015.2,64,35020.0,15.9,28.8,marbella,2026-03-01T03:15:17.204255
2026-03-01T09:00,14.2,74,9.7,11.3,0,0.0,0.0,0.0,0.0,0.0,2,1023.8,1015.2,68,35740.0,19.5,35.3,marbella,2026-03-01T03:15:17.204255
2026-03-01T10:00,14.7,70,9.3,11.7,0,0.0,0.0,0.0,0.0,0.0,2,1023.9,1015.3,75,37040.0,19.8,36.4,marbella,2026-03-01T03:15:17.204255
2026-03-01T11:00,15.1,67,9.0,11.8,0,0.0,0.0,0.0,0.0,0.0,2,1023.5,1014.9,77,38080.0,20.5,37.8,marbella,2026-03-01T03:15:17.204255
2026-03-01T12:00,15.2,65,8.7,11.5,0,0.0,0.0,0.0,0.0,0.0,2,1023.1,1014.5,62,38680.0,22.7,41.4,marbella,2026-03-01T03:15:17.204255
2026-03-01T13:00,15.3,64,8.6,12.1,0,0.0,0.0,0.0,0.0,0.0,2,1022.2,1013.6,56,38860.0,21.7,41.8,marbella,2026-03-01T03:15:17.204255
2026-03-01T14:00,15.4,63,8.4,12.2,0,0.0,0.0,0.0,0.0,0.0,1,1021.6,1013.1,48,39280.0,21.4,39.6,marbella,2026-03-01T03:15:17.204255
2026-03-01T15:00,15.5,63,8.5,12.1,0,0.0,0.0,0.0,0.0,0.0,1,1020.8,1012.3,41,39360.0,20.2,38.9,marbella,2026-03-01T03:15:17.204255
2026-03-01T16:00,15.2,67,9.1,12.4,0,0.0,0.0,0.0,0.0,0.0,1,1020.3,1011.8,47,38260.0,18.0,36.7,marbella,2026-03-01T03:15:17.204255
2026-03-01T17:00,15.0,69,9.3,12.5,0,0.0,0.0,0.0,0.0,0.0,1,1020.1,1011.6,42,37860.0,15.6,33.1,marbella,2026-03-01T03:15:17.204255
2026-03-01T18:00,14.6,70,9.2,12.1,0,0.0,0.0,0.0,0.0,0.0,1,1020.1,1011.5,38,37520.0,15.7,29.5,marbella,2026-03-01T03:15:17.204255
2026-03-01T19:00,14.2,74,9.6,12.1,0,0.0,0.0,0.0,0.0,0.0,1,1020.5,1011.9,43,36260.0,13.5,28.4,marbella,2026-03-01T03:15:17.204255
2026-03-01T20:00,13.9,77,9.9,11.9,0,0.0,0.0,0.0,0.0,0.0,2,1020.8,1012.2,61,34360.0,13.7,24.5,marbella,2026-03-01T03:15:17.204255
2026-03-01T21:00,13.8,81,10.6,12.1,0,0.0,0.0,0.0,0.0,0.0,2,1020.7,1012.1,74,31620.0,13.2,24.5,marbella,2026-03-01T03:15:17.204255
2026-03-01T22:00,13.9,81,10.7,12.3,10,0.0,0.0,0.0,0.0,0.0,2,1020.4,1011.8,83,31100.0,13.0,23.8,marbella,2026-03-01T03:15:17.204255
2026-03-01T23:00,14.1,83,11.2,12.4,10,0.2,0.0,0.2,0.0,0.0,3,1020.0,1011.4,89,29680.0,14.4,26.3,marbella,2026-03-01T03:15:17.204255
2026-03-01T00:00,10.5,91,9.1,9.7,20,0.2,0.1,0.1,0.0,0.0,61,1026.2,1002.0,100,19960.0,3.5,6.8,sabadell,2026-03-01T03:15:19.648870
2026-03-01T01:00,10.4,91,9.0,9.8,18,0.0,0.0,0.0,0.0,0.0,3,1025.9,1001.7,100,20580.0,3.0,7.2,sabadell,2026-03-01T03:15:19.648870
2026-03-01T02:00,10.2,91,8.8,9.4,15,0.0,0.0,0.0,0.0,0.0,3,1025.3,1001.0,100,20100.0,3.0,5.8,sabadell,2026-03-01T03:15:19.648870
2026-03-01T03:00,10.1,91,8.7,9.3,13,0.0,0.0,0.0,0.0,0.0,3,1025.3,1001.0,92,21180.0,3.3,5.4,sabadell,2026-03-01T03:15:19.648870
2026-03-01T04:00,10.0,91,8.6,9.2,10,0.0,0.0,0.0,0.0,0.0,3,1025.2,1000.9,99,20400.0,3.0,5.0,sabadell,2026-03-01T03:15:19.648870
2026-03-01T05:00,10.0,91,8.6,9.2,8,0.0,0.0,0.0,0.0,0.0,3,1025.9,1001.6,99,19880.0,2.6,4.3,sabadell,2026-03-01T03:15:19.648870
2026-03-01T06:00,10.1,92,8.8,9.4,5,0.1,0.1,0.0,0.0,0.0,61,1025.8,1001.5,99,19880.0,2.5,4.3,sabadell,2026-03-01T03:15:19.648870
2026-03-01T07:00,10.1,91,8.7,9.4,3,0.0,0.0,0.0,0.0,0.0,3,1026.2,1001.9,96,20220.0,2.6,4.0,sabadell,2026-03-01T03:15:19.648870
2026-03-01T08:00,10.6,91,9.2,10.1,3,0.0,0.0,0.0,0.0,0.0,3,1026.1,1001.9,89,21340.0,2.2,4.0,sabadell,2026-03-01T03:15:19.648870
2026-03-01T09:00,12.1,80,8.8,11.4,3,0.0,0.0,0.0,0.0,0.0,2,1026.4,1002.3,63,32460.0,2.8,5.0,sabadell,2026-03-01T03:15:19.648870
2026-03-01T10:00,13.5,67,7.5,12.0,0,0.0,0.0,0.0,0.0,0.0,2,1026.2,1002.2,63,38580.0,6.0,14.0,sabadell,2026-03-01T03:15:19.648870
2026-03-01T11:00,14.3,60,6.7,12.3,0,0.0,0.0,0.0,0.0,0.0,2,1025.8,1001.9,66,40200.0,8.4,19.4,sabadell,2026-03-01T03:15:19.648870
2026-03-01T12:00,14.8,57,6.3,12.5,0,0.0,0.0,0.0,0.0,0.0,3,1024.9,1001.0,86,40700.0,9.3,20.5,sabadell,2026-03-01T03:15:19.648870
2026-03-01T13:00,15.4,54,6.1,13.0,3,0.0,0.0,0.0,0.0,0.0,2,1024.0,1000.2,59,41020.0,9.7,22.3,sabadell,2026-03-01T03:15:19.648870
2026-03-01T14:00,15.5,52,5.7,13.0,3,0.0,0.0,0.0,0.0,0.0,2,1023.4,999.6,71,41220.0,10.4,23.4,sabadell,2026-03-01T03:15:19.648870
2026-03-01T15:00,15.3,54,6.0,12.6,3,0.0,0.0,0.0,0.0,0.0,2,1023.0,999.2,73,40960.0,11.6,25.2,sabadell,2026-03-01T03:15:19.648870
2026-03-01T16:00,14.7,58,6.5,12.2,5,0.0,0.0,0.0,0.0,0.0,2,1022.7,998.9,72,40500.0,11.1,25.2,sabadell,2026-03-01T03:15:19.648870
2026-03-01T17:00,13.8,63,6.9,11.5,0,0.0,0.0,0.0,0.0,0.0,1,1023.0,999.1,43,39560.0,10.1,23.8,sabadell,2026-03-01T03:15:19.648870
2026-03-01T18:00,12.2,74,7.7,10.6,0,0.0,0.0,0.0,0.0,0.0,1,1023.4,999.4,37,36040.0,7.1,20.9,sabadell,2026-03-01T03:15:19.648870
2026-03-01T19:00,10.9,81,7.8,9.8,0,0.0,0.0,0.0,0.0,0.0,1,1024.0,999.8,30,32340.0,4.2,11.5,sabadell,2026-03-01T03:15:19.648870
2026-03-01T20:00,10.1,86,7.9,9.1,0,0.0,0.0,0.0,0.0,0.0,1,1024.1,999.9,33,28380.0,3.1,6.8,sabadell,2026-03-01T03:15:19.648870
2026-03-01T21:00,9.4,88,7.5,8.4,0,0.0,0.0,0.0,0.0,0.0,1,1024.2,999.9,30,25860.0,2.9,4.3,sabadell,2026-03-01T03:15:19.648870
2026-03-01T22:00,8.5,91,7.2,7.3,0,0.0,0.0,0.0,0.0,0.0,1,1024.0,999.6,16,20620.0,3.7,5.8,sabadell,2026-03-01T03:15:19.648870
2026-03-01T23:00,7.6,94,6.7,6.2,0,0.0,0.0,0.0,0.0,0.0,1,1023.7,999.3,29,15440.0,4.4,6.8,sabadell,2026-03-01T03:15:19.648870
2026-03-01T00:00,26.5,30,7.5,24.9,3,0.0,0.0,0.0,0.0,0.0,1,1008.5,832.4,13,24140.0,6.6,11.5,salamanca,2026-03-01T03:15:22.093259
2026-03-01T01:00,24.0,38,8.8,23.3,3,0.0,0.0,0.0,0.0,0.0,3,1008.8,831.3,100,24140.0,2.1,11.2,salamanca,2026-03-01T03:15:22.093259
2026-03-01T02:00,20.3,49,9.3,19.6,3,0.0,0.0,0.0,0.0,0.0,3,1010.2,830.5,92,24140.0,3.7,9.7,salamanca,2026-03-01T03:15:22.093259
2026-03-01T03:00,18.5,56,9.5,17.2,8,0.0,0.0,0.0,0.0,0.0,3,1012.7,831.6,85,24140.0,8.2,13.3,salamanca,2026-03-01T03:15:22.093259
2026-03-01T04:00,18.1,65,11.4,18.0,3,0.0,0.0,0.0,0.0,0.0,2,1013.7,832.2,70,24140.0,3.3,13.0,salamanca,2026-03-01T03:15:22.093259
2026-03-01T05:00,18.0,66,11.5,18.3,5,0.0,0.0,0.0,0.0,0.0,3,1014.3,832.6,82,24140.0,1.0,5.0,salamanca,2026-03-01T03:15:22.093259
2026-03-01T06:00,16.1,70,10.6,15.7,0,0.0,0.0,0.0,0.0,0.0,1,1014.6,831.8,16,24140.0,3.5,5.0,salamanca,2026-03-01T03:15:22.093259
2026-03-01T07:00,13.4,75,9.0,12.4,0,0.0,0.0,0.0,0.0,0.0,1,1014.8,830.4,42,24140.0,4.6,7.6,salamanca,2026-03-01T03:15:22.093259
2026-03-01T08:00,13.2,66,7.0,11.9,0,0.0,0.0,0.0,0.0,0.0,3,1014.6,830.2,98,24140.0,3.6,7.6,salamanca,2026-03-01T03:15:22.093259
2026-03-01T09:00,13.3,64,6.6,12.1,0,0.0,0.0,0.0,0.0,0.0,3,1014.6,830.2,100,24140.0,1.9,5.8,salamanca,2026-03-01T03:15:22.093259
2026-03-01T10:00,12.9,64,6.3,11.7,0,0.0,0.0,0.0,0.0,0.0,1,1014.6,830.0,34,24140.0,2.2,2.9,salamanca,2026-03-01T03:15:22.093259
2026-03-01T11:00,11.7,67,5.8,10.2,0,0.0,0.0,0.0,0.0,0.0,1,1015.3,829.9,14,24140.0,3.3,5.0,salamanca,2026-03-01T03:15:22.093259
2026-03-01T12:00,10.8,73,6.1,9.3,0,0.0,0.0,0.0,0.0,0.0,0,1016.1,830.0,3,24140.0,3.3,5.0,salamanca,2026-03-01T03:15:22.093259
2026-03-01T13:00,10.0,77,6.2,8.6,0,0.0,0.0,0.0,0.0,0.0,0,1017.1,830.4,0,24140.0,3.3,5.0,salamanca,2026-03-01T03:15:22.093259
2026-03-01T14:00,10.5,79,7.0,9.3,0,0.0,0.0,0.0,0.0,0.0,0,1017.9,831.3,0,24140.0,3.1,5.0,salamanca,2026-03-01T03:15:22.093259
2026-03-01T15:00,14.6,66,8.3,13.7,0,0.0,0.0,0.0,0.0,0.0,0,1018.5,834.2,0,24140.0,3.1,7.2,salamanca,2026-03-01T03:15:22.093259
2026-03-01T16:00,19.1,50,8.4,17.6,0,0.0,0.0,0.0,0.0,0.0,0,1018.2,836.4,0,24140.0,7.0,14.4,salamanca,2026-03-01T03:15:22.093259
2026-03-01T17:00,22.6,42,9.0,21.7,0,0.0,0.0,0.0,0.0,0.0,0,1016.9,837.3,0,24140.0,11.5,20.2,salamanca,2026-03-01T03:15:22.093259
2026-03-01T18:00,25.6,30,6.7,24.4,0,0.0,0.0,0.0,0.0,0.0,0,1014.8,837.1,0,24140.0,14.7,25.6,salamanca,2026-03-01T03:15:22.093259
2026-03-01T19:00,27.4,21,3.1,26.0,0,0.0,0.0,0.0,0.0,0.0,0,1012.9,836.5,0,24140.0,14.0,25.9,salamanca,2026-03-01T03:15:22.093259
2026-03-01T20:00,28.2,20,3.1,26.7,0,0.0,0.0,0.0,0.0,0.0,0,1011.2,835.6,0,24140.0,14.6,25.2,salamanca,2026-03-01T03:15:22.093259
2026-03-01T21:00,28.8,20,3.6,27.0,0,0.0,0.0,0.0,0.0,0.0,0,1009.7,834.6,0,24140.0,13.7,25.2,salamanca,2026-03-01T03:15:22.093259
2026-03-01T22:00,29.1,20,3.8,26.8,0,0.0,0.0,0.0,0.0,0.0,0,1008.8,834.0,0,24140.0,12.0,24.1,salamanca,2026-03-01T03:15:22.093259
2026-03-01T23:00,28.9,18,2.2,25.5,0,0.0,0.0,0.0,0.0,0.0,1,1008.3,833.5,20,24140.0,11.2,21.2,salamanca,2026-03-01T03:15:22.093259
2026-03-01T00:00,26.3,67,19.7,28.6,0,0.0,0.0,0.0,0.0,0.0,2,1011.6,959.1,63,460.0,9.7,20.2,valencia,2026-03-01T03:17:25.057528
2026-03-01T01:00,25.4,71,19.8,28.1,0,0.0,0.0,0.0,0.0,0.0,2,1012.4,959.7,70,340.0,7.1,18.7,valencia,2026-03-01T03:17:25.057528
2026-03-01T02:00,24.7,72,19.3,27.2,0,0.0,0.0,0.0,0.0,0.0,2,1013.2,960.3,66,400.0,7.3,13.7,valencia,2026-03-01T03:17:25.057528
2026-03-01T03:00,24.1,72,18.8,26.3,0,0.0,0.0,0.0,0.0,0.0,2,1013.1,960.1,60,400.0,7.8,14.4,valencia,2026-03-01T03:17:25.057528
2026-03-01T04:00,23.5,72,18.2,25.4,0,0.0,0.0,0.0,0.0,0.0,2,1013.1,960.0,53,580.0,7.8,14.8,valencia,2026-03-01T03:17:25.057528
2026-03-01T05:00,22.9,74,18.0,24.7,0,0.0,0.0,0.0,0.0,0.0,2,1012.6,959.4,49,1500.0,7.2,14.4,valencia,2026-03-01T03:17:25.057528
2026-03-01T06:00,22.3,78,18.3,24.3,0,0.0,0.0,0.0,0.0,0.0,1,1011.8,958.5,43,7060.0,6.8,14.4,valencia,2026-03-01T03:17:25.057528
2026-03-01T07:00,21.8,81,18.4,23.9,0,0.0,0.0,0.0,0.0,0.0,2,1011.4,958.1,50,24140.0,6.9,14.4,valencia,2026-03-01T03:17:25.057528
2026-03-01T08:00,21.4,83,18.4,23.5,0,0.0,0.0,0.0,0.0,0.0,2,1011.3,957.9,66,24140.0,6.6,14.4,valencia,2026-03-01T03:17:25.057528
2026-03-01T09:00,21.0,85,18.4,23.1,0,0.0,0.0,0.0,0.0,0.0,2,1011.8,958.3,61,24140.0,6.2,14.4,valencia,2026-03-01T03:17:25.057528
2026-03-01T10:00,20.4,87,18.2,22.7,0,0.0,0.0,0.0,0.0,0.0,2,1012.5,958.9,46,24140.0,5.1,13.7,valencia,2026-03-01T03:17:25.057528
2026-03-01T11:00,19.8,90,18.1,22.1,0,0.0,0.0,0.0,0.0,0.0,1,1013.4,959.6,29,24140.0,5.0,12.2,valencia,2026-03-01T03:17:25.057528
2026-03-01T12:00,22.1,80,18.5,24.5,0,0.0,0.0,0.0,0.0,0.0,1,1014.1,960.7,23,24140.0,4.7,12.2,valencia,2026-03-01T03:17:25.057528
2026-03-01T13:00,25.2,62,17.4,27.1,0,0.0,0.0,0.0,0.0,0.0,1,1014.6,961.7,23,24140.0,5.4,15.5,valencia,2026-03-01T03:17:25.057528
2026-03-01T14:00,27.1,54,17.0,28.6,0,0.0,0.0,0.0,0.0,0.0,1,1015.0,962.4,20,24140.0,9.1,20.5,valencia,2026-03-01T03:17:25.057528
2026-03-01T15:00,28.8,49,17.0,30.8,0,0.0,0.0,0.0,0.0,0.0,2,1014.5,962.2,78,24140.0,12.3,26.6,valencia,2026-03-01T03:17:25.057528
2026-03-01T16:00,30.5,39,15.0,31.7,0,0.0,0.0,0.0,0.0,0.0,3,1013.0,961.1,85,24140.0,13.0,27.4,valencia,2026-03-01T03:17:25.057528
2026-03-01T17:00,31.4,34,13.7,32.2,3,0.0,0.0,0.0,0.0,0.0,2,1011.4,959.7,80,24140.0,12.5,27.4,valencia,2026-03-01T03:17:25.057528
2026-03-01T18:00,32.1,31,12.8,32.5,8,0.0,0.0,0.0,0.0,0.0,2,1010.1,958.6,58,24140.0,12.0,26.3,valencia,2026-03-01T03:17:25.057528
2026-03-01T19:00,32.5,30,12.7,32.4,10,0.0,0.0,0.0,0.0,0.0,2,1009.0,957.6,69,24140.0,12.2,25.9,valencia,2026-03-01T03:17:25.057528
2026-03-01T20:00,32.3,30,12.5,31.3,8,0.0,0.0,0.0,0.0,0.0,2,1008.4,957.0,69,24140.0,12.8,27.0,valencia,2026-03-01T03:17:25.057528
2026-03-01T21:00,31.9,31,12.7,31.0,3,0.0,0.0,0.0,0.0,0.0,2,1008.7,957.2,55,24140.0,11.5,27.0,valencia,2026-03-01T03:17:25.057528
2026-03-01T22:00,31.0,32,12.4,30.7,0,0.0,0.0,0.0,0.0,0.0,2,1009.1,957.5,69,24140.0,6.8,23.4,valencia,2026-03-01T03:17:25.057528
2026-03-01T23:00,28.6,45,15.5,29.1,0,0.0,0.0,0.0,0.0,0.0,2,1010.1,958.0,71,24140.0,9.3,18.4,valencia,2026-03-01T03:17:25.057528
2026-03-01T00:00,26.8,84,23.9,31.8,0,0.0,0.0,0.0,0.0,0.0,1,1007.7,1007.7,19,24140.0,7.6,11.5,colombo,2026-03-01T03:17:27.520627
2026-03-01T01:00,26.8,84,23.8,31.7,0,0.0,0.0,0.0,0.0,0.0,2,1008.6,1008.6,44,24140.0,7.4,10.8,colombo,2026-03-01T03:17:27.520627
2026-03-01T02:00,26.6,86,24.0,31.7,3,0.0,0.0,0.0,0.0,0.0,2,1009.9,1009.9,48,24140.0,7.1,10.1,colombo,2026-03-01T03:17:27.520627
2026-03-01T03:00,26.4,87,24.1,31.7,3,0.0,0.0,0.0,0.0,0.0,1,1010.7,1010.7,23,24140.0,6.1,10.1,colombo,2026-03-01T03:17:27.520627
2026-03-01T04:00,26.5,86,24.0,32.2,0,0.0,0.0,0.0,0.0,0.0,1,1011.3,1011.3,15,24140.0,3.9,8.6,colombo,2026-03-01T03:17:27.520627
2026-03-01T05:00,26.6,86,24.0,33.8,0,0.0,0.0,0.0,0.0,0.0,1,1011.2,1011.2,13,24140.0,2.1,5.0,colombo,2026-03-01T03:17:27.520627
2026-03-01T06:00,26.7,86,24.1,34.2,0,0.0,0.0,0.0,0.0,0.0,1,1010.4,1010.4,32,24140.0,6.5,9.0,colombo,2026-03-01T03:17:27.520627
2026-03-01T07:00,26.8,86,24.3,34.4,0,0.0,0.0,0.0,0.0,0.0,1,1009.5,1009.5,21,24140.0,9.1,12.6,colombo,2026-03-01T03:17:27.520627
2026-03-01T08:00,27.2,84,24.3,34.0,0,0.0,0.0,0.0,0.0,0.0,1,1008.8,1008.8,13,24140.0,12.1,16.6,colombo,2026-03-01T03:17:27.520627
2026-03-01T09:00,27.5,81,23.9,32.8,0,0.0,0.0,0.0,0.0,0.0,1,1008.1,1008.1,16,24140.0,16.3,21.6,colombo,2026-03-01T03:17:27.520627
2026-03-01T10:00,27.5,80,23.7,31.6,0,0.0,0.0,0.0,0.0,0.0,1,1007.8,1007.8,9,24140.0,18.1,24.1,colombo,2026-03-01T03:17:27.520627
2026-03-01T11:00,27.5,79,23.5,30.7,0,0.0,0.0,0.0,0.0,0.0,1,1007.7,1007.7,25,24140.0,17.6,24.1,colombo,2026-03-01T03:17:27.520627
2026-03-01T12:00,27.5,81,23.9,30.9,0,0.0,0.0,0.0,0.0,0.0,1,1008.3,1008.3,32,24140.0,18.0,23.8,colombo,2026-03-01T03:17:27.520627
2026-03-01T13:00,27.5,80,23.8,31.0,0,0.0,0.0,0.0,0.0,0.0,1,1008.7,1008.7,31,24140.0,17.1,23.8,colombo,2026-03-01T03:17:27.520627
2026-03-01T14:00,27.6,78,23.4,31.1,0,0.0,0.0,0.0,0.0,0.0,1,1009.6,1009.6,24,24140.0,15.4,22.7,colombo,2026-03-01T03:17:27.520627
2026-03-01T15:00,27.5,79,23.6,31.7,0,0.0,0.0,0.0,0.0,0.0,1,1010.2,1010.2,14,24140.0,11.6,20.5,colombo,2026-03-01T03:17:27.520627
2026-03-01T16:00,27.4,80,23.7,32.4,0,0.0,0.0,0.0,0.0,0.0,1,1010.9,1010.9,35,24140.0,6.2,15.8,colombo,2026-03-01T03:17:27.520627
2026-03-01T17:00,27.3,81,23.7,32.4,0,0.0,0.0,0.0,0.0,0.0,1,1011.1,1011.1,39,24140.0,5.7,8.3,colombo,2026-03-01T03:17:27.520627
2026-03-01T18:00,27.1,81,23.5,32.0,0,0.0,0.0,0.0,0.0,0.0,2,1011.0,1011.0,49,24140.0,6.2,8.6,colombo,2026-03-01T03:17:27.520627
2026-03-01T19:00,26.9,80,23.2,31.7,0,0.0,0.0,0.0,0.0,0.0,2,1010.1,1010.1,55,24140.0,6.0,8.6,colombo,2026-03-01T03:17:27.520627
2026-03-01T20:00,26.8,79,22.8,31.4,0,0.0,0.0,0.0,0.0,0.0,2,1009.3,1009.3,51,24140.0,5.2,8.3,colombo,2026-03-01T03:17:27.520627
2026-03-01T21:00,26.6,79,22.7,31.1,0,0.0,0.0,0.0,0.0,0.0,2,1008.9,1008.9,53,24140.0,5.5,7.9,colombo,2026-03-01T03:17:27.520627
2026-03-01T22:00,26.7,78,22.5,30.9,0,0.0,0.0,0.0,0.0,0.0,2,1008.8,1008.8,54,24140.0,7.2,9.7,colombo,2026-03-01T03:17:27.520627
2026-03-01T23:00,26.7,77,22.4,30.7,0,0.0,0.0,0.0,0.0,0.0,2,1008.8,1008.8,57,24140.0,7.8,10.8,colombo,2026-03-01T03:17:27.520627
2026-03-01T00:00,2.0,97,1.6,-1.5,100,1.3,1.3,0.0,0.0,0.0,61,1012.1,1011.1,100,8060.0,11.5,20.9,stockholm,2026-03-01T03:17:29.964236
2026-03-01T01:00,1.9,98,1.7,-1.2,100,0.3,0.3,0.0,0.0,0.0,51,1011.6,1010.6,100,9560.0,8.6,22.7,stockholm,2026-03-01T03:17:29.964236
2026-03-01T02:00,2.0,98,1.8,-1.3,97,0.5,0.5,0.0,0.0,0.0,53,1010.5,1009.5,100,25400.0,10.4,24.1,stockholm,2026-03-01T03:17:29.964236
2026-03-01T03:00,2.1,98,1.8,-1.4,86,0.6,0.6,0.0,0.0,0.0,53,1009.7,1008.7,100,4180.0,11.5,21.2,stockholm,2026-03-01T03:17:29.964236
2026-03-01T04:00,2.2,98,1.9,-1.5,63,0.0,0.0,0.0,0.0,0.0,3,1009.1,1008.1,100,30460.0,12.6,22.7,stockholm,2026-03-01T03:17:29.964236
2026-03-01T05:00,2.7,98,2.5,-0.7,33,0.0,0.0,0.0,0.0,0.0,3,1008.8,1007.8,100,1220.0,11.5,25.6,stockholm,2026-03-01T03:17:29.964236
2026-03-01T06:00,3.0,98,2.8,-0.9,14,0.0,0.0,0.0,0.0,0.0,3,1008.6,1007.6,100,1100.0,15.5,28.4,stockholm,2026-03-01T03:17:29.964236
2026-03-01T07:00,3.1,97,2.7,-0.6,16,0.0,0.0,0.0,0.0,0.0,3,1008.3,1007.3,100,28780.0,14.0,29.9,stockholm,2026-03-01T03:17:29.964236
2026-03-01T08:00,3.4,96,2.8,-0.4,28,0.1,0.1,0.0,0.0,0.0,51,1008.0,1007.0,100,13220.0,14.8,28.1,stockholm,2026-03-01T03:17:29.964236
2026-03-01T09:00,3.6,95,2.9,-0.1,35,0.1,0.1,0.0,0.0,0.0,51,1007.8,1006.8,100,16180.0,14.4,28.1,stockholm,2026-03-01T03:17:29.964236
2026-03-01T10:00,4.0,94,3.1,0.2,29,0.3,0.3,0.0,0.0,0.0,51,1007.6,1006.6,100,17580.0,14.8,29.2,stockholm,2026-03-01T03:17:29.964236
2026-03-01T11:00,4.4,94,3.5,0.8,19,0.0,0.0,0.0,0.0,0.0,3,1007.9,1006.9,100,16800.0,14.0,27.4,stockholm,2026-03-01T03:17:29.964236
2026-03-01T12:00,4.5,94,3.7,1.3,10,0.0,0.0,0.0,0.0,0.0,3,1008.0,1007.0,100,9460.0,11.9,26.6,stockholm,2026-03-01T03:17:29.964236
2026-03-01T13:00,4.8,93,3.8,1.6,5,0.1,0.1,0.0,0.0,0.0,51,1008.2,1007.2,100,10620.0,11.9,22.3,stockholm,2026-03-01T03:17:29.964236
2026-03-01T14:00,5.2,87,3.3,1.4,3,0.0,0.0,0.0,0.0,0.0,3,1008.3,1007.3,100,11000.0,15.5,28.1,stockholm,2026-03-01T03:17:29.964236
2026-03-01T15:00,4.8,86,2.6,0.2,4,0.1,0.1,0.0,0.0,0.0,51,1008.9,1007.9,100,11040.0,20.2,36.0,stockholm,2026-03-01T03:17:29.964236
2026-03-01T16:00,4.0,90,2.5,-0.7,14,0.2,0.2,0.0,0.0,0.0,51,1009.8,1008.8,100,10260.0,20.9,37.4,stockholm,2026-03-01T03:17:29.964236
2026-03-01T17:00,3.0,88,1.2,-2.4,28,0.1,0.1,0.0,0.0,0.0,51,1010.8,1009.8,100,8040.0,23.8,44.6,stockholm,2026-03-01T03:17:29.964236
2026-03-01T18:00,2.3,92,1.2,-2.3,35,0.2,0.2,0.0,0.0,0.0,51,1011.6,1010.6,100,8020.0,18.7,42.8,stockholm,2026-03-01T03:17:29.964236
2026-03-01T19:00,2.1,93,1.1,-2.4,30,0.1,0.1,0.0,0.0,0.0,51,1012.2,1011.2,100,12460.0,18.0,33.5,stockholm,2026-03-01T03:17:29.964236
2026-03-01T20:00,2.2,91,0.9,-2.6,18,0.0,0.0,0.0,0.0,0.0,3,1012.7,1011.7,100,31960.0,19.1,34.2,stockholm,2026-03-01T03:17:29.964236
2026-03-01T21:00,2.1,89,0.5,-2.8,8,0.0,0.0,0.0,0.0,0.0,3,1013.2,1012.2,100,34320.0,20.2,36.4,stockholm,2026-03-01T03:17:29.964236
2026-03-01T22:00,1.9,88,0.2,-3.1,4,0.0,0.0,0.0,0.0,0.0,3,1013.7,1012.7,98,40280.0,20.2,36.7,stockholm,2026-03-01T03:17:29.964236
2026-03-01T23:00,1.5,89,-0.1,-3.3,3,0.0,0.0,0.0,0.0,0.0,3,1014.3,1013.3,86,38080.0,18.4,36.7,stockholm,2026-03-01T03:17:29.964236
2026-03-01T00:00,8.0,90,6.4,6.6,20,0.0,0.0,0.0,0.0,0.0,3,1027.0,979.0,100,19960.0,2.8,7.2,geneva,2026-03-01T03:17:32.408043
2026-03-01T01:00,7.8,94,6.9,6.7,10,0.0,0.0,0.0,0.0,0.0,3,1026.8,978.7,100,12860.0,2.2,5.4,geneva,2026-03-01T03:17:32.408043
2026-03-01T02:00,7.7,92,6.5,6.6,3,0.0,0.0,0.0,0.0,0.0,3,1026.5,978.4,100,15220.0,1.8,6.1,geneva,2026-03-01T03:17:32.408043
2026-03-01T03:00,7.6,92,6.3,6.4,0,0.0,0.0,0.0,0.0,0.0,3,1026.5,978.4,100,15840.0,1.8,4.3,geneva,2026-03-01T03:17:32.408043
2026-03-01T04:00,7.4,94,6.5,6.2,0,0.0,0.0,0.0,0.0,0.0,3,1026.4,978.3,100,13580.0,1.5,4.0,geneva,2026-03-01T03:17:32.408043
2026-03-01T05:00,7.0,92,5.8,5.7,0,0.0,0.0,0.0,0.0,0.0,3,1026.8,978.6,100,17560.0,2.0,6.5,geneva,2026-03-01T03:17:32.408043
2026-03-01T06:00,6.6,94,5.7,5.2,0,0.0,0.0,0.0,0.0,0.0,3,1026.8,978.5,100,13220.0,2.5,5.0,geneva,2026-03-01T03:17:32.408043
2026-03-01T07:00,6.4,92,5.2,4.8,0,0.0,0.0,0.0,0.0,0.0,3,1027.1,978.8,83,14560.0,2.5,6.1,geneva,2026-03-01T03:17:32.408043
2026-03-01T08:00,6.7,92,5.5,5.2,0,0.0,0.0,0.0,0.0,0.0,2,1027.0,978.7,79,14820.0,2.0,6.1,geneva,2026-03-01T03:17:32.408043
2026-03-01T09:00,7.9,83,5.2,6.5,0,0.0,0.0,0.0,0.0,0.0,1,1027.0,979.0,40,26840.0,1.8,5.8,geneva,2026-03-01T03:17:32.408043
2026-03-01T10:00,9.1,70,3.9,7.0,0,0.0,0.0,0.0,0.0,0.0,1,1026.6,978.8,0,36480.0,4.2,10.8,geneva,2026-03-01T03:17:32.408043
2026-03-01T11:00,10.3,67,4.4,8.0,0,0.0,0.0,0.0,0.0,0.0,1,1026.1,978.5,7,37720.0,6.0,14.8,geneva,2026-03-01T03:17:32.408043
2026-03-01T12:00,11.1,59,3.4,8.7,0,0.0,0.0,0.0,0.0,0.0,1,1025.3,977.9,0,39900.0,6.8,15.8,geneva,2026-03-01T03:17:32.408043
2026-03-01T13:00,11.7,51,1.9,9.0,0,0.0,0.0,0.0,0.0,0.0,0,1024.4,977.1,0,41220.0,6.9,12.2,geneva,2026-03-01T03:17:32.408043
2026-03-01T14:00,12.3,45,0.7,9.3,0,0.0,0.0,0.0,0.0,0.0,1,1023.9,976.7,5,42120.0,6.8,15.8,geneva,2026-03-01T03:17:32.408043
2026-03-01T15:00,12.5,43,0.2,9.5,0,0.0,0.0,0.0,0.0,0.0,1,1023.4,976.3,14,42580.0,5.7,15.5,geneva,2026-03-01T03:17:32.408043
2026-03-01T16:00,12.3,42,-0.2,9.4,0,0.0,0.0,0.0,0.0,0.0,0,1023.1,976.0,0,43040.0,4.9,13.3,geneva,2026-03-01T03:17:32.408043
2026-03-01T17:00,11.7,47,0.8,9.3,0,0.0,0.0,0.0,0.0,0.0,1,1023.1,975.9,34,42200.0,3.1,11.2,geneva,2026-03-01T03:17:32.408043
2026-03-01T18:00,10.7,58,2.7,8.7,0,0.0,0.0,0.0,0.0,0.0,1,1023.3,975.9,6,40840.0,1.8,5.8,geneva,2026-03-01T03:17:32.408043
2026-03-01T19:00,9.6,67,3.8,8.1,0,0.0,0.0,0.0,0.0,0.0,0,1023.6,976.0,0,39780.0,0.5,3.2,geneva,2026-03-01T03:17:32.408043
2026-03-01T20:00,8.7,70,3.5,6.9,0,0.0,0.0,0.0,0.0,0.0,0,1023.9,976.1,0,38920.0,2.3,2.2,geneva,2026-03-01T03:17:32.408043
2026-03-01T21:00,7.3,85,4.9,6.0,0,0.0,0.0,0.0,0.0,0.0,1,1024.3,976.3,11,29880.0,0.4,3.2,geneva,2026-03-01T03:17:32.408043
2026-03-01T22:00,6.2,92,5.0,4.8,0,0.0,0.0,0.0,0.0,0.0,1,1024.4,976.2,7,18280.0,1.1,1.1,geneva,2026-03-01T03:17:32.408043
2026-03-01T23:00,5.4,97,4.9,4.0,0,0.0,0.0,0.0,0.0,0.0,45,1024.3,976.0,44,7320.0,0.8,2.9,geneva,2026-03-01T03:17:32.408043
2026-03-01T00:00,7.3,86,5.1,5.6,23,0.0,0.0,0.0,0.0,0.0,3,1027.1,967.4,100,27360.0,3.4,8.3,lausanne,2026-03-01T03:18:10.050258
2026-03-01T01:00,7.3,80,4.1,5.3,10,0.0,0.0,0.0,0.0,0.0,3,1026.8,967.2,95,32540.0,4.0,7.6,lausanne,2026-03-01T03:18:10.050258
2026-03-01T02:00,7.2,80,3.9,5.1,28,0.0,0.0,0.0,0.0,0.0,3,1026.5,966.9,100,32240.0,4.0,8.3,lausanne,2026-03-01T03:18:10.050258
2026-03-01T03:00,7.1,81,4.0,5.0,35,0.0,0.0,0.0,0.0,0.0,3,1026.5,966.8,100,31720.0,4.4,8.6,lausanne,2026-03-01T03:18:10.050258
2026-03-01T04:00,7.2,75,3.1,4.8,40,0.0,0.0,0.0,0.0,0.0,3,1026.4,966.8,100,36060.0,5.7,10.4,lausanne,2026-03-01T03:18:10.050258
2026-03-01T05:00,7.1,73,2.5,4.5,23,0.0,0.0,0.0,0.0,0.0,3,1026.7,967.0,100,37060.0,5.7,11.9,lausanne,2026-03-01T03:18:10.050258
2026-03-01T06:00,6.8,72,2.1,4.1,13,0.0,0.0,0.0,0.0,0.0,3,1026.6,966.9,99,37140.0,6.1,11.5,lausanne,2026-03-01T03:18:10.050258
2026-03-01T07:00,6.8,72,2.1,4.2,5,0.0,0.0,0.0,0.0,0.0,2,1026.7,967.0,63,37260.0,5.3,11.9,lausanne,2026-03-01T03:18:10.050258
2026-03-01T08:00,7.7,72,3.0,5.7,0,0.0,0.0,0.0,0.0,0.0,2,1026.4,966.9,62,37520.0,3.0,10.1,lausanne,2026-03-01T03:18:10.050258
2026-03-01T09:00,8.8,69,3.4,6.7,0,0.0,0.0,0.0,0.0,0.0,1,1026.6,967.3,21,37640.0,3.7,8.6,lausanne,2026-03-01T03:18:10.050258
2026-03-01T10:00,9.0,71,4.0,6.6,0,0.0,0.0,0.0,0.0,0.0,2,1026.4,967.1,51,35280.0,6.5,12.6,lausanne,2026-03-01T03:18:10.050258
2026-03-01T11:00,9.6,64,3.1,7.1,3,0.0,0.0,0.0,0.0,0.0,1,1026.1,967.0,3,38380.0,6.5,13.7,lausanne,2026-03-01T03:18:10.050258
2026-03-01T12:00,10.4,63,3.6,8.1,3,0.0,0.0,0.0,0.0,0.0,1,1025.3,966.4,0,38800.0,6.6,11.5,lausanne,2026-03-01T03:18:10.050258
2026-03-01T13:00,11.0,62,4.0,8.8,3,0.0,0.0,0.0,0.0,0.0,1,1024.5,965.7,10,38900.0,5.9,14.4,lausanne,2026-03-01T03:18:10.050258
2026-03-01T14:00,11.3,62,4.2,9.0,0,0.0,0.0,0.0,0.0,0.0,1,1024.0,965.3,23,38940.0,5.9,14.4,lausanne,2026-03-01T03:18:10.050258
2026-03-01T15:00,11.0,64,4.4,8.9,0,0.0,0.0,0.0,0.0,0.0,1,1023.6,964.9,39,38500.0,5.0,14.4,lausanne,2026-03-01T03:18:10.050258
2026-03-01T16:00,11.1,64,4.6,9.5,0,0.0,0.0,0.0,0.0,0.0,1,1023.2,964.5,41,38980.0,1.8,10.8,lausanne,2026-03-01T03:18:10.050258
2026-03-01T17:00,10.8,65,4.5,9.2,0,0.0,0.0,0.0,0.0,0.0,1,1023.2,964.5,19,38960.0,2.1,5.0,lausanne,2026-03-01T03:18:10.050258
2026-03-01T18:00,10.0,70,4.8,8.6,0,0.0,0.0,0.0,0.0,0.0,0,1023.4,964.5,0,38620.0,1.3,5.4,lausanne,2026-03-01T03:18:10.050258
2026-03-01T19:00,8.5,75,4.3,6.1,0,0.0,0.0,0.0,0.0,0.0,0,1023.8,964.6,0,35300.0,6.9,13.3,lausanne,2026-03-01T03:18:10.050258
2026-03-01T20:00,8.2,75,4.0,6.0,0,0.0,0.0,0.0,0.0,0.0,0,1023.8,964.5,0,35660.0,5.4,13.7,lausanne,2026-03-01T03:18:10.050258
2026-03-01T21:00,7.8,77,4.0,5.4,0,0.0,0.0,0.0,0.0,0.0,0,1023.9,964.5,0,34780.0,6.4,12.2,lausanne,2026-03-01T03:18:10.050258
2026-03-01T22:00,7.5,76,3.6,5.3,0,0.0,0.0,0.0,0.0,0.0,0,1024.0,964.6,0,35220.0,5.1,12.2,lausanne,2026-03-01T03:18:10.050258
2026-03-01T23:00,7.0,78,3.4,4.8,0,0.0,0.0,0.0,0.0,0.0,0,1023.8,964.3,0,34100.0,4.1,9.0,lausanne,2026-03-01T03:18:10.050258
2026-03-01T00:00,8.8,69,3.4,6.6,38,0.0,0.0,0.0,0.0,0.0,3,1026.8,976.6,100,37400.0,4.5,8.6,zurich,2026-03-01T03:18:12.515837
2026-03-01T01:00,8.5,70,3.4,6.5,38,0.0,0.0,0.0,0.0,0.0,3,1027.0,976.7,100,36840.0,3.5,8.6,zurich,2026-03-01T03:18:12.515837
2026-03-01T02:00,8.2,71,3.3,6.5,45,0.0,0.0,0.0,0.0,0.0,3,1026.5,976.2,100,36480.0,1.5,7.9,zurich,2026-03-01T03:18:12.515837
2026-03-01T03:00,8.1,71,3.2,6.3,55,0.0,0.0,0.0,0.0,0.0,3,1026.4,976.1,100,36520.0,1.8,4.3,zurich,2026-03-01T03:18:12.515837
2026-03-01T04:00,8.0,72,3.3,6.2,73,0.0,0.0,0.0,0.0,0.0,3,1026.7,976.3,100,36040.0,2.1,5.4,zurich,2026-03-01T03:18:12.515837
2026-03-01T05:00,7.7,77,3.9,5.8,58,0.0,0.0,0.0,0.0,0.0,61,1027.2,976.7,100,33220.0,2.8,7.9,zurich,2026-03-01T03:18:12.515837
2026-03-01T06:00,7.4,80,4.2,5.8,43,0.1,0.1,0.0,0.0,0.0,61,1027.3,976.8,100,30380.0,2.1,5.8,zurich,2026-03-01T03:18:12.515837
2026-03-01T07:00,7.4,82,4.6,5.9,13,0.0,0.0,0.0,0.0,0.0,3,1027.3,976.8,100,29160.0,1.6,4.7,zurich,2026-03-01T03:18:12.515837
2026-03-01T08:00,7.7,78,4.1,6.1,10,0.0,0.0,0.0,0.0,0.0,3,1027.1,976.7,100,32080.0,1.9,5.0,zurich,2026-03-01T03:18:12.515837
2026-03-01T09:00,8.4,72,3.6,6.4,5,0.0,0.0,0.0,0.0,0.0,3,1027.2,976.9,100,35920.0,3.7,9.0,zurich,2026-03-01T03:18:12.515837
2026-03-01T10:00,9.3,69,3.9,7.4,5,0.0,0.0,0.0,0.0,0.0,2,1026.8,976.7,82,36600.0,3.6,10.1,zurich,2026-03-01T03:18:12.515837
2026-03-01T11:00,10.6,61,3.4,8.9,3,0.0,0.0,0.0,0.0,0.0,2,1026.3,976.4,85,39280.0,0.8,9.4,zurich,2026-03-01T03:18:12.515837
2026-03-01T12:00,11.5,55,2.8,9.7,0,0.0,0.0,0.0,0.0,0.0,3,1025.3,975.6,95,40420.0,1.1,5.8,zurich,2026-03-01T03:18:12.515837
2026-03-01T13:00,11.6,54,2.6,9.4,0,0.0,0.0,0.0,0.0,0.0,3,1024.7,975.0,100,40680.0,4.0,7.9,zurich,2026-03-01T03:18:12.515837
2026-03-01T14:00,11.2,60,3.7,8.7,0,0.0,0.0,0.0,0.0,0.0,3,1024.6,974.9,98,39600.0,7.0,14.4,zurich,2026-03-01T03:18:12.515837
2026-03-01T15:00,11.4,57,3.2,9.1,0,0.0,0.0,0.0,0.0,0.0,3,1024.3,974.6,100,40220.0,5.3,14.4,zurich,2026-03-01T03:18:12.515837
2026-03-01T16:00,11.0,62,4.0,8.5,0,0.0,0.0,0.0,0.0,0.0,2,1024.3,974.6,74,39380.0,7.4,16.2,zurich,2026-03-01T03:18:12.515837
2026-03-01T17:00,10.3,67,4.4,8.0,0,0.0,0.0,0.0,0.0,0.0,2,1024.4,974.5,44,38260.0,6.5,18.7,zurich,2026-03-01T03:18:12.515837
2026-03-01T18:00,9.3,71,4.3,7.1,0,0.0,0.0,0.0,0.0,0.0,1,1024.6,974.6,24,36960.0,6.3,13.3,zurich,2026-03-01T03:18:12.515837
2026-03-01T19:00,8.5,75,4.3,6.5,0,0.0,0.0,0.0,0.0,0.0,0,1024.7,974.5,4,35260.0,4.5,13.0,zurich,2026-03-01T03:18:12.515837
2026-03-01T20:00,7.0,84,4.5,5.1,0,0.0,0.0,0.0,0.0,0.0,0,1024.9,974.4,0,28360.0,3.8,8.3,zurich,2026-03-01T03:18:12.515837
2026-03-01T21:00,6.2,87,4.2,4.3,0,0.0,0.0,0.0,0.0,0.0,0,1024.9,974.3,0,24840.0,3.7,7.9,zurich,2026-03-01T03:18:12.515837
2026-03-01T22:00,5.9,89,4.3,4.1,0,0.0,0.0,0.0,0.0,0.0,0,1024.9,974.3,0,22740.0,3.3,7.9,zurich,2026-03-01T03:18:12.515837
2026-03-01T23:00,5.4,91,4.0,3.5,0,0.0,0.0,0.0,0.0,0.0,0,1024.5,973.8,0,20200.0,3.0,6.5,zurich,2026-03-01T03:18:12.515837
2026-03-01T00:00,20.8,83,17.8,22.5,60,0.2,0.1,0.2,0.0,0.0,80,1012.2,1011.1,100,23220.0,7.6,16.2,taipei,2026-03-01T03:18:14.975878
2026-03-01T01:00,21.2,80,17.6,22.9,50,0.4,0.0,0.4,0.0,0.0,80,1012.2,1011.1,100,24140.0,7.3,16.2,taipei,2026-03-01T03:18:14.975878
2026-03-01T02:00,22.0,76,17.6,23.9,40,0.2,0.1,0.1,0.0,0.0,3,1012.0,1010.9,100,22280.0,5.8,15.8,taipei,2026-03-01T03:18:14.975878
2026-03-01T03:00,22.2,78,18.2,24.7,40,0.5,0.3,0.2,0.0,0.0,61,1012.0,1010.9,98,22280.0,4.0,14.0,taipei,2026-03-01T03:18:14.975878
2026-03-01T04:00,23.1,75,18.5,25.9,48,0.5,0.0,0.4,0.0,0.0,80,1011.5,1010.5,100,22420.0,2.5,11.9,taipei,2026-03-01T03:18:14.975878
2026-03-01T05:00,22.6,81,19.2,25.5,45,0.9,0.6,0.3,0.0,0.0,61,1011.0,1009.9,100,24140.0,4.0,9.7,taipei,2026-03-01T03:18:14.975878
2026-03-01T06:00,23.0,81,19.6,26.1,20,0.0,0.0,0.0,0.0,0.0,3,1010.6,1009.6,93,24140.0,4.4,11.2,taipei,2026-03-01T03:18:14.975878
2026-03-01T07:00,23.3,80,19.7,26.1,20,0.0,0.0,0.0,0.0,0.0,2,1010.2,1009.2,72,24140.0,6.4,15.5,taipei,2026-03-01T03:18:14.975878
2026-03-01T08:00,23.3,78,19.3,26.0,8,0.0,0.0,0.0,0.0,0.0,3,1010.3,1009.3,86,24140.0,6.2,16.6,taipei,2026-03-01T03:18:14.975878
2026-03-01T09:00,22.9,78,18.9,25.4,13,0.0,0.0,0.0,0.0,0.0,3,1010.7,1009.7,85,24140.0,5.9,15.1,taipei,2026-03-01T03:18:14.975878
2026-03-01T10:00,22.4,81,19.0,25.3,20,0.0,0.0,0.0,0.0,0.0,3,1011.3,1010.2,88,24140.0,2.9,13.7,taipei,2026-03-01T03:18:14.975878
2026-03-01T11:00,21.9,83,18.9,24.9,23,0.0,0.0,0.0,0.0,0.0,2,1011.9,1010.8,76,24140.0,2.3,6.1,taipei,2026-03-01T03:18:14.975878
2026-03-01T12:00,21.5,85,18.9,24.8,18,0.0,0.0,0.0,0.0,0.0,3,1012.2,1011.1,90,24140.0,0.4,4.7,taipei,2026-03-01T03:18:14.975878
2026-03-01T13:00,21.2,86,18.8,24.0,18,0.1,0.0,0.1,0.0,0.0,2,1012.1,1011.0,69,23820.0,2.9,10.4,taipei,2026-03-01T03:18:14.975878
2026-03-01T14:00,20.8,87,18.5,23.9,18,0.0,0.0,0.0,0.0,0.0,2,1011.9,1010.8,74,23700.0,0.4,5.4,taipei,2026-03-01T03:18:14.975878
2026-03-01T15:00,20.6,87,18.4,23.2,30,0.0,0.0,0.0,0.0,0.0,2,1011.6,1010.5,81,23680.0,2.9,3.2,taipei,2026-03-01T03:18:14.975878
2026-03-01T16:00,20.2,90,18.5,23.0,20,0.0,0.0,0.0,0.0,0.0,3,1011.6,1010.5,99,21980.0,2.6,6.1,taipei,2026-03-01T03:18:14.975878
2026-03-01T17:00,20.1,91,18.6,23.2,18,0.0,0.0,0.0,0.0,0.0,2,1011.4,1010.3,79,23700.0,1.1,4.3,taipei,2026-03-01T03:18:14.975878
2026-03-01T18:00,20.0,94,19.0,23.1,18,0.0,0.0,0.0,0.0,0.0,3,1011.5,1010.4,92,24140.0,1.8,3.6,taipei,2026-03-01T03:18:14.975878
2026-03-01T19:00,19.8,95,19.0,22.4,18,0.0,0.0,0.0,0.0,0.0,3,1011.5,1010.4,95,24140.0,5.6,11.9,taipei,2026-03-01T03:18:14.975878
2026-03-01T20:00,19.7,93,18.5,22.4,15,0.0,0.0,0.0,0.0,0.0,3,1011.4,1010.3,92,21020.0,3.3,13.0,taipei,2026-03-01T03:18:14.975878
2026-03-01T21:00,19.5,93,18.3,22.3,10,0.0,0.0,0.0,0.0,0.0,3,1011.6,1010.5,85,18140.0,2.1,7.2,taipei,2026-03-01T03:18:14.975878
2026-03-01T22:00,19.2,94,18.2,21.8,5,0.0,0.0,0.0,0.0,0.0,3,1012.2,1011.1,85,14780.0,3.1,6.5,taipei,2026-03-01T03:18:14.975878
2026-03-01T23:00,19.2,94,18.3,22.2,5,0.0,0.0,0.0,0.0,0.0,3,1012.7,1011.6,82,22720.0,0.8,6.1,taipei,2026-03-01T03:18:14.975878
2026-03-01T00:00,26.4,94,25.3,33.1,0,0.0,0.0,0.0,0.0,0.0,0,1007.5,1007.0,5,24140.0,1.8,5.0,bangkok,2026-03-01T03:19:32.768291
2026-03-01T01:00,27.6,87,25.3,34.3,0,0.0,0.0,0.0,0.0,0.0,1,1008.6,1008.1,23,24140.0,1.8,6.5,bangkok,2026-03-01T03:19:32.768291
2026-03-01T02:00,29.7,69,23.4,34.9,0,0.0,0.0,0.0,0.0,0.0,1,1009.2,1008.7,25,24140.0,3.3,10.4,bangkok,2026-03-01T03:19:32.768291
2026-03-01T03:00,31.4,59,22.4,36.3,0,0.0,0.0,0.0,0.0,0.0,1,1009.8,1009.3,24,24140.0,3.6,11.9,bangkok,2026-03-01T03:19:32.768291
2026-03-01T04:00,33.1,50,21.3,38.3,0,0.0,0.0,0.0,0.0,0.0,1,1009.5,1009.0,30,24140.0,4.3,14.0,bangkok,2026-03-01T03:19:32.768291
2026-03-01T05:00,34.5,44,20.5,39.8,0,0.0,0.0,0.0,0.0,0.0,2,1008.4,1008.0,48,24140.0,5.1,15.5,bangkok,2026-03-01T03:19:32.768291
2026-03-01T06:00,35.7,39,19.6,40.6,0,0.0,0.0,0.0,0.0,0.0,2,1007.2,1006.8,50,24140.0,5.2,15.8,bangkok,2026-03-01T03:19:32.768291
2026-03-01T07:00,36.5,37,19.5,40.8,0,0.0,0.0,0.0,0.0,0.0,2,1005.8,1005.4,70,24140.0,5.6,16.9,bangkok,2026-03-01T03:19:32.768291
2026-03-01T08:00,36.3,37,19.3,39.0,0,0.0,0.0,0.0,0.0,0.0,2,1004.8,1004.4,68,24140.0,8.9,23.4,bangkok,2026-03-01T03:19:32.768291
2026-03-01T09:00,35.1,43,20.7,38.0,0,0.0,0.0,0.0,0.0,0.0,3,1004.3,1003.9,86,24140.0,9.4,25.6,bangkok,2026-03-01T03:19:32.768291
2026-03-01T10:00,33.6,51,22.1,37.3,0,0.0,0.0,0.0,0.0,0.0,1,1004.9,1004.5,29,24140.0,8.7,24.8,bangkok,2026-03-01T03:19:32.768291
2026-03-01T11:00,32.1,56,22.3,36.0,0,0.0,0.0,0.0,0.0,0.0,0,1005.5,1005.0,3,24140.0,8.0,22.7,bangkok,2026-03-01T03:19:32.768291
2026-03-01T12:00,30.4,62,22.3,34.6,0,0.0,0.0,0.0,0.0,0.0,1,1006.3,1005.8,12,24140.0,6.2,19.4,bangkok,2026-03-01T03:19:32.768291
2026-03-01T13:00,29.1,69,22.9,33.7,0,0.0,0.0,0.0,0.0,0.0,2,1006.8,1006.3,72,24140.0,6.2,14.4,bangkok,2026-03-01T03:19:32.768291
2026-03-01T14:00,28.3,78,24.1,33.4,0,0.0,0.0,0.0,0.0,0.0,2,1007.3,1006.8,81,24140.0,6.8,15.8,bangkok,2026-03-01T03:19:32.768291
2026-03-01T15:00,27.9,81,24.3,33.2,0,0.0,0.0,0.0,0.0,0.0,3,1007.4,1006.9,91,24140.0,6.6,15.8,bangkok,2026-03-01T03:19:32.768291
2026-03-01T16:00,27.5,86,24.9,33.2,0,0.0,0.0,0.0,0.0,0.0,3,1007.4,1006.9,100,24140.0,6.6,15.1,bangkok,2026-03-01T03:19:32.768291
2026-03-01T17:00,27.3,87,24.9,33.1,0,0.0,0.0,0.0,0.0,0.0,3,1007.5,1007.0,83,24140.0,6.1,14.4,bangkok,2026-03-01T03:19:32.768291
2026-03-01T18:00,27.1,88,24.9,33.0,0,0.0,0.0,0.0,0.0,0.0,3,1007.5,1007.0,100,24140.0,5.4,13.3,bangkok,2026-03-01T03:19:32.768291
2026-03-01T19:00,27.0,91,25.4,33.3,0,0.0,0.0,0.0,0.0,0.0,3,1007.4,1006.9,100,24140.0,5.5,12.2,bangkok,2026-03-01T03:19:32.768291
2026-03-01T20:00,27.0,90,25.3,33.2,0,0.0,0.0,0.0,0.0,0.0,3,1007.2,1006.7,100,24140.0,5.1,12.2,bangkok,2026-03-01T03:19:32.768291
2026-03-01T21:00,27.0,89,25.0,33.0,0,0.0,0.0,0.0,0.0,0.0,3,1007.1,1006.6,100,24140.0,4.7,11.2,bangkok,2026-03-01T03:19:32.768291
2026-03-01T22:00,26.8,90,25.0,32.9,0,0.0,0.0,0.0,0.0,0.0,3,1007.5,1007.0,100,24140.0,4.4,10.8,bangkok,2026-03-01T03:19:32.768291
2026-03-01T23:00,26.6,91,25.0,32.9,0,0.0,0.0,0.0,0.0,0.0,3,1008.4,1007.9,82,24140.0,3.8,9.7,bangkok,2026-03-01T03:19:32.768291
2026-03-01T00:00,5.2,81,2.2,1.5,0,0.0,0.0,0.0,0.0,0.0,3,1028.5,1023.3,87,30720.0,13.6,22.0,istanbul,2026-03-01T03:20:11.012739
2026-03-01T01:00,5.3,80,2.1,1.3,3,0.0,0.0,0.0,0.0,0.0,3,1027.8,1022.6,85,31300.0,15.3,24.8,istanbul,2026-03-01T03:20:11.012739
2026-03-01T02:00,5.3,84,2.8,1.2,3,0.0,0.0,0.0,0.0,0.0,3,1027.4,1022.2,93,27960.0,17.0,27.0,istanbul,2026-03-01T03:20:11.012739
2026-03-01T03:00,5.4,80,2.2,1.5,3,0.0,0.0,0.0,0.0,0.0,3,1027.9,1022.7,90,31800.0,14.9,28.4,istanbul,2026-03-01T03:20:11.012739
2026-03-01T04:00,5.5,86,3.3,2.1,0,0.0,0.0,0.0,0.0,0.0,3,1028.5,1023.3,97,25460.0,12.7,23.4,istanbul,2026-03-01T03:20:11.012739
2026-03-01T05:00,5.7,85,3.4,2.3,0,0.0,0.0,0.0,0.0,0.0,3,1028.9,1023.7,82,26660.0,12.9,20.9,istanbul,2026-03-01T03:20:11.012739
2026-03-01T06:00,5.9,81,2.9,2.4,0,0.0,0.0,0.0,0.0,0.0,2,1029.1,1024.0,71,30040.0,13.3,22.7,istanbul,2026-03-01T03:20:11.012739
2026-03-01T07:00,6.3,79,2.9,2.4,0,0.0,0.0,0.0,0.0,0.0,3,1029.2,1024.1,82,31180.0,15.8,25.6,istanbul,2026-03-01T03:20:11.012739
2026-03-01T08:00,7.0,71,2.1,2.8,0,0.0,0.0,0.0,0.0,0.0,3,1029.3,1024.2,96,36680.0,16.9,27.0,istanbul,2026-03-01T03:20:11.012739
2026-03-01T09:00,7.6,65,1.5,3.6,0,0.0,0.0,0.0,0.0,0.0,3,1029.3,1024.2,91,38840.0,15.0,28.1,istanbul,2026-03-01T03:20:11.012739
2026-03-01T10:00,7.5,73,3.0,3.0,0,0.0,0.0,0.0,0.0,0.0,3,1029.1,1024.0,85,34800.0,19.8,31.7,istanbul,2026-03-01T03:20:11.012739
2026-03-01T11:00,8.1,65,2.0,3.8,0,0.0,0.0,0.0,0.0,0.0,2,1028.7,1023.6,73,38300.0,17.1,31.7,istanbul,2026-03-01T03:20:11.012739
2026-03-01T12:00,8.5,61,1.4,4.2,0,0.0,0.0,0.0,0.0,0.0,2,1028.5,1023.4,68,39620.0,17.1,28.4,istanbul,2026-03-01T03:20:11.012739
2026-03-01T13:00,8.6,63,1.9,4.3,0,0.0,0.0,0.0,0.0,0.0,2,1028.3,1023.2,73,39080.0,17.4,28.1,istanbul,2026-03-01T03:20:11.012739
2026-03-01T14:00,8.0,66,2.1,3.6,0,0.0,0.0,0.0,0.0,0.0,2,1028.1,1023.0,66,38360.0,18.5,29.5,istanbul,2026-03-01T03:20:11.012739
2026-03-01T15:00,7.3,68,1.8,2.9,0,0.0,0.0,0.0,0.0,0.0,3,1028.4,1023.3,78,38040.0,17.6,30.2,istanbul,2026-03-01T03:20:11.012739
2026-03-01T16:00,6.9,71,2.0,2.8,0,0.0,0.0,0.0,0.0,0.0,3,1029.0,1023.9,83,37120.0,16.0,28.4,istanbul,2026-03-01T03:20:11.012739
2026-03-01T17:00,6.7,74,2.4,3.0,0,0.0,0.0,0.0,0.0,0.0,3,1029.3,1024.2,78,35660.0,13.6,25.6,istanbul,2026-03-01T03:20:11.012739
2026-03-01T18:00,6.4,77,2.7,2.8,0,0.0,0.0,0.0,0.0,0.0,2,1029.2,1024.1,59,34280.0,13.5,22.3,istanbul,2026-03-01T03:20:11.012739
2026-03-01T19:00,6.1,81,3.1,2.7,0,0.0,0.0,0.0,0.0,0.0,1,1028.8,1023.7,39,31200.0,12.5,22.0,istanbul,2026-03-01T03:20:11.012739
2026-03-01T20:00,5.7,82,2.9,2.4,0,0.0,0.0,0.0,0.0,0.0,1,1028.6,1023.4,26,31180.0,11.5,19.8,istanbul,2026-03-01T03:20:11.012739
2026-03-01T21:00,5.5,82,2.7,2.4,0,0.0,0.0,0.0,0.0,0.0,2,1028.2,1023.0,43,31140.0,9.7,18.0,istanbul,2026-03-01T03:20:11.012739
2026-03-01T22:00,5.3,81,2.3,2.3,0,0.0,0.0,0.0,0.0,0.0,1,1028.2,1023.0,24,31820.0,8.8,15.5,istanbul,2026-03-01T03:20:11.012739
2026-03-01T23:00,5.2,82,2.4,2.1,0,0.0,0.0,0.0,0.0,0.0,1,1028.2,1023.0,18,31240.0,9.1,15.1,istanbul,2026-03-01T03:20:11.012739
2026-03-01T00:00,21.5,52,11.2,20.7,0,0.0,0.0,0.0,0.0,0.0,1,1008.7,1008.0,7,24140.0,8.0,14.8,abu_dhabi,2026-03-01T03:20:13.459072
2026-03-01T01:00,21.5,49,10.3,20.5,0,0.0,0.0,0.0,0.0,0.0,1,1008.7,1008.0,19,24140.0,7.3,13.7,abu_dhabi,2026-03-01T03:20:13.459072
2026-03-01T02:00,21.6,47,9.8,20.5,0,0.0,0.0,0.0,0.0,0.0,1,1009.5,1008.8,36,24140.0,7.2,12.2,abu_dhabi,2026-03-01T03:20:13.459072
2026-03-01T03:00,21.6,46,9.5,20.4,0,0.0,0.0,0.0,0.0,0.0,1,1010.1,1009.4,37,24140.0,6.8,12.2,abu_dhabi,2026-03-01T03:20:13.459072
2026-03-01T04:00,22.1,43,9.0,20.8,0,0.0,0.0,0.0,0.0,0.0,0,1010.8,1010.1,6,24140.0,7.3,13.0,abu_dhabi,2026-03-01T03:20:13.459072
2026-03-01T05:00,23.8,36,7.8,22.2,0,0.0,0.0,0.0,0.0,0.0,0,1011.6,1010.9,3,24140.0,7.2,13.3,abu_dhabi,2026-03-01T03:20:13.459072
2026-03-01T06:00,26.3,28,6.4,24.4,0,0.0,0.0,0.0,0.0,0.0,0,1012.1,1011.4,3,24140.0,6.9,15.8,abu_dhabi,2026-03-01T03:20:13.459072
2026-03-01T07:00,28.9,23,5.7,27.9,0,0.0,0.0,0.0,0.0,0.0,1,1011.9,1011.2,16,24140.0,6.6,15.1,abu_dhabi,2026-03-01T03:20:13.459072
2026-03-01T08:00,30.9,19,4.6,30.8,0,0.0,0.0,0.0,0.0,0.0,1,1011.3,1010.6,31,24140.0,3.9,14.0,abu_dhabi,2026-03-01T03:20:13.459072
2026-03-01T09:00,32.6,17,4.4,33.3,0,0.0,0.0,0.0,0.0,0.0,1,1010.6,1009.9,16,24140.0,0.5,9.7,abu_dhabi,2026-03-01T03:20:13.459072
2026-03-01T10:00,30.4,31,11.4,30.8,0,0.0,0.0,0.0,0.0,0.0,0,1009.6,1008.9,5,24140.0,11.5,22.3,abu_dhabi,2026-03-01T03:20:13.459072
2026-03-01T11:00,27.7,42,13.7,27.8,0,0.0,0.0,0.0,0.0,0.0,1,1009.2,1008.5,41,24140.0,14.2,26.6,abu_dhabi,2026-03-01T03:20:13.459072
2026-03-01T12:00,27.7,41,13.3,26.6,0,0.0,0.0,0.0,0.0,0.0,3,1008.6,1007.9,100,24140.0,14.9,27.4,abu_dhabi,2026-03-01T03:20:13.459072
2026-03-01T13:00,26.3,49,14.8,25.5,0,0.0,0.0,0.0,0.0,0.0,3,1008.7,1008.0,100,24140.0,16.2,29.2,abu_dhabi,2026-03-01T03:20:13.459072
2026-03-01T14:00,25.3,58,16.4,25.3,0,0.0,0.0,0.0,0.0,0.0,3,1009.2,1008.5,87,24140.0,14.8,29.2,abu_dhabi,2026-03-01T03:20:13.459072
2026-03-01T15:00,24.4,66,17.6,25.2,0,0.0,0.0,0.0,0.0,0.0,3,1009.9,1009.2,100,24140.0,13.1,26.3,abu_dhabi,2026-03-01T03:20:13.459072
2026-03-01T16:00,24.0,70,18.2,25.3,0,0.0,0.0,0.0,0.0,0.0,3,1010.5,1009.8,100,24140.0,11.8,23.4,abu_dhabi,2026-03-01T03:20:13.459072
2026-03-01T17:00,23.8,72,18.4,25.2,0,0.0,0.0,0.0,0.0,0.0,2,1010.7,1010.0,71,24140.0,11.5,20.5,abu_dhabi,2026-03-01T03:20:13.459072
2026-03-01T18:00,23.8,68,17.5,24.8,0,0.0,0.0,0.0,0.0,0.0,0,1010.4,1009.7,3,24140.0,11.4,20.2,abu_dhabi,2026-03-01T03:20:13.459072
2026-03-01T19:00,23.9,62,16.2,24.3,0,0.0,0.0,0.0,0.0,0.0,1,1010.0,1009.3,15,24140.0,11.4,19.8,abu_dhabi,2026-03-01T03:20:13.459072
2026-03-01T20:00,24.0,56,14.7,24.1,0,0.0,0.0,0.0,0.0,0.0,2,1009.4,1008.7,47,24140.0,10.4,19.4,abu_dhabi,2026-03-01T03:20:13.459072
2026-03-01T21:00,24.3,49,12.9,23.8,0,0.0,0.0,0.0,0.0,0.0,2,1008.9,1008.2,64,24140.0,9.7,18.0,abu_dhabi,2026-03-01T03:20:13.459072
2026-03-01T22:00,24.5,47,12.4,24.2,0,0.0,0.0,0.0,0.0,0.0,3,1008.8,1008.1,96,24140.0,7.2,16.6,abu_dhabi,2026-03-01T03:20:13.459072
2026-03-01T23:00,24.5,46,12.1,24.3,0,0.0,0.0,0.0,0.0,0.0,3,1008.7,1008.0,92,24140.0,5.8,12.6,abu_dhabi,2026-03-01T03:20:13.459072
2026-03-01T00:00,20.4,81,17.1,22.2,0,0.0,0.0,0.0,0.0,0.0,0,1009.0,1007.8,0,24140.0,4.9,7.6,dubai,2026-03-01T03:20:15.902766
2026-03-01T01:00,20.3,81,17.0,22.1,0,0.0,0.0,0.0,0.0,0.0,1,1009.1,1007.9,8,24140.0,4.8,7.6,dubai,2026-03-01T03:20:15.902766
2026-03-01T02:00,20.4,79,16.7,22.1,0,0.0,0.0,0.0,0.0,0.0,1,1009.8,1008.6,33,24140.0,4.6,7.2,dubai,2026-03-01T03:20:15.902766
2026-03-01T03:00,20.5,78,16.6,22.3,0,0.0,0.0,0.0,0.0,0.0,2,1010.3,1009.1,47,24140.0,3.9,7.2,dubai,2026-03-01T03:20:15.902766
2026-03-01T04:00,21.1,75,16.5,22.8,0,0.0,0.0,0.0,0.0,0.0,2,1011.2,1010.0,54,24140.0,3.7,5.8,dubai,2026-03-01T03:20:15.902766
2026-03-01T05:00,23.2,50,12.2,23.1,0,0.0,0.0,0.0,0.0,0.0,2,1011.7,1010.5,53,24140.0,5.0,9.7,dubai,2026-03-01T03:20:15.902766
2026-03-01T06:00,25.1,40,10.5,24.7,0,0.0,0.0,0.0,0.0,0.0,1,1012.3,1011.1,11,24140.0,3.5,9.7,dubai,2026-03-01T03:20:15.902766
2026-03-01T07:00,26.6,38,11.2,27.3,0,0.0,0.0,0.0,0.0,0.0,1,1012.1,1010.9,17,24140.0,5.4,11.5,dubai,2026-03-01T03:20:15.902766
2026-03-01T08:00,28.3,31,9.6,29.3,0,0.0,0.0,0.0,0.0,0.0,1,1011.3,1010.2,30,24140.0,4.7,11.5,dubai,2026-03-01T03:20:15.902766
2026-03-01T09:00,28.7,34,11.3,29.9,0,0.0,0.0,0.0,0.0,0.0,1,1010.8,1009.7,30,24140.0,7.2,14.0,dubai,2026-03-01T03:20:15.902766
2026-03-01T10:00,26.9,48,15.0,28.3,0,0.0,0.0,0.0,0.0,0.0,2,1010.2,1009.1,62,24140.0,12.4,22.3,dubai,2026-03-01T03:20:15.902766
2026-03-01T11:00,25.5,56,16.1,26.3,0,0.0,0.0,0.0,0.0,0.0,3,1009.9,1008.7,100,24140.0,14.6,25.2,dubai,2026-03-01T03:20:15.902766
2026-03-01T12:00,25.3,58,16.5,25.6,0,0.0,0.0,0.0,0.0,0.0,3,1009.3,1008.1,100,24140.0,13.7,25.2,dubai,2026-03-01T03:20:15.902766
2026-03-01T13:00,24.9,65,17.9,25.8,0,0.0,0.0,0.0,0.0,0.0,2,1009.4,1008.2,74,24140.0,13.3,23.8,dubai,2026-03-01T03:20:15.902766
2026-03-01T14:00,24.5,68,18.2,25.8,0,0.0,0.0,0.0,0.0,0.0,1,1009.7,1008.5,8,24140.0,12.1,23.0,dubai,2026-03-01T03:20:15.902766
2026-03-01T15:00,24.2,70,18.4,25.8,0,0.0,0.0,0.0,0.0,0.0,1,1010.4,1009.2,19,24140.0,10.4,20.2,dubai,2026-03-01T03:20:15.902766
2026-03-01T16:00,24.1,70,18.3,25.9,0,0.0,0.0,0.0,0.0,0.0,3,1010.9,1009.7,100,24140.0,8.9,16.9,dubai,2026-03-01T03:20:15.902766
2026-03-01T17:00,24.0,68,17.8,25.8,0,0.0,0.0,0.0,0.0,0.0,1,1011.2,1010.0,26,24140.0,7.2,14.4,dubai,2026-03-01T03:20:15.902766
2026-03-01T18:00,23.8,69,17.8,25.6,0,0.0,0.0,0.0,0.0,0.0,0,1011.0,1009.8,5,24140.0,6.5,11.9,dubai,2026-03-01T03:20:15.902766
2026-03-01T19:00,23.7,68,17.4,25.5,0,0.0,0.0,0.0,0.0,0.0,1,1010.4,1009.2,13,24140.0,6.1,10.1,dubai,2026-03-01T03:20:15.902766
2026-03-01T20:00,23.7,65,16.7,25.2,0,0.0,0.0,0.0,0.0,0.0,1,1009.7,1008.5,23,24140.0,5.7,9.7,dubai,2026-03-01T03:20:15.902766
2026-03-01T21:00,23.8,62,16.1,25.0,0,0.0,0.0,0.0,0.0,0.0,2,1009.3,1008.1,64,24140.0,5.8,9.4,dubai,2026-03-01T03:20:15.902766
2026-03-01T22:00,24.1,58,15.4,25.4,0,0.0,0.0,0.0,0.0,0.0,2,1009.1,1007.9,66,24140.0,3.9,9.4,dubai,2026-03-01T03:20:15.902766
2026-03-01T23:00,24.3,58,15.5,25.5,0,0.0,0.0,0.0,0.0,0.0,2,1009.1,1007.9,70,24140.0,4.8,6.8,dubai,2026-03-01T03:20:15.902766
2026-03-01T00:00,5.0,81,2.0,1.3,2,0.0,0.0,0.0,0.0,0.0,3,1016.6,998.3,100,29560.0,13.3,27.0,birmingham,2026-03-01T03:20:18.352571
2026-03-01T01:00,5.4,88,3.6,2.0,1,0.0,0.0,0.0,0.0,0.0,3,1015.9,997.7,98,24020.0,13.0,26.6,birmingham,2026-03-01T03:20:18.352571
2026-03-01T02:00,6.0,90,4.4,2.6,1,0.0,0.0,0.0,0.0,0.0,3,1014.9,996.7,100,23720.0,13.7,28.1,birmingham,2026-03-01T03:20:18.352571
2026-03-01T03:00,6.2,95,5.4,3.0,0,0.3,0.3,0.0,0.0,0.0,51,1014.1,995.9,100,7860.0,13.7,28.1,birmingham,2026-03-01T03:20:18.352571
2026-03-01T04:00,6.8,94,5.9,3.7,0,0.1,0.1,0.0,0.0,0.0,51,1013.6,995.5,100,11720.0,13.7,28.4,birmingham,2026-03-01T03:20:18.352571
2026-03-01T05:00,7.0,95,6.3,3.4,0,0.3,0.3,0.0,0.0,0.0,51,1013.2,995.1,100,9160.0,18.0,37.8,birmingham,2026-03-01T03:20:18.352571
2026-03-01T06:00,7.2,94,6.3,4.2,2,0.0,0.0,0.0,0.0,0.0,3,1012.8,994.7,100,19440.0,14.0,29.5,birmingham,2026-03-01T03:20:18.352571
2026-03-01T07:00,7.3,93,6.2,4.4,12,0.0,0.0,0.0,0.0,0.0,3,1012.5,994.4,100,16600.0,13.0,27.0,birmingham,2026-03-01T03:20:18.352571
2026-03-01T08:00,7.5,92,6.2,4.4,26,0.0,0.0,0.0,0.0,0.0,3,1012.3,994.3,100,16120.0,14.4,29.5,birmingham,2026-03-01T03:20:18.352571
2026-03-01T09:00,7.8,91,6.4,4.8,33,0.2,0.2,0.0,0.0,0.0,51,1012.1,994.1,100,13240.0,14.4,29.5,birmingham,2026-03-01T03:20:18.352571
2026-03-01T10:00,8.7,91,7.3,5.2,29,0.0,0.0,0.0,0.0,0.0,3,1011.8,993.8,100,15320.0,18.7,38.5,birmingham,2026-03-01T03:20:18.352571
2026-03-01T11:00,9.4,91,8.0,6.0,18,0.1,0.1,0.0,0.0,0.0,51,1011.8,993.9,100,16040.0,19.4,40.7,birmingham,2026-03-01T03:20:18.352571
2026-03-01T12:00,9.8,92,8.5,6.5,10,0.1,0.1,0.0,0.0,0.0,51,1011.7,993.8,100,15460.0,19.8,41.0,birmingham,2026-03-01T03:20:18.352571
2026-03-01T13:00,10.5,89,8.8,7.0,7,0.0,0.0,0.0,0.0,0.0,3,1011.3,993.5,97,18300.0,22.0,44.6,birmingham,2026-03-01T03:20:18.352571
2026-03-01T14:00,11.5,79,8.0,8.0,7,0.0,0.0,0.0,0.0,0.0,2,1011.1,993.3,77,21400.0,20.2,41.8,birmingham,2026-03-01T03:20:18.352571
2026-03-01T15:00,11.6,77,7.7,8.2,6,0.0,0.0,0.0,0.0,0.0,2,1010.8,993.0,64,21300.0,18.7,38.5,birmingham,2026-03-01T03:20:18.352571
2026-03-01T16:00,11.6,77,7.7,8.0,4,0.1,0.1,0.0,0.0,0.0,51,1010.4,992.6,69,24400.0,20.5,42.1,birmingham,2026-03-01T03:20:18.352571
2026-03-01T17:00,11.5,79,8.0,8.0,2,0.0,0.0,0.0,0.0,0.0,3,1010.1,992.3,98,23100.0,20.2,41.4,birmingham,2026-03-01T03:20:18.352571
2026-03-01T18:00,10.8,83,8.0,7.2,0,0.0,0.0,0.0,0.0,0.0,1,1010.3,992.5,45,23780.0,20.9,43.6,birmingham,2026-03-01T03:20:18.352571
2026-03-01T19:00,10.3,83,7.5,5.9,0,0.0,0.0,0.0,0.0,0.0,3,1010.1,992.3,100,27760.0,25.6,52.9,birmingham,2026-03-01T03:20:18.352571
2026-03-01T20:00,9.9,82,7.0,5.4,0,0.0,0.0,0.0,0.0,0.0,3,1010.3,992.4,100,29180.0,25.6,52.6,birmingham,2026-03-01T03:20:18.352571
2026-03-01T21:00,9.8,81,6.7,5.4,0,0.0,0.0,0.0,0.0,0.0,3,1010.7,992.8,100,30620.0,24.5,50.8,birmingham,2026-03-01T03:20:18.352571
2026-03-01T22:00,9.9,78,6.2,5.2,0,0.0,0.0,0.0,0.0,0.0,3,1010.3,992.4,100,33200.0,25.6,53.3,birmingham,2026-03-01T03:20:18.352571
2026-03-01T23:00,9.9,78,6.2,5.2,0,0.0,0.0,0.0,0.0,0.0,3,1010.0,992.1,100,33940.0,25.9,53.6,birmingham,2026-03-01T03:20:18.352571
2026-03-01T00:00,9.0,75,4.8,5.5,49,0.0,0.0,0.0,0.0,0.0,3,1020.7,1019.3,95,51640.0,15.5,31.0,brighton,2026-03-01T03:20:55.962911
2026-03-01T01:00,9.0,74,4.6,5.0,43,0.0,0.0,0.0,0.0,0.0,1,1020.0,1018.6,42,53800.0,18.0,35.6,brighton,2026-03-01T03:20:55.962911
2026-03-01T02:00,8.8,75,4.6,4.7,28,0.0,0.0,0.0,0.0,0.0,3,1019.6,1018.2,99,60020.0,19.4,38.9,brighton,2026-03-01T03:20:55.962911
2026-03-01T03:00,8.9,84,6.3,5.5,18,0.0,0.0,0.0,0.0,0.0,3,1018.8,1017.4,89,45240.0,16.9,33.5,brighton,2026-03-01T03:20:55.962911
2026-03-01T04:00,9.0,85,6.6,5.5,16,0.0,0.0,0.0,0.0,0.0,3,1018.6,1017.2,100,40900.0,17.6,35.3,brighton,2026-03-01T03:20:55.962911
2026-03-01T05:00,8.8,88,6.9,4.8,19,0.1,0.1,0.0,0.0,0.0,51,1018.2,1016.8,100,32100.0,22.3,44.6,brighton,2026-03-01T03:20:55.962911
2026-03-01T06:00,8.5,94,7.6,4.4,27,0.7,0.7,0.0,0.0,0.0,53,1017.6,1016.2,100,8680.0,23.8,47.5,brighton,2026-03-01T03:20:55.962911
2026-03-01T07:00,8.8,96,8.2,4.4,44,1.2,1.2,0.0,0.0,0.0,55,1017.1,1015.7,100,16540.0,26.6,53.6,brighton,2026-03-01T03:20:55.962911
2026-03-01T08:00,9.0,95,8.3,4.6,66,1.1,1.1,0.0,0.0,0.0,55,1016.9,1015.5,100,14640.0,27.4,55.1,brighton,2026-03-01T03:20:55.962911
2026-03-01T09:00,9.2,95,8.4,4.9,84,0.6,0.6,0.0,0.0,0.0,53,1016.9,1015.5,100,15400.0,26.6,53.6,brighton,2026-03-01T03:20:55.962911
2026-03-01T10:00,9.2,96,8.6,4.9,95,0.4,0.4,0.0,0.0,0.0,51,1016.9,1015.5,100,12160.0,26.6,52.9,brighton,2026-03-01T03:20:55.962911
2026-03-01T11:00,9.5,95,8.7,5.3,100,0.2,0.2,0.0,0.0,0.0,51,1016.8,1015.4,100,19100.0,26.3,52.2,brighton,2026-03-01T03:20:55.962911
2026-03-01T12:00,9.7,96,9.1,5.9,100,0.5,0.5,0.0,0.0,0.0,53,1016.4,1015.1,100,11880.0,24.5,49.0,brighton,2026-03-01T03:20:55.962911
2026-03-01T13:00,10.0,98,9.7,6.0,90,0.4,0.4,0.0,0.0,0.0,51,1016.4,1015.1,100,9560.0,26.3,53.3,brighton,2026-03-01T03:20:55.962911
2026-03-01T14:00,10.3,94,9.3,6.5,73,0.0,0.0,0.0,0.0,0.0,3,1016.7,1015.4,100,22180.0,24.8,50.8,brighton,2026-03-01T03:20:55.962911
2026-03-01T15:00,10.4,94,9.4,7.2,55,0.0,0.0,0.0,0.0,0.0,3,1016.8,1015.5,100,21040.0,20.9,41.8,brighton,2026-03-01T03:20:55.962911
2026-03-01T16:00,10.4,94,9.4,7.1,37,0.0,0.0,0.0,0.0,0.0,3,1016.7,1015.4,100,20840.0,21.2,42.5,brighton,2026-03-01T03:20:55.962911
2026-03-01T17:00,10.1,96,9.5,7.1,18,0.2,0.2,0.0,0.0,0.0,51,1016.7,1015.4,100,16960.0,19.8,39.2,brighton,2026-03-01T03:20:55.962911
2026-03-01T18:00,10.3,92,9.1,7.0,4,0.0,0.0,0.0,0.0,0.0,3,1016.8,1015.5,99,24000.0,20.9,41.8,brighton,2026-03-01T03:20:55.962911
2026-03-01T19:00,10.4,90,8.8,6.7,0,0.0,0.0,0.0,0.0,0.0,3,1016.9,1015.6,100,27020.0,23.4,46.4,brighton,2026-03-01T03:20:55.962911
2026-03-01T20:00,10.2,92,8.9,6.9,1,0.0,0.0,0.0,0.0,0.0,3,1017.0,1015.7,99,24580.0,20.5,40.7,brighton,2026-03-01T03:20:55.962911
2026-03-01T21:00,10.3,88,8.4,6.8,2,0.0,0.0,0.0,0.0,0.0,3,1016.9,1015.6,97,28160.0,20.5,40.7,brighton,2026-03-01T03:20:55.962911
2026-03-01T22:00,10.3,87,8.2,6.9,1,0.0,0.0,0.0,0.0,0.0,3,1016.9,1015.6,98,27100.0,19.8,39.2,brighton,2026-03-01T03:20:55.962911
2026-03-01T23:00,10.2,86,8.0,6.9,1,0.0,0.0,0.0,0.0,0.0,3,1016.5,1015.2,90,26600.0,19.1,37.8,brighton,2026-03-01T03:20:55.962911
2026-03-01T00:00,3.4,85,1.2,0.8,2,0.0,0.0,0.0,0.0,0.0,3,1010.9,1002.1,100,29040.0,4.7,8.3,edinburgh,2026-03-01T03:21:33.581887
2026-03-01T01:00,4.6,86,2.4,1.8,2,0.0,0.0,0.0,0.0,0.0,3,1010.1,1001.3,100,23940.0,7.6,16.6,edinburgh,2026-03-01T03:21:33.581887
2026-03-01T02:00,4.7,86,2.5,1.1,2,0.1,0.1,0.0,0.0,0.0,51,1009.2,1000.4,100,33280.0,13.0,26.3,edinburgh,2026-03-01T03:21:33.581887
2026-03-01T03:00,4.8,86,2.7,1.3,4,0.0,0.0,0.0,0.0,0.0,3,1008.6,999.8,89,31260.0,13.0,26.3,edinburgh,2026-03-01T03:21:33.581887
2026-03-01T04:00,5.3,87,3.3,1.6,7,0.0,0.0,0.0,0.0,0.0,3,1007.5,998.8,100,24920.0,14.8,30.6,edinburgh,2026-03-01T03:21:33.581887
2026-03-01T05:00,5.4,88,3.6,2.0,12,0.0,0.0,0.0,0.0,0.0,3,1007.2,998.5,100,24680.0,13.3,28.1,edinburgh,2026-03-01T03:21:33.581887
2026-03-01T06:00,5.6,86,3.4,2.6,18,0.0,0.0,0.0,0.0,0.0,3,1006.5,997.8,100,25380.0,9.7,20.9,edinburgh,2026-03-01T03:21:33.581887
2026-03-01T07:00,5.9,85,3.6,2.1,27,0.0,0.0,0.0,0.0,0.0,3,1005.6,996.9,100,26040.0,15.8,33.1,edinburgh,2026-03-01T03:21:33.581887
2026-03-01T08:00,6.3,83,3.6,3.8,37,0.0,0.0,0.0,0.0,0.0,3,1005.3,996.6,100,21620.0,6.8,15.1,edinburgh,2026-03-01T03:21:33.581887
2026-03-01T09:00,7.0,80,3.8,4.4,45,0.0,0.0,0.0,0.0,0.0,3,1004.6,995.9,100,21360.0,7.6,18.0,edinburgh,2026-03-01T03:21:33.581887
2026-03-01T10:00,7.7,78,4.1,4.0,49,0.0,0.0,0.0,0.0,0.0,3,1003.9,995.3,100,23680.0,15.5,32.0,edinburgh,2026-03-01T03:21:33.581887
2026-03-01T11:00,8.6,78,5.0,4.4,49,0.1,0.1,0.0,0.0,0.0,51,1002.9,994.3,100,27560.0,20.5,41.8,edinburgh,2026-03-01T03:21:33.581887
2026-03-01T12:00,9.5,77,5.7,4.4,47,0.0,0.0,0.0,0.0,0.0,3,1002.3,993.7,100,28080.0,27.7,56.5,edinburgh,2026-03-01T03:21:33.581887
2026-03-01T13:00,10.4,75,6.2,5.1,37,0.0,0.0,0.0,0.0,0.0,3,1002.4,993.9,100,29000.0,30.2,61.9,edinburgh,2026-03-01T03:21:33.581887
2026-03-01T14:00,10.2,83,7.5,6.3,24,0.0,0.0,0.0,0.0,0.0,3,1002.4,993.9,100,25340.0,22.7,46.1,edinburgh,2026-03-01T03:21:33.581887
2026-03-01T15:00,10.9,82,7.9,7.1,20,0.0,0.0,0.0,0.0,0.0,1,1001.9,993.4,45,26960.0,22.0,44.3,edinburgh,2026-03-01T03:21:33.581887
2026-03-01T16:00,10.7,82,7.8,6.9,35,0.0,0.0,0.0,0.0,0.0,3,1001.9,993.4,91,28460.0,22.3,45.4,edinburgh,2026-03-01T03:21:33.581887
2026-03-01T17:00,10.2,84,7.7,5.9,60,0.0,0.0,0.0,0.0,0.0,3,1001.5,993.0,93,28400.0,25.9,52.9,edinburgh,2026-03-01T03:21:33.581887
2026-03-01T18:00,10.0,83,7.3,5.5,80,0.1,0.1,0.0,0.0,0.0,51,1001.2,992.7,100,25760.0,26.6,54.7,edinburgh,2026-03-01T03:21:33.581887
2026-03-01T19:00,10.2,83,7.4,6.1,90,0.1,0.1,0.0,0.0,0.0,51,1001.2,992.7,100,23880.0,23.8,49.0,edinburgh,2026-03-01T03:21:33.581887
2026-03-01T20:00,10.4,79,7.0,5.9,96,0.0,0.0,0.0,0.0,0.0,3,1001.0,992.5,100,32800.0,25.9,53.6,edinburgh,2026-03-01T03:21:33.581887
2026-03-01T21:00,10.1,80,6.8,5.6,100,0.1,0.1,0.0,0.0,0.0,51,1001.0,992.5,100,25380.0,25.9,53.6,edinburgh,2026-03-01T03:21:33.581887
2026-03-01T22:00,9.8,81,6.7,5.4,100,0.3,0.3,0.0,0.0,0.0,51,1000.8,992.3,84,31340.0,24.5,50.8,edinburgh,2026-03-01T03:21:33.581887
2026-03-01T23:00,9.9,81,6.8,5.4,100,0.1,0.1,0.0,0.0,0.0,51,1000.6,992.1,100,33760.0,24.8,51.5,edinburgh,2026-03-01T03:21:33.581887
2026-03-01T00:00,6.3,86,4.1,3.6,24,0.0,0.0,0.0,0.0,0.0,3,1009.6,1007.5,97,29940.0,9.0,18.0,glasgow,2026-03-01T03:22:11.168719
2026-03-01T01:00,6.5,90,5.0,4.0,26,0.2,0.2,0.0,0.0,0.0,51,1009.0,1006.9,100,11540.0,9.0,18.7,glasgow,2026-03-01T03:22:11.168719
2026-03-01T02:00,6.3,94,5.4,4.1,25,0.4,0.4,0.0,0.0,0.0,51,1008.2,1006.1,100,16900.0,7.2,15.1,glasgow,2026-03-01T03:22:11.168719
2026-03-01T03:00,6.7,94,5.8,4.6,24,0.4,0.4,0.0,0.0,0.0,51,1007.4,1005.3,100,15700.0,6.8,13.7,glasgow,2026-03-01T03:22:11.168719
2026-03-01T04:00,6.8,94,5.9,4.8,22,0.6,0.6,0.0,0.0,0.0,53,1006.6,1004.5,100,10280.0,6.1,12.6,glasgow,2026-03-01T03:22:11.168719
2026-03-01T05:00,7.1,93,6.0,4.1,20,1.2,1.2,0.0,0.0,0.0,55,1005.8,1003.7,100,18000.0,13.7,27.4,glasgow,2026-03-01T03:22:11.168719
2026-03-01T06:00,6.9,90,5.3,3.6,25,0.0,0.0,0.0,0.0,0.0,3,1005.0,1002.9,100,22640.0,14.4,29.2,glasgow,2026-03-01T03:22:11.168719
2026-03-01T07:00,7.2,89,5.5,4.4,42,0.1,0.1,0.0,0.0,0.0,51,1004.5,1002.4,100,18620.0,11.2,23.0,glasgow,2026-03-01T03:22:11.168719
2026-03-01T08:00,7.4,85,5.0,4.8,64,0.1,0.1,0.0,0.0,0.0,51,1004.1,1002.0,100,18760.0,9.4,19.4,glasgow,2026-03-01T03:22:11.168719
2026-03-01T09:00,7.5,83,4.8,4.2,82,0.1,0.1,0.0,0.0,0.0,51,1003.5,1001.4,100,16320.0,13.7,27.7,glasgow,2026-03-01T03:22:11.168719
2026-03-01T10:00,8.0,84,5.5,4.4,90,0.4,0.4,0.0,0.0,0.0,51,1002.5,1000.4,100,17780.0,16.9,34.6,glasgow,2026-03-01T03:22:11.168719
2026-03-01T11:00,8.6,88,6.7,4.7,93,0.4,0.4,0.0,0.0,0.0,51,1001.9,999.8,100,8880.0,20.9,42.5,glasgow,2026-03-01T03:22:11.168719
2026-03-01T12:00,9.1,86,6.9,5.4,94,0.1,0.1,0.0,0.0,0.0,51,1002.0,999.9,100,21340.0,20.2,41.0,glasgow,2026-03-01T03:22:11.168719
2026-03-01T13:00,9.3,89,7.6,6.3,93,0.0,0.0,0.0,0.0,0.0,3,1002.0,999.9,100,18960.0,16.2,33.1,glasgow,2026-03-01T03:22:11.168719
2026-03-01T14:00,9.5,94,8.6,7.0,90,0.5,0.5,0.0,0.0,0.0,53,1001.5,999.4,100,11760.0,14.8,29.5,glasgow,2026-03-01T03:22:11.168719
2026-03-01T15:00,10.7,89,8.9,8.3,88,0.0,0.0,0.0,0.0,0.0,3,1001.1,999.1,100,18940.0,14.0,29.2,glasgow,2026-03-01T03:22:11.168719
2026-03-01T16:00,11.0,86,8.7,8.2,89,0.0,0.0,0.0,0.0,0.0,3,1000.9,998.9,99,23760.0,17.3,35.3,glasgow,2026-03-01T03:22:11.168719
2026-03-01T17:00,10.7,88,8.8,7.8,91,0.0,0.0,0.0,0.0,0.0,3,1000.2,998.2,100,24360.0,18.0,37.1,glasgow,2026-03-01T03:22:11.168719
2026-03-01T18:00,10.6,88,8.7,7.4,92,0.3,0.3,0.0,0.0,0.0,51,999.8,997.8,100,18860.0,19.8,40.7,glasgow,2026-03-01T03:22:11.168719
2026-03-01T19:00,10.7,86,8.4,7.1,89,0.2,0.2,0.0,0.0,0.0,51,999.6,997.6,100,19460.0,21.2,43.6,glasgow,2026-03-01T03:22:11.168719
2026-03-01T20:00,10.6,85,8.1,7.2,86,0.6,0.6,0.0,0.0,0.0,53,999.6,997.6,100,31000.0,19.4,39.6,glasgow,2026-03-01T03:22:11.168719
2026-03-01T21:00,10.5,83,7.7,7.1,84,0.0,0.0,0.0,0.0,0.0,3,999.3,997.3,100,29100.0,19.1,39.2,glasgow,2026-03-01T03:22:11.168719
2026-03-01T22:00,10.5,82,7.6,6.9,87,0.0,0.0,0.0,0.0,0.0,3,999.1,997.1,100,30500.0,20.2,41.8,glasgow,2026-03-01T03:22:11.168719
2026-03-01T23:00,10.6,82,7.7,7.4,92,0.0,0.0,0.0,0.0,0.0,3,999.0,997.0,100,29960.0,18.0,37.4,glasgow,2026-03-01T03:22:11.168719
2026-03-01T00:00,7.9,76,3.9,5.0,20,0.0,0.0,0.0,0.0,0.0,3,1019.6,1018.4,99,27020.0,9.7,20.2,london,2026-03-01T03:22:13.626961
2026-03-01T01:00,8.2,77,4.4,5.2,27,0.0,0.0,0.0,0.0,0.0,3,1019.1,1017.9,98,29860.0,11.5,24.5,london,2026-03-01T03:22:13.626961
2026-03-01T02:00,8.4,75,4.3,5.1,33,0.0,0.0,0.0,0.0,0.0,3,1018.5,1017.3,100,33280.0,13.7,28.8,london,2026-03-01T03:22:13.626961
2026-03-01T03:00,8.4,75,4.2,4.9,35,0.0,0.0,0.0,0.0,0.0,3,1017.9,1016.7,94,33060.0,14.4,31.0,london,2026-03-01T03:22:13.626961
2026-03-01T04:00,8.4,76,4.4,5.3,26,0.0,0.0,0.0,0.0,0.0,3,1017.4,1016.2,100,27500.0,11.9,25.6,london,2026-03-01T03:22:13.626961
2026-03-01T05:00,8.3,85,6.0,5.3,12,0.2,0.2,0.0,0.0,0.0,51,1017.1,1015.9,100,12360.0,14.0,29.9,london,2026-03-01T03:22:13.626961
2026-03-01T06:00,8.4,90,6.9,5.6,6,0.1,0.1,0.0,0.0,0.0,51,1016.6,1015.4,100,16880.0,14.0,29.9,london,2026-03-01T03:22:13.626961
2026-03-01T07:00,8.4,92,7.2,5.4,17,0.1,0.1,0.0,0.0,0.0,51,1015.9,1014.7,100,8380.0,15.8,34.6,london,2026-03-01T03:22:13.626961
2026-03-01T08:00,8.7,95,8.0,5.9,37,0.5,0.5,0.0,0.0,0.0,53,1015.5,1014.3,100,10340.0,15.8,33.8,london,2026-03-01T03:22:13.626961
2026-03-01T09:00,9.4,94,8.5,7.0,55,0.0,0.0,0.0,0.0,0.0,3,1015.4,1014.2,100,10300.0,13.7,28.8,london,2026-03-01T03:22:13.626961
2026-03-01T10:00,10.0,92,8.7,7.6,70,0.0,0.0,0.0,0.0,0.0,3,1015.4,1014.2,100,11640.0,14.0,30.2,london,2026-03-01T03:22:13.626961
2026-03-01T11:00,10.6,90,9.0,8.1,83,0.0,0.0,0.0,0.0,0.0,3,1015.6,1014.4,100,13080.0,15.1,32.0,london,2026-03-01T03:22:13.626961
2026-03-01T12:00,10.6,92,9.3,8.0,86,0.0,0.0,0.0,0.0,0.0,3,1015.2,1014.0,100,11420.0,16.6,35.6,london,2026-03-01T03:22:13.626961
2026-03-01T13:00,11.3,88,9.4,9.0,71,0.0,0.0,0.0,0.0,0.0,3,1014.8,1013.6,99,15140.0,14.8,31.7,london,2026-03-01T03:22:13.626961
2026-03-01T14:00,11.9,87,9.8,10.1,46,0.0,0.0,0.0,0.0,0.0,3,1014.7,1013.5,100,12320.0,11.9,25.6,london,2026-03-01T03:22:13.626961
2026-03-01T15:00,12.2,82,9.2,9.6,25,0.0,0.0,0.0,0.0,0.0,3,1014.7,1013.5,86,15880.0,16.6,35.3,london,2026-03-01T03:22:13.626961
2026-03-01T16:00,12.4,75,8.1,8.9,14,0.0,0.0,0.0,0.0,0.0,2,1014.8,1013.6,72,20240.0,20.9,44.3,london,2026-03-01T03:22:13.626961
2026-03-01T17:00,12.0,79,8.5,8.8,8,0.0,0.0,0.0,0.0,0.0,3,1015.0,1013.8,95,19240.0,19.1,40.0,london,2026-03-01T03:22:13.626961
2026-03-01T18:00,11.4,86,9.2,8.7,4,0.0,0.0,0.0,0.0,0.0,3,1015.4,1014.2,100,19560.0,16.9,36.0,london,2026-03-01T03:22:13.626961
2026-03-01T19:00,11.4,83,8.6,8.7,1,0.0,0.0,0.0,0.0,0.0,3,1015.5,1014.3,100,21660.0,16.6,35.3,london,2026-03-01T03:22:13.626961
2026-03-01T20:00,11.3,82,8.4,8.5,0,0.0,0.0,0.0,0.0,0.0,3,1015.5,1014.3,93,23520.0,16.6,36.0,london,2026-03-01T03:22:13.626961
2026-03-01T21:00,11.2,81,8.1,8.2,0,0.0,0.0,0.0,0.0,0.0,3,1015.6,1014.4,93,26360.0,17.3,37.1,london,2026-03-01T03:22:13.626961
2026-03-01T22:00,11.1,80,7.8,8.0,0,0.0,0.0,0.0,0.0,0.0,3,1015.6,1014.4,96,28060.0,17.6,37.8,london,2026-03-01T03:22:13.626961
2026-03-01T23:00,10.9,79,7.4,7.7,0,0.0,0.0,0.0,0.0,0.0,3,1015.4,1014.2,97,28360.0,16.9,36.0,london,2026-03-01T03:22:13.626961
2026-03-01T00:00,6.1,73,1.6,2.5,18,0.0,0.0,0.0,0.0,0.0,3,1015.3,1009.4,100,33220.0,11.9,23.8,manchester,2026-03-01T03:23:31.429234
2026-03-01T01:00,6.0,74,1.7,2.7,20,0.0,0.0,0.0,0.0,0.0,3,1014.7,1008.8,100,31680.0,10.4,22.0,manchester,2026-03-01T03:23:31.429234
2026-03-01T02:00,6.2,76,2.3,3.1,21,0.0,0.0,0.0,0.0,0.0,3,1013.6,1007.7,100,27160.0,9.4,19.8,manchester,2026-03-01T03:23:31.429234
2026-03-01T03:00,6.4,81,3.4,3.0,22,0.0,0.0,0.0,0.0,0.0,3,1012.7,1006.8,100,25880.0,12.6,25.6,manchester,2026-03-01T03:23:31.429234
2026-03-01T04:00,6.8,86,4.6,3.5,24,0.0,0.0,0.0,0.0,0.0,3,1012.3,1006.4,100,22500.0,14.0,29.2,manchester,2026-03-01T03:23:31.429234
2026-03-01T05:00,7.1,88,5.2,4.0,27,0.0,0.0,0.0,0.0,0.0,3,1011.9,1006.0,100,19680.0,13.3,27.4,manchester,2026-03-01T03:23:31.429234
2026-03-01T06:00,7.3,88,5.5,4.3,33,0.0,0.0,0.0,0.0,0.0,3,1011.3,1005.4,87,18200.0,13.3,27.7,manchester,2026-03-01T03:23:31.429234
2026-03-01T07:00,7.5,89,5.8,4.5,47,0.0,0.0,0.0,0.0,0.0,3,1010.8,1004.9,100,17020.0,13.7,27.7,manchester,2026-03-01T03:23:31.429234
2026-03-01T08:00,7.9,86,5.7,4.9,66,0.0,0.0,0.0,0.0,0.0,3,1010.4,1004.5,100,16800.0,13.3,27.0,manchester,2026-03-01T03:23:31.429234
2026-03-01T09:00,8.3,84,5.8,5.2,76,0.2,0.2,0.0,0.0,0.0,51,1010.2,1004.3,100,16860.0,14.0,28.4,manchester,2026-03-01T03:23:31.429234
2026-03-01T10:00,8.5,87,6.5,5.6,73,0.6,0.6,0.0,0.0,0.0,53,1009.9,1004.0,100,14880.0,14.0,29.2,manchester,2026-03-01T03:23:31.429234
2026-03-01T11:00,9.0,89,7.3,5.7,62,0.1,0.1,0.0,0.0,0.0,51,1009.7,1003.9,100,15560.0,17.6,36.0,manchester,2026-03-01T03:23:31.429234
2026-03-01T12:00,10.1,87,8.0,7.3,51,0.0,0.0,0.0,0.0,0.0,3,1009.6,1003.8,100,16060.0,15.5,31.7,manchester,2026-03-01T03:23:31.429234
2026-03-01T13:00,11.0,84,8.4,8.4,41,0.0,0.0,0.0,0.0,0.0,3,1009.3,1003.5,100,17900.0,15.1,31.7,manchester,2026-03-01T03:23:31.429234
2026-03-01T14:00,11.7,81,8.6,8.9,31,0.0,0.0,0.0,0.0,0.0,3,1008.9,1003.1,98,19620.0,16.9,34.9,manchester,2026-03-01T03:23:31.429234
2026-03-01T15:00,12.3,75,8.0,9.1,24,0.0,0.0,0.0,0.0,0.0,3,1008.6,1002.8,100,23280.0,18.4,37.4,manchester,2026-03-01T03:23:31.429234
2026-03-01T16:00,12.5,71,7.4,9.4,23,0.0,0.0,0.0,0.0,0.0,3,1008.3,1002.5,97,24560.0,16.9,35.3,manchester,2026-03-01T03:23:31.429234
2026-03-01T17:00,11.9,73,7.2,8.7,25,0.0,0.0,0.0,0.0,0.0,2,1008.2,1002.4,59,25640.0,16.9,34.9,manchester,2026-03-01T03:23:31.429234
2026-03-01T18:00,11.2,74,6.7,8.2,27,0.0,0.0,0.0,0.0,0.0,3,1008.3,1002.5,88,23040.0,14.8,30.6,manchester,2026-03-01T03:23:31.429234
2026-03-01T19:00,11.5,76,7.4,8.3,29,0.0,0.0,0.0,0.0,0.0,3,1008.2,1002.4,100,21880.0,17.3,35.6,manchester,2026-03-01T03:23:31.429234
2026-03-01T20:00,11.3,75,7.0,7.6,30,0.0,0.0,0.0,0.0,0.0,3,1008.1,1002.3,100,26800.0,20.2,41.0,manchester,2026-03-01T03:23:31.429234
2026-03-01T21:00,11.0,75,6.7,7.3,31,0.0,0.0,0.0,0.0,0.0,3,1008.2,1002.4,100,28320.0,19.8,40.7,manchester,2026-03-01T03:23:31.429234
2026-03-01T22:00,10.7,77,6.8,7.0,29,0.0,0.0,0.0,0.0,0.0,3,1008.1,1002.3,98,30300.0,19.4,40.7,manchester,2026-03-01T03:23:31.429234
2026-03-01T23:00,10.7,76,6.7,6.9,26,0.0,0.0,0.0,0.0,0.0,3,1008.1,1002.3,100,32400.0,20.2,41.8,manchester,2026-03-01T03:23:31.429234
2026-03-01T00:00,20.8,83,17.8,21.9,0,0.0,0.0,0.0,0.0,0.0,3,1014.1,1008.9,100,24140.0,11.9,21.6,montevideo,2026-03-01T03:23:33.889677
2026-03-01T01:00,20.8,80,17.2,21.9,0,0.0,0.0,0.0,0.0,0.0,3,1014.2,1009.0,100,24140.0,10.5,19.8,montevideo,2026-03-01T03:23:33.889677
2026-03-01T02:00,20.6,79,16.9,21.9,0,0.0,0.0,0.0,0.0,0.0,3,1014.4,1009.2,84,24140.0,8.0,16.9,montevideo,2026-03-01T03:23:33.889677
2026-03-01T03:00,20.1,78,16.2,20.8,0,0.0,0.0,0.0,0.0,0.0,0,1014.5,1009.3,0,24140.0,9.7,15.8,montevideo,2026-03-01T03:23:33.889677
2026-03-01T04:00,19.8,70,14.1,19.1,0,0.0,0.0,0.0,0.0,0.0,0,1014.4,1009.2,0,24140.0,14.0,22.7,montevideo,2026-03-01T03:23:33.889677
2026-03-01T05:00,18.9,73,14.0,18.2,0,0.0,0.0,0.0,0.0,0.0,0,1014.5,1009.3,0,24140.0,13.8,23.4,montevideo,2026-03-01T03:23:33.889677
2026-03-01T06:00,18.2,77,14.1,17.5,0,0.0,0.0,0.0,0.0,0.0,0,1014.6,1009.4,0,24140.0,13.5,23.0,montevideo,2026-03-01T03:23:33.889677
2026-03-01T07:00,17.6,82,14.5,17.2,0,0.0,0.0,0.0,0.0,0.0,0,1014.6,1009.4,0,24140.0,13.0,22.3,montevideo,2026-03-01T03:23:33.889677
2026-03-01T08:00,17.3,85,14.8,17.0,0,0.0,0.0,0.0,0.0,0.0,0,1014.7,1009.5,0,24140.0,13.4,22.3,montevideo,2026-03-01T03:23:33.889677
2026-03-01T09:00,17.1,88,15.1,16.8,0,0.0,0.0,0.0,0.0,0.0,0,1015.2,1010.0,0,24140.0,13.6,22.7,montevideo,2026-03-01T03:23:33.889677
2026-03-01T10:00,16.9,89,15.1,16.7,0,0.0,0.0,0.0,0.0,0.0,0,1015.8,1010.6,0,24140.0,13.4,22.7,montevideo,2026-03-01T03:23:33.889677
2026-03-01T11:00,18.3,84,15.5,18.0,0,0.0,0.0,0.0,0.0,0.0,0,1016.5,1011.3,0,24140.0,14.5,24.1,montevideo,2026-03-01T03:23:33.889677
2026-03-01T12:00,20.6,75,16.0,20.3,0,0.0,0.0,0.0,0.0,0.0,0,1016.6,1011.4,0,24140.0,16.8,28.1,montevideo,2026-03-01T03:23:33.889677
2026-03-01T13:00,23.2,65,16.2,23.1,0,0.0,0.0,0.0,0.0,0.0,0,1016.4,1011.3,0,24140.0,16.2,28.1,montevideo,2026-03-01T03:23:33.889677
2026-03-01T14:00,25.5,56,16.1,26.3,0,0.0,0.0,0.0,0.0,0.0,0,1015.8,1010.7,0,24140.0,15.6,27.4,montevideo,2026-03-01T03:23:33.889677
2026-03-01T15:00,27.1,50,15.8,29.1,0,0.0,0.0,0.0,0.0,0.0,0,1015.2,1010.1,0,24140.0,12.5,26.6,montevideo,2026-03-01T03:23:33.889677
2026-03-01T16:00,28.4,46,15.7,31.4,0,0.0,0.0,0.0,0.0,0.0,1,1014.7,1009.7,19,24140.0,8.5,21.6,montevideo,2026-03-01T03:23:33.889677
2026-03-01T17:00,29.3,42,15.1,32.4,0,0.0,0.0,0.0,0.0,0.0,1,1014.1,1009.1,36,24140.0,6.4,16.2,montevideo,2026-03-01T03:23:33.889677
2026-03-01T18:00,29.8,38,14.0,31.6,0,0.0,0.0,0.0,0.0,0.0,1,1013.2,1008.2,40,24140.0,8.0,15.5,montevideo,2026-03-01T03:23:33.889677
2026-03-01T19:00,29.8,39,14.3,30.1,0,0.0,0.0,0.0,0.0,0.0,1,1012.5,1007.5,34,24140.0,13.4,23.0,montevideo,2026-03-01T03:23:33.889677
2026-03-01T20:00,28.0,47,15.6,27.0,0,0.0,0.0,0.0,0.0,0.0,1,1012.3,1007.3,17,24140.0,19.8,33.5,montevideo,2026-03-01T03:23:33.889677
2026-03-01T21:00,25.8,57,16.7,25.0,0,0.0,0.0,0.0,0.0,0.0,0,1012.1,1007.0,0,24140.0,21.8,36.7,montevideo,2026-03-01T03:23:33.889677
2026-03-01T22:00,24.1,63,16.6,23.5,0,0.0,0.0,0.0,0.0,0.0,0,1012.2,1007.1,0,24140.0,19.8,36.7,montevideo,2026-03-01T03:23:33.889677
2026-03-01T23:00,22.9,68,16.7,22.7,0,0.0,0.0,0.0,0.0,0.0,0,1012.2,1007.1,0,24140.0,17.5,32.8,montevideo,2026-03-01T03:23:33.889677
2026-03-01T00:00,18.5,29,0.2,15.8,0,0.0,0.0,0.0,0.0,0.0,0,1017.3,982.9,0,63500.0,4.1,4.0,atlanta,2026-03-01T03:23:36.334289
2026-03-01T01:00,15.5,56,6.8,14.2,0,0.0,0.0,0.0,0.0,0.0,0,1018.0,983.2,0,34200.0,3.6,5.8,atlanta,2026-03-01T03:23:36.334289
2026-03-01T02:00,14.2,73,9.5,13.0,0,0.0,0.0,0.0,0.0,0.0,0,1018.6,983.6,0,23000.0,7.4,14.0,atlanta,2026-03-01T03:23:36.334289
2026-03-01T03:00,13.4,80,10.1,12.6,0,0.0,0.0,0.0,0.0,0.0,0,1018.2,983.1,0,19200.0,6.3,11.9,atlanta,2026-03-01T03:23:36.334289
2026-03-01T04:00,12.8,81,9.7,12.3,0,0.0,0.0,0.0,0.0,0.0,0,1018.5,983.3,0,18100.0,3.0,4.7,atlanta,2026-03-01T03:23:36.334289
2026-03-01T05:00,12.2,84,9.6,11.0,0,0.0,0.0,0.0,0.0,0.0,0,1018.5,983.3,0,16800.0,7.9,14.4,atlanta,2026-03-01T03:23:36.334289
2026-03-01T06:00,11.7,83,8.9,10.3,0,0.0,0.0,0.0,0.0,0.0,0,1018.6,983.3,1,16900.0,7.5,16.2,atlanta,2026-03-01T03:23:36.334289
2026-03-01T07:00,11.5,77,7.6,9.8,0,0.0,0.0,0.0,0.0,0.0,0,1018.5,983.2,0,20200.0,7.5,13.3,atlanta,2026-03-01T03:23:36.334289
2026-03-01T08:00,10.9,77,7.1,9.1,0,0.0,0.0,0.0,0.0,0.0,0,1018.4,983.0,0,20000.0,7.1,12.6,atlanta,2026-03-01T03:23:36.334289
2026-03-01T09:00,10.7,75,6.4,8.9,0,0.0,0.0,0.0,0.0,0.0,0,1019.1,983.7,1,20800.0,6.2,11.9,atlanta,2026-03-01T03:23:36.334289
2026-03-01T10:00,10.4,76,6.3,8.9,0,0.0,0.0,0.0,0.0,0.0,0,1019.6,984.1,8,20000.0,3.7,8.3,atlanta,2026-03-01T03:23:36.334289
2026-03-01T11:00,10.0,79,6.5,8.1,0,0.0,0.0,0.0,0.0,0.0,0,1019.9,984.4,8,18200.0,6.6,9.0,atlanta,2026-03-01T03:23:36.334289
2026-03-01T12:00,9.2,85,6.8,7.3,0,0.0,0.0,0.0,0.0,0.0,0,1021.0,985.3,1,15300.0,7.3,11.5,atlanta,2026-03-01T03:23:36.334289
2026-03-01T13:00,10.2,87,8.1,8.8,0,0.0,0.0,0.0,0.0,0.0,0,1021.9,986.3,1,15700.0,5.9,9.7,atlanta,2026-03-01T03:23:36.334289
2026-03-01T14:00,13.4,84,10.7,12.7,0,0.0,0.0,0.0,0.0,0.0,0,1022.3,987.1,0,17300.0,6.2,12.6,atlanta,2026-03-01T03:23:36.334289
2026-03-01T15:00,15.5,80,12.1,15.1,0,0.0,0.0,0.0,0.0,0.0,0,1022.5,987.5,0,19600.0,7.6,15.1,atlanta,2026-03-01T03:23:36.334289
2026-03-01T16:00,17.7,72,12.6,17.8,0,0.0,0.0,0.0,0.0,0.0,0,1022.5,987.8,0,23700.0,7.9,15.1,atlanta,2026-03-01T03:23:36.334289
2026-03-01T17:00,19.5,64,12.5,20.4,0,0.0,0.0,0.0,0.0,0.0,3,1022.6,988.1,100,28900.0,7.6,13.3,atlanta,2026-03-01T03:23:36.334289
2026-03-01T18:00,20.7,55,11.4,21.6,0,0.0,0.0,0.0,0.0,0.0,3,1021.9,987.6,100,35200.0,7.1,11.5,atlanta,2026-03-01T03:23:36.334289
2026-03-01T19:00,21.4,54,11.7,22.2,0,0.0,0.0,0.0,0.0,0.0,3,1021.4,987.2,100,36200.0,7.4,9.7,atlanta,2026-03-01T03:23:36.334289
2026-03-01T20:00,22.2,48,10.7,21.6,0,0.0,0.0,0.0,0.0,0.0,3,1021.5,987.3,100,42000.0,7.2,10.4,atlanta,2026-03-01T03:23:36.334289
2026-03-01T21:00,22.5,42,9.0,21.1,0,0.0,0.0,0.0,0.0,0.0,3,1021.7,987.6,100,47600.0,7.9,12.2,atlanta,2026-03-01T03:23:36.334289
2026-03-01T22:00,22.2,38,7.2,20.3,0,0.0,0.0,0.0,0.0,0.0,3,1021.6,987.4,100,52000.0,7.8,11.9,atlanta,2026-03-01T03:23:36.334289
2026-03-01T23:00,20.2,48,8.9,19.1,1,0.0,0.0,0.0,0.0,0.0,3,1022.2,987.8,100,41900.0,5.8,11.5,atlanta,2026-03-01T03:23:36.334289
2026-03-01T00:00,5.0,71,0.2,1.6,0,0.0,0.0,0.0,0.0,0.0,0,1017.2,1014.0,0,23800.0,8.7,20.9,boston,2026-03-01T03:24:13.936263
2026-03-01T01:00,4.4,74,0.2,0.7,0,0.0,0.0,0.0,0.0,0.0,0,1016.9,1013.7,1,21800.0,11.2,21.2,boston,2026-03-01T03:24:13.936263
2026-03-01T02:00,3.8,76,-0.1,0.2,0,0.0,0.0,0.0,0.0,0.0,1,1016.3,1013.0,39,20700.0,10.2,22.0,boston,2026-03-01T03:24:13.936263
2026-03-01T03:00,3.1,81,0.1,-0.6,0,0.0,0.0,0.0,0.0,0.0,0,1016.6,1013.3,0,17700.0,10.7,22.0,boston,2026-03-01T03:24:13.936263
2026-03-01T04:00,2.8,79,-0.5,-0.9,0,0.0,0.0,0.0,0.0,0.0,0,1016.4,1013.1,0,18900.0,10.0,22.0,boston,2026-03-01T03:24:13.936263
2026-03-01T05:00,2.5,78,-1.0,-1.1,0,0.0,0.0,0.0,0.0,0.0,0,1016.1,1012.8,0,19400.0,9.2,21.6,boston,2026-03-01T03:24:13.936263
2026-03-01T06:00,2.1,79,-1.2,-1.6,0,0.0,0.0,0.0,0.0,0.0,0,1015.6,1012.3,0,19100.0,9.7,22.0,boston,2026-03-01T03:24:13.936263
2026-03-01T07:00,1.8,78,-1.6,-2.1,0,0.0,0.0,0.0,0.0,0.0,0,1015.2,1011.9,0,19600.0,10.7,21.6,boston,2026-03-01T03:24:13.936263
2026-03-01T08:00,1.4,76,-2.4,-2.7,1,0.0,0.0,0.0,0.0,0.0,0,1015.2,1011.9,0,21000.0,11.3,22.7,boston,2026-03-01T03:24:13.936263
2026-03-01T09:00,0.8,74,-3.3,-3.6,1,0.0,0.0,0.0,0.0,0.0,0,1016.0,1012.7,0,21900.0,12.4,24.5,boston,2026-03-01T03:24:13.936263
2026-03-01T10:00,0.5,68,-4.8,-4.4,2,0.0,0.0,0.0,0.0,0.0,2,1016.7,1013.4,64,25700.0,14.5,28.8,boston,2026-03-01T03:24:13.936263
2026-03-01T11:00,0.5,71,-4.2,-4.0,2,0.0,0.0,0.0,0.0,0.0,3,1017.0,1013.7,100,24400.0,12.5,28.4,boston,2026-03-01T03:24:13.936263
2026-03-01T12:00,0.6,73,-3.7,-3.7,6,0.0,0.0,0.0,0.0,0.0,3,1017.9,1014.6,99,23200.0,11.5,32.8,boston,2026-03-01T03:24:13.936263
2026-03-01T13:00,1.6,73,-2.7,-2.8,8,0.0,0.0,0.0,0.0,0.0,3,1018.4,1015.1,100,23100.0,12.4,31.3,boston,2026-03-01T03:24:13.936263
2026-03-01T14:00,1.8,69,-3.3,-2.9,17,0.0,0.0,0.0,0.0,0.0,3,1019.3,1016.0,100,25100.0,14.6,28.8,boston,2026-03-01T03:24:13.936263
2026-03-01T15:00,1.0,72,-3.5,-3.3,26,0.0,0.0,0.0,0.0,0.0,3,1020.0,1016.7,100,23700.0,11.3,24.5,boston,2026-03-01T03:24:13.936263
2026-03-01T16:00,0.1,86,-2.0,-4.3,47,0.4,0.2,0.0,0.14,0.0,71,1021.2,1017.9,100,2200.0,13.1,21.2,boston,2026-03-01T03:24:13.936263
2026-03-01T17:00,-0.2,89,-1.8,-4.9,43,0.78,0.35,0.0,0.3,0.0,73,1021.5,1018.2,100,2300.0,15.9,24.1,boston,2026-03-01T03:24:13.936263
2026-03-01T18:00,-1.3,86,-3.3,-6.5,24,0.55,0.2,0.0,0.25,0.0,73,1021.7,1018.4,100,2100.0,17.9,29.2,boston,2026-03-01T03:24:13.936263
2026-03-01T19:00,-1.3,77,-4.8,-6.5,9,0.08,0.0,0.0,0.05,0.0,71,1022.1,1018.8,100,7000.0,16.3,28.8,boston,2026-03-01T03:24:13.936263
2026-03-01T20:00,-1.7,77,-5.2,-6.5,5,0.0,0.0,0.0,0.0,0.01,3,1022.6,1019.3,100,21000.0,13.8,28.1,boston,2026-03-01T03:24:13.936263
2026-03-01T21:00,-0.9,61,-7.5,-6.1,3,0.0,0.0,0.0,0.0,0.0,2,1022.8,1019.5,54,30500.0,15.1,27.7,boston,2026-03-01T03:24:13.936263
2026-03-01T22:00,-0.6,55,-8.6,-5.8,1,0.0,0.0,0.0,0.0,0.0,0,1023.7,1020.4,0,35100.0,14.2,28.8,boston,2026-03-01T03:24:13.936263
2026-03-01T23:00,-0.9,53,-9.3,-6.2,0,0.0,0.0,0.0,0.0,0.0,0,1025.0,1021.7,0,37100.0,14.8,32.0,boston,2026-03-01T03:24:13.936263
2026-03-01T00:00,-1.7,79,-4.8,-8.3,2,0.0,0.0,0.0,0.0,0.0,3,1024.8,1001.4,99,19800.0,26.3,41.0,chicago,2026-03-01T03:24:51.579515
2026-03-01T01:00,-1.8,84,-4.1,-7.7,3,0.0,0.0,0.0,0.0,0.0,3,1025.1,1001.7,100,17300.0,22.5,38.9,chicago,2026-03-01T03:24:51.579515
2026-03-01T02:00,-1.6,80,-4.6,-6.9,1,0.0,0.0,0.0,0.0,0.0,3,1025.2,1001.8,100,18400.0,17.7,36.4,chicago,2026-03-01T03:24:51.579515
2026-03-01T03:00,-1.7,80,-4.7,-7.4,0,0.0,0.0,0.0,0.0,0.0,3,1025.4,1002.0,100,18800.0,20.9,39.6,chicago,2026-03-01T03:24:51.579515
2026-03-01T04:00,-1.6,80,-4.6,-7.4,0,0.0,0.0,0.0,0.0,0.0,3,1025.0,1001.6,100,18700.0,21.1,38.2,chicago,2026-03-01T03:24:51.579515
2026-03-01T05:00,-1.6,80,-4.6,-7.3,0,0.0,0.0,0.0,0.0,0.0,3,1025.1,1001.7,100,18800.0,20.0,36.4,chicago,2026-03-01T03:24:51.579515
2026-03-01T06:00,-1.4,80,-4.4,-7.0,0,0.0,0.0,0.0,0.0,0.0,3,1026.4,1003.0,100,18900.0,19.9,36.7,chicago,2026-03-01T03:24:51.579515
2026-03-01T07:00,-1.8,71,-6.3,-7.9,0,0.0,0.0,0.0,0.0,0.0,3,1027.3,1003.8,100,23700.0,22.2,39.2,chicago,2026-03-01T03:24:51.579515
2026-03-01T08:00,-2.2,64,-8.1,-8.4,2,0.0,0.0,0.0,0.0,0.0,1,1027.6,1004.1,46,28800.0,21.7,39.6,chicago,2026-03-01T03:24:51.579515
2026-03-01T09:00,-2.3,64,-8.2,-8.5,0,0.0,0.0,0.0,0.0,0.0,0,1028.2,1004.7,19,28400.0,20.9,37.8,chicago,2026-03-01T03:24:51.579515
2026-03-01T10:00,-2.4,64,-8.2,-8.5,0,0.0,0.0,0.0,0.0,0.0,3,1028.8,1005.2,100,28500.0,21.1,35.3,chicago,2026-03-01T03:24:51.579515
2026-03-01T11:00,-2.7,65,-8.3,-8.8,0,0.0,0.0,0.0,0.0,0.0,3,1029.6,1006.0,100,27700.0,20.9,34.2,chicago,2026-03-01T03:24:51.579515
2026-03-01T12:00,-3.0,64,-8.8,-9.1,0,0.0,0.0,0.0,0.0,0.0,3,1030.7,1007.0,100,28900.0,20.7,33.8,chicago,2026-03-01T03:24:51.579515
2026-03-01T13:00,-3.2,64,-9.1,-9.3,0,0.0,0.0,0.0,0.0,0.0,3,1032.0,1008.3,87,28600.0,20.1,33.1,chicago,2026-03-01T03:24:51.579515
2026-03-01T14:00,-3.2,64,-9.1,-9.3,0,0.0,0.0,0.0,0.0,0.0,1,1032.8,1009.1,43,28300.0,19.9,31.7,chicago,2026-03-01T03:24:51.579515
2026-03-01T15:00,-3.1,64,-8.9,-9.0,0,0.0,0.0,0.0,0.0,0.0,1,1032.9,1009.2,34,28600.0,19.3,29.5,chicago,2026-03-01T03:24:51.579515
2026-03-01T16:00,-2.8,63,-8.8,-8.5,0,0.0,0.0,0.0,0.0,0.0,1,1033.4,1009.7,25,28700.0,17.9,24.8,chicago,2026-03-01T03:24:51.579515
2026-03-01T17:00,-2.2,61,-8.7,-7.4,0,0.0,0.0,0.0,0.0,0.0,0,1034.0,1010.3,12,30100.0,16.9,22.3,chicago,2026-03-01T03:24:51.579515
2026-03-01T18:00,-1.8,60,-8.5,-6.5,0,0.0,0.0,0.0,0.0,0.0,0,1034.1,1010.5,6,30100.0,17.0,22.7,chicago,2026-03-01T03:24:51.579515
2026-03-01T19:00,-1.5,59,-8.4,-6.3,0,0.0,0.0,0.0,0.0,0.0,0,1033.3,1009.7,4,30100.0,17.4,23.0,chicago,2026-03-01T03:24:51.579515
2026-03-01T20:00,-1.7,62,-8.0,-6.9,0,0.0,0.0,0.0,0.0,0.0,0,1033.3,1009.7,10,27100.0,17.8,24.1,chicago,2026-03-01T03:24:51.579515
2026-03-01T21:00,-1.7,62,-8.0,-7.0,0,0.0,0.0,0.0,0.0,0.0,0,1033.2,1009.6,10,26900.0,15.7,20.9,chicago,2026-03-01T03:24:51.579515
2026-03-01T22:00,-2.0,63,-8.1,-7.0,0,0.0,0.0,0.0,0.0,0.0,3,1033.3,1009.7,83,26500.0,13.1,17.3,chicago,2026-03-01T03:24:51.579515
2026-03-01T23:00,-2.5,64,-8.4,-7.5,0,0.0,0.0,0.0,0.0,0.0,2,1033.2,1009.5,69,26200.0,12.7,18.4,chicago,2026-03-01T03:24:51.579515
2026-03-01T00:00,0.7,72,-3.7,-4.0,4,0.0,0.0,0.0,0.0,0.0,3,1019.9,994.8,98,23300.0,14.7,30.2,cleveland,2026-03-01T03:24:54.038316
2026-03-01T01:00,0.2,74,-3.9,-4.3,5,0.0,0.0,0.0,0.0,0.0,3,1019.9,994.8,98,22400.0,12.4,25.9,cleveland,2026-03-01T03:24:54.038316
2026-03-01T02:00,-0.0,69,-5.0,-5.0,5,0.0,0.0,0.0,0.0,0.0,3,1022.2,997.0,100,24700.0,15.1,30.2,cleveland,2026-03-01T03:24:54.038316
2026-03-01T03:00,-1.4,70,-6.1,-7.2,9,0.0,0.0,0.0,0.0,0.0,3,1021.9,996.6,100,24000.0,19.8,40.7,cleveland,2026-03-01T03:24:54.038316
2026-03-01T04:00,-2.0,73,-6.2,-8.1,18,0.0,0.0,0.0,0.0,0.0,3,1021.9,996.5,100,22400.0,21.9,45.4,cleveland,2026-03-01T03:24:54.038316
2026-03-01T05:00,-2.7,82,-5.3,-8.5,22,0.0,0.0,0.0,0.0,0.0,3,1022.8,997.3,100,17200.0,21.1,40.0,cleveland,2026-03-01T03:24:54.038316
2026-03-01T06:00,-2.9,84,-5.2,-8.6,26,0.0,0.0,0.0,0.0,0.0,3,1022.9,997.4,100,16700.0,20.2,37.8,cleveland,2026-03-01T03:24:54.038316
2026-03-01T07:00,-3.4,86,-5.4,-9.3,25,0.0,0.0,0.0,0.0,0.0,3,1023.1,997.6,100,5800.0,21.1,38.2,cleveland,2026-03-01T03:24:54.038316
2026-03-01T08:00,-4.2,86,-6.2,-10.6,5,0.4,0.0,0.0,0.28,0.0,73,1023.7,998.1,100,2200.0,24.1,41.8,cleveland,2026-03-01T03:24:54.038316
2026-03-01T09:00,-4.8,84,-7.0,-11.0,1,0.1,0.0,0.0,0.07,0.0,71,1025.3,999.6,100,8100.0,22.5,40.0,cleveland,2026-03-01T03:24:54.038316
2026-03-01T10:00,-4.7,75,-8.4,-11.1,1,0.0,0.0,0.0,0.0,0.0,3,1025.8,1000.1,81,21300.0,23.0,42.1,cleveland,2026-03-01T03:24:54.038316
2026-03-01T11:00,-5.2,72,-9.4,-11.5,1,0.0,0.0,0.0,0.0,0.0,3,1026.4,1000.6,99,22800.0,21.8,42.5,cleveland,2026-03-01T03:24:54.038316
2026-03-01T12:00,-5.9,73,-9.9,-12.0,0,0.0,0.0,0.0,0.0,0.0,2,1027.5,1001.6,63,21500.0,20.0,40.7,cleveland,2026-03-01T03:24:54.038316
2026-03-01T13:00,-6.4,70,-10.9,-12.4,0,0.0,0.0,0.0,0.0,0.0,0,1029.0,1003.0,7,23200.0,18.3,39.2,cleveland,2026-03-01T03:24:54.038316
2026-03-01T14:00,-5.7,60,-12.2,-12.0,0,0.0,0.0,0.0,0.0,0.0,0,1030.0,1004.1,8,30100.0,19.8,34.2,cleveland,2026-03-01T03:24:54.038316
2026-03-01T15:00,-4.7,59,-11.5,-11.0,0,0.0,0.0,0.0,0.0,0.0,0,1030.5,1004.7,17,30300.0,20.4,32.4,cleveland,2026-03-01T03:24:54.038316
2026-03-01T16:00,-3.9,58,-10.9,-10.0,0,0.0,0.0,0.0,0.0,0.0,0,1031.2,1005.4,6,30400.0,20.1,29.2,cleveland,2026-03-01T03:24:54.038316
2026-03-01T17:00,-3.5,58,-10.5,-8.9,0,0.0,0.0,0.0,0.0,0.0,1,1032.0,1006.2,46,29800.0,19.2,28.4,cleveland,2026-03-01T03:24:54.038316
2026-03-01T18:00,-3.8,61,-10.2,-9.3,0,0.0,0.0,0.0,0.0,0.0,1,1032.4,1006.6,44,27400.0,19.1,28.4,cleveland,2026-03-01T03:24:54.038316
2026-03-01T19:00,-3.7,61,-10.1,-9.1,0,0.0,0.0,0.0,0.0,0.0,1,1032.9,1007.1,46,27300.0,17.3,26.6,cleveland,2026-03-01T03:24:54.038316
2026-03-01T20:00,-3.2,61,-9.7,-8.5,0,0.0,0.0,0.0,0.0,0.0,1,1033.3,1007.5,42,27000.0,15.9,23.8,cleveland,2026-03-01T03:24:54.038316
2026-03-01T21:00,-3.4,62,-9.6,-8.8,0,0.0,0.0,0.0,0.0,0.0,1,1032.9,1007.1,46,26600.0,15.1,22.7,cleveland,2026-03-01T03:24:54.038316
2026-03-01T22:00,-3.5,62,-9.7,-8.3,0,0.0,0.0,0.0,0.0,0.0,2,1032.9,1007.1,70,26900.0,11.2,20.2,cleveland,2026-03-01T03:24:54.038316
2026-03-01T23:00,-3.9,64,-9.7,-9.1,0,0.0,0.0,0.0,0.0,0.0,3,1033.3,1007.5,100,25900.0,13.7,20.5,cleveland,2026-03-01T03:24:54.038316
2026-03-01T00:00,27.8,25,6.0,24.5,0,0.0,0.0,0.0,0.0,0.0,0,1012.3,995.2,0,71000.0,15.9,25.6,dallas,2026-03-01T03:26:57.022323
2026-03-01T01:00,24.8,32,7.0,23.3,0,0.0,0.0,0.0,0.0,0.0,0,1012.8,995.6,0,58500.0,5.2,17.3,dallas,2026-03-01T03:26:57.022323
2026-03-01T02:00,24.3,34,7.4,22.4,0,0.0,0.0,0.0,0.0,0.0,0,1013.3,996.0,0,61400.0,8.1,19.1,dallas,2026-03-01T03:26:57.022323
2026-03-01T03:00,22.0,36,6.2,19.9,0,0.0,0.0,0.0,0.0,0.0,0,1013.9,996.5,0,55800.0,7.8,19.4,dallas,2026-03-01T03:26:57.022323
2026-03-01T04:00,20.9,43,7.8,18.7,0,0.0,0.0,0.0,0.0,0.0,0,1013.3,995.8,0,46300.0,10.9,22.3,dallas,2026-03-01T03:26:57.022323
2026-03-01T05:00,19.9,45,7.6,17.6,0,0.0,0.0,0.0,0.0,0.0,0,1013.4,995.9,0,36600.0,11.8,27.7,dallas,2026-03-01T03:26:57.022323
2026-03-01T06:00,19.3,49,8.3,16.9,0,0.0,0.0,0.0,0.0,0.0,0,1013.4,995.8,11,33400.0,13.0,25.6,dallas,2026-03-01T03:26:57.022323
2026-03-01T07:00,18.7,63,11.6,17.4,0,0.0,0.0,0.0,0.0,0.0,3,1014.3,996.7,100,32500.0,12.7,27.4,dallas,2026-03-01T03:26:57.022323
2026-03-01T08:00,17.8,78,14.0,17.6,1,0.0,0.0,0.0,0.0,0.0,3,1014.6,996.9,100,22900.0,10.7,31.7,dallas,2026-03-01T03:26:57.022323
2026-03-01T09:00,17.1,87,15.0,17.5,1,0.0,0.0,0.0,0.0,0.0,3,1014.9,997.2,100,17500.0,9.1,26.3,dallas,2026-03-01T03:26:57.022323
2026-03-01T10:00,16.8,89,15.0,17.3,1,0.0,0.0,0.0,0.0,0.0,3,1015.4,997.6,100,15200.0,8.4,24.1,dallas,2026-03-01T03:26:57.022323
2026-03-01T11:00,17.1,88,15.1,16.9,1,0.0,0.0,0.0,0.0,0.0,3,1015.7,998.0,100,13700.0,12.8,29.5,dallas,2026-03-01T03:26:57.022323
2026-03-01T12:00,17.0,89,15.2,17.3,1,0.0,0.0,0.0,0.0,0.0,3,1016.7,998.9,100,13400.0,10.5,31.7,dallas,2026-03-01T03:26:57.022323
2026-03-01T13:00,17.1,89,15.3,17.5,1,0.0,0.0,0.0,0.0,0.0,3,1017.6,999.8,100,13800.0,9.5,31.7,dallas,2026-03-01T03:26:57.022323
2026-03-01T14:00,17.5,87,15.3,17.0,1,0.0,0.0,0.0,0.0,0.0,3,1018.4,1000.6,100,14600.0,15.5,35.6,dallas,2026-03-01T03:26:57.022323
2026-03-01T15:00,17.9,85,15.3,17.0,1,0.0,0.0,0.0,0.0,0.0,3,1018.6,1000.9,100,14400.0,18.4,34.2,dallas,2026-03-01T03:26:57.022323
2026-03-01T16:00,19.0,83,16.0,18.2,1,0.0,0.0,0.0,0.0,0.0,3,1018.4,1000.7,100,17000.0,19.5,31.0,dallas,2026-03-01T03:26:57.022323
2026-03-01T17:00,20.3,73,15.3,19.2,1,0.0,0.0,0.0,0.0,0.0,3,1018.2,1000.6,100,20700.0,20.5,33.5,dallas,2026-03-01T03:26:57.022323
2026-03-01T18:00,21.5,68,15.4,20.4,1,0.0,0.0,0.0,0.0,0.0,1,1017.9,1000.4,48,21475.0,20.2,30.8,dallas,2026-03-01T03:26:57.022323
2026-03-01T19:00,23.3,61,15.4,23.0,1,0.0,0.0,0.0,0.0,0.0,1,1017.3,999.9,28,25950.0,20.6,30.2,dallas,2026-03-01T03:26:57.022323
2026-03-01T20:00,24.0,60,15.8,24.0,1,0.0,0.0,0.0,0.0,0.0,0,1016.2,998.9,17,27750.0,19.8,30.5,dallas,2026-03-01T03:26:57.022323
2026-03-01T21:00,25.3,53,15.1,24.4,1,0.0,0.0,0.0,0.0,0.0,0,1015.6,998.3,18,33000.0,20.9,31.3,dallas,2026-03-01T03:26:57.022323
2026-03-01T22:00,25.7,50,14.5,24.0,1,0.0,0.0,0.0,0.0,0.0,0,1015.1,997.9,5,35700.0,22.0,33.8,dallas,2026-03-01T03:26:57.022323
2026-03-01T23:00,25.5,49,14.0,23.6,1,0.0,0.0,0.0,0.0,0.0,0,1014.6,997.4,5,37800.0,22.4,37.4,dallas,2026-03-01T03:26:57.022323
2026-03-01T00:00,17.7,13,-11.1,11.9,0,0.0,0.0,0.0,0.0,0.0,3,1009.7,838.8,88,90000.0,17.3,26.3,denver,2026-03-01T03:26:59.511751
2026-03-01T01:00,15.0,14,-12.3,9.3,0,0.0,0.0,0.0,0.0,0.0,3,1009.8,837.4,99,90000.0,15.6,35.3,denver,2026-03-01T03:26:59.511751
2026-03-01T02:00,13.4,14,-13.6,8.0,0,0.0,0.0,0.0,0.0,0.0,3,1010.2,836.9,100,90000.0,13.3,32.4,denver,2026-03-01T03:26:59.511751
2026-03-01T03:00,11.6,15,-14.2,6.7,1,0.0,0.0,0.0,0.0,0.0,3,1010.5,836.2,100,90000.0,9.4,14.0,denver,2026-03-01T03:26:59.511751
2026-03-01T04:00,10.7,17,-13.4,6.3,1,0.0,0.0,0.0,0.0,0.0,3,1011.1,836.2,100,89200.0,6.9,7.2,denver,2026-03-01T03:26:59.511751
2026-03-01T05:00,9.7,17,-14.2,4.5,2,0.0,0.0,0.0,0.0,0.0,3,1010.9,835.5,100,87200.0,11.3,10.4,denver,2026-03-01T03:26:59.511751
2026-03-01T06:00,8.4,18,-14.6,4.1,2,0.0,0.0,0.0,0.0,0.0,3,1011.1,834.9,100,79400.0,4.8,14.4,denver,2026-03-01T03:26:59.511751
2026-03-01T07:00,8.6,20,-13.1,3.4,3,0.0,0.0,0.0,0.0,0.0,3,1011.0,834.9,100,78800.0,11.7,18.7,denver,2026-03-01T03:26:59.511751
2026-03-01T08:00,8.4,20,-13.3,4.4,3,0.0,0.0,0.0,0.0,0.0,3,1011.5,835.2,100,79600.0,3.8,14.4,denver,2026-03-01T03:26:59.511751
2026-03-01T09:00,7.2,27,-10.6,3.0,3,0.0,0.0,0.0,0.0,0.0,3,1012.1,835.1,100,66200.0,6.5,21.2,denver,2026-03-01T03:26:59.511751
2026-03-01T10:00,5.9,29,-10.8,1.8,2,0.0,0.0,0.0,0.0,0.0,3,1012.3,834.5,100,59200.0,5.4,13.3,denver,2026-03-01T03:26:59.511751
2026-03-01T11:00,5.7,30,-10.6,1.3,2,0.0,0.0,0.0,0.0,0.0,3,1012.2,834.3,100,60300.0,7.9,8.3,denver,2026-03-01T03:26:59.511751
2026-03-01T12:00,5.0,31,-10.7,0.7,1,0.0,0.0,0.0,0.0,0.0,3,1012.2,833.9,100,60700.0,7.1,6.5,denver,2026-03-01T03:26:59.511751
2026-03-01T13:00,4.0,33,-10.8,-0.4,1,0.0,0.0,0.0,0.0,0.0,3,1013.0,834.0,100,56200.0,7.6,8.3,denver,2026-03-01T03:26:59.511751
2026-03-01T14:00,3.6,41,-8.4,-1.0,1,0.0,0.0,0.0,0.0,0.0,3,1014.0,834.6,100,49000.0,10.7,10.4,denver,2026-03-01T03:26:59.511751
2026-03-01T15:00,5.6,40,-6.9,2.0,1,0.0,0.0,0.0,0.0,0.0,3,1014.8,836.4,100,49400.0,4.3,8.6,denver,2026-03-01T03:26:59.511751
2026-03-01T16:00,8.3,36,-5.9,5.2,0,0.0,0.0,0.0,0.0,0.0,3,1014.7,837.9,100,56900.0,1.8,9.4,denver,2026-03-01T03:26:59.511751
2026-03-01T17:00,12.0,28,-5.9,8.4,0,0.0,0.0,0.0,0.0,0.0,3,1014.2,839.5,98,65200.0,5.4,7.2,denver,2026-03-01T03:26:59.511751
2026-03-01T18:00,14.6,25,-5.2,11.4,0,0.0,0.0,0.0,0.0,0.0,3,1014.0,840.7,100,68925.0,6.4,6.9,denver,2026-03-01T03:26:59.511751
2026-03-01T19:00,16.4,24,-4.3,13.6,1,0.0,0.0,0.0,0.0,0.0,3,1013.7,841.4,100,69000.0,6.9,15.1,denver,2026-03-01T03:26:59.511751
2026-03-01T20:00,17.7,23,-3.7,15.2,1,0.0,0.0,0.0,0.0,0.0,3,1012.1,840.8,100,71150.0,6.5,21.0,denver,2026-03-01T03:26:59.511751
2026-03-01T21:00,17.8,23,-3.6,14.5,2,0.0,0.0,0.0,0.0,0.0,3,1011.4,840.3,100,73000.0,4.7,17.3,denver,2026-03-01T03:26:59.511751
2026-03-01T22:00,17.8,23,-3.6,15.0,1,0.0,0.0,0.0,0.0,0.0,3,1010.8,839.8,100,73600.0,1.3,8.6,denver,2026-03-01T03:26:59.511751
2026-03-01T23:00,18.0,22,-4.0,15.1,1,0.0,0.0,0.0,0.0,0.0,3,1010.5,839.6,100,74400.0,1.8,14.0,denver,2026-03-01T03:26:59.511751
2026-03-01T00:00,20.7,76,16.3,20.9,0,0.0,0.0,0.0,0.0,0.0,0,1015.4,1013.2,0,20700.0,12.9,24.5,houston,2026-03-01T03:27:01.972483
2026-03-01T01:00,19.2,83,16.2,20.1,0,0.0,0.0,0.0,0.0,0.0,0,1015.6,1013.3,0,17500.0,8.7,25.9,houston,2026-03-01T03:27:01.972483
2026-03-01T02:00,17.5,76,13.2,17.2,0,0.0,0.0,0.0,0.0,0.0,0,1016.3,1014.0,0,14800.0,9.4,27.7,houston,2026-03-01T03:27:01.972483
2026-03-01T03:00,17.0,84,14.3,17.4,0,0.0,0.0,0.0,0.0,0.0,0,1016.9,1014.6,6,16200.0,6.6,26.6,houston,2026-03-01T03:27:01.972483
2026-03-01T04:00,16.7,93,15.6,17.8,0,0.0,0.0,0.0,0.0,0.0,0,1016.3,1014.0,19,13700.0,5.6,27.7,houston,2026-03-01T03:27:01.972483
2026-03-01T05:00,16.6,95,15.8,17.5,0,0.0,0.0,0.0,0.0,0.0,2,1016.7,1014.4,70,12600.0,7.0,22.3,houston,2026-03-01T03:27:01.972483
2026-03-01T06:00,17.0,97,16.5,18.2,0,0.0,0.0,0.0,0.0,0.0,1,1016.4,1014.1,47,12200.0,7.1,31.0,houston,2026-03-01T03:27:01.972483
2026-03-01T07:00,17.2,99,17.0,18.4,0,0.0,0.0,0.0,0.0,0.0,45,1016.5,1014.2,100,500.0,8.6,26.3,houston,2026-03-01T03:27:01.972483
2026-03-01T08:00,17.0,100,17.0,18.2,0,0.0,0.0,0.0,0.0,0.0,3,1016.9,1014.6,100,12200.0,9.0,23.4,houston,2026-03-01T03:27:01.972483
2026-03-01T09:00,16.9,97,16.4,18.1,0,0.0,0.0,0.0,0.0,0.0,3,1017.1,1014.8,100,1900.0,7.5,24.8,houston,2026-03-01T03:27:01.972483
2026-03-01T10:00,16.9,97,16.4,18.1,0,0.0,0.0,0.0,0.0,0.0,45,1017.4,1015.1,83,300.0,6.9,24.5,houston,2026-03-01T03:27:01.972483
2026-03-01T11:00,16.5,98,16.2,17.5,0,0.0,0.0,0.0,0.0,0.0,45,1017.6,1015.3,100,200.0,8.1,23.8,houston,2026-03-01T03:27:01.972483
2026-03-01T12:00,16.5,97,16.0,17.4,0,0.0,0.0,0.0,0.0,0.0,45,1018.4,1016.1,100,200.0,7.7,22.7,houston,2026-03-01T03:27:01.972483
2026-03-01T13:00,16.5,96,15.8,17.2,0,0.0,0.0,0.0,0.0,0.0,45,1019.3,1017.0,100,400.0,8.7,24.1,houston,2026-03-01T03:27:01.972483
2026-03-01T14:00,17.1,94,16.1,18.0,0,0.0,0.0,0.0,0.0,0.0,3,1020.1,1017.8,88,12200.0,8.2,25.2,houston,2026-03-01T03:27:01.972483
2026-03-01T15:00,18.6,89,16.7,19.7,0,0.0,0.0,0.0,0.0,0.0,2,1020.7,1018.4,73,14600.0,8.4,25.6,houston,2026-03-01T03:27:01.972483
2026-03-01T16:00,20.6,79,16.8,21.9,0,0.0,0.0,0.0,0.0,0.0,1,1020.8,1018.5,23,20200.0,7.7,23.8,houston,2026-03-01T03:27:01.972483
2026-03-01T17:00,22.7,61,14.8,23.6,0,0.0,0.0,0.0,0.0,0.0,0,1020.9,1018.7,3,30000.0,9.9,23.8,houston,2026-03-01T03:27:01.972483
2026-03-01T18:00,24.2,52,13.7,24.7,0,0.0,0.0,0.0,0.0,0.0,0,1020.4,1018.2,9,39075.0,14.2,24.2,houston,2026-03-01T03:27:01.972483
2026-03-01T19:00,25.5,44,12.4,25.3,0,0.0,0.0,0.0,0.0,0.0,0,1019.6,1017.4,0,47650.0,17.2,26.1,houston,2026-03-01T03:27:01.972483
2026-03-01T20:00,26.2,36,9.9,24.9,0,0.0,0.0,0.0,0.0,0.0,0,1018.6,1016.4,4,55400.0,18.0,27.5,houston,2026-03-01T03:27:01.972483
2026-03-01T21:00,26.1,36,9.9,24.2,0,0.0,0.0,0.0,0.0,0.0,0,1018.2,1016.0,0,54900.0,18.4,28.4,houston,2026-03-01T03:27:01.972483
2026-03-01T22:00,25.2,39,10.2,22.6,0,0.0,0.0,0.0,0.0,0.0,0,1018.3,1016.1,0,50600.0,18.1,29.2,houston,2026-03-01T03:27:01.972483
2026-03-01T23:00,23.5,48,11.9,21.7,0,0.0,0.0,0.0,0.0,0.0,0,1018.5,1016.3,0,40800.0,16.1,29.2,houston,2026-03-01T03:27:01.972483
2026-03-01T00:00,24.6,51,13.8,24.1,0,0.0,0.0,0.0,0.0,0.0,0,1011.2,971.1,0,38200.0,12.2,14.8,los_angeles,2026-03-01T03:27:04.451045
2026-03-01T01:00,23.9,46,11.6,23.0,0,0.0,0.0,0.0,0.0,0.0,0,1011.2,971.0,0,42700.0,10.0,14.4,los_angeles,2026-03-01T03:27:04.451045
2026-03-01T02:00,20.2,65,13.4,20.3,0,0.0,0.0,0.0,0.0,0.0,0,1011.5,970.8,0,24400.0,6.8,14.8,los_angeles,2026-03-01T03:27:04.451045
2026-03-01T03:00,20.0,61,12.3,20.1,0,0.0,0.0,0.0,0.0,0.0,0,1011.9,971.2,0,29800.0,4.7,11.9,los_angeles,2026-03-01T03:27:04.451045
2026-03-01T04:00,20.3,46,8.3,19.3,0,0.0,0.0,0.0,0.0,0.0,0,1012.7,972.0,0,46300.0,3.9,7.2,los_angeles,2026-03-01T03:27:04.451045
2026-03-01T05:00,19.5,46,7.6,18.4,0,0.0,0.0,0.0,0.0,0.0,0,1012.4,971.6,0,43200.0,3.0,4.3,los_angeles,2026-03-01T03:27:04.451045
2026-03-01T06:00,18.8,51,8.5,18.0,0,0.0,0.0,0.0,0.0,0.0,0,1011.9,971.0,0,41500.0,2.8,4.3,los_angeles,2026-03-01T03:27:04.451045
2026-03-01T07:00,18.0,54,8.5,17.3,0,0.0,0.0,0.0,0.0,0.0,0,1012.1,971.1,0,35600.0,2.1,2.2,los_angeles,2026-03-01T03:27:04.451045
2026-03-01T08:00,17.5,58,9.1,17.1,0,0.0,0.0,0.0,0.0,0.0,0,1012.5,971.4,1,33500.0,1.5,2.2,los_angeles,2026-03-01T03:27:04.451045
2026-03-01T09:00,16.0,71,10.8,15.3,0,0.0,0.0,0.0,0.0,0.0,0,1012.5,971.2,0,22700.0,7.1,8.3,los_angeles,2026-03-01T03:27:04.451045
2026-03-01T10:00,15.7,69,10.1,14.3,0,0.0,0.0,0.0,0.0,0.0,0,1012.9,971.5,0,21300.0,10.0,13.3,los_angeles,2026-03-01T03:27:04.451045
2026-03-01T11:00,16.2,61,8.7,14.5,0,0.0,0.0,0.0,0.0,0.0,0,1013.4,972.1,0,27800.0,9.9,14.8,los_angeles,2026-03-01T03:27:04.451045
2026-03-01T12:00,16.3,58,8.0,14.3,0,0.0,0.0,0.0,0.0,0.0,0,1013.6,972.3,0,32800.0,10.1,14.4,los_angeles,2026-03-01T03:27:04.451045
2026-03-01T13:00,15.7,59,7.7,13.5,0,0.0,0.0,0.0,0.0,0.0,0,1013.8,972.4,0,33600.0,10.8,11.2,los_angeles,2026-03-01T03:27:04.451045
2026-03-01T14:00,15.5,58,7.3,13.6,0,0.0,0.0,0.0,0.0,0.0,0,1013.9,972.5,0,31100.0,8.7,10.1,los_angeles,2026-03-01T03:27:04.451045
2026-03-01T15:00,15.8,60,8.0,14.1,0,0.0,0.0,0.0,0.0,0.0,0,1014.4,973.0,0,30800.0,8.4,10.1,los_angeles,2026-03-01T03:27:04.451045
2026-03-01T16:00,18.4,57,9.7,17.4,0,0.0,0.0,0.0,0.0,0.0,0,1014.5,973.4,0,33100.0,6.2,8.6,los_angeles,2026-03-01T03:27:04.451045
2026-03-01T17:00,21.1,58,12.5,21.2,0,0.0,0.0,0.0,0.0,0.0,0,1014.6,973.9,0,34300.0,4.3,11.5,los_angeles,2026-03-01T03:27:04.451045
2026-03-01T18:00,22.5,50,11.6,22.1,0,0.0,0.0,0.0,0.0,0.0,0,1014.7,974.2,0,40750.0,7.2,11.3,los_angeles,2026-03-01T03:27:04.451045
2026-03-01T19:00,23.8,44,10.8,23.7,0,0.0,0.0,0.0,0.0,0.0,0,1014.8,974.5,0,46450.0,8.6,11.2,los_angeles,2026-03-01T03:27:04.451045
2026-03-01T20:00,25.1,41,10.9,25.5,0,0.0,0.0,0.0,0.0,0.0,0,1014.3,974.1,10,48175.0,8.7,9.7,los_angeles,2026-03-01T03:27:04.451045
2026-03-01T21:00,25.2,47,13.1,25.9,0,0.0,0.0,0.0,0.0,0.0,3,1014.2,974.1,93,41500.0,10.5,10.8,los_angeles,2026-03-01T03:27:04.451045
2026-03-01T22:00,24.5,46,12.2,24.5,0,0.0,0.0,0.0,0.0,0.0,3,1013.9,973.7,100,41900.0,10.8,11.5,los_angeles,2026-03-01T03:27:04.451045
2026-03-01T23:00,23.6,51,12.9,22.9,0,0.0,0.0,0.0,0.0,0.0,1,1013.3,973.0,22,36800.0,13.0,15.8,los_angeles,2026-03-01T03:27:04.451045
2026-03-01T00:00,22.6,83,19.6,25.6,3,0.0,0.0,0.0,0.0,0.0,2,1015.0,1014.5,60,16100.0,4.6,6.1,miami,2026-03-01T03:28:22.283451
2026-03-01T01:00,22.4,85,19.8,25.9,1,0.0,0.0,0.0,0.0,0.0,3,1015.5,1015.0,92,15600.0,2.2,4.7,miami,2026-03-01T03:28:22.283451
2026-03-01T02:00,22.3,86,19.9,25.0,1,0.0,0.0,0.0,0.0,0.0,2,1016.2,1015.7,78,15300.0,7.8,8.6,miami,2026-03-01T03:28:22.283451
2026-03-01T03:00,22.4,91,20.9,25.1,0,0.0,0.0,0.0,0.0,0.0,3,1016.4,1015.9,100,14500.0,11.0,22.0,miami,2026-03-01T03:28:22.283451
2026-03-01T04:00,21.9,92,20.6,24.2,0,0.0,0.0,0.0,0.0,0.0,2,1015.2,1014.7,65,14800.0,12.7,26.6,miami,2026-03-01T03:28:22.283451
2026-03-01T05:00,21.6,92,20.2,24.3,0,0.0,0.0,0.0,0.0,0.0,0,1015.4,1014.9,15,13000.0,8.8,20.9,miami,2026-03-01T03:28:22.283451
2026-03-01T06:00,21.5,93,20.3,24.3,1,0.0,0.0,0.0,0.0,0.0,0,1015.2,1014.7,3,13200.0,8.2,18.0,miami,2026-03-01T03:28:22.283451
2026-03-01T07:00,21.2,92,19.8,23.8,0,0.0,0.0,0.0,0.0,0.0,0,1015.0,1014.5,12,13400.0,7.7,15.5,miami,2026-03-01T03:28:22.283451
2026-03-01T08:00,21.3,90,19.6,23.7,0,0.0,0.0,0.0,0.0,0.0,0,1015.0,1014.5,11,13400.0,8.7,16.2,miami,2026-03-01T03:28:22.283451
2026-03-01T09:00,21.0,90,19.3,23.3,1,0.0,0.0,0.0,0.0,0.0,0,1015.5,1015.0,8,13500.0,7.9,13.7,miami,2026-03-01T03:28:22.283451
2026-03-01T10:00,20.8,89,18.9,23.2,1,0.0,0.0,0.0,0.0,0.0,0,1015.9,1015.4,5,13700.0,6.2,10.8,miami,2026-03-01T03:28:22.283451
2026-03-01T11:00,20.5,90,18.8,23.0,1,0.0,0.0,0.0,0.0,0.0,1,1016.6,1016.1,25,13700.0,5.6,8.6,miami,2026-03-01T03:28:22.283451
2026-03-01T12:00,20.2,93,19.1,23.3,2,0.0,0.0,0.0,0.0,0.0,1,1017.3,1016.8,21,12900.0,2.3,6.1,miami,2026-03-01T03:28:22.283451
2026-03-01T13:00,21.7,100,21.7,26.1,3,0.0,0.0,0.0,0.0,0.0,0,1018.0,1017.5,5,12200.0,1.9,7.2,miami,2026-03-01T03:28:22.283451
2026-03-01T14:00,24.0,91,22.5,28.8,5,0.0,0.0,0.0,0.0,0.0,0,1018.0,1017.5,17,15000.0,2.8,4.7,miami,2026-03-01T03:28:22.283451
2026-03-01T15:00,24.9,84,22.0,29.2,5,0.0,0.0,0.0,0.0,0.0,2,1018.3,1017.8,52,18100.0,4.7,5.8,miami,2026-03-01T03:28:22.283451
2026-03-01T16:00,25.8,81,22.3,29.7,9,0.0,0.0,0.0,0.0,0.0,3,1018.3,1017.8,100,19300.0,8.0,9.0,miami,2026-03-01T03:28:22.283451
2026-03-01T17:00,25.6,75,20.9,28.1,11,0.0,0.0,0.0,0.0,0.0,2,1017.9,1017.4,64,19500.0,12.6,15.8,miami,2026-03-01T03:28:22.283451
2026-03-01T18:00,24.4,74,19.4,25.8,13,2.03,2.03,0.0,0.0,0.0,80,1017.5,1017.0,100,7150.0,14.7,20.2,miami,2026-03-01T03:28:22.283451
2026-03-01T19:00,24.8,75,20.1,26.1,16,0.75,0.75,0.0,0.0,0.0,53,1016.6,1016.1,90,16750.0,17.7,27.7,miami,2026-03-01T03:28:22.283451
2026-03-01T20:00,23.3,88,21.2,25.7,19,5.4,5.4,0.0,0.0,0.0,81,1017.8,1017.3,100,6325.0,14.9,24.0,miami,2026-03-01T03:28:22.283451
2026-03-01T21:00,22.9,88,20.8,25.4,20,0.0,0.0,0.0,0.0,0.0,2,1017.8,1017.3,79,15300.0,12.6,20.5,miami,2026-03-01T03:28:22.283451
2026-03-01T22:00,23.0,82,19.8,25.1,17,0.0,0.0,0.0,0.0,0.0,0,1017.6,1017.1,16,17900.0,11.4,20.5,miami,2026-03-01T03:28:22.283451
2026-03-01T23:00,22.1,89,20.2,24.6,17,0.0,0.0,0.0,0.0,0.0,2,1018.1,1017.6,51,14300.0,10.0,20.2,miami,2026-03-01T03:28:22.283451
2026-03-01T00:00,-6.7,39,-18.3,-11.6,0,0.0,0.0,0.0,0.0,0.0,3,1030.1,996.1,80,50100.0,8.0,11.2,minneapolis,2026-03-01T03:29:40.080449
2026-03-01T01:00,-6.9,42,-17.7,-11.8,0,0.0,0.0,0.0,0.0,0.0,3,1031.0,996.9,94,47100.0,8.3,15.8,minneapolis,2026-03-01T03:29:40.080449
2026-03-01T02:00,-7.5,40,-18.8,-12.8,0,0.0,0.0,0.0,0.0,0.0,2,1032.3,998.1,52,51100.0,10.6,20.5,minneapolis,2026-03-01T03:29:40.080449
2026-03-01T03:00,-8.6,39,-20.1,-13.5,0,0.0,0.0,0.0,0.0,0.0,2,1031.2,996.9,54,50300.0,7.7,22.0,minneapolis,2026-03-01T03:29:40.080449
2026-03-01T04:00,-9.3,43,-19.6,-14.6,0,0.0,0.0,0.0,0.0,0.0,1,1032.0,997.6,31,42600.0,10.1,24.1,minneapolis,2026-03-01T03:29:40.080449
2026-03-01T05:00,-10.0,41,-20.8,-14.7,0,0.0,0.0,0.0,0.0,0.0,1,1031.8,997.3,26,40400.0,5.8,20.9,minneapolis,2026-03-01T03:29:40.080449
2026-03-01T06:00,-10.6,43,-20.8,-15.1,0,0.0,0.0,0.0,0.0,0.0,0,1032.6,998.0,11,40800.0,4.7,18.7,minneapolis,2026-03-01T03:29:40.080449
2026-03-01T07:00,-11.1,43,-21.2,-15.6,0,0.0,0.0,0.0,0.0,0.0,1,1032.5,997.8,20,40700.0,4.9,13.3,minneapolis,2026-03-01T03:29:40.080449
2026-03-01T08:00,-11.6,43,-21.7,-16.2,0,0.0,0.0,0.0,0.0,0.0,0,1033.4,998.6,19,39500.0,5.2,10.1,minneapolis,2026-03-01T03:29:40.080449
2026-03-01T09:00,-11.6,43,-21.7,-16.3,0,0.0,0.0,0.0,0.0,0.0,3,1034.0,999.2,100,39100.0,5.4,11.2,minneapolis,2026-03-01T03:29:40.080449
2026-03-01T10:00,-11.2,42,-21.6,-15.9,0,0.0,0.0,0.0,0.0,0.0,3,1034.2,999.4,100,43000.0,5.8,14.0,minneapolis,2026-03-01T03:29:40.080449
2026-03-01T11:00,-11.4,36,-23.5,-16.0,0,0.0,0.0,0.0,0.0,0.0,3,1034.7,999.9,100,46000.0,4.4,12.6,minneapolis,2026-03-01T03:29:40.080449
2026-03-01T12:00,-11.1,33,-24.2,-15.9,0,0.0,0.0,0.0,0.0,0.0,3,1034.7,999.9,100,49100.0,5.4,13.0,minneapolis,2026-03-01T03:29:40.080449
2026-03-01T13:00,-11.4,38,-22.9,-16.1,0,0.0,0.0,0.0,0.0,0.0,3,1035.2,1000.4,89,47900.0,5.0,16.9,minneapolis,2026-03-01T03:29:40.080449
2026-03-01T14:00,-10.7,35,-23.2,-15.7,0,0.0,0.0,0.0,0.0,0.0,0,1035.4,1000.7,16,50000.0,7.1,14.4,minneapolis,2026-03-01T03:29:40.080449
2026-03-01T15:00,-9.0,32,-22.7,-13.9,0,0.0,0.0,0.0,0.0,0.0,0,1035.4,1000.9,11,59400.0,6.8,9.4,minneapolis,2026-03-01T03:29:40.080449
2026-03-01T16:00,-7.4,28,-22.8,-11.9,0,0.0,0.0,0.0,0.0,0.0,1,1035.2,1000.9,22,69100.0,4.2,6.5,minneapolis,2026-03-01T03:29:40.080449
2026-03-01T17:00,-6.1,25,-22.9,-10.6,0,0.0,0.0,0.0,0.0,0.0,1,1035.1,1001.0,24,80400.0,4.1,4.7,minneapolis,2026-03-01T03:29:40.080449
2026-03-01T18:00,-5.1,23,-23.0,-8.9,0,0.0,0.0,0.0,0.0,0.0,1,1035.0,1001.0,25,80975.0,2.8,3.5,minneapolis,2026-03-01T03:29:40.080449
2026-03-01T19:00,-4.2,22,-22.8,-7.9,0,0.0,0.0,0.0,0.0,0.0,0,1034.4,1000.5,10,78600.0,3.4,4.7,minneapolis,2026-03-01T03:29:40.080449
2026-03-01T20:00,-3.5,21,-22.8,-7.6,0,0.0,0.0,0.0,0.0,0.0,0,1033.5,999.7,8,77350.0,4.5,7.4,minneapolis,2026-03-01T03:29:40.080449
2026-03-01T21:00,-3.2,23,-21.4,-8.1,0,0.0,0.0,0.0,0.0,0.0,0,1032.9,999.2,3,74300.0,7.2,10.8,minneapolis,2026-03-01T03:29:40.080449
2026-03-01T22:00,-2.7,25,-20.1,-7.7,0,0.0,0.0,0.0,0.0,0.0,0,1031.7,998.1,0,70900.0,7.8,12.6,minneapolis,2026-03-01T03:29:40.080449
2026-03-01T23:00,-2.9,27,-19.3,-7.7,0,0.0,0.0,0.0,0.0,0.0,0,1031.1,997.5,1,67300.0,7.6,13.0,minneapolis,2026-03-01T03:29:40.080449
2026-03-01T00:00,18.9,63,11.7,17.8,0,0.0,0.0,0.0,0.0,0.0,0,1017.0,1016.8,0,28700.0,11.5,15.1,new_orleans,2026-03-01T03:29:42.540380
2026-03-01T01:00,17.5,71,12.1,17.2,0,0.0,0.0,0.0,0.0,0.0,0,1017.5,1017.3,0,23100.0,6.4,15.8,new_orleans,2026-03-01T03:29:42.540380
2026-03-01T02:00,16.4,85,13.9,16.5,0,0.0,0.0,0.0,0.0,0.0,0,1017.9,1017.7,0,19200.0,8.0,17.6,new_orleans,2026-03-01T03:29:42.540380
2026-03-01T03:00,15.5,83,12.6,15.4,0,0.0,0.0,0.0,0.0,0.0,0,1018.7,1018.5,0,18300.0,6.1,13.7,new_orleans,2026-03-01T03:29:42.540380
2026-03-01T04:00,14.7,84,12.0,14.2,0,0.0,0.0,0.0,0.0,0.0,0,1018.5,1018.3,0,16800.0,7.6,11.5,new_orleans,2026-03-01T03:29:42.540380
2026-03-01T05:00,14.1,81,10.9,13.2,0,0.0,0.0,0.0,0.0,0.0,0,1019.0,1018.8,3,16900.0,7.8,11.5,new_orleans,2026-03-01T03:29:42.540380
2026-03-01T06:00,13.8,79,10.2,12.6,0,0.0,0.0,0.0,0.0,0.0,0,1018.4,1018.2,3,16800.0,8.2,10.8,new_orleans,2026-03-01T03:29:42.540380
2026-03-01T07:00,13.3,83,10.5,12.2,0,0.0,0.0,0.0,0.0,0.0,0,1018.2,1018.0,7,15800.0,8.4,12.6,new_orleans,2026-03-01T03:29:42.540380
2026-03-01T08:00,12.6,84,10.0,11.5,0,0.0,0.0,0.0,0.0,0.0,0,1018.4,1018.2,12,14600.0,7.8,10.8,new_orleans,2026-03-01T03:29:42.540380
2026-03-01T09:00,12.1,86,9.8,10.9,0,0.0,0.0,0.0,0.0,0.0,0,1018.9,1018.7,16,13700.0,7.3,11.9,new_orleans,2026-03-01T03:29:42.540380
2026-03-01T10:00,11.4,89,9.7,10.2,0,0.0,0.0,0.0,0.0,0.0,1,1019.0,1018.8,46,12200.0,7.4,11.5,new_orleans,2026-03-01T03:29:42.540380
2026-03-01T11:00,11.0,88,9.1,9.7,0,0.0,0.0,0.0,0.0,0.0,1,1019.1,1018.9,36,12300.0,7.3,13.3,new_orleans,2026-03-01T03:29:42.540380
2026-03-01T12:00,10.9,85,8.5,9.6,0,0.0,0.0,0.0,0.0,0.0,1,1020.3,1020.1,23,12200.0,6.5,15.1,new_orleans,2026-03-01T03:29:42.540380
2026-03-01T13:00,11.2,87,9.1,9.9,0,0.0,0.0,0.0,0.0,0.0,1,1021.2,1021.0,33,12200.0,7.6,13.7,new_orleans,2026-03-01T03:29:42.540380
2026-03-01T14:00,15.0,88,13.0,14.9,0,0.0,0.0,0.0,0.0,0.0,0,1021.8,1021.6,4,13500.0,7.1,15.8,new_orleans,2026-03-01T03:29:42.540380
2026-03-01T15:00,17.7,81,14.4,18.1,0,0.0,0.0,0.0,0.0,0.0,0,1022.3,1022.1,1,16900.0,7.0,14.0,new_orleans,2026-03-01T03:29:42.540380
2026-03-01T16:00,19.6,73,14.6,19.8,0,0.0,0.0,0.0,0.0,0.0,3,1022.3,1022.1,100,21800.0,10.9,18.0,new_orleans,2026-03-01T03:29:42.540380
2026-03-01T17:00,20.5,70,14.8,21.1,0,0.0,0.0,0.0,0.0,0.0,3,1022.3,1022.1,100,23500.0,14.0,19.4,new_orleans,2026-03-01T03:29:42.540380
2026-03-01T18:00,21.3,67,14.9,22.2,0,0.0,0.0,0.0,0.0,0.0,3,1021.9,1021.7,100,26400.0,14.7,19.6,new_orleans,2026-03-01T03:29:42.540380
2026-03-01T19:00,21.9,59,13.5,22.0,0,0.0,0.0,0.0,0.0,0.0,0,1021.4,1021.2,5,31450.0,15.6,20.9,new_orleans,2026-03-01T03:29:42.540380
2026-03-01T20:00,22.3,50,11.4,21.3,0,0.0,0.0,0.0,0.0,0.0,0,1020.7,1020.5,8,38725.0,17.0,22.8,new_orleans,2026-03-01T03:29:42.540380
2026-03-01T21:00,22.4,50,11.5,21.2,0,0.0,0.0,0.0,0.0,0.0,1,1020.5,1020.3,38,40000.0,16.1,21.6,new_orleans,2026-03-01T03:29:42.540380
2026-03-01T22:00,21.8,52,11.5,19.9,0,0.0,0.0,0.0,0.0,0.0,2,1020.4,1020.2,78,37900.0,15.5,22.3,new_orleans,2026-03-01T03:29:42.540380
2026-03-01T23:00,20.2,57,11.4,18.7,0,0.0,0.0,0.0,0.0,0.0,0,1020.9,1020.7,0,33500.0,13.1,23.0,new_orleans,2026-03-01T03:29:42.540380
2026-03-01T00:00,6.1,72,1.4,3.4,0,0.0,0.0,0.0,0.0,0.0,0,1017.1,1014.7,0,23800.0,5.6,8.3,new_york,2026-03-01T03:29:44.999077
2026-03-01T01:00,5.0,84,2.5,2.3,0,0.0,0.0,0.0,0.0,0.0,0,1017.2,1014.8,0,17000.0,6.6,11.5,new_york,2026-03-01T03:29:44.999077
2026-03-01T02:00,4.8,79,1.5,1.7,0,0.0,0.0,0.0,0.0,0.0,0,1017.0,1014.6,0,22400.0,8.2,11.2,new_york,2026-03-01T03:29:44.999077
2026-03-01T03:00,3.6,85,1.3,0.7,0,0.0,0.0,0.0,0.0,0.0,0,1016.3,1013.9,3,13500.0,6.1,12.2,new_york,2026-03-01T03:29:44.999077
2026-03-01T04:00,3.1,85,0.8,-0.0,0,0.0,0.0,0.0,0.0,0.0,0,1016.3,1013.9,2,13300.0,7.4,7.2,new_york,2026-03-01T03:29:44.999077
2026-03-01T05:00,2.6,90,1.1,-0.5,0,0.0,0.0,0.0,0.0,0.0,0,1017.0,1014.6,7,12200.0,7.6,12.2,new_york,2026-03-01T03:29:44.999077
2026-03-01T06:00,2.1,89,0.4,-1.0,0,0.0,0.0,0.0,0.0,0.0,0,1016.9,1014.5,14,12200.0,6.8,15.5,new_york,2026-03-01T03:29:44.999077
2026-03-01T07:00,1.7,90,0.2,-1.3,0,0.0,0.0,0.0,0.0,0.0,0,1016.6,1014.2,9,12300.0,6.2,13.7,new_york,2026-03-01T03:29:44.999077
2026-03-01T08:00,1.5,93,0.5,-1.7,1,0.0,0.0,0.0,0.0,0.0,0,1016.5,1014.1,3,12800.0,7.8,14.0,new_york,2026-03-01T03:29:44.999077
2026-03-01T09:00,1.4,81,-1.5,-2.6,1,0.0,0.0,0.0,0.0,0.0,0,1017.6,1015.2,0,16300.0,11.2,23.8,new_york,2026-03-01T03:29:44.999077
2026-03-01T10:00,0.8,80,-2.3,-3.3,1,0.0,0.0,0.0,0.0,0.0,0,1017.7,1015.3,0,18700.0,11.2,23.4,new_york,2026-03-01T03:29:44.999077
2026-03-01T11:00,0.4,80,-2.7,-3.6,2,0.0,0.0,0.0,0.0,0.0,2,1017.9,1015.5,52,17600.0,9.9,22.3,new_york,2026-03-01T03:29:44.999077
2026-03-01T12:00,0.3,81,-2.6,-3.9,4,0.0,0.0,0.0,0.0,0.0,3,1018.5,1016.1,100,18400.0,12.1,22.7,new_york,2026-03-01T03:29:44.999077
2026-03-01T13:00,1.7,75,-2.3,-3.1,9,0.0,0.0,0.0,0.0,0.0,3,1019.5,1017.1,93,21400.0,15.8,43.6,new_york,2026-03-01T03:29:44.999077
2026-03-01T14:00,2.6,71,-2.2,-2.8,29,0.0,0.0,0.0,0.0,0.0,3,1020.3,1017.9,100,25600.0,19.8,41.0,new_york,2026-03-01T03:29:44.999077
2026-03-01T15:00,1.6,90,0.1,-2.7,46,0.0,0.0,0.0,0.0,0.0,3,1021.0,1018.6,100,17400.0,14.8,31.3,new_york,2026-03-01T03:29:44.999077
2026-03-01T16:00,1.2,94,0.3,-3.0,35,0.4,0.3,0.0,0.07,0.0,71,1021.6,1019.2,100,6200.0,14.7,31.3,new_york,2026-03-01T03:29:44.999077
2026-03-01T17:00,1.1,93,0.1,-3.3,23,0.0,0.0,0.0,0.0,0.0,3,1022.2,1019.8,100,14200.0,15.9,32.0,new_york,2026-03-01T03:29:44.999077
2026-03-01T18:00,1.4,86,-0.7,-3.3,18,0.0,0.0,0.0,0.0,0.0,3,1022.7,1020.3,100,16425.0,16.7,30.6,new_york,2026-03-01T03:29:44.999077
2026-03-01T19:00,2.0,81,-1.0,-2.8,8,0.0,0.0,0.0,0.0,0.0,2,1023.3,1020.9,78,19350.0,16.7,28.3,new_york,2026-03-01T03:29:44.999077
2026-03-01T20:00,1.3,77,-2.3,-3.6,3,0.0,0.0,0.0,0.0,0.0,3,1024.3,1021.9,100,21100.0,16.7,28.8,new_york,2026-03-01T03:29:44.999077
2026-03-01T21:00,1.0,77,-2.6,-4.0,1,0.0,0.0,0.0,0.0,0.0,0,1024.7,1022.3,3,20800.0,17.0,29.5,new_york,2026-03-01T03:29:44.999077
2026-03-01T22:00,0.8,75,-3.2,-3.5,0,0.0,0.0,0.0,0.0,0.0,1,1025.7,1023.3,27,22000.0,11.5,23.8,new_york,2026-03-01T03:29:44.999077
2026-03-01T23:00,0.1,81,-2.8,-3.5,0,0.0,0.0,0.0,0.0,0.0,3,1026.9,1024.5,82,18800.0,7.1,22.0,new_york,2026-03-01T03:29:44.999077
2026-03-01T00:00,10.9,37,-3.2,8.3,0,0.0,0.0,0.0,0.0,0.0,0,1016.7,1012.9,0,51800.0,0.4,3.2,philadelphia,2026-03-01T03:29:47.442689
2026-03-01T01:00,8.2,46,-2.7,5.5,0,0.0,0.0,0.0,0.0,0.0,0,1016.9,1013.1,0,41700.0,1.4,3.2,philadelphia,2026-03-01T03:29:47.442689
2026-03-01T02:00,6.4,55,-2.0,3.6,0,0.0,0.0,0.0,0.0,0.0,0,1017.6,1013.8,0,29600.0,2.5,5.8,philadelphia,2026-03-01T03:29:47.442689
2026-03-01T03:00,5.6,65,-0.5,3.1,0,0.0,0.0,0.0,0.0,0.0,0,1016.1,1012.2,0,28100.0,1.8,4.3,philadelphia,2026-03-01T03:29:47.442689
2026-03-01T04:00,4.5,68,-0.9,1.8,0,0.0,0.0,0.0,0.0,0.0,0,1015.6,1011.7,0,21900.0,2.8,5.8,philadelphia,2026-03-01T03:29:47.442689
2026-03-01T05:00,3.9,70,-1.1,1.1,0,0.0,0.0,0.0,0.0,0.0,0,1016.4,1012.5,1,18900.0,3.1,7.2,philadelphia,2026-03-01T03:29:47.442689
2026-03-01T06:00,3.7,76,-0.2,0.6,0,0.0,0.0,0.0,0.0,0.0,0,1016.5,1012.6,0,20800.0,6.4,6.5,philadelphia,2026-03-01T03:29:47.442689
2026-03-01T07:00,3.5,78,0.0,1.2,1,0.0,0.0,0.0,0.0,0.0,0,1016.1,1012.2,0,25200.0,1.5,2.5,philadelphia,2026-03-01T03:29:47.442689
2026-03-01T08:00,2.8,85,0.5,0.4,1,0.0,0.0,0.0,0.0,0.0,0,1015.7,1011.8,0,21100.0,2.3,2.5,philadelphia,2026-03-01T03:29:47.442689
2026-03-01T09:00,2.7,73,-1.7,-1.1,1,0.0,0.0,0.0,0.0,0.0,0,1017.2,1013.3,6,20500.0,9.7,16.6,philadelphia,2026-03-01T03:29:47.442689
2026-03-01T10:00,2.8,77,-0.9,-1.6,1,0.0,0.0,0.0,0.0,0.0,0,1017.5,1013.6,8,18200.0,14.4,26.6,philadelphia,2026-03-01T03:29:47.442689
2026-03-01T11:00,2.5,71,-2.2,-1.9,1,0.0,0.0,0.0,0.0,0.0,1,1017.4,1013.5,36,20300.0,13.5,26.3,philadelphia,2026-03-01T03:29:47.442689
2026-03-01T12:00,2.3,73,-2.1,-2.0,7,0.0,0.0,0.0,0.0,0.0,3,1018.4,1014.5,100,20900.0,12.3,24.8,philadelphia,2026-03-01T03:29:47.442689
2026-03-01T13:00,3.2,61,-3.6,-1.8,10,0.0,0.0,0.0,0.0,0.0,3,1019.5,1015.6,100,28800.0,16.3,35.3,philadelphia,2026-03-01T03:29:47.442689
2026-03-01T14:00,3.4,59,-3.9,-1.6,18,0.0,0.0,0.0,0.0,0.0,3,1020.2,1016.3,100,28400.0,16.0,31.7,philadelphia,2026-03-01T03:29:47.442689
2026-03-01T15:00,3.2,61,-3.6,-1.8,15,0.0,0.0,0.0,0.0,0.0,3,1020.6,1016.7,100,26100.0,16.2,34.2,philadelphia,2026-03-01T03:29:47.442689
2026-03-01T16:00,4.0,69,-1.2,-0.5,13,0.0,0.0,0.0,0.0,0.0,3,1021.5,1017.6,100,24700.0,14.5,27.7,philadelphia,2026-03-01T03:29:47.442689
2026-03-01T17:00,6.2,68,0.7,2.0,15,0.0,0.0,0.0,0.0,0.0,1,1022.3,1018.4,24,28200.0,14.8,23.4,philadelphia,2026-03-01T03:29:47.442689
2026-03-01T18:00,6.9,62,0.1,2.6,12,0.0,0.0,0.0,0.0,0.0,2,1022.5,1018.6,67,28550.0,14.7,22.2,philadelphia,2026-03-01T03:29:47.442689
2026-03-01T19:00,6.9,60,-0.4,2.5,6,0.0,0.0,0.0,0.0,0.0,3,1023.1,1019.2,100,30700.0,15.2,22.5,philadelphia,2026-03-01T03:29:47.442689
2026-03-01T20:00,5.4,51,-3.9,0.1,1,0.0,0.0,0.0,0.0,0.0,3,1024.1,1020.2,93,35875.0,17.8,26.8,philadelphia,2026-03-01T03:29:47.442689
2026-03-01T21:00,4.8,48,-5.3,-0.5,1,0.0,0.0,0.0,0.0,0.0,2,1024.7,1020.8,50,38900.0,16.8,25.2,philadelphia,2026-03-01T03:29:47.442689
2026-03-01T22:00,4.7,45,-6.3,-0.1,0,0.0,0.0,0.0,0.0,0.0,0,1025.5,1021.6,0,42600.0,12.9,24.8,philadelphia,2026-03-01T03:29:47.442689
2026-03-01T23:00,3.3,52,-5.7,-0.8,0,0.0,0.0,0.0,0.0,0.0,0,1026.6,1022.7,0,35900.0,8.5,29.9,philadelphia,2026-03-01T03:29:47.442689
2026-03-01T00:00,11.3,30,-5.6,7.5,1,0.0,0.0,0.0,0.0,0.0,2,1016.7,981.1,76,62500.0,6.7,12.6,pittsburgh,2026-03-01T03:30:25.070083
2026-03-01T01:00,9.4,39,-3.9,6.0,0,0.0,0.0,0.0,0.0,0.0,1,1016.9,981.0,31,50500.0,5.0,14.8,pittsburgh,2026-03-01T03:30:25.070083
2026-03-01T02:00,7.1,50,-2.7,3.6,1,0.0,0.0,0.0,0.0,0.0,0,1017.0,980.8,2,37600.0,6.4,18.0,pittsburgh,2026-03-01T03:30:25.070083
2026-03-01T03:00,5.9,49,-4.0,2.3,1,0.0,0.0,0.0,0.0,0.0,0,1017.3,981.0,8,38700.0,6.1,23.8,pittsburgh,2026-03-01T03:30:25.070083
2026-03-01T04:00,5.3,52,-3.8,1.6,1,0.0,0.0,0.0,0.0,0.0,3,1018.0,981.6,100,35400.0,7.6,24.8,pittsburgh,2026-03-01T03:30:25.070083
2026-03-01T05:00,4.0,57,-3.8,-0.4,2,0.0,0.0,0.0,0.0,0.0,1,1018.6,982.0,38,32100.0,11.6,28.1,pittsburgh,2026-03-01T03:30:25.070083
2026-03-01T06:00,3.2,58,-4.3,-1.3,6,0.0,0.0,0.0,0.0,0.0,3,1019.6,982.9,100,30600.0,12.6,28.1,pittsburgh,2026-03-01T03:30:25.070083
2026-03-01T07:00,2.5,53,-6.1,-2.6,10,0.0,0.0,0.0,0.0,0.0,3,1019.6,982.8,100,34900.0,15.1,30.6,pittsburgh,2026-03-01T03:30:25.070083
2026-03-01T08:00,1.9,53,-6.7,-3.2,15,0.0,0.0,0.0,0.0,0.0,3,1019.3,982.4,100,34100.0,14.8,28.1,pittsburgh,2026-03-01T03:30:25.070083
2026-03-01T09:00,1.6,58,-5.8,-3.2,20,0.0,0.0,0.0,0.0,0.0,3,1019.8,982.8,100,30900.0,13.8,26.6,pittsburgh,2026-03-01T03:30:25.070083
2026-03-01T10:00,1.0,58,-6.3,-4.3,18,0.0,0.0,0.0,0.0,0.0,3,1021.5,984.4,100,30400.0,16.3,31.3,pittsburgh,2026-03-01T03:30:25.070083
2026-03-01T11:00,0.3,67,-5.1,-4.7,15,0.0,0.0,0.0,0.0,0.0,3,1022.8,985.5,100,23900.0,14.8,29.2,pittsburgh,2026-03-01T03:30:25.070083
2026-03-01T12:00,-0.0,72,-4.5,-4.9,9,0.0,0.0,0.0,0.0,0.0,3,1023.4,986.1,100,21500.0,14.6,25.9,pittsburgh,2026-03-01T03:30:25.070083
2026-03-01T13:00,-0.3,75,-4.2,-5.4,2,0.0,0.0,0.0,0.0,0.0,3,1023.7,986.3,100,19700.0,16.9,28.8,pittsburgh,2026-03-01T03:30:25.070083
2026-03-01T14:00,-0.1,70,-4.9,-5.5,1,0.0,0.0,0.0,0.0,0.0,3,1025.1,987.7,82,22300.0,18.0,27.0,pittsburgh,2026-03-01T03:30:25.070083
2026-03-01T15:00,-0.4,64,-6.4,-5.8,0,0.0,0.0,0.0,0.0,0.0,3,1026.3,988.8,100,26100.0,17.4,25.9,pittsburgh,2026-03-01T03:30:25.070083
2026-03-01T16:00,0.9,57,-6.7,-4.8,0,0.0,0.0,0.0,0.0,0.0,1,1026.4,989.1,22,30600.0,18.7,25.9,pittsburgh,2026-03-01T03:30:25.070083
2026-03-01T17:00,1.6,50,-7.7,-3.6,0,0.0,0.0,0.0,0.0,0.0,0,1026.5,989.3,16,36600.0,19.4,26.6,pittsburgh,2026-03-01T03:30:25.070083
2026-03-01T18:00,2.0,44,-9.0,-3.2,0,0.0,0.0,0.0,0.0,0.0,0,1027.0,989.8,6,40825.0,19.4,26.1,pittsburgh,2026-03-01T03:30:25.070083
2026-03-01T19:00,2.5,35,-11.5,-2.9,0,0.0,0.0,0.0,0.0,0.0,0,1028.3,991.1,1,51000.0,19.0,26.1,pittsburgh,2026-03-01T03:30:25.070083
2026-03-01T20:00,2.9,28,-13.9,-3.1,0,0.0,0.0,0.0,0.0,0.0,0,1028.6,991.5,0,64300.0,19.2,26.5,pittsburgh,2026-03-01T03:30:25.070083
2026-03-01T21:00,2.3,27,-14.8,-4.2,0,0.0,0.0,0.0,0.0,0.0,0,1028.9,991.7,0,66100.0,19.7,27.4,pittsburgh,2026-03-01T03:30:25.070083
2026-03-01T22:00,0.9,31,-14.3,-5.5,0,0.0,0.0,0.0,0.0,0.0,0,1029.3,991.9,0,59200.0,19.5,28.4,pittsburgh,2026-03-01T03:30:25.070083
2026-03-01T23:00,-0.9,36,-14.1,-6.9,0,0.0,0.0,0.0,0.0,0.0,0,1030.5,992.8,0,53300.0,16.6,27.7,pittsburgh,2026-03-01T03:30:25.070083
2026-03-01T00:00,10.4,63,3.6,8.5,0,0.0,0.0,0.0,0.0,0.0,3,1015.6,1009.5,100,29500.0,2.9,9.7,portland,2026-03-01T03:31:02.694314
2026-03-01T01:00,9.7,63,3.0,7.9,1,0.0,0.0,0.0,0.0,0.0,3,1015.9,1009.8,100,29300.0,0.8,7.9,portland,2026-03-01T03:31:02.694314
2026-03-01T02:00,8.6,65,2.4,6.4,1,0.0,0.0,0.0,0.0,0.0,3,1015.7,1009.6,100,27600.0,3.5,9.0,portland,2026-03-01T03:31:02.694314
2026-03-01T03:00,7.7,66,1.7,4.7,2,0.0,0.0,0.0,0.0,0.0,3,1015.2,1009.0,100,27500.0,8.0,8.3,portland,2026-03-01T03:31:02.694314
2026-03-01T04:00,7.0,73,2.5,4.1,2,0.0,0.0,0.0,0.0,0.0,3,1015.6,1009.4,100,22700.0,8.5,9.0,portland,2026-03-01T03:31:02.694314
2026-03-01T05:00,6.1,79,2.8,3.7,2,0.0,0.0,0.0,0.0,0.0,3,1015.5,1009.3,100,18200.0,5.3,7.2,portland,2026-03-01T03:31:02.694314
2026-03-01T06:00,5.7,80,2.5,3.3,1,0.0,0.0,0.0,0.0,0.0,3,1016.6,1010.4,100,17200.0,5.2,10.4,portland,2026-03-01T03:31:02.694314
2026-03-01T07:00,5.5,78,2.0,2.7,1,0.0,0.0,0.0,0.0,0.0,3,1016.4,1010.2,100,17500.0,7.3,9.7,portland,2026-03-01T03:31:02.694314
2026-03-01T08:00,5.1,79,1.8,2.5,1,0.0,0.0,0.0,0.0,0.0,3,1016.0,1009.8,84,17100.0,5.5,7.6,portland,2026-03-01T03:31:02.694314
2026-03-01T09:00,4.9,79,1.5,2.0,1,0.0,0.0,0.0,0.0,0.0,3,1015.4,1009.2,100,17600.0,7.2,8.6,portland,2026-03-01T03:31:02.694314
2026-03-01T10:00,5.1,75,1.1,1.9,2,0.0,0.0,0.0,0.0,0.0,3,1015.2,1009.0,100,20000.0,9.0,10.8,portland,2026-03-01T03:31:02.694314
2026-03-01T11:00,4.7,78,1.2,1.5,2,0.0,0.0,0.0,0.0,0.0,3,1015.3,1009.1,100,18900.0,8.9,12.6,portland,2026-03-01T03:31:02.694314
2026-03-01T12:00,4.2,82,1.4,1.1,2,0.0,0.0,0.0,0.0,0.0,3,1015.2,1009.0,100,16900.0,8.3,10.1,portland,2026-03-01T03:31:02.694314
2026-03-01T13:00,4.4,83,1.8,1.6,2,0.0,0.0,0.0,0.0,0.0,3,1015.5,1009.3,100,16900.0,6.9,11.2,portland,2026-03-01T03:31:02.694314
2026-03-01T14:00,4.5,79,1.2,1.8,2,0.0,0.0,0.0,0.0,0.0,3,1015.5,1009.3,100,18700.0,5.8,11.5,portland,2026-03-01T03:31:02.694314
2026-03-01T15:00,4.6,80,1.4,1.7,2,0.0,0.0,0.0,0.0,0.0,3,1015.4,1009.2,100,18700.0,6.9,11.5,portland,2026-03-01T03:31:02.694314
2026-03-01T16:00,5.4,83,2.8,2.6,2,0.0,0.0,0.0,0.0,0.0,3,1015.1,1008.9,100,17500.0,8.2,12.2,portland,2026-03-01T03:31:02.694314
2026-03-01T17:00,7.3,82,4.5,4.5,2,0.0,0.0,0.0,0.0,0.0,3,1015.0,1008.8,100,18500.0,10.4,14.8,portland,2026-03-01T03:31:02.694314
2026-03-01T18:00,9.2,79,5.7,6.8,3,0.0,0.0,0.0,0.0,0.0,3,1014.7,1008.6,100,20125.0,9.3,14.0,portland,2026-03-01T03:31:02.694314
2026-03-01T19:00,11.4,77,7.5,9.4,3,0.0,0.0,0.0,0.0,0.0,3,1014.6,1008.5,100,21350.0,8.8,19.8,portland,2026-03-01T03:31:02.694314
2026-03-01T20:00,13.7,70,8.3,12.4,2,0.0,0.0,0.0,0.0,0.0,3,1014.7,1008.7,100,25250.0,6.6,26.6,portland,2026-03-01T03:31:02.694314
2026-03-01T21:00,14.7,68,8.9,13.1,2,0.0,0.0,0.0,0.0,0.0,3,1015.5,1009.5,100,26200.0,10.8,23.8,portland,2026-03-01T03:31:02.694314
2026-03-01T22:00,14.9,70,9.5,13.3,2,0.0,0.0,0.0,0.0,0.0,3,1015.4,1009.4,100,24900.0,10.8,21.6,portland,2026-03-01T03:31:02.694314
2026-03-01T23:00,14.8,70,9.4,13.1,2,0.0,0.0,0.0,0.0,0.0,3,1015.0,1009.0,100,24900.0,10.7,20.9,portland,2026-03-01T03:31:02.694314
2026-03-01T00:00,-9.2,42,-19.8,-13.6,0,0.0,0.0,0.0,0.0,0.0,1,1016.2,720.1,25,24140.0,4.5,7.9,saint_louis,2026-03-01T03:31:40.328138
2026-03-01T01:00,-9.9,45,-19.6,-14.4,0,0.0,0.0,0.0,0.0,0.0,1,1017.6,720.4,7,24140.0,4.7,6.5,saint_louis,2026-03-01T03:31:40.328138
2026-03-01T02:00,-9.0,45,-18.8,-13.5,0,0.0,0.0,0.0,0.0,0.0,2,1019.1,722.2,81,24140.0,4.7,6.8,saint_louis,2026-03-01T03:31:40.328138
2026-03-01T03:00,-5.9,36,-18.6,-10.9,0,0.0,0.0,0.0,0.0,0.0,3,1020.0,725.7,100,24140.0,8.7,13.7,saint_louis,2026-03-01T03:31:40.328138
2026-03-01T04:00,-2.6,24,-20.5,-8.3,0,0.0,0.0,0.0,0.0,0.0,3,1018.8,727.8,100,24140.0,12.3,20.5,saint_louis,2026-03-01T03:31:40.328138
2026-03-01T05:00,0.3,15,-23.4,-5.5,0,0.0,0.0,0.0,0.0,0.0,2,1015.5,727.9,66,24140.0,17.6,25.9,saint_louis,2026-03-01T03:31:40.328138
2026-03-01T06:00,2.1,16,-21.2,-4.9,0,0.0,0.0,0.0,0.0,0.0,0,1013.6,728.1,0,24140.0,28.7,43.6,saint_louis,2026-03-01T03:31:40.328138
2026-03-01T07:00,2.9,18,-19.1,-5.3,0,0.0,0.0,0.0,0.0,0.0,3,1011.7,727.4,100,24140.0,34.2,52.2,saint_louis,2026-03-01T03:31:40.328138
2026-03-01T08:00,3.5,15,-20.8,-7.2,5,0.0,0.0,0.0,0.0,0.0,3,1010.4,727.0,100,24140.0,47.3,78.8,saint_louis,2026-03-01T03:31:40.328138
2026-03-01T09:00,3.1,15,-21.1,-6.0,0,0.0,0.0,0.0,0.0,0.0,3,1010.7,726.9,100,24140.0,36.4,73.1,saint_louis,2026-03-01T03:31:40.328138
2026-03-01T10:00,2.2,17,-20.4,-6.3,0,0.0,0.0,0.0,0.0,0.0,1,1011.5,726.7,9,24140.0,32.0,54.7,saint_louis,2026-03-01T03:31:40.328138
2026-03-01T11:00,0.4,18,-21.2,-8.1,0,0.0,0.0,0.0,0.0,0.0,0,1012.8,726.1,0,24140.0,32.0,50.8,saint_louis,2026-03-01T03:31:40.328138
2026-03-01T12:00,-1.7,19,-22.4,-9.4,0,0.0,0.0,0.0,0.0,0.0,0,1015.2,726.0,0,24140.0,25.9,47.9,saint_louis,2026-03-01T03:31:40.328138
2026-03-01T13:00,-3.7,19,-24.0,-10.4,0,0.0,0.0,0.0,0.0,0.0,0,1017.4,725.8,0,24140.0,19.3,37.4,saint_louis,2026-03-01T03:31:40.328138
2026-03-01T14:00,-5.1,21,-24.1,-11.3,0,0.0,0.0,0.0,0.0,0.0,0,1018.2,725.2,0,24140.0,15.6,27.7,saint_louis,2026-03-01T03:31:40.328138
2026-03-01T15:00,-6.1,23,-23.9,-11.7,0,0.0,0.0,0.0,0.0,0.0,0,1019.0,724.8,0,24140.0,11.2,22.3,saint_louis,2026-03-01T03:31:40.328138
2026-03-01T16:00,-6.8,26,-23.1,-11.3,0,0.0,0.0,0.0,0.0,0.0,0,1019.7,724.7,0,24140.0,4.3,15.8,saint_louis,2026-03-01T03:31:40.328138
2026-03-01T17:00,-8.1,29,-23.1,-12.8,0,0.0,0.0,0.0,0.0,0.0,0,1020.6,724.1,0,24140.0,5.0,7.2,saint_louis,2026-03-01T03:31:40.328138
2026-03-01T18:00,-10.7,37,-22.6,-15.7,0,0.0,0.0,0.0,0.0,0.0,0,1021.4,722.3,0,24140.0,7.6,10.8,saint_louis,2026-03-01T03:31:40.328138
2026-03-01T19:00,-10.8,37,-22.7,-15.6,0,0.0,0.0,0.0,0.0,0.0,0,1021.7,722.4,0,24140.0,5.6,10.8,saint_louis,2026-03-01T03:31:40.328138
2026-03-01T20:00,-11.1,38,-22.6,-15.5,0,0.0,0.0,0.0,0.0,0.0,0,1021.6,722.1,0,24140.0,3.6,7.6,saint_louis,2026-03-01T03:31:40.328138
2026-03-01T21:00,-12.2,42,-22.5,-16.5,0,0.0,0.0,0.0,0.0,0.0,0,1021.9,721.3,0,24140.0,3.1,5.4,saint_louis,2026-03-01T03:31:40.328138
2026-03-01T22:00,-12.6,44,-22.4,-16.8,0,0.0,0.0,0.0,0.0,0.0,0,1022.9,721.6,0,24140.0,1.8,4.3,saint_louis,2026-03-01T03:31:40.328138
2026-03-01T23:00,-12.7,45,-22.2,-16.7,0,0.0,0.0,0.0,0.0,0.0,0,1023.8,722.2,0,24140.0,1.1,2.5,saint_louis,2026-03-01T03:31:40.328138
2026-03-01T00:00,20.8,61,13.0,20.7,1,0.0,0.0,0.0,0.0,0.0,3,1012.9,988.7,91,30300.0,7.6,8.3,san_francisco,2026-03-01T03:31:42.788977
2026-03-01T01:00,17.8,74,13.1,17.2,0,0.0,0.0,0.0,0.0,0.0,3,1013.0,988.5,86,21500.0,11.3,18.0,san_francisco,2026-03-01T03:31:42.788977
2026-03-01T02:00,14.7,79,11.1,12.8,0,0.0,0.0,0.0,0.0,0.0,3,1013.6,988.8,82,18800.0,15.5,23.0,san_francisco,2026-03-01T03:31:42.788977
2026-03-01T03:00,13.6,92,12.3,11.5,0,0.0,0.0,0.0,0.0,0.0,3,1013.3,988.4,95,13400.0,18.9,27.0,san_francisco,2026-03-01T03:31:42.788977
2026-03-01T04:00,13.5,89,11.7,11.6,1,0.0,0.0,0.0,0.0,0.0,3,1014.2,989.3,100,14500.0,16.6,27.0,san_francisco,2026-03-01T03:31:42.788977
2026-03-01T05:00,13.1,89,11.3,10.8,0,0.0,0.0,0.0,0.0,0.0,3,1015.3,990.3,100,14200.0,18.0,30.2,san_francisco,2026-03-01T03:31:42.788977
2026-03-01T06:00,12.9,92,11.7,10.6,1,0.0,0.0,0.0,0.0,0.0,3,1015.3,990.3,100,13300.0,19.2,30.2,san_francisco,2026-03-01T03:31:42.788977
2026-03-01T07:00,12.7,96,12.0,10.2,2,0.0,0.0,0.0,0.0,0.0,3,1015.4,990.4,100,12200.0,21.3,35.6,san_francisco,2026-03-01T03:31:42.788977
2026-03-01T08:00,12.5,100,12.5,10.2,2,0.0,0.0,0.0,0.0,0.0,45,1015.4,990.4,100,100.0,20.8,33.1,san_francisco,2026-03-01T03:31:42.788977
2026-03-01T09:00,12.5,99,12.3,10.6,2,0.0,0.0,0.0,0.0,0.0,45,1015.3,990.3,100,400.0,17.9,29.2,san_francisco,2026-03-01T03:31:42.788977
2026-03-01T10:00,12.1,98,11.8,10.3,2,0.0,0.0,0.0,0.0,0.0,45,1015.3,990.3,100,500.0,15.7,27.0,san_francisco,2026-03-01T03:31:42.788977
2026-03-01T11:00,11.8,100,11.8,10.1,2,0.0,0.0,0.0,0.0,0.0,45,1015.5,990.4,100,100.0,15.4,25.2,san_francisco,2026-03-01T03:31:42.788977
2026-03-01T12:00,11.4,100,11.4,9.7,2,0.0,0.0,0.0,0.0,0.0,45,1015.4,990.3,100,100.0,14.5,23.8,san_francisco,2026-03-01T03:31:42.788977
2026-03-01T13:00,11.2,100,11.2,9.6,2,0.0,0.0,0.0,0.0,0.0,45,1015.9,990.8,100,0.0,13.5,23.4,san_francisco,2026-03-01T03:31:42.788977
2026-03-01T14:00,11.0,100,11.0,9.5,2,0.0,0.0,0.0,0.0,0.0,45,1016.3,991.1,100,0.0,12.2,21.2,san_francisco,2026-03-01T03:31:42.788977
2026-03-01T15:00,10.8,100,10.8,9.2,3,0.0,0.0,0.0,0.0,0.0,45,1016.8,991.6,100,100.0,12.5,20.9,san_francisco,2026-03-01T03:31:42.788977
2026-03-01T16:00,11.0,100,11.0,9.6,2,0.0,0.0,0.0,0.0,0.0,45,1017.2,992.0,100,100.0,11.2,19.8,san_francisco,2026-03-01T03:31:42.788977
2026-03-01T17:00,11.2,100,11.2,9.9,1,0.0,0.0,0.0,0.0,0.0,45,1017.3,992.1,100,100.0,11.5,18.7,san_francisco,2026-03-01T03:31:42.788977
2026-03-01T18:00,11.6,98,11.3,10.1,1,0.0,0.0,0.0,0.0,0.0,45,1017.1,992.0,100,1000.0,13.0,19.1,san_francisco,2026-03-01T03:31:42.788977
2026-03-01T19:00,11.7,98,11.4,9.8,1,0.0,0.0,0.0,0.0,0.0,3,1017.0,991.9,100,1700.0,15.5,23.0,san_francisco,2026-03-01T03:31:42.788977
2026-03-01T20:00,12.3,96,11.7,10.4,2,0.0,0.0,0.0,0.0,0.0,3,1016.9,991.8,100,12300.0,16.2,23.4,san_francisco,2026-03-01T03:31:42.788977
2026-03-01T21:00,12.1,96,11.5,9.9,3,0.0,0.0,0.0,0.0,0.0,3,1017.4,992.3,100,12300.0,17.6,25.6,san_francisco,2026-03-01T03:31:42.788977
2026-03-01T22:00,12.0,96,11.4,9.8,3,0.0,0.0,0.0,0.0,0.0,3,1017.2,992.1,100,12300.0,18.0,25.6,san_francisco,2026-03-01T03:31:42.788977
2026-03-01T23:00,11.6,98,11.3,9.4,2,0.0,0.0,0.0,0.0,0.0,3,1017.0,991.9,100,12200.0,18.0,26.3,san_francisco,2026-03-01T03:31:42.788977
2026-03-01T00:00,25.6,47,13.5,25.6,1,0.0,0.0,0.0,0.0,0.0,2,1012.8,1008.3,71,41700.0,7.9,11.9,san_jose,2026-03-01T03:32:20.416187
2026-03-01T01:00,24.2,50,13.1,24.0,0,0.0,0.0,0.0,0.0,0.0,2,1013.0,1008.5,71,38600.0,8.4,11.2,san_jose,2026-03-01T03:32:20.416187
2026-03-01T02:00,23.1,52,12.8,23.1,0,0.0,0.0,0.0,0.0,0.0,3,1013.3,1008.8,98,35100.0,6.4,13.7,san_jose,2026-03-01T03:32:20.416187
2026-03-01T03:00,21.1,58,12.5,21.4,0,0.0,0.0,0.0,0.0,0.0,3,1013.2,1008.6,100,31100.0,3.1,10.8,san_jose,2026-03-01T03:32:20.416187
2026-03-01T04:00,19.8,67,13.5,19.4,0,0.0,0.0,0.0,0.0,0.0,3,1014.0,1009.4,100,25000.0,10.1,22.3,san_jose,2026-03-01T03:32:20.416187
2026-03-01T05:00,18.4,67,12.2,18.1,0,0.0,0.0,0.0,0.0,0.0,3,1014.9,1010.3,100,24700.0,7.0,19.8,san_jose,2026-03-01T03:32:20.416187
2026-03-01T06:00,17.0,70,11.5,16.8,0,0.0,0.0,0.0,0.0,0.0,3,1015.1,1010.5,100,23300.0,4.7,19.8,san_jose,2026-03-01T03:32:20.416187
2026-03-01T07:00,16.1,76,11.9,16.1,0,0.0,0.0,0.0,0.0,0.0,3,1015.2,1010.5,100,20000.0,4.4,19.1,san_jose,2026-03-01T03:32:20.416187
2026-03-01T08:00,15.4,81,12.2,15.5,1,0.0,0.0,0.0,0.0,0.0,3,1015.3,1010.6,100,17700.0,3.6,17.3,san_jose,2026-03-01T03:32:20.416187
2026-03-01T09:00,14.7,85,12.2,15.0,0,0.0,0.0,0.0,0.0,0.0,3,1015.0,1010.3,100,14900.0,3.1,19.4,san_jose,2026-03-01T03:32:20.416187
2026-03-01T10:00,14.3,94,13.3,14.5,0,0.0,0.0,0.0,0.0,0.0,3,1015.0,1010.3,100,12300.0,5.9,18.7,san_jose,2026-03-01T03:32:20.416187
2026-03-01T11:00,14.0,95,13.3,14.0,0,0.0,0.0,0.0,0.0,0.0,3,1015.1,1010.4,100,12200.0,7.2,14.4,san_jose,2026-03-01T03:32:20.416187
2026-03-01T12:00,13.8,96,13.2,13.9,0,0.0,0.0,0.0,0.0,0.0,3,1015.1,1010.4,100,12200.0,6.5,13.0,san_jose,2026-03-01T03:32:20.416187
2026-03-01T13:00,13.7,96,13.1,14.1,0,0.0,0.0,0.0,0.0,0.0,3,1015.5,1010.8,100,12200.0,4.3,9.0,san_jose,2026-03-01T03:32:20.416187
2026-03-01T14:00,13.4,96,12.8,13.9,0,0.0,0.0,0.0,0.0,0.0,3,1015.6,1010.9,100,12200.0,3.3,9.0,san_jose,2026-03-01T03:32:20.416187
2026-03-01T15:00,13.6,95,12.8,13.5,0,0.0,0.0,0.0,0.0,0.0,3,1016.2,1011.5,100,12200.0,6.5,10.8,san_jose,2026-03-01T03:32:20.416187
2026-03-01T16:00,13.7,95,13.0,13.6,0,0.0,0.0,0.0,0.0,0.0,3,1016.8,1012.1,100,12200.0,7.6,10.1,san_jose,2026-03-01T03:32:20.416187
2026-03-01T17:00,14.0,93,12.9,14.0,1,0.0,0.0,0.0,0.0,0.0,3,1016.8,1012.1,100,12800.0,6.1,7.2,san_jose,2026-03-01T03:32:20.416187
2026-03-01T18:00,14.5,92,13.2,15.1,1,0.0,0.0,0.0,0.0,0.0,3,1016.6,1011.9,100,13300.0,2.9,2.9,san_jose,2026-03-01T03:32:20.416187
2026-03-01T19:00,15.1,90,13.5,15.7,1,0.0,0.0,0.0,0.0,0.0,3,1016.4,1011.7,100,14200.0,3.6,3.6,san_jose,2026-03-01T03:32:20.416187
2026-03-01T20:00,16.0,86,13.7,16.6,1,0.0,0.0,0.0,0.0,0.0,3,1016.2,1011.5,100,16000.0,4.1,9.0,san_jose,2026-03-01T03:32:20.416187
2026-03-01T21:00,18.3,71,13.0,18.9,1,0.0,0.0,0.0,0.0,0.0,3,1016.5,1011.9,99,22300.0,9.8,11.5,san_jose,2026-03-01T03:32:20.416187
2026-03-01T22:00,18.9,62,11.5,17.7,1,0.0,0.0,0.0,0.0,0.0,3,1016.3,1011.7,100,27500.0,13.8,16.6,san_jose,2026-03-01T03:32:20.416187
2026-03-01T23:00,18.1,65,11.4,16.2,1,0.0,0.0,0.0,0.0,0.0,0,1016.0,1011.4,5,25000.0,17.0,22.0,san_jose,2026-03-01T03:32:20.416187
2026-03-01T00:00,23.8,72,18.5,26.5,0,0.0,0.0,0.0,0.0,0.0,0,1011.2,1008.8,0,24140.0,2.9,6.5,santa_fe,2026-03-01T03:32:22.858649
2026-03-01T01:00,23.7,70,17.9,26.2,0,0.0,0.0,0.0,0.0,0.0,0,1011.9,1009.5,0,24140.0,2.4,4.3,santa_fe,2026-03-01T03:32:22.858649
2026-03-01T02:00,23.4,69,17.4,25.7,0,0.0,0.0,0.0,0.0,0.0,0,1012.0,1009.6,0,24140.0,2.5,3.6,santa_fe,2026-03-01T03:32:22.858649
2026-03-01T03:00,22.9,70,17.1,24.9,0,0.0,0.0,0.0,0.0,0.0,0,1012.1,1009.7,0,24140.0,3.0,4.3,santa_fe,2026-03-01T03:32:22.858649
2026-03-01T04:00,22.0,74,17.1,23.9,0,0.0,0.0,0.0,0.0,0.0,0,1011.9,1009.4,0,24140.0,3.7,5.4,santa_fe,2026-03-01T03:32:22.858649
2026-03-01T05:00,20.9,81,17.5,22.8,0,0.0,0.0,0.0,0.0,0.0,0,1011.8,1009.3,0,24140.0,4.8,7.6,santa_fe,2026-03-01T03:32:22.858649
2026-03-01T06:00,20.0,88,17.9,21.8,0,0.0,0.0,0.0,0.0,0.0,0,1011.8,1009.3,0,24140.0,6.8,11.5,santa_fe,2026-03-01T03:32:22.858649
2026-03-01T07:00,19.7,89,17.8,21.6,0,0.0,0.0,0.0,0.0,0.0,0,1011.9,1009.4,0,24140.0,6.6,11.9,santa_fe,2026-03-01T03:32:22.858649
2026-03-01T08:00,19.2,89,17.4,20.9,0,0.0,0.0,0.0,0.0,0.0,0,1012.0,1009.5,0,24140.0,6.6,11.2,santa_fe,2026-03-01T03:32:22.858649
2026-03-01T09:00,18.7,89,16.9,20.1,0,0.0,0.0,0.0,0.0,0.0,0,1012.2,1009.7,0,24140.0,6.9,11.5,santa_fe,2026-03-01T03:32:22.858649
2026-03-01T10:00,18.5,88,16.4,19.6,0,0.0,0.0,0.0,0.0,0.0,0,1012.5,1010.0,0,24140.0,7.5,12.6,santa_fe,2026-03-01T03:32:22.858649
2026-03-01T11:00,19.7,85,17.1,20.9,0,0.0,0.0,0.0,0.0,0.0,0,1013.2,1010.7,0,24140.0,8.6,14.8,santa_fe,2026-03-01T03:32:22.858649
2026-03-01T12:00,22.2,76,17.8,23.3,0,0.0,0.0,0.0,0.0,0.0,0,1013.5,1011.0,0,24140.0,11.6,20.9,santa_fe,2026-03-01T03:32:22.858649
2026-03-01T13:00,24.3,69,18.3,25.4,0,0.0,0.0,0.0,0.0,0.0,0,1013.6,1011.2,0,24140.0,13.2,25.2,santa_fe,2026-03-01T03:32:22.858649
2026-03-01T14:00,26.4,63,18.8,28.6,0,0.0,0.0,0.0,0.0,0.0,0,1013.2,1010.8,0,24140.0,13.8,27.0,santa_fe,2026-03-01T03:32:22.858649
2026-03-01T15:00,28.4,54,18.2,30.8,0,0.0,0.0,0.0,0.0,0.0,0,1012.6,1010.2,0,24140.0,15.2,28.1,santa_fe,2026-03-01T03:32:22.858649
2026-03-01T16:00,29.8,49,18.0,32.8,0,0.0,0.0,0.0,0.0,0.0,0,1011.8,1009.4,0,24140.0,14.3,27.7,santa_fe,2026-03-01T03:32:22.858649
2026-03-01T17:00,30.8,45,17.5,33.7,0,0.0,0.0,0.0,0.0,0.0,0,1010.8,1008.4,0,24140.0,13.5,26.3,santa_fe,2026-03-01T03:32:22.858649
2026-03-01T18:00,31.3,43,17.2,33.9,0,0.0,0.0,0.0,0.0,0.0,0,1009.7,1007.3,0,24140.0,13.4,24.8,santa_fe,2026-03-01T03:32:22.858649
2026-03-01T19:00,31.4,42,17.0,33.3,0,0.0,0.0,0.0,0.0,0.0,0,1008.6,1006.2,0,24140.0,13.4,24.5,santa_fe,2026-03-01T03:32:22.858649
2026-03-01T20:00,31.1,40,15.9,31.6,0,0.0,0.0,0.0,0.0,0.0,0,1007.9,1005.5,0,24140.0,13.4,24.8,santa_fe,2026-03-01T03:32:22.858649
2026-03-01T21:00,30.3,42,16.0,30.7,0,0.0,0.0,0.0,0.0,0.0,0,1007.5,1005.1,0,24140.0,11.3,24.5,santa_fe,2026-03-01T03:32:22.858649
2026-03-01T22:00,28.1,52,17.3,29.7,0,0.0,0.0,0.0,0.0,0.0,0,1007.3,1004.9,0,24140.0,7.2,19.8,santa_fe,2026-03-01T03:32:22.858649
2026-03-01T23:00,25.1,62,17.3,26.8,0,0.0,0.0,0.0,0.0,0.0,0,1007.4,1005.0,0,24140.0,6.5,12.2,santa_fe,2026-03-01T03:32:22.858649
2026-03-01T00:00,9.4,70,4.2,6.0,0,0.0,0.0,0.0,0.0,0.0,0,1018.3,1007.7,2,23600.0,13.9,22.0,seattle,2026-03-01T03:34:25.883727
2026-03-01T01:00,8.2,75,4.0,5.2,0,0.0,0.0,0.0,0.0,0.0,0,1018.0,1007.3,18,20700.0,10.8,20.2,seattle,2026-03-01T03:34:25.883727
2026-03-01T02:00,6.8,78,3.2,4.3,0,0.0,0.0,0.0,0.0,0.0,0,1018.1,1007.4,5,20000.0,6.5,20.2,seattle,2026-03-01T03:34:25.883727
2026-03-01T03:00,5.6,84,3.1,2.6,0,0.0,0.0,0.0,0.0,0.0,2,1018.2,1007.4,78,16700.0,9.7,27.7,seattle,2026-03-01T03:34:25.883727
2026-03-01T04:00,5.0,86,2.9,2.2,0,0.0,0.0,0.0,0.0,0.0,3,1018.7,1007.9,100,15800.0,8.2,25.2,seattle,2026-03-01T03:34:25.883727
2026-03-01T05:00,4.4,84,2.0,1.7,0,0.0,0.0,0.0,0.0,0.0,3,1018.2,1007.4,100,15700.0,6.2,21.6,seattle,2026-03-01T03:34:25.883727
2026-03-01T06:00,4.0,82,1.2,1.2,0,0.0,0.0,0.0,0.0,0.0,3,1018.8,1007.9,100,15500.0,6.1,24.8,seattle,2026-03-01T03:34:25.883727
2026-03-01T07:00,3.6,78,0.1,0.6,0,0.0,0.0,0.0,0.0,0.0,3,1019.0,1008.1,100,18300.0,6.2,24.5,seattle,2026-03-01T03:34:25.883727
2026-03-01T08:00,3.1,78,-0.3,-0.3,0,0.0,0.0,0.0,0.0,0.0,3,1018.7,1007.8,100,18200.0,8.8,22.0,seattle,2026-03-01T03:34:25.883727
2026-03-01T09:00,2.9,78,-0.6,-0.5,0,0.0,0.0,0.0,0.0,0.0,2,1018.3,1007.4,58,17600.0,8.0,22.3,seattle,2026-03-01T03:34:25.883727
2026-03-01T10:00,2.7,76,-1.1,-0.4,0,0.0,0.0,0.0,0.0,0.0,3,1018.0,1007.1,100,17000.0,6.1,22.7,seattle,2026-03-01T03:34:25.883727
2026-03-01T11:00,2.7,74,-1.5,-0.7,0,0.0,0.0,0.0,0.0,0.0,3,1017.9,1007.0,100,18100.0,7.2,18.7,seattle,2026-03-01T03:34:25.883727
2026-03-01T12:00,2.4,74,-1.7,-1.2,0,0.0,0.0,0.0,0.0,0.0,3,1018.1,1007.2,88,18800.0,8.8,20.9,seattle,2026-03-01T03:34:25.883727
2026-03-01T13:00,2.0,76,-1.7,-1.7,0,0.0,0.0,0.0,0.0,0.0,3,1018.4,1007.5,100,17700.0,9.1,22.3,seattle,2026-03-01T03:34:25.883727
2026-03-01T14:00,1.9,82,-0.8,-1.8,0,0.0,0.0,0.0,0.0,0.0,3,1018.6,1007.7,100,15700.0,10.2,21.6,seattle,2026-03-01T03:34:25.883727
2026-03-01T15:00,1.8,84,-0.6,-1.7,0,0.0,0.0,0.0,0.0,0.0,3,1018.3,1007.4,100,14700.0,9.1,20.9,seattle,2026-03-01T03:34:25.883727
2026-03-01T16:00,3.0,90,1.5,0.0,0,0.0,0.0,0.0,0.0,0.0,3,1017.9,1007.0,100,13900.0,7.4,20.9,seattle,2026-03-01T03:34:25.883727
2026-03-01T17:00,5.6,89,4.0,2.7,0,0.0,0.0,0.0,0.0,0.0,3,1017.7,1006.9,100,14800.0,10.2,24.5,seattle,2026-03-01T03:34:25.883727
2026-03-01T18:00,8.0,84,5.5,5.3,0,0.0,0.0,0.0,0.0,0.0,3,1017.3,1006.6,100,17700.0,10.5,20.5,seattle,2026-03-01T03:34:25.883727
2026-03-01T19:00,9.8,79,6.4,7.4,0,0.0,0.0,0.0,0.0,0.0,2,1017.0,1006.4,58,20000.0,10.6,18.0,seattle,2026-03-01T03:34:25.883727
2026-03-01T20:00,11.1,70,5.9,8.6,0,0.0,0.0,0.0,0.0,0.0,0,1016.8,1006.2,4,24800.0,11.4,17.6,seattle,2026-03-01T03:34:25.883727
2026-03-01T21:00,11.8,69,6.3,9.5,0,0.0,0.0,0.0,0.0,0.0,0,1017.2,1006.7,3,25300.0,10.5,15.5,seattle,2026-03-01T03:34:25.883727
2026-03-01T22:00,12.0,71,6.9,9.5,0,0.0,0.0,0.0,0.0,0.0,0,1017.0,1006.5,4,24100.0,11.8,16.9,seattle,2026-03-01T03:34:25.883727
2026-03-01T23:00,12.2,72,7.3,10.0,0,0.0,0.0,0.0,0.0,0.0,0,1016.7,1006.2,4,23400.0,10.5,16.9,seattle,2026-03-01T03:34:25.883727
2026-03-01T00:00,13.1,47,2.0,10.3,0,0.0,0.0,0.0,0.0,0.0,0,1016.3,1013.4,0,41200.0,6.9,7.6,washington,2026-03-01T03:34:28.335266
2026-03-01T01:00,11.1,52,1.6,8.2,0,0.0,0.0,0.0,0.0,0.0,0,1016.8,1013.9,0,35700.0,7.2,7.6,washington,2026-03-01T03:34:28.335266
2026-03-01T02:00,9.7,52,0.3,7.1,0,0.0,0.0,0.0,0.0,0.0,0,1016.7,1013.8,0,36400.0,3.8,5.8,washington,2026-03-01T03:34:28.335266
2026-03-01T03:00,8.5,56,0.3,6.1,0,0.0,0.0,0.0,0.0,0.0,0,1016.0,1013.0,0,33100.0,2.6,5.4,washington,2026-03-01T03:34:28.335266
2026-03-01T04:00,7.7,59,0.2,5.2,0,0.0,0.0,0.0,0.0,0.0,0,1016.2,1013.2,0,30700.0,2.9,5.8,washington,2026-03-01T03:34:28.335266
2026-03-01T05:00,6.9,62,0.2,4.4,0,0.0,0.0,0.0,0.0,0.0,0,1016.3,1013.3,0,28400.0,3.3,7.2,washington,2026-03-01T03:34:28.335266
2026-03-01T06:00,6.3,68,0.8,3.5,0,0.0,0.0,0.0,0.0,0.0,0,1016.4,1013.4,0,23400.0,5.6,14.0,washington,2026-03-01T03:34:28.335266
2026-03-01T07:00,5.6,77,1.9,2.9,1,0.0,0.0,0.0,0.0,0.0,0,1015.8,1012.8,1,19100.0,6.6,15.1,washington,2026-03-01T03:34:28.335266
2026-03-01T08:00,5.2,81,2.2,2.6,1,0.0,0.0,0.0,0.0,0.0,0,1015.4,1012.4,1,16800.0,5.9,11.9,washington,2026-03-01T03:34:28.335266
2026-03-01T09:00,4.9,81,1.9,2.8,1,0.0,0.0,0.0,0.0,0.0,0,1015.2,1012.2,3,15400.0,1.8,7.2,washington,2026-03-01T03:34:28.335266
2026-03-01T10:00,4.5,83,1.9,1.7,1,0.0,0.0,0.0,0.0,0.0,0,1016.3,1013.3,17,14600.0,7.0,6.8,washington,2026-03-01T03:34:28.335266
2026-03-01T11:00,4.3,87,2.3,1.4,2,0.0,0.0,0.0,0.0,0.0,3,1017.8,1014.8,100,13600.0,8.2,11.9,washington,2026-03-01T03:34:28.335266
2026-03-01T12:00,4.1,82,1.3,0.6,9,0.0,0.0,0.0,0.0,0.0,3,1018.3,1015.3,100,17400.0,10.7,27.7,washington,2026-03-01T03:34:28.335266
2026-03-01T13:00,5.5,75,1.4,1.1,10,0.0,0.0,0.0,0.0,0.0,2,1018.7,1015.7,53,21200.0,16.9,41.4,washington,2026-03-01T03:34:28.335266
2026-03-01T14:00,6.7,71,1.9,2.1,3,0.0,0.0,0.0,0.0,0.0,0,1019.6,1016.6,10,23400.0,19.7,34.9,washington,2026-03-01T03:34:28.335266
2026-03-01T15:00,7.9,66,2.0,3.6,2,0.0,0.0,0.0,0.0,0.0,0,1020.4,1017.4,4,26000.0,17.8,27.0,washington,2026-03-01T03:34:28.335266
2026-03-01T16:00,9.4,56,1.1,5.5,2,0.0,0.0,0.0,0.0,0.0,0,1020.6,1017.6,11,33000.0,15.5,22.0,washington,2026-03-01T03:34:28.335266
2026-03-01T17:00,11.0,45,-0.4,7.4,2,0.0,0.0,0.0,0.0,0.0,0,1020.6,1017.7,6,41900.0,15.3,21.6,washington,2026-03-01T03:34:28.335266
2026-03-01T18:00,12.1,41,-0.7,8.5,1,0.0,0.0,0.0,0.0,0.0,0,1021.1,1018.2,4,46000.0,16.1,24.1,washington,2026-03-01T03:34:28.335266
2026-03-01T19:00,12.5,36,-2.2,8.0,1,0.0,0.0,0.0,0.0,0.0,0,1022.2,1019.3,4,52100.0,18.8,29.2,washington,2026-03-01T03:34:28.335266
2026-03-01T20:00,11.9,38,-1.9,6.8,1,0.0,0.0,0.0,0.0,0.0,0,1023.0,1020.1,6,49400.0,19.3,26.6,washington,2026-03-01T03:34:28.335266
2026-03-01T21:00,10.1,44,-1.6,4.7,0,0.0,0.0,0.0,0.0,0.0,1,1023.8,1020.8,20,42100.0,20.9,29.9,washington,2026-03-01T03:34:28.335266
2026-03-01T22:00,8.7,45,-2.6,3.5,0,0.0,0.0,0.0,0.0,0.0,1,1024.8,1021.8,35,41500.0,18.8,28.8,washington,2026-03-01T03:34:28.335266
2026-03-01T23:00,7.1,44,-4.3,2.3,0,0.0,0.0,0.0,0.0,0.0,0,1026.3,1023.3,2,43800.0,14.8,28.4,washington,2026-03-01T03:34:28.335266
2026-03-01T00:00,22.1,77,17.8,24.2,0,0.0,0.0,0.0,0.0,0.0,1,1013.6,916.1,30,24140.0,4.6,19.8,caracas,2026-03-01T03:34:30.777551
2026-03-01T01:00,22.0,74,17.1,23.6,0,0.0,0.0,0.0,0.0,0.0,1,1014.2,916.7,34,24140.0,5.9,23.0,caracas,2026-03-01T03:34:30.777551
2026-03-01T02:00,21.8,70,16.1,22.9,0,0.0,0.0,0.0,0.0,0.0,1,1014.6,917.0,15,24140.0,6.5,24.5,caracas,2026-03-01T03:34:30.777551
2026-03-01T03:00,21.5,64,14.4,21.9,0,0.0,0.0,0.0,0.0,0.0,1,1014.5,916.8,29,24140.0,7.6,25.9,caracas,2026-03-01T03:34:30.777551
2026-03-01T04:00,21.2,60,13.1,21.0,0,0.0,0.0,0.0,0.0,0.0,1,1014.4,916.6,34,24140.0,8.1,27.0,caracas,2026-03-01T03:34:30.777551
2026-03-01T05:00,20.9,61,13.1,20.6,0,0.0,0.0,0.0,0.0,0.0,1,1013.8,916.0,35,24140.0,8.3,26.3,caracas,2026-03-01T03:34:30.777551
2026-03-01T06:00,20.6,65,13.8,20.5,0,0.0,0.0,0.0,0.0,0.0,1,1012.8,915.0,39,24140.0,8.7,25.2,caracas,2026-03-01T03:34:30.777551
2026-03-01T07:00,20.5,68,14.4,20.6,0,0.0,0.0,0.0,0.0,0.0,1,1012.4,914.6,20,24140.0,8.7,24.5,caracas,2026-03-01T03:34:30.777551
2026-03-01T08:00,20.3,72,15.1,20.7,0,0.0,0.0,0.0,0.0,0.0,1,1012.3,914.4,12,24140.0,8.7,24.5,caracas,2026-03-01T03:34:30.777551
2026-03-01T09:00,20.3,76,15.9,20.9,0,0.0,0.0,0.0,0.0,0.0,1,1012.7,914.8,33,24140.0,9.3,28.1,caracas,2026-03-01T03:34:30.777551
2026-03-01T10:00,20.4,78,16.5,21.3,0,0.0,0.0,0.0,0.0,0.0,2,1013.4,915.5,45,24140.0,9.6,31.3,caracas,2026-03-01T03:34:30.777551
2026-03-01T11:00,20.6,78,16.6,21.5,0,0.0,0.0,0.0,0.0,0.0,1,1014.1,916.1,8,24140.0,10.0,32.8,caracas,2026-03-01T03:34:30.777551
2026-03-01T12:00,22.4,72,17.1,23.8,0,0.0,0.0,0.0,0.0,0.0,0,1014.7,917.3,5,24140.0,8.1,32.4,caracas,2026-03-01T03:34:30.777551
2026-03-01T13:00,24.7,61,16.7,26.4,0,0.0,0.0,0.0,0.0,0.0,1,1015.1,918.3,7,24140.0,4.8,28.8,caracas,2026-03-01T03:34:30.777551
2026-03-01T14:00,26.4,54,16.3,28.4,0,0.0,0.0,0.0,0.0,0.0,1,1015.5,919.2,18,24140.0,5.5,27.0,caracas,2026-03-01T03:34:30.777551
2026-03-01T15:00,27.6,49,15.9,30.2,0,0.0,0.0,0.0,0.0,0.0,2,1015.1,919.2,69,24140.0,7.6,26.6,caracas,2026-03-01T03:34:30.777551
2026-03-01T16:00,28.5,44,15.0,30.8,3,0.0,0.0,0.0,0.0,0.0,2,1014.1,918.5,80,24140.0,8.2,24.5,caracas,2026-03-01T03:34:30.777551
2026-03-01T17:00,28.6,47,16.2,31.1,5,0.0,0.0,0.0,0.0,0.0,3,1012.9,917.5,86,24140.0,8.3,29.9,caracas,2026-03-01T03:34:30.777551
2026-03-01T18:00,28.5,49,16.8,31.1,0,0.0,0.0,0.0,0.0,0.0,3,1011.8,916.5,83,21320.0,8.9,32.0,caracas,2026-03-01T03:34:30.777551
2026-03-01T19:00,27.6,55,17.8,29.9,3,0.0,0.0,0.0,0.0,0.0,3,1011.2,915.7,84,21380.0,9.0,31.3,caracas,2026-03-01T03:34:30.777551
2026-03-01T20:00,26.4,62,18.6,28.3,0,0.0,0.0,0.0,0.0,0.0,2,1011.1,915.2,67,21200.0,9.2,29.5,caracas,2026-03-01T03:34:30.777551
2026-03-01T21:00,24.9,72,19.5,27.4,0,0.0,0.0,0.0,0.0,0.0,2,1011.7,915.3,69,18720.0,7.8,27.0,caracas,2026-03-01T03:34:30.777551
2026-03-01T22:00,23.3,82,20.1,26.4,0,0.0,0.0,0.0,0.0,0.0,2,1012.4,915.4,67,18880.0,5.8,24.1,caracas,2026-03-01T03:34:30.777551
2026-03-01T23:00,22.0,91,20.4,25.5,0,0.0,0.0,0.0,0.0,0.0,2,1013.1,915.7,65,11720.0,3.9,20.5,caracas,2026-03-01T03:34:30.777551
2026-03-01T00:00,23.1,97,22.6,27.7,0,0.0,0.0,0.0,0.0,0.0,3,1006.8,1004.9,91,24140.0,4.9,9.7,hanoi,2026-03-01T03:34:33.218556
2026-03-01T01:00,24.0,93,22.8,28.4,0,0.0,0.0,0.0,0.0,0.0,3,1007.5,1005.6,93,24140.0,6.9,13.0,hanoi,2026-03-01T03:34:33.218556
2026-03-01T02:00,25.5,87,23.2,30.5,0,0.0,0.0,0.0,0.0,0.0,3,1007.9,1006.1,93,24140.0,4.7,12.6,hanoi,2026-03-01T03:34:33.218556
2026-03-01T03:00,26.9,82,23.5,31.8,0,0.0,0.0,0.0,0.0,0.0,2,1008.0,1006.2,78,24140.0,6.0,11.2,hanoi,2026-03-01T03:34:33.218556
2026-03-01T04:00,28.4,76,23.8,33.4,0,0.0,0.0,0.0,0.0,0.0,2,1007.6,1005.8,78,24140.0,6.5,11.9,hanoi,2026-03-01T03:34:33.218556
2026-03-01T05:00,29.9,68,23.4,35.6,0,0.0,0.0,0.0,0.0,0.0,2,1006.7,1004.9,75,24140.0,5.6,11.9,hanoi,2026-03-01T03:34:33.218556
2026-03-01T06:00,31.0,66,23.9,37.9,0,0.0,0.0,0.0,0.0,0.0,1,1005.6,1003.8,37,24140.0,5.5,12.2,hanoi,2026-03-01T03:34:33.218556
2026-03-01T07:00,31.5,64,23.9,37.9,8,0.1,0.0,0.1,0.0,0.0,2,1004.2,1002.4,64,24140.0,7.4,22.3,hanoi,2026-03-01T03:34:33.218556
2026-03-01T08:00,31.8,63,23.8,36.5,13,0.0,0.0,0.0,0.0,0.0,1,1003.1,1001.3,41,24140.0,11.6,21.2,hanoi,2026-03-01T03:34:33.218556
2026-03-01T09:00,30.9,66,23.8,34.4,15,0.0,0.0,0.0,0.0,0.0,3,1002.9,1001.1,85,24140.0,16.5,29.5,hanoi,2026-03-01T03:34:33.218556
2026-03-01T10:00,29.7,72,24.1,33.6,18,0.0,0.0,0.0,0.0,0.0,2,1003.4,1001.6,50,24140.0,15.3,30.2,hanoi,2026-03-01T03:34:33.218556
2026-03-01T11:00,28.8,75,23.9,32.7,20,0.0,0.0,0.0,0.0,0.0,2,1004.1,1002.3,59,24140.0,14.7,27.0,hanoi,2026-03-01T03:34:33.218556
2026-03-01T12:00,27.2,82,23.9,30.8,8,0.0,0.0,0.0,0.0,0.0,2,1005.1,1003.3,51,24140.0,16.8,29.5,hanoi,2026-03-01T03:34:33.218556
2026-03-01T13:00,25.9,86,23.3,29.2,3,0.0,0.0,0.0,0.0,0.0,2,1006.2,1004.4,76,24140.0,15.8,29.5,hanoi,2026-03-01T03:34:33.218556
2026-03-01T14:00,25.0,90,23.2,28.6,0,0.0,0.0,0.0,0.0,0.0,3,1006.4,1004.6,87,24140.0,13.8,27.4,hanoi,2026-03-01T03:34:33.218556
2026-03-01T15:00,24.4,92,23.0,28.1,0,0.0,0.0,0.0,0.0,0.0,3,1006.7,1004.9,92,24140.0,12.4,24.5,hanoi,2026-03-01T03:34:33.218556
2026-03-01T16:00,24.0,93,22.8,27.5,0,0.0,0.0,0.0,0.0,0.0,2,1006.7,1004.9,81,24140.0,12.7,23.0,hanoi,2026-03-01T03:34:33.218556
2026-03-01T17:00,23.8,94,22.7,27.3,0,0.0,0.0,0.0,0.0,0.0,3,1006.9,1005.0,90,24140.0,12.2,22.3,hanoi,2026-03-01T03:34:33.218556
2026-03-01T18:00,23.6,95,22.8,27.4,0,0.0,0.0,0.0,0.0,0.0,3,1007.1,1005.2,86,24140.0,10.3,21.6,hanoi,2026-03-01T03:34:33.218556
2026-03-01T19:00,23.5,96,22.8,27.4,0,0.0,0.0,0.0,0.0,0.0,3,1007.1,1005.2,88,24140.0,10.0,18.4,hanoi,2026-03-01T03:34:33.218556
2026-03-01T20:00,23.4,96,22.7,27.4,3,0.0,0.0,0.0,0.0,0.0,3,1006.8,1004.9,86,24140.0,8.4,17.6,hanoi,2026-03-01T03:34:33.218556
2026-03-01T21:00,23.3,97,22.8,27.6,3,0.0,0.0,0.0,0.0,0.0,3,1006.8,1004.9,92,24140.0,7.4,14.4,hanoi,2026-03-01T03:34:33.218556
2026-03-01T22:00,23.2,97,22.7,27.6,0,0.0,0.0,0.0,0.0,0.0,3,1007.1,1005.2,93,24140.0,6.6,13.0,hanoi,2026-03-01T03:34:33.218556
2026-03-01T23:00,23.2,97,22.7,27.7,0,0.0,0.0,0.0,0.0,0.0,3,1008.2,1006.3,92,24140.0,6.0,11.5,hanoi,2026-03-01T03:34:33.218556
