time,temperature_2m,relative_humidity_2m,dew_point_2m,apparent_temperature,precipitation_probability,precipitation,rain,showers,snowfall,snow_depth,weather_code,pressure_msl,surface_pressure,cloud_cover,visibility,wind_speed_10m,wind_gusts_10m,city,retrieved_at
2026-01-22T00:00,8.1,79,4.7,6.1,38,0.0,0.0,0.0,0.0,0.0,3,1001.9,988.6,83,39660.0,4.9,10.4,tirana,2026-01-22T06:30:43.418243
2026-01-22T01:00,7.7,80,4.5,5.9,13,0.0,0.0,0.0,0.0,0.0,2,1001.7,988.4,68,38060.0,3.9,9.0,tirana,2026-01-22T06:30:43.418243
2026-01-22T02:00,6.7,85,4.4,4.8,10,0.0,0.0,0.0,0.0,0.0,3,1001.1,987.8,83,24780.0,4.3,9.0,tirana,2026-01-22T06:30:43.418243
2026-01-22T03:00,6.3,87,4.3,4.4,3,0.0,0.0,0.0,0.0,0.0,2,1001.4,988.0,88,20900.0,3.8,9.4,tirana,2026-01-22T06:30:43.418243
2026-01-22T04:00,6.2,86,4.0,4.3,0,0.0,0.0,0.0,0.0,0.0,2,1000.8,987.4,62,23800.0,3.4,7.9,tirana,2026-01-22T06:30:43.418243
2026-01-22T05:00,5.2,89,3.6,3.1,0,0.0,0.0,0.0,0.0,0.0,2,1000.8,987.4,67,16100.0,4.1,8.3,tirana,2026-01-22T06:30:43.418243
2026-01-22T06:00,4.9,89,3.2,2.6,0,0.0,0.0,0.0,0.0,0.0,3,1001.3,987.9,92,16440.0,5.1,9.7,tirana,2026-01-22T06:30:43.418243
2026-01-22T07:00,5.4,89,3.8,3.3,3,0.0,0.0,0.0,0.0,0.0,3,1001.4,988.0,86,16720.0,4.8,9.7,tirana,2026-01-22T06:30:43.418243
2026-01-22T08:00,7.4,87,5.4,5.7,5,0.0,0.0,0.0,0.0,0.0,3,1001.3,988.0,88,21160.0,3.9,9.4,tirana,2026-01-22T06:30:43.418243
2026-01-22T09:00,9.5,89,7.8,8.6,3,0.0,0.0,0.0,0.0,0.0,3,1001.2,988.0,93,17460.0,2.4,7.2,tirana,2026-01-22T06:30:43.418243
2026-01-22T10:00,11.2,71,6.1,9.9,5,0.0,0.0,0.0,0.0,0.0,3,1000.7,987.6,89,56060.0,2.5,5.0,tirana,2026-01-22T06:30:43.418243
2026-01-22T11:00,11.8,70,6.6,10.4,13,0.0,0.0,0.0,0.0,0.0,3,1000.3,987.2,97,57380.0,3.8,8.3,tirana,2026-01-22T06:30:43.418243
2026-01-22T12:00,11.5,70,6.2,9.8,15,0.1,0.1,0.0,0.0,0.0,61,1000.1,987.0,97,48720.0,5.1,10.8,tirana,2026-01-22T06:30:43.418243
2026-01-22T13:00,10.8,73,6.2,9.3,20,0.2,0.2,0.0,0.0,0.0,61,1000.6,987.5,100,47620.0,4.3,9.0,tirana,2026-01-22T06:30:43.418243
2026-01-22T14:00,10.5,76,6.4,9.3,23,0.1,0.1,0.0,0.0,0.0,61,1000.9,987.7,100,42520.0,1.8,8.6,tirana,2026-01-22T06:30:43.418243
2026-01-22T15:00,9.9,84,7.3,8.9,18,0.1,0.1,0.0,0.0,0.0,61,1001.0,987.8,100,29420.0,1.8,4.3,tirana,2026-01-22T06:30:43.418243
2026-01-22T16:00,9.1,86,6.9,8.1,13,0.0,0.0,0.0,0.0,0.0,3,1001.0,987.8,100,22620.0,1.5,3.2,tirana,2026-01-22T06:30:43.418243
2026-01-22T17:00,8.4,89,6.7,7.3,18,0.0,0.0,0.0,0.0,0.0,3,1001.2,987.9,100,15440.0,1.9,5.4,tirana,2026-01-22T06:30:43.418243
2026-01-22T18:00,8.2,88,6.3,7.0,10,0.1,0.0,0.1,0.0,0.0,3,1001.6,988.3,96,18580.0,1.8,3.6,tirana,2026-01-22T06:30:43.418243
2026-01-22T19:00,8.1,90,6.6,6.8,13,0.1,0.1,0.0,0.0,0.0,61,1001.9,988.6,92,14660.0,3.3,6.8,tirana,2026-01-22T06:30:43.418243
2026-01-22T20:00,7.9,92,6.7,6.7,20,0.0,0.0,0.0,0.0,0.0,3,1002.5,989.2,90,10700.0,2.9,6.5,tirana,2026-01-22T06:30:43.418243
2026-01-22T21:00,7.6,94,6.7,6.3,20,0.0,0.0,0.0,0.0,0.0,3,1002.7,989.4,90,6880.0,3.1,6.5,tirana,2026-01-22T06:30:43.418243
2026-01-22T22:00,7.3,94,6.4,6.0,15,0.0,0.0,0.0,0.0,0.0,3,1002.9,989.6,88,5980.0,3.1,7.9,tirana,2026-01-22T06:30:43.418243
2026-01-22T23:00,7.0,94,6.1,5.6,18,0.0,0.0,0.0,0.0,0.0,3,1002.8,989.5,90,5860.0,2.9,6.8,tirana,2026-01-22T06:30:43.418243
2026-01-22T00:00,13.0,71,7.8,11.1,10,0.0,0.0,0.0,0.0,0.0,3,1004.1,990.3,99,50800.0,9.2,47.2,algiers,2026-01-22T06:30:45.830097
2026-01-22T01:00,12.7,77,8.7,10.8,68,0.8,0.7,0.0,0.0,0.0,61,1003.6,989.8,100,7400.0,10.7,47.5,algiers,2026-01-22T06:30:45.830097
2026-01-22T02:00,12.4,79,8.9,10.9,95,2.3,2.2,0.0,0.0,0.0,61,1002.8,989.0,100,22800.0,8.5,46.8,algiers,2026-01-22T06:30:45.830097
2026-01-22T03:00,12.5,80,9.2,11.0,78,0.6,0.4,0.2,0.0,0.0,61,1002.3,988.5,100,36260.0,8.8,43.6,algiers,2026-01-22T06:30:45.830097
2026-01-22T04:00,12.6,79,9.0,10.2,75,0.6,0.1,0.5,0.0,0.0,80,1001.3,987.5,100,36820.0,14.3,55.1,algiers,2026-01-22T06:30:45.830097
2026-01-22T05:00,12.8,77,8.9,10.7,55,0.1,0.0,0.0,0.0,0.0,3,1000.5,986.7,100,40020.0,12.5,61.2,algiers,2026-01-22T06:30:45.830097
2026-01-22T06:00,13.0,78,9.2,10.7,73,0.0,0.0,0.0,0.0,0.0,3,1000.5,986.8,99,38220.0,14.3,64.4,algiers,2026-01-22T06:30:45.830097
2026-01-22T07:00,12.8,82,9.8,10.6,90,0.4,0.0,0.4,0.0,0.0,80,1000.2,986.5,96,29080.0,14.3,61.9,algiers,2026-01-22T06:30:45.830097
2026-01-22T08:00,12.9,81,9.7,11.1,73,0.2,0.0,0.2,0.0,0.0,80,1001.0,987.2,100,31120.0,11.5,58.7,algiers,2026-01-22T06:30:45.830097
2026-01-22T09:00,12.4,89,10.6,10.6,93,3.3,2.0,1.3,0.0,0.0,63,1001.5,987.7,100,3980.0,13.3,70.6,algiers,2026-01-22T06:30:45.830097
2026-01-22T10:00,13.1,83,10.2,11.0,85,0.8,0.6,0.2,0.0,0.0,80,1001.5,987.7,100,23380.0,14.9,54.7,algiers,2026-01-22T06:30:45.830097
2026-01-22T11:00,13.3,84,10.6,10.5,90,1.3,0.0,1.3,0.0,0.0,95,1001.5,987.8,86,18720.0,20.6,59.8,algiers,2026-01-22T06:30:45.830097
2026-01-22T12:00,13.2,79,9.6,10.3,88,1.4,0.0,1.4,0.0,0.0,95,1002.1,988.3,99,29580.0,19.6,62.6,algiers,2026-01-22T06:30:45.830097
2026-01-22T13:00,13.4,75,9.0,10.0,73,0.9,0.0,0.9,0.0,0.0,95,1002.8,989.0,100,38720.0,21.0,61.2,algiers,2026-01-22T06:30:45.830097
2026-01-22T14:00,13.0,77,9.1,9.7,58,0.7,0.0,0.7,0.0,0.0,95,1003.8,990.0,100,33600.0,20.9,61.2,algiers,2026-01-22T06:30:45.830097
2026-01-22T15:00,13.0,78,9.3,10.2,48,0.6,0.0,0.6,0.0,0.0,95,1004.7,990.9,100,34720.0,18.0,59.4,algiers,2026-01-22T06:30:45.830097
2026-01-22T16:00,13.8,62,6.7,10.6,25,0.1,0.0,0.1,0.0,0.0,1,1004.4,990.6,41,63780.0,16.5,53.3,algiers,2026-01-22T06:30:45.830097
2026-01-22T17:00,13.5,61,6.1,10.2,5,0.0,0.0,0.0,0.0,0.0,2,1004.7,990.9,47,65160.0,15.9,49.0,algiers,2026-01-22T06:30:45.830097
2026-01-22T18:00,13.1,65,6.6,10.3,0,0.0,0.0,0.0,0.0,0.0,2,1005.5,991.7,48,60960.0,13.3,44.3,algiers,2026-01-22T06:30:45.830097
2026-01-22T19:00,12.8,65,6.4,10.2,0,0.0,0.0,0.0,0.0,0.0,2,1006.8,993.0,39,61120.0,11.6,37.8,algiers,2026-01-22T06:30:45.830097
2026-01-22T20:00,12.2,83,9.4,10.0,0,0.0,0.0,0.0,0.0,0.0,2,1007.4,993.5,49,26600.0,13.8,40.0,algiers,2026-01-22T06:30:45.830097
2026-01-22T21:00,12.2,86,9.9,10.5,0,0.0,0.0,0.0,0.0,0.0,2,1007.1,993.2,49,21640.0,11.3,57.2,algiers,2026-01-22T06:30:45.830097
2026-01-22T22:00,12.0,81,8.8,10.6,0,0.0,0.0,0.0,0.0,0.0,1,1006.7,992.8,22,30940.0,7.4,39.6,algiers,2026-01-22T06:30:45.830097
2026-01-22T23:00,11.4,69,5.9,9.3,0,0.0,0.0,0.0,0.0,0.0,0,1006.9,993.0,0,55240.0,6.9,33.5,algiers,2026-01-22T06:30:45.830097
2026-01-22T00:00,25.1,84,22.2,29.4,0,0.0,0.0,0.0,0.0,0.0,3,1012.2,1003.5,100,24140.0,5.4,8.6,luanda,2026-01-22T06:30:48.248726
2026-01-22T01:00,25.1,84,22.2,29.4,0,0.0,0.0,0.0,0.0,0.0,3,1012.0,1003.4,100,24140.0,5.1,8.3,luanda,2026-01-22T06:30:48.248726
2026-01-22T02:00,25.0,84,22.1,29.4,0,0.0,0.0,0.0,0.0,0.0,3,1011.5,1002.9,100,24140.0,4.6,7.6,luanda,2026-01-22T06:30:48.248726
2026-01-22T03:00,25.0,84,22.1,29.2,3,0.0,0.0,0.0,0.0,0.0,3,1011.6,1003.0,100,24140.0,5.1,7.9,luanda,2026-01-22T06:30:48.248726
2026-01-22T04:00,24.9,84,22.0,29.0,3,0.0,0.0,0.0,0.0,0.0,3,1011.8,1003.1,100,24140.0,6.0,8.6,luanda,2026-01-22T06:30:48.248726
2026-01-22T05:00,24.9,83,21.8,28.8,5,0.0,0.0,0.0,0.0,0.0,3,1012.2,1003.5,100,24140.0,6.0,9.0,luanda,2026-01-22T06:30:48.248726
2026-01-22T06:00,24.9,82,21.7,28.7,0,0.0,0.0,0.0,0.0,0.0,3,1012.8,1004.1,95,24140.0,6.6,9.4,luanda,2026-01-22T06:30:48.248726
2026-01-22T07:00,25.3,79,21.4,28.8,0,0.0,0.0,0.0,0.0,0.0,3,1012.8,1004.2,93,24140.0,7.7,11.9,luanda,2026-01-22T06:30:48.248726
2026-01-22T08:00,26.1,74,21.1,29.5,0,0.0,0.0,0.0,0.0,0.0,3,1013.1,1004.5,88,24140.0,7.4,12.2,luanda,2026-01-22T06:30:48.248726
2026-01-22T09:00,27.2,68,20.8,31.6,0,0.0,0.0,0.0,0.0,0.0,2,1013.2,1004.6,63,24140.0,5.4,11.9,luanda,2026-01-22T06:30:48.248726
2026-01-22T10:00,28.2,64,20.8,33.4,0,0.0,0.0,0.0,0.0,0.0,3,1013.2,1004.6,82,24140.0,5.2,9.4,luanda,2026-01-22T06:30:48.248726
2026-01-22T11:00,27.9,68,21.4,32.2,0,0.0,0.0,0.0,0.0,0.0,2,1012.4,1003.8,72,24140.0,12.2,18.0,luanda,2026-01-22T06:30:48.248726
2026-01-22T12:00,27.1,74,22.1,31.5,0,0.0,0.0,0.0,0.0,0.0,2,1011.1,1002.5,49,24140.0,15.5,22.0,luanda,2026-01-22T06:30:48.248726
2026-01-22T13:00,27.4,70,21.4,31.3,0,0.0,0.0,0.0,0.0,0.0,2,1009.5,1000.9,73,24140.0,17.0,24.5,luanda,2026-01-22T06:30:48.248726
2026-01-22T14:00,27.4,69,21.2,30.2,0,0.0,0.0,0.0,0.0,0.0,2,1008.4,999.8,76,24140.0,18.4,25.9,luanda,2026-01-22T06:30:48.248726
2026-01-22T15:00,26.9,75,22.1,29.4,0,0.0,0.0,0.0,0.0,0.0,2,1008.1,999.5,74,24140.0,18.4,26.3,luanda,2026-01-22T06:30:48.248726
2026-01-22T16:00,26.6,76,22.0,28.9,0,0.0,0.0,0.0,0.0,0.0,2,1008.3,999.7,66,24140.0,17.9,25.9,luanda,2026-01-22T06:30:48.248726
2026-01-22T17:00,26.3,78,22.1,28.8,0,0.0,0.0,0.0,0.0,0.0,2,1008.9,1000.3,62,24140.0,16.9,25.2,luanda,2026-01-22T06:30:48.248726
2026-01-22T18:00,25.9,80,22.2,28.5,0,0.0,0.0,0.0,0.0,0.0,1,1009.4,1000.8,38,24140.0,16.8,23.8,luanda,2026-01-22T06:30:48.248726
2026-01-22T19:00,25.7,82,22.4,28.6,0,0.0,0.0,0.0,0.0,0.0,2,1009.9,1001.3,73,24140.0,15.2,23.8,luanda,2026-01-22T06:30:48.248726
2026-01-22T20:00,25.6,83,22.5,28.7,0,0.0,0.0,0.0,0.0,0.0,3,1010.5,1001.9,100,24140.0,14.0,21.6,luanda,2026-01-22T06:30:48.248726
2026-01-22T21:00,25.6,83,22.5,28.9,0,0.0,0.0,0.0,0.0,0.0,3,1011.5,1002.9,100,24140.0,12.6,19.8,luanda,2026-01-22T06:30:48.248726
2026-01-22T22:00,25.6,83,22.5,29.0,0,0.0,0.0,0.0,0.0,0.0,2,1011.7,1003.1,67,24140.0,12.4,18.4,luanda,2026-01-22T06:30:48.248726
2026-01-22T23:00,25.5,83,22.4,28.7,0,0.0,0.0,0.0,0.0,0.0,3,1011.4,1002.8,99,24140.0,13.0,18.7,luanda,2026-01-22T06:30:48.248726
2026-01-22T00:00,24.1,62,16.3,24.4,0,0.0,0.0,0.0,0.0,0.0,0,1014.0,1011.9,49,24140.0,13.0,30.6,buenos_aires,2026-01-22T06:32:51.146327
2026-01-22T01:00,23.3,68,17.0,24.1,0,0.0,0.0,0.0,0.0,0.0,2,1014.0,1011.9,49,24140.0,11.5,26.6,buenos_aires,2026-01-22T06:32:51.146327
2026-01-22T02:00,22.8,73,17.7,24.2,0,0.0,0.0,0.0,0.0,0.0,1,1014.4,1012.3,33,24140.0,9.0,23.4,buenos_aires,2026-01-22T06:32:51.146327
2026-01-22T03:00,22.4,80,18.8,24.7,0,0.0,0.0,0.0,0.0,0.0,0,1014.7,1012.6,0,24140.0,6.2,17.6,buenos_aires,2026-01-22T06:32:51.146327
2026-01-22T04:00,22.3,73,17.3,24.0,0,0.0,0.0,0.0,0.0,0.0,0,1015.1,1013.0,0,24140.0,5.9,11.5,buenos_aires,2026-01-22T06:32:51.146327
2026-01-22T05:00,21.9,54,12.2,21.3,0,0.0,0.0,0.0,0.0,0.0,0,1015.1,1013.0,0,24140.0,8.2,15.8,buenos_aires,2026-01-22T06:32:51.146327
2026-01-22T06:00,21.3,54,11.6,20.6,0,0.0,0.0,0.0,0.0,0.0,0,1014.8,1012.7,0,24140.0,7.8,16.2,buenos_aires,2026-01-22T06:32:51.146327
2026-01-22T07:00,20.8,59,12.5,20.5,0,0.0,0.0,0.0,0.0,0.0,0,1014.6,1012.5,0,24140.0,7.6,15.1,buenos_aires,2026-01-22T06:32:51.146327
2026-01-22T08:00,20.8,66,14.2,20.6,0,0.0,0.0,0.0,0.0,0.0,0,1014.8,1012.7,0,24140.0,10.7,21.6,buenos_aires,2026-01-22T06:32:51.146327
2026-01-22T09:00,20.5,65,13.7,20.0,0,0.0,0.0,0.0,0.0,0.0,0,1015.7,1013.6,2,24140.0,11.6,23.8,buenos_aires,2026-01-22T06:32:51.146327
2026-01-22T10:00,20.6,67,14.2,20.1,0,0.0,0.0,0.0,0.0,0.0,1,1016.3,1014.2,7,24140.0,12.7,26.3,buenos_aires,2026-01-22T06:32:51.146327
2026-01-22T11:00,21.8,64,14.7,21.2,0,0.0,0.0,0.0,0.0,0.0,1,1017.1,1015.0,14,24140.0,14.4,29.9,buenos_aires,2026-01-22T06:32:51.146327
2026-01-22T12:00,23.6,59,15.1,23.2,0,0.0,0.0,0.0,0.0,0.0,0,1016.9,1014.8,3,24140.0,14.4,31.0,buenos_aires,2026-01-22T06:32:51.146327
2026-01-22T13:00,25.8,53,15.5,26.1,0,0.0,0.0,0.0,0.0,0.0,0,1016.6,1014.5,0,24140.0,15.0,33.1,buenos_aires,2026-01-22T06:32:51.146327
2026-01-22T14:00,27.9,46,15.2,28.9,0,0.0,0.0,0.0,0.0,0.0,0,1016.4,1014.3,0,24140.0,15.8,34.6,buenos_aires,2026-01-22T06:32:51.146327
2026-01-22T15:00,29.4,37,13.2,30.5,0,0.0,0.0,0.0,0.0,0.0,1,1016.1,1014.0,10,24140.0,15.1,34.6,buenos_aires,2026-01-22T06:32:51.146327
2026-01-22T16:00,30.3,32,11.8,31.1,0,0.0,0.0,0.0,0.0,0.0,1,1015.8,1013.7,7,24140.0,15.8,34.6,buenos_aires,2026-01-22T06:32:51.146327
2026-01-22T17:00,30.7,29,10.6,31.0,0,0.0,0.0,0.0,0.0,0.0,0,1015.2,1013.1,0,24140.0,16.9,37.1,buenos_aires,2026-01-22T06:32:51.146327
2026-01-22T18:00,30.8,33,12.7,31.5,0,0.0,0.0,0.0,0.0,0.0,0,1014.3,1012.3,0,24140.0,16.6,37.1,buenos_aires,2026-01-22T06:32:51.146327
2026-01-22T19:00,31.0,33,12.8,31.2,0,0.0,0.0,0.0,0.0,0.0,0,1013.2,1011.2,0,24140.0,16.2,36.4,buenos_aires,2026-01-22T06:32:51.146327
2026-01-22T20:00,30.6,34,12.9,29.9,0,0.0,0.0,0.0,0.0,0.0,0,1012.4,1010.4,0,24140.0,16.6,36.0,buenos_aires,2026-01-22T06:32:51.146327
2026-01-22T21:00,29.5,35,12.4,27.7,0,0.0,0.0,0.0,0.0,0.0,0,1011.8,1009.7,0,24140.0,17.2,36.7,buenos_aires,2026-01-22T06:32:51.146327
2026-01-22T22:00,28.1,40,13.2,26.6,0,0.0,0.0,0.0,0.0,0.0,0,1012.6,1010.5,0,24140.0,16.9,36.7,buenos_aires,2026-01-22T06:32:51.146327
2026-01-22T23:00,26.1,51,15.2,25.7,0,0.0,0.0,0.0,0.0,0.0,0,1013.5,1011.4,0,24140.0,14.4,35.6,buenos_aires,2026-01-22T06:32:51.146327
2026-01-22T00:00,26.5,80,22.8,27.9,3,0.0,0.0,0.0,0.0,0.0,2,1011.3,1010.7,36,24140.0,27.6,36.0,oranjestad,2026-01-22T06:32:53.560504
2026-01-22T01:00,26.5,80,22.8,27.9,0,0.0,0.0,0.0,0.0,0.0,1,1011.6,1011.0,41,24140.0,27.4,36.0,oranjestad,2026-01-22T06:32:53.560504
2026-01-22T02:00,26.6,80,22.8,27.9,0,0.0,0.0,0.0,0.0,0.0,2,1012.5,1011.9,51,24140.0,28.0,36.7,oranjestad,2026-01-22T06:32:53.560504
2026-01-22T03:00,26.4,82,23.1,27.8,0,0.0,0.0,0.0,0.0,0.0,2,1012.5,1011.9,49,19760.0,28.4,37.4,oranjestad,2026-01-22T06:32:53.560504
2026-01-22T04:00,26.4,81,22.8,27.8,0,0.0,0.0,0.0,0.0,0.0,2,1012.7,1012.1,49,24140.0,27.2,37.1,oranjestad,2026-01-22T06:32:53.560504
2026-01-22T05:00,26.3,82,23.0,27.8,10,0.0,0.0,0.0,0.0,0.0,2,1012.3,1011.7,55,23560.0,27.2,35.3,oranjestad,2026-01-22T06:32:53.560504
2026-01-22T06:00,26.0,84,23.1,27.8,15,0.1,0.0,0.1,0.0,0.0,2,1012.0,1011.4,63,24140.0,26.1,35.6,oranjestad,2026-01-22T06:32:53.560504
2026-01-22T07:00,26.0,84,23.1,27.8,25,0.1,0.0,0.1,0.0,0.0,2,1011.6,1011.0,72,19260.0,25.4,33.8,oranjestad,2026-01-22T06:32:53.560504
2026-01-22T08:00,25.9,84,23.0,27.6,28,0.1,0.0,0.1,0.0,0.0,2,1011.4,1010.8,76,21780.0,25.3,33.5,oranjestad,2026-01-22T06:32:53.560504
2026-01-22T09:00,25.8,84,22.9,27.7,23,0.1,0.0,0.1,0.0,0.0,2,1011.4,1010.8,76,24140.0,24.4,33.1,oranjestad,2026-01-22T06:32:53.560504
2026-01-22T10:00,25.8,84,22.9,27.5,23,0.1,0.0,0.1,0.0,0.0,3,1011.7,1011.1,100,24140.0,25.0,33.5,oranjestad,2026-01-22T06:32:53.560504
2026-01-22T11:00,25.7,84,22.8,27.5,33,0.1,0.0,0.1,0.0,0.0,2,1011.9,1011.3,57,24140.0,24.8,33.1,oranjestad,2026-01-22T06:32:53.560504
2026-01-22T12:00,25.6,84,22.7,27.5,33,0.1,0.0,0.1,0.0,0.0,1,1012.7,1012.1,43,24140.0,23.9,32.4,oranjestad,2026-01-22T06:32:53.560504
2026-01-22T13:00,25.8,83,22.7,27.7,18,0.1,0.0,0.1,0.0,0.0,2,1013.7,1013.1,50,24140.0,23.4,31.3,oranjestad,2026-01-22T06:32:53.560504
2026-01-22T14:00,26.1,80,22.4,27.9,13,0.0,0.0,0.0,0.0,0.0,1,1014.3,1013.7,35,24140.0,22.9,31.3,oranjestad,2026-01-22T06:32:53.560504
2026-01-22T15:00,26.4,79,22.4,28.6,10,0.0,0.0,0.0,0.0,0.0,2,1014.2,1013.6,51,24140.0,22.0,29.9,oranjestad,2026-01-22T06:32:53.560504
2026-01-22T16:00,26.4,78,22.3,29.4,3,0.0,0.0,0.0,0.0,0.0,2,1013.4,1012.8,54,24140.0,20.5,32.0,oranjestad,2026-01-22T06:32:53.560504
2026-01-22T17:00,26.5,78,22.4,30.0,3,0.1,0.0,0.1,0.0,0.0,2,1012.5,1011.9,69,24140.0,19.8,27.0,oranjestad,2026-01-22T06:32:53.560504
2026-01-22T18:00,26.7,78,22.5,30.5,0,0.1,0.0,0.1,0.0,0.0,3,1011.5,1010.9,89,24140.0,18.8,26.3,oranjestad,2026-01-22T06:32:53.560504
2026-01-22T19:00,26.8,78,22.7,30.2,0,0.0,0.0,0.0,0.0,0.0,1,1010.5,1009.9,39,24140.0,18.4,24.8,oranjestad,2026-01-22T06:32:53.560504
2026-01-22T20:00,26.8,78,22.7,29.5,0,0.0,0.0,0.0,0.0,0.0,1,1010.0,1009.4,20,24140.0,18.7,24.5,oranjestad,2026-01-22T06:32:53.560504
2026-01-22T21:00,26.8,78,22.6,29.2,0,0.0,0.0,0.0,0.0,0.0,1,1010.0,1009.4,14,24140.0,19.6,25.9,oranjestad,2026-01-22T06:32:53.560504
2026-01-22T22:00,26.7,79,22.7,28.8,0,0.0,0.0,0.0,0.0,0.0,1,1010.1,1009.5,13,24140.0,21.8,28.4,oranjestad,2026-01-22T06:32:53.560504
2026-01-22T23:00,26.5,80,22.8,28.6,0,0.0,0.0,0.0,0.0,0.0,1,1010.3,1009.7,13,24140.0,22.7,29.5,oranjestad,2026-01-22T06:32:53.560504
2026-01-22T00:00,29.8,52,18.9,33.5,0,0.0,0.0,0.0,0.0,0.0,1,1008.9,1005.8,88,24140.0,9.0,22.0,brisbane,2026-01-22T06:32:55.977256
2026-01-22T01:00,31.2,48,18.9,35.1,0,0.0,0.0,0.0,0.0,0.0,2,1008.6,1005.5,47,24140.0,8.9,26.3,brisbane,2026-01-22T06:32:55.977256
2026-01-22T02:00,32.7,44,18.9,37.8,0,0.0,0.0,0.0,0.0,0.0,2,1007.3,1004.3,61,24140.0,5.8,24.1,brisbane,2026-01-22T06:32:55.977256
2026-01-22T03:00,34.0,38,17.7,38.7,3,0.0,0.0,0.0,0.0,0.0,2,1006.6,1003.6,76,24140.0,2.8,16.9,brisbane,2026-01-22T06:32:55.977256
2026-01-22T04:00,34.1,37,17.4,36.7,3,0.0,0.0,0.0,0.0,0.0,2,1005.9,1002.9,81,24140.0,6.9,19.1,brisbane,2026-01-22T06:32:55.977256
2026-01-22T05:00,32.6,46,19.5,34.9,0,0.0,0.0,0.0,0.0,0.0,3,1005.8,1002.8,97,24140.0,11.2,29.9,brisbane,2026-01-22T06:32:55.977256
2026-01-22T06:00,31.8,50,20.1,33.9,0,0.0,0.0,0.0,0.0,0.0,3,1005.4,1002.4,94,24140.0,12.9,33.5,brisbane,2026-01-22T06:32:55.977256
2026-01-22T07:00,30.8,53,20.1,32.6,0,0.0,0.0,0.0,0.0,0.0,3,1006.0,1003.0,100,24140.0,14.2,34.9,brisbane,2026-01-22T06:32:55.977256
2026-01-22T08:00,29.3,58,20.2,31.2,0,0.0,0.0,0.0,0.0,0.0,3,1006.5,1003.4,95,24140.0,14.5,35.3,brisbane,2026-01-22T06:32:55.977256
2026-01-22T09:00,27.8,67,21.1,30.4,0,0.0,0.0,0.0,0.0,0.0,3,1007.3,1004.2,94,24140.0,12.5,34.6,brisbane,2026-01-22T06:32:55.977256
2026-01-22T10:00,26.9,70,20.9,29.7,0,0.0,0.0,0.0,0.0,0.0,3,1007.8,1004.7,93,24140.0,10.6,29.5,brisbane,2026-01-22T06:32:55.977256
2026-01-22T11:00,26.3,73,21.1,29.4,0,0.0,0.0,0.0,0.0,0.0,3,1008.3,1005.2,95,24140.0,9.5,25.2,brisbane,2026-01-22T06:32:55.977256
2026-01-22T12:00,26.2,73,21.0,29.5,0,0.0,0.0,0.0,0.0,0.0,3,1008.7,1005.6,94,24140.0,7.2,22.3,brisbane,2026-01-22T06:32:55.977256
2026-01-22T13:00,26.1,73,20.9,29.8,0,0.0,0.0,0.0,0.0,0.0,2,1009.1,1006.0,58,24140.0,4.1,16.9,brisbane,2026-01-22T06:32:55.977256
2026-01-22T14:00,25.7,76,21.2,29.9,0,0.0,0.0,0.0,0.0,0.0,2,1009.2,1006.1,76,24140.0,1.9,9.4,brisbane,2026-01-22T06:32:55.977256
2026-01-22T15:00,25.5,77,21.2,29.7,5,0.0,0.0,0.0,0.0,0.0,2,1009.3,1006.2,69,24140.0,2.1,4.7,brisbane,2026-01-22T06:32:55.977256
2026-01-22T16:00,25.2,78,21.1,28.6,18,0.0,0.0,0.0,0.0,0.0,3,1010.0,1006.9,94,24140.0,6.5,14.0,brisbane,2026-01-22T06:32:55.977256
2026-01-22T17:00,24.1,81,20.7,26.8,40,0.2,0.0,0.2,0.0,0.0,80,1011.5,1008.4,97,24140.0,10.7,33.1,brisbane,2026-01-22T06:32:55.977256
2026-01-22T18:00,23.8,83,20.8,27.2,45,0.6,0.0,0.6,0.0,0.0,80,1011.8,1008.7,97,24140.0,5.8,25.2,brisbane,2026-01-22T06:32:55.977256
2026-01-22T19:00,23.6,85,21.0,27.4,38,0.9,0.0,0.9,0.0,0.0,80,1012.7,1009.6,96,24140.0,4.0,14.0,brisbane,2026-01-22T06:32:55.977256
2026-01-22T20:00,23.6,85,21.0,27.6,28,0.4,0.0,0.4,0.0,0.0,80,1013.6,1010.5,92,24140.0,2.3,10.1,brisbane,2026-01-22T06:32:55.977256
2026-01-22T21:00,24.0,83,21.0,28.0,5,0.1,0.0,0.1,0.0,0.0,3,1014.4,1011.3,98,24140.0,2.9,8.3,brisbane,2026-01-22T06:32:55.977256
2026-01-22T22:00,24.9,80,21.2,28.4,0,0.0,0.0,0.0,0.0,0.0,3,1014.8,1011.7,96,24140.0,6.8,17.3,brisbane,2026-01-22T06:32:55.977256
2026-01-22T23:00,26.6,70,20.7,29.0,0,0.0,0.0,0.0,0.0,0.0,2,1015.1,1012.0,77,24140.0,12.3,30.6,brisbane,2026-01-22T06:32:55.977256
2026-01-22T00:00,21.4,49,10.3,22.1,0,0.0,0.0,0.0,0.0,0.0,2,1008.4,945.8,74,24140.0,3.4,11.9,canberra,2026-01-22T06:34:58.863040
2026-01-22T01:00,22.7,45,10.2,22.0,0,0.0,0.0,0.0,0.0,0.0,3,1008.2,945.9,85,24140.0,11.8,22.3,canberra,2026-01-22T06:34:58.863040
2026-01-22T02:00,22.5,44,9.7,21.2,0,0.0,0.0,0.0,0.0,0.0,2,1008.6,946.2,54,24140.0,18.0,33.5,canberra,2026-01-22T06:34:58.863040
2026-01-22T03:00,23.9,36,8.0,22.9,0,0.0,0.0,0.0,0.0,0.0,2,1008.2,946.1,50,24140.0,18.9,35.6,canberra,2026-01-22T06:34:58.863040
2026-01-22T04:00,24.9,31,6.6,23.4,0,0.0,0.0,0.0,0.0,0.0,1,1007.8,945.9,39,24140.0,19.5,37.1,canberra,2026-01-22T06:34:58.863040
2026-01-22T05:00,25.3,31,7.0,23.5,0,0.0,0.0,0.0,0.0,0.0,1,1007.4,945.6,42,24140.0,18.5,36.4,canberra,2026-01-22T06:34:58.863040
2026-01-22T06:00,25.0,31,6.7,22.4,0,0.0,0.0,0.0,0.0,0.0,2,1007.4,945.6,44,24140.0,18.1,34.6,canberra,2026-01-22T06:34:58.863040
2026-01-22T07:00,24.5,30,5.8,20.8,0,0.0,0.0,0.0,0.0,0.0,2,1008.0,946.0,51,24140.0,18.3,34.2,canberra,2026-01-22T06:34:58.863040
2026-01-22T08:00,22.0,40,7.8,17.5,0,0.0,0.0,0.0,0.0,0.0,2,1010.0,947.4,45,24140.0,26.7,49.0,canberra,2026-01-22T06:34:58.863040
2026-01-22T09:00,16.9,61,9.3,13.4,0,0.0,0.0,0.0,0.0,0.0,1,1012.5,948.7,40,24140.0,23.0,51.5,canberra,2026-01-22T06:34:58.863040
2026-01-22T10:00,14.9,65,8.4,11.7,0,0.0,0.0,0.0,0.0,0.0,2,1014.0,949.7,50,24140.0,19.2,41.4,canberra,2026-01-22T06:34:58.863040
2026-01-22T11:00,13.8,66,7.6,11.0,0,0.0,0.0,0.0,0.0,0.0,1,1015.1,950.5,41,24140.0,15.5,34.2,canberra,2026-01-22T06:34:58.863040
2026-01-22T12:00,12.9,65,6.5,10.1,0,0.0,0.0,0.0,0.0,0.0,2,1016.0,951.1,46,24140.0,13.4,28.1,canberra,2026-01-22T06:34:58.863040
2026-01-22T13:00,12.0,67,6.1,9.5,0,0.0,0.0,0.0,0.0,0.0,1,1016.6,951.5,39,24140.0,10.7,23.8,canberra,2026-01-22T06:34:58.863040
2026-01-22T14:00,11.4,71,6.4,9.1,0,0.0,0.0,0.0,0.0,0.0,2,1017.5,952.2,56,24140.0,9.6,18.7,canberra,2026-01-22T06:34:58.863040
2026-01-22T15:00,10.9,74,6.4,8.8,0,0.0,0.0,0.0,0.0,0.0,1,1017.8,952.4,6,24140.0,8.2,17.3,canberra,2026-01-22T06:34:58.863040
2026-01-22T16:00,10.3,76,6.2,8.5,0,0.0,0.0,0.0,0.0,0.0,1,1018.0,952.4,11,24140.0,6.1,15.1,canberra,2026-01-22T06:34:58.863040
2026-01-22T17:00,9.5,79,6.1,7.9,0,0.0,0.0,0.0,0.0,0.0,0,1018.5,952.7,0,24140.0,4.4,11.5,canberra,2026-01-22T06:34:58.863040
2026-01-22T18:00,8.7,82,5.8,7.0,0,0.0,0.0,0.0,0.0,0.0,1,1018.7,952.7,40,24140.0,5.1,9.7,canberra,2026-01-22T06:34:58.863040
2026-01-22T19:00,8.4,82,5.5,6.4,0,0.0,0.0,0.0,0.0,0.0,2,1019.2,953.1,63,24140.0,6.2,11.5,canberra,2026-01-22T06:34:58.863040
2026-01-22T20:00,9.4,76,5.4,7.4,0,0.0,0.0,0.0,0.0,0.0,3,1019.3,953.4,83,24140.0,6.2,11.9,canberra,2026-01-22T06:34:58.863040
2026-01-22T21:00,12.1,63,5.3,9.7,0,0.0,0.0,0.0,0.0,0.0,2,1019.4,954.1,79,24140.0,8.8,16.9,canberra,2026-01-22T06:34:58.863040
2026-01-22T22:00,13.7,61,6.3,11.2,0,0.0,0.0,0.0,0.0,0.0,2,1019.1,954.2,72,24140.0,11.0,20.2,canberra,2026-01-22T06:34:58.863040
2026-01-22T23:00,15.6,58,7.4,13.4,0,0.0,0.0,0.0,0.0,0.0,2,1018.4,954.0,67,24140.0,10.7,20.2,canberra,2026-01-22T06:34:58.863040
2026-01-22T00:00,18.3,52,8.3,15.7,0,0.0,0.0,0.0,0.0,0.0,1,1016.5,1014.4,63,24140.0,18.8,45.0,melbourne,2026-01-22T06:35:01.267154
2026-01-22T01:00,19.4,47,7.8,17.7,0,0.0,0.0,0.0,0.0,0.0,2,1016.2,1014.1,48,24140.0,18.8,45.7,melbourne,2026-01-22T06:35:01.267154
2026-01-22T02:00,19.9,45,7.7,18.6,0,0.0,0.0,0.0,0.0,0.0,1,1016.4,1014.3,40,24140.0,18.7,45.7,melbourne,2026-01-22T06:35:01.267154
2026-01-22T03:00,20.2,43,7.3,19.1,0,0.0,0.0,0.0,0.0,0.0,1,1015.9,1013.8,28,24140.0,19.1,46.8,melbourne,2026-01-22T06:35:01.267154
2026-01-22T04:00,20.3,43,7.4,19.0,0,0.0,0.0,0.0,0.0,0.0,1,1015.6,1013.5,24,24140.0,20.2,49.0,melbourne,2026-01-22T06:35:01.267154
2026-01-22T05:00,20.3,43,7.3,18.4,0,0.0,0.0,0.0,0.0,0.0,1,1015.4,1013.3,20,24140.0,21.2,51.1,melbourne,2026-01-22T06:35:01.267154
2026-01-22T06:00,19.9,44,7.3,17.2,0,0.0,0.0,0.0,0.0,0.0,1,1015.5,1013.4,32,24140.0,21.3,51.1,melbourne,2026-01-22T06:35:01.267154
2026-01-22T07:00,19.3,47,7.7,16.1,0,0.0,0.0,0.0,0.0,0.0,1,1015.7,1013.6,40,24140.0,19.2,50.0,melbourne,2026-01-22T06:35:01.267154
2026-01-22T08:00,18.6,48,7.4,15.4,0,0.0,0.0,0.0,0.0,0.0,1,1015.8,1013.7,34,24140.0,17.5,45.4,melbourne,2026-01-22T06:35:01.267154
2026-01-22T09:00,17.8,49,6.9,14.7,0,0.0,0.0,0.0,0.0,0.0,3,1016.0,1013.9,100,24140.0,15.8,40.7,melbourne,2026-01-22T06:35:01.267154
2026-01-22T10:00,16.9,54,7.5,14.2,0,0.0,0.0,0.0,0.0,0.0,3,1016.1,1013.9,100,24140.0,13.9,36.4,melbourne,2026-01-22T06:35:01.267154
2026-01-22T11:00,16.2,58,8.0,13.9,0,0.0,0.0,0.0,0.0,0.0,1,1016.5,1014.3,26,24140.0,12.7,31.7,melbourne,2026-01-22T06:35:01.267154
2026-01-22T12:00,15.7,66,9.4,13.9,0,0.0,0.0,0.0,0.0,0.0,1,1016.6,1014.4,25,24140.0,10.9,28.4,melbourne,2026-01-22T06:35:01.267154
2026-01-22T13:00,15.4,68,9.5,13.9,0,0.0,0.0,0.0,0.0,0.0,1,1016.6,1014.4,25,24140.0,9.6,24.5,melbourne,2026-01-22T06:35:01.267154
2026-01-22T14:00,15.1,72,10.1,13.9,0,0.0,0.0,0.0,0.0,0.0,0,1016.8,1014.6,5,24140.0,8.2,21.2,melbourne,2026-01-22T06:35:01.267154
2026-01-22T15:00,14.7,76,10.5,13.8,0,0.0,0.0,0.0,0.0,0.0,0,1016.6,1014.4,0,24140.0,7.4,17.6,melbourne,2026-01-22T06:35:01.267154
2026-01-22T16:00,14.4,77,10.4,13.5,0,0.0,0.0,0.0,0.0,0.0,0,1016.2,1014.0,0,24140.0,7.1,16.2,melbourne,2026-01-22T06:35:01.267154
2026-01-22T17:00,14.2,76,10.1,13.5,0,0.0,0.0,0.0,0.0,0.0,0,1016.2,1014.0,0,24140.0,5.6,15.1,melbourne,2026-01-22T06:35:01.267154
2026-01-22T18:00,13.8,78,10.1,13.2,0,0.0,0.0,0.0,0.0,0.0,0,1015.9,1013.7,0,24140.0,4.7,11.5,melbourne,2026-01-22T06:35:01.267154
2026-01-22T19:00,13.5,80,10.2,13.1,0,0.0,0.0,0.0,0.0,0.0,0,1016.3,1014.1,0,24140.0,3.6,9.4,melbourne,2026-01-22T06:35:01.267154
2026-01-22T20:00,13.2,82,10.2,12.8,0,0.0,0.0,0.0,0.0,0.0,0,1016.7,1014.5,0,24140.0,3.4,7.2,melbourne,2026-01-22T06:35:01.267154
2026-01-22T21:00,14.3,78,10.6,14.4,0,0.0,0.0,0.0,0.0,0.0,0,1017.4,1015.2,0,24140.0,0.5,7.2,melbourne,2026-01-22T06:35:01.267154
2026-01-22T22:00,15.8,64,9.0,15.4,0,0.0,0.0,0.0,0.0,0.0,0,1017.3,1015.1,0,24140.0,1.5,6.1,melbourne,2026-01-22T06:35:01.267154
2026-01-22T23:00,17.7,55,8.5,17.1,0,0.0,0.0,0.0,0.0,0.0,0,1016.7,1014.6,0,24140.0,3.8,12.2,melbourne,2026-01-22T06:35:01.267154
2026-01-22T00:00,28.6,33,10.8,27.1,0,0.0,0.0,0.0,0.0,0.0,1,1004.0,1001.3,39,24140.0,11.6,21.6,perth,2026-01-22T06:35:03.662336
2026-01-22T01:00,27.1,55,17.3,28.0,0,0.0,0.0,0.0,0.0,0.0,2,1004.2,1001.5,58,24140.0,11.6,20.5,perth,2026-01-22T06:35:03.662336
2026-01-22T02:00,25.2,77,20.9,28.2,0,0.0,0.0,0.0,0.0,0.0,2,1004.3,1001.5,59,24140.0,15.1,25.6,perth,2026-01-22T06:35:03.662336
2026-01-22T03:00,24.2,78,20.1,25.5,0,0.0,0.0,0.0,0.0,0.0,2,1004.5,1001.7,67,24140.0,25.3,41.8,perth,2026-01-22T06:35:03.662336
2026-01-22T04:00,23.7,81,20.2,25.2,0,0.0,0.0,0.0,0.0,0.0,2,1004.3,1001.5,76,24140.0,28.3,47.2,perth,2026-01-22T06:35:03.662336
2026-01-22T05:00,23.2,79,19.4,24.2,0,0.0,0.0,0.0,0.0,0.0,2,1004.1,1001.3,73,24140.0,28.2,47.9,perth,2026-01-22T06:35:03.662336
2026-01-22T06:00,23.2,77,19.0,23.8,0,0.0,0.0,0.0,0.0,0.0,2,1004.6,1001.8,65,24140.0,30.2,50.4,perth,2026-01-22T06:35:03.662336
2026-01-22T07:00,23.1,71,17.5,22.8,0,0.0,0.0,0.0,0.0,0.0,2,1004.4,1001.6,47,24140.0,28.7,51.1,perth,2026-01-22T06:35:03.662336
2026-01-22T08:00,22.8,78,18.7,22.3,0,0.0,0.0,0.0,0.0,0.0,2,1004.3,1001.5,62,24140.0,30.5,51.1,perth,2026-01-22T06:35:03.662336
2026-01-22T09:00,22.5,77,18.3,21.2,0,0.0,0.0,0.0,0.0,0.0,1,1003.7,1000.9,44,24140.0,29.7,50.8,perth,2026-01-22T06:35:03.662336
2026-01-22T10:00,22.1,74,17.3,20.5,0,0.0,0.0,0.0,0.0,0.0,1,1003.5,1000.7,27,24140.0,28.6,50.4,perth,2026-01-22T06:35:03.662336
2026-01-22T11:00,21.8,75,17.2,19.8,0,0.0,0.0,0.0,0.0,0.0,2,1004.7,1001.9,48,24140.0,31.0,51.8,perth,2026-01-22T06:35:03.662336
2026-01-22T12:00,21.6,74,16.8,19.7,0,0.0,0.0,0.0,0.0,0.0,2,1005.4,1002.6,70,24140.0,29.3,51.5,perth,2026-01-22T06:35:03.662336
2026-01-22T13:00,21.3,76,16.9,19.9,0,0.0,0.0,0.0,0.0,0.0,2,1005.9,1003.1,72,24140.0,26.3,48.2,perth,2026-01-22T06:35:03.662336
2026-01-22T14:00,21.2,75,16.6,20.3,0,0.0,0.0,0.0,0.0,0.0,3,1005.7,1002.9,100,24140.0,22.3,42.8,perth,2026-01-22T06:35:03.662336
2026-01-22T15:00,21.2,74,16.3,20.3,0,0.0,0.0,0.0,0.0,0.0,3,1005.4,1002.6,100,24140.0,21.1,35.6,perth,2026-01-22T06:35:03.662336
2026-01-22T16:00,21.1,76,16.7,19.9,0,0.0,0.0,0.0,0.0,0.0,3,1005.4,1002.6,100,24140.0,24.0,39.2,perth,2026-01-22T06:35:03.662336
2026-01-22T17:00,20.9,76,16.5,19.4,0,0.0,0.0,0.0,0.0,0.0,3,1005.4,1002.6,91,24140.0,25.9,42.8,perth,2026-01-22T06:35:03.662336
2026-01-22T18:00,20.8,76,16.4,19.5,0,0.0,0.0,0.0,0.0,0.0,3,1004.8,1002.0,100,24140.0,24.3,43.2,perth,2026-01-22T06:35:03.662336
2026-01-22T19:00,20.8,75,16.2,19.6,0,0.0,0.0,0.0,0.0,0.0,3,1005.0,1002.2,100,24140.0,22.5,39.6,perth,2026-01-22T06:35:03.662336
2026-01-22T20:00,20.9,75,16.3,19.7,0,0.0,0.0,0.0,0.0,0.0,3,1005.4,1002.6,100,24140.0,22.8,37.4,perth,2026-01-22T06:35:03.662336
2026-01-22T21:00,20.9,74,16.1,20.2,0,0.0,0.0,0.0,0.0,0.0,3,1005.7,1002.9,100,24140.0,19.1,37.4,perth,2026-01-22T06:35:03.662336
2026-01-22T22:00,21.1,72,15.8,20.7,0,0.0,0.0,0.0,0.0,0.0,3,1005.8,1003.0,100,24140.0,16.2,31.0,perth,2026-01-22T06:35:03.662336
2026-01-22T23:00,21.0,72,15.8,20.4,0,0.0,0.0,0.0,0.0,0.0,3,1006.2,1003.4,100,24140.0,17.8,29.2,perth,2026-01-22T06:35:03.662336
2026-01-22T00:00,25.5,56,16.1,27.2,0,0.0,0.0,0.0,0.0,0.0,1,1007.4,1007.4,31,24140.0,13.6,22.7,sydney,2026-01-22T06:37:06.583830
2026-01-22T01:00,25.9,53,15.6,27.0,0,0.0,0.0,0.0,0.0,0.0,2,1007.8,1007.8,56,24140.0,17.9,41.0,sydney,2026-01-22T06:37:06.583830
2026-01-22T02:00,24.4,58,15.6,23.9,0,0.0,0.0,0.0,0.0,0.0,3,1008.6,1008.6,88,24140.0,24.8,55.4,sydney,2026-01-22T06:37:06.583830
2026-01-22T03:00,22.7,54,12.9,20.1,0,0.0,0.0,0.0,0.0,0.0,2,1009.1,1009.1,80,24140.0,25.9,59.4,sydney,2026-01-22T06:37:06.583830
2026-01-22T04:00,23.0,49,11.7,20.5,0,0.0,0.0,0.0,0.0,0.0,2,1009.0,1009.0,75,24140.0,26.8,60.1,sydney,2026-01-22T06:37:06.583830
2026-01-22T05:00,22.5,51,11.9,19.9,0,0.0,0.0,0.0,0.0,0.0,3,1009.1,1009.1,90,24140.0,25.1,60.1,sydney,2026-01-22T06:37:06.583830
2026-01-22T06:00,22.1,50,11.2,19.0,0,0.0,0.0,0.0,0.0,0.0,3,1009.5,1009.5,85,24140.0,24.0,55.8,sydney,2026-01-22T06:37:06.583830
2026-01-22T07:00,21.4,54,11.7,18.5,0,0.0,0.0,0.0,0.0,0.0,3,1010.5,1010.5,95,24140.0,23.3,52.9,sydney,2026-01-22T06:37:06.583830
2026-01-22T08:00,20.3,60,12.3,17.9,0,0.0,0.0,0.0,0.0,0.0,3,1012.1,1012.1,92,24140.0,21.1,50.8,sydney,2026-01-22T06:37:06.583830
2026-01-22T09:00,19.5,64,12.5,17.6,0,0.0,0.0,0.0,0.0,0.0,3,1013.4,1013.4,97,24140.0,18.3,45.4,sydney,2026-01-22T06:37:06.583830
2026-01-22T10:00,19.1,66,12.6,17.7,0,0.0,0.0,0.0,0.0,0.0,3,1014.6,1014.6,98,24140.0,15.3,38.9,sydney,2026-01-22T06:37:06.583830
2026-01-22T11:00,19.0,62,11.5,17.6,0,0.0,0.0,0.0,0.0,0.0,3,1015.4,1015.4,96,24140.0,12.5,32.4,sydney,2026-01-22T06:37:06.583830
2026-01-22T12:00,18.8,64,11.8,17.9,3,0.0,0.0,0.0,0.0,0.0,3,1016.1,1016.1,97,24140.0,9.6,27.0,sydney,2026-01-22T06:37:06.583830
2026-01-22T13:00,18.5,66,12.0,18.2,3,0.0,0.0,0.0,0.0,0.0,3,1016.4,1016.4,93,24140.0,6.6,20.5,sydney,2026-01-22T06:37:06.583830
2026-01-22T14:00,18.2,69,12.4,18.3,0,0.0,0.0,0.0,0.0,0.0,2,1016.8,1016.8,81,24140.0,4.4,14.0,sydney,2026-01-22T06:37:06.583830
2026-01-22T15:00,17.7,73,12.8,18.0,0,0.0,0.0,0.0,0.0,0.0,3,1016.7,1016.7,97,24140.0,3.8,9.0,sydney,2026-01-22T06:37:06.583830
2026-01-22T16:00,17.2,77,13.2,17.6,0,0.1,0.0,0.1,0.0,0.0,3,1016.9,1016.9,100,24140.0,4.2,9.0,sydney,2026-01-22T06:37:06.583830
2026-01-22T17:00,16.9,79,13.3,17.4,3,0.0,0.0,0.0,0.0,0.0,3,1017.0,1017.0,84,24140.0,4.0,9.0,sydney,2026-01-22T06:37:06.583830
2026-01-22T18:00,16.6,80,13.2,17.1,0,0.0,0.0,0.0,0.0,0.0,2,1017.0,1017.0,74,24140.0,3.7,7.9,sydney,2026-01-22T06:37:06.583830
2026-01-22T19:00,16.2,82,13.1,16.7,0,0.0,0.0,0.0,0.0,0.0,2,1017.3,1017.3,53,24140.0,3.5,7.6,sydney,2026-01-22T06:37:06.583830
2026-01-22T20:00,16.3,82,13.2,16.8,0,0.0,0.0,0.0,0.0,0.0,2,1017.9,1017.9,48,24140.0,3.3,6.8,sydney,2026-01-22T06:37:06.583830
2026-01-22T21:00,18.0,73,13.1,18.2,0,0.0,0.0,0.0,0.0,0.0,2,1018.5,1018.5,44,24140.0,5.0,12.2,sydney,2026-01-22T06:37:06.583830
2026-01-22T22:00,19.6,67,13.3,19.7,0,0.0,0.0,0.0,0.0,0.0,2,1018.4,1018.4,58,24140.0,6.8,16.2,sydney,2026-01-22T06:37:06.583830
2026-01-22T23:00,20.9,57,12.0,20.2,0,0.0,0.0,0.0,0.0,0.0,2,1018.2,1018.2,71,24140.0,9.2,21.2,sydney,2026-01-22T06:37:06.583830
2026-01-22T00:00,-7.6,86,-9.5,-11.3,0,0.0,0.0,0.0,0.0,0.02,3,1008.6,963.1,88,13100.0,2.9,6.5,graz,2026-01-22T06:37:08.980026
2026-01-22T01:00,-7.9,87,-9.6,-11.5,0,0.0,0.0,0.0,0.0,0.02,3,1008.0,962.5,84,13040.0,2.7,6.1,graz,2026-01-22T06:37:08.980026
2026-01-22T02:00,-8.3,88,-9.9,-12.0,0,0.0,0.0,0.0,0.0,0.02,3,1007.6,962.1,100,10800.0,3.4,7.6,graz,2026-01-22T06:37:08.980026
2026-01-22T03:00,-8.7,90,-10.0,-12.5,0,0.0,0.0,0.0,0.0,0.02,3,1007.6,962.0,74,3000.0,4.0,10.4,graz,2026-01-22T06:37:08.980026
2026-01-22T04:00,-8.8,91,-10.0,-12.3,0,0.0,0.0,0.0,0.0,0.02,3,1006.0,960.5,65,3020.0,2.1,9.4,graz,2026-01-22T06:37:08.980026
2026-01-22T05:00,-8.8,90,-10.1,-12.5,0,0.0,0.0,0.0,0.0,0.02,3,1006.1,960.6,71,3020.0,2.9,6.8,graz,2026-01-22T06:37:08.980026
2026-01-22T06:00,-9.1,92,-10.2,-12.9,0,0.0,0.0,0.0,0.0,0.02,45,1005.9,960.3,64,3000.0,3.5,7.6,graz,2026-01-22T06:37:08.980026
2026-01-22T07:00,-9.4,93,-10.3,-13.1,0,0.0,0.0,0.0,0.0,0.02,45,1006.3,960.7,68,2100.0,3.3,7.2,graz,2026-01-22T06:37:08.980026
2026-01-22T08:00,-8.8,89,-10.2,-12.4,0,0.0,0.0,0.0,0.0,0.02,3,1006.2,960.7,100,1340.0,2.5,6.8,graz,2026-01-22T06:37:08.980026
2026-01-22T09:00,-7.7,83,-10.1,-11.1,0,0.0,0.0,0.0,0.0,0.02,3,1005.9,960.6,73,16980.0,0.8,5.8,graz,2026-01-22T06:37:08.980026
2026-01-22T10:00,-6.7,77,-10.0,-10.0,0,0.0,0.0,0.0,0.0,0.02,2,1005.4,960.2,60,27800.0,0.8,3.6,graz,2026-01-22T06:37:08.980026
2026-01-22T11:00,-5.6,71,-10.0,-9.1,0,0.0,0.0,0.0,0.0,0.02,1,1004.8,959.9,0,40940.0,1.8,6.5,graz,2026-01-22T06:37:08.980026
2026-01-22T12:00,-4.6,65,-10.2,-8.3,0,0.0,0.0,0.0,0.0,0.02,0,1003.9,959.2,0,51720.0,2.6,7.9,graz,2026-01-22T06:37:08.980026
2026-01-22T13:00,-4.0,65,-9.6,-7.6,0,0.0,0.0,0.0,0.0,0.02,0,1003.7,959.1,0,54180.0,2.5,8.3,graz,2026-01-22T06:37:08.980026
2026-01-22T14:00,-3.7,65,-9.3,-7.2,0,0.0,0.0,0.0,0.0,0.02,0,1003.6,959.0,0,54040.0,2.5,7.9,graz,2026-01-22T06:37:08.980026
2026-01-22T15:00,-3.8,68,-8.9,-7.3,0,0.0,0.0,0.0,0.0,0.02,0,1003.8,959.2,0,51940.0,2.3,7.2,graz,2026-01-22T06:37:08.980026
2026-01-22T16:00,-4.2,72,-8.5,-7.6,0,0.0,0.0,0.0,0.0,0.02,0,1004.2,959.5,0,48980.0,2.1,6.1,graz,2026-01-22T06:37:08.980026
2026-01-22T17:00,-4.6,75,-8.3,-7.9,0,0.0,0.0,0.0,0.0,0.02,0,1004.3,959.5,0,44940.0,1.3,4.0,graz,2026-01-22T06:37:08.980026
2026-01-22T18:00,-5.1,77,-8.5,-8.5,0,0.0,0.0,0.0,0.0,0.02,0,1004.4,959.5,0,41840.0,1.8,2.9,graz,2026-01-22T06:37:08.980026
2026-01-22T19:00,-6.3,83,-8.7,-9.9,0,0.0,0.0,0.0,0.0,0.02,0,1005.0,959.9,0,26400.0,3.6,6.8,graz,2026-01-22T06:37:08.980026
2026-01-22T20:00,-6.4,84,-8.7,-10.0,0,0.0,0.0,0.0,0.0,0.02,0,1005.5,960.4,0,26280.0,2.9,7.2,graz,2026-01-22T06:37:08.980026
2026-01-22T21:00,-6.2,83,-8.6,-9.6,0,0.0,0.0,0.0,0.0,0.02,0,1005.4,960.3,0,30140.0,1.8,5.0,graz,2026-01-22T06:37:08.980026
2026-01-22T22:00,-6.3,83,-8.7,-9.8,0,0.0,0.0,0.0,0.0,0.02,0,1005.2,960.1,0,29620.0,2.5,4.7,graz,2026-01-22T06:37:08.980026
2026-01-22T23:00,-6.3,82,-8.9,-9.9,0,0.0,0.0,0.0,0.0,0.02,0,1004.8,959.7,0,30120.0,2.9,5.0,graz,2026-01-22T06:37:08.980026
2026-01-22T00:00,-5.3,83,-7.7,-10.0,0,0.0,0.0,0.0,0.0,0.0,3,1007.1,982.8,99,18260.0,10.9,27.4,vienna,2026-01-22T06:37:11.382542
2026-01-22T01:00,-5.6,85,-7.7,-10.3,0,0.0,0.0,0.0,0.0,0.0,3,1006.3,982.0,100,14180.0,11.5,27.0,vienna,2026-01-22T06:37:11.382542
2026-01-22T02:00,-5.7,85,-7.8,-10.3,0,0.0,0.0,0.0,0.0,0.0,3,1005.6,981.3,100,14280.0,10.7,26.3,vienna,2026-01-22T06:37:11.382542
2026-01-22T03:00,-5.7,84,-7.9,-10.4,0,0.0,0.0,0.0,0.0,0.0,3,1005.5,981.2,100,14840.0,11.5,26.3,vienna,2026-01-22T06:37:11.382542
2026-01-22T04:00,-5.7,85,-7.8,-10.3,0,0.0,0.0,0.0,0.0,0.0,3,1004.5,980.2,100,13440.0,10.4,25.2,vienna,2026-01-22T06:37:11.382542
2026-01-22T05:00,-5.7,85,-7.8,-10.2,0,0.0,0.0,0.0,0.0,0.0,3,1004.7,980.4,100,13720.0,9.8,23.8,vienna,2026-01-22T06:37:11.382542
2026-01-22T06:00,-5.8,84,-8.0,-10.4,0,0.0,0.0,0.0,0.0,0.0,3,1004.8,980.5,100,14760.0,10.7,25.2,vienna,2026-01-22T06:37:11.382542
2026-01-22T07:00,-5.8,84,-8.0,-10.4,0,0.0,0.0,0.0,0.0,0.0,3,1005.0,980.7,100,14400.0,10.7,24.8,vienna,2026-01-22T06:37:11.382542
2026-01-22T08:00,-5.6,85,-7.7,-10.2,0,0.0,0.0,0.0,0.0,0.0,3,1004.8,980.5,100,13760.0,10.7,25.2,vienna,2026-01-22T06:37:11.382542
2026-01-22T09:00,-5.3,83,-7.7,-10.0,0,0.0,0.0,0.0,0.0,0.0,3,1004.5,980.3,100,16280.0,11.2,25.9,vienna,2026-01-22T06:37:11.382542
2026-01-22T10:00,-4.8,81,-7.5,-9.4,0,0.0,0.0,0.0,0.0,0.0,3,1004.0,979.8,100,19940.0,10.7,25.9,vienna,2026-01-22T06:37:11.382542
2026-01-22T11:00,-4.4,80,-7.3,-8.8,0,0.0,0.0,0.0,0.0,0.0,3,1003.7,979.6,100,22160.0,9.7,24.8,vienna,2026-01-22T06:37:11.382542
2026-01-22T12:00,-4.0,79,-7.1,-8.2,0,0.0,0.0,0.0,0.0,0.0,3,1003.6,979.5,100,24860.0,8.7,23.0,vienna,2026-01-22T06:37:11.382542
2026-01-22T13:00,-3.7,77,-7.1,-7.8,0,0.0,0.0,0.0,0.0,0.0,3,1003.8,979.7,100,27960.0,7.7,20.5,vienna,2026-01-22T06:37:11.382542
2026-01-22T14:00,-3.5,77,-7.0,-7.5,0,0.0,0.0,0.0,0.0,0.0,3,1004.0,979.9,100,28300.0,6.9,18.4,vienna,2026-01-22T06:37:11.382542
2026-01-22T15:00,-3.4,77,-6.9,-7.3,0,0.0,0.0,0.0,0.0,0.0,3,1004.4,980.3,100,29640.0,6.4,16.9,vienna,2026-01-22T06:37:11.382542
2026-01-22T16:00,-3.3,77,-6.8,-7.2,0,0.0,0.0,0.0,0.0,0.0,3,1004.6,980.5,100,30480.0,6.4,15.5,vienna,2026-01-22T06:37:11.382542
2026-01-22T17:00,-3.3,78,-6.6,-7.3,0,0.0,0.0,0.0,0.0,0.0,3,1004.3,980.2,100,28820.0,7.0,16.9,vienna,2026-01-22T06:37:11.382542
2026-01-22T18:00,-3.4,80,-6.3,-7.3,0,0.0,0.0,0.0,0.0,0.0,3,1004.1,980.0,86,25400.0,7.0,16.9,vienna,2026-01-22T06:37:11.382542
2026-01-22T19:00,-3.5,82,-6.1,-7.4,0,0.0,0.0,0.0,0.0,0.0,2,1004.2,980.1,75,21800.0,6.5,16.6,vienna,2026-01-22T06:37:11.382542
2026-01-22T20:00,-3.7,83,-6.1,-7.4,0,0.0,0.0,0.0,0.0,0.0,2,1004.6,980.5,70,19980.0,5.8,15.1,vienna,2026-01-22T06:37:11.382542
2026-01-22T21:00,-3.9,84,-6.2,-7.4,0,0.0,0.0,0.0,0.0,0.0,2,1004.7,980.6,57,16860.0,4.3,13.7,vienna,2026-01-22T06:37:11.382542
2026-01-22T22:00,-4.0,85,-6.2,-7.4,0,0.0,0.0,0.0,0.0,0.0,2,1004.7,980.6,67,15400.0,3.2,10.4,vienna,2026-01-22T06:37:11.382542
2026-01-22T23:00,-4.1,85,-6.2,-7.4,0,0.0,0.0,0.0,0.0,0.0,3,1004.5,980.4,94,14500.0,2.9,8.3,vienna,2026-01-22T06:37:11.382542
2026-01-22T00:00,4.4,77,0.7,0.2,0,0.0,0.0,0.0,0.0,0.0,3,995.9,994.3,100,50000.0,14.8,25.9,antwerp,2026-01-22T06:37:48.932560
2026-01-22T01:00,4.1,72,-0.5,0.0,0,0.0,0.0,0.0,0.0,0.0,3,995.5,993.9,100,18840.0,13.3,25.6,antwerp,2026-01-22T06:37:48.932560
2026-01-22T02:00,4.2,70,-0.8,0.0,0,0.0,0.0,0.0,0.0,0.0,3,995.3,993.7,100,50000.0,13.3,25.9,antwerp,2026-01-22T06:37:48.932560
2026-01-22T03:00,4.4,69,-0.7,0.3,0,0.0,0.0,0.0,0.0,0.0,3,994.9,993.3,100,20180.0,13.0,24.8,antwerp,2026-01-22T06:37:48.932560
2026-01-22T04:00,3.8,74,-0.4,-0.3,0,0.0,0.0,0.0,0.0,0.0,3,994.6,993.0,100,50000.0,13.7,25.2,antwerp,2026-01-22T06:37:48.932560
2026-01-22T05:00,3.8,73,-0.6,-0.5,0,0.0,0.0,0.0,0.0,0.0,3,994.7,993.1,98,17900.0,14.4,26.3,antwerp,2026-01-22T06:37:48.932560
2026-01-22T06:00,4.2,71,-0.6,-0.2,0,0.0,0.0,0.0,0.0,0.0,3,994.6,993.0,97,19380.0,14.8,27.4,antwerp,2026-01-22T06:37:48.932560
2026-01-22T07:00,4.3,71,-0.5,0.1,0,0.0,0.0,0.0,0.0,0.0,3,994.6,993.0,100,19260.0,14.4,27.4,antwerp,2026-01-22T06:37:48.932560
2026-01-22T08:00,4.1,73,-0.3,-0.1,0,0.0,0.0,0.0,0.0,0.0,3,994.9,993.3,100,50000.0,14.0,27.7,antwerp,2026-01-22T06:37:48.932560
2026-01-22T09:00,4.4,74,0.2,0.0,0,0.0,0.0,0.0,0.0,0.0,3,994.8,993.2,100,17820.0,15.5,29.5,antwerp,2026-01-22T06:37:48.932560
2026-01-22T10:00,5.3,72,0.7,1.3,0,0.0,0.0,0.0,0.0,0.0,3,994.6,993.0,100,18460.0,14.0,29.9,antwerp,2026-01-22T06:37:48.932560
2026-01-22T11:00,6.1,72,1.5,2.3,0,0.0,0.0,0.0,0.0,0.0,3,994.5,992.9,100,18880.0,13.7,27.4,antwerp,2026-01-22T06:37:48.932560
2026-01-22T12:00,6.7,72,2.0,2.9,0,0.0,0.0,0.0,0.0,0.0,3,994.0,992.4,100,50000.0,13.7,26.6,antwerp,2026-01-22T06:37:48.932560
2026-01-22T13:00,7.5,72,2.8,4.0,2,0.0,0.0,0.0,0.0,0.0,3,993.7,992.1,100,50000.0,13.0,27.0,antwerp,2026-01-22T06:37:48.932560
2026-01-22T14:00,8.1,74,3.8,4.7,4,0.0,0.0,0.0,0.0,0.0,3,993.7,992.1,100,17840.0,13.7,26.6,antwerp,2026-01-22T06:37:48.932560
2026-01-22T15:00,8.3,76,4.4,5.1,6,0.0,0.0,0.0,0.0,0.0,3,993.8,992.2,100,16640.0,13.3,26.3,antwerp,2026-01-22T06:37:48.932560
2026-01-22T16:00,8.1,81,5.0,5.2,6,0.1,0.1,0.0,0.0,0.0,51,994.1,992.5,100,50000.0,11.9,24.8,antwerp,2026-01-22T06:37:48.932560
2026-01-22T17:00,7.6,85,5.3,4.2,5,0.0,0.0,0.0,0.0,0.0,3,993.9,992.3,100,50000.0,15.5,29.5,antwerp,2026-01-22T06:37:48.932560
2026-01-22T18:00,7.2,86,5.0,4.3,4,0.0,0.0,0.0,0.0,0.0,3,993.6,992.0,100,11260.0,11.5,29.2,antwerp,2026-01-22T06:37:48.932560
2026-01-22T19:00,6.7,87,4.7,3.5,3,0.0,0.0,0.0,0.0,0.0,3,993.5,991.9,91,10760.0,13.3,24.8,antwerp,2026-01-22T06:37:48.932560
2026-01-22T20:00,6.4,88,4.6,3.2,1,0.0,0.0,0.0,0.0,0.0,3,993.2,991.6,100,50000.0,13.0,25.2,antwerp,2026-01-22T06:37:48.932560
2026-01-22T21:00,5.5,90,4.0,2.5,0,0.0,0.0,0.0,0.0,0.0,0,993.5,991.9,13,50000.0,11.2,24.5,antwerp,2026-01-22T06:37:48.932560
2026-01-22T22:00,5.3,91,3.9,2.1,0,0.0,0.0,0.0,0.0,0.0,3,993.4,991.8,99,8120.0,11.9,21.6,antwerp,2026-01-22T06:37:48.932560
2026-01-22T23:00,5.4,91,4.1,2.3,0,0.0,0.0,0.0,0.0,0.0,3,993.4,991.8,100,50000.0,11.9,23.8,antwerp,2026-01-22T06:37:48.932560
2026-01-22T00:00,6.0,64,-0.3,2.0,0,0.0,0.0,0.0,0.0,0.0,3,995.4,992.0,100,50000.0,13.0,22.3,brussels,2026-01-22T06:38:26.488442
2026-01-22T01:00,5.9,60,-1.2,2.3,0,0.0,0.0,0.0,0.0,0.0,3,995.2,991.8,100,25320.0,9.4,17.6,brussels,2026-01-22T06:38:26.488442
2026-01-22T02:00,5.6,61,-1.3,1.9,0,0.0,0.0,0.0,0.0,0.0,3,994.8,991.4,100,50000.0,9.7,19.1,brussels,2026-01-22T06:38:26.488442
2026-01-22T03:00,6.0,63,-0.5,1.8,0,0.0,0.0,0.0,0.0,0.0,3,994.4,991.0,100,23200.0,13.7,27.4,brussels,2026-01-22T06:38:26.488442
2026-01-22T04:00,6.0,67,0.3,2.1,0,0.0,0.0,0.0,0.0,0.0,3,994.1,990.7,100,50000.0,12.2,27.4,brussels,2026-01-22T06:38:26.488442
2026-01-22T05:00,5.3,71,0.5,1.5,0,0.0,0.0,0.0,0.0,0.0,3,994.4,991.0,100,19160.0,12.6,23.8,brussels,2026-01-22T06:38:26.488442
2026-01-22T06:00,4.8,73,0.4,0.7,0,0.0,0.0,0.0,0.0,0.0,3,994.3,990.9,100,18060.0,14.4,27.0,brussels,2026-01-22T06:38:26.488442
2026-01-22T07:00,4.9,72,0.3,0.8,0,0.0,0.0,0.0,0.0,0.0,3,994.2,990.8,100,18460.0,14.0,29.5,brussels,2026-01-22T06:38:26.488442
2026-01-22T08:00,5.0,72,0.4,0.9,0,0.0,0.0,0.0,0.0,0.0,3,994.5,991.1,100,50000.0,13.7,26.6,brussels,2026-01-22T06:38:26.488442
2026-01-22T09:00,5.9,70,0.8,1.9,0,0.0,0.0,0.0,0.0,0.0,3,994.4,991.0,100,19700.0,13.7,28.8,brussels,2026-01-22T06:38:26.488442
2026-01-22T10:00,7.0,68,1.5,3.4,0,0.0,0.0,0.0,0.0,0.0,3,994.3,990.9,100,21000.0,11.9,27.7,brussels,2026-01-22T06:38:26.488442
2026-01-22T11:00,8.1,67,2.4,4.8,1,0.0,0.0,0.0,0.0,0.0,3,994.1,990.7,100,21420.0,10.8,24.8,brussels,2026-01-22T06:38:26.488442
2026-01-22T12:00,8.8,69,3.5,5.6,2,0.0,0.0,0.0,0.0,0.0,3,993.6,990.2,100,50000.0,11.5,24.1,brussels,2026-01-22T06:38:26.488442
2026-01-22T13:00,8.8,72,4.0,5.7,5,0.0,0.0,0.0,0.0,0.0,3,993.7,990.3,100,50000.0,11.5,25.6,brussels,2026-01-22T06:38:26.488442
2026-01-22T14:00,8.2,77,4.4,5.3,8,0.1,0.1,0.0,0.0,0.0,51,993.7,990.3,100,28320.0,11.2,23.0,brussels,2026-01-22T06:38:26.488442
2026-01-22T15:00,8.0,80,4.7,5.1,10,0.1,0.1,0.0,0.0,0.0,51,993.9,990.5,100,14420.0,11.2,23.4,brussels,2026-01-22T06:38:26.488442
2026-01-22T16:00,7.7,80,4.5,4.4,8,0.0,0.0,0.0,0.0,0.0,3,994.0,990.6,100,50000.0,14.0,27.0,brussels,2026-01-22T06:38:26.488442
2026-01-22T17:00,7.6,80,4.4,4.3,3,0.0,0.0,0.0,0.0,0.0,3,993.7,990.3,100,50000.0,13.3,28.4,brussels,2026-01-22T06:38:26.488442
2026-01-22T18:00,7.3,83,4.6,4.3,0,0.0,0.0,0.0,0.0,0.0,0,993.5,990.1,16,12760.0,11.9,26.6,brussels,2026-01-22T06:38:26.488442
2026-01-22T19:00,7.1,86,5.0,3.9,0,0.0,0.0,0.0,0.0,0.0,3,993.3,989.9,99,11240.0,14.0,27.7,brussels,2026-01-22T06:38:26.488442
2026-01-22T20:00,6.4,89,4.7,3.3,1,0.0,0.0,0.0,0.0,0.0,0,993.2,989.8,16,50000.0,12.2,27.7,brussels,2026-01-22T06:38:26.488442
2026-01-22T21:00,6.2,89,4.5,3.3,2,0.0,0.0,0.0,0.0,0.0,1,993.4,990.0,24,50000.0,10.8,23.0,brussels,2026-01-22T06:38:26.488442
2026-01-22T22:00,6.7,88,4.8,3.2,2,0.0,0.0,0.0,0.0,0.0,3,993.3,989.9,100,9880.0,15.1,29.2,brussels,2026-01-22T06:38:26.488442
2026-01-22T23:00,7.1,88,5.2,4.0,2,0.0,0.0,0.0,0.0,0.0,3,993.3,989.9,100,50000.0,13.0,29.2,brussels,2026-01-22T06:38:26.488442
2026-01-22T00:00,9.1,79,5.7,7.7,8,0.0,0.0,0.0,0.0,0.0,3,1016.2,665.2,100,24140.0,2.4,14.4,la_paz,2026-01-22T06:39:44.189765
2026-01-22T01:00,8.4,83,5.7,6.8,30,0.0,0.0,0.0,0.0,0.0,3,1017.6,665.5,100,16140.0,3.6,7.9,la_paz,2026-01-22T06:39:44.189765
2026-01-22T02:00,7.5,83,4.8,5.5,15,0.0,0.0,0.0,0.0,0.0,3,1019.3,665.7,100,24140.0,5.3,11.9,la_paz,2026-01-22T06:39:44.189765
2026-01-22T03:00,6.5,82,3.7,4.3,10,0.0,0.0,0.0,0.0,0.0,3,1019.7,665.0,100,24140.0,5.4,12.6,la_paz,2026-01-22T06:39:44.189765
2026-01-22T04:00,5.6,83,3.0,3.3,5,0.0,0.0,0.0,0.0,0.0,1,1019.6,664.1,25,24140.0,4.6,12.2,la_paz,2026-01-22T06:39:44.189765
2026-01-22T05:00,4.7,84,2.3,2.2,3,0.0,0.0,0.0,0.0,0.0,1,1019.0,662.8,35,20640.0,5.2,11.5,la_paz,2026-01-22T06:39:44.189765
2026-01-22T06:00,4.0,84,1.6,1.4,5,0.0,0.0,0.0,0.0,0.0,1,1018.8,662.0,28,15500.0,5.2,11.9,la_paz,2026-01-22T06:39:44.189765
2026-01-22T07:00,3.4,85,1.1,0.7,3,0.0,0.0,0.0,0.0,0.0,1,1019.2,661.6,23,15240.0,5.0,11.5,la_paz,2026-01-22T06:39:44.189765
2026-01-22T08:00,2.7,87,0.7,-0.2,3,0.0,0.0,0.0,0.0,0.0,1,1019.2,660.9,8,15340.0,5.8,11.9,la_paz,2026-01-22T06:39:44.189765
2026-01-22T09:00,2.4,86,0.3,-0.5,5,0.0,0.0,0.0,0.0,0.0,1,1019.8,661.0,11,18440.0,6.0,12.2,la_paz,2026-01-22T06:39:44.189765
2026-01-22T10:00,2.1,85,-0.2,-1.0,5,0.0,0.0,0.0,0.0,0.0,1,1020.2,660.9,39,24140.0,6.3,13.3,la_paz,2026-01-22T06:39:44.189765
2026-01-22T11:00,2.5,83,-0.1,-0.7,5,0.0,0.0,0.0,0.0,0.0,0,1021.3,662.0,3,24140.0,7.0,14.8,la_paz,2026-01-22T06:39:44.189765
2026-01-22T12:00,6.3,75,2.2,3.9,3,0.0,0.0,0.0,0.0,0.0,1,1021.4,665.9,8,24140.0,4.4,14.8,la_paz,2026-01-22T06:39:44.189765
2026-01-22T13:00,8.5,54,-0.3,5.5,3,0.0,0.0,0.0,0.0,0.0,1,1021.1,667.9,18,24140.0,6.4,17.3,la_paz,2026-01-22T06:39:44.189765
2026-01-22T14:00,10.6,53,1.4,9.1,3,0.0,0.0,0.0,0.0,0.0,1,1019.8,669.0,27,20620.0,7.9,20.9,la_paz,2026-01-22T06:39:44.189765
2026-01-22T15:00,12.6,49,2.2,12.2,3,0.0,0.0,0.0,0.0,0.0,2,1018.1,669.8,45,18200.0,9.4,24.1,la_paz,2026-01-22T06:39:44.189765
2026-01-22T16:00,14.0,44,2.0,13.8,3,0.0,0.0,0.0,0.0,0.0,3,1016.3,669.9,86,24140.0,10.1,25.9,la_paz,2026-01-22T06:39:44.189765
2026-01-22T17:00,15.2,38,1.0,14.1,3,0.0,0.0,0.0,0.0,0.0,3,1014.2,669.7,94,24140.0,11.1,27.7,la_paz,2026-01-22T06:39:44.189765
2026-01-22T18:00,15.6,37,1.0,13.7,5,0.0,0.0,0.0,0.0,0.0,3,1012.5,668.9,100,24140.0,12.4,31.3,la_paz,2026-01-22T06:39:44.189765
2026-01-22T19:00,15.4,38,1.1,12.4,5,0.0,0.0,0.0,0.0,0.0,3,1010.9,667.6,100,24140.0,11.4,31.3,la_paz,2026-01-22T06:39:44.189765
2026-01-22T20:00,14.8,41,1.7,11.3,8,0.0,0.0,0.0,0.0,0.0,3,1010.0,666.5,94,24140.0,11.8,28.8,la_paz,2026-01-22T06:39:44.189765
2026-01-22T21:00,13.4,51,3.5,10.0,5,0.0,0.0,0.0,0.0,0.0,2,1010.3,665.4,79,15620.0,13.3,32.0,la_paz,2026-01-22T06:39:44.189765
2026-01-22T22:00,12.7,53,3.4,9.3,5,0.0,0.0,0.0,0.0,0.0,1,1011.2,665.4,31,24140.0,13.1,31.3,la_paz,2026-01-22T06:39:44.189765
2026-01-22T23:00,11.2,57,3.0,7.8,8,0.0,0.0,0.0,0.0,0.0,1,1012.7,664.9,26,24140.0,12.5,31.0,la_paz,2026-01-22T06:39:44.189765
2026-01-22T00:00,10.4,87,8.3,9.2,85,0.0,0.0,0.0,0.0,0.0,3,1016.9,733.4,100,19160.0,5.1,15.5,sucre,2026-01-22T06:39:46.584158
2026-01-22T01:00,10.1,89,8.4,9.1,30,0.4,0.0,0.4,0.0,0.0,80,1017.7,733.7,100,21680.0,4.6,13.3,sucre,2026-01-22T06:39:46.584158
2026-01-22T02:00,9.9,89,8.2,8.6,25,0.0,0.0,0.0,0.0,0.0,3,1018.8,734.3,100,21480.0,5.6,13.7,sucre,2026-01-22T06:39:46.584158
2026-01-22T03:00,9.6,91,8.2,8.4,25,0.1,0.0,0.1,0.0,0.0,3,1018.9,734.2,97,19060.0,5.1,13.7,sucre,2026-01-22T06:39:46.584158
2026-01-22T04:00,9.3,92,8.1,8.0,28,0.3,0.0,0.3,0.0,0.0,80,1018.6,733.7,100,19080.0,5.9,12.6,sucre,2026-01-22T06:39:46.584158
2026-01-22T05:00,9.0,95,8.2,7.7,33,0.4,0.0,0.4,0.0,0.0,80,1018.0,733.0,100,18420.0,6.0,12.6,sucre,2026-01-22T06:39:46.584158
2026-01-22T06:00,8.6,97,8.2,7.3,40,1.0,0.0,0.9,0.0,0.0,95,1017.8,732.6,100,1260.0,6.1,13.7,sucre,2026-01-22T06:39:46.584158
2026-01-22T07:00,8.5,97,8.0,7.0,50,1.5,0.7,0.9,0.0,0.0,95,1018.0,732.6,100,2200.0,6.6,14.0,sucre,2026-01-22T06:39:46.584158
2026-01-22T08:00,8.2,97,7.8,6.6,53,1.4,0.7,0.7,0.0,0.0,61,1018.0,732.4,100,5640.0,7.2,14.8,sucre,2026-01-22T06:39:46.584158
2026-01-22T09:00,8.1,96,7.5,6.5,43,0.5,0.3,0.3,0.0,0.0,61,1018.5,732.6,100,3600.0,6.3,15.1,sucre,2026-01-22T06:39:46.584158
2026-01-22T10:00,8.0,96,7.4,6.6,45,0.2,0.2,0.0,0.0,0.0,61,1018.8,732.8,100,20900.0,5.2,13.7,sucre,2026-01-22T06:39:46.584158
2026-01-22T11:00,8.0,96,7.4,6.7,38,0.1,0.1,0.0,0.0,0.0,61,1019.7,733.4,100,20940.0,4.1,11.2,sucre,2026-01-22T06:39:46.584158
2026-01-22T12:00,8.4,94,7.5,7.2,35,0.0,0.0,0.0,0.0,0.0,3,1019.9,733.9,99,24140.0,4.1,9.4,sucre,2026-01-22T06:39:46.584158
2026-01-22T13:00,9.3,89,7.6,7.8,30,0.0,0.0,0.0,0.0,0.0,3,1019.7,734.5,100,24140.0,5.9,11.9,sucre,2026-01-22T06:39:46.584158
2026-01-22T14:00,10.3,84,7.7,8.6,30,0.0,0.0,0.0,0.0,0.0,3,1019.0,734.8,100,14720.0,7.4,15.5,sucre,2026-01-22T06:39:46.584158
2026-01-22T15:00,10.8,80,7.5,8.8,33,0.0,0.0,0.0,0.0,0.0,3,1018.4,734.8,100,24140.0,9.4,18.7,sucre,2026-01-22T06:39:46.584158
2026-01-22T16:00,11.1,81,8.0,9.1,45,0.0,0.0,0.0,0.0,0.0,3,1018.0,734.8,95,24140.0,10.2,20.5,sucre,2026-01-22T06:39:46.584158
2026-01-22T17:00,12.4,78,8.7,10.9,53,0.0,0.0,0.0,0.0,0.0,3,1016.9,735.0,96,24140.0,10.7,22.0,sucre,2026-01-22T06:39:46.584158
2026-01-22T18:00,13.0,75,8.7,11.7,65,0.0,0.0,0.0,0.0,0.0,3,1015.5,734.5,100,14540.0,11.2,24.5,sucre,2026-01-22T06:39:46.584158
2026-01-22T19:00,13.2,74,8.7,11.4,65,0.0,0.0,0.0,0.0,0.0,3,1014.2,733.7,100,12280.0,12.9,29.5,sucre,2026-01-22T06:39:46.584158
2026-01-22T20:00,13.0,72,8.1,9.6,60,0.0,0.0,0.0,0.0,0.0,3,1013.1,732.7,100,12160.0,19.7,38.9,sucre,2026-01-22T06:39:46.584158
2026-01-22T21:00,12.4,75,8.1,9.6,63,0.0,0.0,0.0,0.0,0.0,3,1012.8,732.0,100,23920.0,15.8,38.9,sucre,2026-01-22T06:39:46.584158
2026-01-22T22:00,12.0,77,8.1,10.0,58,0.0,0.0,0.0,0.0,0.0,3,1013.7,732.4,100,24140.0,9.9,33.5,sucre,2026-01-22T06:39:46.584158
2026-01-22T23:00,11.3,78,7.6,9.6,63,0.1,0.0,0.1,0.0,0.0,3,1014.6,732.5,100,24140.0,7.7,23.4,sucre,2026-01-22T06:39:46.584158
2026-01-22T00:00,13.8,90,12.2,13.1,0,0.0,0.0,0.0,0.0,0.0,1,1018.7,914.8,40,24140.0,9.4,25.2,curitiba,2026-01-22T06:39:48.986505
2026-01-22T01:00,13.4,94,12.4,12.9,0,0.0,0.0,0.0,0.0,0.0,2,1019.3,915.2,53,24140.0,8.5,23.4,curitiba,2026-01-22T06:39:48.986505
2026-01-22T02:00,13.1,95,12.3,12.7,0,0.0,0.0,0.0,0.0,0.0,2,1019.1,914.9,59,24140.0,7.6,20.9,curitiba,2026-01-22T06:39:48.986505
2026-01-22T03:00,12.8,97,12.3,12.6,0,0.0,0.0,0.0,0.0,0.0,2,1018.7,914.4,63,24140.0,6.1,18.4,curitiba,2026-01-22T06:39:48.986505
2026-01-22T04:00,12.8,98,12.5,12.8,0,0.0,0.0,0.0,0.0,0.0,2,1018.1,913.9,61,10240.0,5.4,15.5,curitiba,2026-01-22T06:39:48.986505
2026-01-22T05:00,12.7,98,12.4,12.7,0,0.0,0.0,0.0,0.0,0.0,2,1017.7,913.5,64,9700.0,4.7,14.8,curitiba,2026-01-22T06:39:48.986505
2026-01-22T06:00,12.5,98,12.2,12.6,0,0.0,0.0,0.0,0.0,0.0,2,1017.4,913.2,72,8820.0,4.0,12.6,curitiba,2026-01-22T06:39:48.986505
2026-01-22T07:00,12.3,99,12.1,12.3,0,0.0,0.0,0.0,0.0,0.0,2,1017.2,912.9,75,11160.0,4.0,10.8,curitiba,2026-01-22T06:39:48.986505
2026-01-22T08:00,12.4,98,12.1,12.5,0,0.0,0.0,0.0,0.0,0.0,2,1017.7,913.4,69,24140.0,3.9,11.2,curitiba,2026-01-22T06:39:48.986505
2026-01-22T09:00,12.4,98,12.1,12.5,0,0.0,0.0,0.0,0.0,0.0,2,1018.3,913.9,66,24140.0,3.7,10.8,curitiba,2026-01-22T06:39:48.986505
2026-01-22T10:00,13.7,94,12.7,13.6,0,0.0,0.0,0.0,0.0,0.0,2,1019.2,915.2,73,24140.0,6.2,16.2,curitiba,2026-01-22T06:39:48.986505
2026-01-22T11:00,15.5,86,13.2,14.9,0,0.0,0.0,0.0,0.0,0.0,3,1019.2,915.8,88,24140.0,11.2,29.2,curitiba,2026-01-22T06:39:48.986505
2026-01-22T12:00,17.3,78,13.4,16.7,0,0.0,0.0,0.0,0.0,0.0,2,1019.1,916.3,80,24140.0,11.5,28.4,curitiba,2026-01-22T06:39:48.986505
2026-01-22T13:00,19.1,69,13.3,18.9,0,0.0,0.0,0.0,0.0,0.0,3,1018.8,916.6,83,24140.0,11.2,28.8,curitiba,2026-01-22T06:39:48.986505
2026-01-22T14:00,19.6,66,13.0,19.2,0,0.0,0.0,0.0,0.0,0.0,3,1018.3,916.4,86,24140.0,11.2,28.4,curitiba,2026-01-22T06:39:48.986505
2026-01-22T15:00,20.6,61,12.8,20.7,0,0.0,0.0,0.0,0.0,0.0,3,1017.8,916.2,86,24140.0,10.1,27.7,curitiba,2026-01-22T06:39:48.986505
2026-01-22T16:00,20.6,60,12.6,20.1,3,0.0,0.0,0.0,0.0,0.0,3,1017.3,915.8,95,24140.0,9.4,26.3,curitiba,2026-01-22T06:39:48.986505
2026-01-22T17:00,21.0,59,12.7,20.5,0,0.0,0.0,0.0,0.0,0.0,3,1016.9,915.5,94,24140.0,9.3,23.8,curitiba,2026-01-22T06:39:48.986505
2026-01-22T18:00,21.3,58,12.7,20.7,3,0.0,0.0,0.0,0.0,0.0,3,1016.1,914.9,90,24140.0,10.6,27.0,curitiba,2026-01-22T06:39:48.986505
2026-01-22T19:00,20.6,63,13.3,19.7,0,0.0,0.0,0.0,0.0,0.0,3,1015.9,914.5,82,24140.0,13.0,31.7,curitiba,2026-01-22T06:39:48.986505
2026-01-22T20:00,19.4,70,13.8,18.4,0,0.0,0.0,0.0,0.0,0.0,2,1015.9,914.1,76,24140.0,15.3,36.7,curitiba,2026-01-22T06:39:48.986505
2026-01-22T21:00,18.1,74,13.4,16.8,0,0.0,0.0,0.0,0.0,0.0,2,1016.2,914.0,53,24140.0,16.5,39.2,curitiba,2026-01-22T06:39:48.986505
2026-01-22T22:00,16.5,82,13.4,15.4,0,0.0,0.0,0.0,0.0,0.0,2,1017.2,914.4,59,24140.0,15.4,39.2,curitiba,2026-01-22T06:39:48.986505
2026-01-22T23:00,15.2,86,12.9,14.1,0,0.0,0.0,0.0,0.0,0.0,2,1018.2,914.8,52,24140.0,13.8,36.0,curitiba,2026-01-22T06:39:48.986505
2026-01-22T00:00,25.1,85,22.4,28.8,3,0.0,0.0,0.0,0.0,0.0,1,1011.5,1008.3,26,24140.0,9.7,19.1,natal,2026-01-22T06:39:51.390476
2026-01-22T01:00,24.8,88,22.6,28.7,0,0.0,0.0,0.0,0.0,0.0,1,1011.6,1008.4,34,24140.0,8.8,16.9,natal,2026-01-22T06:39:51.390476
2026-01-22T02:00,24.6,90,22.8,28.6,0,0.0,0.0,0.0,0.0,0.0,2,1011.0,1007.8,61,24140.0,8.9,15.8,natal,2026-01-22T06:39:51.390476
2026-01-22T03:00,24.5,90,22.8,28.6,0,0.0,0.0,0.0,0.0,0.0,2,1010.7,1007.5,75,24140.0,8.6,15.5,natal,2026-01-22T06:39:51.390476
2026-01-22T04:00,24.5,90,22.7,28.5,0,0.0,0.0,0.0,0.0,0.0,2,1010.3,1007.1,80,24140.0,8.9,15.5,natal,2026-01-22T06:39:51.390476
2026-01-22T05:00,24.3,90,22.6,28.3,0,0.0,0.0,0.0,0.0,0.0,3,1009.6,1006.4,82,24140.0,8.8,15.8,natal,2026-01-22T06:39:51.390476
2026-01-22T06:00,24.2,91,22.6,28.2,0,0.0,0.0,0.0,0.0,0.0,2,1009.6,1006.4,77,24140.0,8.4,15.8,natal,2026-01-22T06:39:51.390476
2026-01-22T07:00,24.0,92,22.6,28.1,0,0.0,0.0,0.0,0.0,0.0,2,1009.5,1006.3,78,24140.0,8.3,15.5,natal,2026-01-22T06:39:51.390476
2026-01-22T08:00,23.8,93,22.6,27.9,0,0.0,0.0,0.0,0.0,0.0,2,1010.2,1007.0,77,24140.0,8.3,15.1,natal,2026-01-22T06:39:51.390476
2026-01-22T09:00,23.9,93,22.7,28.1,5,0.0,0.0,0.0,0.0,0.0,2,1010.9,1007.7,80,24140.0,8.0,15.1,natal,2026-01-22T06:39:51.390476
2026-01-22T10:00,25.0,88,22.9,28.7,15,0.0,0.0,0.0,0.0,0.0,3,1011.9,1008.7,82,24140.0,12.0,22.7,natal,2026-01-22T06:39:51.390476
2026-01-22T11:00,26.4,80,22.6,29.3,13,0.0,0.0,0.0,0.0,0.0,2,1012.3,1009.1,80,24140.0,16.3,30.2,natal,2026-01-22T06:39:51.390476
2026-01-22T12:00,27.0,77,22.6,29.7,13,0.0,0.0,0.0,0.0,0.0,2,1012.6,1009.4,77,24140.0,17.6,32.8,natal,2026-01-22T06:39:51.390476
2026-01-22T13:00,27.9,73,22.6,30.7,5,0.2,0.0,0.2,0.0,0.0,3,1012.7,1009.5,84,24140.0,19.1,35.6,natal,2026-01-22T06:39:51.390476
2026-01-22T14:00,28.6,70,22.6,31.3,3,0.0,0.0,0.0,0.0,0.0,3,1012.2,1009.0,85,24140.0,21.1,39.2,natal,2026-01-22T06:39:51.390476
2026-01-22T15:00,29.8,63,22.0,32.6,18,0.0,0.0,0.0,0.0,0.0,2,1011.3,1008.1,73,24140.0,21.6,40.7,natal,2026-01-22T06:39:51.390476
2026-01-22T16:00,30.4,60,21.8,33.7,15,0.0,0.0,0.0,0.0,0.0,2,1010.4,1007.2,62,24140.0,21.9,41.4,natal,2026-01-22T06:39:51.390476
2026-01-22T17:00,30.3,60,21.7,33.2,8,0.0,0.0,0.0,0.0,0.0,2,1009.7,1006.5,50,24140.0,22.2,41.8,natal,2026-01-22T06:39:51.390476
2026-01-22T18:00,29.7,63,21.9,31.8,0,0.0,0.0,0.0,0.0,0.0,1,1009.3,1006.1,38,24140.0,22.4,42.1,natal,2026-01-22T06:39:51.390476
2026-01-22T19:00,28.9,63,21.2,30.1,0,0.0,0.0,0.0,0.0,0.0,1,1009.4,1006.2,33,24140.0,22.0,41.8,natal,2026-01-22T06:39:51.390476
2026-01-22T20:00,27.8,69,21.6,29.5,0,0.0,0.0,0.0,0.0,0.0,1,1010.0,1006.8,42,24140.0,20.8,40.7,natal,2026-01-22T06:39:51.390476
2026-01-22T21:00,26.6,76,22.0,28.9,0,0.0,0.0,0.0,0.0,0.0,1,1010.2,1007.0,41,24140.0,18.2,37.8,natal,2026-01-22T06:39:51.390476
2026-01-22T22:00,26.0,81,22.4,28.9,0,0.0,0.0,0.0,0.0,0.0,2,1010.2,1007.0,46,24140.0,15.3,32.8,natal,2026-01-22T06:39:51.390476
2026-01-22T23:00,25.7,82,22.4,28.8,3,0.0,0.0,0.0,0.0,0.0,2,1010.7,1007.5,48,24140.0,14.1,27.7,natal,2026-01-22T06:39:51.390476
2026-01-22T00:00,20.8,92,19.5,24.0,38,0.0,0.0,0.0,0.0,0.0,3,1017.3,1016.7,97,24140.0,2.6,7.6,rio_de_janeiro,2026-01-22T06:41:54.349295
2026-01-22T01:00,21.0,92,19.6,24.3,28,0.0,0.0,0.0,0.0,0.0,3,1017.6,1017.0,96,24140.0,2.0,7.6,rio_de_janeiro,2026-01-22T06:41:54.349295
2026-01-22T02:00,20.9,91,19.4,24.2,18,0.0,0.0,0.0,0.0,0.0,3,1017.1,1016.5,92,24140.0,1.8,6.5,rio_de_janeiro,2026-01-22T06:41:54.349295
2026-01-22T03:00,20.9,92,19.6,24.2,8,0.0,0.0,0.0,0.0,0.0,3,1016.2,1015.6,86,24140.0,2.2,6.8,rio_de_janeiro,2026-01-22T06:41:54.349295
2026-01-22T04:00,20.9,92,19.5,24.2,5,0.0,0.0,0.0,0.0,0.0,3,1015.1,1014.5,95,24140.0,1.9,6.5,rio_de_janeiro,2026-01-22T06:41:54.349295
2026-01-22T05:00,20.8,92,19.5,24.1,8,0.0,0.0,0.0,0.0,0.0,3,1014.7,1014.1,94,24140.0,1.8,5.4,rio_de_janeiro,2026-01-22T06:41:54.349295
2026-01-22T06:00,20.8,92,19.4,24.1,5,0.0,0.0,0.0,0.0,0.0,3,1014.2,1013.6,93,24140.0,1.8,5.8,rio_de_janeiro,2026-01-22T06:41:54.349295
2026-01-22T07:00,20.8,93,19.6,24.1,3,0.0,0.0,0.0,0.0,0.0,3,1014.3,1013.7,96,24140.0,2.2,6.5,rio_de_janeiro,2026-01-22T06:41:54.349295
2026-01-22T08:00,20.8,93,19.6,24.3,0,0.0,0.0,0.0,0.0,0.0,3,1014.7,1014.1,98,24140.0,1.6,6.1,rio_de_janeiro,2026-01-22T06:41:54.349295
2026-01-22T09:00,20.9,92,19.6,24.4,10,0.0,0.0,0.0,0.0,0.0,3,1015.5,1014.9,100,24140.0,1.0,4.7,rio_de_janeiro,2026-01-22T06:41:54.349295
2026-01-22T10:00,21.3,91,19.8,24.8,13,0.0,0.0,0.0,0.0,0.0,3,1015.9,1015.3,100,24140.0,1.8,5.8,rio_de_janeiro,2026-01-22T06:41:54.349295
2026-01-22T11:00,22.1,84,19.3,25.4,25,0.0,0.0,0.0,0.0,0.0,3,1016.5,1015.9,100,19380.0,1.5,7.6,rio_de_janeiro,2026-01-22T06:41:54.349295
2026-01-22T12:00,22.9,78,18.9,25.8,35,0.0,0.0,0.0,0.0,0.0,3,1016.8,1016.2,100,17320.0,2.6,9.4,rio_de_janeiro,2026-01-22T06:41:54.349295
2026-01-22T13:00,23.4,75,18.7,26.5,55,0.0,0.0,0.0,0.0,0.0,3,1017.0,1016.4,100,22060.0,0.5,9.4,rio_de_janeiro,2026-01-22T06:41:54.349295
2026-01-22T14:00,23.8,74,18.9,26.8,70,0.0,0.0,0.0,0.0,0.0,3,1016.7,1016.1,100,21220.0,2.1,7.9,rio_de_janeiro,2026-01-22T06:41:54.349295
2026-01-22T15:00,23.7,74,18.8,26.4,80,0.3,0.0,0.3,0.0,0.0,80,1016.1,1015.5,100,12280.0,4.4,13.0,rio_de_janeiro,2026-01-22T06:41:54.349295
2026-01-22T16:00,22.7,80,19.0,25.2,88,1.3,0.7,0.6,0.0,0.0,61,1016.0,1015.4,100,12040.0,5.8,16.2,rio_de_janeiro,2026-01-22T06:41:54.349295
2026-01-22T17:00,21.4,88,19.3,24.1,93,3.9,3.3,0.6,0.0,0.0,63,1016.0,1015.4,100,15360.0,5.5,18.0,rio_de_janeiro,2026-01-22T06:41:54.349295
2026-01-22T18:00,21.0,91,19.4,24.0,93,3.7,3.7,0.0,0.0,0.0,63,1015.8,1015.2,100,24140.0,3.7,15.5,rio_de_janeiro,2026-01-22T06:41:54.349295
2026-01-22T19:00,20.8,92,19.5,24.0,83,4.9,4.6,0.3,0.0,0.0,63,1015.6,1015.0,100,24060.0,2.6,13.0,rio_de_janeiro,2026-01-22T06:41:54.349295
2026-01-22T20:00,21.0,91,19.4,24.2,88,4.1,4.1,0.0,0.0,0.0,63,1015.3,1014.7,100,24140.0,2.6,10.1,rio_de_janeiro,2026-01-22T06:41:54.349295
2026-01-22T21:00,21.1,92,19.7,24.4,88,3.6,3.6,0.0,0.0,0.0,63,1015.2,1014.6,100,23800.0,2.3,9.4,rio_de_janeiro,2026-01-22T06:41:54.349295
2026-01-22T22:00,21.1,92,19.8,24.4,88,2.1,2.1,0.0,0.0,0.0,61,1015.7,1015.1,100,16480.0,3.3,10.1,rio_de_janeiro,2026-01-22T06:41:54.349295
2026-01-22T23:00,21.1,92,19.8,24.7,88,1.1,1.1,0.0,0.0,0.0,61,1016.2,1015.6,100,24140.0,1.1,9.4,rio_de_janeiro,2026-01-22T06:41:54.349295
2026-01-22T00:00,-1.3,96,-1.9,-5.0,65,1.4,0.0,0.0,0.98,0.02,73,1011.5,944.6,100,460.0,8.9,23.0,sofia,2026-01-22T06:41:56.743590
2026-01-22T01:00,-1.3,96,-1.8,-4.9,80,1.2,0.0,0.0,0.84,0.03,73,1010.8,944.0,100,460.0,8.8,21.6,sofia,2026-01-22T06:41:56.743590
2026-01-22T02:00,-1.3,97,-1.7,-4.9,80,1.3,0.0,0.0,0.91,0.04,73,1009.7,942.9,100,460.0,8.4,21.2,sofia,2026-01-22T06:41:56.743590
2026-01-22T03:00,-1.3,96,-1.9,-4.9,68,0.8,0.0,0.0,0.56,0.03,77,1009.6,942.8,100,580.0,8.0,21.2,sofia,2026-01-22T06:41:56.743590
2026-01-22T04:00,-1.3,96,-1.8,-4.6,58,0.2,0.0,0.0,0.14,0.03,71,1008.9,942.2,100,680.0,6.4,19.8,sofia,2026-01-22T06:41:56.743590
2026-01-22T05:00,-1.2,96,-1.8,-4.5,50,0.1,0.0,0.0,0.07,0.03,71,1008.4,941.7,98,1300.0,6.2,19.4,sofia,2026-01-22T06:41:56.743590
2026-01-22T06:00,-1.1,94,-1.9,-4.2,40,0.0,0.0,0.0,0.0,0.03,3,1008.3,941.7,97,4020.0,4.8,18.7,sofia,2026-01-22T06:41:56.743590
2026-01-22T07:00,-0.9,92,-2.0,-3.8,25,0.0,0.0,0.0,0.0,0.03,3,1008.0,941.4,84,5840.0,3.4,14.8,sofia,2026-01-22T06:41:56.743590
2026-01-22T08:00,-0.3,89,-1.9,-3.3,18,0.0,0.0,0.0,0.0,0.03,3,1007.7,941.3,88,8100.0,3.9,13.3,sofia,2026-01-22T06:41:56.743590
2026-01-22T09:00,0.2,85,-2.0,-2.7,10,0.0,0.0,0.0,0.0,0.03,3,1007.3,941.0,99,15120.0,3.7,14.8,sofia,2026-01-22T06:41:56.743590
2026-01-22T10:00,0.4,88,-1.4,-2.3,5,0.1,0.0,0.0,0.07,0.03,3,1006.7,940.5,100,11140.0,2.6,14.4,sofia,2026-01-22T06:41:56.743590
2026-01-22T11:00,0.4,92,-0.7,-2.2,3,0.2,0.0,0.0,0.14,0.02,71,1006.4,940.3,100,3920.0,2.5,11.2,sofia,2026-01-22T06:41:56.743590
2026-01-22T12:00,0.6,93,-0.4,-2.0,8,0.0,0.0,0.0,0.0,0.02,71,1006.0,939.9,99,2100.0,3.3,13.0,sofia,2026-01-22T06:41:56.743590
2026-01-22T13:00,1.1,90,-0.3,-1.4,13,0.0,0.0,0.0,0.0,0.02,3,1006.1,940.1,97,15120.0,2.8,11.2,sofia,2026-01-22T06:41:56.743590
2026-01-22T14:00,1.4,88,-0.4,-1.4,13,0.0,0.0,0.0,0.0,0.02,3,1005.7,939.8,99,11920.0,3.9,15.1,sofia,2026-01-22T06:41:56.743590
2026-01-22T15:00,0.9,90,-0.5,-1.6,5,0.0,0.0,0.0,0.0,0.02,2,1005.7,939.7,45,10960.0,2.3,14.8,sofia,2026-01-22T06:41:56.743590
2026-01-22T16:00,0.6,93,-0.4,-1.9,3,0.0,0.0,0.0,0.0,0.02,2,1005.9,939.8,36,8100.0,1.8,8.6,sofia,2026-01-22T06:41:56.743590
2026-01-22T17:00,0.3,94,-0.6,-2.1,0,0.0,0.0,0.0,0.0,0.02,2,1006.0,939.8,39,6800.0,1.3,7.6,sofia,2026-01-22T06:41:56.743590
2026-01-22T18:00,0.0,95,-0.7,-2.4,0,0.0,0.0,0.0,0.0,0.02,45,1006.1,939.9,49,6700.0,1.8,10.1,sofia,2026-01-22T06:41:56.743590
2026-01-22T19:00,-0.2,96,-0.7,-2.5,0,0.0,0.0,0.0,0.0,0.02,45,1006.5,940.2,100,6520.0,0.5,9.7,sofia,2026-01-22T06:41:56.743590
2026-01-22T20:00,-0.3,98,-0.5,-2.7,0,0.0,0.0,0.0,0.0,0.02,45,1006.8,940.5,100,5380.0,1.3,6.1,sofia,2026-01-22T06:41:56.743590
2026-01-22T21:00,-0.3,98,-0.6,-2.7,0,0.0,0.0,0.0,0.0,0.02,45,1006.9,940.5,91,5620.0,1.1,5.8,sofia,2026-01-22T06:41:56.743590
2026-01-22T22:00,-0.4,99,-0.5,-2.7,0,0.0,0.0,0.0,0.0,0.02,45,1007.0,940.6,98,5540.0,1.0,5.4,sofia,2026-01-22T06:41:56.743590
2026-01-22T23:00,-0.6,99,-0.7,-2.9,0,0.0,0.0,0.0,0.0,0.02,45,1006.7,940.3,81,4720.0,0.8,6.1,sofia,2026-01-22T06:41:56.743590
2026-01-22T00:00,19.6,83,16.6,21.0,0,0.0,0.0,0.0,0.0,0.0,3,1014.8,1013.1,100,24140.0,6.1,11.9,phnom_penh,2026-01-22T06:41:59.145677
2026-01-22T01:00,21.1,79,17.3,22.6,0,0.0,0.0,0.0,0.0,0.0,3,1015.9,1014.3,94,24140.0,7.6,13.7,phnom_penh,2026-01-22T06:41:59.145677
2026-01-22T02:00,23.2,72,17.9,24.5,0,0.0,0.0,0.0,0.0,0.0,2,1016.6,1015.0,75,24140.0,10.8,19.4,phnom_penh,2026-01-22T06:41:59.145677
2026-01-22T03:00,25.4,66,18.6,27.1,0,0.0,0.0,0.0,0.0,0.0,3,1016.7,1015.1,100,24140.0,12.2,22.7,phnom_penh,2026-01-22T06:41:59.145677
2026-01-22T04:00,27.4,59,18.7,29.8,0,0.0,0.0,0.0,0.0,0.0,3,1015.9,1014.3,100,24140.0,13.6,24.5,phnom_penh,2026-01-22T06:41:59.145677
2026-01-22T05:00,29.0,52,18.2,31.4,0,0.0,0.0,0.0,0.0,0.0,3,1015.2,1013.6,100,24140.0,15.1,27.0,phnom_penh,2026-01-22T06:41:59.145677
2026-01-22T06:00,30.0,47,17.5,32.0,0,0.0,0.0,0.0,0.0,0.0,3,1013.8,1012.2,100,24140.0,15.3,27.7,phnom_penh,2026-01-22T06:41:59.145677
2026-01-22T07:00,30.4,45,17.1,31.6,0,0.0,0.0,0.0,0.0,0.0,3,1012.4,1010.8,100,24140.0,14.7,27.7,phnom_penh,2026-01-22T06:41:59.145677
2026-01-22T08:00,30.8,42,16.4,31.3,0,0.0,0.0,0.0,0.0,0.0,3,1011.5,1009.9,100,24140.0,14.0,26.3,phnom_penh,2026-01-22T06:41:59.145677
2026-01-22T09:00,30.7,41,16.0,30.9,0,0.0,0.0,0.0,0.0,0.0,2,1011.2,1009.6,49,24140.0,13.0,25.2,phnom_penh,2026-01-22T06:41:59.145677
2026-01-22T10:00,30.3,39,14.8,30.1,0,0.0,0.0,0.0,0.0,0.0,3,1011.6,1010.0,96,24140.0,12.7,23.8,phnom_penh,2026-01-22T06:41:59.145677
2026-01-22T11:00,29.0,44,15.5,29.5,0,0.0,0.0,0.0,0.0,0.0,3,1012.4,1010.8,99,24140.0,9.7,22.3,phnom_penh,2026-01-22T06:41:59.145677
2026-01-22T12:00,27.4,52,16.7,28.6,0,0.0,0.0,0.0,0.0,0.0,3,1013.4,1011.8,93,24140.0,8.2,16.9,phnom_penh,2026-01-22T06:41:59.145677
2026-01-22T13:00,26.4,55,16.6,27.4,0,0.0,0.0,0.0,0.0,0.0,3,1014.1,1012.5,93,24140.0,8.4,14.4,phnom_penh,2026-01-22T06:41:59.145677
2026-01-22T14:00,25.5,57,16.4,26.5,0,0.0,0.0,0.0,0.0,0.0,3,1014.3,1012.7,97,24140.0,8.7,14.8,phnom_penh,2026-01-22T06:41:59.145677
2026-01-22T15:00,24.8,60,16.5,25.9,0,0.0,0.0,0.0,0.0,0.0,3,1014.6,1013.0,93,24140.0,8.4,14.8,phnom_penh,2026-01-22T06:41:59.145677
2026-01-22T16:00,24.3,62,16.6,25.3,0,0.0,0.0,0.0,0.0,0.0,2,1014.8,1013.2,79,24140.0,8.9,15.1,phnom_penh,2026-01-22T06:41:59.145677
2026-01-22T17:00,23.8,64,16.6,24.6,0,0.0,0.0,0.0,0.0,0.0,2,1015.2,1013.6,70,24140.0,10.5,18.0,phnom_penh,2026-01-22T06:41:59.145677
2026-01-22T18:00,23.4,65,16.4,24.1,0,0.0,0.0,0.0,0.0,0.0,3,1015.0,1013.4,86,24140.0,10.0,18.4,phnom_penh,2026-01-22T06:41:59.145677
2026-01-22T19:00,22.9,67,16.4,23.7,0,0.0,0.0,0.0,0.0,0.0,3,1014.5,1012.9,96,24140.0,9.4,17.3,phnom_penh,2026-01-22T06:41:59.145677
2026-01-22T20:00,22.2,67,15.8,22.9,0,0.0,0.0,0.0,0.0,0.0,1,1014.2,1012.6,38,24140.0,9.2,17.3,phnom_penh,2026-01-22T06:41:59.145677
2026-01-22T21:00,21.4,70,15.7,22.1,0,0.0,0.0,0.0,0.0,0.0,1,1014.4,1012.8,40,24140.0,8.4,15.8,phnom_penh,2026-01-22T06:41:59.145677
2026-01-22T22:00,20.8,73,15.8,21.6,0,0.0,0.0,0.0,0.0,0.0,2,1014.9,1013.3,53,24140.0,7.8,14.0,phnom_penh,2026-01-22T06:41:59.145677
2026-01-22T23:00,20.3,74,15.5,21.1,0,0.0,0.0,0.0,0.0,0.0,2,1015.9,1014.2,49,24140.0,7.8,13.3,phnom_penh,2026-01-22T06:41:59.145677
2026-01-22T00:00,-4.1,47,-13.8,-9.5,0,0.0,0.0,0.0,0.0,0.0,0,1025.6,899.5,12,40400.0,12.5,27.0,calgary,2026-01-22T06:42:01.548671
2026-01-22T01:00,-5.2,45,-15.3,-10.5,0,0.0,0.0,0.0,0.0,0.0,3,1026.2,899.6,98,42900.0,11.0,27.0,calgary,2026-01-22T06:42:01.548671
2026-01-22T02:00,-6.2,46,-15.9,-11.5,0,0.0,0.0,0.0,0.0,0.0,3,1027.0,899.8,98,41600.0,11.6,28.1,calgary,2026-01-22T06:42:01.548671
2026-01-22T03:00,-6.3,46,-16.0,-10.7,0,0.0,0.0,0.0,0.0,0.0,1,1027.8,900.5,43,42000.0,5.1,17.6,calgary,2026-01-22T06:42:01.548671
2026-01-22T04:00,-6.4,41,-17.5,-11.7,0,0.0,0.0,0.0,0.0,0.0,0,1028.4,901.0,13,47800.0,11.2,21.2,calgary,2026-01-22T06:42:01.548671
2026-01-22T05:00,-7.1,45,-17.1,-12.2,0,0.0,0.0,0.0,0.0,0.0,0,1028.7,900.9,9,42400.0,9.4,28.8,calgary,2026-01-22T06:42:01.548671
2026-01-22T06:00,-8.4,47,-17.7,-13.7,0,0.0,0.0,0.0,0.0,0.0,0,1028.6,900.3,5,41000.0,11.1,31.3,calgary,2026-01-22T06:42:01.548671
2026-01-22T07:00,-9.7,45,-19.5,-15.5,0,0.0,0.0,0.0,0.0,0.0,1,1029.1,900.1,22,42300.0,13.4,29.9,calgary,2026-01-22T06:42:01.548671
2026-01-22T08:00,-11.0,49,-19.7,-16.5,0,0.0,0.0,0.0,0.0,0.0,3,1029.6,899.9,100,37900.0,11.3,25.6,calgary,2026-01-22T06:42:01.548671
2026-01-22T09:00,-11.9,53,-19.5,-17.0,0,0.0,0.0,0.0,0.0,0.0,3,1029.7,899.6,100,33700.0,9.2,18.0,calgary,2026-01-22T06:42:01.548671
2026-01-22T10:00,-12.5,57,-19.3,-17.4,0,0.0,0.0,0.0,0.0,0.0,3,1029.8,899.5,100,30400.0,7.9,14.0,calgary,2026-01-22T06:42:01.548671
2026-01-22T11:00,-12.9,61,-18.9,-17.7,0,0.0,0.0,0.0,0.0,0.0,3,1029.8,899.2,100,27900.0,6.9,10.4,calgary,2026-01-22T06:42:01.548671
2026-01-22T12:00,-13.3,63,-18.8,-18.1,0,0.0,0.0,0.0,0.0,0.0,3,1030.8,900.0,100,26000.0,7.4,9.0,calgary,2026-01-22T06:42:01.548671
2026-01-22T13:00,-13.4,65,-18.6,-18.1,1,0.0,0.0,0.0,0.0,0.0,3,1031.6,900.6,100,25100.0,6.6,8.3,calgary,2026-01-22T06:42:01.548671
2026-01-22T14:00,-13.4,65,-18.6,-18.0,2,0.0,0.0,0.0,0.0,0.0,3,1032.4,901.3,100,25200.0,5.7,7.2,calgary,2026-01-22T06:42:01.548671
2026-01-22T15:00,-13.4,64,-18.8,-17.9,3,0.0,0.0,0.0,0.0,0.0,3,1032.7,901.5,100,25400.0,4.9,5.8,calgary,2026-01-22T06:42:01.548671
2026-01-22T16:00,-13.4,64,-18.8,-18.0,3,0.0,0.0,0.0,0.0,0.0,3,1033.0,901.8,100,25500.0,5.6,6.8,calgary,2026-01-22T06:42:01.548671
2026-01-22T17:00,-13.1,63,-18.7,-17.9,4,0.0,0.0,0.0,0.0,0.0,3,1033.5,902.4,100,25800.0,6.6,8.3,calgary,2026-01-22T06:42:01.548671
2026-01-22T18:00,-12.7,62,-18.5,-17.6,4,0.0,0.0,0.0,0.0,0.0,3,1033.9,902.9,100,26600.0,7.5,9.0,calgary,2026-01-22T06:42:01.548671
2026-01-22T19:00,-12.7,62,-18.5,-17.7,4,0.0,0.0,0.0,0.0,0.0,3,1034.3,903.3,100,26700.0,8.1,9.7,calgary,2026-01-22T06:42:01.548671
2026-01-22T20:00,-12.9,61,-18.8,-18.0,6,0.0,0.0,0.0,0.0,0.0,3,1034.5,903.4,100,27100.0,9.2,10.8,calgary,2026-01-22T06:42:01.548671
2026-01-22T21:00,-12.9,61,-18.9,-18.1,6,0.0,0.0,0.0,0.0,0.0,3,1035.4,904.1,100,27600.0,9.8,11.5,calgary,2026-01-22T06:42:01.548671
2026-01-22T22:00,-13.0,60,-19.1,-18.3,6,0.0,0.0,0.0,0.0,0.0,3,1036.3,904.9,100,27700.0,10.3,12.2,calgary,2026-01-22T06:42:01.548671
2026-01-22T23:00,-13.3,63,-18.8,-18.5,7,0.0,0.0,0.0,0.0,0.0,3,1037.0,905.4,100,25800.0,10.2,12.6,calgary,2026-01-22T06:42:01.548671
2026-01-22T00:00,-9.5,59,-16.0,-14.8,0,0.0,0.0,0.0,0.0,0.29,0,1031.2,951.5,17,24140.0,11.4,27.7,edmonton,2026-01-22T06:44:04.397584
2026-01-22T01:00,-10.7,64,-16.2,-16.0,0,0.0,0.0,0.0,0.0,0.29,0,1032.2,952.0,2,22120.0,10.8,19.8,edmonton,2026-01-22T06:44:04.397584
2026-01-22T02:00,-11.9,66,-17.0,-17.2,0,0.0,0.0,0.0,0.0,0.29,1,1033.1,952.5,9,24140.0,11.3,19.4,edmonton,2026-01-22T06:44:04.397584
2026-01-22T03:00,-12.9,70,-17.2,-18.4,0,0.0,0.0,0.0,0.0,0.29,0,1034.1,953.1,0,24140.0,12.3,21.2,edmonton,2026-01-22T06:44:04.397584
2026-01-22T04:00,-13.7,72,-17.7,-19.4,0,0.0,0.0,0.0,0.0,0.29,0,1034.8,953.5,4,15880.0,13.1,22.7,edmonton,2026-01-22T06:44:04.397584
2026-01-22T05:00,-14.5,74,-18.1,-20.0,0,0.0,0.0,0.0,0.0,0.29,2,1035.5,953.9,61,3760.0,12.3,22.7,edmonton,2026-01-22T06:44:04.397584
2026-01-22T06:00,-15.2,75,-18.6,-20.5,0,0.0,0.0,0.0,0.0,0.29,1,1036.4,954.6,42,2720.0,10.5,20.9,edmonton,2026-01-22T06:44:04.397584
2026-01-22T07:00,-15.9,76,-19.2,-21.0,0,0.0,0.0,0.0,0.0,0.29,1,1037.2,955.1,8,2780.0,8.9,18.0,edmonton,2026-01-22T06:44:04.397584
2026-01-22T08:00,-16.7,78,-19.6,-21.6,0,0.0,0.0,0.0,0.0,0.29,2,1037.7,955.3,67,5800.0,7.7,15.1,edmonton,2026-01-22T06:44:04.397584
2026-01-22T09:00,-17.3,79,-20.1,-22.1,0,0.0,0.0,0.0,0.0,0.29,3,1038.0,955.4,93,8280.0,6.4,13.0,edmonton,2026-01-22T06:44:04.397584
2026-01-22T10:00,-17.7,80,-20.3,-22.4,0,0.0,0.0,0.0,0.0,0.29,3,1038.5,955.7,96,6360.0,5.6,10.4,edmonton,2026-01-22T06:44:04.397584
2026-01-22T11:00,-18.0,82,-20.4,-22.7,0,0.0,0.0,0.0,0.0,0.29,3,1038.9,956.0,96,4300.0,5.8,9.4,edmonton,2026-01-22T06:44:04.397584
2026-01-22T12:00,-18.3,83,-20.5,-23.1,0,0.0,0.0,0.0,0.0,0.29,3,1039.7,956.6,98,2920.0,6.1,10.4,edmonton,2026-01-22T06:44:04.397584
2026-01-22T13:00,-18.6,82,-20.9,-23.5,0,0.0,0.0,0.0,0.0,0.29,3,1040.5,957.3,99,4400.0,6.6,11.2,edmonton,2026-01-22T06:44:04.397584
2026-01-22T14:00,-19.1,81,-21.6,-23.9,0,0.0,0.0,0.0,0.0,0.29,3,1041.6,958.1,97,13380.0,6.1,11.2,edmonton,2026-01-22T06:44:04.397584
2026-01-22T15:00,-19.6,80,-22.2,-24.5,0,0.0,0.0,0.0,0.0,0.29,3,1042.3,958.6,98,22320.0,6.6,11.2,edmonton,2026-01-22T06:44:04.397584
2026-01-22T16:00,-20.2,79,-22.9,-25.2,0,0.0,0.0,0.0,0.0,0.29,3,1042.9,959.0,98,24140.0,7.4,13.0,edmonton,2026-01-22T06:44:04.397584
2026-01-22T17:00,-20.6,78,-23.5,-25.8,0,0.0,0.0,0.0,0.0,0.29,3,1043.8,959.7,99,24140.0,8.8,15.5,edmonton,2026-01-22T06:44:04.397584
2026-01-22T18:00,-20.8,74,-24.3,-26.1,0,0.0,0.0,0.0,0.0,0.29,3,1044.8,960.5,95,24140.0,9.2,16.6,edmonton,2026-01-22T06:44:04.397584
2026-01-22T19:00,-20.8,69,-25.0,-26.2,0,0.0,0.0,0.0,0.0,0.29,3,1045.5,961.2,89,24140.0,9.7,17.3,edmonton,2026-01-22T06:44:04.397584
2026-01-22T20:00,-20.7,65,-25.5,-26.0,0,0.0,0.0,0.0,0.0,0.29,1,1045.9,961.6,9,24140.0,9.2,17.3,edmonton,2026-01-22T06:44:04.397584
2026-01-22T21:00,-20.6,62,-26.0,-25.9,0,0.0,0.0,0.0,0.0,0.29,0,1045.8,961.5,0,24140.0,8.7,16.6,edmonton,2026-01-22T06:44:04.397584
2026-01-22T22:00,-20.8,61,-26.3,-26.0,0,0.0,0.0,0.0,0.0,0.29,0,1046.0,961.7,0,24140.0,8.6,15.5,edmonton,2026-01-22T06:44:04.397584
2026-01-22T23:00,-21.2,62,-26.5,-26.5,0,0.0,0.0,0.0,0.0,0.29,0,1046.1,961.6,0,24140.0,8.7,15.5,edmonton,2026-01-22T06:44:04.397584
2026-01-22T00:00,-6.9,85,-9.0,-12.9,37,0.3,0.1,0.0,0.14,0.07,71,1017.6,1013.8,100,6400.0,19.1,55.1,montreal,2026-01-22T06:44:06.790998
2026-01-22T01:00,-6.9,84,-9.1,-12.8,17,0.5,0.2,0.0,0.21,0.08,73,1016.5,1012.7,100,16500.0,18.4,48.2,montreal,2026-01-22T06:44:06.790998
2026-01-22T02:00,-6.7,83,-9.1,-12.1,18,0.0,0.0,0.0,0.0,0.08,3,1015.6,1011.8,100,16800.0,15.1,43.2,montreal,2026-01-22T06:44:06.790998
2026-01-22T03:00,-6.3,83,-8.7,-11.7,19,0.0,0.0,0.0,0.0,0.08,3,1014.2,1010.4,100,16900.0,15.6,46.4,montreal,2026-01-22T06:44:06.790998
2026-01-22T04:00,-5.7,78,-8.9,-11.0,10,0.2,0.0,0.0,0.14,0.09,71,1013.0,1009.3,100,19700.0,14.8,42.8,montreal,2026-01-22T06:44:06.790998
2026-01-22T05:00,-5.1,76,-8.7,-10.5,11,0.0,0.0,0.0,0.0,0.09,3,1011.7,1008.0,100,21000.0,15.0,45.4,montreal,2026-01-22T06:44:06.790998
2026-01-22T06:00,-4.9,75,-8.6,-10.7,8,0.0,0.0,0.0,0.0,0.08,3,1010.7,1007.0,100,21300.0,18.2,36.0,montreal,2026-01-22T06:44:06.790998
2026-01-22T07:00,-4.7,79,-7.8,-9.8,13,0.0,0.0,0.0,0.0,0.08,3,1009.1,1005.4,100,18900.0,13.3,28.8,montreal,2026-01-22T06:44:06.790998
2026-01-22T08:00,-4.3,86,-6.3,-9.1,20,0.3,0.1,0.0,0.14,0.09,71,1009.0,1005.3,100,2300.0,13.0,36.4,montreal,2026-01-22T06:44:06.790998
2026-01-22T09:00,-3.7,92,-4.8,-8.7,36,0.6,0.2,0.0,0.28,0.09,73,1007.9,1004.2,100,13100.0,15.1,33.5,montreal,2026-01-22T06:44:06.790998
2026-01-22T10:00,-3.5,89,-5.1,-8.2,14,0.0,0.0,0.0,0.0,0.09,3,1007.5,1003.8,100,14300.0,12.4,24.5,montreal,2026-01-22T06:44:06.790998
2026-01-22T11:00,-3.0,91,-4.3,-7.6,16,0.1,0.0,0.0,0.07,0.09,71,1006.7,1003.0,100,2000.0,13.0,24.5,montreal,2026-01-22T06:44:06.790998
2026-01-22T12:00,-2.3,86,-4.4,-7.2,14,0.0,0.0,0.0,0.0,0.09,3,1006.8,1003.1,100,13900.0,14.6,30.6,montreal,2026-01-22T06:44:06.790998
2026-01-22T13:00,-2.8,76,-6.4,-9.0,5,0.0,0.0,0.0,0.0,0.09,3,1007.4,1003.7,84,20300.0,22.7,61.6,montreal,2026-01-22T06:44:06.790998
2026-01-22T14:00,-2.8,71,-7.3,-9.5,2,0.0,0.0,0.0,0.0,0.09,0,1007.9,1004.2,4,24200.0,25.2,59.8,montreal,2026-01-22T06:44:06.790998
2026-01-22T15:00,-2.3,69,-7.2,-9.2,1,0.0,0.0,0.0,0.0,0.09,0,1008.6,1004.9,13,25200.0,26.5,59.4,montreal,2026-01-22T06:44:06.790998
2026-01-22T16:00,-2.0,70,-6.7,-8.7,1,0.0,0.0,0.0,0.0,0.09,0,1008.3,1004.6,10,25000.0,25.5,57.2,montreal,2026-01-22T06:44:06.790998
2026-01-22T17:00,-1.9,73,-6.1,-8.0,1,0.0,0.0,0.0,0.0,0.09,1,1007.6,1003.9,23,23100.0,22.0,48.6,montreal,2026-01-22T06:44:06.790998
2026-01-22T18:00,-1.5,77,-5.0,-7.3,1,0.0,0.0,0.0,0.0,0.08,3,1007.9,1004.2,100,21100.0,20.7,43.9,montreal,2026-01-22T06:44:06.790998
2026-01-22T19:00,-2.0,72,-6.4,-8.3,1,0.0,0.0,0.0,0.0,0.08,3,1008.3,1004.6,100,23800.0,23.0,49.3,montreal,2026-01-22T06:44:06.790998
2026-01-22T20:00,-2.0,68,-7.2,-8.4,2,0.0,0.0,0.0,0.0,0.08,2,1008.5,1004.8,57,25800.0,22.7,51.1,montreal,2026-01-22T06:44:06.790998
2026-01-22T21:00,-4.1,82,-6.7,-9.5,3,0.4,0.1,0.0,0.21,0.08,73,1009.4,1005.7,70,11400.0,17.1,41.8,montreal,2026-01-22T06:44:06.790998
2026-01-22T22:00,-5.8,87,-7.6,-10.9,16,0.9,0.2,0.0,0.49,0.09,73,1010.2,1006.5,100,400.0,13.8,37.1,montreal,2026-01-22T06:44:06.790998
2026-01-22T23:00,-6.0,79,-9.1,-11.6,6,0.0,0.0,0.0,0.0,0.09,0,1010.8,1007.1,6,18600.0,16.3,34.9,montreal,2026-01-22T06:44:06.790998
2026-01-22T00:00,-7.2,85,-9.3,-11.9,26,0.0,0.0,0.0,0.0,0.33,3,1014.2,1004.7,100,15600.0,10.1,26.6,ottawa,2026-01-22T06:44:09.186107
2026-01-22T01:00,-7.2,88,-8.8,-11.6,21,0.0,0.0,0.0,0.0,0.33,3,1013.2,1003.8,100,14400.0,8.7,21.2,ottawa,2026-01-22T06:44:09.186107
2026-01-22T02:00,-6.6,87,-8.4,-11.0,29,0.0,0.0,0.0,0.0,0.33,3,1012.0,1002.6,100,14700.0,9.0,22.7,ottawa,2026-01-22T06:44:09.186107
2026-01-22T03:00,-6.1,83,-8.5,-10.8,32,0.0,0.0,0.0,0.0,0.33,3,1010.7,1001.3,100,16600.0,10.5,24.1,ottawa,2026-01-22T06:44:09.186107
2026-01-22T04:00,-5.5,80,-8.4,-9.9,31,0.0,0.0,0.0,0.0,0.33,3,1009.7,1000.3,100,3700.0,9.0,14.8,ottawa,2026-01-22T06:44:09.186107
2026-01-22T05:00,-5.5,86,-7.4,-9.5,38,0.0,0.0,0.0,0.0,0.33,3,1009.0,999.7,100,15700.0,6.7,12.2,ottawa,2026-01-22T06:44:09.186107
2026-01-22T06:00,-5.2,90,-6.6,-8.5,42,0.3,0.0,0.0,0.21,0.34,73,1008.5,999.2,100,5300.0,2.6,13.3,ottawa,2026-01-22T06:44:09.186107
2026-01-22T07:00,-5.0,91,-6.3,-8.5,25,0.0,0.0,0.0,0.0,0.34,3,1006.9,997.6,100,12800.0,3.8,14.4,ottawa,2026-01-22T06:44:09.186107
2026-01-22T08:00,-5.2,84,-7.4,-8.4,16,0.0,0.0,0.0,0.0,0.34,3,1007.0,997.7,100,13000.0,1.4,22.3,ottawa,2026-01-22T06:44:09.186107
2026-01-22T09:00,-4.7,80,-7.6,-8.6,6,0.0,0.0,0.0,0.0,0.34,3,1005.7,996.4,100,13300.0,5.5,26.3,ottawa,2026-01-22T06:44:09.186107
2026-01-22T10:00,-3.8,79,-6.9,-8.4,9,0.3,0.1,0.0,0.14,0.34,71,1006.6,997.3,9,14600.0,11.2,27.4,ottawa,2026-01-22T06:44:09.186107
2026-01-22T11:00,-4.4,75,-8.2,-9.8,9,0.0,0.0,0.0,0.0,0.34,0,1006.5,997.2,10,19800.0,15.5,33.1,ottawa,2026-01-22T06:44:09.186107
2026-01-22T12:00,-5.2,72,-9.5,-10.9,4,0.0,0.0,0.0,0.0,0.34,3,1007.0,997.7,100,21800.0,16.6,34.9,ottawa,2026-01-22T06:44:09.186107
2026-01-22T13:00,-6.4,71,-10.8,-12.1,1,0.0,0.0,0.0,0.0,0.34,0,1007.2,997.8,2,22300.0,16.0,33.8,ottawa,2026-01-22T06:44:09.186107
2026-01-22T14:00,-5.4,71,-9.8,-11.3,2,0.0,0.0,0.0,0.0,0.34,3,1008.4,999.1,100,23500.0,17.8,41.0,ottawa,2026-01-22T06:44:09.186107
2026-01-22T15:00,-3.9,72,-8.2,-9.6,1,0.0,0.0,0.0,0.0,0.34,3,1008.7,999.4,100,23100.0,18.4,48.6,ottawa,2026-01-22T06:44:09.186107
2026-01-22T16:00,-3.3,75,-7.1,-8.7,2,0.0,0.0,0.0,0.0,0.34,3,1008.0,998.7,86,21500.0,16.6,46.1,ottawa,2026-01-22T06:44:09.186107
2026-01-22T17:00,-2.2,69,-7.1,-8.3,3,0.0,0.0,0.0,0.0,0.34,3,1007.7,998.5,100,25300.0,21.3,43.2,ottawa,2026-01-22T06:44:09.186107
2026-01-22T18:00,-3.5,75,-7.3,-9.1,6,0.2,0.0,0.0,0.14,0.34,71,1008.6,999.3,100,21500.0,18.1,38.5,ottawa,2026-01-22T06:44:09.186107
2026-01-22T19:00,-3.1,69,-8.0,-8.6,33,0.0,0.0,0.0,0.0,0.34,3,1009.1,999.8,100,25300.0,16.2,35.3,ottawa,2026-01-22T06:44:09.186107
2026-01-22T20:00,-2.9,74,-6.9,-8.3,23,0.5,0.2,0.0,0.21,0.34,73,1009.7,1000.4,100,22100.0,16.6,42.1,ottawa,2026-01-22T06:44:09.186107
2026-01-22T21:00,-4.8,57,-12.0,-10.4,22,0.0,0.0,0.0,0.0,0.34,3,1010.0,1000.7,100,33600.0,15.0,40.7,ottawa,2026-01-22T06:44:09.186107
2026-01-22T22:00,-6.1,71,-10.5,-10.7,19,0.0,0.0,0.0,0.0,0.34,3,1010.7,1001.3,100,23300.0,9.0,33.5,ottawa,2026-01-22T06:44:09.186107
2026-01-22T23:00,-7.6,73,-11.6,-12.1,14,0.0,0.0,0.0,0.0,0.34,3,1011.6,1002.2,100,21300.0,7.4,22.7,ottawa,2026-01-22T06:44:09.186107
2026-01-22T00:00,-10.4,63,-16.1,-15.1,4,0.0,0.0,0.0,0.0,0.54,3,1020.8,1014.1,99,17100.0,7.7,12.2,quebec_city,2026-01-22T06:45:26.899032
2026-01-22T01:00,-9.7,66,-14.8,-14.5,6,0.0,0.0,0.0,0.0,0.54,3,1019.8,1013.1,85,18200.0,8.4,16.9,quebec_city,2026-01-22T06:45:26.899032
2026-01-22T02:00,-9.0,74,-12.7,-13.8,9,0.0,0.0,0.0,0.0,0.54,3,1019.1,1012.4,99,18300.0,9.4,17.3,quebec_city,2026-01-22T06:45:26.899032
2026-01-22T03:00,-8.3,79,-11.2,-13.0,25,0.0,0.0,0.0,0.0,0.54,3,1018.1,1011.4,100,19200.0,9.9,15.5,quebec_city,2026-01-22T06:45:26.899032
2026-01-22T04:00,-8.4,83,-10.7,-13.5,35,0.2,0.0,0.0,0.14,0.54,71,1017.4,1010.7,100,17500.0,12.8,22.0,quebec_city,2026-01-22T06:45:26.899032
2026-01-22T05:00,-8.7,86,-10.6,-13.9,36,0.5,0.2,0.0,0.21,0.55,73,1016.3,1009.6,100,15600.0,13.0,22.3,quebec_city,2026-01-22T06:45:26.899032
2026-01-22T06:00,-8.9,87,-10.6,-14.3,41,0.4,0.0,0.0,0.28,0.55,73,1013.8,1007.1,100,2300.0,15.0,24.8,quebec_city,2026-01-22T06:45:26.899032
2026-01-22T07:00,-8.6,87,-10.4,-14.3,51,0.4,0.0,0.0,0.28,0.56,73,1012.7,1006.1,100,2800.0,16.3,26.6,quebec_city,2026-01-22T06:45:26.899032
2026-01-22T08:00,-8.2,88,-9.8,-13.8,71,0.5,0.1,0.0,0.28,0.56,73,1011.8,1005.2,100,1400.0,16.3,25.9,quebec_city,2026-01-22T06:45:26.899032
2026-01-22T09:00,-8.1,89,-9.5,-13.6,72,1.1,0.4,0.0,0.49,0.57,73,1010.8,1004.2,100,1000.0,15.8,25.6,quebec_city,2026-01-22T06:45:26.899032
2026-01-22T10:00,-7.7,88,-9.3,-13.1,72,0.6,0.2,0.0,0.28,0.58,73,1009.4,1002.8,100,2600.0,14.8,24.1,quebec_city,2026-01-22T06:45:26.899032
2026-01-22T11:00,-7.5,90,-8.9,-12.7,84,0.7,0.3,0.0,0.28,0.58,73,1008.3,1001.7,100,1100.0,14.3,23.0,quebec_city,2026-01-22T06:45:26.899032
2026-01-22T12:00,-7.3,91,-8.5,-12.4,81,1.2,0.3,0.0,0.63,0.59,73,1007.1,1000.5,100,400.0,13.2,21.6,quebec_city,2026-01-22T06:45:26.899032
2026-01-22T13:00,-7.0,91,-8.2,-11.6,59,0.4,0.1,0.0,0.21,0.6,73,1006.3,999.7,100,13400.0,10.0,15.1,quebec_city,2026-01-22T06:45:26.899032
2026-01-22T14:00,-6.5,91,-7.7,-10.7,51,0.4,0.1,0.0,0.21,0.61,73,1006.1,999.6,100,7300.0,7.9,8.6,quebec_city,2026-01-22T06:45:26.899032
2026-01-22T15:00,-5.2,93,-6.2,-8.9,45,0.9,0.2,0.0,0.49,0.61,73,1005.3,998.8,100,500.0,5.4,14.4,quebec_city,2026-01-22T06:45:26.899032
2026-01-22T16:00,-1.7,82,-4.3,-6.8,35,0.2,0.1,0.0,0.07,0.62,71,1004.9,998.5,100,17300.0,16.9,53.3,quebec_city,2026-01-22T06:45:26.899032
2026-01-22T17:00,-1.2,71,-5.8,-7.7,22,0.0,0.0,0.0,0.0,0.62,3,1004.3,997.9,100,23600.0,25.1,50.8,quebec_city,2026-01-22T06:45:26.899032
2026-01-22T18:00,-1.6,74,-5.6,-8.5,17,0.0,0.0,0.0,0.0,0.62,3,1004.6,998.2,100,22200.0,27.8,55.8,quebec_city,2026-01-22T06:45:26.899032
2026-01-22T19:00,-1.8,71,-6.3,-8.9,18,0.0,0.0,0.0,0.0,0.62,2,1004.8,998.4,55,23600.0,29.0,59.0,quebec_city,2026-01-22T06:45:26.899032
2026-01-22T20:00,-2.6,83,-5.0,-8.9,16,0.1,0.0,0.0,0.07,0.62,71,1005.5,999.1,100,7000.0,24.7,48.6,quebec_city,2026-01-22T06:45:26.899032
2026-01-22T21:00,-2.8,71,-7.3,-8.9,14,0.0,0.0,0.0,0.0,0.62,3,1006.0,999.5,100,23000.0,21.8,47.9,quebec_city,2026-01-22T06:45:26.899032
2026-01-22T22:00,-4.7,72,-9.0,-10.4,16,0.0,0.0,0.0,0.0,0.62,3,1006.4,999.9,100,16200.0,17.2,50.0,quebec_city,2026-01-22T06:45:26.899032
2026-01-22T23:00,-5.0,77,-8.4,-11.7,12,0.7,0.2,0.0,0.35,0.63,73,1007.4,1000.9,100,5500.0,24.2,52.9,quebec_city,2026-01-22T06:45:26.899032
2026-01-22T00:00,-1.5,83,-4.0,-6.6,22,0.3,0.1,0.0,0.14,0.37,71,1010.9,990.9,100,16400.0,16.7,45.4,toronto,2026-01-22T06:46:04.433680
2026-01-22T01:00,-1.0,78,-4.3,-6.7,13,0.2,0.0,0.0,0.14,0.37,71,1010.7,990.8,100,20300.0,20.6,50.8,toronto,2026-01-22T06:46:04.433680
2026-01-22T02:00,-1.0,80,-4.0,-6.2,5,0.0,0.0,0.0,0.0,0.37,3,1010.4,990.5,98,18600.0,16.9,49.0,toronto,2026-01-22T06:46:04.433680
2026-01-22T03:00,-2.3,77,-5.8,-6.7,5,0.0,0.0,0.0,0.0,0.37,2,1009.6,989.6,59,19300.0,10.4,49.3,toronto,2026-01-22T06:46:04.433680
2026-01-22T04:00,-2.2,73,-6.4,-7.2,4,0.0,0.0,0.0,0.0,0.37,3,1009.3,989.3,98,21200.0,14.6,56.2,toronto,2026-01-22T06:46:04.433680
2026-01-22T05:00,-2.1,76,-5.8,-7.3,2,0.0,0.0,0.0,0.0,0.37,1,1009.7,989.7,37,19900.0,15.5,57.6,toronto,2026-01-22T06:46:04.433680
2026-01-22T06:00,-3.4,80,-6.3,-8.8,9,0.0,0.0,0.0,0.0,0.37,0,1009.0,988.9,5,16900.0,17.2,49.7,toronto,2026-01-22T06:46:04.433680
2026-01-22T07:00,-4.9,73,-9.0,-10.1,5,0.0,0.0,0.0,0.0,0.37,0,1009.7,989.5,14,21200.0,13.6,47.5,toronto,2026-01-22T06:46:04.433680
2026-01-22T08:00,-6.8,72,-11.0,-11.5,2,0.0,0.0,0.0,0.0,0.37,3,1010.0,989.6,100,20500.0,9.0,38.9,toronto,2026-01-22T06:46:04.433680
2026-01-22T09:00,-8.4,68,-13.2,-13.3,2,0.0,0.0,0.0,0.0,0.37,3,1010.6,990.1,100,20000.0,9.6,40.0,toronto,2026-01-22T06:46:04.433680
2026-01-22T10:00,-8.7,71,-13.0,-13.4,2,0.0,0.0,0.0,0.0,0.37,3,1010.9,990.4,91,20700.0,8.4,37.8,toronto,2026-01-22T06:46:04.433680
2026-01-22T11:00,-7.9,75,-11.6,-13.0,4,0.0,0.0,0.0,0.0,0.37,3,1011.5,991.0,100,17500.0,11.5,44.6,toronto,2026-01-22T06:46:04.433680
2026-01-22T12:00,-6.6,82,-9.1,-11.9,6,0.0,0.0,0.0,0.0,0.37,3,1011.4,991.0,100,14500.0,14.8,40.3,toronto,2026-01-22T06:46:04.433680
2026-01-22T13:00,-6.8,80,-9.7,-12.3,3,0.0,0.0,0.0,0.0,0.37,3,1011.7,991.3,100,16600.0,15.0,43.9,toronto,2026-01-22T06:46:04.433680
2026-01-22T14:00,-6.0,73,-10.0,-11.7,1,0.0,0.0,0.0,0.0,0.37,0,1013.2,992.8,0,22000.0,17.0,54.0,toronto,2026-01-22T06:46:04.433680
2026-01-22T15:00,-4.6,64,-10.4,-11.0,0,0.0,0.0,0.0,0.0,0.36,0,1014.3,994.0,0,28700.0,21.8,51.5,toronto,2026-01-22T06:46:04.433680
2026-01-22T16:00,-3.9,64,-9.7,-10.5,1,0.0,0.0,0.0,0.0,0.36,1,1014.1,993.9,44,28800.0,22.7,46.8,toronto,2026-01-22T06:46:04.433680
2026-01-22T17:00,-4.3,83,-6.7,-10.5,1,0.1,0.0,0.0,0.07,0.36,71,1014.0,993.8,100,1400.0,22.0,43.6,toronto,2026-01-22T06:46:04.433680
2026-01-22T18:00,-3.9,63,-9.9,-11.3,0,0.1,0.0,0.0,0.07,0.36,71,1014.5,994.3,100,29400.0,28.6,55.1,toronto,2026-01-22T06:46:04.433680
2026-01-22T19:00,-4.8,60,-11.4,-12.1,1,0.0,0.0,0.0,0.0,0.36,3,1015.5,995.2,100,31500.0,26.5,51.5,toronto,2026-01-22T06:46:04.433680
2026-01-22T20:00,-5.5,64,-11.3,-12.6,1,0.0,0.0,0.0,0.0,0.36,3,1015.7,995.3,100,28800.0,25.3,51.5,toronto,2026-01-22T06:46:04.433680
2026-01-22T21:00,-6.6,66,-11.9,-13.4,2,0.0,0.0,0.0,0.0,0.36,3,1015.8,995.3,100,26300.0,23.0,51.1,toronto,2026-01-22T06:46:04.433680
2026-01-22T22:00,-8.3,65,-13.7,-14.6,3,0.0,0.0,0.0,0.0,0.36,3,1016.5,995.9,100,26600.0,19.2,51.1,toronto,2026-01-22T06:46:04.433680
2026-01-22T23:00,-9.5,71,-13.8,-15.2,2,0.0,0.0,0.0,0.0,0.36,2,1017.5,996.8,71,22600.0,15.0,50.8,toronto,2026-01-22T06:46:04.433680
2026-01-22T00:00,2.7,89,1.1,0.6,0,0.0,0.0,0.0,0.0,0.0,45,1022.6,1013.7,100,400.0,0.8,1.1,vancouver,2026-01-22T06:46:06.831557
2026-01-22T01:00,1.5,85,-0.8,-1.2,0,0.0,0.0,0.0,0.0,0.0,45,1022.6,1013.6,100,200.0,3.4,3.2,vancouver,2026-01-22T06:46:06.831557
2026-01-22T02:00,1.3,86,-0.7,-1.7,0,0.0,0.0,0.0,0.0,0.0,45,1022.4,1013.4,100,200.0,5.2,5.0,vancouver,2026-01-22T06:46:06.831557
2026-01-22T03:00,1.2,86,-0.9,-1.4,0,0.0,0.0,0.0,0.0,0.0,45,1022.3,1013.3,100,200.0,2.5,3.6,vancouver,2026-01-22T06:46:06.831557
2026-01-22T04:00,0.7,86,-1.3,-2.5,0,0.0,0.0,0.0,0.0,0.0,45,1022.2,1013.2,32,100.0,6.0,6.8,vancouver,2026-01-22T06:46:06.831557
2026-01-22T05:00,-0.1,86,-2.1,-3.2,0,0.0,0.0,0.0,0.0,0.0,45,1022.1,1013.1,100,100.0,4.6,6.8,vancouver,2026-01-22T06:46:06.831557
2026-01-22T06:00,1.4,86,-0.7,-1.8,0,0.0,0.0,0.0,0.0,0.0,45,1022.4,1013.4,100,100.0,7.0,8.3,vancouver,2026-01-22T06:46:06.831557
2026-01-22T07:00,1.4,88,-0.3,-2.0,0,0.0,0.0,0.0,0.0,0.0,45,1022.5,1013.5,100,100.0,9.0,15.5,vancouver,2026-01-22T06:46:06.831557
2026-01-22T08:00,1.3,90,-0.2,-2.0,0,0.0,0.0,0.0,0.0,0.0,45,1023.0,1014.0,100,100.0,7.5,16.6,vancouver,2026-01-22T06:46:06.831557
2026-01-22T09:00,1.1,90,-0.3,-1.9,0,0.0,0.0,0.0,0.0,0.0,45,1022.6,1013.6,100,100.0,6.0,14.8,vancouver,2026-01-22T06:46:06.831557
2026-01-22T10:00,0.6,94,-0.2,-2.7,0,0.0,0.0,0.0,0.0,0.0,45,1022.5,1013.5,100,100.0,8.3,11.2,vancouver,2026-01-22T06:46:06.831557
2026-01-22T11:00,0.7,96,0.1,-2.3,0,0.0,0.0,0.0,0.0,0.0,45,1022.2,1013.2,100,0.0,6.3,10.4,vancouver,2026-01-22T06:46:06.831557
2026-01-22T12:00,0.7,97,0.3,-2.1,0,0.0,0.0,0.0,0.0,0.0,45,1022.1,1013.1,100,0.0,5.4,8.3,vancouver,2026-01-22T06:46:06.831557
2026-01-22T13:00,0.5,98,0.3,-2.2,0,0.0,0.0,0.0,0.0,0.0,45,1022.3,1013.3,100,0.0,4.7,8.3,vancouver,2026-01-22T06:46:06.831557
2026-01-22T14:00,0.3,98,0.1,-2.1,0,0.0,0.0,0.0,0.0,0.0,45,1022.7,1013.7,100,100.0,2.5,4.3,vancouver,2026-01-22T06:46:06.831557
2026-01-22T15:00,-0.0,100,-0.0,-2.4,0,0.0,0.0,0.0,0.0,0.0,45,1022.3,1013.3,100,100.0,2.1,2.5,vancouver,2026-01-22T06:46:06.831557
2026-01-22T16:00,-0.4,100,-0.4,-2.9,0,0.0,0.0,0.0,0.0,0.0,45,1021.9,1012.9,100,100.0,2.2,4.7,vancouver,2026-01-22T06:46:06.831557
2026-01-22T17:00,-0.5,100,-0.5,-3.2,0,0.0,0.0,0.0,0.0,0.0,45,1021.6,1012.6,100,100.0,3.6,7.2,vancouver,2026-01-22T06:46:06.831557
2026-01-22T18:00,-0.0,100,-0.0,-2.7,1,0.0,0.0,0.0,0.0,0.0,45,1021.7,1012.7,100,100.0,4.0,9.4,vancouver,2026-01-22T06:46:06.831557
2026-01-22T19:00,1.0,100,1.0,-1.4,1,0.0,0.0,0.0,0.0,0.0,3,1021.6,1012.6,100,12200.0,3.0,8.6,vancouver,2026-01-22T06:46:06.831557
2026-01-22T20:00,2.5,93,1.5,0.4,1,0.0,0.0,0.0,0.0,0.0,3,1021.1,1012.2,100,13600.0,1.8,7.9,vancouver,2026-01-22T06:46:06.831557
2026-01-22T21:00,3.9,89,2.3,1.8,1,0.0,0.0,0.0,0.0,0.0,2,1021.0,1012.1,50,15800.0,2.6,6.1,vancouver,2026-01-22T06:46:06.831557
2026-01-22T22:00,4.5,85,2.2,2.2,2,0.0,0.0,0.0,0.0,0.0,3,1021.0,1012.1,100,17500.0,3.8,8.6,vancouver,2026-01-22T06:46:06.831557
2026-01-22T23:00,4.2,87,2.3,2.2,2,0.0,0.0,0.0,0.0,0.0,3,1021.0,1012.1,100,16100.0,2.1,5.4,vancouver,2026-01-22T06:46:06.831557
2026-01-22T00:00,21.1,64,14.0,20.5,0,0.0,0.0,0.0,0.0,0.0,2,1011.5,947.1,2,24140.0,13.0,28.1,santiago,2026-01-22T06:46:09.231114
2026-01-22T01:00,19.4,69,13.6,18.9,0,0.0,0.0,0.0,0.0,0.0,0,1011.8,947.0,0,24140.0,11.2,23.0,santiago,2026-01-22T06:46:09.231114
2026-01-22T02:00,18.2,73,13.3,17.9,0,0.0,0.0,0.0,0.0,0.0,1,1012.2,947.2,9,24140.0,9.4,19.4,santiago,2026-01-22T06:46:09.231114
2026-01-22T03:00,17.4,75,12.9,17.3,0,0.0,0.0,0.0,0.0,0.0,0,1012.7,947.5,5,24140.0,6.9,16.6,santiago,2026-01-22T06:46:09.231114
2026-01-22T04:00,16.9,76,12.6,16.8,0,0.0,0.0,0.0,0.0,0.0,1,1013.2,947.8,37,24140.0,6.1,12.6,santiago,2026-01-22T06:46:09.231114
2026-01-22T05:00,16.4,77,12.3,16.4,0,0.0,0.0,0.0,0.0,0.0,2,1013.1,947.6,68,24140.0,4.6,10.8,santiago,2026-01-22T06:46:09.231114
2026-01-22T06:00,16.0,79,12.3,16.1,0,0.0,0.0,0.0,0.0,0.0,2,1013.2,947.6,69,24140.0,4.0,8.3,santiago,2026-01-22T06:46:09.231114
2026-01-22T07:00,15.6,80,12.1,15.6,0,0.0,0.0,0.0,0.0,0.0,2,1012.5,946.9,77,24140.0,4.5,8.3,santiago,2026-01-22T06:46:09.231114
2026-01-22T08:00,15.4,82,12.3,15.6,0,0.0,0.0,0.0,0.0,0.0,2,1012.8,947.1,73,24140.0,2.9,8.3,santiago,2026-01-22T06:46:09.231114
2026-01-22T09:00,15.2,83,12.3,15.4,0,0.0,0.0,0.0,0.0,0.0,1,1013.3,947.5,34,24140.0,3.6,6.1,santiago,2026-01-22T06:46:09.231114
2026-01-22T10:00,14.8,85,12.3,15.1,0,0.0,0.0,0.0,0.0,0.0,1,1014.0,948.1,33,24140.0,3.1,6.8,santiago,2026-01-22T06:46:09.231114
2026-01-22T11:00,15.4,83,12.5,16.1,0,0.0,0.0,0.0,0.0,0.0,1,1014.4,948.6,34,24140.0,0.5,5.4,santiago,2026-01-22T06:46:09.231114
2026-01-22T12:00,17.7,72,12.6,18.3,0,0.0,0.0,0.0,0.0,0.0,0,1014.2,948.9,0,24140.0,1.5,4.7,santiago,2026-01-22T06:46:09.231114
2026-01-22T13:00,20.7,61,12.9,21.1,0,0.0,0.0,0.0,0.0,0.0,0,1013.8,949.2,0,24140.0,3.0,9.0,santiago,2026-01-22T06:46:09.231114
2026-01-22T14:00,24.0,53,13.8,25.4,0,0.0,0.0,0.0,0.0,0.0,0,1013.2,949.3,0,24140.0,5.6,13.3,santiago,2026-01-22T06:46:09.231114
2026-01-22T15:00,26.8,47,14.5,28.6,0,0.0,0.0,0.0,0.0,0.0,0,1012.7,949.4,0,24140.0,10.5,19.8,santiago,2026-01-22T06:46:09.231114
2026-01-22T16:00,28.8,42,14.6,30.2,0,0.0,0.0,0.0,0.0,0.0,0,1012.5,949.6,6,24140.0,16.6,30.2,santiago,2026-01-22T06:46:09.231114
2026-01-22T17:00,30.2,36,13.5,30.9,0,0.0,0.0,0.0,0.0,0.0,0,1011.9,949.4,0,24140.0,20.5,37.4,santiago,2026-01-22T06:46:09.231114
2026-01-22T18:00,30.6,36,13.8,30.7,0,0.0,0.0,0.0,0.0,0.0,0,1011.5,949.0,0,24140.0,24.2,43.9,santiago,2026-01-22T06:46:09.231114
2026-01-22T19:00,30.5,36,13.7,30.2,0,0.0,0.0,0.0,0.0,0.0,0,1010.9,948.5,0,24140.0,24.3,46.1,santiago,2026-01-22T06:46:09.231114
2026-01-22T20:00,30.0,36,13.3,29.0,0,0.0,0.0,0.0,0.0,0.0,0,1010.5,948.0,0,24140.0,23.8,45.7,santiago,2026-01-22T06:46:09.231114
2026-01-22T21:00,29.3,37,13.1,27.6,0,0.0,0.0,0.0,0.0,0.0,0,1010.3,947.7,0,24140.0,22.3,43.2,santiago,2026-01-22T06:46:09.231114
2026-01-22T22:00,27.8,40,12.9,25.7,0,0.0,0.0,0.0,0.0,0.0,0,1010.4,947.5,0,24140.0,20.3,40.0,santiago,2026-01-22T06:46:09.231114
2026-01-22T23:00,25.9,44,12.7,24.2,0,0.0,0.0,0.0,0.0,0.0,1,1011.1,947.7,30,24140.0,16.8,36.0,santiago,2026-01-22T06:46:09.231114
2026-01-22T00:00,-11.1,43,-21.2,-15.5,0,0.0,0.0,0.0,0.0,0.0,0,1033.4,1027.1,0,24140.0,3.7,5.4,beijing,2026-01-22T06:46:46.779637
2026-01-22T01:00,-10.3,40,-21.3,-14.6,0,0.0,0.0,0.0,0.0,0.0,0,1033.6,1027.3,0,24140.0,2.9,5.0,beijing,2026-01-22T06:46:46.779637
2026-01-22T02:00,-8.4,34,-21.5,-12.7,0,0.0,0.0,0.0,0.0,0.0,0,1033.7,1027.5,0,24140.0,2.9,8.3,beijing,2026-01-22T06:46:46.779637
2026-01-22T03:00,-6.0,27,-22.0,-10.3,0,0.0,0.0,0.0,0.0,0.0,0,1033.5,1027.3,0,24140.0,3.1,9.7,beijing,2026-01-22T06:46:46.779637
2026-01-22T04:00,-4.3,21,-23.4,-8.7,0,0.0,0.0,0.0,0.0,0.0,0,1031.9,1025.8,0,24140.0,3.4,11.2,beijing,2026-01-22T06:46:46.779637
2026-01-22T05:00,-2.9,19,-23.4,-7.2,0,0.0,0.0,0.0,0.0,0.0,0,1029.9,1023.8,0,24140.0,2.6,11.2,beijing,2026-01-22T06:46:46.779637
2026-01-22T06:00,-1.9,18,-23.1,-6.4,0,0.0,0.0,0.0,0.0,0.0,0,1028.5,1022.4,0,24140.0,3.9,11.2,beijing,2026-01-22T06:46:46.779637
2026-01-22T07:00,-1.2,16,-23.9,-5.9,0,0.0,0.0,0.0,0.0,0.0,0,1028.0,1022.0,0,24140.0,5.4,14.8,beijing,2026-01-22T06:46:46.779637
2026-01-22T08:00,-1.2,17,-23.2,-6.0,0,0.0,0.0,0.0,0.0,0.0,0,1027.6,1021.6,0,24140.0,6.4,16.2,beijing,2026-01-22T06:46:46.779637
2026-01-22T09:00,-1.5,21,-21.0,-6.3,0,0.0,0.0,0.0,0.0,0.0,0,1027.4,1021.3,0,24140.0,6.6,16.6,beijing,2026-01-22T06:46:46.779637
2026-01-22T10:00,-3.0,28,-18.9,-7.4,0,0.0,0.0,0.0,0.0,0.0,0,1027.4,1021.3,0,24140.0,4.3,15.1,beijing,2026-01-22T06:46:46.779637
2026-01-22T11:00,-4.2,33,-18.1,-8.4,0,0.0,0.0,0.0,0.0,0.0,0,1027.2,1021.1,0,24140.0,3.8,9.0,beijing,2026-01-22T06:46:46.779637
2026-01-22T12:00,-5.1,37,-17.5,-9.3,0,0.0,0.0,0.0,0.0,0.0,0,1027.4,1021.3,0,24140.0,3.3,7.2,beijing,2026-01-22T06:46:46.779637
2026-01-22T13:00,-5.5,39,-17.3,-9.5,0,0.0,0.0,0.0,0.0,0.0,0,1027.6,1021.5,0,24140.0,2.3,5.4,beijing,2026-01-22T06:46:46.779637
2026-01-22T14:00,-5.9,39,-17.7,-9.7,0,0.0,0.0,0.0,0.0,0.0,0,1027.6,1021.4,0,24140.0,0.5,2.5,beijing,2026-01-22T06:46:46.779637
2026-01-22T15:00,-6.2,40,-17.6,-10.2,0,0.0,0.0,0.0,0.0,0.0,0,1027.4,1021.2,0,24140.0,1.9,2.2,beijing,2026-01-22T06:46:46.779637
2026-01-22T16:00,-6.2,38,-18.2,-10.3,0,0.0,0.0,0.0,0.0,0.0,0,1026.8,1020.6,0,24140.0,3.0,3.6,beijing,2026-01-22T06:46:46.779637
2026-01-22T17:00,-6.6,38,-18.6,-10.9,0,0.0,0.0,0.0,0.0,0.0,0,1026.8,1020.6,0,24140.0,4.0,4.7,beijing,2026-01-22T06:46:46.779637
2026-01-22T18:00,-7.0,36,-19.5,-11.3,0,0.0,0.0,0.0,0.0,0.0,0,1027.0,1020.8,0,24140.0,3.9,6.1,beijing,2026-01-22T06:46:46.779637
2026-01-22T19:00,-7.5,37,-19.7,-11.8,0,0.0,0.0,0.0,0.0,0.0,0,1027.0,1020.8,0,24140.0,3.1,5.8,beijing,2026-01-22T06:46:46.779637
2026-01-22T20:00,-8.1,38,-19.9,-12.3,0,0.0,0.0,0.0,0.0,0.0,0,1026.7,1020.5,0,24140.0,2.9,4.0,beijing,2026-01-22T06:46:46.779637
2026-01-22T21:00,-8.8,39,-20.2,-13.0,0,0.0,0.0,0.0,0.0,0.0,0,1026.8,1020.6,0,24140.0,2.8,3.6,beijing,2026-01-22T06:46:46.779637
2026-01-22T22:00,-9.3,41,-20.1,-13.4,0,0.0,0.0,0.0,0.0,0.0,0,1027.1,1020.9,0,24140.0,2.4,3.6,beijing,2026-01-22T06:46:46.779637
2026-01-22T23:00,-9.6,41,-20.4,-13.9,0,0.0,0.0,0.0,0.0,0.0,0,1027.6,1021.4,0,24140.0,3.3,3.6,beijing,2026-01-22T06:46:46.779637
2026-01-22T00:00,4.9,95,4.1,3.2,20,0.0,0.0,0.0,0.0,0.0,45,1031.4,1001.9,97,24140.0,1.4,4.7,chongqing,2026-01-22T06:47:24.428200
2026-01-22T01:00,5.1,93,4.1,3.5,20,0.0,0.0,0.0,0.0,0.0,3,1031.6,1002.1,100,23820.0,1.3,4.0,chongqing,2026-01-22T06:47:24.428200
2026-01-22T02:00,5.5,91,4.1,3.7,43,0.0,0.0,0.0,0.0,0.0,3,1032.1,1002.6,100,24140.0,2.4,4.3,chongqing,2026-01-22T06:47:24.428200
2026-01-22T03:00,5.9,91,4.5,4.3,30,0.2,0.2,0.0,0.0,0.0,61,1032.1,1002.7,100,24140.0,1.8,5.0,chongqing,2026-01-22T06:47:24.428200
2026-01-22T04:00,6.2,88,4.3,4.7,23,0.4,0.4,0.0,0.0,0.0,61,1031.7,1002.3,100,24140.0,0.5,4.7,chongqing,2026-01-22T06:47:24.428200
2026-01-22T05:00,6.6,88,4.7,5.0,13,0.4,0.4,0.0,0.0,0.0,61,1030.2,1000.9,100,24140.0,2.1,5.4,chongqing,2026-01-22T06:47:24.428200
2026-01-22T06:00,6.9,87,4.8,5.1,5,0.3,0.3,0.0,0.0,0.0,61,1029.2,999.9,100,24140.0,3.3,6.8,chongqing,2026-01-22T06:47:24.428200
2026-01-22T07:00,7.0,86,4.8,5.3,0,0.3,0.3,0.0,0.0,0.0,61,1028.1,998.9,100,24140.0,2.9,6.8,chongqing,2026-01-22T06:47:24.428200
2026-01-22T08:00,7.3,84,4.7,5.3,0,0.0,0.0,0.0,0.0,0.0,3,1027.3,998.1,92,24140.0,4.8,9.0,chongqing,2026-01-22T06:47:24.428200
2026-01-22T09:00,7.4,79,3.9,4.9,0,0.0,0.0,0.0,0.0,0.0,2,1026.7,997.6,67,24140.0,7.0,12.6,chongqing,2026-01-22T06:47:24.428200
2026-01-22T10:00,7.0,76,3.1,4.5,0,0.0,0.0,0.0,0.0,0.0,2,1026.9,997.7,60,24140.0,6.2,12.6,chongqing,2026-01-22T06:47:24.428200
2026-01-22T11:00,6.1,84,3.6,4.1,0,0.0,0.0,0.0,0.0,0.0,1,1027.4,998.1,30,24140.0,3.8,10.8,chongqing,2026-01-22T06:47:24.428200
2026-01-22T12:00,5.3,88,3.5,3.4,0,0.0,0.0,0.0,0.0,0.0,1,1028.1,998.7,18,24140.0,2.8,7.2,chongqing,2026-01-22T06:47:24.428200
2026-01-22T13:00,4.6,91,3.3,2.5,0,0.0,0.0,0.0,0.0,0.0,1,1028.4,998.9,13,24140.0,3.6,6.8,chongqing,2026-01-22T06:47:24.428200
2026-01-22T14:00,4.0,93,3.0,1.7,0,0.0,0.0,0.0,0.0,0.0,1,1028.5,999.0,24,24140.0,4.8,9.0,chongqing,2026-01-22T06:47:24.428200
2026-01-22T15:00,3.6,94,2.7,1.3,0,0.0,0.0,0.0,0.0,0.0,1,1028.2,998.6,36,24140.0,4.6,9.7,chongqing,2026-01-22T06:47:24.428200
2026-01-22T16:00,3.3,95,2.5,0.9,0,0.0,0.0,0.0,0.0,0.0,1,1028.1,998.5,42,24140.0,4.2,9.7,chongqing,2026-01-22T06:47:24.428200
2026-01-22T17:00,2.9,96,2.3,0.5,0,0.0,0.0,0.0,0.0,0.0,2,1027.7,998.1,48,24140.0,4.3,9.7,chongqing,2026-01-22T06:47:24.428200
2026-01-22T18:00,2.7,96,2.1,0.3,0,0.0,0.0,0.0,0.0,0.0,45,1027.6,998.0,55,24140.0,3.6,9.4,chongqing,2026-01-22T06:47:24.428200
2026-01-22T19:00,2.8,96,2.2,0.4,0,0.0,0.0,0.0,0.0,0.0,45,1027.3,997.7,78,24140.0,3.8,8.3,chongqing,2026-01-22T06:47:24.428200
2026-01-22T20:00,3.0,96,2.4,0.8,0,0.0,0.0,0.0,0.0,0.0,2,1026.9,997.3,78,24140.0,3.6,7.9,chongqing,2026-01-22T06:47:24.428200
2026-01-22T21:00,3.3,95,2.5,1.2,0,0.0,0.0,0.0,0.0,0.0,2,1026.6,997.0,69,24140.0,2.6,7.2,chongqing,2026-01-22T06:47:24.428200
2026-01-22T22:00,3.1,96,2.5,1.1,0,0.0,0.0,0.0,0.0,0.0,45,1026.4,996.8,65,24140.0,1.8,6.1,chongqing,2026-01-22T06:47:24.428200
2026-01-22T23:00,3.0,97,2.5,1.1,0,0.0,0.0,0.0,0.0,0.0,45,1027.1,997.5,67,24140.0,0.8,5.4,chongqing,2026-01-22T06:47:24.428200
2026-01-22T00:00,6.5,76,2.6,3.1,8,0.0,0.0,0.0,0.0,0.0,3,1027.6,1025.0,93,24140.0,12.1,27.7,guangzhou,2026-01-22T06:48:01.978990
2026-01-22T01:00,6.7,75,2.6,3.1,10,0.1,0.0,0.0,0.0,0.0,61,1028.6,1026.0,95,24140.0,12.8,28.8,guangzhou,2026-01-22T06:48:01.978990
2026-01-22T02:00,7.2,71,2.3,3.4,25,0.0,0.0,0.0,0.0,0.0,3,1029.4,1026.8,96,24140.0,13.8,31.0,guangzhou,2026-01-22T06:48:01.978990
2026-01-22T03:00,7.3,74,3.0,3.7,23,0.2,0.2,0.0,0.0,0.0,61,1029.2,1026.6,97,24140.0,13.8,31.7,guangzhou,2026-01-22T06:48:01.978990
2026-01-22T04:00,8.2,69,2.8,4.5,15,0.0,0.0,0.0,0.0,0.0,3,1028.3,1025.7,91,24140.0,13.8,31.3,guangzhou,2026-01-22T06:48:01.978990
2026-01-22T05:00,8.6,67,2.8,5.0,10,0.0,0.0,0.0,0.0,0.0,3,1027.4,1024.8,98,24140.0,13.3,32.0,guangzhou,2026-01-22T06:48:01.978990
2026-01-22T06:00,9.5,64,3.0,6.0,5,0.0,0.0,0.0,0.0,0.0,3,1026.5,1023.9,85,24140.0,12.6,30.2,guangzhou,2026-01-22T06:48:01.978990
2026-01-22T07:00,10.0,62,3.1,6.5,0,0.0,0.0,0.0,0.0,0.0,3,1025.9,1023.3,93,24140.0,13.0,30.2,guangzhou,2026-01-22T06:48:01.978990
2026-01-22T08:00,10.0,63,3.3,6.6,0,0.0,0.0,0.0,0.0,0.0,3,1025.5,1022.9,87,24140.0,12.6,29.5,guangzhou,2026-01-22T06:48:01.978990
2026-01-22T09:00,9.6,63,2.9,6.2,0,0.0,0.0,0.0,0.0,0.0,2,1025.5,1022.9,80,24140.0,12.6,30.2,guangzhou,2026-01-22T06:48:01.978990
2026-01-22T10:00,9.1,64,2.7,5.8,0,0.0,0.0,0.0,0.0,0.0,3,1025.9,1023.3,98,24140.0,11.5,28.8,guangzhou,2026-01-22T06:48:01.978990
2026-01-22T11:00,8.8,65,2.6,5.6,0,0.0,0.0,0.0,0.0,0.0,3,1026.7,1024.1,95,24140.0,10.9,26.3,guangzhou,2026-01-22T06:48:01.978990
2026-01-22T12:00,8.5,65,2.3,5.2,0,0.0,0.0,0.0,0.0,0.0,2,1027.3,1024.7,79,24140.0,10.5,24.8,guangzhou,2026-01-22T06:48:01.978990
2026-01-22T13:00,8.2,66,2.3,5.0,0,0.0,0.0,0.0,0.0,0.0,3,1027.7,1025.1,92,24140.0,10.1,23.8,guangzhou,2026-01-22T06:48:01.978990
2026-01-22T14:00,8.0,67,2.3,5.0,0,0.0,0.0,0.0,0.0,0.0,3,1027.1,1024.5,94,24140.0,8.8,22.0,guangzhou,2026-01-22T06:48:01.978990
2026-01-22T15:00,7.9,67,2.2,4.8,0,0.0,0.0,0.0,0.0,0.0,3,1026.9,1024.3,89,24140.0,9.4,21.2,guangzhou,2026-01-22T06:48:01.978990
2026-01-22T16:00,7.8,67,2.0,4.6,0,0.0,0.0,0.0,0.0,0.0,3,1026.9,1024.3,91,24140.0,9.4,21.2,guangzhou,2026-01-22T06:48:01.978990
2026-01-22T17:00,7.7,68,2.1,4.6,0,0.0,0.0,0.0,0.0,0.0,3,1026.8,1024.2,92,24140.0,9.1,21.2,guangzhou,2026-01-22T06:48:01.978990
2026-01-22T18:00,7.6,69,2.3,4.6,0,0.0,0.0,0.0,0.0,0.0,3,1026.2,1023.6,90,24140.0,8.6,19.8,guangzhou,2026-01-22T06:48:01.978990
2026-01-22T19:00,7.5,69,2.2,4.5,0,0.0,0.0,0.0,0.0,0.0,3,1025.7,1023.1,85,24140.0,9.0,19.8,guangzhou,2026-01-22T06:48:01.978990
2026-01-22T20:00,7.4,70,2.3,4.4,0,0.0,0.0,0.0,0.0,0.0,3,1025.5,1022.9,91,24140.0,8.8,19.8,guangzhou,2026-01-22T06:48:01.978990
2026-01-22T21:00,7.3,72,2.6,4.3,0,0.0,0.0,0.0,0.0,0.0,3,1025.5,1022.9,83,24140.0,8.8,19.8,guangzhou,2026-01-22T06:48:01.978990
2026-01-22T22:00,7.2,72,2.5,4.4,0,0.0,0.0,0.0,0.0,0.0,3,1026.1,1023.5,87,24140.0,7.4,19.8,guangzhou,2026-01-22T06:48:01.978990
2026-01-22T23:00,7.2,72,2.5,4.5,0,0.0,0.0,0.0,0.0,0.0,3,1026.7,1024.1,90,24140.0,7.3,16.2,guangzhou,2026-01-22T06:48:01.978990
2026-01-22T00:00,11.5,67,5.6,9.1,0,0.0,0.0,0.0,0.0,0.0,3,1025.1,1025.1,91,24140.0,8.7,28.4,hong_kong,2026-01-22T06:48:39.532366
2026-01-22T01:00,11.8,66,5.6,9.5,0,0.0,0.0,0.0,0.0,0.0,2,1026.1,1026.1,78,24140.0,8.3,24.8,hong_kong,2026-01-22T06:48:39.532366
2026-01-22T02:00,12.5,65,6.1,10.3,0,0.0,0.0,0.0,0.0,0.0,2,1026.8,1026.8,80,24140.0,8.3,23.8,hong_kong,2026-01-22T06:48:39.532366
2026-01-22T03:00,13.1,63,6.2,10.7,0,0.0,0.0,0.0,0.0,0.0,2,1026.7,1026.7,71,24140.0,10.1,25.6,hong_kong,2026-01-22T06:48:39.532366
2026-01-22T04:00,13.8,60,6.2,11.6,0,0.0,0.0,0.0,0.0,0.0,2,1025.8,1025.8,69,24140.0,10.4,26.6,hong_kong,2026-01-22T06:48:39.532366
2026-01-22T05:00,14.2,59,6.3,11.7,0,0.0,0.0,0.0,0.0,0.0,2,1025.0,1025.0,75,24140.0,10.8,27.0,hong_kong,2026-01-22T06:48:39.532366
2026-01-22T06:00,14.7,58,6.6,12.6,0,0.0,0.0,0.0,0.0,0.0,2,1024.2,1024.2,69,24140.0,10.5,27.0,hong_kong,2026-01-22T06:48:39.532366
2026-01-22T07:00,15.0,57,6.6,12.5,0,0.0,0.0,0.0,0.0,0.0,2,1023.6,1023.6,58,24140.0,11.8,29.2,hong_kong,2026-01-22T06:48:39.532366
2026-01-22T08:00,14.5,57,6.1,11.7,0,0.0,0.0,0.0,0.0,0.0,2,1023.6,1023.6,67,24140.0,12.5,29.9,hong_kong,2026-01-22T06:48:39.532366
2026-01-22T09:00,13.6,60,6.0,10.8,0,0.0,0.0,0.0,0.0,0.0,2,1023.7,1023.7,77,24140.0,12.9,29.9,hong_kong,2026-01-22T06:48:39.532366
2026-01-22T10:00,13.0,64,6.3,10.5,3,0.0,0.0,0.0,0.0,0.0,2,1024.1,1024.1,81,24140.0,10.4,29.9,hong_kong,2026-01-22T06:48:39.532366
2026-01-22T11:00,12.6,66,6.4,10.3,0,0.0,0.0,0.0,0.0,0.0,3,1025.0,1025.0,84,24140.0,10.0,23.4,hong_kong,2026-01-22T06:48:39.532366
2026-01-22T12:00,12.3,67,6.4,9.9,0,0.0,0.0,0.0,0.0,0.0,2,1025.7,1025.7,76,24140.0,10.6,23.8,hong_kong,2026-01-22T06:48:39.532366
2026-01-22T13:00,11.9,66,5.8,9.4,0,0.0,0.0,0.0,0.0,0.0,2,1026.1,1026.1,73,24140.0,10.0,24.5,hong_kong,2026-01-22T06:48:39.532366
2026-01-22T14:00,11.7,64,5.1,9.4,0,0.0,0.0,0.0,0.0,0.0,2,1025.6,1025.6,68,24140.0,7.2,22.7,hong_kong,2026-01-22T06:48:39.532366
2026-01-22T15:00,11.6,64,5.1,9.2,0,0.0,0.0,0.0,0.0,0.0,2,1025.4,1025.4,81,24140.0,8.3,20.9,hong_kong,2026-01-22T06:48:39.532366
2026-01-22T16:00,11.4,64,4.8,9.0,0,0.0,0.0,0.0,0.0,0.0,2,1025.3,1025.3,75,24140.0,7.9,23.0,hong_kong,2026-01-22T06:48:39.532366
2026-01-22T17:00,11.4,65,5.0,9.3,0,0.0,0.0,0.0,0.0,0.0,3,1025.1,1025.1,84,24140.0,5.9,21.2,hong_kong,2026-01-22T06:48:39.532366
2026-01-22T18:00,11.2,66,5.1,9.0,0,0.0,0.0,0.0,0.0,0.0,2,1024.6,1024.6,80,24140.0,6.9,18.4,hong_kong,2026-01-22T06:48:39.532366
2026-01-22T19:00,10.9,66,4.8,8.6,0,0.0,0.0,0.0,0.0,0.0,3,1024.2,1024.2,84,24140.0,7.6,20.2,hong_kong,2026-01-22T06:48:39.532366
2026-01-22T20:00,10.7,65,4.4,8.2,0,0.0,0.0,0.0,0.0,0.0,3,1024.1,1024.1,84,24140.0,7.6,20.5,hong_kong,2026-01-22T06:48:39.532366
2026-01-22T21:00,10.6,66,4.5,8.3,0,0.0,0.0,0.0,0.0,0.0,2,1024.2,1024.2,81,24140.0,6.8,19.8,hong_kong,2026-01-22T06:48:39.532366
2026-01-22T22:00,10.7,66,4.6,8.4,0,0.0,0.0,0.0,0.0,0.0,3,1024.9,1024.9,90,24140.0,6.9,18.7,hong_kong,2026-01-22T06:48:39.532366
2026-01-22T23:00,10.6,67,4.7,8.4,0,0.0,0.0,0.0,0.0,0.0,3,1025.4,1025.4,81,24140.0,6.5,18.7,hong_kong,2026-01-22T06:48:39.532366
2026-01-22T00:00,9.3,69,3.9,5.5,3,0.0,0.0,0.0,0.0,0.0,3,1025.8,1023.0,95,24140.0,16.6,31.0,macau,2026-01-22T06:48:41.935258
2026-01-22T01:00,9.4,71,4.4,5.3,0,0.0,0.0,0.0,0.0,0.0,3,1026.9,1024.0,93,24140.0,19.1,33.5,macau,2026-01-22T06:48:41.935258
2026-01-22T02:00,9.9,71,4.8,5.7,0,0.0,0.0,0.0,0.0,0.0,3,1027.6,1024.8,93,24140.0,19.8,34.6,macau,2026-01-22T06:48:41.935258
2026-01-22T03:00,10.4,70,5.1,6.1,0,0.0,0.0,0.0,0.0,0.0,3,1027.6,1024.8,91,24140.0,20.9,36.7,macau,2026-01-22T06:48:41.935258
2026-01-22T04:00,11.2,67,5.3,6.9,0,0.0,0.0,0.0,0.0,0.0,3,1026.9,1024.1,90,24140.0,21.3,37.1,macau,2026-01-22T06:48:41.935258
2026-01-22T05:00,11.5,64,4.9,7.3,0,0.0,0.0,0.0,0.0,0.0,3,1026.1,1023.3,88,24140.0,20.3,37.1,macau,2026-01-22T06:48:41.935258
2026-01-22T06:00,12.0,62,5.0,8.0,0,0.0,0.0,0.0,0.0,0.0,2,1025.1,1022.3,80,24140.0,19.1,35.3,macau,2026-01-22T06:48:41.935258
2026-01-22T07:00,11.9,62,4.8,7.6,0,0.0,0.0,0.0,0.0,0.0,3,1024.6,1021.8,87,24140.0,20.4,35.6,macau,2026-01-22T06:48:41.935258
2026-01-22T08:00,11.7,62,4.7,7.7,0,0.0,0.0,0.0,0.0,0.0,2,1024.4,1021.6,58,24140.0,18.4,35.6,macau,2026-01-22T06:48:41.935258
2026-01-22T09:00,11.4,63,4.6,7.4,0,0.0,0.0,0.0,0.0,0.0,3,1024.3,1021.5,87,24140.0,18.0,32.4,macau,2026-01-22T06:48:41.935258
2026-01-22T10:00,10.8,64,4.3,7.0,3,0.0,0.0,0.0,0.0,0.0,2,1024.7,1021.9,75,24140.0,17.0,31.3,macau,2026-01-22T06:48:41.935258
2026-01-22T11:00,10.2,64,3.7,6.3,0,0.0,0.0,0.0,0.0,0.0,2,1025.6,1022.8,70,24140.0,16.3,29.5,macau,2026-01-22T06:48:41.935258
2026-01-22T12:00,9.7,67,3.8,6.2,0,0.0,0.0,0.0,0.0,0.0,2,1026.2,1023.4,62,24140.0,13.4,28.1,macau,2026-01-22T06:48:41.935258
2026-01-22T13:00,9.4,69,4.0,6.0,0,0.0,0.0,0.0,0.0,0.0,2,1026.6,1023.7,68,24140.0,13.4,23.0,macau,2026-01-22T06:48:41.935258
2026-01-22T14:00,9.1,69,3.7,5.7,0,0.0,0.0,0.0,0.0,0.0,3,1026.2,1023.3,83,24140.0,12.9,23.4,macau,2026-01-22T06:48:41.935258
2026-01-22T15:00,8.9,70,3.7,5.9,0,0.0,0.0,0.0,0.0,0.0,3,1025.9,1023.0,87,24140.0,10.7,22.3,macau,2026-01-22T06:48:41.935258
2026-01-22T16:00,8.8,71,3.8,5.6,0,0.0,0.0,0.0,0.0,0.0,3,1025.8,1022.9,87,24140.0,11.8,20.2,macau,2026-01-22T06:48:41.935258
2026-01-22T17:00,8.6,73,4.0,5.4,0,0.0,0.0,0.0,0.0,0.0,3,1025.9,1023.0,86,24140.0,12.1,21.2,macau,2026-01-22T06:48:41.935258
2026-01-22T18:00,8.4,74,4.0,5.1,0,0.0,0.0,0.0,0.0,0.0,3,1025.2,1022.3,86,24140.0,12.8,22.0,macau,2026-01-22T06:48:41.935258
2026-01-22T19:00,8.2,75,4.0,5.0,0,0.0,0.0,0.0,0.0,0.0,2,1024.8,1021.9,80,24140.0,12.0,22.0,macau,2026-01-22T06:48:41.935258
2026-01-22T20:00,8.1,74,3.7,4.9,0,0.0,0.0,0.0,0.0,0.0,3,1024.7,1021.8,83,24140.0,11.5,20.5,macau,2026-01-22T06:48:41.935258
2026-01-22T21:00,8.0,75,3.8,4.9,0,0.0,0.0,0.0,0.0,0.0,3,1024.8,1021.9,91,24140.0,11.5,20.9,macau,2026-01-22T06:48:41.935258
2026-01-22T22:00,8.3,74,3.9,5.4,0,0.0,0.0,0.0,0.0,0.0,3,1025.3,1022.4,97,24140.0,9.6,19.8,macau,2026-01-22T06:48:41.935258
2026-01-22T23:00,8.3,73,3.7,5.1,0,0.0,0.0,0.0,0.0,0.0,3,1025.9,1023.0,87,24140.0,11.3,19.8,macau,2026-01-22T06:48:41.935258
2026-01-22T00:00,-2.8,63,-8.9,-7.0,0,0.0,0.0,0.0,0.0,0.0,2,1033.7,1033.3,62,24140.0,6.6,17.3,shanghai,2026-01-22T06:48:44.330072
2026-01-22T01:00,-1.7,56,-9.3,-6.0,0,0.0,0.0,0.0,0.0,0.0,3,1034.6,1034.2,89,24140.0,7.9,20.5,shanghai,2026-01-22T06:48:44.330072
2026-01-22T02:00,-0.1,51,-9.0,-4.5,0,0.0,0.0,0.0,0.0,0.0,3,1034.8,1034.4,100,24140.0,8.7,23.0,shanghai,2026-01-22T06:48:44.330072
2026-01-22T03:00,1.1,50,-8.2,-3.3,0,0.0,0.0,0.0,0.0,0.0,3,1034.3,1033.9,100,24140.0,9.3,25.2,shanghai,2026-01-22T06:48:44.330072
2026-01-22T04:00,2.4,49,-7.2,-1.9,0,0.0,0.0,0.0,0.0,0.0,3,1033.1,1032.7,100,24140.0,9.4,25.2,shanghai,2026-01-22T06:48:44.330072
2026-01-22T05:00,3.3,47,-6.9,-1.0,0,0.0,0.0,0.0,0.0,0.0,3,1032.3,1031.9,100,24140.0,9.2,25.6,shanghai,2026-01-22T06:48:44.330072
2026-01-22T06:00,3.8,46,-6.8,-0.5,0,0.0,0.0,0.0,0.0,0.0,3,1031.8,1031.4,100,24140.0,8.7,25.2,shanghai,2026-01-22T06:48:44.330072
2026-01-22T07:00,3.8,45,-7.1,-0.4,0,0.0,0.0,0.0,0.0,0.0,3,1031.9,1031.5,99,24140.0,8.3,24.1,shanghai,2026-01-22T06:48:44.330072
2026-01-22T08:00,3.5,44,-7.6,-0.7,0,0.0,0.0,0.0,0.0,0.0,3,1031.3,1030.9,96,24140.0,7.6,22.7,shanghai,2026-01-22T06:48:44.330072
2026-01-22T09:00,2.9,49,-6.8,-0.9,0,0.0,0.0,0.0,0.0,0.0,2,1031.5,1031.1,54,24140.0,5.8,20.5,shanghai,2026-01-22T06:48:44.330072
2026-01-22T10:00,2.3,55,-5.8,-1.1,0,0.0,0.0,0.0,0.0,0.0,2,1031.4,1031.0,62,24140.0,3.3,14.8,shanghai,2026-01-22T06:48:44.330072
2026-01-22T11:00,1.9,60,-5.1,-1.2,0,0.0,0.0,0.0,0.0,0.0,2,1031.8,1031.4,63,24140.0,1.8,7.6,shanghai,2026-01-22T06:48:44.330072
2026-01-22T12:00,1.6,61,-5.1,-1.4,0,0.0,0.0,0.0,0.0,0.0,2,1031.7,1031.3,56,24140.0,1.5,3.2,shanghai,2026-01-22T06:48:44.330072
2026-01-22T13:00,1.3,62,-5.2,-1.8,0,0.0,0.0,0.0,0.0,0.0,1,1031.7,1031.3,38,24140.0,2.1,3.6,shanghai,2026-01-22T06:48:44.330072
2026-01-22T14:00,0.9,64,-5.2,-2.3,0,0.0,0.0,0.0,0.0,0.0,1,1031.7,1031.3,28,24140.0,2.3,3.6,shanghai,2026-01-22T06:48:44.330072
2026-01-22T15:00,0.4,68,-4.8,-2.8,0,0.0,0.0,0.0,0.0,0.0,0,1031.2,1030.8,0,24140.0,3.0,5.4,shanghai,2026-01-22T06:48:44.330072
2026-01-22T16:00,-0.2,72,-4.7,-3.4,0,0.0,0.0,0.0,0.0,0.0,0,1030.9,1030.5,0,24140.0,3.1,6.1,shanghai,2026-01-22T06:48:44.330072
2026-01-22T17:00,-0.6,74,-4.7,-3.8,0,0.0,0.0,0.0,0.0,0.0,0,1030.5,1030.1,0,24140.0,3.1,6.5,shanghai,2026-01-22T06:48:44.330072
2026-01-22T18:00,-0.8,74,-4.9,-4.1,0,0.0,0.0,0.0,0.0,0.0,0,1030.2,1029.8,0,24140.0,3.2,7.2,shanghai,2026-01-22T06:48:44.330072
2026-01-22T19:00,-0.9,74,-5.0,-4.1,0,0.0,0.0,0.0,0.0,0.0,0,1029.5,1029.1,0,24140.0,2.9,6.8,shanghai,2026-01-22T06:48:44.330072
2026-01-22T20:00,-1.0,74,-5.0,-4.2,0,0.0,0.0,0.0,0.0,0.0,0,1029.5,1029.1,0,24140.0,2.8,5.8,shanghai,2026-01-22T06:48:44.330072
2026-01-22T21:00,-1.1,73,-5.3,-4.3,0,0.0,0.0,0.0,0.0,0.0,0,1029.7,1029.3,0,24140.0,3.1,6.1,shanghai,2026-01-22T06:48:44.330072
2026-01-22T22:00,-1.2,73,-5.4,-4.5,0,0.0,0.0,0.0,0.0,0.0,0,1030.0,1029.6,0,24140.0,3.3,6.5,shanghai,2026-01-22T06:48:44.330072
2026-01-22T23:00,-1.4,71,-6.0,-4.8,0,0.0,0.0,0.0,0.0,0.0,0,1030.0,1029.6,0,24140.0,3.4,6.5,shanghai,2026-01-22T06:48:44.330072
2026-01-22T00:00,9.6,67,3.8,6.2,3,0.0,0.0,0.0,0.0,0.0,3,1026.0,1025.1,84,24140.0,13.7,29.2,shenzhen,2026-01-22T06:48:46.730535
2026-01-22T01:00,9.7,68,4.1,6.2,0,0.0,0.0,0.0,0.0,0.0,3,1027.0,1026.1,89,24140.0,14.4,29.2,shenzhen,2026-01-22T06:48:46.730535
2026-01-22T02:00,10.2,68,4.5,6.7,0,0.0,0.0,0.0,0.0,0.0,2,1027.8,1026.9,76,24140.0,14.8,30.6,shenzhen,2026-01-22T06:48:46.730535
2026-01-22T03:00,10.9,67,5.0,7.5,0,0.0,0.0,0.0,0.0,0.0,3,1027.6,1026.7,84,24140.0,15.1,31.3,shenzhen,2026-01-22T06:48:46.730535
2026-01-22T04:00,11.4,67,5.5,8.1,0,0.0,0.0,0.0,0.0,0.0,2,1026.8,1025.9,76,24140.0,14.8,31.3,shenzhen,2026-01-22T06:48:46.730535
2026-01-22T05:00,11.9,66,5.8,8.8,0,0.0,0.0,0.0,0.0,0.0,3,1025.9,1025.0,86,24140.0,14.3,30.6,shenzhen,2026-01-22T06:48:46.730535
2026-01-22T06:00,12.2,65,5.8,9.1,0,0.0,0.0,0.0,0.0,0.0,2,1025.1,1024.2,74,24140.0,14.1,29.9,shenzhen,2026-01-22T06:48:46.730535
2026-01-22T07:00,12.4,64,5.8,9.3,0,0.0,0.0,0.0,0.0,0.0,3,1024.4,1023.5,92,24140.0,13.8,29.5,shenzhen,2026-01-22T06:48:46.730535
2026-01-22T08:00,12.3,64,5.7,9.3,0,0.0,0.0,0.0,0.0,0.0,3,1024.3,1023.4,89,24140.0,13.7,28.8,shenzhen,2026-01-22T06:48:46.730535
2026-01-22T09:00,12.3,65,5.9,9.4,5,0.0,0.0,0.0,0.0,0.0,2,1024.2,1023.3,57,24140.0,12.7,27.7,shenzhen,2026-01-22T06:48:46.730535
2026-01-22T10:00,12.1,66,5.9,9.3,3,0.0,0.0,0.0,0.0,0.0,3,1024.7,1023.8,92,24140.0,12.4,25.9,shenzhen,2026-01-22T06:48:46.730535
2026-01-22T11:00,11.8,67,5.9,8.8,0,0.0,0.0,0.0,0.0,0.0,3,1025.6,1024.7,87,24140.0,13.2,26.6,shenzhen,2026-01-22T06:48:46.730535
2026-01-22T12:00,11.4,67,5.5,8.5,0,0.0,0.0,0.0,0.0,0.0,2,1026.2,1025.3,76,24140.0,12.5,26.6,shenzhen,2026-01-22T06:48:46.730535
2026-01-22T13:00,11.1,68,5.5,8.4,0,0.0,0.0,0.0,0.0,0.0,3,1026.5,1025.6,87,24140.0,10.9,25.2,shenzhen,2026-01-22T06:48:46.730535
2026-01-22T14:00,10.9,70,5.7,8.2,0,0.0,0.0,0.0,0.0,0.0,3,1026.2,1025.3,86,24140.0,11.3,23.0,shenzhen,2026-01-22T06:48:46.730535
2026-01-22T15:00,10.6,69,5.2,7.8,0,0.0,0.0,0.0,0.0,0.0,2,1026.0,1025.1,80,24140.0,11.6,23.8,shenzhen,2026-01-22T06:48:46.730535
2026-01-22T16:00,10.4,68,4.7,7.6,3,0.0,0.0,0.0,0.0,0.0,3,1025.7,1024.8,86,24140.0,10.4,23.0,shenzhen,2026-01-22T06:48:46.730535
2026-01-22T17:00,10.1,69,4.7,7.3,0,0.0,0.0,0.0,0.0,0.0,3,1025.8,1024.9,87,24140.0,10.4,21.2,shenzhen,2026-01-22T06:48:46.730535
2026-01-22T18:00,9.8,69,4.4,6.7,0,0.0,0.0,0.0,0.0,0.0,3,1025.3,1024.4,83,24140.0,12.1,24.8,shenzhen,2026-01-22T06:48:46.730535
2026-01-22T19:00,9.4,69,4.0,6.3,0,0.0,0.0,0.0,0.0,0.0,3,1024.8,1023.9,85,24140.0,11.5,25.2,shenzhen,2026-01-22T06:48:46.730535
2026-01-22T20:00,9.3,69,3.9,6.4,0,0.0,0.0,0.0,0.0,0.0,3,1024.7,1023.8,85,24140.0,9.9,23.0,shenzhen,2026-01-22T06:48:46.730535
2026-01-22T21:00,9.2,69,3.8,6.1,0,0.0,0.0,0.0,0.0,0.0,3,1024.9,1024.0,89,24140.0,10.8,22.0,shenzhen,2026-01-22T06:48:46.730535
2026-01-22T22:00,9.2,70,4.0,6.2,0,0.0,0.0,0.0,0.0,0.0,3,1025.5,1024.6,88,24140.0,10.5,22.0,shenzhen,2026-01-22T06:48:46.730535
2026-01-22T23:00,9.2,69,3.8,6.2,0,0.0,0.0,0.0,0.0,0.0,3,1025.9,1025.0,87,24140.0,10.2,21.6,shenzhen,2026-01-22T06:48:46.730535
2026-01-22T00:00,13.4,92,12.1,12.9,38,0.0,0.0,0.0,0.0,0.0,3,1014.0,753.9,100,15120.0,8.0,14.4,bogota,2026-01-22T06:50:08.320968
2026-01-22T01:00,13.1,93,12.0,12.7,83,0.4,0.0,0.4,0.0,0.0,80,1015.4,754.7,100,3140.0,7.0,18.0,bogota,2026-01-22T06:50:08.320968
2026-01-22T02:00,13.1,93,12.0,12.9,55,0.0,0.0,0.0,0.0,0.0,3,1016.5,755.6,100,19700.0,5.1,14.8,bogota,2026-01-22T06:50:08.320968
2026-01-22T03:00,12.6,95,11.8,12.8,25,0.0,0.0,0.0,0.0,0.0,3,1017.1,755.7,100,19880.0,2.9,10.8,bogota,2026-01-22T06:50:08.320968
2026-01-22T04:00,12.3,97,11.9,12.7,25,0.0,0.0,0.0,0.0,0.0,45,1016.8,755.2,86,11060.0,1.6,7.6,bogota,2026-01-22T06:50:08.320968
2026-01-22T05:00,12.2,97,11.7,12.5,23,0.0,0.0,0.0,0.0,0.0,45,1016.5,754.9,87,23620.0,1.3,4.7,bogota,2026-01-22T06:50:08.320968
2026-01-22T06:00,11.9,98,11.6,12.1,15,0.0,0.0,0.0,0.0,0.0,45,1015.6,754.0,87,22360.0,2.1,5.0,bogota,2026-01-22T06:50:08.320968
2026-01-22T07:00,11.8,98,11.5,11.8,15,0.0,0.0,0.0,0.0,0.0,45,1015.4,753.8,100,24140.0,3.1,7.6,bogota,2026-01-22T06:50:08.320968
2026-01-22T08:00,11.7,98,11.4,11.8,3,0.0,0.0,0.0,0.0,0.0,45,1015.0,753.4,100,24140.0,1.8,8.3,bogota,2026-01-22T06:50:08.320968
2026-01-22T09:00,11.6,98,11.3,11.8,0,0.0,0.0,0.0,0.0,0.0,45,1015.1,753.4,100,24140.0,1.0,5.0,bogota,2026-01-22T06:50:08.320968
2026-01-22T10:00,11.4,99,11.3,11.6,0,0.0,0.0,0.0,0.0,0.0,45,1015.0,753.2,100,24140.0,1.8,3.6,bogota,2026-01-22T06:50:08.320968
2026-01-22T11:00,11.0,99,10.9,10.9,3,0.0,0.0,0.0,0.0,0.0,45,1015.4,753.2,100,24140.0,3.0,6.1,bogota,2026-01-22T06:50:08.320968
2026-01-22T12:00,11.1,99,10.9,10.9,3,0.0,0.0,0.0,0.0,0.0,45,1016.0,753.7,100,24140.0,3.3,9.4,bogota,2026-01-22T06:50:08.320968
2026-01-22T13:00,12.4,93,11.3,12.2,3,0.0,0.0,0.0,0.0,0.0,3,1017.2,755.5,100,24140.0,4.0,10.1,bogota,2026-01-22T06:50:08.320968
2026-01-22T14:00,14.0,84,11.4,14.0,5,0.0,0.0,0.0,0.0,0.0,3,1017.5,757.0,100,24140.0,2.9,9.7,bogota,2026-01-22T06:50:08.320968
2026-01-22T15:00,15.1,76,10.9,15.2,13,0.0,0.0,0.0,0.0,0.0,3,1017.0,757.4,100,24120.0,0.7,8.6,bogota,2026-01-22T06:50:08.320968
2026-01-22T16:00,16.0,71,10.8,15.7,30,0.0,0.0,0.0,0.0,0.0,3,1016.0,757.4,100,24140.0,3.7,10.8,bogota,2026-01-22T06:50:08.320968
2026-01-22T17:00,16.2,70,10.7,15.3,43,0.0,0.0,0.0,0.0,0.0,3,1015.2,756.9,100,24140.0,7.6,18.0,bogota,2026-01-22T06:50:08.320968
2026-01-22T18:00,16.5,69,10.8,15.2,65,0.0,0.0,0.0,0.0,0.0,3,1014.1,756.3,97,24100.0,10.2,23.8,bogota,2026-01-22T06:50:08.320968
2026-01-22T19:00,15.8,74,11.2,14.5,70,0.0,0.0,0.0,0.0,0.0,3,1013.3,755.3,98,16040.0,11.6,28.4,bogota,2026-01-22T06:50:08.320968
2026-01-22T20:00,15.2,81,11.9,14.1,88,0.3,0.0,0.3,0.0,0.0,80,1013.4,754.8,95,15620.0,11.7,28.4,bogota,2026-01-22T06:50:08.320968
2026-01-22T21:00,15.0,81,11.7,13.9,88,0.1,0.0,0.1,0.0,0.0,3,1013.3,754.6,96,23720.0,11.0,27.4,bogota,2026-01-22T06:50:08.320968
2026-01-22T22:00,14.4,83,11.5,13.5,70,0.1,0.0,0.1,0.0,0.0,3,1013.4,754.2,97,23840.0,9.4,25.2,bogota,2026-01-22T06:50:08.320968
2026-01-22T23:00,13.5,87,11.4,12.9,45,0.0,0.0,0.0,0.0,0.0,3,1014.0,754.0,100,24140.0,7.6,21.6,bogota,2026-01-22T06:50:08.320968
2026-01-22T00:00,23.8,82,20.6,27.5,73,1.7,0.0,1.7,0.0,0.0,95,1010.5,853.1,100,13860.0,3.2,14.4,medellin,2026-01-22T06:50:11.096606
2026-01-22T01:00,23.3,85,20.6,27.1,95,2.1,0.0,2.1,0.0,0.0,95,1012.0,854.1,100,13020.0,2.8,16.6,medellin,2026-01-22T06:50:11.096606
2026-01-22T02:00,22.7,87,20.4,26.6,95,2.3,0.0,2.3,0.0,0.0,95,1013.4,855.0,100,13760.0,1.1,11.9,medellin,2026-01-22T06:50:11.096606
2026-01-22T03:00,22.4,89,20.5,26.1,93,2.2,0.0,2.2,0.0,0.0,95,1014.1,855.5,100,24140.0,3.1,10.4,medellin,2026-01-22T06:50:11.096606
2026-01-22T04:00,21.8,95,21.0,25.9,85,1.3,0.0,1.3,0.0,0.0,80,1014.5,855.5,100,24140.0,1.8,10.4,medellin,2026-01-22T06:50:11.096606
2026-01-22T05:00,21.5,93,20.4,25.1,80,0.4,0.0,0.4,0.0,0.0,80,1014.2,855.1,100,17940.0,3.5,9.4,medellin,2026-01-22T06:50:11.096606
2026-01-22T06:00,21.2,96,20.6,25.1,73,0.0,0.0,0.0,0.0,0.0,45,1013.7,854.5,100,22120.0,2.1,10.1,medellin,2026-01-22T06:50:11.096606
2026-01-22T07:00,21.0,96,20.4,24.7,70,0.0,0.0,0.0,0.0,0.0,45,1013.5,854.3,100,24140.0,2.8,7.9,medellin,2026-01-22T06:50:11.096606
2026-01-22T08:00,21.0,96,20.3,24.8,68,0.0,0.0,0.0,0.0,0.0,45,1013.2,854.0,100,22360.0,1.6,7.6,medellin,2026-01-22T06:50:11.096606
2026-01-22T09:00,20.9,94,19.9,24.7,55,0.2,0.0,0.2,0.0,0.0,80,1013.0,853.8,100,24140.0,0.7,5.0,medellin,2026-01-22T06:50:11.096606
2026-01-22T10:00,21.1,93,19.9,24.7,55,0.2,0.0,0.2,0.0,0.0,3,1013.0,853.9,100,24140.0,1.1,6.1,medellin,2026-01-22T06:50:11.096606
2026-01-22T11:00,21.1,93,19.9,24.7,53,0.0,0.0,0.0,0.0,0.0,3,1013.4,854.2,100,22180.0,1.4,5.8,medellin,2026-01-22T06:50:11.096606
2026-01-22T12:00,21.1,94,20.1,24.8,48,0.0,0.0,0.0,0.0,0.0,3,1014.0,854.7,100,23440.0,1.8,6.5,medellin,2026-01-22T06:50:11.096606
2026-01-22T13:00,21.6,94,20.6,25.5,53,0.0,0.0,0.0,0.0,0.0,3,1015.2,856.0,100,24140.0,2.3,7.6,medellin,2026-01-22T06:50:11.096606
2026-01-22T14:00,22.5,92,21.2,26.6,73,0.0,0.0,0.0,0.0,0.0,3,1015.7,856.9,100,15120.0,2.6,8.3,medellin,2026-01-22T06:50:11.096606
2026-01-22T15:00,23.2,87,20.9,26.7,70,0.0,0.0,0.0,0.0,0.0,3,1015.4,856.9,100,18300.0,5.4,14.8,medellin,2026-01-22T06:50:11.096606
2026-01-22T16:00,23.9,86,21.4,27.8,75,0.1,0.0,0.1,0.0,0.0,3,1014.7,856.7,100,17080.0,5.0,15.5,medellin,2026-01-22T06:50:11.096606
2026-01-22T17:00,24.9,85,22.2,30.0,75,0.1,0.0,0.1,0.0,0.0,3,1013.5,856.2,99,24140.0,4.3,14.8,medellin,2026-01-22T06:50:11.096606
2026-01-22T18:00,25.2,83,22.1,29.8,75,0.3,0.0,0.3,0.0,0.0,80,1012.2,855.2,100,24140.0,5.8,17.3,medellin,2026-01-22T06:50:11.096606
2026-01-22T19:00,25.4,82,22.1,29.5,78,1.2,0.0,1.2,0.0,0.0,95,1011.2,854.4,100,24140.0,5.8,18.7,medellin,2026-01-22T06:50:11.096606
2026-01-22T20:00,25.5,80,21.8,29.7,80,1.0,0.0,1.0,0.0,0.0,95,1010.6,854.0,100,15500.0,4.7,17.3,medellin,2026-01-22T06:50:11.096606
2026-01-22T21:00,25.2,79,21.3,29.2,93,1.6,0.0,1.6,0.0,0.0,80,1010.4,853.7,100,16460.0,3.7,15.8,medellin,2026-01-22T06:50:11.096606
2026-01-22T22:00,24.6,80,21.0,28.6,98,0.6,0.0,0.6,0.0,0.0,80,1010.5,853.5,100,11560.0,2.8,13.7,medellin,2026-01-22T06:50:11.096606
2026-01-22T23:00,23.6,84,20.7,27.5,95,0.8,0.0,0.8,0.0,0.0,95,1011.5,853.8,100,22600.0,1.9,10.4,medellin,2026-01-22T06:50:11.096606
2026-01-22T00:00,13.9,78,10.2,12.7,2,0.0,0.0,0.0,0.0,0.0,3,1016.5,1011.8,90,18900.0,8.7,8.6,san_jose,2026-01-22T06:50:48.638483
2026-01-22T01:00,13.3,78,9.5,12.8,5,0.0,0.0,0.0,0.0,0.0,3,1016.6,1011.9,99,20500.0,2.8,7.9,san_jose,2026-01-22T06:50:48.638483
2026-01-22T02:00,12.4,82,9.4,11.9,3,0.0,0.0,0.0,0.0,0.0,3,1017.1,1012.4,99,17700.0,2.3,3.2,san_jose,2026-01-22T06:50:48.638483
2026-01-22T03:00,11.6,84,9.0,10.5,4,0.0,0.0,0.0,0.0,0.0,3,1017.2,1012.5,99,16700.0,5.9,5.8,san_jose,2026-01-22T06:50:48.638483
2026-01-22T04:00,11.2,83,8.5,10.0,5,0.0,0.0,0.0,0.0,0.0,2,1017.7,1012.9,76,17200.0,5.4,5.4,san_jose,2026-01-22T06:50:48.638483
2026-01-22T05:00,10.7,85,8.3,9.6,4,0.0,0.0,0.0,0.0,0.0,3,1017.6,1012.8,99,16100.0,4.7,5.0,san_jose,2026-01-22T06:50:48.638483
2026-01-22T06:00,10.6,89,8.9,10.0,9,0.0,0.0,0.0,0.0,0.0,3,1016.7,1011.9,100,14700.0,1.8,1.8,san_jose,2026-01-22T06:50:48.638483
2026-01-22T07:00,10.5,84,7.9,8.9,8,0.0,0.0,0.0,0.0,0.0,3,1016.7,1011.9,100,16700.0,6.9,7.2,san_jose,2026-01-22T06:50:48.638483
2026-01-22T08:00,9.7,84,7.2,8.0,6,0.0,0.0,0.0,0.0,0.0,3,1016.9,1012.1,100,16200.0,6.8,6.8,san_jose,2026-01-22T06:50:48.638483
2026-01-22T09:00,9.5,94,8.6,8.1,4,0.0,0.0,0.0,0.0,0.0,2,1016.9,1012.1,75,12400.0,7.7,11.5,san_jose,2026-01-22T06:50:48.638483
2026-01-22T10:00,8.6,91,7.3,6.9,3,0.0,0.0,0.0,0.0,0.0,3,1016.6,1011.8,100,12300.0,7.4,7.2,san_jose,2026-01-22T06:50:48.638483
2026-01-22T11:00,8.1,92,6.9,6.4,2,0.0,0.0,0.0,0.0,0.0,3,1016.6,1011.8,100,12300.0,6.3,10.1,san_jose,2026-01-22T06:50:48.638483
2026-01-22T12:00,7.6,90,6.1,5.4,2,0.0,0.0,0.0,0.0,0.0,3,1016.4,1011.6,82,12200.0,8.0,7.9,san_jose,2026-01-22T06:50:48.638483
2026-01-22T13:00,7.6,89,5.9,6.0,2,0.0,0.0,0.0,0.0,0.0,2,1016.9,1012.1,69,12200.0,4.2,4.3,san_jose,2026-01-22T06:50:48.638483
2026-01-22T14:00,7.4,88,5.6,5.5,2,0.0,0.0,0.0,0.0,0.0,3,1017.0,1012.2,100,12200.0,5.8,5.8,san_jose,2026-01-22T06:50:48.638483
2026-01-22T15:00,7.2,91,5.8,5.1,2,0.0,0.0,0.0,0.0,0.0,3,1016.7,1011.9,90,12200.0,7.1,8.3,san_jose,2026-01-22T06:50:48.638483
2026-01-22T16:00,7.4,93,6.4,6.2,2,0.0,0.0,0.0,0.0,0.0,3,1017.0,1012.2,100,12200.0,2.5,2.9,san_jose,2026-01-22T06:50:48.638483
2026-01-22T17:00,9.9,94,9.0,9.0,2,0.0,0.0,0.0,0.0,0.0,3,1017.2,1012.4,100,12700.0,4.5,6.1,san_jose,2026-01-22T06:50:48.638483
2026-01-22T18:00,12.3,86,10.0,11.9,2,0.0,0.0,0.0,0.0,0.0,3,1016.8,1012.1,100,15900.0,3.1,3.6,san_jose,2026-01-22T06:50:48.638483
2026-01-22T19:00,13.9,77,10.0,13.3,2,0.0,0.0,0.0,0.0,0.0,3,1015.8,1011.1,100,20500.0,4.8,5.8,san_jose,2026-01-22T06:50:48.638483
2026-01-22T20:00,15.2,70,9.8,14.1,2,0.0,0.0,0.0,0.0,0.0,3,1015.4,1010.7,100,24400.0,6.8,7.9,san_jose,2026-01-22T06:50:48.638483
2026-01-22T21:00,16.4,66,10.1,15.0,2,0.0,0.0,0.0,0.0,0.0,3,1014.8,1010.1,100,27300.0,10.2,13.7,san_jose,2026-01-22T06:50:48.638483
2026-01-22T22:00,17.3,56,8.5,16.1,2,0.0,0.0,0.0,0.0,0.0,3,1014.6,1010.0,100,34500.0,5.8,7.6,san_jose,2026-01-22T06:50:48.638483
2026-01-22T23:00,16.9,53,7.3,15.1,2,0.0,0.0,0.0,0.0,0.0,3,1014.4,1009.8,100,36100.0,7.5,9.0,san_jose,2026-01-22T06:50:48.638483
2026-01-22T00:00,23.6,81,20.2,25.2,13,0.0,0.0,0.0,0.0,0.0,2,1019.2,1017.4,36,24140.0,16.4,34.6,havana,2026-01-22T06:52:06.349054
2026-01-22T01:00,23.5,83,20.5,25.4,18,0.0,0.0,0.0,0.0,0.0,1,1019.6,1017.8,41,24140.0,15.5,30.2,havana,2026-01-22T06:52:06.349054
2026-01-22T02:00,23.3,85,20.6,25.5,18,0.0,0.0,0.0,0.0,0.0,1,1019.6,1017.8,42,24140.0,14.0,28.4,havana,2026-01-22T06:52:06.349054
2026-01-22T03:00,23.4,86,20.9,25.6,10,0.0,0.0,0.0,0.0,0.0,2,1019.8,1018.0,79,24140.0,14.5,27.4,havana,2026-01-22T06:52:06.349054
2026-01-22T04:00,23.5,86,21.0,26.0,10,0.0,0.0,0.0,0.0,0.0,2,1019.7,1017.9,76,24140.0,12.8,26.6,havana,2026-01-22T06:52:06.349054
2026-01-22T05:00,23.5,87,21.2,26.3,10,0.0,0.0,0.0,0.0,0.0,2,1019.3,1017.5,80,24140.0,11.4,23.4,havana,2026-01-22T06:52:06.349054
2026-01-22T06:00,23.6,88,21.5,26.9,28,0.0,0.0,0.0,0.0,0.0,2,1019.0,1017.2,56,24140.0,8.6,21.2,havana,2026-01-22T06:52:06.349054
2026-01-22T07:00,23.7,87,21.4,27.1,18,0.0,0.0,0.0,0.0,0.0,2,1018.6,1016.8,67,24140.0,7.9,15.8,havana,2026-01-22T06:52:06.349054
2026-01-22T08:00,23.7,87,21.4,27.1,20,0.0,0.0,0.0,0.0,0.0,2,1018.2,1016.4,63,24140.0,7.9,14.8,havana,2026-01-22T06:52:06.349054
2026-01-22T09:00,23.6,88,21.5,27.0,28,0.0,0.0,0.0,0.0,0.0,2,1017.9,1016.1,80,24140.0,8.4,15.8,havana,2026-01-22T06:52:06.349054
2026-01-22T10:00,23.6,88,21.5,27.1,28,0.0,0.0,0.0,0.0,0.0,2,1017.5,1015.7,61,24140.0,8.1,15.5,havana,2026-01-22T06:52:06.349054
2026-01-22T11:00,23.6,88,21.5,27.0,33,0.0,0.0,0.0,0.0,0.0,2,1017.6,1015.8,58,24140.0,8.4,15.5,havana,2026-01-22T06:52:06.349054
2026-01-22T12:00,23.7,88,21.6,27.1,25,0.0,0.0,0.0,0.0,0.0,2,1017.8,1016.0,53,24140.0,8.5,16.2,havana,2026-01-22T06:52:06.349054
2026-01-22T13:00,23.8,88,21.7,27.3,28,0.0,0.0,0.0,0.0,0.0,2,1018.2,1016.4,46,24140.0,8.1,15.5,havana,2026-01-22T06:52:06.349054
2026-01-22T14:00,24.3,84,21.4,27.6,23,0.0,0.0,0.0,0.0,0.0,2,1019.0,1017.2,55,24140.0,9.0,17.6,havana,2026-01-22T06:52:06.349054
2026-01-22T15:00,25.0,80,21.3,28.2,23,0.0,0.0,0.0,0.0,0.0,2,1019.6,1017.8,55,24140.0,8.8,18.4,havana,2026-01-22T06:52:06.349054
2026-01-22T16:00,25.6,76,21.1,28.8,23,0.1,0.0,0.1,0.0,0.0,2,1019.6,1017.9,51,24140.0,8.7,18.0,havana,2026-01-22T06:52:06.349054
2026-01-22T17:00,25.8,76,21.2,28.9,28,0.1,0.0,0.1,0.0,0.0,2,1018.6,1016.9,55,24140.0,9.4,19.4,havana,2026-01-22T06:52:06.349054
2026-01-22T18:00,25.9,75,21.1,29.1,25,0.1,0.0,0.1,0.0,0.0,2,1017.6,1015.9,57,24140.0,9.9,20.5,havana,2026-01-22T06:52:06.349054
2026-01-22T19:00,26.0,75,21.2,29.2,18,0.1,0.0,0.1,0.0,0.0,2,1016.6,1014.9,54,24140.0,10.5,20.9,havana,2026-01-22T06:52:06.349054
2026-01-22T20:00,25.7,78,21.6,28.8,15,0.1,0.0,0.1,0.0,0.0,2,1016.1,1014.4,63,23320.0,11.3,22.3,havana,2026-01-22T06:52:06.349054
2026-01-22T21:00,25.5,79,21.6,28.3,18,0.1,0.0,0.1,0.0,0.0,2,1015.9,1014.2,64,23780.0,12.9,24.8,havana,2026-01-22T06:52:06.349054
2026-01-22T22:00,25.4,80,21.7,28.1,20,0.1,0.0,0.1,0.0,0.0,2,1016.2,1014.5,47,24140.0,13.9,26.3,havana,2026-01-22T06:52:06.349054
2026-01-22T23:00,25.1,82,21.8,27.9,25,0.0,0.0,0.0,0.0,0.0,1,1016.4,1014.7,37,20120.0,13.7,26.3,havana,2026-01-22T06:52:06.349054
2026-01-22T00:00,13.6,60,6.0,10.8,53,0.1,0.1,0.0,0.0,0.0,61,1019.9,1019.0,100,68420.0,12.3,23.8,larnaca,2026-01-22T06:52:08.738894
2026-01-22T01:00,13.6,63,6.7,11.3,65,0.2,0.2,0.0,0.0,0.0,61,1019.6,1018.8,100,36420.0,10.0,23.0,larnaca,2026-01-22T06:52:08.738894
2026-01-22T02:00,13.1,68,7.3,11.6,70,0.2,0.2,0.0,0.0,0.0,61,1018.9,1018.0,100,28900.0,5.5,20.9,larnaca,2026-01-22T06:52:08.738894
2026-01-22T03:00,12.9,67,6.9,10.9,45,0.3,0.3,0.0,0.0,0.0,61,1017.7,1016.8,100,49500.0,8.4,27.7,larnaca,2026-01-22T06:52:08.738894
2026-01-22T04:00,12.2,71,7.1,10.1,40,0.1,0.1,0.0,0.0,0.0,61,1017.6,1016.7,100,52040.0,9.3,18.7,larnaca,2026-01-22T06:52:08.738894
2026-01-22T05:00,12.4,68,6.7,9.7,35,0.0,0.0,0.0,0.0,0.0,3,1017.2,1016.3,100,57480.0,13.0,25.9,larnaca,2026-01-22T06:52:08.738894
2026-01-22T06:00,12.0,70,6.7,9.4,53,0.1,0.1,0.0,0.0,0.0,61,1018.8,1017.9,100,27140.0,11.4,30.6,larnaca,2026-01-22T06:52:08.738894
2026-01-22T07:00,12.2,75,7.9,9.4,55,0.3,0.3,0.0,0.0,0.0,61,1017.7,1016.8,100,32720.0,14.8,30.6,larnaca,2026-01-22T06:52:08.738894
2026-01-22T08:00,13.5,69,7.9,11.0,70,0.1,0.1,0.0,0.0,0.0,61,1018.4,1017.6,100,53440.0,13.3,31.3,larnaca,2026-01-22T06:52:08.738894
2026-01-22T09:00,13.7,68,7.9,9.6,68,0.1,0.1,0.0,0.0,0.0,61,1016.8,1016.0,100,53600.0,24.3,49.7,larnaca,2026-01-22T06:52:08.738894
2026-01-22T10:00,13.4,67,7.4,9.2,53,0.1,0.1,0.0,0.0,0.0,61,1015.9,1015.1,100,54520.0,24.2,50.4,larnaca,2026-01-22T06:52:08.738894
2026-01-22T11:00,13.4,68,7.6,9.0,40,0.1,0.1,0.0,0.0,0.0,61,1014.5,1013.7,100,52440.0,25.4,55.4,larnaca,2026-01-22T06:52:08.738894
2026-01-22T12:00,13.6,71,8.4,10.1,45,0.0,0.0,0.0,0.0,0.0,3,1014.8,1014.0,100,47840.0,20.9,51.5,larnaca,2026-01-22T06:52:08.738894
2026-01-22T13:00,13.3,76,9.1,9.5,58,0.0,0.0,0.0,0.0,0.0,3,1014.1,1013.3,100,37180.0,24.4,50.4,larnaca,2026-01-22T06:52:08.738894
2026-01-22T14:00,12.7,79,9.2,9.7,63,0.2,0.2,0.0,0.0,0.0,61,1014.8,1014.0,100,31800.0,19.0,50.0,larnaca,2026-01-22T06:52:08.738894
2026-01-22T15:00,12.7,78,8.9,9.8,83,0.1,0.1,0.0,0.0,0.0,61,1013.4,1012.6,100,36160.0,17.9,39.2,larnaca,2026-01-22T06:52:08.738894
2026-01-22T16:00,12.7,81,9.5,11.1,75,0.0,0.0,0.0,0.0,0.0,3,1013.2,1012.4,98,29360.0,10.4,35.6,larnaca,2026-01-22T06:52:08.738894
2026-01-22T17:00,13.1,86,10.8,12.1,85,0.1,0.0,0.1,0.0,0.0,3,1012.6,1011.8,99,19320.0,8.7,19.8,larnaca,2026-01-22T06:52:08.738894
2026-01-22T18:00,13.3,87,11.1,11.5,88,0.0,0.0,0.0,0.0,0.0,3,1011.6,1010.8,100,16820.0,14.5,29.2,larnaca,2026-01-22T06:52:08.738894
2026-01-22T19:00,13.7,87,11.6,12.8,80,0.0,0.0,0.0,0.0,0.0,3,1011.6,1010.8,100,17860.0,9.8,30.2,larnaca,2026-01-22T06:52:08.738894
2026-01-22T20:00,13.6,89,11.8,13.3,88,1.7,1.3,0.4,0.0,0.0,61,1011.0,1010.2,100,8520.0,6.3,20.9,larnaca,2026-01-22T06:52:08.738894
2026-01-22T21:00,13.5,95,12.7,13.6,93,6.5,6.0,0.5,0.0,0.0,63,1010.8,1010.0,100,4720.0,5.0,25.2,larnaca,2026-01-22T06:52:08.738894
2026-01-22T22:00,14.1,95,13.3,14.2,83,6.1,5.0,1.2,0.0,0.0,95,1010.2,1009.4,100,4680.0,6.3,37.8,larnaca,2026-01-22T06:52:08.738894
2026-01-22T23:00,13.3,94,12.3,13.4,58,3.9,1.4,2.5,0.0,0.0,81,1009.9,1009.1,84,4340.0,4.1,19.8,larnaca,2026-01-22T06:52:08.738894
2026-01-22T00:00,12.6,63,5.7,8.7,65,0.2,0.2,0.0,0.0,0.0,61,1019.2,1018.0,100,32760.0,19.2,43.2,limassol,2026-01-22T06:52:11.135496
2026-01-22T01:00,12.5,70,7.1,9.7,73,0.7,0.7,0.0,0.0,0.0,61,1019.2,1018.0,100,17620.0,13.7,37.1,limassol,2026-01-22T06:52:11.135496
2026-01-22T02:00,12.3,68,6.5,8.9,53,0.6,0.6,0.0,0.0,0.0,61,1017.2,1016.0,100,57680.0,17.4,41.8,limassol,2026-01-22T06:52:11.135496
2026-01-22T03:00,13.1,57,4.8,9.4,28,0.0,0.0,0.0,0.0,0.0,3,1016.6,1015.4,100,69960.0,16.6,33.8,limassol,2026-01-22T06:52:11.135496
2026-01-22T04:00,13.5,56,4.9,9.8,30,0.0,0.0,0.0,0.0,0.0,3,1016.0,1014.8,100,70640.0,17.1,35.3,limassol,2026-01-22T06:52:11.135496
2026-01-22T05:00,14.2,53,4.8,11.5,38,0.0,0.0,0.0,0.0,0.0,3,1016.3,1015.1,100,73180.0,9.9,36.7,limassol,2026-01-22T06:52:11.135496
2026-01-22T06:00,14.1,56,5.4,10.5,40,0.1,0.1,0.0,0.0,0.0,61,1016.2,1015.0,100,70920.0,16.8,33.1,limassol,2026-01-22T06:52:11.135496
2026-01-22T07:00,13.9,57,5.5,10.3,45,0.0,0.0,0.0,0.0,0.0,3,1016.8,1015.6,100,70060.0,17.1,38.9,limassol,2026-01-22T06:52:11.135496
2026-01-22T08:00,13.9,57,5.5,9.5,33,0.0,0.0,0.0,0.0,0.0,3,1016.4,1015.2,100,69500.0,22.5,44.6,limassol,2026-01-22T06:52:11.135496
2026-01-22T09:00,14.1,58,5.9,9.5,38,0.0,0.0,0.0,0.0,0.0,3,1015.3,1014.1,100,68180.0,24.6,49.0,limassol,2026-01-22T06:52:11.135496
2026-01-22T10:00,14.0,62,6.8,9.1,30,0.0,0.0,0.0,0.0,0.0,3,1014.1,1012.9,100,63620.0,27.9,55.8,limassol,2026-01-22T06:52:11.135496
2026-01-22T11:00,13.9,60,6.2,9.0,25,0.0,0.0,0.0,0.0,0.0,3,1013.6,1012.4,100,66200.0,26.7,58.0,limassol,2026-01-22T06:52:11.135496
2026-01-22T12:00,13.8,62,6.7,9.0,38,0.0,0.0,0.0,0.0,0.0,3,1013.4,1012.2,100,63240.0,27.5,55.8,limassol,2026-01-22T06:52:11.135496
2026-01-22T13:00,13.8,63,6.8,9.4,55,0.0,0.0,0.0,0.0,0.0,3,1013.5,1012.3,100,62540.0,24.4,55.4,limassol,2026-01-22T06:52:11.135496
2026-01-22T14:00,13.6,69,8.0,10.0,68,0.0,0.0,0.0,0.0,0.0,3,1014.2,1013.0,100,53980.0,21.5,48.2,limassol,2026-01-22T06:52:11.135496
2026-01-22T15:00,13.0,74,8.5,9.1,73,0.1,0.0,0.1,0.0,0.0,3,1012.5,1011.3,100,45040.0,24.1,53.6,limassol,2026-01-22T06:52:11.135496
2026-01-22T16:00,13.2,75,8.8,10.1,78,0.1,0.0,0.1,0.0,0.0,3,1012.1,1010.9,93,42700.0,19.2,48.2,limassol,2026-01-22T06:52:11.135496
2026-01-22T17:00,13.5,76,9.4,10.8,88,0.0,0.0,0.0,0.0,0.0,3,1011.8,1010.6,100,42360.0,17.8,37.4,limassol,2026-01-22T06:52:11.135496
2026-01-22T18:00,13.9,78,10.1,12.1,83,0.0,0.0,0.0,0.0,0.0,3,1011.2,1010.0,100,37720.0,12.4,37.1,limassol,2026-01-22T06:52:11.135496
2026-01-22T19:00,13.7,83,10.9,12.2,83,0.7,0.4,0.3,0.0,0.0,61,1011.1,1009.9,100,9560.0,12.4,29.2,limassol,2026-01-22T06:52:11.135496
2026-01-22T20:00,13.9,91,12.4,13.4,83,3.4,2.6,0.8,0.0,0.0,63,1010.7,1009.5,100,8260.0,8.4,24.1,limassol,2026-01-22T06:52:11.135496
2026-01-22T21:00,14.9,93,13.8,15.3,73,5.9,4.9,1.1,0.0,0.0,95,1010.7,1009.5,100,7100.0,5.9,24.5,limassol,2026-01-22T06:52:11.135496
2026-01-22T22:00,14.1,91,12.7,13.5,53,2.0,0.1,1.9,0.0,0.0,80,1010.1,1008.9,78,8860.0,9.8,29.5,limassol,2026-01-22T06:52:11.135496
2026-01-22T23:00,14.4,86,12.1,14.1,48,0.0,0.0,0.0,0.0,0.0,2,1009.8,1008.6,47,21300.0,6.5,19.4,limassol,2026-01-22T06:52:11.135496
2026-01-22T00:00,9.3,70,4.1,7.0,53,0.0,0.0,0.0,0.0,0.0,3,1020.5,1002.4,100,53120.0,6.6,27.4,nicosia,2026-01-22T06:52:48.706438
2026-01-22T01:00,9.3,73,4.7,7.1,70,0.0,0.0,0.0,0.0,0.0,3,1019.9,1001.8,100,46500.0,6.5,15.1,nicosia,2026-01-22T06:52:48.706438
2026-01-22T02:00,9.4,75,5.2,7.3,80,0.2,0.2,0.0,0.0,0.0,61,1019.0,1001.0,100,34480.0,6.5,15.5,nicosia,2026-01-22T06:52:48.706438
2026-01-22T03:00,9.7,67,3.9,7.1,73,0.5,0.5,0.0,0.0,0.0,61,1017.8,999.8,100,39500.0,7.9,23.8,nicosia,2026-01-22T06:52:48.706438
2026-01-22T04:00,9.4,71,4.4,7.1,65,0.1,0.1,0.0,0.0,0.0,61,1018.2,1000.2,100,48340.0,6.7,18.4,nicosia,2026-01-22T06:52:48.706438
2026-01-22T05:00,9.4,71,4.4,6.9,78,0.2,0.2,0.0,0.0,0.0,61,1018.0,1000.0,100,43780.0,7.8,18.0,nicosia,2026-01-22T06:52:48.706438
2026-01-22T06:00,9.4,73,4.8,7.4,78,0.2,0.2,0.0,0.0,0.0,61,1019.0,1001.0,100,23400.0,5.6,21.6,nicosia,2026-01-22T06:52:48.706438
2026-01-22T07:00,9.8,74,5.4,7.7,73,0.3,0.3,0.0,0.0,0.0,61,1018.7,1000.7,100,19800.0,7.0,20.9,nicosia,2026-01-22T06:52:48.706438
2026-01-22T08:00,10.2,69,4.8,7.7,85,0.3,0.3,0.0,0.0,0.0,61,1018.9,1000.9,100,53960.0,8.8,19.1,nicosia,2026-01-22T06:52:48.706438
2026-01-22T09:00,10.6,65,4.3,7.5,78,0.1,0.1,0.0,0.0,0.0,61,1017.8,999.9,100,57600.0,12.0,33.1,nicosia,2026-01-22T06:52:48.706438
2026-01-22T10:00,10.9,67,5.0,7.3,65,0.1,0.1,0.0,0.0,0.0,61,1015.9,998.0,100,55360.0,16.2,41.0,nicosia,2026-01-22T06:52:48.706438
2026-01-22T11:00,11.1,66,5.0,7.3,48,0.0,0.0,0.0,0.0,0.0,3,1015.1,997.2,100,54060.0,17.8,43.6,nicosia,2026-01-22T06:52:48.706438
2026-01-22T12:00,11.2,66,5.1,7.5,60,0.0,0.0,0.0,0.0,0.0,3,1015.4,997.5,100,54260.0,17.5,43.6,nicosia,2026-01-22T06:52:48.706438
2026-01-22T13:00,11.0,66,4.9,7.4,73,0.0,0.0,0.0,0.0,0.0,3,1015.1,997.2,100,54340.0,16.2,45.7,nicosia,2026-01-22T06:52:48.706438
2026-01-22T14:00,10.3,69,4.8,6.7,83,0.1,0.1,0.0,0.0,0.0,61,1015.1,997.2,100,51480.0,15.9,39.6,nicosia,2026-01-22T06:52:48.706438
2026-01-22T15:00,9.7,76,5.7,6.6,88,0.0,0.0,0.0,0.0,0.0,3,1013.9,996.0,100,39320.0,14.1,37.4,nicosia,2026-01-22T06:52:48.706438
2026-01-22T16:00,9.4,83,6.6,7.0,83,0.1,0.1,0.1,0.0,0.0,61,1013.7,995.8,100,25080.0,10.2,34.6,nicosia,2026-01-22T06:52:48.706438
2026-01-22T17:00,9.5,88,7.6,7.7,93,0.1,0.0,0.1,0.0,0.0,3,1013.2,995.3,100,13760.0,8.2,25.9,nicosia,2026-01-22T06:52:48.706438
2026-01-22T18:00,9.8,90,8.3,7.4,93,0.0,0.0,0.0,0.0,0.0,3,1011.6,993.7,100,12220.0,13.6,34.6,nicosia,2026-01-22T06:52:48.706438
2026-01-22T19:00,10.0,90,8.5,8.0,95,0.1,0.1,0.0,0.0,0.0,3,1012.1,994.2,100,10240.0,11.2,33.5,nicosia,2026-01-22T06:52:48.706438
2026-01-22T20:00,10.0,91,8.6,8.3,88,3.0,2.8,0.2,0.0,0.0,61,1011.6,993.7,100,7140.0,9.1,28.1,nicosia,2026-01-22T06:52:48.706438
2026-01-22T21:00,10.1,92,8.9,8.4,83,5.9,5.4,0.6,0.0,0.0,63,1011.1,993.2,100,7240.0,10.1,23.8,nicosia,2026-01-22T06:52:48.706438
2026-01-22T22:00,10.2,94,9.3,8.5,63,4.9,3.6,1.3,0.0,0.0,63,1010.7,992.9,83,4400.0,10.4,27.7,nicosia,2026-01-22T06:52:48.706438
2026-01-22T23:00,10.4,91,9.0,9.5,45,0.6,0.0,0.6,0.0,0.0,80,1010.7,992.9,95,9960.0,4.7,26.3,nicosia,2026-01-22T06:52:48.706438
2026-01-22T00:00,-5.8,78,-9.0,-9.5,0,0.0,0.0,0.0,0.0,0.0,1,1007.1,981.9,46,36100.0,3.4,8.6,prague,2026-01-22T06:53:26.258892
2026-01-22T01:00,-5.7,77,-9.1,-9.5,0,0.0,0.0,0.0,0.0,0.0,1,1006.3,981.1,45,35600.0,4.4,9.0,prague,2026-01-22T06:53:26.258892
2026-01-22T02:00,-5.9,78,-9.1,-9.8,0,0.0,0.0,0.0,0.0,0.0,1,1005.7,980.5,43,33220.0,5.1,10.1,prague,2026-01-22T06:53:26.258892
2026-01-22T03:00,-6.3,77,-9.7,-10.0,0,0.0,0.0,0.0,0.0,0.0,1,1005.1,979.9,64,34140.0,3.2,10.1,prague,2026-01-22T06:53:26.258892
2026-01-22T04:00,-6.2,76,-9.8,-10.0,0,0.0,0.0,0.0,0.0,0.0,2,1004.7,979.5,71,35180.0,4.0,8.6,prague,2026-01-22T06:53:26.258892
2026-01-22T05:00,-6.2,76,-9.7,-9.8,0,0.0,0.0,0.0,0.0,0.0,2,1004.7,979.5,70,35300.0,2.9,8.3,prague,2026-01-22T06:53:26.258892
2026-01-22T06:00,-6.2,76,-9.7,-9.9,0,0.0,0.0,0.0,0.0,0.0,2,1004.7,979.5,79,34840.0,3.3,7.2,prague,2026-01-22T06:53:26.258892
2026-01-22T07:00,-6.2,76,-9.8,-10.0,0,0.0,0.0,0.0,0.0,0.0,2,1004.8,979.6,81,34300.0,3.8,8.3,prague,2026-01-22T06:53:26.258892
2026-01-22T08:00,-6.1,75,-9.8,-9.6,0,0.0,0.0,0.0,0.0,0.0,2,1004.5,979.3,77,36020.0,1.9,7.9,prague,2026-01-22T06:53:26.258892
2026-01-22T09:00,-5.4,73,-9.5,-9.0,0,0.0,0.0,0.0,0.0,0.0,2,1004.3,979.2,79,40460.0,2.5,6.1,prague,2026-01-22T06:53:26.258892
2026-01-22T10:00,-4.8,69,-9.6,-8.8,0,0.0,0.0,0.0,0.0,0.0,2,1004.0,978.9,77,45160.0,5.4,12.6,prague,2026-01-22T06:53:26.258892
2026-01-22T11:00,-4.4,68,-9.4,-8.5,0,0.0,0.0,0.0,0.0,0.0,3,1003.8,978.8,95,47060.0,6.4,15.8,prague,2026-01-22T06:53:26.258892
2026-01-22T12:00,-3.8,65,-9.4,-7.9,0,0.0,0.0,0.0,0.0,0.0,2,1003.6,978.6,81,52400.0,6.6,15.5,prague,2026-01-22T06:53:26.258892
2026-01-22T13:00,-3.4,64,-9.2,-7.4,0,0.0,0.0,0.0,0.0,0.0,2,1003.3,978.4,74,55000.0,6.1,15.1,prague,2026-01-22T06:53:26.258892
2026-01-22T14:00,-3.0,64,-8.9,-6.9,0,0.0,0.0,0.0,0.0,0.0,2,1003.4,978.5,69,55440.0,4.8,13.7,prague,2026-01-22T06:53:26.258892
2026-01-22T15:00,-2.9,64,-8.7,-6.7,0,0.0,0.0,0.0,0.0,0.0,2,1003.5,978.6,82,56520.0,4.7,11.2,prague,2026-01-22T06:53:26.258892
2026-01-22T16:00,-3.1,64,-8.9,-6.8,0,0.0,0.0,0.0,0.0,0.0,2,1003.7,978.8,83,56660.0,4.0,10.4,prague,2026-01-22T06:53:26.258892
2026-01-22T17:00,-3.3,65,-8.9,-7.1,0,0.0,0.0,0.0,0.0,0.0,2,1003.6,978.7,64,55540.0,4.8,10.1,prague,2026-01-22T06:53:26.258892
2026-01-22T18:00,-3.5,66,-9.0,-7.2,0,0.0,0.0,0.0,0.0,0.0,2,1003.5,978.6,62,54900.0,3.3,10.4,prague,2026-01-22T06:53:26.258892
2026-01-22T19:00,-3.7,68,-8.8,-7.2,0,0.0,0.0,0.0,0.0,0.0,2,1003.7,978.8,63,52800.0,2.6,6.5,prague,2026-01-22T06:53:26.258892
2026-01-22T20:00,-4.1,70,-8.8,-7.8,0,0.0,0.0,0.0,0.0,0.0,2,1004.3,979.3,69,48460.0,3.4,6.5,prague,2026-01-22T06:53:26.258892
2026-01-22T21:00,-4.5,72,-8.8,-8.3,0,0.0,0.0,0.0,0.0,0.0,2,1004.6,979.6,63,42760.0,4.0,8.6,prague,2026-01-22T06:53:26.258892
2026-01-22T22:00,-4.9,73,-9.0,-8.6,0,0.0,0.0,0.0,0.0,0.0,2,1004.7,979.6,74,40920.0,3.8,9.0,prague,2026-01-22T06:53:26.258892
2026-01-22T23:00,-5.0,74,-8.9,-8.7,0,0.0,0.0,0.0,0.0,0.0,2,1004.6,979.5,65,39200.0,3.6,8.3,prague,2026-01-22T06:53:26.258892
2026-01-22T00:00,0.7,74,-3.4,-5.1,0,0.0,0.0,0.0,0.0,0.0,3,1009.9,1008.9,100,17240.0,22.3,42.5,copenhagen,2026-01-22T06:54:03.803192
2026-01-22T01:00,0.6,75,-3.4,-5.3,0,0.0,0.0,0.0,0.0,0.0,3,1010.1,1009.1,100,51980.0,22.3,42.8,copenhagen,2026-01-22T06:54:03.803192
2026-01-22T02:00,0.4,75,-3.6,-5.8,0,0.0,0.0,0.0,0.0,0.0,3,1009.9,1008.9,100,58160.0,24.1,45.7,copenhagen,2026-01-22T06:54:03.803192
2026-01-22T03:00,0.1,72,-4.3,-6.3,0,0.0,0.0,0.0,0.0,0.0,3,1009.6,1008.6,97,51220.0,25.2,48.2,copenhagen,2026-01-22T06:54:03.803192
2026-01-22T04:00,-0.2,72,-4.7,-6.6,0,0.0,0.0,0.0,0.0,0.0,3,1009.2,1008.2,100,26100.0,24.5,48.6,copenhagen,2026-01-22T06:54:03.803192
2026-01-22T05:00,-0.5,74,-4.6,-7.1,0,0.0,0.0,0.0,0.0,0.0,3,1008.9,1007.9,100,13720.0,26.6,51.5,copenhagen,2026-01-22T06:54:03.803192
2026-01-22T06:00,-0.3,72,-4.8,-6.9,0,0.0,0.0,0.0,0.0,0.0,3,1009.0,1008.0,100,4240.0,26.3,51.1,copenhagen,2026-01-22T06:54:03.803192
2026-01-22T07:00,-0.4,71,-5.0,-7.1,0,0.0,0.0,0.0,0.0,0.0,3,1009.2,1008.2,100,11080.0,26.6,51.1,copenhagen,2026-01-22T06:54:03.803192
2026-01-22T08:00,-0.4,72,-4.8,-7.0,0,0.0,0.0,0.0,0.0,0.0,3,1009.3,1008.3,100,2660.0,26.6,51.5,copenhagen,2026-01-22T06:54:03.803192
2026-01-22T09:00,-0.4,75,-4.3,-6.9,0,0.0,0.0,0.0,0.0,0.0,3,1009.4,1008.4,100,1400.0,25.9,51.1,copenhagen,2026-01-22T06:54:03.803192
2026-01-22T10:00,-0.2,74,-4.3,-6.9,4,0.0,0.0,0.0,0.0,0.0,3,1009.0,1008.0,100,1740.0,27.4,52.9,copenhagen,2026-01-22T06:54:03.803192
2026-01-22T11:00,-0.1,75,-4.0,-6.4,9,0.0,0.0,0.0,0.0,0.0,3,1008.7,1007.7,100,1040.0,24.5,53.6,copenhagen,2026-01-22T06:54:03.803192
2026-01-22T12:00,-0.1,80,-3.1,-5.9,14,0.1,0.0,0.0,0.07,0.0,71,1008.4,1007.4,100,1080.0,22.3,49.0,copenhagen,2026-01-22T06:54:03.803192
2026-01-22T13:00,0.2,82,-2.6,-5.7,18,0.1,0.1,0.0,0.0,0.0,51,1008.3,1007.3,100,3160.0,23.0,46.4,copenhagen,2026-01-22T06:54:03.803192
2026-01-22T14:00,0.3,80,-2.7,-5.9,21,0.0,0.0,0.0,0.0,0.0,3,1008.1,1007.1,100,17200.0,25.2,49.7,copenhagen,2026-01-22T06:54:03.803192
2026-01-22T15:00,0.5,77,-3.1,-5.9,22,0.0,0.0,0.0,0.0,0.0,3,1008.0,1007.0,100,38640.0,25.9,49.7,copenhagen,2026-01-22T06:54:03.803192
2026-01-22T16:00,0.6,75,-3.4,-6.1,17,0.0,0.0,0.0,0.0,0.0,3,1008.0,1007.0,100,41440.0,27.7,52.9,copenhagen,2026-01-22T06:54:03.803192
2026-01-22T17:00,0.6,75,-3.4,-6.3,10,0.0,0.0,0.0,0.0,0.0,3,1007.9,1006.9,84,37540.0,29.2,56.5,copenhagen,2026-01-22T06:54:03.803192
2026-01-22T18:00,0.5,77,-3.1,-6.1,4,0.0,0.0,0.0,0.0,0.0,3,1008.0,1007.0,87,36980.0,27.7,56.2,copenhagen,2026-01-22T06:54:03.803192
2026-01-22T19:00,0.7,78,-2.7,-5.6,1,0.0,0.0,0.0,0.0,0.0,3,1008.1,1007.1,99,13920.0,26.3,52.9,copenhagen,2026-01-22T06:54:03.803192
2026-01-22T20:00,1.1,79,-2.2,-5.4,1,0.0,0.0,0.0,0.0,0.0,3,1008.2,1007.2,88,45600.0,27.4,52.2,copenhagen,2026-01-22T06:54:03.803192
2026-01-22T21:00,1.2,79,-2.1,-5.3,0,0.0,0.0,0.0,0.0,0.0,1,1008.3,1007.3,38,52200.0,27.7,53.3,copenhagen,2026-01-22T06:54:03.803192
2026-01-22T22:00,1.2,78,-2.3,-5.5,0,0.0,0.0,0.0,0.0,0.0,1,1008.5,1007.5,23,49460.0,29.2,55.8,copenhagen,2026-01-22T06:54:03.803192
2026-01-22T23:00,1.1,76,-2.7,-5.9,0,0.0,0.0,0.0,0.0,0.0,1,1008.5,1007.5,42,47920.0,30.2,57.6,copenhagen,2026-01-22T06:54:03.803192
2026-01-22T00:00,23.2,95,22.4,27.9,0,0.0,0.0,0.0,0.0,0.0,45,1011.9,980.0,100,24140.0,3.1,6.1,kinshasa,2026-01-22T06:54:41.357296
2026-01-22T01:00,23.3,94,22.3,27.9,0,0.0,0.0,0.0,0.0,0.0,3,1011.6,979.7,100,24140.0,3.4,6.1,kinshasa,2026-01-22T06:54:41.357296
2026-01-22T02:00,23.4,93,22.2,27.9,3,0.0,0.0,0.0,0.0,0.0,3,1011.4,979.5,100,24140.0,3.7,6.5,kinshasa,2026-01-22T06:54:41.357296
2026-01-22T03:00,23.4,91,21.9,27.6,3,0.0,0.0,0.0,0.0,0.0,3,1011.6,979.7,99,24140.0,4.5,7.9,kinshasa,2026-01-22T06:54:41.357296
2026-01-22T04:00,23.3,91,21.8,27.6,3,0.0,0.0,0.0,0.0,0.0,3,1012.2,980.3,99,24140.0,3.4,7.9,kinshasa,2026-01-22T06:54:41.357296
2026-01-22T05:00,23.2,93,22.0,27.7,3,0.0,0.0,0.0,0.0,0.0,3,1012.5,980.5,100,24140.0,2.5,5.8,kinshasa,2026-01-22T06:54:41.357296
2026-01-22T06:00,23.4,94,22.4,28.2,3,0.0,0.0,0.0,0.0,0.0,3,1013.3,981.3,100,24140.0,2.1,4.3,kinshasa,2026-01-22T06:54:41.357296
2026-01-22T07:00,24.1,89,22.2,28.6,3,0.0,0.0,0.0,0.0,0.0,3,1013.7,981.8,100,24140.0,3.1,5.8,kinshasa,2026-01-22T06:54:41.357296
2026-01-22T08:00,25.0,85,22.3,29.5,3,0.0,0.0,0.0,0.0,0.0,3,1014.1,982.3,98,24140.0,4.6,8.6,kinshasa,2026-01-22T06:54:41.357296
2026-01-22T09:00,26.3,78,22.1,30.3,3,0.0,0.0,0.0,0.0,0.0,3,1013.9,982.2,95,24140.0,6.9,13.0,kinshasa,2026-01-22T06:54:41.357296
2026-01-22T10:00,27.4,74,22.4,31.5,0,0.0,0.0,0.0,0.0,0.0,3,1013.6,982.1,93,24140.0,7.2,13.7,kinshasa,2026-01-22T06:54:41.357296
2026-01-22T11:00,28.7,69,22.5,34.0,0,0.0,0.0,0.0,0.0,0.0,3,1012.7,981.3,86,24140.0,5.4,13.7,kinshasa,2026-01-22T06:54:41.357296
2026-01-22T12:00,29.8,64,22.2,36.0,13,0.0,0.0,0.0,0.0,0.0,2,1011.0,979.8,70,24140.0,2.9,11.5,kinshasa,2026-01-22T06:54:41.357296
2026-01-22T13:00,30.4,61,22.1,36.2,10,0.0,0.0,0.0,0.0,0.0,3,1009.0,977.9,82,21540.0,2.1,8.3,kinshasa,2026-01-22T06:54:41.357296
2026-01-22T14:00,31.0,58,21.8,36.5,13,0.0,0.0,0.0,0.0,0.0,2,1007.7,976.7,53,5060.0,2.9,7.2,kinshasa,2026-01-22T06:54:41.357296
2026-01-22T15:00,31.2,57,21.7,35.5,8,0.0,0.0,0.0,0.0,0.0,2,1007.2,976.2,54,24140.0,4.1,8.3,kinshasa,2026-01-22T06:54:41.357296
2026-01-22T16:00,31.0,57,21.5,35.1,5,0.0,0.0,0.0,0.0,0.0,3,1007.4,976.4,100,24140.0,3.7,8.3,kinshasa,2026-01-22T06:54:41.357296
2026-01-22T17:00,30.0,63,22.2,34.6,3,0.0,0.0,0.0,0.0,0.0,3,1007.6,976.5,86,23500.0,2.9,7.2,kinshasa,2026-01-22T06:54:41.357296
2026-01-22T18:00,28.5,73,23.2,33.9,0,0.0,0.0,0.0,0.0,0.0,0,1008.6,977.3,4,3740.0,1.9,4.7,kinshasa,2026-01-22T06:54:41.357296
2026-01-22T19:00,27.1,81,23.5,32.4,0,0.0,0.0,0.0,0.0,0.0,3,1009.4,978.0,100,24140.0,3.4,5.8,kinshasa,2026-01-22T06:54:41.357296
2026-01-22T20:00,25.7,88,23.5,30.8,0,0.0,0.0,0.0,0.0,0.0,3,1010.5,978.9,100,24140.0,4.5,7.9,kinshasa,2026-01-22T06:54:41.357296
2026-01-22T21:00,25.0,91,23.5,30.2,0,0.0,0.0,0.0,0.0,0.0,3,1011.4,979.7,100,24140.0,4.2,7.6,kinshasa,2026-01-22T06:54:41.357296
2026-01-22T22:00,24.6,93,23.4,29.8,0,0.0,0.0,0.0,0.0,0.0,3,1011.6,979.8,100,24140.0,4.0,7.6,kinshasa,2026-01-22T06:54:41.357296
2026-01-22T23:00,24.4,94,23.4,29.7,0,0.0,0.0,0.0,0.0,0.0,3,1011.3,979.5,100,24140.0,2.9,7.2,kinshasa,2026-01-22T06:54:41.357296
2026-01-22T00:00,13.2,86,10.9,12.7,93,0.3,0.3,0.0,0.0,0.0,61,1014.8,755.0,100,20440.0,5.2,13.3,cuenca,2026-01-22T06:54:43.761714
2026-01-22T01:00,12.7,89,10.9,12.2,98,0.7,0.0,0.7,0.0,0.0,80,1016.4,755.8,100,4560.0,5.1,10.8,cuenca,2026-01-22T06:54:43.761714
2026-01-22T02:00,12.6,90,11.0,12.2,93,1.0,0.0,1.0,0.0,0.0,95,1017.8,756.7,100,4560.0,4.3,9.7,cuenca,2026-01-22T06:54:43.761714
2026-01-22T03:00,12.4,92,11.1,12.2,90,1.0,0.0,0.9,0.0,0.0,95,1018.0,756.8,100,22000.0,3.7,8.6,cuenca,2026-01-22T06:54:43.761714
2026-01-22T04:00,12.0,94,11.1,11.6,83,1.2,0.1,1.2,0.0,0.0,95,1018.4,756.8,100,22380.0,5.1,10.4,cuenca,2026-01-22T06:54:43.761714
2026-01-22T05:00,11.7,96,11.1,11.5,75,2.2,0.6,1.6,0.0,0.0,95,1018.1,756.3,100,21940.0,3.6,10.4,cuenca,2026-01-22T06:54:43.761714
2026-01-22T06:00,11.6,95,10.8,11.2,73,1.8,0.3,1.5,0.0,0.0,95,1017.6,755.8,100,22000.0,4.1,7.6,cuenca,2026-01-22T06:54:43.761714
2026-01-22T07:00,11.4,97,10.9,11.1,63,2.1,0.7,1.4,0.0,0.0,95,1017.3,755.4,100,22180.0,3.4,7.9,cuenca,2026-01-22T06:54:43.761714
2026-01-22T08:00,11.3,97,10.8,11.0,60,2.6,1.3,1.2,0.0,0.0,95,1016.9,755.1,100,22800.0,3.6,7.6,cuenca,2026-01-22T06:54:43.761714
2026-01-22T09:00,11.1,97,10.6,10.9,58,3.1,1.9,1.1,0.0,0.0,63,1016.5,754.6,100,23880.0,2.9,6.8,cuenca,2026-01-22T06:54:43.761714
2026-01-22T10:00,11.0,97,10.5,10.6,53,3.1,2.6,0.5,0.0,0.0,63,1016.7,754.7,100,24140.0,4.0,7.9,cuenca,2026-01-22T06:54:43.761714
2026-01-22T11:00,10.9,97,10.4,10.3,40,2.8,2.3,0.5,0.0,0.0,63,1017.2,755.0,100,24140.0,4.7,9.7,cuenca,2026-01-22T06:54:43.761714
2026-01-22T12:00,10.9,96,10.3,10.6,38,1.3,1.0,0.3,0.0,0.0,61,1018.2,755.8,100,24140.0,3.0,10.1,cuenca,2026-01-22T06:54:43.761714
2026-01-22T13:00,11.5,94,10.5,11.3,38,0.4,0.3,0.1,0.0,0.0,61,1019.1,756.8,100,24140.0,2.4,6.1,cuenca,2026-01-22T06:54:43.761714
2026-01-22T14:00,12.3,90,10.7,12.1,35,0.1,0.0,0.0,0.0,0.0,3,1019.2,757.6,94,24140.0,2.8,7.2,cuenca,2026-01-22T06:54:43.761714
2026-01-22T15:00,13.4,84,10.8,12.8,33,0.0,0.0,0.0,0.0,0.0,3,1018.7,758.0,100,24140.0,5.7,13.0,cuenca,2026-01-22T06:54:43.761714
2026-01-22T16:00,13.7,83,10.8,12.9,45,0.1,0.0,0.1,0.0,0.0,3,1018.0,757.7,100,23980.0,6.6,14.8,cuenca,2026-01-22T06:54:43.761714
2026-01-22T17:00,14.4,81,11.1,13.8,65,0.2,0.0,0.2,0.0,0.0,80,1016.8,757.3,100,11580.0,6.2,14.4,cuenca,2026-01-22T06:54:43.761714
2026-01-22T18:00,14.6,79,11.0,13.7,78,0.3,0.0,0.3,0.0,0.0,80,1015.5,756.6,100,16940.0,8.2,17.6,cuenca,2026-01-22T06:54:43.761714
2026-01-22T19:00,14.7,78,10.9,13.9,98,0.3,0.0,0.3,0.0,0.0,80,1014.6,755.9,100,12820.0,7.0,17.3,cuenca,2026-01-22T06:54:43.761714
2026-01-22T20:00,14.7,76,10.5,13.6,90,0.3,0.0,0.3,0.0,0.0,80,1013.9,755.5,100,10500.0,8.4,17.3,cuenca,2026-01-22T06:54:43.761714
2026-01-22T21:00,14.1,80,10.7,13.1,98,1.4,0.1,1.2,0.0,0.0,95,1013.7,754.9,100,10200.0,8.7,18.4,cuenca,2026-01-22T06:54:43.761714
2026-01-22T22:00,13.2,87,11.1,12.5,88,1.8,0.2,1.6,0.0,0.0,95,1014.0,754.4,100,16900.0,7.0,18.0,cuenca,2026-01-22T06:54:43.761714
2026-01-22T23:00,12.7,89,10.9,12.1,83,1.5,0.2,1.2,0.0,0.0,95,1014.6,754.4,100,13140.0,5.9,14.8,cuenca,2026-01-22T06:54:43.761714
2026-01-22T00:00,12.2,100,12.2,11.6,85,1.6,1.6,0.0,0.0,0.0,61,1015.6,731.2,100,3160.0,8.8,20.9,quito,2026-01-22T06:54:46.156127
2026-01-22T01:00,12.1,97,11.6,11.2,88,5.6,5.1,0.5,0.0,0.0,63,1016.5,731.8,100,2980.0,9.2,21.6,quito,2026-01-22T06:54:46.156127
2026-01-22T02:00,11.9,98,11.6,11.0,95,4.0,3.4,0.6,0.0,0.0,63,1018.0,732.8,100,3820.0,9.3,23.0,quito,2026-01-22T06:54:46.156127
2026-01-22T03:00,11.9,100,11.9,11.3,88,2.6,2.1,0.5,0.0,0.0,63,1018.1,732.8,100,22660.0,7.5,22.3,quito,2026-01-22T06:54:46.156127
2026-01-22T04:00,11.8,100,11.8,11.3,88,1.7,1.0,0.7,0.0,0.0,61,1018.1,732.7,100,22500.0,7.1,18.4,quito,2026-01-22T06:54:46.156127
2026-01-22T05:00,11.7,100,11.7,11.2,80,0.3,0.3,0.0,0.0,0.0,61,1017.9,732.5,100,21160.0,7.4,19.1,quito,2026-01-22T06:54:46.156127
2026-01-22T06:00,11.6,100,11.6,10.9,68,2.6,2.0,0.6,0.0,0.0,63,1017.4,732.0,100,22380.0,7.6,18.7,quito,2026-01-22T06:54:46.156127
2026-01-22T07:00,11.3,100,11.3,10.5,63,3.9,2.3,1.6,0.0,0.0,95,1017.1,731.6,100,21860.0,7.8,19.8,quito,2026-01-22T06:54:46.156127
2026-01-22T08:00,11.2,100,11.2,10.5,60,3.1,1.7,1.5,0.0,0.0,95,1016.7,731.2,100,6240.0,6.7,19.8,quito,2026-01-22T06:54:46.156127
2026-01-22T09:00,11.1,100,11.1,10.3,53,3.4,2.3,1.1,0.0,0.0,95,1016.1,730.7,100,10880.0,7.3,19.8,quito,2026-01-22T06:54:46.156127
2026-01-22T10:00,11.1,99,10.9,10.3,53,4.3,3.5,0.8,0.0,0.0,95,1016.3,730.8,100,24140.0,7.4,22.0,quito,2026-01-22T06:54:46.156127
2026-01-22T11:00,11.1,99,10.9,10.3,48,5.2,4.4,0.8,0.0,0.0,95,1016.6,731.1,100,24140.0,7.5,23.0,quito,2026-01-22T06:54:46.156127
2026-01-22T12:00,11.0,99,10.9,10.3,55,4.7,4.1,0.7,0.0,0.0,63,1017.6,731.7,100,24140.0,6.8,23.0,quito,2026-01-22T06:54:46.156127
2026-01-22T13:00,11.2,98,10.9,10.7,50,2.7,2.3,0.4,0.0,0.0,63,1018.4,732.5,100,24140.0,5.5,21.6,quito,2026-01-22T06:54:46.156127
2026-01-22T14:00,11.6,97,11.1,11.3,48,0.4,0.3,0.1,0.0,0.0,61,1018.8,733.1,100,24140.0,3.9,17.6,quito,2026-01-22T06:54:46.156127
2026-01-22T15:00,11.9,95,11.1,11.4,53,0.3,0.3,0.0,0.0,0.0,61,1018.9,733.4,100,20300.0,5.5,14.8,quito,2026-01-22T06:54:46.156127
2026-01-22T16:00,11.8,95,11.0,11.1,58,1.6,1.6,0.0,0.0,0.0,61,1018.6,733.1,100,11700.0,7.3,19.1,quito,2026-01-22T06:54:46.156127
2026-01-22T17:00,11.9,96,11.2,11.2,68,2.0,2.0,0.1,0.0,0.0,61,1018.2,732.9,100,3400.0,7.2,20.2,quito,2026-01-22T06:54:46.156127
2026-01-22T18:00,12.0,95,11.2,11.2,75,1.5,1.5,0.0,0.0,0.0,61,1017.2,732.2,100,3660.0,7.4,20.5,quito,2026-01-22T06:54:46.156127
2026-01-22T19:00,11.9,96,11.3,11.3,80,1.1,1.1,0.0,0.0,0.0,61,1016.4,731.6,100,2000.0,7.0,19.8,quito,2026-01-22T06:54:46.156127
2026-01-22T20:00,11.9,96,11.2,11.2,88,1.2,1.0,0.2,0.0,0.0,61,1016.1,731.4,100,3100.0,7.3,19.8,quito,2026-01-22T06:54:46.156127
2026-01-22T21:00,11.7,97,11.3,11.2,95,1.9,1.4,0.5,0.0,0.0,61,1015.4,730.7,100,1900.0,6.2,20.2,quito,2026-01-22T06:54:46.156127
2026-01-22T22:00,11.6,98,11.3,11.1,90,2.0,1.7,0.3,0.0,0.0,61,1015.4,730.6,100,1900.0,5.5,18.4,quito,2026-01-22T06:54:46.156127
2026-01-22T23:00,11.5,97,11.0,11.3,85,1.6,1.3,0.3,0.0,0.0,61,1015.7,730.7,100,1720.0,3.6,16.6,quito,2026-01-22T06:54:46.156127
2026-01-22T00:00,17.8,46,6.0,16.3,0,0.0,0.0,0.0,0.0,0.0,3,1011.7,1009.1,100,75720.0,3.3,9.0,cairo,2026-01-22T06:54:48.556240
2026-01-22T01:00,17.7,46,5.9,16.3,0,0.0,0.0,0.0,0.0,0.0,3,1011.4,1008.8,100,76040.0,2.8,5.0,cairo,2026-01-22T06:54:48.556240
2026-01-22T02:00,17.7,44,5.3,16.1,3,0.0,0.0,0.0,0.0,0.0,3,1011.3,1008.7,100,76280.0,3.4,4.7,cairo,2026-01-22T06:54:48.556240
2026-01-22T03:00,16.2,52,6.3,14.7,3,0.0,0.0,0.0,0.0,0.0,3,1011.5,1008.9,100,73920.0,3.6,6.8,cairo,2026-01-22T06:54:48.556240
2026-01-22T04:00,16.0,53,6.4,14.5,8,0.0,0.0,0.0,0.0,0.0,3,1012.0,1009.4,100,72400.0,3.9,6.1,cairo,2026-01-22T06:54:48.556240
2026-01-22T05:00,15.6,55,6.6,14.2,5,0.0,0.0,0.0,0.0,0.0,3,1012.8,1010.2,100,70800.0,3.6,7.9,cairo,2026-01-22T06:54:48.556240
2026-01-22T06:00,16.1,53,6.5,14.8,3,0.0,0.0,0.0,0.0,0.0,3,1013.0,1010.4,100,72480.0,2.6,7.2,cairo,2026-01-22T06:54:48.556240
2026-01-22T07:00,17.4,50,6.8,16.1,3,0.0,0.0,0.0,0.0,0.0,3,1013.3,1010.7,100,73460.0,3.1,6.5,cairo,2026-01-22T06:54:48.556240
2026-01-22T08:00,20.2,38,5.4,18.3,0,0.0,0.0,0.0,0.0,0.0,3,1012.6,1010.0,100,76400.0,5.2,12.6,cairo,2026-01-22T06:54:48.556240
2026-01-22T09:00,21.9,32,4.4,19.4,3,0.0,0.0,0.0,0.0,0.0,3,1012.1,1009.5,100,78300.0,7.6,19.4,cairo,2026-01-22T06:54:48.556240
2026-01-22T10:00,22.6,30,4.2,19.9,3,0.0,0.0,0.0,0.0,0.0,3,1011.5,1008.9,100,78840.0,8.9,22.7,cairo,2026-01-22T06:54:48.556240
2026-01-22T11:00,23.4,27,3.3,20.3,0,0.0,0.0,0.0,0.0,0.0,3,1010.1,1007.5,100,79720.0,10.2,25.6,cairo,2026-01-22T06:54:48.556240
2026-01-22T12:00,23.7,24,1.9,20.1,0,0.0,0.0,0.0,0.0,0.0,3,1009.6,1007.0,100,81020.0,12.4,29.9,cairo,2026-01-22T06:54:48.556240
2026-01-22T13:00,23.5,25,2.3,20.4,0,0.0,0.0,0.0,0.0,0.0,3,1010.2,1007.6,100,80600.0,9.2,29.5,cairo,2026-01-22T06:54:48.556240
2026-01-22T14:00,23.1,26,2.5,20.5,0,0.0,0.0,0.0,0.0,0.0,3,1010.9,1008.3,100,80680.0,6.0,22.3,cairo,2026-01-22T06:54:48.556240
2026-01-22T15:00,22.0,27,2.1,18.9,5,0.0,0.0,0.0,0.0,0.0,3,1011.6,1009.0,100,80340.0,9.0,21.2,cairo,2026-01-22T06:54:48.556240
2026-01-22T16:00,20.8,29,2.1,18.4,5,0.0,0.0,0.0,0.0,0.0,3,1010.8,1008.2,100,66540.0,4.2,21.2,cairo,2026-01-22T06:54:48.556240
2026-01-22T17:00,19.3,39,5.0,17.7,18,0.1,0.1,0.0,0.0,0.0,61,1010.5,1007.9,100,34260.0,3.1,13.0,cairo,2026-01-22T06:54:48.556240
2026-01-22T18:00,18.2,48,7.0,15.9,10,0.0,0.0,0.0,0.0,0.0,3,1012.1,1009.5,100,74980.0,10.9,26.6,cairo,2026-01-22T06:54:48.556240
2026-01-22T19:00,17.3,50,6.7,15.4,3,0.0,0.0,0.0,0.0,0.0,3,1012.9,1010.3,100,73840.0,7.2,29.2,cairo,2026-01-22T06:54:48.556240
2026-01-22T20:00,16.7,53,7.1,15.8,5,0.0,0.0,0.0,0.0,0.0,2,1012.9,1010.3,47,73220.0,0.8,16.9,cairo,2026-01-22T06:54:48.556240
2026-01-22T21:00,16.1,55,7.1,15.0,0,0.0,0.0,0.0,0.0,0.0,3,1012.9,1010.3,96,72300.0,2.4,2.2,cairo,2026-01-22T06:54:48.556240
2026-01-22T22:00,15.2,60,7.5,13.9,0,0.0,0.0,0.0,0.0,0.0,3,1012.7,1010.1,100,68180.0,3.8,6.1,cairo,2026-01-22T06:54:48.556240
2026-01-22T23:00,14.1,69,8.5,13.1,0,0.0,0.0,0.0,0.0,0.0,3,1012.5,1009.9,100,56060.0,4.1,7.2,cairo,2026-01-22T06:54:48.556240
2026-01-22T00:00,-3.9,79,-7.0,-9.6,0,0.0,0.0,0.0,0.0,0.26,3,1024.3,1021.4,96,42320.0,18.0,33.8,tallinn,2026-01-22T06:55:26.106405
2026-01-22T01:00,-4.3,78,-7.5,-9.9,0,0.0,0.0,0.0,0.0,0.26,3,1024.1,1021.2,89,52840.0,17.6,32.0,tallinn,2026-01-22T06:55:26.106405
2026-01-22T02:00,-4.9,76,-8.5,-10.6,0,0.0,0.0,0.0,0.0,0.26,3,1024.2,1021.3,86,50880.0,17.6,31.3,tallinn,2026-01-22T06:55:26.106405
2026-01-22T03:00,-5.1,78,-8.4,-10.8,0,0.0,0.0,0.0,0.0,0.26,3,1024.0,1021.1,82,49980.0,17.3,32.8,tallinn,2026-01-22T06:55:26.106405
2026-01-22T04:00,-5.2,78,-8.4,-10.8,0,0.0,0.0,0.0,0.0,0.26,3,1024.1,1021.2,88,23260.0,16.9,30.2,tallinn,2026-01-22T06:55:26.106405
2026-01-22T05:00,-5.3,77,-8.7,-10.7,0,0.0,0.0,0.0,0.0,0.26,3,1024.0,1021.1,91,17560.0,15.8,30.2,tallinn,2026-01-22T06:55:26.106405
2026-01-22T06:00,-5.6,78,-8.8,-11.2,0,0.0,0.0,0.0,0.0,0.26,3,1024.5,1021.6,95,19320.0,16.9,30.6,tallinn,2026-01-22T06:55:26.106405
2026-01-22T07:00,-5.8,78,-9.0,-11.3,0,0.0,0.0,0.0,0.0,0.26,3,1024.8,1021.9,95,21140.0,16.2,29.9,tallinn,2026-01-22T06:55:26.106405
2026-01-22T08:00,-6.0,74,-9.9,-11.8,0,0.0,0.0,0.0,0.0,0.26,2,1025.4,1022.5,71,33220.0,16.9,31.0,tallinn,2026-01-22T06:55:26.106405
2026-01-22T09:00,-6.3,75,-10.0,-11.7,0,0.0,0.0,0.0,0.0,0.26,1,1025.7,1022.8,49,28940.0,14.4,29.9,tallinn,2026-01-22T06:55:26.106405
2026-01-22T10:00,-6.4,75,-10.1,-11.7,0,0.0,0.0,0.0,0.0,0.26,0,1025.5,1022.6,8,32540.0,13.7,25.9,tallinn,2026-01-22T06:55:26.106405
2026-01-22T11:00,-6.4,73,-10.5,-11.8,0,0.0,0.0,0.0,0.0,0.26,0,1025.2,1022.3,2,27640.0,14.4,26.3,tallinn,2026-01-22T06:55:26.106405
2026-01-22T12:00,-6.1,72,-10.4,-11.6,0,0.0,0.0,0.0,0.0,0.26,0,1025.0,1022.1,0,42180.0,15.1,27.0,tallinn,2026-01-22T06:55:26.106405
2026-01-22T13:00,-5.9,70,-10.5,-11.4,0,0.0,0.0,0.0,0.0,0.26,0,1025.0,1022.1,0,67220.0,15.1,26.6,tallinn,2026-01-22T06:55:26.106405
2026-01-22T14:00,-6.1,71,-10.5,-11.5,0,0.0,0.0,0.0,0.0,0.26,0,1024.9,1022.0,0,62960.0,14.4,26.3,tallinn,2026-01-22T06:55:26.106405
2026-01-22T15:00,-6.3,72,-10.6,-11.8,0,0.0,0.0,0.0,0.0,0.26,0,1025.0,1022.1,0,62960.0,14.8,25.6,tallinn,2026-01-22T06:55:26.106405
2026-01-22T16:00,-6.7,75,-10.4,-12.3,0,0.0,0.0,0.0,0.0,0.26,0,1025.2,1022.3,1,36880.0,15.8,27.4,tallinn,2026-01-22T06:55:26.106405
2026-01-22T17:00,-7.5,80,-10.3,-13.0,0,0.0,0.0,0.0,0.0,0.26,0,1025.2,1022.3,2,9240.0,15.5,28.1,tallinn,2026-01-22T06:55:26.106405
2026-01-22T18:00,-8.1,83,-10.5,-13.6,0,0.0,0.0,0.0,0.0,0.26,0,1025.3,1022.4,1,4820.0,14.8,27.0,tallinn,2026-01-22T06:55:26.106405
2026-01-22T19:00,-8.6,84,-10.9,-14.1,0,0.0,0.0,0.0,0.0,0.26,0,1025.3,1022.4,1,17300.0,14.4,25.9,tallinn,2026-01-22T06:55:26.106405
2026-01-22T20:00,-9.0,86,-10.9,-14.4,0,0.0,0.0,0.0,0.0,0.26,0,1025.5,1022.6,1,28480.0,14.0,25.2,tallinn,2026-01-22T06:55:26.106405
2026-01-22T21:00,-9.3,86,-11.2,-14.7,0,0.0,0.0,0.0,0.0,0.26,0,1025.6,1022.7,1,40200.0,13.7,24.5,tallinn,2026-01-22T06:55:26.106405
2026-01-22T22:00,-9.4,86,-11.3,-14.6,0,0.0,0.0,0.0,0.0,0.26,0,1025.6,1022.7,1,45280.0,13.0,23.8,tallinn,2026-01-22T06:55:26.106405
2026-01-22T23:00,-9.4,87,-11.2,-14.6,0,0.0,0.0,0.0,0.0,0.26,0,1025.6,1022.7,1,39960.0,12.6,22.7,tallinn,2026-01-22T06:55:26.106405
2026-01-22T00:00,-2.9,90,-4.3,-8.2,0,0.4,0.0,0.0,0.28,0.14,73,1025.7,1024.5,99,1940.0,18.0,30.2,helsinki,2026-01-22T06:56:03.665708
2026-01-22T01:00,-3.1,91,-4.4,-8.5,0,0.8,0.0,0.0,0.56,0.14,73,1025.4,1024.2,99,1100.0,18.4,30.2,helsinki,2026-01-22T06:56:03.665708
2026-01-22T02:00,-3.5,90,-4.9,-9.3,0,0.2,0.0,0.0,0.14,0.14,71,1025.5,1024.3,98,520.0,20.5,33.5,helsinki,2026-01-22T06:56:03.665708
2026-01-22T03:00,-3.7,83,-6.1,-10.1,0,0.1,0.0,0.0,0.07,0.14,71,1025.2,1024.0,100,400.0,24.1,38.2,helsinki,2026-01-22T06:56:03.665708
2026-01-22T04:00,-3.8,86,-5.8,-9.9,2,0.0,0.0,0.0,0.0,0.14,3,1025.2,1024.0,93,400.0,21.6,38.2,helsinki,2026-01-22T06:56:03.665708
2026-01-22T05:00,-4.1,88,-5.8,-10.0,6,0.2,0.0,0.0,0.14,0.14,71,1025.2,1024.0,99,380.0,20.5,35.3,helsinki,2026-01-22T06:56:03.665708
2026-01-22T06:00,-4.0,87,-5.8,-9.8,8,0.2,0.0,0.0,0.14,0.14,71,1025.7,1024.5,100,260.0,20.2,33.1,helsinki,2026-01-22T06:56:03.665708
2026-01-22T07:00,-4.4,86,-6.4,-10.3,8,0.1,0.0,0.0,0.07,0.14,71,1025.9,1024.7,100,440.0,20.2,33.5,helsinki,2026-01-22T06:56:03.665708
2026-01-22T08:00,-4.4,86,-6.4,-10.2,7,0.1,0.0,0.0,0.07,0.14,71,1026.4,1025.2,100,4080.0,19.4,33.1,helsinki,2026-01-22T06:56:03.665708
2026-01-22T09:00,-4.4,85,-6.5,-10.3,6,0.2,0.0,0.0,0.14,0.14,71,1026.8,1025.6,100,980.0,20.2,32.8,helsinki,2026-01-22T06:56:03.665708
2026-01-22T10:00,-3.8,82,-6.4,-9.5,4,0.1,0.0,0.0,0.07,0.14,71,1026.7,1025.5,100,1120.0,19.1,33.1,helsinki,2026-01-22T06:56:03.665708
2026-01-22T11:00,-3.1,72,-7.4,-9.5,2,0.0,0.0,0.0,0.0,0.14,3,1026.4,1025.2,100,3380.0,23.4,38.2,helsinki,2026-01-22T06:56:03.665708
2026-01-22T12:00,-3.3,71,-7.8,-9.7,0,0.0,0.0,0.0,0.0,0.14,3,1026.3,1025.1,100,3620.0,23.0,38.5,helsinki,2026-01-22T06:56:03.665708
2026-01-22T13:00,-3.3,71,-7.8,-9.8,0,0.0,0.0,0.0,0.0,0.14,3,1026.2,1025.0,98,4640.0,23.4,37.8,helsinki,2026-01-22T06:56:03.665708
2026-01-22T14:00,-3.4,69,-8.3,-10.0,0,0.0,0.0,0.0,0.0,0.14,3,1026.2,1025.0,95,4120.0,23.4,38.2,helsinki,2026-01-22T06:56:03.665708
2026-01-22T15:00,-3.5,71,-8.0,-9.8,0,0.0,0.0,0.0,0.0,0.14,3,1026.2,1025.0,93,4480.0,22.3,37.4,helsinki,2026-01-22T06:56:03.665708
2026-01-22T16:00,-4.2,84,-6.5,-9.9,0,0.0,0.0,0.0,0.0,0.14,3,1026.2,1025.0,98,4120.0,18.7,35.3,helsinki,2026-01-22T06:56:03.665708
2026-01-22T17:00,-4.5,87,-6.3,-10.1,1,0.0,0.0,0.0,0.0,0.14,3,1026.2,1025.0,99,2940.0,18.7,31.0,helsinki,2026-01-22T06:56:03.665708
2026-01-22T18:00,-4.6,86,-6.6,-10.4,2,0.0,0.0,0.0,0.0,0.14,3,1026.2,1025.0,99,660.0,19.4,31.7,helsinki,2026-01-22T06:56:03.665708
2026-01-22T19:00,-4.7,86,-6.7,-10.4,5,0.0,0.0,0.0,0.0,0.14,3,1026.1,1024.9,100,460.0,18.7,32.0,helsinki,2026-01-22T06:56:03.665708
2026-01-22T20:00,-4.9,87,-6.8,-10.5,9,0.0,0.0,0.0,0.0,0.14,3,1026.1,1024.9,100,320.0,18.0,30.2,helsinki,2026-01-22T06:56:03.665708
2026-01-22T21:00,-5.0,88,-6.7,-10.5,12,0.0,0.0,0.0,0.0,0.14,3,1026.3,1025.1,97,260.0,17.3,29.2,helsinki,2026-01-22T06:56:03.665708
2026-01-22T22:00,-5.1,87,-6.9,-10.4,13,0.0,0.0,0.0,0.0,0.14,3,1026.3,1025.1,92,540.0,15.8,28.1,helsinki,2026-01-22T06:56:03.665708
2026-01-22T23:00,-5.2,87,-7.1,-10.4,14,0.0,0.0,0.0,0.0,0.15,3,1026.3,1025.1,94,2120.0,15.1,26.3,helsinki,2026-01-22T06:56:03.665708
2026-01-22T00:00,8.1,70,2.9,2.3,33,0.0,0.0,0.0,0.0,0.0,61,998.8,976.5,100,52760.0,28.7,45.4,aix-en-provence,2026-01-22T06:56:41.213326
2026-01-22T01:00,7.9,66,1.9,2.2,68,0.0,0.0,0.0,0.0,0.0,61,998.5,976.2,100,59060.0,26.6,49.7,aix-en-provence,2026-01-22T06:56:41.213326
2026-01-22T02:00,7.6,69,2.2,2.6,78,0.0,0.0,0.0,0.0,0.0,61,998.8,976.5,100,56100.0,22.2,45.4,aix-en-provence,2026-01-22T06:56:41.213326
2026-01-22T03:00,7.4,73,2.8,1.7,85,0.0,0.0,0.0,0.0,0.0,61,998.0,975.7,100,48200.0,27.6,44.6,aix-en-provence,2026-01-22T06:56:41.213326
2026-01-22T04:00,7.5,73,3.0,1.3,58,0.0,0.0,0.0,0.0,0.0,61,996.9,974.6,100,47020.0,31.4,55.1,aix-en-provence,2026-01-22T06:56:41.213326
2026-01-22T05:00,7.5,71,2.6,1.4,30,0.0,0.0,0.0,0.0,0.0,61,996.7,974.4,96,52140.0,30.4,55.4,aix-en-provence,2026-01-22T06:56:41.213326
2026-01-22T06:00,7.5,67,1.7,1.2,10,0.0,0.0,0.0,0.0,0.0,61,996.9,974.6,100,57960.0,30.4,54.0,aix-en-provence,2026-01-22T06:56:41.213326
2026-01-22T07:00,7.5,67,1.7,1.1,3,0.0,0.0,0.0,0.0,0.0,3,997.0,974.7,89,57320.0,31.4,55.4,aix-en-provence,2026-01-22T06:56:41.213326
2026-01-22T08:00,7.7,67,1.9,1.3,15,0.0,0.0,0.0,0.0,0.0,3,997.1,974.8,100,56580.0,31.3,55.8,aix-en-provence,2026-01-22T06:56:41.213326
2026-01-22T09:00,7.7,69,2.4,1.3,23,0.1,0.1,0.0,0.0,0.0,61,997.1,974.8,100,31620.0,31.8,56.5,aix-en-provence,2026-01-22T06:56:41.213326
2026-01-22T10:00,7.9,70,2.7,1.8,28,0.4,0.4,0.0,0.0,0.0,61,997.3,975.0,100,34700.0,30.0,56.2,aix-en-provence,2026-01-22T06:56:41.213326
2026-01-22T11:00,8.1,67,2.3,2.2,35,0.4,0.4,0.0,0.0,0.0,61,997.2,975.0,100,39000.0,28.6,52.6,aix-en-provence,2026-01-22T06:56:41.213326
2026-01-22T12:00,8.1,68,2.5,2.9,50,0.5,0.5,0.0,0.0,0.0,61,997.3,975.1,100,19140.0,23.8,49.3,aix-en-provence,2026-01-22T06:56:41.213326
2026-01-22T13:00,7.9,72,3.1,3.7,63,1.0,1.0,0.0,0.0,0.0,61,997.9,975.6,100,12480.0,17.6,39.2,aix-en-provence,2026-01-22T06:56:41.213326
2026-01-22T14:00,7.7,72,3.0,4.6,85,1.2,1.2,0.0,0.0,0.0,61,998.9,976.6,100,13460.0,10.3,28.4,aix-en-provence,2026-01-22T06:56:41.213326
2026-01-22T15:00,7.6,74,3.2,4.5,88,1.0,1.0,0.0,0.0,0.0,61,999.8,977.5,100,17920.0,10.5,20.2,aix-en-provence,2026-01-22T06:56:41.213326
2026-01-22T16:00,7.1,83,4.4,3.9,90,0.8,0.8,0.0,0.0,0.0,61,1000.0,977.6,100,23660.0,12.7,22.0,aix-en-provence,2026-01-22T06:56:41.213326
2026-01-22T17:00,6.7,85,4.4,4.3,88,1.3,1.3,0.0,0.0,0.0,61,999.8,977.4,100,23940.0,7.6,22.3,aix-en-provence,2026-01-22T06:56:41.213326
2026-01-22T18:00,6.7,86,4.5,4.3,75,1.1,1.1,0.0,0.0,0.0,61,999.7,977.3,100,21600.0,6.8,16.6,aix-en-provence,2026-01-22T06:56:41.213326
2026-01-22T19:00,6.3,90,4.7,4.3,60,0.4,0.4,0.0,0.0,0.0,61,1000.4,978.0,100,13720.0,4.6,13.7,aix-en-provence,2026-01-22T06:56:41.213326
2026-01-22T20:00,6.1,91,4.8,3.9,33,0.0,0.0,0.0,0.0,0.0,61,1000.6,978.1,100,10660.0,6.2,10.8,aix-en-provence,2026-01-22T06:56:41.213326
2026-01-22T21:00,5.9,92,4.7,4.3,18,0.0,0.0,0.0,0.0,0.0,3,1000.7,978.2,100,10060.0,2.6,10.1,aix-en-provence,2026-01-22T06:56:41.213326
2026-01-22T22:00,5.4,93,4.4,3.5,8,0.0,0.0,0.0,0.0,0.0,3,1000.7,978.2,100,6740.0,3.6,6.1,aix-en-provence,2026-01-22T06:56:41.213326
2026-01-22T23:00,4.9,95,4.1,2.7,3,0.0,0.0,0.0,0.0,0.0,2,1000.4,977.8,60,4740.0,5.5,7.9,aix-en-provence,2026-01-22T06:56:41.213326
2026-01-22T00:00,8.7,90,7.1,5.6,3,0.0,0.0,0.0,0.0,0.0,3,992.6,990.0,100,11640.0,16.2,29.9,bordeaux,2026-01-22T06:57:18.761680
2026-01-22T01:00,9.0,90,7.4,6.1,0,0.0,0.0,0.0,0.0,0.0,3,993.0,990.4,100,12160.0,15.2,31.3,bordeaux,2026-01-22T06:57:18.761680
2026-01-22T02:00,8.9,90,7.3,6.3,5,0.0,0.0,0.0,0.0,0.0,3,993.6,991.0,100,11720.0,13.0,28.8,bordeaux,2026-01-22T06:57:18.761680
2026-01-22T03:00,9.0,92,7.8,6.4,3,0.0,0.0,0.0,0.0,0.0,3,993.2,990.6,100,7160.0,13.7,27.0,bordeaux,2026-01-22T06:57:18.761680
2026-01-22T04:00,9.2,91,7.8,6.6,18,0.0,0.0,0.0,0.0,0.0,3,993.2,990.6,100,9580.0,13.8,26.6,bordeaux,2026-01-22T06:57:18.761680
2026-01-22T05:00,9.5,90,7.9,7.1,18,0.0,0.0,0.0,0.0,0.0,3,993.7,991.1,100,12120.0,13.0,26.6,bordeaux,2026-01-22T06:57:18.761680
2026-01-22T06:00,9.3,90,7.7,6.7,8,0.0,0.0,0.0,0.0,0.0,3,994.4,991.8,100,10640.0,13.6,26.3,bordeaux,2026-01-22T06:57:18.761680
2026-01-22T07:00,9.2,91,7.8,6.8,13,0.0,0.0,0.0,0.0,0.0,3,995.3,992.7,82,10440.0,12.9,26.3,bordeaux,2026-01-22T06:57:18.761680
2026-01-22T08:00,9.0,90,7.5,6.7,8,0.0,0.0,0.0,0.0,0.0,2,996.1,993.5,53,10880.0,11.1,24.5,bordeaux,2026-01-22T06:57:18.761680
2026-01-22T09:00,9.6,89,7.8,7.3,8,0.0,0.0,0.0,0.0,0.0,3,996.7,994.1,98,12160.0,11.3,22.0,bordeaux,2026-01-22T06:57:18.761680
2026-01-22T10:00,11.0,78,7.3,8.1,33,0.0,0.0,0.0,0.0,0.0,1,997.2,994.6,41,33660.0,15.1,29.2,bordeaux,2026-01-22T06:57:18.761680
2026-01-22T11:00,11.8,73,7.1,8.4,55,0.0,0.0,0.0,0.0,0.0,2,997.7,995.1,55,42020.0,17.7,34.9,bordeaux,2026-01-22T06:57:18.761680
2026-01-22T12:00,11.9,74,7.4,8.5,83,0.0,0.0,0.0,0.0,0.0,2,998.0,995.4,83,37840.0,18.4,36.4,bordeaux,2026-01-22T06:57:18.761680
2026-01-22T13:00,12.1,71,7.0,8.7,75,0.0,0.0,0.0,0.0,0.0,2,998.3,995.7,68,43900.0,18.0,36.4,bordeaux,2026-01-22T06:57:18.761680
2026-01-22T14:00,11.7,75,7.4,8.5,73,0.0,0.0,0.0,0.0,0.0,2,998.7,996.1,70,35300.0,17.3,36.4,bordeaux,2026-01-22T06:57:18.761680
2026-01-22T15:00,11.7,71,6.6,8.6,55,0.0,0.0,0.0,0.0,0.0,2,998.8,996.2,63,45120.0,15.2,33.8,bordeaux,2026-01-22T06:57:18.761680
2026-01-22T16:00,10.8,79,7.3,7.7,33,0.0,0.0,0.0,0.0,0.0,3,998.7,996.1,85,29000.0,15.8,31.3,bordeaux,2026-01-22T06:57:18.761680
2026-01-22T17:00,9.7,86,7.5,7.7,10,0.0,0.0,0.0,0.0,0.0,3,998.4,995.8,100,17120.0,9.2,29.9,bordeaux,2026-01-22T06:57:18.761680
2026-01-22T18:00,8.8,90,7.3,6.8,0,0.0,0.0,0.0,0.0,0.0,3,998.4,995.7,99,10240.0,8.9,17.6,bordeaux,2026-01-22T06:57:18.761680
2026-01-22T19:00,8.4,94,7.4,6.3,0,0.0,0.0,0.0,0.0,0.0,3,998.1,995.4,100,5040.0,9.4,17.6,bordeaux,2026-01-22T06:57:18.761680
2026-01-22T20:00,8.2,93,7.1,6.0,0,0.0,0.0,0.0,0.0,0.0,3,997.7,995.0,100,5280.0,9.7,18.7,bordeaux,2026-01-22T06:57:18.761680
2026-01-22T21:00,7.7,94,6.8,5.3,3,0.0,0.0,0.0,0.0,0.0,3,996.5,993.8,100,4940.0,10.9,20.9,bordeaux,2026-01-22T06:57:18.761680
2026-01-22T22:00,7.3,94,6.4,4.5,0,0.0,0.0,0.0,0.0,0.0,3,994.7,992.0,92,4300.0,12.9,24.8,bordeaux,2026-01-22T06:57:18.761680
2026-01-22T23:00,7.0,92,5.8,4.0,3,0.0,0.0,0.0,0.0,0.0,3,993.3,990.6,100,7420.0,13.7,26.6,bordeaux,2026-01-22T06:57:18.761680
2026-01-22T00:00,7.6,61,0.6,4.4,0,0.0,0.0,0.0,0.0,0.0,3,1002.4,1001.1,99,24140.0,8.3,14.4,cannes,2026-01-22T06:57:21.166022
2026-01-22T01:00,7.1,63,0.5,3.9,0,0.0,0.0,0.0,0.0,0.0,3,1002.3,1001.0,87,24140.0,8.0,8.3,cannes,2026-01-22T06:57:21.166022
2026-01-22T02:00,7.4,62,0.6,4.1,0,0.0,0.0,0.0,0.0,0.0,3,1001.6,1000.3,90,24140.0,8.8,14.8,cannes,2026-01-22T06:57:21.166022
2026-01-22T03:00,7.4,70,2.3,4.4,0,0.0,0.0,0.0,0.0,0.0,3,1000.9,999.6,100,24140.0,8.7,14.0,cannes,2026-01-22T06:57:21.166022
2026-01-22T04:00,8.0,65,1.8,4.5,8,0.0,0.0,0.0,0.0,0.0,2,1000.4,999.1,65,24140.0,11.3,16.6,cannes,2026-01-22T06:57:21.166022
2026-01-22T05:00,7.9,61,0.8,4.2,18,0.0,0.0,0.0,0.0,0.0,3,999.9,998.6,100,24140.0,11.1,18.0,cannes,2026-01-22T06:57:21.166022
2026-01-22T06:00,8.5,52,-0.8,4.3,13,0.0,0.0,0.0,0.0,0.0,3,999.6,998.3,100,24140.0,13.4,20.9,cannes,2026-01-22T06:57:21.166022
2026-01-22T07:00,9.0,48,-1.5,5.2,18,0.0,0.0,0.0,0.0,0.0,3,999.7,998.4,100,24140.0,10.0,22.7,cannes,2026-01-22T06:57:21.166022
2026-01-22T08:00,9.0,52,-0.4,5.5,10,0.0,0.0,0.0,0.0,0.0,3,999.8,998.5,100,24140.0,8.8,26.6,cannes,2026-01-22T06:57:21.166022
2026-01-22T09:00,9.9,50,-0.1,6.1,8,0.0,0.0,0.0,0.0,0.0,3,999.7,998.4,100,24140.0,11.0,29.9,cannes,2026-01-22T06:57:21.166022
2026-01-22T10:00,10.3,48,-0.2,6.2,8,0.0,0.0,0.0,0.0,0.0,3,999.5,998.2,100,24140.0,13.5,31.8,cannes,2026-01-22T06:57:21.166022
2026-01-22T11:00,10.7,49,0.4,6.5,25,0.0,0.0,0.0,0.0,0.0,3,999.3,998.0,100,17420.0,14.8,30.1,cannes,2026-01-22T06:57:21.166022
2026-01-22T12:00,10.9,45,-0.6,6.6,45,0.0,0.0,0.0,0.0,0.0,3,998.8,997.5,100,19980.0,14.4,30.4,cannes,2026-01-22T06:57:21.166022
2026-01-22T13:00,10.8,48,0.2,6.4,60,0.0,0.0,0.0,0.0,0.0,3,998.4,997.1,100,24140.0,15.6,33.1,cannes,2026-01-22T06:57:21.166022
2026-01-22T14:00,10.5,49,0.2,6.5,75,0.0,0.0,0.0,0.0,0.0,3,998.5,997.2,100,16800.0,13.1,32.0,cannes,2026-01-22T06:57:21.166022
2026-01-22T15:00,9.6,61,2.5,6.1,78,0.1,0.0,0.0,0.0,0.0,3,998.5,997.2,100,24140.0,12.6,26.3,cannes,2026-01-22T06:57:21.166022
2026-01-22T16:00,8.8,72,4.0,5.9,80,0.4,0.4,0.0,0.0,0.0,51,998.9,997.6,100,24140.0,9.7,24.8,cannes,2026-01-22T06:57:21.166022
2026-01-22T17:00,8.3,78,4.7,5.4,75,0.8,0.7,0.0,0.0,0.0,53,999.1,997.8,100,24140.0,11.1,22.0,cannes,2026-01-22T06:57:21.166022
2026-01-22T18:00,7.9,81,4.8,5.1,70,0.8,0.7,0.0,0.0,0.0,53,999.4,998.1,100,23660.0,10.2,22.0,cannes,2026-01-22T06:57:21.166022
2026-01-22T19:00,8.2,83,5.4,5.6,60,0.8,0.8,0.0,0.0,0.0,53,999.8,998.5,100,24140.0,9.6,20.2,cannes,2026-01-22T06:57:21.166022
2026-01-22T20:00,8.1,84,5.6,6.1,40,0.4,0.4,0.0,0.0,0.0,51,1000.2,998.9,100,24140.0,6.3,18.4,cannes,2026-01-22T06:57:21.166022
2026-01-22T21:00,7.8,87,5.8,5.8,40,0.2,0.2,0.0,0.0,0.0,51,1000.6,999.3,100,24140.0,6.9,14.8,cannes,2026-01-22T06:57:21.166022
2026-01-22T22:00,8.1,81,5.0,5.7,33,0.0,0.0,0.0,0.0,0.0,3,1000.5,999.2,100,24140.0,8.4,15.5,cannes,2026-01-22T06:57:21.166022
2026-01-22T23:00,8.3,79,4.9,5.6,30,0.0,0.0,0.0,0.0,0.0,3,1000.4,999.1,100,24140.0,9.8,18.0,cannes,2026-01-22T06:57:21.166022
2026-01-22T00:00,7.9,68,2.3,5.1,0,0.0,0.0,0.0,0.0,0.0,3,996.8,977.5,92,55380.0,6.9,30.2,lyon,2026-01-22T06:57:23.561383
2026-01-22T01:00,8.1,65,1.9,5.0,0,0.0,0.0,0.0,0.0,0.0,3,996.3,977.0,100,59240.0,8.4,18.4,lyon,2026-01-22T06:57:23.561383
2026-01-22T02:00,8.5,61,1.4,5.3,0,0.0,0.0,0.0,0.0,0.0,3,996.7,977.5,100,64220.0,8.7,19.8,lyon,2026-01-22T06:57:23.561383
2026-01-22T03:00,8.4,65,2.2,4.1,55,0.0,0.0,0.0,0.0,0.0,3,994.9,975.7,100,56760.0,17.0,31.3,lyon,2026-01-22T06:57:23.561383
2026-01-22T04:00,8.0,68,2.5,3.6,98,0.0,0.0,0.0,0.0,0.0,61,996.0,976.7,98,52400.0,18.2,41.4,lyon,2026-01-22T06:57:23.561383
2026-01-22T05:00,7.8,69,2.4,4.2,100,0.0,0.0,0.0,0.0,0.0,3,996.6,977.3,100,50500.0,12.3,40.0,lyon,2026-01-22T06:57:23.561383
2026-01-22T06:00,7.7,71,2.7,4.8,100,0.1,0.1,0.0,0.0,0.0,61,997.3,978.0,98,46720.0,8.4,26.6,lyon,2026-01-22T06:57:23.561383
2026-01-22T07:00,7.3,77,3.5,4.7,100,0.4,0.4,0.0,0.0,0.0,61,997.7,978.4,99,37040.0,6.9,17.6,lyon,2026-01-22T06:57:23.561383
2026-01-22T08:00,6.9,82,4.0,4.6,98,0.7,0.7,0.0,0.0,0.0,61,998.1,978.7,99,23140.0,5.8,15.1,lyon,2026-01-22T06:57:23.561383
2026-01-22T09:00,6.9,84,4.4,4.8,95,0.4,0.4,0.0,0.0,0.0,61,998.3,978.9,99,20000.0,5.4,12.6,lyon,2026-01-22T06:57:23.561383
2026-01-22T10:00,7.4,82,4.5,5.2,88,0.3,0.3,0.0,0.0,0.0,61,998.4,979.1,99,24060.0,6.1,14.4,lyon,2026-01-22T06:57:23.561383
2026-01-22T11:00,8.2,79,4.7,5.7,55,0.0,0.0,0.0,0.0,0.0,61,998.5,979.2,100,29020.0,8.0,18.7,lyon,2026-01-22T06:57:23.561383
2026-01-22T12:00,8.9,74,4.5,6.1,43,0.0,0.0,0.0,0.0,0.0,61,998.2,979.0,96,38360.0,10.1,23.8,lyon,2026-01-22T06:57:23.561383
2026-01-22T13:00,9.4,71,4.4,6.2,18,0.0,0.0,0.0,0.0,0.0,3,998.2,979.0,95,42980.0,12.3,28.8,lyon,2026-01-22T06:57:23.561383
2026-01-22T14:00,9.5,72,4.7,6.4,10,0.0,0.0,0.0,0.0,0.0,3,998.6,979.4,90,41940.0,12.2,28.4,lyon,2026-01-22T06:57:23.561383
2026-01-22T15:00,9.2,73,4.6,6.3,8,0.0,0.0,0.0,0.0,0.0,3,999.0,979.8,100,40060.0,10.8,27.7,lyon,2026-01-22T06:57:23.561383
2026-01-22T16:00,8.9,75,4.7,6.1,3,0.0,0.0,0.0,0.0,0.0,3,998.8,979.5,100,38320.0,9.8,24.8,lyon,2026-01-22T06:57:23.561383
2026-01-22T17:00,8.3,76,4.3,5.7,0,0.0,0.0,0.0,0.0,0.0,3,998.8,979.5,100,37320.0,8.4,23.0,lyon,2026-01-22T06:57:23.561383
2026-01-22T18:00,7.8,77,4.0,5.3,0,0.0,0.0,0.0,0.0,0.0,3,998.9,979.6,100,35520.0,7.6,19.8,lyon,2026-01-22T06:57:23.561383
2026-01-22T19:00,7.5,79,4.1,5.2,3,0.0,0.0,0.0,0.0,0.0,3,999.2,979.8,100,31120.0,5.9,17.3,lyon,2026-01-22T06:57:23.561383
2026-01-22T20:00,7.4,80,4.1,5.2,3,0.0,0.0,0.0,0.0,0.0,3,999.5,980.1,100,29180.0,5.1,14.0,lyon,2026-01-22T06:57:23.561383
2026-01-22T21:00,7.2,80,3.9,5.0,0,0.0,0.0,0.0,0.0,0.0,3,999.3,979.9,98,27720.0,4.8,11.2,lyon,2026-01-22T06:57:23.561383
2026-01-22T22:00,6.9,81,3.8,4.7,0,0.0,0.0,0.0,0.0,0.0,3,998.9,979.5,68,25520.0,4.7,11.5,lyon,2026-01-22T06:57:23.561383
2026-01-22T23:00,6.5,83,3.8,4.3,0,0.0,0.0,0.0,0.0,0.0,2,998.3,978.9,73,22260.0,4.7,10.8,lyon,2026-01-22T06:57:23.561383
2026-01-22T00:00,10.7,65,4.4,6.5,43,0.0,0.0,0.0,0.0,0.0,3,999.6,999.2,100,24140.0,19.8,45.0,marseille,2026-01-22T06:57:25.962291
2026-01-22T01:00,10.4,68,4.8,5.7,78,0.4,0.4,0.0,0.0,0.0,51,998.9,998.5,100,24040.0,23.5,36.4,marseille,2026-01-22T06:57:25.962291
2026-01-22T02:00,10.2,67,4.4,5.7,78,1.2,1.2,0.0,0.0,0.0,55,998.2,997.8,100,21320.0,21.9,45.0,marseille,2026-01-22T06:57:25.962291
2026-01-22T03:00,10.2,68,4.5,6.2,80,0.8,0.8,0.0,0.0,0.0,53,997.8,997.4,100,15080.0,18.0,40.3,marseille,2026-01-22T06:57:25.962291
2026-01-22T04:00,10.6,64,4.1,6.6,50,0.2,0.2,0.0,0.0,0.0,51,997.0,996.6,100,24080.0,18.4,47.5,marseille,2026-01-22T06:57:25.962291
2026-01-22T05:00,10.4,64,3.9,5.4,28,0.0,0.0,0.0,0.0,0.0,3,996.2,995.8,100,24140.0,24.9,47.5,marseille,2026-01-22T06:57:25.962291
2026-01-22T06:00,10.7,66,4.6,6.4,5,0.0,0.0,0.0,0.0,0.0,3,996.3,995.9,100,24140.0,21.2,42.8,marseille,2026-01-22T06:57:25.962291
2026-01-22T07:00,10.8,64,4.3,6.1,3,0.0,0.0,0.0,0.0,0.0,3,996.0,995.6,100,24140.0,23.3,47.5,marseille,2026-01-22T06:57:25.962291
2026-01-22T08:00,10.9,64,4.4,6.6,15,0.0,0.0,0.0,0.0,0.0,3,995.9,995.5,100,24140.0,20.8,50.4,marseille,2026-01-22T06:57:25.962291
2026-01-22T09:00,10.9,65,4.6,6.4,25,0.0,0.0,0.0,0.0,0.0,3,995.7,995.3,100,24140.0,22.4,51.8,marseille,2026-01-22T06:57:25.962291
2026-01-22T10:00,11.3,63,4.5,6.8,28,0.0,0.0,0.0,0.0,0.0,3,996.1,995.7,100,24140.0,22.3,49.9,marseille,2026-01-22T06:57:25.962291
2026-01-22T11:00,11.7,63,4.9,7.1,48,0.0,0.0,0.0,0.0,0.0,3,996.0,995.6,100,24140.0,23.2,44.8,marseille,2026-01-22T06:57:25.962291
2026-01-22T12:00,12.0,64,5.4,7.8,65,0.0,0.0,0.0,0.0,0.0,3,995.9,995.5,100,24140.0,21.3,46.3,marseille,2026-01-22T06:57:25.962291
2026-01-22T13:00,12.2,62,5.1,8.5,85,0.0,0.0,0.0,0.0,0.0,3,996.1,995.7,100,23660.0,17.4,45.7,marseille,2026-01-22T06:57:25.962291
2026-01-22T14:00,12.0,62,4.9,9.9,100,0.0,0.0,0.0,0.0,0.0,3,996.8,996.4,100,20560.0,5.6,37.8,marseille,2026-01-22T06:57:25.962291
2026-01-22T15:00,11.3,65,4.9,8.7,90,0.0,0.0,0.0,0.0,0.0,3,997.2,996.8,100,24080.0,9.4,19.1,marseille,2026-01-22T06:57:25.962291
2026-01-22T16:00,10.8,65,4.5,7.6,88,0.0,0.0,0.0,0.0,0.0,3,998.0,997.6,100,24140.0,12.9,25.6,marseille,2026-01-22T06:57:25.962291
2026-01-22T17:00,10.0,65,3.7,6.5,83,0.0,0.0,0.0,0.0,0.0,3,999.1,998.7,100,23060.0,13.8,24.5,marseille,2026-01-22T06:57:25.962291
2026-01-22T18:00,9.0,75,4.8,5.3,73,0.8,0.8,0.0,0.0,0.0,53,999.4,999.0,100,21640.0,17.3,34.2,marseille,2026-01-22T06:57:25.962291
2026-01-22T19:00,9.5,72,4.7,6.2,45,0.2,0.2,0.0,0.0,0.0,51,999.5,999.1,100,23920.0,14.4,33.8,marseille,2026-01-22T06:57:25.962291
2026-01-22T20:00,9.0,76,5.0,6.6,23,0.0,0.0,0.0,0.0,0.0,3,1000.3,999.9,100,24140.0,7.8,29.9,marseille,2026-01-22T06:57:25.962291
2026-01-22T21:00,9.0,75,4.8,6.8,13,0.0,0.0,0.0,0.0,0.0,3,1000.2,999.8,92,24140.0,6.8,15.5,marseille,2026-01-22T06:57:25.962291
2026-01-22T22:00,9.1,75,4.9,6.8,8,0.0,0.0,0.0,0.0,0.0,3,1000.6,1000.2,100,24140.0,7.2,9.7,marseille,2026-01-22T06:57:25.962291
2026-01-22T23:00,8.9,78,5.3,6.9,3,0.0,0.0,0.0,0.0,0.0,3,1000.6,1000.2,100,24140.0,5.9,14.0,marseille,2026-01-22T06:57:25.962291
2026-01-22T00:00,6.7,85,4.4,4.1,0,0.0,0.0,0.0,0.0,0.0,3,1002.6,1000.4,96,24320.0,8.7,15.5,nice,2026-01-22T06:58:43.666342
2026-01-22T01:00,7.6,80,4.3,4.9,0,0.0,0.0,0.0,0.0,0.0,3,1002.2,1000.0,100,36440.0,8.7,14.4,nice,2026-01-22T06:58:43.666342
2026-01-22T02:00,8.5,72,3.8,5.8,0,0.0,0.0,0.0,0.0,0.0,3,1001.6,999.4,98,50800.0,8.3,14.4,nice,2026-01-22T06:58:43.666342
2026-01-22T03:00,9.0,75,4.8,6.4,0,0.0,0.0,0.0,0.0,0.0,3,1000.3,998.1,85,46060.0,8.8,15.5,nice,2026-01-22T06:58:43.666342
2026-01-22T04:00,9.0,78,5.4,7.4,0,0.0,0.0,0.0,0.0,0.0,3,999.9,997.7,94,40760.0,3.4,14.0,nice,2026-01-22T06:58:43.666342
2026-01-22T05:00,8.8,82,5.9,6.7,0,0.0,0.0,0.0,0.0,0.0,3,1000.0,997.8,100,31240.0,6.8,10.8,nice,2026-01-22T06:58:43.666342
2026-01-22T06:00,8.7,81,5.6,6.4,0,0.0,0.0,0.0,0.0,0.0,3,1000.1,997.9,97,33620.0,8.0,13.3,nice,2026-01-22T06:58:43.666342
2026-01-22T07:00,8.7,80,5.5,6.6,0,0.0,0.0,0.0,0.0,0.0,3,1000.3,998.1,100,34920.0,6.9,13.3,nice,2026-01-22T06:58:43.666342
2026-01-22T08:00,8.7,81,5.6,6.6,3,0.0,0.0,0.0,0.0,0.0,3,1000.2,998.0,99,31780.0,7.0,11.5,nice,2026-01-22T06:58:43.666342
2026-01-22T09:00,9.4,72,4.6,7.2,3,0.0,0.0,0.0,0.0,0.0,3,1000.0,997.8,100,48420.0,6.2,11.2,nice,2026-01-22T06:58:43.666342
2026-01-22T10:00,10.1,61,2.9,7.7,5,0.0,0.0,0.0,0.0,0.0,3,999.7,997.5,100,65720.0,5.5,11.2,nice,2026-01-22T06:58:43.666342
2026-01-22T11:00,10.8,48,0.2,7.5,10,0.0,0.0,0.0,0.0,0.0,3,999.5,997.3,100,75240.0,8.2,14.4,nice,2026-01-22T06:58:43.666342
2026-01-22T12:00,10.7,50,0.7,7.2,30,0.0,0.0,0.0,0.0,0.0,3,999.2,997.0,100,74760.0,9.8,16.9,nice,2026-01-22T06:58:43.666342
2026-01-22T13:00,10.3,53,1.1,7.0,35,0.0,0.0,0.0,0.0,0.0,3,999.2,997.0,100,72900.0,9.7,16.9,nice,2026-01-22T06:58:43.666342
2026-01-22T14:00,10.1,55,1.5,6.8,45,0.0,0.0,0.0,0.0,0.0,3,999.4,997.2,95,71640.0,9.8,16.9,nice,2026-01-22T06:58:43.666342
2026-01-22T15:00,9.8,59,2.1,6.7,58,0.0,0.0,0.0,0.0,0.0,3,999.6,997.4,100,68060.0,9.2,16.9,nice,2026-01-22T06:58:43.666342
2026-01-22T16:00,9.5,60,2.1,6.7,68,0.0,0.0,0.0,0.0,0.0,61,999.4,997.2,100,66820.0,7.2,16.2,nice,2026-01-22T06:58:43.666342
2026-01-22T17:00,9.3,63,2.6,6.7,63,0.3,0.3,0.0,0.0,0.0,61,999.3,997.1,99,64380.0,6.2,12.6,nice,2026-01-22T06:58:43.666342
2026-01-22T18:00,9.2,66,3.1,6.8,55,0.0,0.0,0.0,0.0,0.0,61,999.5,997.3,97,60120.0,5.5,10.8,nice,2026-01-22T06:58:43.666342
2026-01-22T19:00,9.1,74,4.7,7.2,48,0.0,0.0,0.0,0.0,0.0,3,1000.1,997.9,82,47720.0,4.0,9.7,nice,2026-01-22T06:58:43.666342
2026-01-22T20:00,8.1,89,6.4,6.3,35,0.0,0.0,0.0,0.0,0.0,3,1000.6,998.4,85,14480.0,5.9,9.7,nice,2026-01-22T06:58:43.666342
2026-01-22T21:00,7.8,92,6.6,5.9,30,0.0,0.0,0.0,0.0,0.0,3,1000.7,998.5,89,8680.0,7.4,12.2,nice,2026-01-22T06:58:43.666342
2026-01-22T22:00,7.9,89,6.2,5.9,33,0.0,0.0,0.0,0.0,0.0,3,1000.4,998.2,87,15640.0,7.0,12.6,nice,2026-01-22T06:58:43.666342
2026-01-22T23:00,7.5,91,6.1,5.4,30,0.0,0.0,0.0,0.0,0.0,3,1000.2,998.0,94,11740.0,8.0,12.6,nice,2026-01-22T06:58:43.666342
2026-01-22T00:00,9.6,79,6.2,7.1,43,0.0,0.0,0.0,0.0,0.0,61,991.7,986.9,100,31420.0,11.1,24.8,paris,2026-01-22T06:58:46.061959
2026-01-22T01:00,8.8,86,6.6,6.4,38,0.9,0.9,0.0,0.0,0.0,61,991.6,986.8,99,17260.0,10.7,25.2,paris,2026-01-22T06:58:46.061959
2026-01-22T02:00,8.0,85,5.6,5.0,38,0.1,0.1,0.0,0.0,0.0,61,991.8,987.0,100,17280.0,13.0,27.4,paris,2026-01-22T06:58:46.061959
2026-01-22T03:00,7.8,82,4.9,4.7,48,0.0,0.0,0.0,0.0,0.0,61,991.3,986.5,99,23380.0,12.7,27.4,paris,2026-01-22T06:58:46.061959
2026-01-22T04:00,7.8,84,5.3,5.1,40,0.2,0.2,0.0,0.0,0.0,61,990.9,986.1,99,20560.0,10.7,25.9,paris,2026-01-22T06:58:46.061959
2026-01-22T05:00,8.1,83,5.4,5.4,20,0.0,0.0,0.0,0.0,0.0,61,991.0,986.2,100,22200.0,11.3,23.4,paris,2026-01-22T06:58:46.061959
2026-01-22T06:00,8.3,83,5.6,5.7,5,0.0,0.0,0.0,0.0,0.0,3,991.3,986.5,100,23540.0,10.7,24.1,paris,2026-01-22T06:58:46.061959
2026-01-22T07:00,8.4,84,5.9,5.8,5,0.0,0.0,0.0,0.0,0.0,3,991.6,986.8,95,21580.0,11.0,22.7,paris,2026-01-22T06:58:46.061959
2026-01-22T08:00,8.5,83,5.8,5.8,3,0.0,0.0,0.0,0.0,0.0,3,991.9,987.1,100,22900.0,11.8,24.5,paris,2026-01-22T06:58:46.061959
2026-01-22T09:00,8.7,82,5.8,5.9,0,0.0,0.0,0.0,0.0,0.0,3,991.9,987.1,97,22860.0,11.8,25.9,paris,2026-01-22T06:58:46.061959
2026-01-22T10:00,9.1,80,5.8,6.1,0,0.0,0.0,0.0,0.0,0.0,3,991.9,987.1,100,26140.0,13.2,27.4,paris,2026-01-22T06:58:46.061959
2026-01-22T11:00,9.7,77,5.9,6.2,0,0.0,0.0,0.0,0.0,0.0,3,991.8,987.0,100,34660.0,17.3,35.3,paris,2026-01-22T06:58:46.061959
2026-01-22T12:00,10.4,74,6.0,7.5,0,0.0,0.0,0.0,0.0,0.0,3,991.7,986.9,100,40760.0,13.0,35.3,paris,2026-01-22T06:58:46.061959
2026-01-22T13:00,10.9,71,5.8,7.9,3,0.0,0.0,0.0,0.0,0.0,3,991.8,987.0,92,47560.0,13.7,33.8,paris,2026-01-22T06:58:46.061959
2026-01-22T14:00,11.5,67,5.6,8.2,3,0.0,0.0,0.0,0.0,0.0,3,991.9,987.2,100,54080.0,15.1,31.7,paris,2026-01-22T06:58:46.061959
2026-01-22T15:00,11.6,63,4.8,8.3,13,0.0,0.0,0.0,0.0,0.0,3,992.2,987.5,91,60220.0,14.2,31.0,paris,2026-01-22T06:58:46.061959
2026-01-22T16:00,11.2,65,4.9,7.9,15,0.0,0.0,0.0,0.0,0.0,3,992.3,987.5,100,57820.0,14.2,30.2,paris,2026-01-22T06:58:46.061959
2026-01-22T17:00,10.7,66,4.6,7.8,5,0.0,0.0,0.0,0.0,0.0,1,992.6,987.8,42,57400.0,10.8,29.2,paris,2026-01-22T06:58:46.061959
2026-01-22T18:00,10.1,70,4.9,7.4,3,0.0,0.0,0.0,0.0,0.0,3,992.8,988.0,89,51620.0,10.5,22.0,paris,2026-01-22T06:58:46.061959
2026-01-22T19:00,9.7,73,5.1,6.8,5,0.0,0.0,0.0,0.0,0.0,2,993.2,988.4,62,44520.0,11.3,23.4,paris,2026-01-22T06:58:46.061959
2026-01-22T20:00,9.3,76,5.3,6.7,3,0.0,0.0,0.0,0.0,0.0,1,993.5,988.7,22,38960.0,10.0,23.8,paris,2026-01-22T06:58:46.061959
2026-01-22T21:00,8.7,79,5.3,6.4,0,0.0,0.0,0.0,0.0,0.0,1,993.4,988.6,5,33920.0,8.2,20.5,paris,2026-01-22T06:58:46.061959
2026-01-22T22:00,8.1,82,5.2,5.8,0,0.0,0.0,0.0,0.0,0.0,1,993.1,988.3,0,26280.0,8.1,16.6,paris,2026-01-22T06:58:46.061959
2026-01-22T23:00,7.5,85,5.2,5.3,0,0.0,0.0,0.0,0.0,0.0,1,993.0,988.2,25,19960.0,7.2,16.2,paris,2026-01-22T06:58:46.061959
2026-01-22T00:00,-1.3,100,-1.3,-3.9,0,0.0,0.0,0.0,0.0,0.0,45,1000.1,981.5,100,100.0,2.3,6.8,strasbourg,2026-01-22T07:00:48.914329
2026-01-22T01:00,-1.3,100,-1.3,-4.2,0,0.0,0.0,0.0,0.0,0.0,45,1000.2,981.6,100,140.0,3.9,9.4,strasbourg,2026-01-22T07:00:48.914329
2026-01-22T02:00,-1.2,99,-1.4,-3.8,0,0.0,0.0,0.0,0.0,0.0,45,1000.5,981.9,100,180.0,1.9,9.7,strasbourg,2026-01-22T07:00:48.914329
2026-01-22T03:00,-1.2,98,-1.5,-3.8,0,0.0,0.0,0.0,0.0,0.0,45,1000.6,982.0,100,220.0,1.6,6.5,strasbourg,2026-01-22T07:00:48.914329
2026-01-22T04:00,-1.5,100,-1.5,-4.4,0,0.0,0.0,0.0,0.0,0.0,45,1000.0,981.3,100,140.0,3.7,9.0,strasbourg,2026-01-22T07:00:48.914329
2026-01-22T05:00,-1.4,100,-1.4,-4.3,0,0.0,0.0,0.0,0.0,0.0,45,999.8,981.2,100,140.0,4.3,10.4,strasbourg,2026-01-22T07:00:48.914329
2026-01-22T06:00,-1.6,100,-1.6,-4.4,0,0.0,0.0,0.0,0.0,0.0,45,999.9,981.2,100,120.0,2.7,10.1,strasbourg,2026-01-22T07:00:48.914329
2026-01-22T07:00,-1.7,100,-1.7,-4.3,0,0.0,0.0,0.0,0.0,0.0,45,1000.1,981.4,100,120.0,1.5,7.2,strasbourg,2026-01-22T07:00:48.914329
2026-01-22T08:00,-1.6,99,-1.7,-4.6,0,0.0,0.0,0.0,0.0,0.0,45,1000.1,981.4,100,140.0,4.1,10.1,strasbourg,2026-01-22T07:00:48.914329
2026-01-22T09:00,-1.7,100,-1.7,-4.7,0,0.0,0.0,0.0,0.0,0.0,45,1000.2,981.5,100,100.0,4.0,10.1,strasbourg,2026-01-22T07:00:48.914329
2026-01-22T10:00,-1.7,100,-1.7,-4.8,0,0.0,0.0,0.0,0.0,0.0,45,1000.3,981.6,100,100.0,5.4,13.3,strasbourg,2026-01-22T07:00:48.914329
2026-01-22T11:00,-1.0,96,-1.5,-3.9,0,0.0,0.0,0.0,0.0,0.0,45,1000.1,981.5,100,240.0,4.1,13.3,strasbourg,2026-01-22T07:00:48.914329
2026-01-22T12:00,-0.1,92,-1.3,-3.0,0,0.0,0.0,0.0,0.0,0.0,45,999.8,981.2,100,1120.0,3.6,10.8,strasbourg,2026-01-22T07:00:48.914329
2026-01-22T13:00,0.8,88,-1.0,-1.9,0,0.0,0.0,0.0,0.0,0.0,3,999.8,981.3,100,8560.0,2.5,9.0,strasbourg,2026-01-22T07:00:48.914329
2026-01-22T14:00,1.5,84,-0.9,-1.1,0,0.0,0.0,0.0,0.0,0.0,3,999.8,981.3,98,14680.0,2.4,7.2,strasbourg,2026-01-22T07:00:48.914329
2026-01-22T15:00,1.8,83,-0.8,-0.8,0,0.0,0.0,0.0,0.0,0.0,3,999.9,981.5,100,17440.0,2.9,7.9,strasbourg,2026-01-22T07:00:48.914329
2026-01-22T16:00,1.9,83,-0.7,-0.8,0,0.0,0.0,0.0,0.0,0.0,3,999.7,981.3,100,20100.0,3.5,8.6,strasbourg,2026-01-22T07:00:48.914329
2026-01-22T17:00,1.9,84,-0.5,-0.7,5,0.0,0.0,0.0,0.0,0.0,3,999.6,981.2,100,17520.0,2.6,8.3,strasbourg,2026-01-22T07:00:48.914329
2026-01-22T18:00,1.8,87,-0.2,-0.8,10,0.0,0.0,0.0,0.0,0.0,61,999.5,981.1,100,12600.0,2.6,7.6,strasbourg,2026-01-22T07:00:48.914329
2026-01-22T19:00,1.6,89,-0.0,-0.9,8,0.0,0.0,0.0,0.0,0.0,3,999.6,981.2,86,8360.0,2.5,6.5,strasbourg,2026-01-22T07:00:48.914329
2026-01-22T20:00,1.4,90,-0.1,-1.2,3,0.0,0.0,0.0,0.0,0.0,3,999.9,981.4,92,7060.0,3.0,8.6,strasbourg,2026-01-22T07:00:48.914329
2026-01-22T21:00,1.2,91,-0.1,-1.4,3,0.0,0.0,0.0,0.0,0.0,3,999.9,981.4,96,6080.0,3.0,8.3,strasbourg,2026-01-22T07:00:48.914329
2026-01-22T22:00,1.1,92,-0.1,-1.4,3,0.0,0.0,0.0,0.0,0.0,61,999.7,981.2,96,5400.0,2.4,7.6,strasbourg,2026-01-22T07:00:48.914329
2026-01-22T23:00,1.0,92,-0.2,-1.5,3,0.0,0.0,0.0,0.0,0.0,61,999.4,980.9,90,4860.0,2.3,7.2,strasbourg,2026-01-22T07:00:48.914329
2026-01-22T00:00,10.4,65,4.1,6.3,43,0.0,0.0,0.0,0.0,0.0,3,1001.1,999.8,100,24140.0,18.5,36.4,toulon,2026-01-22T07:00:51.313188
2026-01-22T01:00,10.2,65,3.9,6.2,70,0.0,0.0,0.0,0.0,0.0,3,1000.5,999.2,100,24140.0,17.3,34.9,toulon,2026-01-22T07:00:51.313188
2026-01-22T02:00,10.3,63,3.6,6.3,85,0.0,0.0,0.0,0.0,0.0,3,999.8,998.5,100,24140.0,16.9,39.6,toulon,2026-01-22T07:00:51.313188
2026-01-22T03:00,10.1,69,4.7,6.4,93,0.1,0.1,0.0,0.0,0.0,51,998.9,997.6,100,24140.0,16.4,37.1,toulon,2026-01-22T07:00:51.313188
2026-01-22T04:00,10.0,68,4.3,6.2,95,0.4,0.5,0.0,0.0,0.0,53,998.5,997.2,100,24140.0,16.8,37.8,toulon,2026-01-22T07:00:51.313188
2026-01-22T05:00,9.6,75,5.4,5.8,93,0.9,0.9,0.0,0.0,0.0,53,998.1,996.8,100,24140.0,18.6,45.4,toulon,2026-01-22T07:00:51.313188
2026-01-22T06:00,9.8,74,5.4,5.9,80,0.8,0.8,0.0,0.0,0.0,53,998.0,996.7,100,24140.0,18.8,41.0,toulon,2026-01-22T07:00:51.313188
2026-01-22T07:00,9.7,77,5.9,5.5,68,0.8,0.8,0.0,0.0,0.0,53,997.6,996.3,100,24140.0,21.8,45.4,toulon,2026-01-22T07:00:51.313188
2026-01-22T08:00,9.9,76,5.8,5.4,38,0.5,0.5,0.0,0.0,0.0,53,997.2,995.9,100,24140.0,23.5,47.2,toulon,2026-01-22T07:00:51.313188
2026-01-22T09:00,10.0,76,6.0,5.6,50,0.3,0.4,0.0,0.0,0.0,51,997.1,995.8,100,24140.0,23.1,47.9,toulon,2026-01-22T07:00:51.313188
2026-01-22T10:00,10.5,77,6.6,6.4,40,0.5,0.6,0.0,0.0,0.0,53,997.4,996.1,100,24140.0,22.1,49.9,toulon,2026-01-22T07:00:51.313188
2026-01-22T11:00,10.6,78,6.9,6.9,20,0.3,0.4,0.0,0.0,0.0,51,997.4,996.1,100,24140.0,19.9,46.4,toulon,2026-01-22T07:00:51.313188
2026-01-22T12:00,10.4,78,6.7,6.5,23,0.3,0.3,0.0,0.0,0.0,51,996.8,995.5,100,24140.0,21.4,47.1,toulon,2026-01-22T07:00:51.313188
2026-01-22T13:00,10.6,70,5.3,6.7,18,0.0,0.0,0.0,0.0,0.0,3,996.8,995.5,100,24140.0,18.5,47.2,toulon,2026-01-22T07:00:51.313188
2026-01-22T14:00,10.5,69,5.0,6.5,45,0.0,0.0,0.0,0.0,0.0,3,997.0,995.7,100,24140.0,19.1,43.2,toulon,2026-01-22T07:00:51.313188
2026-01-22T15:00,9.9,74,5.5,6.3,63,0.2,0.2,0.0,0.0,0.0,51,997.2,995.9,100,24140.0,17.3,43.2,toulon,2026-01-22T07:00:51.313188
2026-01-22T16:00,9.5,75,5.3,5.5,73,0.3,0.3,0.0,0.0,0.0,51,997.2,995.9,100,24140.0,19.3,44.6,toulon,2026-01-22T07:00:51.313188
2026-01-22T17:00,9.1,76,5.1,5.5,83,0.2,0.2,0.0,0.0,0.0,51,997.9,996.6,100,24140.0,16.3,43.6,toulon,2026-01-22T07:00:51.313188
2026-01-22T18:00,9.1,76,5.1,6.8,78,0.0,0.0,0.0,0.0,0.0,3,999.2,997.9,100,24140.0,7.3,38.5,toulon,2026-01-22T07:00:51.313188
2026-01-22T19:00,9.3,76,5.3,7.0,75,0.1,0.1,0.0,0.0,0.0,51,999.8,998.5,100,24140.0,7.2,19.8,toulon,2026-01-22T07:00:51.313188
2026-01-22T20:00,9.5,77,5.7,7.9,68,0.3,0.4,0.0,0.0,0.0,51,1000.3,999.0,100,24140.0,3.8,17.6,toulon,2026-01-22T07:00:51.313188
2026-01-22T21:00,9.8,75,5.5,7.7,38,0.2,0.2,0.0,0.0,0.0,51,1000.2,998.9,100,24140.0,6.3,15.5,toulon,2026-01-22T07:00:51.313188
2026-01-22T22:00,9.4,76,5.4,7.0,20,0.0,0.0,0.0,0.0,0.0,0,1000.0,998.7,9,24140.0,8.7,22.7,toulon,2026-01-22T07:00:51.313188
2026-01-22T23:00,9.6,74,5.2,7.8,15,0.0,0.0,0.0,0.0,0.0,3,1000.5,999.2,100,24140.0,4.3,20.2,toulon,2026-01-22T07:00:51.313188
2026-01-22T00:00,9.7,79,6.3,8.3,88,0.2,0.2,0.0,0.0,0.0,61,995.2,977.5,100,33400.0,3.6,15.8,toulouse,2026-01-22T07:00:53.704636
2026-01-22T01:00,9.3,84,6.8,8.2,98,0.4,0.4,0.0,0.0,0.0,61,995.2,977.5,100,24020.0,2.5,7.2,toulouse,2026-01-22T07:00:53.704636
2026-01-22T02:00,9.1,89,7.4,8.2,95,1.6,1.6,0.0,0.0,0.0,61,996.0,978.2,100,13680.0,1.3,6.1,toulouse,2026-01-22T07:00:53.704636
2026-01-22T03:00,8.5,96,7.9,7.3,88,2.6,2.6,0.0,0.0,0.0,63,997.0,979.2,100,2260.0,5.1,11.9,toulouse,2026-01-22T07:00:53.704636
2026-01-22T04:00,8.5,92,7.3,7.1,60,1.1,1.1,0.0,0.0,0.0,61,996.6,978.8,100,5860.0,5.0,10.8,toulouse,2026-01-22T07:00:53.704636
2026-01-22T05:00,8.5,86,6.3,7.1,15,0.0,0.0,0.0,0.0,0.0,3,997.1,979.3,100,19980.0,3.7,10.1,toulouse,2026-01-22T07:00:53.704636
2026-01-22T06:00,8.7,82,5.8,6.6,8,0.0,0.0,0.0,0.0,0.0,3,997.8,980.0,100,27640.0,7.0,14.4,toulouse,2026-01-22T07:00:53.704636
2026-01-22T07:00,8.6,81,5.6,6.2,3,0.0,0.0,0.0,0.0,0.0,3,998.5,980.7,100,29460.0,9.4,19.8,toulouse,2026-01-22T07:00:53.704636
2026-01-22T08:00,8.7,82,5.8,6.0,3,0.0,0.0,0.0,0.0,0.0,3,999.2,981.3,100,25840.0,11.5,24.5,toulouse,2026-01-22T07:00:53.704636
2026-01-22T09:00,8.9,82,6.0,6.1,5,0.0,0.0,0.0,0.0,0.0,3,999.7,981.9,100,25620.0,13.0,27.4,toulouse,2026-01-22T07:00:53.704636
2026-01-22T10:00,9.6,78,5.9,6.0,10,0.0,0.0,0.0,0.0,0.0,3,1000.0,982.2,100,32820.0,17.6,37.8,toulouse,2026-01-22T07:00:53.704636
2026-01-22T11:00,10.1,75,5.9,6.9,33,0.0,0.0,0.0,0.0,0.0,3,1000.4,982.6,100,37540.0,15.1,34.6,toulouse,2026-01-22T07:00:53.704636
2026-01-22T12:00,10.6,73,6.0,7.2,63,0.0,0.0,0.0,0.0,0.0,3,1000.4,982.6,99,42900.0,16.6,35.3,toulouse,2026-01-22T07:00:53.704636
2026-01-22T13:00,10.6,73,6.0,7.2,58,0.1,0.1,0.0,0.0,0.0,80,1000.5,982.7,100,43540.0,16.9,37.4,toulouse,2026-01-22T07:00:53.704636
2026-01-22T14:00,10.7,73,6.1,7.2,48,0.0,0.0,0.0,0.0,0.0,3,1000.6,982.8,100,43240.0,17.0,38.5,toulouse,2026-01-22T07:00:53.704636
2026-01-22T15:00,10.6,73,6.0,7.1,30,0.0,0.0,0.0,0.0,0.0,3,1000.7,982.9,100,43320.0,17.7,36.4,toulouse,2026-01-22T07:00:53.704636
2026-01-22T16:00,10.4,73,5.8,7.3,10,0.0,0.0,0.0,0.0,0.0,2,1000.5,982.7,93,43560.0,14.0,35.6,toulouse,2026-01-22T07:00:53.704636
2026-01-22T17:00,9.7,75,5.5,6.7,3,0.0,0.0,0.0,0.0,0.0,2,1000.3,982.5,44,39720.0,13.0,29.5,toulouse,2026-01-22T07:00:53.704636
2026-01-22T18:00,8.9,79,5.5,6.5,0,0.0,0.0,0.0,0.0,0.0,1,1000.5,982.6,26,34080.0,8.4,25.9,toulouse,2026-01-22T07:00:53.704636
2026-01-22T19:00,8.2,81,5.1,6.1,0,0.0,0.0,0.0,0.0,0.0,1,1000.8,982.9,30,29860.0,6.0,18.0,toulouse,2026-01-22T07:00:53.704636
2026-01-22T20:00,7.1,87,5.1,5.3,0,0.0,0.0,0.0,0.0,0.0,1,1000.7,982.7,13,17100.0,4.7,11.2,toulouse,2026-01-22T07:00:53.704636
2026-01-22T21:00,6.6,89,5.0,4.8,0,0.0,0.0,0.0,0.0,0.0,2,1000.0,982.0,72,13620.0,4.2,8.6,toulouse,2026-01-22T07:00:53.704636
2026-01-22T22:00,6.2,90,4.7,4.3,0,0.0,0.0,0.0,0.0,0.0,1,998.9,980.9,15,12120.0,4.4,8.6,toulouse,2026-01-22T07:00:53.704636
2026-01-22T23:00,5.9,91,4.6,3.6,0,0.0,0.0,0.0,0.0,0.0,0,997.7,979.7,0,10300.0,7.1,14.4,toulouse,2026-01-22T07:00:53.704636
2026-01-22T00:00,-4.6,92,-5.7,-8.2,0,0.0,0.0,0.0,0.0,0.01,0,1028.9,975.4,0,8000.0,5.4,9.7,tbilisi,2026-01-22T07:00:56.115789
2026-01-22T01:00,-4.8,91,-6.0,-8.4,0,0.0,0.0,0.0,0.0,0.01,0,1028.0,974.5,0,11460.0,5.1,10.4,tbilisi,2026-01-22T07:00:56.115789
2026-01-22T02:00,-5.0,91,-6.3,-8.5,0,0.0,0.0,0.0,0.0,0.01,0,1027.5,974.0,0,11500.0,4.0,9.4,tbilisi,2026-01-22T07:00:56.115789
2026-01-22T03:00,-5.1,92,-6.2,-8.5,0,0.0,0.0,0.0,0.0,0.01,0,1028.0,974.4,19,9740.0,3.2,7.9,tbilisi,2026-01-22T07:00:56.115789
2026-01-22T04:00,-5.5,91,-6.7,-8.8,0,0.0,0.0,0.0,0.0,0.01,2,1028.1,974.5,71,12060.0,2.2,5.8,tbilisi,2026-01-22T07:00:56.115789
2026-01-22T05:00,-5.6,90,-7.0,-8.8,0,0.0,0.0,0.0,0.0,0.01,3,1028.3,974.6,100,12880.0,1.4,3.6,tbilisi,2026-01-22T07:00:56.115789
2026-01-22T06:00,-4.5,86,-6.5,-7.6,0,0.0,0.0,0.0,0.0,0.01,3,1028.0,974.5,100,16900.0,0.7,2.5,tbilisi,2026-01-22T07:00:56.115789
2026-01-22T07:00,-2.7,83,-5.2,-5.6,0,0.0,0.0,0.0,0.0,0.01,3,1027.3,974.2,100,19980.0,0.8,2.9,tbilisi,2026-01-22T07:00:56.115789
2026-01-22T08:00,-0.8,74,-4.8,-3.8,0,0.0,0.0,0.0,0.0,0.01,3,1026.3,973.6,100,39260.0,1.5,4.3,tbilisi,2026-01-22T07:00:56.115789
2026-01-22T09:00,0.7,71,-4.0,-2.3,0,0.0,0.0,0.0,0.0,0.01,3,1024.8,972.5,100,45540.0,1.8,5.4,tbilisi,2026-01-22T07:00:56.115789
2026-01-22T10:00,1.7,68,-3.6,-1.3,0,0.0,0.0,0.0,0.0,0.0,3,1023.3,971.3,100,52040.0,2.6,6.5,tbilisi,2026-01-22T07:00:56.115789
2026-01-22T11:00,2.3,70,-2.6,-0.9,0,0.0,0.0,0.0,0.0,0.0,3,1022.0,970.1,100,49720.0,5.2,9.0,tbilisi,2026-01-22T07:00:56.115789
2026-01-22T12:00,2.3,69,-2.8,-1.1,0,0.0,0.0,0.0,0.0,0.0,3,1021.7,969.8,100,52040.0,5.9,10.1,tbilisi,2026-01-22T07:00:56.115789
2026-01-22T13:00,1.8,68,-3.5,-1.5,0,0.0,0.0,0.0,0.0,0.0,3,1020.9,969.0,100,55680.0,4.9,10.4,tbilisi,2026-01-22T07:00:56.115789
2026-01-22T14:00,1.3,75,-2.7,-1.5,0,0.0,0.0,0.0,0.0,0.0,3,1020.6,968.6,100,48320.0,1.9,8.3,tbilisi,2026-01-22T07:00:56.115789
2026-01-22T15:00,0.8,82,-1.9,-1.6,0,0.0,0.0,0.0,0.0,0.0,3,1020.2,968.2,100,32380.0,0.4,2.9,tbilisi,2026-01-22T07:00:56.115789
2026-01-22T16:00,0.3,87,-1.6,-2.2,0,0.0,0.0,0.0,0.0,0.0,3,1020.0,967.9,100,21320.0,1.3,2.2,tbilisi,2026-01-22T07:00:56.115789
2026-01-22T17:00,0.0,87,-1.9,-2.7,0,0.0,0.0,0.0,0.0,0.0,3,1019.3,967.2,100,20260.0,2.0,3.2,tbilisi,2026-01-22T07:00:56.115789
2026-01-22T18:00,-0.1,87,-2.0,-2.9,0,0.0,0.0,0.0,0.0,0.0,3,1019.0,966.8,100,18340.0,2.2,4.7,tbilisi,2026-01-22T07:00:56.115789
2026-01-22T19:00,-0.3,88,-2.1,-3.1,0,0.0,0.0,0.0,0.0,0.0,3,1018.3,966.1,100,17880.0,2.1,3.6,tbilisi,2026-01-22T07:00:56.115789
2026-01-22T20:00,-0.6,88,-2.3,-3.3,0,0.0,0.0,0.0,0.0,0.0,2,1018.0,965.8,73,18140.0,1.5,4.0,tbilisi,2026-01-22T07:00:56.115789
2026-01-22T21:00,-1.0,88,-2.7,-3.8,0,0.0,0.0,0.0,0.0,0.0,2,1017.5,965.3,75,17680.0,1.8,4.0,tbilisi,2026-01-22T07:00:56.115789
2026-01-22T22:00,-1.2,85,-3.4,-4.0,0,0.0,0.0,0.0,0.0,0.0,2,1017.2,964.9,75,23860.0,1.5,3.6,tbilisi,2026-01-22T07:00:56.115789
2026-01-22T23:00,-1.4,86,-3.5,-4.4,0,0.0,0.0,0.0,0.0,0.0,2,1016.8,964.5,80,22300.0,2.5,5.0,tbilisi,2026-01-22T07:00:56.115789
2026-01-22T00:00,-3.1,75,-6.9,-7.3,0,0.0,0.0,0.0,0.0,0.0,0,1005.3,1000.6,0,38280.0,8.4,16.6,berlin,2026-01-22T07:01:33.689048
2026-01-22T01:00,-3.2,75,-7.0,-7.4,0,0.0,0.0,0.0,0.0,0.0,0,1004.9,1000.2,0,38080.0,8.5,19.1,berlin,2026-01-22T07:01:33.689048
2026-01-22T02:00,-3.4,76,-7.1,-7.6,0,0.0,0.0,0.0,0.0,0.0,0,1004.5,999.8,0,35500.0,7.9,18.0,berlin,2026-01-22T07:01:33.689048
2026-01-22T03:00,-3.8,78,-7.1,-7.9,0,0.0,0.0,0.0,0.0,0.0,0,1004.3,999.6,0,30960.0,7.3,16.6,berlin,2026-01-22T07:01:33.689048
2026-01-22T04:00,-4.0,77,-7.4,-8.2,0,0.0,0.0,0.0,0.0,0.0,0,1003.8,999.1,0,33580.0,8.3,18.0,berlin,2026-01-22T07:01:33.689048
2026-01-22T05:00,-4.3,77,-7.7,-8.5,0,0.0,0.0,0.0,0.0,0.0,0,1004.2,999.5,0,32780.0,8.0,18.4,berlin,2026-01-22T07:01:33.689048
2026-01-22T06:00,-4.5,81,-7.3,-8.9,0,0.0,0.0,0.0,0.0,0.0,0,1004.2,999.5,0,25000.0,9.0,19.8,berlin,2026-01-22T07:01:33.689048
2026-01-22T07:00,-4.8,82,-7.4,-9.0,0,0.0,0.0,0.0,0.0,0.0,0,1004.3,999.6,0,23380.0,8.3,19.4,berlin,2026-01-22T07:01:33.689048
2026-01-22T08:00,-4.9,80,-7.9,-9.2,0,0.0,0.0,0.0,0.0,0.0,0,1004.0,999.3,0,25100.0,8.0,18.0,berlin,2026-01-22T07:01:33.689048
2026-01-22T09:00,-4.4,76,-8.0,-8.5,0,0.0,0.0,0.0,0.0,0.0,0,1003.8,999.1,0,33660.0,6.6,18.0,berlin,2026-01-22T07:01:33.689048
2026-01-22T10:00,-3.8,72,-8.1,-7.9,0,0.0,0.0,0.0,0.0,0.0,0,1003.7,999.0,0,39920.0,6.6,16.2,berlin,2026-01-22T07:01:33.689048
2026-01-22T11:00,-3.1,69,-8.0,-7.3,0,0.0,0.0,0.0,0.0,0.0,0,1003.4,998.7,0,44920.0,7.4,17.6,berlin,2026-01-22T07:01:33.689048
2026-01-22T12:00,-2.3,66,-7.8,-6.6,0,0.0,0.0,0.0,0.0,0.0,0,1003.2,998.5,0,51260.0,8.0,19.1,berlin,2026-01-22T07:01:33.689048
2026-01-22T13:00,-1.9,64,-7.8,-6.2,0,0.0,0.0,0.0,0.0,0.0,0,1003.0,998.3,0,54200.0,8.4,19.4,berlin,2026-01-22T07:01:33.689048
2026-01-22T14:00,-1.7,64,-7.6,-6.1,0,0.0,0.0,0.0,0.0,0.0,0,1003.1,998.4,0,55660.0,9.0,20.5,berlin,2026-01-22T07:01:33.689048
2026-01-22T15:00,-1.6,65,-7.4,-6.0,0,0.0,0.0,0.0,0.0,0.0,0,1003.1,998.4,0,55100.0,9.0,21.2,berlin,2026-01-22T07:01:33.689048
2026-01-22T16:00,-1.9,67,-7.2,-6.2,0,0.0,0.0,0.0,0.0,0.0,1,1003.2,998.5,11,52040.0,8.6,20.5,berlin,2026-01-22T07:01:33.689048
2026-01-22T17:00,-2.2,71,-6.8,-6.4,0,0.0,0.0,0.0,0.0,0.0,0,1003.1,998.4,0,46300.0,8.3,19.8,berlin,2026-01-22T07:01:33.689048
2026-01-22T18:00,-2.5,74,-6.5,-6.4,0,0.0,0.0,0.0,0.0,0.0,0,1003.1,998.4,3,40780.0,6.9,18.4,berlin,2026-01-22T07:01:33.689048
2026-01-22T19:00,-2.9,76,-6.6,-6.9,0,0.0,0.0,0.0,0.0,0.0,0,1003.3,998.6,1,36620.0,7.1,15.8,berlin,2026-01-22T07:01:33.689048
2026-01-22T20:00,-3.2,76,-6.8,-7.4,0,0.0,0.0,0.0,0.0,0.0,0,1003.6,998.9,0,36380.0,8.3,18.4,berlin,2026-01-22T07:01:33.689048
2026-01-22T21:00,-3.5,78,-6.8,-7.8,0,0.0,0.0,0.0,0.0,0.0,0,1003.8,999.1,0,32280.0,8.7,19.4,berlin,2026-01-22T07:01:33.689048
2026-01-22T22:00,-4.0,79,-7.1,-8.3,0,0.0,0.0,0.0,0.0,0.0,1,1003.7,999.0,25,28900.0,9.1,20.2,berlin,2026-01-22T07:01:33.689048
2026-01-22T23:00,-4.3,79,-7.4,-8.7,0,0.0,0.0,0.0,0.0,0.0,1,1003.7,999.0,25,28420.0,9.5,21.2,berlin,2026-01-22T07:01:33.689048
2026-01-22T00:00,-1.0,73,-5.2,-4.4,0,0.0,0.0,0.0,0.0,0.0,1,1001.2,988.4,0,44360.0,4.2,10.4,frankfurt,2026-01-22T07:02:11.263684
2026-01-22T01:00,-1.4,74,-5.4,-4.9,0,0.0,0.0,0.0,0.0,0.0,2,1001.0,988.1,60,42700.0,4.8,9.7,frankfurt,2026-01-22T07:02:11.263684
2026-01-22T02:00,-1.7,74,-5.7,-5.1,0,0.0,0.0,0.0,0.0,0.0,1,1001.2,988.3,33,43180.0,3.8,9.7,frankfurt,2026-01-22T07:02:11.263684
2026-01-22T03:00,-2.1,78,-5.4,-5.3,0,0.0,0.0,0.0,0.0,0.0,0,1000.7,987.8,0,35680.0,2.8,7.9,frankfurt,2026-01-22T07:02:11.263684
2026-01-22T04:00,-2.4,76,-6.0,-5.8,0,0.0,0.0,0.0,0.0,0.0,0,1000.4,987.5,2,37980.0,4.0,7.9,frankfurt,2026-01-22T07:02:11.263684
2026-01-22T05:00,-2.7,77,-6.2,-6.3,0,0.0,0.0,0.0,0.0,0.0,0,1000.6,987.7,3,35840.0,4.7,9.7,frankfurt,2026-01-22T07:02:11.263684
2026-01-22T06:00,-3.0,77,-6.4,-6.7,0,0.0,0.0,0.0,0.0,0.0,0,1000.8,987.9,0,36240.0,5.7,12.2,frankfurt,2026-01-22T07:02:11.263684
2026-01-22T07:00,-3.1,76,-6.7,-6.7,0,0.0,0.0,0.0,0.0,0.0,0,1000.9,988.0,0,37440.0,4.8,12.6,frankfurt,2026-01-22T07:02:11.263684
2026-01-22T08:00,-3.1,77,-6.5,-6.5,0,0.0,0.0,0.0,0.0,0.0,0,1000.9,988.0,0,36860.0,3.3,9.7,frankfurt,2026-01-22T07:02:11.263684
2026-01-22T09:00,-2.8,70,-7.5,-6.6,0,0.0,0.0,0.0,0.0,0.0,1,1000.8,987.9,2,46940.0,5.5,12.2,frankfurt,2026-01-22T07:02:11.263684
2026-01-22T10:00,-2.3,65,-7.9,-6.2,0,0.0,0.0,0.0,0.0,0.0,1,1000.7,987.8,19,54480.0,5.9,14.0,frankfurt,2026-01-22T07:02:11.263684
2026-01-22T11:00,-1.4,61,-7.9,-5.1,0,0.0,0.0,0.0,0.0,0.0,1,1000.5,987.6,16,59960.0,4.7,14.4,frankfurt,2026-01-22T07:02:11.263684
2026-01-22T12:00,-0.5,60,-7.3,-4.0,0,0.0,0.0,0.0,0.0,0.0,3,1000.1,987.3,100,61360.0,3.7,10.8,frankfurt,2026-01-22T07:02:11.263684
2026-01-22T13:00,0.7,56,-7.0,-2.4,0,0.0,0.0,0.0,0.0,0.0,3,1000.0,987.3,100,67440.0,1.3,10.1,frankfurt,2026-01-22T07:02:11.263684
2026-01-22T14:00,1.4,53,-7.2,-2.0,0,0.0,0.0,0.0,0.0,0.0,3,999.8,987.1,100,70360.0,2.4,6.5,frankfurt,2026-01-22T07:02:11.263684
2026-01-22T15:00,1.4,55,-6.6,-1.8,0,0.0,0.0,0.0,0.0,0.0,2,1000.0,987.3,69,70000.0,1.8,6.5,frankfurt,2026-01-22T07:02:11.263684
2026-01-22T16:00,0.9,60,-6.0,-2.2,0,0.0,0.0,0.0,0.0,0.0,3,1000.0,987.3,100,66760.0,1.4,3.6,frankfurt,2026-01-22T07:02:11.263684
2026-01-22T17:00,0.3,65,-5.5,-2.7,0,0.0,0.0,0.0,0.0,0.0,3,1000.0,987.2,100,60900.0,1.3,2.2,frankfurt,2026-01-22T07:02:11.263684
2026-01-22T18:00,0.2,68,-5.0,-3.0,0,0.0,0.0,0.0,0.0,0.0,3,1000.0,987.2,99,55040.0,2.5,4.7,frankfurt,2026-01-22T07:02:11.263684
2026-01-22T19:00,-0.5,67,-5.8,-4.1,0,0.0,0.0,0.0,0.0,0.0,3,1000.2,987.4,100,53420.0,5.4,11.9,frankfurt,2026-01-22T07:02:11.263684
2026-01-22T20:00,-0.6,68,-5.7,-4.2,0,0.0,0.0,0.0,0.0,0.0,3,1000.4,987.6,100,51580.0,5.7,12.6,frankfurt,2026-01-22T07:02:11.263684
2026-01-22T21:00,-0.4,67,-5.8,-4.0,3,0.0,0.0,0.0,0.0,0.0,3,1000.5,987.7,100,53680.0,4.9,11.5,frankfurt,2026-01-22T07:02:11.263684
2026-01-22T22:00,-0.3,67,-5.7,-4.1,8,0.0,0.0,0.0,0.0,0.0,3,1000.3,987.5,100,54180.0,6.1,13.3,frankfurt,2026-01-22T07:02:11.263684
2026-01-22T23:00,-0.3,68,-5.5,-3.8,0,0.0,0.0,0.0,0.0,0.0,3,1000.1,987.3,100,52620.0,5.1,12.2,frankfurt,2026-01-22T07:02:11.263684
2026-01-22T00:00,-3.1,79,-6.3,-7.9,0,0.0,0.0,0.0,0.0,0.0,3,1004.5,1001.1,100,27800.0,12.9,29.9,hamburg,2026-01-22T07:02:48.838633
2026-01-22T01:00,-3.4,78,-6.7,-8.3,0,0.0,0.0,0.0,0.0,0.0,1,1004.7,1001.3,36,28240.0,13.5,29.9,hamburg,2026-01-22T07:02:48.838633
2026-01-22T02:00,-3.5,77,-7.0,-8.5,0,0.0,0.0,0.0,0.0,0.0,2,1004.6,1001.2,60,31040.0,13.6,30.2,hamburg,2026-01-22T07:02:48.838633
2026-01-22T03:00,-3.3,75,-7.1,-8.4,0,0.0,0.0,0.0,0.0,0.0,1,1004.4,1001.0,3,37040.0,14.2,29.9,hamburg,2026-01-22T07:02:48.838633
2026-01-22T04:00,-3.5,73,-7.6,-8.7,0,0.0,0.0,0.0,0.0,0.0,0,1004.1,1000.7,0,39160.0,14.6,32.4,hamburg,2026-01-22T07:02:48.838633
2026-01-22T05:00,-3.4,74,-7.4,-8.6,0,0.0,0.0,0.0,0.0,0.0,1,1004.2,1000.8,14,38660.0,14.7,32.4,hamburg,2026-01-22T07:02:48.838633
2026-01-22T06:00,-3.5,79,-6.6,-8.6,0,0.0,0.0,0.0,0.0,0.0,1,1004.0,1000.6,44,27160.0,14.7,32.8,hamburg,2026-01-22T07:02:48.838633
2026-01-22T07:00,-3.7,81,-6.5,-8.7,0,0.0,0.0,0.0,0.0,0.0,2,1004.1,1000.7,75,23900.0,14.1,31.7,hamburg,2026-01-22T07:02:48.838633
2026-01-22T08:00,-3.9,81,-6.7,-8.8,0,0.0,0.0,0.0,0.0,0.0,1,1004.0,1000.6,44,24840.0,13.2,30.6,hamburg,2026-01-22T07:02:48.838633
2026-01-22T09:00,-3.7,78,-7.0,-8.6,0,0.0,0.0,0.0,0.0,0.0,1,1003.8,1000.4,18,29240.0,13.5,29.5,hamburg,2026-01-22T07:02:48.838633
2026-01-22T10:00,-3.2,74,-7.2,-8.1,0,0.0,0.0,0.0,0.0,0.0,2,1003.5,1000.1,73,37260.0,13.4,29.9,hamburg,2026-01-22T07:02:48.838633
2026-01-22T11:00,-2.5,70,-7.2,-7.5,0,0.0,0.0,0.0,0.0,0.0,2,1003.1,999.7,73,44620.0,13.8,31.3,hamburg,2026-01-22T07:02:48.838633
2026-01-22T12:00,-1.6,66,-7.1,-6.6,0,0.0,0.0,0.0,0.0,0.0,2,1002.9,999.5,69,52800.0,13.8,31.0,hamburg,2026-01-22T07:02:48.838633
2026-01-22T13:00,-1.0,63,-7.1,-5.9,0,0.0,0.0,0.0,0.0,0.0,3,1002.6,999.2,95,57460.0,13.3,31.0,hamburg,2026-01-22T07:02:48.838633
2026-01-22T14:00,-0.5,62,-6.9,-5.4,0,0.0,0.0,0.0,0.0,0.0,2,1002.6,999.2,56,60280.0,12.7,29.9,hamburg,2026-01-22T07:02:48.838633
2026-01-22T15:00,-0.7,63,-6.9,-5.5,0,0.0,0.0,0.0,0.0,0.0,2,1002.6,999.2,57,58800.0,12.4,28.1,hamburg,2026-01-22T07:02:48.838633
2026-01-22T16:00,-1.3,68,-6.4,-6.1,0,0.0,0.0,0.0,0.0,0.0,2,1002.7,999.3,44,51700.0,12.8,28.4,hamburg,2026-01-22T07:02:48.838633
2026-01-22T17:00,-1.9,71,-6.5,-6.9,0,0.0,0.0,0.0,0.0,0.0,1,1002.4,999.0,43,44820.0,13.8,30.2,hamburg,2026-01-22T07:02:48.838633
2026-01-22T18:00,-2.5,78,-5.8,-7.3,0,0.0,0.0,0.0,0.0,0.0,1,1002.3,998.9,24,30840.0,13.7,31.3,hamburg,2026-01-22T07:02:48.838633
2026-01-22T19:00,-3.0,80,-6.0,-7.9,0,0.0,0.0,0.0,0.0,0.0,2,1002.3,998.9,52,26700.0,13.3,29.9,hamburg,2026-01-22T07:02:48.838633
2026-01-22T20:00,-3.6,79,-6.7,-8.5,0,0.0,0.0,0.0,0.0,0.0,1,1002.4,999.0,10,27820.0,13.3,29.5,hamburg,2026-01-22T07:02:48.838633
2026-01-22T21:00,-4.0,80,-7.0,-8.8,0,0.0,0.0,0.0,0.0,0.0,0,1002.6,999.2,2,25780.0,12.0,28.8,hamburg,2026-01-22T07:02:48.838633
2026-01-22T22:00,-4.5,81,-7.2,-9.2,0,0.0,0.0,0.0,0.0,0.0,2,1002.5,999.1,53,22620.0,11.6,25.9,hamburg,2026-01-22T07:02:48.838633
2026-01-22T23:00,-4.7,82,-7.3,-9.5,0,0.0,0.0,0.0,0.0,0.0,1,1002.4,999.0,21,21780.0,12.3,27.0,hamburg,2026-01-22T07:02:48.838633
2026-01-22T00:00,-5.2,82,-7.8,-9.3,0,0.0,0.0,0.0,0.0,0.0,0,1002.2,937.6,0,19860.0,7.3,17.6,munich,2026-01-22T07:03:26.383937
2026-01-22T01:00,-5.7,82,-8.2,-9.8,0,0.0,0.0,0.0,0.0,0.0,0,1002.0,937.3,0,20180.0,7.1,17.6,munich,2026-01-22T07:03:26.383937
2026-01-22T02:00,-6.1,83,-8.5,-10.2,0,0.0,0.0,0.0,0.0,0.0,1,1001.9,937.1,0,18260.0,6.3,16.6,munich,2026-01-22T07:03:26.383937
2026-01-22T03:00,-7.2,87,-9.0,-11.6,0,0.0,0.0,0.0,0.0,0.0,2,1002.3,937.2,60,3120.0,8.2,17.3,munich,2026-01-22T07:03:26.383937
2026-01-22T04:00,-8.0,92,-9.0,-12.1,0,0.0,0.0,0.0,0.0,0.0,48,1002.3,937.0,87,1580.0,6.3,19.8,munich,2026-01-22T07:03:26.383937
2026-01-22T05:00,-8.0,92,-9.0,-12.1,0,0.0,0.0,0.0,0.0,0.0,48,1002.4,937.1,88,1460.0,6.4,15.5,munich,2026-01-22T07:03:26.383937
2026-01-22T06:00,-8.2,94,-9.0,-12.0,0,0.0,0.0,0.0,0.0,0.0,45,1002.8,937.4,100,820.0,4.3,15.1,munich,2026-01-22T07:03:26.383937
2026-01-22T07:00,-8.2,95,-8.9,-11.4,0,0.0,0.0,0.0,0.0,0.0,45,1003.2,937.8,100,320.0,0.4,10.4,munich,2026-01-22T07:03:26.383937
2026-01-22T08:00,-8.2,95,-8.8,-11.7,0,0.0,0.0,0.0,0.0,0.0,45,1003.3,937.9,100,320.0,2.9,7.9,munich,2026-01-22T07:03:26.383937
2026-01-22T09:00,-7.2,89,-8.7,-10.6,0,0.0,0.0,0.0,0.0,0.0,3,1003.1,938.0,95,1080.0,1.3,7.2,munich,2026-01-22T07:03:26.383937
2026-01-22T10:00,-5.8,82,-8.3,-9.0,0,0.0,0.0,0.0,0.0,0.0,2,1002.6,937.8,73,17440.0,1.1,5.0,munich,2026-01-22T07:03:26.383937
2026-01-22T11:00,-4.6,78,-7.9,-7.9,0,0.0,0.0,0.0,0.0,0.0,2,1002.1,937.6,59,24860.0,1.6,6.1,munich,2026-01-22T07:03:26.383937
2026-01-22T12:00,-4.1,77,-7.5,-7.6,0,0.0,0.0,0.0,0.0,0.0,1,1001.8,937.5,22,26940.0,3.2,9.4,munich,2026-01-22T07:03:26.383937
2026-01-22T13:00,-3.4,75,-7.2,-6.9,0,0.0,0.0,0.0,0.0,0.0,0,1001.7,937.5,0,31060.0,3.3,10.1,munich,2026-01-22T07:03:26.383937
2026-01-22T14:00,-2.5,73,-6.6,-5.8,0,0.0,0.0,0.0,0.0,0.0,0,1001.5,937.6,0,38640.0,2.5,8.6,munich,2026-01-22T07:03:26.383937
2026-01-22T15:00,-2.1,72,-6.4,-5.3,0,0.0,0.0,0.0,0.0,0.0,0,1001.5,937.7,0,40920.0,2.3,6.8,munich,2026-01-22T07:03:26.383937
2026-01-22T16:00,-2.4,76,-6.0,-5.8,0,0.0,0.0,0.0,0.0,0.0,0,1001.6,937.7,0,35080.0,3.9,9.4,munich,2026-01-22T07:03:26.383937
2026-01-22T17:00,-3.1,80,-6.0,-6.6,0,0.0,0.0,0.0,0.0,0.0,3,1001.8,937.7,100,25580.0,4.3,10.4,munich,2026-01-22T07:03:26.383937
2026-01-22T18:00,-3.7,82,-6.3,-7.2,0,0.0,0.0,0.0,0.0,0.0,3,1002.3,938.0,100,22220.0,3.9,10.4,munich,2026-01-22T07:03:26.383937
2026-01-22T19:00,-4.0,84,-6.3,-7.3,0,0.0,0.0,0.0,0.0,0.0,3,1002.7,938.3,100,18340.0,2.2,9.4,munich,2026-01-22T07:03:26.383937
2026-01-22T20:00,-4.3,85,-6.4,-7.6,0,0.0,0.0,0.0,0.0,0.0,3,1003.1,938.6,100,15760.0,3.1,7.6,munich,2026-01-22T07:03:26.383937
2026-01-22T21:00,-4.4,87,-6.3,-7.7,0,0.0,0.0,0.0,0.0,0.0,3,1003.2,938.7,92,13060.0,2.7,7.9,munich,2026-01-22T07:03:26.383937
2026-01-22T22:00,-4.4,86,-6.4,-7.8,0,0.0,0.0,0.0,0.0,0.0,2,1002.9,938.4,84,13440.0,2.9,7.2,munich,2026-01-22T07:03:26.383937
2026-01-22T23:00,-4.5,87,-6.4,-7.8,0,0.0,0.0,0.0,0.0,0.0,2,1002.7,938.2,38,12660.0,2.2,7.2,munich,2026-01-22T07:03:26.383937
2026-01-22T00:00,-1.3,85,-3.5,-4.4,0,0.0,0.0,0.0,0.0,0.0,1,1000.4,969.8,0,22600.0,3.0,8.3,stuttgart,2026-01-22T07:03:28.788080
2026-01-22T01:00,-2.2,86,-4.2,-5.5,0,0.0,0.0,0.0,0.0,0.0,0,1000.1,969.4,0,18780.0,4.5,9.7,stuttgart,2026-01-22T07:03:28.788080
2026-01-22T02:00,-2.3,84,-4.7,-5.8,0,0.0,0.0,0.0,0.0,0.0,0,1000.2,969.5,0,22400.0,4.7,10.1,stuttgart,2026-01-22T07:03:28.788080
2026-01-22T03:00,-2.9,83,-5.4,-6.1,0,0.0,0.0,0.0,0.0,0.0,0,1000.1,969.3,0,25380.0,2.5,9.4,stuttgart,2026-01-22T07:03:28.788080
2026-01-22T04:00,-2.5,79,-5.6,-5.6,0,0.0,0.0,0.0,0.0,0.0,0,1000.0,969.3,0,39020.0,1.5,4.3,stuttgart,2026-01-22T07:03:28.788080
2026-01-22T05:00,-3.0,78,-6.3,-6.5,0,0.0,0.0,0.0,0.0,0.0,1,1000.5,969.7,13,35500.0,4.4,8.3,stuttgart,2026-01-22T07:03:28.788080
2026-01-22T06:00,-3.7,81,-6.5,-7.3,0,0.0,0.0,0.0,0.0,0.0,3,1000.6,969.7,100,29500.0,4.3,9.4,stuttgart,2026-01-22T07:03:28.788080
2026-01-22T07:00,-3.6,80,-6.5,-7.2,0,0.0,0.0,0.0,0.0,0.0,3,1000.7,969.8,100,30320.0,4.8,10.1,stuttgart,2026-01-22T07:03:28.788080
2026-01-22T08:00,-3.0,81,-5.8,-6.5,0,0.0,0.0,0.0,0.0,0.0,3,1000.6,969.8,100,29860.0,4.0,10.4,stuttgart,2026-01-22T07:03:28.788080
2026-01-22T09:00,-1.5,76,-5.2,-4.8,0,0.0,0.0,0.0,0.0,0.0,0,1000.1,969.5,1,35300.0,2.9,8.6,stuttgart,2026-01-22T07:03:28.788080
2026-01-22T10:00,-0.3,70,-5.1,-3.5,0,0.0,0.0,0.0,0.0,0.0,2,999.8,969.3,48,44380.0,2.9,9.0,stuttgart,2026-01-22T07:03:28.788080
2026-01-22T11:00,1.3,64,-4.7,-1.8,0,0.0,0.0,0.0,0.0,0.0,3,999.7,969.4,91,56140.0,2.2,8.3,stuttgart,2026-01-22T07:03:28.788080
2026-01-22T12:00,2.5,59,-4.7,-0.6,0,0.0,0.0,0.0,0.0,0.0,3,999.5,969.3,87,63000.0,2.4,7.9,stuttgart,2026-01-22T07:03:28.788080
2026-01-22T13:00,2.8,56,-5.1,-0.5,0,0.0,0.0,0.0,0.0,0.0,2,999.4,969.3,76,66560.0,3.4,10.8,stuttgart,2026-01-22T07:03:28.788080
2026-01-22T14:00,3.0,56,-5.0,-0.2,0,0.0,0.0,0.0,0.0,0.0,3,999.5,969.4,100,67600.0,2.8,7.9,stuttgart,2026-01-22T07:03:28.788080
2026-01-22T15:00,2.5,57,-5.1,-0.6,0,0.0,0.0,0.0,0.0,0.0,3,999.8,969.6,100,67880.0,2.3,7.9,stuttgart,2026-01-22T07:03:28.788080
2026-01-22T16:00,1.8,63,-4.5,-1.1,0,0.0,0.0,0.0,0.0,0.0,3,1000.0,969.7,100,64220.0,1.3,5.0,stuttgart,2026-01-22T07:03:28.788080
2026-01-22T17:00,1.5,66,-4.2,-1.3,0,0.0,0.0,0.0,0.0,0.0,3,1000.0,969.7,100,61840.0,0.5,2.9,stuttgart,2026-01-22T07:03:28.788080
2026-01-22T18:00,1.6,67,-3.9,-1.4,0,0.0,0.0,0.0,0.0,0.0,3,999.9,969.6,100,59660.0,2.4,4.0,stuttgart,2026-01-22T07:03:28.788080
2026-01-22T19:00,0.6,79,-2.6,-2.4,0,0.0,0.0,0.0,0.0,0.0,3,1000.2,969.8,97,34500.0,3.7,7.6,stuttgart,2026-01-22T07:03:28.788080
2026-01-22T20:00,0.9,72,-3.6,-2.3,0,0.0,0.0,0.0,0.0,0.0,3,1000.4,970.0,98,48840.0,4.1,8.6,stuttgart,2026-01-22T07:03:28.788080
2026-01-22T21:00,0.9,69,-4.2,-2.5,0,0.0,0.0,0.0,0.0,0.0,3,1000.4,970.0,92,53000.0,4.9,10.1,stuttgart,2026-01-22T07:03:28.788080
2026-01-22T22:00,0.8,70,-4.0,-2.6,0,0.0,0.0,0.0,0.0,0.0,3,1000.2,969.8,93,51520.0,4.8,10.4,stuttgart,2026-01-22T07:03:28.788080
2026-01-22T23:00,0.8,71,-3.9,-2.6,0,0.0,0.0,0.0,0.0,0.0,3,1000.0,969.6,100,50300.0,4.9,11.2,stuttgart,2026-01-22T07:03:28.788080
2026-01-22T00:00,26.9,93,25.7,33.7,10,2.9,0.0,2.9,0.0,0.0,81,1011.1,1009.4,100,24140.0,2.9,8.6,accra,2026-01-22T07:03:31.184075
2026-01-22T01:00,26.3,92,24.9,32.4,25,0.8,0.0,0.8,0.0,0.0,80,1010.6,1008.9,100,24140.0,3.9,7.9,accra,2026-01-22T07:03:31.184075
2026-01-22T02:00,26.1,93,24.9,32.3,28,0.0,0.0,0.0,0.0,0.0,3,1009.9,1008.2,100,24140.0,3.4,6.8,accra,2026-01-22T07:03:31.184075
2026-01-22T03:00,26.0,94,24.9,32.3,20,0.0,0.0,0.0,0.0,0.0,3,1009.2,1007.5,100,24140.0,2.9,5.8,accra,2026-01-22T07:03:31.184075
2026-01-22T04:00,25.7,95,24.8,32.0,33,0.2,0.0,0.2,0.0,0.0,3,1009.2,1007.5,100,24140.0,1.9,5.4,accra,2026-01-22T07:03:31.184075
2026-01-22T05:00,25.6,95,24.7,31.7,30,0.0,0.0,0.0,0.0,0.0,3,1009.2,1007.5,100,24140.0,3.2,5.4,accra,2026-01-22T07:03:31.184075
2026-01-22T06:00,25.5,95,24.7,31.7,18,0.0,0.0,0.0,0.0,0.0,3,1009.4,1007.7,100,24140.0,2.5,6.1,accra,2026-01-22T07:03:31.184075
2026-01-22T07:00,25.6,95,24.8,31.9,13,0.1,0.0,0.1,0.0,0.0,3,1010.0,1008.3,100,24140.0,2.1,4.0,accra,2026-01-22T07:03:31.184075
2026-01-22T08:00,26.1,92,24.7,32.3,25,0.7,0.0,0.7,0.0,0.0,80,1011.2,1009.5,100,24140.0,1.8,5.4,accra,2026-01-22T07:03:31.184075
2026-01-22T09:00,26.8,88,24.6,33.1,40,0.6,0.0,0.6,0.0,0.0,80,1012.0,1010.3,93,24140.0,0.8,7.9,accra,2026-01-22T07:03:31.184075
2026-01-22T10:00,27.6,82,24.2,33.3,48,0.9,0.0,0.9,0.0,0.0,80,1012.2,1010.5,100,24140.0,3.3,10.4,accra,2026-01-22T07:03:31.184075
2026-01-22T11:00,29.3,75,24.4,35.2,43,0.1,0.0,0.1,0.0,0.0,2,1011.5,1009.8,79,24140.0,2.9,16.9,accra,2026-01-22T07:03:31.184075
2026-01-22T12:00,30.3,70,24.2,36.7,50,0.1,0.0,0.1,0.0,0.0,2,1010.7,1009.0,74,24140.0,1.5,13.7,accra,2026-01-22T07:03:31.184075
2026-01-22T13:00,31.6,64,23.9,38.6,50,0.0,0.0,0.0,0.0,0.0,3,1009.5,1007.8,85,24140.0,1.3,11.9,accra,2026-01-22T07:03:31.184075
2026-01-22T14:00,32.1,62,23.9,38.2,43,0.0,0.0,0.0,0.0,0.0,2,1008.2,1006.5,69,24140.0,3.7,16.2,accra,2026-01-22T07:03:31.184075
2026-01-22T15:00,31.8,64,24.2,36.9,50,0.0,0.0,0.0,0.0,0.0,2,1008.0,1006.3,72,24140.0,8.1,21.2,accra,2026-01-22T07:03:31.184075
2026-01-22T16:00,30.5,70,24.4,35.3,33,0.2,0.0,0.2,0.0,0.0,2,1008.3,1006.6,68,24140.0,11.2,26.6,accra,2026-01-22T07:03:31.184075
2026-01-22T17:00,29.8,73,24.5,34.7,18,0.0,0.0,0.0,0.0,0.0,1,1008.8,1007.1,40,24140.0,10.0,20.5,accra,2026-01-22T07:03:31.184075
2026-01-22T18:00,28.3,80,24.5,33.3,13,0.0,0.0,0.0,0.0,0.0,1,1009.2,1007.5,25,24140.0,9.6,19.4,accra,2026-01-22T07:03:31.184075
2026-01-22T19:00,27.2,86,24.7,32.8,3,0.0,0.0,0.0,0.0,0.0,1,1009.3,1007.6,31,24140.0,6.6,17.3,accra,2026-01-22T07:03:31.184075
2026-01-22T20:00,26.9,89,24.9,32.9,0,0.0,0.0,0.0,0.0,0.0,1,1010.0,1008.3,41,24140.0,4.3,11.9,accra,2026-01-22T07:03:31.184075
2026-01-22T21:00,26.6,91,25.0,33.1,0,0.0,0.0,0.0,0.0,0.0,1,1011.2,1009.5,41,24140.0,1.8,7.6,accra,2026-01-22T07:03:31.184075
2026-01-22T22:00,26.5,92,25.1,33.1,0,0.0,0.0,0.0,0.0,0.0,2,1011.8,1010.1,47,24140.0,1.1,2.5,accra,2026-01-22T07:03:31.184075
2026-01-22T23:00,26.2,93,25.0,32.9,0,0.0,0.0,0.0,0.0,0.0,2,1011.9,1010.2,73,24140.0,0.7,1.4,accra,2026-01-22T07:03:31.184075
2026-01-22T00:00,9.0,100,9.0,8.4,23,0.0,0.0,0.0,0.0,0.0,3,1005.4,994.3,100,1000.0,2.9,10.8,athens,2026-01-22T07:03:33.584227
2026-01-22T01:00,8.7,97,8.3,7.7,5,0.0,0.0,0.0,0.0,0.0,3,1005.4,994.3,100,1780.0,4.0,11.9,athens,2026-01-22T07:03:33.584227
2026-01-22T02:00,8.9,90,7.3,7.4,8,0.0,0.0,0.0,0.0,0.0,3,1004.9,993.8,100,11300.0,5.5,17.3,athens,2026-01-22T07:03:33.584227
2026-01-22T03:00,8.6,93,7.5,7.3,5,0.0,0.0,0.0,0.0,0.0,3,1004.6,993.5,100,6060.0,4.5,16.2,athens,2026-01-22T07:03:33.584227
2026-01-22T04:00,8.6,93,7.6,7.4,3,0.0,0.0,0.0,0.0,0.0,3,1004.4,993.3,98,4900.0,4.2,13.0,athens,2026-01-22T07:03:33.584227
2026-01-22T05:00,8.5,92,7.3,7.0,0,0.0,0.0,0.0,0.0,0.0,3,1004.7,993.6,94,6580.0,5.3,15.1,athens,2026-01-22T07:03:33.584227
2026-01-22T06:00,8.7,91,7.3,7.1,0,0.0,0.0,0.0,0.0,0.0,2,1005.1,994.0,69,9280.0,6.1,17.3,athens,2026-01-22T07:03:33.584227
2026-01-22T07:00,9.6,90,8.0,8.3,0,0.0,0.0,0.0,0.0,0.0,3,1005.0,993.9,93,12660.0,5.6,17.6,athens,2026-01-22T07:03:33.584227
2026-01-22T08:00,11.4,84,8.8,10.3,0,0.0,0.0,0.0,0.0,0.0,3,1004.8,993.8,100,21620.0,5.0,17.3,athens,2026-01-22T07:03:33.584227
2026-01-22T09:00,12.6,82,9.6,11.9,0,0.0,0.0,0.0,0.0,0.0,3,1004.5,993.5,100,21220.0,4.0,16.6,athens,2026-01-22T07:03:33.584227
2026-01-22T10:00,13.7,74,9.2,12.9,0,0.0,0.0,0.0,0.0,0.0,3,1003.5,992.6,100,37940.0,4.2,17.6,athens,2026-01-22T07:03:33.584227
2026-01-22T11:00,14.4,71,9.2,13.2,5,0.0,0.0,0.0,0.0,0.0,3,1002.6,991.7,100,43180.0,6.5,23.0,athens,2026-01-22T07:03:33.584227
2026-01-22T12:00,15.0,67,9.0,13.6,10,0.0,0.0,0.0,0.0,0.0,2,1002.1,991.2,81,51920.0,8.0,25.9,athens,2026-01-22T07:03:33.584227
2026-01-22T13:00,15.3,66,9.0,13.9,13,0.0,0.0,0.0,0.0,0.0,2,1002.1,991.3,61,51980.0,7.6,23.4,athens,2026-01-22T07:03:33.584227
2026-01-22T14:00,15.0,68,9.2,13.7,20,0.0,0.0,0.0,0.0,0.0,3,1002.5,991.6,86,51060.0,7.9,28.4,athens,2026-01-22T07:03:33.584227
2026-01-22T15:00,14.3,74,9.7,13.3,25,0.0,0.0,0.0,0.0,0.0,2,1002.4,991.5,61,40020.0,6.1,31.0,athens,2026-01-22T07:03:33.584227
2026-01-22T16:00,13.0,86,10.7,12.6,35,0.2,0.0,0.2,0.0,0.0,80,1002.5,991.6,80,18420.0,4.5,18.7,athens,2026-01-22T07:03:33.584227
2026-01-22T17:00,12.4,88,10.5,12.2,28,0.2,0.0,0.2,0.0,0.0,80,1002.5,991.5,100,15900.0,2.8,16.6,athens,2026-01-22T07:03:33.584227
2026-01-22T18:00,12.2,90,10.6,12.2,35,0.6,0.0,0.6,0.0,0.0,95,1002.8,991.8,100,12640.0,1.9,11.2,athens,2026-01-22T07:03:33.584227
2026-01-22T19:00,11.9,90,10.3,11.5,38,0.2,0.0,0.2,0.0,0.0,80,1003.0,992.0,100,12020.0,3.1,11.9,athens,2026-01-22T07:03:33.584227
2026-01-22T20:00,11.7,88,9.8,11.2,43,0.2,0.0,0.2,0.0,0.0,80,1003.1,992.1,100,16220.0,3.7,13.3,athens,2026-01-22T07:03:33.584227
2026-01-22T21:00,11.5,92,10.2,11.0,50,0.0,0.0,0.0,0.0,0.0,3,1003.2,992.2,100,8780.0,3.8,10.8,athens,2026-01-22T07:03:33.584227
2026-01-22T22:00,11.1,93,10.0,10.6,55,0.3,0.0,0.3,0.0,0.0,80,1003.3,992.3,100,7000.0,3.6,11.5,athens,2026-01-22T07:03:33.584227
2026-01-22T23:00,11.0,92,9.7,10.5,40,0.3,0.0,0.3,0.0,0.0,80,1003.3,992.3,96,9040.0,2.8,10.8,athens,2026-01-22T07:03:33.584227
2026-01-22T00:00,4.0,92,2.8,1.2,83,0.5,0.5,0.0,0.0,0.0,61,1008.0,1007.1,100,10200.0,7.7,31.7,thessaloniki,2026-01-22T07:04:11.134570
2026-01-22T01:00,4.1,90,2.6,1.3,55,0.4,0.4,0.0,0.0,0.0,61,1007.3,1006.4,100,12120.0,8.0,23.8,thessaloniki,2026-01-22T07:04:11.134570
2026-01-22T02:00,4.5,89,2.8,1.6,53,0.2,0.2,0.0,0.0,0.0,61,1006.4,1005.5,100,14100.0,8.4,26.3,thessaloniki,2026-01-22T07:04:11.134570
2026-01-22T03:00,4.4,90,2.9,1.6,45,0.2,0.2,0.0,0.0,0.0,61,1006.2,1005.3,100,12320.0,8.2,24.8,thessaloniki,2026-01-22T07:04:11.134570
2026-01-22T04:00,4.7,89,3.0,1.9,45,0.3,0.3,0.0,0.0,0.0,61,1005.7,1004.8,100,15140.0,8.1,23.4,thessaloniki,2026-01-22T07:04:11.134570
2026-01-22T05:00,5.0,87,3.0,2.1,40,0.6,0.6,0.0,0.0,0.0,61,1005.3,1004.4,99,19400.0,8.7,27.7,thessaloniki,2026-01-22T07:04:11.134570
2026-01-22T06:00,4.8,89,3.2,2.4,35,0.1,0.1,0.0,0.0,0.0,61,1005.8,1004.9,100,14460.0,5.8,26.3,thessaloniki,2026-01-22T07:04:11.134570
2026-01-22T07:00,4.9,88,3.1,2.4,35,0.1,0.1,0.0,0.0,0.0,61,1005.7,1004.8,100,15440.0,6.1,21.2,thessaloniki,2026-01-22T07:04:11.134570
2026-01-22T08:00,5.2,89,3.6,3.0,20,0.3,0.3,0.0,0.0,0.0,61,1005.6,1004.7,100,14020.0,4.6,17.3,thessaloniki,2026-01-22T07:04:11.134570
2026-01-22T09:00,5.9,89,4.3,3.8,13,0.3,0.3,0.0,0.0,0.0,61,1005.4,1004.5,86,11160.0,5.2,14.8,thessaloniki,2026-01-22T07:04:11.134570
2026-01-22T10:00,6.6,86,4.4,4.4,10,0.0,0.0,0.0,0.0,0.0,61,1004.7,1003.8,100,16180.0,5.7,16.6,thessaloniki,2026-01-22T07:04:11.134570
2026-01-22T11:00,7.0,84,4.5,5.0,3,0.0,0.0,0.0,0.0,0.0,3,1004.2,1003.3,100,20020.0,4.3,16.9,thessaloniki,2026-01-22T07:04:11.134570
2026-01-22T12:00,7.4,82,4.6,5.4,3,0.0,0.0,0.0,0.0,0.0,3,1003.8,1002.9,97,22480.0,5.2,15.1,thessaloniki,2026-01-22T07:04:11.134570
2026-01-22T13:00,8.0,80,4.7,6.0,3,0.0,0.0,0.0,0.0,0.0,3,1003.9,1003.0,99,27220.0,4.8,15.5,thessaloniki,2026-01-22T07:04:11.134570
2026-01-22T14:00,8.2,79,4.8,6.2,3,0.0,0.0,0.0,0.0,0.0,3,1004.1,1003.2,96,29620.0,4.7,15.1,thessaloniki,2026-01-22T07:04:11.134570
2026-01-22T15:00,8.1,79,4.7,6.1,5,0.0,0.0,0.0,0.0,0.0,3,1004.1,1003.2,98,30800.0,4.6,11.9,thessaloniki,2026-01-22T07:04:11.134570
2026-01-22T16:00,7.6,83,4.9,5.8,5,0.0,0.0,0.0,0.0,0.0,3,1004.1,1003.2,100,25700.0,3.4,10.8,thessaloniki,2026-01-22T07:04:11.134570
2026-01-22T17:00,7.1,87,5.1,5.4,8,0.0,0.0,0.0,0.0,0.0,3,1004.2,1003.3,99,16480.0,3.6,7.9,thessaloniki,2026-01-22T07:04:11.134570
2026-01-22T18:00,6.7,89,5.0,5.0,13,0.0,0.0,0.0,0.0,0.0,3,1004.5,1003.6,100,12340.0,3.6,7.9,thessaloniki,2026-01-22T07:04:11.134570
2026-01-22T19:00,6.3,91,4.9,4.4,13,0.0,0.0,0.0,0.0,0.0,3,1004.9,1004.0,100,8780.0,4.1,8.6,thessaloniki,2026-01-22T07:04:11.134570
2026-01-22T20:00,6.0,92,4.8,4.1,15,0.0,0.0,0.0,0.0,0.0,3,1005.2,1004.3,100,7240.0,4.5,9.4,thessaloniki,2026-01-22T07:04:11.134570
2026-01-22T21:00,5.9,93,4.9,4.0,13,0.0,0.0,0.0,0.0,0.0,3,1005.3,1004.4,100,6860.0,4.4,9.7,thessaloniki,2026-01-22T07:04:11.134570
2026-01-22T22:00,5.9,93,4.9,4.1,10,0.0,0.0,0.0,0.0,0.0,3,1005.3,1004.4,100,7180.0,4.2,9.7,thessaloniki,2026-01-22T07:04:11.134570
2026-01-22T23:00,5.8,93,4.7,3.9,18,0.0,0.0,0.0,0.0,0.0,3,1004.9,1004.0,89,6520.0,4.1,9.7,thessaloniki,2026-01-22T07:04:11.134570
2026-01-22T00:00,-3.4,76,-7.0,-7.3,0,0.0,0.0,0.0,0.0,0.05,3,1009.7,995.4,85,50000.0,6.1,8.6,budapest,2026-01-22T07:04:48.675042
2026-01-22T01:00,-3.5,77,-6.9,-7.1,0,0.0,0.0,0.0,0.0,0.05,3,1008.6,994.3,100,12040.0,4.7,11.2,budapest,2026-01-22T07:04:48.675042
2026-01-22T02:00,-3.6,77,-7.1,-7.2,0,0.0,0.0,0.0,0.0,0.05,3,1008.1,993.8,93,11980.0,4.3,7.2,budapest,2026-01-22T07:04:48.675042
2026-01-22T03:00,-3.7,80,-6.6,-7.1,0,0.0,0.0,0.0,0.0,0.05,3,1008.0,993.7,99,10940.0,3.6,6.8,budapest,2026-01-22T07:04:48.675042
2026-01-22T04:00,-3.7,79,-6.8,-6.9,0,0.0,0.0,0.0,0.0,0.05,0,1007.6,993.3,6,50000.0,2.2,6.8,budapest,2026-01-22T07:04:48.675042
2026-01-22T05:00,-3.8,80,-6.7,-7.5,0,0.0,0.0,0.0,0.0,0.05,1,1007.0,992.7,47,11160.0,5.4,9.4,budapest,2026-01-22T07:04:48.675042
2026-01-22T06:00,-3.5,78,-6.7,-7.3,0,0.0,0.0,0.0,0.0,0.05,3,1007.0,992.7,100,11740.0,5.8,11.2,budapest,2026-01-22T07:04:48.675042
2026-01-22T07:00,-3.2,76,-6.8,-6.9,0,0.0,0.0,0.0,0.0,0.05,3,1006.9,992.6,100,12560.0,5.4,10.8,budapest,2026-01-22T07:04:48.675042
2026-01-22T08:00,-2.6,72,-7.0,-6.1,0,0.0,0.0,0.0,0.0,0.05,2,1006.8,992.6,61,50000.0,3.2,10.8,budapest,2026-01-22T07:04:48.675042
2026-01-22T09:00,-0.9,64,-6.9,-4.6,0,0.0,0.0,0.0,0.0,0.05,2,1006.8,992.6,54,17560.0,4.7,11.2,budapest,2026-01-22T07:04:48.675042
2026-01-22T10:00,-0.1,64,-6.1,-4.2,0,0.0,0.0,0.0,0.0,0.05,1,1006.2,992.1,48,17320.0,8.3,17.3,budapest,2026-01-22T07:04:48.675042
2026-01-22T11:00,1.0,68,-4.2,-3.1,0,0.0,0.0,0.0,0.0,0.05,2,1005.5,991.5,72,15900.0,10.1,20.9,budapest,2026-01-22T07:04:48.675042
2026-01-22T12:00,1.7,65,-4.2,-2.4,0,0.0,0.0,0.0,0.0,0.05,1,1005.2,991.2,37,50000.0,9.4,21.2,budapest,2026-01-22T07:04:48.675042
2026-01-22T13:00,1.8,57,-5.8,-2.1,0,0.0,0.0,0.0,0.0,0.05,1,1004.9,990.9,40,50000.0,7.2,19.1,budapest,2026-01-22T07:04:48.675042
2026-01-22T14:00,1.9,54,-6.4,-2.0,0,0.0,0.0,0.0,0.0,0.05,1,1004.8,990.8,45,21380.0,6.8,15.1,budapest,2026-01-22T07:04:48.675042
2026-01-22T15:00,1.9,52,-6.9,-1.9,0,0.0,0.0,0.0,0.0,0.05,2,1004.6,990.6,62,22220.0,5.8,14.0,budapest,2026-01-22T07:04:48.675042
2026-01-22T16:00,1.9,52,-6.9,-1.9,1,0.0,0.0,0.0,0.0,0.05,2,1004.4,990.4,77,50000.0,5.4,10.4,budapest,2026-01-22T07:04:48.675042
2026-01-22T17:00,1.6,52,-7.2,-2.0,1,0.0,0.0,0.0,0.0,0.05,3,1004.8,990.8,100,50000.0,4.7,9.7,budapest,2026-01-22T07:04:48.675042
2026-01-22T18:00,1.5,55,-6.6,-2.0,2,0.0,0.0,0.0,0.0,0.05,3,1005.0,991.0,100,20900.0,4.0,7.9,budapest,2026-01-22T07:04:48.675042
2026-01-22T19:00,1.5,57,-6.1,-1.7,2,0.0,0.0,0.0,0.0,0.05,3,1004.8,990.8,98,20380.0,2.2,6.8,budapest,2026-01-22T07:04:48.675042
2026-01-22T20:00,1.6,56,-6.2,-1.6,2,0.0,0.0,0.0,0.0,0.05,3,1004.5,990.5,92,50000.0,2.2,5.0,budapest,2026-01-22T07:04:48.675042
2026-01-22T21:00,1.6,59,-5.5,-1.7,2,0.0,0.0,0.0,0.0,0.05,3,1004.8,990.8,100,50000.0,3.2,5.4,budapest,2026-01-22T07:04:48.675042
2026-01-22T22:00,1.6,60,-5.3,-1.7,4,0.0,0.0,0.0,0.0,0.05,3,1005.2,991.2,100,18860.0,3.2,6.1,budapest,2026-01-22T07:04:48.675042
2026-01-22T23:00,1.6,57,-6.0,-1.6,6,0.0,0.0,0.0,0.0,0.05,3,1005.2,991.2,100,50000.0,2.5,5.8,budapest,2026-01-22T07:04:48.675042
2026-01-22T00:00,14.3,64,7.6,12.7,0,0.0,0.0,0.0,0.0,0.0,0,1016.2,912.0,0,24140.0,6.4,19.4,bangalore,2026-01-22T07:06:06.385632
2026-01-22T01:00,13.9,62,6.7,12.1,0,0.0,0.0,0.0,0.0,0.0,0,1016.5,912.1,0,24140.0,6.8,15.8,bangalore,2026-01-22T07:06:06.385632
2026-01-22T02:00,13.9,62,6.7,12.0,0,0.0,0.0,0.0,0.0,0.0,0,1017.2,912.7,0,24140.0,7.2,16.9,bangalore,2026-01-22T07:06:06.385632
2026-01-22T03:00,15.8,58,7.5,13.9,0,0.0,0.0,0.0,0.0,0.0,0,1018.0,914.1,0,24140.0,8.3,19.8,bangalore,2026-01-22T07:06:06.385632
2026-01-22T04:00,18.4,50,7.8,16.2,0,0.0,0.0,0.0,0.0,0.0,0,1018.5,915.4,0,24140.0,11.1,27.0,bangalore,2026-01-22T07:06:06.385632
2026-01-22T05:00,21.0,40,6.9,19.3,0,0.0,0.0,0.0,0.0,0.0,0,1018.2,916.0,0,24140.0,12.8,31.0,bangalore,2026-01-22T07:06:06.385632
2026-01-22T06:00,23.0,33,5.9,21.9,0,0.0,0.0,0.0,0.0,0.0,0,1017.4,915.9,0,24140.0,12.5,31.7,bangalore,2026-01-22T07:06:06.385632
2026-01-22T07:00,24.5,28,4.8,23.6,0,0.0,0.0,0.0,0.0,0.0,0,1016.2,915.3,0,24140.0,12.4,31.3,bangalore,2026-01-22T07:06:06.385632
2026-01-22T08:00,25.5,26,4.6,24.5,0,0.0,0.0,0.0,0.0,0.0,0,1014.8,914.4,0,24140.0,12.2,31.0,bangalore,2026-01-22T07:06:06.385632
2026-01-22T09:00,25.9,26,4.9,24.6,0,0.0,0.0,0.0,0.0,0.0,0,1013.6,913.4,0,24140.0,11.9,30.6,bangalore,2026-01-22T07:06:06.385632
2026-01-22T10:00,25.9,27,5.5,23.9,0,0.0,0.0,0.0,0.0,0.0,0,1013.0,912.9,0,24140.0,11.7,29.2,bangalore,2026-01-22T07:06:06.385632
2026-01-22T11:00,25.4,30,6.6,22.8,0,0.0,0.0,0.0,0.0,0.0,0,1012.8,912.5,0,24140.0,11.4,28.4,bangalore,2026-01-22T07:06:06.385632
2026-01-22T12:00,24.3,32,6.6,21.9,0,0.0,0.0,0.0,0.0,0.0,1,1013.0,912.4,9,24140.0,10.7,27.4,bangalore,2026-01-22T07:06:06.385632
2026-01-22T13:00,22.2,38,7.2,20.5,0,0.0,0.0,0.0,0.0,0.0,0,1013.9,912.5,3,24140.0,7.0,24.1,bangalore,2026-01-22T07:06:06.385632
2026-01-22T14:00,20.6,46,8.6,19.2,0,0.0,0.0,0.0,0.0,0.0,0,1015.3,913.3,0,24140.0,7.0,16.2,bangalore,2026-01-22T07:06:06.385632
2026-01-22T15:00,19.4,53,9.6,18.1,0,0.0,0.0,0.0,0.0,0.0,1,1016.4,913.8,10,24140.0,8.1,18.4,bangalore,2026-01-22T07:06:06.385632
2026-01-22T16:00,18.4,56,9.5,17.1,0,0.0,0.0,0.0,0.0,0.0,0,1017.0,914.1,0,24140.0,8.4,19.4,bangalore,2026-01-22T07:06:06.385632
2026-01-22T17:00,17.6,63,10.5,16.5,0,0.0,0.0,0.0,0.0,0.0,0,1017.2,914.0,0,24140.0,8.7,19.8,bangalore,2026-01-22T07:06:06.385632
2026-01-22T18:00,16.7,68,10.8,15.6,0,0.0,0.0,0.0,0.0,0.0,0,1017.2,913.7,0,24140.0,9.7,22.7,bangalore,2026-01-22T07:06:06.385632
2026-01-22T19:00,16.0,72,10.9,14.8,0,0.0,0.0,0.0,0.0,0.0,0,1017.0,913.3,0,24140.0,9.8,23.4,bangalore,2026-01-22T07:06:06.385632
2026-01-22T20:00,15.4,73,10.6,14.3,0,0.0,0.0,0.0,0.0,0.0,0,1016.9,913.0,0,24140.0,8.5,22.7,bangalore,2026-01-22T07:06:06.385632
2026-01-22T21:00,14.8,74,10.2,13.9,0,0.0,0.0,0.0,0.0,0.0,0,1016.7,912.6,0,24140.0,7.2,19.8,bangalore,2026-01-22T07:06:06.385632
2026-01-22T22:00,14.0,77,10.1,13.2,0,0.0,0.0,0.0,0.0,0.0,0,1016.6,912.2,0,24140.0,6.2,16.9,bangalore,2026-01-22T07:06:06.385632
2026-01-22T23:00,13.3,80,9.9,12.4,0,0.0,0.0,0.0,0.0,0.0,0,1016.6,912.0,0,24140.0,5.7,14.4,bangalore,2026-01-22T07:06:06.385632
2026-01-22T00:00,21.8,82,18.6,24.6,0,0.0,0.0,0.0,0.0,0.0,2,1014.3,1013.4,68,24140.0,3.1,6.8,chennai,2026-01-22T07:06:43.935564
2026-01-22T01:00,21.5,83,18.5,24.2,0,0.0,0.0,0.0,0.0,0.0,2,1014.8,1013.9,62,24140.0,3.3,7.2,chennai,2026-01-22T07:06:43.935564
2026-01-22T02:00,21.8,82,18.6,24.6,0,0.0,0.0,0.0,0.0,0.0,2,1015.5,1014.6,55,24140.0,2.8,7.2,chennai,2026-01-22T07:06:43.935564
2026-01-22T03:00,23.9,73,18.8,26.6,0,0.0,0.0,0.0,0.0,0.0,2,1016.4,1015.5,54,24140.0,4.3,13.0,chennai,2026-01-22T07:06:43.935564
2026-01-22T04:00,26.5,56,17.0,27.6,0,0.0,0.0,0.0,0.0,0.0,2,1016.6,1015.7,56,24140.0,9.2,25.9,chennai,2026-01-22T07:06:43.935564
2026-01-22T05:00,27.4,52,16.7,28.3,0,0.0,0.0,0.0,0.0,0.0,2,1016.5,1015.6,71,24140.0,12.0,33.1,chennai,2026-01-22T07:06:43.935564
2026-01-22T06:00,28.1,50,16.7,29.9,0,0.0,0.0,0.0,0.0,0.0,2,1016.1,1015.2,73,24140.0,12.0,33.8,chennai,2026-01-22T07:06:43.935564
2026-01-22T07:00,28.4,48,16.4,30.3,0,0.0,0.0,0.0,0.0,0.0,2,1015.4,1014.5,73,24140.0,12.3,34.6,chennai,2026-01-22T07:06:43.935564
2026-01-22T08:00,28.4,48,16.3,30.1,0,0.0,0.0,0.0,0.0,0.0,2,1014.5,1013.6,69,24140.0,12.0,34.6,chennai,2026-01-22T07:06:43.935564
2026-01-22T09:00,28.5,48,16.4,30.1,0,0.0,0.0,0.0,0.0,0.0,2,1013.7,1012.8,63,24140.0,11.5,33.5,chennai,2026-01-22T07:06:43.935564
2026-01-22T10:00,28.0,49,16.3,28.8,0,0.0,0.0,0.0,0.0,0.0,2,1013.4,1012.5,63,24140.0,11.0,32.8,chennai,2026-01-22T07:06:43.935564
2026-01-22T11:00,27.2,50,15.9,27.7,0,0.0,0.0,0.0,0.0,0.0,2,1013.4,1012.5,48,24140.0,10.7,31.0,chennai,2026-01-22T07:06:43.935564
2026-01-22T12:00,26.1,54,16.1,26.8,0,0.0,0.0,0.0,0.0,0.0,1,1013.5,1012.6,41,24140.0,9.7,29.2,chennai,2026-01-22T07:06:43.935564
2026-01-22T13:00,25.0,59,16.5,26.3,0,0.0,0.0,0.0,0.0,0.0,2,1014.0,1013.1,51,24140.0,6.6,25.2,chennai,2026-01-22T07:06:43.935564
2026-01-22T14:00,24.3,64,17.1,26.1,0,0.0,0.0,0.0,0.0,0.0,1,1014.9,1014.0,43,24140.0,4.7,16.9,chennai,2026-01-22T07:06:43.935564
2026-01-22T15:00,23.6,69,17.6,25.8,0,0.0,0.0,0.0,0.0,0.0,1,1015.6,1014.7,43,24140.0,3.8,10.8,chennai,2026-01-22T07:06:43.935564
2026-01-22T16:00,23.3,71,17.7,25.6,0,0.0,0.0,0.0,0.0,0.0,1,1016.0,1015.1,39,24140.0,3.3,8.3,chennai,2026-01-22T07:06:43.935564
2026-01-22T17:00,23.0,73,17.9,25.5,0,0.0,0.0,0.0,0.0,0.0,1,1016.0,1015.1,43,24140.0,3.3,6.8,chennai,2026-01-22T07:06:43.935564
2026-01-22T18:00,22.7,74,17.8,25.0,0,0.0,0.0,0.0,0.0,0.0,2,1015.7,1014.8,45,24140.0,3.4,6.8,chennai,2026-01-22T07:06:43.935564
2026-01-22T19:00,22.4,76,18.0,24.8,0,0.0,0.0,0.0,0.0,0.0,2,1015.2,1014.3,45,24140.0,3.2,7.2,chennai,2026-01-22T07:06:43.935564
2026-01-22T20:00,22.0,77,17.8,24.4,0,0.0,0.0,0.0,0.0,0.0,2,1014.7,1013.8,55,24140.0,3.6,7.9,chennai,2026-01-22T07:06:43.935564
2026-01-22T21:00,21.6,79,17.8,23.9,0,0.0,0.0,0.0,0.0,0.0,2,1014.2,1013.3,49,24140.0,3.8,9.0,chennai,2026-01-22T07:06:43.935564
2026-01-22T22:00,21.1,82,18.0,23.4,0,0.0,0.0,0.0,0.0,0.0,2,1014.0,1013.1,51,24140.0,4.6,10.8,chennai,2026-01-22T07:06:43.935564
2026-01-22T23:00,20.8,83,17.9,23.0,0,0.0,0.0,0.0,0.0,0.0,2,1014.2,1013.3,50,24140.0,4.9,12.2,chennai,2026-01-22T07:06:43.935564
2026-01-22T00:00,15.1,89,13.3,15.6,0,0.0,0.0,0.0,0.0,0.0,1,1016.3,1015.0,7,24140.0,4.0,7.9,kolkata,2026-01-22T07:06:46.334195
2026-01-22T01:00,14.9,90,13.2,15.3,0,0.0,0.0,0.0,0.0,0.0,0,1017.2,1015.9,4,24140.0,4.0,7.9,kolkata,2026-01-22T07:06:46.334195
2026-01-22T02:00,16.0,88,14.1,16.8,0,0.0,0.0,0.0,0.0,0.0,1,1017.9,1016.6,8,24140.0,4.0,8.3,kolkata,2026-01-22T07:06:46.334195
2026-01-22T03:00,19.0,77,14.9,19.8,0,0.0,0.0,0.0,0.0,0.0,1,1018.9,1017.6,19,24140.0,5.4,13.0,kolkata,2026-01-22T07:06:46.334195
2026-01-22T04:00,21.4,67,15.0,22.2,0,0.0,0.0,0.0,0.0,0.0,1,1019.5,1018.2,17,24140.0,6.3,16.6,kolkata,2026-01-22T07:06:46.334195
2026-01-22T05:00,23.4,56,14.1,24.2,0,0.0,0.0,0.0,0.0,0.0,1,1019.3,1018.0,15,24140.0,7.6,18.7,kolkata,2026-01-22T07:06:46.334195
2026-01-22T06:00,24.5,49,13.0,25.5,0,0.0,0.0,0.0,0.0,0.0,1,1018.1,1016.8,10,24140.0,7.8,19.8,kolkata,2026-01-22T07:06:46.334195
2026-01-22T07:00,25.0,48,13.3,26.5,0,0.0,0.0,0.0,0.0,0.0,0,1016.8,1015.5,0,24140.0,6.8,19.1,kolkata,2026-01-22T07:06:46.334195
2026-01-22T08:00,25.3,47,13.2,26.5,0,0.0,0.0,0.0,0.0,0.0,0,1015.7,1014.4,4,24140.0,6.3,17.3,kolkata,2026-01-22T07:06:46.334195
2026-01-22T09:00,25.2,46,12.8,25.5,0,0.0,0.0,0.0,0.0,0.0,0,1015.2,1013.9,0,24140.0,6.6,16.2,kolkata,2026-01-22T07:06:46.334195
2026-01-22T10:00,24.8,47,12.7,24.8,0,0.0,0.0,0.0,0.0,0.0,0,1015.1,1013.8,3,24140.0,5.8,15.8,kolkata,2026-01-22T07:06:46.334195
2026-01-22T11:00,24.0,51,13.2,24.4,0,0.0,0.0,0.0,0.0,0.0,0,1015.2,1013.9,0,24140.0,3.8,14.4,kolkata,2026-01-22T07:06:46.334195
2026-01-22T12:00,22.3,60,14.2,23.4,0,0.0,0.0,0.0,0.0,0.0,0,1015.3,1014.0,0,24140.0,2.0,7.9,kolkata,2026-01-22T07:06:46.334195
2026-01-22T13:00,21.3,60,13.2,21.9,0,0.0,0.0,0.0,0.0,0.0,0,1015.8,1014.5,0,24140.0,3.1,4.7,kolkata,2026-01-22T07:06:46.334195
2026-01-22T14:00,20.0,65,13.2,20.4,0,0.0,0.0,0.0,0.0,0.0,0,1016.4,1015.1,0,24140.0,3.6,5.4,kolkata,2026-01-22T07:06:46.334195
2026-01-22T15:00,18.6,70,13.1,19.1,0,0.0,0.0,0.0,0.0,0.0,0,1017.0,1015.7,0,24140.0,3.8,5.8,kolkata,2026-01-22T07:06:46.334195
2026-01-22T16:00,17.9,72,12.7,18.2,0,0.0,0.0,0.0,0.0,0.0,0,1017.3,1016.0,0,24140.0,3.6,5.8,kolkata,2026-01-22T07:06:46.334195
2026-01-22T17:00,17.2,72,12.2,17.4,0,0.0,0.0,0.0,0.0,0.0,0,1017.4,1016.1,0,24140.0,3.3,5.4,kolkata,2026-01-22T07:06:46.334195
2026-01-22T18:00,16.8,71,11.5,16.9,0,0.0,0.0,0.0,0.0,0.0,0,1017.2,1015.9,0,24140.0,2.6,4.3,kolkata,2026-01-22T07:06:46.334195
2026-01-22T19:00,16.3,71,11.0,16.2,0,0.0,0.0,0.0,0.0,0.0,0,1017.2,1015.9,0,24140.0,2.5,3.6,kolkata,2026-01-22T07:06:46.334195
2026-01-22T20:00,16.0,70,10.6,15.8,0,0.0,0.0,0.0,0.0,0.0,0,1016.8,1015.5,0,24140.0,2.9,3.2,kolkata,2026-01-22T07:06:46.334195
2026-01-22T21:00,15.8,70,10.3,15.5,0,0.0,0.0,0.0,0.0,0.0,0,1016.4,1015.1,0,24140.0,2.9,3.2,kolkata,2026-01-22T07:06:46.334195
2026-01-22T22:00,15.5,70,10.1,15.0,0,0.0,0.0,0.0,0.0,0.0,0,1016.6,1015.3,0,24140.0,3.3,3.6,kolkata,2026-01-22T07:06:46.334195
2026-01-22T23:00,15.1,71,9.9,14.6,0,0.0,0.0,0.0,0.0,0.0,0,1016.9,1015.6,0,24140.0,3.2,4.3,kolkata,2026-01-22T07:06:46.334195
2026-01-22T00:00,24.5,81,21.0,27.8,0,0.0,0.0,0.0,0.0,0.0,2,1013.0,1012.3,66,24140.0,7.6,11.9,mumbai,2026-01-22T07:06:48.729059
2026-01-22T01:00,24.0,83,21.0,27.4,0,0.0,0.0,0.0,0.0,0.0,2,1013.2,1012.5,50,24140.0,6.9,11.2,mumbai,2026-01-22T07:06:48.729059
2026-01-22T02:00,23.8,81,20.4,27.0,0,0.0,0.0,0.0,0.0,0.0,1,1013.5,1012.8,26,24140.0,5.9,9.7,mumbai,2026-01-22T07:06:48.729059
2026-01-22T03:00,23.7,79,19.9,26.9,0,0.0,0.0,0.0,0.0,0.0,1,1014.2,1013.5,29,24140.0,4.5,7.9,mumbai,2026-01-22T07:06:48.729059
2026-01-22T04:00,23.9,76,19.5,26.9,0,0.0,0.0,0.0,0.0,0.0,1,1014.9,1014.2,22,24140.0,4.4,6.8,mumbai,2026-01-22T07:06:48.729059
2026-01-22T05:00,24.6,71,19.0,27.5,0,0.0,0.0,0.0,0.0,0.0,1,1015.4,1014.7,20,24140.0,3.2,6.5,mumbai,2026-01-22T07:06:48.729059
2026-01-22T06:00,25.2,66,18.4,28.9,0,0.0,0.0,0.0,0.0,0.0,1,1014.8,1014.1,15,24140.0,1.0,4.7,mumbai,2026-01-22T07:06:48.729059
2026-01-22T07:00,25.3,64,18.0,29.1,0,0.0,0.0,0.0,0.0,0.0,0,1014.1,1013.4,3,24140.0,4.1,5.8,mumbai,2026-01-22T07:06:48.729059
2026-01-22T08:00,25.2,66,18.4,28.9,0,0.0,0.0,0.0,0.0,0.0,0,1013.2,1012.5,0,24140.0,7.3,10.1,mumbai,2026-01-22T07:06:48.729059
2026-01-22T09:00,25.3,68,19.0,28.5,0,0.0,0.0,0.0,0.0,0.0,0,1012.5,1011.8,0,24140.0,10.1,13.7,mumbai,2026-01-22T07:06:48.729059
2026-01-22T10:00,25.9,62,18.1,27.4,0,0.0,0.0,0.0,0.0,0.0,0,1012.1,1011.4,0,24140.0,13.4,18.0,mumbai,2026-01-22T07:06:48.729059
2026-01-22T11:00,26.0,67,19.4,27.7,0,0.0,0.0,0.0,0.0,0.0,2,1011.9,1011.2,47,24140.0,12.7,18.4,mumbai,2026-01-22T07:06:48.729059
2026-01-22T12:00,25.8,74,20.8,28.3,0,0.0,0.0,0.0,0.0,0.0,1,1011.9,1011.2,8,24140.0,11.8,17.3,mumbai,2026-01-22T07:06:48.729059
2026-01-22T13:00,25.6,78,21.5,28.7,0,0.0,0.0,0.0,0.0,0.0,0,1012.2,1011.5,5,24140.0,10.8,16.2,mumbai,2026-01-22T07:06:48.729059
2026-01-22T14:00,25.6,78,21.5,29.1,0,0.0,0.0,0.0,0.0,0.0,0,1012.9,1012.2,5,24140.0,7.8,14.4,mumbai,2026-01-22T07:06:48.729059
2026-01-22T15:00,25.5,79,21.6,29.4,0,0.0,0.0,0.0,0.0,0.0,1,1013.7,1013.0,16,24140.0,5.6,10.8,mumbai,2026-01-22T07:06:48.729059
2026-01-22T16:00,25.3,80,21.6,29.3,0,0.0,0.0,0.0,0.0,0.0,2,1014.3,1013.6,58,24140.0,5.4,7.6,mumbai,2026-01-22T07:06:48.729059
2026-01-22T17:00,25.1,82,21.8,29.2,5,0.0,0.0,0.0,0.0,0.0,2,1014.9,1014.2,77,24140.0,5.5,7.9,mumbai,2026-01-22T07:06:48.729059
2026-01-22T18:00,24.9,84,22.0,29.0,10,0.0,0.0,0.0,0.0,0.0,3,1014.9,1014.2,85,24140.0,5.8,7.9,mumbai,2026-01-22T07:06:48.729059
2026-01-22T19:00,24.6,86,22.1,28.7,8,0.0,0.0,0.0,0.0,0.0,3,1014.7,1014.0,88,24140.0,6.2,8.6,mumbai,2026-01-22T07:06:48.729059
2026-01-22T20:00,24.4,86,21.9,28.5,15,0.0,0.0,0.0,0.0,0.0,2,1014.7,1014.0,76,24140.0,5.9,8.6,mumbai,2026-01-22T07:06:48.729059
2026-01-22T21:00,24.4,86,21.9,28.7,13,0.0,0.0,0.0,0.0,0.0,2,1014.5,1013.8,73,24140.0,4.1,8.6,mumbai,2026-01-22T07:06:48.729059
2026-01-22T22:00,24.4,84,21.6,28.2,15,0.0,0.0,0.0,0.0,0.0,2,1014.1,1013.4,70,24140.0,6.0,8.6,mumbai,2026-01-22T07:06:48.729059
2026-01-22T23:00,23.9,84,21.1,27.3,15,0.0,0.0,0.0,0.0,0.0,2,1014.0,1013.3,79,24140.0,6.9,9.7,mumbai,2026-01-22T07:06:48.729059
2026-01-22T00:00,9.0,96,8.4,8.0,0,0.0,0.0,0.0,0.0,0.0,0,1017.0,991.1,0,24140.0,4.0,5.0,new_delhi,2026-01-22T07:07:26.279322
2026-01-22T01:00,8.2,100,8.2,7.3,0,0.0,0.0,0.0,0.0,0.0,45,1017.0,991.0,65,24140.0,3.0,3.6,new_delhi,2026-01-22T07:07:26.279322
2026-01-22T02:00,8.2,100,8.2,7.3,0,0.0,0.0,0.0,0.0,0.0,45,1017.7,991.7,56,24140.0,2.5,3.6,new_delhi,2026-01-22T07:07:26.279322
2026-01-22T03:00,9.4,99,9.2,8.9,0,0.0,0.0,0.0,0.0,0.0,45,1017.8,991.9,60,24140.0,2.1,2.9,new_delhi,2026-01-22T07:07:26.279322
2026-01-22T04:00,13.5,82,10.5,13.4,0,0.0,0.0,0.0,0.0,0.0,0,1018.6,993.0,0,24140.0,1.8,6.8,new_delhi,2026-01-22T07:07:26.279322
2026-01-22T05:00,17.7,66,11.2,17.7,0,0.0,0.0,0.0,0.0,0.0,0,1019.0,993.8,0,24140.0,2.4,10.1,new_delhi,2026-01-22T07:07:26.279322
2026-01-22T06:00,20.6,56,11.5,20.8,0,0.0,0.0,0.0,0.0,0.0,0,1018.2,993.2,0,24140.0,5.1,15.8,new_delhi,2026-01-22T07:07:26.279322
2026-01-22T07:00,22.4,53,12.4,23.1,0,0.0,0.0,0.0,0.0,0.0,0,1016.8,992.0,0,24140.0,6.1,19.1,new_delhi,2026-01-22T07:07:26.279322
2026-01-22T08:00,23.5,49,12.1,23.9,0,0.0,0.0,0.0,0.0,0.0,0,1015.5,990.8,0,24140.0,7.2,21.6,new_delhi,2026-01-22T07:07:26.279322
2026-01-22T09:00,23.9,46,11.6,23.7,0,0.0,0.0,0.0,0.0,0.0,0,1014.7,990.1,0,24140.0,7.5,22.7,new_delhi,2026-01-22T07:07:26.279322
2026-01-22T10:00,23.7,48,12.1,23.2,0,0.0,0.0,0.0,0.0,0.0,0,1014.3,989.7,0,24140.0,7.9,23.0,new_delhi,2026-01-22T07:07:26.279322
2026-01-22T11:00,23.0,54,13.2,22.8,0,0.0,0.0,0.0,0.0,0.0,0,1014.0,989.3,0,24140.0,8.1,22.7,new_delhi,2026-01-22T07:07:26.279322
2026-01-22T12:00,21.2,65,14.3,21.6,0,0.0,0.0,0.0,0.0,0.0,0,1014.1,989.3,0,24140.0,6.6,21.6,new_delhi,2026-01-22T07:07:26.279322
2026-01-22T13:00,18.9,77,14.8,19.6,0,0.0,0.0,0.0,0.0,0.0,3,1014.4,989.4,100,24140.0,6.0,16.2,new_delhi,2026-01-22T07:07:26.279322
2026-01-22T14:00,17.4,86,15.0,18.2,0,0.0,0.0,0.0,0.0,0.0,1,1015.3,990.1,26,24140.0,5.6,13.7,new_delhi,2026-01-22T07:07:26.279322
2026-01-22T15:00,16.6,89,14.7,17.0,0,0.0,0.0,0.0,0.0,0.0,3,1015.0,989.8,100,24140.0,7.5,17.3,new_delhi,2026-01-22T07:07:26.279322
2026-01-22T16:00,16.0,90,14.3,16.3,0,0.0,0.0,0.0,0.0,0.0,3,1015.7,990.4,100,24140.0,7.5,17.6,new_delhi,2026-01-22T07:07:26.279322
2026-01-22T17:00,15.6,90,13.9,15.5,0,0.0,0.0,0.0,0.0,0.0,3,1015.4,990.1,93,24140.0,9.4,22.7,new_delhi,2026-01-22T07:07:26.279322
2026-01-22T18:00,15.2,90,13.6,15.0,3,0.0,0.0,0.0,0.0,0.0,3,1015.1,989.7,82,24140.0,9.3,24.8,new_delhi,2026-01-22T07:07:26.279322
2026-01-22T19:00,15.0,88,13.0,14.6,5,0.0,0.0,0.0,0.0,0.0,3,1014.8,989.4,100,24140.0,9.2,23.0,new_delhi,2026-01-22T07:07:26.279322
2026-01-22T20:00,14.8,89,13.0,14.8,8,0.0,0.0,0.0,0.0,0.0,3,1014.9,989.5,84,24140.0,6.4,23.0,new_delhi,2026-01-22T07:07:26.279322
2026-01-22T21:00,14.5,90,12.9,14.2,3,0.0,0.0,0.0,0.0,0.0,2,1014.2,988.8,69,24140.0,8.5,20.9,new_delhi,2026-01-22T07:07:26.279322
2026-01-22T22:00,14.0,92,12.7,13.6,18,0.0,0.0,0.0,0.0,0.0,3,1013.7,988.3,84,24140.0,8.9,23.8,new_delhi,2026-01-22T07:07:26.279322
2026-01-22T23:00,13.9,91,12.4,13.6,28,0.0,0.0,0.0,0.0,0.0,3,1013.5,988.1,97,24140.0,7.1,23.8,new_delhi,2026-01-22T07:07:26.279322
2026-01-22T00:00,24.4,92,23.0,29.0,40,0.0,0.0,0.0,0.0,0.0,3,1009.4,1008.9,100,24140.0,6.5,13.7,jakarta,2026-01-22T07:08:03.828157
2026-01-22T01:00,25.0,90,23.2,29.5,48,0.4,0.0,0.4,0.0,0.0,80,1010.3,1009.8,100,24100.0,7.6,24.5,jakarta,2026-01-22T07:08:03.828157
2026-01-22T02:00,25.4,88,23.2,29.7,73,0.4,0.0,0.4,0.0,0.0,80,1010.4,1009.9,100,13860.0,9.1,27.0,jakarta,2026-01-22T07:08:03.828157
2026-01-22T03:00,26.7,84,23.8,31.2,80,0.2,0.0,0.2,0.0,0.0,80,1011.0,1010.5,96,10340.0,10.1,30.2,jakarta,2026-01-22T07:08:03.828157
2026-01-22T04:00,28.1,78,23.9,32.5,90,0.1,0.0,0.1,0.0,0.0,3,1010.7,1010.2,100,10500.0,11.9,32.8,jakarta,2026-01-22T07:08:03.828157
2026-01-22T05:00,27.7,78,23.5,31.4,83,1.7,0.0,1.7,0.0,0.0,95,1009.9,1009.4,100,8120.0,14.4,38.9,jakarta,2026-01-22T07:08:03.828157
2026-01-22T06:00,27.6,78,23.4,31.5,88,0.7,0.0,0.7,0.0,0.0,80,1009.4,1008.9,100,10820.0,13.2,38.9,jakarta,2026-01-22T07:08:03.828157
2026-01-22T07:00,28.1,76,23.5,32.1,88,0.2,0.0,0.2,0.0,0.0,80,1008.4,1007.9,100,8960.0,12.3,40.7,jakarta,2026-01-22T07:08:03.828157
2026-01-22T08:00,27.8,77,23.4,31.8,90,0.4,0.0,0.4,0.0,0.0,80,1007.9,1007.4,100,7780.0,12.5,43.9,jakarta,2026-01-22T07:08:03.828157
2026-01-22T09:00,27.5,79,23.6,31.8,95,0.3,0.0,0.3,0.0,0.0,80,1007.7,1007.2,100,8020.0,11.0,42.8,jakarta,2026-01-22T07:08:03.828157
2026-01-22T10:00,27.5,80,23.7,32.1,95,0.1,0.0,0.1,0.0,0.0,3,1008.2,1007.7,100,5680.0,9.2,40.7,jakarta,2026-01-22T07:08:03.828157
2026-01-22T11:00,27.0,83,23.9,31.9,83,1.0,0.0,1.0,0.0,0.0,95,1008.8,1008.3,100,6180.0,8.4,38.9,jakarta,2026-01-22T07:08:03.828157
2026-01-22T12:00,26.4,86,23.9,31.5,70,0.8,0.0,0.8,0.0,0.0,80,1009.4,1008.9,100,21240.0,6.8,38.5,jakarta,2026-01-22T07:08:03.828157
2026-01-22T13:00,26.1,88,23.9,31.4,70,0.0,0.0,0.0,0.0,0.0,3,1010.4,1009.9,100,22400.0,5.4,14.4,jakarta,2026-01-22T07:08:03.828157
2026-01-22T14:00,25.9,90,24.2,31.2,70,0.0,0.0,0.0,0.0,0.0,3,1011.2,1010.7,100,23380.0,6.2,13.0,jakarta,2026-01-22T07:08:03.828157
2026-01-22T15:00,25.6,90,23.9,30.6,75,0.2,0.0,0.2,0.0,0.0,80,1011.3,1010.8,100,21060.0,7.2,24.5,jakarta,2026-01-22T07:08:03.828157
2026-01-22T16:00,25.4,91,23.8,30.1,63,0.8,0.0,0.8,0.0,0.0,95,1011.0,1010.5,100,9580.0,8.8,24.8,jakarta,2026-01-22T07:08:03.828157
2026-01-22T17:00,25.3,92,23.9,30.2,53,0.2,0.0,0.2,0.0,0.0,3,1010.7,1010.2,100,7880.0,7.6,26.3,jakarta,2026-01-22T07:08:03.828157
2026-01-22T18:00,25.1,93,23.9,30.1,43,0.5,0.0,0.5,0.0,0.0,80,1010.3,1009.8,100,11040.0,6.9,23.0,jakarta,2026-01-22T07:08:03.828157
2026-01-22T19:00,25.1,92,23.7,29.9,50,0.8,0.0,0.8,0.0,0.0,95,1009.7,1009.2,100,6980.0,7.3,23.0,jakarta,2026-01-22T07:08:03.828157
2026-01-22T20:00,25.2,91,23.6,29.9,45,1.0,0.0,1.0,0.0,0.0,95,1009.3,1008.8,100,10380.0,7.6,22.7,jakarta,2026-01-22T07:08:03.828157
2026-01-22T21:00,25.3,91,23.7,29.9,50,1.5,0.0,1.5,0.0,0.0,95,1009.3,1008.8,100,9900.0,8.7,24.1,jakarta,2026-01-22T07:08:03.828157
2026-01-22T22:00,25.4,90,23.7,30.0,65,1.6,0.0,1.6,0.0,0.0,95,1009.7,1009.2,100,10400.0,9.0,25.6,jakarta,2026-01-22T07:08:03.828157
2026-01-22T23:00,25.5,89,23.6,30.0,50,1.4,0.0,1.4,0.0,0.0,95,1010.2,1009.7,100,10900.0,9.3,25.9,jakarta,2026-01-22T07:08:03.828157
2026-01-22T00:00,-3.3,38,-15.6,-7.3,0,0.0,0.0,0.0,0.0,0.0,0,1027.1,887.6,0,78220.0,2.4,5.8,tehran,2026-01-22T07:08:41.390238
2026-01-22T01:00,-3.6,37,-16.2,-7.6,0,0.0,0.0,0.0,0.0,0.0,0,1026.8,887.2,0,79140.0,2.5,2.9,tehran,2026-01-22T07:08:41.390238
2026-01-22T02:00,-4.0,41,-15.3,-7.9,0,0.0,0.0,0.0,0.0,0.0,0,1027.6,887.7,0,79540.0,2.2,2.9,tehran,2026-01-22T07:08:41.390238
2026-01-22T03:00,-3.8,45,-14.0,-7.8,0,0.0,0.0,0.0,0.0,0.0,0,1028.9,889.0,0,77720.0,3.7,6.5,tehran,2026-01-22T07:08:41.390238
2026-01-22T04:00,-4.0,47,-13.6,-8.1,0,0.0,0.0,0.0,0.0,0.0,0,1030.2,890.0,0,74640.0,4.0,6.8,tehran,2026-01-22T07:08:41.390238
2026-01-22T05:00,-3.6,44,-14.1,-7.6,0,0.0,0.0,0.0,0.0,0.0,0,1031.3,891.1,0,75560.0,3.3,7.2,tehran,2026-01-22T07:08:41.390238
2026-01-22T06:00,-1.6,42,-12.8,-5.2,0,0.0,0.0,0.0,0.0,0.0,0,1031.3,892.1,0,75380.0,1.1,6.5,tehran,2026-01-22T07:08:41.390238
2026-01-22T07:00,0.3,20,-20.1,-3.6,0,0.0,0.0,0.0,0.0,0.0,0,1030.3,892.1,0,82200.0,0.5,4.0,tehran,2026-01-22T07:08:41.390238
2026-01-22T08:00,1.9,22,-17.6,-2.0,0,0.0,0.0,0.0,0.0,0.0,0,1028.8,891.5,0,81740.0,2.9,10.1,tehran,2026-01-22T07:08:41.390238
2026-01-22T09:00,2.9,22,-16.7,-0.8,0,0.0,0.0,0.0,0.0,0.0,0,1027.6,890.9,0,81440.0,4.2,13.0,tehran,2026-01-22T07:08:41.390238
2026-01-22T10:00,3.6,22,-16.1,-0.2,0,0.0,0.0,0.0,0.0,0.0,0,1026.3,890.1,0,81560.0,4.4,13.3,tehran,2026-01-22T07:08:41.390238
2026-01-22T11:00,4.0,22,-15.9,-0.2,0,0.0,0.0,0.0,0.0,0.0,0,1025.8,889.9,0,81600.0,3.8,13.3,tehran,2026-01-22T07:08:41.390238
2026-01-22T12:00,4.0,23,-15.3,-0.2,0,0.0,0.0,0.0,0.0,0.0,0,1025.5,889.6,0,81260.0,4.2,14.0,tehran,2026-01-22T07:08:41.390238
2026-01-22T13:00,3.6,24,-15.1,-0.4,0,0.0,0.0,0.0,0.0,0.0,0,1025.3,889.2,1,81260.0,2.8,11.9,tehran,2026-01-22T07:08:41.390238
2026-01-22T14:00,2.7,28,-14.0,-1.1,0,0.0,0.0,0.0,0.0,0.0,0,1025.0,888.6,5,80660.0,1.9,8.6,tehran,2026-01-22T07:08:41.390238
2026-01-22T15:00,1.4,32,-13.5,-2.4,0,0.0,0.0,0.0,0.0,0.0,0,1025.8,888.7,0,79500.0,1.9,4.7,tehran,2026-01-22T07:08:41.390238
2026-01-22T16:00,0.9,33,-13.6,-2.9,0,0.0,0.0,0.0,0.0,0.0,0,1026.3,888.9,0,79580.0,2.2,3.6,tehran,2026-01-22T07:08:41.390238
2026-01-22T17:00,0.2,38,-12.4,-3.9,0,0.0,0.0,0.0,0.0,0.0,1,1026.7,888.9,0,77660.0,4.5,7.9,tehran,2026-01-22T07:08:41.390238
2026-01-22T18:00,-1.0,46,-11.1,-4.9,0,0.0,0.0,0.0,0.0,0.0,2,1027.0,888.6,55,75900.0,4.2,9.4,tehran,2026-01-22T07:08:41.390238
2026-01-22T19:00,-0.9,44,-11.7,-4.9,0,0.0,0.0,0.0,0.0,0.0,2,1027.0,888.7,25,77280.0,4.0,8.3,tehran,2026-01-22T07:08:41.390238
2026-01-22T20:00,-1.1,42,-12.4,-4.9,0,0.0,0.0,0.0,0.0,0.0,0,1026.4,888.1,0,78720.0,2.9,7.2,tehran,2026-01-22T07:08:41.390238
2026-01-22T21:00,-1.3,42,-12.6,-5.2,0,0.0,0.0,0.0,0.0,0.0,1,1026.3,887.9,43,80120.0,3.1,6.5,tehran,2026-01-22T07:08:41.390238
2026-01-22T22:00,-1.5,45,-11.9,-5.2,0,0.0,0.0,0.0,0.0,0.0,2,1026.0,887.5,65,77680.0,2.1,6.8,tehran,2026-01-22T07:08:41.390238
2026-01-22T23:00,-1.5,42,-12.7,-5.6,0,0.0,0.0,0.0,0.0,0.0,1,1025.6,887.2,37,78020.0,4.7,9.0,tehran,2026-01-22T07:08:41.390238
2026-01-22T00:00,2.5,76,-1.3,-0.7,0,0.0,0.0,0.0,0.0,0.0,2,1029.3,1024.8,30,42920.0,5.6,14.8,baghdad,2026-01-22T07:09:18.922047
2026-01-22T01:00,2.3,76,-1.5,-0.9,0,0.0,0.0,0.0,0.0,0.0,3,1028.5,1024.0,98,41920.0,5.7,14.0,baghdad,2026-01-22T07:09:18.922047
2026-01-22T02:00,2.2,76,-1.6,-1.0,0,0.0,0.0,0.0,0.0,0.0,3,1028.8,1024.3,100,42120.0,5.7,14.4,baghdad,2026-01-22T07:09:18.922047
2026-01-22T03:00,1.8,77,-1.8,-1.4,0,0.0,0.0,0.0,0.0,0.0,3,1029.6,1025.1,100,40700.0,5.5,14.4,baghdad,2026-01-22T07:09:18.922047
2026-01-22T04:00,1.7,77,-1.9,-1.4,0,0.0,0.0,0.0,0.0,0.0,3,1029.8,1025.3,100,40280.0,5.1,13.3,baghdad,2026-01-22T07:09:18.922047
2026-01-22T05:00,1.9,75,-2.0,-1.2,0,0.0,0.0,0.0,0.0,0.0,3,1029.6,1025.1,100,41860.0,4.7,12.2,baghdad,2026-01-22T07:09:18.922047
2026-01-22T06:00,3.6,68,-1.7,0.7,0,0.0,0.0,0.0,0.0,0.0,1,1029.6,1025.2,31,50840.0,3.6,11.9,baghdad,2026-01-22T07:09:18.922047
2026-01-22T07:00,6.1,56,-2.1,3.2,0,0.0,0.0,0.0,0.0,0.0,1,1029.8,1025.4,24,65640.0,3.4,14.0,baghdad,2026-01-22T07:09:18.922047
2026-01-22T08:00,8.6,48,-1.8,5.7,0,0.0,0.0,0.0,0.0,0.0,0,1029.0,1024.6,0,73060.0,3.8,13.3,baghdad,2026-01-22T07:09:18.922047
2026-01-22T09:00,10.9,40,-2.2,8.2,0,0.0,0.0,0.0,0.0,0.0,1,1027.7,1023.4,38,75820.0,5.5,17.6,baghdad,2026-01-22T07:09:18.922047
2026-01-22T10:00,12.3,33,-3.5,9.2,0,0.0,0.0,0.0,0.0,0.0,3,1026.6,1022.3,99,77540.0,5.6,20.2,baghdad,2026-01-22T07:09:18.922047
2026-01-22T11:00,12.5,32,-3.8,9.1,0,0.0,0.0,0.0,0.0,0.0,3,1026.0,1021.7,100,78320.0,5.3,17.6,baghdad,2026-01-22T07:09:18.922047
2026-01-22T12:00,12.3,31,-4.4,8.8,0,0.0,0.0,0.0,0.0,0.0,3,1025.7,1021.4,92,78880.0,4.9,16.2,baghdad,2026-01-22T07:09:18.922047
2026-01-22T13:00,11.9,32,-4.3,8.6,0,0.0,0.0,0.0,0.0,0.0,3,1025.9,1021.6,100,78580.0,4.6,15.1,baghdad,2026-01-22T07:09:18.922047
2026-01-22T14:00,11.3,34,-4.0,7.8,0,0.0,0.0,0.0,0.0,0.0,3,1025.8,1021.5,99,78100.0,5.7,15.1,baghdad,2026-01-22T07:09:18.922047
2026-01-22T15:00,10.3,39,-3.1,7.0,0,0.0,0.0,0.0,0.0,0.0,3,1026.1,1021.8,95,76580.0,5.2,14.8,baghdad,2026-01-22T07:09:18.922047
2026-01-22T16:00,9.5,45,-1.8,6.5,3,0.0,0.0,0.0,0.0,0.0,2,1026.5,1022.2,78,75800.0,4.2,12.2,baghdad,2026-01-22T07:09:18.922047
2026-01-22T17:00,9.0,48,-1.5,6.1,8,0.0,0.0,0.0,0.0,0.0,3,1026.1,1021.8,100,74680.0,3.8,10.1,baghdad,2026-01-22T07:09:18.922047
2026-01-22T18:00,8.5,54,-0.3,5.7,5,0.0,0.0,0.0,0.0,0.0,3,1025.9,1021.6,100,71040.0,4.4,10.4,baghdad,2026-01-22T07:09:18.922047
2026-01-22T19:00,8.0,62,1.2,5.7,10,0.0,0.0,0.0,0.0,0.0,3,1025.7,1021.3,100,63960.0,2.5,10.4,baghdad,2026-01-22T07:09:18.922047
2026-01-22T20:00,7.8,66,1.8,5.3,33,0.0,0.0,0.0,0.0,0.0,3,1025.5,1021.1,100,36680.0,4.2,10.4,baghdad,2026-01-22T07:09:18.922047
2026-01-22T21:00,7.3,75,3.2,5.1,43,0.4,0.4,0.0,0.0,0.0,61,1024.7,1020.3,100,37760.0,4.5,12.6,baghdad,2026-01-22T07:09:18.922047
2026-01-22T22:00,7.1,78,3.5,4.9,60,0.1,0.1,0.0,0.0,0.0,61,1024.7,1020.3,100,38320.0,4.8,13.7,baghdad,2026-01-22T07:09:18.922047
2026-01-22T23:00,6.9,76,3.0,4.6,68,0.1,0.1,0.0,0.0,0.0,61,1024.7,1020.3,100,41640.0,4.9,14.0,baghdad,2026-01-22T07:09:18.922047
2026-01-22T00:00,9.6,89,7.8,8.0,71,0.0,0.0,0.0,0.0,0.0,3,980.9,979.6,100,50000.0,6.8,14.0,dublin,2026-01-22T07:09:21.316568
2026-01-22T01:00,9.4,92,8.2,7.2,65,0.1,0.1,0.0,0.0,0.0,51,981.3,980.0,100,14680.0,11.9,19.4,dublin,2026-01-22T07:09:21.316568
2026-01-22T02:00,9.2,93,8.1,6.7,54,0.9,0.9,0.0,0.0,0.0,53,981.9,980.6,11,9600.0,13.3,23.0,dublin,2026-01-22T07:09:21.316568
2026-01-22T03:00,8.9,94,8.0,6.4,47,0.0,0.0,0.0,0.0,0.0,2,982.0,980.7,54,9140.0,13.3,23.0,dublin,2026-01-22T07:09:21.316568
2026-01-22T04:00,8.9,94,8.0,6.4,47,0.0,0.0,0.0,0.0,0.0,1,982.4,981.1,29,50000.0,13.3,23.0,dublin,2026-01-22T07:09:21.316568
2026-01-22T05:00,9.1,94,8.1,6.1,50,0.0,0.0,0.0,0.0,0.0,3,982.6,981.3,100,9000.0,16.9,29.9,dublin,2026-01-22T07:09:21.316568
2026-01-22T06:00,9.0,94,8.1,6.6,57,0.6,0.6,0.0,0.0,0.0,53,982.7,981.4,100,12800.0,13.3,29.5,dublin,2026-01-22T07:09:21.316568
2026-01-22T07:00,9.2,91,7.8,6.6,69,1.4,1.4,0.0,0.0,0.0,61,983.2,981.9,100,11900.0,14.0,29.2,dublin,2026-01-22T07:09:21.316568
2026-01-22T08:00,8.8,89,7.0,6.2,84,0.0,0.0,0.0,0.0,0.0,1,983.4,982.1,41,50000.0,12.6,25.2,dublin,2026-01-22T07:09:21.316568
2026-01-22T09:00,8.6,91,7.2,6.3,94,0.0,0.0,0.0,0.0,0.0,3,983.7,982.4,100,11080.0,10.4,22.3,dublin,2026-01-22T07:09:21.316568
2026-01-22T10:00,9.0,90,7.4,7.0,95,0.0,0.0,0.0,0.0,0.0,3,983.9,982.6,100,12580.0,9.0,18.0,dublin,2026-01-22T07:09:21.316568
2026-01-22T11:00,9.4,87,7.4,6.8,90,0.0,0.0,0.0,0.0,0.0,3,983.7,982.4,100,14560.0,13.0,23.8,dublin,2026-01-22T07:09:21.316568
2026-01-22T12:00,9.2,91,7.8,6.4,88,0.4,0.4,0.0,0.0,0.0,51,983.2,981.9,100,25640.0,15.1,26.6,dublin,2026-01-22T07:09:21.316568
2026-01-22T13:00,9.5,90,7.9,6.9,92,0.1,0.1,0.0,0.0,0.0,51,982.8,981.5,98,50000.0,14.0,27.7,dublin,2026-01-22T07:09:21.316568
2026-01-22T14:00,8.3,86,6.1,6.2,97,0.1,0.1,0.0,0.0,0.0,51,982.5,981.2,100,18420.0,7.6,25.6,dublin,2026-01-22T07:09:21.316568
2026-01-22T15:00,7.4,91,6.0,4.8,100,5.6,5.6,0.0,0.0,0.0,63,982.4,981.1,100,10620.0,10.8,23.8,dublin,2026-01-22T07:09:21.316568
2026-01-22T16:00,7.1,90,5.5,4.5,98,1.6,1.6,0.0,0.0,0.0,61,981.9,980.6,100,11140.0,10.1,21.2,dublin,2026-01-22T07:09:21.316568
2026-01-22T17:00,7.1,89,5.4,4.3,93,3.2,3.2,0.0,0.0,0.0,63,981.6,980.3,100,15420.0,11.5,20.2,dublin,2026-01-22T07:09:21.316568
2026-01-22T18:00,6.7,83,4.0,3.5,88,1.8,1.8,0.0,0.0,0.0,61,981.3,980.0,100,9520.0,12.2,21.2,dublin,2026-01-22T07:09:21.316568
2026-01-22T19:00,6.3,85,4.0,4.0,86,1.9,1.9,0.0,0.0,0.0,61,980.9,979.6,100,8820.0,6.1,21.6,dublin,2026-01-22T07:09:21.316568
2026-01-22T20:00,6.3,84,3.8,4.3,83,0.7,0.7,0.0,0.0,0.0,53,980.5,979.2,100,50000.0,4.0,11.9,dublin,2026-01-22T07:09:21.316568
2026-01-22T21:00,6.4,83,3.7,4.3,76,0.1,0.1,0.0,0.0,0.0,51,980.2,978.9,100,50000.0,4.0,8.6,dublin,2026-01-22T07:09:21.316568
2026-01-22T22:00,6.6,88,4.7,4.1,59,0.0,0.0,0.0,0.0,0.0,3,980.2,978.9,100,14040.0,7.9,14.0,dublin,2026-01-22T07:09:21.316568
2026-01-22T23:00,6.6,84,4.1,4.2,38,0.0,0.0,0.0,0.0,0.0,0,980.3,979.0,1,50000.0,7.2,14.4,dublin,2026-01-22T07:09:21.316568
2026-01-22T00:00,10.3,96,9.7,9.7,35,0.0,0.0,0.0,0.0,0.0,3,1000.0,998.3,100,4400.0,3.7,13.0,bari,2026-01-22T07:09:23.710795
2026-01-22T01:00,10.2,95,9.4,9.7,30,0.1,0.0,0.1,0.0,0.0,45,1000.1,998.4,100,4860.0,2.5,9.7,bari,2026-01-22T07:09:23.710795
2026-01-22T02:00,9.6,96,9.0,8.1,33,0.0,0.0,0.0,0.0,0.0,3,999.5,997.8,97,980.0,8.1,17.6,bari,2026-01-22T07:09:23.710795
2026-01-22T03:00,8.9,91,7.5,7.0,35,0.0,0.0,0.0,0.0,0.0,3,1000.0,998.3,98,8500.0,8.5,19.4,bari,2026-01-22T07:09:23.710795
2026-01-22T04:00,9.0,92,7.7,7.6,28,0.0,0.0,0.0,0.0,0.0,3,999.6,997.9,98,8800.0,5.6,17.3,bari,2026-01-22T07:09:23.710795
2026-01-22T05:00,8.9,92,7.7,7.8,20,0.0,0.0,0.0,0.0,0.0,3,999.5,997.8,98,9200.0,3.8,10.8,bari,2026-01-22T07:09:23.710795
2026-01-22T06:00,8.9,94,8.0,7.9,15,0.0,0.0,0.0,0.0,0.0,45,1000.0,998.3,100,6660.0,3.7,8.6,bari,2026-01-22T07:09:23.710795
2026-01-22T07:00,8.9,95,8.2,7.8,18,0.0,0.0,0.0,0.0,0.0,45,1000.1,998.4,95,4320.0,4.2,9.4,bari,2026-01-22T07:09:23.710795
2026-01-22T08:00,9.3,93,8.2,8.2,15,0.0,0.0,0.0,0.0,0.0,3,1000.2,998.5,100,5640.0,3.8,9.7,bari,2026-01-22T07:09:23.710795
2026-01-22T09:00,10.0,91,8.6,9.1,8,0.0,0.0,0.0,0.0,0.0,3,1000.3,998.6,92,6720.0,3.3,9.4,bari,2026-01-22T07:09:23.710795
2026-01-22T10:00,10.9,82,7.9,9.7,8,0.0,0.0,0.0,0.0,0.0,3,1000.0,998.3,83,24360.0,4.5,11.5,bari,2026-01-22T07:09:23.710795
2026-01-22T11:00,12.0,75,7.7,10.6,5,0.0,0.0,0.0,0.0,0.0,2,999.6,997.9,71,37960.0,5.0,13.3,bari,2026-01-22T07:09:23.710795
2026-01-22T12:00,12.8,70,7.5,11.2,0,0.0,0.0,0.0,0.0,0.0,3,999.2,997.5,71,45800.0,6.9,16.2,bari,2026-01-22T07:09:23.710795
2026-01-22T13:00,12.7,74,8.2,11.1,0,0.0,0.0,0.0,0.0,0.0,3,999.6,997.9,69,39640.0,7.6,17.6,bari,2026-01-22T07:09:23.710795
2026-01-22T14:00,12.4,76,8.3,11.0,0,0.0,0.0,0.0,0.0,0.0,2,1000.0,998.3,50,39480.0,6.5,18.4,bari,2026-01-22T07:09:23.710795
2026-01-22T15:00,12.0,78,8.3,10.9,0,0.0,0.0,0.0,0.0,0.0,2,1000.2,998.5,69,36040.0,4.7,15.8,bari,2026-01-22T07:09:23.710795
2026-01-22T16:00,11.3,83,8.5,10.6,3,0.0,0.0,0.0,0.0,0.0,2,1000.3,998.6,67,27080.0,2.3,11.5,bari,2026-01-22T07:09:23.710795
2026-01-22T17:00,10.8,87,8.7,10.2,3,0.0,0.0,0.0,0.0,0.0,3,1000.4,998.7,79,23280.0,2.2,5.0,bari,2026-01-22T07:09:23.710795
2026-01-22T18:00,10.1,93,9.0,9.2,0,0.0,0.0,0.0,0.0,0.0,2,1000.8,999.1,69,8380.0,4.0,7.6,bari,2026-01-22T07:09:23.710795
2026-01-22T19:00,9.4,95,8.7,8.5,3,0.0,0.0,0.0,0.0,0.0,45,1001.3,999.6,95,3700.0,4.0,8.6,bari,2026-01-22T07:09:23.710795
2026-01-22T20:00,9.4,95,8.6,8.5,0,0.1,0.0,0.1,0.0,0.0,45,1002.0,1000.3,93,3780.0,3.5,8.3,bari,2026-01-22T07:09:23.710795
2026-01-22T21:00,9.3,96,8.7,8.4,5,0.1,0.0,0.1,0.0,0.0,45,1002.0,1000.3,95,3920.0,3.5,7.9,bari,2026-01-22T07:09:23.710795
2026-01-22T22:00,9.0,97,8.6,8.1,5,0.0,0.0,0.0,0.0,0.0,45,1002.1,1000.4,85,2560.0,3.4,7.6,bari,2026-01-22T07:09:23.710795
2026-01-22T23:00,8.7,98,8.4,7.7,8,0.0,0.0,0.0,0.0,0.0,45,1001.8,1000.1,81,2020.0,3.9,8.3,bari,2026-01-22T07:09:23.710795
2026-01-22T00:00,4.2,67,-1.4,1.5,0,0.0,0.0,0.0,0.0,0.0,3,1004.9,995.8,100,54540.0,2.5,5.4,bologna,2026-01-22T07:09:26.112955
2026-01-22T01:00,4.1,70,-0.9,1.6,0,0.0,0.0,0.0,0.0,0.0,3,1004.2,995.1,100,49940.0,1.6,6.1,bologna,2026-01-22T07:09:26.112955
2026-01-22T02:00,4.1,70,-0.8,1.6,0,0.0,0.0,0.0,0.0,0.0,3,1003.9,994.8,100,49680.0,2.3,5.0,bologna,2026-01-22T07:09:26.112955
2026-01-22T03:00,3.7,76,-0.2,1.0,0,0.0,0.0,0.0,0.0,0.0,3,1003.7,994.6,100,36540.0,3.4,8.3,bologna,2026-01-22T07:09:26.112955
2026-01-22T04:00,3.3,78,-0.1,0.7,0,0.0,0.0,0.0,0.0,0.0,3,1002.8,993.7,100,31080.0,3.3,8.6,bologna,2026-01-22T07:09:26.112955
2026-01-22T05:00,3.3,78,-0.2,0.6,0,0.0,0.0,0.0,0.0,0.0,3,1002.7,993.6,100,32020.0,4.0,9.7,bologna,2026-01-22T07:09:26.112955
2026-01-22T06:00,3.2,78,-0.2,0.5,0,0.0,0.0,0.0,0.0,0.0,3,1002.8,993.7,88,32240.0,4.0,9.4,bologna,2026-01-22T07:09:26.112955
2026-01-22T07:00,3.0,81,0.0,0.2,0,0.0,0.0,0.0,0.0,0.0,3,1002.8,993.7,86,25900.0,4.5,10.8,bologna,2026-01-22T07:09:26.112955
2026-01-22T08:00,3.0,83,0.4,0.3,0,0.0,0.0,0.0,0.0,0.0,3,1002.5,993.4,83,21140.0,4.0,10.4,bologna,2026-01-22T07:09:26.112955
2026-01-22T09:00,3.5,76,-0.3,0.8,0,0.0,0.0,0.0,0.0,0.0,3,1002.3,993.2,88,35160.0,4.1,10.4,bologna,2026-01-22T07:09:26.112955
2026-01-22T10:00,4.4,69,-0.8,1.6,0,0.0,0.0,0.0,0.0,0.0,3,1002.0,992.9,93,46880.0,4.0,10.4,bologna,2026-01-22T07:09:26.112955
2026-01-22T11:00,5.4,63,-1.1,2.6,0,0.0,0.0,0.0,0.0,0.0,2,1001.8,992.8,66,56360.0,3.6,10.1,bologna,2026-01-22T07:09:26.112955
2026-01-22T12:00,6.3,59,-1.1,3.3,0,0.0,0.0,0.0,0.0,0.0,2,1001.3,992.3,60,62260.0,4.8,13.0,bologna,2026-01-22T07:09:26.112955
2026-01-22T13:00,6.8,57,-1.1,3.8,0,0.0,0.0,0.0,0.0,0.0,2,1001.3,992.3,62,65040.0,5.1,14.0,bologna,2026-01-22T07:09:26.112955
2026-01-22T14:00,7.1,54,-1.6,4.2,0,0.0,0.0,0.0,0.0,0.0,2,1001.2,992.2,80,68940.0,4.3,13.3,bologna,2026-01-22T07:09:26.112955
2026-01-22T15:00,7.1,54,-1.6,4.4,0,0.0,0.0,0.0,0.0,0.0,3,1001.3,992.3,100,69360.0,2.9,10.8,bologna,2026-01-22T07:09:26.112955
2026-01-22T16:00,6.7,55,-1.7,4.0,0,0.0,0.0,0.0,0.0,0.0,3,1001.1,992.1,100,68720.0,2.8,7.6,bologna,2026-01-22T07:09:26.112955
2026-01-22T17:00,6.1,61,-0.9,3.4,0,0.0,0.0,0.0,0.0,0.0,3,1001.1,992.1,100,64680.0,3.1,7.2,bologna,2026-01-22T07:09:26.112955
2026-01-22T18:00,5.1,68,-0.3,2.5,0,0.0,0.0,0.0,0.0,0.0,3,1001.3,992.3,100,54120.0,3.3,7.2,bologna,2026-01-22T07:09:26.112955
2026-01-22T19:00,4.3,73,-0.1,1.7,0,0.0,0.0,0.0,0.0,0.0,3,1001.7,992.6,100,46280.0,3.6,7.6,bologna,2026-01-22T07:09:26.112955
2026-01-22T20:00,3.4,78,-0.0,0.7,0,0.0,0.0,0.0,0.0,0.0,3,1002.3,993.2,100,35440.0,4.0,8.6,bologna,2026-01-22T07:09:26.112955
2026-01-22T21:00,3.1,82,0.4,0.5,0,0.0,0.0,0.0,0.0,0.0,3,1002.5,993.4,96,27100.0,3.7,8.6,bologna,2026-01-22T07:09:26.112955
2026-01-22T22:00,3.1,82,0.4,0.5,0,0.0,0.0,0.0,0.0,0.0,2,1002.4,993.3,85,28160.0,3.6,7.9,bologna,2026-01-22T07:09:26.112955
2026-01-22T23:00,3.0,82,0.2,0.4,3,0.0,0.0,0.0,0.0,0.0,3,1002.2,993.1,83,28580.0,3.4,7.2,bologna,2026-01-22T07:09:26.112955
2026-01-22T00:00,2.0,92,0.8,-0.6,0,0.0,0.0,0.0,0.0,0.0,0,1003.6,995.9,5,8160.0,4.2,6.8,florence,2026-01-22T07:10:08.933333
2026-01-22T01:00,1.5,93,0.5,-1.1,0,0.0,0.0,0.0,0.0,0.0,1,1002.9,995.2,6,5880.0,4.0,8.6,florence,2026-01-22T07:10:08.933333
2026-01-22T02:00,1.3,93,0.3,-1.3,0,0.0,0.0,0.0,0.0,0.0,1,1002.6,994.9,4,6160.0,3.7,8.3,florence,2026-01-22T07:10:08.933333
2026-01-22T03:00,2.1,89,0.5,-0.6,0,0.0,0.0,0.0,0.0,0.0,1,1002.0,994.3,20,12940.0,4.6,7.6,florence,2026-01-22T07:10:08.933333
2026-01-22T04:00,1.7,90,0.2,-1.0,0,0.0,0.0,0.0,0.0,0.0,1,1001.3,993.6,8,10640.0,3.9,9.0,florence,2026-01-22T07:10:08.933333
2026-01-22T05:00,1.2,93,0.2,-1.4,0,0.0,0.0,0.0,0.0,0.0,0,1001.3,993.6,0,6660.0,3.5,7.6,florence,2026-01-22T07:10:08.933333
2026-01-22T06:00,0.9,94,0.1,-1.7,0,0.0,0.0,0.0,0.0,0.0,0,1001.4,993.7,0,4900.0,3.5,6.8,florence,2026-01-22T07:10:08.933333
2026-01-22T07:00,0.6,95,-0.1,-2.0,0,0.0,0.0,0.0,0.0,0.0,45,1001.5,993.8,8,3660.0,3.5,6.8,florence,2026-01-22T07:10:08.933333
2026-01-22T08:00,1.5,94,0.7,-0.9,0,0.0,0.0,0.0,0.0,0.0,1,1001.1,993.4,3,5080.0,2.9,7.2,florence,2026-01-22T07:10:08.933333
2026-01-22T09:00,4.3,87,2.3,2.3,0,0.0,0.0,0.0,0.0,0.0,0,1000.9,993.3,3,14760.0,2.1,6.1,florence,2026-01-22T07:10:08.933333
2026-01-22T10:00,7.3,72,2.6,5.3,0,0.0,0.0,0.0,0.0,0.0,1,1000.6,993.1,11,42860.0,2.2,5.8,florence,2026-01-22T07:10:08.933333
2026-01-22T11:00,9.0,65,2.8,7.2,0,0.0,0.0,0.0,0.0,0.0,2,1000.2,992.7,55,55400.0,1.5,5.8,florence,2026-01-22T07:10:08.933333
2026-01-22T12:00,10.0,61,2.9,8.1,0,0.0,0.0,0.0,0.0,0.0,1,999.7,992.3,34,60740.0,2.4,7.6,florence,2026-01-22T07:10:08.933333
2026-01-22T13:00,10.6,59,3.0,8.5,0,0.0,0.0,0.0,0.0,0.0,1,999.7,992.3,13,63660.0,3.5,9.4,florence,2026-01-22T07:10:08.933333
2026-01-22T14:00,10.8,59,3.1,8.7,0,0.0,0.0,0.0,0.0,0.0,0,999.7,992.3,1,64420.0,3.7,9.7,florence,2026-01-22T07:10:08.933333
2026-01-22T15:00,10.7,60,3.3,8.7,0,0.0,0.0,0.0,0.0,0.0,1,999.8,992.4,12,64040.0,3.1,9.0,florence,2026-01-22T07:10:08.933333
2026-01-22T16:00,10.0,66,3.9,8.2,0,0.0,0.0,0.0,0.0,0.0,3,999.6,992.2,100,58180.0,2.4,7.6,florence,2026-01-22T07:10:08.933333
2026-01-22T17:00,9.0,72,4.2,7.5,0,0.0,0.0,0.0,0.0,0.0,3,999.6,992.1,85,51920.0,1.1,5.0,florence,2026-01-22T07:10:08.933333
2026-01-22T18:00,7.2,80,4.0,5.2,0,0.0,0.0,0.0,0.0,0.0,3,999.8,992.3,100,32140.0,3.8,7.9,florence,2026-01-22T07:10:08.933333
2026-01-22T19:00,5.3,89,3.7,3.1,0,0.0,0.0,0.0,0.0,0.0,2,1000.4,992.8,75,12200.0,5.1,10.4,florence,2026-01-22T07:10:08.933333
2026-01-22T20:00,4.5,92,3.4,2.3,0,0.0,0.0,0.0,0.0,0.0,2,1001.1,993.5,54,7860.0,4.6,10.4,florence,2026-01-22T07:10:08.933333
2026-01-22T21:00,4.2,93,3.2,1.9,0,0.0,0.0,0.0,0.0,0.0,2,1001.4,993.8,70,5820.0,4.6,9.7,florence,2026-01-22T07:10:08.933333
2026-01-22T22:00,4.0,94,3.1,1.7,0,0.0,0.0,0.0,0.0,0.0,2,1001.2,993.6,80,5420.0,4.6,9.7,florence,2026-01-22T07:10:08.933333
2026-01-22T23:00,4.0,94,3.2,1.8,0,0.0,0.0,0.0,0.0,0.0,3,1001.0,993.4,95,5680.0,4.4,9.4,florence,2026-01-22T07:10:08.933333
2026-01-22T00:00,3.9,69,-1.2,-1.3,0,0.0,0.0,0.0,0.0,0.0,2,1003.0,997.8,4,51260.0,20.2,36.7,genoa,2026-01-22T07:10:46.491234
2026-01-22T01:00,3.9,68,-1.5,-1.2,0,0.0,0.0,0.0,0.0,0.0,0,1002.7,997.5,0,53980.0,18.5,37.8,genoa,2026-01-22T07:10:46.491234
2026-01-22T02:00,3.9,68,-1.5,-1.2,0,0.0,0.0,0.0,0.0,0.0,0,1002.5,997.3,4,54480.0,18.4,35.3,genoa,2026-01-22T07:10:46.491234
2026-01-22T03:00,3.5,70,-1.4,-1.5,0,0.0,0.0,0.0,0.0,0.0,0,1002.0,996.8,20,49800.0,18.5,35.3,genoa,2026-01-22T07:10:46.491234
2026-01-22T04:00,3.6,70,-1.4,-1.4,0,0.0,0.0,0.0,0.0,0.0,0,1001.1,995.9,1,50960.0,18.4,35.6,genoa,2026-01-22T07:10:46.491234
2026-01-22T05:00,3.8,69,-1.4,-1.2,0,0.0,0.0,0.0,0.0,0.0,2,1001.1,995.9,58,53040.0,18.1,35.3,genoa,2026-01-22T07:10:46.491234
2026-01-22T06:00,4.0,68,-1.3,-1.0,0,0.0,0.0,0.0,0.0,0.0,3,1000.9,995.7,100,54900.0,18.4,34.9,genoa,2026-01-22T07:10:46.491234
2026-01-22T07:00,4.2,67,-1.4,-0.8,0,0.0,0.0,0.0,0.0,0.0,3,1000.9,995.7,100,56180.0,18.4,35.3,genoa,2026-01-22T07:10:46.491234
2026-01-22T08:00,4.5,64,-1.7,-0.6,0,0.0,0.0,0.0,0.0,0.0,2,1000.9,995.7,65,59040.0,18.8,36.0,genoa,2026-01-22T07:10:46.491234
2026-01-22T09:00,5.6,58,-2.0,0.5,0,0.0,0.0,0.0,0.0,0.0,2,1000.9,995.8,71,66420.0,18.4,36.0,genoa,2026-01-22T07:10:46.491234
2026-01-22T10:00,7.0,52,-2.2,2.0,0,0.0,0.0,0.0,0.0,0.0,3,1000.6,995.5,100,70780.0,17.7,35.3,genoa,2026-01-22T07:10:46.491234
2026-01-22T11:00,8.3,49,-1.8,3.7,0,0.0,0.0,0.0,0.0,0.0,3,1000.3,995.2,95,73060.0,14.9,33.8,genoa,2026-01-22T07:10:46.491234
2026-01-22T12:00,9.3,47,-1.4,5.2,0,0.0,0.0,0.0,0.0,0.0,3,999.7,994.6,100,74060.0,12.3,27.7,genoa,2026-01-22T07:10:46.491234
2026-01-22T13:00,9.8,49,-0.4,6.2,0,0.0,0.0,0.0,0.0,0.0,3,999.7,994.6,100,73480.0,10.1,20.2,genoa,2026-01-22T07:10:46.491234
2026-01-22T14:00,9.9,49,-0.3,6.3,0,0.0,0.0,0.0,0.0,0.0,3,999.7,994.6,99,73220.0,9.4,15.8,genoa,2026-01-22T07:10:46.491234
2026-01-22T15:00,9.5,51,-0.1,6.0,0,0.0,0.0,0.0,0.0,0.0,3,999.9,994.8,100,72460.0,9.7,16.6,genoa,2026-01-22T07:10:46.491234
2026-01-22T16:00,8.8,54,-0.0,5.1,5,0.0,0.0,0.0,0.0,0.0,3,999.8,994.7,98,70180.0,10.9,19.1,genoa,2026-01-22T07:10:46.491234
2026-01-22T17:00,8.1,56,-0.2,4.3,13,0.0,0.0,0.0,0.0,0.0,3,999.8,994.7,100,68540.0,11.3,20.9,genoa,2026-01-22T07:10:46.491234
2026-01-22T18:00,7.6,58,-0.1,3.8,13,0.0,0.0,0.0,0.0,0.0,3,1000.0,994.9,97,67260.0,11.7,22.3,genoa,2026-01-22T07:10:46.491234
2026-01-22T19:00,7.5,58,-0.2,3.7,8,0.0,0.0,0.0,0.0,0.0,3,1000.4,995.3,91,66960.0,11.6,23.0,genoa,2026-01-22T07:10:46.491234
2026-01-22T20:00,7.4,60,0.2,3.8,3,0.0,0.0,0.0,0.0,0.0,3,1000.8,995.7,87,65860.0,10.7,22.0,genoa,2026-01-22T07:10:46.491234
2026-01-22T21:00,7.7,60,0.4,4.2,5,0.0,0.0,0.0,0.0,0.0,3,1000.8,995.7,84,65860.0,10.0,19.8,genoa,2026-01-22T07:10:46.491234
2026-01-22T22:00,7.6,62,0.8,4.2,3,0.0,0.0,0.0,0.0,0.0,3,1000.7,995.6,92,62740.0,9.6,18.7,genoa,2026-01-22T07:10:46.491234
2026-01-22T23:00,7.7,60,0.4,4.1,8,0.0,0.0,0.0,0.0,0.0,3,1000.6,995.5,97,65200.0,10.7,17.6,genoa,2026-01-22T07:10:46.491234
2026-01-22T00:00,-0.2,95,-0.9,-3.0,0,0.0,0.0,0.0,0.0,0.0,0,1005.3,988.0,0,4380.0,3.3,4.0,milan,2026-01-22T07:11:24.036493
2026-01-22T01:00,-0.5,96,-1.1,-3.5,0,0.0,0.0,0.0,0.0,0.0,45,1004.6,987.3,61,3200.0,4.7,8.3,milan,2026-01-22T07:11:24.036493
2026-01-22T02:00,-0.4,95,-1.1,-3.2,0,0.0,0.0,0.0,0.0,0.0,1,1004.3,987.0,13,4660.0,3.3,9.4,milan,2026-01-22T07:11:24.036493
2026-01-22T03:00,-1.8,100,-1.8,-5.0,0,0.0,0.0,0.0,0.0,0.0,45,1004.3,986.9,92,500.0,5.0,9.0,milan,2026-01-22T07:11:24.036493
2026-01-22T04:00,-1.8,99,-1.9,-4.9,0,0.0,0.0,0.0,0.0,0.0,45,1003.5,986.1,85,1220.0,5.1,9.4,milan,2026-01-22T07:11:24.036493
2026-01-22T05:00,-1.8,96,-2.4,-5.0,0,0.0,0.0,0.0,0.0,0.0,45,1003.3,985.9,64,2580.0,5.1,8.6,milan,2026-01-22T07:11:24.036493
2026-01-22T06:00,-2.4,99,-2.6,-5.8,0,0.0,0.0,0.0,0.0,0.0,48,1003.3,985.9,99,380.0,6.1,10.8,milan,2026-01-22T07:11:24.036493
2026-01-22T07:00,-2.4,100,-2.4,-5.7,0,0.0,0.0,0.0,0.0,0.0,48,1003.0,985.6,100,160.0,5.5,11.9,milan,2026-01-22T07:11:24.036493
2026-01-22T08:00,-2.5,100,-2.5,-5.7,0,0.0,0.0,0.0,0.0,0.0,45,1002.8,985.4,100,100.0,4.7,9.4,milan,2026-01-22T07:11:24.036493
2026-01-22T09:00,-2.1,100,-2.1,-5.6,0,0.0,0.0,0.0,0.0,0.0,48,1003.0,985.6,100,80.0,7.3,14.0,milan,2026-01-22T07:11:24.036493
2026-01-22T10:00,-1.3,100,-1.3,-4.5,0,0.0,0.0,0.0,0.0,0.0,48,1002.7,985.4,100,100.0,5.9,14.4,milan,2026-01-22T07:11:24.036493
2026-01-22T11:00,0.5,91,-0.8,-2.6,0,0.0,0.0,0.0,0.0,0.0,3,1002.3,985.1,90,1860.0,5.6,11.9,milan,2026-01-22T07:11:24.036493
2026-01-22T12:00,2.9,78,-0.6,-0.0,0,0.0,0.0,0.0,0.0,0.0,2,1001.6,984.5,85,28060.0,4.6,12.6,milan,2026-01-22T07:11:24.036493
2026-01-22T13:00,4.6,71,-0.2,1.7,0,0.0,0.0,0.0,0.0,0.0,3,1001.3,984.4,99,42340.0,5.0,11.2,milan,2026-01-22T07:11:24.036493
2026-01-22T14:00,5.2,71,0.3,2.3,0,0.0,0.0,0.0,0.0,0.0,3,1001.2,984.3,100,45340.0,5.1,10.8,milan,2026-01-22T07:11:24.036493
2026-01-22T15:00,5.1,71,0.3,2.4,0,0.0,0.0,0.0,0.0,0.0,3,1001.3,984.4,100,46620.0,4.2,7.6,milan,2026-01-22T07:11:24.036493
2026-01-22T16:00,4.5,75,0.5,2.0,0,0.0,0.0,0.0,0.0,0.0,3,1001.1,984.2,100,43240.0,3.4,7.6,milan,2026-01-22T07:11:24.036493
2026-01-22T17:00,3.4,81,0.4,0.7,0,0.0,0.0,0.0,0.0,0.0,3,1001.2,984.2,100,32020.0,4.0,7.2,milan,2026-01-22T07:11:24.036493
2026-01-22T18:00,2.7,85,0.4,0.1,0,0.0,0.0,0.0,0.0,0.0,3,1001.4,984.3,100,23320.0,3.5,7.2,milan,2026-01-22T07:11:24.036493
2026-01-22T19:00,2.0,88,0.2,-0.6,0,0.0,0.0,0.0,0.0,0.0,2,1001.8,984.7,80,17500.0,3.4,6.5,milan,2026-01-22T07:11:24.036493
2026-01-22T20:00,1.4,90,-0.1,-1.2,3,0.0,0.0,0.0,0.0,0.0,3,1002.3,985.1,91,12740.0,3.2,6.1,milan,2026-01-22T07:11:24.036493
2026-01-22T21:00,1.1,91,-0.2,-1.6,3,0.0,0.0,0.0,0.0,0.0,3,1002.5,985.3,94,10440.0,3.7,6.5,milan,2026-01-22T07:11:24.036493
2026-01-22T22:00,1.4,90,-0.1,-1.3,0,0.0,0.0,0.0,0.0,0.0,3,1002.4,985.2,95,11560.0,3.4,6.8,milan,2026-01-22T07:11:24.036493
2026-01-22T23:00,1.8,90,0.3,-0.7,0,0.0,0.0,0.0,0.0,0.0,3,1002.2,985.1,100,12720.0,2.7,5.8,milan,2026-01-22T07:11:24.036493
2026-01-22T00:00,9.0,86,6.7,7.2,3,0.0,0.0,0.0,0.0,0.0,3,999.7,997.2,97,23360.0,6.5,19.4,naples,2026-01-22T07:12:01.584941
2026-01-22T01:00,8.9,87,6.9,7.2,3,0.0,0.0,0.0,0.0,0.0,3,999.8,997.3,91,21640.0,6.2,16.6,naples,2026-01-22T07:12:01.584941
2026-01-22T02:00,9.0,86,6.8,7.4,3,0.0,0.0,0.0,0.0,0.0,3,999.1,996.6,87,22620.0,5.4,14.4,naples,2026-01-22T07:12:01.584941
2026-01-22T03:00,8.8,87,6.7,7.2,3,0.0,0.0,0.0,0.0,0.0,3,999.4,996.9,91,19200.0,5.1,11.9,naples,2026-01-22T07:12:01.584941
2026-01-22T04:00,8.8,88,6.9,7.2,5,0.0,0.0,0.0,0.0,0.0,3,999.2,996.7,94,18620.0,5.1,11.2,naples,2026-01-22T07:12:01.584941
2026-01-22T05:00,8.8,87,6.7,7.2,5,0.0,0.0,0.0,0.0,0.0,2,999.2,996.7,80,20520.0,4.7,10.4,naples,2026-01-22T07:12:01.584941
2026-01-22T06:00,8.7,87,6.7,7.2,5,0.0,0.0,0.0,0.0,0.0,2,999.7,997.2,81,21040.0,4.3,10.4,naples,2026-01-22T07:12:01.584941
2026-01-22T07:00,8.7,89,7.0,7.4,0,0.0,0.0,0.0,0.0,0.0,3,999.9,997.4,80,16040.0,3.6,8.6,naples,2026-01-22T07:12:01.584941
2026-01-22T08:00,9.2,87,7.2,7.9,0,0.0,0.0,0.0,0.0,0.0,2,1000.1,997.6,79,16980.0,3.8,7.6,naples,2026-01-22T07:12:01.584941
2026-01-22T09:00,10.4,84,7.8,9.3,0,0.0,0.0,0.0,0.0,0.0,3,1000.3,997.8,89,22940.0,3.4,8.3,naples,2026-01-22T07:12:01.584941
2026-01-22T10:00,11.4,75,7.1,10.0,0,0.0,0.0,0.0,0.0,0.0,3,1000.0,997.5,90,37560.0,3.9,10.4,naples,2026-01-22T07:12:01.584941
2026-01-22T11:00,12.4,71,7.2,11.2,0,0.0,0.0,0.0,0.0,0.0,3,999.6,997.1,85,44060.0,2.8,10.8,naples,2026-01-22T07:12:01.584941
2026-01-22T12:00,13.4,65,6.9,12.5,0,0.0,0.0,0.0,0.0,0.0,3,999.3,996.8,82,55580.0,0.5,7.2,naples,2026-01-22T07:12:01.584941
2026-01-22T13:00,13.8,62,6.7,12.7,0,0.0,0.0,0.0,0.0,0.0,3,999.7,997.2,88,61480.0,1.8,4.7,naples,2026-01-22T07:12:01.584941
2026-01-22T14:00,14.0,62,6.8,12.5,3,0.0,0.0,0.0,0.0,0.0,3,1000.2,997.7,84,61460.0,4.3,10.4,naples,2026-01-22T07:12:01.584941
2026-01-22T15:00,13.7,63,6.8,12.0,0,0.0,0.0,0.0,0.0,0.0,3,1000.2,997.7,99,61260.0,5.9,13.7,naples,2026-01-22T07:12:01.584941
2026-01-22T16:00,12.9,70,7.6,11.5,0,0.0,0.0,0.0,0.0,0.0,2,1000.3,997.8,83,52160.0,5.1,13.7,naples,2026-01-22T07:12:01.584941
2026-01-22T17:00,12.3,74,7.8,11.2,3,0.0,0.0,0.0,0.0,0.0,2,1000.3,997.8,82,46340.0,3.1,11.2,naples,2026-01-22T07:12:01.584941
2026-01-22T18:00,12.0,74,7.5,11.2,0,0.0,0.0,0.0,0.0,0.0,3,1000.8,998.3,84,47360.0,1.3,6.8,naples,2026-01-22T07:12:01.584941
2026-01-22T19:00,11.8,74,7.3,11.0,3,0.0,0.0,0.0,0.0,0.0,2,1001.2,998.7,80,50200.0,1.1,2.2,naples,2026-01-22T07:12:01.584941
2026-01-22T20:00,11.4,74,6.9,10.2,5,0.0,0.0,0.0,0.0,0.0,2,1001.8,999.3,68,51140.0,2.5,2.9,naples,2026-01-22T07:12:01.584941
2026-01-22T21:00,10.4,84,7.8,9.3,3,0.0,0.0,0.0,0.0,0.0,2,1001.8,999.3,68,26540.0,3.4,6.8,naples,2026-01-22T07:12:01.584941
2026-01-22T22:00,10.1,88,8.2,9.0,3,0.0,0.0,0.0,0.0,0.0,3,1001.8,999.3,92,17020.0,3.7,8.3,naples,2026-01-22T07:12:01.584941
2026-01-22T23:00,9.9,88,8.0,8.8,3,0.0,0.0,0.0,0.0,0.0,3,1001.5,999.0,97,16860.0,3.4,7.9,naples,2026-01-22T07:12:01.584941
2026-01-22T00:00,6.9,80,3.7,5.1,8,0.0,0.0,0.0,0.0,0.0,3,1000.8,995.7,100,32680.0,2.3,4.3,rome,2026-01-22T07:12:03.991237
2026-01-22T01:00,6.9,80,3.7,5.1,3,0.0,0.0,0.0,0.0,0.0,3,1001.0,995.9,99,33100.0,2.3,4.7,rome,2026-01-22T07:12:03.991237
2026-01-22T02:00,7.0,79,3.6,5.2,0,0.0,0.0,0.0,0.0,0.0,3,1000.5,995.4,100,35380.0,2.2,4.7,rome,2026-01-22T07:12:03.991237
2026-01-22T03:00,6.8,79,3.5,5.0,0,0.0,0.0,0.0,0.0,0.0,3,1000.5,995.4,88,35560.0,2.1,4.3,rome,2026-01-22T07:12:03.991237
2026-01-22T04:00,6.7,80,3.5,4.8,0,0.0,0.0,0.0,0.0,0.0,3,1000.1,995.0,84,33700.0,2.4,4.7,rome,2026-01-22T07:12:03.991237
2026-01-22T05:00,6.5,81,3.5,4.7,0,0.0,0.0,0.0,0.0,0.0,2,1000.0,994.9,72,32240.0,2.2,4.7,rome,2026-01-22T07:12:03.991237
2026-01-22T06:00,6.3,81,3.3,4.5,0,0.0,0.0,0.0,0.0,0.0,2,1000.3,995.2,80,31220.0,2.2,4.3,rome,2026-01-22T07:12:03.991237
2026-01-22T07:00,6.1,82,3.3,4.3,0,0.0,0.0,0.0,0.0,0.0,3,1000.4,995.3,84,30860.0,2.2,3.6,rome,2026-01-22T07:12:03.991237
2026-01-22T08:00,6.6,81,3.6,4.8,0,0.0,0.0,0.0,0.0,0.0,3,1000.5,995.4,80,29720.0,1.8,4.3,rome,2026-01-22T07:12:03.991237
2026-01-22T09:00,8.0,75,3.8,6.1,0,0.0,0.0,0.0,0.0,0.0,2,1000.3,995.2,75,37860.0,3.1,7.9,rome,2026-01-22T07:12:03.991237
2026-01-22T10:00,9.5,68,3.9,7.6,0,0.0,0.0,0.0,0.0,0.0,2,1000.1,995.0,41,49300.0,3.3,9.7,rome,2026-01-22T07:12:03.991237
2026-01-22T11:00,10.9,62,3.9,9.0,0,0.0,0.0,0.0,0.0,0.0,2,999.7,994.7,54,58760.0,3.4,10.1,rome,2026-01-22T07:12:03.991237
2026-01-22T12:00,12.1,57,3.9,10.3,0,0.0,0.0,0.0,0.0,0.0,2,999.4,994.4,80,65120.0,2.9,9.7,rome,2026-01-22T07:12:03.991237
2026-01-22T13:00,12.9,53,3.5,10.5,0,0.0,0.0,0.0,0.0,0.0,2,999.7,994.7,52,69500.0,6.0,15.1,rome,2026-01-22T07:12:03.991237
2026-01-22T14:00,12.8,52,3.2,10.2,0,0.0,0.0,0.0,0.0,0.0,1,1000.0,995.0,32,70400.0,7.6,18.4,rome,2026-01-22T07:12:03.991237
2026-01-22T15:00,12.2,55,3.4,9.6,0,0.0,0.0,0.0,0.0,0.0,1,1000.2,995.2,36,68760.0,7.3,18.4,rome,2026-01-22T07:12:03.991237
2026-01-22T16:00,11.2,62,4.2,9.1,0,0.0,0.0,0.0,0.0,0.0,3,1000.3,995.3,100,61700.0,5.4,17.3,rome,2026-01-22T07:12:03.991237
2026-01-22T17:00,10.3,69,4.9,8.7,0,0.0,0.0,0.0,0.0,0.0,3,1000.3,995.3,81,54000.0,2.6,12.2,rome,2026-01-22T07:12:03.991237
2026-01-22T18:00,9.5,73,4.9,8.0,0,0.0,0.0,0.0,0.0,0.0,2,1000.8,995.7,79,49080.0,2.4,5.4,rome,2026-01-22T07:12:03.991237
2026-01-22T19:00,8.7,79,5.3,7.1,0,0.0,0.0,0.0,0.0,0.0,3,1001.2,996.1,86,37260.0,2.8,4.7,rome,2026-01-22T07:12:03.991237
2026-01-22T20:00,7.8,84,5.3,6.2,0,0.0,0.0,0.0,0.0,0.0,2,1001.8,996.7,69,25580.0,3.0,5.8,rome,2026-01-22T07:12:03.991237
2026-01-22T21:00,6.9,87,4.9,5.3,0,0.0,0.0,0.0,0.0,0.0,3,1001.8,996.7,100,19520.0,2.9,5.4,rome,2026-01-22T07:12:03.991237
2026-01-22T22:00,6.4,88,4.6,4.7,0,0.0,0.0,0.0,0.0,0.0,3,1001.7,996.6,100,17440.0,3.2,6.1,rome,2026-01-22T07:12:03.991237
2026-01-22T23:00,6.2,87,4.2,4.4,0,0.0,0.0,0.0,0.0,0.0,2,1001.5,996.4,69,19000.0,3.1,6.5,rome,2026-01-22T07:12:03.991237
2026-01-22T00:00,0.0,95,-0.7,-2.3,0,0.0,0.0,0.0,0.0,0.0,2,1005.5,975.7,100,5100.0,0.7,2.9,turin,2026-01-22T07:12:06.389251
2026-01-22T01:00,-0.1,96,-0.7,-2.6,0,0.0,0.0,0.0,0.0,0.0,45,1004.9,975.1,100,3000.0,1.5,2.9,turin,2026-01-22T07:12:06.389251
2026-01-22T02:00,-0.5,98,-0.8,-2.9,0,0.0,0.0,0.0,0.0,0.0,45,1004.8,975.0,80,2180.0,0.8,3.2,turin,2026-01-22T07:12:06.389251
2026-01-22T03:00,-2.1,100,-2.1,-4.9,0,0.0,0.0,0.0,0.0,0.0,3,1004.4,974.4,100,120.0,2.3,3.6,turin,2026-01-22T07:12:06.389251
2026-01-22T04:00,-2.2,100,-2.2,-4.9,0,0.0,0.0,0.0,0.0,0.0,45,1003.8,973.8,100,160.0,2.0,5.8,turin,2026-01-22T07:12:06.389251
2026-01-22T05:00,-2.6,100,-2.6,-5.3,0,0.0,0.0,0.0,0.0,0.0,45,1004.1,974.1,100,100.0,1.1,5.0,turin,2026-01-22T07:12:06.389251
2026-01-22T06:00,-2.5,100,-2.5,-5.2,0,0.0,0.0,0.0,0.0,0.0,45,1003.9,973.9,100,140.0,1.0,3.6,turin,2026-01-22T07:12:06.389251
2026-01-22T07:00,-2.0,100,-2.0,-5.1,0,0.0,0.0,0.0,0.0,0.0,45,1003.8,973.9,100,160.0,4.0,8.6,turin,2026-01-22T07:12:06.389251
2026-01-22T08:00,-1.4,98,-1.7,-4.3,0,0.0,0.0,0.0,0.0,0.0,45,1003.5,973.6,99,220.0,3.8,8.6,turin,2026-01-22T07:12:06.389251
2026-01-22T09:00,-0.8,95,-1.5,-3.9,0,0.0,0.0,0.0,0.0,0.0,45,1003.3,973.5,100,460.0,5.1,10.1,turin,2026-01-22T07:12:06.389251
2026-01-22T10:00,-0.3,93,-1.3,-3.2,0,0.0,0.0,0.0,0.0,0.0,45,1002.9,973.2,100,1080.0,4.1,8.6,turin,2026-01-22T07:12:06.389251
2026-01-22T11:00,0.9,87,-1.1,-2.1,0,0.0,0.0,0.0,0.0,0.0,3,1002.4,972.8,100,8740.0,4.8,9.4,turin,2026-01-22T07:12:06.389251
2026-01-22T12:00,2.8,81,-0.2,0.0,0,0.0,0.0,0.0,0.0,0.0,3,1001.6,972.2,100,21540.0,3.8,10.1,turin,2026-01-22T07:12:06.389251
2026-01-22T13:00,4.8,72,0.1,2.0,0,0.0,0.0,0.0,0.0,0.0,2,1001.2,972.1,67,40420.0,4.1,10.1,turin,2026-01-22T07:12:06.389251
2026-01-22T14:00,5.5,69,0.3,2.9,0,0.0,0.0,0.0,0.0,0.0,2,1001.1,972.0,72,48060.0,3.6,8.6,turin,2026-01-22T07:12:06.389251
2026-01-22T15:00,5.7,68,0.2,3.1,0,0.0,0.0,0.0,0.0,0.0,2,1001.3,972.2,77,51240.0,3.3,5.4,turin,2026-01-22T07:12:06.389251
2026-01-22T16:00,5.2,71,0.4,2.7,0,0.0,0.0,0.0,0.0,0.0,2,1001.2,972.1,68,49180.0,2.9,5.0,turin,2026-01-22T07:12:06.389251
2026-01-22T17:00,4.3,77,0.6,1.8,0,0.0,0.0,0.0,0.0,0.0,3,1001.2,972.0,96,40500.0,2.6,5.4,turin,2026-01-22T07:12:06.389251
2026-01-22T18:00,3.4,81,0.5,0.9,0,0.0,0.0,0.0,0.0,0.0,3,1001.4,972.1,85,30760.0,3.0,5.4,turin,2026-01-22T07:12:06.389251
2026-01-22T19:00,2.7,83,0.1,0.0,0,0.0,0.0,0.0,0.0,0.0,3,1001.9,972.5,84,27980.0,3.5,6.8,turin,2026-01-22T07:12:06.389251
2026-01-22T20:00,2.0,84,-0.4,-0.7,0,0.0,0.0,0.0,0.0,0.0,3,1002.4,972.9,98,25560.0,3.2,6.8,turin,2026-01-22T07:12:06.389251
2026-01-22T21:00,1.5,86,-0.6,-1.2,0,0.0,0.0,0.0,0.0,0.0,3,1002.4,972.9,100,21680.0,2.6,5.8,turin,2026-01-22T07:12:06.389251
2026-01-22T22:00,1.2,88,-0.6,-1.5,0,0.0,0.0,0.0,0.0,0.0,3,1002.3,972.7,100,15980.0,2.9,5.4,turin,2026-01-22T07:12:06.389251
2026-01-22T23:00,1.1,89,-0.6,-1.5,0,0.0,0.0,0.0,0.0,0.0,3,1002.2,972.6,100,15280.0,2.0,4.7,turin,2026-01-22T07:12:06.389251
2026-01-22T00:00,1.3,71,-3.4,-2.3,0,0.0,0.0,0.0,0.0,0.0,3,1004.6,1003.0,94,51900.0,6.8,15.5,venice,2026-01-22T07:12:08.790432
2026-01-22T01:00,1.4,70,-3.5,-2.2,0,0.0,0.0,0.0,0.0,0.0,3,1003.9,1002.3,100,52960.0,6.6,12.2,venice,2026-01-22T07:12:08.790432
2026-01-22T02:00,1.4,67,-4.1,-2.0,0,0.0,0.0,0.0,0.0,0.0,3,1003.6,1002.0,100,57340.0,4.9,12.2,venice,2026-01-22T07:12:08.790432
2026-01-22T03:00,1.7,71,-3.0,-2.0,0,0.0,0.0,0.0,0.0,0.0,3,1003.3,1001.7,100,50280.0,7.4,12.2,venice,2026-01-22T07:12:08.790432
2026-01-22T04:00,1.6,70,-3.3,-2.0,0,0.0,0.0,0.0,0.0,0.0,3,1002.4,1000.8,91,49980.0,6.8,11.2,venice,2026-01-22T07:12:08.790432
2026-01-22T05:00,1.4,71,-3.3,-2.2,0,0.0,0.0,0.0,0.0,0.0,3,1002.2,1000.6,83,50640.0,7.0,14.4,venice,2026-01-22T07:12:08.790432
2026-01-22T06:00,1.6,72,-2.9,-1.9,0,0.0,0.0,0.0,0.0,0.0,3,1002.2,1000.6,100,48900.0,6.6,11.5,venice,2026-01-22T07:12:08.790432
2026-01-22T07:00,1.7,72,-2.8,-1.7,0,0.0,0.0,0.0,0.0,0.0,3,1002.1,1000.5,100,47540.0,6.4,11.9,venice,2026-01-22T07:12:08.790432
2026-01-22T08:00,2.1,68,-3.2,-1.5,0,0.0,0.0,0.0,0.0,0.0,3,1001.9,1000.3,93,54440.0,6.5,11.2,venice,2026-01-22T07:12:08.790432
2026-01-22T09:00,2.5,63,-3.8,-1.0,0,0.0,0.0,0.0,0.0,0.0,3,1001.9,1000.3,100,60780.0,6.2,12.6,venice,2026-01-22T07:12:08.790432
2026-01-22T10:00,3.3,61,-3.5,-0.1,0,0.0,0.0,0.0,0.0,0.0,3,1001.6,1000.0,100,62420.0,5.5,11.2,venice,2026-01-22T07:12:08.790432
2026-01-22T11:00,4.4,57,-3.4,1.2,0,0.0,0.0,0.0,0.0,0.0,3,1001.6,1000.0,93,66880.0,3.9,10.8,venice,2026-01-22T07:12:08.790432
2026-01-22T12:00,5.4,51,-4.0,2.2,0,0.0,0.0,0.0,0.0,0.0,2,1001.2,999.6,65,72060.0,3.1,9.0,venice,2026-01-22T07:12:08.790432
2026-01-22T13:00,6.7,43,-5.0,3.6,0,0.0,0.0,0.0,0.0,0.0,3,1001.1,999.5,89,75820.0,1.9,5.8,venice,2026-01-22T07:12:08.790432
2026-01-22T14:00,6.5,45,-4.6,3.2,0,0.0,0.0,0.0,0.0,0.0,3,1001.1,999.5,100,75520.0,3.9,7.9,venice,2026-01-22T07:12:08.790432
2026-01-22T15:00,6.2,53,-2.7,3.2,0,0.0,0.0,0.0,0.0,0.0,2,1001.2,999.6,92,71520.0,3.2,7.9,venice,2026-01-22T07:12:08.790432
2026-01-22T16:00,5.7,60,-1.5,2.8,0,0.0,0.0,0.0,0.0,0.0,3,1001.1,999.5,92,67640.0,3.3,6.5,venice,2026-01-22T07:12:08.790432
2026-01-22T17:00,4.9,62,-1.8,2.1,0,0.0,0.0,0.0,0.0,0.0,3,1001.1,999.5,100,66740.0,3.2,6.1,venice,2026-01-22T07:12:08.790432
2026-01-22T18:00,5.0,57,-2.8,2.4,0,0.0,0.0,0.0,0.0,0.0,3,1001.1,999.5,100,72400.0,0.4,4.3,venice,2026-01-22T07:12:08.790432
2026-01-22T19:00,4.8,58,-2.8,2.1,0,0.0,0.0,0.0,0.0,0.0,3,1001.5,999.9,100,71480.0,1.3,1.4,venice,2026-01-22T07:12:08.790432
2026-01-22T20:00,4.7,69,-0.5,2.0,0,0.0,0.0,0.0,0.0,0.0,3,1002.1,1000.5,96,59480.0,2.8,3.2,venice,2026-01-22T07:12:08.790432
2026-01-22T21:00,3.8,84,1.3,1.2,0,0.0,0.0,0.0,0.0,0.0,3,1002.3,1000.7,91,25500.0,4.4,7.2,venice,2026-01-22T07:12:08.790432
2026-01-22T22:00,3.1,82,0.3,0.4,0,0.0,0.0,0.0,0.0,0.0,3,1002.2,1000.6,81,31680.0,4.3,7.6,venice,2026-01-22T07:12:08.790432
2026-01-22T23:00,2.9,82,0.1,0.1,0,0.0,0.0,0.0,0.0,0.0,2,1002.0,1000.4,70,30380.0,4.6,7.9,venice,2026-01-22T07:12:08.790432
2026-01-22T00:00,1.2,61,-5.5,-5.7,0,0.0,0.0,0.0,0.0,0.0,1,1024.5,1023.5,38,24140.0,27.9,45.0,fukuoka,2026-01-22T07:13:26.488593
2026-01-22T01:00,1.5,62,-5.0,-5.6,0,0.0,0.0,0.0,0.0,0.0,1,1025.2,1024.2,41,24140.0,29.0,45.0,fukuoka,2026-01-22T07:13:26.488593
2026-01-22T02:00,1.6,64,-4.4,-5.6,0,0.0,0.0,0.0,0.0,0.0,1,1026.3,1025.3,46,24140.0,31.1,47.2,fukuoka,2026-01-22T07:13:26.488593
2026-01-22T03:00,1.9,62,-4.7,-4.9,0,0.0,0.0,0.0,0.0,0.0,1,1025.3,1024.3,41,24140.0,27.2,48.2,fukuoka,2026-01-22T07:13:26.488593
2026-01-22T04:00,2.0,61,-4.8,-4.8,0,0.0,0.0,0.0,0.0,0.0,1,1024.2,1023.2,33,24140.0,27.1,48.2,fukuoka,2026-01-22T07:13:26.488593
2026-01-22T05:00,2.2,61,-4.6,-4.8,0,0.0,0.0,0.0,0.0,0.0,1,1024.5,1023.5,28,24140.0,28.8,47.9,fukuoka,2026-01-22T07:13:26.488593
2026-01-22T06:00,2.2,60,-4.8,-4.7,0,0.0,0.0,0.0,0.0,0.0,1,1024.7,1023.7,21,24140.0,28.5,46.1,fukuoka,2026-01-22T07:13:26.488593
2026-01-22T07:00,2.1,59,-5.1,-4.7,0,0.0,0.0,0.0,0.0,0.0,0,1024.9,1023.9,19,24140.0,27.8,42.5,fukuoka,2026-01-22T07:13:26.488593
2026-01-22T08:00,2.0,58,-5.4,-4.5,0,0.0,0.0,0.0,0.0,0.0,0,1025.1,1024.1,14,24140.0,25.2,38.2,fukuoka,2026-01-22T07:13:26.488593
2026-01-22T09:00,2.0,59,-5.2,-4.2,0,0.0,0.0,0.0,0.0,0.0,0,1025.4,1024.4,16,24140.0,23.0,30.6,fukuoka,2026-01-22T07:13:26.488593
2026-01-22T10:00,2.0,59,-5.2,-4.3,0,0.0,0.0,0.0,0.0,0.0,1,1025.9,1024.9,24,24140.0,23.8,28.8,fukuoka,2026-01-22T07:13:26.488593
2026-01-22T11:00,2.1,57,-5.5,-4.3,0,0.0,0.0,0.0,0.0,0.0,1,1026.2,1025.2,40,24140.0,24.3,28.4,fukuoka,2026-01-22T07:13:26.488593
2026-01-22T12:00,2.7,56,-5.3,-3.9,0,0.0,0.0,0.0,0.0,0.0,1,1026.1,1025.1,34,24140.0,26.0,25.2,fukuoka,2026-01-22T07:13:26.488593
2026-01-22T13:00,2.8,56,-5.1,-3.9,0,0.0,0.0,0.0,0.0,0.0,1,1026.0,1025.0,25,24140.0,27.0,25.2,fukuoka,2026-01-22T07:13:26.488593
2026-01-22T14:00,2.8,57,-4.8,-4.0,0,0.0,0.0,0.0,0.0,0.0,1,1026.0,1025.0,23,24140.0,27.8,25.2,fukuoka,2026-01-22T07:13:26.488593
2026-01-22T15:00,2.8,58,-4.6,-4.0,0,0.0,0.0,0.0,0.0,0.0,1,1026.0,1025.0,23,24140.0,28.0,25.2,fukuoka,2026-01-22T07:13:26.488593
2026-01-22T16:00,3.0,59,-4.3,-3.6,0,0.0,0.0,0.0,0.0,0.0,1,1025.9,1024.9,34,17860.0,26.6,26.3,fukuoka,2026-01-22T07:13:26.488593
2026-01-22T17:00,3.2,62,-3.4,-3.0,5,0.0,0.0,0.0,0.0,0.0,2,1025.9,1024.9,56,24140.0,24.7,33.5,fukuoka,2026-01-22T07:13:26.488593
2026-01-22T18:00,3.5,64,-2.6,-2.7,5,0.0,0.0,0.0,0.0,0.0,2,1025.9,1024.9,72,21720.0,25.8,35.6,fukuoka,2026-01-22T07:13:26.488593
2026-01-22T19:00,3.8,64,-2.4,-2.6,5,0.0,0.0,0.0,0.0,0.0,2,1025.9,1024.9,71,24140.0,26.7,36.7,fukuoka,2026-01-22T07:13:26.488593
2026-01-22T20:00,3.8,64,-2.4,-2.5,8,0.0,0.0,0.0,0.0,0.0,2,1026.2,1025.2,71,22260.0,26.4,36.7,fukuoka,2026-01-22T07:13:26.488593
2026-01-22T21:00,3.8,65,-2.1,-2.3,5,0.0,0.0,0.0,0.0,0.0,2,1026.5,1025.5,75,22600.0,25.4,35.3,fukuoka,2026-01-22T07:13:26.488593
2026-01-22T22:00,3.9,66,-1.9,-2.1,3,0.0,0.0,0.0,0.0,0.0,2,1027.0,1026.0,77,22620.0,24.5,33.1,fukuoka,2026-01-22T07:13:26.488593
2026-01-22T23:00,3.9,66,-1.9,-1.9,3,0.0,0.0,0.0,0.0,0.0,2,1027.3,1026.3,79,23500.0,23.6,30.2,fukuoka,2026-01-22T07:13:26.488593
2026-01-22T00:00,-0.1,71,-4.7,-3.7,3,0.0,0.0,0.0,0.0,0.0,0,1016.9,1011.1,7,20420.0,5.8,36.0,kyoto,2026-01-22T07:13:28.883061
2026-01-22T01:00,1.0,65,-4.8,-2.8,30,0.0,0.0,0.0,0.0,0.0,0,1017.1,1011.3,10,21160.0,6.8,38.2,kyoto,2026-01-22T07:13:28.883061
2026-01-22T02:00,1.9,60,-5.1,-2.0,30,0.0,0.0,0.0,0.0,0.0,0,1017.1,1011.3,12,9880.0,7.6,43.9,kyoto,2026-01-22T07:13:28.883061
2026-01-22T03:00,2.7,59,-4.6,-1.3,40,0.0,0.0,0.0,0.0,0.0,1,1016.8,1011.0,22,11280.0,8.7,47.5,kyoto,2026-01-22T07:13:28.883061
2026-01-22T04:00,2.7,60,-4.3,-1.3,48,0.0,0.0,0.0,0.0,0.0,0,1015.9,1010.1,12,1380.0,8.7,51.1,kyoto,2026-01-22T07:13:28.883061
2026-01-22T05:00,3.3,53,-5.3,-0.8,60,0.0,0.0,0.0,0.0,0.0,0,1015.4,1009.6,10,1600.0,9.4,46.8,kyoto,2026-01-22T07:13:28.883061
2026-01-22T06:00,2.7,61,-4.1,-1.4,43,0.0,0.0,0.0,0.0,0.0,1,1016.0,1010.2,25,3340.0,9.7,51.1,kyoto,2026-01-22T07:13:28.883061
2026-01-22T07:00,1.8,65,-4.1,-2.0,35,0.0,0.0,0.0,0.0,0.0,1,1016.5,1010.7,28,20620.0,7.9,47.2,kyoto,2026-01-22T07:13:28.883061
2026-01-22T08:00,1.5,64,-4.6,-2.0,13,0.0,0.0,0.0,0.0,0.0,0,1016.8,1011.0,3,20700.0,4.8,42.5,kyoto,2026-01-22T07:13:28.883061
2026-01-22T09:00,0.9,66,-4.8,-2.4,8,0.0,0.0,0.0,0.0,0.0,0,1017.3,1011.5,18,24140.0,3.1,40.3,kyoto,2026-01-22T07:13:28.883061
2026-01-22T10:00,0.3,67,-5.1,-2.9,5,0.0,0.0,0.0,0.0,0.0,1,1018.2,1012.4,26,24140.0,3.3,39.6,kyoto,2026-01-22T07:13:28.883061
2026-01-22T11:00,0.1,62,-6.3,-3.5,0,0.0,0.0,0.0,0.0,0.0,0,1018.6,1012.8,15,24140.0,4.6,34.6,kyoto,2026-01-22T07:13:28.883061
2026-01-22T12:00,-0.1,51,-9.0,-4.1,0,0.0,0.0,0.0,0.0,0.0,0,1019.0,1013.2,12,24140.0,5.9,37.8,kyoto,2026-01-22T07:13:28.883061
2026-01-22T13:00,-0.5,53,-8.9,-4.5,3,0.0,0.0,0.0,0.0,0.0,0,1019.2,1013.3,8,24140.0,5.4,40.0,kyoto,2026-01-22T07:13:28.883061
2026-01-22T14:00,-0.9,58,-8.1,-4.7,0,0.0,0.0,0.0,0.0,0.0,0,1019.5,1013.6,12,24140.0,4.7,36.7,kyoto,2026-01-22T07:13:28.883061
2026-01-22T15:00,-1.2,62,-7.6,-4.8,0,0.0,0.0,0.0,0.0,0.0,0,1019.7,1013.8,4,22340.0,3.7,29.9,kyoto,2026-01-22T07:13:28.883061
2026-01-22T16:00,-1.6,63,-7.7,-5.2,0,0.0,0.0,0.0,0.0,0.0,0,1019.9,1014.0,4,22760.0,3.6,23.4,kyoto,2026-01-22T07:13:28.883061
2026-01-22T17:00,-1.9,65,-7.6,-5.5,0,0.0,0.0,0.0,0.0,0.0,0,1020.3,1014.4,6,23920.0,3.8,22.0,kyoto,2026-01-22T07:13:28.883061
2026-01-22T18:00,-2.1,67,-7.4,-5.6,0,0.0,0.0,0.0,0.0,0.0,0,1020.7,1014.8,10,24140.0,3.3,20.2,kyoto,2026-01-22T07:13:28.883061
2026-01-22T19:00,-2.3,69,-7.3,-5.8,0,0.0,0.0,0.0,0.0,0.0,0,1021.0,1015.1,13,24140.0,2.9,22.3,kyoto,2026-01-22T07:13:28.883061
2026-01-22T20:00,-2.5,70,-7.2,-5.8,0,0.0,0.0,0.0,0.0,0.0,1,1021.5,1015.6,24,24140.0,2.3,24.8,kyoto,2026-01-22T07:13:28.883061
2026-01-22T21:00,-2.5,78,-5.8,-5.6,0,0.0,0.0,0.0,0.0,0.0,1,1022.1,1016.2,40,24140.0,1.5,25.2,kyoto,2026-01-22T07:13:28.883061
2026-01-22T22:00,-2.5,78,-5.8,-5.5,0,0.0,0.0,0.0,0.0,0.0,0,1022.7,1016.8,18,24140.0,1.1,23.8,kyoto,2026-01-22T07:13:28.883061
2026-01-22T23:00,-2.2,68,-7.3,-5.7,0,0.0,0.0,0.0,0.0,0.0,0,1023.1,1017.2,10,24140.0,3.4,22.0,kyoto,2026-01-22T07:13:28.883061
2026-01-22T00:00,0.5,59,-6.6,-3.7,8,0.0,0.0,0.0,0.0,0.0,0,1017.4,1017.0,4,24140.0,8.5,32.0,osaka,2026-01-22T07:15:31.813706
2026-01-22T01:00,1.7,55,-6.4,-2.6,25,0.0,0.0,0.0,0.0,0.0,0,1017.6,1017.2,9,24140.0,9.2,31.3,osaka,2026-01-22T07:15:31.813706
2026-01-22T02:00,2.5,53,-6.2,-1.9,48,0.0,0.0,0.0,0.0,0.0,0,1017.7,1017.3,15,21620.0,9.6,31.7,osaka,2026-01-22T07:15:31.813706
2026-01-22T03:00,3.5,52,-5.4,-1.1,70,0.0,0.0,0.0,0.0,0.0,0,1017.3,1016.9,18,21520.0,12.3,32.4,osaka,2026-01-22T07:15:31.813706
2026-01-22T04:00,3.7,53,-5.0,-0.7,70,0.0,0.0,0.0,0.0,0.0,0,1016.4,1016.0,9,22040.0,10.9,35.3,osaka,2026-01-22T07:15:31.813706
2026-01-22T05:00,4.5,45,-6.4,-0.1,78,0.0,0.0,0.0,0.0,0.0,1,1015.8,1015.4,38,21280.0,11.7,37.4,osaka,2026-01-22T07:15:31.813706
2026-01-22T06:00,4.7,42,-7.1,-0.1,73,0.0,0.0,0.0,0.0,0.0,1,1015.9,1015.5,33,16220.0,12.0,40.0,osaka,2026-01-22T07:15:31.813706
2026-01-22T07:00,4.6,40,-7.9,-0.2,50,0.0,0.0,0.0,0.0,0.0,0,1016.5,1016.1,17,23400.0,11.6,41.0,osaka,2026-01-22T07:15:31.813706
2026-01-22T08:00,4.0,42,-7.8,-0.8,25,0.0,0.0,0.0,0.0,0.0,0,1017.1,1016.7,10,24140.0,11.6,39.6,osaka,2026-01-22T07:15:31.813706
2026-01-22T09:00,3.3,43,-8.1,-1.3,10,0.0,0.0,0.0,0.0,0.0,0,1017.7,1017.3,1,24140.0,10.5,40.0,osaka,2026-01-22T07:15:31.813706
2026-01-22T10:00,2.7,45,-8.1,-2.2,0,0.0,0.0,0.0,0.0,0.0,0,1018.6,1018.2,5,24140.0,12.1,40.7,osaka,2026-01-22T07:15:31.813706
2026-01-22T11:00,1.6,47,-8.5,-3.2,0,0.0,0.0,0.0,0.0,0.0,0,1019.4,1019.0,0,24140.0,12.0,40.0,osaka,2026-01-22T07:15:31.813706
2026-01-22T12:00,1.2,50,-8.0,-3.4,0,0.0,0.0,0.0,0.0,0.0,0,1019.7,1019.3,0,24140.0,10.8,39.6,osaka,2026-01-22T07:15:31.813706
2026-01-22T13:00,0.9,52,-7.9,-3.7,0,0.0,0.0,0.0,0.0,0.0,1,1020.1,1019.7,23,24140.0,10.1,38.5,osaka,2026-01-22T07:15:31.813706
2026-01-22T14:00,0.5,55,-7.5,-4.0,0,0.0,0.0,0.0,0.0,0.0,1,1020.3,1019.9,25,24140.0,9.7,38.2,osaka,2026-01-22T07:15:31.813706
2026-01-22T15:00,0.2,58,-7.1,-4.1,0,0.0,0.0,0.0,0.0,0.0,0,1020.4,1020.0,2,24140.0,8.6,36.0,osaka,2026-01-22T07:15:31.813706
2026-01-22T16:00,-0.1,60,-6.9,-4.1,0,0.0,0.0,0.0,0.0,0.0,0,1020.6,1020.2,10,24140.0,7.6,35.3,osaka,2026-01-22T07:15:31.813706
2026-01-22T17:00,0.1,62,-6.4,-4.1,0,0.0,0.0,0.0,0.0,0.0,0,1020.9,1020.5,14,24140.0,8.3,34.6,osaka,2026-01-22T07:15:31.813706
2026-01-22T18:00,0.0,64,-6.0,-4.1,0,0.0,0.0,0.0,0.0,0.0,0,1021.2,1020.8,14,24140.0,8.3,33.8,osaka,2026-01-22T07:15:31.813706
2026-01-22T19:00,-0.2,65,-5.9,-4.2,0,0.0,0.0,0.0,0.0,0.0,0,1021.5,1021.1,16,24140.0,8.0,32.8,osaka,2026-01-22T07:15:31.813706
2026-01-22T20:00,-0.2,65,-6.0,-4.3,0,0.0,0.0,0.0,0.0,0.0,1,1021.9,1021.5,21,24140.0,7.6,31.7,osaka,2026-01-22T07:15:31.813706
2026-01-22T21:00,-0.2,64,-6.2,-4.3,0,0.0,0.0,0.0,0.0,0.0,0,1022.4,1022.0,6,24140.0,8.0,30.6,osaka,2026-01-22T07:15:31.813706
2026-01-22T22:00,-0.2,65,-5.9,-4.2,0,0.0,0.0,0.0,0.0,0.0,0,1023.0,1022.6,17,24140.0,8.0,29.5,osaka,2026-01-22T07:15:31.813706
2026-01-22T23:00,0.3,66,-5.3,-3.7,0,0.0,0.0,0.0,0.0,0.0,1,1023.3,1022.9,23,24140.0,8.7,29.5,osaka,2026-01-22T07:15:31.813706
2026-01-22T00:00,2.3,44,-8.7,-2.3,0,0.0,0.0,0.0,0.0,0.0,0,1011.8,1007.3,0,24140.0,10.4,26.3,tokyo,2026-01-22T07:15:34.211360
2026-01-22T01:00,3.0,42,-8.6,-1.7,0,0.0,0.0,0.0,0.0,0.0,0,1011.9,1007.4,0,24140.0,10.8,32.0,tokyo,2026-01-22T07:15:34.211360
2026-01-22T02:00,3.6,40,-8.8,-1.0,0,0.0,0.0,0.0,0.0,0.0,0,1012.0,1007.5,0,24140.0,10.1,33.1,tokyo,2026-01-22T07:15:34.211360
2026-01-22T03:00,4.2,36,-9.5,-0.0,0,0.0,0.0,0.0,0.0,0.0,0,1011.2,1006.7,16,24140.0,9.2,31.3,tokyo,2026-01-22T07:15:34.211360
2026-01-22T04:00,4.8,31,-11.0,0.0,0,0.0,0.0,0.0,0.0,0.0,1,1010.8,1006.3,42,24140.0,9.7,29.2,tokyo,2026-01-22T07:15:34.211360
2026-01-22T05:00,4.9,30,-11.3,0.2,0,0.0,0.0,0.0,0.0,0.0,1,1011.0,1006.5,35,24140.0,9.6,28.4,tokyo,2026-01-22T07:15:34.211360
2026-01-22T06:00,4.8,29,-11.7,0.2,0,0.0,0.0,0.0,0.0,0.0,1,1011.3,1006.8,33,24140.0,8.5,28.4,tokyo,2026-01-22T07:15:34.211360
2026-01-22T07:00,4.6,29,-11.9,0.0,0,0.0,0.0,0.0,0.0,0.0,1,1011.9,1007.4,31,24140.0,8.2,29.9,tokyo,2026-01-22T07:15:34.211360
2026-01-22T08:00,3.8,31,-11.8,-0.6,0,0.0,0.0,0.0,0.0,0.0,1,1013.1,1008.6,23,24140.0,7.5,28.8,tokyo,2026-01-22T07:15:34.211360
2026-01-22T09:00,3.0,34,-11.3,-1.3,0,0.0,0.0,0.0,0.0,0.0,0,1014.1,1009.6,5,24140.0,6.9,22.0,tokyo,2026-01-22T07:15:34.211360
2026-01-22T10:00,2.3,38,-10.5,-1.7,0,0.0,0.0,0.0,0.0,0.0,0,1014.9,1010.4,0,24140.0,5.1,14.8,tokyo,2026-01-22T07:15:34.211360
2026-01-22T11:00,1.7,43,-9.6,-2.1,0,0.0,0.0,0.0,0.0,0.0,0,1015.3,1010.8,0,24140.0,4.3,11.2,tokyo,2026-01-22T07:15:34.211360
2026-01-22T12:00,1.2,45,-9.4,-2.7,0,0.0,0.0,0.0,0.0,0.0,0,1015.4,1010.9,0,24140.0,4.5,9.0,tokyo,2026-01-22T07:15:34.211360
2026-01-22T13:00,0.8,48,-9.0,-3.0,0,0.0,0.0,0.0,0.0,0.0,0,1015.6,1011.1,0,24140.0,3.9,7.2,tokyo,2026-01-22T07:15:34.211360
2026-01-22T14:00,0.3,49,-9.1,-3.3,0,0.0,0.0,0.0,0.0,0.0,0,1015.9,1011.3,0,24140.0,2.9,4.3,tokyo,2026-01-22T07:15:34.211360
2026-01-22T15:00,0.0,48,-9.7,-3.9,0,0.0,0.0,0.0,0.0,0.0,0,1015.9,1011.3,0,24140.0,4.7,3.2,tokyo,2026-01-22T07:15:34.211360
2026-01-22T16:00,-0.5,51,-9.4,-4.4,0,0.0,0.0,0.0,0.0,0.0,0,1016.0,1011.4,0,24140.0,4.5,3.2,tokyo,2026-01-22T07:15:34.211360
2026-01-22T17:00,-0.8,54,-9.0,-4.5,0,0.0,0.0,0.0,0.0,0.0,0,1016.2,1011.6,0,24140.0,3.8,3.6,tokyo,2026-01-22T07:15:34.211360
2026-01-22T18:00,-1.1,53,-9.5,-4.9,0,0.0,0.0,0.0,0.0,0.0,0,1016.3,1011.7,0,24140.0,3.7,5.0,tokyo,2026-01-22T07:15:34.211360
2026-01-22T19:00,-1.6,53,-10.0,-5.4,0,0.0,0.0,0.0,0.0,0.0,0,1016.5,1011.9,0,24140.0,3.6,5.0,tokyo,2026-01-22T07:15:34.211360
2026-01-22T20:00,-2.0,54,-10.1,-5.8,0,0.0,0.0,0.0,0.0,0.0,0,1016.9,1012.3,0,24140.0,3.7,4.7,tokyo,2026-01-22T07:15:34.211360
2026-01-22T21:00,-2.2,54,-10.3,-6.1,0,0.0,0.0,0.0,0.0,0.0,0,1017.6,1013.0,0,24140.0,3.9,4.7,tokyo,2026-01-22T07:15:34.211360
2026-01-22T22:00,-2.4,58,-9.5,-6.1,0,0.0,0.0,0.0,0.0,0.0,0,1018.1,1013.5,0,24140.0,3.5,3.6,tokyo,2026-01-22T07:15:34.211360
2026-01-22T23:00,-1.5,48,-11.1,-5.3,0,0.0,0.0,0.0,0.0,0.0,0,1018.6,1014.0,0,24140.0,2.9,3.2,tokyo,2026-01-22T07:15:34.211360
2026-01-22T00:00,-4.5,87,-6.3,-9.6,0,0.0,0.0,0.0,0.0,0.12,3,1018.6,1016.7,99,19420.0,15.5,29.5,riga,2026-01-22T07:15:36.611461
2026-01-22T01:00,-4.5,87,-6.3,-9.6,0,0.0,0.0,0.0,0.0,0.12,3,1018.6,1016.7,99,21940.0,15.1,27.4,riga,2026-01-22T07:15:36.611461
2026-01-22T02:00,-4.5,86,-6.5,-9.7,0,0.0,0.0,0.0,0.0,0.12,3,1018.5,1016.6,99,18780.0,15.8,27.7,riga,2026-01-22T07:15:36.611461
2026-01-22T03:00,-4.2,85,-6.3,-9.3,0,0.0,0.0,0.0,0.0,0.12,3,1018.2,1016.3,100,18380.0,15.5,28.1,riga,2026-01-22T07:15:36.611461
2026-01-22T04:00,-4.0,86,-6.0,-9.3,0,0.0,0.0,0.0,0.0,0.12,3,1018.3,1016.4,100,37460.0,16.2,28.4,riga,2026-01-22T07:15:36.611461
2026-01-22T05:00,-4.0,85,-6.2,-9.4,0,0.0,0.0,0.0,0.0,0.12,3,1018.4,1016.5,100,43660.0,16.9,29.9,riga,2026-01-22T07:15:36.611461
2026-01-22T06:00,-3.9,83,-6.3,-9.3,0,0.0,0.0,0.0,0.0,0.12,3,1018.7,1016.8,99,40360.0,16.9,29.9,riga,2026-01-22T07:15:36.611461
2026-01-22T07:00,-4.1,84,-6.4,-9.5,0,0.0,0.0,0.0,0.0,0.12,3,1019.1,1017.2,95,29280.0,16.9,29.9,riga,2026-01-22T07:15:36.611461
2026-01-22T08:00,-4.1,83,-6.6,-9.5,0,0.0,0.0,0.0,0.0,0.12,3,1019.5,1017.6,83,26160.0,16.9,30.2,riga,2026-01-22T07:15:36.611461
2026-01-22T09:00,-3.9,81,-6.6,-9.3,0,0.0,0.0,0.0,0.0,0.12,3,1019.8,1017.9,90,29000.0,17.3,30.6,riga,2026-01-22T07:15:36.611461
2026-01-22T10:00,-3.7,79,-6.8,-9.2,0,0.0,0.0,0.0,0.0,0.12,3,1019.7,1017.8,98,36720.0,17.3,31.3,riga,2026-01-22T07:15:36.611461
2026-01-22T11:00,-3.5,77,-7.0,-9.0,0,0.0,0.0,0.0,0.0,0.12,3,1019.6,1017.7,99,42680.0,16.9,31.0,riga,2026-01-22T07:15:36.611461
2026-01-22T12:00,-3.4,76,-7.0,-8.9,0,0.0,0.0,0.0,0.0,0.12,3,1019.7,1017.8,100,57280.0,17.3,31.3,riga,2026-01-22T07:15:36.611461
2026-01-22T13:00,-3.4,76,-7.0,-8.9,0,0.0,0.0,0.0,0.0,0.12,3,1020.0,1018.1,100,52980.0,17.6,31.7,riga,2026-01-22T07:15:36.611461
2026-01-22T14:00,-3.6,77,-7.1,-9.3,0,0.0,0.0,0.0,0.0,0.12,3,1020.2,1018.3,100,49000.0,18.7,33.1,riga,2026-01-22T07:15:36.611461
2026-01-22T15:00,-3.9,78,-7.1,-9.7,0,0.0,0.0,0.0,0.0,0.12,3,1020.3,1018.4,100,45640.0,19.4,34.6,riga,2026-01-22T07:15:36.611461
2026-01-22T16:00,-4.2,78,-7.5,-10.1,0,0.0,0.0,0.0,0.0,0.12,3,1020.3,1018.4,99,24100.0,19.4,34.9,riga,2026-01-22T07:15:36.611461
2026-01-22T17:00,-4.6,79,-7.7,-10.4,0,0.0,0.0,0.0,0.0,0.12,3,1020.4,1018.5,98,16280.0,19.1,34.6,riga,2026-01-22T07:15:36.611461
2026-01-22T18:00,-4.7,79,-7.8,-10.5,0,0.0,0.0,0.0,0.0,0.12,3,1020.6,1018.7,99,19340.0,19.1,34.2,riga,2026-01-22T07:15:36.611461
2026-01-22T19:00,-4.6,76,-8.2,-10.6,0,0.0,0.0,0.0,0.0,0.12,3,1020.8,1018.9,96,28000.0,19.8,35.6,riga,2026-01-22T07:15:36.611461
2026-01-22T20:00,-4.9,78,-8.1,-10.6,0,0.0,0.0,0.0,0.0,0.12,3,1021.0,1019.1,98,24260.0,18.4,35.3,riga,2026-01-22T07:15:36.611461
2026-01-22T21:00,-5.1,78,-8.4,-11.0,0,0.0,0.0,0.0,0.0,0.12,3,1021.1,1019.1,98,24400.0,18.7,33.8,riga,2026-01-22T07:15:36.611461
2026-01-22T22:00,-5.5,79,-8.6,-11.1,0,0.0,0.0,0.0,0.0,0.12,3,1021.3,1019.3,97,25200.0,16.9,33.5,riga,2026-01-22T07:15:36.611461
2026-01-22T23:00,-5.9,80,-8.8,-11.4,0,0.0,0.0,0.0,0.0,0.12,3,1021.5,1019.5,96,27800.0,15.8,30.2,riga,2026-01-22T07:15:36.611461
2026-01-22T00:00,14.4,52,4.7,12.6,45,0.1,0.1,0.0,0.0,0.0,61,1019.6,1016.2,100,75260.0,4.0,8.6,beirut,2026-01-22T07:15:39.009261
2026-01-22T01:00,14.1,57,5.8,12.4,38,0.1,0.1,0.0,0.0,0.0,61,1019.1,1015.7,100,61880.0,5.1,7.9,beirut,2026-01-22T07:15:39.009261
2026-01-22T02:00,14.5,53,5.1,12.4,18,0.0,0.0,0.0,0.0,0.0,3,1016.5,1013.1,100,74160.0,6.2,13.3,beirut,2026-01-22T07:15:39.009261
2026-01-22T03:00,14.9,49,4.3,12.3,8,0.0,0.0,0.0,0.0,0.0,3,1016.5,1013.1,100,75280.0,8.6,12.2,beirut,2026-01-22T07:15:39.009261
2026-01-22T04:00,15.5,55,6.5,13.5,15,0.0,0.0,0.0,0.0,0.0,3,1016.9,1013.5,100,72680.0,7.9,18.7,beirut,2026-01-22T07:15:39.009261
2026-01-22T05:00,15.5,58,7.3,14.2,23,0.0,0.0,0.0,0.0,0.0,3,1016.3,1012.9,100,71480.0,4.0,11.9,beirut,2026-01-22T07:15:39.009261
2026-01-22T06:00,15.7,60,8.0,14.6,18,0.0,0.0,0.0,0.0,0.0,3,1015.9,1012.5,100,69780.0,3.6,6.5,beirut,2026-01-22T07:15:39.009261
2026-01-22T07:00,16.4,58,8.1,15.0,15,0.0,0.0,0.0,0.0,0.0,3,1015.4,1012.1,100,70500.0,6.2,10.4,beirut,2026-01-22T07:15:39.009261
2026-01-22T08:00,16.8,52,6.9,14.0,15,0.0,0.0,0.0,0.0,0.0,3,1015.5,1012.2,100,72700.0,14.0,22.3,beirut,2026-01-22T07:15:39.009261
2026-01-22T09:00,16.6,64,9.8,15.9,8,0.0,0.0,0.0,0.0,0.0,3,1016.4,1013.1,100,62900.0,4.5,29.9,beirut,2026-01-22T07:15:39.009261
2026-01-22T10:00,16.6,64,9.8,16.2,13,0.0,0.0,0.0,0.0,0.0,3,1015.2,1011.9,100,61380.0,2.5,7.6,beirut,2026-01-22T07:15:39.009261
2026-01-22T11:00,16.9,65,10.3,16.6,13,0.0,0.0,0.0,0.0,0.0,3,1013.6,1010.3,100,60420.0,2.4,5.4,beirut,2026-01-22T07:15:39.009261
2026-01-22T12:00,17.3,65,10.7,16.5,15,0.0,0.0,0.0,0.0,0.0,3,1012.8,1009.5,100,60800.0,7.4,12.2,beirut,2026-01-22T07:15:39.009261
2026-01-22T13:00,17.7,64,10.8,17.0,10,0.0,0.0,0.0,0.0,0.0,3,1012.2,1008.9,100,62000.0,6.6,11.5,beirut,2026-01-22T07:15:39.009261
2026-01-22T14:00,17.1,63,10.0,16.6,18,0.0,0.0,0.0,0.0,0.0,3,1012.8,1009.5,100,64120.0,3.3,20.9,beirut,2026-01-22T07:15:39.009261
2026-01-22T15:00,17.0,70,11.5,16.7,23,0.0,0.0,0.0,0.0,0.0,3,1012.2,1008.9,100,55800.0,5.2,9.4,beirut,2026-01-22T07:15:39.009261
2026-01-22T16:00,16.7,73,11.9,16.3,20,0.0,0.0,0.0,0.0,0.0,3,1012.5,1009.2,100,49280.0,7.0,11.2,beirut,2026-01-22T07:15:39.009261
2026-01-22T17:00,16.8,71,11.6,16.3,28,0.0,0.0,0.0,0.0,0.0,3,1011.7,1008.4,100,54420.0,7.2,11.5,beirut,2026-01-22T07:15:39.009261
2026-01-22T18:00,16.5,73,11.7,16.1,28,0.0,0.0,0.0,0.0,0.0,3,1011.3,1008.0,100,48680.0,6.8,11.5,beirut,2026-01-22T07:15:39.009261
2026-01-22T19:00,16.4,77,12.4,16.4,30,0.0,0.0,0.0,0.0,0.0,2,1010.6,1007.3,71,40680.0,5.0,11.2,beirut,2026-01-22T07:15:39.009261
2026-01-22T20:00,16.5,74,11.9,16.2,18,0.0,0.0,0.0,0.0,0.0,2,1010.7,1007.4,75,46820.0,6.6,15.5,beirut,2026-01-22T07:15:39.009261
2026-01-22T21:00,16.5,77,12.5,16.7,20,0.0,0.0,0.0,0.0,0.0,3,1009.9,1006.6,93,43900.0,3.8,10.8,beirut,2026-01-22T07:15:39.009261
2026-01-22T22:00,16.3,78,12.5,16.7,40,0.0,0.0,0.0,0.0,0.0,3,1009.1,1005.8,96,39100.0,2.9,23.8,beirut,2026-01-22T07:15:39.009261
2026-01-22T23:00,16.7,80,13.3,16.2,45,0.0,0.0,0.0,0.0,0.0,3,1010.0,1006.7,99,33380.0,11.2,23.0,beirut,2026-01-22T07:15:39.009261
2026-01-22T00:00,12.9,73,8.2,9.7,33,0.2,0.2,0.0,0.0,0.0,61,1003.9,1002.1,92,45920.0,18.8,57.6,tripoli,2026-01-22T07:16:56.733787
2026-01-22T01:00,12.9,72,8.0,9.7,13,0.0,0.0,0.0,0.0,0.0,2,1003.8,1002.0,72,46920.0,19.0,51.8,tripoli,2026-01-22T07:16:56.733787
2026-01-22T02:00,13.1,71,8.0,9.7,10,0.0,0.0,0.0,0.0,0.0,3,1004.0,1002.2,84,47880.0,19.4,50.4,tripoli,2026-01-22T07:16:56.733787
2026-01-22T03:00,12.9,74,8.4,9.7,13,0.0,0.0,0.0,0.0,0.0,3,1004.1,1002.3,86,42100.0,19.4,55.4,tripoli,2026-01-22T07:16:56.733787
2026-01-22T04:00,13.1,75,8.8,10.0,8,0.0,0.0,0.0,0.0,0.0,3,1004.5,1002.7,93,39200.0,19.1,54.0,tripoli,2026-01-22T07:16:56.733787
2026-01-22T05:00,12.8,77,8.9,10.1,8,0.0,0.0,0.0,0.0,0.0,3,1005.0,1003.2,84,36760.0,16.2,49.0,tripoli,2026-01-22T07:16:56.733787
2026-01-22T06:00,12.6,78,8.9,10.0,0,0.0,0.0,0.0,0.0,0.0,2,1005.8,1004.0,65,35320.0,16.4,40.7,tripoli,2026-01-22T07:16:56.733787
2026-01-22T07:00,12.8,77,8.8,10.2,0,0.0,0.0,0.0,0.0,0.0,2,1006.8,1005.0,50,35960.0,15.2,42.1,tripoli,2026-01-22T07:16:56.733787
2026-01-22T08:00,13.4,71,8.3,11.0,0,0.0,0.0,0.0,0.0,0.0,0,1007.2,1005.4,0,44420.0,13.6,37.1,tripoli,2026-01-22T07:16:56.733787
2026-01-22T09:00,14.9,64,8.1,12.2,0,0.0,0.0,0.0,0.0,0.0,0,1007.7,1005.9,0,54120.0,15.1,40.3,tripoli,2026-01-22T07:16:56.733787
2026-01-22T10:00,16.2,58,8.0,13.4,0,0.0,0.0,0.0,0.0,0.0,0,1007.6,1005.8,0,62600.0,16.2,42.1,tripoli,2026-01-22T07:16:56.733787
2026-01-22T11:00,17.2,54,7.8,14.4,0,0.0,0.0,0.0,0.0,0.0,1,1007.3,1005.5,38,67200.0,16.8,44.3,tripoli,2026-01-22T07:16:56.733787
2026-01-22T12:00,17.7,51,7.4,14.5,0,0.0,0.0,0.0,0.0,0.0,2,1006.7,1004.9,79,71060.0,18.0,47.5,tripoli,2026-01-22T07:16:56.733787
2026-01-22T13:00,18.2,49,7.4,15.0,0,0.0,0.0,0.0,0.0,0.0,0,1006.5,1004.7,28,72360.0,17.7,46.8,tripoli,2026-01-22T07:16:56.733787
2026-01-22T14:00,18.8,45,6.6,15.4,0,0.0,0.0,0.0,0.0,0.0,0,1006.6,1004.8,11,75300.0,17.3,44.3,tripoli,2026-01-22T07:16:56.733787
2026-01-22T15:00,18.8,45,6.6,15.6,0,0.0,0.0,0.0,0.0,0.0,0,1006.3,1004.5,6,75820.0,15.5,44.3,tripoli,2026-01-22T07:16:56.733787
2026-01-22T16:00,18.2,46,6.4,15.5,0,0.0,0.0,0.0,0.0,0.0,1,1005.9,1004.1,18,75560.0,12.7,38.5,tripoli,2026-01-22T07:16:56.733787
2026-01-22T17:00,17.4,50,6.9,15.1,0,0.0,0.0,0.0,0.0,0.0,3,1005.8,1004.0,100,74220.0,10.0,32.0,tripoli,2026-01-22T07:16:56.733787
2026-01-22T18:00,16.8,50,6.3,14.6,0,0.0,0.0,0.0,0.0,0.0,3,1006.3,1004.5,100,73820.0,9.0,25.6,tripoli,2026-01-22T07:16:56.733787
2026-01-22T19:00,16.1,51,6.0,13.6,3,0.0,0.0,0.0,0.0,0.0,3,1007.0,1005.2,95,73440.0,10.4,27.0,tripoli,2026-01-22T07:16:56.733787
2026-01-22T20:00,15.9,50,5.5,13.3,8,0.0,0.0,0.0,0.0,0.0,3,1007.6,1005.8,100,73820.0,10.5,28.1,tripoli,2026-01-22T07:16:56.733787
2026-01-22T21:00,15.4,56,6.7,12.6,45,0.2,0.2,0.0,0.0,0.0,61,1007.7,1005.9,100,21740.0,13.6,36.4,tripoli,2026-01-22T07:16:56.733787
2026-01-22T22:00,14.6,62,7.4,12.6,60,0.1,0.1,0.0,0.0,0.0,61,1006.8,1005.0,97,63600.0,9.1,35.6,tripoli,2026-01-22T07:16:56.733787
2026-01-22T23:00,14.5,61,7.1,12.1,63,0.0,0.0,0.0,0.0,0.0,3,1006.9,1005.1,100,52640.0,11.5,30.6,tripoli,2026-01-22T07:16:56.733787
2026-01-22T00:00,0.3,72,-4.1,-3.8,0,0.0,0.0,0.0,0.0,0.0,3,999.2,961.2,100,50000.0,10.1,13.7,luxembourg,2026-01-22T07:17:34.288145
2026-01-22T01:00,0.3,75,-3.6,-3.4,0,0.0,0.0,0.0,0.0,0.0,3,999.2,961.1,100,16300.0,7.6,11.2,luxembourg,2026-01-22T07:17:34.288145
2026-01-22T02:00,-0.3,80,-3.3,-3.9,0,0.0,0.0,0.0,0.0,0.0,3,998.6,960.5,100,50000.0,7.2,11.5,luxembourg,2026-01-22T07:17:34.288145
2026-01-22T03:00,-0.2,78,-3.5,-3.8,0,0.0,0.0,0.0,0.0,0.0,3,998.1,960.0,100,14600.0,7.2,11.9,luxembourg,2026-01-22T07:17:34.288145
2026-01-22T04:00,-0.0,77,-3.6,-3.7,0,0.0,0.0,0.0,0.0,0.0,3,997.8,959.7,100,15340.0,7.6,11.5,luxembourg,2026-01-22T07:17:34.288145
2026-01-22T05:00,-0.5,78,-3.9,-4.3,0,0.0,0.0,0.0,0.0,0.0,3,997.7,959.6,100,14660.0,7.6,13.7,luxembourg,2026-01-22T07:17:34.288145
2026-01-22T06:00,-0.4,78,-3.8,-4.1,0,0.0,0.0,0.0,0.0,0.0,3,997.4,959.3,100,14500.0,7.2,13.3,luxembourg,2026-01-22T07:17:34.288145
2026-01-22T07:00,-0.2,77,-3.8,-3.8,0,0.0,0.0,0.0,0.0,0.0,3,997.3,959.2,100,15060.0,6.8,12.6,luxembourg,2026-01-22T07:17:34.288145
2026-01-22T08:00,0.1,75,-3.8,-3.6,0,0.0,0.0,0.0,0.0,0.0,3,997.7,959.7,100,50000.0,7.2,11.9,luxembourg,2026-01-22T07:17:34.288145
2026-01-22T09:00,0.4,74,-3.7,-3.9,0,0.0,0.0,0.0,0.0,0.0,3,997.8,959.9,100,50000.0,11.2,22.0,luxembourg,2026-01-22T07:17:34.288145
2026-01-22T10:00,1.7,71,-3.0,-2.4,0,0.0,0.0,0.0,0.0,0.0,3,997.9,960.2,100,18280.0,10.8,23.0,luxembourg,2026-01-22T07:17:34.288145
2026-01-22T11:00,2.8,70,-2.1,-1.4,0,0.0,0.0,0.0,0.0,0.0,3,997.8,960.2,99,18460.0,12.2,24.8,luxembourg,2026-01-22T07:17:34.288145
2026-01-22T12:00,2.8,77,-0.8,-1.1,0,0.0,0.0,0.0,0.0,0.0,3,997.4,960.0,100,15120.0,11.5,25.9,luxembourg,2026-01-22T07:17:34.288145
2026-01-22T13:00,2.9,83,0.3,-0.8,0,0.0,0.0,0.0,0.0,0.0,3,996.9,959.6,100,11980.0,10.8,22.7,luxembourg,2026-01-22T07:17:34.288145
2026-01-22T14:00,3.1,89,1.5,-0.3,0,0.0,0.0,0.0,0.0,0.0,3,997.0,959.7,100,50000.0,10.8,21.2,luxembourg,2026-01-22T07:17:34.288145
2026-01-22T15:00,3.1,95,2.4,-0.3,0,0.1,0.1,0.0,0.0,0.0,51,997.1,959.7,100,5180.0,11.9,22.7,luxembourg,2026-01-22T07:17:34.288145
2026-01-22T16:00,3.2,97,2.8,-0.3,0,0.2,0.2,0.0,0.0,0.0,51,997.2,959.7,100,2940.0,12.6,24.8,luxembourg,2026-01-22T07:17:34.288145
2026-01-22T17:00,3.2,97,2.8,-0.1,0,0.3,0.3,0.0,0.0,0.0,51,997.3,959.7,100,2300.0,11.2,24.5,luxembourg,2026-01-22T07:17:34.288145
2026-01-22T18:00,3.1,99,2.9,-0.1,0,0.4,0.4,0.0,0.0,0.0,51,997.3,959.7,100,2040.0,10.8,22.0,luxembourg,2026-01-22T07:17:34.288145
2026-01-22T19:00,3.1,99,3.0,0.0,1,0.0,0.0,0.0,0.0,0.0,3,996.9,959.2,100,1960.0,10.4,20.9,luxembourg,2026-01-22T07:17:34.288145
2026-01-22T20:00,3.2,99,3.1,0.1,1,0.0,0.0,0.0,0.0,0.0,3,996.8,959.1,100,2020.0,10.8,20.9,luxembourg,2026-01-22T07:17:34.288145
2026-01-22T21:00,3.0,99,2.9,-0.4,2,0.0,0.0,0.0,0.0,0.0,3,997.1,959.5,100,1980.0,12.2,24.1,luxembourg,2026-01-22T07:17:34.288145
2026-01-22T22:00,2.8,98,2.5,-0.7,2,0.0,0.0,0.0,0.0,0.0,3,997.0,959.4,100,2240.0,12.2,23.4,luxembourg,2026-01-22T07:17:34.288145
2026-01-22T23:00,2.6,98,2.3,-0.7,2,0.0,0.0,0.0,0.0,0.0,3,997.0,959.4,100,2360.0,10.4,23.4,luxembourg,2026-01-22T07:17:34.288145
2026-01-22T00:00,24.0,80,20.4,27.9,0,0.0,0.0,0.0,0.0,0.0,3,1011.1,1006.6,100,24140.0,1.5,1.1,kuala_lumpur,2026-01-22T07:17:36.690741
2026-01-22T01:00,25.1,81,21.7,29.8,0,0.0,0.0,0.0,0.0,0.0,3,1011.8,1007.3,100,24140.0,0.7,2.5,kuala_lumpur,2026-01-22T07:17:36.690741
2026-01-22T02:00,26.8,71,21.1,31.1,0,0.0,0.0,0.0,0.0,0.0,3,1012.6,1008.1,100,24140.0,1.1,4.0,kuala_lumpur,2026-01-22T07:17:36.690741
2026-01-22T03:00,28.2,66,21.3,32.5,0,0.0,0.0,0.0,0.0,0.0,3,1012.9,1008.4,100,24140.0,1.8,6.1,kuala_lumpur,2026-01-22T07:17:36.690741
2026-01-22T04:00,29.5,61,21.2,35.0,0,0.0,0.0,0.0,0.0,0.0,3,1012.9,1008.5,100,24140.0,2.0,6.8,kuala_lumpur,2026-01-22T07:17:36.690741
2026-01-22T05:00,30.3,59,21.4,35.5,0,0.0,0.0,0.0,0.0,0.0,3,1012.3,1007.9,100,24140.0,4.5,10.8,kuala_lumpur,2026-01-22T07:17:36.690741
2026-01-22T06:00,30.4,59,21.5,34.0,0,0.0,0.0,0.0,0.0,0.0,3,1011.6,1007.2,100,24140.0,7.2,15.1,kuala_lumpur,2026-01-22T07:17:36.690741
2026-01-22T07:00,30.6,56,20.8,33.7,0,0.0,0.0,0.0,0.0,0.0,3,1010.5,1006.1,100,24140.0,8.1,16.2,kuala_lumpur,2026-01-22T07:17:36.690741
2026-01-22T08:00,30.6,54,20.3,33.6,0,0.0,0.0,0.0,0.0,0.0,3,1009.8,1005.4,100,22560.0,7.3,16.2,kuala_lumpur,2026-01-22T07:17:36.690741
2026-01-22T09:00,30.4,54,20.1,33.5,0,0.0,0.0,0.0,0.0,0.0,3,1009.3,1004.9,100,24140.0,5.8,14.8,kuala_lumpur,2026-01-22T07:17:36.690741
2026-01-22T10:00,30.0,56,20.3,33.3,0,0.0,0.0,0.0,0.0,0.0,3,1009.6,1005.2,100,24140.0,4.9,11.5,kuala_lumpur,2026-01-22T07:17:36.690741
2026-01-22T11:00,29.1,62,21.1,33.0,0,0.0,0.0,0.0,0.0,0.0,3,1009.9,1005.5,100,24140.0,4.2,9.7,kuala_lumpur,2026-01-22T07:17:36.690741
2026-01-22T12:00,27.8,69,21.6,31.9,0,0.0,0.0,0.0,0.0,0.0,3,1010.4,1005.9,100,24140.0,4.1,7.9,kuala_lumpur,2026-01-22T07:17:36.690741
2026-01-22T13:00,26.8,76,22.3,31.4,0,0.0,0.0,0.0,0.0,0.0,3,1011.1,1006.6,100,24140.0,3.7,7.6,kuala_lumpur,2026-01-22T07:17:36.690741
2026-01-22T14:00,26.0,81,22.5,30.8,0,0.0,0.0,0.0,0.0,0.0,3,1011.9,1007.4,100,24140.0,2.9,6.5,kuala_lumpur,2026-01-22T07:17:36.690741
2026-01-22T15:00,25.8,80,22.1,30.3,0,0.0,0.0,0.0,0.0,0.0,3,1012.4,1007.9,100,24140.0,3.3,5.4,kuala_lumpur,2026-01-22T07:17:36.690741
2026-01-22T16:00,25.5,77,21.2,29.5,0,0.0,0.0,0.0,0.0,0.0,3,1012.3,1007.8,96,24140.0,3.9,6.8,kuala_lumpur,2026-01-22T07:17:36.690741
2026-01-22T17:00,25.6,74,20.6,29.7,0,0.0,0.0,0.0,0.0,0.0,3,1012.6,1008.1,86,24140.0,0.5,6.5,kuala_lumpur,2026-01-22T07:17:36.690741
2026-01-22T18:00,25.1,75,20.4,29.1,0,0.0,0.0,0.0,0.0,0.0,3,1012.5,1008.0,90,24140.0,1.0,1.4,kuala_lumpur,2026-01-22T07:17:36.690741
2026-01-22T19:00,24.6,77,20.3,28.5,0,0.0,0.0,0.0,0.0,0.0,2,1012.0,1007.5,46,24140.0,0.5,1.4,kuala_lumpur,2026-01-22T07:17:36.690741
2026-01-22T20:00,24.1,79,20.3,27.9,0,0.0,0.0,0.0,0.0,0.0,1,1011.5,1007.0,30,24140.0,2.0,2.5,kuala_lumpur,2026-01-22T07:17:36.690741
2026-01-22T21:00,23.6,82,20.4,27.4,0,0.0,0.0,0.0,0.0,0.0,1,1011.5,1007.0,38,24140.0,1.8,2.9,kuala_lumpur,2026-01-22T07:17:36.690741
2026-01-22T22:00,23.0,85,20.4,26.8,0,0.0,0.0,0.0,0.0,0.0,2,1011.9,1007.4,44,24140.0,2.1,3.6,kuala_lumpur,2026-01-22T07:17:36.690741
2026-01-22T23:00,22.5,88,20.4,26.2,0,0.0,0.0,0.0,0.0,0.0,2,1012.5,1007.9,57,24140.0,2.2,4.0,kuala_lumpur,2026-01-22T07:17:36.690741
2026-01-22T00:00,11.2,96,10.6,10.9,3,0.0,0.0,0.0,0.0,0.0,2,998.9,992.3,67,4980.0,3.6,4.7,valletta,2026-01-22T07:17:39.097524
2026-01-22T01:00,11.3,93,10.2,10.8,5,0.0,0.0,0.0,0.0,0.0,2,999.1,992.5,48,9080.0,4.0,9.4,valletta,2026-01-22T07:17:39.097524
2026-01-22T02:00,11.1,94,10.2,10.7,0,0.0,0.0,0.0,0.0,0.0,2,999.0,992.4,60,7980.0,3.7,8.3,valletta,2026-01-22T07:17:39.097524
2026-01-22T03:00,11.0,92,9.7,10.4,0,0.0,0.0,0.0,0.0,0.0,2,999.0,992.4,62,11300.0,3.9,9.4,valletta,2026-01-22T07:17:39.097524
2026-01-22T04:00,10.8,96,10.1,10.1,0,0.0,0.0,0.0,0.0,0.0,1,999.2,992.6,40,4180.0,4.6,10.4,valletta,2026-01-22T07:17:39.097524
2026-01-22T05:00,10.6,96,10.0,9.9,0,0.0,0.0,0.0,0.0,0.0,2,999.7,993.1,43,3860.0,4.7,10.4,valletta,2026-01-22T07:17:39.097524
2026-01-22T06:00,10.6,94,9.7,10.0,0,0.0,0.0,0.0,0.0,0.0,1,1000.5,993.9,16,7640.0,4.3,10.1,valletta,2026-01-22T07:17:39.097524
2026-01-22T07:00,11.1,92,9.8,10.4,3,0.0,0.0,0.0,0.0,0.0,3,1001.1,994.5,83,11040.0,4.5,9.4,valletta,2026-01-22T07:17:39.097524
2026-01-22T08:00,12.5,90,10.9,12.0,8,0.0,0.0,0.0,0.0,0.0,2,1001.5,994.9,62,13160.0,5.7,14.4,valletta,2026-01-22T07:17:39.097524
2026-01-22T09:00,14.3,76,10.1,12.3,33,0.0,0.0,0.0,0.0,0.0,2,1002.1,995.6,73,37620.0,13.9,34.9,valletta,2026-01-22T07:17:39.097524
2026-01-22T10:00,14.6,75,10.2,12.4,28,0.0,0.0,0.0,0.0,0.0,2,1002.2,995.7,52,38640.0,15.8,37.8,valletta,2026-01-22T07:17:39.097524
2026-01-22T11:00,15.4,68,9.5,12.7,23,0.0,0.0,0.0,0.0,0.0,2,1002.0,995.5,48,50180.0,18.0,43.9,valletta,2026-01-22T07:17:39.097524
2026-01-22T12:00,15.7,66,9.4,12.8,10,0.0,0.0,0.0,0.0,0.0,2,1002.0,995.5,62,52240.0,18.7,46.1,valletta,2026-01-22T07:17:39.097524
2026-01-22T13:00,14.8,74,10.2,12.1,13,0.0,0.0,0.0,0.0,0.0,2,1002.8,996.3,70,37500.0,18.4,47.9,valletta,2026-01-22T07:17:39.097524
2026-01-22T14:00,14.4,76,10.2,12.1,0,0.0,0.0,0.0,0.0,0.0,2,1003.3,996.8,60,33580.0,16.2,45.7,valletta,2026-01-22T07:17:39.097524
2026-01-22T15:00,14.2,75,9.9,12.1,0,0.0,0.0,0.0,0.0,0.0,2,1003.3,996.8,47,38520.0,14.4,40.0,valletta,2026-01-22T07:17:39.097524
2026-01-22T16:00,13.8,75,9.4,12.0,0,0.0,0.0,0.0,0.0,0.0,2,1003.2,996.7,47,43280.0,11.7,34.6,valletta,2026-01-22T07:17:39.097524
2026-01-22T17:00,13.1,80,9.7,11.9,0,0.0,0.0,0.0,0.0,0.0,1,1003.1,996.5,40,35040.0,7.6,27.4,valletta,2026-01-22T07:17:39.097524
2026-01-22T18:00,12.9,82,9.9,11.9,0,0.0,0.0,0.0,0.0,0.0,1,1003.7,997.1,40,31800.0,6.6,18.7,valletta,2026-01-22T07:17:39.097524
2026-01-22T19:00,13.1,81,9.9,12.3,0,0.0,0.0,0.0,0.0,0.0,2,1003.9,997.3,51,35140.0,5.2,17.3,valletta,2026-01-22T07:17:39.097524
2026-01-22T20:00,13.4,78,9.7,12.4,3,0.0,0.0,0.0,0.0,0.0,3,1003.8,997.2,100,40080.0,6.4,18.7,valletta,2026-01-22T07:17:39.097524
2026-01-22T21:00,13.6,84,10.9,12.3,13,0.0,0.0,0.0,0.0,0.0,3,1003.6,997.0,100,24160.0,10.7,27.4,valletta,2026-01-22T07:17:39.097524
2026-01-22T22:00,14.1,79,10.6,12.8,53,0.0,0.0,0.0,0.0,0.0,3,1002.9,996.4,100,36640.0,10.7,28.4,valletta,2026-01-22T07:17:39.097524
2026-01-22T23:00,13.6,81,10.4,11.4,80,0.1,0.1,0.0,0.0,0.0,61,1002.6,996.1,100,30060.0,15.3,42.8,valletta,2026-01-22T07:17:39.097524
2026-01-22T00:00,16.6,51,6.4,14.3,40,0.9,0.0,1.0,0.0,0.0,80,1018.0,787.6,100,24140.0,9.7,28.1,mexico_city,2026-01-22T07:18:56.815323
2026-01-22T01:00,13.0,74,8.5,12.1,15,1.2,0.0,1.2,0.0,0.0,80,1020.5,787.1,100,24140.0,3.6,26.6,mexico_city,2026-01-22T07:18:56.815323
2026-01-22T02:00,12.5,76,8.4,11.2,13,0.3,0.0,0.3,0.0,0.0,80,1021.0,787.1,44,20740.0,5.6,19.1,mexico_city,2026-01-22T07:18:56.815323
2026-01-22T03:00,12.0,77,8.1,10.8,0,0.0,0.0,0.0,0.0,0.0,1,1021.6,787.2,14,7240.0,4.3,13.3,mexico_city,2026-01-22T07:18:56.815323
2026-01-22T04:00,10.9,79,7.4,9.3,3,0.0,0.0,0.0,0.0,0.0,1,1022.3,787.0,10,24080.0,6.0,13.3,mexico_city,2026-01-22T07:18:56.815323
2026-01-22T05:00,10.0,79,6.5,8.2,5,0.0,0.0,0.0,0.0,0.0,0,1022.1,786.2,6,24140.0,6.2,13.7,mexico_city,2026-01-22T07:18:56.815323
2026-01-22T06:00,9.1,82,6.2,7.2,3,0.0,0.0,0.0,0.0,0.0,0,1021.6,785.2,0,24140.0,6.4,14.0,mexico_city,2026-01-22T07:18:56.815323
2026-01-22T07:00,8.4,84,5.8,6.4,0,0.0,0.0,0.0,0.0,0.0,1,1021.2,784.4,8,24140.0,6.6,14.8,mexico_city,2026-01-22T07:18:56.815323
2026-01-22T08:00,7.9,85,5.5,5.9,0,0.0,0.0,0.0,0.0,0.0,1,1020.9,783.8,8,24140.0,6.0,14.8,mexico_city,2026-01-22T07:18:56.815323
2026-01-22T09:00,7.3,87,5.3,5.3,0,0.0,0.0,0.0,0.0,0.0,1,1020.5,783.1,14,24140.0,6.2,14.0,mexico_city,2026-01-22T07:18:56.815323
2026-01-22T10:00,6.8,88,5.0,4.7,0,0.0,0.0,0.0,0.0,0.0,0,1020.3,782.5,0,24140.0,6.1,13.7,mexico_city,2026-01-22T07:18:56.815323
2026-01-22T11:00,6.7,87,4.7,4.5,0,0.0,0.0,0.0,0.0,0.0,0,1019.8,782.1,0,24140.0,6.3,13.7,mexico_city,2026-01-22T07:18:56.815323
2026-01-22T12:00,7.2,82,4.3,5.0,0,0.0,0.0,0.0,0.0,0.0,0,1020.1,782.6,0,24140.0,5.6,13.7,mexico_city,2026-01-22T07:18:56.815323
2026-01-22T13:00,7.1,79,3.7,4.9,0,0.0,0.0,0.0,0.0,0.0,0,1020.5,782.9,0,24140.0,5.0,11.9,mexico_city,2026-01-22T07:18:56.815323
2026-01-22T14:00,7.3,77,3.6,5.0,0,0.0,0.0,0.0,0.0,0.0,0,1021.4,783.8,0,24140.0,5.3,11.5,mexico_city,2026-01-22T07:18:56.815323
2026-01-22T15:00,11.2,65,4.8,9.6,0,0.0,0.0,0.0,0.0,0.0,0,1022.0,787.0,0,24140.0,1.8,11.5,mexico_city,2026-01-22T07:18:56.815323
2026-01-22T16:00,13.2,58,5.1,10.8,0,0.0,0.0,0.0,0.0,0.0,0,1023.4,789.4,0,24140.0,7.9,21.6,mexico_city,2026-01-22T07:18:56.815323
2026-01-22T17:00,14.9,55,6.0,13.4,0,0.0,0.0,0.0,0.0,0.0,0,1022.3,789.8,0,24140.0,8.4,23.4,mexico_city,2026-01-22T07:18:56.815323
2026-01-22T18:00,16.9,46,5.2,15.7,0,0.0,0.0,0.0,0.0,0.0,0,1020.2,789.6,0,24140.0,9.9,26.6,mexico_city,2026-01-22T07:18:56.815323
2026-01-22T19:00,18.3,41,4.8,16.8,0,0.0,0.0,0.0,0.0,0.0,0,1018.1,788.9,0,24140.0,10.6,29.2,mexico_city,2026-01-22T07:18:56.815323
2026-01-22T20:00,19.4,38,4.7,18.0,0,0.0,0.0,0.0,0.0,0.0,2,1016.1,788.1,51,24140.0,9.3,28.4,mexico_city,2026-01-22T07:18:56.815323
2026-01-22T21:00,20.0,34,3.6,18.0,0,0.0,0.0,0.0,0.0,0.0,2,1014.3,787.0,79,24140.0,3.6,25.6,mexico_city,2026-01-22T07:18:56.815323
2026-01-22T22:00,19.6,33,2.9,17.3,5,0.0,0.0,0.0,0.0,0.0,3,1014.1,786.6,97,24140.0,4.8,13.7,mexico_city,2026-01-22T07:18:56.815323
2026-01-22T23:00,19.0,38,4.3,16.4,8,0.0,0.0,0.0,0.0,0.0,1,1014.3,786.4,33,24140.0,8.3,22.0,mexico_city,2026-01-22T07:18:56.815323
2026-01-22T00:00,-0.9,90,-2.3,-4.4,0,0.0,0.0,0.0,0.0,0.03,3,1015.7,1004.3,100,12420.0,7.5,20.9,chisinau,2026-01-22T07:18:59.211677
2026-01-22T01:00,-0.9,89,-2.5,-4.4,0,0.0,0.0,0.0,0.0,0.03,3,1014.7,1003.3,100,14460.0,6.8,19.8,chisinau,2026-01-22T07:18:59.211677
2026-01-22T02:00,-0.9,90,-2.3,-4.2,0,0.0,0.0,0.0,0.0,0.03,3,1013.6,1002.2,100,11680.0,6.0,18.0,chisinau,2026-01-22T07:18:59.211677
2026-01-22T03:00,-0.6,90,-2.0,-3.8,0,0.0,0.0,0.0,0.0,0.03,3,1013.2,1001.8,100,11200.0,5.6,16.2,chisinau,2026-01-22T07:18:59.211677
2026-01-22T04:00,-0.4,91,-1.7,-3.6,0,0.0,0.0,0.0,0.0,0.03,3,1012.6,1001.3,100,10720.0,5.4,15.1,chisinau,2026-01-22T07:18:59.211677
2026-01-22T05:00,-0.2,90,-1.7,-3.4,0,0.0,0.0,0.0,0.0,0.03,3,1012.5,1001.2,100,11260.0,5.4,15.5,chisinau,2026-01-22T07:18:59.211677
2026-01-22T06:00,0.0,90,-1.4,-3.3,0,0.0,0.0,0.0,0.0,0.03,3,1012.3,1001.0,100,11480.0,6.6,17.3,chisinau,2026-01-22T07:18:59.211677
2026-01-22T07:00,0.5,90,-1.0,-2.8,0,0.0,0.0,0.0,0.0,0.03,3,1011.8,1000.5,100,12380.0,6.6,16.9,chisinau,2026-01-22T07:18:59.211677
2026-01-22T08:00,0.9,90,-0.5,-2.2,0,0.0,0.0,0.0,0.0,0.03,3,1011.4,1000.1,98,12120.0,6.4,16.9,chisinau,2026-01-22T07:18:59.211677
2026-01-22T09:00,1.5,89,-0.2,-1.6,0,0.0,0.0,0.0,0.0,0.03,3,1010.6,999.4,98,11780.0,6.5,17.3,chisinau,2026-01-22T07:18:59.211677
2026-01-22T10:00,2.1,87,0.1,-1.1,0,0.0,0.0,0.0,0.0,0.03,3,1010.0,998.8,93,14840.0,7.3,18.4,chisinau,2026-01-22T07:18:59.211677
2026-01-22T11:00,1.9,88,0.1,-1.7,0,0.0,0.0,0.0,0.0,0.03,3,1009.6,998.4,98,10860.0,10.0,23.8,chisinau,2026-01-22T07:18:59.211677
2026-01-22T12:00,1.7,94,0.8,-1.8,0,0.0,0.0,0.0,0.0,0.02,3,1009.4,998.2,95,1600.0,10.2,24.5,chisinau,2026-01-22T07:18:59.211677
2026-01-22T13:00,1.5,96,0.9,-2.0,5,0.0,0.0,0.0,0.0,0.02,3,1009.7,998.5,99,920.0,9.8,26.6,chisinau,2026-01-22T07:18:59.211677
2026-01-22T14:00,1.0,94,0.2,-2.6,5,0.0,0.0,0.0,0.0,0.02,3,1009.7,998.5,99,3060.0,10.3,25.2,chisinau,2026-01-22T07:18:59.211677
2026-01-22T15:00,0.7,91,-0.6,-2.8,8,0.0,0.0,0.0,0.0,0.02,3,1010.1,998.8,100,7940.0,9.0,24.1,chisinau,2026-01-22T07:18:59.211677
2026-01-22T16:00,0.5,87,-1.4,-3.2,3,0.0,0.0,0.0,0.0,0.02,3,1009.7,998.4,100,13600.0,9.8,23.0,chisinau,2026-01-22T07:18:59.211677
2026-01-22T17:00,0.3,86,-1.8,-3.5,0,0.0,0.0,0.0,0.0,0.02,3,1009.1,997.8,100,15080.0,9.6,23.4,chisinau,2026-01-22T07:18:59.211677
2026-01-22T18:00,0.1,85,-2.2,-3.7,10,0.0,0.0,0.0,0.0,0.02,3,1008.8,997.5,99,17260.0,9.3,23.4,chisinau,2026-01-22T07:18:59.211677
2026-01-22T19:00,-0.1,86,-2.2,-3.8,23,0.0,0.0,0.0,0.0,0.02,3,1009.0,997.7,100,16140.0,8.5,22.3,chisinau,2026-01-22T07:18:59.211677
2026-01-22T20:00,-0.4,86,-2.4,-4.0,25,0.0,0.0,0.0,0.0,0.02,3,1009.3,998.0,99,15020.0,7.7,20.5,chisinau,2026-01-22T07:18:59.211677
2026-01-22T21:00,-0.7,87,-2.6,-4.2,38,0.0,0.0,0.0,0.0,0.02,3,1009.6,998.3,99,12860.0,7.2,18.4,chisinau,2026-01-22T07:18:59.211677
2026-01-22T22:00,-1.0,90,-2.5,-4.6,48,0.0,0.0,0.0,0.0,0.02,3,1009.5,998.2,99,7880.0,7.3,18.0,chisinau,2026-01-22T07:18:59.211677
2026-01-22T23:00,-1.3,92,-2.5,-4.9,53,0.0,0.0,0.0,0.0,0.02,77,1009.1,997.8,100,4660.0,7.3,18.4,chisinau,2026-01-22T07:18:59.211677
2026-01-22T00:00,13.4,88,11.4,11.2,75,0.6,0.4,0.2,0.0,0.0,61,1014.1,996.5,100,15660.0,17.6,47.5,casablanca,2026-01-22T07:20:16.981959
2026-01-22T01:00,13.4,89,11.6,11.5,75,0.8,0.4,0.4,0.0,0.0,61,1014.1,996.5,97,13820.0,16.9,46.4,casablanca,2026-01-22T07:20:16.981959
2026-01-22T02:00,13.7,90,12.1,12.1,83,0.2,0.0,0.2,0.0,0.0,80,1014.5,996.9,98,11300.0,15.0,46.1,casablanca,2026-01-22T07:20:16.981959
2026-01-22T03:00,13.5,93,12.4,12.3,70,0.2,0.0,0.2,0.0,0.0,80,1014.6,997.0,95,5660.0,12.7,40.3,casablanca,2026-01-22T07:20:16.981959
2026-01-22T04:00,13.5,94,12.5,13.1,50,0.3,0.0,0.3,0.0,0.0,3,1014.6,997.0,94,4440.0,7.8,32.4,casablanca,2026-01-22T07:20:16.981959
2026-01-22T05:00,13.5,95,12.7,13.6,45,0.1,0.0,0.1,0.0,0.0,3,1014.5,996.9,99,4780.0,5.2,22.3,casablanca,2026-01-22T07:20:16.981959
2026-01-22T06:00,13.5,96,12.9,13.7,28,0.1,0.0,0.1,0.0,0.0,3,1014.6,997.0,98,4560.0,5.2,22.3,casablanca,2026-01-22T07:20:16.981959
2026-01-22T07:00,13.4,97,12.9,13.6,30,0.0,0.0,0.0,0.0,0.0,3,1014.7,997.1,99,2720.0,4.8,14.0,casablanca,2026-01-22T07:20:16.981959
2026-01-22T08:00,13.6,97,13.1,13.9,18,0.0,0.0,0.0,0.0,0.0,3,1015.5,997.9,97,2920.0,4.7,14.0,casablanca,2026-01-22T07:20:16.981959
2026-01-22T09:00,14.0,95,13.2,14.3,20,0.0,0.0,0.0,0.0,0.0,3,1015.6,998.0,99,4240.0,4.3,13.3,casablanca,2026-01-22T07:20:16.981959
2026-01-22T10:00,14.8,91,13.3,15.1,10,0.0,0.0,0.0,0.0,0.0,3,1015.9,998.4,100,3980.0,4.7,15.1,casablanca,2026-01-22T07:20:16.981959
2026-01-22T11:00,15.5,83,12.6,15.4,0,0.0,0.0,0.0,0.0,0.0,3,1015.6,998.1,99,19420.0,6.2,18.7,casablanca,2026-01-22T07:20:16.981959
2026-01-22T12:00,16.2,75,11.8,15.5,3,0.0,0.0,0.0,0.0,0.0,3,1015.3,997.9,92,36200.0,9.0,24.8,casablanca,2026-01-22T07:20:16.981959
2026-01-22T13:00,16.8,71,11.5,15.8,0,0.0,0.0,0.0,0.0,0.0,3,1014.5,997.1,94,44700.0,9.7,28.1,casablanca,2026-01-22T07:20:16.981959
2026-01-22T14:00,16.9,70,11.4,15.6,3,0.0,0.0,0.0,0.0,0.0,3,1014.2,996.8,96,47120.0,11.8,31.7,casablanca,2026-01-22T07:20:16.981959
2026-01-22T15:00,16.7,74,12.1,15.6,0,0.0,0.0,0.0,0.0,0.0,3,1014.1,996.7,92,39380.0,11.9,32.4,casablanca,2026-01-22T07:20:16.981959
2026-01-22T16:00,16.3,77,12.2,15.2,0,0.0,0.0,0.0,0.0,0.0,3,1014.1,996.7,91,32380.0,12.3,33.1,casablanca,2026-01-22T07:20:16.981959
2026-01-22T17:00,15.7,81,12.4,14.7,0,0.0,0.0,0.0,0.0,0.0,3,1014.0,996.5,92,24920.0,12.1,33.5,casablanca,2026-01-22T07:20:16.981959
2026-01-22T18:00,15.2,81,12.0,14.2,0,0.0,0.0,0.0,0.0,0.0,3,1014.1,996.6,88,27600.0,11.1,31.3,casablanca,2026-01-22T07:20:16.981959
2026-01-22T19:00,14.8,82,11.8,13.8,3,0.0,0.0,0.0,0.0,0.0,3,1015.0,997.5,90,26680.0,10.9,29.2,casablanca,2026-01-22T07:20:16.981959
2026-01-22T20:00,14.5,84,11.8,13.3,3,0.0,0.0,0.0,0.0,0.0,2,1015.3,997.8,62,23260.0,11.5,29.9,casablanca,2026-01-22T07:20:16.981959
2026-01-22T21:00,14.1,87,12.0,13.0,3,0.0,0.0,0.0,0.0,0.0,3,1015.3,997.7,93,17360.0,12.0,30.6,casablanca,2026-01-22T07:20:16.981959
2026-01-22T22:00,13.8,90,12.2,12.7,3,0.0,0.0,0.0,0.0,0.0,3,1015.0,997.4,95,11160.0,12.4,32.4,casablanca,2026-01-22T07:20:16.981959
2026-01-22T23:00,13.7,92,12.4,12.5,3,0.0,0.0,0.0,0.0,0.0,3,1015.0,997.4,94,8600.0,13.4,34.2,casablanca,2026-01-22T07:20:16.981959
2026-01-22T00:00,4.1,75,0.0,-0.2,0,0.0,0.0,0.0,0.0,0.0,3,997.3,995.0,100,50000.0,14.4,25.2,amsterdam,2026-01-22T07:20:54.542539
2026-01-22T01:00,3.5,77,-0.2,-0.7,0,0.0,0.0,0.0,0.0,0.0,3,997.3,995.0,100,15900.0,13.7,25.6,amsterdam,2026-01-22T07:20:54.542539
2026-01-22T02:00,3.6,76,-0.3,-0.6,0,0.0,0.0,0.0,0.0,0.0,3,997.1,994.8,100,50000.0,13.7,24.8,amsterdam,2026-01-22T07:20:54.542539
2026-01-22T03:00,3.7,76,-0.1,-0.3,0,0.0,0.0,0.0,0.0,0.0,3,996.8,994.5,97,16700.0,13.0,23.8,amsterdam,2026-01-22T07:20:54.542539
2026-01-22T04:00,2.7,82,-0.1,-2.1,0,0.0,0.0,0.0,0.0,0.0,3,996.7,994.4,96,13320.0,18.7,32.0,amsterdam,2026-01-22T07:20:54.542539
2026-01-22T05:00,2.3,79,-1.0,-2.3,0,0.0,0.0,0.0,0.0,0.0,0,996.9,994.5,1,14860.0,16.2,33.1,amsterdam,2026-01-22T07:20:54.542539
2026-01-22T06:00,2.2,77,-1.4,-2.6,0,0.0,0.0,0.0,0.0,0.0,0,996.6,994.2,10,16060.0,17.3,30.6,amsterdam,2026-01-22T07:20:54.542539
2026-01-22T07:00,1.8,80,-1.3,-3.2,0,0.0,0.0,0.0,0.0,0.0,3,996.7,994.3,87,14100.0,18.4,33.8,amsterdam,2026-01-22T07:20:54.542539
2026-01-22T08:00,1.8,78,-1.7,-3.1,0,0.0,0.0,0.0,0.0,0.0,3,996.9,994.5,82,50000.0,17.3,33.1,amsterdam,2026-01-22T07:20:54.542539
2026-01-22T09:00,1.7,78,-1.8,-3.3,0,0.0,0.0,0.0,0.0,0.0,3,996.9,994.5,92,50000.0,18.0,32.4,amsterdam,2026-01-22T07:20:54.542539
2026-01-22T10:00,2.2,75,-1.8,-2.7,0,0.0,0.0,0.0,0.0,0.0,3,996.7,994.3,87,17180.0,17.3,32.4,amsterdam,2026-01-22T07:20:54.542539
2026-01-22T11:00,3.0,70,-1.9,-1.6,0,0.0,0.0,0.0,0.0,0.0,3,996.3,994.0,99,19400.0,15.1,32.0,amsterdam,2026-01-22T07:20:54.542539
2026-01-22T12:00,3.8,67,-1.8,-0.8,0,0.0,0.0,0.0,0.0,0.0,2,995.8,993.5,65,21200.0,15.1,28.8,amsterdam,2026-01-22T07:20:54.542539
2026-01-22T13:00,4.7,63,-1.7,0.0,0,0.0,0.0,0.0,0.0,0.0,3,995.6,993.3,99,23280.0,15.8,29.5,amsterdam,2026-01-22T07:20:54.542539
2026-01-22T14:00,4.9,64,-1.4,-0.5,0,0.0,0.0,0.0,0.0,0.0,3,995.4,993.1,100,50000.0,20.9,37.8,amsterdam,2026-01-22T07:20:54.542539
2026-01-22T15:00,4.8,64,-1.5,-0.0,0,0.0,0.0,0.0,0.0,0.0,3,995.4,993.1,100,22600.0,16.9,38.2,amsterdam,2026-01-22T07:20:54.542539
2026-01-22T16:00,4.3,67,-1.3,-0.5,0,0.0,0.0,0.0,0.0,0.0,3,995.3,993.0,99,21020.0,16.6,31.3,amsterdam,2026-01-22T07:20:54.542539
2026-01-22T17:00,3.7,71,-1.1,-1.1,0,0.0,0.0,0.0,0.0,0.0,3,995.5,993.2,100,50000.0,16.9,30.6,amsterdam,2026-01-22T07:20:54.542539
2026-01-22T18:00,3.0,74,-1.2,-1.9,0,0.0,0.0,0.0,0.0,0.0,3,995.5,993.2,100,50000.0,17.3,31.0,amsterdam,2026-01-22T07:20:54.542539
2026-01-22T19:00,2.7,75,-1.3,-2.2,7,0.0,0.0,0.0,0.0,0.0,3,995.3,993.0,100,16760.0,17.6,32.4,amsterdam,2026-01-22T07:20:54.542539
2026-01-22T20:00,2.5,79,-0.8,-2.1,17,0.1,0.1,0.0,0.0,0.0,51,994.8,992.5,100,14840.0,15.8,32.0,amsterdam,2026-01-22T07:20:54.542539
2026-01-22T21:00,2.1,85,-0.1,-2.3,22,0.3,0.3,0.0,0.0,0.0,51,994.8,992.5,100,11560.0,15.8,29.2,amsterdam,2026-01-22T07:20:54.542539
2026-01-22T22:00,2.2,87,0.2,-2.1,18,0.1,0.1,0.0,0.0,0.0,51,994.7,992.4,100,50000.0,14.8,29.2,amsterdam,2026-01-22T07:20:54.542539
2026-01-22T23:00,2.3,89,0.6,-1.6,10,0.0,0.0,0.0,0.0,0.0,3,994.6,992.3,100,9400.0,13.0,27.0,amsterdam,2026-01-22T07:20:54.542539
2026-01-22T00:00,3.7,74,-0.6,-1.0,0,0.0,0.0,0.0,0.0,0.0,3,997.4,996.2,100,50000.0,16.6,27.0,utrecht,2026-01-22T07:20:56.943692
2026-01-22T01:00,3.1,75,-0.9,-1.3,0,0.0,0.0,0.0,0.0,0.0,3,997.3,996.1,100,16960.0,14.8,28.4,utrecht,2026-01-22T07:20:56.943692
2026-01-22T02:00,3.4,73,-1.0,-0.8,0,0.0,0.0,0.0,0.0,0.0,3,997.0,995.8,100,50000.0,13.0,23.8,utrecht,2026-01-22T07:20:56.943692
2026-01-22T03:00,3.8,71,-1.0,-0.5,0,0.0,0.0,0.0,0.0,0.0,3,996.7,995.5,99,18720.0,14.0,26.3,utrecht,2026-01-22T07:20:56.943692
2026-01-22T04:00,2.7,75,-1.3,-1.7,0,0.0,0.0,0.0,0.0,0.0,3,996.7,995.5,87,16880.0,14.0,24.8,utrecht,2026-01-22T07:20:56.943692
2026-01-22T05:00,2.1,75,-1.9,-2.2,0,0.0,0.0,0.0,0.0,0.0,0,996.7,995.5,14,16880.0,13.3,25.6,utrecht,2026-01-22T07:20:56.943692
2026-01-22T06:00,1.8,76,-2.0,-2.6,0,0.0,0.0,0.0,0.0,0.0,2,996.5,995.3,73,16520.0,13.7,23.8,utrecht,2026-01-22T07:20:56.943692
2026-01-22T07:00,1.8,76,-2.0,-2.6,0,0.0,0.0,0.0,0.0,0.0,3,996.5,995.3,98,16340.0,13.7,25.6,utrecht,2026-01-22T07:20:56.943692
2026-01-22T08:00,1.8,74,-2.4,-2.7,0,0.0,0.0,0.0,0.0,0.0,2,996.7,995.5,73,50000.0,13.7,24.8,utrecht,2026-01-22T07:20:56.943692
2026-01-22T09:00,2.2,72,-2.3,-2.4,0,0.0,0.0,0.0,0.0,0.0,3,996.7,995.5,87,50000.0,14.4,26.6,utrecht,2026-01-22T07:20:56.943692
2026-01-22T10:00,2.9,70,-2.0,-1.6,0,0.0,0.0,0.0,0.0,0.0,2,996.4,995.2,72,19400.0,14.4,28.1,utrecht,2026-01-22T07:20:56.943692
2026-01-22T11:00,4.1,64,-2.1,-0.4,0,0.0,0.0,0.0,0.0,0.0,3,996.1,994.9,95,22500.0,14.0,27.4,utrecht,2026-01-22T07:20:56.943692
2026-01-22T12:00,4.9,62,-1.8,0.5,0,0.0,0.0,0.0,0.0,0.0,0,995.7,994.5,3,23680.0,14.0,27.4,utrecht,2026-01-22T07:20:56.943692
2026-01-22T13:00,5.2,65,-0.9,0.8,0,0.0,0.0,0.0,0.0,0.0,3,995.5,994.3,99,22060.0,14.0,27.0,utrecht,2026-01-22T07:20:56.943692
2026-01-22T14:00,5.3,66,-0.5,0.9,0,0.0,0.0,0.0,0.0,0.0,3,995.3,994.1,100,50000.0,15.1,31.0,utrecht,2026-01-22T07:20:56.943692
2026-01-22T15:00,5.0,69,-0.2,0.9,0,0.0,0.0,0.0,0.0,0.0,3,995.3,994.1,100,19960.0,13.3,28.1,utrecht,2026-01-22T07:20:56.943692
2026-01-22T16:00,4.4,72,-0.2,0.3,0,0.0,0.0,0.0,0.0,0.0,3,995.2,994.0,100,18380.0,13.7,24.8,utrecht,2026-01-22T07:20:56.943692
2026-01-22T17:00,3.9,74,-0.4,-0.4,0,0.0,0.0,0.0,0.0,0.0,3,995.4,994.2,100,50000.0,14.0,25.6,utrecht,2026-01-22T07:20:56.943692
2026-01-22T18:00,3.2,75,-0.8,-1.1,0,0.0,0.0,0.0,0.0,0.0,3,995.4,994.2,100,50000.0,14.0,25.6,utrecht,2026-01-22T07:20:56.943692
2026-01-22T19:00,3.2,75,-0.8,-1.1,4,0.0,0.0,0.0,0.0,0.0,3,995.1,993.9,100,16860.0,14.0,25.9,utrecht,2026-01-22T07:20:56.943692
2026-01-22T20:00,2.9,85,0.6,-1.0,9,0.3,0.3,0.0,0.0,0.0,51,994.6,993.4,100,23060.0,12.6,25.6,utrecht,2026-01-22T07:20:56.943692
2026-01-22T21:00,2.8,90,1.3,-1.1,12,0.3,0.3,0.0,0.0,0.0,51,994.8,993.6,100,29040.0,13.0,24.1,utrecht,2026-01-22T07:20:56.943692
2026-01-22T22:00,2.9,92,1.7,-0.8,10,0.1,0.1,0.0,0.0,0.0,51,994.7,993.5,100,50000.0,12.6,23.4,utrecht,2026-01-22T07:20:56.943692
2026-01-22T23:00,3.1,92,1.9,-0.7,5,0.0,0.0,0.0,0.0,0.0,3,994.6,993.4,100,7180.0,13.0,24.5,utrecht,2026-01-22T07:20:56.943692
2026-01-22T00:00,22.4,79,18.6,21.7,15,0.1,0.0,0.1,0.0,0.0,2,994.1,992.0,75,24140.0,28.5,61.9,auckland,2026-01-22T07:20:59.336792
2026-01-22T01:00,22.3,74,17.4,21.1,10,0.0,0.0,0.0,0.0,0.0,2,994.6,992.5,75,24140.0,28.1,59.8,auckland,2026-01-22T07:20:59.336792
2026-01-22T02:00,22.4,68,16.2,21.5,0,0.0,0.0,0.0,0.0,0.0,2,994.8,992.7,56,24140.0,27.4,58.7,auckland,2026-01-22T07:20:59.336792
2026-01-22T03:00,22.8,66,16.1,22.1,0,0.0,0.0,0.0,0.0,0.0,2,995.1,993.0,54,24140.0,27.4,57.6,auckland,2026-01-22T07:20:59.336792
2026-01-22T04:00,22.3,68,16.1,21.1,0,0.0,0.0,0.0,0.0,0.0,1,995.3,993.2,39,24140.0,26.9,57.6,auckland,2026-01-22T07:20:59.336792
2026-01-22T05:00,21.7,70,16.0,20.2,0,0.0,0.0,0.0,0.0,0.0,1,995.1,993.0,44,24140.0,24.6,56.5,auckland,2026-01-22T07:20:59.336792
2026-01-22T06:00,21.0,69,15.1,19.4,0,0.0,0.0,0.0,0.0,0.0,2,995.2,993.1,46,24140.0,22.7,50.8,auckland,2026-01-22T07:20:59.336792
2026-01-22T07:00,20.3,72,15.1,19.1,0,0.0,0.0,0.0,0.0,0.0,2,995.2,993.1,64,24140.0,20.5,46.8,auckland,2026-01-22T07:20:59.336792
2026-01-22T08:00,19.4,80,15.9,19.0,3,0.0,0.0,0.0,0.0,0.0,2,995.7,993.6,48,24140.0,17.0,41.4,auckland,2026-01-22T07:20:59.336792
2026-01-22T09:00,19.0,83,16.0,18.8,3,0.0,0.0,0.0,0.0,0.0,2,996.6,994.5,45,24140.0,15.5,34.2,auckland,2026-01-22T07:20:59.336792
2026-01-22T10:00,18.8,84,16.1,18.9,5,0.0,0.0,0.0,0.0,0.0,2,997.2,995.1,48,24140.0,14.0,31.0,auckland,2026-01-22T07:20:59.336792
2026-01-22T11:00,18.8,84,16.0,19.0,3,0.0,0.0,0.0,0.0,0.0,2,997.4,995.3,49,24140.0,13.0,27.7,auckland,2026-01-22T07:20:59.336792
2026-01-22T12:00,18.7,84,16.0,19.1,3,0.0,0.0,0.0,0.0,0.0,2,997.2,995.1,63,24140.0,11.9,26.3,auckland,2026-01-22T07:20:59.336792
2026-01-22T13:00,18.7,85,16.1,19.1,3,0.0,0.0,0.0,0.0,0.0,2,997.0,994.9,61,24140.0,11.9,23.8,auckland,2026-01-22T07:20:59.336792
2026-01-22T14:00,18.7,85,16.1,19.0,0,0.0,0.0,0.0,0.0,0.0,2,997.1,995.0,62,24140.0,12.2,24.1,auckland,2026-01-22T07:20:59.336792
2026-01-22T15:00,18.6,85,16.1,19.0,0,0.0,0.0,0.0,0.0,0.0,2,997.1,995.0,65,24140.0,11.9,24.1,auckland,2026-01-22T07:20:59.336792
2026-01-22T16:00,18.5,88,16.5,19.1,0,0.0,0.0,0.0,0.0,0.0,2,997.2,995.1,60,24140.0,11.5,23.8,auckland,2026-01-22T07:20:59.336792
2026-01-22T17:00,18.4,88,16.4,19.0,3,0.1,0.0,0.0,0.0,0.0,2,997.6,995.5,68,24140.0,10.8,22.7,auckland,2026-01-22T07:20:59.336792
2026-01-22T18:00,18.4,89,16.5,19.2,5,0.0,0.0,0.0,0.0,0.0,2,997.9,995.8,70,24140.0,10.4,21.6,auckland,2026-01-22T07:20:59.336792
2026-01-22T19:00,19.1,86,16.7,19.4,13,0.0,0.0,0.0,0.0,0.0,2,998.0,995.9,69,24140.0,14.4,29.2,auckland,2026-01-22T07:20:59.336792
2026-01-22T20:00,19.9,81,16.5,19.5,23,0.0,0.0,0.0,0.0,0.0,2,998.0,995.9,64,24140.0,18.4,37.4,auckland,2026-01-22T07:20:59.336792
2026-01-22T21:00,20.6,77,16.4,20.1,30,0.0,0.0,0.0,0.0,0.0,2,998.2,996.1,69,24140.0,18.8,38.9,auckland,2026-01-22T07:20:59.336792
2026-01-22T22:00,21.0,75,16.4,20.5,23,0.0,0.0,0.0,0.0,0.0,2,998.1,996.0,81,24140.0,19.5,40.7,auckland,2026-01-22T07:20:59.336792
2026-01-22T23:00,21.9,72,16.6,21.9,13,0.0,0.0,0.0,0.0,0.0,2,997.9,995.8,60,24140.0,20.0,41.8,auckland,2026-01-22T07:20:59.336792
2026-01-22T00:00,27.7,89,25.7,33.5,0,0.0,0.0,0.0,0.0,0.0,3,1010.1,1009.1,99,24140.0,9.7,19.1,lagos,2026-01-22T07:22:17.046571
2026-01-22T01:00,27.6,90,25.8,33.5,0,0.0,0.0,0.0,0.0,0.0,3,1009.6,1008.6,100,24140.0,9.2,19.8,lagos,2026-01-22T07:22:17.046571
2026-01-22T02:00,27.4,91,25.8,33.5,0,0.0,0.0,0.0,0.0,0.0,3,1009.3,1008.3,100,24140.0,8.0,18.4,lagos,2026-01-22T07:22:17.046571
2026-01-22T03:00,27.4,90,25.6,33.5,0,0.0,0.0,0.0,0.0,0.0,3,1008.8,1007.8,93,24140.0,7.2,15.5,lagos,2026-01-22T07:22:17.046571
2026-01-22T04:00,27.5,89,25.5,33.7,0,0.0,0.0,0.0,0.0,0.0,3,1009.0,1008.0,83,24140.0,5.7,14.0,lagos,2026-01-22T07:22:17.046571
2026-01-22T05:00,27.4,88,25.2,33.8,5,0.0,0.0,0.0,0.0,0.0,3,1009.4,1008.4,92,24140.0,3.1,11.2,lagos,2026-01-22T07:22:17.046571
2026-01-22T06:00,27.1,90,25.3,33.7,15,0.1,0.0,0.1,0.0,0.0,3,1009.9,1008.9,100,24140.0,2.3,6.1,lagos,2026-01-22T07:22:17.046571
2026-01-22T07:00,27.2,91,25.6,33.8,8,0.1,0.0,0.1,0.0,0.0,3,1010.5,1009.5,100,24140.0,3.1,6.1,lagos,2026-01-22T07:22:17.046571
2026-01-22T08:00,28.2,86,25.6,34.8,8,0.0,0.0,0.0,0.0,0.0,3,1011.5,1010.5,100,24140.0,3.5,8.6,lagos,2026-01-22T07:22:17.046571
2026-01-22T09:00,29.7,76,25.0,35.8,28,0.0,0.0,0.0,0.0,0.0,2,1011.9,1010.9,61,24140.0,3.8,10.1,lagos,2026-01-22T07:22:17.046571
2026-01-22T10:00,30.9,67,24.1,36.4,28,0.0,0.0,0.0,0.0,0.0,2,1011.9,1010.9,69,24140.0,4.5,11.5,lagos,2026-01-22T07:22:17.046571
2026-01-22T11:00,32.0,61,23.6,37.5,20,0.0,0.0,0.0,0.0,0.0,3,1011.3,1010.3,82,24140.0,5.1,13.3,lagos,2026-01-22T07:22:17.046571
2026-01-22T12:00,32.8,57,23.2,38.2,23,0.0,0.0,0.0,0.0,0.0,2,1010.2,1009.2,78,24140.0,6.4,15.8,lagos,2026-01-22T07:22:17.046571
2026-01-22T13:00,32.7,58,23.3,37.4,25,0.0,0.0,0.0,0.0,0.0,3,1008.9,1007.9,100,24140.0,9.0,23.8,lagos,2026-01-22T07:22:17.046571
2026-01-22T14:00,30.9,68,24.3,35.3,25,0.3,0.0,0.3,0.0,0.0,80,1008.0,1007.0,100,24140.0,13.0,28.4,lagos,2026-01-22T07:22:17.046571
2026-01-22T15:00,30.8,68,24.2,35.6,28,0.1,0.0,0.1,0.0,0.0,3,1007.8,1006.8,100,24140.0,9.7,28.1,lagos,2026-01-22T07:22:17.046571
2026-01-22T16:00,30.3,70,24.2,35.0,20,0.0,0.0,0.0,0.0,0.0,3,1008.1,1007.1,100,24140.0,10.1,21.6,lagos,2026-01-22T07:22:17.046571
2026-01-22T17:00,29.6,73,24.3,34.4,5,0.0,0.0,0.0,0.0,0.0,3,1008.8,1007.8,100,24140.0,10.0,22.0,lagos,2026-01-22T07:22:17.046571
2026-01-22T18:00,28.8,77,24.3,33.8,0,0.0,0.0,0.0,0.0,0.0,3,1009.1,1008.1,100,24140.0,9.0,20.9,lagos,2026-01-22T07:22:17.046571
2026-01-22T19:00,28.2,81,24.6,33.6,0,0.0,0.0,0.0,0.0,0.0,3,1009.3,1008.3,100,24140.0,7.6,18.0,lagos,2026-01-22T07:22:17.046571
2026-01-22T20:00,27.9,83,24.7,33.5,0,0.0,0.0,0.0,0.0,0.0,1,1009.8,1008.8,12,24140.0,6.6,15.1,lagos,2026-01-22T07:22:17.046571
2026-01-22T21:00,27.6,85,24.9,33.4,0,0.0,0.0,0.0,0.0,0.0,1,1010.7,1009.7,8,24140.0,5.7,13.3,lagos,2026-01-22T07:22:17.046571
2026-01-22T22:00,27.4,88,25.2,33.6,0,0.0,0.0,0.0,0.0,0.0,1,1010.9,1009.9,41,24140.0,4.7,11.5,lagos,2026-01-22T07:22:17.046571
2026-01-22T23:00,27.1,90,25.3,33.4,0,0.0,0.0,0.0,0.0,0.0,2,1010.9,1009.9,49,24140.0,4.3,9.0,lagos,2026-01-22T07:22:17.046571
2026-01-22T00:00,0.1,78,-3.3,-5.3,0,0.0,0.0,0.0,0.0,0.0,3,1020.3,1018.9,100,21700.0,19.4,36.7,oslo,2026-01-22T07:22:54.602855
2026-01-22T01:00,0.0,79,-3.2,-5.3,0,0.0,0.0,0.0,0.0,0.0,3,1020.3,1018.9,100,38200.0,19.1,33.8,oslo,2026-01-22T07:22:54.602855
2026-01-22T02:00,0.2,79,-3.1,-5.0,0,0.0,0.0,0.0,0.0,0.0,3,1020.0,1018.6,100,47000.0,18.0,32.8,oslo,2026-01-22T07:22:54.602855
2026-01-22T03:00,0.2,80,-2.9,-4.8,0,0.0,0.0,0.0,0.0,0.0,3,1020.2,1018.8,100,53300.0,16.6,29.5,oslo,2026-01-22T07:22:54.602855
2026-01-22T04:00,0.2,80,-2.8,-4.8,0,0.0,0.0,0.0,0.0,0.0,3,1020.0,1018.6,100,48100.0,17.3,29.9,oslo,2026-01-22T07:22:54.602855
2026-01-22T05:00,0.2,80,-2.8,-5.0,0,0.0,0.0,0.0,0.0,0.0,3,1019.6,1018.2,100,38040.0,18.4,31.3,oslo,2026-01-22T07:22:54.602855
2026-01-22T06:00,0.2,80,-2.9,-4.8,0,0.0,0.0,0.0,0.0,0.0,3,1019.6,1018.2,99,35840.0,16.9,29.9,oslo,2026-01-22T07:22:54.602855
2026-01-22T07:00,0.0,79,-3.2,-5.0,0,0.0,0.0,0.0,0.0,0.0,3,1019.6,1018.2,100,30400.0,16.9,29.2,oslo,2026-01-22T07:22:54.602855
2026-01-22T08:00,0.0,77,-3.5,-5.4,0,0.0,0.0,0.0,0.0,0.0,3,1020.0,1018.6,100,37640.0,19.4,33.5,oslo,2026-01-22T07:22:54.602855
2026-01-22T09:00,-0.1,77,-3.7,-5.7,0,0.0,0.0,0.0,0.0,0.0,3,1020.2,1018.8,100,41260.0,19.8,34.2,oslo,2026-01-22T07:22:54.602855
2026-01-22T10:00,-0.2,76,-3.9,-5.5,0,0.0,0.0,0.0,0.0,0.0,3,1020.0,1018.6,100,35400.0,18.0,33.8,oslo,2026-01-22T07:22:54.602855
2026-01-22T11:00,-0.1,75,-4.0,-5.2,0,0.0,0.0,0.0,0.0,0.0,3,1019.8,1018.4,100,27380.0,16.9,31.3,oslo,2026-01-22T07:22:54.602855
2026-01-22T12:00,0.2,69,-4.9,-5.1,0,0.0,0.0,0.0,0.0,0.0,3,1019.8,1018.4,100,35980.0,16.9,29.5,oslo,2026-01-22T07:22:54.602855
2026-01-22T13:00,0.2,67,-5.2,-5.1,0,0.0,0.0,0.0,0.0,0.0,3,1019.9,1018.5,100,25680.0,16.6,29.5,oslo,2026-01-22T07:22:54.602855
2026-01-22T14:00,0.1,67,-5.3,-5.0,0,0.0,0.0,0.0,0.0,0.0,3,1019.8,1018.4,100,28520.0,15.1,28.4,oslo,2026-01-22T07:22:54.602855
2026-01-22T15:00,-0.2,68,-5.4,-5.3,0,0.0,0.0,0.0,0.0,0.0,3,1019.7,1018.3,100,34920.0,15.1,27.4,oslo,2026-01-22T07:22:54.602855
2026-01-22T16:00,-0.5,68,-5.7,-5.8,0,0.0,0.0,0.0,0.0,0.0,3,1019.7,1018.3,100,38880.0,16.6,28.8,oslo,2026-01-22T07:22:54.602855
2026-01-22T17:00,-0.8,68,-6.0,-6.2,0,0.0,0.0,0.0,0.0,0.0,3,1019.8,1018.4,100,32640.0,17.6,30.6,oslo,2026-01-22T07:22:54.602855
2026-01-22T18:00,-1.2,69,-6.2,-6.6,0,0.0,0.0,0.0,0.0,0.0,3,1019.9,1018.5,100,32180.0,16.9,30.6,oslo,2026-01-22T07:22:54.602855
2026-01-22T19:00,-1.5,67,-6.8,-6.9,1,0.0,0.0,0.0,0.0,0.0,3,1020.3,1018.9,100,27800.0,16.9,29.5,oslo,2026-01-22T07:22:54.602855
2026-01-22T20:00,-1.7,68,-6.8,-7.3,2,0.0,0.0,0.0,0.0,0.0,3,1020.5,1019.1,100,28580.0,18.0,31.0,oslo,2026-01-22T07:22:54.602855
2026-01-22T21:00,-1.9,72,-6.3,-7.0,2,0.0,0.0,0.0,0.0,0.0,3,1020.6,1019.2,100,25140.0,14.8,31.0,oslo,2026-01-22T07:22:54.602855
2026-01-22T22:00,-2.1,71,-6.6,-7.3,2,0.0,0.0,0.0,0.0,0.0,3,1020.7,1019.3,100,21540.0,15.1,25.9,oslo,2026-01-22T07:22:54.602855
2026-01-22T23:00,-2.3,72,-6.7,-7.5,1,0.0,0.0,0.0,0.0,0.0,3,1020.7,1019.3,100,24140.0,15.5,26.6,oslo,2026-01-22T07:22:54.602855
2026-01-22T00:00,14.8,98,14.4,15.5,0,0.0,0.0,0.0,0.0,0.0,45,1014.3,1013.3,49,24140.0,5.1,8.3,karachi,2026-01-22T07:24:12.295971
2026-01-22T01:00,14.3,100,14.3,15.1,0,0.0,0.0,0.0,0.0,0.0,45,1014.0,1013.0,63,24140.0,4.6,6.8,karachi,2026-01-22T07:24:12.295971
2026-01-22T02:00,14.2,100,14.2,15.0,0,0.0,0.0,0.0,0.0,0.0,45,1014.1,1013.1,66,24140.0,3.7,6.5,karachi,2026-01-22T07:24:12.295971
2026-01-22T03:00,14.4,99,14.3,15.5,3,0.0,0.0,0.0,0.0,0.0,45,1014.7,1013.7,73,24140.0,2.2,5.4,karachi,2026-01-22T07:24:12.295971
2026-01-22T04:00,17.1,89,15.2,18.3,10,0.0,0.0,0.0,0.0,0.0,2,1015.4,1014.4,52,24140.0,3.2,5.0,karachi,2026-01-22T07:24:12.295971
2026-01-22T05:00,21.5,73,16.4,22.1,25,0.0,0.0,0.0,0.0,0.0,2,1016.0,1015.1,59,24140.0,10.8,16.2,karachi,2026-01-22T07:24:12.295971
2026-01-22T06:00,22.7,66,16.0,21.7,45,0.0,0.0,0.0,0.0,0.0,2,1015.6,1014.7,66,24140.0,21.3,38.9,karachi,2026-01-22T07:24:12.295971
2026-01-22T07:00,22.5,69,16.5,21.7,50,0.1,0.0,0.1,0.0,0.0,2,1014.9,1014.0,70,24140.0,20.6,39.6,karachi,2026-01-22T07:24:12.295971
2026-01-22T08:00,22.5,69,16.5,21.2,68,0.2,0.0,0.2,0.0,0.0,3,1013.8,1012.9,100,24140.0,24.2,45.0,karachi,2026-01-22T07:24:12.295971
2026-01-22T09:00,22.3,71,16.7,20.6,83,0.2,0.0,0.2,0.0,0.0,3,1013.1,1012.2,100,19800.0,27.7,50.8,karachi,2026-01-22T07:24:12.295971
2026-01-22T10:00,22.6,72,17.3,21.0,75,0.2,0.0,0.2,0.0,0.0,80,1012.2,1011.3,100,12080.0,28.7,52.9,karachi,2026-01-22T07:24:12.295971
2026-01-22T11:00,19.3,79,15.6,17.9,75,3.4,0.0,3.4,0.0,0.0,81,1012.6,1011.7,98,22820.0,22.5,54.7,karachi,2026-01-22T07:24:12.295971
2026-01-22T12:00,18.8,62,11.3,16.4,43,0.1,0.0,0.1,0.0,0.0,2,1012.9,1012.0,64,22880.0,18.7,32.0,karachi,2026-01-22T07:24:12.295971
2026-01-22T13:00,18.7,48,7.4,15.4,10,0.0,0.0,0.0,0.0,0.0,2,1013.2,1012.3,69,24140.0,17.7,27.7,karachi,2026-01-22T07:24:12.295971
2026-01-22T14:00,18.2,59,10.1,16.3,0,0.0,0.0,0.0,0.0,0.0,2,1014.0,1013.0,53,24140.0,13.2,25.9,karachi,2026-01-22T07:24:12.295971
2026-01-22T15:00,18.7,56,9.7,16.6,0,0.0,0.0,0.0,0.0,0.0,2,1014.7,1013.8,51,24140.0,13.8,20.5,karachi,2026-01-22T07:24:12.295971
2026-01-22T16:00,18.6,37,3.6,13.7,0,0.0,0.0,0.0,0.0,0.0,0,1015.3,1014.3,0,24140.0,22.8,33.8,karachi,2026-01-22T07:24:12.295971
2026-01-22T17:00,17.4,39,3.3,11.5,0,0.0,0.0,0.0,0.0,0.0,0,1016.0,1015.0,0,24140.0,29.7,44.3,karachi,2026-01-22T07:24:12.295971
2026-01-22T18:00,15.5,40,1.9,9.6,0,0.0,0.0,0.0,0.0,0.0,0,1016.7,1015.7,0,24140.0,27.6,45.4,karachi,2026-01-22T07:24:12.295971
2026-01-22T19:00,14.7,40,1.2,9.3,0,0.0,0.0,0.0,0.0,0.0,0,1016.7,1015.7,0,24140.0,23.9,41.0,karachi,2026-01-22T07:24:12.295971
2026-01-22T20:00,14.4,43,1.9,9.5,0,0.0,0.0,0.0,0.0,0.0,0,1016.8,1015.8,0,24140.0,20.6,34.9,karachi,2026-01-22T07:24:12.295971
2026-01-22T21:00,14.1,46,2.7,9.9,0,0.0,0.0,0.0,0.0,0.0,0,1017.2,1016.2,0,24140.0,17.5,29.9,karachi,2026-01-22T07:24:12.295971
2026-01-22T22:00,14.1,46,2.6,10.0,0,0.0,0.0,0.0,0.0,0.0,0,1017.1,1016.1,0,24140.0,16.5,25.6,karachi,2026-01-22T07:24:12.295971
2026-01-22T23:00,13.8,46,2.4,9.8,0,0.0,0.0,0.0,0.0,0.0,0,1017.0,1016.0,0,24140.0,15.8,24.5,karachi,2026-01-22T07:24:12.295971
2026-01-22T00:00,26.1,74,21.1,28.7,0,0.0,0.0,0.0,0.0,0.0,2,1009.7,1007.9,33,24140.0,12.4,34.6,panama_city,2026-01-22T07:24:14.690561
2026-01-22T01:00,25.2,79,21.3,28.1,0,0.0,0.0,0.0,0.0,0.0,2,1010.4,1008.6,72,24140.0,11.1,27.7,panama_city,2026-01-22T07:24:14.690561
2026-01-22T02:00,24.8,82,21.6,28.1,0,0.0,0.0,0.0,0.0,0.0,3,1011.2,1009.3,93,24140.0,9.8,26.3,panama_city,2026-01-22T07:24:14.690561
2026-01-22T03:00,24.7,83,21.7,28.1,0,0.0,0.0,0.0,0.0,0.0,3,1011.9,1010.0,91,24140.0,9.8,25.2,panama_city,2026-01-22T07:24:14.690561
2026-01-22T04:00,24.6,84,21.7,28.0,0,0.0,0.0,0.0,0.0,0.0,2,1011.7,1009.8,75,24140.0,9.3,24.5,panama_city,2026-01-22T07:24:14.690561
2026-01-22T05:00,24.4,85,21.8,27.9,0,0.0,0.0,0.0,0.0,0.0,2,1011.7,1009.8,47,24140.0,8.9,23.0,panama_city,2026-01-22T07:24:14.690561
2026-01-22T06:00,24.3,87,22.0,28.0,3,0.0,0.0,0.0,0.0,0.0,2,1011.3,1009.4,51,24140.0,8.4,22.0,panama_city,2026-01-22T07:24:14.690561
2026-01-22T07:00,24.1,88,22.0,27.9,3,0.0,0.0,0.0,0.0,0.0,2,1010.9,1009.0,58,24140.0,8.4,20.9,panama_city,2026-01-22T07:24:14.690561
2026-01-22T08:00,24.0,88,21.9,27.6,5,0.0,0.0,0.0,0.0,0.0,3,1010.4,1008.5,93,24140.0,8.9,22.0,panama_city,2026-01-22T07:24:14.690561
2026-01-22T09:00,24.1,88,22.0,27.6,3,0.0,0.0,0.0,0.0,0.0,3,1010.3,1008.4,100,24140.0,9.4,23.8,panama_city,2026-01-22T07:24:14.690561
2026-01-22T10:00,23.9,89,22.0,27.5,3,0.0,0.0,0.0,0.0,0.0,3,1010.3,1008.4,100,24140.0,9.7,24.1,panama_city,2026-01-22T07:24:14.690561
2026-01-22T11:00,23.9,89,22.0,27.4,5,0.0,0.0,0.0,0.0,0.0,3,1010.6,1008.7,100,24140.0,9.4,24.1,panama_city,2026-01-22T07:24:14.690561
2026-01-22T12:00,23.9,90,22.2,27.6,3,0.0,0.0,0.0,0.0,0.0,2,1011.2,1009.3,56,24140.0,9.4,23.8,panama_city,2026-01-22T07:24:14.690561
2026-01-22T13:00,25.1,87,22.8,28.9,5,0.0,0.0,0.0,0.0,0.0,3,1011.9,1010.0,83,24140.0,11.6,27.4,panama_city,2026-01-22T07:24:14.690561
2026-01-22T14:00,26.7,78,22.6,30.0,3,0.0,0.0,0.0,0.0,0.0,2,1012.9,1011.1,78,24140.0,13.7,33.1,panama_city,2026-01-22T07:24:14.690561
2026-01-22T15:00,28.5,68,22.0,31.3,5,0.0,0.0,0.0,0.0,0.0,2,1013.0,1011.2,51,24140.0,14.3,34.9,panama_city,2026-01-22T07:24:14.690561
2026-01-22T16:00,30.2,59,21.3,33.1,5,0.0,0.0,0.0,0.0,0.0,2,1012.2,1010.4,80,24140.0,15.8,38.2,panama_city,2026-01-22T07:24:14.690561
2026-01-22T17:00,31.2,54,20.8,34.1,8,0.0,0.0,0.0,0.0,0.0,2,1011.2,1009.4,70,24140.0,16.4,40.3,panama_city,2026-01-22T07:24:14.690561
2026-01-22T18:00,31.9,50,20.2,34.5,15,0.0,0.0,0.0,0.0,0.0,2,1010.2,1008.4,73,24140.0,15.9,40.3,panama_city,2026-01-22T07:24:14.690561
2026-01-22T19:00,32.2,48,19.8,34.4,20,0.0,0.0,0.0,0.0,0.0,2,1009.4,1007.6,64,24140.0,16.5,40.0,panama_city,2026-01-22T07:24:14.690561
2026-01-22T20:00,31.8,50,20.1,33.5,20,0.0,0.0,0.0,0.0,0.0,2,1008.7,1006.9,74,24140.0,17.0,40.7,panama_city,2026-01-22T07:24:14.690561
2026-01-22T21:00,30.8,53,20.2,32.2,13,0.0,0.0,0.0,0.0,0.0,2,1008.3,1006.5,78,24140.0,17.5,41.4,panama_city,2026-01-22T07:24:14.690561
2026-01-22T22:00,29.5,59,20.7,31.3,5,0.0,0.0,0.0,0.0,0.0,2,1008.4,1006.6,79,24140.0,16.9,41.4,panama_city,2026-01-22T07:24:14.690561
2026-01-22T23:00,27.8,68,21.4,30.3,5,0.0,0.0,0.0,0.0,0.0,3,1009.2,1007.4,100,24140.0,14.4,39.6,panama_city,2026-01-22T07:24:14.690561
2026-01-22T00:00,26.2,65,19.1,28.7,0,0.0,0.0,0.0,0.0,0.0,2,1009.0,996.1,71,24140.0,6.0,13.7,asuncion,2026-01-22T07:24:17.084811
2026-01-22T01:00,25.5,71,19.8,28.5,0,0.0,0.0,0.0,0.0,0.0,3,1010.1,997.1,83,24140.0,5.1,11.9,asuncion,2026-01-22T07:24:17.084811
2026-01-22T02:00,25.1,76,20.6,28.7,0,0.0,0.0,0.0,0.0,0.0,2,1010.2,997.2,69,24140.0,4.1,10.1,asuncion,2026-01-22T07:24:17.084811
2026-01-22T03:00,24.8,80,21.1,28.6,0,0.0,0.0,0.0,0.0,0.0,2,1010.6,997.6,66,24140.0,4.5,8.3,asuncion,2026-01-22T07:24:17.084811
2026-01-22T04:00,24.4,82,21.1,28.2,0,0.0,0.0,0.0,0.0,0.0,2,1010.3,997.3,57,24140.0,4.0,8.3,asuncion,2026-01-22T07:24:17.084811
2026-01-22T05:00,23.9,84,21.0,27.8,0,0.0,0.0,0.0,0.0,0.0,2,1010.2,997.2,59,24140.0,3.3,7.6,asuncion,2026-01-22T07:24:17.084811
2026-01-22T06:00,23.7,84,20.8,27.5,0,0.0,0.0,0.0,0.0,0.0,2,1010.1,997.1,59,24140.0,2.9,5.8,asuncion,2026-01-22T07:24:17.084811
2026-01-22T07:00,23.5,83,20.4,27.2,0,0.0,0.0,0.0,0.0,0.0,1,1010.2,997.2,39,24140.0,2.2,4.7,asuncion,2026-01-22T07:24:17.084811
2026-01-22T08:00,23.1,83,20.1,26.6,0,0.0,0.0,0.0,0.0,0.0,1,1010.6,997.5,30,24140.0,2.6,3.2,asuncion,2026-01-22T07:24:17.084811
2026-01-22T09:00,22.9,83,19.9,26.3,0,0.0,0.0,0.0,0.0,0.0,2,1011.2,998.1,65,24140.0,2.6,3.6,asuncion,2026-01-22T07:24:17.084811
2026-01-22T10:00,23.3,82,20.0,26.5,0,0.0,0.0,0.0,0.0,0.0,2,1012.2,999.1,63,24140.0,4.6,7.2,asuncion,2026-01-22T07:24:17.084811
2026-01-22T11:00,24.4,82,21.1,28.1,0,0.0,0.0,0.0,0.0,0.0,2,1012.6,999.6,68,24140.0,5.3,11.5,asuncion,2026-01-22T07:24:17.084811
2026-01-22T12:00,26.1,74,21.1,29.5,0,0.0,0.0,0.0,0.0,0.0,2,1013.0,1000.0,70,24140.0,7.3,16.9,asuncion,2026-01-22T07:24:17.084811
2026-01-22T13:00,28.0,64,20.5,30.7,0,0.0,0.0,0.0,0.0,0.0,2,1012.7,999.8,47,24140.0,9.2,22.0,asuncion,2026-01-22T07:24:17.084811
2026-01-22T14:00,30.1,54,19.7,33.5,0,0.0,0.0,0.0,0.0,0.0,2,1012.5,999.7,44,24140.0,10.9,26.3,asuncion,2026-01-22T07:24:17.084811
2026-01-22T15:00,31.8,45,18.4,35.1,0,0.0,0.0,0.0,0.0,0.0,2,1012.1,999.4,51,24140.0,12.7,29.9,asuncion,2026-01-22T07:24:17.084811
2026-01-22T16:00,32.8,39,17.0,35.6,0,0.0,0.0,0.0,0.0,0.0,2,1011.7,999.0,48,24140.0,10.6,29.9,asuncion,2026-01-22T07:24:17.084811
2026-01-22T17:00,33.6,36,16.4,36.3,0,0.0,0.0,0.0,0.0,0.0,3,1011.0,998.4,99,24140.0,9.3,25.9,asuncion,2026-01-22T07:24:17.084811
2026-01-22T18:00,34.0,34,15.9,36.2,0,0.0,0.0,0.0,0.0,0.0,2,1010.3,997.7,65,24140.0,8.4,22.3,asuncion,2026-01-22T07:24:17.084811
2026-01-22T19:00,34.2,32,15.1,35.7,0,0.0,0.0,0.0,0.0,0.0,2,1009.4,996.8,51,24140.0,9.2,22.0,asuncion,2026-01-22T07:24:17.084811
2026-01-22T20:00,33.7,33,15.2,34.3,0,0.0,0.0,0.0,0.0,0.0,2,1008.6,996.0,46,24140.0,9.9,23.4,asuncion,2026-01-22T07:24:17.084811
2026-01-22T21:00,32.9,35,15.4,33.2,0,0.0,0.0,0.0,0.0,0.0,1,1008.3,995.7,32,24140.0,10.0,23.4,asuncion,2026-01-22T07:24:17.084811
2026-01-22T22:00,31.1,42,16.6,32.4,0,0.0,0.0,0.0,0.0,0.0,0,1008.6,995.9,0,24140.0,7.0,22.3,asuncion,2026-01-22T07:24:17.084811
2026-01-22T23:00,27.7,53,17.2,29.3,0,0.0,0.0,0.0,0.0,0.0,2,1009.2,996.3,73,24140.0,6.2,14.4,asuncion,2026-01-22T07:24:17.084811
2026-01-22T00:00,23.6,87,21.3,27.8,0,0.0,0.0,0.0,0.0,0.0,2,1011.0,994.5,71,24020.0,2.9,9.0,lima,2026-01-22T07:24:19.490523
2026-01-22T01:00,23.3,89,21.4,27.4,0,0.0,0.0,0.0,0.0,0.0,2,1012.2,995.7,62,24020.0,2.9,5.8,lima,2026-01-22T07:24:19.490523
2026-01-22T02:00,23.0,90,21.3,27.2,3,0.0,0.0,0.0,0.0,0.0,2,1013.0,996.5,76,24040.0,2.6,5.0,lima,2026-01-22T07:24:19.490523
2026-01-22T03:00,22.8,91,21.3,27.0,0,0.0,0.0,0.0,0.0,0.0,2,1013.2,996.6,81,24140.0,2.4,4.3,lima,2026-01-22T07:24:19.490523
2026-01-22T04:00,22.7,92,21.3,26.8,0,0.0,0.0,0.0,0.0,0.0,3,1013.3,996.7,89,24140.0,2.9,5.0,lima,2026-01-22T07:24:19.490523
2026-01-22T05:00,22.6,92,21.3,26.8,0,0.0,0.0,0.0,0.0,0.0,3,1012.9,996.3,87,24140.0,2.2,4.7,lima,2026-01-22T07:24:19.490523
2026-01-22T06:00,22.5,93,21.3,26.9,0,0.0,0.0,0.0,0.0,0.0,3,1012.6,996.0,90,24140.0,1.6,3.6,lima,2026-01-22T07:24:19.490523
2026-01-22T07:00,22.4,93,21.2,26.7,0,0.0,0.0,0.0,0.0,0.0,3,1012.4,995.8,91,24140.0,0.8,2.9,lima,2026-01-22T07:24:19.490523
2026-01-22T08:00,22.3,94,21.3,26.7,0,0.0,0.0,0.0,0.0,0.0,3,1011.9,995.3,100,24140.0,0.7,1.8,lima,2026-01-22T07:24:19.490523
2026-01-22T09:00,22.1,95,21.3,26.5,0,0.0,0.0,0.0,0.0,0.0,3,1011.2,994.6,100,24140.0,1.1,1.8,lima,2026-01-22T07:24:19.490523
2026-01-22T10:00,22.0,95,21.1,26.4,0,0.0,0.0,0.0,0.0,0.0,45,1011.1,994.5,79,24140.0,0.5,1.8,lima,2026-01-22T07:24:19.490523
2026-01-22T11:00,21.9,96,21.3,26.4,3,0.0,0.0,0.0,0.0,0.0,45,1011.6,995.0,75,24140.0,0.5,1.4,lima,2026-01-22T07:24:19.490523
2026-01-22T12:00,22.0,95,21.2,26.3,0,0.0,0.0,0.0,0.0,0.0,45,1012.1,995.5,86,24140.0,1.3,2.5,lima,2026-01-22T07:24:19.490523
2026-01-22T13:00,22.8,91,21.3,27.2,0,0.0,0.0,0.0,0.0,0.0,3,1012.4,995.9,87,24140.0,1.1,2.9,lima,2026-01-22T07:24:19.490523
2026-01-22T14:00,23.5,87,21.2,27.7,0,0.0,0.0,0.0,0.0,0.0,3,1012.5,996.0,86,24140.0,2.5,5.0,lima,2026-01-22T07:24:19.490523
2026-01-22T15:00,24.1,84,21.2,28.0,0,0.0,0.0,0.0,0.0,0.0,3,1012.5,996.0,83,24140.0,4.4,8.3,lima,2026-01-22T07:24:19.490523
2026-01-22T16:00,24.6,82,21.3,29.3,0,0.0,0.0,0.0,0.0,0.0,2,1012.4,995.9,81,24020.0,6.6,11.5,lima,2026-01-22T07:24:19.490523
2026-01-22T17:00,24.7,81,21.2,30.0,0,0.0,0.0,0.0,0.0,0.0,2,1012.0,995.6,80,24020.0,7.5,13.0,lima,2026-01-22T07:24:19.490523
2026-01-22T18:00,24.7,82,21.4,30.0,0,0.0,0.0,0.0,0.0,0.0,2,1011.3,994.9,68,24020.0,7.5,13.3,lima,2026-01-22T07:24:19.490523
2026-01-22T19:00,24.8,81,21.3,30.5,0,0.0,0.0,0.0,0.0,0.0,2,1010.7,994.3,51,24020.0,7.4,13.0,lima,2026-01-22T07:24:19.490523
2026-01-22T20:00,24.9,81,21.4,29.9,0,0.0,0.0,0.0,0.0,0.0,2,1010.0,993.6,53,24020.0,8.2,13.7,lima,2026-01-22T07:24:19.490523
2026-01-22T21:00,24.9,81,21.4,29.0,0,0.0,0.0,0.0,0.0,0.0,2,1009.7,993.3,66,24020.0,6.6,13.3,lima,2026-01-22T07:24:19.490523
2026-01-22T22:00,24.7,82,21.4,28.5,0,0.0,0.0,0.0,0.0,0.0,2,1009.5,993.1,65,24020.0,5.6,11.2,lima,2026-01-22T07:24:19.490523
2026-01-22T23:00,24.3,84,21.5,28.2,0,0.0,0.0,0.0,0.0,0.0,2,1009.8,993.4,56,24020.0,5.2,9.7,lima,2026-01-22T07:24:19.490523
2026-01-22T00:00,24.6,70,18.8,26.5,0,0.0,0.0,0.0,0.0,0.0,1,1015.2,1015.1,26,24140.0,9.7,17.3,manila,2026-01-22T07:25:37.216100
2026-01-22T01:00,24.8,68,18.5,26.7,0,0.0,0.0,0.0,0.0,0.0,1,1015.9,1015.8,30,24140.0,9.1,13.3,manila,2026-01-22T07:25:37.216100
2026-01-22T02:00,25.4,65,18.4,27.4,0,0.0,0.0,0.0,0.0,0.0,1,1015.6,1015.5,20,24140.0,9.6,13.3,manila,2026-01-22T07:25:37.216100
2026-01-22T03:00,26.6,60,18.2,29.1,0,0.0,0.0,0.0,0.0,0.0,1,1014.9,1014.8,17,24140.0,11.8,15.8,manila,2026-01-22T07:25:37.216100
2026-01-22T04:00,27.7,55,17.9,29.9,0,0.0,0.0,0.0,0.0,0.0,1,1014.1,1014.0,14,24140.0,15.2,20.5,manila,2026-01-22T07:25:37.216100
2026-01-22T05:00,28.1,53,17.6,29.4,0,0.0,0.0,0.0,0.0,0.0,1,1013.2,1013.1,23,24140.0,19.7,25.9,manila,2026-01-22T07:25:37.216100
2026-01-22T06:00,28.1,54,18.0,28.8,0,0.0,0.0,0.0,0.0,0.0,1,1012.7,1012.6,24,24140.0,22.5,29.5,manila,2026-01-22T07:25:37.216100
2026-01-22T07:00,28.0,54,17.9,27.8,0,0.0,0.0,0.0,0.0,0.0,1,1011.8,1011.7,13,24140.0,23.8,31.3,manila,2026-01-22T07:25:37.216100
2026-01-22T08:00,27.7,55,17.9,26.9,0,0.0,0.0,0.0,0.0,0.0,1,1011.9,1011.8,13,24140.0,25.4,33.1,manila,2026-01-22T07:25:37.216100
2026-01-22T09:00,27.3,56,17.8,26.5,0,0.0,0.0,0.0,0.0,0.0,1,1012.1,1012.0,18,24140.0,24.3,33.1,manila,2026-01-22T07:25:37.216100
2026-01-22T10:00,26.8,58,17.8,26.4,0,0.0,0.0,0.0,0.0,0.0,1,1013.1,1013.0,25,24140.0,22.1,31.7,manila,2026-01-22T07:25:37.216100
2026-01-22T11:00,26.2,60,17.8,26.1,0,0.0,0.0,0.0,0.0,0.0,2,1014.2,1014.1,48,24140.0,19.8,29.2,manila,2026-01-22T07:25:37.216100
2026-01-22T12:00,25.7,63,18.1,26.2,0,0.0,0.0,0.0,0.0,0.0,1,1015.3,1015.2,27,24140.0,16.6,26.3,manila,2026-01-22T07:25:37.216100
2026-01-22T13:00,25.3,65,18.3,26.7,0,0.0,0.0,0.0,0.0,0.0,0,1015.6,1015.5,3,24140.0,11.9,22.3,manila,2026-01-22T07:25:37.216100
2026-01-22T14:00,25.2,65,18.1,27.4,0,0.0,0.0,0.0,0.0,0.0,0,1015.5,1015.4,1,24140.0,5.4,16.2,manila,2026-01-22T07:25:37.216100
2026-01-22T15:00,25.1,64,17.9,27.4,0,0.0,0.0,0.0,0.0,0.0,0,1015.4,1015.3,3,24140.0,4.3,7.2,manila,2026-01-22T07:25:37.216100
2026-01-22T16:00,25.1,64,17.8,27.1,0,0.0,0.0,0.0,0.0,0.0,0,1015.5,1015.4,0,24140.0,5.7,7.9,manila,2026-01-22T07:25:37.216100
2026-01-22T17:00,25.0,64,17.7,26.8,0,0.0,0.0,0.0,0.0,0.0,0,1015.5,1015.4,1,24140.0,7.0,9.7,manila,2026-01-22T07:25:37.216100
2026-01-22T18:00,24.7,66,18.0,26.2,0,0.0,0.0,0.0,0.0,0.0,0,1014.7,1014.6,5,24140.0,9.8,13.3,manila,2026-01-22T07:25:37.216100
2026-01-22T19:00,24.5,70,18.7,26.0,0,0.0,0.0,0.0,0.0,0.0,1,1014.5,1014.4,8,24140.0,11.9,15.8,manila,2026-01-22T07:25:37.216100
2026-01-22T20:00,24.2,73,19.0,25.8,0,0.0,0.0,0.0,0.0,0.0,1,1014.8,1014.7,9,24140.0,12.4,16.9,manila,2026-01-22T07:25:37.216100
2026-01-22T21:00,24.1,73,19.0,25.7,0,0.0,0.0,0.0,0.0,0.0,1,1015.5,1015.4,12,24140.0,12.3,16.9,manila,2026-01-22T07:25:37.216100
2026-01-22T22:00,24.0,73,18.9,25.7,0,0.0,0.0,0.0,0.0,0.0,1,1016.4,1016.3,12,24140.0,11.4,16.6,manila,2026-01-22T07:25:37.216100
2026-01-22T23:00,23.9,73,18.8,25.6,0,0.0,0.0,0.0,0.0,0.0,1,1016.9,1016.8,16,24140.0,11.3,15.8,manila,2026-01-22T07:25:37.216100
2026-01-22T00:00,-8.1,83,-10.5,-12.8,0,0.0,0.0,0.0,0.0,0.16,0,1009.9,995.3,0,50000.0,9.7,15.5,warsaw,2026-01-22T07:26:14.775225
2026-01-22T01:00,-8.4,82,-11.0,-13.2,0,0.0,0.0,0.0,0.0,0.16,0,1009.8,995.2,0,10660.0,10.1,17.6,warsaw,2026-01-22T07:26:14.775225
2026-01-22T02:00,-8.7,81,-11.4,-13.0,0,0.0,0.0,0.0,0.0,0.16,0,1009.1,994.5,0,10760.0,6.8,16.2,warsaw,2026-01-22T07:26:14.775225
2026-01-22T03:00,-9.1,82,-11.6,-13.0,0,0.0,0.0,0.0,0.0,0.16,0,1009.3,994.7,0,10560.0,4.0,7.2,warsaw,2026-01-22T07:26:14.775225
2026-01-22T04:00,-9.0,83,-11.3,-13.4,0,0.0,0.0,0.0,0.0,0.16,0,1008.7,994.1,0,50000.0,7.2,10.8,warsaw,2026-01-22T07:26:14.775225
2026-01-22T05:00,-8.8,82,-11.3,-13.4,0,0.0,0.0,0.0,0.0,0.16,0,1008.4,993.8,0,10500.0,8.3,13.3,warsaw,2026-01-22T07:26:14.775225
2026-01-22T06:00,-9.1,82,-11.6,-13.9,0,0.0,0.0,0.0,0.0,0.16,0,1008.6,994.0,0,10640.0,9.7,16.2,warsaw,2026-01-22T07:26:14.775225
2026-01-22T07:00,-9.3,80,-12.1,-14.1,0,0.0,0.0,0.0,0.0,0.16,0,1008.9,994.3,0,11480.0,9.4,17.6,warsaw,2026-01-22T07:26:14.775225
2026-01-22T08:00,-8.9,77,-12.2,-13.8,0,0.0,0.0,0.0,0.0,0.16,0,1008.9,994.3,0,50000.0,10.1,18.0,warsaw,2026-01-22T07:26:14.775225
2026-01-22T09:00,-7.8,69,-12.5,-12.7,0,0.0,0.0,0.0,0.0,0.16,0,1009.0,994.4,0,15820.0,10.1,18.0,warsaw,2026-01-22T07:26:14.775225
2026-01-22T10:00,-6.7,62,-12.8,-11.8,0,0.0,0.0,0.0,0.0,0.16,0,1008.7,994.2,0,18920.0,11.2,21.2,warsaw,2026-01-22T07:26:14.775225
2026-01-22T11:00,-5.6,58,-12.6,-10.9,0,0.0,0.0,0.0,0.0,0.16,0,1008.4,994.0,0,20500.0,12.2,23.0,warsaw,2026-01-22T07:26:14.775225
2026-01-22T12:00,-5.2,57,-12.4,-10.7,0,0.0,0.0,0.0,0.0,0.16,0,1008.4,994.0,4,50000.0,13.7,26.6,warsaw,2026-01-22T07:26:14.775225
2026-01-22T13:00,-5.5,62,-11.7,-11.1,0,0.0,0.0,0.0,0.0,0.16,0,1008.6,994.2,1,50000.0,14.8,28.4,warsaw,2026-01-22T07:26:14.775225
2026-01-22T14:00,-6.2,66,-11.5,-11.8,0,0.0,0.0,0.0,0.0,0.16,0,1008.9,994.4,0,17220.0,15.1,28.4,warsaw,2026-01-22T07:26:14.775225
2026-01-22T15:00,-7.4,70,-11.9,-13.1,0,0.0,0.0,0.0,0.0,0.16,0,1009.0,994.5,0,15400.0,15.8,30.2,warsaw,2026-01-22T07:26:14.775225
2026-01-22T16:00,-8.2,72,-12.3,-13.8,0,0.0,0.0,0.0,0.0,0.16,0,1009.5,994.9,1,50000.0,15.1,30.2,warsaw,2026-01-22T07:26:14.775225
2026-01-22T17:00,-9.2,75,-12.8,-14.8,0,0.0,0.0,0.0,0.0,0.16,2,1010.0,995.4,50,50000.0,15.1,28.8,warsaw,2026-01-22T07:26:14.775225
2026-01-22T18:00,-9.9,76,-13.3,-15.7,0,0.0,0.0,0.0,0.0,0.16,2,1010.3,995.6,75,12980.0,16.2,30.2,warsaw,2026-01-22T07:26:14.775225
2026-01-22T19:00,-10.3,78,-13.4,-16.0,0,0.0,0.0,0.0,0.0,0.16,0,1010.5,995.8,0,12260.0,15.1,30.6,warsaw,2026-01-22T07:26:14.775225
2026-01-22T20:00,-10.5,80,-13.3,-16.1,0,0.0,0.0,0.0,0.0,0.16,0,1010.6,995.9,3,50000.0,14.4,28.8,warsaw,2026-01-22T07:26:14.775225
2026-01-22T21:00,-10.6,81,-13.3,-16.2,0,0.0,0.0,0.0,0.0,0.16,3,1010.8,996.1,100,50000.0,14.0,27.4,warsaw,2026-01-22T07:26:14.775225
2026-01-22T22:00,-10.2,83,-12.6,-15.5,0,0.0,0.0,0.0,0.0,0.16,3,1010.8,996.1,100,9960.0,12.6,26.6,warsaw,2026-01-22T07:26:14.775225
2026-01-22T23:00,-9.8,84,-12.0,-15.1,0,0.0,0.0,0.0,0.0,0.16,3,1010.9,996.2,100,50000.0,12.6,24.5,warsaw,2026-01-22T07:26:14.775225
2026-01-22T00:00,10.3,87,8.2,7.5,48,0.4,0.0,0.4,0.0,0.0,80,1006.0,1005.3,82,19540.0,15.9,35.6,aveiro,2026-01-22T07:26:17.170935
2026-01-22T01:00,10.2,86,8.0,7.6,43,0.5,0.0,0.5,0.0,0.0,80,1007.0,1006.3,82,24340.0,14.5,32.0,aveiro,2026-01-22T07:26:17.170935
2026-01-22T02:00,10.2,86,8.0,7.8,35,0.3,0.0,0.3,0.0,0.0,80,1007.0,1006.3,77,24460.0,12.5,28.8,aveiro,2026-01-22T07:26:17.170935
2026-01-22T03:00,10.1,87,8.0,8.6,20,0.1,0.0,0.1,0.0,0.0,3,1007.7,1007.0,84,24000.0,6.6,25.9,aveiro,2026-01-22T07:26:17.170935
2026-01-22T04:00,10.1,84,7.5,8.5,13,0.0,0.0,0.0,0.0,0.0,2,1007.3,1006.6,69,31940.0,6.1,14.4,aveiro,2026-01-22T07:26:17.170935
2026-01-22T05:00,10.1,84,7.5,8.5,3,0.0,0.0,0.0,0.0,0.0,2,1007.7,1007.0,74,31540.0,6.6,7.9,aveiro,2026-01-22T07:26:17.170935
2026-01-22T06:00,10.0,88,8.1,8.9,3,0.0,0.0,0.0,0.0,0.0,2,1007.6,1006.9,81,24380.0,3.4,9.0,aveiro,2026-01-22T07:26:17.170935
2026-01-22T07:00,9.8,87,7.7,8.7,0,0.0,0.0,0.0,0.0,0.0,2,1007.9,1007.2,80,24400.0,2.8,4.3,aveiro,2026-01-22T07:26:17.170935
2026-01-22T08:00,9.8,87,7.7,8.8,3,0.0,0.0,0.0,0.0,0.0,3,1008.1,1007.4,84,26840.0,2.2,3.2,aveiro,2026-01-22T07:26:17.170935
2026-01-22T09:00,9.5,89,7.8,8.2,0,0.1,0.0,0.1,0.0,0.0,3,1008.5,1007.8,98,18780.0,4.9,3.2,aveiro,2026-01-22T07:26:17.170935
2026-01-22T10:00,10.0,93,8.9,8.6,0,0.0,0.0,0.0,0.0,0.0,3,1007.5,1006.8,100,9560.0,7.9,11.9,aveiro,2026-01-22T07:26:17.170935
2026-01-22T11:00,10.5,91,9.1,9.0,35,0.1,0.1,0.0,0.0,0.0,3,1007.0,1006.3,99,8940.0,8.4,15.5,aveiro,2026-01-22T07:26:17.170935
2026-01-22T12:00,11.4,91,9.9,9.6,68,0.2,0.2,0.0,0.0,0.0,61,1006.0,1005.3,100,9560.0,12.1,20.9,aveiro,2026-01-22T07:26:17.170935
2026-01-22T13:00,11.3,92,10.1,9.3,83,0.8,0.8,0.0,0.0,0.0,61,1005.4,1004.7,100,5660.0,13.7,24.5,aveiro,2026-01-22T07:26:17.170935
2026-01-22T14:00,11.2,91,9.8,9.2,98,0.9,0.7,0.2,0.0,0.0,61,1004.9,1004.2,100,7340.0,13.7,27.4,aveiro,2026-01-22T07:26:17.170935
2026-01-22T15:00,11.1,93,10.0,8.7,100,1.7,1.6,0.1,0.0,0.0,61,1003.2,1002.5,96,3000.0,16.6,30.6,aveiro,2026-01-22T07:26:17.170935
2026-01-22T16:00,11.1,93,10.0,8.3,98,1.9,1.7,0.2,0.0,0.0,61,1001.5,1000.8,100,5400.0,19.3,33.5,aveiro,2026-01-22T07:26:17.170935
2026-01-22T17:00,11.2,91,9.7,8.5,100,1.1,0.8,0.4,0.0,0.0,61,1000.0,999.3,100,9700.0,18.1,36.0,aveiro,2026-01-22T07:26:17.170935
2026-01-22T18:00,11.7,93,10.6,8.6,98,1.8,1.1,0.7,0.0,0.0,80,999.3,998.6,100,9100.0,21.9,37.4,aveiro,2026-01-22T07:26:17.170935
2026-01-22T19:00,12.9,95,12.1,11.2,98,1.2,0.1,1.1,0.0,0.0,80,999.4,998.7,97,5260.0,16.4,43.2,aveiro,2026-01-22T07:26:17.170935
2026-01-22T20:00,13.8,92,12.5,12.2,93,1.7,0.0,1.7,0.0,0.0,95,999.4,998.7,98,8340.0,15.8,30.6,aveiro,2026-01-22T07:26:17.170935
2026-01-22T21:00,13.9,87,11.8,10.3,93,1.1,0.0,1.1,0.0,0.0,80,1000.1,999.4,89,15640.0,28.5,50.8,aveiro,2026-01-22T07:26:17.170935
2026-01-22T22:00,13.0,68,7.2,9.1,43,0.1,0.0,0.1,0.0,0.0,2,1001.1,1000.4,56,58080.0,21.9,53.3,aveiro,2026-01-22T07:26:17.170935
2026-01-22T23:00,12.0,76,7.9,8.3,35,0.0,0.0,0.0,0.0,0.0,2,1002.0,1001.3,72,43300.0,21.1,40.7,aveiro,2026-01-22T07:26:17.170935
2026-01-22T00:00,8.3,93,7.3,6.2,100,1.2,0.0,1.2,0.0,0.0,80,1004.5,981.3,86,8020.0,9.4,30.2,braga,2026-01-22T07:27:34.874773
2026-01-22T01:00,8.2,93,7.2,6.2,100,1.3,0.0,1.3,0.0,0.0,80,1005.5,982.3,86,6640.0,9.0,32.0,braga,2026-01-22T07:27:34.874773
2026-01-22T02:00,8.1,94,7.2,6.3,100,1.2,0.0,1.2,0.0,0.0,80,1005.7,982.5,85,6840.0,8.0,32.8,braga,2026-01-22T07:27:34.874773
2026-01-22T03:00,7.8,93,6.8,6.3,88,0.5,0.0,0.5,0.0,0.0,80,1006.4,983.1,66,7900.0,4.7,28.1,braga,2026-01-22T07:27:34.874773
2026-01-22T04:00,7.4,94,6.5,6.0,63,0.3,0.0,0.3,0.0,0.0,80,1006.0,982.7,81,6780.0,3.1,19.4,braga,2026-01-22T07:27:34.874773
2026-01-22T05:00,7.1,93,6.0,5.5,45,0.0,0.0,0.0,0.0,0.0,2,1006.4,983.0,74,9180.0,4.0,19.8,braga,2026-01-22T07:27:34.874773
2026-01-22T06:00,7.0,94,6.1,5.5,45,0.0,0.0,0.0,0.0,0.0,3,1006.6,983.2,88,7760.0,3.7,11.5,braga,2026-01-22T07:27:34.874773
2026-01-22T07:00,7.2,93,6.2,5.8,33,0.1,0.0,0.1,0.0,0.0,3,1007.1,983.7,100,10120.0,3.3,14.8,braga,2026-01-22T07:27:34.874773
2026-01-22T08:00,6.8,94,5.9,5.2,18,0.0,0.0,0.0,0.0,0.0,3,1007.3,983.9,86,7020.0,4.0,10.1,braga,2026-01-22T07:27:34.874773
2026-01-22T09:00,7.3,94,6.4,5.9,15,0.0,0.0,0.0,0.0,0.0,2,1007.6,984.2,82,6020.0,3.7,13.3,braga,2026-01-22T07:27:34.874773
2026-01-22T10:00,8.4,93,7.3,7.0,13,0.1,0.0,0.1,0.0,0.0,3,1006.3,983.1,99,8040.0,4.8,15.5,braga,2026-01-22T07:27:34.874773
2026-01-22T11:00,10.0,86,7.8,8.7,48,0.0,0.0,0.0,0.0,0.0,3,1005.4,982.3,86,21760.0,5.2,18.7,braga,2026-01-22T07:27:34.874773
2026-01-22T12:00,10.2,85,7.8,8.3,58,0.1,0.0,0.0,0.0,0.0,3,1004.3,981.3,98,22480.0,9.4,25.6,braga,2026-01-22T07:27:34.874773
2026-01-22T13:00,9.9,92,8.6,7.7,88,0.7,0.6,0.1,0.0,0.0,61,1003.9,980.8,100,8980.0,12.6,36.4,braga,2026-01-22T07:27:34.874773
2026-01-22T14:00,9.9,91,8.5,7.3,100,1.2,1.2,0.0,0.0,0.0,61,1002.9,979.9,98,10380.0,15.5,36.7,braga,2026-01-22T07:27:34.874773
2026-01-22T15:00,9.6,90,8.1,6.8,100,0.7,0.6,0.1,0.0,0.0,61,1001.1,978.1,99,13100.0,16.3,39.6,braga,2026-01-22T07:27:34.874773
2026-01-22T16:00,9.7,91,8.3,6.8,100,1.4,1.1,0.3,0.0,0.0,61,999.6,976.6,100,6140.0,17.3,40.7,braga,2026-01-22T07:27:34.874773
2026-01-22T17:00,9.9,92,8.7,6.8,100,1.9,1.4,0.4,0.0,0.0,61,998.0,975.1,100,3940.0,18.9,44.3,braga,2026-01-22T07:27:34.874773
2026-01-22T18:00,10.4,94,9.5,7.1,100,3.4,2.7,0.7,0.0,0.0,63,997.4,974.5,100,4360.0,21.7,54.7,braga,2026-01-22T07:27:34.874773
2026-01-22T19:00,11.0,96,10.4,8.7,100,1.1,0.1,1.0,0.0,0.0,95,997.1,974.3,99,4020.0,16.9,54.4,braga,2026-01-22T07:27:34.874773
2026-01-22T20:00,11.9,96,11.3,9.9,100,2.7,1.3,1.4,0.0,0.0,63,997.2,974.4,97,1460.0,16.2,47.2,braga,2026-01-22T07:27:34.874773
2026-01-22T21:00,11.3,90,9.7,8.4,95,1.1,0.0,1.1,0.0,0.0,80,997.9,975.1,87,12140.0,19.6,57.2,braga,2026-01-22T07:27:34.874773
2026-01-22T22:00,10.0,85,7.6,7.1,78,0.4,0.0,0.4,0.0,0.0,80,999.1,976.2,97,22760.0,15.6,52.2,braga,2026-01-22T07:27:34.874773
2026-01-22T23:00,9.0,89,7.3,6.5,83,0.6,0.0,0.6,0.0,0.0,80,999.8,976.8,64,16060.0,11.9,45.7,braga,2026-01-22T07:27:34.874773
2026-01-22T00:00,9.6,92,8.3,7.9,53,0.6,0.0,0.6,0.0,0.0,80,1006.9,1003.5,82,9600.0,8.6,32.4,coimbra,2026-01-22T07:27:37.273607
2026-01-22T01:00,9.3,91,7.9,7.7,48,0.7,0.0,0.7,0.0,0.0,80,1007.9,1004.5,88,11160.0,7.2,27.0,coimbra,2026-01-22T07:27:37.273607
2026-01-22T02:00,9.0,92,7.8,7.7,30,0.4,0.0,0.4,0.0,0.0,80,1007.8,1004.4,89,11520.0,5.2,22.0,coimbra,2026-01-22T07:27:37.273607
2026-01-22T03:00,9.0,90,7.5,7.7,8,0.1,0.0,0.1,0.0,0.0,3,1008.6,1005.2,80,15520.0,4.7,16.9,coimbra,2026-01-22T07:27:37.273607
2026-01-22T04:00,9.0,88,7.1,7.6,10,0.0,0.0,0.0,0.0,0.0,2,1008.2,1004.8,83,20120.0,4.9,9.7,coimbra,2026-01-22T07:27:37.273607
2026-01-22T05:00,9.0,89,7.3,7.5,13,0.0,0.0,0.0,0.0,0.0,2,1008.5,1005.1,78,18060.0,5.4,11.9,coimbra,2026-01-22T07:27:37.273607
2026-01-22T06:00,8.6,91,7.2,7.4,3,0.0,0.0,0.0,0.0,0.0,2,1008.1,1004.7,59,14800.0,3.2,11.5,coimbra,2026-01-22T07:27:37.273607
2026-01-22T07:00,8.2,91,6.8,7.0,0,0.0,0.0,0.0,0.0,0.0,2,1008.4,1005.0,67,14460.0,2.9,5.8,coimbra,2026-01-22T07:27:37.273607
2026-01-22T08:00,7.8,94,6.9,6.5,0,0.0,0.0,0.0,0.0,0.0,2,1008.8,1005.4,82,7720.0,3.6,8.6,coimbra,2026-01-22T07:27:37.273607
2026-01-22T09:00,8.4,94,7.5,7.2,0,0.0,0.0,0.0,0.0,0.0,3,1009.0,1005.6,84,4340.0,3.9,10.1,coimbra,2026-01-22T07:27:37.273607
2026-01-22T10:00,9.9,92,8.6,8.9,10,0.0,0.0,0.0,0.0,0.0,3,1008.5,1005.1,100,10980.0,4.0,9.4,coimbra,2026-01-22T07:27:37.273607
2026-01-22T11:00,11.2,85,8.8,10.3,13,0.0,0.0,0.0,0.0,0.0,3,1008.3,1004.9,100,26340.0,4.3,10.1,coimbra,2026-01-22T07:27:37.273607
2026-01-22T12:00,11.4,87,9.3,10.1,48,0.5,0.5,0.0,0.0,0.0,61,1007.1,1003.7,100,18300.0,7.9,18.0,coimbra,2026-01-22T07:27:37.273607
2026-01-22T13:00,11.4,89,9.6,9.8,80,0.6,0.6,0.0,0.0,0.0,61,1006.3,1002.9,100,16000.0,10.1,23.4,coimbra,2026-01-22T07:27:37.273607
2026-01-22T14:00,11.2,89,9.4,8.9,90,0.7,0.7,0.0,0.0,0.0,61,1005.6,1002.2,100,10180.0,14.8,32.8,coimbra,2026-01-22T07:27:37.273607
2026-01-22T15:00,11.0,91,9.6,8.9,100,1.2,1.1,0.0,0.0,0.0,61,1004.3,1000.9,100,11780.0,13.8,33.1,coimbra,2026-01-22T07:27:37.273607
2026-01-22T16:00,11.4,90,9.8,9.1,100,1.0,0.9,0.1,0.0,0.0,61,1002.8,999.4,100,13100.0,15.5,36.4,coimbra,2026-01-22T07:27:37.273607
2026-01-22T17:00,11.6,90,10.0,9.2,100,0.8,0.5,0.2,0.0,0.0,61,1001.1,997.7,100,12920.0,16.6,37.1,coimbra,2026-01-22T07:27:37.273607
2026-01-22T18:00,12.1,90,10.5,9.7,93,0.8,0.2,0.6,0.0,0.0,80,1000.5,997.2,100,13840.0,17.7,39.2,coimbra,2026-01-22T07:27:37.273607
2026-01-22T19:00,12.6,92,11.4,11.0,100,0.7,0.5,0.2,0.0,0.0,61,1000.5,997.2,100,9920.0,13.8,39.6,coimbra,2026-01-22T07:27:37.273607
2026-01-22T20:00,13.1,92,11.8,12.0,100,0.8,0.0,0.7,0.0,0.0,80,1000.5,997.2,95,10900.0,11.4,30.6,coimbra,2026-01-22T07:27:37.273607
2026-01-22T21:00,13.4,94,12.5,11.8,98,1.8,0.5,1.3,0.0,0.0,80,1001.0,997.7,85,1720.0,16.4,40.7,coimbra,2026-01-22T07:27:37.273607
2026-01-22T22:00,12.9,85,10.5,10.1,88,0.6,0.0,0.6,0.0,0.0,80,1001.8,998.5,72,21600.0,20.7,50.8,coimbra,2026-01-22T07:27:37.273607
2026-01-22T23:00,11.8,83,9.0,9.6,48,0.0,0.0,0.0,0.0,0.0,3,1002.7,999.3,91,28100.0,13.1,45.0,coimbra,2026-01-22T07:27:37.273607
2026-01-22T00:00,17.6,92,16.3,19.6,0,0.0,0.0,0.0,0.0,0.0,2,1020.1,1008.3,76,12280.0,1.3,18.0,funchal,2026-01-22T07:29:40.122663
2026-01-22T01:00,17.5,92,16.2,19.5,0,0.0,0.0,0.0,0.0,0.0,2,1020.1,1008.3,81,11460.0,0.8,23.0,funchal,2026-01-22T07:29:40.122663
2026-01-22T02:00,17.5,91,16.0,19.2,0,0.0,0.0,0.0,0.0,0.0,3,1019.8,1008.0,100,11860.0,2.1,14.8,funchal,2026-01-22T07:29:40.122663
2026-01-22T03:00,17.5,94,16.6,19.6,0,0.0,0.0,0.0,0.0,0.0,3,1018.6,1006.8,100,7480.0,1.8,15.1,funchal,2026-01-22T07:29:40.122663
2026-01-22T04:00,17.3,90,15.6,19.0,0,0.1,0.0,0.1,0.0,0.0,3,1018.5,1006.7,100,17800.0,1.3,15.8,funchal,2026-01-22T07:29:40.122663
2026-01-22T05:00,17.0,89,15.2,18.5,0,0.0,0.0,0.0,0.0,0.0,3,1018.0,1006.2,100,19180.0,2.3,13.7,funchal,2026-01-22T07:29:40.122663
2026-01-22T06:00,17.0,84,14.3,18.1,0,0.0,0.0,0.0,0.0,0.0,3,1017.9,1006.1,95,29760.0,2.3,15.5,funchal,2026-01-22T07:29:40.122663
2026-01-22T07:00,16.9,83,14.0,17.9,0,0.0,0.0,0.0,0.0,0.0,1,1018.2,1006.4,51,30940.0,2.3,15.8,funchal,2026-01-22T07:29:40.122663
2026-01-22T08:00,16.8,85,14.3,17.8,0,0.0,0.0,0.0,0.0,0.0,2,1018.5,1006.7,72,27520.0,2.5,15.5,funchal,2026-01-22T07:29:40.122663
2026-01-22T09:00,17.0,89,15.2,18.4,0,0.0,0.0,0.0,0.0,0.0,2,1018.8,1007.0,55,18780.0,2.4,15.1,funchal,2026-01-22T07:29:40.122663
2026-01-22T10:00,18.3,90,16.6,20.4,3,0.0,0.0,0.0,0.0,0.0,2,1018.9,1007.2,54,13160.0,1.3,13.7,funchal,2026-01-22T07:29:40.122663
2026-01-22T11:00,19.0,87,16.8,21.0,0,0.0,0.0,0.0,0.0,0.0,3,1019.1,1007.4,88,11600.0,2.6,15.1,funchal,2026-01-22T07:29:40.122663
2026-01-22T12:00,19.5,87,17.3,21.5,0,0.0,0.0,0.0,0.0,0.0,3,1018.9,1007.2,99,12160.0,4.0,15.5,funchal,2026-01-22T07:29:40.122663
2026-01-22T13:00,20.0,88,17.9,22.3,0,0.0,0.0,0.0,0.0,0.0,3,1018.6,1006.9,100,9580.0,4.2,17.3,funchal,2026-01-22T07:29:40.122663
2026-01-22T14:00,20.1,87,17.9,22.4,0,0.0,0.0,0.0,0.0,0.0,3,1018.0,1006.3,97,9860.0,3.7,19.8,funchal,2026-01-22T07:29:40.122663
2026-01-22T15:00,19.8,90,18.1,22.2,0,0.0,0.0,0.0,0.0,0.0,3,1017.8,1006.1,96,5360.0,3.6,18.0,funchal,2026-01-22T07:29:40.122663
2026-01-22T16:00,19.3,91,17.8,21.6,0,0.1,0.0,0.1,0.0,0.0,3,1017.4,1005.7,91,5960.0,4.0,13.7,funchal,2026-01-22T07:29:40.122663
2026-01-22T17:00,18.9,93,17.7,21.3,0,0.0,0.0,0.0,0.0,0.0,45,1017.0,1005.3,79,3520.0,2.5,15.5,funchal,2026-01-22T07:29:40.122663
2026-01-22T18:00,18.3,90,16.6,20.4,0,0.0,0.0,0.0,0.0,0.0,2,1017.0,1005.3,73,9380.0,1.5,20.9,funchal,2026-01-22T07:29:40.122663
2026-01-22T19:00,17.2,95,16.4,18.9,0,0.0,0.0,0.0,0.0,0.0,2,1017.5,1005.7,60,4580.0,3.4,14.8,funchal,2026-01-22T07:29:40.122663
2026-01-22T20:00,17.1,90,15.4,18.5,0,0.0,0.0,0.0,0.0,0.0,1,1018.0,1006.2,52,13860.0,3.1,13.0,funchal,2026-01-22T07:29:40.122663
2026-01-22T21:00,16.9,80,13.5,17.6,0,0.0,0.0,0.0,0.0,0.0,2,1018.4,1006.6,58,37040.0,2.9,14.0,funchal,2026-01-22T07:29:40.122663
2026-01-22T22:00,16.8,85,14.3,17.8,0,0.0,0.0,0.0,0.0,0.0,2,1018.4,1006.6,55,28520.0,2.9,15.5,funchal,2026-01-22T07:29:40.122663
2026-01-22T23:00,16.9,86,14.5,17.9,0,0.0,0.0,0.0,0.0,0.0,2,1018.4,1006.6,79,24920.0,3.1,16.9,funchal,2026-01-22T07:29:40.122663
2026-01-22T00:00,12.2,79,8.6,9.6,0,0.0,0.0,0.0,0.0,0.0,3,1008.8,999.4,100,34720.0,15.4,35.3,lisbon,2026-01-22T07:29:42.519666
2026-01-22T01:00,12.0,79,8.4,9.2,0,0.0,0.0,0.0,0.0,0.0,3,1009.6,1000.2,100,34960.0,16.0,37.1,lisbon,2026-01-22T07:29:42.519666
2026-01-22T02:00,11.9,77,8.0,9.6,0,0.0,0.0,0.0,0.0,0.0,3,1009.6,1000.2,100,38620.0,11.7,35.3,lisbon,2026-01-22T07:29:42.519666
2026-01-22T03:00,11.4,83,8.6,9.8,0,0.0,0.0,0.0,0.0,0.0,3,1010.0,1000.6,94,28160.0,8.4,25.6,lisbon,2026-01-22T07:29:42.519666
2026-01-22T04:00,11.4,84,8.8,10.6,0,0.0,0.0,0.0,0.0,0.0,3,1009.6,1000.2,94,26640.0,3.0,19.8,lisbon,2026-01-22T07:29:42.519666
2026-01-22T05:00,11.4,80,8.0,10.2,0,0.0,0.0,0.0,0.0,0.0,3,1009.7,1000.3,85,36780.0,4.7,10.4,lisbon,2026-01-22T07:29:42.519666
2026-01-22T06:00,11.2,82,8.3,10.1,0,0.0,0.0,0.0,0.0,0.0,3,1009.4,1000.0,94,31400.0,4.7,11.9,lisbon,2026-01-22T07:29:42.519666
2026-01-22T07:00,11.2,83,8.4,10.0,0,0.0,0.0,0.0,0.0,0.0,3,1009.5,1000.1,100,30000.0,5.8,13.7,lisbon,2026-01-22T07:29:42.519666
2026-01-22T08:00,11.1,83,8.3,10.0,0,0.0,0.0,0.0,0.0,0.0,2,1009.8,1000.4,80,31040.0,4.8,14.0,lisbon,2026-01-22T07:29:42.519666
2026-01-22T09:00,11.3,83,8.5,10.2,0,0.0,0.0,0.0,0.0,0.0,2,1010.6,1001.2,70,28720.0,5.0,12.2,lisbon,2026-01-22T07:29:42.519666
2026-01-22T10:00,12.4,80,9.0,11.5,3,0.0,0.0,0.0,0.0,0.0,3,1010.4,1001.0,88,31360.0,4.2,11.9,lisbon,2026-01-22T07:29:42.519666
2026-01-22T11:00,13.2,76,9.1,12.1,10,0.0,0.0,0.0,0.0,0.0,3,1010.1,1000.8,100,37820.0,6.2,14.8,lisbon,2026-01-22T07:29:42.519666
2026-01-22T12:00,13.7,71,8.5,11.8,43,0.0,0.0,0.0,0.0,0.0,3,1009.3,1000.0,100,49520.0,10.5,24.1,lisbon,2026-01-22T07:29:42.519666
2026-01-22T13:00,13.2,81,10.0,11.4,83,0.5,0.5,0.0,0.0,0.0,61,1008.1,998.8,100,27460.0,12.9,28.8,lisbon,2026-01-22T07:29:42.519666
2026-01-22T14:00,13.0,87,10.9,10.8,95,0.8,0.8,0.0,0.0,0.0,61,1007.8,998.5,100,10800.0,16.4,37.4,lisbon,2026-01-22T07:29:42.519666
2026-01-22T15:00,12.8,90,11.2,10.5,100,1.4,1.4,0.0,0.0,0.0,61,1006.6,997.3,100,7300.0,18.5,44.3,lisbon,2026-01-22T07:29:42.519666
2026-01-22T16:00,12.9,91,11.4,10.2,100,2.7,2.7,0.0,0.0,0.0,63,1005.3,996.0,100,2680.0,21.1,47.5,lisbon,2026-01-22T07:29:42.519666
2026-01-22T17:00,13.0,94,12.0,10.6,100,4.3,4.3,0.0,0.0,0.0,63,1003.6,994.3,100,2200.0,20.8,48.2,lisbon,2026-01-22T07:29:42.519666
2026-01-22T18:00,13.5,95,12.7,11.5,100,5.3,5.2,0.0,0.0,0.0,63,1002.8,993.5,100,1600.0,19.7,50.0,lisbon,2026-01-22T07:29:42.519666
2026-01-22T19:00,14.7,94,13.8,12.6,100,7.0,6.4,0.6,0.0,0.0,63,1002.4,993.2,100,3720.0,22.6,52.9,lisbon,2026-01-22T07:29:42.519666
2026-01-22T20:00,15.1,87,12.9,13.4,95,1.7,1.1,0.6,0.0,0.0,61,1002.7,993.5,97,16960.0,18.0,53.3,lisbon,2026-01-22T07:29:42.519666
2026-01-22T21:00,15.0,86,12.7,13.1,78,0.1,0.0,0.0,0.0,0.0,2,1003.3,994.1,71,19600.0,19.2,44.6,lisbon,2026-01-22T07:29:42.519666
2026-01-22T22:00,14.5,81,11.2,11.7,38,0.0,0.0,0.0,0.0,0.0,2,1003.9,994.7,58,30420.0,21.6,49.0,lisbon,2026-01-22T07:29:42.519666
2026-01-22T23:00,13.6,73,8.9,10.5,28,0.0,0.0,0.0,0.0,0.0,1,1004.9,995.6,41,47280.0,19.5,51.5,lisbon,2026-01-22T07:29:42.519666
2026-01-22T00:00,10.0,85,7.6,7.0,85,1.1,0.0,1.1,0.0,0.0,80,1005.2,993.5,85,22820.0,15.8,42.8,porto,2026-01-22T07:29:44.915403
2026-01-22T01:00,10.0,84,7.4,7.5,88,0.8,0.0,0.8,0.0,0.0,80,1006.1,994.4,89,25040.0,12.6,43.6,porto,2026-01-22T07:29:44.915403
2026-01-22T02:00,10.0,83,7.2,7.3,70,0.7,0.0,0.7,0.0,0.0,80,1006.2,994.5,80,28160.0,13.5,40.3,porto,2026-01-22T07:29:44.915403
2026-01-22T03:00,10.0,82,7.0,8.0,58,0.3,0.0,0.3,0.0,0.0,80,1006.9,995.2,81,31260.0,8.2,39.2,porto,2026-01-22T07:29:44.915403
2026-01-22T04:00,10.0,80,6.7,7.9,38,0.0,0.0,0.0,0.0,0.0,2,1006.5,994.8,74,36740.0,8.7,28.4,porto,2026-01-22T07:29:44.915403
2026-01-22T05:00,10.0,80,6.7,7.8,30,0.0,0.0,0.0,0.0,0.0,2,1007.0,995.3,71,34800.0,9.4,20.9,porto,2026-01-22T07:29:44.915403
2026-01-22T06:00,9.8,85,7.4,8.3,28,0.0,0.0,0.0,0.0,0.0,3,1007.0,995.3,82,24420.0,5.6,21.2,porto,2026-01-22T07:29:44.915403
2026-01-22T07:00,9.6,86,7.4,8.4,15,0.0,0.0,0.0,0.0,0.0,2,1007.4,995.7,79,23660.0,3.8,13.3,porto,2026-01-22T07:29:44.915403
2026-01-22T08:00,9.3,87,7.3,8.0,10,0.0,0.0,0.0,0.0,0.0,3,1007.6,995.9,99,22640.0,4.2,13.0,porto,2026-01-22T07:29:44.915403
2026-01-22T09:00,9.7,87,7.7,8.7,3,0.0,0.0,0.0,0.0,0.0,3,1007.7,996.0,100,22320.0,2.7,10.8,porto,2026-01-22T07:29:44.915403
2026-01-22T10:00,10.3,88,8.4,9.4,5,0.0,0.0,0.0,0.0,0.0,3,1006.6,994.9,99,18000.0,3.4,10.1,porto,2026-01-22T07:29:44.915403
2026-01-22T11:00,11.3,77,7.4,9.2,40,0.1,0.1,0.0,0.0,0.0,61,1005.6,994.0,96,37780.0,10.1,24.5,porto,2026-01-22T07:29:44.915403
2026-01-22T12:00,11.4,83,8.6,8.9,68,0.1,0.1,0.0,0.0,0.0,61,1005.2,993.6,100,23040.0,14.6,37.1,porto,2026-01-22T07:29:44.915403
2026-01-22T13:00,10.9,88,9.0,8.4,85,0.8,0.8,0.0,0.0,0.0,61,1004.1,992.5,100,13020.0,15.3,41.4,porto,2026-01-22T07:29:44.915403
2026-01-22T14:00,10.6,91,9.2,8.1,100,2.1,2.1,0.0,0.0,0.0,61,1003.4,991.8,100,9100.0,16.3,39.6,porto,2026-01-22T07:29:44.915403
2026-01-22T15:00,10.6,93,9.5,7.8,100,2.0,1.8,0.2,0.0,0.0,61,1002.1,990.5,97,4340.0,18.0,45.4,porto,2026-01-22T07:29:44.915403
2026-01-22T16:00,10.7,90,9.1,7.3,98,2.0,1.7,0.3,0.0,0.0,61,1000.3,988.7,100,10120.0,21.3,53.6,porto,2026-01-22T07:29:44.915403
2026-01-22T17:00,10.8,91,9.4,7.5,98,1.2,1.1,0.1,0.0,0.0,61,998.8,987.2,100,9740.0,22.0,55.1,porto,2026-01-22T07:29:44.915403
2026-01-22T18:00,11.2,94,10.3,8.6,100,0.8,0.4,0.4,0.0,0.0,80,998.3,986.7,100,10000.0,18.9,56.5,porto,2026-01-22T07:29:44.915403
2026-01-22T19:00,11.5,97,11.1,9.8,100,1.7,0.2,1.5,0.0,0.0,95,998.3,986.8,96,1520.0,14.4,52.2,porto,2026-01-22T07:29:44.915403
2026-01-22T20:00,13.3,93,12.2,11.0,100,1.7,0.1,1.6,0.0,0.0,95,998.1,986.6,93,9600.0,20.4,55.1,porto,2026-01-22T07:29:44.915403
2026-01-22T21:00,13.0,79,9.4,9.4,85,1.1,0.0,1.1,0.0,0.0,80,999.1,987.6,77,31560.0,23.7,66.2,porto,2026-01-22T07:29:44.915403
2026-01-22T22:00,11.9,75,7.6,8.2,45,0.1,0.0,0.1,0.0,0.0,3,1000.2,988.7,92,43400.0,21.7,62.3,porto,2026-01-22T07:29:44.915403
2026-01-22T23:00,11.3,72,6.4,7.7,45,0.1,0.0,0.1,0.0,0.0,2,1000.9,989.3,62,47920.0,18.7,58.0,porto,2026-01-22T07:29:44.915403
2026-01-22T00:00,11.2,65,4.9,7.7,0,0.0,0.0,0.0,0.0,0.0,2,1022.7,1021.8,63,24140.0,15.7,22.7,doha,2026-01-22T07:29:47.319611
2026-01-22T01:00,11.1,65,4.8,7.6,0,0.0,0.0,0.0,0.0,0.0,2,1022.4,1021.5,55,24140.0,15.9,26.3,doha,2026-01-22T07:29:47.319611
2026-01-22T02:00,10.9,67,5.0,7.4,0,0.0,0.0,0.0,0.0,0.0,1,1023.0,1022.1,41,24140.0,15.5,26.3,doha,2026-01-22T07:29:47.319611
2026-01-22T03:00,10.6,71,5.6,7.5,0,0.0,0.0,0.0,0.0,0.0,1,1023.9,1023.0,25,24140.0,14.4,25.6,doha,2026-01-22T07:29:47.319611
2026-01-22T04:00,10.7,74,6.2,7.8,0,0.0,0.0,0.0,0.0,0.0,0,1024.8,1023.9,0,24140.0,13.5,23.4,doha,2026-01-22T07:29:47.319611
2026-01-22T05:00,12.0,68,6.3,9.1,0,0.0,0.0,0.0,0.0,0.0,1,1025.4,1024.5,13,24140.0,13.5,22.3,doha,2026-01-22T07:29:47.319611
2026-01-22T06:00,14.4,58,6.2,11.1,0,0.0,0.0,0.0,0.0,0.0,0,1026.3,1025.4,0,24140.0,16.1,27.4,doha,2026-01-22T07:29:47.319611
2026-01-22T07:00,16.6,52,6.7,12.2,0,0.0,0.0,0.0,0.0,0.0,1,1026.4,1025.6,7,24140.0,25.5,43.6,doha,2026-01-22T07:29:47.319611
2026-01-22T08:00,17.8,44,5.4,13.5,0,0.0,0.0,0.0,0.0,0.0,1,1025.8,1025.0,10,24140.0,26.5,46.8,doha,2026-01-22T07:29:47.319611
2026-01-22T09:00,18.6,38,4.0,14.3,0,0.0,0.0,0.0,0.0,0.0,0,1024.7,1023.9,3,24140.0,26.0,45.0,doha,2026-01-22T07:29:47.319611
2026-01-22T10:00,18.9,34,2.7,14.5,0,0.0,0.0,0.0,0.0,0.0,0,1023.5,1022.7,0,24140.0,24.9,44.6,doha,2026-01-22T07:29:47.319611
2026-01-22T11:00,18.9,33,2.3,14.1,0,0.0,0.0,0.0,0.0,0.0,0,1023.3,1022.5,0,24140.0,24.1,42.5,doha,2026-01-22T07:29:47.319611
2026-01-22T12:00,18.5,34,2.4,13.4,0,0.0,0.0,0.0,0.0,0.0,0,1023.6,1022.8,0,24140.0,23.4,41.0,doha,2026-01-22T07:29:47.319611
2026-01-22T13:00,17.7,36,2.5,12.8,0,0.0,0.0,0.0,0.0,0.0,1,1023.8,1023.0,8,24140.0,22.0,39.6,doha,2026-01-22T07:29:47.319611
2026-01-22T14:00,16.6,41,3.3,12.5,0,0.0,0.0,0.0,0.0,0.0,0,1023.9,1023.1,0,24140.0,18.1,36.7,doha,2026-01-22T07:29:47.319611
2026-01-22T15:00,15.6,43,3.0,12.0,0,0.0,0.0,0.0,0.0,0.0,0,1024.5,1023.7,0,24140.0,13.3,30.2,doha,2026-01-22T07:29:47.319611
2026-01-22T16:00,14.5,47,3.3,11.3,0,0.0,0.0,0.0,0.0,0.0,0,1025.1,1024.2,0,24140.0,11.0,21.6,doha,2026-01-22T07:29:47.319611
2026-01-22T17:00,13.6,51,3.6,10.7,0,0.0,0.0,0.0,0.0,0.0,0,1025.5,1024.6,0,24140.0,9.8,17.6,doha,2026-01-22T07:29:47.319611
2026-01-22T18:00,12.8,56,4.3,10.3,0,0.0,0.0,0.0,0.0,0.0,0,1025.2,1024.3,0,24140.0,8.1,16.2,doha,2026-01-22T07:29:47.319611
2026-01-22T19:00,12.3,59,4.5,9.8,0,0.0,0.0,0.0,0.0,0.0,0,1025.2,1024.3,0,24140.0,7.9,13.3,doha,2026-01-22T07:29:47.319611
2026-01-22T20:00,11.9,61,4.6,9.5,0,0.0,0.0,0.0,0.0,0.0,0,1024.7,1023.8,0,24140.0,7.1,13.0,doha,2026-01-22T07:29:47.319611
2026-01-22T21:00,11.6,64,5.0,9.4,0,0.0,0.0,0.0,0.0,0.0,0,1024.7,1023.8,0,24140.0,6.6,11.5,doha,2026-01-22T07:29:47.319611
2026-01-22T22:00,11.3,67,5.4,9.2,0,0.0,0.0,0.0,0.0,0.0,0,1024.8,1023.9,0,24140.0,7.2,11.5,doha,2026-01-22T07:29:47.319611
2026-01-22T23:00,11.0,71,6.0,8.9,0,0.0,0.0,0.0,0.0,0.0,0,1024.5,1023.6,0,24140.0,8.0,13.3,doha,2026-01-22T07:29:47.319611
2026-01-22T00:00,-1.4,96,-2.0,-4.9,0,0.0,0.0,0.0,0.0,0.03,3,1013.5,1002.9,96,2960.0,7.4,18.0,bucharest,2026-01-22T07:31:05.025634
2026-01-22T01:00,-1.4,96,-1.9,-4.8,3,0.0,0.0,0.0,0.0,0.03,3,1012.4,1001.8,100,2600.0,7.2,17.6,bucharest,2026-01-22T07:31:05.025634
2026-01-22T02:00,-1.3,96,-1.9,-4.8,8,0.0,0.0,0.0,0.0,0.03,3,1011.2,1000.6,87,2220.0,7.2,17.6,bucharest,2026-01-22T07:31:05.025634
2026-01-22T03:00,-1.5,96,-2.0,-4.9,13,0.0,0.0,0.0,0.0,0.03,3,1010.7,1000.1,100,2280.0,7.1,17.3,bucharest,2026-01-22T07:31:05.025634
2026-01-22T04:00,-1.2,96,-1.8,-4.7,25,0.0,0.0,0.0,0.0,0.03,3,1010.0,999.4,98,1860.0,7.4,18.0,bucharest,2026-01-22T07:31:05.025634
2026-01-22T05:00,-1.0,96,-1.5,-4.4,25,0.0,0.0,0.0,0.0,0.03,3,1009.6,999.0,93,2020.0,7.1,18.7,bucharest,2026-01-22T07:31:05.025634
2026-01-22T06:00,-0.7,96,-1.3,-4.2,23,0.0,0.0,0.0,0.0,0.03,3,1009.2,998.6,95,1480.0,8.2,20.2,bucharest,2026-01-22T07:31:05.025634
2026-01-22T07:00,-0.3,96,-0.9,-3.7,35,0.0,0.0,0.0,0.0,0.03,3,1008.6,998.1,100,800.0,7.7,20.9,bucharest,2026-01-22T07:31:05.025634
2026-01-22T08:00,-0.0,96,-0.6,-3.3,55,0.0,0.0,0.0,0.0,0.03,3,1008.2,997.7,100,820.0,7.1,18.7,bucharest,2026-01-22T07:31:05.025634
2026-01-22T09:00,0.2,96,-0.3,-3.0,70,0.1,0.1,0.0,0.0,0.03,71,1007.8,997.3,100,860.0,6.9,17.3,bucharest,2026-01-22T07:31:05.025634
2026-01-22T10:00,0.5,96,-0.1,-2.4,80,0.1,0.1,0.0,0.0,0.03,71,1007.1,996.6,100,840.0,5.3,17.6,bucharest,2026-01-22T07:31:05.025634
2026-01-22T11:00,0.5,98,0.2,-2.3,73,0.5,0.4,0.0,0.0,0.03,61,1006.8,996.3,100,660.0,4.9,13.7,bucharest,2026-01-22T07:31:05.025634
2026-01-22T12:00,0.5,98,0.3,-2.1,78,0.7,0.6,0.0,0.07,0.03,61,1006.4,995.9,100,780.0,3.8,11.9,bucharest,2026-01-22T07:31:05.025634
2026-01-22T13:00,0.6,98,0.4,-1.8,55,0.8,0.7,0.0,0.0,0.03,61,1006.5,996.0,100,960.0,2.3,9.4,bucharest,2026-01-22T07:31:05.025634
2026-01-22T14:00,0.6,98,0.4,-1.9,30,0.3,0.3,0.0,0.0,0.02,61,1006.3,995.8,100,1140.0,2.9,6.8,bucharest,2026-01-22T07:31:05.025634
2026-01-22T15:00,0.6,98,0.3,-1.8,15,0.1,0.1,0.0,0.0,0.02,61,1006.4,995.9,100,1400.0,2.2,6.8,bucharest,2026-01-22T07:31:05.025634
2026-01-22T16:00,0.5,99,0.3,-1.9,15,0.0,0.0,0.0,0.0,0.02,45,1006.3,995.8,100,1480.0,1.8,4.3,bucharest,2026-01-22T07:31:05.025634
2026-01-22T17:00,0.4,99,0.3,-1.8,18,0.0,0.0,0.0,0.0,0.02,45,1006.3,995.8,100,1200.0,1.1,3.2,bucharest,2026-01-22T07:31:05.025634
2026-01-22T18:00,0.3,99,0.1,-2.1,18,0.0,0.0,0.0,0.0,0.02,45,1006.1,995.6,100,980.0,1.6,3.6,bucharest,2026-01-22T07:31:05.025634
2026-01-22T19:00,0.2,99,0.1,-2.2,23,0.0,0.0,0.0,0.0,0.02,45,1006.3,995.8,100,900.0,2.4,5.4,bucharest,2026-01-22T07:31:05.025634
2026-01-22T20:00,0.2,99,0.0,-2.4,25,0.0,0.0,0.0,0.0,0.02,45,1006.5,996.0,100,940.0,3.1,7.6,bucharest,2026-01-22T07:31:05.025634
2026-01-22T21:00,0.1,99,-0.0,-2.5,18,0.1,0.1,0.0,0.0,0.02,71,1006.6,996.1,99,860.0,3.5,8.6,bucharest,2026-01-22T07:31:05.025634
2026-01-22T22:00,0.0,99,-0.1,-2.8,13,0.0,0.0,0.0,0.0,0.02,3,1006.6,996.1,100,500.0,4.4,11.2,bucharest,2026-01-22T07:31:05.025634
2026-01-22T23:00,-0.0,99,-0.2,-2.9,8,0.0,0.0,0.0,0.0,0.02,3,1006.2,995.7,100,600.0,4.7,11.5,bucharest,2026-01-22T07:31:05.025634
2026-01-22T00:00,-25.0,84,-26.9,-29.8,0,0.0,0.0,0.0,0.0,0.3,3,1033.7,1032.4,100,2480.0,5.5,12.2,arkhangelsk,2026-01-22T07:31:07.425005
2026-01-22T01:00,-24.8,83,-26.9,-29.7,0,0.0,0.0,0.0,0.0,0.3,3,1033.1,1031.8,99,2520.0,5.8,13.7,arkhangelsk,2026-01-22T07:31:07.425005
2026-01-22T02:00,-24.7,83,-26.8,-29.7,0,0.0,0.0,0.0,0.0,0.3,3,1033.0,1031.7,96,2500.0,6.4,14.8,arkhangelsk,2026-01-22T07:31:07.425005
2026-01-22T03:00,-25.7,83,-27.7,-30.6,0,0.0,0.0,0.0,0.0,0.31,3,1032.8,1031.5,95,2520.0,6.4,15.5,arkhangelsk,2026-01-22T07:31:07.425005
2026-01-22T04:00,-25.2,83,-27.2,-30.1,0,0.0,0.0,0.0,0.0,0.31,3,1032.7,1031.4,95,2440.0,6.5,15.5,arkhangelsk,2026-01-22T07:31:07.425005
2026-01-22T05:00,-24.9,83,-27.0,-29.9,0,0.0,0.0,0.0,0.0,0.31,3,1032.3,1031.0,96,2240.0,6.8,16.2,arkhangelsk,2026-01-22T07:31:07.425005
2026-01-22T06:00,-24.6,83,-26.7,-29.7,0,0.0,0.0,0.0,0.0,0.31,3,1032.3,1031.0,100,2120.0,7.2,16.9,arkhangelsk,2026-01-22T07:31:07.425005
2026-01-22T07:00,-24.2,83,-26.2,-29.3,0,0.0,0.0,0.0,0.0,0.31,3,1031.3,1030.0,100,1660.0,7.4,17.3,arkhangelsk,2026-01-22T07:31:07.425005
2026-01-22T08:00,-23.6,84,-25.5,-28.6,0,0.0,0.0,0.0,0.0,0.31,3,1031.0,1029.7,100,1480.0,7.1,17.3,arkhangelsk,2026-01-22T07:31:07.425005
2026-01-22T09:00,-23.0,84,-25.0,-27.9,0,0.0,0.0,0.0,0.0,0.31,3,1030.8,1029.5,91,1240.0,6.5,16.6,arkhangelsk,2026-01-22T07:31:07.425005
2026-01-22T10:00,-22.7,84,-24.6,-27.4,0,0.0,0.0,0.0,0.0,0.31,2,1030.9,1029.6,68,1220.0,5.2,15.5,arkhangelsk,2026-01-22T07:31:07.425005
2026-01-22T11:00,-22.3,84,-24.3,-27.1,0,0.0,0.0,0.0,0.0,0.31,3,1030.7,1029.4,90,1440.0,5.7,13.3,arkhangelsk,2026-01-22T07:31:07.425005
2026-01-22T12:00,-21.7,85,-23.5,-26.5,0,0.0,0.0,0.0,0.0,0.31,3,1030.3,1029.0,89,1540.0,5.9,13.3,arkhangelsk,2026-01-22T07:31:07.425005
2026-01-22T13:00,-21.1,85,-23.0,-25.9,0,0.0,0.0,0.0,0.0,0.31,3,1029.4,1028.1,95,1940.0,6.2,14.0,arkhangelsk,2026-01-22T07:31:07.425005
2026-01-22T14:00,-20.8,85,-22.6,-25.6,0,0.0,0.0,0.0,0.0,0.31,3,1028.9,1027.6,94,1960.0,6.5,14.4,arkhangelsk,2026-01-22T07:31:07.425005
2026-01-22T15:00,-20.4,85,-22.2,-25.2,3,0.0,0.0,0.0,0.0,0.31,3,1028.5,1027.2,98,2020.0,6.1,14.4,arkhangelsk,2026-01-22T07:31:07.425005
2026-01-22T16:00,-19.9,85,-21.8,-24.7,5,0.0,0.0,0.0,0.0,0.31,3,1028.8,1027.6,98,2080.0,6.1,13.7,arkhangelsk,2026-01-22T07:31:07.425005
2026-01-22T17:00,-19.4,85,-21.3,-24.2,3,0.0,0.0,0.0,0.0,0.31,3,1028.6,1027.4,98,2060.0,6.1,14.0,arkhangelsk,2026-01-22T07:31:07.425005
2026-01-22T18:00,-18.9,85,-20.8,-23.7,0,0.0,0.0,0.0,0.0,0.31,3,1028.2,1027.0,99,2020.0,6.2,13.7,arkhangelsk,2026-01-22T07:31:07.425005
2026-01-22T19:00,-18.5,85,-20.4,-23.3,0,0.0,0.0,0.0,0.0,0.31,3,1027.5,1026.3,99,1980.0,6.2,14.0,arkhangelsk,2026-01-22T07:31:07.425005
2026-01-22T20:00,-18.2,85,-20.1,-23.0,0,0.0,0.0,0.0,0.0,0.31,3,1027.0,1025.8,100,2040.0,6.4,14.4,arkhangelsk,2026-01-22T07:31:07.425005
2026-01-22T21:00,-17.8,85,-19.7,-22.6,0,0.0,0.0,0.0,0.0,0.31,3,1026.7,1025.5,96,2100.0,7.0,15.5,arkhangelsk,2026-01-22T07:31:07.425005
2026-01-22T22:00,-17.6,85,-19.5,-22.4,3,0.0,0.0,0.0,0.0,0.31,3,1026.7,1025.5,95,2140.0,6.8,15.5,arkhangelsk,2026-01-22T07:31:07.425005
2026-01-22T23:00,-17.5,85,-19.4,-22.2,5,0.0,0.0,0.0,0.0,0.31,3,1026.5,1025.3,96,2140.0,6.6,15.1,arkhangelsk,2026-01-22T07:31:07.425005
2026-01-22T00:00,-7.0,92,-8.0,-10.7,28,0.1,0.0,0.0,0.07,0.37,71,1024.1,1003.8,96,2000.0,4.3,12.2,moscow,2026-01-22T07:31:09.827382
2026-01-22T01:00,-7.3,92,-8.3,-11.0,25,0.0,0.0,0.0,0.0,0.37,3,1023.8,1003.5,92,1940.0,4.6,11.5,moscow,2026-01-22T07:31:09.827382
2026-01-22T02:00,-7.6,91,-8.8,-11.5,23,0.0,0.0,0.0,0.0,0.37,71,1024.0,1003.7,92,1900.0,5.4,12.6,moscow,2026-01-22T07:31:09.827382
2026-01-22T03:00,-7.3,92,-8.3,-11.2,13,0.1,0.0,0.0,0.07,0.37,71,1023.9,1003.6,89,1840.0,5.6,14.8,moscow,2026-01-22T07:31:09.827382
2026-01-22T04:00,-7.6,91,-8.8,-11.6,10,0.1,0.0,0.0,0.07,0.37,71,1024.3,1004.0,88,1900.0,6.3,15.5,moscow,2026-01-22T07:31:09.827382
2026-01-22T05:00,-7.8,91,-9.0,-11.9,5,0.0,0.0,0.0,0.0,0.37,77,1024.8,1004.5,93,2080.0,6.6,16.6,moscow,2026-01-22T07:31:09.827382
2026-01-22T06:00,-7.9,90,-9.2,-12.1,0,0.0,0.0,0.0,0.0,0.37,3,1025.5,1005.1,95,1680.0,7.3,18.4,moscow,2026-01-22T07:31:09.827382
2026-01-22T07:00,-8.0,90,-9.3,-12.3,0,0.0,0.0,0.0,0.0,0.37,2,1025.5,1005.1,89,1200.0,7.6,20.2,moscow,2026-01-22T07:31:09.827382
2026-01-22T08:00,-8.0,88,-9.6,-12.2,0,0.0,0.0,0.0,0.0,0.37,3,1025.5,1005.1,87,2480.0,6.9,20.2,moscow,2026-01-22T07:31:09.827382
2026-01-22T09:00,-7.8,88,-9.4,-12.1,0,0.1,0.0,0.0,0.07,0.37,3,1025.6,1005.2,84,2260.0,7.6,20.5,moscow,2026-01-22T07:31:09.827382
2026-01-22T10:00,-7.7,86,-9.6,-12.0,0,0.0,0.0,0.0,0.0,0.37,3,1025.9,1005.6,85,17120.0,7.9,21.2,moscow,2026-01-22T07:31:09.827382
2026-01-22T11:00,-7.7,86,-9.6,-12.0,0,0.0,0.0,0.0,0.0,0.37,2,1026.1,1005.7,75,16420.0,8.0,21.6,moscow,2026-01-22T07:31:09.827382
2026-01-22T12:00,-7.8,86,-9.7,-12.2,0,0.0,0.0,0.0,0.0,0.37,2,1026.1,1005.7,74,18340.0,8.0,21.2,moscow,2026-01-22T07:31:09.827382
2026-01-22T13:00,-8.2,86,-10.1,-12.5,0,0.0,0.0,0.0,0.0,0.37,2,1026.1,1005.7,72,17000.0,7.2,21.2,moscow,2026-01-22T07:31:09.827382
2026-01-22T14:00,-8.7,87,-10.4,-12.8,0,0.0,0.0,0.0,0.0,0.37,2,1026.1,1005.7,73,14300.0,6.2,19.1,moscow,2026-01-22T07:31:09.827382
2026-01-22T15:00,-9.1,88,-10.7,-13.3,0,0.0,0.0,0.0,0.0,0.37,2,1026.4,1005.9,74,5660.0,6.2,15.8,moscow,2026-01-22T07:31:09.827382
2026-01-22T16:00,-9.3,88,-10.9,-13.6,0,0.0,0.0,0.0,0.0,0.37,2,1026.7,1006.2,74,7600.0,6.5,16.6,moscow,2026-01-22T07:31:09.827382
2026-01-22T17:00,-9.6,88,-11.2,-13.9,0,0.0,0.0,0.0,0.0,0.37,2,1026.9,1006.4,74,6220.0,6.5,16.6,moscow,2026-01-22T07:31:09.827382
2026-01-22T18:00,-10.0,88,-11.6,-14.3,0,0.0,0.0,0.0,0.0,0.37,2,1026.8,1006.3,74,4060.0,6.5,16.2,moscow,2026-01-22T07:31:09.827382
2026-01-22T19:00,-10.3,88,-11.9,-14.5,0,0.0,0.0,0.0,0.0,0.37,2,1026.8,1006.2,76,1920.0,6.0,15.8,moscow,2026-01-22T07:31:09.827382
2026-01-22T20:00,-10.7,88,-12.3,-14.9,0,0.0,0.0,0.0,0.0,0.37,2,1026.9,1006.3,76,1800.0,5.9,15.5,moscow,2026-01-22T07:31:09.827382
2026-01-22T21:00,-11.0,88,-12.6,-15.2,0,0.0,0.0,0.0,0.0,0.37,2,1027.2,1006.6,75,2040.0,5.4,15.1,moscow,2026-01-22T07:31:09.827382
2026-01-22T22:00,-11.4,88,-13.0,-15.6,0,0.0,0.0,0.0,0.0,0.37,2,1027.2,1006.5,77,2000.0,5.0,13.7,moscow,2026-01-22T07:31:09.827382
2026-01-22T23:00,-11.8,87,-13.5,-16.0,0,0.0,0.0,0.0,0.0,0.38,3,1027.4,1006.7,82,1800.0,5.1,12.2,moscow,2026-01-22T07:31:09.827382
2026-01-22T00:00,-24.6,77,-27.5,-29.3,13,0.0,0.0,0.0,0.0,0.6,3,1030.9,1007.3,93,1100.0,4.4,10.8,novosibirsk,2026-01-22T07:33:12.652822
2026-01-22T01:00,-25.0,77,-27.9,-29.7,5,0.0,0.0,0.0,0.0,0.6,3,1030.3,1006.7,90,840.0,4.3,10.1,novosibirsk,2026-01-22T07:33:12.652822
2026-01-22T02:00,-25.5,77,-28.4,-30.3,5,0.0,0.0,0.0,0.0,0.6,3,1030.4,1006.7,87,620.0,4.7,10.1,novosibirsk,2026-01-22T07:33:12.652822
2026-01-22T03:00,-26.0,76,-29.0,-30.7,5,0.0,0.0,0.0,0.0,0.6,3,1030.4,1006.7,98,480.0,4.3,10.1,novosibirsk,2026-01-22T07:33:12.652822
2026-01-22T04:00,-25.9,74,-29.2,-30.7,8,0.0,0.0,0.0,0.0,0.6,3,1030.7,1007.0,100,540.0,4.7,10.4,novosibirsk,2026-01-22T07:33:12.652822
2026-01-22T05:00,-25.4,73,-28.8,-30.2,10,0.0,0.0,0.0,0.0,0.6,3,1030.5,1006.8,100,600.0,4.7,11.5,novosibirsk,2026-01-22T07:33:12.652822
2026-01-22T06:00,-24.7,72,-28.3,-29.5,5,0.0,0.0,0.0,0.0,0.6,3,1030.2,1006.6,100,540.0,5.1,13.0,novosibirsk,2026-01-22T07:33:12.652822
2026-01-22T07:00,-23.9,71,-27.7,-28.7,0,0.0,0.0,0.0,0.0,0.6,3,1030.3,1006.8,99,740.0,5.0,13.3,novosibirsk,2026-01-22T07:33:12.652822
2026-01-22T08:00,-23.2,69,-27.3,-28.0,0,0.0,0.0,0.0,0.0,0.6,3,1030.0,1006.5,99,1700.0,5.4,14.0,novosibirsk,2026-01-22T07:33:12.652822
2026-01-22T09:00,-22.9,69,-27.0,-27.8,0,0.0,0.0,0.0,0.0,0.6,3,1030.2,1006.8,96,2200.0,6.1,15.1,novosibirsk,2026-01-22T07:33:12.652822
2026-01-22T10:00,-23.1,71,-26.9,-28.1,0,0.0,0.0,0.0,0.0,0.6,3,1030.4,1006.9,95,1280.0,6.8,16.6,novosibirsk,2026-01-22T07:33:12.652822
2026-01-22T11:00,-23.7,74,-27.1,-28.8,0,0.0,0.0,0.0,0.0,0.6,3,1030.9,1007.4,97,1360.0,7.6,18.4,novosibirsk,2026-01-22T07:33:12.652822
2026-01-22T12:00,-24.4,75,-27.6,-29.6,0,0.0,0.0,0.0,0.0,0.6,3,1031.1,1007.5,97,2540.0,7.6,18.4,novosibirsk,2026-01-22T07:33:12.652822
2026-01-22T13:00,-25.1,76,-28.1,-30.2,0,0.0,0.0,0.0,0.0,0.6,3,1031.1,1007.4,92,8080.0,7.3,18.4,novosibirsk,2026-01-22T07:33:12.652822
2026-01-22T14:00,-25.7,76,-28.7,-30.8,0,0.0,0.0,0.0,0.0,0.6,2,1031.0,1007.3,77,22440.0,7.3,17.6,novosibirsk,2026-01-22T07:33:12.652822
2026-01-22T15:00,-26.2,76,-29.2,-31.2,0,0.0,0.0,0.0,0.0,0.6,2,1031.1,1007.3,79,24120.0,6.6,17.3,novosibirsk,2026-01-22T07:33:12.652822
2026-01-22T16:00,-26.7,75,-29.8,-31.6,0,0.0,0.0,0.0,0.0,0.6,2,1031.5,1007.7,79,24140.0,5.8,15.1,novosibirsk,2026-01-22T07:33:12.652822
2026-01-22T17:00,-27.1,75,-30.2,-32.0,0,0.0,0.0,0.0,0.0,0.6,2,1031.9,1008.0,73,24140.0,5.8,14.0,novosibirsk,2026-01-22T07:33:12.652822
2026-01-22T18:00,-27.6,75,-30.6,-32.5,0,0.0,0.0,0.0,0.0,0.6,2,1032.1,1008.2,67,24140.0,5.8,13.7,novosibirsk,2026-01-22T07:33:12.652822
2026-01-22T19:00,-27.9,75,-30.9,-32.7,0,0.0,0.0,0.0,0.0,0.6,2,1032.3,1008.3,67,24140.0,5.4,13.0,novosibirsk,2026-01-22T07:33:12.652822
2026-01-22T20:00,-28.3,75,-31.3,-33.2,0,0.0,0.0,0.0,0.0,0.6,2,1032.2,1008.2,69,24140.0,5.4,13.0,novosibirsk,2026-01-22T07:33:12.652822
2026-01-22T21:00,-28.6,74,-31.8,-33.5,0,0.0,0.0,0.0,0.0,0.6,2,1032.1,1008.1,70,24140.0,5.0,13.0,novosibirsk,2026-01-22T07:33:12.652822
2026-01-22T22:00,-29.1,74,-32.3,-33.9,0,0.0,0.0,0.0,0.0,0.6,2,1032.5,1008.4,68,24120.0,4.4,10.8,novosibirsk,2026-01-22T07:33:12.652822
2026-01-22T23:00,-29.5,74,-32.6,-34.3,0,0.0,0.0,0.0,0.0,0.6,2,1032.6,1008.5,68,24140.0,5.1,11.2,novosibirsk,2026-01-22T07:33:12.652822
2026-01-22T00:00,-15.3,79,-18.1,-21.4,25,0.1,0.0,0.0,0.07,0.2,71,1026.8,1012.2,100,25660.0,16.1,33.5,orenburg,2026-01-22T07:33:15.055089
2026-01-22T01:00,-15.8,79,-18.6,-21.9,23,0.0,0.0,0.0,0.0,0.2,3,1027.0,1012.4,100,21260.0,16.1,36.4,orenburg,2026-01-22T07:33:15.055089
2026-01-22T02:00,-16.2,78,-19.2,-22.4,25,0.0,0.0,0.0,0.0,0.2,71,1027.4,1012.8,100,12200.0,16.2,36.7,orenburg,2026-01-22T07:33:15.055089
2026-01-22T03:00,-17.0,78,-19.9,-23.0,38,0.1,0.0,0.0,0.07,0.19,71,1028.5,1013.8,100,2020.0,15.1,36.7,orenburg,2026-01-22T07:33:15.055089
2026-01-22T04:00,-17.4,78,-20.3,-23.5,60,0.2,0.0,0.0,0.14,0.19,71,1028.8,1014.1,100,1900.0,15.5,36.0,orenburg,2026-01-22T07:33:15.055089
2026-01-22T05:00,-18.0,78,-20.9,-24.1,58,0.2,0.0,0.0,0.14,0.2,71,1029.4,1014.6,97,1380.0,15.5,36.0,orenburg,2026-01-22T07:33:15.055089
2026-01-22T06:00,-18.1,77,-21.1,-24.2,45,0.1,0.0,0.0,0.07,0.2,71,1029.3,1014.5,97,2240.0,15.5,36.4,orenburg,2026-01-22T07:33:15.055089
2026-01-22T07:00,-17.9,75,-21.3,-24.0,30,0.1,0.0,0.0,0.07,0.2,71,1029.0,1014.3,96,2120.0,15.5,36.7,orenburg,2026-01-22T07:33:15.055089
2026-01-22T08:00,-17.6,74,-21.1,-23.7,23,0.1,0.0,0.0,0.07,0.2,71,1028.5,1013.8,94,11640.0,15.4,36.7,orenburg,2026-01-22T07:33:15.055089
2026-01-22T09:00,-17.2,74,-20.7,-23.2,18,0.0,0.0,0.0,0.0,0.2,3,1028.3,1013.6,92,15780.0,14.9,36.4,orenburg,2026-01-22T07:33:15.055089
2026-01-22T10:00,-16.9,74,-20.5,-22.9,23,0.0,0.0,0.0,0.0,0.2,3,1028.5,1013.8,95,16160.0,14.9,35.6,orenburg,2026-01-22T07:33:15.055089
2026-01-22T11:00,-17.0,75,-20.4,-23.0,30,0.0,0.0,0.0,0.0,0.2,3,1028.8,1014.1,98,14260.0,14.5,35.3,orenburg,2026-01-22T07:33:15.055089
2026-01-22T12:00,-17.3,76,-20.5,-23.2,28,0.1,0.0,0.0,0.07,0.2,71,1028.8,1014.1,99,10580.0,14.1,34.6,orenburg,2026-01-22T07:33:15.055089
2026-01-22T13:00,-17.9,78,-20.8,-23.8,33,0.1,0.0,0.0,0.07,0.2,71,1028.8,1014.1,98,2840.0,13.6,33.1,orenburg,2026-01-22T07:33:15.055089
2026-01-22T14:00,-18.4,78,-21.3,-24.2,33,0.1,0.0,0.0,0.07,0.21,71,1028.7,1013.9,96,4040.0,13.3,31.7,orenburg,2026-01-22T07:33:15.055089
2026-01-22T15:00,-18.9,78,-21.8,-24.7,25,0.1,0.0,0.0,0.07,0.21,71,1028.9,1014.1,96,3320.0,13.3,31.3,orenburg,2026-01-22T07:33:15.055089
2026-01-22T16:00,-19.3,78,-22.1,-25.1,15,0.1,0.0,0.0,0.07,0.21,71,1028.9,1014.1,95,3500.0,13.4,31.0,orenburg,2026-01-22T07:33:15.055089
2026-01-22T17:00,-19.6,77,-22.6,-25.4,18,0.1,0.0,0.0,0.07,0.21,71,1029.1,1014.3,95,3980.0,13.4,31.0,orenburg,2026-01-22T07:33:15.055089
2026-01-22T18:00,-19.8,77,-22.8,-25.6,25,0.1,0.0,0.0,0.07,0.21,71,1029.3,1014.4,96,3860.0,13.3,31.0,orenburg,2026-01-22T07:33:15.055089
2026-01-22T19:00,-19.9,77,-22.9,-25.8,23,0.1,0.0,0.0,0.07,0.21,71,1029.1,1014.2,97,3060.0,13.3,31.3,orenburg,2026-01-22T07:33:15.055089
2026-01-22T20:00,-20.1,77,-23.1,-25.9,35,0.1,0.0,0.0,0.07,0.21,71,1029.0,1014.1,96,2740.0,13.3,31.3,orenburg,2026-01-22T07:33:15.055089
2026-01-22T21:00,-20.2,77,-23.2,-26.0,33,0.1,0.0,0.0,0.07,0.21,71,1028.8,1013.9,97,2920.0,12.8,31.0,orenburg,2026-01-22T07:33:15.055089
2026-01-22T22:00,-20.3,77,-23.3,-26.1,35,0.1,0.0,0.0,0.07,0.22,71,1028.9,1014.0,99,3080.0,12.8,30.2,orenburg,2026-01-22T07:33:15.055089
2026-01-22T23:00,-20.4,77,-23.4,-26.2,23,0.1,0.0,0.0,0.07,0.22,71,1028.7,1013.8,99,3440.0,12.8,29.9,orenburg,2026-01-22T07:33:15.055089
2026-01-22T00:00,-4.3,83,-6.8,-8.2,0,0.0,0.0,0.0,0.0,0.07,3,1019.1,987.3,100,29160.0,6.0,10.4,simferopol,2026-01-22T07:33:17.449908
2026-01-22T01:00,-3.9,79,-7.0,-7.8,0,0.0,0.0,0.0,0.0,0.07,3,1017.6,985.9,100,36820.0,5.8,11.5,simferopol,2026-01-22T07:33:17.449908
2026-01-22T02:00,-3.9,79,-7.0,-7.8,0,0.0,0.0,0.0,0.0,0.07,3,1016.3,984.7,100,36780.0,6.0,12.6,simferopol,2026-01-22T07:33:17.449908
2026-01-22T03:00,-3.6,80,-6.6,-7.5,0,0.0,0.0,0.0,0.0,0.07,3,1015.6,984.0,99,34560.0,6.0,13.0,simferopol,2026-01-22T07:33:17.449908
2026-01-22T04:00,-2.9,81,-5.7,-6.6,0,0.0,0.0,0.0,0.0,0.07,3,1015.1,983.6,85,31260.0,5.9,13.0,simferopol,2026-01-22T07:33:17.449908
2026-01-22T05:00,-2.5,83,-5.0,-6.1,0,0.0,0.0,0.0,0.0,0.07,2,1015.0,983.6,77,28440.0,5.9,12.2,simferopol,2026-01-22T07:33:17.449908
2026-01-22T06:00,-2.1,83,-4.6,-5.8,0,0.0,0.0,0.0,0.0,0.07,2,1014.7,983.3,81,29580.0,6.0,12.6,simferopol,2026-01-22T07:33:17.449908
2026-01-22T07:00,0.3,80,-2.8,-3.0,0,0.0,0.0,0.0,0.0,0.07,3,1013.4,982.3,100,36800.0,5.2,12.6,simferopol,2026-01-22T07:33:17.449908
2026-01-22T08:00,2.3,73,-2.0,-0.7,0,0.0,0.0,0.0,0.0,0.07,2,1012.4,981.6,86,49160.0,4.1,10.4,simferopol,2026-01-22T07:33:17.449908
2026-01-22T09:00,4.2,68,-1.2,1.3,0,0.0,0.0,0.0,0.0,0.07,2,1011.3,980.7,77,57080.0,3.6,8.3,simferopol,2026-01-22T07:33:17.449908
2026-01-22T10:00,4.7,70,-0.3,2.0,0,0.0,0.0,0.0,0.0,0.06,2,1010.1,979.6,73,54500.0,3.4,7.6,simferopol,2026-01-22T07:33:17.449908
2026-01-22T11:00,5.2,67,-0.4,2.6,0,0.0,0.0,0.0,0.0,0.06,2,1009.4,979.0,70,58480.0,3.0,7.6,simferopol,2026-01-22T07:33:17.449908
2026-01-22T12:00,5.0,72,0.3,2.4,0,0.0,0.0,0.0,0.0,0.06,2,1008.9,978.5,54,51800.0,3.2,6.8,simferopol,2026-01-22T07:33:17.449908
2026-01-22T13:00,4.7,76,0.8,2.2,0,0.0,0.0,0.0,0.0,0.06,2,1009.0,978.5,59,43660.0,2.9,6.8,simferopol,2026-01-22T07:33:17.449908
2026-01-22T14:00,3.6,80,0.4,0.9,0,0.0,0.0,0.0,0.0,0.06,2,1008.8,978.2,57,38420.0,4.0,6.5,simferopol,2026-01-22T07:33:17.449908
2026-01-22T15:00,1.5,87,-0.5,-1.4,0,0.0,0.0,0.0,0.0,0.06,1,1009.2,978.4,36,20500.0,4.6,9.4,simferopol,2026-01-22T07:33:17.449908
2026-01-22T16:00,0.1,86,-2.0,-3.0,0,0.0,0.0,0.0,0.0,0.06,1,1009.1,978.1,28,18940.0,5.0,10.4,simferopol,2026-01-22T07:33:17.449908
2026-01-22T17:00,-0.6,84,-3.0,-3.9,0,0.0,0.0,0.0,0.0,0.06,1,1008.9,977.9,20,24380.0,4.7,11.2,simferopol,2026-01-22T07:33:17.449908
2026-01-22T18:00,-1.0,83,-3.6,-4.4,5,0.0,0.0,0.0,0.0,0.06,3,1008.6,977.5,100,27160.0,5.4,11.5,simferopol,2026-01-22T07:33:17.449908
2026-01-22T19:00,-0.7,83,-3.3,-4.1,13,0.0,0.0,0.0,0.0,0.06,3,1008.3,977.3,100,27240.0,5.4,11.5,simferopol,2026-01-22T07:33:17.449908
2026-01-22T20:00,-0.1,84,-2.5,-3.4,20,0.0,0.0,0.0,0.0,0.06,3,1008.2,977.2,100,26520.0,5.6,11.9,simferopol,2026-01-22T07:33:17.449908
2026-01-22T21:00,0.4,85,-1.8,-2.8,23,0.0,0.0,0.0,0.0,0.06,3,1008.2,977.3,100,22720.0,5.5,12.6,simferopol,2026-01-22T07:33:17.449908
2026-01-22T22:00,0.5,87,-1.4,-2.6,35,0.1,0.1,0.0,0.0,0.06,66,1007.8,976.9,98,17220.0,5.1,12.6,simferopol,2026-01-22T07:33:17.449908
2026-01-22T23:00,0.5,88,-1.2,-2.6,30,0.0,0.0,0.0,0.0,0.06,3,1007.3,976.4,100,16300.0,5.2,11.5,simferopol,2026-01-22T07:33:17.449908
2026-01-22T00:00,1.9,68,-3.3,-1.7,0,0.0,0.0,0.0,0.0,0.01,1,1021.7,1020.6,8,58760.0,7.3,14.4,sochi,2026-01-22T07:33:19.852329
2026-01-22T01:00,1.6,66,-4.0,-2.0,0,0.0,0.0,0.0,0.0,0.01,3,1020.5,1019.4,89,61940.0,6.4,13.0,sochi,2026-01-22T07:33:19.852329
2026-01-22T02:00,1.3,67,-4.1,-2.4,0,0.0,0.0,0.0,0.0,0.01,3,1019.6,1018.5,100,60760.0,7.1,13.0,sochi,2026-01-22T07:33:19.852329
2026-01-22T03:00,1.2,65,-4.6,-2.5,0,0.0,0.0,0.0,0.0,0.01,3,1019.2,1018.1,100,63800.0,7.1,13.7,sochi,2026-01-22T07:33:19.852329
2026-01-22T04:00,1.5,66,-4.2,-2.3,0,0.0,0.0,0.0,0.0,0.01,3,1018.5,1017.4,100,62160.0,7.4,13.3,sochi,2026-01-22T07:33:19.852329
2026-01-22T05:00,1.7,66,-3.9,-2.0,0,0.0,0.0,0.0,0.0,0.01,3,1018.4,1017.3,100,62120.0,7.7,14.0,sochi,2026-01-22T07:33:19.852329
2026-01-22T06:00,2.4,63,-3.9,-1.4,0,0.0,0.0,0.0,0.0,0.01,3,1018.5,1017.4,100,66140.0,7.9,14.0,sochi,2026-01-22T07:33:19.852329
2026-01-22T07:00,4.1,57,-3.7,0.4,0,0.0,0.0,0.0,0.0,0.01,3,1017.6,1016.5,100,70520.0,7.0,15.1,sochi,2026-01-22T07:33:19.852329
2026-01-22T08:00,6.3,49,-3.6,2.9,0,0.0,0.0,0.0,0.0,0.01,3,1016.4,1015.3,100,75180.0,5.9,13.0,sochi,2026-01-22T07:33:19.852329
2026-01-22T09:00,8.2,40,-4.6,4.6,0,0.0,0.0,0.0,0.0,0.01,3,1014.9,1013.8,100,77020.0,6.0,11.5,sochi,2026-01-22T07:33:19.852329
2026-01-22T10:00,9.6,29,-7.6,5.6,0,0.0,0.0,0.0,0.0,0.01,3,1014.2,1013.1,100,80380.0,6.9,12.6,sochi,2026-01-22T07:33:19.852329
2026-01-22T11:00,10.1,31,-6.3,6.0,0,0.0,0.0,0.0,0.0,0.01,3,1013.7,1012.6,100,79720.0,7.9,14.8,sochi,2026-01-22T07:33:19.852329
2026-01-22T12:00,10.3,34,-4.9,6.0,0,0.0,0.0,0.0,0.0,0.01,3,1013.6,1012.5,100,78780.0,10.9,22.3,sochi,2026-01-22T07:33:19.852329
2026-01-22T13:00,9.4,52,0.1,5.5,3,0.0,0.0,0.0,0.0,0.01,3,1013.7,1012.6,100,72580.0,12.8,27.0,sochi,2026-01-22T07:33:19.852329
2026-01-22T14:00,9.3,47,-1.5,4.8,5,0.0,0.0,0.0,0.0,0.01,3,1013.2,1012.1,100,75840.0,14.4,26.6,sochi,2026-01-22T07:33:19.852329
2026-01-22T15:00,10.2,33,-5.4,5.8,13,0.0,0.0,0.0,0.0,0.01,3,1013.0,1011.9,98,79220.0,11.0,28.1,sochi,2026-01-22T07:33:19.852329
2026-01-22T16:00,10.4,33,-5.2,6.0,8,0.0,0.0,0.0,0.0,0.01,3,1012.3,1011.2,97,79340.0,10.8,19.8,sochi,2026-01-22T07:33:19.852329
2026-01-22T17:00,10.4,36,-4.1,6.0,8,0.0,0.0,0.0,0.0,0.01,3,1011.2,1010.1,85,78320.0,11.8,21.6,sochi,2026-01-22T07:33:19.852329
2026-01-22T18:00,10.5,39,-2.9,6.2,8,0.0,0.0,0.0,0.0,0.01,3,1010.7,1009.6,87,77000.0,12.4,22.7,sochi,2026-01-22T07:33:19.852329
2026-01-22T19:00,10.9,38,-2.8,6.7,3,0.0,0.0,0.0,0.0,0.01,3,1010.0,1008.9,91,77460.0,11.5,24.5,sochi,2026-01-22T07:33:19.852329
2026-01-22T20:00,10.0,45,-1.4,6.3,0,0.0,0.0,0.0,0.0,0.01,3,1010.0,1008.9,100,76000.0,9.5,20.9,sochi,2026-01-22T07:33:19.852329
2026-01-22T21:00,9.2,52,-0.2,6.3,0,0.0,0.0,0.0,0.0,0.01,3,1009.7,1008.6,100,73640.0,5.4,16.9,sochi,2026-01-22T07:33:19.852329
2026-01-22T22:00,8.4,57,0.4,5.5,0,0.0,0.0,0.0,0.0,0.01,3,1009.2,1008.1,100,69980.0,5.9,11.2,sochi,2026-01-22T07:33:19.852329
2026-01-22T23:00,8.0,62,1.1,5.3,8,0.0,0.0,0.0,0.0,0.01,3,1008.8,1007.7,100,65040.0,5.4,11.2,sochi,2026-01-22T07:33:19.852329
2026-01-22T00:00,19.0,53,9.2,17.6,0,0.0,0.0,0.0,0.0,0.0,2,1023.2,1021.2,57,35300.0,8.4,16.6,st._petersburg,2026-01-22T07:33:57.404240
2026-01-22T01:00,18.2,57,9.6,16.7,0,0.0,0.0,0.0,0.0,0.0,3,1023.4,1021.4,98,31900.0,9.7,25.6,st._petersburg,2026-01-22T07:33:57.404240
2026-01-22T02:00,17.3,59,9.2,15.9,0,0.0,0.0,0.0,0.0,0.0,1,1023.7,1021.7,47,30100.0,8.3,22.3,st._petersburg,2026-01-22T07:33:57.404240
2026-01-22T03:00,16.8,64,9.9,15.5,0,0.0,0.0,0.0,0.0,0.0,3,1023.9,1021.9,98,26900.0,8.7,20.2,st._petersburg,2026-01-22T07:33:57.404240
2026-01-22T04:00,15.6,69,10.0,14.6,0,0.0,0.0,0.0,0.0,0.0,3,1023.9,1021.8,88,23300.0,7.1,21.2,st._petersburg,2026-01-22T07:33:57.404240
2026-01-22T05:00,14.8,68,9.0,13.7,0,0.0,0.0,0.0,0.0,0.0,2,1023.5,1021.4,62,23900.0,5.6,19.4,st._petersburg,2026-01-22T07:33:57.404240
2026-01-22T06:00,14.1,69,8.4,12.8,0,0.0,0.0,0.0,0.0,0.0,3,1023.1,1021.0,100,22300.0,6.1,19.8,st._petersburg,2026-01-22T07:33:57.404240
2026-01-22T07:00,13.3,72,8.4,11.6,0,0.0,0.0,0.0,0.0,0.0,1,1021.7,1019.6,27,20700.0,8.4,23.4,st._petersburg,2026-01-22T07:33:57.404240
2026-01-22T08:00,13.3,72,8.4,11.6,0,0.0,0.0,0.0,0.0,0.0,3,1021.3,1019.2,100,20600.0,8.7,25.6,st._petersburg,2026-01-22T07:33:57.404240
2026-01-22T09:00,12.7,73,8.0,11.0,0,0.0,0.0,0.0,0.0,0.0,3,1020.7,1018.6,100,19200.0,7.7,21.2,st._petersburg,2026-01-22T07:33:57.404240
2026-01-22T10:00,12.4,76,8.3,11.2,0,0.0,0.0,0.0,0.0,0.0,3,1021.6,1019.5,100,17300.0,5.9,20.5,st._petersburg,2026-01-22T07:33:57.404240
2026-01-22T11:00,12.1,79,8.5,10.6,0,0.0,0.0,0.0,0.0,0.0,3,1021.9,1019.8,95,16400.0,7.1,19.4,st._petersburg,2026-01-22T07:33:57.404240
2026-01-22T12:00,11.9,81,8.7,10.4,0,0.0,0.0,0.0,0.0,0.0,2,1022.0,1019.9,52,15300.0,7.9,19.4,st._petersburg,2026-01-22T07:33:57.404240
2026-01-22T13:00,12.4,85,9.9,11.4,0,0.0,0.0,0.0,0.0,0.0,3,1022.6,1020.5,91,14900.0,6.6,18.0,st._petersburg,2026-01-22T07:33:57.404240
2026-01-22T14:00,15.8,71,10.6,14.6,0,0.0,0.0,0.0,0.0,0.0,3,1022.9,1020.8,100,20400.0,9.4,15.5,st._petersburg,2026-01-22T07:33:57.404240
2026-01-22T15:00,18.7,63,11.5,18.0,0,0.0,0.0,0.0,0.0,0.0,0,1022.8,1020.8,8,25700.0,8.2,17.3,st._petersburg,2026-01-22T07:33:57.404240
2026-01-22T16:00,20.9,60,12.8,20.3,0,0.0,0.0,0.0,0.0,0.0,2,1021.7,1019.7,57,28600.0,10.1,14.0,st._petersburg,2026-01-22T07:33:57.404240
2026-01-22T17:00,22.6,61,14.7,22.8,0,0.0,0.0,0.0,0.0,0.0,3,1020.8,1018.8,100,28900.0,9.6,12.6,st._petersburg,2026-01-22T07:33:57.404240
2026-01-22T18:00,23.8,54,13.9,24.5,0,0.0,0.0,0.0,0.0,0.0,3,1019.9,1017.9,100,32800.0,8.7,10.4,st._petersburg,2026-01-22T07:33:57.404240
2026-01-22T19:00,24.2,49,12.9,24.8,0,0.0,0.0,0.0,0.0,0.0,3,1019.5,1017.5,100,35900.0,6.0,6.8,st._petersburg,2026-01-22T07:33:57.404240
2026-01-22T20:00,24.9,44,11.8,24.8,0,0.0,0.0,0.0,0.0,0.0,3,1018.9,1016.9,100,43500.0,6.4,7.6,st._petersburg,2026-01-22T07:33:57.404240
2026-01-22T21:00,24.5,43,11.1,23.7,1,0.0,0.0,0.0,0.0,0.0,3,1018.4,1016.4,100,43100.0,7.8,9.4,st._petersburg,2026-01-22T07:33:57.404240
2026-01-22T22:00,23.6,41,9.6,22.2,1,0.0,0.0,0.0,0.0,0.0,3,1018.4,1016.4,100,40000.0,9.2,11.9,st._petersburg,2026-01-22T07:33:57.404240
2026-01-22T23:00,21.4,52,11.1,20.7,2,0.0,0.0,0.0,0.0,0.0,3,1018.7,1016.7,100,32800.0,7.4,13.3,st._petersburg,2026-01-22T07:33:57.404240
2026-01-22T00:00,-14.1,57,-20.8,-20.2,0,0.0,0.0,0.0,0.0,0.05,0,1021.2,1019.6,0,24140.0,15.5,22.3,vladivostok,2026-01-22T07:34:34.978378
2026-01-22T01:00,-13.8,56,-20.7,-20.1,0,0.0,0.0,0.0,0.0,0.05,0,1021.2,1019.6,0,24140.0,16.4,27.0,vladivostok,2026-01-22T07:34:34.978378
2026-01-22T02:00,-12.8,52,-20.7,-19.5,0,0.0,0.0,0.0,0.0,0.05,0,1020.9,1019.3,0,24140.0,19.5,32.0,vladivostok,2026-01-22T07:34:34.978378
2026-01-22T03:00,-12.0,49,-20.6,-19.2,0,0.0,0.0,0.0,0.0,0.05,0,1019.9,1018.3,0,24140.0,22.9,37.1,vladivostok,2026-01-22T07:34:34.978378
2026-01-22T04:00,-11.5,48,-20.4,-18.6,0,0.0,0.0,0.0,0.0,0.05,0,1018.9,1017.3,0,24140.0,22.3,37.1,vladivostok,2026-01-22T07:34:34.978378
2026-01-22T05:00,-11.0,47,-20.2,-18.0,0,0.0,0.0,0.0,0.0,0.05,0,1018.2,1016.6,0,24140.0,21.6,36.4,vladivostok,2026-01-22T07:34:34.978378
2026-01-22T06:00,-10.5,47,-19.7,-17.4,0,0.0,0.0,0.0,0.0,0.05,1,1018.2,1016.6,8,24140.0,20.9,34.9,vladivostok,2026-01-22T07:34:34.978378
2026-01-22T07:00,-10.3,47,-19.5,-17.2,0,0.0,0.0,0.0,0.0,0.05,0,1018.3,1016.7,0,24140.0,20.9,33.8,vladivostok,2026-01-22T07:34:34.978378
2026-01-22T08:00,-10.4,48,-19.3,-17.2,0,0.0,0.0,0.0,0.0,0.05,0,1019.0,1017.4,0,24140.0,20.8,33.8,vladivostok,2026-01-22T07:34:34.978378
2026-01-22T09:00,-10.7,50,-19.2,-17.4,0,0.0,0.0,0.0,0.0,0.05,0,1019.3,1017.7,0,24140.0,20.0,33.5,vladivostok,2026-01-22T07:34:34.978378
2026-01-22T10:00,-11.2,53,-18.9,-17.8,0,0.0,0.0,0.0,0.0,0.05,0,1019.8,1018.2,0,24140.0,19.1,32.0,vladivostok,2026-01-22T07:34:34.978378
2026-01-22T11:00,-11.8,57,-18.7,-18.3,0,0.0,0.0,0.0,0.0,0.05,0,1019.7,1018.1,0,24140.0,18.4,31.0,vladivostok,2026-01-22T07:34:34.978378
2026-01-22T12:00,-12.2,60,-18.4,-18.4,0,0.0,0.0,0.0,0.0,0.05,0,1020.2,1018.6,0,24140.0,16.8,29.5,vladivostok,2026-01-22T07:34:34.978378
2026-01-22T13:00,-12.4,61,-18.4,-18.6,0,0.0,0.0,0.0,0.0,0.05,0,1020.8,1019.2,0,24140.0,16.4,27.4,vladivostok,2026-01-22T07:34:34.978378
2026-01-22T14:00,-12.5,61,-18.5,-18.6,0,0.0,0.0,0.0,0.0,0.05,0,1021.4,1019.8,0,24140.0,15.5,26.6,vladivostok,2026-01-22T07:34:34.978378
2026-01-22T15:00,-12.6,61,-18.6,-18.4,0,0.0,0.0,0.0,0.0,0.05,0,1021.2,1019.6,0,24140.0,13.8,25.2,vladivostok,2026-01-22T07:34:34.978378
2026-01-22T16:00,-12.7,60,-18.9,-18.3,0,0.0,0.0,0.0,0.0,0.05,0,1020.8,1019.2,0,24140.0,12.6,22.7,vladivostok,2026-01-22T07:34:34.978378
2026-01-22T17:00,-12.8,59,-19.1,-18.2,0,0.0,0.0,0.0,0.0,0.05,0,1020.9,1019.3,0,24140.0,11.3,20.9,vladivostok,2026-01-22T07:34:34.978378
2026-01-22T18:00,-12.8,59,-19.2,-18.1,0,0.0,0.0,0.0,0.0,0.05,0,1021.0,1019.4,0,24140.0,10.3,18.7,vladivostok,2026-01-22T07:34:34.978378
2026-01-22T19:00,-12.9,59,-19.2,-18.1,0,0.0,0.0,0.0,0.0,0.05,0,1021.1,1019.5,0,24140.0,10.0,17.3,vladivostok,2026-01-22T07:34:34.978378
2026-01-22T20:00,-13.0,60,-19.1,-18.2,0,0.0,0.0,0.0,0.0,0.05,0,1021.2,1019.6,0,24140.0,9.4,16.9,vladivostok,2026-01-22T07:34:34.978378
2026-01-22T21:00,-13.1,60,-19.2,-18.2,0,0.0,0.0,0.0,0.0,0.05,0,1021.3,1019.7,0,24140.0,9.3,16.2,vladivostok,2026-01-22T07:34:34.978378
2026-01-22T22:00,-13.1,60,-19.3,-18.2,0,0.0,0.0,0.0,0.0,0.05,0,1021.6,1020.0,0,24140.0,8.5,15.5,vladivostok,2026-01-22T07:34:34.978378
2026-01-22T23:00,-13.2,61,-19.1,-18.1,0,0.0,0.0,0.0,0.0,0.05,0,1021.7,1020.1,0,24140.0,8.0,14.4,vladivostok,2026-01-22T07:34:34.978378
2026-01-22T00:00,6.3,25,-12.3,1.9,0,0.0,0.0,0.0,0.0,0.0,0,1027.4,956.5,5,24140.0,6.8,13.7,riyadh,2026-01-22T07:34:37.396915
2026-01-22T01:00,5.7,28,-11.4,1.3,0,0.0,0.0,0.0,0.0,0.0,1,1027.5,956.4,8,24140.0,7.2,14.0,riyadh,2026-01-22T07:34:37.396915
2026-01-22T02:00,5.3,30,-10.9,1.0,0,0.0,0.0,0.0,0.0,0.0,0,1028.2,957.0,6,24140.0,6.9,13.3,riyadh,2026-01-22T07:34:37.396915
2026-01-22T03:00,4.8,32,-10.5,0.6,0,0.0,0.0,0.0,0.0,0.0,0,1028.9,957.5,0,24140.0,6.2,13.3,riyadh,2026-01-22T07:34:37.396915
2026-01-22T04:00,4.6,33,-10.3,0.6,0,0.0,0.0,0.0,0.0,0.0,0,1029.6,958.1,0,24140.0,5.1,12.6,riyadh,2026-01-22T07:34:37.396915
2026-01-22T05:00,4.9,31,-10.9,0.7,0,0.0,0.0,0.0,0.0,0.0,0,1030.3,958.8,0,24140.0,6.1,12.2,riyadh,2026-01-22T07:34:37.396915
2026-01-22T06:00,5.9,27,-11.7,1.0,0,0.0,0.0,0.0,0.0,0.0,0,1030.8,959.6,0,24140.0,10.1,18.0,riyadh,2026-01-22T07:34:37.396915
2026-01-22T07:00,7.4,22,-12.9,2.3,0,0.0,0.0,0.0,0.0,0.0,0,1030.8,959.9,0,24140.0,11.8,22.0,riyadh,2026-01-22T07:34:37.396915
2026-01-22T08:00,9.1,18,-14.0,4.4,0,0.0,0.0,0.0,0.0,0.0,0,1029.8,959.4,0,24140.0,12.9,24.1,riyadh,2026-01-22T07:34:37.396915
2026-01-22T09:00,10.6,16,-14.2,6.6,0,0.0,0.0,0.0,0.0,0.0,0,1028.0,958.1,0,24140.0,11.7,24.1,riyadh,2026-01-22T07:34:37.396915
2026-01-22T10:00,11.9,14,-14.8,8.0,0,0.0,0.0,0.0,0.0,0.0,0,1026.3,956.8,0,24140.0,10.9,22.7,riyadh,2026-01-22T07:34:37.396915
2026-01-22T11:00,12.8,12,-15.9,8.5,0,0.0,0.0,0.0,0.0,0.0,0,1025.4,956.2,0,24140.0,10.5,21.2,riyadh,2026-01-22T07:34:37.396915
2026-01-22T12:00,13.2,12,-15.6,8.1,0,0.0,0.0,0.0,0.0,0.0,1,1024.9,955.8,8,24140.0,10.7,20.5,riyadh,2026-01-22T07:34:37.396915
2026-01-22T13:00,13.1,12,-15.7,7.7,0,0.0,0.0,0.0,0.0,0.0,1,1024.7,955.6,15,24140.0,12.2,21.6,riyadh,2026-01-22T07:34:37.396915
2026-01-22T14:00,12.5,12,-16.2,7.0,0,0.0,0.0,0.0,0.0,0.0,1,1024.9,955.6,25,24140.0,12.8,22.0,riyadh,2026-01-22T07:34:37.396915
2026-01-22T15:00,11.4,15,-14.4,6.2,0,0.0,0.0,0.0,0.0,0.0,2,1025.4,955.8,53,24140.0,11.0,21.6,riyadh,2026-01-22T07:34:37.396915
2026-01-22T16:00,10.4,16,-14.4,5.5,0,0.0,0.0,0.0,0.0,0.0,1,1026.1,956.3,19,24140.0,9.8,18.0,riyadh,2026-01-22T07:34:37.396915
2026-01-22T17:00,9.8,17,-14.1,5.2,0,0.0,0.0,0.0,0.0,0.0,1,1026.2,956.2,12,24140.0,7.8,17.3,riyadh,2026-01-22T07:34:37.396915
2026-01-22T18:00,9.4,19,-13.1,4.9,0,0.0,0.0,0.0,0.0,0.0,1,1026.3,956.2,18,24140.0,6.7,14.8,riyadh,2026-01-22T07:34:37.396915
2026-01-22T19:00,9.0,21,-12.2,4.8,0,0.0,0.0,0.0,0.0,0.0,1,1026.4,956.2,22,24140.0,5.6,13.0,riyadh,2026-01-22T07:34:37.396915
2026-01-22T20:00,8.7,23,-11.3,4.5,0,0.0,0.0,0.0,0.0,0.0,1,1026.2,956.0,20,24140.0,5.8,11.5,riyadh,2026-01-22T07:34:37.396915
2026-01-22T21:00,8.5,25,-10.4,4.2,0,0.0,0.0,0.0,0.0,0.0,1,1025.3,955.1,21,24140.0,7.0,13.7,riyadh,2026-01-22T07:34:37.396915
2026-01-22T22:00,8.5,27,-9.5,4.3,0,0.0,0.0,0.0,0.0,0.0,3,1025.0,954.8,91,24140.0,6.9,14.8,riyadh,2026-01-22T07:34:37.396915
2026-01-22T23:00,8.5,28,-9.0,4.5,0,0.0,0.0,0.0,0.0,0.0,3,1024.5,954.3,100,24140.0,5.9,13.3,riyadh,2026-01-22T07:34:37.396915
2026-01-22T00:00,-0.4,68,-5.6,-4.9,0,0.0,0.0,0.0,0.0,0.0,3,1008.9,992.6,100,50000.0,11.2,23.8,belgrade,2026-01-22T07:35:14.954837
2026-01-22T01:00,-0.9,65,-6.7,-5.6,0,0.0,0.0,0.0,0.0,0.0,3,1007.5,991.2,81,18060.0,11.9,23.8,belgrade,2026-01-22T07:35:14.954837
2026-01-22T02:00,-0.9,63,-7.1,-4.9,0,0.0,0.0,0.0,0.0,0.0,3,1007.3,991.0,91,18740.0,6.8,23.4,belgrade,2026-01-22T07:35:14.954837
2026-01-22T03:00,-0.8,68,-6.0,-5.3,0,0.0,0.0,0.0,0.0,0.0,3,1006.9,990.6,98,16540.0,10.8,21.2,belgrade,2026-01-22T07:35:14.954837
2026-01-22T04:00,-0.9,71,-5.5,-5.7,0,0.0,0.0,0.0,0.0,0.0,3,1006.6,990.3,100,50000.0,13.3,25.6,belgrade,2026-01-22T07:35:14.954837
2026-01-22T05:00,-0.6,72,-5.0,-5.3,0,0.0,0.0,0.0,0.0,0.0,3,1005.9,989.7,100,15100.0,13.3,26.3,belgrade,2026-01-22T07:35:14.954837
2026-01-22T06:00,-0.2,73,-4.5,-5.0,0,0.0,0.0,0.0,0.0,0.0,3,1005.5,989.3,96,14340.0,14.0,27.7,belgrade,2026-01-22T07:35:14.954837
2026-01-22T07:00,0.2,75,-3.7,-4.3,0,0.0,0.0,0.0,0.0,0.0,3,1005.4,989.2,93,13780.0,12.6,27.0,belgrade,2026-01-22T07:35:14.954837
2026-01-22T08:00,1.1,73,-3.2,-3.2,0,0.0,0.0,0.0,0.0,0.0,3,1005.2,989.1,100,50000.0,11.9,25.2,belgrade,2026-01-22T07:35:14.954837
2026-01-22T09:00,2.0,71,-2.7,-2.2,0,0.0,0.0,0.0,0.0,0.0,3,1005.1,989.0,100,15180.0,11.5,24.5,belgrade,2026-01-22T07:35:14.954837
2026-01-22T10:00,2.8,70,-2.1,-1.4,0,0.0,0.0,0.0,0.0,0.0,3,1004.6,988.6,100,15880.0,11.9,24.5,belgrade,2026-01-22T07:35:14.954837
2026-01-22T11:00,3.6,67,-2.0,-0.5,0,0.0,0.0,0.0,0.0,0.0,3,1003.8,987.8,100,17260.0,11.5,24.5,belgrade,2026-01-22T07:35:14.954837
2026-01-22T12:00,4.5,64,-1.7,0.6,0,0.0,0.0,0.0,0.0,0.0,3,1003.4,987.5,100,50000.0,10.4,23.8,belgrade,2026-01-22T07:35:14.954837
2026-01-22T13:00,5.3,61,-1.7,1.5,0,0.0,0.0,0.0,0.0,0.0,3,1003.2,987.3,99,50000.0,9.4,22.0,belgrade,2026-01-22T07:35:14.954837
2026-01-22T14:00,5.6,63,-0.9,1.9,0,0.0,0.0,0.0,0.0,0.0,3,1003.1,987.3,100,18800.0,9.4,20.5,belgrade,2026-01-22T07:35:14.954837
2026-01-22T15:00,5.1,68,-0.4,1.2,0,0.0,0.0,0.0,0.0,0.0,3,1003.2,987.3,100,16820.0,11.2,21.2,belgrade,2026-01-22T07:35:14.954837
2026-01-22T16:00,4.2,71,-0.6,0.4,1,0.0,0.0,0.0,0.0,0.0,3,1003.0,987.1,100,50000.0,11.2,21.2,belgrade,2026-01-22T07:35:14.954837
2026-01-22T17:00,3.4,74,-0.8,-0.5,2,0.0,0.0,0.0,0.0,0.0,3,1003.1,987.1,100,50000.0,10.8,21.2,belgrade,2026-01-22T07:35:14.954837
2026-01-22T18:00,2.8,76,-1.1,-1.1,2,0.0,0.0,0.0,0.0,0.0,3,1003.6,987.6,100,13280.0,10.4,19.8,belgrade,2026-01-22T07:35:14.954837
2026-01-22T19:00,2.3,78,-1.1,-1.8,2,0.0,0.0,0.0,0.0,0.0,3,1003.6,987.6,100,12440.0,12.2,23.0,belgrade,2026-01-22T07:35:14.954837
2026-01-22T20:00,1.8,80,-1.3,-2.6,1,0.0,0.0,0.0,0.0,0.0,3,1003.3,987.2,100,50000.0,14.0,27.7,belgrade,2026-01-22T07:35:14.954837
2026-01-22T21:00,1.6,81,-1.4,-1.9,0,0.0,0.0,0.0,0.0,0.0,2,1003.4,987.3,69,50000.0,7.6,27.0,belgrade,2026-01-22T07:35:14.954837
2026-01-22T22:00,1.3,81,-1.6,-1.8,0,0.0,0.0,0.0,0.0,0.0,0,1003.7,987.6,7,10920.0,5.0,14.0,belgrade,2026-01-22T07:35:14.954837
2026-01-22T23:00,1.1,83,-1.5,-2.3,0,0.0,0.0,0.0,0.0,0.0,0,1003.9,987.8,3,50000.0,7.6,13.7,belgrade,2026-01-22T07:35:14.954837
2026-01-22T00:00,24.6,84,21.7,27.9,0,0.0,0.0,0.0,0.0,0.0,1,1011.6,1010.0,51,24140.0,10.5,18.7,singapore,2026-01-22T07:36:32.679650
2026-01-22T01:00,25.1,81,21.6,28.2,0,0.0,0.0,0.0,0.0,0.0,3,1012.2,1010.6,84,24140.0,10.5,17.6,singapore,2026-01-22T07:36:32.679650
2026-01-22T02:00,26.0,77,21.7,28.9,0,0.0,0.0,0.0,0.0,0.0,3,1012.3,1010.7,100,24140.0,12.6,20.9,singapore,2026-01-22T07:36:32.679650
2026-01-22T03:00,27.1,70,21.2,29.2,0,0.0,0.0,0.0,0.0,0.0,3,1012.6,1011.0,100,24140.0,16.1,26.6,singapore,2026-01-22T07:36:32.679650
2026-01-22T04:00,28.1,64,20.7,30.1,0,0.0,0.0,0.0,0.0,0.0,3,1012.6,1011.0,100,24140.0,15.1,26.6,singapore,2026-01-22T07:36:32.679650
2026-01-22T05:00,29.0,60,20.5,31.9,0,0.0,0.0,0.0,0.0,0.0,3,1012.1,1010.5,100,24140.0,13.8,24.8,singapore,2026-01-22T07:36:32.679650
2026-01-22T06:00,29.5,57,20.1,32.4,0,0.0,0.0,0.0,0.0,0.0,3,1011.2,1009.6,100,24140.0,13.8,23.4,singapore,2026-01-22T07:36:32.679650
2026-01-22T07:00,29.6,57,20.2,32.2,0,0.0,0.0,0.0,0.0,0.0,3,1010.4,1008.8,100,24140.0,13.7,23.4,singapore,2026-01-22T07:36:32.679650
2026-01-22T08:00,29.6,57,20.2,31.6,0,0.0,0.0,0.0,0.0,0.0,3,1009.8,1008.2,100,24140.0,13.0,23.4,singapore,2026-01-22T07:36:32.679650
2026-01-22T09:00,29.6,57,20.2,31.9,0,0.0,0.0,0.0,0.0,0.0,3,1009.6,1008.0,100,24140.0,10.8,21.6,singapore,2026-01-22T07:36:32.679650
2026-01-22T10:00,29.4,57,20.0,31.6,0,0.0,0.0,0.0,0.0,0.0,3,1009.9,1008.3,100,24140.0,11.2,18.7,singapore,2026-01-22T07:36:32.679650
2026-01-22T11:00,28.6,60,20.0,30.2,0,0.0,0.0,0.0,0.0,0.0,3,1010.5,1008.9,100,24140.0,15.2,24.8,singapore,2026-01-22T07:36:32.679650
2026-01-22T12:00,27.7,64,20.3,29.6,0,0.0,0.0,0.0,0.0,0.0,2,1011.3,1009.7,51,24140.0,14.7,25.6,singapore,2026-01-22T07:36:32.679650
2026-01-22T13:00,27.0,69,20.8,29.5,0,0.0,0.0,0.0,0.0,0.0,2,1011.8,1010.2,48,24140.0,11.9,24.1,singapore,2026-01-22T07:36:32.679650
2026-01-22T14:00,26.3,74,21.3,29.1,0,0.0,0.0,0.0,0.0,0.0,1,1012.6,1011.0,43,24140.0,12.3,20.2,singapore,2026-01-22T07:36:32.679650
2026-01-22T15:00,25.8,78,21.6,28.9,0,0.0,0.0,0.0,0.0,0.0,3,1013.0,1011.4,100,24140.0,11.1,20.2,singapore,2026-01-22T07:36:32.679650
2026-01-22T16:00,25.4,80,21.7,28.6,0,0.0,0.0,0.0,0.0,0.0,3,1013.0,1011.4,100,24140.0,10.8,18.4,singapore,2026-01-22T07:36:32.679650
2026-01-22T17:00,25.2,82,21.9,28.4,0,0.0,0.0,0.0,0.0,0.0,2,1013.1,1011.5,57,24140.0,11.2,18.4,singapore,2026-01-22T07:36:32.679650
2026-01-22T18:00,25.0,83,21.9,28.1,0,0.0,0.0,0.0,0.0,0.0,2,1012.7,1011.1,63,24140.0,11.7,19.8,singapore,2026-01-22T07:36:32.679650
2026-01-22T19:00,24.8,85,22.1,27.9,0,0.0,0.0,0.0,0.0,0.0,2,1011.8,1010.2,58,24140.0,12.9,21.6,singapore,2026-01-22T07:36:32.679650
2026-01-22T20:00,24.6,86,22.1,27.6,0,0.0,0.0,0.0,0.0,0.0,2,1011.2,1009.6,56,24140.0,13.8,22.7,singapore,2026-01-22T07:36:32.679650
2026-01-22T21:00,24.5,86,22.0,27.5,0,0.0,0.0,0.0,0.0,0.0,2,1011.2,1009.6,50,24140.0,13.3,22.7,singapore,2026-01-22T07:36:32.679650
2026-01-22T22:00,24.4,86,21.9,27.5,0,0.0,0.0,0.0,0.0,0.0,2,1011.7,1010.1,48,24140.0,12.7,22.0,singapore,2026-01-22T07:36:32.679650
2026-01-22T23:00,24.4,87,22.1,27.6,0,0.0,0.0,0.0,0.0,0.0,2,1012.3,1010.7,46,24140.0,11.9,20.9,singapore,2026-01-22T07:36:32.679650
2026-01-22T00:00,-5.6,84,-7.8,-10.0,0,0.0,0.0,0.0,0.0,0.0,3,1008.5,989.5,100,18100.0,9.2,20.5,bratislava,2026-01-22T07:36:35.081021
2026-01-22T01:00,-5.6,84,-7.9,-10.0,0,0.0,0.0,0.0,0.0,0.0,3,1007.6,988.6,100,18080.0,9.1,19.4,bratislava,2026-01-22T07:36:35.081021
2026-01-22T02:00,-5.6,84,-7.9,-10.0,0,0.0,0.0,0.0,0.0,0.0,3,1007.1,988.2,100,17740.0,9.0,19.1,bratislava,2026-01-22T07:36:35.081021
2026-01-22T03:00,-5.9,87,-7.7,-10.3,0,0.0,0.0,0.0,0.0,0.0,3,1006.7,987.7,100,12320.0,9.3,21.2,bratislava,2026-01-22T07:36:35.081021
2026-01-22T04:00,-6.0,86,-7.9,-10.3,0,0.0,0.0,0.0,0.0,0.0,3,1005.8,986.9,100,13260.0,8.9,18.7,bratislava,2026-01-22T07:36:35.081021
2026-01-22T05:00,-5.9,87,-7.7,-10.3,0,0.0,0.0,0.0,0.0,0.0,3,1006.1,987.2,100,12180.0,9.4,19.4,bratislava,2026-01-22T07:36:35.081021
2026-01-22T06:00,-6.0,89,-7.5,-10.4,0,0.0,0.0,0.0,0.0,0.0,3,1005.9,987.0,100,8460.0,9.7,19.4,bratislava,2026-01-22T07:36:35.081021
2026-01-22T07:00,-5.7,91,-6.9,-9.8,0,0.0,0.0,0.0,0.0,0.0,3,1005.9,987.0,100,1980.0,8.3,19.8,bratislava,2026-01-22T07:36:35.081021
2026-01-22T08:00,-5.0,90,-6.4,-9.2,0,0.0,0.0,0.0,0.0,0.0,3,1005.7,986.8,100,7300.0,8.4,17.6,bratislava,2026-01-22T07:36:35.081021
2026-01-22T09:00,-4.5,87,-6.3,-8.8,0,0.0,0.0,0.0,0.0,0.0,3,1005.6,986.8,100,11860.0,9.5,19.8,bratislava,2026-01-22T07:36:35.081021
2026-01-22T10:00,-4.0,84,-6.3,-8.4,0,0.0,0.0,0.0,0.0,0.0,3,1005.0,986.2,100,16660.0,9.9,21.2,bratislava,2026-01-22T07:36:35.081021
2026-01-22T11:00,-3.2,81,-6.0,-7.6,0,0.0,0.0,0.0,0.0,0.0,3,1004.7,986.0,94,21860.0,10.2,22.0,bratislava,2026-01-22T07:36:35.081021
2026-01-22T12:00,-2.4,77,-5.8,-6.8,0,0.0,0.0,0.0,0.0,0.0,3,1004.4,985.7,92,30320.0,10.6,22.7,bratislava,2026-01-22T07:36:35.081021
2026-01-22T13:00,-1.9,75,-5.7,-6.3,0,0.0,0.0,0.0,0.0,0.0,3,1004.3,985.7,92,35320.0,10.9,23.0,bratislava,2026-01-22T07:36:35.081021
2026-01-22T14:00,-1.6,76,-5.2,-5.9,0,0.0,0.0,0.0,0.0,0.0,3,1004.5,985.9,97,34500.0,10.6,23.0,bratislava,2026-01-22T07:36:35.081021
2026-01-22T15:00,-1.5,79,-4.7,-5.8,0,0.0,0.0,0.0,0.0,0.0,3,1004.6,986.0,93,28720.0,10.5,22.3,bratislava,2026-01-22T07:36:35.081021
2026-01-22T16:00,-1.6,84,-3.9,-5.4,0,0.0,0.0,0.0,0.0,0.0,3,1004.8,986.2,90,19420.0,8.2,20.5,bratislava,2026-01-22T07:36:35.081021
2026-01-22T17:00,-1.8,87,-3.7,-5.4,0,0.0,0.0,0.0,0.0,0.0,3,1004.7,986.1,86,14060.0,7.0,16.6,bratislava,2026-01-22T07:36:35.081021
2026-01-22T18:00,-1.9,89,-3.5,-5.4,0,0.0,0.0,0.0,0.0,0.0,3,1004.6,986.0,89,10240.0,6.4,14.4,bratislava,2026-01-22T07:36:35.081021
2026-01-22T19:00,-1.9,90,-3.3,-5.4,0,0.0,0.0,0.0,0.0,0.0,3,1004.6,986.0,96,8700.0,6.4,13.3,bratislava,2026-01-22T07:36:35.081021
2026-01-22T20:00,-1.9,90,-3.3,-5.2,0,0.0,0.0,0.0,0.0,0.0,3,1005.0,986.4,99,8080.0,5.4,13.0,bratislava,2026-01-22T07:36:35.081021
2026-01-22T21:00,-1.9,90,-3.3,-5.2,0,0.0,0.0,0.0,0.0,0.0,3,1005.2,986.5,98,7220.0,5.0,10.8,bratislava,2026-01-22T07:36:35.081021
2026-01-22T22:00,-1.9,91,-3.2,-5.1,0,0.0,0.0,0.0,0.0,0.0,3,1005.1,986.4,97,6280.0,4.6,10.1,bratislava,2026-01-22T07:36:35.081021
2026-01-22T23:00,-1.9,91,-3.2,-5.2,0,0.0,0.0,0.0,0.0,0.0,3,1004.8,986.2,97,6340.0,5.1,11.2,bratislava,2026-01-22T07:36:35.081021
2026-01-22T00:00,19.4,70,13.8,18.2,0,0.0,0.0,0.0,0.0,0.0,0,1009.0,1007.2,0,24140.0,16.5,33.1,cape_town,2026-01-22T07:36:37.476491
2026-01-22T01:00,19.1,71,13.7,17.9,0,0.0,0.0,0.0,0.0,0.0,0,1009.3,1007.5,0,24140.0,16.4,28.4,cape_town,2026-01-22T07:36:37.476491
2026-01-22T02:00,19.0,74,14.2,18.2,0,0.0,0.0,0.0,0.0,0.0,0,1009.2,1007.4,0,24140.0,14.8,26.6,cape_town,2026-01-22T07:36:37.476491
2026-01-22T03:00,18.8,76,14.5,18.3,0,0.0,0.0,0.0,0.0,0.0,0,1009.3,1007.5,6,24140.0,13.9,24.5,cape_town,2026-01-22T07:36:37.476491
2026-01-22T04:00,18.6,79,14.9,18.3,0,0.0,0.0,0.0,0.0,0.0,1,1009.8,1008.0,23,24140.0,13.1,23.0,cape_town,2026-01-22T07:36:37.476491
2026-01-22T05:00,18.9,79,15.2,18.7,0,0.0,0.0,0.0,0.0,0.0,2,1010.5,1008.7,46,24140.0,13.7,22.0,cape_town,2026-01-22T07:36:37.476491
2026-01-22T06:00,19.2,80,15.7,18.7,0,0.0,0.0,0.0,0.0,0.0,2,1011.8,1010.0,54,24140.0,16.6,25.2,cape_town,2026-01-22T07:36:37.476491
2026-01-22T07:00,19.3,79,15.5,18.7,0,0.0,0.0,0.0,0.0,0.0,2,1012.2,1010.4,57,24140.0,16.6,25.6,cape_town,2026-01-22T07:36:37.476491
2026-01-22T08:00,19.6,71,14.2,18.3,0,0.0,0.0,0.0,0.0,0.0,2,1013.1,1011.3,56,24140.0,19.8,30.2,cape_town,2026-01-22T07:36:37.476491
2026-01-22T09:00,20.0,66,13.4,20.1,0,0.0,0.0,0.0,0.0,0.0,1,1013.7,1011.9,7,24140.0,15.3,30.2,cape_town,2026-01-22T07:36:37.476491
2026-01-22T10:00,20.3,70,14.7,22.8,0,0.0,0.0,0.0,0.0,0.0,1,1013.7,1011.9,27,24140.0,10.4,23.4,cape_town,2026-01-22T07:36:37.476491
2026-01-22T11:00,20.5,70,14.9,22.8,0,0.0,0.0,0.0,0.0,0.0,2,1013.9,1012.1,79,24140.0,12.7,20.2,cape_town,2026-01-22T07:36:37.476491
2026-01-22T12:00,20.6,69,14.7,23.0,0,0.0,0.0,0.0,0.0,0.0,2,1013.7,1011.9,64,24140.0,12.1,20.9,cape_town,2026-01-22T07:36:37.476491
2026-01-22T13:00,20.3,73,15.3,22.0,0,0.0,0.0,0.0,0.0,0.0,2,1013.7,1011.9,80,24140.0,9.8,19.1,cape_town,2026-01-22T07:36:37.476491
2026-01-22T14:00,19.9,76,15.6,20.7,0,0.0,0.0,0.0,0.0,0.0,3,1013.4,1011.6,85,24140.0,7.6,15.8,cape_town,2026-01-22T07:36:37.476491
2026-01-22T15:00,19.7,82,16.5,20.5,5,0.0,0.0,0.0,0.0,0.0,3,1013.4,1011.6,82,24140.0,9.9,17.3,cape_town,2026-01-22T07:36:37.476491
2026-01-22T16:00,19.4,83,16.5,19.9,8,0.0,0.0,0.0,0.0,0.0,2,1013.5,1011.7,66,24140.0,12.1,19.8,cape_town,2026-01-22T07:36:37.476491
2026-01-22T17:00,19.1,78,15.2,18.6,0,0.0,0.0,0.0,0.0,0.0,2,1014.2,1012.4,55,24140.0,15.4,23.4,cape_town,2026-01-22T07:36:37.476491
2026-01-22T18:00,18.5,77,14.4,17.4,0,0.0,0.0,0.0,0.0,0.0,2,1014.9,1013.1,75,24140.0,17.1,26.6,cape_town,2026-01-22T07:36:37.476491
2026-01-22T19:00,17.9,74,13.2,16.8,0,0.0,0.0,0.0,0.0,0.0,2,1015.4,1013.6,52,24140.0,14.4,25.9,cape_town,2026-01-22T07:36:37.476491
2026-01-22T20:00,17.7,73,12.8,16.9,0,0.0,0.0,0.0,0.0,0.0,1,1016.2,1014.4,31,24140.0,11.2,22.0,cape_town,2026-01-22T07:36:37.476491
2026-01-22T21:00,17.5,73,12.6,17.1,0,0.0,0.0,0.0,0.0,0.0,2,1016.6,1014.8,53,24140.0,8.8,18.0,cape_town,2026-01-22T07:36:37.476491
2026-01-22T22:00,17.3,75,12.8,17.1,0,0.0,0.0,0.0,0.0,0.0,1,1016.5,1014.7,40,24140.0,7.6,14.8,cape_town,2026-01-22T07:36:37.476491
2026-01-22T23:00,17.1,76,12.9,17.0,0,0.0,0.0,0.0,0.0,0.0,1,1016.1,1014.3,30,24140.0,7.0,12.6,cape_town,2026-01-22T07:36:37.476491
2026-01-22T00:00,14.3,79,10.7,13.3,0,0.0,0.0,0.0,0.0,0.0,1,1018.2,831.3,16,24140.0,8.3,24.1,johannesburg,2026-01-22T07:36:39.877400
2026-01-22T01:00,14.0,81,10.8,13.2,0,0.0,0.0,0.0,0.0,0.0,0,1017.5,830.5,5,24140.0,6.8,20.2,johannesburg,2026-01-22T07:36:39.877400
2026-01-22T02:00,13.7,82,10.7,12.9,0,0.0,0.0,0.0,0.0,0.0,0,1017.4,830.3,0,24140.0,6.8,18.0,johannesburg,2026-01-22T07:36:39.877400
2026-01-22T03:00,13.5,84,10.8,12.7,0,0.0,0.0,0.0,0.0,0.0,1,1017.7,830.4,23,24140.0,6.8,17.6,johannesburg,2026-01-22T07:36:39.877400
2026-01-22T04:00,13.4,86,11.1,12.7,0,0.0,0.0,0.0,0.0,0.0,1,1018.1,830.7,17,24140.0,6.9,18.0,johannesburg,2026-01-22T07:36:39.877400
2026-01-22T05:00,14.3,83,11.4,13.5,0,0.0,0.0,0.0,0.0,0.0,1,1018.1,831.2,26,24140.0,8.6,22.3,johannesburg,2026-01-22T07:36:39.877400
2026-01-22T06:00,15.9,75,11.5,14.9,0,0.0,0.0,0.0,0.0,0.0,1,1018.0,832.0,33,24140.0,10.1,27.7,johannesburg,2026-01-22T07:36:39.877400
2026-01-22T07:00,17.6,66,11.2,16.8,0,0.0,0.0,0.0,0.0,0.0,1,1017.7,832.7,36,24140.0,10.0,29.2,johannesburg,2026-01-22T07:36:39.877400
2026-01-22T08:00,19.5,58,11.0,20.1,0,0.0,0.0,0.0,0.0,0.0,1,1017.4,833.6,32,24140.0,8.9,28.1,johannesburg,2026-01-22T07:36:39.877400
2026-01-22T09:00,21.1,51,10.6,22.1,0,0.0,0.0,0.0,0.0,0.0,2,1016.6,833.8,58,24140.0,7.0,25.6,johannesburg,2026-01-22T07:36:39.877400
2026-01-22T10:00,22.3,46,10.1,22.8,0,0.0,0.0,0.0,0.0,0.0,3,1015.8,833.8,83,24140.0,7.4,22.0,johannesburg,2026-01-22T07:36:39.877400
2026-01-22T11:00,23.2,42,9.6,23.7,0,0.0,0.0,0.0,0.0,0.0,2,1014.8,833.5,64,24140.0,7.9,23.4,johannesburg,2026-01-22T07:36:39.877400
2026-01-22T12:00,23.7,39,9.0,23.2,0,0.0,0.0,0.0,0.0,0.0,2,1013.7,832.9,76,24140.0,6.6,23.4,johannesburg,2026-01-22T07:36:39.877400
2026-01-22T13:00,24.1,38,8.9,22.7,0,0.0,0.0,0.0,0.0,0.0,3,1013.0,832.5,94,24140.0,9.1,25.2,johannesburg,2026-01-22T07:36:39.877400
2026-01-22T14:00,24.1,39,9.3,22.4,3,0.0,0.0,0.0,0.0,0.0,3,1012.0,831.6,96,24140.0,10.1,28.1,johannesburg,2026-01-22T07:36:39.877400
2026-01-22T15:00,24.1,40,9.6,22.7,5,0.0,0.0,0.0,0.0,0.0,3,1011.6,831.3,91,24140.0,9.2,28.1,johannesburg,2026-01-22T07:36:39.877400
2026-01-22T16:00,24.0,39,9.2,22.7,0,0.0,0.0,0.0,0.0,0.0,2,1011.4,831.1,56,24140.0,7.6,24.8,johannesburg,2026-01-22T07:36:39.877400
2026-01-22T17:00,23.0,44,10.1,22.1,0,0.0,0.0,0.0,0.0,0.0,2,1011.9,831.0,67,24140.0,6.4,20.2,johannesburg,2026-01-22T07:36:39.877400
2026-01-22T18:00,21.5,54,11.8,21.0,0,0.0,0.0,0.0,0.0,0.0,2,1012.9,831.0,75,24140.0,7.1,17.3,johannesburg,2026-01-22T07:36:39.877400
2026-01-22T19:00,20.2,62,12.7,19.9,0,0.0,0.0,0.0,0.0,0.0,2,1014.3,831.4,46,24140.0,7.7,19.8,johannesburg,2026-01-22T07:36:39.877400
2026-01-22T20:00,19.4,66,12.9,19.5,0,0.0,0.0,0.0,0.0,0.0,1,1015.3,831.8,29,24140.0,5.6,18.7,johannesburg,2026-01-22T07:36:39.877400
2026-01-22T21:00,18.6,69,12.8,18.8,0,0.0,0.0,0.0,0.0,0.0,0,1015.3,831.3,0,24140.0,4.6,15.1,johannesburg,2026-01-22T07:36:39.877400
2026-01-22T22:00,18.0,71,12.6,18.2,0,0.0,0.0,0.0,0.0,0.0,0,1014.7,830.5,0,24140.0,4.5,12.6,johannesburg,2026-01-22T07:36:39.877400
2026-01-22T23:00,17.4,72,12.3,17.5,0,0.0,0.0,0.0,0.0,0.0,0,1013.8,829.5,0,24140.0,4.8,13.3,johannesburg,2026-01-22T07:36:39.877400
2026-01-22T00:00,-14.5,47,-23.3,-19.7,0,0.0,0.0,0.0,0.0,0.0,0,1031.2,1026.7,0,24140.0,8.4,25.2,seoul,2026-01-22T07:37:57.558191
2026-01-22T01:00,-13.1,42,-23.3,-18.3,0,0.0,0.0,0.0,0.0,0.0,0,1031.3,1026.8,0,24140.0,8.4,28.1,seoul,2026-01-22T07:37:57.558191
2026-01-22T02:00,-11.2,37,-23.0,-16.5,0,0.0,0.0,0.0,0.0,0.0,0,1031.0,1026.6,0,24140.0,9.4,30.6,seoul,2026-01-22T07:37:57.558191
2026-01-22T03:00,-9.6,39,-21.0,-15.1,0,0.0,0.0,0.0,0.0,0.0,0,1030.6,1026.2,0,24140.0,10.6,33.5,seoul,2026-01-22T07:37:57.558191
2026-01-22T04:00,-8.2,41,-19.2,-13.5,0,0.0,0.0,0.0,0.0,0.0,0,1029.1,1024.7,0,24140.0,10.9,34.6,seoul,2026-01-22T07:37:57.558191
2026-01-22T05:00,-7.1,40,-18.4,-12.4,0,0.0,0.0,0.0,0.0,0.0,0,1028.1,1023.8,0,24140.0,10.9,37.4,seoul,2026-01-22T07:37:57.558191
2026-01-22T06:00,-6.2,38,-18.3,-11.6,0,0.0,0.0,0.0,0.0,0.0,0,1027.6,1023.3,0,24140.0,10.8,37.8,seoul,2026-01-22T07:37:57.558191
2026-01-22T07:00,-5.9,37,-18.3,-11.1,0,0.0,0.0,0.0,0.0,0.0,0,1027.4,1023.1,0,24140.0,10.3,37.1,seoul,2026-01-22T07:37:57.558191
2026-01-22T08:00,-6.1,37,-18.4,-11.1,0,0.0,0.0,0.0,0.0,0.0,0,1027.3,1023.0,0,24140.0,8.7,34.6,seoul,2026-01-22T07:37:57.558191
2026-01-22T09:00,-6.7,39,-18.3,-11.4,0,0.0,0.0,0.0,0.0,0.0,0,1027.3,1023.0,0,24140.0,6.7,30.2,seoul,2026-01-22T07:37:57.558191
2026-01-22T10:00,-7.3,40,-18.7,-11.9,0,0.0,0.0,0.0,0.0,0.0,0,1027.5,1023.2,0,24140.0,5.6,20.2,seoul,2026-01-22T07:37:57.558191
2026-01-22T11:00,-8.1,41,-19.1,-12.8,0,0.0,0.0,0.0,0.0,0.0,0,1027.9,1023.5,0,24140.0,6.0,22.3,seoul,2026-01-22T07:37:57.558191
2026-01-22T12:00,-8.9,44,-19.0,-13.7,0,0.0,0.0,0.0,0.0,0.0,0,1028.1,1023.7,0,24140.0,6.5,22.3,seoul,2026-01-22T07:37:57.558191
2026-01-22T13:00,-9.6,53,-17.4,-14.3,0,0.0,0.0,0.0,0.0,0.0,0,1028.3,1023.9,0,24140.0,6.9,22.3,seoul,2026-01-22T07:37:57.558191
2026-01-22T14:00,-10.1,55,-17.4,-14.7,0,0.0,0.0,0.0,0.0,0.0,0,1028.4,1024.0,0,24140.0,6.6,21.6,seoul,2026-01-22T07:37:57.558191
2026-01-22T15:00,-10.4,50,-18.8,-14.9,0,0.0,0.0,0.0,0.0,0.0,0,1028.4,1024.0,0,24140.0,5.1,16.9,seoul,2026-01-22T07:37:57.558191
2026-01-22T16:00,-10.6,49,-19.3,-15.0,0,0.0,0.0,0.0,0.0,0.0,0,1028.4,1024.0,0,24140.0,4.1,10.4,seoul,2026-01-22T07:37:57.558191
2026-01-22T17:00,-10.7,49,-19.4,-15.0,0,0.0,0.0,0.0,0.0,0.0,0,1028.6,1024.2,0,24140.0,3.3,5.4,seoul,2026-01-22T07:37:57.558191
2026-01-22T18:00,-10.8,50,-19.2,-15.0,0,0.0,0.0,0.0,0.0,0.0,0,1028.9,1024.5,0,24140.0,3.1,3.2,seoul,2026-01-22T07:37:57.558191
2026-01-22T19:00,-10.9,51,-19.1,-15.2,0,0.0,0.0,0.0,0.0,0.0,0,1028.8,1024.4,0,24140.0,3.3,3.6,seoul,2026-01-22T07:37:57.558191
2026-01-22T20:00,-11.0,52,-18.9,-15.3,0,0.0,0.0,0.0,0.0,0.0,0,1028.8,1024.4,0,24140.0,3.6,3.6,seoul,2026-01-22T07:37:57.558191
2026-01-22T21:00,-11.1,52,-19.0,-15.4,0,0.0,0.0,0.0,0.0,0.0,0,1029.0,1024.6,0,24140.0,3.6,3.6,seoul,2026-01-22T07:37:57.558191
2026-01-22T22:00,-11.2,51,-19.4,-15.5,0,0.0,0.0,0.0,0.0,0.0,0,1029.3,1024.9,0,24140.0,3.2,4.3,seoul,2026-01-22T07:37:57.558191
2026-01-22T23:00,-11.5,52,-19.4,-15.6,0,0.0,0.0,0.0,0.0,0.0,0,1029.4,1025.0,0,24140.0,2.2,4.7,seoul,2026-01-22T07:37:57.558191
2026-01-22T00:00,11.0,91,9.6,10.0,23,0.0,0.0,0.0,0.0,0.0,3,996.5,994.1,100,12320.0,5.7,20.2,barcelona,2026-01-22T07:37:59.958984
2026-01-22T01:00,10.9,92,9.7,10.3,38,0.0,0.0,0.0,0.0,0.0,3,995.8,993.4,100,10800.0,3.7,14.8,barcelona,2026-01-22T07:37:59.958984
2026-01-22T02:00,10.6,94,9.7,10.0,63,0.2,0.2,0.0,0.0,0.0,61,995.4,993.0,100,6820.0,3.6,12.6,barcelona,2026-01-22T07:37:59.958984
2026-01-22T03:00,10.2,97,9.7,9.8,63,0.8,0.8,0.0,0.0,0.0,61,994.1,991.7,100,3720.0,1.9,13.3,barcelona,2026-01-22T07:37:59.958984
2026-01-22T04:00,9.9,96,9.3,9.2,23,0.0,0.0,0.0,0.0,0.0,45,993.5,991.1,100,3740.0,3.3,11.2,barcelona,2026-01-22T07:37:59.958984
2026-01-22T05:00,9.7,96,9.1,8.9,8,0.0,0.0,0.0,0.0,0.0,3,993.2,990.8,100,3760.0,3.4,10.1,barcelona,2026-01-22T07:37:59.958984
2026-01-22T06:00,9.8,93,8.7,8.8,5,0.0,0.0,0.0,0.0,0.0,3,993.6,991.2,100,8160.0,4.7,13.3,barcelona,2026-01-22T07:37:59.958984
2026-01-22T07:00,10.0,89,8.2,8.6,23,0.4,0.1,0.3,0.0,0.0,80,994.3,991.9,100,15600.0,6.1,16.9,barcelona,2026-01-22T07:37:59.958984
2026-01-22T08:00,10.0,90,8.4,8.7,55,1.2,0.8,0.4,0.0,0.0,61,995.4,993.0,100,11980.0,6.2,17.6,barcelona,2026-01-22T07:37:59.958984
2026-01-22T09:00,10.2,89,8.4,8.8,58,2.2,2.0,0.2,0.0,0.0,61,996.1,993.7,100,7280.0,6.6,16.6,barcelona,2026-01-22T07:37:59.958984
2026-01-22T10:00,10.2,88,8.3,8.6,53,3.6,3.5,0.1,0.0,0.0,63,997.0,994.6,100,5800.0,8.0,22.3,barcelona,2026-01-22T07:37:59.958984
2026-01-22T11:00,10.4,81,7.3,8.1,45,4.6,4.6,0.0,0.0,0.0,63,997.1,994.7,100,5900.0,11.4,29.9,barcelona,2026-01-22T07:37:59.958984
2026-01-22T12:00,10.6,82,7.7,8.8,43,1.9,1.9,0.0,0.0,0.0,61,997.1,994.7,100,17040.0,8.2,37.8,barcelona,2026-01-22T07:37:59.958984
2026-01-22T13:00,11.1,83,8.3,9.5,13,0.6,0.6,0.0,0.0,0.0,61,998.1,995.7,80,28040.0,7.7,27.0,barcelona,2026-01-22T07:37:59.958984
2026-01-22T14:00,12.5,78,8.7,11.1,3,0.0,0.0,0.0,0.0,0.0,2,998.5,996.1,68,38640.0,7.0,20.9,barcelona,2026-01-22T07:37:59.958984
2026-01-22T15:00,13.3,76,9.1,12.1,0,0.0,0.0,0.0,0.0,0.0,3,998.9,996.5,83,43640.0,6.2,17.3,barcelona,2026-01-22T07:37:59.958984
2026-01-22T16:00,13.2,76,9.1,12.9,0,0.0,0.0,0.0,0.0,0.0,2,998.7,996.3,44,47940.0,0.4,16.9,barcelona,2026-01-22T07:37:59.958984
2026-01-22T17:00,12.1,83,9.3,11.4,0,0.0,0.0,0.0,0.0,0.0,1,999.0,996.6,32,30300.0,3.3,6.5,barcelona,2026-01-22T07:37:59.958984
2026-01-22T18:00,11.3,87,9.2,10.6,0,0.0,0.0,0.0,0.0,0.0,1,999.9,997.5,18,25520.0,3.7,6.1,barcelona,2026-01-22T07:37:59.958984
2026-01-22T19:00,10.5,90,8.9,9.7,0,0.0,0.0,0.0,0.0,0.0,2,1001.0,998.6,51,18580.0,3.4,7.6,barcelona,2026-01-22T07:37:59.958984
2026-01-22T20:00,9.7,91,8.3,8.7,3,0.0,0.0,0.0,0.0,0.0,2,1001.6,999.2,59,14280.0,3.4,5.0,barcelona,2026-01-22T07:37:59.958984
2026-01-22T21:00,8.8,94,7.9,7.7,5,0.0,0.0,0.0,0.0,0.0,1,1001.7,999.3,46,6160.0,3.5,4.7,barcelona,2026-01-22T07:37:59.958984
2026-01-22T22:00,8.0,96,7.4,6.6,3,0.0,0.0,0.0,0.0,0.0,2,1001.5,999.1,51,2140.0,4.8,11.2,barcelona,2026-01-22T07:37:59.958984
2026-01-22T23:00,7.2,95,6.4,5.6,0,0.0,0.0,0.0,0.0,0.0,1,1001.3,998.9,25,1880.0,4.6,12.6,barcelona,2026-01-22T07:37:59.958984
2026-01-22T00:00,10.5,72,5.6,8.6,5,0.0,0.0,0.0,0.0,0.0,1,996.2,993.9,43,16100.0,5.4,11.9,bilbao,2026-01-22T07:38:02.362088
2026-01-22T01:00,10.2,67,4.4,7.9,0,0.0,0.0,0.0,0.0,0.0,3,996.5,994.2,100,14460.0,6.8,6.8,bilbao,2026-01-22T07:38:02.362088
2026-01-22T02:00,10.4,63,3.7,7.8,15,0.0,0.0,0.0,0.0,0.0,3,997.4,995.1,100,16700.0,7.7,18.0,bilbao,2026-01-22T07:38:02.362088
2026-01-22T03:00,10.6,62,3.6,8.0,28,0.0,0.0,0.0,0.0,0.0,3,997.7,995.4,100,24140.0,7.9,18.7,bilbao,2026-01-22T07:38:02.362088
2026-01-22T04:00,10.6,66,4.5,7.8,33,0.2,0.3,0.0,0.0,0.0,51,998.8,996.5,100,24140.0,10.1,21.6,bilbao,2026-01-22T07:38:02.362088
2026-01-22T05:00,10.7,62,3.7,7.1,23,0.1,0.1,0.0,0.0,0.0,51,999.3,997.0,30,24140.0,14.5,32.0,bilbao,2026-01-22T07:38:02.362088
2026-01-22T06:00,9.9,63,3.1,6.6,23,0.0,0.0,0.0,0.0,0.0,1,999.9,997.6,25,24140.0,11.5,31.3,bilbao,2026-01-22T07:38:02.362088
2026-01-22T07:00,9.6,63,2.9,5.9,10,0.0,0.0,0.0,0.0,0.0,3,1000.6,998.3,100,24140.0,14.5,29.9,bilbao,2026-01-22T07:38:02.362088
2026-01-22T08:00,9.7,66,3.6,6.6,3,0.0,0.0,0.0,0.0,0.0,3,1000.8,998.5,100,23980.0,11.0,26.6,bilbao,2026-01-22T07:38:02.362088
2026-01-22T09:00,9.9,62,2.9,6.2,0,0.0,0.0,0.0,0.0,0.0,3,1001.6,999.3,100,24140.0,14.2,25.9,bilbao,2026-01-22T07:38:02.362088
2026-01-22T10:00,10.8,60,3.4,7.9,0,0.0,0.0,0.0,0.0,0.0,3,1001.9,999.6,100,24140.0,9.0,25.2,bilbao,2026-01-22T07:38:02.362088
2026-01-22T11:00,11.0,62,4.0,8.6,0,0.1,0.0,0.0,0.0,0.0,3,1002.6,1000.3,99,24140.0,6.3,25.4,bilbao,2026-01-22T07:38:02.362088
2026-01-22T12:00,12.5,54,3.4,9.6,0,0.0,0.0,0.0,0.0,0.0,3,1001.8,999.5,99,24140.0,9.5,22.3,bilbao,2026-01-22T07:38:02.362088
2026-01-22T13:00,13.2,50,3.0,10.0,0,0.0,0.0,0.0,0.0,0.0,3,1001.2,998.9,100,24140.0,11.0,25.6,bilbao,2026-01-22T07:38:02.362088
2026-01-22T14:00,13.3,48,2.5,9.8,0,0.0,0.0,0.0,0.0,0.0,3,1000.7,998.4,100,24140.0,12.2,27.0,bilbao,2026-01-22T07:38:02.362088
2026-01-22T15:00,13.7,46,2.2,10.7,0,0.0,0.0,0.0,0.0,0.0,2,1000.3,998.0,69,24140.0,8.4,26.3,bilbao,2026-01-22T07:38:02.362088
2026-01-22T16:00,13.8,46,2.3,10.9,0,0.0,0.0,0.0,0.0,0.0,3,999.7,997.4,100,24140.0,7.6,18.7,bilbao,2026-01-22T07:38:02.362088
2026-01-22T17:00,13.0,46,1.7,9.4,0,0.0,0.0,0.0,0.0,0.0,0,998.9,996.6,5,24140.0,11.9,24.8,bilbao,2026-01-22T07:38:02.362088
2026-01-22T18:00,12.3,47,1.3,8.4,0,0.0,0.0,0.0,0.0,0.0,0,998.1,995.8,0,24140.0,13.8,30.6,bilbao,2026-01-22T07:38:02.362088
2026-01-22T19:00,11.7,52,2.1,7.3,8,0.0,0.0,0.0,0.0,0.0,2,997.0,994.7,63,24140.0,17.6,37.1,bilbao,2026-01-22T07:38:02.362088
2026-01-22T20:00,11.8,53,2.5,7.2,28,0.0,0.0,0.0,0.0,0.0,2,995.5,993.2,72,24140.0,19.4,41.4,bilbao,2026-01-22T07:38:02.362088
2026-01-22T21:00,12.3,52,2.7,7.6,40,0.0,0.0,0.0,0.0,0.0,3,994.6,992.3,100,22980.0,20.8,45.4,bilbao,2026-01-22T07:38:02.362088
2026-01-22T22:00,12.5,53,3.1,7.4,28,0.0,0.0,0.0,0.0,0.0,3,992.8,990.5,100,24140.0,23.5,51.5,bilbao,2026-01-22T07:38:02.362088
2026-01-22T23:00,12.5,53,3.2,7.4,45,0.1,0.0,0.0,0.0,0.0,1,991.3,989.0,39,24140.0,24.4,54.7,bilbao,2026-01-22T07:38:02.362088
2026-01-22T00:00,25.0,53,14.8,24.2,0,0.0,0.0,0.0,0.0,0.0,1,1010.5,966.0,0,24140.0,16.4,40.7,cordoba,2026-01-22T07:39:20.077319
2026-01-22T01:00,23.3,57,14.3,22.7,0,0.0,0.0,0.0,0.0,0.0,2,1011.6,966.8,58,24140.0,13.9,33.5,cordoba,2026-01-22T07:39:20.077319
2026-01-22T02:00,22.3,62,14.7,22.4,0,0.0,0.0,0.0,0.0,0.0,3,1012.0,967.0,91,24140.0,10.2,28.1,cordoba,2026-01-22T07:39:20.077319
2026-01-22T03:00,21.9,66,15.3,22.5,0,0.0,0.0,0.0,0.0,0.0,1,1012.5,967.4,42,24140.0,8.0,20.5,cordoba,2026-01-22T07:39:20.077319
2026-01-22T04:00,21.4,68,15.3,22.1,0,0.0,0.0,0.0,0.0,0.0,2,1012.4,967.3,80,24140.0,8.0,16.2,cordoba,2026-01-22T07:39:20.077319
2026-01-22T05:00,21.2,66,14.6,21.6,0,0.0,0.0,0.0,0.0,0.0,0,1012.1,966.9,3,24140.0,8.1,16.6,cordoba,2026-01-22T07:39:20.077319
2026-01-22T06:00,20.9,65,14.1,21.2,0,0.0,0.0,0.0,0.0,0.0,3,1011.7,966.5,84,24140.0,7.3,16.2,cordoba,2026-01-22T07:39:20.077319
2026-01-22T07:00,20.4,65,13.6,20.7,0,0.0,0.0,0.0,0.0,0.0,1,1011.3,966.1,26,24140.0,6.6,14.0,cordoba,2026-01-22T07:39:20.077319
2026-01-22T08:00,20.0,65,13.3,20.1,0,0.0,0.0,0.0,0.0,0.0,2,1011.3,966.0,73,24140.0,6.9,13.3,cordoba,2026-01-22T07:39:20.077319
2026-01-22T09:00,19.8,67,13.5,19.9,0,0.0,0.0,0.0,0.0,0.0,3,1011.8,966.4,100,24140.0,7.0,13.3,cordoba,2026-01-22T07:39:20.077319
2026-01-22T10:00,19.7,68,13.7,19.9,0,0.0,0.0,0.0,0.0,0.0,3,1012.3,966.9,100,24140.0,7.0,14.4,cordoba,2026-01-22T07:39:20.077319
2026-01-22T11:00,20.7,67,14.4,21.0,0,0.0,0.0,0.0,0.0,0.0,3,1012.9,967.6,100,24140.0,8.0,16.2,cordoba,2026-01-22T07:39:20.077319
2026-01-22T12:00,22.7,63,15.3,22.9,0,0.0,0.0,0.0,0.0,0.0,3,1012.8,967.8,100,24140.0,11.4,24.8,cordoba,2026-01-22T07:39:20.077319
2026-01-22T13:00,25.1,57,16.0,24.8,0,0.0,0.0,0.0,0.0,0.0,3,1012.4,967.8,100,24140.0,16.0,34.2,cordoba,2026-01-22T07:39:20.077319
2026-01-22T14:00,27.0,51,16.0,27.0,0,0.0,0.0,0.0,0.0,0.0,2,1012.2,967.9,62,24140.0,20.3,43.2,cordoba,2026-01-22T07:39:20.077319
2026-01-22T15:00,28.3,46,15.6,28.4,0,0.0,0.0,0.0,0.0,0.0,2,1011.9,967.8,65,24140.0,22.2,47.5,cordoba,2026-01-22T07:39:20.077319
2026-01-22T16:00,29.5,41,14.9,29.3,0,0.0,0.0,0.0,0.0,0.0,2,1011.6,967.7,58,24140.0,23.8,51.1,cordoba,2026-01-22T07:39:20.077319
2026-01-22T17:00,30.8,37,14.4,30.8,0,0.0,0.0,0.0,0.0,0.0,1,1010.7,967.0,35,24140.0,24.4,52.6,cordoba,2026-01-22T07:39:20.077319
2026-01-22T18:00,31.4,37,15.0,31.7,0,0.0,0.0,0.0,0.0,0.0,1,1009.7,966.1,24,24140.0,24.2,52.9,cordoba,2026-01-22T07:39:20.077319
2026-01-22T19:00,31.8,37,15.3,31.8,0,0.0,0.0,0.0,0.0,0.0,0,1008.5,965.0,3,24140.0,23.9,52.6,cordoba,2026-01-22T07:39:20.077319
2026-01-22T20:00,31.6,37,15.2,30.9,0,0.0,0.0,0.0,0.0,0.0,0,1007.7,964.2,1,24140.0,23.7,51.8,cordoba,2026-01-22T07:39:20.077319
2026-01-22T21:00,31.0,38,15.0,29.4,0,0.0,0.0,0.0,0.0,0.0,0,1007.4,963.9,0,24140.0,23.0,50.4,cordoba,2026-01-22T07:39:20.077319
2026-01-22T22:00,29.8,41,15.2,28.5,0,0.0,0.0,0.0,0.0,0.0,2,1007.8,964.1,54,24140.0,21.2,47.9,cordoba,2026-01-22T07:39:20.077319
2026-01-22T23:00,28.3,45,15.2,27.5,0,0.0,0.0,0.0,0.0,0.0,1,1008.8,964.8,29,24140.0,17.3,43.9,cordoba,2026-01-22T07:39:20.077319
2026-01-22T00:00,9.7,88,7.8,6.2,0,0.0,0.0,0.0,0.0,0.0,3,994.3,985.0,100,17620.0,20.2,40.0,girona,2026-01-22T07:39:57.627692
2026-01-22T01:00,9.9,83,7.1,6.6,0,0.0,0.0,0.0,0.0,0.0,3,993.9,984.6,100,27680.0,17.4,40.7,girona,2026-01-22T07:39:57.627692
2026-01-22T02:00,10.1,81,7.0,7.5,10,0.0,0.0,0.0,0.0,0.0,3,993.9,984.6,100,33720.0,12.7,33.1,girona,2026-01-22T07:39:57.627692
2026-01-22T03:00,9.8,85,7.4,8.2,15,0.0,0.0,0.0,0.0,0.0,3,993.6,984.3,100,25120.0,7.0,22.0,girona,2026-01-22T07:39:57.627692
2026-01-22T04:00,9.2,89,7.5,8.3,13,0.1,0.0,0.1,0.0,0.0,3,993.5,984.2,100,19700.0,2.1,10.4,girona,2026-01-22T07:39:57.627692
2026-01-22T05:00,8.6,92,7.4,7.3,30,0.6,0.5,0.1,0.0,0.0,61,993.9,984.6,100,11520.0,4.3,7.2,girona,2026-01-22T07:39:57.627692
2026-01-22T06:00,8.3,93,7.3,6.8,35,0.3,0.3,0.0,0.0,0.0,61,994.6,985.2,100,8680.0,5.8,10.4,girona,2026-01-22T07:39:57.627692
2026-01-22T07:00,8.4,89,6.7,6.6,38,0.1,0.1,0.0,0.0,0.0,61,995.3,985.9,100,17880.0,6.6,10.4,girona,2026-01-22T07:39:57.627692
2026-01-22T08:00,8.4,85,6.0,5.1,58,0.1,0.1,0.0,0.0,0.0,61,995.7,986.3,100,25060.0,15.8,32.0,girona,2026-01-22T07:39:57.627692
2026-01-22T09:00,8.2,87,6.2,5.9,83,0.4,0.2,0.1,0.0,0.0,61,995.9,986.5,100,23140.0,9.2,29.2,girona,2026-01-22T07:39:57.627692
2026-01-22T10:00,8.7,86,6.5,7.0,65,0.3,0.0,0.3,0.0,0.0,80,995.8,986.4,100,24860.0,6.2,16.2,girona,2026-01-22T07:39:57.627692
2026-01-22T11:00,9.1,87,7.1,7.5,40,0.1,0.0,0.1,0.0,0.0,3,996.4,987.0,100,22800.0,6.2,11.5,girona,2026-01-22T07:39:57.627692
2026-01-22T12:00,9.2,89,7.5,7.6,18,0.0,0.0,0.0,0.0,0.0,3,996.9,987.5,100,14020.0,6.7,13.7,girona,2026-01-22T07:39:57.627692
2026-01-22T13:00,10.3,87,8.2,9.1,8,0.0,0.0,0.0,0.0,0.0,3,997.6,988.3,100,20160.0,5.2,14.0,girona,2026-01-22T07:39:57.627692
2026-01-22T14:00,11.1,82,8.1,9.9,5,0.0,0.0,0.0,0.0,0.0,3,998.4,989.1,93,31840.0,5.1,11.5,girona,2026-01-22T07:39:57.627692
2026-01-22T15:00,11.2,83,8.4,9.8,18,0.0,0.0,0.0,0.0,0.0,2,999.3,990.0,49,29200.0,6.6,13.0,girona,2026-01-22T07:39:57.627692
2026-01-22T16:00,10.9,85,8.5,10.0,23,0.0,0.0,0.0,0.0,0.0,2,999.4,990.1,59,27860.0,4.0,11.9,girona,2026-01-22T07:39:57.627692
2026-01-22T17:00,9.6,89,7.9,8.8,10,0.0,0.0,0.0,0.0,0.0,1,999.5,990.1,34,19820.0,2.3,7.9,girona,2026-01-22T07:39:57.627692
2026-01-22T18:00,8.5,91,7.1,7.3,3,0.0,0.0,0.0,0.0,0.0,1,1000.2,990.8,27,13300.0,3.1,5.0,girona,2026-01-22T07:39:57.627692
2026-01-22T19:00,7.2,96,6.6,6.1,0,0.0,0.0,0.0,0.0,0.0,1,1001.1,991.6,36,4320.0,1.9,5.8,girona,2026-01-22T07:39:57.627692
2026-01-22T20:00,6.5,99,6.4,5.2,0,0.0,0.0,0.0,0.0,0.0,45,1001.5,992.0,46,920.0,2.3,5.0,girona,2026-01-22T07:39:57.627692
2026-01-22T21:00,6.1,100,6.1,4.6,3,0.0,0.0,0.0,0.0,0.0,45,1001.6,992.1,72,1000.0,3.8,6.5,girona,2026-01-22T07:39:57.627692
2026-01-22T22:00,5.7,98,5.5,3.9,3,0.0,0.0,0.0,0.0,0.0,45,1001.2,991.7,81,2180.0,4.7,6.5,girona,2026-01-22T07:39:57.627692
2026-01-22T23:00,5.7,98,5.5,3.9,0,0.0,0.0,0.0,0.0,0.0,2,1000.7,991.2,68,1480.0,5.2,8.3,girona,2026-01-22T07:39:57.627692
2026-01-22T00:00,6.5,90,5.0,3.9,13,0.0,0.0,0.0,0.0,0.0,3,999.5,922.6,87,8640.0,9.4,25.6,madrid,2026-01-22T07:40:00.020556
2026-01-22T01:00,6.2,80,3.0,3.0,3,0.0,0.0,0.0,0.0,0.0,3,1000.6,923.6,81,33820.0,10.2,29.2,madrid,2026-01-22T07:40:00.020556
2026-01-22T02:00,5.8,74,1.5,2.6,0,0.0,0.0,0.0,0.0,0.0,1,1001.6,924.4,28,46840.0,9.4,26.6,madrid,2026-01-22T07:40:00.020556
2026-01-22T03:00,5.2,78,1.6,2.0,0,0.0,0.0,0.0,0.0,0.0,1,1002.8,925.3,46,38260.0,8.8,25.2,madrid,2026-01-22T07:40:00.020556
2026-01-22T04:00,4.8,80,1.6,1.7,0,0.0,0.0,0.0,0.0,0.0,0,1003.0,925.4,7,34620.0,8.2,24.1,madrid,2026-01-22T07:40:00.020556
2026-01-22T05:00,4.5,79,1.2,1.5,0,0.0,0.0,0.0,0.0,0.0,1,1003.7,926.0,23,37500.0,7.1,22.3,madrid,2026-01-22T07:40:00.020556
2026-01-22T06:00,4.2,81,1.2,1.2,0,0.0,0.0,0.0,0.0,0.0,0,1004.1,926.3,0,32100.0,7.0,19.4,madrid,2026-01-22T07:40:00.020556
2026-01-22T07:00,3.9,84,1.4,1.0,0,0.0,0.0,0.0,0.0,0.0,0,1004.7,926.8,1,28340.0,7.1,20.5,madrid,2026-01-22T07:40:00.020556
2026-01-22T08:00,3.6,87,1.6,0.6,0,0.0,0.0,0.0,0.0,0.0,1,1005.4,927.3,10,21800.0,8.0,22.0,madrid,2026-01-22T07:40:00.020556
2026-01-22T09:00,4.5,81,1.5,0.9,0,0.0,0.0,0.0,0.0,0.0,0,1006.1,928.2,4,27200.0,12.0,31.7,madrid,2026-01-22T07:40:00.020556
2026-01-22T10:00,6.4,71,1.5,2.6,0,0.0,0.0,0.0,0.0,0.0,1,1005.9,928.5,29,45340.0,12.8,35.3,madrid,2026-01-22T07:40:00.020556
2026-01-22T11:00,8.1,64,1.7,4.2,0,0.0,0.0,0.0,0.0,0.0,3,1005.9,929.0,82,55000.0,13.8,37.4,madrid,2026-01-22T07:40:00.020556
2026-01-22T12:00,9.0,58,1.2,5.0,0,0.0,0.0,0.0,0.0,0.0,3,1005.8,929.1,93,61760.0,14.0,39.6,madrid,2026-01-22T07:40:00.020556
2026-01-22T13:00,9.2,55,0.6,5.5,0,0.0,0.0,0.0,0.0,0.0,3,1005.1,928.5,100,66740.0,11.3,38.9,madrid,2026-01-22T07:40:00.020556
2026-01-22T14:00,9.2,58,1.4,5.5,0,0.0,0.0,0.0,0.0,0.0,3,1005.4,928.8,91,64020.0,12.5,35.6,madrid,2026-01-22T07:40:00.020556
2026-01-22T15:00,8.9,65,2.6,5.2,0,0.0,0.0,0.0,0.0,0.0,2,1005.8,929.1,72,52080.0,13.8,37.4,madrid,2026-01-22T07:40:00.020556
2026-01-22T16:00,7.9,69,2.6,4.1,3,0.0,0.0,0.0,0.0,0.0,3,1005.5,928.5,88,46380.0,14.5,38.5,madrid,2026-01-22T07:40:00.020556
2026-01-22T17:00,7.0,71,2.1,3.2,15,0.0,0.0,0.0,0.0,0.0,3,1005.0,927.9,99,45820.0,13.9,39.6,madrid,2026-01-22T07:40:00.020556
2026-01-22T18:00,6.6,78,3.0,2.8,38,0.1,0.1,0.0,0.0,0.0,61,1005.0,927.7,99,38240.0,14.3,37.1,madrid,2026-01-22T07:40:00.020556
2026-01-22T19:00,6.2,80,3.0,2.6,63,0.4,0.4,0.0,0.0,0.0,61,1005.5,928.1,99,29480.0,13.5,39.2,madrid,2026-01-22T07:40:00.020556
2026-01-22T20:00,6.2,85,3.8,3.0,70,0.3,0.3,0.0,0.0,0.0,61,1004.9,927.5,99,20760.0,11.9,35.6,madrid,2026-01-22T07:40:00.020556
2026-01-22T21:00,6.1,86,3.9,3.1,40,0.3,0.3,0.0,0.0,0.0,61,1004.3,927.0,100,16720.0,10.6,31.0,madrid,2026-01-22T07:40:00.020556
2026-01-22T22:00,5.9,86,3.7,3.0,38,0.1,0.1,0.0,0.0,0.0,61,1002.9,925.6,100,18300.0,9.1,29.9,madrid,2026-01-22T07:40:00.020556
2026-01-22T23:00,5.8,87,3.8,3.1,40,0.0,0.0,0.0,0.0,0.0,3,1002.2,925.0,100,15820.0,8.3,23.8,madrid,2026-01-22T07:40:00.020556
2026-01-22T00:00,14.6,78,10.8,12.9,0,0.0,0.0,0.0,0.0,0.0,3,1004.4,1002.3,89,39400.0,13.5,34.2,malaga,2026-01-22T07:41:17.820793
2026-01-22T01:00,14.6,67,8.5,10.4,0,0.0,0.0,0.0,0.0,0.0,3,1005.1,1003.0,92,56780.0,26.3,61.6,malaga,2026-01-22T07:41:17.820793
2026-01-22T02:00,13.7,70,8.3,9.9,0,0.0,0.0,0.0,0.0,0.0,2,1005.7,1003.5,70,52660.0,22.7,60.5,malaga,2026-01-22T07:41:17.820793
2026-01-22T03:00,13.1,67,7.1,9.5,0,0.0,0.0,0.0,0.0,0.0,2,1006.2,1004.0,46,56760.0,19.7,55.4,malaga,2026-01-22T07:41:17.820793
2026-01-22T04:00,12.8,65,6.4,8.9,0,0.0,0.0,0.0,0.0,0.0,3,1006.3,1004.1,100,59240.0,20.5,52.2,malaga,2026-01-22T07:41:17.820793
2026-01-22T05:00,12.6,65,6.2,8.7,0,0.0,0.0,0.0,0.0,0.0,1,1006.4,1004.2,20,59120.0,19.9,48.6,malaga,2026-01-22T07:41:17.820793
2026-01-22T06:00,12.1,67,6.1,8.4,0,0.0,0.0,0.0,0.0,0.0,2,1007.4,1005.2,50,56660.0,19.0,47.2,malaga,2026-01-22T07:41:17.820793
2026-01-22T07:00,11.6,67,5.7,8.1,0,0.0,0.0,0.0,0.0,0.0,1,1008.4,1006.2,35,55460.0,16.9,44.3,malaga,2026-01-22T07:41:17.820793
2026-01-22T08:00,11.4,68,5.7,8.4,0,0.0,0.0,0.0,0.0,0.0,2,1010.2,1008.0,53,55140.0,13.1,38.9,malaga,2026-01-22T07:41:17.820793
2026-01-22T09:00,12.1,64,5.5,9.0,0,0.0,0.0,0.0,0.0,0.0,2,1010.6,1008.4,68,57880.0,13.9,32.4,malaga,2026-01-22T07:41:17.820793
2026-01-22T10:00,13.3,58,5.2,9.5,0,0.0,0.0,0.0,0.0,0.0,2,1010.9,1008.7,59,64000.0,18.0,42.5,malaga,2026-01-22T07:41:17.820793
2026-01-22T11:00,14.2,54,5.1,10.3,0,0.0,0.0,0.0,0.0,0.0,2,1011.2,1009.0,58,68080.0,19.1,45.4,malaga,2026-01-22T07:41:17.820793
2026-01-22T12:00,14.9,52,5.1,10.8,0,0.0,0.0,0.0,0.0,0.0,2,1011.0,1008.8,70,69340.0,19.7,47.2,malaga,2026-01-22T07:41:17.820793
2026-01-22T13:00,15.5,50,5.1,11.4,0,0.0,0.0,0.0,0.0,0.0,2,1010.3,1008.2,57,71140.0,20.0,49.0,malaga,2026-01-22T07:41:17.820793
2026-01-22T14:00,16.1,48,5.1,12.0,0,0.0,0.0,0.0,0.0,0.0,2,1010.4,1008.3,53,72720.0,20.1,49.7,malaga,2026-01-22T07:41:17.820793
2026-01-22T15:00,16.0,48,5.0,11.9,5,0.0,0.0,0.0,0.0,0.0,3,1010.3,1008.2,100,73220.0,19.3,47.9,malaga,2026-01-22T07:41:17.820793
2026-01-22T16:00,15.0,57,6.5,11.5,3,0.0,0.0,0.0,0.0,0.0,3,1010.0,1007.8,100,66620.0,18.1,47.5,malaga,2026-01-22T07:41:17.820793
2026-01-22T17:00,14.5,58,6.3,11.5,5,0.0,0.0,0.0,0.0,0.0,3,1009.6,1007.4,100,65360.0,14.4,42.5,malaga,2026-01-22T07:41:17.820793
2026-01-22T18:00,14.1,60,6.4,11.9,8,0.0,0.0,0.0,0.0,0.0,3,1009.6,1007.4,100,64760.0,8.7,34.9,malaga,2026-01-22T07:41:17.820793
2026-01-22T19:00,13.9,63,7.0,12.7,28,0.0,0.0,0.0,0.0,0.0,3,1010.0,1007.8,100,63020.0,2.6,23.4,malaga,2026-01-22T07:41:17.820793
2026-01-22T20:00,13.4,69,7.9,12.8,63,0.1,0.1,0.0,0.0,0.0,61,1009.7,1007.5,100,40240.0,0.8,7.9,malaga,2026-01-22T07:41:17.820793
2026-01-22T21:00,13.1,73,8.4,12.3,60,0.2,0.2,0.0,0.0,0.0,61,1009.4,1007.2,97,48080.0,2.4,7.6,malaga,2026-01-22T07:41:17.820793
2026-01-22T22:00,12.8,75,8.5,11.8,68,0.3,0.3,0.0,0.0,0.0,61,1008.6,1006.4,99,27140.0,4.7,12.2,malaga,2026-01-22T07:41:17.820793
2026-01-22T23:00,12.8,75,8.5,11.7,75,0.4,0.4,0.0,0.0,0.0,61,1008.0,1005.8,100,26140.0,4.8,15.1,malaga,2026-01-22T07:41:17.820793
2026-01-22T00:00,15.2,72,10.2,12.2,0,0.0,0.0,0.0,0.0,0.0,3,1004.4,996.0,100,49360.0,21.4,39.6,marbella,2026-01-22T07:41:20.215658
2026-01-22T01:00,14.9,70,9.5,11.7,0,0.0,0.0,0.0,0.0,0.0,3,1005.1,996.7,100,53520.0,21.4,38.9,marbella,2026-01-22T07:41:20.215658
2026-01-22T02:00,14.5,56,5.8,10.6,0,0.0,0.0,0.0,0.0,0.0,3,1006.1,997.7,100,70160.0,19.6,37.8,marbella,2026-01-22T07:41:20.215658
2026-01-22T03:00,13.9,55,5.0,10.3,0,0.0,0.0,0.0,0.0,0.0,3,1006.5,998.0,100,71160.0,16.6,34.9,marbella,2026-01-22T07:41:20.215658
2026-01-22T04:00,13.2,54,4.1,9.8,0,0.0,0.0,0.0,0.0,0.0,3,1006.8,998.3,100,72680.0,13.4,29.2,marbella,2026-01-22T07:41:20.215658
2026-01-22T05:00,13.0,61,5.6,10.4,0,0.0,0.0,0.0,0.0,0.0,3,1006.9,998.4,100,66820.0,10.5,23.8,marbella,2026-01-22T07:41:20.215658
2026-01-22T06:00,12.8,61,5.5,9.9,0,0.0,0.0,0.0,0.0,0.0,3,1007.9,999.4,88,65500.0,12.1,23.0,marbella,2026-01-22T07:41:20.215658
2026-01-22T07:00,12.3,68,6.6,9.5,0,0.0,0.0,0.0,0.0,0.0,3,1008.8,1000.3,80,57900.0,13.4,24.5,marbella,2026-01-22T07:41:20.215658
2026-01-22T08:00,11.9,69,6.4,9.3,0,0.0,0.0,0.0,0.0,0.0,3,1010.2,1001.6,100,55600.0,11.7,25.6,marbella,2026-01-22T07:41:20.215658
2026-01-22T09:00,12.1,70,6.8,9.4,0,0.0,0.0,0.0,0.0,0.0,3,1010.8,1002.2,100,53040.0,13.1,23.4,marbella,2026-01-22T07:41:20.215658
2026-01-22T10:00,12.7,67,6.8,9.1,0,0.0,0.0,0.0,0.0,0.0,3,1011.2,1002.7,100,56080.0,19.2,33.5,marbella,2026-01-22T07:41:20.215658
2026-01-22T11:00,13.5,61,6.2,9.5,0,0.0,0.0,0.0,0.0,0.0,3,1011.5,1003.0,87,64520.0,21.1,37.1,marbella,2026-01-22T07:41:20.215658
2026-01-22T12:00,14.3,56,5.7,9.9,0,0.0,0.0,0.0,0.0,0.0,3,1011.3,1002.8,98,69780.0,22.9,40.7,marbella,2026-01-22T07:41:20.215658
2026-01-22T13:00,15.2,49,4.5,10.4,0,0.0,0.0,0.0,0.0,0.0,2,1010.9,1002.4,56,74720.0,24.1,42.8,marbella,2026-01-22T07:41:20.215658
2026-01-22T14:00,15.4,50,5.0,10.7,0,0.0,0.0,0.0,0.0,0.0,3,1010.5,1002.0,100,74040.0,23.7,43.2,marbella,2026-01-22T07:41:20.215658
2026-01-22T15:00,15.2,51,5.2,10.7,0,0.0,0.0,0.0,0.0,0.0,3,1010.6,1002.1,97,73560.0,22.8,42.8,marbella,2026-01-22T07:41:20.215658
2026-01-22T16:00,14.9,56,6.2,11.2,0,0.0,0.0,0.0,0.0,0.0,3,1010.0,1001.5,100,70080.0,19.1,41.8,marbella,2026-01-22T07:41:20.215658
2026-01-22T17:00,14.5,62,7.3,11.4,3,0.0,0.0,0.0,0.0,0.0,3,1009.6,1001.1,100,63640.0,16.6,33.5,marbella,2026-01-22T07:41:20.215658
2026-01-22T18:00,14.0,70,8.7,11.4,23,0.0,0.0,0.0,0.0,0.0,3,1009.6,1001.1,100,52920.0,15.8,31.3,marbella,2026-01-22T07:41:20.215658
2026-01-22T19:00,13.8,73,9.0,11.3,45,0.0,0.0,0.0,0.0,0.0,3,1010.1,1001.6,100,46920.0,15.5,28.1,marbella,2026-01-22T07:41:20.215658
2026-01-22T20:00,13.4,75,9.1,11.1,68,0.1,0.1,0.0,0.0,0.0,3,1009.8,1001.3,100,44560.0,14.2,27.7,marbella,2026-01-22T07:41:20.215658
2026-01-22T21:00,13.3,81,10.1,11.4,88,0.1,0.1,0.0,0.0,0.0,61,1009.5,1001.0,98,30560.0,13.2,28.1,marbella,2026-01-22T07:41:20.215658
2026-01-22T22:00,12.9,87,10.8,11.5,90,0.6,0.6,0.0,0.0,0.0,61,1008.6,1000.1,100,16800.0,11.9,26.6,marbella,2026-01-22T07:41:20.215658
2026-01-22T23:00,13.0,92,11.7,11.7,98,1.1,1.0,0.0,0.0,0.0,61,1008.0,999.5,100,4900.0,12.2,27.4,marbella,2026-01-22T07:41:20.215658
2026-01-22T00:00,8.9,92,7.7,7.9,18,0.0,0.0,0.0,0.0,0.0,3,996.7,973.0,100,11480.0,2.5,5.4,sabadell,2026-01-22T07:41:22.610702
2026-01-22T01:00,8.8,93,7.8,7.9,43,0.2,0.2,0.0,0.0,0.0,61,996.0,972.3,100,10760.0,2.6,2.9,sabadell,2026-01-22T07:41:22.610702
2026-01-22T02:00,8.8,95,8.0,8.0,60,0.5,0.5,0.0,0.0,0.0,61,995.6,971.9,100,6880.0,1.8,3.6,sabadell,2026-01-22T07:41:22.610702
2026-01-22T03:00,8.5,95,7.8,7.6,48,0.5,0.5,0.0,0.0,0.0,61,994.3,970.6,100,5680.0,2.3,4.3,sabadell,2026-01-22T07:41:22.610702
2026-01-22T04:00,8.3,96,7.7,7.3,23,0.0,0.0,0.0,0.0,0.0,3,993.6,969.9,100,3700.0,2.9,4.7,sabadell,2026-01-22T07:41:22.610702
2026-01-22T05:00,8.0,96,7.4,6.8,0,0.0,0.0,0.0,0.0,0.0,3,993.3,969.6,100,3640.0,3.3,4.0,sabadell,2026-01-22T07:41:22.610702
2026-01-22T06:00,8.0,94,7.1,6.7,5,0.0,0.0,0.0,0.0,0.0,3,993.7,970.0,100,6700.0,3.7,4.3,sabadell,2026-01-22T07:41:22.610702
2026-01-22T07:00,8.1,92,6.9,7.0,25,0.4,0.0,0.3,0.0,0.0,80,994.5,970.8,100,12020.0,2.3,4.0,sabadell,2026-01-22T07:41:22.610702
2026-01-22T08:00,8.2,92,7.0,7.0,53,0.8,0.4,0.4,0.0,0.0,80,995.5,971.8,100,13540.0,3.0,5.0,sabadell,2026-01-22T07:41:22.610702
2026-01-22T09:00,8.5,91,7.1,6.8,50,0.7,0.5,0.2,0.0,0.0,61,996.1,972.4,100,13580.0,6.3,10.4,sabadell,2026-01-22T07:41:22.610702
2026-01-22T10:00,8.6,91,7.3,6.6,63,2.3,2.3,0.0,0.0,0.0,61,997.1,973.4,100,4740.0,8.9,17.3,sabadell,2026-01-22T07:41:22.610702
2026-01-22T11:00,8.8,87,6.7,6.8,68,2.9,2.9,0.0,0.0,0.0,61,996.8,973.1,100,13320.0,7.9,28.1,sabadell,2026-01-22T07:41:22.610702
2026-01-22T12:00,9.1,89,7.4,7.3,28,1.1,1.1,0.0,0.0,0.0,61,997.3,973.6,100,13360.0,8.0,15.1,sabadell,2026-01-22T07:41:22.610702
2026-01-22T13:00,10.2,85,7.8,8.4,3,0.3,0.3,0.0,0.0,0.0,61,997.9,974.3,89,25740.0,8.3,15.8,sabadell,2026-01-22T07:41:22.610702
2026-01-22T14:00,11.6,77,7.7,9.7,0,0.0,0.0,0.0,0.0,0.0,3,998.3,974.8,89,44740.0,8.9,20.9,sabadell,2026-01-22T07:41:22.610702
2026-01-22T15:00,11.7,76,7.6,10.3,3,0.0,0.0,0.0,0.0,0.0,3,998.9,975.4,91,48760.0,5.4,19.4,sabadell,2026-01-22T07:41:22.610702
2026-01-22T16:00,11.7,76,7.6,10.7,0,0.0,0.0,0.0,0.0,0.0,1,998.7,975.2,42,52740.0,2.5,11.5,sabadell,2026-01-22T07:41:22.610702
2026-01-22T17:00,10.0,85,7.6,9.1,0,0.0,0.0,0.0,0.0,0.0,1,999.1,975.5,19,30540.0,2.5,5.4,sabadell,2026-01-22T07:41:22.610702
2026-01-22T18:00,9.0,84,6.5,7.6,0,0.0,0.0,0.0,0.0,0.0,1,1000.0,976.2,33,32660.0,4.0,6.8,sabadell,2026-01-22T07:41:22.610702
2026-01-22T19:00,7.0,94,6.1,5.3,0,0.0,0.0,0.0,0.0,0.0,2,1001.3,977.4,62,6120.0,5.4,11.5,sabadell,2026-01-22T07:41:22.610702
2026-01-22T20:00,6.7,96,6.1,5.2,0,0.0,0.0,0.0,0.0,0.0,2,1001.9,977.9,64,4140.0,4.2,11.5,sabadell,2026-01-22T07:41:22.610702
2026-01-22T21:00,6.4,95,5.6,4.7,0,0.0,0.0,0.0,0.0,0.0,2,1001.9,977.9,49,4120.0,4.2,8.3,sabadell,2026-01-22T07:41:22.610702
2026-01-22T22:00,5.7,97,5.2,3.9,0,0.0,0.0,0.0,0.0,0.0,2,1001.8,977.7,62,1000.0,4.3,9.7,sabadell,2026-01-22T07:41:22.610702
2026-01-22T23:00,5.4,96,4.8,3.6,0,0.0,0.0,0.0,0.0,0.0,0,1001.6,977.5,18,1860.0,3.6,7.9,sabadell,2026-01-22T07:41:22.610702
2026-01-22T00:00,20.7,44,8.0,19.2,15,0.2,0.0,0.2,0.0,0.0,3,1015.3,834.9,62,24140.0,6.9,20.9,salamanca,2026-01-22T07:42:00.139214
2026-01-22T01:00,19.3,50,8.6,18.1,25,0.0,0.0,0.0,0.0,0.0,3,1015.9,834.6,100,24140.0,5.4,10.1,salamanca,2026-01-22T07:42:00.139214
2026-01-22T02:00,17.6,57,9.0,17.0,18,0.0,0.0,0.0,0.0,0.0,1,1016.4,834.1,25,24140.0,2.3,17.6,salamanca,2026-01-22T07:42:00.139214
2026-01-22T03:00,16.6,61,9.0,16.0,5,0.0,0.0,0.0,0.0,0.0,1,1017.3,834.3,31,24140.0,2.0,3.6,salamanca,2026-01-22T07:42:00.139214
2026-01-22T04:00,14.7,69,9.0,13.9,3,0.0,0.0,0.0,0.0,0.0,2,1018.2,834.0,63,24140.0,3.2,5.0,salamanca,2026-01-22T07:42:00.139214
2026-01-22T05:00,13.3,77,9.4,12.7,3,0.0,0.0,0.0,0.0,0.0,2,1018.8,833.7,63,24140.0,3.3,5.4,salamanca,2026-01-22T07:42:00.139214
2026-01-22T06:00,12.6,81,9.4,12.1,3,0.0,0.0,0.0,0.0,0.0,2,1019.0,833.4,66,24140.0,2.1,5.0,salamanca,2026-01-22T07:42:00.139214
2026-01-22T07:00,11.9,85,9.5,11.2,0,0.0,0.0,0.0,0.0,0.0,3,1019.1,833.1,94,24140.0,3.7,5.4,salamanca,2026-01-22T07:42:00.139214
2026-01-22T08:00,11.2,87,9.1,10.2,0,0.0,0.0,0.0,0.0,0.0,2,1019.3,832.9,73,24140.0,5.4,8.6,salamanca,2026-01-22T07:42:00.139214
2026-01-22T09:00,11.4,83,8.6,10.4,0,0.0,0.0,0.0,0.0,0.0,2,1018.7,832.5,66,24140.0,4.0,8.6,salamanca,2026-01-22T07:42:00.139214
2026-01-22T10:00,11.0,84,8.4,10.2,0,0.0,0.0,0.0,0.0,0.0,2,1019.0,832.5,62,24140.0,2.7,6.1,salamanca,2026-01-22T07:42:00.139214
2026-01-22T11:00,10.4,87,8.3,9.5,0,0.0,0.0,0.0,0.0,0.0,1,1019.2,832.3,39,24140.0,3.0,4.3,salamanca,2026-01-22T07:42:00.139214
2026-01-22T12:00,9.5,91,8.1,8.5,0,0.0,0.0,0.0,0.0,0.0,1,1019.8,832.3,30,24140.0,3.6,5.4,salamanca,2026-01-22T07:42:00.139214
2026-01-22T13:00,8.9,93,7.8,7.8,0,0.0,0.0,0.0,0.0,0.0,1,1020.4,832.4,28,24140.0,3.2,5.4,salamanca,2026-01-22T07:42:00.139214
2026-01-22T14:00,8.6,94,7.7,7.6,0,0.0,0.0,0.0,0.0,0.0,1,1021.3,833.0,22,24140.0,3.0,5.0,salamanca,2026-01-22T07:42:00.139214
2026-01-22T15:00,11.3,87,9.2,10.6,0,0.0,0.0,0.0,0.0,0.0,0,1022.1,835.2,4,24140.0,2.9,5.8,salamanca,2026-01-22T07:42:00.139214
2026-01-22T16:00,14.9,72,9.9,14.2,0,0.0,0.0,0.0,0.0,0.0,0,1022.2,837.4,0,24140.0,5.2,11.2,salamanca,2026-01-22T07:42:00.139214
2026-01-22T17:00,17.9,62,10.5,17.6,0,0.0,0.0,0.0,0.0,0.0,0,1020.9,838.0,0,24140.0,5.5,13.0,salamanca,2026-01-22T07:42:00.139214
2026-01-22T18:00,20.3,54,10.7,21.2,0,0.0,0.0,0.0,0.0,0.0,0,1019.0,837.7,0,24140.0,3.6,12.6,salamanca,2026-01-22T07:42:00.139214
2026-01-22T19:00,22.1,47,10.2,23.8,0,0.0,0.0,0.0,0.0,0.0,0,1016.9,837.0,0,24140.0,1.4,9.4,salamanca,2026-01-22T07:42:00.139214
2026-01-22T20:00,23.2,39,8.5,23.9,0,0.0,0.0,0.0,0.0,0.0,0,1015.2,836.2,0,24140.0,4.3,10.4,salamanca,2026-01-22T07:42:00.139214
2026-01-22T21:00,23.6,36,7.6,22.8,0,0.0,0.0,0.0,0.0,0.0,1,1013.5,835.0,38,24140.0,6.7,14.4,salamanca,2026-01-22T07:42:00.139214
2026-01-22T22:00,23.7,34,6.9,21.9,0,0.0,0.0,0.0,0.0,0.0,3,1012.6,834.3,100,24140.0,7.0,14.4,salamanca,2026-01-22T07:42:00.139214
2026-01-22T23:00,23.5,33,6.3,21.6,0,0.0,0.0,0.0,0.0,0.0,1,1012.3,834.0,9,24140.0,6.8,13.3,salamanca,2026-01-22T07:42:00.139214
2026-01-22T00:00,23.6,66,16.9,24.4,0,0.0,0.0,0.0,0.0,0.0,0,1011.4,958.4,40,5100.0,10.6,24.1,valencia,2026-01-22T07:42:37.694100
2026-01-22T01:00,23.0,69,17.0,24.0,0,0.0,0.0,0.0,0.0,0.0,1,1012.1,958.9,37,24140.0,10.2,22.0,valencia,2026-01-22T07:42:37.694100
2026-01-22T02:00,22.6,73,17.5,23.8,0,0.0,0.0,0.0,0.0,0.0,1,1013.0,959.7,37,24140.0,10.5,22.7,valencia,2026-01-22T07:42:37.694100
2026-01-22T03:00,22.5,74,17.6,23.8,0,0.0,0.0,0.0,0.0,0.0,1,1013.1,959.8,33,24140.0,9.7,22.7,valencia,2026-01-22T07:42:37.694100
2026-01-22T04:00,22.3,75,17.6,23.7,0,0.0,0.0,0.0,0.0,0.0,1,1013.2,959.9,37,24140.0,9.0,21.2,valencia,2026-01-22T07:42:37.694100
2026-01-22T05:00,22.0,76,17.6,23.5,0,0.0,0.0,0.0,0.0,0.0,2,1012.7,959.4,46,19760.0,8.3,19.8,valencia,2026-01-22T07:42:37.694100
2026-01-22T06:00,22.0,76,17.6,23.5,0,0.0,0.0,0.0,0.0,0.0,2,1012.3,959.0,73,18540.0,8.0,18.4,valencia,2026-01-22T07:42:37.694100
2026-01-22T07:00,21.9,76,17.5,23.5,0,0.0,0.0,0.0,0.0,0.0,3,1012.0,958.7,86,24140.0,7.9,18.0,valencia,2026-01-22T07:42:37.694100
2026-01-22T08:00,21.9,76,17.5,23.5,0,0.0,0.0,0.0,0.0,0.0,3,1011.7,958.4,89,24140.0,7.6,17.6,valencia,2026-01-22T07:42:37.694100
2026-01-22T09:00,21.9,77,17.7,23.6,0,0.0,0.0,0.0,0.0,0.0,3,1012.1,958.8,100,24140.0,6.8,17.3,valencia,2026-01-22T07:42:37.694100
2026-01-22T10:00,21.7,78,17.7,23.6,0,0.0,0.0,0.0,0.0,0.0,3,1012.6,959.2,100,24140.0,6.1,15.5,valencia,2026-01-22T07:42:37.694100
2026-01-22T11:00,21.6,79,17.8,23.6,0,0.0,0.0,0.0,0.0,0.0,2,1013.0,959.6,81,24140.0,6.1,14.0,valencia,2026-01-22T07:42:37.694100
2026-01-22T12:00,22.6,74,17.8,24.5,0,0.0,0.0,0.0,0.0,0.0,2,1013.5,960.2,68,24140.0,6.5,14.8,valencia,2026-01-22T07:42:37.694100
2026-01-22T13:00,24.8,65,17.8,26.6,0,0.0,0.0,0.0,0.0,0.0,2,1014.5,961.5,67,24140.0,6.5,16.2,valencia,2026-01-22T07:42:37.694100
2026-01-22T14:00,27.6,52,16.9,29.0,0,0.0,0.0,0.0,0.0,0.0,2,1014.6,962.1,70,24140.0,7.2,18.4,valencia,2026-01-22T07:42:37.694100
2026-01-22T15:00,29.7,42,15.4,31.4,3,0.0,0.0,0.0,0.0,0.0,3,1013.8,961.7,87,24140.0,6.8,19.1,valencia,2026-01-22T07:42:37.694100
2026-01-22T16:00,31.2,36,14.3,32.9,5,0.0,0.0,0.0,0.0,0.0,2,1012.6,960.8,79,24140.0,6.2,16.6,valencia,2026-01-22T07:42:37.694100
2026-01-22T17:00,32.1,34,14.3,33.5,15,0.0,0.0,0.0,0.0,0.0,2,1011.4,959.8,77,24140.0,8.8,20.2,valencia,2026-01-22T07:42:37.694100
2026-01-22T18:00,32.1,34,14.3,33.1,15,0.0,0.0,0.0,0.0,0.0,3,1010.1,958.6,83,24140.0,10.1,22.7,valencia,2026-01-22T07:42:37.694100
2026-01-22T19:00,31.9,35,14.6,32.1,3,0.0,0.0,0.0,0.0,0.0,3,1009.0,957.5,90,24140.0,10.9,24.5,valencia,2026-01-22T07:42:37.694100
2026-01-22T20:00,31.1,39,15.5,31.1,0,0.0,0.0,0.0,0.0,0.0,3,1008.6,957.0,92,24140.0,13.3,29.2,valencia,2026-01-22T07:42:37.694100
2026-01-22T21:00,29.4,49,17.6,30.1,0,0.0,0.0,0.0,0.0,0.0,2,1009.1,957.2,81,24140.0,14.1,29.5,valencia,2026-01-22T07:42:37.694100
2026-01-22T22:00,26.9,59,18.2,27.8,0,0.0,0.0,0.0,0.0,0.0,3,1009.6,957.3,100,24140.0,14.9,33.5,valencia,2026-01-22T07:42:37.694100
2026-01-22T23:00,25.5,57,16.3,26.0,0,0.0,0.0,0.0,0.0,0.0,3,1010.1,957.5,89,1180.0,11.2,32.0,valencia,2026-01-22T07:42:37.694100
2026-01-22T00:00,24.5,74,19.6,25.6,0,0.0,0.0,0.0,0.0,0.0,1,1011.4,1011.4,26,24140.0,18.1,21.6,colombo,2026-01-22T07:43:55.388743
2026-01-22T01:00,24.5,74,19.6,25.7,0,0.0,0.0,0.0,0.0,0.0,1,1012.2,1012.2,32,24140.0,16.9,22.7,colombo,2026-01-22T07:43:55.388743
2026-01-22T02:00,24.4,75,19.7,25.6,0,0.0,0.0,0.0,0.0,0.0,1,1013.3,1013.3,42,24140.0,17.4,23.0,colombo,2026-01-22T07:43:55.388743
2026-01-22T03:00,24.7,74,19.8,25.9,0,0.0,0.0,0.0,0.0,0.0,2,1014.4,1014.4,48,24140.0,17.6,23.8,colombo,2026-01-22T07:43:55.388743
2026-01-22T04:00,25.3,72,19.9,26.5,0,0.0,0.0,0.0,0.0,0.0,2,1014.5,1014.5,54,24140.0,17.7,23.8,colombo,2026-01-22T07:43:55.388743
2026-01-22T05:00,26.1,71,20.5,28.6,3,0.0,0.0,0.0,0.0,0.0,2,1014.2,1014.2,62,24140.0,18.0,24.1,colombo,2026-01-22T07:43:55.388743
2026-01-22T06:00,27.1,65,19.9,30.0,0,0.0,0.0,0.0,0.0,0.0,2,1013.5,1013.5,81,24140.0,18.1,24.5,colombo,2026-01-22T07:43:55.388743
2026-01-22T07:00,27.8,61,19.6,30.9,0,0.0,0.0,0.0,0.0,0.0,3,1012.9,1012.9,85,24140.0,17.7,24.1,colombo,2026-01-22T07:43:55.388743
2026-01-22T08:00,28.1,61,19.9,31.0,0,0.0,0.0,0.0,0.0,0.0,3,1011.9,1011.9,90,24140.0,19.3,25.2,colombo,2026-01-22T07:43:55.388743
2026-01-22T09:00,27.5,68,21.1,29.5,0,0.0,0.0,0.0,0.0,0.0,3,1011.2,1011.2,100,24140.0,25.8,33.8,colombo,2026-01-22T07:43:55.388743
2026-01-22T10:00,27.1,75,22.3,28.4,0,0.0,0.0,0.0,0.0,0.0,3,1010.6,1010.6,100,24140.0,29.3,38.5,colombo,2026-01-22T07:43:55.388743
2026-01-22T11:00,26.7,79,22.8,27.4,0,0.0,0.0,0.0,0.0,0.0,3,1010.3,1010.3,100,24140.0,32.0,42.1,colombo,2026-01-22T07:43:55.388743
2026-01-22T12:00,26.8,79,22.8,27.5,0,0.0,0.0,0.0,0.0,0.0,3,1010.4,1010.4,100,24140.0,32.0,42.5,colombo,2026-01-22T07:43:55.388743
2026-01-22T13:00,26.9,78,22.7,27.6,0,0.0,0.0,0.0,0.0,0.0,3,1010.7,1010.7,100,24140.0,31.4,42.1,colombo,2026-01-22T07:43:55.388743
2026-01-22T14:00,26.8,80,23.1,27.9,0,0.0,0.0,0.0,0.0,0.0,3,1011.5,1011.5,100,24140.0,30.7,41.4,colombo,2026-01-22T07:43:55.388743
2026-01-22T15:00,26.9,80,23.1,28.0,0,0.0,0.0,0.0,0.0,0.0,3,1012.3,1012.3,100,24140.0,30.3,40.7,colombo,2026-01-22T07:43:55.388743
2026-01-22T16:00,26.9,78,22.7,28.0,0,0.0,0.0,0.0,0.0,0.0,3,1012.8,1012.8,100,24140.0,28.8,39.6,colombo,2026-01-22T07:43:55.388743
2026-01-22T17:00,26.4,78,22.3,27.5,0,0.0,0.0,0.0,0.0,0.0,2,1012.9,1012.9,45,24140.0,27.8,37.8,colombo,2026-01-22T07:43:55.388743
2026-01-22T18:00,25.7,79,21.8,26.6,0,0.0,0.0,0.0,0.0,0.0,0,1012.9,1012.9,2,24140.0,27.3,36.4,colombo,2026-01-22T07:43:55.388743
2026-01-22T19:00,25.2,81,21.7,26.1,0,0.0,0.0,0.0,0.0,0.0,1,1012.6,1012.6,9,24140.0,25.9,35.6,colombo,2026-01-22T07:43:55.388743
2026-01-22T20:00,24.8,83,21.7,26.1,0,0.0,0.0,0.0,0.0,0.0,1,1012.3,1012.3,7,24140.0,24.2,34.2,colombo,2026-01-22T07:43:55.388743
2026-01-22T21:00,24.5,85,21.8,26.0,0,0.0,0.0,0.0,0.0,0.0,0,1011.9,1011.9,5,24140.0,22.9,31.7,colombo,2026-01-22T07:43:55.388743
2026-01-22T22:00,24.4,85,21.7,26.0,0,0.0,0.0,0.0,0.0,0.0,1,1011.9,1011.9,15,24140.0,22.0,29.9,colombo,2026-01-22T07:43:55.388743
2026-01-22T23:00,24.3,85,21.6,26.0,0,0.0,0.0,0.0,0.0,0.0,1,1012.1,1012.1,28,24140.0,20.9,28.8,colombo,2026-01-22T07:43:55.388743
2026-01-22T00:00,0.1,80,-2.9,-5.6,0,0.0,0.0,0.0,0.0,0.02,3,1020.9,1019.9,100,8400.0,22.3,43.6,stockholm,2026-01-22T07:43:57.788464
2026-01-22T01:00,0.2,81,-2.7,-5.6,0,0.1,0.1,0.0,0.0,0.02,51,1020.9,1019.9,100,1700.0,22.7,41.0,stockholm,2026-01-22T07:43:57.788464
2026-01-22T02:00,0.0,79,-3.2,-5.9,0,0.0,0.0,0.0,0.0,0.02,3,1020.8,1019.8,100,3260.0,23.4,44.3,stockholm,2026-01-22T07:43:57.788464
2026-01-22T03:00,-0.0,77,-3.6,-5.9,0,0.0,0.0,0.0,0.0,0.02,3,1020.7,1019.7,100,2720.0,22.7,42.8,stockholm,2026-01-22T07:43:57.788464
2026-01-22T04:00,-0.1,81,-3.0,-5.4,0,0.0,0.0,0.0,0.0,0.02,3,1020.6,1019.6,100,6980.0,18.7,41.0,stockholm,2026-01-22T07:43:57.788464
2026-01-22T05:00,-0.1,77,-3.7,-5.9,0,0.1,0.0,0.0,0.07,0.02,71,1020.4,1019.4,100,8060.0,22.0,39.6,stockholm,2026-01-22T07:43:57.788464
2026-01-22T06:00,-0.3,75,-4.2,-6.2,0,0.0,0.0,0.0,0.0,0.02,3,1020.7,1019.7,100,4540.0,22.0,40.0,stockholm,2026-01-22T07:43:57.788464
2026-01-22T07:00,-0.5,74,-4.6,-6.3,0,0.0,0.0,0.0,0.0,0.02,3,1020.9,1019.9,100,1260.0,21.2,40.7,stockholm,2026-01-22T07:43:57.788464
2026-01-22T08:00,-0.7,76,-4.4,-6.4,0,0.0,0.0,0.0,0.0,0.03,3,1021.3,1020.3,100,2220.0,20.5,38.9,stockholm,2026-01-22T07:43:57.788464
2026-01-22T09:00,-0.9,76,-4.6,-6.6,0,0.0,0.0,0.0,0.0,0.03,3,1021.7,1020.7,100,1360.0,20.2,38.9,stockholm,2026-01-22T07:43:57.788464
2026-01-22T10:00,-1.0,75,-4.9,-6.7,0,0.0,0.0,0.0,0.0,0.03,3,1021.5,1020.5,100,940.0,20.2,37.1,stockholm,2026-01-22T07:43:57.788464
2026-01-22T11:00,-1.1,73,-5.3,-6.9,0,0.0,0.0,0.0,0.0,0.03,3,1021.3,1020.3,100,2460.0,20.2,37.1,stockholm,2026-01-22T07:43:57.788464
2026-01-22T12:00,-1.1,72,-5.5,-6.8,0,0.0,0.0,0.0,0.0,0.03,3,1021.2,1020.2,100,2440.0,19.8,36.7,stockholm,2026-01-22T07:43:57.788464
2026-01-22T13:00,-1.1,72,-5.5,-6.7,0,0.0,0.0,0.0,0.0,0.03,3,1021.3,1020.3,100,2400.0,19.4,36.0,stockholm,2026-01-22T07:43:57.788464
2026-01-22T14:00,-1.2,72,-5.6,-6.8,0,0.0,0.0,0.0,0.0,0.03,3,1021.2,1020.2,100,1480.0,19.4,35.3,stockholm,2026-01-22T07:43:57.788464
2026-01-22T15:00,-1.2,72,-5.6,-6.8,0,0.0,0.0,0.0,0.0,0.03,3,1021.1,1020.1,100,9400.0,19.1,35.3,stockholm,2026-01-22T07:43:57.788464
2026-01-22T16:00,-1.2,73,-5.4,-6.9,1,0.0,0.0,0.0,0.0,0.03,3,1021.2,1020.2,100,3440.0,19.4,35.3,stockholm,2026-01-22T07:43:57.788464
2026-01-22T17:00,-1.2,73,-5.4,-6.8,3,0.0,0.0,0.0,0.0,0.03,3,1021.2,1020.2,100,4800.0,19.1,35.3,stockholm,2026-01-22T07:43:57.788464
2026-01-22T18:00,-1.3,73,-5.5,-6.9,4,0.0,0.0,0.0,0.0,0.03,3,1021.2,1020.2,100,7480.0,19.1,34.9,stockholm,2026-01-22T07:43:57.788464
2026-01-22T19:00,-1.2,71,-5.8,-6.8,3,0.0,0.0,0.0,0.0,0.03,3,1021.3,1020.3,100,5460.0,19.1,34.9,stockholm,2026-01-22T07:43:57.788464
2026-01-22T20:00,-1.2,69,-6.1,-6.8,1,0.0,0.0,0.0,0.0,0.03,3,1021.4,1020.4,100,7520.0,19.1,34.6,stockholm,2026-01-22T07:43:57.788464
2026-01-22T21:00,-1.2,69,-6.1,-6.7,0,0.0,0.0,0.0,0.0,0.03,3,1021.5,1020.5,100,25440.0,18.4,34.6,stockholm,2026-01-22T07:43:57.788464
2026-01-22T22:00,-1.2,70,-5.9,-6.6,0,0.0,0.0,0.0,0.0,0.03,3,1021.6,1020.6,100,33440.0,17.6,33.5,stockholm,2026-01-22T07:43:57.788464
2026-01-22T23:00,-1.2,72,-5.6,-6.5,1,0.0,0.0,0.0,0.0,0.03,3,1021.7,1020.7,100,35360.0,16.9,32.0,stockholm,2026-01-22T07:43:57.788464
2026-01-22T00:00,-0.9,100,-0.9,-3.5,0,0.0,0.0,0.0,0.0,0.0,45,1001.2,952.9,100,80.0,2.5,6.1,geneva,2026-01-22T07:44:00.184422
2026-01-22T01:00,-1.0,100,-1.0,-3.7,0,0.0,0.0,0.0,0.0,0.0,45,1000.8,952.5,100,60.0,3.1,10.4,geneva,2026-01-22T07:44:00.184422
2026-01-22T02:00,-0.9,100,-0.9,-3.6,0,0.0,0.0,0.0,0.0,0.0,45,1000.6,952.3,100,60.0,3.4,8.3,geneva,2026-01-22T07:44:00.184422
2026-01-22T03:00,-0.7,100,-0.7,-3.3,0,0.0,0.0,0.0,0.0,0.0,45,999.8,951.6,100,80.0,2.4,7.9,geneva,2026-01-22T07:44:00.184422
2026-01-22T04:00,-0.4,100,-0.4,-2.7,28,0.0,0.0,0.0,0.0,0.0,45,999.5,951.4,100,100.0,0.8,5.8,geneva,2026-01-22T07:44:00.184422
2026-01-22T05:00,-0.1,100,-0.1,-2.6,45,0.1,0.1,0.0,0.0,0.0,66,1000.1,952.0,100,180.0,2.1,5.8,geneva,2026-01-22T07:44:00.184422
2026-01-22T06:00,-0.5,100,-0.5,-3.1,48,0.2,0.2,0.0,0.0,0.0,66,999.8,951.6,100,200.0,2.6,7.6,geneva,2026-01-22T07:44:00.184422
2026-01-22T07:00,-0.1,97,-0.5,-2.6,50,0.5,0.5,0.0,0.0,0.0,61,1000.3,952.2,100,680.0,2.3,7.6,geneva,2026-01-22T07:44:00.184422
2026-01-22T08:00,0.2,96,-0.4,-2.2,68,0.7,0.7,0.0,0.0,0.0,71,1000.7,952.6,100,860.0,1.6,9.0,geneva,2026-01-22T07:44:00.184422
2026-01-22T09:00,0.6,96,-0.0,-1.8,80,1.2,1.1,0.0,0.0,0.0,61,1001.2,953.1,100,900.0,1.9,5.4,geneva,2026-01-22T07:44:00.184422
2026-01-22T10:00,1.0,94,0.2,-1.1,93,0.9,0.9,0.0,0.0,0.0,61,1001.1,953.1,99,1800.0,0.4,6.5,geneva,2026-01-22T07:44:00.184422
2026-01-22T11:00,1.8,93,0.7,-0.3,95,0.5,0.5,0.0,0.0,0.0,61,1000.9,953.1,100,4720.0,0.4,3.2,geneva,2026-01-22T07:44:00.184422
2026-01-22T12:00,2.4,91,1.1,0.4,88,0.5,0.5,0.0,0.0,0.0,61,1000.5,952.8,100,6320.0,0.5,2.2,geneva,2026-01-22T07:44:00.184422
2026-01-22T13:00,3.3,89,1.6,1.2,73,0.0,0.0,0.0,0.0,0.0,61,1000.5,952.9,99,10000.0,1.4,5.0,geneva,2026-01-22T07:44:00.184422
2026-01-22T14:00,3.6,88,1.8,1.5,63,0.0,0.0,0.0,0.0,0.0,3,1000.6,953.1,98,11200.0,1.8,6.1,geneva,2026-01-22T07:44:00.184422
2026-01-22T15:00,3.8,87,1.8,1.8,38,0.0,0.0,0.0,0.0,0.0,3,1000.8,953.3,95,13940.0,1.6,5.4,geneva,2026-01-22T07:44:00.184422
2026-01-22T16:00,4.0,88,2.2,2.1,38,0.0,0.0,0.0,0.0,0.0,61,1000.6,953.1,92,13380.0,0.5,3.6,geneva,2026-01-22T07:44:00.184422
2026-01-22T17:00,3.6,90,2.1,1.6,35,0.0,0.0,0.0,0.0,0.0,61,1000.6,953.1,91,11300.0,1.6,3.6,geneva,2026-01-22T07:44:00.184422
2026-01-22T18:00,3.2,93,2.2,1.3,28,0.0,0.0,0.0,0.0,0.0,61,1000.5,952.9,100,7820.0,0.8,3.6,geneva,2026-01-22T07:44:00.184422
2026-01-22T19:00,2.8,95,2.0,0.9,28,0.0,0.0,0.0,0.0,0.0,3,1000.7,953.0,100,5420.0,0.8,2.2,geneva,2026-01-22T07:44:00.184422
2026-01-22T20:00,2.5,96,1.9,0.5,18,0.0,0.0,0.0,0.0,0.0,3,1000.7,953.0,100,4020.0,1.5,1.4,geneva,2026-01-22T07:44:00.184422
2026-01-22T21:00,2.2,98,1.9,0.1,5,0.0,0.0,0.0,0.0,0.0,45,1000.7,952.9,99,2300.0,1.9,2.2,geneva,2026-01-22T07:44:00.184422
2026-01-22T22:00,1.2,100,1.2,-0.9,8,0.0,0.0,0.0,0.0,0.0,45,1000.7,952.8,100,100.0,1.1,6.1,geneva,2026-01-22T07:44:00.184422
2026-01-22T23:00,1.2,100,1.2,-1.2,8,0.0,0.0,0.0,0.0,0.0,45,1000.2,952.3,100,140.0,2.9,5.8,geneva,2026-01-22T07:44:00.184422
2026-01-22T00:00,-0.7,100,-0.7,-3.1,0,0.0,0.0,0.0,0.0,0.0,45,1001.2,941.4,100,100.0,1.5,4.0,lausanne,2026-01-22T07:44:02.582078
2026-01-22T01:00,-0.2,95,-0.9,-3.0,0,0.0,0.0,0.0,0.0,0.0,45,1000.7,941.0,100,740.0,3.7,7.9,lausanne,2026-01-22T07:44:02.582078
2026-01-22T02:00,0.1,93,-0.9,-2.5,0,0.0,0.0,0.0,0.0,0.0,45,1000.2,940.6,100,740.0,2.3,9.4,lausanne,2026-01-22T07:44:02.582078
2026-01-22T03:00,0.4,90,-1.0,-2.4,0,0.0,0.0,0.0,0.0,0.0,2,999.3,939.9,95,9760.0,3.7,9.7,lausanne,2026-01-22T07:44:02.582078
2026-01-22T04:00,0.5,85,-1.8,-2.5,0,0.0,0.0,0.0,0.0,0.0,3,998.7,939.3,79,22900.0,3.8,7.9,lausanne,2026-01-22T07:44:02.582078
2026-01-22T05:00,-0.4,91,-1.7,-2.8,0,0.0,0.0,0.0,0.0,0.0,3,999.9,940.2,94,8040.0,0.4,9.0,lausanne,2026-01-22T07:44:02.582078
2026-01-22T06:00,-0.5,92,-1.6,-3.1,0,0.0,0.0,0.0,0.0,0.0,3,1000.1,940.4,100,6320.0,1.8,8.3,lausanne,2026-01-22T07:44:02.582078
2026-01-22T07:00,0.2,89,-1.4,-2.6,0,0.0,0.0,0.0,0.0,0.0,3,999.8,940.3,100,15180.0,2.7,8.6,lausanne,2026-01-22T07:44:02.582078
2026-01-22T08:00,0.0,90,-1.4,-2.8,0,0.0,0.0,0.0,0.0,0.0,3,1000.6,941.0,100,11480.0,3.1,5.4,lausanne,2026-01-22T07:44:02.582078
2026-01-22T09:00,0.7,91,-0.6,-1.7,0,0.0,0.0,0.0,0.0,0.0,3,1000.9,941.4,100,8520.0,1.5,10.8,lausanne,2026-01-22T07:44:02.582078
2026-01-22T10:00,1.4,91,0.1,-1.0,0,0.3,0.2,0.0,0.0,0.0,61,1000.8,941.5,100,8000.0,2.2,5.8,lausanne,2026-01-22T07:44:02.582078
2026-01-22T11:00,1.9,90,0.4,-0.4,5,0.5,0.5,0.0,0.0,0.0,61,1000.7,941.5,100,8540.0,1.8,5.8,lausanne,2026-01-22T07:44:02.582078
2026-01-22T12:00,2.5,92,1.3,0.4,15,0.3,0.3,0.0,0.0,0.0,61,1000.2,941.1,99,5140.0,0.8,5.4,lausanne,2026-01-22T07:44:02.582078
2026-01-22T13:00,2.8,91,1.4,0.4,23,0.0,0.0,0.0,0.0,0.0,61,1000.4,941.4,100,5760.0,3.0,7.9,lausanne,2026-01-22T07:44:02.582078
2026-01-22T14:00,3.2,87,1.3,0.9,23,0.0,0.0,0.0,0.0,0.0,61,1000.5,941.6,96,13220.0,2.5,8.6,lausanne,2026-01-22T07:44:02.582078
2026-01-22T15:00,3.2,89,1.5,1.2,18,0.0,0.0,0.0,0.0,0.0,61,1000.9,941.9,97,11260.0,0.4,6.5,lausanne,2026-01-22T07:44:02.582078
2026-01-22T16:00,3.1,90,1.6,1.0,10,0.0,0.0,0.0,0.0,0.0,3,1000.7,941.7,91,9760.0,1.4,5.0,lausanne,2026-01-22T07:44:02.582078
2026-01-22T17:00,2.9,92,1.7,0.6,5,0.0,0.0,0.0,0.0,0.0,3,1000.6,941.6,90,7780.0,3.1,7.2,lausanne,2026-01-22T07:44:02.582078
2026-01-22T18:00,2.7,88,0.9,0.2,5,0.0,0.0,0.0,0.0,0.0,3,1000.5,941.5,100,16640.0,3.7,9.0,lausanne,2026-01-22T07:44:02.582078
2026-01-22T19:00,2.9,86,0.8,0.4,5,0.0,0.0,0.0,0.0,0.0,3,1000.6,941.6,100,21440.0,3.2,8.3,lausanne,2026-01-22T07:44:02.582078
2026-01-22T20:00,2.7,86,0.6,0.0,0,0.0,0.0,0.0,0.0,0.0,3,1000.6,941.6,100,22020.0,4.4,10.8,lausanne,2026-01-22T07:44:02.582078
2026-01-22T21:00,2.9,86,0.7,0.1,8,0.0,0.0,0.0,0.0,0.0,3,1000.5,941.5,100,21080.0,4.8,10.1,lausanne,2026-01-22T07:44:02.582078
2026-01-22T22:00,2.9,87,1.0,0.3,5,0.0,0.0,0.0,0.0,0.0,3,1000.2,941.2,99,18800.0,4.6,10.8,lausanne,2026-01-22T07:44:02.582078
2026-01-22T23:00,3.1,87,1.1,0.7,13,0.0,0.0,0.0,0.0,0.0,3,999.7,940.8,100,20960.0,3.1,9.7,lausanne,2026-01-22T07:44:02.582078
2026-01-22T00:00,-3.5,100,-3.5,-6.5,0,0.0,0.0,0.0,0.0,0.0,45,1001.5,950.3,100,80.0,3.3,9.4,zurich,2026-01-22T07:45:20.287419
2026-01-22T01:00,-3.7,100,-3.7,-6.6,0,0.0,0.0,0.0,0.0,0.0,45,1001.0,949.8,100,80.0,2.3,8.3,zurich,2026-01-22T07:45:20.287419
2026-01-22T02:00,-3.5,100,-3.5,-6.5,0,0.0,0.0,0.0,0.0,0.0,45,1001.4,950.2,100,100.0,3.0,8.3,zurich,2026-01-22T07:45:20.287419
2026-01-22T03:00,-3.5,99,-3.6,-6.2,0,0.0,0.0,0.0,0.0,0.0,45,1001.9,950.7,100,180.0,0.4,7.2,zurich,2026-01-22T07:45:20.287419
2026-01-22T04:00,-3.3,97,-3.7,-6.3,0,0.0,0.0,0.0,0.0,0.0,45,1001.5,950.4,100,960.0,2.9,9.0,zurich,2026-01-22T07:45:20.287419
2026-01-22T05:00,-2.6,92,-3.7,-5.5,0,0.0,0.0,0.0,0.0,0.0,3,1001.0,950.0,91,4500.0,2.1,7.9,zurich,2026-01-22T07:45:20.287419
2026-01-22T06:00,-2.8,93,-3.7,-6.0,0,0.0,0.0,0.0,0.0,0.0,45,1001.3,950.3,97,2300.0,4.0,8.3,zurich,2026-01-22T07:45:20.287419
2026-01-22T07:00,-3.2,99,-3.3,-6.2,0,0.0,0.0,0.0,0.0,0.0,45,1000.9,949.8,100,300.0,3.3,10.4,zurich,2026-01-22T07:45:20.287419
2026-01-22T08:00,-3.2,100,-3.2,-6.4,0,0.0,0.0,0.0,0.0,0.0,45,1000.9,949.8,100,160.0,4.3,10.4,zurich,2026-01-22T07:45:20.287419
2026-01-22T09:00,-2.9,99,-3.0,-6.1,0,0.0,0.0,0.0,0.0,0.0,45,1001.3,950.3,100,160.0,4.9,11.9,zurich,2026-01-22T07:45:20.287419
2026-01-22T10:00,-2.4,95,-3.1,-5.4,0,0.0,0.0,0.0,0.0,0.0,45,1001.4,950.4,100,940.0,3.3,11.9,zurich,2026-01-22T07:45:20.287419
2026-01-22T11:00,-1.6,91,-2.9,-4.6,0,0.0,0.0,0.0,0.0,0.0,3,1001.4,950.6,100,4400.0,3.4,9.7,zurich,2026-01-22T07:45:20.287419
2026-01-22T12:00,-0.5,86,-2.5,-3.4,0,0.0,0.0,0.0,0.0,0.0,3,1001.1,950.5,94,13620.0,3.1,9.4,zurich,2026-01-22T07:45:20.287419
2026-01-22T13:00,1.0,77,-2.5,-1.6,0,0.0,0.0,0.0,0.0,0.0,3,1000.8,950.5,100,32660.0,0.8,8.6,zurich,2026-01-22T07:45:20.287419
2026-01-22T14:00,1.5,79,-1.7,-1.1,0,0.0,0.0,0.0,0.0,0.0,3,1000.6,950.4,100,30660.0,1.8,5.4,zurich,2026-01-22T07:45:20.287419
2026-01-22T15:00,1.7,82,-1.0,-0.7,0,0.0,0.0,0.0,0.0,0.0,3,1000.6,950.4,100,26280.0,1.0,5.0,zurich,2026-01-22T07:45:20.287419
2026-01-22T16:00,1.5,85,-0.8,-1.0,0,0.0,0.0,0.0,0.0,0.0,3,1000.5,950.3,100,23600.0,1.8,2.9,zurich,2026-01-22T07:45:20.287419
2026-01-22T17:00,1.5,81,-1.4,-1.2,0,0.0,0.0,0.0,0.0,0.0,3,1000.5,950.3,100,32200.0,2.5,4.7,zurich,2026-01-22T07:45:20.287419
2026-01-22T18:00,1.8,78,-1.6,-0.9,0,0.0,0.0,0.0,0.0,0.0,3,1000.6,950.4,100,38260.0,2.5,5.0,zurich,2026-01-22T07:45:20.287419
2026-01-22T19:00,2.3,79,-0.9,-0.3,0,0.0,0.0,0.0,0.0,0.0,3,1000.7,950.6,100,38580.0,2.9,4.7,zurich,2026-01-22T07:45:20.287419
2026-01-22T20:00,2.3,82,-0.5,-0.2,0,0.0,0.0,0.0,0.0,0.0,2,1000.9,950.8,47,32200.0,1.8,4.3,zurich,2026-01-22T07:45:20.287419
2026-01-22T21:00,2.2,88,0.4,-0.2,0,0.0,0.0,0.0,0.0,0.0,3,1000.9,950.8,100,18080.0,2.5,2.9,zurich,2026-01-22T07:45:20.287419
2026-01-22T22:00,2.1,91,0.8,-0.3,0,0.0,0.0,0.0,0.0,0.0,3,1000.7,950.6,100,11540.0,3.3,5.4,zurich,2026-01-22T07:45:20.287419
2026-01-22T23:00,1.4,93,0.4,-1.1,0,0.0,0.0,0.0,0.0,0.0,3,1000.6,950.4,100,7540.0,3.5,7.6,zurich,2026-01-22T07:45:20.287419
2026-01-22T00:00,11.7,88,9.8,11.3,55,0.1,0.1,0.0,0.0,0.0,61,1026.1,1025.0,100,11820.0,2.6,7.6,taipei,2026-01-22T07:45:57.823061
2026-01-22T01:00,12.3,86,10.0,11.9,18,0.1,0.0,0.1,0.0,0.0,3,1026.7,1025.6,100,15220.0,2.9,7.6,taipei,2026-01-22T07:45:57.823061
2026-01-22T02:00,12.6,87,10.5,12.1,18,0.9,0.8,0.1,0.0,0.0,61,1026.8,1025.7,97,11240.0,4.2,10.4,taipei,2026-01-22T07:45:57.823061
2026-01-22T03:00,13.3,85,10.9,12.7,15,0.2,0.2,0.0,0.0,0.0,61,1025.9,1024.8,94,7800.0,6.5,16.2,taipei,2026-01-22T07:45:57.823061
2026-01-22T04:00,13.5,79,10.0,12.2,23,0.0,0.0,0.0,0.0,0.0,3,1024.9,1023.8,97,7580.0,9.1,22.0,taipei,2026-01-22T07:45:57.823061
2026-01-22T05:00,13.2,79,9.6,11.9,33,0.1,0.1,0.0,0.0,0.0,61,1024.3,1023.2,97,10220.0,8.6,22.3,taipei,2026-01-22T07:45:57.823061
2026-01-22T06:00,13.0,80,9.6,11.5,30,0.3,0.3,0.0,0.0,0.0,61,1023.6,1022.5,95,10040.0,9.9,23.4,taipei,2026-01-22T07:45:57.823061
2026-01-22T07:00,13.3,78,9.5,12.0,33,0.0,0.0,0.0,0.0,0.0,3,1024.0,1022.9,100,19720.0,8.1,23.4,taipei,2026-01-22T07:45:57.823061
2026-01-22T08:00,13.0,78,9.2,11.7,35,0.0,0.0,0.0,0.0,0.0,3,1024.2,1023.1,100,17880.0,7.2,19.1,taipei,2026-01-22T07:45:57.823061
2026-01-22T09:00,12.5,82,9.6,11.6,45,0.2,0.2,0.0,0.0,0.0,61,1024.4,1023.3,100,18360.0,5.8,16.6,taipei,2026-01-22T07:45:57.823061
2026-01-22T10:00,12.2,86,10.0,11.5,70,0.8,0.8,0.0,0.0,0.0,61,1025.0,1023.9,100,17840.0,5.2,13.3,taipei,2026-01-22T07:45:57.823061
2026-01-22T11:00,12.1,88,10.2,11.8,83,0.7,0.7,0.0,0.0,0.0,61,1026.0,1024.9,100,9060.0,3.1,11.9,taipei,2026-01-22T07:45:57.823061
2026-01-22T12:00,12.2,89,10.4,11.4,85,0.8,0.8,0.0,0.0,0.0,61,1026.0,1024.9,92,11020.0,6.4,13.7,taipei,2026-01-22T07:45:57.823061
2026-01-22T13:00,12.4,86,10.1,11.8,83,0.0,0.0,0.0,0.0,0.0,3,1026.3,1025.2,97,14700.0,4.7,14.0,taipei,2026-01-22T07:45:57.823061
2026-01-22T14:00,12.4,84,9.8,11.6,85,0.0,0.0,0.0,0.0,0.0,3,1025.9,1024.8,95,11200.0,5.4,12.2,taipei,2026-01-22T07:45:57.823061
2026-01-22T15:00,12.4,81,9.3,11.3,58,0.0,0.0,0.0,0.0,0.0,3,1025.4,1024.3,98,11420.0,6.5,14.8,taipei,2026-01-22T07:45:57.823061
2026-01-22T16:00,12.4,80,9.0,11.2,40,0.0,0.0,0.0,0.0,0.0,3,1025.2,1024.1,100,15900.0,6.1,15.5,taipei,2026-01-22T07:45:57.823061
2026-01-22T17:00,12.3,82,9.3,11.2,38,0.2,0.2,0.0,0.0,0.0,61,1024.7,1023.6,96,18760.0,6.1,13.7,taipei,2026-01-22T07:45:57.823061
2026-01-22T18:00,12.3,83,9.5,11.3,15,0.1,0.1,0.0,0.0,0.0,61,1024.0,1022.9,100,20980.0,6.3,14.8,taipei,2026-01-22T07:45:57.823061
2026-01-22T19:00,12.4,85,9.9,11.6,10,0.1,0.1,0.0,0.0,0.0,61,1023.5,1022.4,100,13480.0,5.1,13.3,taipei,2026-01-22T07:45:57.823061
2026-01-22T20:00,12.5,86,10.3,12.2,15,0.0,0.0,0.0,0.0,0.0,3,1023.8,1022.7,100,22340.0,3.3,10.8,taipei,2026-01-22T07:45:57.823061
2026-01-22T21:00,12.7,87,10.6,12.4,18,0.0,0.0,0.0,0.0,0.0,3,1024.3,1023.2,100,22000.0,3.6,7.9,taipei,2026-01-22T07:45:57.823061
2026-01-22T22:00,12.6,91,11.2,12.4,5,1.0,1.0,0.0,0.0,0.0,61,1025.0,1023.9,100,22440.0,4.0,8.6,taipei,2026-01-22T07:45:57.823061
2026-01-22T23:00,12.9,88,11.0,12.5,10,0.3,0.3,0.0,0.0,0.0,61,1025.3,1024.2,96,22040.0,5.1,13.0,taipei,2026-01-22T07:45:57.823061
2026-01-22T00:00,24.1,93,22.9,29.2,0,0.0,0.0,0.0,0.0,0.0,2,1013.6,1013.1,42,24140.0,2.3,4.3,bangkok,2026-01-22T07:46:00.230233
2026-01-22T01:00,25.0,91,23.4,30.4,0,0.0,0.0,0.0,0.0,0.0,2,1014.5,1014.0,50,24140.0,2.3,5.8,bangkok,2026-01-22T07:46:00.230233
2026-01-22T02:00,26.8,79,22.8,31.3,5,0.0,0.0,0.0,0.0,0.0,1,1015.5,1015.0,38,24140.0,6.0,15.1,bangkok,2026-01-22T07:46:00.230233
2026-01-22T03:00,28.6,65,21.4,31.8,8,0.0,0.0,0.0,0.0,0.0,1,1015.7,1015.2,37,24140.0,9.7,24.1,bangkok,2026-01-22T07:46:00.230233
2026-01-22T04:00,30.5,45,17.3,32.1,8,0.0,0.0,0.0,0.0,0.0,0,1015.3,1014.8,0,24140.0,13.3,32.0,bangkok,2026-01-22T07:46:00.230233
2026-01-22T05:00,31.8,36,14.9,32.8,0,0.0,0.0,0.0,0.0,0.0,1,1014.6,1014.1,14,24140.0,14.8,35.3,bangkok,2026-01-22T07:46:00.230233
2026-01-22T06:00,32.6,31,13.3,33.1,0,0.0,0.0,0.0,0.0,0.0,1,1013.5,1013.0,23,24140.0,14.8,35.6,bangkok,2026-01-22T07:46:00.230233
2026-01-22T07:00,32.9,29,12.5,33.0,0,0.0,0.0,0.0,0.0,0.0,1,1012.4,1011.9,33,24140.0,14.0,35.3,bangkok,2026-01-22T07:46:00.230233
2026-01-22T08:00,32.8,29,12.5,32.6,0,0.0,0.0,0.0,0.0,0.0,2,1011.5,1011.0,54,24140.0,10.8,33.5,bangkok,2026-01-22T07:46:00.230233
2026-01-22T09:00,32.5,29,12.2,31.4,0,0.0,0.0,0.0,0.0,0.0,3,1011.2,1010.7,82,24140.0,12.8,29.5,bangkok,2026-01-22T07:46:00.230233
2026-01-22T10:00,31.3,34,13.6,30.7,0,0.0,0.0,0.0,0.0,0.0,3,1011.9,1011.4,99,24140.0,12.1,29.9,bangkok,2026-01-22T07:46:00.230233
2026-01-22T11:00,29.9,38,14.0,29.9,0,0.0,0.0,0.0,0.0,0.0,3,1012.6,1012.1,98,24140.0,8.7,27.4,bangkok,2026-01-22T07:46:00.230233
2026-01-22T12:00,27.8,46,15.2,28.6,0,0.0,0.0,0.0,0.0,0.0,3,1013.5,1013.0,100,24140.0,6.5,18.7,bangkok,2026-01-22T07:46:00.230233
2026-01-22T13:00,26.7,51,15.8,28.0,0,0.0,0.0,0.0,0.0,0.0,3,1014.0,1013.5,100,24140.0,4.7,13.7,bangkok,2026-01-22T07:46:00.230233
2026-01-22T14:00,26.0,55,16.3,27.6,0,0.0,0.0,0.0,0.0,0.0,3,1014.4,1013.9,100,24140.0,4.0,9.7,bangkok,2026-01-22T07:46:00.230233
2026-01-22T15:00,25.3,58,16.5,26.9,0,0.0,0.0,0.0,0.0,0.0,3,1014.7,1014.2,100,24140.0,4.8,9.4,bangkok,2026-01-22T07:46:00.230233
2026-01-22T16:00,24.5,60,16.3,25.9,0,0.0,0.0,0.0,0.0,0.0,3,1014.9,1014.4,100,24140.0,5.2,10.8,bangkok,2026-01-22T07:46:00.230233
2026-01-22T17:00,23.9,63,16.5,25.4,0,0.0,0.0,0.0,0.0,0.0,2,1014.9,1014.4,44,24140.0,5.1,10.8,bangkok,2026-01-22T07:46:00.230233
2026-01-22T18:00,23.2,64,16.0,24.6,0,0.0,0.0,0.0,0.0,0.0,0,1015.0,1014.5,0,24140.0,4.8,10.1,bangkok,2026-01-22T07:46:00.230233
2026-01-22T19:00,22.6,63,15.2,23.7,0,0.0,0.0,0.0,0.0,0.0,1,1014.4,1013.9,10,24140.0,4.4,9.4,bangkok,2026-01-22T07:46:00.230233
2026-01-22T20:00,22.0,62,14.4,22.9,0,0.0,0.0,0.0,0.0,0.0,1,1014.0,1013.5,7,24140.0,4.2,8.6,bangkok,2026-01-22T07:46:00.230233
2026-01-22T21:00,21.0,65,14.2,21.6,0,0.0,0.0,0.0,0.0,0.0,1,1014.3,1013.8,24,24140.0,5.5,11.5,bangkok,2026-01-22T07:46:00.230233
2026-01-22T22:00,20.5,69,14.6,21.5,0,0.0,0.0,0.0,0.0,0.0,1,1014.7,1014.2,14,24140.0,3.2,11.2,bangkok,2026-01-22T07:46:00.230233
2026-01-22T23:00,19.9,73,14.9,20.9,0,0.0,0.0,0.0,0.0,0.0,0,1015.7,1015.2,0,24140.0,4.0,7.9,bangkok,2026-01-22T07:46:00.230233
2026-01-22T00:00,7.3,54,-1.4,4.0,45,0.1,0.1,0.0,0.0,0.0,61,1012.6,1007.6,100,73660.0,6.5,14.4,istanbul,2026-01-22T07:46:37.855707
2026-01-22T01:00,6.8,60,-0.4,3.8,68,0.2,0.2,0.0,0.0,0.0,61,1011.7,1006.7,100,36020.0,6.0,10.4,istanbul,2026-01-22T07:46:37.855707
2026-01-22T02:00,6.3,68,0.9,3.3,68,0.7,0.7,0.0,0.0,0.0,61,1011.2,1006.1,100,22480.0,6.9,11.2,istanbul,2026-01-22T07:46:37.855707
2026-01-22T03:00,6.5,64,0.2,3.4,60,0.3,0.3,0.0,0.0,0.0,61,1009.9,1004.9,100,41840.0,6.8,11.5,istanbul,2026-01-22T07:46:37.855707
2026-01-22T04:00,6.5,65,0.4,3.4,73,0.8,0.8,0.0,0.0,0.0,61,1009.4,1004.4,100,17160.0,7.2,11.2,istanbul,2026-01-22T07:46:37.855707
2026-01-22T05:00,6.7,64,0.4,3.4,90,1.3,1.3,0.0,0.0,0.0,61,1008.6,1003.6,100,24020.0,8.7,15.1,istanbul,2026-01-22T07:46:37.855707
2026-01-22T06:00,7.0,64,0.7,3.7,83,0.3,0.3,0.0,0.0,0.0,61,1008.2,1003.2,100,64180.0,8.8,16.2,istanbul,2026-01-22T07:46:37.855707
2026-01-22T07:00,7.2,66,1.3,4.5,80,0.8,0.8,0.0,0.0,0.0,61,1008.0,1003.0,100,20680.0,5.1,17.6,istanbul,2026-01-22T07:46:37.855707
2026-01-22T08:00,7.3,70,2.2,5.5,58,0.3,0.3,0.0,0.0,0.0,61,1008.0,1003.0,100,46280.0,0.8,11.9,istanbul,2026-01-22T07:46:37.855707
2026-01-22T09:00,8.5,65,2.3,4.7,25,1.2,1.2,0.0,0.0,0.0,61,1006.6,1001.6,100,61740.0,14.8,23.0,istanbul,2026-01-22T07:46:37.855707
2026-01-22T10:00,9.9,57,1.8,5.7,23,0.0,0.0,0.0,0.0,0.0,3,1005.6,1000.6,100,68880.0,16.1,26.6,istanbul,2026-01-22T07:46:37.855707
2026-01-22T11:00,10.2,58,2.3,6.6,5,0.0,0.0,0.0,0.0,0.0,3,1005.2,1000.2,100,68400.0,12.5,25.6,istanbul,2026-01-22T07:46:37.855707
2026-01-22T12:00,11.1,58,3.2,8.3,5,0.0,0.0,0.0,0.0,0.0,2,1004.9,1000.0,62,68580.0,8.4,19.8,istanbul,2026-01-22T07:46:37.855707
2026-01-22T13:00,11.4,58,3.5,8.8,5,0.0,0.0,0.0,0.0,0.0,2,1005.1,1000.2,83,68340.0,7.8,14.4,istanbul,2026-01-22T07:46:37.855707
2026-01-22T14:00,11.3,64,4.7,9.5,13,0.0,0.0,0.0,0.0,0.0,3,1005.1,1000.2,100,62920.0,3.4,12.6,istanbul,2026-01-22T07:46:37.855707
2026-01-22T15:00,11.0,69,5.5,9.4,18,0.0,0.0,0.0,0.0,0.0,3,1005.0,1000.1,99,57220.0,3.1,5.8,istanbul,2026-01-22T07:46:37.855707
2026-01-22T16:00,10.6,72,5.8,8.9,35,0.0,0.0,0.0,0.0,0.0,3,1004.9,1000.0,93,51580.0,4.6,6.8,istanbul,2026-01-22T07:46:37.855707
2026-01-22T17:00,10.3,73,5.7,8.4,48,0.0,0.0,0.0,0.0,0.0,3,1004.9,999.9,95,50080.0,5.4,8.6,istanbul,2026-01-22T07:46:37.855707
2026-01-22T18:00,10.3,71,5.3,8.1,48,0.0,0.0,0.0,0.0,0.0,3,1004.8,999.8,99,52340.0,7.4,11.2,istanbul,2026-01-22T07:46:37.855707
2026-01-22T19:00,10.2,75,6.0,8.2,55,0.1,0.0,0.0,0.0,0.0,3,1004.9,999.9,100,46380.0,6.7,11.9,istanbul,2026-01-22T07:46:37.855707
2026-01-22T20:00,10.0,76,6.0,8.4,60,0.2,0.1,0.0,0.0,0.0,61,1005.0,1000.0,100,38360.0,4.3,10.4,istanbul,2026-01-22T07:46:37.855707
2026-01-22T21:00,9.9,77,6.0,8.6,55,0.2,0.2,0.1,0.0,0.0,61,1005.1,1000.1,100,41840.0,2.4,6.8,istanbul,2026-01-22T07:46:37.855707
2026-01-22T22:00,9.6,79,6.1,7.8,55,0.2,0.2,0.0,0.0,0.0,3,1005.0,1000.0,100,32340.0,5.7,9.0,istanbul,2026-01-22T07:46:37.855707
2026-01-22T23:00,9.2,84,6.7,7.6,43,0.4,0.3,0.1,0.0,0.0,61,1004.5,999.5,100,25080.0,5.7,10.1,istanbul,2026-01-22T07:46:37.855707
2026-01-22T00:00,16.9,60,9.1,12.6,0,0.0,0.0,0.0,0.0,0.0,2,1019.8,1019.1,52,24140.0,27.6,48.6,abu_dhabi,2026-01-22T07:46:40.256800
2026-01-22T01:00,17.0,59,8.9,12.7,0,0.0,0.0,0.0,0.0,0.0,2,1019.6,1018.9,55,24140.0,27.5,48.6,abu_dhabi,2026-01-22T07:46:40.256800
2026-01-22T02:00,17.0,59,8.9,12.7,0,0.0,0.0,0.0,0.0,0.0,2,1020.1,1019.4,61,24140.0,27.3,47.9,abu_dhabi,2026-01-22T07:46:40.256800
2026-01-22T03:00,17.0,59,8.9,12.8,0,0.0,0.0,0.0,0.0,0.0,2,1020.9,1020.2,60,24140.0,26.7,47.5,abu_dhabi,2026-01-22T07:46:40.256800
2026-01-22T04:00,17.1,59,9.1,13.2,0,0.0,0.0,0.0,0.0,0.0,2,1022.0,1021.3,50,24140.0,25.0,46.4,abu_dhabi,2026-01-22T07:46:40.256800
2026-01-22T05:00,17.9,54,8.4,14.1,0,0.0,0.0,0.0,0.0,0.0,1,1022.6,1021.9,40,24140.0,22.9,43.2,abu_dhabi,2026-01-22T07:46:40.256800
2026-01-22T06:00,18.8,40,4.9,14.3,0,0.0,0.0,0.0,0.0,0.0,0,1023.2,1022.5,3,24140.0,22.4,40.0,abu_dhabi,2026-01-22T07:46:40.256800
2026-01-22T07:00,19.4,34,3.2,14.7,0,0.0,0.0,0.0,0.0,0.0,0,1023.5,1022.8,0,24140.0,23.7,41.4,abu_dhabi,2026-01-22T07:46:40.256800
2026-01-22T08:00,19.5,32,2.3,14.9,0,0.0,0.0,0.0,0.0,0.0,0,1023.3,1022.6,0,24140.0,25.1,44.3,abu_dhabi,2026-01-22T07:46:40.256800
2026-01-22T09:00,19.4,31,1.9,15.0,0,0.0,0.0,0.0,0.0,0.0,0,1022.5,1021.8,0,24140.0,25.1,44.6,abu_dhabi,2026-01-22T07:46:40.256800
2026-01-22T10:00,19.2,32,2.1,14.7,0,0.0,0.0,0.0,0.0,0.0,0,1021.9,1021.2,0,24140.0,25.0,44.3,abu_dhabi,2026-01-22T07:46:40.256800
2026-01-22T11:00,18.9,33,2.3,14.0,0,0.0,0.0,0.0,0.0,0.0,0,1021.7,1021.0,0,24140.0,24.4,43.9,abu_dhabi,2026-01-22T07:46:40.256800
2026-01-22T12:00,18.5,34,2.3,13.3,0,0.0,0.0,0.0,0.0,0.0,0,1021.8,1021.1,0,24140.0,23.5,42.1,abu_dhabi,2026-01-22T07:46:40.256800
2026-01-22T13:00,18.0,34,1.9,13.1,0,0.0,0.0,0.0,0.0,0.0,0,1022.0,1021.3,0,24140.0,21.5,40.3,abu_dhabi,2026-01-22T07:46:40.256800
2026-01-22T14:00,17.6,37,2.7,13.1,0,0.0,0.0,0.0,0.0,0.0,0,1022.4,1021.7,0,24140.0,19.5,37.1,abu_dhabi,2026-01-22T07:46:40.256800
2026-01-22T15:00,17.5,37,2.6,13.3,0,0.0,0.0,0.0,0.0,0.0,0,1023.1,1022.4,0,24140.0,17.2,33.1,abu_dhabi,2026-01-22T07:46:40.256800
2026-01-22T16:00,17.5,37,2.6,13.5,0,0.0,0.0,0.0,0.0,0.0,0,1023.3,1022.6,0,24140.0,15.9,29.5,abu_dhabi,2026-01-22T07:46:40.256800
2026-01-22T17:00,17.4,38,3.0,13.5,0,0.0,0.0,0.0,0.0,0.0,0,1023.5,1022.8,0,24140.0,15.5,27.4,abu_dhabi,2026-01-22T07:46:40.256800
2026-01-22T18:00,17.4,41,4.0,13.9,0,0.0,0.0,0.0,0.0,0.0,0,1023.9,1023.2,0,24140.0,14.1,26.3,abu_dhabi,2026-01-22T07:46:40.256800
2026-01-22T19:00,17.3,43,4.6,14.1,0,0.0,0.0,0.0,0.0,0.0,0,1023.9,1023.2,0,24140.0,13.6,24.5,abu_dhabi,2026-01-22T07:46:40.256800
2026-01-22T20:00,17.2,47,5.8,14.4,0,0.0,0.0,0.0,0.0,0.0,0,1023.4,1022.7,0,24140.0,12.3,23.0,abu_dhabi,2026-01-22T07:46:40.256800
2026-01-22T21:00,17.0,52,7.1,14.7,0,0.0,0.0,0.0,0.0,0.0,0,1023.4,1022.7,0,24140.0,10.9,20.9,abu_dhabi,2026-01-22T07:46:40.256800
2026-01-22T22:00,16.7,57,8.1,14.6,0,0.0,0.0,0.0,0.0,0.0,0,1023.1,1022.4,0,24140.0,10.6,18.7,abu_dhabi,2026-01-22T07:46:40.256800
2026-01-22T23:00,16.4,59,8.4,14.6,0,0.0,0.0,0.0,0.0,0.0,0,1023.0,1022.3,0,24140.0,9.4,18.0,abu_dhabi,2026-01-22T07:46:40.256800
2026-01-22T00:00,17.6,63,10.5,13.2,0,0.0,0.0,0.0,0.0,0.0,2,1018.5,1017.3,60,24140.0,31.6,53.6,dubai,2026-01-22T07:47:17.798976
2026-01-22T01:00,17.6,62,10.2,13.4,0,0.0,0.0,0.0,0.0,0.0,2,1018.3,1017.1,54,24140.0,29.0,52.2,dubai,2026-01-22T07:47:17.798976
2026-01-22T02:00,17.8,53,8.1,13.7,0,0.0,0.0,0.0,0.0,0.0,1,1018.9,1017.7,25,24140.0,24.7,48.2,dubai,2026-01-22T07:47:17.798976
2026-01-22T03:00,18.3,40,4.5,14.0,0,0.0,0.0,0.0,0.0,0.0,0,1019.9,1018.7,0,24140.0,21.0,40.7,dubai,2026-01-22T07:47:17.798976
2026-01-22T04:00,18.5,37,3.5,13.8,0,0.0,0.0,0.0,0.0,0.0,0,1021.2,1020.0,0,24140.0,22.0,36.0,dubai,2026-01-22T07:47:17.798976
2026-01-22T05:00,18.4,36,3.1,13.2,0,0.0,0.0,0.0,0.0,0.0,0,1022.2,1021.0,0,24140.0,25.0,41.0,dubai,2026-01-22T07:47:17.798976
2026-01-22T06:00,18.4,35,2.6,12.7,0,0.0,0.0,0.0,0.0,0.0,0,1023.1,1021.9,0,24140.0,27.7,46.1,dubai,2026-01-22T07:47:17.798976
2026-01-22T07:00,18.2,38,3.7,12.7,0,0.0,0.0,0.0,0.0,0.0,0,1023.5,1022.3,0,24140.0,30.0,50.0,dubai,2026-01-22T07:47:17.798976
2026-01-22T08:00,18.1,37,3.2,12.8,0,0.0,0.0,0.0,0.0,0.0,0,1023.3,1022.1,0,24140.0,31.0,51.8,dubai,2026-01-22T07:47:17.798976
2026-01-22T09:00,17.9,39,3.8,13.1,0,0.0,0.0,0.0,0.0,0.0,0,1022.4,1021.2,0,24140.0,29.7,51.8,dubai,2026-01-22T07:47:17.798976
2026-01-22T10:00,18.0,34,1.9,13.1,0,0.0,0.0,0.0,0.0,0.0,0,1021.7,1020.5,0,24140.0,27.2,49.3,dubai,2026-01-22T07:47:17.798976
2026-01-22T11:00,17.8,40,4.0,13.1,0,0.0,0.0,0.0,0.0,0.0,0,1021.4,1020.2,0,24140.0,24.8,45.0,dubai,2026-01-22T07:47:17.798976
2026-01-22T12:00,17.6,47,6.2,13.4,0,0.0,0.0,0.0,0.0,0.0,0,1021.5,1020.3,0,24140.0,22.7,41.0,dubai,2026-01-22T07:47:17.798976
2026-01-22T13:00,17.6,43,4.9,13.2,0,0.0,0.0,0.0,0.0,0.0,0,1021.7,1020.5,0,24140.0,21.6,37.4,dubai,2026-01-22T07:47:17.798976
2026-01-22T14:00,17.6,39,3.5,13.2,0,0.0,0.0,0.0,0.0,0.0,0,1022.1,1020.9,0,24140.0,19.8,35.6,dubai,2026-01-22T07:47:17.798976
2026-01-22T15:00,17.7,39,3.6,13.5,0,0.0,0.0,0.0,0.0,0.0,0,1022.9,1021.7,0,24140.0,18.7,32.8,dubai,2026-01-22T07:47:17.798976
2026-01-22T16:00,17.7,40,4.0,13.7,0,0.0,0.0,0.0,0.0,0.0,0,1023.1,1021.9,0,24140.0,17.9,30.2,dubai,2026-01-22T07:47:17.798976
2026-01-22T17:00,17.8,40,4.0,13.9,0,0.0,0.0,0.0,0.0,0.0,0,1023.2,1022.0,0,24140.0,17.2,29.5,dubai,2026-01-22T07:47:17.798976
2026-01-22T18:00,18.0,39,3.8,14.3,0,0.0,0.0,0.0,0.0,0.0,0,1023.6,1022.4,0,24140.0,15.3,28.1,dubai,2026-01-22T07:47:17.798976
2026-01-22T19:00,18.0,39,3.9,14.7,0,0.0,0.0,0.0,0.0,0.0,0,1023.8,1022.6,0,24140.0,13.3,24.8,dubai,2026-01-22T07:47:17.798976
2026-01-22T20:00,17.7,43,5.0,14.8,0,0.0,0.0,0.0,0.0,0.0,0,1023.4,1022.2,0,24140.0,11.7,21.6,dubai,2026-01-22T07:47:17.798976
2026-01-22T21:00,17.3,45,5.3,14.7,0,0.0,0.0,0.0,0.0,0.0,0,1023.5,1022.3,2,24140.0,9.9,19.1,dubai,2026-01-22T07:47:17.798976
2026-01-22T22:00,17.1,44,4.8,14.7,0,0.0,0.0,0.0,0.0,0.0,0,1023.2,1022.0,0,24140.0,8.0,16.2,dubai,2026-01-22T07:47:17.798976
2026-01-22T23:00,17.1,40,3.4,14.8,0,0.0,0.0,0.0,0.0,0.0,0,1023.0,1021.8,0,24140.0,5.4,13.0,dubai,2026-01-22T07:47:17.798976
2026-01-22T00:00,8.9,88,7.0,5.8,38,0.0,0.0,0.0,0.0,0.0,3,987.2,969.7,100,12660.0,16.1,36.4,birmingham,2026-01-22T07:47:55.331021
2026-01-22T01:00,8.9,88,7.0,5.9,33,0.0,0.0,0.0,0.0,0.0,3,986.5,969.0,100,12240.0,15.3,35.3,birmingham,2026-01-22T07:47:55.331021
2026-01-22T02:00,8.8,88,6.9,6.1,68,0.1,0.1,0.0,0.0,0.0,61,987.0,969.5,100,11340.0,13.0,33.1,birmingham,2026-01-22T07:47:55.331021
2026-01-22T03:00,8.4,90,6.9,5.6,80,0.4,0.4,0.0,0.0,0.0,61,986.5,969.0,100,8100.0,13.9,28.8,birmingham,2026-01-22T07:47:55.331021
2026-01-22T04:00,8.4,90,6.8,5.6,80,0.0,0.0,0.0,0.0,0.0,80,987.0,969.5,100,7660.0,13.8,29.9,birmingham,2026-01-22T07:47:55.331021
2026-01-22T05:00,8.2,91,6.8,5.5,70,0.1,0.1,0.0,0.0,0.0,61,986.9,969.4,100,7220.0,13.2,30.2,birmingham,2026-01-22T07:47:55.331021
2026-01-22T06:00,8.1,91,6.7,5.4,85,0.1,0.1,0.0,0.0,0.0,53,987.9,970.3,99,6680.0,12.4,28.8,birmingham,2026-01-22T07:47:55.331021
2026-01-22T07:00,7.9,91,6.5,5.2,80,0.0,0.0,0.0,0.0,0.0,61,987.1,969.5,100,6160.0,12.4,29.2,birmingham,2026-01-22T07:47:55.331021
2026-01-22T08:00,7.7,92,6.5,5.1,78,0.0,0.0,0.0,0.0,0.0,61,987.6,970.0,100,5420.0,12.1,32.8,birmingham,2026-01-22T07:47:55.331021
2026-01-22T09:00,7.7,92,6.5,4.5,65,0.0,0.0,0.0,0.0,0.0,3,987.6,970.0,100,5520.0,15.6,33.1,birmingham,2026-01-22T07:47:55.331021
2026-01-22T10:00,7.7,92,6.5,5.0,70,0.1,0.1,0.0,0.0,0.0,61,987.5,969.9,100,4820.0,11.9,31.7,birmingham,2026-01-22T07:47:55.331021
2026-01-22T11:00,7.8,92,6.6,5.0,58,0.1,0.1,0.0,0.0,0.0,61,987.2,969.6,100,5080.0,12.9,29.9,birmingham,2026-01-22T07:47:55.331021
2026-01-22T12:00,8.1,89,6.4,5.4,50,0.0,0.0,0.0,0.0,0.0,3,986.9,969.3,100,7940.0,12.7,34.9,birmingham,2026-01-22T07:47:55.331021
2026-01-22T13:00,8.5,87,6.4,5.7,55,0.0,0.0,0.0,0.0,0.0,3,986.6,969.1,100,12740.0,12.8,36.0,birmingham,2026-01-22T07:47:55.331021
2026-01-22T14:00,8.5,88,6.7,5.9,45,0.0,0.0,0.0,0.0,0.0,3,986.4,968.9,100,10620.0,11.9,33.5,birmingham,2026-01-22T07:47:55.331021
2026-01-22T15:00,8.5,86,6.3,5.6,53,0.0,0.0,0.0,0.0,0.0,3,986.2,968.7,95,13240.0,13.2,28.8,birmingham,2026-01-22T07:47:55.331021
2026-01-22T16:00,8.2,86,6.0,5.4,45,0.0,0.0,0.0,0.0,0.0,3,985.6,968.1,100,13980.0,12.5,30.6,birmingham,2026-01-22T07:47:55.331021
2026-01-22T17:00,7.9,88,6.0,5.0,60,0.1,0.1,0.0,0.0,0.0,61,985.2,967.7,100,11380.0,13.0,29.5,birmingham,2026-01-22T07:47:55.331021
2026-01-22T18:00,7.6,89,5.9,4.6,68,0.6,0.6,0.0,0.0,0.0,80,984.6,967.1,100,8860.0,13.8,30.6,birmingham,2026-01-22T07:47:55.331021
2026-01-22T19:00,7.5,89,5.8,4.5,60,0.0,0.0,0.0,0.0,0.0,80,984.2,966.7,100,10320.0,13.9,32.8,birmingham,2026-01-22T07:47:55.331021
2026-01-22T20:00,7.3,90,5.8,4.4,55,0.2,0.1,0.0,0.0,0.0,80,983.6,966.1,100,7780.0,12.8,36.0,birmingham,2026-01-22T07:47:55.331021
2026-01-22T21:00,7.2,91,5.8,4.5,65,0.7,0.7,0.0,0.0,0.0,61,983.0,965.5,100,6200.0,11.3,27.7,birmingham,2026-01-22T07:47:55.331021
2026-01-22T22:00,7.2,92,6.0,4.9,53,0.8,0.7,0.1,0.0,0.0,55,982.5,965.0,100,5040.0,9.3,25.6,birmingham,2026-01-22T07:47:55.331021
2026-01-22T23:00,7.4,92,6.2,4.9,50,0.1,0.1,0.0,0.0,0.0,80,982.3,964.8,100,4940.0,10.1,30.6,birmingham,2026-01-22T07:47:55.331021
2026-01-22T00:00,9.8,86,7.6,5.7,63,0.3,0.3,0.0,0.0,0.0,61,988.1,986.8,100,17200.0,24.1,45.0,brighton,2026-01-22T07:47:57.732595
2026-01-22T01:00,9.8,86,7.6,5.7,80,0.0,0.0,0.0,0.0,0.0,61,988.0,986.7,100,18020.0,24.2,47.9,brighton,2026-01-22T07:47:57.732595
2026-01-22T02:00,9.9,86,7.7,5.8,93,0.2,0.1,0.1,0.0,0.0,61,988.2,986.9,100,19060.0,23.7,46.4,brighton,2026-01-22T07:47:57.732595
2026-01-22T03:00,9.4,91,8.1,5.8,100,1.0,1.0,0.0,0.0,0.0,61,988.3,987.0,100,7800.0,21.7,48.6,brighton,2026-01-22T07:47:57.732595
2026-01-22T04:00,9.2,92,8.0,5.8,100,0.9,0.9,0.0,0.0,0.0,61,987.8,986.5,100,6000.0,20.1,41.8,brighton,2026-01-22T07:47:57.732595
2026-01-22T05:00,9.2,93,8.2,5.8,100,0.6,0.6,0.0,0.0,0.0,61,987.9,986.6,100,5820.0,20.7,40.0,brighton,2026-01-22T07:47:57.732595
2026-01-22T06:00,9.0,93,7.9,5.5,83,0.4,0.4,0.0,0.0,0.0,61,987.8,986.5,100,5220.0,20.3,42.5,brighton,2026-01-22T07:47:57.732595
2026-01-22T07:00,8.7,93,7.6,5.1,70,0.1,0.1,0.0,0.0,0.0,61,988.1,986.8,100,5320.0,20.3,40.7,brighton,2026-01-22T07:47:57.732595
2026-01-22T08:00,8.8,92,7.6,5.1,45,0.0,0.0,0.0,0.0,0.0,3,988.3,987.0,100,7000.0,21.2,42.1,brighton,2026-01-22T07:47:57.732595
2026-01-22T09:00,9.2,90,7.6,5.6,38,0.0,0.0,0.0,0.0,0.0,3,988.4,987.1,100,9380.0,20.5,41.0,brighton,2026-01-22T07:47:57.732595
2026-01-22T10:00,9.1,90,7.6,5.5,48,0.0,0.0,0.0,0.0,0.0,3,988.3,987.0,100,9260.0,20.7,40.3,brighton,2026-01-22T07:47:57.732595
2026-01-22T11:00,9.3,88,7.4,5.5,30,0.0,0.0,0.0,0.0,0.0,3,988.0,986.7,100,11540.0,21.4,42.1,brighton,2026-01-22T07:47:57.732595
2026-01-22T12:00,9.2,88,7.3,5.1,58,0.0,0.0,0.0,0.0,0.0,3,987.5,986.2,95,11440.0,23.2,44.6,brighton,2026-01-22T07:47:57.732595
2026-01-22T13:00,9.3,88,7.4,5.2,55,0.0,0.0,0.0,0.0,0.0,3,987.2,985.9,100,12520.0,23.6,48.2,brighton,2026-01-22T07:47:57.732595
2026-01-22T14:00,9.5,87,7.4,5.4,73,0.2,0.2,0.0,0.0,0.0,80,987.1,985.8,100,14340.0,23.7,45.7,brighton,2026-01-22T07:47:57.732595
2026-01-22T15:00,9.7,86,7.5,5.4,83,0.0,0.0,0.0,0.0,0.0,80,986.7,985.4,100,16440.0,25.5,50.8,brighton,2026-01-22T07:47:57.732595
2026-01-22T16:00,9.6,88,7.7,5.3,83,0.0,0.0,0.0,0.0,0.0,80,986.2,984.9,97,13400.0,25.6,49.0,brighton,2026-01-22T07:47:57.732595
2026-01-22T17:00,9.5,86,7.3,5.0,85,0.0,0.0,0.0,0.0,0.0,80,986.1,984.8,100,17520.0,26.3,52.6,brighton,2026-01-22T07:47:57.732595
2026-01-22T18:00,9.3,90,7.8,4.9,83,0.2,0.2,0.0,0.0,0.0,61,985.9,984.6,100,9660.0,26.7,50.8,brighton,2026-01-22T07:47:57.732595
2026-01-22T19:00,9.4,90,7.9,5.0,68,0.5,0.4,0.0,0.0,0.0,80,986.3,985.0,93,10640.0,26.4,53.6,brighton,2026-01-22T07:47:57.732595
2026-01-22T20:00,9.4,86,7.2,4.7,43,0.0,0.0,0.0,0.0,0.0,3,986.8,985.5,100,18700.0,27.1,55.4,brighton,2026-01-22T07:47:57.732595
2026-01-22T21:00,9.3,82,6.4,4.9,28,0.0,0.0,0.0,0.0,0.0,3,987.3,986.0,87,25900.0,24.0,52.2,brighton,2026-01-22T07:47:57.732595
2026-01-22T22:00,9.2,82,6.3,5.1,18,0.0,0.0,0.0,0.0,0.0,3,987.6,986.3,93,26680.0,21.7,44.6,brighton,2026-01-22T07:47:57.732595
2026-01-22T23:00,9.0,84,6.4,4.6,20,0.0,0.0,0.0,0.0,0.0,3,987.7,986.4,93,23200.0,23.8,45.7,brighton,2026-01-22T07:47:57.732595
2026-01-22T00:00,7.9,83,5.2,4.1,25,0.0,0.0,0.0,0.0,0.0,3,989.2,980.7,100,24320.0,18.1,42.5,edinburgh,2026-01-22T07:49:15.451238
2026-01-22T01:00,7.9,82,5.0,4.1,10,0.0,0.0,0.0,0.0,0.0,61,989.1,980.6,100,26340.0,17.9,38.5,edinburgh,2026-01-22T07:49:15.451238
2026-01-22T02:00,8.0,85,5.6,4.3,18,0.0,0.0,0.0,0.0,0.0,61,989.6,981.1,100,20460.0,17.8,37.4,edinburgh,2026-01-22T07:49:15.451238
2026-01-22T03:00,8.1,86,5.9,4.2,43,0.0,0.0,0.0,0.0,0.0,61,989.3,980.8,100,17160.0,19.9,38.9,edinburgh,2026-01-22T07:49:15.451238
2026-01-22T04:00,8.0,85,5.6,3.7,53,0.0,0.0,0.0,0.0,0.0,3,989.8,981.3,100,17720.0,22.0,45.7,edinburgh,2026-01-22T07:49:15.451238
2026-01-22T05:00,7.7,85,5.4,3.4,55,0.0,0.0,0.0,0.0,0.0,3,989.7,981.2,100,18880.0,21.7,45.4,edinburgh,2026-01-22T07:49:15.451238
2026-01-22T06:00,7.6,86,5.4,3.3,45,0.0,0.0,0.0,0.0,0.0,61,989.7,981.2,100,15720.0,21.9,46.8,edinburgh,2026-01-22T07:49:15.451238
2026-01-22T07:00,7.3,85,4.9,2.9,60,0.1,0.1,0.0,0.0,0.0,61,989.8,981.3,100,18000.0,21.4,46.8,edinburgh,2026-01-22T07:49:15.451238
2026-01-22T08:00,7.1,86,4.9,2.7,88,0.2,0.2,0.0,0.0,0.0,61,990.7,982.2,100,17600.0,21.3,45.4,edinburgh,2026-01-22T07:49:15.451238
2026-01-22T09:00,6.8,85,4.5,2.3,98,0.3,0.3,0.0,0.0,0.0,61,990.7,982.2,100,18980.0,22.1,46.4,edinburgh,2026-01-22T07:49:15.451238
2026-01-22T10:00,6.6,85,4.2,2.2,98,0.4,0.4,0.0,0.0,0.0,61,991.1,982.6,100,18900.0,20.6,46.1,edinburgh,2026-01-22T07:49:15.451238
2026-01-22T11:00,6.4,84,3.9,1.9,100,0.4,0.4,0.0,0.0,0.0,61,991.1,982.5,100,19920.0,21.0,43.2,edinburgh,2026-01-22T07:49:15.451238
2026-01-22T12:00,6.4,83,3.8,1.8,95,0.0,0.0,0.0,0.0,0.0,61,991.3,982.7,100,22720.0,21.9,45.4,edinburgh,2026-01-22T07:49:15.451238
2026-01-22T13:00,6.5,80,3.3,1.8,90,0.0,0.0,0.0,0.0,0.0,61,991.5,982.9,100,27940.0,21.3,46.4,edinburgh,2026-01-22T07:49:15.451238
2026-01-22T14:00,6.2,79,2.9,1.2,75,0.0,0.0,0.0,0.0,0.0,3,991.5,982.9,100,30960.0,23.4,48.6,edinburgh,2026-01-22T07:49:15.451238
2026-01-22T15:00,5.9,79,2.6,0.8,68,0.0,0.0,0.0,0.0,0.0,3,991.5,982.9,100,29820.0,23.4,48.6,edinburgh,2026-01-22T07:49:15.451238
2026-01-22T16:00,5.6,80,2.4,0.3,45,0.0,0.0,0.0,0.0,0.0,3,991.3,982.7,100,29020.0,24.6,51.8,edinburgh,2026-01-22T07:49:15.451238
2026-01-22T17:00,5.4,80,2.2,0.1,38,0.0,0.0,0.0,0.0,0.0,3,991.2,982.6,100,29300.0,24.4,52.2,edinburgh,2026-01-22T07:49:15.451238
2026-01-22T18:00,5.2,79,1.9,0.0,38,0.0,0.0,0.0,0.0,0.0,3,991.0,982.4,100,30560.0,23.4,51.8,edinburgh,2026-01-22T07:49:15.451238
2026-01-22T19:00,5.1,78,1.6,-0.2,33,0.0,0.0,0.0,0.0,0.0,3,991.0,982.4,100,32600.0,23.4,50.8,edinburgh,2026-01-22T07:49:15.451238
2026-01-22T20:00,4.8,77,1.1,-0.5,38,0.0,0.0,0.0,0.0,0.0,3,990.9,982.3,100,34420.0,23.5,50.0,edinburgh,2026-01-22T07:49:15.451238
2026-01-22T21:00,4.7,78,1.2,-0.6,48,0.0,0.0,0.0,0.0,0.0,3,990.8,982.2,100,33180.0,23.2,49.3,edinburgh,2026-01-22T07:49:15.451238
2026-01-22T22:00,4.5,79,1.2,-0.9,63,0.0,0.0,0.0,0.0,0.0,3,990.7,982.1,100,31900.0,23.9,50.0,edinburgh,2026-01-22T07:49:15.451238
2026-01-22T23:00,4.4,80,1.3,-1.0,60,0.0,0.0,0.0,0.0,0.0,3,990.3,981.7,100,28940.0,24.2,51.1,edinburgh,2026-01-22T07:49:15.451238
2026-01-22T00:00,8.2,87,6.2,4.3,35,0.1,0.1,0.0,0.0,0.0,51,986.4,984.4,100,50000.0,20.9,38.2,glasgow,2026-01-22T07:49:17.846250
2026-01-22T01:00,7.9,90,6.4,4.1,31,0.2,0.2,0.0,0.0,0.0,51,987.0,985.0,100,12040.0,20.5,38.2,glasgow,2026-01-22T07:49:17.846250
2026-01-22T02:00,8.0,88,6.1,4.2,33,0.0,0.0,0.0,0.0,0.0,3,987.3,985.3,100,13700.0,19.4,36.4,glasgow,2026-01-22T07:49:17.846250
2026-01-22T03:00,8.1,88,6.2,4.3,39,0.0,0.0,0.0,0.0,0.0,3,987.1,985.1,100,13760.0,19.4,33.5,glasgow,2026-01-22T07:49:17.846250
2026-01-22T04:00,7.8,92,6.6,4.3,53,0.8,0.8,0.0,0.0,0.0,53,987.4,985.4,100,12320.0,18.7,36.4,glasgow,2026-01-22T07:49:17.846250
2026-01-22T05:00,8.0,88,6.2,4.3,71,0.2,0.2,0.0,0.0,0.0,51,987.7,985.7,100,14020.0,19.4,36.4,glasgow,2026-01-22T07:49:17.846250
2026-01-22T06:00,7.8,91,6.5,4.2,86,0.3,0.3,0.0,0.0,0.0,51,987.8,985.8,100,11000.0,19.1,35.6,glasgow,2026-01-22T07:49:17.846250
2026-01-22T07:00,7.9,90,6.4,4.6,93,0.1,0.1,0.0,0.0,0.0,51,988.4,986.4,100,12260.0,16.2,34.2,glasgow,2026-01-22T07:49:17.846250
2026-01-22T08:00,7.6,90,6.1,3.9,96,0.2,0.2,0.0,0.0,0.0,51,989.0,987.0,100,29540.0,19.1,33.5,glasgow,2026-01-22T07:49:17.846250
2026-01-22T09:00,7.4,90,5.9,3.4,98,0.3,0.3,0.0,0.0,0.0,51,989.1,987.1,100,26400.0,20.5,36.4,glasgow,2026-01-22T07:49:17.846250
2026-01-22T10:00,7.2,90,5.7,3.5,99,0.2,0.2,0.0,0.0,0.0,51,989.3,987.3,100,11980.0,18.7,36.4,glasgow,2026-01-22T07:49:17.846250
2026-01-22T11:00,7.1,91,5.8,3.5,98,0.2,0.2,0.0,0.0,0.0,51,989.3,987.3,100,25420.0,17.6,33.1,glasgow,2026-01-22T07:49:17.846250
2026-01-22T12:00,6.8,91,5.5,3.1,98,0.7,0.7,0.0,0.0,0.0,53,989.0,987.0,100,14860.0,18.0,32.0,glasgow,2026-01-22T07:49:17.846250
2026-01-22T13:00,6.6,92,5.4,2.6,98,0.7,0.7,0.0,0.0,0.0,53,988.8,986.8,100,15460.0,20.2,36.0,glasgow,2026-01-22T07:49:17.846250
2026-01-22T14:00,6.6,91,5.2,2.6,98,0.7,0.7,0.0,0.0,0.0,53,988.5,986.5,100,19480.0,19.4,38.9,glasgow,2026-01-22T07:49:17.846250
2026-01-22T15:00,6.5,89,4.8,1.9,98,0.5,0.5,0.0,0.0,0.0,53,988.2,986.2,100,23040.0,22.7,41.0,glasgow,2026-01-22T07:49:17.846250
2026-01-22T16:00,6.1,89,4.5,1.3,97,0.4,0.4,0.0,0.0,0.0,51,988.0,985.9,100,21800.0,24.1,43.9,glasgow,2026-01-22T07:49:17.846250
2026-01-22T17:00,5.8,90,4.3,1.0,96,0.5,0.5,0.0,0.0,0.0,53,987.9,985.8,100,20080.0,24.1,43.9,glasgow,2026-01-22T07:49:17.846250
2026-01-22T18:00,5.7,89,4.0,0.6,94,0.7,0.7,0.0,0.0,0.0,53,987.8,985.7,100,22660.0,25.2,46.1,glasgow,2026-01-22T07:49:17.846250
2026-01-22T19:00,5.4,88,3.6,0.1,94,0.2,0.2,0.0,0.0,0.0,51,987.8,985.7,100,13740.0,26.3,47.9,glasgow,2026-01-22T07:49:17.846250
2026-01-22T20:00,5.2,88,3.4,-0.1,95,0.2,0.2,0.0,0.0,0.0,51,987.5,985.4,100,50000.0,25.9,48.2,glasgow,2026-01-22T07:49:17.846250
2026-01-22T21:00,4.9,87,3.0,-0.8,88,0.1,0.1,0.0,0.0,0.0,51,987.4,985.3,100,28120.0,28.1,51.1,glasgow,2026-01-22T07:49:17.846250
2026-01-22T22:00,4.5,88,2.7,-0.9,68,0.4,0.4,0.0,0.0,0.0,51,987.2,985.1,100,13680.0,26.3,50.8,glasgow,2026-01-22T07:49:17.846250
2026-01-22T23:00,4.8,85,2.5,-1.0,41,0.0,0.0,0.0,0.0,0.0,3,987.0,984.9,100,50000.0,27.7,50.4,glasgow,2026-01-22T07:49:17.846250
2026-01-22T00:00,9.7,82,6.8,7.1,20,0.1,0.1,0.0,0.0,0.0,61,988.3,987.1,100,24360.0,12.3,28.8,london,2026-01-22T07:49:20.247296
2026-01-22T01:00,9.4,85,7.0,6.8,50,0.8,0.8,0.0,0.0,0.0,61,988.5,987.3,100,17720.0,12.6,27.0,london,2026-01-22T07:49:20.247296
2026-01-22T02:00,9.4,85,7.0,6.7,60,0.1,0.1,0.0,0.0,0.0,61,988.8,987.6,100,19380.0,12.8,27.4,london,2026-01-22T07:49:20.247296
2026-01-22T03:00,9.2,86,6.9,6.6,73,0.1,0.1,0.0,0.0,0.0,61,988.5,987.3,100,16400.0,12.1,27.7,london,2026-01-22T07:49:20.247296
2026-01-22T04:00,9.0,87,7.0,6.6,68,0.0,0.0,0.0,0.0,0.0,61,988.4,987.2,100,14320.0,11.3,26.3,london,2026-01-22T07:49:20.247296
2026-01-22T05:00,8.8,88,6.9,6.3,78,0.2,0.2,0.0,0.0,0.0,61,988.4,987.2,100,12080.0,11.6,25.2,london,2026-01-22T07:49:20.247296
2026-01-22T06:00,8.7,90,7.1,6.1,90,0.1,0.1,0.0,0.0,0.0,61,988.7,987.5,100,8340.0,12.6,28.8,london,2026-01-22T07:49:20.247296
2026-01-22T07:00,8.5,89,6.8,6.0,65,0.0,0.0,0.0,0.0,0.0,61,988.6,987.4,100,9240.0,11.6,26.3,london,2026-01-22T07:49:20.247296
2026-01-22T08:00,8.4,89,6.7,6.2,38,0.0,0.0,0.0,0.0,0.0,3,988.8,987.6,100,10360.0,9.2,25.9,london,2026-01-22T07:49:20.247296
2026-01-22T09:00,8.5,88,6.6,6.1,18,0.0,0.0,0.0,0.0,0.0,3,988.8,987.6,100,12160.0,10.3,22.3,london,2026-01-22T07:49:20.247296
2026-01-22T10:00,8.7,86,6.5,6.2,13,0.0,0.0,0.0,0.0,0.0,3,988.8,987.6,100,13980.0,11.0,27.4,london,2026-01-22T07:49:20.247296
2026-01-22T11:00,9.0,85,6.6,6.1,18,0.0,0.0,0.0,0.0,0.0,3,988.5,987.3,100,16960.0,13.8,29.5,london,2026-01-22T07:49:20.247296
2026-01-22T12:00,9.5,82,6.5,6.7,15,0.0,0.0,0.0,0.0,0.0,3,988.0,986.8,100,21820.0,13.0,31.7,london,2026-01-22T07:49:20.247296
2026-01-22T13:00,10.0,77,6.2,6.9,23,0.0,0.0,0.0,0.0,0.0,3,987.8,986.6,100,32940.0,14.5,33.8,london,2026-01-22T07:49:20.247296
2026-01-22T14:00,9.7,80,6.4,6.5,48,0.0,0.0,0.0,0.0,0.0,3,987.7,986.5,100,25720.0,15.8,34.2,london,2026-01-22T07:49:20.247296
2026-01-22T15:00,9.5,82,6.5,6.1,53,0.0,0.0,0.0,0.0,0.0,3,987.3,986.1,100,23460.0,17.2,36.0,london,2026-01-22T07:49:20.247296
2026-01-22T16:00,9.5,82,6.5,6.7,63,0.0,0.0,0.0,0.0,0.0,3,986.5,985.3,92,22900.0,13.2,33.5,london,2026-01-22T07:49:20.247296
2026-01-22T17:00,9.4,83,6.7,6.4,63,0.0,0.0,0.0,0.0,0.0,80,986.0,984.8,100,22840.0,14.7,32.0,london,2026-01-22T07:49:20.247296
2026-01-22T18:00,9.5,82,6.5,6.7,50,0.0,0.0,0.0,0.0,0.0,80,985.6,984.4,99,25220.0,13.0,30.6,london,2026-01-22T07:49:20.247296
2026-01-22T19:00,9.4,82,6.5,6.5,43,0.1,0.1,0.0,0.0,0.0,80,985.3,984.1,100,24680.0,13.6,29.5,london,2026-01-22T07:49:20.247296
2026-01-22T20:00,9.2,84,6.7,6.3,25,0.7,0.4,0.3,0.0,0.0,61,985.3,984.1,100,19600.0,13.9,29.5,london,2026-01-22T07:49:20.247296
2026-01-22T21:00,9.4,84,6.9,6.6,15,0.7,0.6,0.1,0.0,0.0,80,985.5,984.3,100,21460.0,14.1,30.6,london,2026-01-22T07:49:20.247296
2026-01-22T22:00,9.1,81,6.0,5.7,10,0.0,0.0,0.0,0.0,0.0,3,986.0,984.8,100,26480.0,16.2,34.6,london,2026-01-22T07:49:20.247296
2026-01-22T23:00,8.5,79,5.0,5.3,8,0.0,0.0,0.0,0.0,0.0,2,986.5,985.3,76,31120.0,13.4,34.9,london,2026-01-22T07:49:20.247296
2026-01-22T00:00,9.2,81,6.1,5.8,13,0.1,0.1,0.0,0.0,0.0,61,987.5,981.8,100,27160.0,16.8,40.0,manchester,2026-01-22T07:49:57.802306
2026-01-22T01:00,9.1,83,6.4,5.4,33,0.0,0.0,0.0,0.0,0.0,61,987.0,981.3,100,21940.0,19.0,40.0,manchester,2026-01-22T07:49:57.802306
2026-01-22T02:00,9.0,84,6.5,5.5,23,0.1,0.1,0.0,0.0,0.0,61,987.3,981.6,100,20240.0,18.3,39.6,manchester,2026-01-22T07:49:57.802306
2026-01-22T03:00,8.7,86,6.5,5.1,40,0.0,0.0,0.0,0.0,0.0,3,986.9,981.2,100,16380.0,19.2,39.6,manchester,2026-01-22T07:49:57.802306
2026-01-22T04:00,8.8,80,5.6,5.1,85,0.0,0.0,0.0,0.0,0.0,61,987.2,981.5,100,29640.0,18.4,40.3,manchester,2026-01-22T07:49:57.802306
2026-01-22T05:00,8.8,84,6.2,5.3,73,0.0,0.0,0.0,0.0,0.0,61,987.3,981.6,100,20820.0,17.2,38.2,manchester,2026-01-22T07:49:57.802306
2026-01-22T06:00,8.9,83,6.2,5.5,70,0.0,0.0,0.0,0.0,0.0,61,988.5,982.8,100,22440.0,17.4,36.7,manchester,2026-01-22T07:49:57.802306
2026-01-22T07:00,8.6,85,6.3,5.4,65,0.0,0.0,0.0,0.0,0.0,61,987.7,982.0,100,17620.0,15.5,38.9,manchester,2026-01-22T07:49:57.802306
2026-01-22T08:00,8.6,85,6.2,5.6,90,0.0,0.0,0.0,0.0,0.0,61,988.1,982.4,100,19060.0,13.8,32.8,manchester,2026-01-22T07:49:57.802306
2026-01-22T09:00,8.4,84,5.9,5.2,98,0.0,0.0,0.0,0.0,0.0,3,988.1,982.4,100,19720.0,15.2,32.4,manchester,2026-01-22T07:49:57.802306
2026-01-22T10:00,8.4,82,5.5,5.1,90,0.0,0.0,0.0,0.0,0.0,3,988.1,982.4,100,22660.0,14.8,32.8,manchester,2026-01-22T07:49:57.802306
2026-01-22T11:00,8.4,82,5.5,5.2,88,0.0,0.0,0.0,0.0,0.0,3,987.7,982.0,100,22380.0,14.1,31.3,manchester,2026-01-22T07:49:57.802306
2026-01-22T12:00,8.4,82,5.5,5.3,70,0.0,0.0,0.0,0.0,0.0,3,987.6,981.9,100,22920.0,14.3,31.3,manchester,2026-01-22T07:49:57.802306
2026-01-22T13:00,8.4,80,5.2,5.1,60,0.0,0.0,0.0,0.0,0.0,3,987.4,981.7,100,26200.0,14.9,31.3,manchester,2026-01-22T07:49:57.802306
2026-01-22T14:00,8.3,81,5.2,4.7,53,0.0,0.0,0.0,0.0,0.0,3,987.3,981.6,100,23500.0,16.5,35.3,manchester,2026-01-22T07:49:57.802306
2026-01-22T15:00,8.0,82,5.2,4.4,50,0.0,0.0,0.0,0.0,0.0,3,986.9,981.2,100,22340.0,16.8,39.6,manchester,2026-01-22T07:49:57.802306
2026-01-22T16:00,7.8,84,5.3,4.0,43,0.0,0.0,0.0,0.0,0.0,3,986.9,981.2,100,17400.0,18.1,40.0,manchester,2026-01-22T07:49:57.802306
2026-01-22T17:00,7.4,87,5.4,4.0,35,0.0,0.0,0.0,0.0,0.0,3,986.5,980.8,100,13020.0,15.3,34.2,manchester,2026-01-22T07:49:57.802306
2026-01-22T18:00,7.2,88,5.3,3.4,33,0.0,0.0,0.0,0.0,0.0,3,985.8,980.1,100,11480.0,18.0,38.5,manchester,2026-01-22T07:49:57.802306
2026-01-22T19:00,7.0,88,5.2,3.4,25,0.0,0.0,0.0,0.0,0.0,3,985.7,980.0,100,10240.0,17.1,38.9,manchester,2026-01-22T07:49:57.802306
2026-01-22T20:00,7.0,86,4.9,3.3,23,0.0,0.0,0.0,0.0,0.0,3,985.2,979.5,100,15000.0,16.9,36.0,manchester,2026-01-22T07:49:57.802306
2026-01-22T21:00,7.0,85,4.7,3.3,23,0.0,0.0,0.0,0.0,0.0,3,984.7,979.0,98,16500.0,16.9,36.7,manchester,2026-01-22T07:49:57.802306
2026-01-22T22:00,6.9,86,4.8,3.3,30,0.0,0.0,0.0,0.0,0.0,3,984.2,978.5,100,15460.0,16.6,36.0,manchester,2026-01-22T07:49:57.802306
2026-01-22T23:00,7.0,85,4.6,3.1,40,0.0,0.0,0.0,0.0,0.0,3,983.5,977.8,98,16620.0,17.6,37.1,manchester,2026-01-22T07:49:57.802306
2026-01-22T00:00,21.7,68,15.5,21.0,0,0.0,0.0,0.0,0.0,0.0,1,1015.8,1010.6,15,24140.0,17.7,30.6,montevideo,2026-01-22T07:50:35.358406
2026-01-22T01:00,21.2,70,15.5,20.6,0,0.0,0.0,0.0,0.0,0.0,1,1015.7,1010.5,26,24140.0,17.0,29.5,montevideo,2026-01-22T07:50:35.358406
2026-01-22T02:00,20.6,66,14.1,19.3,0,0.0,0.0,0.0,0.0,0.0,0,1016.3,1011.1,0,24140.0,17.9,29.5,montevideo,2026-01-22T07:50:35.358406
2026-01-22T03:00,19.7,64,12.7,17.5,0,0.0,0.0,0.0,0.0,0.0,0,1016.6,1011.4,0,24140.0,20.9,35.3,montevideo,2026-01-22T07:50:35.358406
2026-01-22T04:00,19.1,68,13.1,17.2,0,0.0,0.0,0.0,0.0,0.0,0,1017.2,1012.0,1,24140.0,20.1,34.6,montevideo,2026-01-22T07:50:35.358406
2026-01-22T05:00,18.6,71,13.3,16.8,0,0.0,0.0,0.0,0.0,0.0,0,1017.1,1011.9,0,24140.0,19.5,33.5,montevideo,2026-01-22T07:50:35.358406
2026-01-22T06:00,18.1,75,13.6,16.6,0,0.0,0.0,0.0,0.0,0.0,0,1016.8,1011.6,0,24140.0,18.6,32.0,montevideo,2026-01-22T07:50:35.358406
2026-01-22T07:00,17.7,78,13.8,16.4,0,0.0,0.0,0.0,0.0,0.0,0,1016.8,1011.6,0,24140.0,17.3,30.6,montevideo,2026-01-22T07:50:35.358406
2026-01-22T08:00,17.4,81,14.1,16.2,0,0.0,0.0,0.0,0.0,0.0,0,1016.8,1011.6,0,24140.0,17.1,28.8,montevideo,2026-01-22T07:50:35.358406
2026-01-22T09:00,17.2,83,14.3,16.3,0,0.0,0.0,0.0,0.0,0.0,0,1017.8,1012.5,0,24140.0,15.8,28.1,montevideo,2026-01-22T07:50:35.358406
2026-01-22T10:00,17.6,82,14.5,16.7,0,0.0,0.0,0.0,0.0,0.0,1,1018.4,1013.2,12,24140.0,16.6,27.7,montevideo,2026-01-22T07:50:35.358406
2026-01-22T11:00,19.5,75,14.9,18.6,0,0.0,0.0,0.0,0.0,0.0,1,1019.2,1014.0,31,24140.0,17.1,29.2,montevideo,2026-01-22T07:50:35.358406
2026-01-22T12:00,21.7,67,15.3,20.6,0,0.0,0.0,0.0,0.0,0.0,0,1018.7,1013.5,4,24140.0,19.7,32.8,montevideo,2026-01-22T07:50:35.358406
2026-01-22T13:00,23.8,59,15.3,23.5,0,0.0,0.0,0.0,0.0,0.0,0,1018.2,1013.1,5,24140.0,19.7,34.2,montevideo,2026-01-22T07:50:35.358406
2026-01-22T14:00,25.6,51,14.7,26.4,0,0.0,0.0,0.0,0.0,0.0,1,1017.9,1012.8,11,24140.0,17.3,34.2,montevideo,2026-01-22T07:50:35.358406
2026-01-22T15:00,27.1,44,13.8,28.8,0,0.0,0.0,0.0,0.0,0.0,1,1017.8,1012.7,24,24140.0,13.2,29.2,montevideo,2026-01-22T07:50:35.358406
2026-01-22T16:00,28.2,40,13.3,30.4,0,0.0,0.0,0.0,0.0,0.0,1,1017.5,1012.4,31,24140.0,11.5,22.7,montevideo,2026-01-22T07:50:35.358406
2026-01-22T17:00,29.0,37,12.8,30.8,0,0.0,0.0,0.0,0.0,0.0,1,1016.8,1011.8,30,24140.0,11.4,19.8,montevideo,2026-01-22T07:50:35.358406
2026-01-22T18:00,29.5,34,12.0,30.6,0,0.0,0.0,0.0,0.0,0.0,1,1015.8,1010.8,40,24140.0,12.0,20.5,montevideo,2026-01-22T07:50:35.358406
2026-01-22T19:00,29.5,35,12.4,29.2,0,0.0,0.0,0.0,0.0,0.0,1,1014.7,1009.7,30,24140.0,16.0,27.4,montevideo,2026-01-22T07:50:35.358406
2026-01-22T20:00,27.7,44,14.3,26.7,0,0.0,0.0,0.0,0.0,0.0,0,1014.3,1009.2,0,24140.0,20.3,34.2,montevideo,2026-01-22T07:50:35.358406
2026-01-22T21:00,26.1,50,14.9,24.7,0,0.0,0.0,0.0,0.0,0.0,0,1013.9,1008.8,2,24140.0,20.8,34.9,montevideo,2026-01-22T07:50:35.358406
2026-01-22T22:00,25.0,58,16.2,24.5,0,0.0,0.0,0.0,0.0,0.0,0,1014.0,1008.9,0,24140.0,18.6,34.6,montevideo,2026-01-22T07:50:35.358406
2026-01-22T23:00,23.7,68,17.4,24.2,0,0.0,0.0,0.0,0.0,0.0,1,1014.8,1009.7,12,24140.0,14.8,31.0,montevideo,2026-01-22T07:50:35.358406
2026-01-22T00:00,8.6,35,-6.0,4.9,1,0.0,0.0,0.0,0.0,0.0,3,1025.0,989.1,88,56200.0,5.7,11.2,atlanta,2026-01-22T07:51:12.926748
2026-01-22T01:00,8.0,35,-6.6,4.0,3,0.0,0.0,0.0,0.0,0.0,3,1024.9,988.9,99,57200.0,7.4,10.8,atlanta,2026-01-22T07:51:12.926748
2026-01-22T02:00,8.1,40,-4.7,4.5,11,0.0,0.0,0.0,0.0,0.0,3,1025.1,989.1,99,51100.0,6.3,16.9,atlanta,2026-01-22T07:51:12.926748
2026-01-22T03:00,8.4,39,-4.7,4.5,5,0.0,0.0,0.0,0.0,0.0,3,1025.3,989.4,100,51900.0,7.9,16.9,atlanta,2026-01-22T07:51:12.926748
2026-01-22T04:00,8.5,47,-2.1,4.9,15,0.0,0.0,0.0,0.0,0.0,2,1025.4,989.5,72,43000.0,8.4,18.0,atlanta,2026-01-22T07:51:12.926748
2026-01-22T05:00,8.9,52,-0.4,5.5,22,0.0,0.0,0.0,0.0,0.0,3,1024.7,988.9,98,38300.0,7.9,19.8,atlanta,2026-01-22T07:51:12.926748
2026-01-22T06:00,8.3,57,0.3,5.3,19,0.0,0.0,0.0,0.0,0.0,3,1023.4,987.5,100,39200.0,6.8,16.2,atlanta,2026-01-22T07:51:12.926748
2026-01-22T07:00,8.4,60,1.1,6.1,6,0.0,0.0,0.0,0.0,0.0,3,1022.0,986.2,100,31200.0,2.2,6.5,atlanta,2026-01-22T07:51:12.926748
2026-01-22T08:00,7.5,62,0.7,4.6,16,0.0,0.0,0.0,0.0,0.0,3,1022.1,986.2,100,28300.0,6.2,11.5,atlanta,2026-01-22T07:51:12.926748
2026-01-22T09:00,7.8,64,1.4,4.9,26,0.0,0.0,0.0,0.0,0.0,3,1022.4,986.5,100,26500.0,6.5,15.1,atlanta,2026-01-22T07:51:12.926748
2026-01-22T10:00,7.5,68,2.0,4.9,21,0.0,0.0,0.0,0.0,0.0,3,1022.9,986.9,100,20700.0,5.1,9.4,atlanta,2026-01-22T07:51:12.926748
2026-01-22T11:00,6.9,78,3.3,4.1,31,0.6,0.6,0.0,0.0,0.0,53,1024.2,988.1,100,15200.0,8.7,20.5,atlanta,2026-01-22T07:51:12.926748
2026-01-22T12:00,6.9,88,5.0,4.9,38,0.5,0.5,0.0,0.0,0.0,53,1024.0,987.9,100,12400.0,5.2,12.2,atlanta,2026-01-22T07:51:12.926748
2026-01-22T13:00,7.2,93,6.1,5.6,41,0.1,0.1,0.0,0.0,0.0,51,1023.6,987.6,100,12200.0,4.3,12.6,atlanta,2026-01-22T07:51:12.926748
2026-01-22T14:00,7.6,95,6.8,5.7,42,0.1,0.1,0.0,0.0,0.0,51,1023.7,987.7,100,12200.0,7.1,21.6,atlanta,2026-01-22T07:51:12.926748
2026-01-22T15:00,8.2,95,7.5,6.7,53,0.0,0.0,0.0,0.0,0.0,3,1024.9,989.0,100,12600.0,6.2,19.8,atlanta,2026-01-22T07:51:12.926748
2026-01-22T16:00,8.3,95,7.5,6.7,59,0.6,0.6,0.0,0.0,0.0,53,1024.1,988.2,100,8400.0,6.3,16.9,atlanta,2026-01-22T07:51:12.926748
2026-01-22T17:00,8.1,96,7.5,6.1,58,2.1,2.1,0.0,0.0,0.0,61,1023.3,987.4,100,5500.0,9.7,18.4,atlanta,2026-01-22T07:51:12.926748
2026-01-22T18:00,8.9,91,7.5,6.8,56,1.2,1.2,0.0,0.0,0.0,55,1023.0,987.2,100,12500.0,9.6,17.6,atlanta,2026-01-22T07:51:12.926748
2026-01-22T19:00,9.1,92,7.9,7.6,44,0.7,0.7,0.0,0.0,0.0,53,1022.7,987.0,100,12200.0,6.5,19.1,atlanta,2026-01-22T07:51:12.926748
2026-01-22T20:00,9.6,87,7.5,7.9,48,0.1,0.1,0.0,0.0,0.0,51,1022.1,986.4,100,16700.0,7.1,20.5,atlanta,2026-01-22T07:51:12.926748
2026-01-22T21:00,9.6,84,7.1,8.5,24,0.2,0.2,0.0,0.0,0.0,51,1021.4,985.8,100,16900.0,2.8,13.3,atlanta,2026-01-22T07:51:12.926748
2026-01-22T22:00,9.1,88,7.3,7.9,14,0.1,0.1,0.0,0.0,0.0,51,1021.5,985.8,100,14600.0,3.8,15.5,atlanta,2026-01-22T07:51:12.926748
2026-01-22T23:00,8.9,91,7.5,7.5,17,0.0,0.0,0.0,0.0,0.0,3,1021.8,986.1,100,13900.0,5.1,13.0,atlanta,2026-01-22T07:51:12.926748
2026-01-22T00:00,-3.9,58,-11.0,-8.5,9,0.0,0.0,0.0,0.0,0.03,3,1025.5,1022.1,98,33200.0,8.5,31.0,boston,2026-01-22T07:51:15.335057
2026-01-22T01:00,-3.7,65,-9.3,-8.3,7,0.0,0.0,0.0,0.0,0.03,3,1024.3,1020.9,100,26600.0,10.1,32.4,boston,2026-01-22T07:51:15.335057
2026-01-22T02:00,-2.8,71,-7.3,-7.0,18,0.0,0.0,0.0,0.0,0.03,3,1023.3,1019.9,100,22900.0,8.3,38.2,boston,2026-01-22T07:51:15.335057
2026-01-22T03:00,-1.8,74,-5.8,-5.0,13,0.0,0.0,0.0,0.0,0.03,3,1022.3,1019.0,98,22400.0,2.3,29.5,boston,2026-01-22T07:51:15.335057
2026-01-22T04:00,-1.2,83,-3.7,-4.6,28,0.5,0.2,0.0,0.21,0.04,73,1021.4,1018.1,100,14900.0,5.2,27.0,boston,2026-01-22T07:51:15.335057
2026-01-22T05:00,0.9,85,-1.4,-4.2,44,0.3,0.2,0.0,0.07,0.04,71,1020.4,1017.1,100,16100.0,19.1,59.0,boston,2026-01-22T07:51:15.335057
2026-01-22T06:00,0.6,91,-0.7,-3.3,51,0.1,0.1,0.0,0.0,0.04,51,1018.6,1015.3,100,15600.0,11.8,47.5,boston,2026-01-22T07:51:15.335057
2026-01-22T07:00,0.3,95,-0.4,-4.5,43,0.8,0.5,0.0,0.21,0.04,73,1017.7,1014.4,100,3200.0,17.4,42.1,boston,2026-01-22T07:51:15.335057
2026-01-22T08:00,0.4,91,-0.9,-4.0,23,0.3,0.2,0.0,0.07,0.04,71,1016.5,1013.2,100,12400.0,14.7,38.2,boston,2026-01-22T07:51:15.335057
2026-01-22T09:00,0.2,88,-1.6,-4.2,10,0.0,0.0,0.0,0.0,0.04,3,1015.2,1011.9,100,13100.0,13.8,31.3,boston,2026-01-22T07:51:15.335057
2026-01-22T10:00,0.5,84,-1.9,-3.8,6,0.0,0.0,0.0,0.0,0.04,3,1014.6,1011.3,100,15800.0,13.1,27.0,boston,2026-01-22T07:51:15.335057
2026-01-22T11:00,0.5,82,-2.2,-3.8,4,0.0,0.0,0.0,0.0,0.04,3,1014.6,1011.3,100,15700.0,13.1,27.4,boston,2026-01-22T07:51:15.335057
2026-01-22T12:00,1.0,81,-1.9,-3.8,3,0.0,0.0,0.0,0.0,0.04,3,1014.1,1010.8,100,18200.0,16.5,30.6,boston,2026-01-22T07:51:15.335057
2026-01-22T13:00,0.7,78,-2.7,-4.1,2,0.0,0.0,0.0,0.0,0.04,3,1013.6,1010.3,100,19500.0,15.7,28.1,boston,2026-01-22T07:51:15.335057
2026-01-22T14:00,0.5,77,-3.1,-4.0,0,0.0,0.0,0.0,0.0,0.04,3,1014.3,1011.0,100,20200.0,13.3,29.2,boston,2026-01-22T07:51:15.335057
2026-01-22T15:00,3.0,73,-1.4,-1.6,0,0.0,0.0,0.0,0.0,0.04,3,1014.0,1010.7,100,22400.0,15.6,44.6,boston,2026-01-22T07:51:15.335057
2026-01-22T16:00,4.6,70,-0.4,-0.6,0,0.0,0.0,0.0,0.0,0.02,3,1014.0,1010.8,100,24900.0,20.6,43.9,boston,2026-01-22T07:51:15.335057
2026-01-22T17:00,5.1,69,-0.1,-0.1,0,0.0,0.0,0.0,0.0,0.01,3,1013.2,1010.0,100,25600.0,21.0,42.8,boston,2026-01-22T07:51:15.335057
2026-01-22T18:00,5.8,56,-2.3,0.0,0,0.0,0.0,0.0,0.0,0.0,3,1013.1,1009.9,100,33000.0,22.8,46.8,boston,2026-01-22T07:51:15.335057
2026-01-22T19:00,5.6,51,-3.7,-0.7,0,0.0,0.0,0.0,0.0,0.0,3,1013.4,1010.2,100,37800.0,25.5,51.5,boston,2026-01-22T07:51:15.335057
2026-01-22T20:00,4.6,51,-4.7,-1.2,0,0.0,0.0,0.0,0.0,0.0,3,1013.4,1010.2,100,35500.0,21.1,49.3,boston,2026-01-22T07:51:15.335057
2026-01-22T21:00,3.9,55,-4.4,-1.3,0,0.0,0.0,0.0,0.0,0.0,3,1014.0,1010.8,100,31600.0,17.1,46.4,boston,2026-01-22T07:51:15.335057
2026-01-22T22:00,2.6,65,-3.3,-2.5,0,0.0,0.0,0.0,0.0,0.0,2,1014.9,1011.6,79,27600.0,17.1,47.2,boston,2026-01-22T07:51:15.335057
2026-01-22T23:00,0.5,59,-6.6,-4.3,0,0.0,0.0,0.0,0.0,0.0,3,1016.2,1012.9,94,28400.0,12.8,40.7,boston,2026-01-22T07:51:15.335057
2026-01-22T00:00,-3.6,75,-7.3,-7.9,2,0.0,0.0,0.0,0.0,0.0,1,1015.0,991.7,20,21100.0,8.9,33.1,chicago,2026-01-22T07:52:33.087814
2026-01-22T01:00,-3.2,80,-6.1,-7.7,8,0.0,0.0,0.0,0.0,0.0,3,1014.6,991.3,98,18300.0,11.2,38.5,chicago,2026-01-22T07:52:33.087814
2026-01-22T02:00,-3.0,79,-6.1,-6.2,6,0.0,0.0,0.0,0.0,0.0,3,1014.1,990.8,99,18800.0,2.3,19.4,chicago,2026-01-22T07:52:33.087814
2026-01-22T03:00,-2.6,73,-6.8,-6.4,24,0.0,0.0,0.0,0.0,0.0,3,1013.5,990.3,99,22900.0,6.0,22.3,chicago,2026-01-22T07:52:33.087814
2026-01-22T04:00,-2.4,76,-6.0,-7.6,16,0.2,0.0,0.0,0.14,0.0,71,1014.2,991.0,46,19800.0,16.3,51.1,chicago,2026-01-22T07:52:33.087814
2026-01-22T05:00,-2.1,79,-5.2,-8.6,2,0.0,0.0,0.0,0.0,0.0,3,1015.9,992.7,89,18600.0,25.3,55.8,chicago,2026-01-22T07:52:33.087814
2026-01-22T06:00,-3.2,70,-7.9,-10.2,1,0.0,0.0,0.0,0.0,0.0,1,1017.7,994.3,39,24100.0,27.0,52.6,chicago,2026-01-22T07:52:33.087814
2026-01-22T07:00,-4.5,73,-8.6,-10.7,0,0.0,0.0,0.0,0.0,0.0,0,1018.1,994.6,3,21600.0,20.9,47.9,chicago,2026-01-22T07:52:33.087814
2026-01-22T08:00,-6.4,58,-13.3,-13.3,0,0.0,0.0,0.0,0.0,0.0,0,1018.9,995.2,0,32500.0,23.5,55.4,chicago,2026-01-22T07:52:33.087814
2026-01-22T09:00,-7.6,57,-14.6,-14.3,0,0.0,0.0,0.0,0.0,0.0,0,1019.1,995.3,0,33300.0,22.0,55.1,chicago,2026-01-22T07:52:33.087814
2026-01-22T10:00,-8.3,58,-15.1,-14.6,0,0.0,0.0,0.0,0.0,0.0,0,1020.3,996.4,0,31800.0,19.2,48.6,chicago,2026-01-22T07:52:33.087814
2026-01-22T11:00,-8.7,62,-14.7,-14.9,0,0.0,0.0,0.0,0.0,0.0,0,1021.5,997.6,1,28600.0,17.8,45.0,chicago,2026-01-22T07:52:33.087814
2026-01-22T12:00,-9.0,66,-14.2,-15.3,0,0.0,0.0,0.0,0.0,0.0,0,1022.9,998.9,7,26000.0,18.8,45.7,chicago,2026-01-22T07:52:33.087814
2026-01-22T13:00,-9.5,64,-15.1,-15.9,0,0.0,0.0,0.0,0.0,0.0,0,1023.7,999.6,0,27100.0,19.1,47.9,chicago,2026-01-22T07:52:33.087814
2026-01-22T14:00,-9.0,60,-15.4,-15.4,0,0.0,0.0,0.0,0.0,0.0,0,1023.5,999.5,0,30300.0,19.4,48.6,chicago,2026-01-22T07:52:33.087814
2026-01-22T15:00,-7.9,52,-16.0,-14.7,0,0.0,0.0,0.0,0.0,0.0,1,1024.3,1000.4,24,36900.0,22.1,45.7,chicago,2026-01-22T07:52:33.087814
2026-01-22T16:00,-6.9,49,-15.8,-13.8,0,0.0,0.0,0.0,0.0,0.0,1,1024.4,1000.6,23,39100.0,22.7,42.8,chicago,2026-01-22T07:52:33.087814
2026-01-22T17:00,-5.4,52,-13.7,-12.4,0,0.0,0.0,0.0,0.0,0.0,3,1024.1,1000.4,100,35500.0,24.1,45.0,chicago,2026-01-22T07:52:33.087814
2026-01-22T18:00,-4.3,50,-13.2,-11.9,0,0.0,0.0,0.0,0.0,0.0,3,1022.3,998.7,100,38000.0,28.0,48.2,chicago,2026-01-22T07:52:33.087814
2026-01-22T19:00,-4.0,47,-13.6,-11.9,0,0.0,0.0,0.0,0.0,0.0,1,1021.8,998.3,41,40800.0,30.1,51.1,chicago,2026-01-22T07:52:33.087814
2026-01-22T20:00,-3.9,43,-14.7,-11.9,0,0.0,0.0,0.0,0.0,0.0,1,1022.1,998.6,21,44900.0,30.3,52.9,chicago,2026-01-22T07:52:33.087814
2026-01-22T21:00,-4.3,40,-15.9,-12.2,2,0.0,0.0,0.0,0.0,0.0,0,1022.5,998.9,10,48900.0,29.5,50.4,chicago,2026-01-22T07:52:33.087814
2026-01-22T22:00,-5.1,38,-17.2,-12.7,0,0.0,0.0,0.0,0.0,0.0,0,1022.6,999.0,12,51800.0,27.1,49.3,chicago,2026-01-22T07:52:33.087814
2026-01-22T23:00,-6.4,43,-16.9,-13.2,1,0.0,0.0,0.0,0.0,0.0,3,1023.2,999.4,100,45000.0,22.0,47.9,chicago,2026-01-22T07:52:33.087814
2026-01-22T00:00,1.7,67,-3.7,-3.4,5,0.0,0.0,0.0,0.0,0.07,3,1013.2,988.4,100,24100.0,17.3,51.8,cleveland,2026-01-22T07:52:35.488713
2026-01-22T01:00,2.0,76,-1.7,-2.4,10,0.1,0.1,0.0,0.0,0.07,51,1013.3,988.5,100,7400.0,14.5,54.7,cleveland,2026-01-22T07:52:35.488713
2026-01-22T02:00,1.3,84,-1.1,-2.7,26,0.1,0.1,0.0,0.0,0.06,51,1013.8,988.9,100,2000.0,11.6,38.2,cleveland,2026-01-22T07:52:35.488713
2026-01-22T03:00,0.9,89,-0.7,-2.8,49,0.4,0.3,0.0,0.07,0.05,71,1014.0,989.1,100,14000.0,10.2,36.7,cleveland,2026-01-22T07:52:35.488713
2026-01-22T04:00,0.9,84,-1.5,-3.0,9,0.0,0.0,0.0,0.0,0.05,3,1014.6,989.7,93,17100.0,11.0,39.2,cleveland,2026-01-22T07:52:35.488713
2026-01-22T05:00,0.1,73,-4.2,-5.1,6,0.0,0.0,0.0,0.0,0.05,1,1015.7,990.7,44,23100.0,17.2,51.8,cleveland,2026-01-22T07:52:35.488713
2026-01-22T06:00,-0.4,67,-5.8,-5.1,2,0.0,0.0,0.0,0.0,0.05,2,1015.9,990.8,51,26300.0,12.8,41.8,cleveland,2026-01-22T07:52:35.488713
2026-01-22T07:00,-1.2,80,-4.2,-5.0,2,0.0,0.0,0.0,0.0,0.05,3,1015.1,990.0,100,19400.0,7.4,22.3,cleveland,2026-01-22T07:52:35.488713
2026-01-22T08:00,-0.9,74,-4.9,-5.4,3,0.0,0.0,0.0,0.0,0.05,3,1015.5,990.4,100,21800.0,12.3,29.5,cleveland,2026-01-22T07:52:35.488713
2026-01-22T09:00,-0.6,70,-5.4,-5.9,9,0.0,0.0,0.0,0.0,0.05,3,1013.9,988.9,100,23900.0,17.5,36.4,cleveland,2026-01-22T07:52:35.488713
2026-01-22T10:00,-0.7,70,-5.5,-6.9,5,0.0,0.0,0.0,0.0,0.05,3,1014.7,989.6,100,24000.0,23.4,62.3,cleveland,2026-01-22T07:52:35.488713
2026-01-22T11:00,-1.6,73,-5.8,-8.2,2,0.0,0.0,0.0,0.0,0.04,3,1015.8,990.6,100,22400.0,25.2,60.8,cleveland,2026-01-22T07:52:35.488713
2026-01-22T12:00,-2.5,78,-5.8,-9.1,1,0.0,0.0,0.0,0.0,0.04,3,1017.5,992.2,100,19500.0,25.4,53.6,cleveland,2026-01-22T07:52:35.488713
2026-01-22T13:00,-3.0,81,-5.8,-8.7,1,0.0,0.0,0.0,0.0,0.04,3,1018.7,993.3,100,17900.0,19.4,46.8,cleveland,2026-01-22T07:52:35.488713
2026-01-22T14:00,-3.6,77,-7.0,-9.9,0,0.0,0.0,0.0,0.0,0.04,3,1019.5,994.0,82,20100.0,23.0,50.8,cleveland,2026-01-22T07:52:35.488713
2026-01-22T15:00,-3.3,70,-8.0,-10.2,1,0.0,0.0,0.0,0.0,0.04,2,1020.1,994.7,69,24600.0,26.0,49.3,cleveland,2026-01-22T07:52:35.488713
2026-01-22T16:00,-3.3,61,-9.8,-10.3,0,0.0,0.0,0.0,0.0,0.04,0,1021.2,995.7,16,30400.0,25.8,46.8,cleveland,2026-01-22T07:52:35.488713
2026-01-22T17:00,-3.3,61,-9.7,-10.2,0,0.0,0.0,0.0,0.0,0.04,1,1020.9,995.4,30,30400.0,25.6,45.4,cleveland,2026-01-22T07:52:35.488713
2026-01-22T18:00,-3.2,57,-10.5,-10.2,0,0.0,0.0,0.0,0.0,0.04,1,1020.3,994.9,29,34100.0,26.0,45.0,cleveland,2026-01-22T07:52:35.488713
2026-01-22T19:00,-3.1,48,-12.5,-10.2,0,0.0,0.0,0.0,0.0,0.03,1,1020.4,995.0,20,41600.0,25.4,44.3,cleveland,2026-01-22T07:52:35.488713
2026-01-22T20:00,-3.1,44,-13.7,-10.1,0,0.0,0.0,0.0,0.0,0.03,3,1021.2,995.7,94,46300.0,24.1,41.8,cleveland,2026-01-22T07:52:35.488713
2026-01-22T21:00,-3.4,44,-13.9,-10.1,0,0.0,0.0,0.0,0.0,0.03,3,1021.4,995.9,100,46400.0,22.1,39.6,cleveland,2026-01-22T07:52:35.488713
2026-01-22T22:00,-4.4,49,-13.5,-10.5,0,0.0,0.0,0.0,0.0,0.03,3,1021.3,995.7,100,40600.0,17.6,37.4,cleveland,2026-01-22T07:52:35.488713
2026-01-22T23:00,-5.5,52,-13.8,-10.7,1,0.0,0.0,0.0,0.0,0.02,3,1021.6,995.9,100,38000.0,12.0,36.7,cleveland,2026-01-22T07:52:35.488713
2026-01-22T00:00,16.6,55,7.5,15.4,0,0.0,0.0,0.0,0.0,0.0,0,1019.6,1001.8,1,33800.0,3.5,7.9,dallas,2026-01-22T07:52:37.884800
2026-01-22T01:00,14.1,61,6.7,12.9,0,0.0,0.0,0.0,0.0,0.0,0,1020.1,1002.1,9,28400.0,2.4,3.2,dallas,2026-01-22T07:52:37.884800
2026-01-22T02:00,13.7,64,7.1,11.7,0,0.0,0.0,0.0,0.0,0.0,1,1020.8,1002.8,36,26600.0,8.9,14.0,dallas,2026-01-22T07:52:37.884800
2026-01-22T03:00,11.6,71,6.6,9.7,0,0.0,0.0,0.0,0.0,0.0,1,1021.9,1003.7,22,22500.0,7.2,18.7,dallas,2026-01-22T07:52:37.884800
2026-01-22T04:00,12.7,65,6.3,10.6,0,0.0,0.0,0.0,0.0,0.0,3,1022.6,1004.5,100,26100.0,7.9,18.7,dallas,2026-01-22T07:52:37.884800
2026-01-22T05:00,12.3,65,5.9,10.2,0,0.0,0.0,0.0,0.0,0.0,2,1022.7,1004.5,50,25700.0,7.4,18.4,dallas,2026-01-22T07:52:37.884800
2026-01-22T06:00,10.6,62,3.6,7.1,0,0.0,0.0,0.0,0.0,0.0,0,1022.8,1004.5,0,28400.0,13.6,33.1,dallas,2026-01-22T07:52:37.884800
2026-01-22T07:00,9.0,64,2.6,5.7,0,0.0,0.0,0.0,0.0,0.0,0,1022.1,1003.7,0,26900.0,11.0,33.1,dallas,2026-01-22T07:52:37.884800
2026-01-22T08:00,7.8,63,1.2,4.1,0,0.0,0.0,0.0,0.0,0.0,0,1022.3,1003.9,0,27100.0,12.0,33.5,dallas,2026-01-22T07:52:37.884800
2026-01-22T09:00,6.8,63,0.2,3.9,0,0.0,0.0,0.0,0.0,0.0,0,1021.9,1003.4,0,27200.0,5.6,23.4,dallas,2026-01-22T07:52:37.884800
2026-01-22T10:00,5.9,70,0.8,3.1,0,0.0,0.0,0.0,0.0,0.0,0,1022.2,1003.6,10,22800.0,5.7,23.4,dallas,2026-01-22T07:52:37.884800
2026-01-22T11:00,5.4,77,1.7,2.6,0,0.0,0.0,0.0,0.0,0.0,3,1022.2,1003.6,91,18800.0,6.8,21.6,dallas,2026-01-22T07:52:37.884800
2026-01-22T12:00,6.6,95,5.9,4.3,0,0.0,0.0,0.0,0.0,0.0,3,1022.4,1003.9,100,11600.0,9.1,22.0,dallas,2026-01-22T07:52:37.884800
2026-01-22T13:00,7.2,99,7.0,5.2,0,0.0,0.0,0.0,0.0,0.0,45,1023.2,1004.7,100,200.0,8.3,18.0,dallas,2026-01-22T07:52:37.884800
2026-01-22T14:00,7.8,94,6.9,5.7,0,0.0,0.0,0.0,0.0,0.0,3,1023.0,1004.5,100,12200.0,8.8,16.9,dallas,2026-01-22T07:52:37.884800
2026-01-22T15:00,8.2,94,7.3,6.4,0,0.0,0.0,0.0,0.0,0.0,3,1022.8,1004.4,100,12200.0,8.0,15.1,dallas,2026-01-22T07:52:37.884800
2026-01-22T16:00,8.8,92,7.6,7.3,0,0.0,0.0,0.0,0.0,0.0,3,1023.0,1004.6,100,12400.0,6.6,10.1,dallas,2026-01-22T07:52:37.884800
2026-01-22T17:00,9.7,88,7.8,8.2,0,0.0,0.0,0.0,0.0,0.0,3,1022.3,1004.0,100,13700.0,6.5,12.6,dallas,2026-01-22T07:52:37.884800
2026-01-22T18:00,11.1,83,8.4,10.0,0,0.0,0.0,0.0,0.0,0.0,3,1021.5,1003.3,100,15600.0,4.8,7.6,dallas,2026-01-22T07:52:37.884800
2026-01-22T19:00,12.5,78,8.8,11.5,0,0.0,0.0,0.0,0.0,0.0,3,1020.5,1002.4,100,17800.0,4.8,5.0,dallas,2026-01-22T07:52:37.884800
2026-01-22T20:00,12.9,75,8.6,11.8,0,0.0,0.0,0.0,0.0,0.0,3,1019.8,1001.7,100,18900.0,4.9,5.8,dallas,2026-01-22T07:52:37.884800
2026-01-22T21:00,13.7,71,8.6,12.4,0,0.0,0.0,0.0,0.0,0.0,3,1019.1,1001.1,100,21300.0,6.9,7.9,dallas,2026-01-22T07:52:37.884800
2026-01-22T22:00,13.9,70,8.5,12.5,0,0.0,0.0,0.0,0.0,0.0,3,1018.6,1000.6,100,21600.0,7.1,10.1,dallas,2026-01-22T07:52:37.884800
2026-01-22T23:00,13.6,73,8.8,11.9,0,0.0,0.0,0.0,0.0,0.0,3,1018.3,1000.3,100,20600.0,9.2,13.7,dallas,2026-01-22T07:52:37.884800
2026-01-22T00:00,6.9,19,-15.2,1.0,0,0.0,0.0,0.0,0.0,0.0,0,1016.3,838.4,0,83100.0,16.0,29.2,denver,2026-01-22T07:53:55.608856
2026-01-22T01:00,3.6,24,-15.1,-1.0,0,0.0,0.0,0.0,0.0,0.0,0,1017.5,837.5,0,71600.0,7.4,12.6,denver,2026-01-22T07:53:55.608856
2026-01-22T02:00,0.8,43,-10.3,-4.6,0,0.0,0.0,0.0,0.0,0.0,0,1019.0,837.1,0,45500.0,14.9,34.9,denver,2026-01-22T07:53:55.608856
2026-01-22T03:00,-0.4,38,-13.0,-5.8,0,0.0,0.0,0.0,0.0,0.0,0,1019.5,836.8,11,50500.0,13.3,26.6,denver,2026-01-22T07:53:55.608856
2026-01-22T04:00,-1.7,51,-10.5,-6.8,0,0.0,0.0,0.0,0.0,0.0,0,1019.3,835.8,13,36600.0,12.6,24.8,denver,2026-01-22T07:53:55.608856
2026-01-22T05:00,-3.8,60,-10.4,-8.5,0,0.0,0.0,0.0,0.0,0.0,0,1018.8,834.1,4,29100.0,9.4,23.0,denver,2026-01-22T07:53:55.608856
2026-01-22T06:00,-5.2,54,-13.1,-9.9,0,0.0,0.0,0.0,0.0,0.0,0,1019.0,833.5,1,34400.0,8.6,8.6,denver,2026-01-22T07:53:55.608856
2026-01-22T07:00,-6.1,58,-13.0,-10.9,0,0.0,0.0,0.0,0.0,0.0,0,1018.5,832.5,0,30900.0,9.2,11.5,denver,2026-01-22T07:53:55.608856
2026-01-22T08:00,-6.5,59,-13.2,-11.2,0,0.0,0.0,0.0,0.0,0.0,0,1017.4,831.3,0,29900.0,8.2,10.4,denver,2026-01-22T07:53:55.608856
2026-01-22T09:00,-6.4,59,-13.1,-10.4,0,0.0,0.0,0.0,0.0,0.0,0,1016.6,830.8,0,30300.0,3.8,4.7,denver,2026-01-22T07:53:55.608856
2026-01-22T10:00,-6.4,59,-13.1,-10.2,0,0.0,0.0,0.0,0.0,0.0,0,1016.7,830.8,0,30100.0,2.5,2.5,denver,2026-01-22T07:53:55.608856
2026-01-22T11:00,-6.9,61,-13.1,-11.3,0,0.0,0.0,0.0,0.0,0.0,0,1016.6,830.5,1,28200.0,6.5,6.5,denver,2026-01-22T07:53:55.608856
2026-01-22T12:00,-7.3,62,-13.3,-11.9,0,0.0,0.0,0.0,0.0,0.0,0,1016.0,829.7,3,27600.0,7.9,7.9,denver,2026-01-22T07:53:55.608856
2026-01-22T13:00,-7.5,62,-13.5,-11.8,0,0.0,0.0,0.0,0.0,0.0,0,1016.5,830.0,1,28200.0,5.6,5.8,denver,2026-01-22T07:53:55.608856
2026-01-22T14:00,-7.8,62,-13.8,-12.2,0,0.0,0.0,0.0,0.0,0.0,0,1016.7,830.0,0,27700.0,5.8,5.8,denver,2026-01-22T07:53:55.608856
2026-01-22T15:00,-7.5,64,-13.1,-11.0,0,0.0,0.0,0.0,0.0,0.0,0,1017.2,830.6,1,26700.0,0.7,2.9,denver,2026-01-22T07:53:55.608856
2026-01-22T16:00,-4.1,58,-11.1,-8.3,0,0.0,0.0,0.0,0.0,0.0,0,1018.7,833.9,1,29800.0,5.8,15.5,denver,2026-01-22T07:53:55.608856
2026-01-22T17:00,-1.8,51,-10.6,-6.0,0,0.0,0.0,0.0,0.0,0.0,0,1019.8,836.2,0,35700.0,5.9,10.8,denver,2026-01-22T07:53:55.608856
2026-01-22T18:00,0.9,39,-11.5,-3.3,0,0.0,0.0,0.0,0.0,0.0,0,1019.6,837.6,0,47700.0,5.5,11.9,denver,2026-01-22T07:53:55.608856
2026-01-22T19:00,2.6,33,-12.1,-1.7,0,0.0,0.0,0.0,0.0,0.0,0,1017.5,836.9,0,56000.0,6.8,7.9,denver,2026-01-22T07:53:55.608856
2026-01-22T20:00,3.9,28,-13.0,-0.6,0,0.0,0.0,0.0,0.0,0.0,0,1015.8,836.2,0,63900.0,8.1,10.1,denver,2026-01-22T07:53:55.608856
2026-01-22T21:00,4.3,25,-14.0,-0.5,0,0.0,0.0,0.0,0.0,0.0,0,1014.9,835.8,8,68000.0,9.3,11.2,denver,2026-01-22T07:53:55.608856
2026-01-22T22:00,4.4,25,-13.9,-0.4,0,0.0,0.0,0.0,0.0,0.0,1,1014.0,835.0,33,69400.0,9.0,12.2,denver,2026-01-22T07:53:55.608856
2026-01-22T23:00,3.9,25,-14.4,-1.0,0,0.0,0.0,0.0,0.0,0.0,0,1013.6,834.4,7,69100.0,9.0,10.4,denver,2026-01-22T07:53:55.608856
2026-01-22T00:00,19.1,93,17.9,21.7,25,1.9,1.9,0.0,0.0,0.0,61,1018.3,1016.0,100,3200.0,2.3,6.8,houston,2026-01-22T07:53:58.030018
2026-01-22T01:00,18.8,94,17.8,20.7,17,0.0,0.0,0.0,0.0,0.0,3,1018.9,1016.6,100,1900.0,6.0,13.0,houston,2026-01-22T07:53:58.030018
2026-01-22T02:00,18.6,97,18.1,21.1,16,0.0,0.0,0.0,0.0,0.0,45,1019.1,1016.8,100,1000.0,3.6,8.3,houston,2026-01-22T07:53:58.030018
2026-01-22T03:00,18.5,96,17.8,20.8,18,0.0,0.0,0.0,0.0,0.0,3,1019.3,1017.0,100,1300.0,3.3,6.1,houston,2026-01-22T07:53:58.030018
2026-01-22T04:00,18.3,96,17.7,20.6,16,0.0,0.0,0.0,0.0,0.0,3,1019.8,1017.5,100,3200.0,3.5,6.8,houston,2026-01-22T07:53:58.030018
2026-01-22T05:00,17.8,98,17.5,20.0,12,0.0,0.0,0.0,0.0,0.0,45,1020.2,1017.9,100,300.0,3.3,4.7,houston,2026-01-22T07:53:58.030018
2026-01-22T06:00,17.7,99,17.5,19.3,18,0.0,0.0,0.0,0.0,0.0,45,1020.1,1017.8,100,400.0,7.2,12.2,houston,2026-01-22T07:53:58.030018
2026-01-22T07:00,17.8,98,17.5,19.7,9,0.0,0.0,0.0,0.0,0.0,45,1019.3,1017.0,84,1000.0,5.6,10.1,houston,2026-01-22T07:53:58.030018
2026-01-22T08:00,17.6,97,17.1,19.0,3,0.0,0.0,0.0,0.0,0.0,3,1018.8,1016.5,97,12200.0,7.4,10.4,houston,2026-01-22T07:53:58.030018
2026-01-22T09:00,17.0,100,17.0,18.4,2,0.0,0.0,0.0,0.0,0.0,45,1018.7,1016.4,100,100.0,7.1,11.9,houston,2026-01-22T07:53:58.030018
2026-01-22T10:00,16.7,98,16.4,17.7,0,0.0,0.0,0.0,0.0,0.0,45,1019.5,1017.2,100,300.0,8.7,15.5,houston,2026-01-22T07:53:58.030018
2026-01-22T11:00,16.6,96,16.0,17.2,0,0.0,0.0,0.0,0.0,0.0,3,1020.1,1017.8,90,12200.0,10.0,16.9,houston,2026-01-22T07:53:58.030018
2026-01-22T12:00,16.1,95,15.3,16.5,0,0.0,0.0,0.0,0.0,0.0,3,1020.6,1018.3,100,12200.0,9.4,17.6,houston,2026-01-22T07:53:58.030018
2026-01-22T13:00,15.5,93,14.4,15.5,0,0.0,0.0,0.0,0.0,0.0,3,1021.2,1018.9,100,12800.0,9.7,19.8,houston,2026-01-22T07:53:58.030018
2026-01-22T14:00,15.1,94,14.1,15.1,0,0.0,0.0,0.0,0.0,0.0,3,1021.1,1018.8,100,12500.0,9.6,18.4,houston,2026-01-22T07:53:58.030018
2026-01-22T15:00,15.6,95,14.8,15.9,0,0.0,0.0,0.0,0.0,0.0,3,1021.0,1018.7,86,12500.0,8.7,11.9,houston,2026-01-22T07:53:58.030018
2026-01-22T16:00,15.9,94,14.9,16.4,0,0.0,0.0,0.0,0.0,0.0,3,1021.4,1019.1,100,12700.0,7.4,10.1,houston,2026-01-22T07:53:58.030018
2026-01-22T17:00,16.6,94,15.6,17.5,0,0.0,0.0,0.0,0.0,0.0,3,1020.5,1018.2,100,12900.0,6.6,8.6,houston,2026-01-22T07:53:58.030018
2026-01-22T18:00,17.2,92,15.9,18.4,0,0.0,0.0,0.0,0.0,0.0,3,1020.0,1017.7,100,13600.0,5.4,7.6,houston,2026-01-22T07:53:58.030018
2026-01-22T19:00,17.9,88,15.9,19.2,0,0.0,0.0,0.0,0.0,0.0,3,1019.4,1017.1,100,15300.0,4.8,6.5,houston,2026-01-22T07:53:58.030018
2026-01-22T20:00,18.2,85,15.6,19.5,0,0.0,0.0,0.0,0.0,0.0,3,1019.3,1017.0,100,16600.0,4.0,6.5,houston,2026-01-22T07:53:58.030018
2026-01-22T21:00,18.6,82,15.5,20.3,0,0.0,0.0,0.0,0.0,0.0,3,1018.9,1016.6,100,17700.0,1.1,3.2,houston,2026-01-22T07:53:58.030018
2026-01-22T22:00,18.6,82,15.4,20.0,0,0.0,0.0,0.0,0.0,0.0,3,1018.4,1016.1,100,18000.0,2.6,2.9,houston,2026-01-22T07:53:58.030018
2026-01-22T23:00,18.1,86,15.7,19.0,0,0.0,0.0,0.0,0.0,0.0,2,1018.1,1015.8,59,16200.0,7.3,10.1,houston,2026-01-22T07:53:58.030018
2026-01-22T00:00,15.2,79,11.6,15.1,0,0.0,0.0,0.0,0.0,0.0,3,1016.0,974.4,99,19000.0,4.2,9.0,los_angeles,2026-01-22T07:54:35.574560
2026-01-22T01:00,13.8,87,11.7,13.8,1,0.0,0.0,0.0,0.0,0.0,3,1016.4,974.6,99,15400.0,4.2,5.8,los_angeles,2026-01-22T07:54:35.574560
2026-01-22T02:00,13.1,82,10.1,12.7,1,0.0,0.0,0.0,0.0,0.0,3,1016.2,974.3,99,16200.0,3.2,7.9,los_angeles,2026-01-22T07:54:35.574560
2026-01-22T03:00,13.4,73,8.7,12.4,2,0.0,0.0,0.0,0.0,0.0,3,1016.3,974.5,99,21800.0,4.6,4.3,los_angeles,2026-01-22T07:54:35.574560
2026-01-22T04:00,12.9,71,7.8,12.0,2,0.0,0.0,0.0,0.0,0.0,3,1016.3,974.4,99,21900.0,2.0,3.2,los_angeles,2026-01-22T07:54:35.574560
2026-01-22T05:00,13.3,68,7.5,12.0,1,0.0,0.0,0.0,0.0,0.0,3,1016.7,974.8,99,24500.0,4.3,5.0,los_angeles,2026-01-22T07:54:35.574560
2026-01-22T06:00,12.0,96,11.4,11.6,2,0.0,0.0,0.0,0.0,0.0,3,1016.7,974.6,100,12200.0,5.4,11.5,los_angeles,2026-01-22T07:54:35.574560
2026-01-22T07:00,12.2,98,11.9,12.7,3,0.0,0.0,0.0,0.0,0.0,45,1016.2,974.2,100,300.0,1.0,7.2,los_angeles,2026-01-22T07:54:35.574560
2026-01-22T08:00,11.9,94,11.0,11.7,3,0.0,0.0,0.0,0.0,0.0,3,1016.4,974.4,100,12200.0,3.7,11.5,los_angeles,2026-01-22T07:54:35.574560
2026-01-22T09:00,11.8,87,9.7,11.2,2,0.0,0.0,0.0,0.0,0.0,3,1016.5,974.4,100,15100.0,4.0,5.4,los_angeles,2026-01-22T07:54:35.574560
2026-01-22T10:00,11.3,96,10.7,11.1,2,0.0,0.0,0.0,0.0,0.0,45,1016.3,974.2,100,300.0,3.3,6.5,los_angeles,2026-01-22T07:54:35.574560
2026-01-22T11:00,11.5,95,10.7,10.9,2,0.1,0.1,0.0,0.0,0.0,51,1016.3,974.2,100,12200.0,5.5,10.1,los_angeles,2026-01-22T07:54:35.574560
2026-01-22T12:00,11.9,99,11.7,11.7,3,0.0,0.0,0.0,0.0,0.0,45,1015.9,973.9,100,100.0,5.4,9.4,los_angeles,2026-01-22T07:54:35.574560
2026-01-22T13:00,11.6,99,11.5,11.7,3,0.0,0.0,0.0,0.0,0.0,3,1015.6,973.5,100,12200.0,2.5,2.5,los_angeles,2026-01-22T07:54:35.574560
2026-01-22T14:00,10.8,92,9.6,10.7,2,0.0,0.0,0.0,0.0,0.0,3,1015.9,973.7,100,12200.0,0.4,2.9,los_angeles,2026-01-22T07:54:35.574560
2026-01-22T15:00,10.7,95,9.9,10.2,2,0.0,0.0,0.0,0.0,0.0,45,1015.9,973.7,100,200.0,3.1,6.5,los_angeles,2026-01-22T07:54:35.574560
2026-01-22T16:00,11.6,99,11.5,11.9,4,0.0,0.0,0.0,0.0,0.0,3,1015.9,973.8,100,12200.0,1.5,2.9,los_angeles,2026-01-22T07:54:35.574560
2026-01-22T17:00,12.6,89,10.8,12.4,13,0.0,0.0,0.0,0.0,0.0,3,1016.3,974.3,100,14300.0,3.4,5.8,los_angeles,2026-01-22T07:54:35.574560
2026-01-22T18:00,13.0,89,11.3,12.7,9,0.0,0.0,0.0,0.0,0.0,3,1016.2,974.3,100,14400.0,5.1,7.9,los_angeles,2026-01-22T07:54:35.574560
2026-01-22T19:00,13.3,89,11.6,12.7,8,0.0,0.0,0.0,0.0,0.0,3,1015.6,973.8,100,14400.0,7.6,8.6,los_angeles,2026-01-22T07:54:35.574560
2026-01-22T20:00,13.9,85,11.5,13.7,7,0.0,0.0,0.0,0.0,0.0,3,1014.7,973.0,100,15700.0,4.5,7.2,los_angeles,2026-01-22T07:54:35.574560
2026-01-22T21:00,13.9,85,11.4,13.4,4,0.0,0.0,0.0,0.0,0.0,3,1014.6,972.9,100,15800.0,6.3,6.8,los_angeles,2026-01-22T07:54:35.574560
2026-01-22T22:00,13.5,86,11.2,12.5,5,0.0,0.0,0.0,0.0,0.0,3,1015.0,973.2,100,15300.0,9.8,11.9,los_angeles,2026-01-22T07:54:35.574560
2026-01-22T23:00,14.2,78,10.4,13.8,11,0.3,0.3,0.0,0.0,0.0,51,1014.4,972.8,100,19600.0,3.6,3.6,los_angeles,2026-01-22T07:54:35.574560
2026-01-22T00:00,19.9,83,16.9,20.3,5,0.0,0.0,0.0,0.0,0.0,3,1022.0,1021.5,99,16800.0,14.1,33.5,miami,2026-01-22T07:55:13.131225
2026-01-22T01:00,19.9,84,17.1,20.7,9,0.0,0.0,0.0,0.0,0.0,3,1022.1,1021.6,99,16300.0,11.6,33.8,miami,2026-01-22T07:55:13.131225
2026-01-22T02:00,20.3,90,18.6,21.2,10,0.1,0.1,0.0,0.0,0.0,51,1022.1,1021.6,100,14000.0,15.8,36.4,miami,2026-01-22T07:55:13.131225
2026-01-22T03:00,20.2,92,18.8,21.1,17,0.0,0.0,0.0,0.0,0.0,3,1021.8,1021.3,100,13200.0,16.4,33.5,miami,2026-01-22T07:55:13.131225
2026-01-22T04:00,20.3,90,18.6,21.7,16,0.0,0.0,0.0,0.0,0.0,3,1021.5,1021.0,100,7300.0,12.4,32.8,miami,2026-01-22T07:55:13.131225
2026-01-22T05:00,20.2,95,19.4,21.3,17,0.3,0.3,0.0,0.0,0.0,51,1021.4,1020.9,100,12300.0,17.2,34.2,miami,2026-01-22T07:55:13.131225
2026-01-22T06:00,20.6,91,19.1,22.6,23,0.0,0.0,0.0,0.0,0.0,3,1020.9,1020.4,100,13600.0,9.6,27.7,miami,2026-01-22T07:55:13.131225
2026-01-22T07:00,20.6,92,19.3,22.7,22,0.2,0.2,0.0,0.0,0.0,51,1019.8,1019.3,100,12400.0,9.7,29.9,miami,2026-01-22T07:55:13.131225
2026-01-22T08:00,20.3,93,19.1,22.6,25,0.0,0.0,0.0,0.0,0.0,3,1018.5,1018.0,100,12700.0,7.6,25.6,miami,2026-01-22T07:55:13.131225
2026-01-22T09:00,20.5,92,19.2,22.8,16,0.0,0.0,0.0,0.0,0.0,3,1018.3,1017.8,100,12900.0,8.2,27.0,miami,2026-01-22T07:55:13.131225
2026-01-22T10:00,20.6,92,19.3,23.0,19,0.0,0.0,0.0,0.0,0.0,3,1018.8,1018.3,100,13000.0,7.8,20.9,miami,2026-01-22T07:55:13.131225
2026-01-22T11:00,20.3,91,18.8,22.6,15,0.0,0.0,0.0,0.0,0.0,3,1019.7,1019.2,98,12800.0,6.9,18.4,miami,2026-01-22T07:55:13.131225
2026-01-22T12:00,20.1,94,19.1,22.5,9,0.0,0.0,0.0,0.0,0.0,3,1019.8,1019.3,100,12200.0,6.7,9.7,miami,2026-01-22T07:55:13.131225
2026-01-22T13:00,20.6,95,19.8,23.7,13,0.0,0.0,0.0,0.0,0.0,3,1019.9,1019.4,100,12200.0,4.8,10.1,miami,2026-01-22T07:55:13.131225
2026-01-22T14:00,22.3,94,21.3,26.2,12,0.0,0.0,0.0,0.0,0.0,3,1020.2,1019.7,100,12600.0,4.4,6.5,miami,2026-01-22T07:55:13.131225
2026-01-22T15:00,23.8,87,21.5,28.1,12,0.0,0.0,0.0,0.0,0.0,3,1020.5,1020.0,100,15300.0,2.4,7.2,miami,2026-01-22T07:55:13.131225
2026-01-22T16:00,24.6,82,21.3,28.6,12,0.0,0.0,0.0,0.0,0.0,3,1020.1,1019.6,80,17700.0,3.5,6.1,miami,2026-01-22T07:55:13.131225
2026-01-22T17:00,25.1,78,21.0,28.7,14,0.0,0.0,0.0,0.0,0.0,1,1019.4,1018.9,41,19600.0,6.8,9.0,miami,2026-01-22T07:55:13.131225
2026-01-22T18:00,25.5,75,20.7,29.4,15,0.0,0.0,0.0,0.0,0.0,3,1018.4,1017.9,98,20900.0,8.3,10.8,miami,2026-01-22T07:55:13.131225
2026-01-22T19:00,25.5,77,21.2,29.4,22,0.0,0.0,0.0,0.0,0.0,3,1017.4,1016.9,100,19800.0,8.9,10.1,miami,2026-01-22T07:55:13.131225
2026-01-22T20:00,25.4,77,21.1,28.7,17,0.0,0.0,0.0,0.0,0.0,0,1017.0,1016.5,3,19600.0,8.9,11.2,miami,2026-01-22T07:55:13.131225
2026-01-22T21:00,24.8,80,21.1,27.7,19,0.0,0.0,0.0,0.0,0.0,3,1016.6,1016.1,100,17800.0,10.2,13.7,miami,2026-01-22T07:55:13.131225
2026-01-22T22:00,23.8,84,21.0,27.0,20,0.0,0.0,0.0,0.0,0.0,2,1016.7,1016.2,59,16200.0,8.2,11.2,miami,2026-01-22T07:55:13.131225
2026-01-22T23:00,22.5,90,20.8,25.7,13,0.0,0.0,0.0,0.0,0.0,2,1017.4,1016.9,79,14000.0,7.8,18.4,miami,2026-01-22T07:55:13.131225
2026-01-22T00:00,-7.9,60,-14.3,-15.8,0,0.0,0.0,0.0,0.0,0.0,0,1015.9,982.2,0,28800.0,30.1,56.9,minneapolis,2026-01-22T07:55:50.698550
2026-01-22T01:00,-9.1,52,-17.2,-15.8,0,0.0,0.0,0.0,0.0,0.0,0,1017.6,983.7,0,36000.0,20.6,46.4,minneapolis,2026-01-22T07:55:50.698550
2026-01-22T02:00,-10.0,53,-17.8,-15.4,0,0.0,0.0,0.0,0.0,0.0,3,1018.4,984.3,93,34800.0,11.5,30.2,minneapolis,2026-01-22T07:55:50.698550
2026-01-22T03:00,-10.1,59,-16.6,-15.7,0,0.0,0.0,0.0,0.0,0.0,3,1018.7,984.6,95,30100.0,13.2,40.3,minneapolis,2026-01-22T07:55:50.698550
2026-01-22T04:00,-10.5,64,-16.0,-16.9,0,0.0,0.0,0.0,0.0,0.0,1,1019.3,985.1,38,26000.0,19.0,45.7,minneapolis,2026-01-22T07:55:50.698550
2026-01-22T05:00,-11.4,67,-16.3,-18.1,2,0.0,0.0,0.0,0.0,0.0,0,1020.1,985.8,2,24300.0,20.7,43.2,minneapolis,2026-01-22T07:55:50.698550
2026-01-22T06:00,-12.5,62,-18.3,-17.9,0,0.0,0.0,0.0,0.0,0.0,0,1020.8,986.3,0,28000.0,11.6,31.3,minneapolis,2026-01-22T07:55:50.698550
2026-01-22T07:00,-13.5,68,-18.1,-18.4,0,0.0,0.0,0.0,0.0,0.0,0,1020.1,985.5,2,24200.0,8.4,23.4,minneapolis,2026-01-22T07:55:50.698550
2026-01-22T08:00,-14.1,70,-18.4,-18.8,0,0.0,0.0,0.0,0.0,0.0,0,1020.0,985.3,18,22600.0,6.8,19.4,minneapolis,2026-01-22T07:55:50.698550
2026-01-22T09:00,-14.1,72,-18.1,-19.3,0,0.0,0.0,0.0,0.0,0.0,3,1019.8,985.1,100,21800.0,9.8,19.4,minneapolis,2026-01-22T07:55:50.698550
2026-01-22T10:00,-13.6,65,-18.7,-20.1,0,0.0,0.0,0.0,0.0,0.0,3,1019.8,985.2,100,25300.0,18.9,32.4,minneapolis,2026-01-22T07:55:50.698550
2026-01-22T11:00,-13.7,70,-18.0,-20.2,0,0.0,0.0,0.0,0.0,0.0,3,1019.0,984.4,100,22400.0,19.1,43.6,minneapolis,2026-01-22T07:55:50.698550
2026-01-22T12:00,-14.3,71,-18.4,-20.7,0,0.0,0.0,0.0,0.0,0.0,1,1020.7,986.0,21,22300.0,18.2,48.6,minneapolis,2026-01-22T07:55:50.698550
2026-01-22T13:00,-14.6,68,-19.2,-20.6,0,0.0,0.0,0.0,0.0,0.0,0,1021.5,986.7,13,24100.0,15.4,40.0,minneapolis,2026-01-22T07:55:50.698550
2026-01-22T14:00,-14.8,64,-20.1,-21.2,0,0.0,0.0,0.0,0.0,0.0,3,1021.5,986.7,88,26800.0,17.4,42.1,minneapolis,2026-01-22T07:55:50.698550
2026-01-22T15:00,-13.8,56,-20.7,-21.2,0,0.0,0.0,0.0,0.0,0.0,3,1022.1,987.4,100,31900.0,24.9,54.7,minneapolis,2026-01-22T07:55:50.698550
2026-01-22T16:00,-14.0,49,-22.4,-22.3,0,0.0,0.0,0.0,0.0,0.0,3,1023.5,988.7,100,37500.0,30.3,54.0,minneapolis,2026-01-22T07:55:50.698550
2026-01-22T17:00,-14.9,54,-22.1,-23.4,0,0.0,0.0,0.0,0.0,0.0,3,1024.9,990.0,100,32600.0,31.9,55.1,minneapolis,2026-01-22T07:55:50.698550
2026-01-22T18:00,-16.1,55,-23.1,-24.7,0,0.0,0.0,0.0,0.0,0.0,3,1025.5,990.4,100,31500.0,32.2,54.7,minneapolis,2026-01-22T07:55:50.698550
2026-01-22T19:00,-17.4,60,-23.3,-26.0,0,0.0,0.0,0.0,0.0,0.0,3,1026.7,991.4,100,27200.0,32.2,53.3,minneapolis,2026-01-22T07:55:50.698550
2026-01-22T20:00,-18.8,51,-26.4,-27.4,0,0.0,0.0,0.0,0.0,0.0,3,1028.4,992.8,100,34300.0,31.9,52.2,minneapolis,2026-01-22T07:55:50.698550
2026-01-22T21:00,-20.2,51,-27.7,-28.6,0,0.0,0.0,0.0,0.0,0.0,3,1029.8,994.0,100,34300.0,29.9,51.1,minneapolis,2026-01-22T07:55:50.698550
2026-01-22T22:00,-21.4,42,-30.9,-29.7,0,0.0,0.0,0.0,0.0,0.0,3,1030.2,994.2,100,44400.0,28.8,51.8,minneapolis,2026-01-22T07:55:50.698550
2026-01-22T23:00,-23.5,51,-30.8,-31.6,0,0.0,0.0,0.0,0.0,0.0,3,1031.3,995.0,100,35100.0,28.1,51.5,minneapolis,2026-01-22T07:55:50.698550
2026-01-22T00:00,16.5,82,13.4,16.7,11,0.0,0.0,0.0,0.0,0.0,3,1022.0,1021.8,100,16800.0,5.8,8.3,new_orleans,2026-01-22T07:56:28.243019
2026-01-22T01:00,15.9,85,13.3,16.0,14,0.0,0.0,0.0,0.0,0.0,3,1022.1,1021.9,100,15900.0,6.3,8.3,new_orleans,2026-01-22T07:56:28.243019
2026-01-22T02:00,15.5,84,12.8,15.7,11,0.0,0.0,0.0,0.0,0.0,3,1022.5,1022.3,99,16500.0,4.7,11.2,new_orleans,2026-01-22T07:56:28.243019
2026-01-22T03:00,15.2,85,12.7,15.2,23,0.1,0.1,0.0,0.0,0.0,51,1022.3,1022.1,99,15900.0,6.1,9.4,new_orleans,2026-01-22T07:56:28.243019
2026-01-22T04:00,15.2,87,13.1,14.9,29,0.0,0.0,0.0,0.0,0.0,3,1021.6,1021.4,99,15100.0,8.7,17.3,new_orleans,2026-01-22T07:56:28.243019
2026-01-22T05:00,15.4,86,13.0,15.0,25,0.0,0.0,0.0,0.0,0.0,3,1021.2,1021.0,98,14500.0,8.9,23.0,new_orleans,2026-01-22T07:56:28.243019
2026-01-22T06:00,15.9,81,12.6,14.6,24,0.3,0.3,0.0,0.0,0.0,51,1020.8,1020.6,99,17300.0,14.5,30.2,new_orleans,2026-01-22T07:56:28.243019
2026-01-22T07:00,15.4,86,13.1,15.3,28,0.0,0.0,0.0,0.0,0.0,3,1021.0,1020.8,100,15300.0,7.1,20.5,new_orleans,2026-01-22T07:56:28.243019
2026-01-22T08:00,14.9,89,13.1,14.5,33,0.0,0.0,0.0,0.0,0.0,3,1020.3,1020.1,100,13900.0,9.4,19.8,new_orleans,2026-01-22T07:56:28.243019
2026-01-22T09:00,15.0,92,13.7,14.7,26,0.0,0.0,0.0,0.0,0.0,3,1020.0,1019.8,92,13200.0,10.5,22.0,new_orleans,2026-01-22T07:56:28.243019
2026-01-22T10:00,15.2,90,13.5,14.6,22,0.0,0.0,0.0,0.0,0.0,3,1020.1,1019.9,81,13700.0,11.3,23.8,new_orleans,2026-01-22T07:56:28.243019
2026-01-22T11:00,15.1,91,13.6,15.0,13,0.0,0.0,0.0,0.0,0.0,3,1020.9,1020.7,86,13100.0,8.3,19.1,new_orleans,2026-01-22T07:56:28.243019
2026-01-22T12:00,15.1,92,13.8,14.9,8,0.0,0.0,0.0,0.0,0.0,2,1021.1,1020.9,72,12700.0,9.7,20.2,new_orleans,2026-01-22T07:56:28.243019
2026-01-22T13:00,15.1,93,14.0,15.4,8,0.1,0.1,0.0,0.0,0.0,51,1021.6,1021.4,100,12400.0,7.1,19.1,new_orleans,2026-01-22T07:56:28.243019
2026-01-22T14:00,15.9,93,14.7,15.8,5,0.0,0.0,0.0,0.0,0.0,3,1021.7,1021.5,100,12400.0,11.3,24.5,new_orleans,2026-01-22T07:56:28.243019
2026-01-22T15:00,16.7,94,15.7,17.1,3,0.0,0.0,0.0,0.0,0.0,3,1021.1,1020.9,93,12500.0,10.4,24.1,new_orleans,2026-01-22T07:56:28.243019
2026-01-22T16:00,20.8,87,18.6,21.9,3,0.0,0.0,0.0,0.0,0.0,0,1020.8,1020.6,18,15600.0,13.9,23.0,new_orleans,2026-01-22T07:56:28.243019
2026-01-22T17:00,22.0,78,17.9,23.3,1,0.0,0.0,0.0,0.0,0.0,2,1020.1,1019.9,58,20100.0,10.9,18.4,new_orleans,2026-01-22T07:56:28.243019
2026-01-22T18:00,22.3,79,18.5,24.0,1,0.0,0.0,0.0,0.0,0.0,3,1019.2,1019.0,80,19500.0,9.7,14.4,new_orleans,2026-01-22T07:56:28.243019
2026-01-22T19:00,22.0,77,17.8,23.8,1,0.0,0.0,0.0,0.0,0.0,3,1018.5,1018.3,100,20100.0,6.9,13.0,new_orleans,2026-01-22T07:56:28.243019
2026-01-22T20:00,21.3,88,19.2,23.1,1,0.0,0.0,0.0,0.0,0.0,1,1018.3,1018.1,34,15200.0,11.5,14.0,new_orleans,2026-01-22T07:56:28.243019
2026-01-22T21:00,21.3,84,18.4,22.9,2,0.0,0.0,0.0,0.0,0.0,2,1018.1,1017.9,62,16800.0,9.9,13.3,new_orleans,2026-01-22T07:56:28.243019
2026-01-22T22:00,20.9,85,18.2,22.8,3,0.0,0.0,0.0,0.0,0.0,1,1017.8,1017.6,46,16500.0,7.6,10.1,new_orleans,2026-01-22T07:56:28.243019
2026-01-22T23:00,20.3,86,17.8,22.7,2,0.0,0.0,0.0,0.0,0.0,2,1017.8,1017.6,79,16400.0,2.9,8.3,new_orleans,2026-01-22T07:56:28.243019
2026-01-22T00:00,0.8,63,-5.4,-3.8,7,0.0,0.0,0.0,0.0,0.0,3,1023.9,1021.5,98,29000.0,11.9,43.9,new_york,2026-01-22T07:56:30.637638
2026-01-22T01:00,1.2,60,-5.7,-3.4,7,0.0,0.0,0.0,0.0,0.0,1,1023.7,1021.3,20,31500.0,11.7,51.8,new_york,2026-01-22T07:56:30.637638
2026-01-22T02:00,1.5,59,-5.6,-3.2,11,0.0,0.0,0.0,0.0,0.0,3,1023.2,1020.8,96,31900.0,12.4,44.6,new_york,2026-01-22T07:56:30.637638
2026-01-22T03:00,1.5,54,-6.8,-3.1,15,0.0,0.0,0.0,0.0,0.0,2,1022.4,1020.0,54,36100.0,11.2,47.5,new_york,2026-01-22T07:56:30.637638
2026-01-22T04:00,1.7,55,-6.4,-2.6,18,0.0,0.0,0.0,0.0,0.0,2,1021.4,1019.0,62,35500.0,9.4,38.9,new_york,2026-01-22T07:56:30.637638
2026-01-22T05:00,2.2,50,-7.2,-2.6,11,0.0,0.0,0.0,0.0,0.0,3,1020.3,1017.9,100,39800.0,12.3,48.6,new_york,2026-01-22T07:56:30.637638
2026-01-22T06:00,2.8,46,-7.7,-2.7,13,0.0,0.0,0.0,0.0,0.0,3,1018.7,1016.3,98,43400.0,17.0,38.5,new_york,2026-01-22T07:56:30.637638
2026-01-22T07:00,1.3,65,-4.6,-3.4,6,0.0,0.0,0.0,0.0,0.0,1,1016.2,1013.8,39,27500.0,13.6,26.3,new_york,2026-01-22T07:56:30.637638
2026-01-22T08:00,1.9,63,-4.4,-2.7,4,0.0,0.0,0.0,0.0,0.0,3,1015.4,1013.0,100,29000.0,13.2,30.6,new_york,2026-01-22T07:56:30.637638
2026-01-22T09:00,1.5,70,-3.4,-2.5,4,0.0,0.0,0.0,0.0,0.0,0,1014.6,1012.2,15,24900.0,9.0,29.2,new_york,2026-01-22T07:56:30.637638
2026-01-22T10:00,0.8,72,-3.7,-3.3,3,0.0,0.0,0.0,0.0,0.0,0,1015.0,1012.6,4,23100.0,9.7,29.5,new_york,2026-01-22T07:56:30.637638
2026-01-22T11:00,1.2,73,-3.1,-2.8,1,0.0,0.0,0.0,0.0,0.0,3,1016.1,1013.7,100,22500.0,9.7,26.6,new_york,2026-01-22T07:56:30.637638
2026-01-22T12:00,0.6,77,-3.0,-3.3,0,0.0,0.0,0.0,0.0,0.0,3,1016.9,1014.5,100,20300.0,9.4,25.6,new_york,2026-01-22T07:56:30.637638
2026-01-22T13:00,1.1,75,-2.8,-2.9,0,0.0,0.0,0.0,0.0,0.0,0,1017.1,1014.7,5,21100.0,10.5,25.2,new_york,2026-01-22T07:56:30.637638
2026-01-22T14:00,3.5,70,-1.5,-0.9,0,0.0,0.0,0.0,0.0,0.0,3,1017.7,1015.3,94,24300.0,13.9,34.6,new_york,2026-01-22T07:56:30.637638
2026-01-22T15:00,5.2,68,-0.3,0.5,0,0.0,0.0,0.0,0.0,0.0,3,1018.1,1015.7,81,25900.0,17.2,43.6,new_york,2026-01-22T07:56:30.637638
2026-01-22T16:00,6.6,63,0.0,1.5,0,0.0,0.0,0.0,0.0,0.0,1,1017.8,1015.4,43,28900.0,20.3,42.5,new_york,2026-01-22T07:56:30.637638
2026-01-22T17:00,6.9,55,-1.5,0.8,0,0.0,0.0,0.0,0.0,0.0,3,1016.3,1013.9,100,34600.0,25.6,47.9,new_york,2026-01-22T07:56:30.637638
2026-01-22T18:00,7.4,45,-3.8,0.4,0,0.0,0.0,0.0,0.0,0.0,3,1015.7,1013.4,100,43000.0,30.2,53.6,new_york,2026-01-22T07:56:30.637638
2026-01-22T19:00,7.3,45,-3.9,0.6,0,0.0,0.0,0.0,0.0,0.0,3,1015.7,1013.4,100,42800.0,28.1,49.0,new_york,2026-01-22T07:56:30.637638
2026-01-22T20:00,7.2,40,-5.5,0.4,0,0.0,0.0,0.0,0.0,0.0,3,1017.0,1014.6,100,47600.0,27.3,48.2,new_york,2026-01-22T07:56:30.637638
2026-01-22T21:00,6.3,34,-8.5,-0.5,0,0.0,0.0,0.0,0.0,0.0,3,1017.2,1014.8,100,55900.0,25.2,49.0,new_york,2026-01-22T07:56:30.637638
2026-01-22T22:00,4.2,41,-7.9,-1.3,0,0.0,0.0,0.0,0.0,0.0,3,1017.7,1015.3,100,47000.0,16.2,39.6,new_york,2026-01-22T07:56:30.637638
2026-01-22T23:00,2.5,51,-6.6,-1.6,0,0.0,0.0,0.0,0.0,0.0,3,1018.4,1016.0,100,37100.0,8.2,18.4,new_york,2026-01-22T07:56:30.637638
2026-01-22T00:00,1.9,54,-6.4,-3.1,2,0.0,0.0,0.0,0.0,0.0,1,1023.4,1019.5,24,35300.0,14.5,53.3,philadelphia,2026-01-22T07:56:33.038107
2026-01-22T01:00,2.7,43,-8.6,-2.3,2,0.0,0.0,0.0,0.0,0.0,3,1023.1,1019.2,98,47400.0,13.0,33.1,philadelphia,2026-01-22T07:56:33.038107
2026-01-22T02:00,2.2,44,-8.8,-2.2,5,0.0,0.0,0.0,0.0,0.0,3,1022.7,1018.8,98,45500.0,8.2,22.7,philadelphia,2026-01-22T07:56:33.038107
2026-01-22T03:00,2.4,48,-7.5,-2.0,5,0.0,0.0,0.0,0.0,0.0,3,1021.6,1017.7,100,41800.0,9.4,21.2,philadelphia,2026-01-22T07:56:33.038107
2026-01-22T04:00,3.0,49,-6.7,-0.9,4,0.0,0.0,0.0,0.0,0.0,3,1020.9,1017.0,100,40700.0,6.8,23.4,philadelphia,2026-01-22T07:56:33.038107
2026-01-22T05:00,2.7,54,-5.7,-0.8,3,0.0,0.0,0.0,0.0,0.0,3,1020.0,1016.1,98,36100.0,4.6,40.3,philadelphia,2026-01-22T07:56:33.038107
2026-01-22T06:00,3.6,46,-7.0,-0.2,3,0.0,0.0,0.0,0.0,0.0,2,1018.6,1014.7,56,43500.0,5.1,24.1,philadelphia,2026-01-22T07:56:33.038107
2026-01-22T07:00,2.7,61,-4.1,-1.1,1,0.0,0.0,0.0,0.0,0.0,3,1016.7,1012.8,100,30600.0,7.5,25.6,philadelphia,2026-01-22T07:56:33.038107
2026-01-22T08:00,1.9,61,-4.8,-2.3,1,0.0,0.0,0.0,0.0,0.0,2,1015.8,1011.9,52,30300.0,9.8,24.5,philadelphia,2026-01-22T07:56:33.038107
2026-01-22T09:00,1.0,67,-4.4,-3.4,0,0.0,0.0,0.0,0.0,0.0,0,1015.8,1011.9,2,26700.0,11.3,27.0,philadelphia,2026-01-22T07:56:33.038107
2026-01-22T10:00,1.2,69,-3.9,-3.5,0,0.0,0.0,0.0,0.0,0.0,2,1016.4,1012.5,73,24500.0,13.8,27.7,philadelphia,2026-01-22T07:56:33.038107
2026-01-22T11:00,1.1,69,-4.0,-4.0,0,0.0,0.0,0.0,0.0,0.0,3,1017.6,1013.7,100,24200.0,16.0,29.5,philadelphia,2026-01-22T07:56:33.038107
2026-01-22T12:00,2.3,69,-2.8,-2.5,0,0.0,0.0,0.0,0.0,0.0,3,1018.2,1014.3,100,25000.0,15.1,25.9,philadelphia,2026-01-22T07:56:33.038107
2026-01-22T13:00,1.9,75,-2.1,-2.1,0,0.0,0.0,0.0,0.0,0.0,1,1018.3,1014.4,47,21100.0,10.7,21.6,philadelphia,2026-01-22T07:56:33.038107
2026-01-22T14:00,4.3,71,-0.5,-0.2,0,0.0,0.0,0.0,0.0,0.0,1,1018.9,1015.0,21,24000.0,15.7,38.9,philadelphia,2026-01-22T07:56:33.038107
2026-01-22T15:00,6.3,66,0.4,1.3,0,0.0,0.0,0.0,0.0,0.0,0,1019.2,1015.3,9,27200.0,20.0,46.1,philadelphia,2026-01-22T07:56:33.038107
2026-01-22T16:00,7.6,52,-1.7,1.5,0,0.0,0.0,0.0,0.0,0.0,0,1019.0,1015.2,5,37900.0,25.1,56.5,philadelphia,2026-01-22T07:56:33.038107
2026-01-22T17:00,8.2,46,-2.7,1.9,0,0.0,0.0,0.0,0.0,0.0,3,1017.5,1013.7,100,43300.0,26.2,45.4,philadelphia,2026-01-22T07:56:33.038107
2026-01-22T18:00,8.6,41,-3.9,1.6,0,0.0,0.0,0.0,0.0,0.0,3,1016.9,1013.1,100,47700.0,29.7,49.7,philadelphia,2026-01-22T07:56:33.038107
2026-01-22T19:00,8.8,36,-5.5,1.7,0,0.0,0.0,0.0,0.0,0.0,3,1016.8,1013.0,100,53500.0,29.0,49.0,philadelphia,2026-01-22T07:56:33.038107
2026-01-22T20:00,8.5,31,-7.7,1.5,0,0.0,0.0,0.0,0.0,0.0,3,1017.9,1014.1,100,60100.0,26.5,49.3,philadelphia,2026-01-22T07:56:33.038107
2026-01-22T21:00,7.7,30,-8.8,1.4,0,0.0,0.0,0.0,0.0,0.0,3,1018.1,1014.3,85,61500.0,22.0,46.4,philadelphia,2026-01-22T07:56:33.038107
2026-01-22T22:00,5.6,34,-9.1,0.4,0,0.0,0.0,0.0,0.0,0.0,3,1018.4,1014.5,100,56100.0,13.7,35.6,philadelphia,2026-01-22T07:56:33.038107
2026-01-22T23:00,3.3,41,-8.8,-1.2,0,0.0,0.0,0.0,0.0,0.0,3,1019.3,1015.4,100,47500.0,8.6,19.4,philadelphia,2026-01-22T07:56:33.038107
2026-01-22T00:00,1.3,73,-3.0,-3.3,17,0.0,0.0,0.0,0.0,0.01,3,1017.2,980.3,100,17800.0,14.2,52.6,pittsburgh,2026-01-22T07:56:35.438271
2026-01-22T01:00,2.2,82,-0.5,-2.8,15,0.0,0.0,0.0,0.0,0.01,3,1017.0,980.2,100,16900.0,19.3,55.4,pittsburgh,2026-01-22T07:56:35.438271
2026-01-22T02:00,2.3,87,0.3,-2.1,21,0.0,0.0,0.0,0.0,0.0,3,1016.7,979.9,100,14900.0,15.6,56.2,pittsburgh,2026-01-22T07:56:35.438271
2026-01-22T03:00,2.6,86,0.5,-2.1,35,0.5,0.5,0.0,0.0,0.0,53,1016.5,979.8,100,15300.0,18.1,52.9,pittsburgh,2026-01-22T07:56:35.438271
2026-01-22T04:00,2.4,88,0.6,-1.8,19,0.5,0.5,0.0,0.0,0.0,53,1016.7,980.0,100,14500.0,14.8,47.5,pittsburgh,2026-01-22T07:56:35.438271
2026-01-22T05:00,2.3,85,0.0,-2.2,10,0.5,0.5,0.0,0.0,0.0,53,1016.4,979.6,100,15800.0,16.1,55.4,pittsburgh,2026-01-22T07:56:35.438271
2026-01-22T06:00,2.1,83,-0.5,-2.8,3,0.0,0.0,0.0,0.0,0.0,0,1016.3,979.5,1,16700.0,18.2,57.2,pittsburgh,2026-01-22T07:56:35.438271
2026-01-22T07:00,1.7,86,-0.4,-3.4,6,0.1,0.1,0.0,0.0,0.0,51,1015.9,979.1,100,5900.0,19.7,43.2,pittsburgh,2026-01-22T07:56:35.438271
2026-01-22T08:00,1.2,88,-0.6,-3.3,20,0.0,0.0,0.0,0.0,0.0,3,1017.3,980.4,85,14800.0,15.5,38.5,pittsburgh,2026-01-22T07:56:35.438271
2026-01-22T09:00,0.6,92,-0.5,-3.8,13,0.0,0.0,0.0,0.0,0.0,3,1016.6,979.6,100,13300.0,15.5,38.9,pittsburgh,2026-01-22T07:56:35.438271
2026-01-22T10:00,0.3,87,-1.6,-4.3,6,0.0,0.0,0.0,0.0,0.0,3,1017.5,980.4,100,15100.0,15.8,42.5,pittsburgh,2026-01-22T07:56:35.438271
2026-01-22T11:00,0.1,85,-2.1,-4.9,0,0.0,0.0,0.0,0.0,0.0,0,1017.6,980.5,1,15700.0,17.8,44.6,pittsburgh,2026-01-22T07:56:35.438271
2026-01-22T12:00,0.1,82,-2.6,-5.4,4,0.0,0.0,0.0,0.0,0.0,3,1018.3,981.2,100,17100.0,20.6,54.7,pittsburgh,2026-01-22T07:56:35.438271
2026-01-22T13:00,0.2,79,-3.0,-5.6,0,0.0,0.0,0.0,0.0,0.0,3,1018.9,981.8,100,19000.0,22.0,49.7,pittsburgh,2026-01-22T07:56:35.438271
2026-01-22T14:00,-0.3,67,-5.7,-6.6,0,0.0,0.0,0.0,0.0,0.0,0,1019.8,982.6,10,26300.0,23.3,53.6,pittsburgh,2026-01-22T07:56:35.438271
2026-01-22T15:00,-0.5,57,-8.0,-7.2,0,0.0,0.0,0.0,0.0,0.0,0,1020.5,983.2,4,33700.0,24.9,52.9,pittsburgh,2026-01-22T07:56:35.438271
2026-01-22T16:00,-0.7,53,-9.1,-7.8,0,0.0,0.0,0.0,0.0,0.0,0,1021.3,984.0,13,36900.0,26.4,52.9,pittsburgh,2026-01-22T07:56:35.438271
2026-01-22T17:00,-0.2,55,-8.2,-7.0,0,0.0,0.0,0.0,0.0,0.0,3,1020.5,983.3,91,35000.0,25.1,49.0,pittsburgh,2026-01-22T07:56:35.438271
2026-01-22T18:00,0.3,53,-8.2,-6.5,0,0.0,0.0,0.0,0.0,0.0,3,1020.1,982.9,90,37000.0,25.4,43.9,pittsburgh,2026-01-22T07:56:35.438271
2026-01-22T19:00,0.3,48,-9.4,-6.6,0,0.0,0.0,0.0,0.0,0.0,3,1020.2,983.0,100,42000.0,25.4,41.8,pittsburgh,2026-01-22T07:56:35.438271
2026-01-22T20:00,0.1,46,-10.1,-6.7,0,0.0,0.0,0.0,0.0,0.0,3,1021.0,983.8,100,43900.0,24.1,40.3,pittsburgh,2026-01-22T07:56:35.438271
2026-01-22T21:00,-0.4,46,-10.6,-6.8,0,0.0,0.0,0.0,0.0,0.0,3,1021.0,983.7,100,43500.0,21.6,40.0,pittsburgh,2026-01-22T07:56:35.438271
2026-01-22T22:00,-1.3,49,-10.6,-7.1,0,0.0,0.0,0.0,0.0,0.0,3,1020.9,983.5,100,40600.0,17.3,38.9,pittsburgh,2026-01-22T07:56:35.438271
2026-01-22T23:00,-1.7,51,-10.5,-7.3,0,0.0,0.0,0.0,0.0,0.0,3,1021.4,983.9,100,38500.0,15.8,37.1,pittsburgh,2026-01-22T07:56:35.438271
2026-01-22T00:00,4.2,60,-2.9,-0.8,0,0.0,0.0,0.0,0.0,0.0,0,1022.2,1015.9,0,31200.0,16.9,51.8,portland,2026-01-22T07:57:12.983835
2026-01-22T01:00,2.3,65,-3.6,-0.9,0,0.0,0.0,0.0,0.0,0.0,0,1022.5,1016.2,3,28100.0,4.3,50.0,portland,2026-01-22T07:57:12.983835
2026-01-22T02:00,1.0,68,-4.3,-2.7,0,0.0,0.0,0.0,0.0,0.0,0,1022.6,1016.3,3,26100.0,6.5,47.9,portland,2026-01-22T07:57:12.983835
2026-01-22T03:00,0.5,71,-4.1,-3.3,0,0.0,0.0,0.0,0.0,0.0,0,1022.4,1016.0,4,24500.0,7.6,41.0,portland,2026-01-22T07:57:12.983835
2026-01-22T04:00,0.2,72,-4.2,-3.1,0,0.0,0.0,0.0,0.0,0.0,0,1022.4,1016.0,0,23900.0,4.2,43.9,portland,2026-01-22T07:57:12.983835
2026-01-22T05:00,0.0,73,-4.2,-3.4,0,0.0,0.0,0.0,0.0,0.0,0,1022.4,1016.0,0,23200.0,5.0,41.4,portland,2026-01-22T07:57:12.983835
2026-01-22T06:00,-0.4,74,-4.4,-4.2,0,0.0,0.0,0.0,0.0,0.0,0,1022.7,1016.3,0,22400.0,7.7,38.5,portland,2026-01-22T07:57:12.983835
2026-01-22T07:00,-0.4,75,-4.3,-3.6,0,0.0,0.0,0.0,0.0,0.0,0,1023.0,1016.6,0,22100.0,3.5,38.2,portland,2026-01-22T07:57:12.983835
2026-01-22T08:00,-0.9,78,-4.2,-4.5,0,0.0,0.0,0.0,0.0,0.0,0,1022.0,1015.6,0,20100.0,6.5,29.5,portland,2026-01-22T07:57:12.983835
2026-01-22T09:00,-1.4,75,-5.3,-5.3,0,0.0,0.0,0.0,0.0,0.0,0,1022.3,1015.9,0,20000.0,7.6,23.0,portland,2026-01-22T07:57:12.983835
2026-01-22T10:00,-1.8,78,-5.1,-5.4,0,0.0,0.0,0.0,0.0,0.0,0,1022.8,1016.4,0,17600.0,5.6,10.4,portland,2026-01-22T07:57:12.983835
2026-01-22T11:00,-0.9,80,-3.9,-4.7,0,0.0,0.0,0.0,0.0,0.0,0,1022.7,1016.3,0,19100.0,7.6,13.7,portland,2026-01-22T07:57:12.983835
2026-01-22T12:00,-1.0,79,-4.2,-4.7,0,0.0,0.0,0.0,0.0,0.0,1,1022.5,1016.1,36,19300.0,7.5,11.9,portland,2026-01-22T07:57:12.983835
2026-01-22T13:00,-1.4,77,-4.9,-4.7,0,0.0,0.0,0.0,0.0,0.0,3,1022.1,1015.7,100,19500.0,4.1,4.0,portland,2026-01-22T07:57:12.983835
2026-01-22T14:00,-1.5,77,-5.0,-5.0,0,0.0,0.0,0.0,0.0,0.0,3,1022.1,1015.7,100,19600.0,5.1,6.1,portland,2026-01-22T07:57:12.983835
2026-01-22T15:00,-1.4,78,-4.7,-5.3,0,0.0,0.0,0.0,0.0,0.0,3,1022.0,1015.6,100,19500.0,7.8,16.9,portland,2026-01-22T07:57:12.983835
2026-01-22T16:00,-1.5,81,-4.3,-5.2,0,0.0,0.0,0.0,0.0,0.0,3,1021.9,1015.5,100,18200.0,7.3,16.9,portland,2026-01-22T07:57:12.983835
2026-01-22T17:00,-0.2,85,-2.4,-3.2,0,0.0,0.0,0.0,0.0,0.0,3,1022.3,1015.9,100,17300.0,3.2,18.0,portland,2026-01-22T07:57:12.983835
2026-01-22T18:00,2.3,81,-0.6,-0.5,0,0.0,0.0,0.0,0.0,0.0,3,1021.8,1015.5,100,19200.0,3.7,12.6,portland,2026-01-22T07:57:12.983835
2026-01-22T19:00,3.9,72,-0.7,0.7,1,0.0,0.0,0.0,0.0,0.0,3,1021.5,1015.2,100,23600.0,6.9,24.8,portland,2026-01-22T07:57:12.983835
2026-01-22T20:00,5.0,71,0.2,1.9,1,0.0,0.0,0.0,0.0,0.0,3,1020.8,1014.6,100,23900.0,7.4,15.5,portland,2026-01-22T07:57:12.983835
2026-01-22T21:00,5.4,73,0.9,2.3,3,0.0,0.0,0.0,0.0,0.0,3,1020.5,1014.3,100,22900.0,7.4,11.5,portland,2026-01-22T07:57:12.983835
2026-01-22T22:00,5.5,74,1.3,2.5,4,0.0,0.0,0.0,0.0,0.0,3,1020.5,1014.3,100,22300.0,7.8,9.4,portland,2026-01-22T07:57:12.983835
2026-01-22T23:00,5.3,78,1.8,2.9,5,0.0,0.0,0.0,0.0,0.0,3,1020.7,1014.5,100,20200.0,4.1,7.6,portland,2026-01-22T07:57:12.983835
2026-01-22T00:00,-18.0,69,-22.3,-22.3,0,0.0,0.0,0.0,0.0,0.0,0,1025.6,718.4,0,24140.0,2.5,6.8,saint_louis,2026-01-22T07:57:50.514083
2026-01-22T01:00,-17.9,66,-22.7,-22.3,0,0.0,0.0,0.0,0.0,0.0,1,1026.3,719.0,8,24140.0,3.6,5.0,saint_louis,2026-01-22T07:57:50.514083
2026-01-22T02:00,-17.4,64,-22.6,-21.7,0,0.0,0.0,0.0,0.0,0.0,2,1027.1,720.0,53,24140.0,2.8,5.4,saint_louis,2026-01-22T07:57:50.514083
2026-01-22T03:00,-15.2,57,-21.9,-19.3,0,0.0,0.0,0.0,0.0,0.0,1,1028.6,723.2,17,24140.0,1.3,4.0,saint_louis,2026-01-22T07:57:50.514083
2026-01-22T04:00,-11.3,43,-21.5,-15.4,0,0.0,0.0,0.0,0.0,0.0,3,1029.4,727.4,94,24140.0,1.1,3.2,saint_louis,2026-01-22T07:57:50.514083
2026-01-22T05:00,-7.8,32,-21.6,-11.8,0,0.0,0.0,0.0,0.0,0.0,3,1028.2,729.8,81,24140.0,0.7,3.2,saint_louis,2026-01-22T07:57:50.514083
2026-01-22T06:00,-5.2,26,-21.8,-9.5,0,0.0,0.0,0.0,0.0,0.0,3,1024.5,729.5,93,24140.0,2.5,6.8,saint_louis,2026-01-22T07:57:50.514083
2026-01-22T07:00,-3.3,22,-22.1,-7.8,0,0.0,0.0,0.0,0.0,0.0,1,1021.0,728.7,32,24140.0,4.0,9.0,saint_louis,2026-01-22T07:57:50.514083
2026-01-22T08:00,-2.0,20,-22.0,-6.5,0,0.0,0.0,0.0,0.0,0.0,1,1018.8,728.3,12,24140.0,4.1,9.0,saint_louis,2026-01-22T07:57:50.514083
2026-01-22T09:00,-1.3,19,-22.0,-5.8,0,0.0,0.0,0.0,0.0,0.0,0,1017.2,727.7,0,24140.0,3.8,8.6,saint_louis,2026-01-22T07:57:50.514083
2026-01-22T10:00,-1.5,20,-21.6,-5.6,0,0.0,0.0,0.0,0.0,0.0,0,1016.7,727.3,0,24140.0,1.8,7.2,saint_louis,2026-01-22T07:57:50.514083
2026-01-22T11:00,-2.8,23,-21.1,-6.9,0,0.0,0.0,0.0,0.0,0.0,0,1016.8,726.1,0,24140.0,1.6,2.5,saint_louis,2026-01-22T07:57:50.514083
2026-01-22T12:00,-5.4,28,-21.1,-9.8,0,0.0,0.0,0.0,0.0,0.0,0,1017.5,724.4,0,24140.0,3.8,5.0,saint_louis,2026-01-22T07:57:50.514083
2026-01-22T13:00,-8.0,36,-20.5,-12.2,0,0.0,0.0,0.0,0.0,0.0,0,1018.1,722.5,0,24140.0,2.9,5.0,saint_louis,2026-01-22T07:57:50.514083
2026-01-22T14:00,-9.5,42,-20.0,-13.4,0,0.0,0.0,0.0,0.0,0.0,0,1018.8,721.6,0,24140.0,0.5,4.0,saint_louis,2026-01-22T07:57:50.514083
2026-01-22T15:00,-10.5,45,-20.2,-14.7,0,0.0,0.0,0.0,0.0,0.0,0,1019.5,721.2,0,24140.0,2.2,2.9,saint_louis,2026-01-22T07:57:50.514083
2026-01-22T16:00,-12.5,54,-19.9,-16.8,0,0.0,0.0,0.0,0.0,0.0,0,1020.2,719.8,0,24140.0,3.1,4.3,saint_louis,2026-01-22T07:57:50.514083
2026-01-22T17:00,-13.9,62,-19.7,-18.2,0,0.0,0.0,0.0,0.0,0.0,0,1020.6,718.8,0,24140.0,3.1,4.7,saint_louis,2026-01-22T07:57:50.514083
2026-01-22T18:00,-14.6,65,-19.8,-18.9,0,0.0,0.0,0.0,0.0,0.0,0,1021.1,718.5,0,24140.0,3.2,4.7,saint_louis,2026-01-22T07:57:50.514083
2026-01-22T19:00,-15.3,67,-20.0,-19.6,0,0.0,0.0,0.0,0.0,0.0,0,1021.3,718.0,0,24140.0,3.7,5.0,saint_louis,2026-01-22T07:57:50.514083
2026-01-22T20:00,-15.8,67,-20.5,-20.1,0,0.0,0.0,0.0,0.0,0.0,0,1021.5,717.6,0,24140.0,3.1,5.0,saint_louis,2026-01-22T07:57:50.514083
2026-01-22T21:00,-16.2,66,-21.1,-20.5,0,0.0,0.0,0.0,0.0,0.0,0,1020.7,716.7,0,24140.0,2.9,4.3,saint_louis,2026-01-22T07:57:50.514083
2026-01-22T22:00,-16.6,64,-21.8,-20.8,0,0.0,0.0,0.0,0.0,0.0,0,1020.5,716.2,0,24140.0,2.5,4.3,saint_louis,2026-01-22T07:57:50.514083
2026-01-22T23:00,-16.8,62,-22.4,-21.1,0,0.0,0.0,0.0,0.0,0.0,0,1021.2,716.5,0,24140.0,2.9,4.0,saint_louis,2026-01-22T07:57:50.514083
2026-01-22T00:00,11.0,80,7.7,9.5,4,0.0,0.0,0.0,0.0,0.0,3,1017.2,992.0,99,18900.0,5.6,8.3,san_francisco,2026-01-22T07:57:52.911882
2026-01-22T01:00,10.1,85,7.7,8.4,3,0.0,0.0,0.0,0.0,0.0,3,1017.2,991.9,99,16100.0,7.5,14.8,san_francisco,2026-01-22T07:57:52.911882
2026-01-22T02:00,9.6,82,6.6,7.2,3,0.0,0.0,0.0,0.0,0.0,3,1017.3,992.0,99,17300.0,10.5,15.1,san_francisco,2026-01-22T07:57:52.911882
2026-01-22T03:00,9.2,81,6.1,7.9,2,0.0,0.0,0.0,0.0,0.0,2,1017.5,992.2,67,17700.0,2.6,9.4,san_francisco,2026-01-22T07:57:52.911882
2026-01-22T04:00,8.6,82,5.7,6.5,8,0.0,0.0,0.0,0.0,0.0,3,1017.6,992.2,99,17400.0,6.8,11.5,san_francisco,2026-01-22T07:57:52.911882
2026-01-22T05:00,8.6,83,5.9,6.1,2,0.0,0.0,0.0,0.0,0.0,3,1017.8,992.4,99,16700.0,10.2,15.1,san_francisco,2026-01-22T07:57:52.911882
2026-01-22T06:00,8.7,79,5.3,6.5,5,0.0,0.0,0.0,0.0,0.0,3,1017.7,992.3,99,18700.0,7.3,10.4,san_francisco,2026-01-22T07:57:52.911882
2026-01-22T07:00,9.0,77,5.2,7.0,4,0.0,0.0,0.0,0.0,0.0,3,1016.6,991.3,100,20600.0,5.5,7.9,san_francisco,2026-01-22T07:57:52.911882
2026-01-22T08:00,8.8,84,6.3,6.7,4,0.0,0.0,0.0,0.0,0.0,3,1017.0,991.6,100,16200.0,8.0,15.8,san_francisco,2026-01-22T07:57:52.911882
2026-01-22T09:00,8.5,86,6.3,6.4,4,0.0,0.0,0.0,0.0,0.0,3,1017.0,991.6,100,15800.0,8.0,14.8,san_francisco,2026-01-22T07:57:52.911882
2026-01-22T10:00,8.5,83,5.8,6.3,4,0.0,0.0,0.0,0.0,0.0,3,1016.8,991.4,100,17100.0,7.8,13.0,san_francisco,2026-01-22T07:57:52.911882
2026-01-22T11:00,8.0,79,4.6,5.4,4,0.0,0.0,0.0,0.0,0.0,3,1017.3,991.8,100,18500.0,8.8,14.8,san_francisco,2026-01-22T07:57:52.911882
2026-01-22T12:00,7.3,78,3.7,4.6,3,0.0,0.0,0.0,0.0,0.0,1,1017.1,991.6,33,17800.0,8.3,11.2,san_francisco,2026-01-22T07:57:52.911882
2026-01-22T13:00,8.1,67,2.3,5.3,3,0.0,0.0,0.0,0.0,0.0,3,1017.1,991.7,100,26300.0,6.9,9.4,san_francisco,2026-01-22T07:57:52.911882
2026-01-22T14:00,8.0,62,1.1,5.0,2,0.0,0.0,0.0,0.0,0.0,0,1016.8,991.4,19,29600.0,6.7,9.4,san_francisco,2026-01-22T07:57:52.911882
2026-01-22T15:00,7.2,67,1.5,4.7,2,0.0,0.0,0.0,0.0,0.0,0,1016.8,991.3,6,23600.0,4.2,9.0,san_francisco,2026-01-22T07:57:52.911882
2026-01-22T16:00,6.9,76,3.0,5.0,2,0.0,0.0,0.0,0.0,0.0,1,1016.7,991.2,45,17000.0,2.3,4.3,san_francisco,2026-01-22T07:57:52.911882
2026-01-22T17:00,9.1,91,7.7,8.0,1,0.0,0.0,0.0,0.0,0.0,3,1017.2,991.9,100,14500.0,3.3,6.5,san_francisco,2026-01-22T07:57:52.911882
2026-01-22T18:00,11.3,84,8.7,10.5,1,0.0,0.0,0.0,0.0,0.0,1,1017.2,992.0,25,17100.0,3.2,4.3,san_francisco,2026-01-22T07:57:52.911882
2026-01-22T19:00,12.8,76,8.7,11.9,1,0.0,0.0,0.0,0.0,0.0,2,1016.6,991.6,79,21100.0,3.8,6.8,san_francisco,2026-01-22T07:57:52.911882
2026-01-22T20:00,13.3,76,9.2,12.3,1,0.0,0.0,0.0,0.0,0.0,3,1015.8,990.9,92,21100.0,5.4,5.8,san_francisco,2026-01-22T07:57:52.911882
2026-01-22T21:00,13.7,73,8.9,13.0,1,0.0,0.0,0.0,0.0,0.0,3,1015.2,990.3,81,22900.0,2.5,2.9,san_francisco,2026-01-22T07:57:52.911882
2026-01-22T22:00,14.3,70,8.9,13.3,2,0.0,0.0,0.0,0.0,0.0,0,1015.2,990.3,5,24500.0,4.7,5.0,san_francisco,2026-01-22T07:57:52.911882
2026-01-22T23:00,13.0,81,9.8,11.6,2,0.0,0.0,0.0,0.0,0.0,0,1015.0,990.0,5,18600.0,9.8,11.2,san_francisco,2026-01-22T07:57:52.911882
2026-01-22T00:00,13.9,78,10.2,12.7,2,0.0,0.0,0.0,0.0,0.0,3,1016.5,1011.8,90,18900.0,8.7,8.6,san_jose,2026-01-22T07:59:10.575938
2026-01-22T01:00,13.3,78,9.5,12.8,5,0.0,0.0,0.0,0.0,0.0,3,1016.6,1011.9,99,20500.0,2.8,7.9,san_jose,2026-01-22T07:59:10.575938
2026-01-22T02:00,12.4,82,9.4,11.9,3,0.0,0.0,0.0,0.0,0.0,3,1017.1,1012.4,99,17700.0,2.3,3.2,san_jose,2026-01-22T07:59:10.575938
2026-01-22T03:00,11.6,84,9.0,10.5,4,0.0,0.0,0.0,0.0,0.0,3,1017.2,1012.5,99,16700.0,5.9,5.8,san_jose,2026-01-22T07:59:10.575938
2026-01-22T04:00,11.2,83,8.5,10.0,5,0.0,0.0,0.0,0.0,0.0,2,1017.7,1012.9,76,17200.0,5.4,5.4,san_jose,2026-01-22T07:59:10.575938
2026-01-22T05:00,10.7,85,8.3,9.6,4,0.0,0.0,0.0,0.0,0.0,3,1017.6,1012.8,99,16100.0,4.7,5.0,san_jose,2026-01-22T07:59:10.575938
2026-01-22T06:00,10.7,90,9.1,9.8,9,0.0,0.0,0.0,0.0,0.0,3,1017.6,1012.8,99,14400.0,4.3,5.4,san_jose,2026-01-22T07:59:10.575938
2026-01-22T07:00,10.6,92,9.3,9.3,11,0.0,0.0,0.0,0.0,0.0,3,1016.0,1011.2,100,13400.0,7.4,10.1,san_jose,2026-01-22T07:59:10.575938
2026-01-22T08:00,10.3,86,8.1,9.0,7,0.0,0.0,0.0,0.0,0.0,3,1016.7,1011.9,100,15400.0,5.6,5.4,san_jose,2026-01-22T07:59:10.575938
2026-01-22T09:00,9.8,92,8.6,8.5,4,0.0,0.0,0.0,0.0,0.0,3,1016.3,1011.5,99,13300.0,6.2,10.1,san_jose,2026-01-22T07:59:10.575938
2026-01-22T10:00,8.7,89,7.0,7.9,4,0.0,0.0,0.0,0.0,0.0,0,1016.2,1011.4,12,12600.0,0.8,4.7,san_jose,2026-01-22T07:59:10.575938
2026-01-22T11:00,7.9,91,6.6,6.1,3,0.0,0.0,0.0,0.0,0.0,1,1016.8,1012.0,32,12200.0,6.7,8.6,san_jose,2026-01-22T07:59:10.575938
2026-01-22T12:00,7.5,89,5.8,6.1,2,0.0,0.0,0.0,0.0,0.0,3,1016.7,1011.9,84,12700.0,2.9,3.6,san_jose,2026-01-22T07:59:10.575938
2026-01-22T13:00,7.9,92,6.7,6.1,2,0.0,0.0,0.0,0.0,0.0,3,1016.8,1012.0,97,12200.0,6.6,6.8,san_jose,2026-01-22T07:59:10.575938
2026-01-22T14:00,8.2,96,7.6,6.8,2,0.0,0.0,0.0,0.0,0.0,3,1016.4,1011.6,100,12200.0,5.5,7.9,san_jose,2026-01-22T07:59:10.575938
2026-01-22T15:00,8.5,92,7.3,6.9,2,0.0,0.0,0.0,0.0,0.0,3,1016.4,1011.6,100,13000.0,6.0,7.2,san_jose,2026-01-22T07:59:10.575938
2026-01-22T16:00,9.0,90,7.5,7.6,2,0.0,0.0,0.0,0.0,0.0,3,1016.4,1011.6,100,14400.0,5.8,5.8,san_jose,2026-01-22T07:59:10.575938
2026-01-22T17:00,10.7,92,9.4,10.2,2,0.0,0.0,0.0,0.0,0.0,3,1016.9,1012.1,100,13600.0,2.6,5.0,san_jose,2026-01-22T07:59:10.575938
2026-01-22T18:00,12.9,83,10.1,12.5,3,0.0,0.0,0.0,0.0,0.0,3,1016.7,1012.0,100,17100.0,2.9,4.0,san_jose,2026-01-22T07:59:10.575938
2026-01-22T19:00,14.3,77,10.3,14.0,3,0.0,0.0,0.0,0.0,0.0,3,1016.2,1011.5,100,20200.0,2.8,3.2,san_jose,2026-01-22T07:59:10.575938
2026-01-22T20:00,15.2,69,9.5,14.6,2,0.0,0.0,0.0,0.0,0.0,3,1015.3,1010.6,100,25400.0,3.2,3.6,san_jose,2026-01-22T07:59:10.575938
2026-01-22T21:00,15.9,68,10.0,15.3,1,0.0,0.0,0.0,0.0,0.0,3,1014.7,1010.0,92,25900.0,4.9,6.1,san_jose,2026-01-22T07:59:10.575938
2026-01-22T22:00,16.4,62,9.1,15.8,2,0.0,0.0,0.0,0.0,0.0,3,1014.6,1009.9,100,29800.0,2.9,3.6,san_jose,2026-01-22T07:59:10.575938
2026-01-22T23:00,16.4,62,9.1,15.7,2,0.0,0.0,0.0,0.0,0.0,3,1014.3,1009.6,100,29600.0,3.6,4.7,san_jose,2026-01-22T07:59:10.575938
2026-01-22T00:00,23.0,64,15.8,23.9,0,0.0,0.0,0.0,0.0,0.0,0,1011.7,1009.3,0,24140.0,7.1,15.1,santa_fe,2026-01-22T07:59:12.974388
2026-01-22T01:00,21.7,69,15.7,22.5,0,0.0,0.0,0.0,0.0,0.0,0,1012.4,1009.9,0,24140.0,7.8,13.0,santa_fe,2026-01-22T07:59:12.974388
2026-01-22T02:00,20.8,73,15.7,21.5,0,0.0,0.0,0.0,0.0,0.0,0,1012.7,1010.2,0,24140.0,8.2,13.7,santa_fe,2026-01-22T07:59:12.974388
2026-01-22T03:00,20.1,73,15.1,20.6,0,0.0,0.0,0.0,0.0,0.0,0,1013.3,1010.8,0,24140.0,8.5,14.0,santa_fe,2026-01-22T07:59:12.974388
2026-01-22T04:00,19.4,74,14.7,19.8,0,0.0,0.0,0.0,0.0,0.0,0,1013.5,1011.0,0,24140.0,7.9,14.0,santa_fe,2026-01-22T07:59:12.974388
2026-01-22T05:00,18.7,75,14.2,19.0,0,0.0,0.0,0.0,0.0,0.0,0,1013.5,1011.0,0,24140.0,7.4,13.3,santa_fe,2026-01-22T07:59:12.974388
2026-01-22T06:00,18.2,77,14.1,18.5,0,0.0,0.0,0.0,0.0,0.0,0,1013.0,1010.5,0,24140.0,6.8,12.2,santa_fe,2026-01-22T07:59:12.974388
2026-01-22T07:00,17.7,78,13.8,17.9,0,0.0,0.0,0.0,0.0,0.0,1,1012.8,1010.3,20,24140.0,6.5,11.2,santa_fe,2026-01-22T07:59:12.974388
2026-01-22T08:00,17.2,80,13.7,17.5,0,0.0,0.0,0.0,0.0,0.0,2,1012.8,1010.3,60,24140.0,6.4,10.8,santa_fe,2026-01-22T07:59:12.974388
2026-01-22T09:00,16.7,84,14.0,17.0,0,0.0,0.0,0.0,0.0,0.0,0,1013.6,1011.1,3,24140.0,7.1,11.5,santa_fe,2026-01-22T07:59:12.974388
2026-01-22T10:00,16.9,87,14.7,17.4,0,0.0,0.0,0.0,0.0,0.0,0,1014.2,1011.7,0,24140.0,7.0,11.9,santa_fe,2026-01-22T07:59:12.974388
2026-01-22T11:00,19.8,81,16.5,20.7,0,0.0,0.0,0.0,0.0,0.0,0,1014.6,1012.1,0,24140.0,9.2,15.8,santa_fe,2026-01-22T07:59:12.974388
2026-01-22T12:00,22.8,71,17.3,23.5,0,0.0,0.0,0.0,0.0,0.0,0,1014.4,1011.9,0,24140.0,12.7,23.4,santa_fe,2026-01-22T07:59:12.974388
2026-01-22T13:00,25.2,61,17.1,26.1,0,0.0,0.0,0.0,0.0,0.0,2,1014.2,1011.8,79,24140.0,14.5,26.3,santa_fe,2026-01-22T07:59:12.974388
2026-01-22T14:00,27.2,53,16.8,28.7,0,0.0,0.0,0.0,0.0,0.0,3,1014.0,1011.6,100,24140.0,15.9,28.8,santa_fe,2026-01-22T07:59:12.974388
2026-01-22T15:00,28.5,46,15.8,30.1,0,0.0,0.0,0.0,0.0,0.0,3,1013.9,1011.5,100,24140.0,17.3,31.7,santa_fe,2026-01-22T07:59:12.974388
2026-01-22T16:00,29.5,44,15.9,31.6,0,0.0,0.0,0.0,0.0,0.0,3,1013.6,1011.2,100,24140.0,17.1,31.7,santa_fe,2026-01-22T07:59:12.974388
2026-01-22T17:00,30.4,40,15.3,32.5,0,0.0,0.0,0.0,0.0,0.0,3,1012.9,1010.5,100,24140.0,16.1,31.0,santa_fe,2026-01-22T07:59:12.974388
2026-01-22T18:00,31.0,38,15.0,32.9,0,0.0,0.0,0.0,0.0,0.0,0,1011.9,1009.5,0,24140.0,15.9,28.8,santa_fe,2026-01-22T07:59:12.974388
2026-01-22T19:00,31.3,37,14.8,32.5,0,0.0,0.0,0.0,0.0,0.0,1,1010.8,1008.4,10,24140.0,15.4,28.8,santa_fe,2026-01-22T07:59:12.974388
2026-01-22T20:00,31.1,39,15.5,31.8,0,0.0,0.0,0.0,0.0,0.0,1,1009.9,1007.5,13,24140.0,15.0,28.1,santa_fe,2026-01-22T07:59:12.974388
2026-01-22T21:00,30.7,39,15.1,30.3,0,0.0,0.0,0.0,0.0,0.0,0,1009.4,1007.0,4,24140.0,14.5,27.4,santa_fe,2026-01-22T07:59:12.974388
2026-01-22T22:00,29.6,43,15.7,29.9,0,0.0,0.0,0.0,0.0,0.0,0,1009.4,1007.0,0,24140.0,11.2,25.6,santa_fe,2026-01-22T07:59:12.974388
2026-01-22T23:00,26.7,56,17.2,28.2,0,0.0,0.0,0.0,0.0,0.0,0,1009.9,1007.5,0,24140.0,7.4,18.7,santa_fe,2026-01-22T07:59:12.974388
2026-01-22T00:00,6.6,73,2.1,4.6,0,0.0,0.0,0.0,0.0,0.0,0,1022.6,1011.8,10,22900.0,1.1,6.1,seattle,2026-01-22T08:00:30.690788
2026-01-22T01:00,4.6,73,0.2,2.0,0,0.0,0.0,0.0,0.0,0.0,1,1022.6,1011.7,29,22400.0,3.4,6.8,seattle,2026-01-22T08:00:30.690788
2026-01-22T02:00,3.1,78,-0.3,0.5,0,0.0,0.0,0.0,0.0,0.0,0,1022.6,1011.7,18,17400.0,3.3,3.2,seattle,2026-01-22T08:00:30.690788
2026-01-22T03:00,2.1,80,-1.0,-0.3,0,0.0,0.0,0.0,0.0,0.0,0,1022.2,1011.2,5,15700.0,1.1,1.1,seattle,2026-01-22T08:00:30.690788
2026-01-22T04:00,1.7,78,-1.7,-1.0,0,0.0,0.0,0.0,0.0,0.0,1,1022.2,1011.2,27,15600.0,2.3,5.0,seattle,2026-01-22T08:00:30.690788
2026-01-22T05:00,1.1,82,-1.6,-1.6,0,0.0,0.0,0.0,0.0,0.0,0,1022.2,1011.2,8,13900.0,2.7,6.1,seattle,2026-01-22T08:00:30.690788
2026-01-22T06:00,0.5,85,-1.7,-2.2,0,0.0,0.0,0.0,0.0,0.0,1,1022.4,1011.4,24,13700.0,2.0,3.6,seattle,2026-01-22T08:00:30.690788
2026-01-22T07:00,0.3,86,-1.7,-2.4,0,0.0,0.0,0.0,0.0,0.0,2,1022.9,1011.9,67,12900.0,2.8,8.3,seattle,2026-01-22T08:00:30.690788
2026-01-22T08:00,0.4,85,-1.8,-2.0,0,0.0,0.0,0.0,0.0,0.0,3,1023.2,1012.2,100,12300.0,0.4,4.3,seattle,2026-01-22T08:00:30.690788
2026-01-22T09:00,0.5,83,-2.1,-2.5,0,0.0,0.0,0.0,0.0,0.0,2,1022.9,1011.9,79,12800.0,4.0,5.4,seattle,2026-01-22T08:00:30.690788
2026-01-22T10:00,0.2,86,-1.9,-3.2,0,0.0,0.0,0.0,0.0,0.0,3,1023.0,1011.9,98,12200.0,7.1,10.8,seattle,2026-01-22T08:00:30.690788
2026-01-22T11:00,0.5,96,-0.1,-2.5,0,0.0,0.0,0.0,0.0,0.0,45,1023.0,1012.0,100,100.0,5.9,11.5,seattle,2026-01-22T08:00:30.690788
2026-01-22T12:00,0.4,99,0.3,-2.4,0,0.0,0.0,0.0,0.0,0.0,45,1023.3,1012.3,100,100.0,4.7,12.6,seattle,2026-01-22T08:00:30.690788
2026-01-22T13:00,0.7,99,0.6,-2.0,0,0.0,0.0,0.0,0.0,0.0,45,1022.7,1011.7,100,100.0,4.4,12.2,seattle,2026-01-22T08:00:30.690788
2026-01-22T14:00,0.9,100,0.9,-1.7,0,0.0,0.0,0.0,0.0,0.0,45,1022.7,1011.7,100,100.0,4.1,9.4,seattle,2026-01-22T08:00:30.690788
2026-01-22T15:00,0.8,100,0.8,-1.8,0,0.0,0.0,0.0,0.0,0.0,45,1022.5,1011.5,100,100.0,4.3,8.3,seattle,2026-01-22T08:00:30.690788
2026-01-22T16:00,0.6,100,0.6,-2.0,0,0.0,0.0,0.0,0.0,0.0,45,1022.3,1011.3,100,100.0,4.5,8.3,seattle,2026-01-22T08:00:30.690788
2026-01-22T17:00,1.2,100,1.2,-1.4,0,0.0,0.0,0.0,0.0,0.0,45,1022.4,1011.4,100,200.0,4.8,9.0,seattle,2026-01-22T08:00:30.690788
2026-01-22T18:00,1.9,100,1.9,-0.6,0,0.0,0.0,0.0,0.0,0.0,45,1022.2,1011.2,100,300.0,4.3,8.6,seattle,2026-01-22T08:00:30.690788
2026-01-22T19:00,3.1,95,2.4,0.9,0,0.0,0.0,0.0,0.0,0.0,3,1021.8,1010.9,100,12800.0,3.2,7.6,seattle,2026-01-22T08:00:30.690788
2026-01-22T20:00,3.9,91,2.6,1.7,1,0.0,0.0,0.0,0.0,0.0,3,1021.2,1010.3,100,14200.0,3.7,6.5,seattle,2026-01-22T08:00:30.690788
2026-01-22T21:00,4.5,87,2.5,2.1,1,0.0,0.0,0.0,0.0,0.0,3,1020.7,1009.8,100,16100.0,4.6,10.4,seattle,2026-01-22T08:00:30.690788
2026-01-22T22:00,4.7,86,2.6,2.3,2,0.0,0.0,0.0,0.0,0.0,3,1021.1,1010.2,100,16400.0,4.8,8.3,seattle,2026-01-22T08:00:30.690788
2026-01-22T23:00,4.9,86,2.7,2.6,2,0.0,0.0,0.0,0.0,0.0,3,1021.0,1010.2,100,16500.0,4.1,8.3,seattle,2026-01-22T08:00:30.690788
2026-01-22T00:00,3.2,30,-12.7,-1.5,0,0.0,0.0,0.0,0.0,0.0,1,1023.5,1020.5,30,63000.0,8.6,17.3,washington,2026-01-22T08:00:33.103975
2026-01-22T01:00,3.0,32,-12.1,-1.3,2,0.0,0.0,0.0,0.0,0.0,1,1023.0,1020.0,40,60300.0,6.3,23.0,washington,2026-01-22T08:00:33.103975
2026-01-22T02:00,2.6,34,-11.7,-1.7,2,0.0,0.0,0.0,0.0,0.0,2,1022.0,1019.0,74,57700.0,6.6,24.1,washington,2026-01-22T08:00:33.103975
2026-01-22T03:00,4.0,33,-10.8,-0.4,4,0.0,0.0,0.0,0.0,0.0,3,1021.3,1018.3,98,59200.0,7.6,40.0,washington,2026-01-22T08:00:33.103975
2026-01-22T04:00,4.9,35,-9.3,0.4,3,0.0,0.0,0.0,0.0,0.0,3,1020.7,1017.7,98,55600.0,8.6,43.9,washington,2026-01-22T08:00:33.103975
2026-01-22T05:00,4.7,33,-10.2,0.2,1,0.0,0.0,0.0,0.0,0.0,0,1020.3,1017.3,7,58500.0,9.0,39.6,washington,2026-01-22T08:00:33.103975
2026-01-22T06:00,5.2,34,-9.4,0.1,1,0.0,0.0,0.0,0.0,0.0,0,1019.2,1016.2,14,57300.0,13.0,54.0,washington,2026-01-22T08:00:33.103975
2026-01-22T07:00,4.1,39,-8.6,-1.2,0,0.0,0.0,0.0,0.0,0.0,0,1018.0,1015.0,0,49700.0,14.9,33.5,washington,2026-01-22T08:00:33.103975
2026-01-22T08:00,3.6,43,-7.8,-1.5,0,0.0,0.0,0.0,0.0,0.0,0,1017.4,1014.4,0,44900.0,13.9,26.3,washington,2026-01-22T08:00:33.103975
2026-01-22T09:00,2.9,45,-7.9,-2.0,0,0.0,0.0,0.0,0.0,0.0,0,1017.5,1014.5,0,42500.0,12.8,24.8,washington,2026-01-22T08:00:33.103975
2026-01-22T10:00,2.5,46,-7.9,-2.4,0,0.0,0.0,0.0,0.0,0.0,0,1017.6,1014.6,6,42300.0,13.1,26.3,washington,2026-01-22T08:00:33.103975
2026-01-22T11:00,2.9,47,-7.3,-1.5,0,0.0,0.0,0.0,0.0,0.0,3,1018.7,1015.7,83,40800.0,9.4,21.2,washington,2026-01-22T08:00:33.103975
2026-01-22T12:00,3.0,50,-6.4,-0.8,0,0.0,0.0,0.0,0.0,0.0,3,1019.1,1016.1,100,38300.0,6.0,15.1,washington,2026-01-22T08:00:33.103975
2026-01-22T13:00,3.6,53,-5.1,0.1,0,0.0,0.0,0.0,0.0,0.0,3,1019.9,1016.9,95,35500.0,4.7,10.1,washington,2026-01-22T08:00:33.103975
2026-01-22T14:00,5.8,54,-2.8,2.7,0,0.0,0.0,0.0,0.0,0.0,1,1020.6,1017.6,24,34000.0,4.3,18.0,washington,2026-01-22T08:00:33.103975
2026-01-22T15:00,9.2,37,-4.7,3.0,0,0.0,0.0,0.0,0.0,0.0,0,1020.6,1017.6,0,51800.0,23.9,51.1,washington,2026-01-22T08:00:33.103975
2026-01-22T16:00,9.9,34,-5.3,3.4,0,0.0,0.0,0.0,0.0,0.0,0,1020.7,1017.7,0,55800.0,25.6,46.8,washington,2026-01-22T08:00:33.103975
2026-01-22T17:00,10.5,33,-5.1,4.0,0,0.0,0.0,0.0,0.0,0.0,0,1019.3,1016.4,2,56600.0,25.6,43.2,washington,2026-01-22T08:00:33.103975
2026-01-22T18:00,11.2,32,-4.9,5.0,0,0.0,0.0,0.0,0.0,0.0,3,1018.5,1015.6,100,58300.0,23.7,37.8,washington,2026-01-22T08:00:33.103975
2026-01-22T19:00,11.6,30,-5.4,5.2,0,0.0,0.0,0.0,0.0,0.0,3,1018.2,1015.3,100,61400.0,24.2,39.2,washington,2026-01-22T08:00:33.103975
2026-01-22T20:00,11.5,25,-7.9,5.0,0,0.0,0.0,0.0,0.0,0.0,3,1018.9,1016.0,99,70000.0,23.4,44.6,washington,2026-01-22T08:00:33.103975
2026-01-22T21:00,10.9,22,-10.0,4.6,0,0.0,0.0,0.0,0.0,0.0,3,1018.9,1016.0,100,75500.0,21.0,38.5,washington,2026-01-22T08:00:33.103975
2026-01-22T22:00,8.9,22,-11.7,3.7,0,0.0,0.0,0.0,0.0,0.0,3,1019.2,1016.2,100,76400.0,13.0,33.5,washington,2026-01-22T08:00:33.103975
2026-01-22T23:00,6.2,24,-12.9,1.7,0,0.0,0.0,0.0,0.0,0.0,3,1020.2,1017.2,100,73100.0,7.4,14.4,washington,2026-01-22T08:00:33.103975
2026-01-22T00:00,20.2,97,19.7,23.4,0,0.0,0.0,0.0,0.0,0.0,2,1013.6,915.6,67,24140.0,3.1,22.7,caracas,2026-01-22T08:00:35.514541
2026-01-22T01:00,19.6,98,19.3,22.8,3,0.0,0.0,0.0,0.0,0.0,45,1014.3,916.0,56,24140.0,2.0,21.6,caracas,2026-01-22T08:00:35.514541
2026-01-22T02:00,19.3,95,18.4,22.1,0,0.0,0.0,0.0,0.0,0.0,1,1015.1,916.6,28,24140.0,1.8,21.6,caracas,2026-01-22T08:00:35.514541
2026-01-22T03:00,18.9,93,17.8,21.3,0,0.0,0.0,0.0,0.0,0.0,0,1015.2,916.6,4,18080.0,3.1,22.3,caracas,2026-01-22T08:00:35.514541
2026-01-22T04:00,18.8,87,16.6,20.5,0,0.0,0.0,0.0,0.0,0.0,1,1015.1,916.5,8,24140.0,4.1,24.1,caracas,2026-01-22T08:00:35.514541
2026-01-22T05:00,18.8,82,15.7,20.1,0,0.0,0.0,0.0,0.0,0.0,1,1014.3,915.8,7,24140.0,4.7,25.6,caracas,2026-01-22T08:00:35.514541
2026-01-22T06:00,18.7,82,15.5,19.8,3,0.0,0.0,0.0,0.0,0.0,1,1013.7,915.2,11,24140.0,4.8,24.8,caracas,2026-01-22T08:00:35.514541
2026-01-22T07:00,18.5,82,15.4,19.6,0,0.0,0.0,0.0,0.0,0.0,0,1013.2,914.7,4,24140.0,5.2,24.5,caracas,2026-01-22T08:00:35.514541
2026-01-22T08:00,18.5,82,15.3,19.5,0,0.0,0.0,0.0,0.0,0.0,1,1013.0,914.5,10,24140.0,5.2,25.2,caracas,2026-01-22T08:00:35.514541
2026-01-22T09:00,18.4,82,15.3,19.4,0,0.0,0.0,0.0,0.0,0.0,1,1013.3,914.7,16,24140.0,5.6,23.0,caracas,2026-01-22T08:00:35.514541
2026-01-22T10:00,18.6,81,15.2,19.5,3,0.0,0.0,0.0,0.0,0.0,1,1013.6,915.0,12,24140.0,5.6,21.6,caracas,2026-01-22T08:00:35.514541
2026-01-22T11:00,18.6,81,15.2,19.5,0,0.0,0.0,0.0,0.0,0.0,0,1014.0,915.4,5,24140.0,5.6,20.2,caracas,2026-01-22T08:00:35.514541
2026-01-22T12:00,20.5,75,15.9,21.9,0,0.0,0.0,0.0,0.0,0.0,0,1014.4,916.4,0,24140.0,4.3,18.7,caracas,2026-01-22T08:00:35.514541
2026-01-22T13:00,22.9,66,16.2,24.4,0,0.0,0.0,0.0,0.0,0.0,2,1015.4,918.0,64,24140.0,4.4,18.7,caracas,2026-01-22T08:00:35.514541
2026-01-22T14:00,23.6,70,17.8,25.5,0,0.0,0.0,0.0,0.0,0.0,1,1015.9,918.7,34,24140.0,6.2,21.6,caracas,2026-01-22T08:00:35.514541
2026-01-22T15:00,24.3,70,18.4,26.9,3,0.0,0.0,0.0,0.0,0.0,2,1015.5,918.5,73,24140.0,7.5,21.6,caracas,2026-01-22T08:00:35.514541
2026-01-22T16:00,24.7,70,18.9,27.5,5,0.0,0.0,0.0,0.0,0.0,2,1014.8,918.0,79,12340.0,8.7,24.8,caracas,2026-01-22T08:00:35.514541
2026-01-22T17:00,24.5,74,19.5,27.4,13,0.0,0.0,0.0,0.0,0.0,2,1014.0,917.2,81,12420.0,9.4,28.8,caracas,2026-01-22T08:00:35.514541
2026-01-22T18:00,24.3,78,20.2,27.7,0,0.1,0.0,0.1,0.0,0.0,3,1013.1,916.4,93,6700.0,9.0,28.8,caracas,2026-01-22T08:00:35.514541
2026-01-22T19:00,23.6,81,20.2,26.3,0,0.2,0.0,0.2,0.0,0.0,80,1012.2,915.4,94,5000.0,8.7,27.4,caracas,2026-01-22T08:00:35.514541
2026-01-22T20:00,23.4,82,20.1,26.1,0,0.1,0.0,0.1,0.0,0.0,3,1011.9,915.0,90,5780.0,7.9,25.9,caracas,2026-01-22T08:00:35.514541
2026-01-22T21:00,22.5,87,20.2,25.5,0,0.2,0.0,0.2,0.0,0.0,80,1012.2,915.0,88,2680.0,6.5,23.4,caracas,2026-01-22T08:00:35.514541
2026-01-22T22:00,21.7,91,20.2,24.9,0,0.0,0.0,0.0,0.0,0.0,3,1012.5,915.0,88,4980.0,5.4,18.4,caracas,2026-01-22T08:00:35.514541
2026-01-22T23:00,21.0,96,20.3,24.4,0,0.0,0.0,0.0,0.0,0.0,45,1012.8,915.1,89,4740.0,4.0,15.8,caracas,2026-01-22T08:00:35.514541
2026-01-22T00:00,9.9,81,6.8,7.9,0,0.0,0.0,0.0,0.0,0.0,3,1025.2,1023.2,100,24140.0,8.3,16.6,hanoi,2026-01-22T08:00:37.925467
2026-01-22T01:00,9.8,79,6.3,7.7,0,0.0,0.0,0.0,0.0,0.0,3,1026.0,1024.0,100,23040.0,8.0,16.2,hanoi,2026-01-22T08:00:37.925467
2026-01-22T02:00,9.9,77,6.0,7.7,0,0.0,0.0,0.0,0.0,0.0,3,1027.2,1025.2,100,22120.0,7.9,15.1,hanoi,2026-01-22T08:00:37.925467
2026-01-22T03:00,9.9,75,5.7,7.7,0,0.0,0.0,0.0,0.0,0.0,3,1027.7,1025.7,100,24140.0,8.1,16.6,hanoi,2026-01-22T08:00:37.925467
2026-01-22T04:00,10.0,74,5.6,7.7,0,0.0,0.0,0.0,0.0,0.0,3,1027.1,1025.1,100,24140.0,8.6,16.6,hanoi,2026-01-22T08:00:37.925467
2026-01-22T05:00,10.2,75,6.0,8.0,0,0.0,0.0,0.0,0.0,0.0,3,1026.5,1024.5,100,24140.0,8.4,16.6,hanoi,2026-01-22T08:00:37.925467
2026-01-22T06:00,10.4,75,6.1,8.4,0,0.0,0.0,0.0,0.0,0.0,3,1025.5,1023.5,100,24140.0,6.8,15.8,hanoi,2026-01-22T08:00:37.925467
2026-01-22T07:00,10.5,76,6.4,8.7,0,0.0,0.0,0.0,0.0,0.0,3,1024.8,1022.8,100,24140.0,6.2,13.0,hanoi,2026-01-22T08:00:37.925467
2026-01-22T08:00,10.6,74,6.2,8.7,0,0.0,0.0,0.0,0.0,0.0,3,1023.9,1021.9,100,24140.0,6.6,13.0,hanoi,2026-01-22T08:00:37.925467
2026-01-22T09:00,10.7,74,6.3,8.8,0,0.0,0.0,0.0,0.0,0.0,3,1023.8,1021.8,100,24140.0,6.7,13.0,hanoi,2026-01-22T08:00:37.925467
2026-01-22T10:00,10.6,74,6.1,8.7,0,0.0,0.0,0.0,0.0,0.0,3,1024.0,1022.0,100,24140.0,5.7,12.6,hanoi,2026-01-22T08:00:37.925467
2026-01-22T11:00,10.4,74,6.0,8.8,0,0.0,0.0,0.0,0.0,0.0,3,1024.7,1022.7,100,24140.0,4.2,10.8,hanoi,2026-01-22T08:00:37.925467
2026-01-22T12:00,10.4,75,6.1,8.9,0,0.0,0.0,0.0,0.0,0.0,3,1025.2,1023.2,100,24140.0,3.6,7.9,hanoi,2026-01-22T08:00:37.925467
2026-01-22T13:00,10.4,75,6.1,8.9,0,0.0,0.0,0.0,0.0,0.0,3,1025.3,1023.3,100,24140.0,3.0,6.5,hanoi,2026-01-22T08:00:37.925467
2026-01-22T14:00,10.3,75,6.1,8.8,0,0.0,0.0,0.0,0.0,0.0,3,1025.5,1023.5,100,24140.0,3.8,7.2,hanoi,2026-01-22T08:00:37.925467
2026-01-22T15:00,10.3,75,6.1,8.8,0,0.0,0.0,0.0,0.0,0.0,3,1025.6,1023.6,100,24140.0,3.5,7.2,hanoi,2026-01-22T08:00:37.925467
2026-01-22T16:00,10.4,75,6.1,9.1,0,0.0,0.0,0.0,0.0,0.0,3,1025.8,1023.8,100,24140.0,2.1,6.8,hanoi,2026-01-22T08:00:37.925467
2026-01-22T17:00,10.4,75,6.2,9.2,0,0.0,0.0,0.0,0.0,0.0,3,1025.7,1023.7,100,24140.0,1.8,4.0,hanoi,2026-01-22T08:00:37.925467
2026-01-22T18:00,10.4,75,6.2,9.1,0,0.0,0.0,0.0,0.0,0.0,3,1025.2,1023.2,100,24140.0,2.6,5.0,hanoi,2026-01-22T08:00:37.925467
2026-01-22T19:00,10.4,77,6.5,9.0,0,0.0,0.0,0.0,0.0,0.0,3,1024.7,1022.7,100,24140.0,2.9,5.4,hanoi,2026-01-22T08:00:37.925467
2026-01-22T20:00,10.4,78,6.7,9.2,0,0.0,0.0,0.0,0.0,0.0,3,1024.2,1022.2,100,24140.0,2.2,5.4,hanoi,2026-01-22T08:00:37.925467
2026-01-22T21:00,10.4,79,6.9,9.3,0,0.0,0.0,0.0,0.0,0.0,3,1023.8,1021.8,100,24140.0,1.8,4.3,hanoi,2026-01-22T08:00:37.925467
2026-01-22T22:00,10.5,79,7.0,9.5,0,0.0,0.0,0.0,0.0,0.0,3,1024.1,1022.1,100,24140.0,1.8,3.6,hanoi,2026-01-22T08:00:37.925467
2026-01-22T23:00,10.6,79,7.1,9.6,0,0.0,0.0,0.0,0.0,0.0,3,1024.7,1022.7,100,24140.0,1.5,3.6,hanoi,2026-01-22T08:00:37.925467
