time,temperature_2m,relative_humidity_2m,dew_point_2m,apparent_temperature,precipitation_probability,precipitation,rain,showers,snowfall,snow_depth,weather_code,pressure_msl,surface_pressure,cloud_cover,visibility,wind_speed_10m,wind_gusts_10m,city,retrieved_at
2026-04-05T00:00,9.9,65,3.7,7.8,0,0.0,0.0,0.0,0.0,0.0,0,1019.5,1006.1,0,39560.0,4.4,10.4,tirana,2026-04-05T07:02:00.955565
2026-04-05T01:00,9.5,66,3.5,7.3,0,0.0,0.0,0.0,0.0,0.0,0,1020.0,1006.5,0,39340.0,4.6,9.4,tirana,2026-04-05T07:02:00.955565
2026-04-05T02:00,8.9,68,3.3,6.7,0,0.0,0.0,0.0,0.0,0.0,0,1019.8,1006.3,0,38400.0,4.6,9.4,tirana,2026-04-05T07:02:00.955565
2026-04-05T03:00,8.6,70,3.5,6.5,0,0.0,0.0,0.0,0.0,0.0,0,1020.8,1007.3,0,37840.0,4.6,9.7,tirana,2026-04-05T07:02:00.955565
2026-04-05T04:00,8.2,72,3.5,6.1,0,0.0,0.0,0.0,0.0,0.0,0,1020.5,1007.0,0,36900.0,4.6,9.4,tirana,2026-04-05T07:02:00.955565
2026-04-05T05:00,8.2,75,4.0,6.1,0,0.0,0.0,0.0,0.0,0.0,0,1021.6,1008.1,0,35540.0,4.8,9.7,tirana,2026-04-05T07:02:00.955565
2026-04-05T06:00,10.5,72,5.7,8.9,0,0.0,0.0,0.0,0.0,0.0,0,1021.4,1008.0,0,36740.0,3.7,9.7,tirana,2026-04-05T07:02:00.955565
2026-04-05T07:00,14.5,70,9.1,14.1,0,0.0,0.0,0.0,0.0,0.0,0,1021.6,1008.4,4,37400.0,1.6,7.6,tirana,2026-04-05T07:02:00.955565
2026-04-05T08:00,16.9,50,6.5,15.5,0,0.0,0.0,0.0,0.0,0.0,1,1022.0,1008.9,15,41600.0,4.0,7.9,tirana,2026-04-05T07:02:00.955565
2026-04-05T09:00,18.5,44,6.0,17.3,0,0.0,0.0,0.0,0.0,0.0,0,1022.3,1009.2,12,42560.0,7.4,15.1,tirana,2026-04-05T07:02:00.955565
2026-04-05T10:00,19.7,37,4.6,18.4,0,0.0,0.0,0.0,0.0,0.0,0,1022.4,1009.4,7,44480.0,8.6,17.3,tirana,2026-04-05T07:02:00.955565
2026-04-05T11:00,20.6,33,3.8,18.9,0,0.0,0.0,0.0,0.0,0.0,1,1022.1,1009.1,30,45940.0,11.7,22.0,tirana,2026-04-05T07:02:00.955565
2026-04-05T12:00,20.9,32,3.6,19.0,0,0.0,0.0,0.0,0.0,0.0,1,1021.7,1008.7,33,46380.0,13.2,25.2,tirana,2026-04-05T07:02:00.955565
2026-04-05T13:00,20.6,32,3.3,17.7,0,0.0,0.0,0.0,0.0,0.0,1,1021.6,1008.6,28,46060.0,16.0,30.2,tirana,2026-04-05T07:02:00.955565
2026-04-05T14:00,19.7,35,3.8,15.9,0,0.0,0.0,0.0,0.0,0.0,1,1021.2,1008.2,20,44620.0,18.4,34.6,tirana,2026-04-05T07:02:00.955565
2026-04-05T15:00,18.5,37,3.5,14.4,0,0.0,0.0,0.0,0.0,0.0,1,1021.7,1008.6,11,44180.0,17.6,34.2,tirana,2026-04-05T07:02:00.955565
2026-04-05T16:00,17.2,36,2.0,13.4,0,0.0,0.0,0.0,0.0,0.0,1,1021.9,1008.8,8,44660.0,14.3,32.4,tirana,2026-04-05T07:02:00.955565
2026-04-05T17:00,15.9,39,2.0,12.7,0,0.0,0.0,0.0,0.0,0.0,1,1022.6,1009.4,17,43620.0,9.7,25.9,tirana,2026-04-05T07:02:00.955565
2026-04-05T18:00,14.0,50,3.8,12.1,0,0.0,0.0,0.0,0.0,0.0,0,1022.9,1009.6,0,41760.0,3.6,17.6,tirana,2026-04-05T07:02:00.955565
2026-04-05T19:00,13.2,56,4.7,11.8,0,0.0,0.0,0.0,0.0,0.0,0,1023.2,1009.9,7,41360.0,1.1,6.8,tirana,2026-04-05T07:02:00.955565
2026-04-05T20:00,11.5,62,4.5,9.6,0,0.0,0.0,0.0,0.0,0.0,1,1023.1,1009.7,10,40280.0,4.3,7.9,tirana,2026-04-05T07:02:00.955565
2026-04-05T21:00,9.9,73,5.3,8.0,0,0.0,0.0,0.0,0.0,0.0,0,1023.6,1010.1,5,36640.0,5.6,10.4,tirana,2026-04-05T07:02:00.955565
2026-04-05T22:00,9.4,76,5.4,7.4,0,0.0,0.0,0.0,0.0,0.0,1,1024.0,1010.5,19,34660.0,5.6,10.4,tirana,2026-04-05T07:02:00.955565
2026-04-05T23:00,8.8,79,5.4,7.0,0,0.0,0.0,0.0,0.0,0.0,1,1024.2,1010.7,9,32380.0,5.1,10.1,tirana,2026-04-05T07:02:00.955565
2026-04-05T00:00,12.1,86,9.8,11.7,0,0.0,0.0,0.0,0.0,0.0,0,1026.2,1012.1,0,30880.0,2.0,9.4,algiers,2026-04-05T07:02:03.332895
2026-04-05T01:00,11.8,85,9.4,11.4,0,0.0,0.0,0.0,0.0,0.0,0,1025.4,1011.3,0,31280.0,1.8,10.1,algiers,2026-04-05T07:02:03.332895
2026-04-05T02:00,11.6,82,8.6,11.0,0,0.0,0.0,0.0,0.0,0.0,0,1024.9,1010.8,0,34400.0,1.8,9.7,algiers,2026-04-05T07:02:03.332895
2026-04-05T03:00,11.2,81,8.0,10.3,0,0.0,0.0,0.0,0.0,0.0,0,1025.0,1010.8,0,35640.0,2.0,7.9,algiers,2026-04-05T07:02:03.332895
2026-04-05T04:00,10.9,78,7.2,9.8,0,0.0,0.0,0.0,0.0,0.0,0,1024.9,1010.7,0,37720.0,2.4,5.0,algiers,2026-04-05T07:02:03.332895
2026-04-05T05:00,10.7,78,7.0,9.6,0,0.0,0.0,0.0,0.0,0.0,0,1025.0,1010.8,0,37820.0,1.9,5.0,algiers,2026-04-05T07:02:03.332895
2026-04-05T06:00,10.7,79,7.2,9.6,0,0.0,0.0,0.0,0.0,0.0,0,1025.3,1011.1,0,37340.0,2.0,4.7,algiers,2026-04-05T07:02:03.332895
2026-04-05T07:00,11.8,79,8.3,11.1,0,0.0,0.0,0.0,0.0,0.0,0,1025.4,1011.3,0,36740.0,1.9,4.7,algiers,2026-04-05T07:02:03.332895
2026-04-05T08:00,14.0,72,9.0,13.5,0,0.0,0.0,0.0,0.0,0.0,0,1025.6,1011.6,0,36720.0,1.5,14.0,algiers,2026-04-05T07:02:03.332895
2026-04-05T09:00,16.3,61,8.7,15.6,0,0.0,0.0,0.0,0.0,0.0,0,1026.3,1012.4,0,39480.0,2.9,16.6,algiers,2026-04-05T07:02:03.332895
2026-04-05T10:00,18.0,53,8.2,18.2,0,0.0,0.0,0.0,0.0,0.0,0,1026.6,1012.7,0,40720.0,3.7,17.3,algiers,2026-04-05T07:02:03.332895
2026-04-05T11:00,18.9,47,7.3,19.5,0,0.0,0.0,0.0,0.0,0.0,0,1026.4,1012.6,0,41600.0,4.6,18.0,algiers,2026-04-05T07:02:03.332895
2026-04-05T12:00,19.4,46,7.4,20.1,0,0.0,0.0,0.0,0.0,0.0,0,1026.5,1012.7,0,41600.0,5.7,20.5,algiers,2026-04-05T07:02:03.332895
2026-04-05T13:00,19.3,52,9.2,20.2,0,0.0,0.0,0.0,0.0,0.0,0,1025.6,1011.8,0,40620.0,7.1,23.8,algiers,2026-04-05T07:02:03.332895
2026-04-05T14:00,19.1,49,8.1,19.2,0,0.0,0.0,0.0,0.0,0.0,0,1025.1,1011.3,0,41000.0,7.3,22.0,algiers,2026-04-05T07:02:03.332895
2026-04-05T15:00,18.8,48,7.6,17.9,0,0.0,0.0,0.0,0.0,0.0,0,1024.3,1010.5,0,41280.0,7.2,21.2,algiers,2026-04-05T07:02:03.332895
2026-04-05T16:00,18.4,50,7.8,16.8,0,0.0,0.0,0.0,0.0,0.0,0,1024.4,1010.6,0,41240.0,6.6,20.9,algiers,2026-04-05T07:02:03.332895
2026-04-05T17:00,17.6,52,7.6,16.2,0,0.0,0.0,0.0,0.0,0.0,0,1024.2,1010.4,0,41220.0,5.2,15.8,algiers,2026-04-05T07:02:03.332895
2026-04-05T18:00,16.5,58,8.2,15.5,0,0.0,0.0,0.0,0.0,0.0,0,1024.2,1010.3,0,40540.0,3.1,14.8,algiers,2026-04-05T07:02:03.332895
2026-04-05T19:00,15.4,66,9.1,14.9,0,0.0,0.0,0.0,0.0,0.0,0,1024.3,1010.3,0,39240.0,2.2,15.5,algiers,2026-04-05T07:02:03.332895
2026-04-05T20:00,14.9,70,9.5,14.5,0,0.0,0.0,0.0,0.0,0.0,0,1024.7,1010.7,0,38880.0,1.8,12.6,algiers,2026-04-05T07:02:03.332895
2026-04-05T21:00,14.6,72,9.6,14.3,0,0.0,0.0,0.0,0.0,0.0,0,1024.8,1010.8,0,38840.0,1.4,9.7,algiers,2026-04-05T07:02:03.332895
2026-04-05T22:00,14.3,71,9.1,14.0,0,0.0,0.0,0.0,0.0,0.0,0,1025.0,1011.0,0,38300.0,0.4,6.8,algiers,2026-04-05T07:02:03.332895
2026-04-05T23:00,14.1,72,9.1,13.7,0,0.0,0.0,0.0,0.0,0.0,0,1024.9,1010.9,0,38920.0,0.5,5.0,algiers,2026-04-05T07:02:03.332895
2026-04-05T00:00,25.6,85,22.9,30.0,63,0.0,0.0,0.0,0.0,0.0,3,1013.3,1004.7,100,11380.0,7.5,9.0,luanda,2026-04-05T07:02:05.710710
2026-04-05T01:00,25.2,88,23.1,29.5,53,0.3,0.0,0.3,0.0,0.0,80,1012.6,1003.9,100,10560.0,8.9,20.2,luanda,2026-04-05T07:02:05.710710
2026-04-05T02:00,24.9,91,23.3,29.2,55,0.6,0.0,0.6,0.0,0.0,80,1012.8,1004.1,100,5340.0,9.1,21.2,luanda,2026-04-05T07:02:05.710710
2026-04-05T03:00,24.6,92,23.3,29.0,63,0.8,0.3,0.5,0.0,0.0,80,1012.4,1003.7,100,12100.0,8.9,21.6,luanda,2026-04-05T07:02:05.710710
2026-04-05T04:00,24.7,91,23.2,29.2,50,0.4,0.3,0.0,0.0,0.0,61,1012.3,1003.6,100,24140.0,7.9,12.6,luanda,2026-04-05T07:02:05.710710
2026-04-05T05:00,24.8,90,23.0,29.0,45,0.1,0.1,0.0,0.0,0.0,61,1012.5,1003.8,100,24140.0,8.8,12.2,luanda,2026-04-05T07:02:05.710710
2026-04-05T06:00,24.9,90,23.1,29.1,43,0.0,0.0,0.0,0.0,0.0,3,1013.4,1004.7,95,24140.0,9.1,13.0,luanda,2026-04-05T07:02:05.710710
2026-04-05T07:00,25.1,88,23.0,29.2,38,0.0,0.0,0.0,0.0,0.0,3,1014.3,1005.6,85,24140.0,9.4,13.7,luanda,2026-04-05T07:02:05.710710
2026-04-05T08:00,25.6,85,22.9,29.8,43,0.0,0.0,0.0,0.0,0.0,2,1014.8,1006.1,81,24140.0,8.8,13.3,luanda,2026-04-05T07:02:05.710710
2026-04-05T09:00,26.6,77,22.3,30.7,33,0.0,0.0,0.0,0.0,0.0,3,1014.8,1006.2,83,24140.0,7.1,12.6,luanda,2026-04-05T07:02:05.710710
2026-04-05T10:00,27.4,73,22.1,32.3,25,0.0,0.0,0.0,0.0,0.0,3,1014.6,1006.0,85,24140.0,6.0,10.8,luanda,2026-04-05T07:02:05.710710
2026-04-05T11:00,27.8,71,22.1,33.4,33,0.0,0.0,0.0,0.0,0.0,2,1013.7,1005.1,66,23760.0,6.8,10.8,luanda,2026-04-05T07:02:05.710710
2026-04-05T12:00,28.0,71,22.2,33.5,33,0.0,0.0,0.0,0.0,0.0,2,1012.7,1004.1,50,23760.0,9.0,13.3,luanda,2026-04-05T07:02:05.710710
2026-04-05T13:00,27.8,73,22.6,33.1,25,0.0,0.0,0.0,0.0,0.0,2,1011.7,1003.1,48,24140.0,10.2,15.1,luanda,2026-04-05T07:02:05.710710
2026-04-05T14:00,27.7,74,22.6,32.1,18,0.0,0.0,0.0,0.0,0.0,2,1011.0,1002.4,51,24140.0,11.5,16.9,luanda,2026-04-05T07:02:05.710710
2026-04-05T15:00,27.6,74,22.5,30.9,18,0.0,0.0,0.0,0.0,0.0,2,1010.8,1002.2,50,24140.0,12.8,18.0,luanda,2026-04-05T07:02:05.710710
2026-04-05T16:00,27.4,76,22.8,31.0,10,0.0,0.0,0.0,0.0,0.0,2,1011.1,1002.5,47,24140.0,12.9,18.4,luanda,2026-04-05T07:02:05.710710
2026-04-05T17:00,27.3,76,22.7,30.8,5,0.0,0.0,0.0,0.0,0.0,3,1011.6,1003.0,85,24140.0,13.1,18.7,luanda,2026-04-05T07:02:05.710710
2026-04-05T18:00,27.2,79,23.2,31.0,3,0.0,0.0,0.0,0.0,0.0,3,1012.3,1003.7,87,24140.0,12.4,18.4,luanda,2026-04-05T07:02:05.710710
2026-04-05T19:00,26.9,79,22.9,30.8,0,0.0,0.0,0.0,0.0,0.0,3,1012.4,1003.8,91,24140.0,10.7,17.6,luanda,2026-04-05T07:02:05.710710
2026-04-05T20:00,26.8,81,23.3,31.1,5,0.0,0.0,0.0,0.0,0.0,3,1013.1,1004.5,96,24140.0,9.7,15.1,luanda,2026-04-05T07:02:05.710710
2026-04-05T21:00,26.7,82,23.4,31.1,8,0.0,0.0,0.0,0.0,0.0,3,1013.4,1004.8,92,24140.0,9.0,16.2,luanda,2026-04-05T07:02:05.710710
2026-04-05T22:00,26.5,83,23.4,31.0,8,0.0,0.0,0.0,0.0,0.0,3,1013.5,1004.9,97,24140.0,8.6,12.6,luanda,2026-04-05T07:02:05.710710
2026-04-05T23:00,26.3,85,23.6,30.7,5,0.0,0.0,0.1,0.0,0.0,3,1013.1,1004.5,99,24140.0,9.6,15.5,luanda,2026-04-05T07:02:05.710710
2026-04-05T00:00,15.7,55,6.7,13.3,0,0.0,0.0,0.0,0.0,0.0,1,1024.5,1022.3,38,24140.0,10.7,26.3,buenos_aires,2026-04-05T07:04:08.562560
2026-04-05T01:00,14.5,59,6.6,12.1,0,0.0,0.0,0.0,0.0,0.0,1,1024.9,1022.7,24,24140.0,10.5,22.7,buenos_aires,2026-04-05T07:04:08.562560
2026-04-05T02:00,13.6,62,6.4,11.3,0,0.0,0.0,0.0,0.0,0.0,0,1025.2,1023.0,0,24140.0,9.5,22.0,buenos_aires,2026-04-05T07:04:08.562560
2026-04-05T03:00,12.9,65,6.5,10.7,0,0.0,0.0,0.0,0.0,0.0,0,1025.3,1023.1,0,24140.0,8.7,19.8,buenos_aires,2026-04-05T07:04:08.562560
2026-04-05T04:00,12.2,68,6.5,10.0,0,0.0,0.0,0.0,0.0,0.0,0,1025.5,1023.3,0,24140.0,9.5,19.4,buenos_aires,2026-04-05T07:04:08.562560
2026-04-05T05:00,11.7,70,6.4,9.5,0,0.0,0.0,0.0,0.0,0.0,0,1025.0,1022.8,0,24140.0,9.4,19.8,buenos_aires,2026-04-05T07:04:08.562560
2026-04-05T06:00,11.3,69,5.8,9.0,0,0.0,0.0,0.0,0.0,0.0,0,1024.8,1022.6,0,24140.0,9.0,19.4,buenos_aires,2026-04-05T07:04:08.562560
2026-04-05T07:00,10.9,69,5.5,8.5,0,0.0,0.0,0.0,0.0,0.0,0,1024.6,1022.4,0,24140.0,9.0,18.4,buenos_aires,2026-04-05T07:04:08.562560
2026-04-05T08:00,10.5,71,5.4,8.0,0,0.0,0.0,0.0,0.0,0.0,0,1024.6,1022.4,3,24140.0,9.2,18.7,buenos_aires,2026-04-05T07:04:08.562560
2026-04-05T09:00,10.2,72,5.4,7.8,0,0.0,0.0,0.0,0.0,0.0,1,1025.2,1023.0,15,24140.0,8.5,18.7,buenos_aires,2026-04-05T07:04:08.562560
2026-04-05T10:00,9.9,72,5.1,7.5,0,0.0,0.0,0.0,0.0,0.0,1,1024.8,1022.6,40,24140.0,8.5,17.6,buenos_aires,2026-04-05T07:04:08.562560
2026-04-05T11:00,10.4,69,4.9,7.8,0,0.0,0.0,0.0,0.0,0.0,1,1025.3,1023.1,36,24140.0,9.0,19.1,buenos_aires,2026-04-05T07:04:08.562560
2026-04-05T12:00,12.1,65,5.7,9.6,0,0.0,0.0,0.0,0.0,0.0,2,1025.7,1023.5,52,24140.0,9.8,22.0,buenos_aires,2026-04-05T07:04:08.562560
2026-04-05T13:00,14.3,61,6.9,12.1,0,0.0,0.0,0.0,0.0,0.0,2,1025.7,1023.5,51,24140.0,9.7,23.0,buenos_aires,2026-04-05T07:04:08.562560
2026-04-05T14:00,16.6,57,8.0,14.7,0,0.0,0.0,0.0,0.0,0.0,2,1025.2,1023.0,49,24140.0,9.5,23.0,buenos_aires,2026-04-05T07:04:08.562560
2026-04-05T15:00,18.1,54,8.6,16.5,0,0.0,0.0,0.0,0.0,0.0,2,1024.7,1022.5,73,24140.0,10.2,23.4,buenos_aires,2026-04-05T07:04:08.562560
2026-04-05T16:00,18.5,56,9.5,16.8,0,0.0,0.0,0.0,0.0,0.0,3,1024.0,1021.8,100,24140.0,10.9,24.8,buenos_aires,2026-04-05T07:04:08.562560
2026-04-05T17:00,18.8,59,10.6,17.5,0,0.0,0.0,0.0,0.0,0.0,3,1023.1,1020.9,100,24140.0,10.1,24.8,buenos_aires,2026-04-05T07:04:08.562560
2026-04-05T18:00,18.6,60,10.7,17.0,0,0.0,0.0,0.0,0.0,0.0,3,1022.3,1020.1,100,24140.0,12.6,27.7,buenos_aires,2026-04-05T07:04:08.562560
2026-04-05T19:00,19.2,56,10.2,17.5,0,0.0,0.0,0.0,0.0,0.0,2,1021.9,1019.8,59,24140.0,12.1,27.7,buenos_aires,2026-04-05T07:04:08.562560
2026-04-05T20:00,19.6,52,9.5,17.7,0,0.0,0.0,0.0,0.0,0.0,3,1021.1,1019.0,86,24140.0,12.2,27.0,buenos_aires,2026-04-05T07:04:08.562560
2026-04-05T21:00,19.0,54,9.5,17.1,0,0.0,0.0,0.0,0.0,0.0,3,1020.9,1018.8,87,24140.0,12.2,27.0,buenos_aires,2026-04-05T07:04:08.562560
2026-04-05T22:00,18.2,57,9.5,16.6,0,0.0,0.0,0.0,0.0,0.0,2,1020.4,1018.2,64,24140.0,10.1,26.3,buenos_aires,2026-04-05T07:04:08.562560
2026-04-05T23:00,17.7,64,10.8,16.7,3,0.0,0.0,0.0,0.0,0.0,3,1020.2,1018.0,95,24140.0,8.4,21.2,buenos_aires,2026-04-05T07:04:08.562560
2026-04-05T00:00,27.0,76,22.4,27.4,0,0.0,0.0,0.0,0.0,0.0,3,1010.8,1010.2,5,24140.0,33.0,41.8,oranjestad,2026-04-05T07:04:10.951421
2026-04-05T01:00,27.0,78,22.8,27.6,0,0.0,0.0,0.0,0.0,0.0,1,1011.7,1011.1,26,24140.0,32.8,43.6,oranjestad,2026-04-05T07:04:10.951421
2026-04-05T02:00,27.0,79,23.0,27.6,0,0.0,0.0,0.0,0.0,0.0,1,1012.4,1011.8,26,24140.0,33.7,45.0,oranjestad,2026-04-05T07:04:10.951421
2026-04-05T03:00,27.0,79,23.1,27.6,0,0.0,0.0,0.0,0.0,0.0,1,1012.8,1012.2,33,24140.0,34.2,45.0,oranjestad,2026-04-05T07:04:10.951421
2026-04-05T04:00,26.8,80,23.1,27.2,0,0.0,0.0,0.0,0.0,0.0,2,1012.5,1011.9,46,24140.0,35.6,47.5,oranjestad,2026-04-05T07:04:10.951421
2026-04-05T05:00,26.7,81,23.1,26.9,0,0.0,0.0,0.0,0.0,0.0,2,1012.4,1011.8,62,24140.0,36.4,48.6,oranjestad,2026-04-05T07:04:10.951421
2026-04-05T06:00,26.6,82,23.3,27.0,0,0.0,0.0,0.0,0.0,0.0,2,1011.6,1011.0,75,24140.0,36.5,48.6,oranjestad,2026-04-05T07:04:10.951421
2026-04-05T07:00,26.5,82,23.2,27.0,0,0.0,0.0,0.0,0.0,0.0,2,1011.0,1010.4,64,24140.0,35.5,49.0,oranjestad,2026-04-05T07:04:10.951421
2026-04-05T08:00,26.6,82,23.2,27.2,0,0.0,0.0,0.0,0.0,0.0,3,1010.4,1009.8,87,24140.0,34.2,47.2,oranjestad,2026-04-05T07:04:10.951421
2026-04-05T09:00,26.7,82,23.3,27.4,0,0.0,0.0,0.0,0.0,0.0,3,1010.6,1010.0,94,24140.0,34.4,45.7,oranjestad,2026-04-05T07:04:10.951421
2026-04-05T10:00,26.7,82,23.3,27.3,0,0.0,0.0,0.0,0.0,0.0,3,1010.8,1010.2,92,24140.0,34.6,45.7,oranjestad,2026-04-05T07:04:10.951421
2026-04-05T11:00,26.7,82,23.3,27.3,0,0.0,0.0,0.0,0.0,0.0,3,1011.2,1010.6,90,24140.0,34.8,46.1,oranjestad,2026-04-05T07:04:10.951421
2026-04-05T12:00,26.8,83,23.6,27.6,0,0.0,0.0,0.0,0.0,0.0,3,1011.7,1011.1,94,24140.0,34.7,46.4,oranjestad,2026-04-05T07:04:10.951421
2026-04-05T13:00,27.0,81,23.4,27.5,0,0.0,0.0,0.0,0.0,0.0,3,1012.3,1011.7,82,24140.0,35.7,47.5,oranjestad,2026-04-05T07:04:10.951421
2026-04-05T14:00,27.3,80,23.5,28.0,0,0.0,0.0,0.0,0.0,0.0,3,1012.5,1011.9,91,24140.0,36.2,48.2,oranjestad,2026-04-05T07:04:10.951421
2026-04-05T15:00,27.4,79,23.5,28.8,0,0.0,0.0,0.0,0.0,0.0,1,1012.4,1011.8,19,24140.0,36.6,48.6,oranjestad,2026-04-05T07:04:10.951421
2026-04-05T16:00,27.5,78,23.3,29.4,0,0.0,0.0,0.0,0.0,0.0,2,1012.0,1011.4,72,24140.0,36.2,48.6,oranjestad,2026-04-05T07:04:10.951421
2026-04-05T17:00,27.6,78,23.4,29.9,0,0.0,0.0,0.0,0.0,0.0,1,1011.0,1010.4,23,24140.0,34.8,47.9,oranjestad,2026-04-05T07:04:10.951421
2026-04-05T18:00,27.7,77,23.3,30.2,0,0.0,0.0,0.0,0.0,0.0,2,1009.9,1009.3,44,24140.0,33.0,46.1,oranjestad,2026-04-05T07:04:10.951421
2026-04-05T19:00,27.8,77,23.4,29.9,0,0.0,0.0,0.0,0.0,0.0,3,1009.2,1008.6,94,24140.0,32.8,43.2,oranjestad,2026-04-05T07:04:10.951421
2026-04-05T20:00,27.6,78,23.4,29.0,0,0.0,0.0,0.0,0.0,0.0,1,1008.8,1008.2,22,24140.0,33.4,43.9,oranjestad,2026-04-05T07:04:10.951421
2026-04-05T21:00,27.3,80,23.6,28.2,0,0.0,0.0,0.0,0.0,0.0,3,1008.5,1007.9,100,24140.0,34.2,45.4,oranjestad,2026-04-05T07:04:10.951421
2026-04-05T22:00,27.1,82,23.7,27.9,0,0.0,0.0,0.0,0.0,0.0,1,1008.6,1008.0,22,24140.0,34.8,46.4,oranjestad,2026-04-05T07:04:10.951421
2026-04-05T23:00,26.9,83,23.8,27.8,0,0.0,0.0,0.0,0.0,0.0,1,1009.2,1008.6,39,24140.0,34.7,46.8,oranjestad,2026-04-05T07:04:10.951421
2026-04-05T00:00,24.6,64,17.3,25.1,0,0.0,0.0,0.0,0.0,0.0,3,1020.2,1017.0,92,24140.0,14.2,37.4,brisbane,2026-04-05T07:04:13.330146
2026-04-05T01:00,25.7,57,16.5,25.7,0,0.0,0.0,0.0,0.0,0.0,3,1019.4,1016.3,89,24140.0,15.3,38.9,brisbane,2026-04-05T07:04:13.330146
2026-04-05T02:00,25.9,56,16.5,25.8,0,0.0,0.0,0.0,0.0,0.0,2,1018.7,1015.6,77,24140.0,16.3,41.8,brisbane,2026-04-05T07:04:13.330146
2026-04-05T03:00,26.2,53,15.9,25.9,0,0.0,0.0,0.0,0.0,0.0,2,1017.6,1014.5,75,24140.0,16.0,41.8,brisbane,2026-04-05T07:04:13.330146
2026-04-05T04:00,26.3,52,15.7,26.0,0,0.0,0.0,0.0,0.0,0.0,2,1017.4,1014.3,81,24140.0,15.2,41.0,brisbane,2026-04-05T07:04:13.330146
2026-04-05T05:00,26.4,48,14.5,25.7,0,0.0,0.0,0.0,0.0,0.0,2,1017.1,1014.0,65,24140.0,14.8,39.2,brisbane,2026-04-05T07:04:13.330146
2026-04-05T06:00,26.1,44,12.9,24.9,0,0.0,0.0,0.0,0.0,0.0,2,1017.5,1014.4,46,24140.0,14.5,38.2,brisbane,2026-04-05T07:04:13.330146
2026-04-05T07:00,24.9,44,11.8,23.5,0,0.0,0.0,0.0,0.0,0.0,1,1018.0,1014.9,26,24140.0,13.7,36.4,brisbane,2026-04-05T07:04:13.330146
2026-04-05T08:00,23.1,49,11.8,22.2,0,0.0,0.0,0.0,0.0,0.0,0,1018.5,1015.3,3,24140.0,10.3,33.8,brisbane,2026-04-05T07:04:13.330146
2026-04-05T09:00,21.8,58,13.1,21.9,0,0.0,0.0,0.0,0.0,0.0,0,1018.9,1015.7,0,24140.0,6.2,24.5,brisbane,2026-04-05T07:04:13.330146
2026-04-05T10:00,20.9,64,13.8,21.3,0,0.0,0.0,0.0,0.0,0.0,0,1019.4,1016.2,0,24140.0,5.8,14.8,brisbane,2026-04-05T07:04:13.330146
2026-04-05T11:00,20.0,70,14.4,20.7,0,0.0,0.0,0.0,0.0,0.0,0,1019.7,1016.5,0,24140.0,5.2,14.4,brisbane,2026-04-05T07:04:13.330146
2026-04-05T12:00,19.3,74,14.6,20.1,0,0.0,0.0,0.0,0.0,0.0,1,1020.0,1016.8,7,24140.0,4.7,12.6,brisbane,2026-04-05T07:04:13.330146
2026-04-05T13:00,18.9,76,14.6,19.8,0,0.0,0.0,0.0,0.0,0.0,1,1019.5,1016.3,27,24140.0,4.2,10.4,brisbane,2026-04-05T07:04:13.330146
2026-04-05T14:00,18.5,76,14.2,19.3,0,0.0,0.0,0.0,0.0,0.0,1,1019.4,1016.2,31,24140.0,4.2,9.7,brisbane,2026-04-05T07:04:13.330146
2026-04-05T15:00,18.2,78,14.3,19.0,0,0.0,0.0,0.0,0.0,0.0,1,1019.0,1015.8,30,24140.0,3.8,9.4,brisbane,2026-04-05T07:04:13.330146
2026-04-05T16:00,17.7,82,14.6,18.7,0,0.0,0.0,0.0,0.0,0.0,1,1018.7,1015.5,22,24140.0,3.6,8.6,brisbane,2026-04-05T07:04:13.330146
2026-04-05T17:00,17.4,85,14.8,18.5,0,0.0,0.0,0.0,0.0,0.0,1,1018.5,1015.3,11,24140.0,3.6,8.3,brisbane,2026-04-05T07:04:13.330146
2026-04-05T18:00,17.1,87,14.9,18.3,0,0.0,0.0,0.0,0.0,0.0,1,1018.2,1015.0,15,24140.0,3.6,8.3,brisbane,2026-04-05T07:04:13.330146
2026-04-05T19:00,16.8,89,14.9,17.9,0,0.0,0.0,0.0,0.0,0.0,1,1018.5,1015.3,6,24140.0,3.3,8.3,brisbane,2026-04-05T07:04:13.330146
2026-04-05T20:00,16.5,90,14.9,17.7,0,0.0,0.0,0.0,0.0,0.0,0,1019.0,1015.8,5,24140.0,3.3,7.9,brisbane,2026-04-05T07:04:13.330146
2026-04-05T21:00,17.2,88,15.2,18.5,0,0.0,0.0,0.0,0.0,0.0,1,1019.6,1016.4,24,24140.0,3.2,8.3,brisbane,2026-04-05T07:04:13.330146
2026-04-05T22:00,19.5,76,15.2,20.4,0,0.0,0.0,0.0,0.0,0.0,1,1020.5,1017.3,37,24140.0,6.0,16.6,brisbane,2026-04-05T07:04:13.330146
2026-04-05T23:00,21.5,67,15.1,21.9,0,0.0,0.0,0.0,0.0,0.0,1,1020.8,1017.6,24,24140.0,9.0,25.2,brisbane,2026-04-05T07:04:13.330146
2026-04-05T00:00,15.2,74,10.6,14.2,0,0.0,0.0,0.0,0.0,0.0,2,1027.0,961.9,69,24140.0,8.9,19.8,canberra,2026-04-05T07:06:16.156124
2026-04-05T01:00,16.9,66,10.5,16.1,0,0.0,0.0,0.0,0.0,0.0,2,1025.8,961.2,62,24140.0,7.1,16.9,canberra,2026-04-05T07:06:16.156124
2026-04-05T02:00,18.6,57,10.0,18.1,0,0.0,0.0,0.0,0.0,0.0,2,1024.5,960.3,62,24140.0,7.3,15.5,canberra,2026-04-05T07:06:16.156124
2026-04-05T03:00,19.4,52,9.3,18.9,0,0.0,0.0,0.0,0.0,0.0,2,1023.2,959.3,61,24140.0,6.9,15.5,canberra,2026-04-05T07:06:16.156124
2026-04-05T04:00,19.8,50,9.1,18.8,0,0.0,0.0,0.0,0.0,0.0,2,1022.4,958.6,58,24140.0,7.6,14.4,canberra,2026-04-05T07:06:16.156124
2026-04-05T05:00,20.0,49,9.0,18.4,0,0.0,0.0,0.0,0.0,0.0,2,1021.8,958.1,61,24140.0,9.4,17.3,canberra,2026-04-05T07:06:16.156124
2026-04-05T06:00,19.4,50,8.7,17.8,0,0.0,0.0,0.0,0.0,0.0,2,1021.5,957.7,76,24140.0,9.0,18.4,canberra,2026-04-05T07:06:16.156124
2026-04-05T07:00,18.2,58,9.8,17.1,0,0.0,0.0,0.0,0.0,0.0,2,1021.6,957.5,67,24140.0,7.5,16.9,canberra,2026-04-05T07:06:16.156124
2026-04-05T08:00,16.4,63,9.4,15.0,0,0.0,0.0,0.0,0.0,0.0,2,1022.4,957.9,58,24140.0,9.1,16.6,canberra,2026-04-05T07:06:16.156124
2026-04-05T09:00,14.4,76,10.3,12.9,0,0.0,0.0,0.0,0.0,0.0,2,1023.1,958.1,62,24140.0,11.2,22.3,canberra,2026-04-05T07:06:16.156124
2026-04-05T10:00,13.4,84,10.7,12.6,0,0.0,0.0,0.0,0.0,0.0,3,1024.0,958.7,81,24140.0,7.2,20.2,canberra,2026-04-05T07:06:16.156124
2026-04-05T11:00,12.6,88,10.7,12.1,0,0.0,0.0,0.0,0.0,0.0,2,1024.3,958.8,80,24140.0,5.0,13.3,canberra,2026-04-05T07:06:16.156124
2026-04-05T12:00,11.9,92,10.6,11.5,0,0.0,0.0,0.0,0.0,0.0,2,1024.7,959.0,71,24140.0,4.3,9.4,canberra,2026-04-05T07:06:16.156124
2026-04-05T13:00,11.2,94,10.3,10.8,0,0.0,0.0,0.0,0.0,0.0,3,1024.4,958.6,85,24140.0,3.6,7.9,canberra,2026-04-05T07:06:16.156124
2026-04-05T14:00,11.0,94,10.1,10.8,0,0.0,0.0,0.0,0.0,0.0,3,1023.7,957.9,87,24140.0,2.3,6.5,canberra,2026-04-05T07:06:16.156124
2026-04-05T15:00,11.1,92,9.8,10.9,0,0.0,0.0,0.0,0.0,0.0,3,1023.4,957.7,88,24140.0,1.1,4.7,canberra,2026-04-05T07:06:16.156124
2026-04-05T16:00,11.0,91,9.6,10.7,0,0.0,0.0,0.0,0.0,0.0,2,1022.8,957.1,73,24140.0,1.9,3.2,canberra,2026-04-05T07:06:16.156124
2026-04-05T17:00,10.7,92,9.5,10.3,0,0.0,0.0,0.0,0.0,0.0,3,1022.2,956.4,90,24140.0,2.4,4.3,canberra,2026-04-05T07:06:16.156124
2026-04-05T18:00,10.3,95,9.6,9.6,0,0.0,0.0,0.0,0.0,0.0,3,1021.6,955.8,98,24140.0,4.4,7.6,canberra,2026-04-05T07:06:16.156124
2026-04-05T19:00,10.3,96,9.7,9.6,5,0.0,0.0,0.0,0.0,0.0,3,1021.5,955.7,100,24140.0,4.0,8.6,canberra,2026-04-05T07:06:16.156124
2026-04-05T20:00,10.3,96,9.7,9.5,3,0.0,0.0,0.0,0.0,0.0,3,1021.5,955.7,100,24140.0,4.8,8.6,canberra,2026-04-05T07:06:16.156124
2026-04-05T21:00,10.7,94,9.8,10.2,8,0.0,0.0,0.0,0.0,0.0,3,1021.8,956.1,96,24140.0,3.3,9.4,canberra,2026-04-05T07:06:16.156124
2026-04-05T22:00,11.8,92,10.6,11.8,18,0.0,0.0,0.0,0.0,0.0,3,1022.1,956.6,100,24140.0,1.5,6.5,canberra,2026-04-05T07:06:16.156124
2026-04-05T23:00,12.8,86,10.5,12.9,28,0.1,0.1,0.0,0.0,0.0,61,1021.9,956.6,100,24140.0,0.4,3.2,canberra,2026-04-05T07:06:16.156124
2026-04-05T00:00,17.6,60,9.7,16.8,0,0.0,0.0,0.0,0.0,0.0,3,1024.9,1022.7,91,24140.0,5.1,12.2,melbourne,2026-04-05T07:06:18.533496
2026-04-05T01:00,20.6,54,11.0,20.2,0,0.0,0.0,0.0,0.0,0.0,3,1023.9,1021.8,94,24140.0,6.8,17.3,melbourne,2026-04-05T07:06:18.533496
2026-04-05T02:00,23.5,47,11.6,23.0,0,0.0,0.0,0.0,0.0,0.0,3,1022.8,1020.7,98,24140.0,9.7,24.1,melbourne,2026-04-05T07:06:18.533496
2026-04-05T03:00,24.5,43,11.1,23.1,0,0.0,0.0,0.0,0.0,0.0,3,1021.4,1019.3,100,24140.0,12.1,28.4,melbourne,2026-04-05T07:06:18.533496
2026-04-05T04:00,24.6,43,11.2,23.3,0,0.0,0.0,0.0,0.0,0.0,3,1020.5,1018.4,82,24140.0,12.1,29.2,melbourne,2026-04-05T07:06:18.533496
2026-04-05T05:00,24.8,44,11.8,23.7,0,0.0,0.0,0.0,0.0,0.0,2,1019.9,1017.8,66,24140.0,11.4,28.4,melbourne,2026-04-05T07:06:18.533496
2026-04-05T06:00,25.1,43,11.7,24.0,0,0.0,0.0,0.0,0.0,0.0,2,1019.4,1017.3,51,24140.0,11.2,26.3,melbourne,2026-04-05T07:06:18.533496
2026-04-05T07:00,24.8,44,11.7,23.9,0,0.0,0.0,0.0,0.0,0.0,2,1019.1,1017.0,63,24140.0,9.8,25.6,melbourne,2026-04-05T07:06:18.533496
2026-04-05T08:00,23.7,48,12.1,23.4,0,0.0,0.0,0.0,0.0,0.0,2,1019.3,1017.2,48,24140.0,6.5,22.3,melbourne,2026-04-05T07:06:18.533496
2026-04-05T09:00,22.2,56,13.0,22.9,0,0.0,0.0,0.0,0.0,0.0,3,1019.4,1017.3,84,24140.0,2.3,13.3,melbourne,2026-04-05T07:06:18.533496
2026-04-05T10:00,20.6,65,13.8,21.2,0,0.0,0.0,0.0,0.0,0.0,3,1019.4,1017.3,94,24140.0,4.0,7.9,melbourne,2026-04-05T07:06:18.533496
2026-04-05T11:00,18.9,75,14.4,19.9,0,0.0,0.0,0.0,0.0,0.0,3,1019.6,1017.5,98,24140.0,3.5,7.9,melbourne,2026-04-05T07:06:18.533496
2026-04-05T12:00,18.5,77,14.4,19.7,0,0.0,0.0,0.0,0.0,0.0,3,1019.7,1017.6,100,24140.0,1.9,7.2,melbourne,2026-04-05T07:06:18.533496
2026-04-05T13:00,18.0,78,14.1,19.0,3,0.0,0.0,0.0,0.0,0.0,3,1019.4,1017.3,100,24140.0,2.6,4.3,melbourne,2026-04-05T07:06:18.533496
2026-04-05T14:00,17.4,82,14.3,18.3,0,0.0,0.0,0.0,0.0,0.0,3,1018.6,1016.4,100,24140.0,3.1,6.8,melbourne,2026-04-05T07:06:18.533496
2026-04-05T15:00,17.3,82,14.2,18.4,0,0.0,0.0,0.0,0.0,0.0,3,1018.1,1015.9,100,24140.0,2.6,5.8,melbourne,2026-04-05T07:06:18.533496
2026-04-05T16:00,17.1,82,14.0,18.0,10,0.0,0.0,0.0,0.0,0.0,3,1017.8,1015.6,100,24140.0,2.8,5.4,melbourne,2026-04-05T07:06:18.533496
2026-04-05T17:00,16.8,83,13.9,17.6,18,0.0,0.0,0.0,0.0,0.0,3,1017.1,1014.9,97,24140.0,3.2,7.6,melbourne,2026-04-05T07:06:18.533496
2026-04-05T18:00,16.5,85,14.0,17.4,20,0.0,0.0,0.0,0.0,0.0,3,1016.9,1014.7,95,24140.0,2.7,5.8,melbourne,2026-04-05T07:06:18.533496
2026-04-05T19:00,16.5,84,13.8,17.3,18,0.0,0.0,0.0,0.0,0.0,3,1016.5,1014.3,100,24140.0,3.6,7.2,melbourne,2026-04-05T07:06:18.533496
2026-04-05T20:00,16.7,80,13.3,17.3,5,0.0,0.0,0.0,0.0,0.0,3,1016.5,1014.3,99,24140.0,3.6,7.6,melbourne,2026-04-05T07:06:18.533496
2026-04-05T21:00,17.1,74,12.5,17.4,13,0.0,0.0,0.0,0.0,0.0,3,1016.8,1014.6,95,23740.0,3.8,7.6,melbourne,2026-04-05T07:06:18.533496
2026-04-05T22:00,17.8,68,11.9,17.7,25,0.0,0.0,0.0,0.0,0.0,3,1017.3,1015.2,90,16560.0,4.7,9.4,melbourne,2026-04-05T07:06:18.533496
2026-04-05T23:00,19.5,60,11.5,18.6,5,0.0,0.0,0.0,0.0,0.0,3,1017.4,1015.3,93,23560.0,9.2,20.5,melbourne,2026-04-05T07:06:18.533496
2026-04-05T00:00,20.4,88,18.4,21.4,8,0.1,0.0,0.1,0.0,0.0,2,1016.3,1013.5,81,24140.0,14.2,24.1,perth,2026-04-05T07:06:20.912711
2026-04-05T01:00,21.2,78,17.2,21.4,15,0.0,0.0,0.0,0.0,0.0,2,1016.7,1013.9,65,24140.0,15.7,26.6,perth,2026-04-05T07:06:20.912711
2026-04-05T02:00,21.6,72,16.3,21.3,13,0.0,0.0,0.0,0.0,0.0,2,1017.2,1014.4,56,23380.0,16.6,28.4,perth,2026-04-05T07:06:20.912711
2026-04-05T03:00,21.7,72,16.4,21.6,3,0.0,0.0,0.0,0.0,0.0,2,1017.0,1014.2,72,24140.0,17.4,29.5,perth,2026-04-05T07:06:20.912711
2026-04-05T04:00,21.7,73,16.7,22.1,0,0.0,0.0,0.0,0.0,0.0,2,1016.7,1013.9,46,24140.0,18.8,31.7,perth,2026-04-05T07:06:20.912711
2026-04-05T05:00,21.8,68,15.6,22.4,3,0.0,0.0,0.0,0.0,0.0,1,1016.2,1013.4,31,24140.0,17.8,32.0,perth,2026-04-05T07:06:20.912711
2026-04-05T06:00,21.9,66,15.3,22.3,0,0.0,0.0,0.0,0.0,0.0,1,1015.9,1013.1,7,24140.0,17.1,30.2,perth,2026-04-05T07:06:20.912711
2026-04-05T07:00,21.7,70,16.0,21.4,0,0.0,0.0,0.0,0.0,0.0,1,1016.3,1013.5,23,24140.0,19.5,33.1,perth,2026-04-05T07:06:20.912711
2026-04-05T08:00,21.2,74,16.3,20.2,0,0.0,0.0,0.0,0.0,0.0,1,1016.6,1013.8,34,24140.0,21.6,36.0,perth,2026-04-05T07:06:20.912711
2026-04-05T09:00,21.0,74,16.2,20.0,0,0.0,0.0,0.0,0.0,0.0,1,1016.6,1013.8,26,24140.0,21.4,35.6,perth,2026-04-05T07:06:20.912711
2026-04-05T10:00,21.0,72,15.8,19.8,0,0.0,0.0,0.0,0.0,0.0,2,1016.8,1014.0,60,24140.0,21.9,36.4,perth,2026-04-05T07:06:20.912711
2026-04-05T11:00,20.7,73,15.7,19.5,0,0.0,0.0,0.0,0.0,0.0,2,1017.2,1014.4,48,24140.0,21.9,36.7,perth,2026-04-05T07:06:20.912711
2026-04-05T12:00,20.7,71,15.2,19.5,0,0.0,0.0,0.0,0.0,0.0,1,1017.7,1014.9,29,24140.0,19.8,36.4,perth,2026-04-05T07:06:20.912711
2026-04-05T13:00,20.5,71,15.1,19.4,0,0.0,0.0,0.0,0.0,0.0,1,1018.2,1015.4,44,24140.0,19.6,32.8,perth,2026-04-05T07:06:20.912711
2026-04-05T14:00,20.1,73,15.1,19.0,0,0.0,0.0,0.0,0.0,0.0,1,1018.5,1015.7,36,24140.0,18.8,32.4,perth,2026-04-05T07:06:20.912711
2026-04-05T15:00,19.6,75,15.0,18.9,0,0.0,0.0,0.0,0.0,0.0,2,1018.4,1015.6,55,24140.0,16.2,31.0,perth,2026-04-05T07:06:20.912711
2026-04-05T16:00,19.1,77,15.0,18.9,0,0.0,0.0,0.0,0.0,0.0,2,1018.1,1015.2,66,24140.0,13.2,27.0,perth,2026-04-05T07:06:20.912711
2026-04-05T17:00,18.7,78,14.8,18.6,0,0.0,0.0,0.0,0.0,0.0,3,1018.1,1015.2,88,24140.0,11.6,22.3,perth,2026-04-05T07:06:20.912711
2026-04-05T18:00,18.3,78,14.4,18.2,0,0.0,0.0,0.0,0.0,0.0,3,1017.9,1015.0,94,24140.0,10.4,19.4,perth,2026-04-05T07:06:20.912711
2026-04-05T19:00,18.1,77,14.0,17.8,3,0.0,0.0,0.0,0.0,0.0,3,1018.1,1015.2,93,24140.0,10.7,18.4,perth,2026-04-05T07:06:20.912711
2026-04-05T20:00,17.9,75,13.4,17.2,5,0.0,0.0,0.0,0.0,0.0,3,1018.7,1015.8,100,24140.0,12.3,20.5,perth,2026-04-05T07:06:20.912711
2026-04-05T21:00,17.7,73,12.8,16.9,5,0.0,0.0,0.0,0.0,0.0,3,1018.7,1015.8,100,24140.0,11.8,20.5,perth,2026-04-05T07:06:20.912711
2026-04-05T22:00,17.6,73,12.7,16.9,5,0.0,0.0,0.0,0.0,0.0,3,1018.9,1016.0,100,24140.0,10.4,19.8,perth,2026-04-05T07:06:20.912711
2026-04-05T23:00,17.6,74,12.9,17.1,5,0.0,0.0,0.0,0.0,0.0,3,1018.9,1016.0,100,24140.0,9.4,18.0,perth,2026-04-05T07:06:20.912711
2026-04-05T00:00,19.1,74,14.4,19.2,3,0.0,0.0,0.0,0.0,0.0,2,1026.1,1026.1,76,24140.0,9.1,23.8,sydney,2026-04-05T07:07:38.675498
2026-04-05T01:00,19.7,71,14.3,19.7,8,0.1,0.0,0.1,0.0,0.0,2,1025.4,1025.4,75,24140.0,9.9,24.1,sydney,2026-04-05T07:07:38.675498
2026-04-05T02:00,20.1,70,14.4,20.0,5,0.1,0.0,0.1,0.0,0.0,3,1024.5,1024.5,82,24140.0,10.7,26.3,sydney,2026-04-05T07:07:38.675498
2026-04-05T03:00,20.6,66,14.0,20.2,3,0.0,0.0,0.0,0.0,0.0,2,1023.6,1023.6,80,24140.0,11.7,27.7,sydney,2026-04-05T07:07:38.675498
2026-04-05T04:00,20.7,66,14.1,20.2,3,0.0,0.0,0.0,0.0,0.0,2,1023.2,1023.2,74,24140.0,12.7,30.2,sydney,2026-04-05T07:07:38.675498
2026-04-05T05:00,20.5,67,14.1,20.0,3,0.0,0.0,0.0,0.0,0.0,2,1023.1,1023.1,70,24140.0,12.8,31.0,sydney,2026-04-05T07:07:38.675498
2026-04-05T06:00,20.0,67,13.7,19.4,0,0.0,0.0,0.0,0.0,0.0,2,1023.0,1023.0,72,24140.0,12.0,30.2,sydney,2026-04-05T07:07:38.675498
2026-04-05T07:00,19.2,70,13.6,19.0,5,0.0,0.0,0.0,0.0,0.0,3,1023.2,1023.2,99,24140.0,9.7,27.7,sydney,2026-04-05T07:07:38.675498
2026-04-05T08:00,18.6,72,13.4,18.8,0,0.0,0.0,0.0,0.0,0.0,3,1023.6,1023.6,100,24140.0,6.0,22.0,sydney,2026-04-05T07:07:38.675498
2026-04-05T09:00,17.9,77,13.8,18.7,3,0.0,0.0,0.0,0.0,0.0,2,1023.6,1023.6,81,24140.0,3.2,13.0,sydney,2026-04-05T07:07:38.675498
2026-04-05T10:00,17.2,82,14.1,17.9,5,0.0,0.0,0.0,0.0,0.0,3,1024.0,1024.0,83,24140.0,4.6,9.4,sydney,2026-04-05T07:07:38.675498
2026-04-05T11:00,16.9,84,14.2,17.8,3,0.0,0.0,0.0,0.0,0.0,3,1023.9,1023.9,86,24140.0,3.1,9.4,sydney,2026-04-05T07:07:38.675498
2026-04-05T12:00,16.5,86,14.2,17.5,0,0.0,0.0,0.0,0.0,0.0,2,1023.8,1023.8,70,24140.0,2.6,6.1,sydney,2026-04-05T07:07:38.675498
2026-04-05T13:00,16.0,88,14.0,17.0,0,0.0,0.0,0.0,0.0,0.0,2,1023.2,1023.2,60,24140.0,2.6,5.4,sydney,2026-04-05T07:07:38.675498
2026-04-05T14:00,15.6,89,13.8,16.3,0,0.0,0.0,0.0,0.0,0.0,2,1022.6,1022.6,74,24140.0,3.6,6.8,sydney,2026-04-05T07:07:38.675498
2026-04-05T15:00,15.5,89,13.7,16.3,0,0.0,0.0,0.0,0.0,0.0,2,1022.3,1022.3,67,24140.0,2.5,6.8,sydney,2026-04-05T07:07:38.675498
2026-04-05T16:00,15.3,89,13.5,16.1,0,0.0,0.0,0.0,0.0,0.0,2,1021.7,1021.7,60,24140.0,2.5,5.0,sydney,2026-04-05T07:07:38.675498
2026-04-05T17:00,15.2,89,13.4,16.0,0,0.0,0.0,0.0,0.0,0.0,2,1021.3,1021.3,64,24140.0,1.8,5.0,sydney,2026-04-05T07:07:38.675498
2026-04-05T18:00,14.9,90,13.3,15.7,0,0.0,0.0,0.0,0.0,0.0,2,1020.8,1020.8,50,24140.0,1.8,3.2,sydney,2026-04-05T07:07:38.675498
2026-04-05T19:00,14.5,91,13.1,15.3,0,0.0,0.0,0.0,0.0,0.0,1,1020.7,1020.7,25,24140.0,1.5,2.5,sydney,2026-04-05T07:07:38.675498
2026-04-05T20:00,13.9,93,12.8,14.6,0,0.0,0.0,0.0,0.0,0.0,1,1021.0,1021.0,14,24140.0,1.1,1.8,sydney,2026-04-05T07:07:38.675498
2026-04-05T21:00,13.9,94,13.0,14.6,0,0.0,0.0,0.0,0.0,0.0,1,1021.4,1021.4,7,24140.0,1.8,2.2,sydney,2026-04-05T07:07:38.675498
2026-04-05T22:00,15.8,86,13.4,16.6,3,0.0,0.0,0.0,0.0,0.0,2,1021.5,1021.5,46,24140.0,1.8,6.1,sydney,2026-04-05T07:07:38.675498
2026-04-05T23:00,17.8,77,13.7,18.4,0,0.0,0.0,0.0,0.0,0.0,1,1021.6,1021.6,38,24140.0,4.1,10.8,sydney,2026-04-05T07:07:38.675498
2026-04-05T00:00,10.8,65,4.5,9.0,0,0.0,0.0,0.0,0.0,0.0,0,1024.1,980.9,0,39800.0,3.2,9.0,graz,2026-04-05T07:07:41.066447
2026-04-05T01:00,10.4,66,4.3,8.7,0,0.0,0.0,0.0,0.0,0.0,0,1023.8,980.5,0,39840.0,2.2,4.3,graz,2026-04-05T07:07:41.066447
2026-04-05T02:00,9.6,69,4.2,7.6,0,0.0,0.0,0.0,0.0,0.0,0,1023.8,980.4,0,38920.0,4.3,6.1,graz,2026-04-05T07:07:41.066447
2026-04-05T03:00,8.6,75,4.4,6.6,0,0.0,0.0,0.0,0.0,0.0,1,1023.9,980.3,50,36120.0,4.5,8.3,graz,2026-04-05T07:07:41.066447
2026-04-05T04:00,8.4,76,4.4,6.4,0,0.0,0.0,0.0,0.0,0.0,0,1023.9,980.3,0,35240.0,4.5,9.4,graz,2026-04-05T07:07:41.066447
2026-04-05T05:00,9.0,73,4.4,7.2,0,0.0,0.0,0.0,0.0,0.0,0,1023.9,980.4,0,37440.0,2.9,8.3,graz,2026-04-05T07:07:41.066447
2026-04-05T06:00,9.4,70,4.2,7.7,0,0.0,0.0,0.0,0.0,0.0,1,1023.8,980.4,9,37500.0,2.5,4.7,graz,2026-04-05T07:07:41.066447
2026-04-05T07:00,11.2,65,4.9,9.8,0,0.0,0.0,0.0,0.0,0.0,0,1023.7,980.5,0,38380.0,1.3,7.6,graz,2026-04-05T07:07:41.066447
2026-04-05T08:00,13.8,55,4.9,12.1,0,0.0,0.0,0.0,0.0,0.0,0,1023.3,980.5,0,40300.0,2.7,8.6,graz,2026-04-05T07:07:41.066447
2026-04-05T09:00,15.7,47,4.4,13.7,0,0.0,0.0,0.0,0.0,0.0,0,1022.8,980.3,0,41240.0,5.4,14.8,graz,2026-04-05T07:07:41.066447
2026-04-05T10:00,17.5,43,4.8,16.0,0,0.0,0.0,0.0,0.0,0.0,1,1022.3,980.1,25,41820.0,7.2,19.1,graz,2026-04-05T07:07:41.066447
2026-04-05T11:00,19.3,38,4.6,18.1,0,0.0,0.0,0.0,0.0,0.0,1,1021.8,979.9,36,42860.0,7.6,20.2,graz,2026-04-05T07:07:41.066447
2026-04-05T12:00,20.8,34,4.3,19.3,0,0.0,0.0,0.0,0.0,0.0,1,1021.0,979.3,0,44140.0,8.9,23.0,graz,2026-04-05T07:07:41.066447
2026-04-05T13:00,21.9,32,4.4,20.1,0,0.0,0.0,0.0,0.0,0.0,2,1019.9,978.4,69,44980.0,9.2,23.8,graz,2026-04-05T07:07:41.066447
2026-04-05T14:00,22.3,33,5.2,20.0,0,0.0,0.0,0.0,0.0,0.0,0,1019.3,977.9,0,44780.0,9.3,23.8,graz,2026-04-05T07:07:41.066447
2026-04-05T15:00,22.4,32,4.9,20.0,0,0.0,0.0,0.0,0.0,0.0,0,1019.2,977.8,0,45400.0,8.4,23.0,graz,2026-04-05T07:07:41.066447
2026-04-05T16:00,22.0,32,4.5,19.4,0,0.0,0.0,0.0,0.0,0.0,1,1019.2,977.8,9,45620.0,9.0,20.9,graz,2026-04-05T07:07:41.066447
2026-04-05T17:00,20.7,36,5.1,18.8,0,0.0,0.0,0.0,0.0,0.0,0,1019.6,978.0,0,44660.0,5.2,20.5,graz,2026-04-05T07:07:41.066447
2026-04-05T18:00,18.5,44,6.0,16.9,0,0.0,0.0,0.0,0.0,0.0,1,1020.2,978.2,8,42780.0,4.3,8.3,graz,2026-04-05T07:07:41.066447
2026-04-05T19:00,15.5,54,6.2,13.7,0,0.0,0.0,0.0,0.0,0.0,1,1020.7,978.3,28,41080.0,5.4,9.7,graz,2026-04-05T07:07:41.066447
2026-04-05T20:00,15.1,56,6.4,13.5,0,0.0,0.0,0.0,0.0,0.0,1,1020.7,978.2,41,41020.0,4.9,9.4,graz,2026-04-05T07:07:41.066447
2026-04-05T21:00,15.6,53,6.1,14.1,0,0.0,0.0,0.0,0.0,0.0,0,1020.6,978.2,6,41560.0,4.1,7.9,graz,2026-04-05T07:07:41.066447
2026-04-05T22:00,13.9,56,5.3,12.1,0,0.0,0.0,0.0,0.0,0.0,3,1020.8,978.2,100,40980.0,4.5,7.9,graz,2026-04-05T07:07:41.066447
2026-04-05T23:00,13.8,56,5.2,12.0,0,0.0,0.0,0.0,0.0,0.0,3,1021.1,978.4,99,41140.0,4.4,9.0,graz,2026-04-05T07:07:41.066447
2026-04-05T00:00,12.2,76,8.1,10.0,0,0.0,0.0,0.0,0.0,0.0,3,1022.6,999.4,100,33480.0,11.3,25.2,vienna,2026-04-05T07:07:43.459297
2026-04-05T01:00,11.9,78,8.2,10.3,0,0.0,0.0,0.0,0.0,0.0,3,1022.6,999.4,97,32900.0,8.3,22.0,vienna,2026-04-05T07:07:43.459297
2026-04-05T02:00,11.9,77,8.0,10.3,0,0.0,0.0,0.0,0.0,0.0,3,1022.3,999.1,98,33480.0,7.6,16.2,vienna,2026-04-05T07:07:43.459297
2026-04-05T03:00,11.8,75,7.5,10.5,0,0.0,0.0,0.0,0.0,0.0,3,1022.2,999.0,100,34880.0,4.7,15.8,vienna,2026-04-05T07:07:43.459297
2026-04-05T04:00,11.2,79,7.7,10.0,0,0.0,0.0,0.0,0.0,0.0,3,1022.3,999.0,93,32580.0,4.3,7.9,vienna,2026-04-05T07:07:43.459297
2026-04-05T05:00,10.2,86,7.9,9.0,0,0.0,0.0,0.0,0.0,0.0,1,1022.5,999.2,17,25820.0,4.3,8.6,vienna,2026-04-05T07:07:43.459297
2026-04-05T06:00,10.5,83,7.7,9.5,0,0.0,0.0,0.0,0.0,0.0,0,1022.5,999.2,0,27440.0,2.4,8.6,vienna,2026-04-05T07:07:43.459297
2026-04-05T07:00,11.7,76,7.6,10.8,0,0.0,0.0,0.0,0.0,0.0,0,1022.6,999.4,0,32420.0,2.2,5.8,vienna,2026-04-05T07:07:43.459297
2026-04-05T08:00,13.9,61,6.5,12.4,0,0.0,0.0,0.0,0.0,0.0,0,1022.3,999.3,0,39240.0,4.0,10.1,vienna,2026-04-05T07:07:43.459297
2026-04-05T09:00,16.1,51,6.0,14.5,0,0.0,0.0,0.0,0.0,0.0,0,1021.9,999.0,0,40940.0,5.8,13.7,vienna,2026-04-05T07:07:43.459297
2026-04-05T10:00,18.2,45,6.1,17.1,0,0.0,0.0,0.0,0.0,0.0,1,1021.5,998.8,49,41600.0,6.2,17.3,vienna,2026-04-05T07:07:43.459297
2026-04-05T11:00,19.8,42,6.5,19.2,0,0.0,0.0,0.0,0.0,0.0,0,1020.8,998.2,0,42140.0,6.0,17.3,vienna,2026-04-05T07:07:43.459297
2026-04-05T12:00,21.3,38,6.4,20.3,0,0.0,0.0,0.0,0.0,0.0,1,1019.9,997.5,55,42820.0,7.4,18.0,vienna,2026-04-05T07:07:43.459297
2026-04-05T13:00,23.0,34,6.3,21.7,0,0.0,0.0,0.0,0.0,0.0,0,1019.0,996.7,0,44440.0,8.2,19.4,vienna,2026-04-05T07:07:43.459297
2026-04-05T14:00,24.0,24,2.2,20.3,0,0.0,0.0,0.0,0.0,0.0,0,1018.3,996.1,0,50600.0,14.7,32.4,vienna,2026-04-05T07:07:43.459297
2026-04-05T15:00,23.9,24,2.1,20.0,0,0.0,0.0,0.0,0.0,0.0,0,1018.3,996.1,0,50400.0,14.3,32.0,vienna,2026-04-05T07:07:43.459297
2026-04-05T16:00,23.3,26,2.7,19.8,0,0.0,0.0,0.0,0.0,0.0,1,1018.4,996.2,29,48880.0,12.7,33.5,vienna,2026-04-05T07:07:43.459297
2026-04-05T17:00,22.5,31,4.6,19.8,0,0.0,0.0,0.0,0.0,0.0,0,1018.4,996.1,0,46420.0,10.0,26.6,vienna,2026-04-05T07:07:43.459297
2026-04-05T18:00,21.2,36,5.6,19.1,0,0.0,0.0,0.0,0.0,0.0,0,1018.8,996.4,0,44680.0,6.9,19.8,vienna,2026-04-05T07:07:43.459297
2026-04-05T19:00,19.7,43,6.8,18.0,0,0.0,0.0,0.0,0.0,0.0,0,1019.0,996.5,1,42540.0,6.6,15.5,vienna,2026-04-05T07:07:43.459297
2026-04-05T20:00,18.7,45,6.5,16.9,0,0.0,0.0,0.0,0.0,0.0,3,1018.7,996.1,83,42180.0,5.9,13.0,vienna,2026-04-05T07:07:43.459297
2026-04-05T21:00,18.2,44,5.7,16.1,3,0.0,0.0,0.0,0.0,0.0,3,1018.5,995.9,100,42360.0,6.9,13.3,vienna,2026-04-05T07:07:43.459297
2026-04-05T22:00,18.0,44,5.6,15.9,10,0.0,0.0,0.0,0.0,0.0,3,1019.3,996.6,100,42460.0,6.9,14.4,vienna,2026-04-05T07:07:43.459297
2026-04-05T23:00,17.0,56,8.2,14.6,33,4.9,4.9,0.0,0.0,0.0,95,1020.5,997.7,100,40740.0,13.8,51.8,vienna,2026-04-05T07:07:43.459297
2026-04-05T00:00,13.7,79,10.2,9.5,0,0.0,0.0,0.0,0.0,0.0,3,1010.8,1009.2,100,15180.0,29.9,55.1,antwerp,2026-04-05T07:07:45.836466
2026-04-05T01:00,13.9,80,10.6,10.1,0,0.0,0.0,0.0,0.0,0.0,3,1010.3,1008.7,100,14220.0,27.4,49.7,antwerp,2026-04-05T07:07:45.836466
2026-04-05T02:00,14.1,80,10.7,10.3,0,0.0,0.0,0.0,0.0,0.0,3,1010.6,1009.0,100,14660.0,27.4,49.7,antwerp,2026-04-05T07:07:45.836466
2026-04-05T03:00,13.6,74,9.1,9.2,0,0.0,0.0,0.0,0.0,0.0,3,1011.2,1009.6,100,17420.0,28.8,54.0,antwerp,2026-04-05T07:07:45.836466
2026-04-05T04:00,12.8,72,7.9,7.9,1,0.0,0.0,0.0,0.0,0.0,3,1011.4,1009.8,100,18620.0,29.9,56.2,antwerp,2026-04-05T07:07:45.836466
2026-04-05T05:00,12.5,74,8.0,7.9,3,0.0,0.0,0.0,0.0,0.0,3,1011.8,1010.2,100,17580.0,28.4,59.4,antwerp,2026-04-05T07:07:45.836466
2026-04-05T06:00,11.9,72,7.0,7.1,6,0.0,0.0,0.0,0.0,0.0,3,1012.8,1011.2,100,50000.0,27.7,59.8,antwerp,2026-04-05T07:07:45.836466
2026-04-05T07:00,11.6,72,6.8,7.4,8,0.0,0.0,0.0,0.0,0.0,3,1014.1,1012.5,100,50000.0,23.4,53.3,antwerp,2026-04-05T07:07:45.836466
2026-04-05T08:00,11.5,72,6.7,7.3,11,0.0,0.0,0.0,0.0,0.0,3,1015.1,1013.5,100,18760.0,23.0,45.0,antwerp,2026-04-05T07:07:45.836466
2026-04-05T09:00,11.7,70,6.4,7.6,16,0.0,0.0,0.0,0.0,0.0,3,1016.3,1014.7,100,19540.0,21.6,43.9,antwerp,2026-04-05T07:07:45.836466
2026-04-05T10:00,12.4,66,6.3,8.5,27,0.0,0.0,0.0,0.0,0.0,3,1017.0,1015.4,100,22000.0,20.5,41.8,antwerp,2026-04-05T07:07:45.836466
2026-04-05T11:00,12.7,62,5.6,8.8,39,0.0,0.0,0.0,0.0,0.0,3,1017.4,1015.8,100,23920.0,19.4,40.7,antwerp,2026-04-05T07:07:45.836466
2026-04-05T12:00,12.9,62,5.8,8.6,45,0.0,0.0,0.0,0.0,0.0,3,1017.7,1016.1,100,50000.0,22.0,43.2,antwerp,2026-04-05T07:07:45.836466
2026-04-05T13:00,13.2,56,4.7,9.0,38,0.0,0.0,0.0,0.0,0.0,2,1018.1,1016.5,65,50000.0,20.5,49.0,antwerp,2026-04-05T07:07:45.836466
2026-04-05T14:00,13.6,55,4.8,8.9,23,0.1,0.1,0.0,0.0,0.0,51,1018.8,1017.2,16,27580.0,24.1,54.7,antwerp,2026-04-05T07:07:45.836466
2026-04-05T15:00,12.5,60,5.0,8.5,12,0.2,0.2,0.0,0.0,0.0,51,1019.0,1017.4,95,25260.0,19.4,47.9,antwerp,2026-04-05T07:07:45.836466
2026-04-05T16:00,11.4,73,6.8,7.5,8,0.0,0.0,0.0,0.0,0.0,3,1019.9,1018.3,100,50000.0,21.2,48.6,antwerp,2026-04-05T07:07:45.836466
2026-04-05T17:00,11.2,65,4.9,7.2,7,0.0,0.0,0.0,0.0,0.0,0,1020.6,1019.0,0,22200.0,19.1,50.4,antwerp,2026-04-05T07:07:45.836466
2026-04-05T18:00,10.8,60,3.3,6.4,6,0.0,0.0,0.0,0.0,0.0,3,1021.3,1019.7,97,25300.0,19.8,44.6,antwerp,2026-04-05T07:07:45.836466
2026-04-05T19:00,10.0,60,2.6,6.0,4,0.0,0.0,0.0,0.0,0.0,0,1022.4,1020.8,0,50000.0,15.8,38.2,antwerp,2026-04-05T07:07:45.836466
2026-04-05T20:00,9.9,64,3.4,5.8,3,0.0,0.0,0.0,0.0,0.0,3,1023.1,1021.5,96,22780.0,17.3,32.8,antwerp,2026-04-05T07:07:45.836466
2026-04-05T21:00,9.3,67,3.5,6.4,2,0.0,0.0,0.0,0.0,0.0,3,1024.0,1022.4,95,21440.0,10.1,32.8,antwerp,2026-04-05T07:07:45.836466
2026-04-05T22:00,8.4,70,3.3,5.8,1,0.0,0.0,0.0,0.0,0.0,3,1024.8,1023.2,98,19500.0,7.2,17.3,antwerp,2026-04-05T07:07:45.836466
2026-04-05T23:00,7.8,79,4.4,5.0,0,0.0,0.0,0.0,0.0,0.0,3,1025.6,1024.0,99,15240.0,10.4,18.0,antwerp,2026-04-05T07:07:45.836466
2026-04-05T00:00,14.1,75,9.8,9.5,0,0.0,0.0,0.0,0.0,0.0,3,1012.0,1008.6,100,16960.0,31.3,59.0,brussels,2026-04-05T07:08:23.381705
2026-04-05T01:00,14.4,76,10.3,10.1,0,0.0,0.0,0.0,0.0,0.0,3,1011.3,1007.9,100,16300.0,30.6,56.2,brussels,2026-04-05T07:08:23.381705
2026-04-05T02:00,13.7,81,10.5,10.1,0,0.0,0.0,0.0,0.0,0.0,3,1011.3,1007.9,100,14100.0,25.9,47.5,brussels,2026-04-05T07:08:23.381705
2026-04-05T03:00,13.7,78,9.9,9.7,0,0.0,0.0,0.0,0.0,0.0,3,1012.1,1008.7,100,15600.0,27.0,51.1,brussels,2026-04-05T07:08:23.381705
2026-04-05T04:00,13.2,72,8.3,8.4,0,0.0,0.0,0.0,0.0,0.0,3,1012.5,1009.1,100,18520.0,29.5,55.8,brussels,2026-04-05T07:08:23.381705
2026-04-05T05:00,12.6,73,7.9,8.0,0,0.0,0.0,0.0,0.0,0.0,3,1012.8,1009.4,100,17940.0,28.4,55.8,brussels,2026-04-05T07:08:23.381705
2026-04-05T06:00,12.2,79,8.7,7.8,0,0.0,0.0,0.0,0.0,0.0,3,1013.8,1010.4,100,50000.0,27.7,54.4,brussels,2026-04-05T07:08:23.381705
2026-04-05T07:00,11.9,71,6.8,7.5,4,0.0,0.0,0.0,0.0,0.0,3,1014.9,1011.5,100,50000.0,24.5,56.9,brussels,2026-04-05T07:08:23.381705
2026-04-05T08:00,11.9,71,6.8,7.6,11,0.0,0.0,0.0,0.0,0.0,3,1016.0,1012.6,100,19420.0,24.1,47.9,brussels,2026-04-05T07:08:23.381705
2026-04-05T09:00,12.1,68,6.4,7.7,16,0.0,0.0,0.0,0.0,0.0,3,1017.0,1013.6,100,20720.0,24.1,47.2,brussels,2026-04-05T07:08:23.381705
2026-04-05T10:00,12.5,66,6.4,8.6,20,0.0,0.0,0.0,0.0,0.0,3,1017.8,1014.4,100,21980.0,20.9,47.9,brussels,2026-04-05T07:08:23.381705
2026-04-05T11:00,11.7,70,6.4,8.0,23,0.1,0.1,0.0,0.0,0.0,51,1018.2,1014.8,100,18020.0,19.4,42.5,brussels,2026-04-05T07:08:23.381705
2026-04-05T12:00,11.7,70,6.4,7.2,24,0.1,0.1,0.0,0.0,0.0,51,1018.8,1015.4,100,50000.0,24.8,48.6,brussels,2026-04-05T07:08:23.381705
2026-04-05T13:00,12.9,67,6.9,8.7,21,0.1,0.1,0.0,0.0,0.0,51,1019.1,1015.7,100,16280.0,23.0,47.9,brussels,2026-04-05T07:08:23.381705
2026-04-05T14:00,13.4,61,6.1,8.9,17,0.3,0.3,0.0,0.0,0.0,51,1019.4,1016.0,73,24540.0,24.5,50.8,brussels,2026-04-05T07:08:23.381705
2026-04-05T15:00,13.8,52,4.1,8.9,12,0.0,0.0,0.0,0.0,0.0,3,1019.6,1016.2,86,29760.0,23.8,48.2,brussels,2026-04-05T07:08:23.381705
2026-04-05T16:00,12.9,54,3.8,8.1,8,0.0,0.0,0.0,0.0,0.0,3,1020.4,1017.0,99,50000.0,23.0,47.2,brussels,2026-04-05T07:08:23.381705
2026-04-05T17:00,12.8,49,2.3,7.8,3,0.0,0.0,0.0,0.0,0.0,0,1021.1,1017.7,16,31120.0,22.3,44.3,brussels,2026-04-05T07:08:23.381705
2026-04-05T18:00,11.7,53,2.4,6.7,0,0.0,0.0,0.0,0.0,0.0,3,1021.9,1018.5,99,28780.0,22.7,43.2,brussels,2026-04-05T07:08:23.381705
2026-04-05T19:00,10.5,68,4.8,7.2,0,0.7,0.7,0.0,0.0,0.0,53,1022.9,1019.4,7,50000.0,14.0,42.5,brussels,2026-04-05T07:08:23.381705
2026-04-05T20:00,9.4,74,5.0,5.9,0,0.2,0.2,0.0,0.0,0.0,51,1023.7,1020.2,100,17480.0,15.5,31.7,brussels,2026-04-05T07:08:23.381705
2026-04-05T21:00,9.3,75,5.1,6.5,0,0.1,0.1,0.0,0.0,0.0,51,1024.7,1021.2,98,17200.0,11.2,29.2,brussels,2026-04-05T07:08:23.381705
2026-04-05T22:00,8.8,70,3.6,5.5,0,0.0,0.0,0.0,0.0,0.0,3,1025.5,1022.0,99,19560.0,12.2,23.0,brussels,2026-04-05T07:08:23.381705
2026-04-05T23:00,7.7,75,3.5,4.7,0,0.0,0.0,0.0,0.0,0.0,3,1026.2,1022.7,100,17020.0,10.4,22.7,brussels,2026-04-05T07:08:23.381705
2026-04-05T00:00,8.5,62,1.6,5.3,0,0.0,0.0,0.0,0.0,0.0,0,1019.0,666.4,0,24140.0,9.1,21.2,la_paz,2026-04-05T07:09:00.897580
2026-04-05T01:00,7.6,66,1.6,4.5,0,0.0,0.0,0.0,0.0,0.0,0,1019.6,666.0,0,24140.0,8.4,19.8,la_paz,2026-04-05T07:09:00.897580
2026-04-05T02:00,6.6,75,2.5,3.6,0,0.0,0.0,0.0,0.0,0.0,1,1021.1,666.0,26,24140.0,8.7,19.4,la_paz,2026-04-05T07:09:00.897580
2026-04-05T03:00,5.9,83,3.3,3.0,0,0.0,0.0,0.0,0.0,0.0,0,1021.9,665.8,0,24140.0,9.3,20.2,la_paz,2026-04-05T07:09:00.897580
2026-04-05T04:00,5.5,86,3.4,2.9,3,0.0,0.0,0.0,0.0,0.0,1,1021.9,665.4,18,24140.0,7.7,20.2,la_paz,2026-04-05T07:09:00.897580
2026-04-05T05:00,4.8,90,3.3,2.5,5,0.0,0.0,0.0,0.0,0.0,1,1021.7,664.6,32,24140.0,5.6,17.3,la_paz,2026-04-05T07:09:00.897580
2026-04-05T06:00,4.2,93,3.2,1.9,8,0.0,0.0,0.0,0.0,0.0,2,1021.8,664.1,58,24140.0,5.5,12.6,la_paz,2026-04-05T07:09:00.897580
2026-04-05T07:00,4.1,92,3.0,1.7,8,0.0,0.0,0.0,0.0,0.0,2,1021.7,663.9,53,24140.0,5.3,13.0,la_paz,2026-04-05T07:09:00.897580
2026-04-05T08:00,3.8,92,2.6,1.5,5,0.0,0.0,0.0,0.0,0.0,2,1021.8,663.7,44,24140.0,4.1,11.9,la_paz,2026-04-05T07:09:00.897580
2026-04-05T09:00,3.3,93,2.3,1.1,3,0.0,0.0,0.0,0.0,0.0,2,1022.3,663.5,70,24140.0,3.3,8.6,la_paz,2026-04-05T07:09:00.897580
2026-04-05T10:00,3.0,94,2.1,0.7,3,0.0,0.0,0.0,0.0,0.0,2,1023.1,663.7,44,24140.0,3.2,7.2,la_paz,2026-04-05T07:09:00.897580
2026-04-05T11:00,3.1,93,2.1,0.8,3,0.0,0.0,0.0,0.0,0.0,2,1023.8,664.3,47,24140.0,4.0,9.0,la_paz,2026-04-05T07:09:00.897580
2026-04-05T12:00,5.3,87,3.3,3.4,3,0.0,0.0,0.0,0.0,0.0,1,1024.2,666.7,32,24140.0,2.1,9.7,la_paz,2026-04-05T07:09:00.897580
2026-04-05T13:00,7.5,74,3.1,4.9,3,0.0,0.0,0.0,0.0,0.0,2,1024.7,669.2,73,24140.0,6.6,15.8,la_paz,2026-04-05T07:09:00.897580
2026-04-05T14:00,9.8,61,2.7,7.0,3,0.0,0.0,0.0,0.0,0.0,3,1023.6,670.7,90,19560.0,8.8,20.5,la_paz,2026-04-05T07:09:00.897580
2026-04-05T15:00,11.9,50,1.8,9.5,8,0.0,0.0,0.0,0.0,0.0,3,1021.7,671.5,95,10860.0,8.4,20.9,la_paz,2026-04-05T07:09:00.897580
2026-04-05T16:00,13.2,43,0.9,11.0,5,0.0,0.0,0.0,0.0,0.0,3,1019.2,671.1,93,6120.0,8.4,20.2,la_paz,2026-04-05T07:09:00.897580
2026-04-05T17:00,14.3,39,0.6,11.7,5,0.0,0.0,0.0,0.0,0.0,3,1017.4,670.9,96,21540.0,10.2,23.4,la_paz,2026-04-05T07:09:00.897580
2026-04-05T18:00,14.3,41,1.2,11.9,15,0.0,0.0,0.0,0.0,0.0,3,1016.3,670.2,97,24140.0,10.6,25.6,la_paz,2026-04-05T07:09:00.897580
2026-04-05T19:00,14.5,39,0.7,11.5,13,0.2,0.0,0.2,0.0,0.0,80,1014.7,669.3,100,11340.0,8.5,23.8,la_paz,2026-04-05T07:09:00.897580
2026-04-05T20:00,14.7,39,0.9,11.2,5,0.0,0.0,0.0,0.0,0.0,3,1013.2,668.5,96,13200.0,10.8,24.5,la_paz,2026-04-05T07:09:00.897580
2026-04-05T21:00,13.8,44,1.7,10.1,5,0.0,0.0,0.0,0.0,0.0,2,1013.4,667.8,75,24140.0,12.5,28.1,la_paz,2026-04-05T07:09:00.897580
2026-04-05T22:00,11.9,53,2.6,8.2,3,0.0,0.0,0.0,0.0,0.0,1,1014.5,666.8,8,24140.0,14.0,29.5,la_paz,2026-04-05T07:09:00.897580
2026-04-05T23:00,9.9,64,3.4,6.8,0,0.0,0.0,0.0,0.0,0.0,0,1015.8,665.7,0,24140.0,10.9,29.2,la_paz,2026-04-05T07:09:00.897580
2026-04-05T00:00,10.6,66,4.6,8.0,3,0.0,0.0,0.0,0.0,0.0,2,1019.6,735.5,70,24140.0,9.4,27.0,sucre,2026-04-05T07:09:38.446949
2026-04-05T01:00,10.1,72,5.3,7.7,0,0.1,0.0,0.1,0.0,0.0,3,1021.0,736.1,93,24140.0,8.7,22.0,sucre,2026-04-05T07:09:38.446949
2026-04-05T02:00,9.6,77,5.8,7.5,3,0.2,0.0,0.2,0.0,0.0,3,1022.6,736.9,92,24140.0,7.5,22.0,sucre,2026-04-05T07:09:38.446949
2026-04-05T03:00,9.1,81,6.1,7.2,5,0.3,0.0,0.3,0.0,0.0,80,1022.7,736.5,88,24140.0,6.7,20.9,sucre,2026-04-05T07:09:38.446949
2026-04-05T04:00,8.8,83,6.1,6.9,3,0.1,0.0,0.1,0.0,0.0,3,1023.0,736.5,95,24140.0,6.5,19.4,sucre,2026-04-05T07:09:38.446949
2026-04-05T05:00,8.5,84,5.9,6.8,5,0.0,0.0,0.0,0.0,0.0,3,1022.5,735.8,96,24140.0,4.7,18.4,sucre,2026-04-05T07:09:38.446949
2026-04-05T06:00,8.2,86,6.0,6.8,8,0.0,0.0,0.0,0.0,0.0,3,1022.2,735.4,89,24140.0,3.2,14.4,sucre,2026-04-05T07:09:38.446949
2026-04-05T07:00,7.5,90,6.0,6.1,3,0.0,0.0,0.0,0.0,0.0,2,1021.7,734.5,70,24140.0,2.9,11.2,sucre,2026-04-05T07:09:38.446949
2026-04-05T08:00,7.0,91,5.6,5.3,0,0.0,0.0,0.0,0.0,0.0,2,1021.6,733.9,59,24140.0,4.0,9.7,sucre,2026-04-05T07:09:38.446949
2026-04-05T09:00,6.7,89,5.1,5.0,0,0.0,0.0,0.0,0.0,0.0,1,1021.6,733.7,43,24140.0,3.8,10.1,sucre,2026-04-05T07:09:38.446949
2026-04-05T10:00,5.9,90,4.4,4.0,0,0.0,0.0,0.0,0.0,0.0,1,1022.0,733.3,34,24140.0,4.1,9.0,sucre,2026-04-05T07:09:38.446949
2026-04-05T11:00,5.4,90,3.9,3.3,0,0.0,0.0,0.0,0.0,0.0,0,1022.1,733.0,0,24140.0,4.7,9.7,sucre,2026-04-05T07:09:38.446949
2026-04-05T12:00,7.7,80,4.5,5.9,0,0.0,0.0,0.0,0.0,0.0,0,1022.9,735.5,0,24140.0,3.1,10.4,sucre,2026-04-05T07:09:38.446949
2026-04-05T13:00,9.8,72,5.0,7.9,0,0.0,0.0,0.0,0.0,0.0,2,1023.2,737.5,74,24140.0,4.9,14.0,sucre,2026-04-05T07:09:38.446949
2026-04-05T14:00,11.6,63,4.8,9.5,0,0.0,0.0,0.0,0.0,0.0,2,1022.4,738.3,72,24140.0,6.4,16.6,sucre,2026-04-05T07:09:38.446949
2026-04-05T15:00,13.0,59,5.2,11.2,0,0.0,0.0,0.0,0.0,0.0,2,1020.9,738.4,49,24140.0,10.0,20.5,sucre,2026-04-05T07:09:38.446949
2026-04-05T16:00,14.3,55,5.4,12.8,0,0.0,0.0,0.0,0.0,0.0,1,1019.2,738.2,39,24140.0,13.4,27.4,sucre,2026-04-05T07:09:38.446949
2026-04-05T17:00,15.4,51,5.4,14.1,0,0.0,0.0,0.0,0.0,0.0,1,1017.5,737.9,33,24140.0,15.1,31.0,sucre,2026-04-05T07:09:38.446949
2026-04-05T18:00,16.0,48,5.0,13.9,3,0.0,0.0,0.0,0.0,0.0,1,1016.0,737.2,37,24140.0,17.7,36.4,sucre,2026-04-05T07:09:38.446949
2026-04-05T19:00,16.2,43,3.6,12.9,0,0.0,0.0,0.0,0.0,0.0,1,1014.6,736.4,22,24140.0,21.0,42.5,sucre,2026-04-05T07:09:38.446949
2026-04-05T20:00,15.8,40,2.2,11.4,15,0.0,0.0,0.0,0.0,0.0,0,1013.6,735.3,3,24140.0,21.4,43.2,sucre,2026-04-05T07:09:38.446949
2026-04-05T21:00,14.9,34,-0.8,10.1,33,0.0,0.0,0.0,0.0,0.0,1,1013.5,734.6,37,24140.0,17.9,42.8,sucre,2026-04-05T07:09:38.446949
2026-04-05T22:00,13.6,36,-1.2,9.1,25,0.0,0.0,0.0,0.0,0.0,1,1013.6,733.6,26,24140.0,15.5,35.3,sucre,2026-04-05T07:09:38.446949
2026-04-05T23:00,11.9,55,3.2,9.4,15,0.0,0.0,0.0,0.0,0.0,1,1015.0,733.3,43,24140.0,6.4,29.5,sucre,2026-04-05T07:09:38.446949
2026-04-05T00:00,20.3,80,16.7,21.9,0,0.0,0.0,0.0,0.0,0.0,1,1016.5,892.2,69,24140.0,4.8,15.8,brasília ,2026-04-05T07:09:40.822654
2026-04-05T01:00,19.6,82,16.4,21.1,0,0.0,0.0,0.0,0.0,0.0,2,1016.5,892.0,62,24140.0,4.8,15.5,brasília ,2026-04-05T07:09:40.822654
2026-04-05T02:00,19.4,82,16.2,20.9,0,0.0,0.0,0.0,0.0,0.0,2,1016.5,891.9,76,24140.0,4.1,14.8,brasília ,2026-04-05T07:09:40.822654
2026-04-05T03:00,19.3,82,16.2,21.0,3,0.0,0.0,0.0,0.0,0.0,3,1016.6,891.9,100,24140.0,3.1,12.6,brasília ,2026-04-05T07:09:40.822654
2026-04-05T04:00,19.2,81,15.9,20.7,0,0.0,0.0,0.0,0.0,0.0,3,1016.6,891.9,90,24140.0,3.4,10.8,brasília ,2026-04-05T07:09:40.822654
2026-04-05T05:00,18.7,82,15.5,19.9,0,0.0,0.0,0.0,0.0,0.0,2,1016.3,891.4,70,24140.0,4.2,11.5,brasília ,2026-04-05T07:09:40.822654
2026-04-05T06:00,18.2,83,15.3,19.4,0,0.0,0.0,0.0,0.0,0.0,2,1016.1,891.1,54,24140.0,4.1,11.9,brasília ,2026-04-05T07:09:40.822654
2026-04-05T07:00,18.0,84,15.3,19.2,0,0.0,0.0,0.0,0.0,0.0,3,1016.0,890.9,95,24140.0,4.1,13.3,brasília ,2026-04-05T07:09:40.822654
2026-04-05T08:00,17.8,85,15.2,18.8,0,0.0,0.0,0.0,0.0,0.0,3,1016.3,891.1,100,24140.0,4.6,12.6,brasília ,2026-04-05T07:09:40.822654
2026-04-05T09:00,17.5,87,15.3,18.6,0,0.0,0.0,0.0,0.0,0.0,3,1016.8,891.4,100,24140.0,4.6,13.7,brasília ,2026-04-05T07:09:40.822654
2026-04-05T10:00,17.7,87,15.5,18.9,0,0.0,0.0,0.0,0.0,0.0,3,1017.2,891.8,100,24140.0,4.4,14.0,brasília ,2026-04-05T07:09:40.822654
2026-04-05T11:00,19.9,82,16.7,21.5,0,0.0,0.0,0.0,0.0,0.0,3,1017.7,893.1,100,24140.0,5.5,17.6,brasília ,2026-04-05T07:09:40.822654
2026-04-05T12:00,22.0,73,16.9,22.8,0,0.0,0.0,0.0,0.0,0.0,3,1017.9,894.1,100,24140.0,10.9,26.6,brasília ,2026-04-05T07:09:40.822654
2026-04-05T13:00,23.5,68,17.2,24.5,0,0.0,0.0,0.0,0.0,0.0,3,1017.8,894.6,97,24140.0,14.1,33.8,brasília ,2026-04-05T07:09:40.822654
2026-04-05T14:00,24.4,62,16.6,25.3,0,0.0,0.0,0.0,0.0,0.0,3,1016.8,894.1,99,24140.0,15.6,37.8,brasília ,2026-04-05T07:09:40.822654
2026-04-05T15:00,25.1,58,16.3,25.8,0,0.0,0.0,0.0,0.0,0.0,3,1016.3,893.9,96,24140.0,14.4,37.1,brasília ,2026-04-05T07:09:40.822654
2026-04-05T16:00,26.1,55,16.3,27.6,0,0.0,0.0,0.0,0.0,0.0,3,1015.3,893.4,100,24140.0,12.4,34.9,brasília ,2026-04-05T07:09:40.822654
2026-04-05T17:00,26.1,54,16.0,26.8,5,0.0,0.0,0.0,0.0,0.0,3,1014.3,892.5,100,24140.0,11.6,30.6,brasília ,2026-04-05T07:09:40.822654
2026-04-05T18:00,26.3,52,15.6,26.7,8,0.0,0.0,0.0,0.0,0.0,3,1013.6,892.0,100,23880.0,10.5,28.4,brasília ,2026-04-05T07:09:40.822654
2026-04-05T19:00,25.9,53,15.5,26.3,10,0.0,0.0,0.0,0.0,0.0,3,1013.3,891.6,99,24140.0,10.0,25.2,brasília ,2026-04-05T07:09:40.822654
2026-04-05T20:00,25.1,57,15.9,25.7,10,0.0,0.0,0.0,0.0,0.0,3,1013.5,891.4,92,24140.0,9.3,24.1,brasília ,2026-04-05T07:09:40.822654
2026-04-05T21:00,23.1,70,17.3,24.9,8,0.0,0.0,0.0,0.0,0.0,2,1013.5,890.7,67,24140.0,5.5,21.2,brasília ,2026-04-05T07:09:40.822654
2026-04-05T22:00,21.5,79,17.7,23.6,0,0.0,0.0,0.0,0.0,0.0,1,1013.7,890.2,38,24140.0,4.7,14.4,brasília ,2026-04-05T07:09:40.822654
2026-04-05T23:00,20.6,83,17.6,22.5,0,0.0,0.0,0.0,0.0,0.0,1,1014.7,890.8,13,24140.0,5.2,15.5,brasília ,2026-04-05T07:09:40.822654
2026-04-05T00:00,21.7,73,16.6,23.1,0,0.0,0.0,0.0,0.0,0.0,1,1017.1,916.0,36,24140.0,5.8,14.0,curitiba,2026-04-05T07:10:58.518300
2026-04-05T01:00,19.3,95,18.5,21.7,0,0.0,0.0,0.0,0.0,0.0,1,1017.5,915.5,37,24140.0,4.7,13.3,curitiba,2026-04-05T07:10:58.518300
2026-04-05T02:00,19.2,98,18.9,22.0,0,0.0,0.0,0.0,0.0,0.0,45,1017.4,915.4,55,24140.0,3.7,12.2,curitiba,2026-04-05T07:10:58.518300
2026-04-05T03:00,19.1,98,18.7,21.8,3,0.0,0.0,0.0,0.0,0.0,45,1017.4,915.4,78,24140.0,3.7,10.4,curitiba,2026-04-05T07:10:58.518300
2026-04-05T04:00,19.0,98,18.7,21.6,0,0.0,0.0,0.0,0.0,0.0,3,1017.3,915.3,87,24140.0,4.3,12.6,curitiba,2026-04-05T07:10:58.518300
2026-04-05T05:00,19.3,98,18.9,22.1,0,0.0,0.0,0.0,0.0,0.0,3,1017.3,915.4,93,24140.0,3.8,11.9,curitiba,2026-04-05T07:10:58.518300
2026-04-05T06:00,19.2,99,19.1,22.2,0,0.0,0.0,0.0,0.0,0.0,45,1017.1,915.2,93,24140.0,3.2,10.4,curitiba,2026-04-05T07:10:58.518300
2026-04-05T07:00,19.1,98,18.8,22.1,0,0.0,0.0,0.0,0.0,0.0,45,1017.1,915.1,91,24140.0,2.3,9.7,curitiba,2026-04-05T07:10:58.518300
2026-04-05T08:00,18.7,98,18.4,21.5,0,0.0,0.0,0.0,0.0,0.0,45,1017.4,915.2,80,24140.0,1.5,6.1,curitiba,2026-04-05T07:10:58.518300
2026-04-05T09:00,18.3,99,18.1,20.8,0,0.0,0.0,0.0,0.0,0.0,45,1018.1,915.7,70,24140.0,3.1,4.3,curitiba,2026-04-05T07:10:58.518300
2026-04-05T10:00,18.3,98,18.0,20.8,0,0.0,0.0,0.0,0.0,0.0,45,1018.8,916.4,68,24140.0,3.3,7.2,curitiba,2026-04-05T07:10:58.518300
2026-04-05T11:00,20.0,92,18.6,22.4,0,0.0,0.0,0.0,0.0,0.0,2,1019.3,917.4,78,24140.0,5.1,14.8,curitiba,2026-04-05T07:10:58.518300
2026-04-05T12:00,22.0,82,18.8,24.4,0,0.0,0.0,0.0,0.0,0.0,2,1019.4,918.1,64,24140.0,6.0,16.6,curitiba,2026-04-05T07:10:58.518300
2026-04-05T13:00,23.5,74,18.6,25.9,8,0.0,0.0,0.0,0.0,0.0,2,1018.8,918.1,56,24140.0,5.4,18.0,curitiba,2026-04-05T07:10:58.518300
2026-04-05T14:00,24.9,68,18.6,28.1,18,0.0,0.0,0.0,0.0,0.0,2,1018.2,918.0,70,20120.0,3.3,15.5,curitiba,2026-04-05T07:10:58.518300
2026-04-05T15:00,25.4,63,17.8,28.4,18,0.1,0.0,0.1,0.0,0.0,3,1017.7,917.7,83,24140.0,4.5,14.4,curitiba,2026-04-05T07:10:58.518300
2026-04-05T16:00,25.8,62,17.9,28.3,25,0.0,0.0,0.0,0.0,0.0,2,1017.1,917.3,81,21280.0,7.0,19.8,curitiba,2026-04-05T07:10:58.518300
2026-04-05T17:00,24.6,69,18.5,26.3,48,0.4,0.0,0.4,0.0,0.0,80,1016.9,916.7,85,23520.0,10.0,27.0,curitiba,2026-04-05T07:10:58.518300
2026-04-05T18:00,24.6,69,18.5,26.2,70,0.3,0.0,0.3,0.0,0.0,80,1016.3,916.2,100,24140.0,10.6,28.1,curitiba,2026-04-05T07:10:58.518300
2026-04-05T19:00,23.6,72,18.2,24.8,80,0.3,0.0,0.3,0.0,0.0,80,1016.7,916.2,91,24140.0,12.3,31.3,curitiba,2026-04-05T07:10:58.518300
2026-04-05T20:00,22.2,77,18.0,23.1,55,0.1,0.0,0.1,0.0,0.0,2,1016.9,916.0,62,18460.0,13.9,33.8,curitiba,2026-04-05T07:10:58.518300
2026-04-05T21:00,20.6,84,17.8,21.4,13,0.0,0.0,0.0,0.0,0.0,2,1017.2,915.7,63,24140.0,13.6,33.8,curitiba,2026-04-05T07:10:58.518300
2026-04-05T22:00,19.3,92,17.9,20.3,3,0.0,0.0,0.0,0.0,0.0,2,1017.8,915.8,65,24140.0,13.0,32.8,curitiba,2026-04-05T07:10:58.518300
2026-04-05T23:00,18.6,95,17.8,19.7,0,0.0,0.0,0.0,0.0,0.0,2,1018.7,916.4,70,20060.0,12.3,31.0,curitiba,2026-04-05T07:10:58.518300
2026-04-05T00:00,25.8,84,22.9,30.4,0,0.0,0.0,0.0,0.0,0.0,2,1013.2,1010.0,58,24140.0,5.9,10.8,natal,2026-04-05T07:11:00.896247
2026-04-05T01:00,25.5,86,22.9,30.1,0,0.0,0.0,0.0,0.0,0.0,2,1013.1,1009.9,52,24140.0,5.4,10.1,natal,2026-04-05T07:11:00.896247
2026-04-05T02:00,25.3,88,23.1,30.1,0,0.0,0.0,0.0,0.0,0.0,2,1012.6,1009.4,69,24140.0,5.0,12.2,natal,2026-04-05T07:11:00.896247
2026-04-05T03:00,25.1,90,23.3,30.1,0,0.0,0.0,0.0,0.0,0.0,2,1011.9,1008.7,56,20080.0,4.0,8.6,natal,2026-04-05T07:11:00.896247
2026-04-05T04:00,24.9,91,23.3,29.9,0,0.0,0.0,0.0,0.0,0.0,2,1011.3,1008.1,59,24140.0,4.1,7.2,natal,2026-04-05T07:11:00.896247
2026-04-05T05:00,24.8,91,23.2,29.8,3,0.0,0.0,0.0,0.0,0.0,2,1010.6,1007.4,59,24140.0,4.7,8.3,natal,2026-04-05T07:11:00.896247
2026-04-05T06:00,24.7,91,23.1,29.5,5,0.0,0.0,0.0,0.0,0.0,2,1010.6,1007.4,71,24140.0,4.6,7.9,natal,2026-04-05T07:11:00.896247
2026-04-05T07:00,24.5,92,23.1,29.4,8,0.0,0.0,0.0,0.0,0.0,2,1010.6,1007.4,71,22520.0,4.3,7.6,natal,2026-04-05T07:11:00.896247
2026-04-05T08:00,24.4,92,23.0,29.2,5,0.0,0.0,0.0,0.0,0.0,2,1011.0,1007.8,69,22780.0,4.2,7.2,natal,2026-04-05T07:11:00.896247
2026-04-05T09:00,24.6,92,23.2,29.4,3,0.0,0.0,0.0,0.0,0.0,2,1011.6,1008.4,63,24140.0,5.2,9.0,natal,2026-04-05T07:11:00.896247
2026-04-05T10:00,25.8,88,23.6,30.4,13,0.0,0.0,0.0,0.0,0.0,2,1012.5,1009.3,57,16780.0,8.6,16.2,natal,2026-04-05T07:11:00.896247
2026-04-05T11:00,27.1,81,23.5,30.9,25,0.0,0.0,0.0,0.0,0.0,2,1013.1,1009.9,58,21760.0,13.1,24.1,natal,2026-04-05T07:11:00.896247
2026-04-05T12:00,28.2,75,23.3,31.6,33,0.1,0.0,0.1,0.0,0.0,3,1013.6,1010.4,89,24140.0,15.1,28.1,natal,2026-04-05T07:11:00.896247
2026-04-05T13:00,28.5,74,23.4,31.4,45,0.1,0.0,0.1,0.0,0.0,3,1013.4,1010.2,97,24140.0,19.0,34.9,natal,2026-04-05T07:11:00.896247
2026-04-05T14:00,28.5,77,24.1,32.4,58,0.9,0.0,0.9,0.0,0.0,95,1012.9,1009.7,100,24140.0,19.6,37.1,natal,2026-04-05T07:11:00.896247
2026-04-05T15:00,28.5,77,24.1,32.0,73,0.5,0.0,0.6,0.0,0.0,80,1012.0,1008.8,95,24140.0,17.9,36.4,natal,2026-04-05T07:11:00.896247
2026-04-05T16:00,28.4,76,23.8,31.9,73,1.0,0.0,1.0,0.0,0.0,95,1011.3,1008.1,100,24140.0,17.2,36.4,natal,2026-04-05T07:11:00.896247
2026-04-05T17:00,28.2,77,23.7,31.8,55,0.5,0.0,0.5,0.0,0.0,80,1011.0,1007.8,97,21020.0,15.9,36.4,natal,2026-04-05T07:11:00.896247
2026-04-05T18:00,27.7,78,23.5,31.2,38,0.9,0.0,0.9,0.0,0.0,80,1010.6,1007.4,100,24140.0,15.5,36.7,natal,2026-04-05T07:11:00.896247
2026-04-05T19:00,27.7,77,23.3,31.4,25,0.0,0.0,0.1,0.0,0.0,3,1010.7,1007.5,100,24140.0,13.7,34.9,natal,2026-04-05T07:11:00.896247
2026-04-05T20:00,27.3,78,23.1,31.0,18,0.0,0.0,0.0,0.0,0.0,3,1010.9,1007.7,100,24140.0,12.1,24.8,natal,2026-04-05T07:11:00.896247
2026-04-05T21:00,26.4,83,23.2,30.7,5,0.0,0.0,0.0,0.0,0.0,3,1011.6,1008.4,100,24140.0,8.7,21.6,natal,2026-04-05T07:11:00.896247
2026-04-05T22:00,26.1,85,23.3,30.8,5,0.0,0.0,0.0,0.0,0.0,3,1012.4,1009.2,100,24140.0,6.8,14.8,natal,2026-04-05T07:11:00.896247
2026-04-05T23:00,25.8,86,23.3,30.7,5,0.0,0.0,0.0,0.0,0.0,3,1012.7,1009.5,100,24140.0,5.5,11.9,natal,2026-04-05T07:11:00.896247
2026-04-05T00:00,26.9,84,23.9,32.7,10,0.0,0.0,0.0,0.0,0.0,0,1015.4,1014.8,0,24140.0,1.5,2.9,rio_de_janeiro,2026-04-05T07:11:03.273804
2026-04-05T01:00,26.4,87,24.1,32.3,0,0.0,0.0,0.0,0.0,0.0,0,1015.0,1014.4,0,24140.0,1.8,4.0,rio_de_janeiro,2026-04-05T07:11:03.273804
2026-04-05T02:00,26.0,90,24.2,31.9,3,0.0,0.0,0.0,0.0,0.0,0,1014.8,1014.2,0,24140.0,2.2,4.7,rio_de_janeiro,2026-04-05T07:11:03.273804
2026-04-05T03:00,25.6,91,24.0,31.4,0,0.0,0.0,0.0,0.0,0.0,0,1014.5,1013.9,0,24140.0,2.2,5.0,rio_de_janeiro,2026-04-05T07:11:03.273804
2026-04-05T04:00,25.4,92,24.0,31.2,0,0.0,0.0,0.0,0.0,0.0,0,1014.2,1013.6,0,24140.0,1.8,5.0,rio_de_janeiro,2026-04-05T07:11:03.273804
2026-04-05T05:00,25.1,93,23.9,31.0,0,0.0,0.0,0.0,0.0,0.0,0,1013.7,1013.1,0,24140.0,1.3,4.3,rio_de_janeiro,2026-04-05T07:11:03.273804
2026-04-05T06:00,24.9,94,23.9,30.8,0,0.0,0.0,0.0,0.0,0.0,0,1013.2,1012.6,0,24140.0,1.0,3.2,rio_de_janeiro,2026-04-05T07:11:03.273804
2026-04-05T07:00,24.8,94,23.7,30.6,0,0.0,0.0,0.0,0.0,0.0,0,1013.0,1012.4,0,24140.0,0.8,2.2,rio_de_janeiro,2026-04-05T07:11:03.273804
2026-04-05T08:00,24.7,94,23.7,30.6,0,0.0,0.0,0.0,0.0,0.0,0,1013.4,1012.8,5,24140.0,0.4,1.1,rio_de_janeiro,2026-04-05T07:11:03.273804
2026-04-05T09:00,24.8,93,23.6,30.5,0,0.0,0.0,0.0,0.0,0.0,1,1014.1,1013.5,36,24140.0,0.8,1.1,rio_de_janeiro,2026-04-05T07:11:03.273804
2026-04-05T10:00,25.1,92,23.7,30.8,0,0.0,0.0,0.0,0.0,0.0,1,1014.8,1014.2,28,24140.0,1.3,3.6,rio_de_janeiro,2026-04-05T07:11:03.273804
2026-04-05T11:00,27.2,80,23.4,32.8,0,0.0,0.0,0.0,0.0,0.0,0,1015.5,1014.9,0,24140.0,0.8,4.3,rio_de_janeiro,2026-04-05T07:11:03.273804
2026-04-05T12:00,29.1,71,23.3,34.6,0,0.0,0.0,0.0,0.0,0.0,0,1015.8,1015.2,0,24140.0,1.1,5.8,rio_de_janeiro,2026-04-05T07:11:03.273804
2026-04-05T13:00,30.8,63,23.0,36.8,3,0.0,0.0,0.0,0.0,0.0,1,1015.6,1015.0,8,24140.0,2.5,9.7,rio_de_janeiro,2026-04-05T07:11:03.273804
2026-04-05T14:00,32.1,57,22.5,37.9,20,0.0,0.0,0.0,0.0,0.0,2,1015.0,1014.4,76,24140.0,3.8,11.9,rio_de_janeiro,2026-04-05T07:11:03.273804
2026-04-05T15:00,32.7,55,22.5,38.9,35,0.0,0.0,0.0,0.0,0.0,2,1014.7,1014.1,56,24140.0,4.0,13.0,rio_de_janeiro,2026-04-05T07:11:03.273804
2026-04-05T16:00,32.6,58,23.3,38.9,63,0.1,0.0,0.1,0.0,0.0,3,1014.4,1013.8,96,24140.0,7.6,20.2,rio_de_janeiro,2026-04-05T07:11:03.273804
2026-04-05T17:00,31.2,63,23.3,36.0,58,0.9,0.0,0.9,0.0,0.0,95,1013.9,1013.3,100,18900.0,8.0,20.2,rio_de_janeiro,2026-04-05T07:11:03.273804
2026-04-05T18:00,30.7,63,22.9,34.9,40,0.8,0.0,0.8,0.0,0.0,95,1014.0,1013.4,59,24140.0,8.4,21.6,rio_de_janeiro,2026-04-05T07:11:03.273804
2026-04-05T19:00,30.1,62,22.0,33.9,30,0.3,0.0,0.3,0.0,0.0,80,1014.3,1013.7,72,24100.0,7.6,21.6,rio_de_janeiro,2026-04-05T07:11:03.273804
2026-04-05T20:00,29.0,65,21.8,32.9,15,0.0,0.0,0.0,0.0,0.0,3,1014.8,1014.2,84,24140.0,5.9,19.4,rio_de_janeiro,2026-04-05T07:11:03.273804
2026-04-05T21:00,27.8,71,22.0,32.1,3,0.0,0.0,0.0,0.0,0.0,3,1015.0,1014.4,100,24140.0,3.8,14.8,rio_de_janeiro,2026-04-05T07:11:03.273804
2026-04-05T22:00,26.8,78,22.7,31.6,5,0.0,0.0,0.0,0.0,0.0,3,1015.4,1014.8,100,24140.0,3.2,9.7,rio_de_janeiro,2026-04-05T07:11:03.273804
2026-04-05T23:00,26.3,81,22.7,31.2,0,0.0,0.0,0.0,0.0,0.0,3,1016.3,1015.7,84,24140.0,2.9,7.9,rio_de_janeiro,2026-04-05T07:11:03.273804
2026-04-05T00:00,23.1,82,19.8,26.2,15,0.0,0.0,0.0,0.0,0.0,2,1017.4,931.6,78,7960.0,4.1,9.4,São Paulo,2026-04-05T07:13:06.135183
2026-04-05T01:00,22.7,83,19.7,25.9,10,0.0,0.0,0.0,0.0,0.0,1,1017.2,931.4,32,24140.0,3.6,9.7,São Paulo,2026-04-05T07:13:06.135183
2026-04-05T02:00,22.3,83,19.2,25.2,0,0.0,0.0,0.0,0.0,0.0,1,1017.3,931.3,10,24140.0,3.5,8.3,São Paulo,2026-04-05T07:13:06.135183
2026-04-05T03:00,21.8,85,19.1,24.8,0,0.0,0.0,0.0,0.0,0.0,0,1017.1,931.0,0,24140.0,2.5,7.9,São Paulo,2026-04-05T07:13:06.135183
2026-04-05T04:00,21.3,87,19.0,24.4,0,0.0,0.0,0.0,0.0,0.0,0,1016.7,930.5,0,24140.0,2.2,5.0,São Paulo,2026-04-05T07:13:06.135183
2026-04-05T05:00,20.9,89,19.0,24.0,0,0.0,0.0,0.0,0.0,0.0,0,1016.4,930.1,0,24140.0,1.8,4.0,São Paulo,2026-04-05T07:13:06.135183
2026-04-05T06:00,20.4,92,19.1,23.5,0,0.0,0.0,0.0,0.0,0.0,0,1016.0,929.6,2,24140.0,1.8,3.6,São Paulo,2026-04-05T07:13:06.135183
2026-04-05T07:00,20.0,94,19.0,23.0,0,0.0,0.0,0.0,0.0,0.0,0,1016.0,929.5,0,24140.0,1.9,4.0,São Paulo,2026-04-05T07:13:06.135183
2026-04-05T08:00,19.6,96,18.9,22.7,0,0.0,0.0,0.0,0.0,0.0,1,1016.4,929.8,9,24140.0,1.8,4.0,São Paulo,2026-04-05T07:13:06.135183
2026-04-05T09:00,19.3,97,18.8,22.3,0,0.0,0.0,0.0,0.0,0.0,45,1017.1,930.3,33,24140.0,1.8,3.6,São Paulo,2026-04-05T07:13:06.135183
2026-04-05T10:00,19.2,98,18.8,22.3,0,0.0,0.0,0.0,0.0,0.0,45,1017.9,931.0,39,24140.0,1.3,3.6,São Paulo,2026-04-05T07:13:06.135183
2026-04-05T11:00,20.9,90,19.2,24.3,0,0.0,0.0,0.0,0.0,0.0,0,1018.4,932.0,0,24140.0,0.5,4.0,São Paulo,2026-04-05T07:13:06.135183
2026-04-05T12:00,23.5,78,19.4,26.6,0,0.0,0.0,0.0,0.0,0.0,0,1018.6,932.8,0,24140.0,2.6,9.0,São Paulo,2026-04-05T07:13:06.135183
2026-04-05T13:00,25.5,68,19.1,28.5,3,0.0,0.0,0.0,0.0,0.0,1,1018.1,932.9,41,24140.0,7.1,19.4,São Paulo,2026-04-05T07:13:06.135183
2026-04-05T14:00,26.9,59,18.2,29.8,10,0.0,0.0,0.0,0.0,0.0,2,1017.5,932.8,56,24140.0,8.4,23.0,São Paulo,2026-04-05T07:13:06.135183
2026-04-05T15:00,27.7,54,17.5,30.2,8,0.0,0.0,0.0,0.0,0.0,2,1016.8,932.3,65,24140.0,9.2,24.8,São Paulo,2026-04-05T07:13:06.135183
2026-04-05T16:00,28.1,53,17.6,30.1,8,0.0,0.0,0.0,0.0,0.0,2,1015.9,931.6,77,24140.0,10.8,28.4,São Paulo,2026-04-05T07:13:06.135183
2026-04-05T17:00,27.5,57,18.2,29.2,15,0.0,0.0,0.0,0.0,0.0,2,1015.6,931.2,63,24140.0,12.4,32.4,São Paulo,2026-04-05T07:13:06.135183
2026-04-05T18:00,26.7,63,19.0,28.2,33,0.0,0.0,0.0,0.0,0.0,2,1015.5,930.9,70,24140.0,12.6,33.1,São Paulo,2026-04-05T07:13:06.135183
2026-04-05T19:00,26.2,65,19.1,27.7,28,0.0,0.0,0.0,0.0,0.0,3,1015.6,930.8,93,24140.0,13.2,33.1,São Paulo,2026-04-05T07:13:06.135183
2026-04-05T20:00,25.1,69,19.0,26.5,3,0.0,0.0,0.0,0.0,0.0,3,1015.9,930.8,97,24140.0,13.2,33.8,São Paulo,2026-04-05T07:13:06.135183
2026-04-05T21:00,23.6,77,19.3,25.2,3,0.0,0.0,0.0,0.0,0.0,3,1016.1,930.6,95,24140.0,12.7,32.8,São Paulo,2026-04-05T07:13:06.135183
2026-04-05T22:00,22.5,82,19.3,24.3,0,0.0,0.0,0.0,0.0,0.0,3,1016.7,930.8,94,24140.0,11.5,31.0,São Paulo,2026-04-05T07:13:06.135183
2026-04-05T23:00,21.9,87,19.6,24.0,0,0.0,0.0,0.0,0.0,0.0,2,1017.7,931.6,74,24140.0,10.3,28.1,São Paulo,2026-04-05T07:13:06.135183
2026-04-05T00:00,7.5,79,4.1,5.4,0,0.0,0.0,0.0,0.0,0.0,2,1022.0,956.4,49,32680.0,4.5,11.5,sofia,2026-04-05T07:13:08.520501
2026-04-05T01:00,7.1,74,2.8,4.6,0,0.0,0.0,0.0,0.0,0.0,1,1022.5,956.8,28,36380.0,5.4,11.5,sofia,2026-04-05T07:13:08.520501
2026-04-05T02:00,6.7,70,1.7,4.1,0,0.0,0.0,0.0,0.0,0.0,1,1022.6,956.8,32,39320.0,5.1,11.9,sofia,2026-04-05T07:13:08.520501
2026-04-05T03:00,6.4,68,0.9,3.6,0,0.0,0.0,0.0,0.0,0.0,1,1023.7,957.8,37,40500.0,5.7,11.5,sofia,2026-04-05T07:13:08.520501
2026-04-05T04:00,6.0,69,0.7,3.2,0,0.0,0.0,0.0,0.0,0.0,1,1023.6,957.6,35,40020.0,5.6,12.2,sofia,2026-04-05T07:13:08.520501
2026-04-05T05:00,5.9,71,1.0,3.3,0,0.0,0.0,0.0,0.0,0.0,1,1024.7,958.6,36,40040.0,4.6,12.2,sofia,2026-04-05T07:13:08.520501
2026-04-05T06:00,7.3,66,1.4,4.9,0,0.0,0.0,0.0,0.0,0.0,1,1024.1,958.4,25,40480.0,3.1,11.5,sofia,2026-04-05T07:13:08.520501
2026-04-05T07:00,9.3,64,2.8,7.3,0,0.0,0.0,0.0,0.0,0.0,1,1024.1,958.8,17,37540.0,2.1,7.9,sofia,2026-04-05T07:13:08.520501
2026-04-05T08:00,11.4,51,1.7,8.9,0,0.0,0.0,0.0,0.0,0.0,1,1023.7,958.9,12,40680.0,5.5,15.1,sofia,2026-04-05T07:13:08.520501
2026-04-05T09:00,13.1,46,1.8,11.5,0,0.0,0.0,0.0,0.0,0.0,0,1023.5,959.1,5,41620.0,5.6,16.2,sofia,2026-04-05T07:13:08.520501
2026-04-05T10:00,14.5,40,1.1,13.4,0,0.0,0.0,0.0,0.0,0.0,0,1023.0,958.9,1,42940.0,5.6,16.2,sofia,2026-04-05T07:13:08.520501
2026-04-05T11:00,15.6,37,0.9,14.4,0,0.0,0.0,0.0,0.0,0.0,0,1022.6,958.8,3,43500.0,6.4,18.0,sofia,2026-04-05T07:13:08.520501
2026-04-05T12:00,16.3,35,0.8,14.8,0,0.0,0.0,0.0,0.0,0.0,0,1022.0,958.4,2,44500.0,7.1,19.8,sofia,2026-04-05T07:13:08.520501
2026-04-05T13:00,16.8,33,0.5,14.8,0,0.0,0.0,0.0,0.0,0.0,1,1021.5,958.0,24,45680.0,6.3,20.2,sofia,2026-04-05T07:13:08.520501
2026-04-05T14:00,16.8,33,0.5,13.7,0,0.0,0.0,0.0,0.0,0.0,2,1020.8,957.4,41,45660.0,7.4,21.6,sofia,2026-04-05T07:13:08.520501
2026-04-05T15:00,16.5,35,1.0,13.3,0,0.0,0.0,0.0,0.0,0.0,2,1021.1,957.6,52,44900.0,8.7,23.4,sofia,2026-04-05T07:13:08.520501
2026-04-05T16:00,15.5,42,2.7,12.3,0,0.0,0.0,0.0,0.0,0.0,2,1021.4,957.6,44,42760.0,10.8,27.7,sofia,2026-04-05T07:13:08.520501
2026-04-05T17:00,14.2,51,4.2,11.9,0,0.0,0.0,0.0,0.0,0.0,2,1022.4,958.3,55,41460.0,6.3,27.0,sofia,2026-04-05T07:13:08.520501
2026-04-05T18:00,12.9,58,4.9,11.0,0,0.0,0.0,0.0,0.0,0.0,2,1022.8,958.4,47,40800.0,4.8,14.4,sofia,2026-04-05T07:13:08.520501
2026-04-05T19:00,11.8,62,4.8,10.0,0,0.0,0.0,0.0,0.0,0.0,1,1023.3,958.6,37,40220.0,4.2,10.1,sofia,2026-04-05T07:13:08.520501
2026-04-05T20:00,10.8,65,4.5,8.9,0,0.0,0.0,0.0,0.0,0.0,1,1023.3,958.4,23,39940.0,4.1,7.9,sofia,2026-04-05T07:13:08.520501
2026-04-05T21:00,10.0,68,4.4,8.1,0,0.0,0.0,0.0,0.0,0.0,1,1023.9,958.8,19,39560.0,3.6,8.3,sofia,2026-04-05T07:13:08.520501
2026-04-05T22:00,9.3,71,4.3,7.4,0,0.0,0.0,0.0,0.0,0.0,1,1024.4,959.1,11,38140.0,3.8,8.3,sofia,2026-04-05T07:13:08.520501
2026-04-05T23:00,8.8,73,4.2,6.7,0,0.0,0.0,0.0,0.0,0.0,1,1024.7,959.3,7,37800.0,4.9,11.2,sofia,2026-04-05T07:13:08.520501
2026-04-05T00:00,25.1,87,22.8,29.6,0,0.0,0.0,0.0,0.0,0.0,0,1008.8,1007.2,12,24140.0,6.3,13.3,phnom_penh,2026-04-05T07:13:10.900183
2026-04-05T01:00,26.8,80,23.1,31.2,0,0.0,0.0,0.0,0.0,0.0,1,1009.8,1008.2,29,24140.0,7.6,15.1,phnom_penh,2026-04-05T07:13:10.900183
2026-04-05T02:00,29.0,72,23.5,33.8,0,0.0,0.0,0.0,0.0,0.0,1,1010.5,1008.9,23,24140.0,8.1,16.6,phnom_penh,2026-04-05T07:13:10.900183
2026-04-05T03:00,31.1,63,23.2,36.8,0,0.0,0.0,0.0,0.0,0.0,1,1010.1,1008.5,37,24140.0,8.4,16.9,phnom_penh,2026-04-05T07:13:10.900183
2026-04-05T04:00,33.1,54,22.5,39.1,0,0.0,0.0,0.0,0.0,0.0,1,1009.7,1008.1,22,24140.0,9.1,18.7,phnom_penh,2026-04-05T07:13:10.900183
2026-04-05T05:00,34.8,44,20.8,40.4,0,0.0,0.0,0.0,0.0,0.0,1,1008.7,1007.1,10,24140.0,9.8,19.8,phnom_penh,2026-04-05T07:13:10.900183
2026-04-05T06:00,36.1,37,19.1,40.7,0,0.0,0.0,0.0,0.0,0.0,0,1007.5,1005.9,0,24140.0,10.5,20.9,phnom_penh,2026-04-05T07:13:10.900183
2026-04-05T07:00,36.9,33,18.0,40.6,0,0.0,0.0,0.0,0.0,0.0,0,1006.2,1004.6,0,24140.0,10.5,21.2,phnom_penh,2026-04-05T07:13:10.900183
2026-04-05T08:00,37.0,32,17.6,39.6,0,0.0,0.0,0.0,0.0,0.0,0,1005.1,1003.6,0,24140.0,11.3,22.0,phnom_penh,2026-04-05T07:13:10.900183
2026-04-05T09:00,36.8,31,16.9,37.9,0,0.0,0.0,0.0,0.0,0.0,0,1004.9,1003.4,0,24140.0,11.4,22.7,phnom_penh,2026-04-05T07:13:10.900183
2026-04-05T10:00,36.0,33,17.2,36.8,0,0.0,0.0,0.0,0.0,0.0,0,1005.3,1003.7,0,24140.0,12.1,23.4,phnom_penh,2026-04-05T07:13:10.900183
2026-04-05T11:00,34.7,37,17.9,36.1,0,0.0,0.0,0.0,0.0,0.0,0,1006.0,1004.4,0,24140.0,10.0,23.0,phnom_penh,2026-04-05T07:13:10.900183
2026-04-05T12:00,33.1,44,19.2,35.4,0,0.0,0.0,0.0,0.0,0.0,1,1006.3,1004.7,9,24140.0,7.8,19.1,phnom_penh,2026-04-05T07:13:10.900183
2026-04-05T13:00,31.4,49,19.4,33.0,0,0.0,0.0,0.0,0.0,0.0,1,1007.2,1005.6,11,24140.0,13.3,24.8,phnom_penh,2026-04-05T07:13:10.900183
2026-04-05T14:00,29.9,58,20.8,32.8,0,0.0,0.0,0.0,0.0,0.0,0,1008.0,1006.4,0,24140.0,9.4,25.2,phnom_penh,2026-04-05T07:13:10.900183
2026-04-05T15:00,29.2,63,21.4,32.7,0,0.0,0.0,0.0,0.0,0.0,0,1008.7,1007.1,5,24140.0,7.1,17.3,phnom_penh,2026-04-05T07:13:10.900183
2026-04-05T16:00,28.6,67,21.9,32.6,0,0.0,0.0,0.0,0.0,0.0,0,1008.9,1007.3,0,24140.0,6.2,13.3,phnom_penh,2026-04-05T07:13:10.900183
2026-04-05T17:00,28.1,70,22.1,32.2,0,0.0,0.0,0.0,0.0,0.0,0,1008.7,1007.1,0,24140.0,6.3,11.9,phnom_penh,2026-04-05T07:13:10.900183
2026-04-05T18:00,27.4,74,22.3,31.4,0,0.0,0.0,0.0,0.0,0.0,0,1008.4,1006.8,0,24140.0,7.6,13.7,phnom_penh,2026-04-05T07:13:10.900183
2026-04-05T19:00,26.5,78,22.4,30.5,0,0.0,0.0,0.0,0.0,0.0,0,1007.9,1006.3,0,24140.0,7.6,14.8,phnom_penh,2026-04-05T07:13:10.900183
2026-04-05T20:00,25.9,81,22.4,30.0,0,0.0,0.0,0.0,0.0,0.0,0,1007.8,1006.2,0,24140.0,7.3,14.4,phnom_penh,2026-04-05T07:13:10.900183
2026-04-05T21:00,25.5,83,22.4,29.5,0,0.0,0.0,0.0,0.0,0.0,0,1008.2,1006.6,0,24140.0,7.4,14.0,phnom_penh,2026-04-05T07:13:10.900183
2026-04-05T22:00,25.1,85,22.4,29.1,0,0.0,0.0,0.0,0.0,0.0,0,1009.0,1007.4,0,24140.0,7.8,14.4,phnom_penh,2026-04-05T07:13:10.900183
2026-04-05T23:00,24.7,88,22.6,28.9,0,0.0,0.0,0.0,0.0,0.0,0,1009.6,1008.0,0,24140.0,7.4,14.4,phnom_penh,2026-04-05T07:13:10.900183
2026-04-05T00:00,7.8,57,-0.2,3.0,10,0.0,0.0,0.0,0.0,0.0,3,1026.5,905.3,99,32100.0,17.8,22.3,calgary,2026-04-05T07:13:13.280103
2026-04-05T01:00,6.3,60,-0.9,1.7,3,0.0,0.0,0.0,0.0,0.0,3,1027.3,905.4,100,30800.0,16.0,24.5,calgary,2026-04-05T07:13:13.280103
2026-04-05T02:00,4.9,65,-1.1,1.2,5,0.0,0.0,0.0,0.0,0.0,0,1028.0,905.4,13,27100.0,10.1,23.8,calgary,2026-04-05T07:13:13.280103
2026-04-05T03:00,2.9,67,-2.7,-0.9,4,0.0,0.0,0.0,0.0,0.0,0,1028.8,905.3,6,26600.0,8.4,21.2,calgary,2026-04-05T07:13:13.280103
2026-04-05T04:00,2.6,69,-2.5,-0.7,3,0.0,0.0,0.0,0.0,0.0,3,1029.8,906.1,99,25200.0,5.6,19.4,calgary,2026-04-05T07:13:13.280103
2026-04-05T05:00,2.5,76,-1.3,-0.6,4,0.0,0.0,0.0,0.0,0.0,3,1030.3,906.5,100,21700.0,5.6,13.0,calgary,2026-04-05T07:13:13.280103
2026-04-05T06:00,2.3,80,-0.8,-0.8,5,0.0,0.0,0.0,0.0,0.0,3,1030.6,906.6,100,19400.0,5.8,10.4,calgary,2026-04-05T07:13:13.280103
2026-04-05T07:00,2.4,81,-0.5,-0.4,8,0.0,0.0,0.0,0.0,0.0,3,1030.9,906.9,100,19200.0,4.3,11.2,calgary,2026-04-05T07:13:13.280103
2026-04-05T08:00,2.3,82,-0.4,-0.5,3,0.0,0.0,0.0,0.0,0.0,3,1030.8,906.8,100,18500.0,4.5,11.9,calgary,2026-04-05T07:13:13.280103
2026-04-05T09:00,2.1,85,-0.2,-0.7,4,0.0,0.0,0.0,0.0,0.0,3,1030.8,906.7,100,17200.0,4.2,16.2,calgary,2026-04-05T07:13:13.280103
2026-04-05T10:00,1.6,86,-0.5,-1.5,6,0.0,0.0,0.0,0.0,0.0,3,1030.8,906.5,100,15900.0,5.8,15.1,calgary,2026-04-05T07:13:13.280103
2026-04-05T11:00,1.1,87,-0.9,-1.9,8,0.0,0.0,0.0,0.0,0.0,3,1030.6,906.1,100,15600.0,5.2,16.2,calgary,2026-04-05T07:13:13.280103
2026-04-05T12:00,0.5,86,-1.6,-2.6,9,0.0,0.0,0.0,0.0,0.0,3,1030.7,906.0,100,16100.0,4.7,18.0,calgary,2026-04-05T07:13:13.280103
2026-04-05T13:00,-0.3,89,-1.9,-3.5,15,0.0,0.0,0.0,0.0,0.0,3,1031.0,905.9,100,14900.0,4.9,20.2,calgary,2026-04-05T07:13:13.280103
2026-04-05T14:00,-0.5,90,-1.9,-4.2,21,0.1,0.0,0.0,0.07,0.0,71,1031.4,906.2,100,6300.0,9.2,23.0,calgary,2026-04-05T07:13:13.280103
2026-04-05T15:00,-0.3,92,-1.5,-4.3,35,0.4,0.0,0.0,0.28,0.0,73,1031.5,906.3,100,3600.0,11.0,20.5,calgary,2026-04-05T07:13:13.280103
2026-04-05T16:00,0.0,91,-1.3,-4.0,51,0.6,0.0,0.0,0.42,0.0,73,1031.2,906.2,100,2600.0,11.5,18.0,calgary,2026-04-05T07:13:13.280103
2026-04-05T17:00,0.5,92,-0.7,-3.4,49,0.8,0.0,0.0,0.56,0.0,73,1030.8,906.0,100,2300.0,11.5,18.0,calgary,2026-04-05T07:13:13.280103
2026-04-05T18:00,1.2,91,-0.1,-2.8,43,0.8,0.0,0.0,0.56,0.0,73,1030.7,906.3,100,2600.0,12.5,17.6,calgary,2026-04-05T07:13:13.280103
2026-04-05T19:00,1.9,91,0.6,-1.9,32,0.6,0.0,0.0,0.42,0.0,73,1030.5,906.4,100,5100.0,12.2,17.3,calgary,2026-04-05T07:13:13.280103
2026-04-05T20:00,2.2,90,0.7,-1.7,13,0.3,0.1,0.0,0.14,0.0,71,1030.5,906.5,100,11800.0,12.6,18.4,calgary,2026-04-05T07:13:13.280103
2026-04-05T21:00,2.5,89,0.8,-1.5,9,0.0,0.0,0.0,0.0,0.0,3,1030.5,906.6,100,14600.0,13.2,18.7,calgary,2026-04-05T07:13:13.280103
2026-04-05T22:00,2.7,87,0.8,-1.2,9,0.0,0.0,0.0,0.0,0.0,3,1030.5,906.7,100,15500.0,13.2,18.7,calgary,2026-04-05T07:13:13.280103
2026-04-05T23:00,3.0,84,0.6,-0.9,5,0.0,0.0,0.0,0.0,0.0,3,1030.8,907.1,100,16900.0,13.0,18.7,calgary,2026-04-05T07:13:13.280103
2026-04-05T00:00,5.5,58,-2.1,0.9,0,0.0,0.0,0.0,0.0,0.09,2,1027.8,952.4,77,24140.0,14.8,26.3,edmonton,2026-04-05T07:15:16.106509
2026-04-05T01:00,3.9,65,-2.1,-0.7,0,0.0,0.0,0.0,0.0,0.08,3,1028.9,953.0,85,24140.0,15.1,27.7,edmonton,2026-04-05T07:15:16.106509
2026-04-05T02:00,2.3,72,-2.3,-2.0,0,0.0,0.0,0.0,0.0,0.08,3,1030.0,953.6,82,24140.0,12.4,25.9,edmonton,2026-04-05T07:15:16.106509
2026-04-05T03:00,0.8,77,-2.8,-3.2,0,0.0,0.0,0.0,0.0,0.08,3,1030.9,954.0,84,24140.0,10.1,20.9,edmonton,2026-04-05T07:15:16.106509
2026-04-05T04:00,-0.4,80,-3.5,-4.1,0,0.0,0.0,0.0,0.0,0.08,2,1032.2,954.9,79,24140.0,7.1,16.9,edmonton,2026-04-05T07:15:16.106509
2026-04-05T05:00,-1.3,80,-4.3,-4.9,0,0.0,0.0,0.0,0.0,0.08,1,1033.1,955.5,39,24140.0,6.0,11.9,edmonton,2026-04-05T07:15:16.106509
2026-04-05T06:00,-2.1,82,-4.8,-5.6,0,0.0,0.0,0.0,0.0,0.08,2,1034.4,956.5,47,24140.0,4.6,10.1,edmonton,2026-04-05T07:15:16.106509
2026-04-05T07:00,-2.7,82,-5.3,-5.8,0,0.0,0.0,0.0,0.0,0.08,2,1035.0,956.9,81,24140.0,2.3,7.2,edmonton,2026-04-05T07:15:16.106509
2026-04-05T08:00,-2.9,84,-5.3,-6.0,0,0.0,0.0,0.0,0.0,0.08,3,1035.4,957.2,90,24140.0,1.5,4.0,edmonton,2026-04-05T07:15:16.106509
2026-04-05T09:00,-3.2,85,-5.4,-6.4,0,0.0,0.0,0.0,0.0,0.08,3,1035.5,957.2,97,24140.0,2.0,3.2,edmonton,2026-04-05T07:15:16.106509
2026-04-05T10:00,-3.5,86,-5.5,-6.8,0,0.0,0.0,0.0,0.0,0.08,3,1035.8,957.4,100,22960.0,2.8,4.7,edmonton,2026-04-05T07:15:16.106509
2026-04-05T11:00,-3.5,87,-5.4,-6.9,0,0.0,0.0,0.0,0.0,0.08,3,1036.3,957.8,99,23760.0,3.7,6.1,edmonton,2026-04-05T07:15:16.106509
2026-04-05T12:00,-3.4,86,-5.4,-6.9,0,0.0,0.0,0.0,0.0,0.08,3,1036.5,958.1,99,24140.0,4.1,6.8,edmonton,2026-04-05T07:15:16.106509
2026-04-05T13:00,-3.6,86,-5.6,-7.2,0,0.0,0.0,0.0,0.0,0.08,3,1036.8,958.3,99,24140.0,5.2,8.6,edmonton,2026-04-05T07:15:16.106509
2026-04-05T14:00,-3.5,85,-5.6,-7.2,0,0.0,0.0,0.0,0.0,0.08,3,1037.2,958.7,100,24140.0,6.2,10.8,edmonton,2026-04-05T07:15:16.106509
2026-04-05T15:00,-3.0,82,-5.7,-7.0,0,0.0,0.0,0.0,0.0,0.08,3,1037.4,959.0,100,24140.0,7.6,13.0,edmonton,2026-04-05T07:15:16.106509
2026-04-05T16:00,-2.3,79,-5.4,-6.4,0,0.0,0.0,0.0,0.0,0.08,3,1037.4,959.2,100,24140.0,8.7,15.1,edmonton,2026-04-05T07:15:16.106509
2026-04-05T17:00,-1.7,76,-5.4,-5.8,0,0.0,0.0,0.0,0.0,0.08,3,1037.2,959.2,100,24140.0,9.1,16.2,edmonton,2026-04-05T07:15:16.106509
2026-04-05T18:00,-1.0,72,-5.4,-5.2,0,0.0,0.0,0.0,0.0,0.08,3,1037.0,959.2,100,24140.0,9.3,16.6,edmonton,2026-04-05T07:15:16.106509
2026-04-05T19:00,-0.3,69,-5.3,-4.5,0,0.0,0.0,0.0,0.0,0.08,3,1036.9,959.3,100,24140.0,9.4,16.9,edmonton,2026-04-05T07:15:16.106509
2026-04-05T20:00,0.3,66,-5.3,-3.9,0,0.0,0.0,0.0,0.0,0.07,3,1036.5,959.1,100,24140.0,9.5,17.3,edmonton,2026-04-05T07:15:16.106509
2026-04-05T21:00,0.7,64,-5.3,-3.5,0,0.0,0.0,0.0,0.0,0.07,3,1036.4,959.1,97,24140.0,9.6,17.6,edmonton,2026-04-05T07:15:16.106509
2026-04-05T22:00,0.9,63,-5.3,-3.3,0,0.0,0.0,0.0,0.0,0.07,3,1035.8,958.6,88,24140.0,9.5,17.6,edmonton,2026-04-05T07:15:16.106509
2026-04-05T23:00,1.1,62,-5.4,-3.1,0,0.0,0.0,0.0,0.0,0.06,3,1035.4,958.3,86,24140.0,9.4,17.3,edmonton,2026-04-05T07:15:16.106509
2026-04-05T00:00,1.2,75,-2.8,-3.3,42,0.2,0.2,0.0,0.0,0.0,51,1018.8,1015.1,100,16900.0,13.3,35.6,montreal,2026-04-05T07:15:18.485922
2026-04-05T01:00,2.2,86,0.1,-2.3,19,0.1,0.1,0.0,0.0,0.0,51,1017.2,1013.5,99,15500.0,16.3,33.8,montreal,2026-04-05T07:15:18.485922
2026-04-05T02:00,2.4,90,0.9,-1.6,10,0.0,0.0,0.0,0.0,0.0,3,1015.5,1011.9,100,14300.0,13.8,23.0,montreal,2026-04-05T07:15:18.485922
2026-04-05T03:00,2.8,87,0.9,-0.5,16,0.0,0.0,0.0,0.0,0.0,3,1012.9,1009.3,100,13600.0,8.8,13.3,montreal,2026-04-05T07:15:18.485922
2026-04-05T04:00,5.1,81,2.1,1.6,30,0.0,0.0,0.0,0.0,0.0,3,1010.7,1007.1,100,17600.0,12.0,16.9,montreal,2026-04-05T07:15:18.485922
2026-04-05T05:00,6.1,74,1.8,0.2,25,0.0,0.0,0.0,0.0,0.0,3,1008.2,1004.6,98,21300.0,28.2,68.8,montreal,2026-04-05T07:15:18.485922
2026-04-05T06:00,5.5,80,2.3,1.7,48,2.5,2.5,0.0,0.0,0.0,63,1009.9,1006.3,100,14100.0,14.1,24.5,montreal,2026-04-05T07:15:18.485922
2026-04-05T07:00,5.9,84,3.4,-0.1,83,2.5,2.5,0.0,0.0,0.0,63,1008.1,1004.5,100,8300.0,30.3,55.4,montreal,2026-04-05T07:15:18.485922
2026-04-05T08:00,6.1,87,4.1,-0.3,90,2.6,2.6,0.0,0.0,0.0,63,1006.5,1002.9,100,5600.0,34.0,72.0,montreal,2026-04-05T07:15:18.485922
2026-04-05T09:00,6.2,89,4.5,0.8,97,2.5,2.5,0.0,0.0,0.0,63,1005.2,1001.6,100,4000.0,27.6,68.0,montreal,2026-04-05T07:15:18.485922
2026-04-05T10:00,6.5,91,5.1,1.3,100,1.3,1.3,0.0,0.0,0.0,61,1005.2,1001.6,100,5600.0,27.2,60.1,montreal,2026-04-05T07:15:18.485922
2026-04-05T11:00,6.8,94,5.9,1.6,96,2.5,2.5,0.0,0.0,0.0,63,1004.6,1001.1,100,5700.0,28.6,59.4,montreal,2026-04-05T07:15:18.485922
2026-04-05T12:00,7.5,94,6.6,3.2,89,2.7,2.7,0.0,0.0,0.0,63,1004.2,1000.7,100,5100.0,23.8,51.8,montreal,2026-04-05T07:15:18.485922
2026-04-05T13:00,7.9,95,7.1,3.7,73,1.5,1.5,0.0,0.0,0.0,61,1003.7,1000.2,100,11800.0,23.3,49.3,montreal,2026-04-05T07:15:18.485922
2026-04-05T14:00,8.5,92,7.3,5.7,64,1.2,1.2,0.0,0.0,0.0,55,1004.8,1001.3,100,13500.0,14.2,45.4,montreal,2026-04-05T07:15:18.485922
2026-04-05T15:00,7.8,92,6.6,4.4,35,0.3,0.3,0.0,0.0,0.0,51,1005.3,1001.8,100,13700.0,17.2,44.3,montreal,2026-04-05T07:15:18.485922
2026-04-05T16:00,8.6,87,6.5,5.0,13,0.1,0.1,0.0,0.0,0.0,51,1004.9,1001.4,100,16000.0,18.1,44.3,montreal,2026-04-05T07:15:18.485922
2026-04-05T17:00,7.9,86,5.7,4.3,9,0.1,0.1,0.0,0.0,0.0,51,1004.3,1000.8,100,16100.0,17.6,54.7,montreal,2026-04-05T07:15:18.485922
2026-04-05T18:00,7.2,84,4.7,2.5,10,0.0,0.0,0.0,0.0,0.0,3,1004.6,1001.1,100,16900.0,23.3,50.8,montreal,2026-04-05T07:15:18.485922
2026-04-05T19:00,7.2,81,4.1,2.7,10,0.0,0.0,0.0,0.0,0.0,3,1004.7,1001.2,100,18500.0,21.2,47.9,montreal,2026-04-05T07:15:18.485922
2026-04-05T20:00,7.3,84,4.7,2.5,8,0.0,0.0,0.0,0.0,0.0,3,1004.4,1000.9,100,17800.0,24.0,51.5,montreal,2026-04-05T07:15:18.485922
2026-04-05T21:00,7.0,81,3.9,1.8,13,0.3,0.3,0.0,0.0,0.0,51,1004.7,1001.2,92,19000.0,25.5,54.0,montreal,2026-04-05T07:15:18.485922
2026-04-05T22:00,6.1,86,3.9,1.6,5,0.2,0.2,0.0,0.0,0.0,51,1004.7,1001.1,100,11000.0,21.1,43.6,montreal,2026-04-05T07:15:18.485922
2026-04-05T23:00,4.7,85,2.3,0.0,5,1.0,1.0,0.0,0.0,0.0,55,1005.0,1001.4,100,16300.0,19.7,56.5,montreal,2026-04-05T07:15:18.485922
2026-04-05T00:00,1.6,87,-0.3,-3.5,7,0.0,0.0,0.0,0.0,0.0,3,1014.7,1005.5,100,15500.0,20.2,48.2,ottawa,2026-04-05T07:15:20.875950
2026-04-05T01:00,1.6,89,-0.0,-3.2,7,0.0,0.0,0.0,0.0,0.0,3,1012.7,1003.6,100,14600.0,18.2,40.3,ottawa,2026-04-05T07:15:20.875950
2026-04-05T02:00,1.7,89,0.1,-2.7,25,0.0,0.0,0.0,0.0,0.0,3,1010.8,1001.7,100,14800.0,15.4,40.0,ottawa,2026-04-05T07:15:20.875950
2026-04-05T03:00,1.8,89,0.2,-2.9,49,0.1,0.1,0.0,0.0,0.0,51,1008.5,999.4,100,14400.0,17.8,36.7,ottawa,2026-04-05T07:15:20.875950
2026-04-05T04:00,2.1,91,0.8,-2.3,76,0.3,0.3,0.0,0.0,0.0,51,1006.6,997.5,100,11800.0,16.4,36.0,ottawa,2026-04-05T07:15:20.875950
2026-04-05T05:00,2.1,95,1.4,-0.9,100,8.3,8.3,0.0,0.0,0.0,65,1005.2,996.1,100,6100.0,7.7,14.8,ottawa,2026-04-05T07:15:20.875950
2026-04-05T06:00,2.3,98,2.0,-0.4,100,3.4,3.4,0.0,0.0,0.0,63,1005.1,996.0,100,5100.0,6.2,6.1,ottawa,2026-04-05T07:15:20.875950
2026-04-05T07:00,2.6,99,2.4,0.3,99,6.1,6.1,0.0,0.0,0.0,63,1004.0,995.0,100,3100.0,3.5,3.6,ottawa,2026-04-05T07:15:20.875950
2026-04-05T08:00,3.2,95,2.5,1.0,100,3.8,3.8,0.0,0.0,0.0,63,1003.5,994.5,100,300.0,3.7,6.5,ottawa,2026-04-05T07:15:20.875950
2026-04-05T09:00,4.1,92,2.9,2.1,99,2.7,2.7,0.0,0.0,0.0,63,1002.5,993.5,100,800.0,2.6,11.2,ottawa,2026-04-05T07:15:20.875950
2026-04-05T10:00,7.1,89,5.4,4.0,86,2.4,2.4,0.0,0.0,0.0,61,1003.4,994.5,100,12200.0,13.5,38.2,ottawa,2026-04-05T07:15:20.875950
2026-04-05T11:00,7.2,90,5.7,4.1,43,0.3,0.3,0.0,0.0,0.0,51,1004.0,995.1,100,13400.0,13.6,39.6,ottawa,2026-04-05T07:15:20.875950
2026-04-05T12:00,6.6,87,4.6,3.2,18,0.0,0.0,0.0,0.0,0.0,3,1004.6,995.7,100,15200.0,14.6,45.4,ottawa,2026-04-05T07:15:20.875950
2026-04-05T13:00,7.6,81,4.6,3.8,6,0.0,0.0,0.0,0.0,0.0,3,1004.9,996.0,100,18700.0,17.4,38.9,ottawa,2026-04-05T07:15:20.875950
2026-04-05T14:00,7.9,79,4.5,4.0,4,0.0,0.0,0.0,0.0,0.0,3,1005.7,996.8,100,20000.0,17.7,38.2,ottawa,2026-04-05T07:15:20.875950
2026-04-05T15:00,7.6,82,4.7,3.4,4,0.0,0.0,0.0,0.0,0.0,3,1005.6,996.7,100,18400.0,20.2,49.3,ottawa,2026-04-05T07:15:20.875950
2026-04-05T16:00,7.2,75,3.1,2.0,1,0.0,0.0,0.0,0.0,0.0,3,1005.4,996.5,100,22100.0,24.7,47.2,ottawa,2026-04-05T07:15:20.875950
2026-04-05T17:00,7.0,73,2.5,1.5,3,0.0,0.0,0.0,0.0,0.0,3,1005.2,996.3,85,23100.0,26.1,48.2,ottawa,2026-04-05T07:15:20.875950
2026-04-05T18:00,6.1,76,2.2,1.0,1,0.0,0.0,0.0,0.0,0.0,3,1005.0,996.1,82,21500.0,22.5,48.2,ottawa,2026-04-05T07:15:20.875950
2026-04-05T19:00,6.9,74,2.6,1.9,1,0.0,0.0,0.0,0.0,0.0,3,1005.2,996.3,100,22400.0,22.8,43.6,ottawa,2026-04-05T07:15:20.875950
2026-04-05T20:00,6.4,76,2.5,1.3,1,0.0,0.0,0.0,0.0,0.0,3,1005.1,996.2,100,21400.0,23.0,45.7,ottawa,2026-04-05T07:15:20.875950
2026-04-05T21:00,5.9,79,2.6,1.1,3,0.0,0.0,0.0,0.0,0.0,3,1005.4,996.5,100,20000.0,21.7,43.9,ottawa,2026-04-05T07:15:20.875950
2026-04-05T22:00,5.3,78,1.8,0.7,1,0.0,0.0,0.0,0.0,0.0,3,1005.6,996.6,100,20100.0,18.9,42.5,ottawa,2026-04-05T07:15:20.875950
2026-04-05T23:00,3.6,77,-0.0,-1.5,2,0.1,0.1,0.0,0.0,0.0,51,1006.3,997.3,45,20800.0,20.5,50.8,ottawa,2026-04-05T07:15:20.875950
2026-04-05T00:00,-0.2,69,-5.2,-6.5,10,0.0,0.0,0.0,0.0,0.11,3,1026.4,1019.9,99,25600.0,24.3,47.9,quebec_city,2026-04-05T07:15:58.403604
2026-04-05T01:00,-0.4,80,-3.4,-6.7,41,0.2,0.0,0.0,0.14,0.11,71,1025.5,1019.0,100,2400.0,25.0,47.9,quebec_city,2026-04-05T07:15:58.403604
2026-04-05T02:00,-0.2,89,-1.8,-6.6,65,1.3,0.0,0.0,0.91,0.12,75,1023.6,1017.1,100,3200.0,27.5,47.2,quebec_city,2026-04-05T07:15:58.403604
2026-04-05T03:00,0.1,86,-1.9,-5.9,75,0.4,0.0,0.0,0.28,0.12,73,1021.3,1014.8,100,7500.0,25.0,39.2,quebec_city,2026-04-05T07:15:58.403604
2026-04-05T04:00,0.1,87,-1.8,-5.8,73,1.3,0.0,0.0,0.91,0.12,75,1019.3,1012.8,98,6500.0,24.2,38.5,quebec_city,2026-04-05T07:15:58.403604
2026-04-05T05:00,0.3,85,-1.9,-5.3,70,0.9,0.1,0.0,0.56,0.13,73,1016.7,1010.2,100,3500.0,21.9,33.8,quebec_city,2026-04-05T07:15:58.403604
2026-04-05T06:00,0.5,86,-1.5,-4.4,80,2.2,2.1,0.0,0.07,0.12,71,1016.1,1009.7,100,4700.0,17.7,27.7,quebec_city,2026-04-05T07:15:58.403604
2026-04-05T07:00,0.5,86,-1.5,-3.6,99,3.2,3.1,0.0,0.07,0.12,71,1014.1,1007.7,100,3200.0,12.5,22.0,quebec_city,2026-04-05T07:15:58.403604
2026-04-05T08:00,0.3,89,-1.3,-4.0,100,5.3,3.8,0.0,1.05,0.12,75,1012.3,1005.9,100,3900.0,14.0,24.1,quebec_city,2026-04-05T07:15:58.403604
2026-04-05T09:00,0.3,90,-1.2,-3.7,100,4.1,3.4,0.0,0.49,0.12,73,1010.2,1003.8,100,2200.0,11.8,18.7,quebec_city,2026-04-05T07:15:58.403604
2026-04-05T10:00,0.4,88,-1.4,-3.5,100,3.2,3.1,0.0,0.07,0.12,71,1009.3,1002.9,100,3400.0,10.5,15.1,quebec_city,2026-04-05T07:15:58.403604
2026-04-05T11:00,0.4,91,-0.9,-3.5,100,2.5,2.5,0.0,0.0,0.12,63,1008.5,1002.1,100,4300.0,10.9,18.0,quebec_city,2026-04-05T07:15:58.403604
2026-04-05T12:00,0.8,92,-0.3,-3.1,100,3.0,3.0,0.0,0.0,0.12,63,1007.2,1000.8,100,3700.0,12.1,19.4,quebec_city,2026-04-05T07:15:58.403604
2026-04-05T13:00,1.2,94,0.4,-2.4,100,3.3,3.3,0.0,0.0,0.12,63,1006.5,1000.1,100,3500.0,10.9,16.6,quebec_city,2026-04-05T07:15:58.403604
2026-04-05T14:00,1.7,96,1.1,-2.2,92,3.0,3.0,0.0,0.0,0.11,63,1005.0,998.7,100,5000.0,13.3,19.4,quebec_city,2026-04-05T07:15:58.403604
2026-04-05T15:00,1.6,94,0.8,-1.9,84,2.3,2.3,0.0,0.0,0.11,61,1003.8,997.5,100,4800.0,10.7,16.9,quebec_city,2026-04-05T07:15:58.403604
2026-04-05T16:00,1.5,93,0.5,-1.6,68,0.9,0.9,0.0,0.0,0.11,53,1002.6,996.3,100,12200.0,7.4,10.8,quebec_city,2026-04-05T07:15:58.403604
2026-04-05T17:00,1.4,91,0.1,-1.1,49,0.4,0.4,0.0,0.0,0.11,51,1001.9,995.6,100,12200.0,2.8,3.2,quebec_city,2026-04-05T07:15:58.403604
2026-04-05T18:00,1.7,90,0.2,-1.3,21,0.5,0.5,0.0,0.0,0.1,53,1001.7,995.4,100,12200.0,6.4,11.9,quebec_city,2026-04-05T07:15:58.403604
2026-04-05T19:00,5.7,88,3.9,2.3,9,0.0,0.0,0.0,0.0,0.1,3,1001.2,995.0,100,14800.0,13.9,41.8,quebec_city,2026-04-05T07:15:58.403604
2026-04-05T20:00,3.7,87,1.7,-0.0,3,0.0,0.0,0.0,0.0,0.09,3,1000.6,994.3,100,13500.0,12.7,40.0,quebec_city,2026-04-05T07:15:58.403604
2026-04-05T21:00,2.9,90,1.5,-0.5,2,0.9,0.9,0.0,0.0,0.09,53,1000.6,994.3,100,4400.0,11.0,27.7,quebec_city,2026-04-05T07:15:58.403604
2026-04-05T22:00,3.4,88,1.6,-0.8,0,0.4,0.4,0.0,0.0,0.09,51,1000.8,994.5,100,13900.0,16.1,36.0,quebec_city,2026-04-05T07:15:58.403604
2026-04-05T23:00,2.7,86,0.6,-1.4,2,0.0,0.0,0.0,0.0,0.08,2,1001.1,994.8,78,14300.0,14.5,33.1,quebec_city,2026-04-05T07:15:58.403604
2026-04-05T00:00,5.4,77,1.7,2.0,33,0.0,0.0,0.0,0.0,0.0,3,1008.3,988.9,100,8800.0,10.9,29.5,toronto,2026-04-05T07:16:35.933518
2026-04-05T01:00,5.6,84,3.1,0.5,90,1.8,1.8,0.0,0.0,0.0,61,1006.8,987.4,100,16600.0,24.1,47.9,toronto,2026-04-05T07:16:35.933518
2026-04-05T02:00,6.2,95,5.4,4.4,81,0.2,0.2,0.0,0.0,0.0,51,1006.8,987.4,100,7700.0,4.1,23.8,toronto,2026-04-05T07:16:35.933518
2026-04-05T03:00,6.3,99,6.1,4.9,83,2.7,2.7,0.0,0.0,0.0,63,1006.7,987.4,100,4400.0,2.5,2.9,toronto,2026-04-05T07:16:35.933518
2026-04-05T04:00,6.3,98,6.0,5.1,64,1.2,1.2,0.0,0.0,0.0,55,1006.3,987.0,100,9500.0,1.8,5.8,toronto,2026-04-05T07:16:35.933518
2026-04-05T05:00,6.4,96,5.8,4.9,65,1.5,1.5,0.0,0.0,0.0,61,1006.2,986.9,100,12200.0,3.0,8.6,toronto,2026-04-05T07:16:35.933518
2026-04-05T06:00,6.5,97,6.0,4.3,49,0.9,0.9,0.0,0.0,0.0,53,1007.4,988.1,100,10400.0,7.7,22.7,toronto,2026-04-05T07:16:35.933518
2026-04-05T07:00,8.0,90,6.4,4.5,36,0.2,0.2,0.0,0.0,0.0,51,1006.5,987.3,100,14000.0,17.4,37.1,toronto,2026-04-05T07:16:35.933518
2026-04-05T08:00,7.1,82,4.2,2.9,9,0.0,0.0,0.0,0.0,0.0,3,1007.7,988.4,100,17800.0,19.1,52.2,toronto,2026-04-05T07:16:35.933518
2026-04-05T09:00,5.9,83,3.2,2.2,3,0.0,0.0,0.0,0.0,0.0,3,1007.9,988.5,100,17200.0,14.7,41.4,toronto,2026-04-05T07:16:35.933518
2026-04-05T10:00,5.2,85,2.8,1.5,0,0.0,0.0,0.0,0.0,0.0,3,1008.3,988.8,100,16400.0,14.0,44.6,toronto,2026-04-05T07:16:35.933518
2026-04-05T11:00,4.5,83,1.9,0.5,0,0.0,0.0,0.0,0.0,0.0,3,1008.8,989.3,100,17200.0,15.1,42.5,toronto,2026-04-05T07:16:35.933518
2026-04-05T12:00,4.3,83,1.7,0.1,2,0.0,0.0,0.0,0.0,0.0,3,1008.8,989.3,100,17500.0,15.9,43.9,toronto,2026-04-05T07:16:35.933518
2026-04-05T13:00,4.2,79,0.8,-0.4,1,0.0,0.0,0.0,0.0,0.0,3,1009.6,990.1,100,19200.0,17.7,43.6,toronto,2026-04-05T07:16:35.933518
2026-04-05T14:00,3.9,78,0.4,-0.9,1,0.0,0.0,0.0,0.0,0.0,3,1010.1,990.5,100,19900.0,18.3,42.5,toronto,2026-04-05T07:16:35.933518
2026-04-05T15:00,4.5,79,1.1,-0.8,2,0.1,0.1,0.0,0.0,0.0,51,1010.7,991.2,100,19700.0,22.7,43.6,toronto,2026-04-05T07:16:35.933518
2026-04-05T16:00,4.8,75,0.8,-0.6,4,0.0,0.0,0.0,0.0,0.0,3,1010.0,990.5,100,22000.0,23.7,43.2,toronto,2026-04-05T07:16:35.933518
2026-04-05T17:00,5.0,80,1.8,-0.3,4,0.0,0.0,0.0,0.0,0.0,3,1009.6,990.1,100,19700.0,23.7,42.8,toronto,2026-04-05T07:16:35.933518
2026-04-05T18:00,5.4,77,1.7,0.0,4,0.2,0.2,0.0,0.0,0.0,51,1010.1,990.6,100,20800.0,24.2,43.2,toronto,2026-04-05T07:16:35.933518
2026-04-05T19:00,4.8,69,-0.4,-1.1,3,0.0,0.0,0.0,0.0,0.0,3,1011.1,991.6,100,25100.0,25.5,49.0,toronto,2026-04-05T07:16:35.933518
2026-04-05T20:00,4.1,71,-0.7,-1.5,3,0.0,0.0,0.0,0.0,0.0,3,1011.7,992.1,100,23900.0,23.4,43.2,toronto,2026-04-05T07:16:35.933518
2026-04-05T21:00,3.1,80,-0.0,-2.6,6,0.0,0.0,0.0,0.0,0.0,3,1012.2,992.5,100,19100.0,24.5,46.8,toronto,2026-04-05T07:16:35.933518
2026-04-05T22:00,3.1,77,-0.5,-2.3,2,0.0,0.0,0.0,0.0,0.0,3,1012.5,992.8,100,20800.0,21.8,46.1,toronto,2026-04-05T07:16:35.933518
2026-04-05T23:00,2.4,79,-0.9,-2.9,2,0.1,0.1,0.0,0.0,0.0,51,1013.1,993.4,100,19500.0,20.9,44.6,toronto,2026-04-05T07:16:35.933518
2026-04-05T00:00,14.2,60,6.5,11.4,1,0.0,0.0,0.0,0.0,0.0,0,1026.0,1017.4,3,31300.0,13.0,23.4,vancouver,2026-04-05T07:17:53.665645
2026-04-05T01:00,12.8,71,7.7,10.4,1,0.0,0.0,0.0,0.0,0.0,0,1025.6,1016.9,11,23900.0,12.0,23.8,vancouver,2026-04-05T07:17:53.665645
2026-04-05T02:00,11.7,79,8.2,10.8,1,0.0,0.0,0.0,0.0,0.0,1,1025.0,1016.3,31,19700.0,3.1,19.8,vancouver,2026-04-05T07:17:53.665645
2026-04-05T03:00,10.7,78,7.0,9.7,1,0.0,0.0,0.0,0.0,0.0,0,1024.6,1015.9,15,20400.0,1.8,16.6,vancouver,2026-04-05T07:17:53.665645
2026-04-05T04:00,9.6,80,6.4,7.8,1,0.0,0.0,0.0,0.0,0.0,2,1024.7,1016.0,60,18800.0,6.4,14.8,vancouver,2026-04-05T07:17:53.665645
2026-04-05T05:00,9.2,79,5.7,7.1,1,0.0,0.0,0.0,0.0,0.0,2,1024.6,1015.8,55,19000.0,6.8,10.4,vancouver,2026-04-05T07:17:53.665645
2026-04-05T06:00,8.5,82,5.6,6.2,0,0.0,0.0,0.0,0.0,0.0,3,1024.4,1015.6,100,17500.0,8.5,18.7,vancouver,2026-04-05T07:17:53.665645
2026-04-05T07:00,8.3,77,4.5,5.9,0,0.0,0.0,0.0,0.0,0.0,3,1024.3,1015.5,95,19400.0,7.6,16.2,vancouver,2026-04-05T07:17:53.665645
2026-04-05T08:00,7.7,80,4.5,5.3,1,0.0,0.0,0.0,0.0,0.0,3,1024.0,1015.2,97,17600.0,8.0,16.9,vancouver,2026-04-05T07:17:53.665645
2026-04-05T09:00,7.5,78,3.9,5.0,0,0.0,0.0,0.0,0.0,0.0,3,1024.0,1015.2,100,18100.0,7.4,12.6,vancouver,2026-04-05T07:17:53.665645
2026-04-05T10:00,7.2,77,3.5,4.9,0,0.0,0.0,0.0,0.0,0.0,3,1023.7,1014.9,100,18200.0,5.9,9.0,vancouver,2026-04-05T07:17:53.665645
2026-04-05T11:00,7.2,73,2.7,4.6,0,0.0,0.0,0.0,0.0,0.0,3,1023.5,1014.7,100,19900.0,6.0,6.1,vancouver,2026-04-05T07:17:53.665645
2026-04-05T12:00,7.1,71,2.2,4.7,0,0.0,0.0,0.0,0.0,0.0,3,1023.1,1014.3,100,20500.0,4.4,5.8,vancouver,2026-04-05T07:17:53.665645
2026-04-05T13:00,7.1,69,1.8,4.6,0,0.0,0.0,0.0,0.0,0.0,3,1022.9,1014.1,100,21600.0,4.2,6.1,vancouver,2026-04-05T07:17:53.665645
2026-04-05T14:00,6.8,70,1.7,3.8,0,0.0,0.0,0.0,0.0,0.0,3,1022.9,1014.1,100,21000.0,7.9,12.6,vancouver,2026-04-05T07:17:53.665645
2026-04-05T15:00,7.6,78,4.1,5.0,0,0.0,0.0,0.0,0.0,0.0,3,1022.5,1013.7,100,19400.0,8.2,15.1,vancouver,2026-04-05T07:17:53.665645
2026-04-05T16:00,10.1,83,7.3,8.6,0,0.0,0.0,0.0,0.0,0.0,3,1022.1,1013.4,97,17700.0,5.4,13.3,vancouver,2026-04-05T07:17:53.665645
2026-04-05T17:00,12.1,75,7.8,10.8,0,0.0,0.0,0.0,0.0,0.0,3,1021.7,1013.1,100,22000.0,5.6,7.6,vancouver,2026-04-05T07:17:53.665645
2026-04-05T18:00,13.2,80,9.9,12.4,0,0.0,0.0,0.0,0.0,0.0,3,1021.4,1012.8,100,19600.0,6.0,7.2,vancouver,2026-04-05T07:17:53.665645
2026-04-05T19:00,14.4,75,10.0,14.2,0,0.0,0.0,0.0,0.0,0.0,3,1021.1,1012.5,92,22000.0,6.4,6.8,vancouver,2026-04-05T07:17:53.665645
2026-04-05T20:00,15.4,70,10.0,15.6,0,0.0,0.0,0.0,0.0,0.0,3,1020.8,1012.3,100,24700.0,6.0,6.5,vancouver,2026-04-05T07:17:53.665645
2026-04-05T21:00,16.1,70,10.7,16.5,0,0.0,0.0,0.0,0.0,0.0,3,1020.2,1011.7,100,24600.0,6.1,6.8,vancouver,2026-04-05T07:17:53.665645
2026-04-05T22:00,16.5,70,11.1,16.8,0,0.0,0.0,0.0,0.0,0.0,3,1019.5,1011.0,100,25000.0,6.6,7.9,vancouver,2026-04-05T07:17:53.665645
2026-04-05T23:00,16.7,68,10.8,16.4,0,0.0,0.0,0.0,0.0,0.0,3,1018.7,1010.2,100,26000.0,6.7,8.6,vancouver,2026-04-05T07:17:53.665645
2026-04-05T00:00,20.5,50,9.7,19.5,0,0.0,0.0,0.0,0.0,0.0,0,1012.8,948.2,0,24140.0,6.6,18.0,santiago,2026-04-05T07:17:56.056863
2026-04-05T01:00,18.4,61,10.7,17.8,0,0.0,0.0,0.0,0.0,0.0,0,1013.5,948.4,0,24140.0,5.6,11.5,santiago,2026-04-05T07:17:56.056863
2026-04-05T02:00,16.6,70,11.1,16.2,0,0.0,0.0,0.0,0.0,0.0,0,1013.5,948.0,0,24140.0,4.9,9.4,santiago,2026-04-05T07:17:56.056863
2026-04-05T03:00,15.0,80,11.5,14.8,0,0.0,0.0,0.0,0.0,0.0,0,1013.9,948.0,0,24140.0,4.2,8.3,santiago,2026-04-05T07:17:56.056863
2026-04-05T04:00,13.7,87,11.5,13.6,0,0.0,0.0,0.0,0.0,0.0,0,1013.7,947.6,0,24140.0,3.5,7.2,santiago,2026-04-05T07:17:56.056863
2026-04-05T05:00,12.8,92,11.5,12.9,0,0.0,0.0,0.0,0.0,0.0,0,1013.6,947.3,0,24140.0,2.6,6.1,santiago,2026-04-05T07:17:56.056863
2026-04-05T06:00,12.3,95,11.5,12.3,0,0.0,0.0,0.0,0.0,0.0,1,1013.5,947.1,30,24140.0,2.9,4.7,santiago,2026-04-05T07:17:56.056863
2026-04-05T07:00,11.8,97,11.3,11.6,0,0.0,0.0,0.0,0.0,0.0,45,1013.3,946.8,41,24140.0,3.7,6.1,santiago,2026-04-05T07:17:56.056863
2026-04-05T08:00,11.0,99,10.9,10.7,0,0.0,0.0,0.0,0.0,0.0,45,1014.2,947.4,62,24140.0,4.0,6.8,santiago,2026-04-05T07:17:56.056863
2026-04-05T09:00,10.7,99,10.5,10.2,0,0.0,0.0,0.0,0.0,0.0,45,1014.6,947.7,60,24140.0,4.0,7.2,santiago,2026-04-05T07:17:56.056863
2026-04-05T10:00,10.3,100,10.3,10.0,0,0.0,0.0,0.0,0.0,0.0,45,1014.9,947.9,61,24140.0,2.5,6.5,santiago,2026-04-05T07:17:56.056863
2026-04-05T11:00,10.2,99,10.0,9.9,0,0.0,0.0,0.0,0.0,0.0,45,1014.8,947.8,69,24140.0,1.9,4.3,santiago,2026-04-05T07:17:56.056863
2026-04-05T12:00,11.2,94,10.2,10.9,0,0.0,0.0,0.0,0.0,0.0,45,1015.1,948.3,53,24140.0,2.5,5.4,santiago,2026-04-05T07:17:56.056863
2026-04-05T13:00,14.2,76,10.0,13.9,0,0.0,0.0,0.0,0.0,0.0,0,1015.6,949.5,0,24140.0,2.6,7.2,santiago,2026-04-05T07:17:56.056863
2026-04-05T14:00,18.1,57,9.4,17.1,0,0.0,0.0,0.0,0.0,0.0,0,1015.0,949.7,0,24140.0,5.6,13.0,santiago,2026-04-05T07:17:56.056863
2026-04-05T15:00,21.0,47,9.2,19.9,0,0.0,0.0,0.0,0.0,0.0,0,1014.5,949.9,0,24140.0,9.3,18.4,santiago,2026-04-05T07:17:56.056863
2026-04-05T16:00,23.0,41,9.0,21.5,0,0.0,0.0,0.0,0.0,0.0,0,1014.2,950.0,3,24140.0,15.5,28.1,santiago,2026-04-05T07:17:56.056863
2026-04-05T17:00,23.9,40,9.5,22.4,0,0.0,0.0,0.0,0.0,0.0,0,1013.6,949.7,0,24140.0,18.6,33.8,santiago,2026-04-05T07:17:56.056863
2026-04-05T18:00,24.0,41,9.9,22.2,0,0.0,0.0,0.0,0.0,0.0,0,1013.2,949.3,0,24140.0,20.3,37.1,santiago,2026-04-05T07:17:56.056863
2026-04-05T19:00,24.1,38,8.9,21.7,0,0.0,0.0,0.0,0.0,0.0,0,1012.6,948.8,0,24140.0,19.6,37.1,santiago,2026-04-05T07:17:56.056863
2026-04-05T20:00,23.8,33,6.5,20.3,0,0.0,0.0,0.0,0.0,0.0,0,1012.5,948.6,0,24140.0,18.4,35.3,santiago,2026-04-05T07:17:56.056863
2026-04-05T21:00,22.5,34,5.8,18.8,0,0.0,0.0,0.0,0.0,0.0,0,1012.6,948.4,0,24140.0,18.2,33.5,santiago,2026-04-05T07:17:56.056863
2026-04-05T22:00,20.6,39,6.1,17.5,0,0.0,0.0,0.0,0.0,0.0,3,1013.0,948.4,93,24140.0,14.5,32.4,santiago,2026-04-05T07:17:56.056863
2026-04-05T23:00,18.3,49,7.4,15.8,0,0.0,0.0,0.0,0.0,0.0,3,1013.5,948.4,100,24140.0,12.5,24.8,santiago,2026-04-05T07:17:56.056863
2026-04-05T00:00,12.5,27,-6.0,8.5,0,0.0,0.0,0.0,0.0,0.0,0,1003.9,998.3,0,24140.0,7.4,35.3,beijing,2026-04-05T07:17:58.464840
2026-04-05T01:00,14.7,23,-6.2,9.5,0,0.0,0.0,0.0,0.0,0.0,0,1004.6,999.0,0,24140.0,16.0,41.8,beijing,2026-04-05T07:17:58.464840
2026-04-05T02:00,15.9,22,-5.8,10.9,0,0.0,0.0,0.0,0.0,0.0,0,1004.7,999.1,0,24140.0,17.1,45.4,beijing,2026-04-05T07:17:58.464840
2026-04-05T03:00,17.0,20,-6.2,12.6,0,0.0,0.0,0.0,0.0,0.0,0,1004.7,999.2,0,24140.0,17.1,46.1,beijing,2026-04-05T07:17:58.464840
2026-04-05T04:00,18.1,16,-8.1,13.8,0,0.0,0.0,0.0,0.0,0.0,0,1004.4,998.9,0,24140.0,18.1,47.9,beijing,2026-04-05T07:17:58.464840
2026-04-05T05:00,18.9,13,-10.2,14.4,0,0.0,0.0,0.0,0.0,0.0,0,1004.3,998.8,0,24140.0,18.6,49.7,beijing,2026-04-05T07:17:58.464840
2026-04-05T06:00,19.1,11,-12.1,14.2,0,0.0,0.0,0.0,0.0,0.0,0,1004.0,998.5,0,24140.0,19.1,50.8,beijing,2026-04-05T07:17:58.464840
2026-04-05T07:00,18.9,8,-16.1,13.2,0,0.0,0.0,0.0,0.0,0.0,1,1004.2,998.7,20,24140.0,19.6,52.2,beijing,2026-04-05T07:17:58.464840
2026-04-05T08:00,18.2,8,-16.7,11.8,0,0.0,0.0,0.0,0.0,0.0,1,1004.7,999.2,32,24140.0,18.4,52.2,beijing,2026-04-05T07:17:58.464840
2026-04-05T09:00,17.3,9,-15.9,11.6,0,0.0,0.0,0.0,0.0,0.0,2,1005.1,999.6,44,24140.0,14.5,48.2,beijing,2026-04-05T07:17:58.464840
2026-04-05T10:00,16.4,9,-16.6,10.8,0,0.0,0.0,0.0,0.0,0.0,2,1005.4,999.8,71,24140.0,13.4,38.2,beijing,2026-04-05T07:17:58.464840
2026-04-05T11:00,15.2,10,-16.3,9.7,0,0.0,0.0,0.0,0.0,0.0,2,1006.2,1000.6,47,24140.0,12.6,34.6,beijing,2026-04-05T07:17:58.464840
2026-04-05T12:00,14.1,12,-14.9,8.8,0,0.0,0.0,0.0,0.0,0.0,1,1007.7,1002.1,42,24140.0,11.7,31.7,beijing,2026-04-05T07:17:58.464840
2026-04-05T13:00,12.8,11,-17.0,7.1,0,0.0,0.0,0.0,0.0,0.0,3,1009.5,1003.9,94,24140.0,14.0,36.7,beijing,2026-04-05T07:17:58.464840
2026-04-05T14:00,11.9,13,-15.7,6.9,0,0.0,0.0,0.0,0.0,0.0,3,1010.2,1004.5,100,24140.0,10.1,35.3,beijing,2026-04-05T07:17:58.464840
2026-04-05T15:00,11.1,14,-15.4,6.5,0,0.0,0.0,0.0,0.0,0.0,3,1011.3,1005.6,100,24140.0,7.3,25.2,beijing,2026-04-05T07:17:58.464840
2026-04-05T16:00,10.2,13,-17.0,5.4,0,0.0,0.0,0.0,0.0,0.0,0,1012.3,1006.6,0,24140.0,8.0,19.8,beijing,2026-04-05T07:17:58.464840
2026-04-05T17:00,9.1,15,-16.2,4.6,0,0.0,0.0,0.0,0.0,0.0,0,1013.0,1007.3,0,24140.0,6.1,19.8,beijing,2026-04-05T07:17:58.464840
2026-04-05T18:00,8.1,17,-15.5,3.7,0,0.0,0.0,0.0,0.0,0.0,0,1013.3,1007.5,0,24140.0,5.4,15.1,beijing,2026-04-05T07:17:58.464840
2026-04-05T19:00,7.3,19,-14.9,3.0,0,0.0,0.0,0.0,0.0,0.0,0,1013.5,1007.7,0,24140.0,4.9,13.0,beijing,2026-04-05T07:17:58.464840
2026-04-05T20:00,6.9,21,-14.0,2.9,0,0.0,0.0,0.0,0.0,0.0,0,1013.4,1007.6,0,24140.0,3.0,10.8,beijing,2026-04-05T07:17:58.464840
2026-04-05T21:00,6.5,25,-12.1,2.9,0,0.0,0.0,0.0,0.0,0.0,0,1013.3,1007.5,0,24140.0,1.5,5.8,beijing,2026-04-05T07:17:58.464840
2026-04-05T22:00,6.9,20,-14.5,2.8,0,0.0,0.0,0.0,0.0,0.0,0,1013.6,1007.8,0,24140.0,3.7,4.7,beijing,2026-04-05T07:17:58.464840
2026-04-05T23:00,6.1,25,-12.5,2.2,0,0.0,0.0,0.0,0.0,0.0,0,1014.1,1008.3,0,24140.0,3.3,7.2,beijing,2026-04-05T07:17:58.464840
2026-04-05T00:00,18.9,89,17.0,21.1,3,0.0,0.0,0.0,0.0,0.0,3,1004.4,977.0,95,24140.0,2.2,11.2,chongqing,2026-04-05T07:18:00.924240
2026-04-05T01:00,19.6,86,17.2,21.7,8,0.0,0.0,0.0,0.0,0.0,3,1004.8,977.5,96,24140.0,3.0,9.0,chongqing,2026-04-05T07:18:00.924240
2026-04-05T02:00,20.4,82,17.2,22.5,3,0.0,0.0,0.0,0.0,0.0,3,1004.6,977.3,92,21400.0,3.0,9.0,chongqing,2026-04-05T07:18:00.924240
2026-04-05T03:00,21.2,80,17.6,23.5,0,0.0,0.0,0.0,0.0,0.0,3,1005.1,977.9,96,24140.0,2.9,9.0,chongqing,2026-04-05T07:18:00.924240
2026-04-05T04:00,22.1,78,18.0,24.5,0,0.0,0.0,0.0,0.0,0.0,3,1005.1,978.0,100,24140.0,3.6,9.4,chongqing,2026-04-05T07:18:00.924240
2026-04-05T05:00,23.1,72,17.7,25.3,0,0.0,0.0,0.0,0.0,0.0,3,1004.5,977.5,100,24140.0,3.8,9.7,chongqing,2026-04-05T07:18:00.924240
2026-04-05T06:00,23.8,68,17.5,25.9,0,0.0,0.0,0.0,0.0,0.0,3,1003.4,976.5,100,24140.0,3.7,9.4,chongqing,2026-04-05T07:18:00.924240
2026-04-05T07:00,24.1,67,17.5,25.9,0,0.0,0.0,0.0,0.0,0.0,3,1002.5,975.6,100,24140.0,5.8,11.9,chongqing,2026-04-05T07:18:00.924240
2026-04-05T08:00,24.2,66,17.4,25.5,0,0.0,0.0,0.0,0.0,0.0,3,1001.9,975.1,100,24140.0,8.7,17.3,chongqing,2026-04-05T07:18:00.924240
2026-04-05T09:00,23.7,68,17.4,24.8,0,0.0,0.0,0.0,0.0,0.0,3,1001.8,974.9,100,24140.0,10.2,19.4,chongqing,2026-04-05T07:18:00.924240
2026-04-05T10:00,23.2,70,17.4,24.4,0,0.0,0.0,0.0,0.0,0.0,3,1002.0,975.1,100,24140.0,10.1,19.4,chongqing,2026-04-05T07:18:00.924240
2026-04-05T11:00,22.5,71,17.0,23.9,0,0.0,0.0,0.0,0.0,0.0,3,1002.1,975.1,100,24140.0,7.3,19.1,chongqing,2026-04-05T07:18:00.924240
2026-04-05T12:00,21.8,74,16.9,23.4,0,0.0,0.0,0.0,0.0,0.0,3,1002.1,975.0,100,24140.0,5.7,15.5,chongqing,2026-04-05T07:18:00.924240
2026-04-05T13:00,21.0,78,17.0,23.1,3,0.0,0.0,0.0,0.0,0.0,3,1002.8,975.6,100,24140.0,2.8,13.7,chongqing,2026-04-05T07:18:00.924240
2026-04-05T14:00,20.5,82,17.3,23.1,15,0.3,0.0,0.3,0.0,0.0,80,1004.5,977.3,100,24140.0,0.0,7.9,chongqing,2026-04-05T07:18:00.924240
2026-04-05T15:00,19.7,88,17.7,21.8,50,0.8,0.0,0.7,0.0,0.0,80,1004.9,977.6,100,24140.0,4.8,10.8,chongqing,2026-04-05T07:18:00.924240
2026-04-05T16:00,19.5,90,17.8,21.6,80,0.2,0.0,0.2,0.0,0.0,3,1005.2,977.8,100,24140.0,4.3,10.8,chongqing,2026-04-05T07:18:00.924240
2026-04-05T17:00,19.2,91,17.7,21.3,93,0.8,0.1,0.7,0.0,0.0,80,1005.0,977.6,100,5880.0,4.6,11.9,chongqing,2026-04-05T07:18:00.924240
2026-04-05T18:00,18.8,94,17.8,20.9,98,2.1,1.9,0.1,0.0,0.0,61,1005.6,978.2,100,4360.0,4.8,12.2,chongqing,2026-04-05T07:18:00.924240
2026-04-05T19:00,18.5,97,18.0,20.8,100,4.4,3.5,0.9,0.0,0.0,63,1005.4,977.9,100,5380.0,4.3,13.0,chongqing,2026-04-05T07:18:00.924240
2026-04-05T20:00,18.5,97,18.0,20.6,95,2.2,1.3,0.9,0.0,0.0,61,1004.9,977.5,100,6440.0,4.8,15.8,chongqing,2026-04-05T07:18:00.924240
2026-04-05T21:00,18.4,97,17.9,20.6,93,1.8,1.0,0.8,0.0,0.0,61,1005.1,977.6,100,19200.0,4.3,11.5,chongqing,2026-04-05T07:18:00.924240
2026-04-05T22:00,18.3,98,17.9,20.7,80,3.4,2.8,0.6,0.0,0.0,63,1005.7,978.2,100,6960.0,3.2,10.1,chongqing,2026-04-05T07:18:00.924240
2026-04-05T23:00,18.3,98,17.9,20.7,70,0.8,0.8,0.0,0.0,0.0,61,1006.4,978.9,100,18500.0,3.3,10.1,chongqing,2026-04-05T07:18:00.924240
2026-04-05T00:00,22.5,86,20.1,25.5,0,0.0,0.0,0.0,0.0,0.0,3,1008.8,1006.4,93,24140.0,6.6,10.4,guangzhou,2026-04-05T07:20:09.521450
2026-04-05T01:00,23.5,80,19.8,25.9,8,0.0,0.0,0.0,0.0,0.0,3,1008.7,1006.3,91,24140.0,9.0,18.0,guangzhou,2026-04-05T07:20:09.521450
2026-04-05T02:00,24.1,79,20.3,27.3,13,0.1,0.0,0.1,0.0,0.0,3,1009.1,1006.7,100,24140.0,5.6,18.0,guangzhou,2026-04-05T07:20:09.521450
2026-04-05T03:00,24.2,81,20.7,27.5,35,0.7,0.0,0.7,0.0,0.0,80,1009.0,1006.6,94,23860.0,6.4,14.0,guangzhou,2026-04-05T07:20:09.521450
2026-04-05T04:00,24.4,84,21.6,27.6,53,2.1,0.0,2.1,0.0,0.0,80,1008.2,1005.8,94,24140.0,10.5,21.2,guangzhou,2026-04-05T07:20:09.521450
2026-04-05T05:00,24.8,86,22.3,28.9,60,1.5,0.0,1.5,0.0,0.0,95,1007.3,1004.9,100,14100.0,7.4,20.5,guangzhou,2026-04-05T07:20:09.521450
2026-04-05T06:00,24.9,88,22.8,29.1,88,1.7,0.0,1.7,0.0,0.0,95,1006.3,1003.9,100,24140.0,8.5,25.9,guangzhou,2026-04-05T07:20:09.521450
2026-04-05T07:00,24.6,90,22.9,28.6,85,1.4,0.0,1.4,0.0,0.0,80,1005.5,1003.1,100,24140.0,10.0,27.4,guangzhou,2026-04-05T07:20:09.521450
2026-04-05T08:00,24.5,91,23.0,28.5,88,1.3,0.1,1.3,0.0,0.0,80,1005.5,1003.1,100,24140.0,10.4,24.5,guangzhou,2026-04-05T07:20:09.521450
2026-04-05T09:00,24.4,92,23.0,28.8,80,0.6,0.0,0.6,0.0,0.0,80,1005.3,1002.9,100,15960.0,7.8,19.8,guangzhou,2026-04-05T07:20:09.521450
2026-04-05T10:00,24.1,93,22.9,28.5,70,1.4,0.0,1.4,0.0,0.0,95,1005.9,1003.5,100,24140.0,7.4,22.3,guangzhou,2026-04-05T07:20:09.521450
2026-04-05T11:00,23.9,93,22.7,27.9,83,1.1,0.0,1.1,0.0,0.0,80,1006.2,1003.8,98,24140.0,9.7,24.5,guangzhou,2026-04-05T07:20:09.521450
2026-04-05T12:00,23.9,94,22.9,28.1,73,0.1,0.0,0.1,0.0,0.0,3,1006.6,1004.2,100,24140.0,8.4,18.4,guangzhou,2026-04-05T07:20:09.521450
2026-04-05T13:00,23.9,95,23.1,28.1,75,1.3,0.0,1.3,0.0,0.0,80,1007.0,1004.6,100,24140.0,9.5,20.5,guangzhou,2026-04-05T07:20:09.521450
2026-04-05T14:00,23.9,95,23.0,28.2,58,0.3,0.0,0.4,0.0,0.0,80,1007.5,1005.1,90,24140.0,8.4,20.9,guangzhou,2026-04-05T07:20:09.521450
2026-04-05T15:00,23.9,95,23.0,28.1,20,0.0,0.0,0.0,0.0,0.0,3,1007.6,1005.2,82,24140.0,8.9,16.9,guangzhou,2026-04-05T07:20:09.521450
2026-04-05T16:00,23.7,96,23.1,28.1,5,0.0,0.0,0.0,0.0,0.0,3,1007.5,1005.1,82,24140.0,8.2,17.3,guangzhou,2026-04-05T07:20:09.521450
2026-04-05T17:00,23.7,97,23.2,28.1,5,0.0,0.0,0.0,0.0,0.0,3,1007.2,1004.8,87,24140.0,7.9,15.5,guangzhou,2026-04-05T07:20:09.521450
2026-04-05T18:00,23.7,97,23.2,28.0,3,0.0,0.0,0.0,0.0,0.0,3,1006.6,1004.2,89,24140.0,8.9,17.3,guangzhou,2026-04-05T07:20:09.521450
2026-04-05T19:00,23.8,97,23.3,28.4,3,0.0,0.0,0.0,0.0,0.0,3,1006.4,1004.0,94,24140.0,7.4,16.6,guangzhou,2026-04-05T07:20:09.521450
2026-04-05T20:00,23.8,97,23.3,28.3,3,0.0,0.0,0.0,0.0,0.0,3,1006.0,1003.6,93,24140.0,8.7,16.2,guangzhou,2026-04-05T07:20:09.521450
2026-04-05T21:00,23.9,97,23.4,28.5,8,0.0,0.0,0.0,0.0,0.0,3,1006.2,1003.8,94,24140.0,8.2,16.2,guangzhou,2026-04-05T07:20:09.521450
2026-04-05T22:00,23.9,97,23.4,28.3,3,0.0,0.0,0.0,0.0,0.0,3,1006.3,1003.9,95,24140.0,9.4,18.4,guangzhou,2026-04-05T07:20:09.521450
2026-04-05T23:00,24.1,97,23.6,28.4,13,0.0,0.0,0.0,0.0,0.0,3,1006.6,1004.2,94,24140.0,10.4,19.8,guangzhou,2026-04-05T07:20:09.521450
2026-04-05T00:00,23.7,92,22.3,27.6,10,0.0,0.0,0.0,0.0,0.0,3,1009.3,1009.3,95,24140.0,8.3,15.1,hong_kong,2026-04-05T07:20:13.629074
2026-04-05T01:00,24.3,89,22.4,27.9,25,0.0,0.0,0.0,0.0,0.0,3,1009.5,1009.5,93,23580.0,10.5,22.7,hong_kong,2026-04-05T07:20:13.629074
2026-04-05T02:00,24.1,90,22.4,28.0,48,1.8,0.0,1.8,0.0,0.0,95,1009.6,1009.6,100,23580.0,8.9,27.0,hong_kong,2026-04-05T07:20:13.629074
2026-04-05T03:00,24.3,90,22.6,28.3,85,2.2,0.0,2.2,0.0,0.0,96,1009.7,1009.7,100,13720.0,8.8,26.3,hong_kong,2026-04-05T07:20:13.629074
2026-04-05T04:00,24.2,91,22.6,28.4,98,5.5,0.0,5.5,0.0,0.0,95,1009.4,1009.4,100,4760.0,7.6,22.0,hong_kong,2026-04-05T07:20:13.629074
2026-04-05T05:00,24.5,90,22.7,28.2,98,2.4,0.0,2.4,0.0,0.0,80,1008.6,1008.6,100,1420.0,11.2,26.6,hong_kong,2026-04-05T07:20:13.629074
2026-04-05T06:00,24.7,89,22.8,28.7,90,0.1,0.0,0.1,0.0,0.0,3,1007.7,1007.7,100,680.0,9.7,26.6,hong_kong,2026-04-05T07:20:13.629074
2026-04-05T07:00,24.7,91,23.2,29.1,90,2.3,0.0,2.3,0.0,0.0,95,1006.9,1006.9,100,180.0,8.6,25.2,hong_kong,2026-04-05T07:20:13.629074
2026-04-05T08:00,24.6,92,23.2,29.3,95,2.6,0.0,2.6,0.0,0.0,96,1006.7,1006.7,100,320.0,6.4,28.1,hong_kong,2026-04-05T07:20:13.629074
2026-04-05T09:00,24.7,92,23.3,29.7,95,1.8,0.0,1.8,0.0,0.0,95,1006.5,1006.5,100,1480.0,5.2,23.4,hong_kong,2026-04-05T07:20:13.629074
2026-04-05T10:00,24.5,94,23.5,29.2,93,4.4,0.0,4.4,0.0,0.0,95,1007.1,1007.1,100,20280.0,8.0,24.1,hong_kong,2026-04-05T07:20:13.629074
2026-04-05T11:00,24.5,94,23.5,29.1,93,4.0,0.0,4.0,0.0,0.0,81,1007.7,1007.7,100,12500.0,8.2,28.1,hong_kong,2026-04-05T07:20:13.629074
2026-04-05T12:00,24.5,94,23.5,29.5,80,0.9,0.0,0.9,0.0,0.0,95,1008.0,1008.0,100,1540.0,4.9,23.4,hong_kong,2026-04-05T07:20:13.629074
2026-04-05T13:00,24.5,94,23.5,29.6,70,1.6,0.0,1.6,0.0,0.0,80,1008.4,1008.4,91,1540.0,4.9,24.5,hong_kong,2026-04-05T07:20:13.629074
2026-04-05T14:00,24.6,95,23.7,29.7,43,0.2,0.0,0.2,0.0,0.0,3,1008.9,1008.9,90,4380.0,5.6,22.0,hong_kong,2026-04-05T07:20:13.629074
2026-04-05T15:00,24.7,95,23.9,29.9,25,0.0,0.0,0.0,0.0,0.0,3,1009.0,1009.0,85,4040.0,6.0,15.8,hong_kong,2026-04-05T07:20:13.629074
2026-04-05T16:00,24.8,95,23.9,30.0,3,0.0,0.0,0.0,0.0,0.0,3,1008.8,1008.8,86,8460.0,5.8,16.6,hong_kong,2026-04-05T07:20:13.629074
2026-04-05T17:00,24.8,94,23.8,29.9,3,0.0,0.0,0.0,0.0,0.0,3,1008.4,1008.4,85,12420.0,6.1,15.5,hong_kong,2026-04-05T07:20:13.629074
2026-04-05T18:00,24.8,94,23.8,29.9,0,0.0,0.0,0.0,0.0,0.0,3,1007.9,1007.9,90,12160.0,5.8,15.1,hong_kong,2026-04-05T07:20:13.629074
2026-04-05T19:00,24.8,94,23.8,29.8,3,0.0,0.0,0.0,0.0,0.0,3,1007.7,1007.7,86,12460.0,6.2,15.8,hong_kong,2026-04-05T07:20:13.629074
2026-04-05T20:00,24.8,93,23.6,29.6,3,0.0,0.0,0.0,0.0,0.0,3,1007.3,1007.3,85,24140.0,6.9,16.9,hong_kong,2026-04-05T07:20:13.629074
2026-04-05T21:00,24.7,93,23.5,29.6,0,0.0,0.0,0.0,0.0,0.0,3,1007.4,1007.4,86,21500.0,6.6,16.6,hong_kong,2026-04-05T07:20:13.629074
2026-04-05T22:00,24.7,93,23.5,29.7,0,0.0,0.0,0.0,0.0,0.0,3,1007.8,1007.8,90,24140.0,6.1,16.2,hong_kong,2026-04-05T07:20:13.629074
2026-04-05T23:00,24.9,93,23.7,29.9,0,0.0,0.0,0.0,0.0,0.0,3,1008.2,1008.2,90,24140.0,5.9,15.5,hong_kong,2026-04-05T07:20:13.629074
2026-04-05T00:00,23.4,92,22.0,27.3,8,0.0,0.0,0.0,0.0,0.0,3,1008.7,1006.0,94,13600.0,6.7,10.8,macau,2026-04-05T07:20:16.336839
2026-04-05T01:00,24.4,89,22.5,27.8,33,0.0,0.0,0.0,0.0,0.0,3,1008.6,1005.9,94,24140.0,12.5,20.2,macau,2026-04-05T07:20:16.336839
2026-04-05T02:00,24.2,92,22.8,27.9,85,1.4,0.0,1.4,0.0,0.0,95,1008.8,1006.1,100,14800.0,11.5,24.8,macau,2026-04-05T07:20:16.336839
2026-04-05T03:00,24.2,92,22.8,28.1,98,6.8,0.0,6.8,0.0,0.0,96,1009.2,1006.5,100,8660.0,9.7,20.9,macau,2026-04-05T07:20:16.336839
2026-04-05T04:00,24.4,91,22.8,28.0,95,2.9,0.0,2.9,0.0,0.0,96,1008.6,1005.9,100,20740.0,12.5,23.8,macau,2026-04-05T07:20:16.336839
2026-04-05T05:00,24.6,91,23.0,27.6,90,3.3,0.0,3.3,0.0,0.0,81,1007.8,1005.1,100,24140.0,16.8,27.4,macau,2026-04-05T07:20:16.336839
2026-04-05T06:00,25.4,88,23.3,28.4,83,0.3,0.0,0.3,0.0,0.0,80,1006.9,1004.3,100,18060.0,18.5,37.8,macau,2026-04-05T07:20:16.336839
2026-04-05T07:00,25.3,91,23.7,28.7,75,2.4,0.0,2.4,0.0,0.0,80,1005.9,1003.3,100,17720.0,16.9,33.8,macau,2026-04-05T07:20:16.336839
2026-04-05T08:00,25.2,91,23.6,28.4,55,1.2,0.0,1.2,0.0,0.0,80,1005.8,1003.2,100,24140.0,17.7,38.2,macau,2026-04-05T07:20:16.336839
2026-04-05T09:00,24.6,93,23.4,27.8,85,6.3,0.0,6.3,0.0,0.0,95,1005.9,1003.2,100,24140.0,17.7,35.3,macau,2026-04-05T07:20:16.336839
2026-04-05T10:00,24.5,94,23.5,28.3,68,5.8,0.0,5.8,0.0,0.0,95,1006.5,1003.8,100,24140.0,13.8,29.2,macau,2026-04-05T07:20:16.336839
2026-04-05T11:00,24.4,94,23.3,28.4,45,1.1,0.0,1.1,0.0,0.0,80,1006.9,1004.2,100,24140.0,11.5,25.6,macau,2026-04-05T07:20:16.336839
2026-04-05T12:00,24.5,94,23.4,28.7,25,0.2,0.0,0.2,0.0,0.0,3,1007.3,1004.6,94,24140.0,10.2,22.7,macau,2026-04-05T07:20:16.336839
2026-04-05T13:00,24.6,94,23.5,29.0,15,0.0,0.0,0.0,0.0,0.0,3,1007.7,1005.0,87,24140.0,9.1,17.6,macau,2026-04-05T07:20:16.336839
2026-04-05T14:00,24.7,94,23.6,29.1,3,0.0,0.0,0.0,0.0,0.0,3,1008.1,1005.4,83,24140.0,9.7,16.2,macau,2026-04-05T07:20:16.336839
2026-04-05T15:00,24.8,94,23.7,29.2,0,0.0,0.0,0.0,0.0,0.0,3,1008.1,1005.4,83,24140.0,10.5,18.0,macau,2026-04-05T07:20:16.336839
2026-04-05T16:00,24.8,94,23.8,29.1,0,0.0,0.0,0.0,0.0,0.0,2,1007.9,1005.2,78,24140.0,11.6,19.4,macau,2026-04-05T07:20:16.336839
2026-04-05T17:00,24.8,94,23.8,29.2,0,0.0,0.0,0.0,0.0,0.0,3,1007.6,1004.9,83,19200.0,11.0,19.1,macau,2026-04-05T07:20:16.336839
2026-04-05T18:00,24.8,95,24.0,29.3,0,0.0,0.0,0.0,0.0,0.0,3,1007.2,1004.5,92,19140.0,10.9,18.4,macau,2026-04-05T07:20:16.336839
2026-04-05T19:00,24.7,96,24.0,28.8,0,0.0,0.0,0.0,0.0,0.0,3,1006.7,1004.0,83,24140.0,13.2,21.6,macau,2026-04-05T07:20:16.336839
2026-04-05T20:00,24.6,96,23.9,28.8,0,0.0,0.0,0.0,0.0,0.0,3,1006.4,1003.7,88,24140.0,12.7,22.0,macau,2026-04-05T07:20:16.336839
2026-04-05T21:00,24.7,94,23.7,28.8,0,0.0,0.0,0.0,0.0,0.0,3,1006.6,1003.9,94,24140.0,12.3,20.9,macau,2026-04-05T07:20:16.336839
2026-04-05T22:00,24.7,95,23.8,28.7,0,0.0,0.0,0.0,0.0,0.0,3,1006.8,1004.1,89,24140.0,13.1,22.0,macau,2026-04-05T07:20:16.336839
2026-04-05T23:00,24.8,94,23.7,29.0,0,0.0,0.0,0.0,0.0,0.0,3,1007.4,1004.7,98,24140.0,11.5,21.6,macau,2026-04-05T07:20:16.336839
2026-04-05T00:00,15.7,83,12.8,15.3,0,0.0,0.0,0.0,0.0,0.0,2,1010.1,1009.7,35,24140.0,8.4,21.6,shanghai,2026-04-05T07:20:18.750282
2026-04-05T01:00,18.4,73,13.5,18.5,0,0.0,0.0,0.0,0.0,0.0,0,1010.0,1009.6,0,24140.0,7.2,21.6,shanghai,2026-04-05T07:20:18.750282
2026-04-05T02:00,21.4,63,14.1,22.5,0,0.0,0.0,0.0,0.0,0.0,1,1010.3,1009.9,12,24140.0,9.0,24.8,shanghai,2026-04-05T07:20:18.750282
2026-04-05T03:00,23.7,56,14.4,25.3,0,0.0,0.0,0.0,0.0,0.0,0,1009.4,1009.1,0,24140.0,10.3,28.4,shanghai,2026-04-05T07:20:18.750282
2026-04-05T04:00,25.3,50,14.1,27.3,0,0.0,0.0,0.0,0.0,0.0,1,1008.7,1008.4,14,24140.0,10.0,28.4,shanghai,2026-04-05T07:20:18.750282
2026-04-05T05:00,26.3,47,14.1,27.8,0,0.0,0.0,0.0,0.0,0.0,1,1007.6,1007.3,25,24140.0,12.8,34.6,shanghai,2026-04-05T07:20:18.750282
2026-04-05T06:00,26.5,44,13.3,27.1,0,0.0,0.0,0.0,0.0,0.0,1,1006.9,1006.6,24,24140.0,14.0,36.7,shanghai,2026-04-05T07:20:18.750282
2026-04-05T07:00,26.7,40,12.0,26.2,0,0.0,0.0,0.0,0.0,0.0,0,1006.4,1006.1,0,24140.0,13.0,36.4,shanghai,2026-04-05T07:20:18.750282
2026-04-05T08:00,26.5,39,11.4,25.1,0,0.0,0.0,0.0,0.0,0.0,2,1006.4,1006.1,49,24140.0,12.3,33.8,shanghai,2026-04-05T07:20:18.750282
2026-04-05T09:00,25.2,43,11.8,23.8,0,0.0,0.0,0.0,0.0,0.0,3,1006.7,1006.4,85,24140.0,13.3,33.5,shanghai,2026-04-05T07:20:18.750282
2026-04-05T10:00,23.1,56,13.8,22.6,0,0.0,0.0,0.0,0.0,0.0,3,1007.2,1006.9,100,24140.0,11.6,33.1,shanghai,2026-04-05T07:20:18.750282
2026-04-05T11:00,21.0,69,15.1,21.2,0,0.0,0.0,0.0,0.0,0.0,3,1007.6,1007.2,100,24140.0,10.3,28.4,shanghai,2026-04-05T07:20:18.750282
2026-04-05T12:00,19.8,74,15.0,20.1,0,0.0,0.0,0.0,0.0,0.0,3,1007.8,1007.4,100,24140.0,9.3,24.8,shanghai,2026-04-05T07:20:18.750282
2026-04-05T13:00,19.1,76,14.8,19.3,0,0.0,0.0,0.0,0.0,0.0,3,1008.4,1008.0,100,24140.0,9.8,23.8,shanghai,2026-04-05T07:20:18.750282
2026-04-05T14:00,18.9,77,14.8,19.1,0,0.0,0.0,0.0,0.0,0.0,3,1008.4,1008.0,100,24140.0,9.5,24.8,shanghai,2026-04-05T07:20:18.750282
2026-04-05T15:00,18.8,75,14.3,18.9,0,0.0,0.0,0.0,0.0,0.0,3,1008.2,1007.8,100,24140.0,8.9,23.4,shanghai,2026-04-05T07:20:18.750282
2026-04-05T16:00,18.5,74,13.8,18.5,0,0.0,0.0,0.0,0.0,0.0,3,1008.1,1007.7,100,24140.0,8.4,22.0,shanghai,2026-04-05T07:20:18.750282
2026-04-05T17:00,18.1,73,13.2,17.8,0,0.0,0.0,0.0,0.0,0.0,3,1007.8,1007.4,100,24140.0,8.8,21.2,shanghai,2026-04-05T07:20:18.750282
2026-04-05T18:00,17.7,73,12.8,17.6,0,0.0,0.0,0.0,0.0,0.0,3,1007.7,1007.3,94,24140.0,7.3,20.9,shanghai,2026-04-05T07:20:18.750282
2026-04-05T19:00,17.4,74,12.7,17.4,0,0.0,0.0,0.0,0.0,0.0,3,1007.4,1007.0,92,24140.0,6.2,17.6,shanghai,2026-04-05T07:20:18.750282
2026-04-05T20:00,17.1,76,12.8,17.1,0,0.0,0.0,0.0,0.0,0.0,3,1007.0,1006.6,100,24140.0,6.2,15.1,shanghai,2026-04-05T07:20:18.750282
2026-04-05T21:00,16.9,77,12.8,17.0,0,0.0,0.0,0.0,0.0,0.0,2,1006.9,1006.5,75,24140.0,5.3,15.1,shanghai,2026-04-05T07:20:18.750282
2026-04-05T22:00,16.7,79,13.0,16.9,3,0.0,0.0,0.0,0.0,0.0,3,1007.2,1006.8,85,24140.0,5.0,12.6,shanghai,2026-04-05T07:20:18.750282
2026-04-05T23:00,17.0,78,13.2,17.3,3,0.0,0.0,0.0,0.0,0.0,3,1008.0,1007.6,100,24140.0,4.7,11.9,shanghai,2026-04-05T07:20:18.750282
2026-04-05T00:00,23.5,90,21.8,27.1,18,0.0,0.0,0.0,0.0,0.0,3,1009.0,1008.2,89,24140.0,8.8,12.6,shenzhen,2026-04-05T07:22:21.613965
2026-04-05T01:00,24.6,85,21.9,27.8,23,0.0,0.0,0.0,0.0,0.0,3,1008.9,1008.1,95,15680.0,11.8,22.0,shenzhen,2026-04-05T07:22:21.613965
2026-04-05T02:00,25.5,82,22.2,28.8,63,0.1,0.0,0.1,0.0,0.0,3,1008.7,1007.9,100,15420.0,12.5,25.6,shenzhen,2026-04-05T07:22:21.613965
2026-04-05T03:00,25.1,84,22.2,28.5,85,4.0,0.0,4.0,0.0,0.0,95,1009.1,1008.3,100,14920.0,11.8,24.5,shenzhen,2026-04-05T07:22:21.613965
2026-04-05T04:00,24.7,86,22.2,28.1,98,7.4,0.0,7.4,0.0,0.0,95,1008.7,1007.9,100,5680.0,11.8,22.3,shenzhen,2026-04-05T07:22:21.613965
2026-04-05T05:00,24.9,85,22.2,28.4,95,3.2,0.0,3.2,0.0,0.0,96,1008.1,1007.3,100,2720.0,11.0,29.2,shenzhen,2026-04-05T07:22:21.613965
2026-04-05T06:00,25.1,85,22.4,28.3,88,2.8,0.0,2.8,0.0,0.0,95,1006.9,1006.1,100,6060.0,13.5,30.6,shenzhen,2026-04-05T07:22:21.613965
2026-04-05T07:00,25.1,86,22.6,28.6,90,2.0,0.0,2.0,0.0,0.0,95,1006.2,1005.4,100,18060.0,12.3,28.4,shenzhen,2026-04-05T07:22:21.613965
2026-04-05T08:00,25.1,86,22.6,28.7,98,4.5,0.0,4.5,0.0,0.0,95,1005.8,1005.0,100,24140.0,12.1,25.6,shenzhen,2026-04-05T07:22:21.613965
2026-04-05T09:00,25.0,88,22.9,28.7,95,6.0,0.0,6.0,0.0,0.0,95,1005.8,1005.0,100,24140.0,12.2,26.3,shenzhen,2026-04-05T07:22:21.613965
2026-04-05T10:00,24.7,90,23.0,28.9,100,7.9,0.0,7.9,0.0,0.0,95,1006.4,1005.6,100,24140.0,9.4,24.5,shenzhen,2026-04-05T07:22:21.613965
2026-04-05T11:00,24.3,92,23.0,28.0,93,3.7,0.0,3.7,0.0,0.0,95,1007.1,1006.3,100,24140.0,12.4,23.0,shenzhen,2026-04-05T07:22:21.613965
2026-04-05T12:00,24.3,93,23.1,28.5,90,3.2,0.0,3.2,0.0,0.0,95,1007.5,1006.7,100,24140.0,9.3,23.0,shenzhen,2026-04-05T07:22:21.613965
2026-04-05T13:00,24.4,93,23.2,28.9,73,1.0,0.0,1.0,0.0,0.0,80,1007.9,1007.1,94,24140.0,7.6,19.4,shenzhen,2026-04-05T07:22:21.613965
2026-04-05T14:00,24.5,93,23.3,29.1,50,0.2,0.0,0.2,0.0,0.0,80,1008.4,1007.6,86,24140.0,8.0,16.6,shenzhen,2026-04-05T07:22:21.613965
2026-04-05T15:00,24.6,92,23.3,29.1,15,0.0,0.0,0.0,0.0,0.0,3,1008.4,1007.6,86,24140.0,7.9,21.6,shenzhen,2026-04-05T07:22:21.613965
2026-04-05T16:00,24.7,92,23.3,29.3,5,0.0,0.0,0.0,0.0,0.0,3,1008.1,1007.3,90,24140.0,7.9,15.1,shenzhen,2026-04-05T07:22:21.613965
2026-04-05T17:00,24.8,92,23.4,29.3,3,0.0,0.0,0.0,0.0,0.0,3,1007.8,1007.0,83,24140.0,8.6,15.1,shenzhen,2026-04-05T07:22:21.613965
2026-04-05T18:00,24.8,92,23.4,29.5,3,0.0,0.0,0.0,0.0,0.0,3,1007.4,1006.6,87,24140.0,7.7,15.1,shenzhen,2026-04-05T07:22:21.613965
2026-04-05T19:00,24.8,92,23.4,29.2,3,0.0,0.0,0.0,0.0,0.0,2,1007.0,1006.2,78,24140.0,9.2,16.2,shenzhen,2026-04-05T07:22:21.613965
2026-04-05T20:00,24.8,92,23.4,29.0,3,0.0,0.0,0.0,0.0,0.0,3,1006.7,1005.9,89,24140.0,10.4,19.1,shenzhen,2026-04-05T07:22:21.613965
2026-04-05T21:00,24.7,91,23.2,29.0,0,0.0,0.0,0.0,0.0,0.0,3,1006.8,1006.0,90,24140.0,8.9,18.7,shenzhen,2026-04-05T07:22:21.613965
2026-04-05T22:00,24.8,90,23.0,29.2,0,0.0,0.0,0.0,0.0,0.0,3,1007.3,1006.5,88,24140.0,7.6,16.2,shenzhen,2026-04-05T07:22:21.613965
2026-04-05T23:00,24.8,91,23.3,29.2,5,0.0,0.0,0.0,0.0,0.0,3,1007.6,1006.8,90,24140.0,9.2,16.6,shenzhen,2026-04-05T07:22:21.613965
2026-04-05T00:00,15.5,67,9.4,14.5,43,0.8,0.0,0.8,0.0,0.0,95,1014.7,756.1,100,24140.0,5.9,5.4,bogota,2026-04-05T07:22:24.009460
2026-04-05T01:00,15.0,66,8.7,14.1,3,0.0,0.0,0.0,0.0,0.0,3,1015.6,756.3,97,24140.0,3.6,11.2,bogota,2026-04-05T07:22:24.009460
2026-04-05T02:00,14.2,70,8.8,13.5,0,0.0,0.0,0.0,0.0,0.0,1,1016.9,756.7,28,24140.0,2.9,8.3,bogota,2026-04-05T07:22:24.009460
2026-04-05T03:00,13.5,76,9.4,12.9,5,0.0,0.0,0.0,0.0,0.0,3,1017.6,756.7,93,21880.0,3.1,8.6,bogota,2026-04-05T07:22:24.009460
2026-04-05T04:00,13.0,79,9.4,12.3,10,0.0,0.0,0.0,0.0,0.0,3,1017.6,756.3,93,24140.0,3.4,9.0,bogota,2026-04-05T07:22:24.009460
2026-04-05T05:00,12.7,80,9.4,12.1,18,0.0,0.0,0.0,0.0,0.0,3,1017.3,755.9,100,24140.0,3.2,9.4,bogota,2026-04-05T07:22:24.009460
2026-04-05T06:00,12.6,80,9.2,11.8,18,0.0,0.0,0.0,0.0,0.0,3,1016.5,755.2,100,24140.0,3.8,10.1,bogota,2026-04-05T07:22:24.009460
2026-04-05T07:00,12.6,79,9.1,11.8,23,0.0,0.0,0.0,0.0,0.0,3,1016.1,754.9,100,24140.0,4.2,11.2,bogota,2026-04-05T07:22:24.009460
2026-04-05T08:00,12.7,81,9.5,12.1,20,0.1,0.0,0.1,0.0,0.0,3,1015.6,754.6,100,24140.0,3.4,11.2,bogota,2026-04-05T07:22:24.009460
2026-04-05T09:00,12.8,82,9.8,12.1,25,0.0,0.0,0.0,0.0,0.0,3,1015.7,754.7,100,13960.0,4.4,12.2,bogota,2026-04-05T07:22:24.009460
2026-04-05T10:00,12.7,83,9.9,12.0,18,0.0,0.0,0.0,0.0,0.0,3,1016.2,755.1,100,13680.0,5.2,12.6,bogota,2026-04-05T07:22:24.009460
2026-04-05T11:00,12.3,84,9.7,11.4,15,0.0,0.0,0.0,0.0,0.0,3,1016.7,755.1,100,24140.0,5.7,13.3,bogota,2026-04-05T07:22:24.009460
2026-04-05T12:00,12.4,82,9.4,11.3,8,0.0,0.0,0.0,0.0,0.0,3,1017.5,755.8,100,24140.0,6.5,15.1,bogota,2026-04-05T07:22:24.009460
2026-04-05T13:00,13.1,78,9.3,11.9,8,0.0,0.0,0.0,0.0,0.0,3,1018.3,756.9,100,24140.0,7.0,15.5,bogota,2026-04-05T07:22:24.009460
2026-04-05T14:00,14.2,73,9.5,12.9,8,0.0,0.0,0.0,0.0,0.0,3,1018.4,757.8,100,14720.0,8.3,18.7,bogota,2026-04-05T07:22:24.009460
2026-04-05T15:00,15.5,68,9.6,14.1,8,0.0,0.0,0.0,0.0,0.0,3,1017.7,758.3,100,11800.0,9.4,22.0,bogota,2026-04-05T07:22:24.009460
2026-04-05T16:00,16.3,64,9.5,14.9,20,0.0,0.0,0.0,0.0,0.0,3,1017.0,758.3,100,12380.0,8.4,21.2,bogota,2026-04-05T07:22:24.009460
2026-04-05T17:00,16.7,64,9.8,15.3,33,0.0,0.0,0.0,0.0,0.0,3,1015.8,757.8,100,12620.0,8.9,20.2,bogota,2026-04-05T07:22:24.009460
2026-04-05T18:00,16.5,67,10.4,15.3,35,0.0,0.0,0.0,0.0,0.0,3,1014.8,756.9,100,24140.0,9.4,20.9,bogota,2026-04-05T07:22:24.009460
2026-04-05T19:00,16.6,68,10.6,15.5,38,0.0,0.0,0.0,0.0,0.0,3,1014.0,756.3,100,24140.0,8.7,20.9,bogota,2026-04-05T07:22:24.009460
2026-04-05T20:00,16.5,68,10.6,15.6,35,0.0,0.0,0.0,0.0,0.0,3,1013.5,755.9,100,23760.0,7.6,20.9,bogota,2026-04-05T07:22:24.009460
2026-04-05T21:00,16.4,69,10.7,15.8,30,0.0,0.0,0.0,0.0,0.0,3,1013.1,755.5,100,16240.0,5.5,16.9,bogota,2026-04-05T07:22:24.009460
2026-04-05T22:00,16.0,71,10.8,15.7,38,0.0,0.0,0.0,0.0,0.0,3,1013.4,755.5,100,11020.0,3.9,12.2,bogota,2026-04-05T07:22:24.009460
2026-04-05T23:00,15.3,76,11.1,15.2,28,0.0,0.0,0.0,0.0,0.0,3,1014.3,755.6,100,24040.0,3.3,9.0,bogota,2026-04-05T07:22:24.009460
2026-04-05T00:00,25.7,73,20.5,29.3,65,0.5,0.0,0.5,0.0,0.0,80,1011.0,854.4,100,14200.0,3.9,9.7,medellin,2026-04-05T07:22:26.415151
2026-04-05T01:00,25.1,75,20.4,28.8,98,2.0,0.0,2.0,0.0,0.0,95,1012.3,855.2,100,24140.0,3.0,10.8,medellin,2026-04-05T07:22:26.415151
2026-04-05T02:00,25.2,74,20.2,28.8,93,0.7,0.0,0.7,0.0,0.0,80,1013.3,856.1,100,24140.0,2.3,10.4,medellin,2026-04-05T07:22:26.415151
2026-04-05T03:00,24.6,79,20.7,28.7,80,0.6,0.0,0.6,0.0,0.0,80,1013.9,856.3,100,24140.0,1.0,11.5,medellin,2026-04-05T07:22:26.415151
2026-04-05T04:00,24.2,82,21.0,28.4,40,0.0,0.0,0.0,0.0,0.0,3,1013.9,856.2,100,7040.0,1.4,9.4,medellin,2026-04-05T07:22:26.415151
2026-04-05T05:00,23.7,85,21.0,27.9,28,0.0,0.0,0.0,0.0,0.0,3,1013.9,855.9,100,15440.0,1.1,9.4,medellin,2026-04-05T07:22:26.415151
2026-04-05T06:00,23.4,88,21.3,27.7,33,0.0,0.0,0.0,0.0,0.0,3,1013.2,855.2,100,23120.0,1.5,7.9,medellin,2026-04-05T07:22:26.415151
2026-04-05T07:00,23.1,89,21.2,27.2,63,0.1,0.0,0.1,0.0,0.0,3,1012.9,854.8,100,23080.0,2.3,7.2,medellin,2026-04-05T07:22:26.415151
2026-04-05T08:00,22.6,91,21.1,26.8,68,0.0,0.0,0.0,0.0,0.0,3,1012.8,854.5,100,24140.0,2.0,7.6,medellin,2026-04-05T07:22:26.415151
2026-04-05T09:00,22.5,91,20.9,26.6,70,0.0,0.0,0.0,0.0,0.0,3,1012.8,854.4,100,24140.0,1.5,6.8,medellin,2026-04-05T07:22:26.415151
2026-04-05T10:00,22.3,92,21.0,26.5,63,0.0,0.0,0.0,0.0,0.0,3,1013.1,854.6,100,24140.0,1.1,7.2,medellin,2026-04-05T07:22:26.415151
2026-04-05T11:00,22.0,94,21.0,26.3,43,0.1,0.0,0.1,0.0,0.0,3,1013.7,854.9,96,24140.0,0.8,11.2,medellin,2026-04-05T07:22:26.415151
2026-04-05T12:00,22.2,94,21.2,26.6,28,0.0,0.0,0.0,0.0,0.0,3,1014.5,855.7,91,24140.0,0.5,15.5,medellin,2026-04-05T07:22:26.415151
2026-04-05T13:00,23.2,88,21.1,27.5,35,0.0,0.0,0.0,0.0,0.0,3,1015.1,856.7,93,24140.0,0.5,14.8,medellin,2026-04-05T07:22:26.415151
2026-04-05T14:00,24.5,81,21.0,28.6,50,0.0,0.0,0.0,0.0,0.0,3,1015.2,857.4,96,24140.0,1.8,19.4,medellin,2026-04-05T07:22:26.415151
2026-04-05T15:00,25.5,75,20.7,29.4,45,0.0,0.0,0.0,0.0,0.0,3,1014.8,857.5,100,22700.0,2.3,20.5,medellin,2026-04-05T07:22:26.415151
2026-04-05T16:00,26.7,73,21.5,31.7,45,0.0,0.0,0.0,0.0,0.0,3,1014.0,857.4,100,15100.0,5.1,35.6,medellin,2026-04-05T07:22:26.415151
2026-04-05T17:00,26.8,77,22.4,31.8,55,0.7,0.0,0.7,0.0,0.0,80,1012.8,856.4,100,24140.0,7.1,36.0,medellin,2026-04-05T07:22:26.415151
2026-04-05T18:00,27.1,77,22.8,32.1,63,1.0,0.0,1.0,0.0,0.0,95,1011.3,855.3,100,24140.0,6.3,34.2,medellin,2026-04-05T07:22:26.415151
2026-04-05T19:00,27.6,72,22.1,32.2,68,0.6,0.0,0.6,0.0,0.0,80,1010.2,854.6,100,24140.0,5.8,30.2,medellin,2026-04-05T07:22:26.415151
2026-04-05T20:00,27.2,73,22.0,31.5,78,2.6,0.0,2.6,0.0,0.0,95,1009.7,854.0,100,22600.0,4.5,27.0,medellin,2026-04-05T07:22:26.415151
2026-04-05T21:00,26.8,73,21.5,31.2,88,1.1,0.0,1.1,0.0,0.0,95,1009.7,853.8,100,12140.0,1.4,22.0,medellin,2026-04-05T07:22:26.415151
2026-04-05T22:00,26.5,74,21.5,30.8,83,0.7,0.0,0.7,0.0,0.0,80,1010.0,853.9,100,11440.0,1.9,14.4,medellin,2026-04-05T07:22:26.415151
2026-04-05T23:00,26.3,74,21.3,30.6,78,0.0,0.0,0.0,0.0,0.0,3,1010.6,854.4,100,24140.0,1.8,10.1,medellin,2026-04-05T07:22:26.415151
2026-04-05T00:00,27.8,26,6.6,24.6,0,0.0,0.0,0.0,0.0,0.0,3,1016.1,1011.6,99,69900.0,16.6,18.0,san_jose,2026-04-05T07:23:44.100484
2026-04-05T01:00,26.4,29,7.0,23.8,0,0.0,0.0,0.0,0.0,0.0,2,1016.1,1011.6,56,66300.0,12.6,17.3,san_jose,2026-04-05T07:23:44.100484
2026-04-05T02:00,24.4,34,7.6,22.3,0,0.0,0.0,0.0,0.0,0.0,0,1016.5,1012.0,3,58100.0,10.3,18.0,san_jose,2026-04-05T07:23:44.100484
2026-04-05T03:00,22.6,32,5.1,20.4,0,0.0,0.0,0.0,0.0,0.0,0,1016.8,1012.2,8,61000.0,7.2,16.9,san_jose,2026-04-05T07:23:44.100484
2026-04-05T04:00,20.5,43,7.5,19.1,0,0.0,0.0,0.0,0.0,0.0,0,1017.4,1012.8,1,47000.0,5.4,17.3,san_jose,2026-04-05T07:23:44.100484
2026-04-05T05:00,18.7,47,7.2,17.2,0,0.0,0.0,0.0,0.0,0.0,0,1017.8,1013.2,11,43100.0,5.8,5.8,san_jose,2026-04-05T07:23:44.100484
2026-04-05T06:00,17.2,44,4.8,15.4,0,0.0,0.0,0.0,0.0,0.0,0,1017.0,1012.3,0,41800.0,3.5,6.8,san_jose,2026-04-05T07:23:44.100484
2026-04-05T07:00,16.2,57,7.7,15.4,0,0.0,0.0,0.0,0.0,0.0,0,1017.0,1012.3,0,39500.0,1.5,6.5,san_jose,2026-04-05T07:23:44.100484
2026-04-05T08:00,15.9,53,6.3,14.2,0,0.0,0.0,0.0,0.0,0.0,0,1017.6,1012.9,0,39300.0,5.4,5.8,san_jose,2026-04-05T07:23:44.100484
2026-04-05T09:00,15.2,50,4.9,12.8,0,0.0,0.0,0.0,0.0,0.0,0,1017.2,1012.5,0,40800.0,7.9,7.9,san_jose,2026-04-05T07:23:44.100484
2026-04-05T10:00,14.9,49,4.3,12.5,0,0.0,0.0,0.0,0.0,0.0,0,1016.5,1011.8,0,43600.0,7.3,7.6,san_jose,2026-04-05T07:23:44.100484
2026-04-05T11:00,14.5,49,4.0,11.9,0,0.0,0.0,0.0,0.0,0.0,0,1016.3,1011.6,0,44300.0,8.4,8.3,san_jose,2026-04-05T07:23:44.100484
2026-04-05T12:00,13.9,49,3.4,11.1,0,0.0,0.0,0.0,0.0,0.0,0,1016.1,1011.4,8,45400.0,8.3,9.7,san_jose,2026-04-05T07:23:44.100484
2026-04-05T13:00,13.6,46,2.2,10.6,0,0.0,0.0,0.0,0.0,0.0,0,1016.8,1012.1,16,44800.0,8.7,11.5,san_jose,2026-04-05T07:23:44.100484
2026-04-05T14:00,13.3,47,2.2,10.3,0,0.0,0.0,0.0,0.0,0.0,2,1017.0,1012.3,70,43600.0,8.2,11.2,san_jose,2026-04-05T07:23:44.100484
2026-04-05T15:00,14.5,47,3.4,12.3,0,0.0,0.0,0.0,0.0,0.0,2,1017.2,1012.5,78,43400.0,4.8,9.0,san_jose,2026-04-05T07:23:44.100484
2026-04-05T16:00,16.5,69,10.8,16.6,0,0.0,0.0,0.0,0.0,0.0,1,1017.1,1012.4,30,24700.0,1.1,6.5,san_jose,2026-04-05T07:23:44.100484
2026-04-05T17:00,19.2,52,9.1,18.5,0,0.0,0.0,0.0,0.0,0.0,0,1016.4,1011.8,10,25800.0,3.0,4.7,san_jose,2026-04-05T07:23:44.100484
2026-04-05T18:00,21.9,44,9.1,21.6,0,0.0,0.0,0.0,0.0,0.0,0,1016.3,1011.7,8,34600.0,5.4,13.0,san_jose,2026-04-05T07:23:44.100484
2026-04-05T19:00,24.9,36,8.8,25.3,0,0.0,0.0,0.0,0.0,0.0,1,1016.2,1011.7,23,52600.0,7.2,14.4,san_jose,2026-04-05T07:23:44.100484
2026-04-05T20:00,27.6,26,6.4,27.8,0,0.0,0.0,0.0,0.0,0.0,1,1016.1,1011.6,24,67500.0,7.4,13.7,san_jose,2026-04-05T07:23:44.100484
2026-04-05T21:00,29.1,21,4.5,28.4,0,0.0,0.0,0.0,0.0,0.0,3,1015.1,1010.6,100,76300.0,10.0,13.7,san_jose,2026-04-05T07:23:44.100484
2026-04-05T22:00,29.4,19,3.4,27.5,1,0.0,0.0,0.0,0.0,0.0,3,1014.2,1009.7,100,79900.0,13.8,16.2,san_jose,2026-04-05T07:23:44.100484
2026-04-05T23:00,27.6,27,7.0,25.2,1,0.0,0.0,0.0,0.0,0.0,3,1013.8,1009.3,100,70600.0,17.4,22.0,san_jose,2026-04-05T07:23:44.100484
2026-04-05T00:00,24.9,78,20.8,25.7,0,0.0,0.0,0.0,0.0,0.0,2,1016.6,1014.9,49,24140.0,24.2,45.7,havana,2026-04-05T07:24:21.631045
2026-04-05T01:00,24.7,79,20.8,25.7,0,0.0,0.0,0.0,0.0,0.0,2,1016.7,1015.0,47,24140.0,22.7,42.1,havana,2026-04-05T07:24:21.631045
2026-04-05T02:00,24.7,80,21.0,26.0,0,0.0,0.0,0.0,0.0,0.0,1,1017.1,1015.4,37,24140.0,20.5,38.9,havana,2026-04-05T07:24:21.631045
2026-04-05T03:00,24.6,81,21.1,26.3,0,0.0,0.0,0.0,0.0,0.0,1,1017.9,1016.2,36,24140.0,18.8,35.3,havana,2026-04-05T07:24:21.631045
2026-04-05T04:00,24.4,83,21.3,26.3,0,0.0,0.0,0.0,0.0,0.0,1,1018.0,1016.2,43,24140.0,17.7,32.4,havana,2026-04-05T07:24:21.631045
2026-04-05T05:00,24.1,86,21.6,26.3,3,0.0,0.0,0.0,0.0,0.0,2,1017.9,1016.1,45,24140.0,16.7,30.2,havana,2026-04-05T07:24:21.631045
2026-04-05T06:00,23.7,87,21.4,25.8,5,0.0,0.0,0.0,0.0,0.0,2,1016.8,1015.0,63,24140.0,16.9,29.2,havana,2026-04-05T07:24:21.631045
2026-04-05T07:00,23.6,86,21.1,25.7,0,0.0,0.0,0.0,0.0,0.0,2,1016.4,1014.6,69,24140.0,15.5,29.2,havana,2026-04-05T07:24:21.631045
2026-04-05T08:00,23.5,86,21.0,25.8,0,0.0,0.0,0.0,0.0,0.0,2,1016.1,1014.3,46,24140.0,13.7,27.0,havana,2026-04-05T07:24:21.631045
2026-04-05T09:00,23.3,88,21.2,26.2,0,0.0,0.0,0.0,0.0,0.0,2,1016.1,1014.3,46,24140.0,10.9,24.8,havana,2026-04-05T07:24:21.631045
2026-04-05T10:00,23.1,89,21.2,26.2,0,0.0,0.0,0.0,0.0,0.0,1,1015.7,1013.9,44,24140.0,9.5,18.7,havana,2026-04-05T07:24:21.631045
2026-04-05T11:00,22.9,90,21.2,26.1,0,0.0,0.0,0.0,0.0,0.0,1,1016.3,1014.5,40,24140.0,9.2,16.9,havana,2026-04-05T07:24:21.631045
2026-04-05T12:00,22.8,90,21.1,26.0,3,0.0,0.0,0.0,0.0,0.0,1,1016.5,1014.7,31,24140.0,8.5,16.2,havana,2026-04-05T07:24:21.631045
2026-04-05T13:00,23.3,86,20.8,26.1,8,0.0,0.0,0.0,0.0,0.0,1,1017.3,1015.5,28,24140.0,10.0,17.6,havana,2026-04-05T07:24:21.631045
2026-04-05T14:00,24.5,80,20.8,26.9,8,0.0,0.0,0.0,0.0,0.0,2,1017.4,1015.6,68,24140.0,12.2,22.3,havana,2026-04-05T07:24:21.631045
2026-04-05T15:00,26.1,71,20.4,28.4,13,0.0,0.0,0.0,0.0,0.0,1,1017.3,1015.6,39,24140.0,14.6,25.9,havana,2026-04-05T07:24:21.631045
2026-04-05T16:00,26.9,68,20.5,29.4,5,0.2,0.0,0.2,0.0,0.0,2,1016.7,1015.0,70,24140.0,16.6,29.5,havana,2026-04-05T07:24:21.631045
2026-04-05T17:00,26.9,68,20.5,29.3,0,0.2,0.0,0.2,0.0,0.0,80,1016.2,1014.5,58,24140.0,18.7,33.5,havana,2026-04-05T07:24:21.631045
2026-04-05T18:00,26.9,70,20.9,29.9,0,0.2,0.0,0.2,0.0,0.0,2,1015.6,1013.9,44,23720.0,19.9,35.3,havana,2026-04-05T07:24:21.631045
2026-04-05T19:00,26.8,72,21.3,29.8,0,0.0,0.0,0.0,0.0,0.0,1,1014.9,1013.2,37,24140.0,21.4,37.8,havana,2026-04-05T07:24:21.631045
2026-04-05T20:00,26.7,73,21.4,29.0,0,0.0,0.0,0.0,0.0,0.0,1,1014.1,1012.4,32,10300.0,23.2,41.0,havana,2026-04-05T07:24:21.631045
2026-04-05T21:00,26.5,73,21.2,28.1,0,0.0,0.0,0.0,0.0,0.0,1,1014.0,1012.3,29,7020.0,22.5,41.0,havana,2026-04-05T07:24:21.631045
2026-04-05T22:00,26.0,75,21.2,27.4,0,0.0,0.0,0.0,0.0,0.0,1,1014.4,1012.7,35,24140.0,21.5,39.6,havana,2026-04-05T07:24:21.631045
2026-04-05T23:00,25.5,77,21.2,27.0,0,0.0,0.0,0.0,0.0,0.0,1,1014.8,1013.1,31,24140.0,20.4,37.4,havana,2026-04-05T07:24:21.631045
2026-04-05T00:00,11.3,92,10.1,10.7,0,0.0,0.0,0.0,0.0,0.0,45,1016.1,1015.2,19,8720.0,4.5,9.7,larnaca,2026-04-05T07:24:24.010067
2026-04-05T01:00,10.6,95,9.8,9.9,0,0.0,0.0,0.0,0.0,0.0,45,1015.9,1015.0,23,3580.0,4.4,10.4,larnaca,2026-04-05T07:24:24.010067
2026-04-05T02:00,10.4,95,9.6,9.6,0,0.0,0.0,0.0,0.0,0.0,1,1016.0,1015.1,18,6680.0,4.2,9.7,larnaca,2026-04-05T07:24:24.010067
2026-04-05T03:00,10.1,93,9.0,9.2,0,0.0,0.0,0.0,0.0,0.0,1,1015.7,1014.8,8,12260.0,4.4,9.0,larnaca,2026-04-05T07:24:24.010067
2026-04-05T04:00,10.2,93,9.1,9.4,0,0.0,0.0,0.0,0.0,0.0,1,1016.3,1015.4,11,11980.0,4.1,9.4,larnaca,2026-04-05T07:24:24.010067
2026-04-05T05:00,11.6,90,10.0,11.1,0,0.0,0.0,0.0,0.0,0.0,0,1016.3,1015.4,0,21540.0,3.3,8.3,larnaca,2026-04-05T07:24:24.010067
2026-04-05T06:00,14.4,80,10.9,14.6,0,0.0,0.0,0.0,0.0,0.0,0,1016.7,1015.9,3,30120.0,0.4,7.6,larnaca,2026-04-05T07:24:24.010067
2026-04-05T07:00,16.1,65,9.5,15.6,0,0.0,0.0,0.0,0.0,0.0,1,1017.1,1016.3,20,38600.0,2.5,8.3,larnaca,2026-04-05T07:24:24.010067
2026-04-05T08:00,17.6,60,9.7,18.1,0,0.0,0.0,0.0,0.0,0.0,2,1017.0,1016.2,74,39600.0,3.5,11.2,larnaca,2026-04-05T07:24:24.010067
2026-04-05T09:00,18.7,58,10.2,19.4,8,0.0,0.0,0.0,0.0,0.0,3,1016.8,1016.0,83,39880.0,4.7,13.3,larnaca,2026-04-05T07:24:24.010067
2026-04-05T10:00,18.8,59,10.6,18.8,25,0.3,0.0,0.3,0.0,0.0,2,1016.7,1015.9,79,39960.0,9.8,23.8,larnaca,2026-04-05T07:24:24.010067
2026-04-05T11:00,18.5,64,11.6,17.6,23,0.7,0.0,0.7,0.0,0.0,80,1016.6,1015.8,79,38320.0,12.9,29.9,larnaca,2026-04-05T07:24:24.010067
2026-04-05T12:00,18.5,65,11.8,17.8,15,0.4,0.0,0.4,0.0,0.0,80,1016.2,1015.4,54,37800.0,14.5,33.1,larnaca,2026-04-05T07:24:24.010067
2026-04-05T13:00,18.4,66,11.9,17.2,10,0.2,0.0,0.2,0.0,0.0,2,1015.8,1015.0,76,37900.0,14.1,32.8,larnaca,2026-04-05T07:24:24.010067
2026-04-05T14:00,18.2,66,11.7,17.0,15,0.1,0.0,0.1,0.0,0.0,3,1015.5,1014.7,84,38140.0,11.2,31.7,larnaca,2026-04-05T07:24:24.010067
2026-04-05T15:00,16.8,82,13.7,16.8,23,1.5,0.0,1.5,0.0,0.0,95,1015.8,1015.0,87,27620.0,7.6,24.8,larnaca,2026-04-05T07:24:24.010067
2026-04-05T16:00,15.9,85,13.4,16.2,20,1.3,0.0,1.3,0.0,0.0,80,1016.5,1015.7,60,25820.0,5.1,19.1,larnaca,2026-04-05T07:24:24.010067
2026-04-05T17:00,15.3,86,13.0,15.5,8,0.2,0.0,0.2,0.0,0.0,0,1017.0,1016.2,16,26560.0,4.9,13.3,larnaca,2026-04-05T07:24:24.010067
2026-04-05T18:00,14.8,90,13.1,15.2,0,0.0,0.0,0.0,0.0,0.0,1,1017.7,1016.9,36,21360.0,3.6,10.4,larnaca,2026-04-05T07:24:24.010067
2026-04-05T19:00,14.3,92,13.0,14.7,3,0.0,0.0,0.0,0.0,0.0,1,1017.7,1016.9,18,17140.0,3.4,7.2,larnaca,2026-04-05T07:24:24.010067
2026-04-05T20:00,14.1,89,12.3,14.2,0,0.0,0.0,0.0,0.0,0.0,1,1017.6,1016.8,18,22240.0,3.8,7.9,larnaca,2026-04-05T07:24:24.010067
2026-04-05T21:00,13.6,89,11.8,13.5,0,0.0,0.0,0.0,0.0,0.0,2,1017.6,1016.8,41,22760.0,4.0,8.3,larnaca,2026-04-05T07:24:24.010067
2026-04-05T22:00,13.1,91,11.7,13.1,0,0.0,0.0,0.0,0.0,0.0,2,1017.6,1016.8,39,19760.0,3.5,8.3,larnaca,2026-04-05T07:24:24.010067
2026-04-05T23:00,12.6,93,11.5,12.6,0,0.0,0.0,0.0,0.0,0.0,2,1017.3,1016.4,35,17180.0,3.1,7.2,larnaca,2026-04-05T07:24:24.010067
2026-04-05T00:00,12.6,79,9.1,11.4,0,0.0,0.0,0.0,0.0,0.0,0,1016.5,1015.3,0,33440.0,6.6,12.2,limassol,2026-04-05T07:24:26.390154
2026-04-05T01:00,12.5,82,9.5,11.4,0,0.0,0.0,0.0,0.0,0.0,1,1016.1,1014.9,15,31500.0,6.3,12.6,limassol,2026-04-05T07:24:26.390154
2026-04-05T02:00,12.3,84,9.6,11.3,0,0.0,0.0,0.0,0.0,0.0,0,1016.3,1015.1,5,29340.0,6.3,11.9,limassol,2026-04-05T07:24:26.390154
2026-04-05T03:00,12.2,83,9.4,11.1,3,0.0,0.0,0.0,0.0,0.0,1,1016.0,1014.8,8,29680.0,6.1,11.5,limassol,2026-04-05T07:24:26.390154
2026-04-05T04:00,12.0,84,9.4,11.0,0,0.0,0.0,0.0,0.0,0.0,1,1016.5,1015.3,18,29020.0,5.6,11.5,limassol,2026-04-05T07:24:26.390154
2026-04-05T05:00,13.2,80,9.8,12.5,3,0.0,0.0,0.0,0.0,0.0,0,1016.5,1015.3,1,32460.0,4.8,10.8,limassol,2026-04-05T07:24:26.390154
2026-04-05T06:00,15.5,72,10.5,14.3,0,0.0,0.0,0.0,0.0,0.0,0,1016.8,1015.6,5,35720.0,9.5,20.2,limassol,2026-04-05T07:24:26.390154
2026-04-05T07:00,17.0,65,10.4,15.2,0,0.0,0.0,0.0,0.0,0.0,1,1017.1,1015.9,28,38200.0,13.6,28.1,limassol,2026-04-05T07:24:26.390154
2026-04-05T08:00,17.6,63,10.5,15.9,3,0.0,0.0,0.0,0.0,0.0,1,1017.1,1015.9,27,38560.0,16.1,33.8,limassol,2026-04-05T07:24:26.390154
2026-04-05T09:00,18.1,62,10.7,16.9,10,0.0,0.0,0.0,0.0,0.0,2,1017.1,1015.9,46,38520.0,18.8,38.5,limassol,2026-04-05T07:24:26.390154
2026-04-05T10:00,18.3,63,11.2,17.4,23,0.0,0.0,0.0,0.0,0.0,1,1016.9,1015.7,37,38180.0,19.5,40.3,limassol,2026-04-05T07:24:26.390154
2026-04-05T11:00,18.3,63,11.1,17.2,25,0.0,0.0,0.0,0.0,0.0,2,1016.8,1015.6,59,38260.0,19.1,40.3,limassol,2026-04-05T07:24:26.390154
2026-04-05T12:00,18.2,63,11.1,16.6,30,0.0,0.0,0.0,0.0,0.0,2,1016.4,1015.2,52,38300.0,18.9,39.2,limassol,2026-04-05T07:24:26.390154
2026-04-05T13:00,18.3,63,11.2,16.1,13,0.0,0.0,0.0,0.0,0.0,1,1015.8,1014.6,41,38480.0,17.7,38.2,limassol,2026-04-05T07:24:26.390154
2026-04-05T14:00,18.6,61,10.9,16.3,3,0.0,0.0,0.0,0.0,0.0,1,1015.5,1014.3,20,39400.0,17.3,36.0,limassol,2026-04-05T07:24:26.390154
2026-04-05T15:00,18.3,62,10.9,16.0,0,0.0,0.0,0.0,0.0,0.0,1,1015.4,1014.2,21,39540.0,17.4,34.9,limassol,2026-04-05T07:24:26.390154
2026-04-05T16:00,17.4,66,11.0,15.2,0,0.0,0.0,0.0,0.0,0.0,0,1016.0,1014.8,0,38840.0,17.4,34.9,limassol,2026-04-05T07:24:26.390154
2026-04-05T17:00,16.5,70,11.0,14.8,0,0.0,0.0,0.0,0.0,0.0,0,1016.7,1015.5,0,37720.0,13.9,34.6,limassol,2026-04-05T07:24:26.390154
2026-04-05T18:00,15.9,75,11.4,15.0,0,0.0,0.0,0.0,0.0,0.0,0,1017.5,1016.3,0,35480.0,8.8,27.4,limassol,2026-04-05T07:24:26.390154
2026-04-05T19:00,15.3,77,11.3,15.0,0,0.0,0.0,0.0,0.0,0.0,0,1017.3,1016.1,0,34620.0,5.0,16.6,limassol,2026-04-05T07:24:26.390154
2026-04-05T20:00,14.2,85,11.7,14.1,0,0.0,0.0,0.0,0.0,0.0,0,1017.4,1016.2,1,27720.0,4.3,9.4,limassol,2026-04-05T07:24:26.390154
2026-04-05T21:00,13.4,92,12.1,13.4,0,0.0,0.0,0.0,0.0,0.0,1,1017.6,1016.4,14,18120.0,4.4,8.3,limassol,2026-04-05T07:24:26.390154
2026-04-05T22:00,13.0,94,12.1,13.0,0,0.0,0.0,0.0,0.0,0.0,1,1017.7,1016.5,38,8160.0,4.7,9.0,limassol,2026-04-05T07:24:26.390154
2026-04-05T23:00,12.9,92,11.7,12.7,0,0.0,0.0,0.0,0.0,0.0,1,1017.4,1016.2,32,18000.0,4.9,9.0,limassol,2026-04-05T07:24:26.390154
2026-04-05T00:00,9.4,92,8.2,8.5,0,0.0,0.0,0.0,0.0,0.0,45,1016.4,998.4,0,14760.0,3.3,7.2,nicosia,2026-04-05T07:25:03.903593
2026-04-05T01:00,9.1,90,7.5,8.0,0,0.0,0.0,0.0,0.0,0.0,1,1016.1,998.1,0,18760.0,3.1,7.6,nicosia,2026-04-05T07:25:03.903593
2026-04-05T02:00,8.8,88,6.9,7.6,0,0.0,0.0,0.0,0.0,0.0,0,1016.3,998.3,0,22140.0,2.7,7.9,nicosia,2026-04-05T07:25:03.903593
2026-04-05T03:00,8.2,87,6.2,6.9,3,0.0,0.0,0.0,0.0,0.0,0,1016.0,997.9,0,23360.0,2.6,6.8,nicosia,2026-04-05T07:25:03.903593
2026-04-05T04:00,8.0,90,6.4,6.8,0,0.0,0.0,0.0,0.0,0.0,1,1016.6,998.5,0,19060.0,2.3,6.8,nicosia,2026-04-05T07:25:03.903593
2026-04-05T05:00,9.2,89,7.5,8.4,0,0.0,0.0,0.0,0.0,0.0,1,1016.7,998.7,9,24160.0,1.4,6.5,nicosia,2026-04-05T07:25:03.903593
2026-04-05T06:00,13.0,70,7.7,12.4,0,0.0,0.0,0.0,0.0,0.0,2,1016.7,998.9,43,34580.0,0.4,4.7,nicosia,2026-04-05T07:25:03.903593
2026-04-05T07:00,15.5,56,6.7,14.4,0,0.0,0.0,0.0,0.0,0.0,2,1017.1,999.5,51,40300.0,1.6,6.8,nicosia,2026-04-05T07:25:03.903593
2026-04-05T08:00,17.3,48,6.2,16.7,0,0.0,0.0,0.0,0.0,0.0,1,1016.9,999.4,33,41180.0,4.7,14.4,nicosia,2026-04-05T07:25:03.903593
2026-04-05T09:00,18.6,47,7.0,18.5,5,0.0,0.0,0.0,0.0,0.0,2,1016.7,999.3,56,41400.0,7.0,19.8,nicosia,2026-04-05T07:25:03.903593
2026-04-05T10:00,19.3,45,7.1,19.1,43,0.0,0.0,0.0,0.0,0.0,3,1016.2,998.8,93,41680.0,6.5,20.2,nicosia,2026-04-05T07:25:03.903593
2026-04-05T11:00,19.3,45,7.1,18.0,78,0.0,0.0,0.0,0.0,0.0,3,1016.0,998.6,92,41780.0,3.6,21.6,nicosia,2026-04-05T07:25:03.903593
2026-04-05T12:00,17.2,52,7.3,15.1,98,0.6,0.0,0.6,0.0,0.0,3,1016.1,998.6,98,40300.0,10.0,22.3,nicosia,2026-04-05T07:25:03.903593
2026-04-05T13:00,17.1,68,11.2,16.0,98,0.9,0.0,0.9,0.0,0.0,95,1015.9,998.4,99,36960.0,10.1,27.0,nicosia,2026-04-05T07:25:03.903593
2026-04-05T14:00,16.4,73,11.5,16.0,93,0.6,0.0,0.6,0.0,0.0,61,1016.0,998.4,77,35180.0,6.0,26.6,nicosia,2026-04-05T07:25:03.903593
2026-04-05T15:00,15.8,78,12.0,15.7,68,0.4,0.0,0.4,0.0,0.0,80,1016.0,998.4,80,29900.0,4.7,16.9,nicosia,2026-04-05T07:25:03.903593
2026-04-05T16:00,15.2,81,12.0,15.4,48,0.4,0.0,0.4,0.0,0.0,80,1016.7,999.1,42,29600.0,3.4,14.0,nicosia,2026-04-05T07:25:03.903593
2026-04-05T17:00,14.5,80,11.1,14.1,8,0.0,0.0,0.0,0.0,0.0,0,1017.2,999.5,16,32720.0,5.0,11.2,nicosia,2026-04-05T07:25:03.903593
2026-04-05T18:00,13.7,84,11.0,13.2,3,0.0,0.0,0.0,0.0,0.0,0,1017.9,1000.1,0,29440.0,5.8,13.7,nicosia,2026-04-05T07:25:03.903593
2026-04-05T19:00,12.9,87,10.8,12.7,0,0.0,0.0,0.0,0.0,0.0,0,1017.8,1000.0,1,25420.0,3.4,13.0,nicosia,2026-04-05T07:25:03.903593
2026-04-05T20:00,12.2,91,10.8,12.0,0,0.0,0.0,0.0,0.0,0.0,0,1017.8,1000.0,8,19820.0,3.3,7.9,nicosia,2026-04-05T07:25:03.903593
2026-04-05T21:00,11.6,93,10.5,11.3,3,0.0,0.0,0.0,0.0,0.0,0,1017.8,999.9,10,15860.0,3.6,7.9,nicosia,2026-04-05T07:25:03.903593
2026-04-05T22:00,11.2,95,10.4,10.8,0,0.0,0.0,0.0,0.0,0.0,1,1017.9,1000.0,16,12700.0,3.3,7.9,nicosia,2026-04-05T07:25:03.903593
2026-04-05T23:00,10.7,97,10.3,10.3,0,0.0,0.0,0.0,0.0,0.0,1,1017.6,999.7,31,10340.0,3.6,7.9,nicosia,2026-04-05T07:25:03.903593
2026-04-05T00:00,10.7,82,7.7,9.3,0,0.0,0.0,0.0,0.0,0.0,3,1021.0,996.9,92,30080.0,5.2,12.2,prague,2026-04-05T07:25:41.451718
2026-04-05T01:00,10.5,85,8.1,9.3,0,0.0,0.0,0.0,0.0,0.0,2,1020.8,996.7,72,27000.0,4.9,10.8,prague,2026-04-05T07:25:41.451718
2026-04-05T02:00,10.1,86,7.9,8.7,0,0.0,0.0,0.0,0.0,0.0,1,1020.4,996.3,39,26500.0,5.8,11.9,prague,2026-04-05T07:25:41.451718
2026-04-05T03:00,9.7,87,7.7,8.3,0,0.0,0.0,0.0,0.0,0.0,1,1020.6,996.4,6,25520.0,5.4,11.9,prague,2026-04-05T07:25:41.451718
2026-04-05T04:00,9.4,87,7.4,8.0,0,0.0,0.0,0.0,0.0,0.0,3,1019.9,995.7,98,25420.0,5.1,10.8,prague,2026-04-05T07:25:41.451718
2026-04-05T05:00,9.2,84,6.7,7.6,0,0.0,0.0,0.0,0.0,0.0,2,1019.8,995.6,61,28340.0,5.1,11.2,prague,2026-04-05T07:25:41.451718
2026-04-05T06:00,9.6,81,6.5,7.8,0,0.0,0.0,0.0,0.0,0.0,1,1019.7,995.5,71,30360.0,6.2,12.6,prague,2026-04-05T07:25:41.451718
2026-04-05T07:00,11.0,74,6.6,8.9,0,0.0,0.0,0.0,0.0,0.0,2,1019.3,995.3,42,33880.0,9.0,19.1,prague,2026-04-05T07:25:41.451718
2026-04-05T08:00,13.3,66,7.1,11.0,0,0.0,0.0,0.0,0.0,0.0,2,1019.0,995.2,59,37740.0,10.7,24.1,prague,2026-04-05T07:25:41.451718
2026-04-05T09:00,16.2,57,7.7,14.0,0,0.0,0.0,0.0,0.0,0.0,0,1018.3,994.7,1,40020.0,11.5,25.9,prague,2026-04-05T07:25:41.451718
2026-04-05T10:00,18.9,47,7.4,16.5,0,0.0,0.0,0.0,0.0,0.0,0,1017.7,994.3,0,41400.0,15.1,33.5,prague,2026-04-05T07:25:41.451718
2026-04-05T11:00,20.7,40,6.6,17.9,0,0.0,0.0,0.0,0.0,0.0,0,1016.8,993.6,0,42680.0,18.6,41.0,prague,2026-04-05T07:25:41.451718
2026-04-05T12:00,21.6,37,6.3,18.8,0,0.0,0.0,0.0,0.0,0.0,0,1016.0,992.9,0,43240.0,18.4,40.3,prague,2026-04-05T07:25:41.451718
2026-04-05T13:00,22.5,34,5.9,19.3,0,0.0,0.0,0.0,0.0,0.0,1,1014.8,991.8,18,44400.0,19.0,41.0,prague,2026-04-05T07:25:41.451718
2026-04-05T14:00,22.4,37,7.0,18.9,0,0.0,0.0,0.0,0.0,0.0,2,1014.6,991.6,31,43540.0,19.1,43.2,prague,2026-04-05T07:25:41.451718
2026-04-05T15:00,22.5,33,5.5,18.5,0,0.0,0.0,0.0,0.0,0.0,3,1014.8,991.8,100,44980.0,20.0,44.3,prague,2026-04-05T07:25:41.451718
2026-04-05T16:00,21.8,23,-0.2,17.0,0,0.0,0.0,0.0,0.0,0.0,3,1015.2,992.1,100,51280.0,18.6,46.1,prague,2026-04-05T07:25:41.451718
2026-04-05T17:00,20.0,26,-0.1,15.1,0,0.0,0.0,0.0,0.0,0.0,3,1016.1,992.9,100,49300.0,19.2,47.9,prague,2026-04-05T07:25:41.451718
2026-04-05T18:00,18.2,42,5.1,15.0,0,0.0,0.0,0.0,0.0,0.0,3,1017.3,993.9,100,42660.0,13.8,39.6,prague,2026-04-05T07:25:41.451718
2026-04-05T19:00,17.0,46,5.3,14.1,0,0.0,0.0,0.0,0.0,0.0,3,1018.0,994.5,100,41880.0,11.6,31.7,prague,2026-04-05T07:25:41.451718
2026-04-05T20:00,16.1,50,5.7,13.4,0,0.0,0.0,0.0,0.0,0.0,3,1018.1,994.5,87,41340.0,10.9,24.8,prague,2026-04-05T07:25:41.451718
2026-04-05T21:00,15.2,51,5.2,11.9,10,0.0,0.0,0.0,0.0,0.0,3,1018.6,994.9,75,41260.0,14.8,31.3,prague,2026-04-05T07:25:41.451718
2026-04-05T22:00,14.2,54,5.1,10.5,8,0.0,0.0,0.0,0.0,0.0,3,1019.8,996.0,95,40860.0,17.3,35.3,prague,2026-04-05T07:25:41.451718
2026-04-05T23:00,12.3,63,5.4,10.0,8,0.0,0.0,0.0,0.0,0.0,3,1020.9,996.9,93,39060.0,8.3,36.7,prague,2026-04-05T07:25:41.451718
2026-04-05T00:00,6.6,79,3.2,3.4,0,0.0,0.0,0.0,0.0,0.0,3,1010.9,1009.9,99,35360.0,11.5,20.9,copenhagen,2026-04-05T07:26:18.998297
2026-04-05T01:00,6.8,73,2.3,2.4,18,0.0,0.0,0.0,0.0,0.0,3,1010.1,1009.1,100,39480.0,17.6,33.1,copenhagen,2026-04-05T07:26:18.998297
2026-04-05T02:00,7.2,68,1.7,2.2,42,0.0,0.0,0.0,0.0,0.0,3,1008.4,1007.4,100,39120.0,21.6,40.3,copenhagen,2026-04-05T07:26:18.998297
2026-04-05T03:00,7.3,72,2.6,2.2,59,0.0,0.0,0.0,0.0,0.0,3,1007.5,1006.5,100,38540.0,23.8,44.6,copenhagen,2026-04-05T07:26:18.998297
2026-04-05T04:00,7.3,75,3.2,2.3,61,0.0,0.0,0.0,0.0,0.0,3,1005.9,1004.9,100,33620.0,23.4,45.0,copenhagen,2026-04-05T07:26:18.998297
2026-04-05T05:00,7.5,82,4.6,2.2,57,0.2,0.2,0.0,0.0,0.0,51,1003.9,1002.9,91,30460.0,27.4,52.2,copenhagen,2026-04-05T07:26:18.998297
2026-04-05T06:00,7.7,85,5.3,2.5,57,0.1,0.1,0.0,0.0,0.0,51,1002.4,1001.4,93,33180.0,27.7,52.9,copenhagen,2026-04-05T07:26:18.998297
2026-04-05T07:00,8.4,85,6.0,3.8,71,0.0,0.0,0.0,0.0,0.0,3,1001.5,1000.5,95,13880.0,24.5,53.3,copenhagen,2026-04-05T07:26:18.998297
2026-04-05T08:00,8.8,88,6.9,4.2,89,0.2,0.2,0.0,0.0,0.0,51,1000.9,999.9,96,15180.0,25.9,50.4,copenhagen,2026-04-05T07:26:18.998297
2026-04-05T09:00,10.0,88,8.1,5.4,94,0.2,0.2,0.0,0.0,0.0,51,1001.4,1000.4,98,21880.0,28.1,56.2,copenhagen,2026-04-05T07:26:18.998297
2026-04-05T10:00,10.5,69,5.0,4.5,71,0.0,0.0,0.0,0.0,0.0,3,1002.6,1001.6,100,40860.0,32.4,69.1,copenhagen,2026-04-05T07:26:18.998297
2026-04-05T11:00,10.2,63,3.5,4.4,34,0.0,0.0,0.0,0.0,0.0,3,1004.0,1003.0,98,43620.0,29.5,65.9,copenhagen,2026-04-05T07:26:18.998297
2026-04-05T12:00,10.6,58,2.7,4.7,6,0.0,0.0,0.0,0.0,0.0,2,1004.8,1003.8,66,43720.0,28.8,60.1,copenhagen,2026-04-05T07:26:18.998297
2026-04-05T13:00,10.9,54,2.0,4.9,0,0.0,0.0,0.0,0.0,0.0,1,1005.5,1004.5,30,46260.0,29.2,60.5,copenhagen,2026-04-05T07:26:18.998297
2026-04-05T14:00,11.0,51,1.3,4.6,0,0.0,0.0,0.0,0.0,0.0,0,1006.1,1005.1,16,43920.0,30.6,63.4,copenhagen,2026-04-05T07:26:18.998297
2026-04-05T15:00,10.7,47,-0.2,4.0,0,0.0,0.0,0.0,0.0,0.0,0,1006.7,1005.7,3,44040.0,31.0,64.1,copenhagen,2026-04-05T07:26:18.998297
2026-04-05T16:00,10.0,46,-1.1,3.2,0,0.0,0.0,0.0,0.0,0.0,0,1007.2,1006.2,1,44180.0,31.3,64.4,copenhagen,2026-04-05T07:26:18.998297
2026-04-05T17:00,9.1,50,-0.8,1.9,1,0.0,0.0,0.0,0.0,0.0,0,1007.4,1006.4,2,44240.0,33.8,65.5,copenhagen,2026-04-05T07:26:18.998297
2026-04-05T18:00,8.1,54,-0.7,1.2,2,0.0,0.0,0.0,0.0,0.0,0,1007.9,1006.9,5,41740.0,32.4,65.2,copenhagen,2026-04-05T07:26:18.998297
2026-04-05T19:00,7.5,57,-0.5,0.7,1,0.0,0.0,0.0,0.0,0.0,0,1008.6,1007.6,11,41880.0,31.0,61.6,copenhagen,2026-04-05T07:26:18.998297
2026-04-05T20:00,7.1,61,0.0,0.5,0,0.0,0.0,0.0,0.0,0.0,1,1009.3,1008.3,34,42040.0,30.2,59.0,copenhagen,2026-04-05T07:26:18.998297
2026-04-05T21:00,6.8,62,0.0,0.2,0,0.0,0.0,0.0,0.0,0.0,1,1009.7,1008.7,24,42200.0,31.0,59.4,copenhagen,2026-04-05T07:26:18.998297
2026-04-05T22:00,6.6,61,-0.4,-0.3,3,0.0,0.0,0.0,0.0,0.0,1,1010.0,1009.0,38,42320.0,32.0,61.6,copenhagen,2026-04-05T07:26:18.998297
2026-04-05T23:00,6.6,59,-0.9,-0.4,7,0.0,0.0,0.0,0.0,0.0,2,1010.4,1009.4,65,42420.0,32.0,61.9,copenhagen,2026-04-05T07:26:18.998297
2026-04-05T00:00,23.3,93,22.1,28.1,38,0.7,0.0,0.7,0.0,0.0,80,1014.0,982.0,100,24140.0,1.9,7.2,kinshasa,2026-04-05T07:26:56.531382
2026-04-05T01:00,23.1,95,22.2,27.8,40,0.2,0.2,0.0,0.0,0.0,61,1013.5,981.5,100,24140.0,2.2,4.3,kinshasa,2026-04-05T07:26:56.531382
2026-04-05T02:00,23.0,96,22.3,27.8,38,0.1,0.1,0.0,0.0,0.0,61,1013.3,981.3,100,24140.0,1.8,4.0,kinshasa,2026-04-05T07:26:56.531382
2026-04-05T03:00,23.0,96,22.3,27.8,38,0.0,0.0,0.0,0.0,0.0,45,1013.5,981.5,99,24140.0,2.2,4.0,kinshasa,2026-04-05T07:26:56.531382
2026-04-05T04:00,22.9,96,22.2,27.6,45,0.0,0.0,0.0,0.0,0.0,45,1013.5,981.5,100,24140.0,2.5,4.3,kinshasa,2026-04-05T07:26:56.531382
2026-04-05T05:00,22.9,97,22.4,27.7,38,0.0,0.0,0.0,0.0,0.0,45,1014.0,982.0,100,24140.0,2.5,5.0,kinshasa,2026-04-05T07:26:56.531382
2026-04-05T06:00,23.1,96,22.5,27.9,38,0.1,0.1,0.0,0.0,0.0,61,1014.8,982.8,100,23940.0,2.5,4.7,kinshasa,2026-04-05T07:26:56.531382
2026-04-05T07:00,23.6,91,22.0,28.0,28,0.3,0.3,0.0,0.0,0.0,61,1015.6,983.6,100,24140.0,3.7,7.2,kinshasa,2026-04-05T07:26:56.531382
2026-04-05T08:00,23.8,88,21.7,27.9,25,0.3,0.3,0.0,0.0,0.0,61,1016.3,984.3,100,24140.0,5.1,9.4,kinshasa,2026-04-05T07:26:56.531382
2026-04-05T09:00,24.2,87,21.9,28.3,25,0.2,0.2,0.0,0.0,0.0,61,1016.2,984.2,100,24140.0,5.4,10.1,kinshasa,2026-04-05T07:26:56.531382
2026-04-05T10:00,25.1,83,22.0,29.1,33,0.1,0.1,0.0,0.0,0.0,61,1015.5,983.7,100,24140.0,6.7,13.0,kinshasa,2026-04-05T07:26:56.531382
2026-04-05T11:00,25.7,81,22.2,29.4,20,0.0,0.0,0.0,0.0,0.0,3,1014.1,982.4,97,8480.0,8.8,16.2,kinshasa,2026-04-05T07:26:56.531382
2026-04-05T12:00,26.4,78,22.3,30.3,13,0.0,0.0,0.0,0.0,0.0,3,1012.7,981.1,89,6080.0,8.8,17.6,kinshasa,2026-04-05T07:26:56.531382
2026-04-05T13:00,27.2,74,22.1,31.2,8,0.0,0.0,0.0,0.0,0.0,3,1011.5,980.0,90,8560.0,8.7,16.9,kinshasa,2026-04-05T07:26:56.531382
2026-04-05T14:00,27.6,71,21.9,31.2,3,0.0,0.0,0.0,0.0,0.0,3,1010.5,979.1,86,23600.0,8.7,17.3,kinshasa,2026-04-05T07:26:56.531382
2026-04-05T15:00,27.9,67,21.2,31.3,8,0.0,0.0,0.0,0.0,0.0,2,1009.9,978.5,78,24140.0,7.7,16.6,kinshasa,2026-04-05T07:26:56.531382
2026-04-05T16:00,27.5,71,21.8,31.3,8,0.0,0.0,0.0,0.0,0.0,2,1010.1,978.7,66,24140.0,7.1,14.4,kinshasa,2026-04-05T07:26:56.531382
2026-04-05T17:00,26.7,76,22.1,30.9,5,0.0,0.0,0.0,0.0,0.0,2,1010.2,978.7,52,24140.0,4.9,13.0,kinshasa,2026-04-05T07:26:56.531382
2026-04-05T18:00,25.5,81,22.0,29.9,5,0.0,0.0,0.0,0.0,0.0,1,1011.0,979.3,42,24140.0,3.6,9.0,kinshasa,2026-04-05T07:26:56.531382
2026-04-05T19:00,24.6,86,22.1,29.1,5,0.0,0.0,0.0,0.0,0.0,2,1011.8,980.0,51,24140.0,3.2,6.8,kinshasa,2026-04-05T07:26:56.531382
2026-04-05T20:00,23.9,89,22.0,28.3,3,0.0,0.0,0.0,0.0,0.0,2,1012.9,981.0,51,24140.0,3.5,6.5,kinshasa,2026-04-05T07:26:56.531382
2026-04-05T21:00,23.4,91,21.9,27.7,3,0.0,0.0,0.0,0.0,0.0,2,1013.3,981.3,79,24140.0,4.3,7.6,kinshasa,2026-04-05T07:26:56.531382
2026-04-05T22:00,23.1,92,21.7,27.4,0,0.0,0.0,0.0,0.0,0.0,3,1013.7,981.7,100,24140.0,3.3,7.6,kinshasa,2026-04-05T07:26:56.531382
2026-04-05T23:00,22.8,94,21.8,27.2,0,0.0,0.0,0.0,0.0,0.0,3,1013.6,981.6,97,24140.0,2.4,5.4,kinshasa,2026-04-05T07:26:56.531382
2026-04-05T00:00,13.3,73,8.5,11.1,38,0.0,0.0,0.0,0.0,0.0,2,1016.4,756.2,78,24140.0,12.3,27.7,cuenca,2026-04-05T07:26:58.935657
2026-04-05T01:00,12.4,80,9.0,10.8,8,0.1,0.0,0.1,0.0,0.0,2,1018.3,756.9,75,24140.0,9.2,24.5,cuenca,2026-04-05T07:26:58.935657
2026-04-05T02:00,11.7,86,9.4,10.5,0,0.1,0.0,0.1,0.0,0.0,2,1019.5,757.3,76,24140.0,7.0,19.1,cuenca,2026-04-05T07:26:58.935657
2026-04-05T03:00,11.2,90,9.6,10.2,0,0.1,0.0,0.1,0.0,0.0,2,1020.2,757.4,81,24140.0,6.1,15.5,cuenca,2026-04-05T07:26:58.935657
2026-04-05T04:00,10.8,94,9.9,9.8,0,0.0,0.0,0.0,0.0,0.0,3,1020.7,757.5,97,21300.0,6.8,15.5,cuenca,2026-04-05T07:26:58.935657
2026-04-05T05:00,10.4,97,9.9,9.4,0,0.0,0.0,0.0,0.0,0.0,3,1020.6,757.1,97,10800.0,6.5,15.8,cuenca,2026-04-05T07:26:58.935657
2026-04-05T06:00,10.0,99,9.9,9.2,0,0.0,0.0,0.0,0.0,0.0,45,1020.4,756.7,96,15080.0,5.4,15.1,cuenca,2026-04-05T07:26:58.935657
2026-04-05T07:00,9.7,99,9.5,9.1,0,0.0,0.0,0.0,0.0,0.0,45,1020.0,756.1,84,24140.0,3.2,13.0,cuenca,2026-04-05T07:26:58.935657
2026-04-05T08:00,9.4,99,9.3,9.0,0,0.0,0.0,0.0,0.0,0.0,45,1019.6,755.6,89,24140.0,1.6,9.4,cuenca,2026-04-05T07:26:58.935657
2026-04-05T09:00,9.1,100,9.1,8.5,0,0.0,0.0,0.0,0.0,0.0,45,1019.0,754.9,79,23560.0,2.2,9.0,cuenca,2026-04-05T07:26:58.935657
2026-04-05T10:00,8.8,100,8.8,8.1,0,0.0,0.0,0.0,0.0,0.0,45,1018.9,754.6,87,24140.0,2.6,10.4,cuenca,2026-04-05T07:26:58.935657
2026-04-05T11:00,8.6,100,8.6,7.9,0,0.0,0.0,0.0,0.0,0.0,45,1019.5,754.9,91,24140.0,2.5,10.1,cuenca,2026-04-05T07:26:58.935657
2026-04-05T12:00,9.0,98,8.7,8.1,0,0.0,0.0,0.0,0.0,0.0,45,1020.2,755.7,93,21340.0,3.1,11.5,cuenca,2026-04-05T07:26:58.935657
2026-04-05T13:00,10.4,91,9.0,9.6,0,0.0,0.0,0.0,0.0,0.0,3,1021.5,757.8,85,24140.0,4.0,13.7,cuenca,2026-04-05T07:26:58.935657
2026-04-05T14:00,11.5,84,8.8,10.3,0,0.0,0.0,0.0,0.0,0.0,3,1022.1,759.1,93,23220.0,6.1,19.1,cuenca,2026-04-05T07:26:58.935657
2026-04-05T15:00,12.6,76,8.4,11.0,8,0.0,0.0,0.0,0.0,0.0,3,1021.9,759.8,98,24140.0,7.9,22.7,cuenca,2026-04-05T07:26:58.935657
2026-04-05T16:00,13.3,72,8.3,11.4,5,0.0,0.0,0.0,0.0,0.0,3,1021.0,759.6,100,24140.0,9.9,24.8,cuenca,2026-04-05T07:26:58.935657
2026-04-05T17:00,15.1,65,8.5,13.4,0,0.0,0.0,0.0,0.0,0.0,3,1019.3,759.7,99,24140.0,11.3,26.6,cuenca,2026-04-05T07:26:58.935657
2026-04-05T18:00,15.8,61,8.3,13.8,3,0.0,0.0,0.0,0.0,0.0,3,1017.5,759.0,99,24140.0,13.0,29.2,cuenca,2026-04-05T07:26:58.935657
2026-04-05T19:00,16.4,58,8.1,13.9,10,0.0,0.0,0.0,0.0,0.0,3,1015.7,758.0,99,24140.0,14.4,31.0,cuenca,2026-04-05T07:26:58.935657
2026-04-05T20:00,16.7,56,7.8,13.9,25,0.0,0.0,0.0,0.0,0.0,3,1014.7,757.5,96,23020.0,14.9,32.0,cuenca,2026-04-05T07:26:58.935657
2026-04-05T21:00,16.4,57,7.8,13.5,28,0.0,0.0,0.0,0.0,0.0,3,1014.1,756.8,83,23280.0,15.4,32.4,cuenca,2026-04-05T07:26:58.935657
2026-04-05T22:00,15.4,62,8.2,12.8,28,0.0,0.0,0.0,0.0,0.0,3,1014.7,756.6,89,23200.0,14.5,31.7,cuenca,2026-04-05T07:26:58.935657
2026-04-05T23:00,14.0,69,8.4,11.9,25,0.0,0.0,0.0,0.0,0.0,3,1016.0,756.4,100,20500.0,11.3,29.5,cuenca,2026-04-05T07:26:58.935657
2026-04-05T00:00,12.3,94,11.3,12.1,55,1.1,0.1,1.0,0.0,0.0,80,1015.0,730.9,100,2620.0,3.6,16.2,quito,2026-04-05T07:27:01.313434
2026-04-05T01:00,11.9,98,11.6,11.9,75,0.3,0.0,0.3,0.0,0.0,80,1016.3,731.5,100,3300.0,3.6,14.4,quito,2026-04-05T07:27:01.313434
2026-04-05T02:00,12.0,99,11.8,12.1,68,0.0,0.0,0.0,0.0,0.0,45,1017.2,732.2,100,3340.0,3.2,16.6,quito,2026-04-05T07:27:01.313434
2026-04-05T03:00,12.0,98,11.7,12.4,65,0.0,0.0,0.0,0.0,0.0,51,1017.7,732.6,100,3960.0,1.3,15.8,quito,2026-04-05T07:27:01.313434
2026-04-05T04:00,11.9,100,11.9,12.0,65,0.0,0.0,0.0,0.0,0.0,45,1017.9,732.7,100,4380.0,3.2,16.6,quito,2026-04-05T07:27:01.313434
2026-04-05T05:00,11.8,100,11.8,12.0,70,0.0,0.0,0.0,0.0,0.0,45,1017.4,732.2,100,17000.0,2.4,16.6,quito,2026-04-05T07:27:01.313434
2026-04-05T06:00,11.6,100,11.6,11.7,55,0.0,0.0,0.0,0.0,0.0,45,1017.2,731.9,100,24140.0,2.5,16.2,quito,2026-04-05T07:27:01.313434
2026-04-05T07:00,11.5,100,11.5,11.7,60,0.1,0.0,0.1,0.0,0.0,45,1016.8,731.6,100,24140.0,1.9,13.3,quito,2026-04-05T07:27:01.313434
2026-04-05T08:00,11.6,98,11.3,11.7,58,0.0,0.0,0.0,0.0,0.0,45,1016.1,731.2,100,24140.0,2.3,13.0,quito,2026-04-05T07:27:01.313434
2026-04-05T09:00,11.5,98,11.2,11.5,53,0.0,0.0,0.0,0.0,0.0,45,1015.7,730.7,100,24140.0,2.3,13.3,quito,2026-04-05T07:27:01.313434
2026-04-05T10:00,11.2,99,11.0,11.1,48,0.0,0.0,0.0,0.0,0.0,45,1015.8,730.6,100,24140.0,2.4,15.5,quito,2026-04-05T07:27:01.313434
2026-04-05T11:00,11.1,99,10.9,11.1,33,0.0,0.0,0.0,0.0,0.0,45,1016.1,730.7,99,24140.0,1.8,15.8,quito,2026-04-05T07:27:01.313434
2026-04-05T12:00,11.5,95,10.7,11.0,13,0.0,0.0,0.0,0.0,0.0,45,1016.5,731.4,100,24140.0,5.0,21.6,quito,2026-04-05T07:27:01.313434
2026-04-05T13:00,13.6,83,10.8,13.8,8,0.0,0.0,0.0,0.0,0.0,3,1017.4,733.7,88,24140.0,0.4,22.0,quito,2026-04-05T07:27:01.313434
2026-04-05T14:00,14.0,84,11.3,13.6,3,0.0,0.0,0.0,0.0,0.0,3,1018.0,734.4,100,24140.0,5.4,25.9,quito,2026-04-05T07:27:01.313434
2026-04-05T15:00,14.7,81,11.4,14.3,15,0.0,0.0,0.0,0.0,0.0,3,1018.0,735.0,100,24140.0,5.5,29.5,quito,2026-04-05T07:27:01.313434
2026-04-05T16:00,14.9,84,12.2,14.2,23,0.1,0.0,0.1,0.0,0.0,3,1017.7,734.9,99,24140.0,9.4,46.1,quito,2026-04-05T07:27:01.313434
2026-04-05T17:00,14.5,88,12.5,13.6,58,1.2,0.0,1.2,0.0,0.0,95,1017.1,734.2,100,24140.0,11.3,47.9,quito,2026-04-05T07:27:01.313434
2026-04-05T18:00,14.5,88,12.5,13.5,80,0.7,0.0,0.7,0.0,0.0,80,1016.1,733.5,100,4820.0,11.7,46.4,quito,2026-04-05T07:27:01.313434
2026-04-05T19:00,13.9,92,12.6,13.1,73,0.7,0.0,0.7,0.0,0.0,80,1015.1,732.3,100,2560.0,10.5,36.4,quito,2026-04-05T07:27:01.313434
2026-04-05T20:00,13.6,92,12.3,12.9,68,0.1,0.0,0.1,0.0,0.0,3,1014.7,731.8,100,2100.0,10.1,32.0,quito,2026-04-05T07:27:01.313434
2026-04-05T21:00,13.0,94,12.0,12.4,80,0.6,0.0,0.6,0.0,0.0,80,1014.4,731.0,100,820.0,8.4,27.4,quito,2026-04-05T07:27:01.313434
2026-04-05T22:00,12.9,95,12.1,12.4,75,0.0,0.0,0.0,0.0,0.0,3,1014.5,731.0,100,860.0,7.9,23.4,quito,2026-04-05T07:27:01.313434
2026-04-05T23:00,12.4,97,12.0,12.1,58,0.0,0.0,0.0,0.0,0.0,45,1015.2,731.2,100,1760.0,6.6,22.7,quito,2026-04-05T07:27:01.313434
2026-04-05T00:00,15.7,37,1.0,13.2,0,0.0,0.0,0.0,0.0,0.0,0,1018.7,1016.1,0,45180.0,3.6,4.3,cairo,2026-04-05T07:27:03.701854
2026-04-05T01:00,15.5,38,1.2,13.1,0,0.0,0.0,0.0,0.0,0.0,0,1018.0,1015.4,0,44660.0,3.2,5.0,cairo,2026-04-05T07:27:03.701854
2026-04-05T02:00,15.1,43,2.6,13.0,0,0.0,0.0,0.0,0.0,0.0,0,1017.8,1015.2,0,43620.0,2.8,5.8,cairo,2026-04-05T07:27:03.701854
2026-04-05T03:00,14.9,42,2.1,12.7,0,0.0,0.0,0.0,0.0,0.0,0,1017.7,1015.0,0,43200.0,3.3,5.0,cairo,2026-04-05T07:27:03.701854
2026-04-05T04:00,14.6,45,2.8,12.4,0,0.0,0.0,0.0,0.0,0.0,0,1018.2,1015.5,0,42640.0,3.7,6.1,cairo,2026-04-05T07:27:03.701854
2026-04-05T05:00,14.6,47,3.4,12.5,0,0.0,0.0,0.0,0.0,0.0,0,1018.1,1015.4,2,42020.0,3.9,9.0,cairo,2026-04-05T07:27:03.701854
2026-04-05T06:00,17.4,36,2.2,14.9,0,0.0,0.0,0.0,0.0,0.0,0,1018.7,1016.1,0,43980.0,5.0,14.0,cairo,2026-04-05T07:27:03.701854
2026-04-05T07:00,20.5,28,1.4,17.4,0,0.0,0.0,0.0,0.0,0.0,0,1018.8,1016.2,0,47100.0,9.1,24.5,cairo,2026-04-05T07:27:03.701854
2026-04-05T08:00,23.2,24,1.5,20.5,0,0.0,0.0,0.0,0.0,0.0,0,1018.8,1016.2,0,49980.0,12.9,33.1,cairo,2026-04-05T07:27:03.701854
2026-04-05T09:00,25.0,20,0.4,22.5,0,0.0,0.0,0.0,0.0,0.0,0,1018.3,1015.7,0,53780.0,15.0,38.5,cairo,2026-04-05T07:27:03.701854
2026-04-05T10:00,26.5,18,0.2,24.4,0,0.0,0.0,0.0,0.0,0.0,0,1017.8,1015.3,0,55740.0,15.0,38.9,cairo,2026-04-05T07:27:03.701854
2026-04-05T11:00,27.3,16,-0.7,25.0,0,0.0,0.0,0.0,0.0,0.0,0,1017.3,1014.8,5,57280.0,15.2,40.7,cairo,2026-04-05T07:27:03.701854
2026-04-05T12:00,27.7,17,0.4,25.3,0,0.0,0.0,0.0,0.0,0.0,0,1016.7,1014.2,0,56960.0,14.4,38.9,cairo,2026-04-05T07:27:03.701854
2026-04-05T13:00,27.8,17,0.5,24.4,0,0.0,0.0,0.0,0.0,0.0,0,1015.9,1013.4,2,56740.0,15.1,37.8,cairo,2026-04-05T07:27:03.701854
2026-04-05T14:00,27.3,16,-0.8,23.0,0,0.0,0.0,0.0,0.0,0.0,1,1015.8,1013.3,6,58440.0,14.1,38.2,cairo,2026-04-05T07:27:03.701854
2026-04-05T15:00,26.4,17,-0.6,22.3,0,0.0,0.0,0.0,0.0,0.0,1,1015.8,1013.3,33,57440.0,12.9,34.9,cairo,2026-04-05T07:27:03.701854
2026-04-05T16:00,25.2,18,-0.8,21.2,0,0.0,0.0,0.0,0.0,0.0,0,1016.5,1013.9,2,57680.0,11.5,32.0,cairo,2026-04-05T07:27:03.701854
2026-04-05T17:00,23.0,23,0.8,19.6,0,0.0,0.0,0.0,0.0,0.0,0,1017.3,1014.7,0,52240.0,10.0,27.7,cairo,2026-04-05T07:27:03.701854
2026-04-05T18:00,20.4,39,5.9,17.4,0,0.0,0.0,0.0,0.0,0.0,0,1018.6,1016.0,0,43280.0,13.1,33.5,cairo,2026-04-05T07:27:03.701854
2026-04-05T19:00,18.6,47,7.1,16.1,0,0.0,0.0,0.0,0.0,0.0,0,1019.1,1016.5,0,41780.0,12.4,31.7,cairo,2026-04-05T07:27:03.701854
2026-04-05T20:00,17.4,55,8.3,15.6,0,0.0,0.0,0.0,0.0,0.0,0,1019.4,1016.8,0,40700.0,9.5,29.5,cairo,2026-04-05T07:27:03.701854
2026-04-05T21:00,16.4,64,9.5,15.2,0,0.0,0.0,0.0,0.0,0.0,1,1019.5,1016.9,12,39020.0,7.2,22.0,cairo,2026-04-05T07:27:03.701854
2026-04-05T22:00,15.5,73,10.6,14.8,0,0.0,0.0,0.0,0.0,0.0,0,1019.7,1017.0,0,35400.0,5.8,16.6,cairo,2026-04-05T07:27:03.701854
2026-04-05T23:00,14.8,81,11.5,14.5,0,0.0,0.0,0.0,0.0,0.0,0,1019.9,1017.2,5,29420.0,5.0,14.0,cairo,2026-04-05T07:27:03.701854
2026-04-05T00:00,3.1,96,2.5,0.0,18,0.0,0.0,0.0,0.0,0.0,3,998.7,996.0,100,16880.0,9.4,19.1,tallinn,2026-04-05T07:27:41.224797
2026-04-05T01:00,3.2,97,2.7,0.1,14,0.0,0.0,0.0,0.0,0.0,3,999.7,997.0,100,18180.0,9.7,17.3,tallinn,2026-04-05T07:27:41.224797
2026-04-05T02:00,3.3,94,2.4,0.2,8,0.0,0.0,0.0,0.0,0.0,3,1000.8,998.1,100,17920.0,9.0,17.3,tallinn,2026-04-05T07:27:41.224797
2026-04-05T03:00,3.3,94,2.4,0.3,4,0.0,0.0,0.0,0.0,0.0,3,1002.0,999.3,100,16720.0,8.3,15.5,tallinn,2026-04-05T07:27:41.224797
2026-04-05T04:00,3.1,95,2.3,-0.0,2,0.0,0.0,0.0,0.0,0.0,3,1003.0,1000.3,100,16740.0,9.4,16.6,tallinn,2026-04-05T07:27:41.224797
2026-04-05T05:00,3.1,92,1.9,0.7,1,0.0,0.0,0.0,0.0,0.0,3,1003.8,1001.1,99,18340.0,4.3,16.6,tallinn,2026-04-05T07:27:41.224797
2026-04-05T06:00,3.5,91,2.2,0.2,0,0.0,0.0,0.0,0.0,0.0,3,1004.2,1001.5,100,12180.0,10.8,21.2,tallinn,2026-04-05T07:27:41.224797
2026-04-05T07:00,3.6,89,1.9,-0.1,0,0.0,0.0,0.0,0.0,0.0,3,1005.0,1002.3,100,20600.0,13.0,24.5,tallinn,2026-04-05T07:27:41.224797
2026-04-05T08:00,3.3,93,2.3,-0.3,1,0.1,0.1,0.0,0.0,0.0,51,1005.2,1002.5,100,22580.0,12.6,24.1,tallinn,2026-04-05T07:27:41.224797
2026-04-05T09:00,3.5,91,2.1,-0.1,2,0.0,0.0,0.0,0.0,0.0,3,1005.6,1002.9,100,18140.0,12.6,23.8,tallinn,2026-04-05T07:27:41.224797
2026-04-05T10:00,3.8,86,1.7,0.1,1,0.0,0.0,0.0,0.0,0.0,3,1006.0,1003.3,100,28220.0,13.0,24.5,tallinn,2026-04-05T07:27:41.224797
2026-04-05T11:00,4.9,77,1.2,1.5,0,0.0,0.0,0.0,0.0,0.0,3,1005.9,1003.2,86,36940.0,10.1,24.8,tallinn,2026-04-05T07:27:41.224797
2026-04-05T12:00,6.6,71,1.7,3.6,0,0.0,0.0,0.0,0.0,0.0,1,1005.3,1002.6,22,41780.0,7.9,21.2,tallinn,2026-04-05T07:27:41.224797
2026-04-05T13:00,8.3,62,1.5,5.2,4,0.0,0.0,0.0,0.0,0.0,2,1004.2,1001.5,68,41780.0,8.3,20.5,tallinn,2026-04-05T07:27:41.224797
2026-04-05T14:00,9.1,55,0.5,5.0,10,0.0,0.0,0.0,0.0,0.0,3,1003.3,1000.6,99,43800.0,14.0,28.1,tallinn,2026-04-05T07:27:41.224797
2026-04-05T15:00,9.0,54,0.1,3.9,22,0.0,0.0,0.0,0.0,0.0,3,1002.3,999.6,100,43840.0,20.2,36.4,tallinn,2026-04-05T07:27:41.224797
2026-04-05T16:00,7.7,60,0.4,2.4,49,0.0,0.0,0.0,0.0,0.0,3,1000.8,998.1,100,8820.0,22.0,38.5,tallinn,2026-04-05T07:27:41.224797
2026-04-05T17:00,5.8,82,2.9,0.1,81,0.6,0.6,0.0,0.0,0.0,53,999.4,996.7,100,3160.0,27.4,48.6,tallinn,2026-04-05T07:27:41.224797
2026-04-05T18:00,5.5,87,3.5,-0.2,98,1.5,1.5,0.0,0.0,0.0,61,998.2,995.5,100,4020.0,28.1,50.0,tallinn,2026-04-05T07:27:41.224797
2026-04-05T19:00,5.8,88,4.0,0.0,86,0.6,0.6,0.0,0.0,0.0,53,997.4,994.7,100,15760.0,29.9,55.1,tallinn,2026-04-05T07:27:41.224797
2026-04-05T20:00,5.9,91,4.6,1.3,58,0.3,0.3,0.0,0.0,0.0,51,997.0,994.3,100,25220.0,22.3,53.6,tallinn,2026-04-05T07:27:41.224797
2026-04-05T21:00,6.0,87,4.0,1.5,33,0.0,0.0,0.0,0.0,0.0,3,996.6,993.9,100,29500.0,21.2,39.2,tallinn,2026-04-05T07:27:41.224797
2026-04-05T22:00,5.7,85,3.3,1.0,18,0.0,0.0,0.0,0.0,0.0,3,996.3,993.6,80,29500.0,21.2,38.5,tallinn,2026-04-05T07:27:41.224797
2026-04-05T23:00,5.3,79,2.0,0.2,7,0.0,0.0,0.0,0.0,0.0,3,995.8,993.1,89,32300.0,22.7,40.3,tallinn,2026-04-05T07:27:41.224797
2026-04-05T00:00,3.1,92,1.9,0.5,4,0.0,0.0,0.0,0.0,0.0,3,999.1,998.0,100,16980.0,5.8,12.2,helsinki,2026-04-05T07:27:43.604761
2026-04-05T01:00,2.9,93,1.9,-0.1,0,0.1,0.1,0.0,0.0,0.0,51,999.8,998.7,100,18260.0,7.9,12.6,helsinki,2026-04-05T07:27:43.604761
2026-04-05T02:00,3.1,94,2.2,-0.2,0,0.0,0.0,0.0,0.0,0.0,3,1000.7,999.6,100,18860.0,10.1,16.2,helsinki,2026-04-05T07:27:43.604761
2026-04-05T03:00,3.1,93,2.1,0.1,0,0.0,0.0,0.0,0.0,0.0,3,1002.1,1001.0,100,18900.0,8.6,16.2,helsinki,2026-04-05T07:27:43.604761
2026-04-05T04:00,3.3,92,2.1,0.3,0,0.0,0.0,0.0,0.0,0.0,3,1002.8,1001.7,100,19220.0,7.9,14.0,helsinki,2026-04-05T07:27:43.604761
2026-04-05T05:00,3.5,92,2.3,0.6,0,0.0,0.0,0.0,0.0,0.0,3,1003.7,1002.6,100,19040.0,7.9,13.3,helsinki,2026-04-05T07:27:43.604761
2026-04-05T06:00,4.3,91,2.9,1.9,0,0.0,0.0,0.0,0.0,0.0,3,1003.5,1002.4,99,21240.0,5.4,13.0,helsinki,2026-04-05T07:27:43.604761
2026-04-05T07:00,4.4,91,3.0,1.4,0,0.0,0.0,0.0,0.0,0.0,3,1004.1,1003.0,100,30800.0,9.0,14.8,helsinki,2026-04-05T07:27:43.604761
2026-04-05T08:00,4.3,92,3.1,1.3,0,0.0,0.0,0.0,0.0,0.0,3,1004.4,1003.3,100,37000.0,9.7,16.6,helsinki,2026-04-05T07:27:43.604761
2026-04-05T09:00,4.7,91,3.3,1.6,0,0.0,0.0,0.0,0.0,0.0,3,1004.6,1003.5,95,37720.0,10.1,17.3,helsinki,2026-04-05T07:27:43.604761
2026-04-05T10:00,4.7,91,3.4,1.2,0,0.0,0.0,0.0,0.0,0.0,3,1004.9,1003.8,99,33660.0,13.7,22.7,helsinki,2026-04-05T07:27:43.604761
2026-04-05T11:00,4.4,91,3.0,0.2,0,0.0,0.0,0.0,0.0,0.0,3,1005.1,1004.0,99,31820.0,17.3,28.1,helsinki,2026-04-05T07:27:43.604761
2026-04-05T12:00,4.3,90,2.8,-0.0,0,0.0,0.0,0.0,0.0,0.0,2,1004.9,1003.8,77,9680.0,18.4,30.2,helsinki,2026-04-05T07:27:43.604761
2026-04-05T13:00,4.4,86,2.2,0.0,0,0.0,0.0,0.0,0.0,0.0,2,1004.1,1003.0,52,10380.0,17.6,31.3,helsinki,2026-04-05T07:27:43.604761
2026-04-05T14:00,4.4,82,1.6,0.2,0,0.0,0.0,0.0,0.0,0.0,3,1003.6,1002.5,94,24600.0,15.5,30.6,helsinki,2026-04-05T07:27:43.604761
2026-04-05T15:00,4.2,84,1.7,0.4,0,0.0,0.0,0.0,0.0,0.0,3,1002.4,1001.3,100,33320.0,13.3,26.3,helsinki,2026-04-05T07:27:43.604761
2026-04-05T16:00,4.0,86,1.8,-0.8,29,0.0,0.0,0.0,0.0,0.0,3,1000.8,999.7,100,30340.0,20.2,32.0,helsinki,2026-04-05T07:27:43.604761
2026-04-05T17:00,4.1,87,2.1,-2.2,68,0.0,0.0,0.0,0.0,0.0,3,999.2,998.1,100,3620.0,31.0,47.2,helsinki,2026-04-05T07:27:43.604761
2026-04-05T18:00,4.3,87,2.3,-0.9,96,0.7,0.7,0.0,0.0,0.0,53,998.4,997.3,100,2460.0,24.1,47.9,helsinki,2026-04-05T07:27:43.604761
2026-04-05T19:00,4.3,91,3.0,-2.1,100,2.2,2.2,0.0,0.0,0.0,61,996.7,995.6,100,2960.0,33.1,50.8,helsinki,2026-04-05T07:27:43.604761
2026-04-05T20:00,4.0,94,3.1,-2.4,99,0.9,0.9,0.0,0.0,0.0,53,995.6,994.5,100,10520.0,33.1,51.5,helsinki,2026-04-05T07:27:43.604761
2026-04-05T21:00,4.4,95,3.6,-1.4,86,0.0,0.0,0.0,0.0,0.0,3,995.2,994.1,100,25680.0,29.2,51.5,helsinki,2026-04-05T07:27:43.604761
2026-04-05T22:00,4.5,94,3.6,-1.0,60,0.0,0.0,0.0,0.0,0.0,3,994.8,993.7,100,26180.0,27.4,44.6,helsinki,2026-04-05T07:27:43.604761
2026-04-05T23:00,4.5,90,3.0,-1.9,27,0.0,0.0,0.0,0.0,0.0,3,994.2,993.1,98,30080.0,33.1,50.8,helsinki,2026-04-05T07:27:43.604761
2026-04-05T00:00,11.6,48,0.9,9.2,0,0.0,0.0,0.0,0.0,0.0,0,1024.1,1001.5,0,43100.0,2.9,3.2,aix-en-provence,2026-04-05T07:29:01.273197
2026-04-05T01:00,10.4,51,0.7,7.7,0,0.0,0.0,0.0,0.0,0.0,0,1024.1,1001.5,0,42200.0,4.1,2.9,aix-en-provence,2026-04-05T07:29:01.273197
2026-04-05T02:00,8.6,56,0.3,5.8,0,0.0,0.0,0.0,0.0,0.0,0,1024.3,1001.5,2,41120.0,5.3,5.8,aix-en-provence,2026-04-05T07:29:01.273197
2026-04-05T03:00,7.7,57,-0.3,4.6,0,0.0,0.0,0.0,0.0,0.0,0,1023.6,1000.7,4,41000.0,6.3,7.9,aix-en-provence,2026-04-05T07:29:01.273197
2026-04-05T04:00,6.8,56,-1.4,3.4,0,0.0,0.0,0.0,0.0,0.0,0,1023.6,1000.7,0,41020.0,7.0,9.4,aix-en-provence,2026-04-05T07:29:01.273197
2026-04-05T05:00,6.4,55,-2.0,2.8,0,0.0,0.0,0.0,0.0,0.0,0,1024.0,1001.0,2,41120.0,7.7,10.4,aix-en-provence,2026-04-05T07:29:01.273197
2026-04-05T06:00,6.7,58,-1.0,3.3,0,0.0,0.0,0.0,0.0,0.0,1,1024.7,1001.7,4,40840.0,7.2,10.4,aix-en-provence,2026-04-05T07:29:01.273197
2026-04-05T07:00,9.9,54,1.0,7.1,0,0.0,0.0,0.0,0.0,0.0,0,1024.7,1002.0,0,41460.0,5.7,9.4,aix-en-provence,2026-04-05T07:29:01.273197
2026-04-05T08:00,15.9,48,4.9,14.3,0,0.0,0.0,0.0,0.0,0.0,0,1024.5,1002.3,0,42520.0,2.3,6.8,aix-en-provence,2026-04-05T07:29:01.273197
2026-04-05T09:00,18.6,34,2.4,16.3,0,0.0,0.0,0.0,0.0,0.0,0,1025.3,1003.3,0,46560.0,3.9,8.3,aix-en-provence,2026-04-05T07:29:01.273197
2026-04-05T10:00,20.2,32,2.9,18.1,0,0.0,0.0,0.0,0.0,0.0,0,1025.5,1003.6,0,46720.0,8.7,15.8,aix-en-provence,2026-04-05T07:29:01.273197
2026-04-05T11:00,21.0,34,4.6,19.2,0,0.0,0.0,0.0,0.0,0.0,0,1025.3,1003.4,0,45480.0,12.1,21.2,aix-en-provence,2026-04-05T07:29:01.273197
2026-04-05T12:00,21.6,37,6.3,20.1,0,0.0,0.0,0.0,0.0,0.0,0,1025.1,1003.3,0,43660.0,14.1,21.2,aix-en-provence,2026-04-05T07:29:01.273197
2026-04-05T13:00,21.8,33,4.8,19.6,0,0.0,0.0,0.0,0.0,0.0,0,1024.4,1002.6,0,45500.0,15.8,20.2,aix-en-provence,2026-04-05T07:29:01.273197
2026-04-05T14:00,21.6,31,3.8,18.7,0,0.0,0.0,0.0,0.0,0.0,0,1024.1,1002.3,0,46500.0,16.3,22.0,aix-en-provence,2026-04-05T07:29:01.273197
2026-04-05T15:00,20.9,38,6.0,17.8,0,0.0,0.0,0.0,0.0,0.0,0,1024.1,1002.2,0,43520.0,16.0,22.3,aix-en-provence,2026-04-05T07:29:01.273197
2026-04-05T16:00,19.7,43,6.7,16.8,0,0.0,0.0,0.0,0.0,0.0,0,1024.3,1002.4,0,42440.0,14.0,22.7,aix-en-provence,2026-04-05T07:29:01.273197
2026-04-05T17:00,18.1,50,7.5,15.9,0,0.0,0.0,0.0,0.0,0.0,0,1024.6,1002.5,0,41440.0,10.7,23.0,aix-en-provence,2026-04-05T07:29:01.273197
2026-04-05T18:00,16.1,55,7.1,14.7,0,0.0,0.0,0.0,0.0,0.0,0,1025.0,1002.8,0,41100.0,4.6,17.3,aix-en-provence,2026-04-05T07:29:01.273197
2026-04-05T19:00,14.7,62,7.5,13.9,0,0.0,0.0,0.0,0.0,0.0,0,1025.4,1003.1,0,40560.0,1.5,7.9,aix-en-provence,2026-04-05T07:29:01.273197
2026-04-05T20:00,13.8,65,7.3,13.1,0,0.0,0.0,0.0,0.0,0.0,0,1025.5,1003.1,0,40180.0,0.5,4.3,aix-en-provence,2026-04-05T07:29:01.273197
2026-04-05T21:00,13.1,67,7.1,12.2,0,0.0,0.0,0.0,0.0,0.0,0,1025.6,1003.1,0,39620.0,1.1,3.6,aix-en-provence,2026-04-05T07:29:01.273197
2026-04-05T22:00,12.5,69,7.0,11.4,0,0.0,0.0,0.0,0.0,0.0,0,1026.0,1003.5,0,39200.0,2.3,2.9,aix-en-provence,2026-04-05T07:29:01.273197
2026-04-05T23:00,11.7,71,6.6,10.5,0,0.0,0.0,0.0,0.0,0.0,0,1026.3,1003.7,0,38880.0,2.6,1.8,aix-en-provence,2026-04-05T07:29:01.273197
2026-04-05T00:00,14.2,67,8.1,13.2,0,0.0,0.0,0.0,0.0,0.0,0,1021.4,1018.7,0,36260.0,2.9,7.2,bordeaux,2026-04-05T07:29:03.649000
2026-04-05T01:00,13.1,71,7.9,12.2,0,0.0,0.0,0.0,0.0,0.0,0,1021.9,1019.2,0,37640.0,2.1,5.0,bordeaux,2026-04-05T07:29:03.649000
2026-04-05T02:00,12.2,76,8.1,11.0,0,0.0,0.0,0.0,0.0,0.0,0,1022.1,1019.4,0,31360.0,4.6,8.6,bordeaux,2026-04-05T07:29:03.649000
2026-04-05T03:00,10.9,84,8.3,9.9,0,0.0,0.0,0.0,0.0,0.0,0,1021.2,1018.5,0,20960.0,4.2,9.0,bordeaux,2026-04-05T07:29:03.649000
2026-04-05T04:00,10.5,88,8.6,9.5,0,0.0,0.0,0.0,0.0,0.0,0,1021.5,1018.8,0,17320.0,3.9,7.9,bordeaux,2026-04-05T07:29:03.649000
2026-04-05T05:00,10.1,90,8.5,9.1,0,0.0,0.0,0.0,0.0,0.0,1,1022.3,1019.6,20,16080.0,3.5,7.2,bordeaux,2026-04-05T07:29:03.649000
2026-04-05T06:00,8.9,95,8.1,7.9,0,0.0,0.0,0.0,0.0,0.0,1,1023.6,1020.9,60,9860.0,3.3,7.2,bordeaux,2026-04-05T07:29:03.649000
2026-04-05T07:00,9.5,95,8.7,8.7,0,0.0,0.0,0.0,0.0,0.0,45,1023.9,1021.2,91,3720.0,2.8,6.5,bordeaux,2026-04-05T07:29:03.649000
2026-04-05T08:00,11.0,90,9.4,10.0,0,0.0,0.0,0.0,0.0,0.0,3,1024.3,1021.6,85,14080.0,6.0,13.0,bordeaux,2026-04-05T07:29:03.649000
2026-04-05T09:00,12.4,83,9.6,11.4,0,0.0,0.0,0.0,0.0,0.0,3,1025.1,1022.4,87,24720.0,6.4,14.4,bordeaux,2026-04-05T07:29:03.649000
2026-04-05T10:00,14.2,77,10.2,13.5,0,0.0,0.0,0.0,0.0,0.0,1,1025.4,1022.7,36,29760.0,6.4,14.8,bordeaux,2026-04-05T07:29:03.649000
2026-04-05T11:00,16.2,68,10.2,16.3,0,0.0,0.0,0.0,0.0,0.0,0,1025.0,1022.3,4,36520.0,7.2,16.9,bordeaux,2026-04-05T07:29:03.649000
2026-04-05T12:00,17.8,58,9.4,17.9,0,0.0,0.0,0.0,0.0,0.0,0,1024.7,1022.1,2,39900.0,7.9,18.0,bordeaux,2026-04-05T07:29:03.649000
2026-04-05T13:00,19.0,52,8.9,19.0,0,0.0,0.0,0.0,0.0,0.0,0,1024.1,1021.5,4,40900.0,8.4,18.7,bordeaux,2026-04-05T07:29:03.649000
2026-04-05T14:00,19.6,50,8.9,18.9,0,0.0,0.0,0.0,0.0,0.0,3,1024.0,1021.4,88,41180.0,10.1,22.7,bordeaux,2026-04-05T07:29:03.649000
2026-04-05T15:00,19.5,51,9.1,17.8,0,0.0,0.0,0.0,0.0,0.0,3,1024.1,1021.5,100,41060.0,11.9,25.6,bordeaux,2026-04-05T07:29:03.649000
2026-04-05T16:00,18.6,57,9.9,16.8,0,0.0,0.0,0.0,0.0,0.0,3,1024.0,1021.4,100,40280.0,12.2,25.6,bordeaux,2026-04-05T07:29:03.649000
2026-04-05T17:00,17.5,66,11.0,16.0,0,0.0,0.0,0.0,0.0,0.0,3,1024.2,1021.6,100,38040.0,12.2,25.6,bordeaux,2026-04-05T07:29:03.649000
2026-04-05T18:00,16.1,66,9.7,14.6,0,0.0,0.0,0.0,0.0,0.0,3,1024.3,1021.6,100,38220.0,9.4,24.1,bordeaux,2026-04-05T07:29:03.649000
2026-04-05T19:00,14.7,69,9.0,13.4,0,0.0,0.0,0.0,0.0,0.0,3,1024.4,1021.7,100,37500.0,6.9,18.4,bordeaux,2026-04-05T07:29:03.649000
2026-04-05T20:00,13.7,77,9.7,13.1,0,0.0,0.0,0.0,0.0,0.0,3,1024.6,1021.9,100,33880.0,3.7,13.0,bordeaux,2026-04-05T07:29:03.649000
2026-04-05T21:00,13.0,83,10.2,12.6,0,0.0,0.0,0.0,0.0,0.0,3,1024.8,1022.1,82,28960.0,3.4,7.2,bordeaux,2026-04-05T07:29:03.649000
2026-04-05T22:00,12.6,87,10.5,12.2,0,0.0,0.0,0.0,0.0,0.0,2,1024.8,1022.1,71,24960.0,3.7,7.2,bordeaux,2026-04-05T07:29:03.649000
2026-04-05T23:00,11.9,89,10.1,11.3,0,0.0,0.0,0.0,0.0,0.0,2,1024.8,1022.1,62,20540.0,4.0,7.6,bordeaux,2026-04-05T07:29:03.649000
2026-04-05T00:00,13.1,72,8.2,11.5,0,0.0,0.0,0.0,0.0,0.0,2,1022.8,1021.5,66,24140.0,3.7,3.6,cannes,2026-04-05T07:29:06.027094
2026-04-05T01:00,12.7,72,7.8,10.8,0,0.0,0.0,0.0,0.0,0.0,3,1023.2,1021.9,100,24140.0,4.6,3.2,cannes,2026-04-05T07:29:06.027094
2026-04-05T02:00,12.6,71,7.4,11.6,0,0.0,0.0,0.0,0.0,0.0,3,1023.1,1021.8,98,24140.0,3.2,3.2,cannes,2026-04-05T07:29:06.027094
2026-04-05T03:00,11.7,73,7.0,10.2,0,0.0,0.0,0.0,0.0,0.0,1,1023.3,1022.0,36,24140.0,3.1,4.0,cannes,2026-04-05T07:29:06.027094
2026-04-05T04:00,12.3,81,9.1,11.1,0,0.0,0.0,0.0,0.0,0.0,3,1023.3,1022.0,100,24140.0,4.6,4.7,cannes,2026-04-05T07:29:06.027094
2026-04-05T05:00,12.1,88,10.1,11.6,0,0.0,0.0,0.0,0.0,0.0,2,1023.5,1022.2,69,24140.0,3.6,8.6,cannes,2026-04-05T07:29:06.027094
2026-04-05T06:00,13.2,89,11.4,12.9,0,0.0,0.0,0.0,0.0,0.0,3,1023.8,1022.5,90,24140.0,7.6,9.4,cannes,2026-04-05T07:29:06.027094
2026-04-05T07:00,15.1,80,11.7,14.8,0,0.0,0.0,0.0,0.0,0.0,3,1024.0,1022.7,100,24140.0,1.1,6.8,cannes,2026-04-05T07:29:06.027094
2026-04-05T08:00,16.6,71,11.3,16.9,0,0.0,0.0,0.0,0.0,0.0,3,1024.4,1023.1,100,24140.0,3.6,9.7,cannes,2026-04-05T07:29:06.027094
2026-04-05T09:00,17.3,69,11.5,16.6,0,0.0,0.0,0.0,0.0,0.0,3,1024.5,1023.2,100,24140.0,6.2,13.0,cannes,2026-04-05T07:29:06.027094
2026-04-05T10:00,17.7,71,12.3,18.2,0,0.0,0.0,0.0,0.0,0.0,0,1024.6,1023.3,0,24140.0,8.6,17.1,cannes,2026-04-05T07:29:06.027094
2026-04-05T11:00,18.9,59,10.7,18.3,0,0.0,0.0,0.0,0.0,0.0,0,1024.7,1023.4,0,24140.0,9.6,20.0,cannes,2026-04-05T07:29:06.027094
2026-04-05T12:00,18.6,64,11.5,17.7,0,0.0,0.0,0.0,0.0,0.0,0,1024.8,1023.5,6,24140.0,11.0,21.9,cannes,2026-04-05T07:29:06.027094
2026-04-05T13:00,18.8,60,10.9,17.6,0,0.0,0.0,0.0,0.0,0.0,2,1024.5,1023.2,51,24140.0,10.2,22.3,cannes,2026-04-05T07:29:06.027094
2026-04-05T14:00,18.9,59,10.7,17.6,0,0.0,0.0,0.0,0.0,0.0,0,1024.0,1022.7,9,24140.0,10.4,20.9,cannes,2026-04-05T07:29:06.027094
2026-04-05T15:00,19.2,58,10.7,17.8,0,0.0,0.0,0.0,0.0,0.0,0,1023.5,1022.2,0,24140.0,10.9,21.6,cannes,2026-04-05T07:29:06.027094
2026-04-05T16:00,19.6,54,10.0,18.2,0,0.0,0.0,0.0,0.0,0.0,0,1023.3,1022.0,0,24140.0,10.0,22.0,cannes,2026-04-05T07:29:06.027094
2026-04-05T17:00,18.7,62,11.3,18.0,0,0.0,0.0,0.0,0.0,0.0,0,1023.3,1022.0,0,24140.0,7.3,20.2,cannes,2026-04-05T07:29:06.027094
2026-04-05T18:00,16.7,70,11.2,16.0,0,0.0,0.0,0.0,0.0,0.0,0,1023.6,1022.3,0,24140.0,7.5,14.4,cannes,2026-04-05T07:29:06.027094
2026-04-05T19:00,15.4,75,11.0,14.7,0,0.0,0.0,0.0,0.0,0.0,0,1023.9,1022.6,0,24140.0,7.3,13.7,cannes,2026-04-05T07:29:06.027094
2026-04-05T20:00,15.0,75,10.6,14.5,0,0.0,0.0,0.0,0.0,0.0,0,1024.2,1022.9,0,24140.0,4.6,12.6,cannes,2026-04-05T07:29:06.027094
2026-04-05T21:00,14.3,78,10.5,13.4,0,0.0,0.0,0.0,0.0,0.0,1,1024.4,1023.1,33,24140.0,7.3,12.2,cannes,2026-04-05T07:29:06.027094
2026-04-05T22:00,13.9,86,11.6,12.9,0,0.0,0.0,0.0,0.0,0.0,3,1024.8,1023.5,92,24140.0,9.7,18.0,cannes,2026-04-05T07:29:06.027094
2026-04-05T23:00,13.7,90,12.1,12.8,0,0.0,0.0,0.0,0.0,0.0,2,1025.0,1023.7,75,24140.0,10.4,19.4,cannes,2026-04-05T07:29:06.027094
2026-04-05T00:00,11.4,83,8.6,10.6,0,0.0,0.0,0.0,0.0,0.0,1,1023.1,1003.6,38,21040.0,3.3,7.6,lyon,2026-04-05T07:29:08.404874
2026-04-05T01:00,10.8,85,8.3,9.9,0,0.0,0.0,0.0,0.0,0.0,2,1023.0,1003.4,69,18080.0,2.9,7.9,lyon,2026-04-05T07:29:08.404874
2026-04-05T02:00,10.5,86,8.3,9.7,0,0.0,0.0,0.0,0.0,0.0,0,1022.9,1003.3,0,17580.0,2.6,6.5,lyon,2026-04-05T07:29:08.404874
2026-04-05T03:00,9.8,89,8.0,8.9,0,0.0,0.0,0.0,0.0,0.0,2,1022.7,1003.0,8,13560.0,2.5,5.8,lyon,2026-04-05T07:29:08.404874
2026-04-05T04:00,9.7,88,7.8,8.9,0,0.0,0.0,0.0,0.0,0.0,0,1022.6,1002.9,0,13740.0,1.5,4.7,lyon,2026-04-05T07:29:08.404874
2026-04-05T05:00,9.6,88,7.7,8.9,0,0.0,0.0,0.0,0.0,0.0,0,1022.9,1003.2,0,15060.0,1.1,2.9,lyon,2026-04-05T07:29:08.404874
2026-04-05T06:00,9.5,88,7.6,8.7,0,0.0,0.0,0.0,0.0,0.0,0,1023.0,1003.3,0,12280.0,1.1,2.9,lyon,2026-04-05T07:29:08.404874
2026-04-05T07:00,10.2,84,7.6,9.4,0,0.0,0.0,0.0,0.0,0.0,0,1023.5,1003.9,0,13940.0,1.5,4.7,lyon,2026-04-05T07:29:08.404874
2026-04-05T08:00,12.3,75,8.0,11.4,0,0.0,0.0,0.0,0.0,0.0,0,1023.9,1004.4,0,21400.0,2.5,7.6,lyon,2026-04-05T07:29:08.404874
2026-04-05T09:00,14.8,68,8.9,13.8,0,0.0,0.0,0.0,0.0,0.0,0,1024.4,1005.1,0,31420.0,4.7,12.2,lyon,2026-04-05T07:29:08.404874
2026-04-05T10:00,17.8,59,9.6,17.4,0,0.0,0.0,0.0,0.0,0.0,0,1024.0,1004.9,0,39460.0,5.8,15.1,lyon,2026-04-05T07:29:08.404874
2026-04-05T11:00,20.3,49,9.2,20.3,0,0.0,0.0,0.0,0.0,0.0,0,1023.4,1004.4,0,41100.0,6.6,17.3,lyon,2026-04-05T07:29:08.404874
2026-04-05T12:00,22.3,44,9.5,22.3,0,0.0,0.0,0.0,0.0,0.0,0,1022.7,1003.9,0,41760.0,8.5,20.9,lyon,2026-04-05T07:29:08.404874
2026-04-05T13:00,23.8,39,9.0,23.5,0,0.0,0.0,0.0,0.0,0.0,0,1021.7,1003.0,0,42720.0,9.1,22.7,lyon,2026-04-05T07:29:08.404874
2026-04-05T14:00,24.8,35,8.3,23.4,0,0.0,0.0,0.0,0.0,0.0,0,1021.0,1002.4,0,44120.0,12.0,28.4,lyon,2026-04-05T07:29:08.404874
2026-04-05T15:00,25.2,32,7.3,22.8,10,0.0,0.0,0.0,0.0,0.0,2,1020.8,1002.2,47,45080.0,11.4,28.4,lyon,2026-04-05T07:29:08.404874
2026-04-05T16:00,24.8,34,7.8,22.6,20,0.0,0.0,0.0,0.0,0.0,3,1021.1,1002.5,100,44680.0,10.8,26.3,lyon,2026-04-05T07:29:08.404874
2026-04-05T17:00,23.8,44,10.8,22.6,26,0.0,0.0,0.0,0.0,0.0,2,1021.3,1002.6,37,42040.0,10.1,23.4,lyon,2026-04-05T07:29:08.404874
2026-04-05T18:00,22.6,46,10.4,22.1,13,0.0,0.0,0.0,0.0,0.0,2,1022.1,1003.3,69,41840.0,4.5,23.8,lyon,2026-04-05T07:29:08.404874
2026-04-05T19:00,19.7,46,7.7,17.2,5,0.0,0.0,0.0,0.0,0.0,3,1023.7,1004.7,92,41720.0,12.8,30.6,lyon,2026-04-05T07:29:08.404874
2026-04-05T20:00,17.9,49,7.0,15.8,0,0.0,0.0,0.0,0.0,0.0,3,1024.5,1005.4,93,41460.0,8.8,27.4,lyon,2026-04-05T07:29:08.404874
2026-04-05T21:00,16.9,52,6.9,15.4,0,0.0,0.0,0.0,0.0,0.0,3,1025.1,1005.9,100,41080.0,4.4,18.4,lyon,2026-04-05T07:29:08.404874
2026-04-05T22:00,16.3,54,6.9,15.0,0,0.0,0.0,0.0,0.0,0.0,2,1025.3,1006.0,46,40880.0,3.6,9.7,lyon,2026-04-05T07:29:08.404874
2026-04-05T23:00,15.4,60,7.7,14.3,0,0.0,0.0,0.0,0.0,0.0,2,1025.6,1006.3,78,40100.0,3.3,6.5,lyon,2026-04-05T07:29:08.404874
2026-04-05T00:00,14.7,56,6.0,12.0,0,0.0,0.0,0.0,0.0,0.0,0,1024.0,1023.6,0,24140.0,5.0,9.0,marseille,2026-04-05T07:30:26.093757
2026-04-05T01:00,13.7,41,0.7,11.0,0,0.0,0.0,0.0,0.0,0.0,0,1024.2,1023.8,0,24140.0,6.8,12.6,marseille,2026-04-05T07:30:26.093757
2026-04-05T02:00,13.2,48,2.4,10.7,0,0.0,0.0,0.0,0.0,0.0,0,1023.7,1023.3,0,24140.0,7.3,14.4,marseille,2026-04-05T07:30:26.093757
2026-04-05T03:00,13.0,45,1.3,9.8,0,0.0,0.0,0.0,0.0,0.0,0,1024.0,1023.6,7,24140.0,8.0,16.2,marseille,2026-04-05T07:30:26.093757
2026-04-05T04:00,13.4,40,0.1,9.7,0,0.0,0.0,0.0,0.0,0.0,3,1023.8,1023.4,100,24140.0,7.8,20.9,marseille,2026-04-05T07:30:26.093757
2026-04-05T05:00,14.0,39,0.2,10.3,0,0.0,0.0,0.0,0.0,0.0,1,1023.5,1023.1,22,24140.0,9.6,24.8,marseille,2026-04-05T07:30:26.093757
2026-04-05T06:00,15.5,31,-1.6,12.4,0,0.0,0.0,0.0,0.0,0.0,0,1023.9,1023.5,0,24140.0,7.6,27.0,marseille,2026-04-05T07:30:26.093757
2026-04-05T07:00,15.6,38,1.4,13.6,0,0.0,0.0,0.0,0.0,0.0,0,1024.1,1023.7,3,24140.0,12.2,25.9,marseille,2026-04-05T07:30:26.093757
2026-04-05T08:00,15.5,66,9.2,14.9,0,0.0,0.0,0.0,0.0,0.0,0,1024.9,1024.5,2,24140.0,10.5,22.3,marseille,2026-04-05T07:30:26.093757
2026-04-05T09:00,16.7,74,12.1,16.1,0,0.0,0.0,0.0,0.0,0.0,0,1025.1,1024.7,1,24140.0,4.6,12.2,marseille,2026-04-05T07:30:26.093757
2026-04-05T10:00,17.0,73,12.1,16.4,0,0.0,0.0,0.0,0.0,0.0,0,1025.5,1025.1,5,24140.0,7.8,16.7,marseille,2026-04-05T07:30:26.093757
2026-04-05T11:00,17.9,60,10.1,16.8,0,0.0,0.0,0.0,0.0,0.0,0,1025.7,1025.3,14,24140.0,8.9,19.4,marseille,2026-04-05T07:30:26.093757
2026-04-05T12:00,17.7,64,10.9,16.6,0,0.0,0.0,0.0,0.0,0.0,2,1025.8,1025.4,68,24140.0,10.4,22.0,marseille,2026-04-05T07:30:26.093757
2026-04-05T13:00,17.6,68,11.7,16.8,0,0.0,0.0,0.0,0.0,0.0,0,1025.5,1025.1,0,24140.0,9.0,20.5,marseille,2026-04-05T07:30:26.093757
2026-04-05T14:00,17.6,66,11.2,17.0,0,0.0,0.0,0.0,0.0,0.0,0,1025.2,1024.8,0,24140.0,7.0,19.1,marseille,2026-04-05T07:30:26.093757
2026-04-05T15:00,17.3,69,11.6,16.6,0,0.0,0.0,0.0,0.0,0.0,0,1025.0,1024.6,0,24140.0,8.5,17.3,marseille,2026-04-05T07:30:26.093757
2026-04-05T16:00,16.8,76,12.5,16.5,0,0.0,0.0,0.0,0.0,0.0,0,1025.0,1024.6,0,24140.0,7.7,17.6,marseille,2026-04-05T07:30:26.093757
2026-04-05T17:00,16.3,81,13.0,16.3,0,0.0,0.0,0.0,0.0,0.0,0,1025.0,1024.6,0,24140.0,6.5,15.5,marseille,2026-04-05T07:30:26.093757
2026-04-05T18:00,15.5,85,13.0,15.5,0,0.0,0.0,0.0,0.0,0.0,0,1025.1,1024.7,0,24140.0,6.3,13.3,marseille,2026-04-05T07:30:26.093757
2026-04-05T19:00,15.2,86,12.9,15.3,0,0.0,0.0,0.0,0.0,0.0,0,1025.6,1025.2,1,24140.0,5.4,11.2,marseille,2026-04-05T07:30:26.093757
2026-04-05T20:00,15.0,86,12.7,15.5,0,0.0,0.0,0.0,0.0,0.0,0,1025.9,1025.5,6,24140.0,2.6,9.4,marseille,2026-04-05T07:30:26.093757
2026-04-05T21:00,14.8,87,12.6,15.2,0,0.0,0.0,0.0,0.0,0.0,0,1025.9,1025.5,2,24140.0,2.6,5.4,marseille,2026-04-05T07:30:26.093757
2026-04-05T22:00,14.5,88,12.6,14.8,0,0.0,0.0,0.0,0.0,0.0,0,1026.0,1025.6,9,24140.0,3.6,6.5,marseille,2026-04-05T07:30:26.093757
2026-04-05T23:00,14.5,84,11.9,14.9,0,0.0,0.0,0.0,0.0,0.0,0,1026.1,1025.7,4,24140.0,1.3,6.1,marseille,2026-04-05T07:30:26.093757
2026-04-05T00:00,12.5,68,6.7,10.7,0,0.0,0.0,0.0,0.0,0.0,0,1023.0,1020.8,3,38580.0,6.1,10.4,nice,2026-04-05T07:30:28.483952
2026-04-05T01:00,12.1,67,6.2,10.3,0,0.0,0.0,0.0,0.0,0.0,1,1022.9,1020.7,6,38960.0,6.1,10.4,nice,2026-04-05T07:30:28.483952
2026-04-05T02:00,11.8,67,5.8,9.8,0,0.0,0.0,0.0,0.0,0.0,1,1022.9,1020.7,7,39020.0,6.5,10.8,nice,2026-04-05T07:30:28.483952
2026-04-05T03:00,11.5,67,5.6,9.5,0,0.0,0.0,0.0,0.0,0.0,0,1022.3,1020.1,0,39120.0,5.9,10.8,nice,2026-04-05T07:30:28.483952
2026-04-05T04:00,11.2,67,5.3,9.2,0,0.0,0.0,0.0,0.0,0.0,0,1022.5,1020.3,1,39220.0,5.9,9.7,nice,2026-04-05T07:30:28.483952
2026-04-05T05:00,10.9,67,5.0,8.9,0,0.0,0.0,0.0,0.0,0.0,0,1022.9,1020.7,3,39180.0,5.8,9.7,nice,2026-04-05T07:30:28.483952
2026-04-05T06:00,10.7,71,5.6,8.7,0,0.0,0.0,0.0,0.0,0.0,0,1023.7,1021.5,0,37980.0,5.9,9.7,nice,2026-04-05T07:30:28.483952
2026-04-05T07:00,12.5,71,7.4,11.3,0,0.0,0.0,0.0,0.0,0.0,0,1023.9,1021.7,2,37940.0,3.1,9.4,nice,2026-04-05T07:30:28.483952
2026-04-05T08:00,14.5,67,8.5,13.8,0,0.0,0.0,0.0,0.0,0.0,0,1024.3,1022.1,0,38360.0,2.0,4.7,nice,2026-04-05T07:30:28.483952
2026-04-05T09:00,15.7,71,10.4,15.0,0,0.0,0.0,0.0,0.0,0.0,0,1025.0,1022.8,0,36440.0,5.4,10.4,nice,2026-04-05T07:30:28.483952
2026-04-05T10:00,16.2,70,10.7,16.0,0,0.0,0.0,0.0,0.0,0.0,0,1025.3,1023.1,0,36300.0,7.9,14.8,nice,2026-04-05T07:30:28.483952
2026-04-05T11:00,16.5,69,10.8,16.7,0,0.0,0.0,0.0,0.0,0.0,0,1025.3,1023.1,0,36660.0,8.9,16.9,nice,2026-04-05T07:30:28.483952
2026-04-05T12:00,16.6,70,11.1,17.0,0,0.0,0.0,0.0,0.0,0.0,0,1025.1,1022.9,0,35660.0,9.4,18.0,nice,2026-04-05T07:30:28.483952
2026-04-05T13:00,16.7,72,11.6,17.1,0,0.0,0.0,0.0,0.0,0.0,0,1024.5,1022.3,0,34420.0,8.9,18.0,nice,2026-04-05T07:30:28.483952
2026-04-05T14:00,16.7,72,11.6,16.8,0,0.0,0.0,0.0,0.0,0.0,0,1024.1,1021.9,0,34880.0,8.4,16.6,nice,2026-04-05T07:30:28.483952
2026-04-05T15:00,16.7,72,11.6,16.0,0,0.0,0.0,0.0,0.0,0.0,0,1023.7,1021.5,0,34840.0,7.9,16.2,nice,2026-04-05T07:30:28.483952
2026-04-05T16:00,16.4,74,11.8,15.9,0,0.0,0.0,0.0,0.0,0.0,0,1023.6,1021.4,0,34260.0,7.3,15.1,nice,2026-04-05T07:30:28.483952
2026-04-05T17:00,16.0,76,11.7,15.7,0,0.0,0.0,0.0,0.0,0.0,0,1023.6,1021.4,0,32960.0,5.8,13.7,nice,2026-04-05T07:30:28.483952
2026-04-05T18:00,15.5,78,11.6,15.3,0,0.0,0.0,0.0,0.0,0.0,0,1023.7,1021.5,0,31940.0,4.9,11.2,nice,2026-04-05T07:30:28.483952
2026-04-05T19:00,15.2,81,12.0,15.3,0,0.0,0.0,0.0,0.0,0.0,0,1023.9,1021.7,0,31080.0,3.8,8.6,nice,2026-04-05T07:30:28.483952
2026-04-05T20:00,14.5,85,12.0,14.5,0,0.0,0.0,0.0,0.0,0.0,0,1023.9,1021.7,0,26540.0,4.2,6.8,nice,2026-04-05T07:30:28.483952
2026-04-05T21:00,13.9,89,12.1,13.8,0,0.0,0.0,0.0,0.0,0.0,0,1024.1,1021.9,0,22240.0,5.1,8.6,nice,2026-04-05T07:30:28.483952
2026-04-05T22:00,13.6,90,12.0,13.4,0,0.0,0.0,0.0,0.0,0.0,1,1024.5,1022.3,0,20340.0,5.6,9.4,nice,2026-04-05T07:30:28.483952
2026-04-05T23:00,13.5,90,11.9,13.2,0,0.0,0.0,0.0,0.0,0.0,2,1024.9,1022.7,82,20980.0,5.6,9.4,nice,2026-04-05T07:30:28.483952
2026-04-05T00:00,14.7,63,7.8,12.2,0,0.0,0.0,0.0,0.0,0.0,0,1016.1,1011.3,56,39740.0,13.4,28.8,paris,2026-04-05T07:31:06.002696
2026-04-05T01:00,14.1,67,8.1,11.6,0,0.0,0.0,0.0,0.0,0.0,1,1015.8,1011.0,27,38680.0,14.1,29.2,paris,2026-04-05T07:31:06.002696
2026-04-05T02:00,13.1,73,8.4,10.9,0,0.0,0.0,0.0,0.0,0.0,3,1016.5,1011.7,100,36200.0,12.8,29.2,paris,2026-04-05T07:31:06.002696
2026-04-05T03:00,12.7,70,7.4,9.6,0,0.0,0.0,0.0,0.0,0.0,3,1016.9,1012.1,100,37240.0,16.4,30.2,paris,2026-04-05T07:31:06.002696
2026-04-05T04:00,11.5,77,7.6,9.0,0,0.0,0.0,0.0,0.0,0.0,3,1017.2,1012.3,100,33500.0,13.0,32.8,paris,2026-04-05T07:31:06.002696
2026-04-05T05:00,11.2,77,7.3,8.6,0,0.0,0.0,0.0,0.0,0.0,3,1018.0,1013.1,100,33280.0,13.0,26.3,paris,2026-04-05T07:31:06.002696
2026-04-05T06:00,11.3,79,7.8,8.8,0,0.0,0.0,0.0,0.0,0.0,3,1018.4,1013.5,100,32220.0,13.8,27.7,paris,2026-04-05T07:31:06.002696
2026-04-05T07:00,11.7,79,8.2,9.3,0,0.0,0.0,0.0,0.0,0.0,3,1019.0,1014.1,100,31260.0,13.0,28.8,paris,2026-04-05T07:31:06.002696
2026-04-05T08:00,12.4,76,8.3,10.0,0,0.0,0.0,0.0,0.0,0.0,3,1019.7,1014.8,100,33080.0,13.1,28.1,paris,2026-04-05T07:31:06.002696
2026-04-05T09:00,13.0,74,8.5,10.9,0,0.0,0.0,0.0,0.0,0.0,3,1020.5,1015.6,100,34640.0,11.9,26.3,paris,2026-04-05T07:31:06.002696
2026-04-05T10:00,14.4,62,7.2,11.5,3,0.0,0.0,0.0,0.0,0.0,3,1021.1,1016.3,99,39220.0,15.2,30.6,paris,2026-04-05T07:31:06.002696
2026-04-05T11:00,14.9,56,6.2,11.4,3,0.0,0.0,0.0,0.0,0.0,3,1021.6,1016.8,100,40400.0,17.5,36.0,paris,2026-04-05T07:31:06.002696
2026-04-05T12:00,15.1,51,5.1,11.4,0,0.0,0.0,0.0,0.0,0.0,3,1021.9,1017.1,100,41060.0,17.1,35.6,paris,2026-04-05T07:31:06.002696
2026-04-05T13:00,15.3,49,4.6,11.4,8,0.0,0.0,0.0,0.0,0.0,3,1022.1,1017.3,100,41380.0,18.1,38.9,paris,2026-04-05T07:31:06.002696
2026-04-05T14:00,15.3,42,2.5,11.2,5,0.0,0.0,0.0,0.0,0.0,3,1022.6,1017.8,100,42740.0,16.8,36.0,paris,2026-04-05T07:31:06.002696
2026-04-05T15:00,15.1,43,2.6,11.2,5,0.0,0.0,0.0,0.0,0.0,3,1023.1,1018.3,100,42420.0,15.4,35.6,paris,2026-04-05T07:31:06.002696
2026-04-05T16:00,15.4,44,3.2,11.8,0,0.0,0.0,0.0,0.0,0.0,3,1023.3,1018.5,93,42380.0,14.1,30.6,paris,2026-04-05T07:31:06.002696
2026-04-05T17:00,14.3,49,3.7,10.6,0,0.0,0.0,0.0,0.0,0.0,2,1024.0,1019.1,38,41460.0,15.3,33.5,paris,2026-04-05T07:31:06.002696
2026-04-05T18:00,13.7,49,3.2,10.7,0,0.0,0.0,0.0,0.0,0.0,1,1024.4,1019.5,32,41560.0,9.5,31.0,paris,2026-04-05T07:31:06.002696
2026-04-05T19:00,12.4,48,1.7,9.1,0,0.0,0.0,0.0,0.0,0.0,1,1025.2,1020.3,8,41720.0,10.0,22.3,paris,2026-04-05T07:31:06.002696
2026-04-05T20:00,11.6,50,1.6,8.8,0,0.0,0.0,0.0,0.0,0.0,0,1025.5,1020.6,11,41500.0,6.9,19.4,paris,2026-04-05T07:31:06.002696
2026-04-05T21:00,10.8,58,2.9,8.4,0,0.0,0.0,0.0,0.0,0.0,0,1025.9,1021.0,0,40560.0,5.1,13.3,paris,2026-04-05T07:31:06.002696
2026-04-05T22:00,10.0,63,3.3,7.8,0,0.0,0.0,0.0,0.0,0.0,0,1026.4,1021.5,0,39720.0,4.7,9.7,paris,2026-04-05T07:31:06.002696
2026-04-05T23:00,9.4,65,3.2,7.3,0,0.0,0.0,0.0,0.0,0.0,0,1027.3,1022.3,0,39200.0,4.0,9.0,paris,2026-04-05T07:31:06.002696
2026-04-05T00:00,10.1,91,8.7,8.6,0,0.0,0.0,0.0,0.0,0.0,2,1020.0,1001.7,3,17560.0,8.0,18.7,strasbourg,2026-04-05T07:31:08.379266
2026-04-05T01:00,10.2,90,8.7,8.3,0,0.0,0.0,0.0,0.0,0.0,2,1019.5,1001.3,83,16740.0,10.9,23.4,strasbourg,2026-04-05T07:31:08.379266
2026-04-05T02:00,10.6,87,8.5,8.2,0,0.0,0.0,0.0,0.0,0.0,0,1019.4,1001.2,0,17500.0,14.0,30.2,strasbourg,2026-04-05T07:31:08.379266
2026-04-05T03:00,10.4,84,7.8,7.8,0,0.0,0.0,0.0,0.0,0.0,1,1018.7,1000.5,29,16620.0,14.1,31.3,strasbourg,2026-04-05T07:31:08.379266
2026-04-05T04:00,10.4,83,7.6,7.7,0,0.0,0.0,0.0,0.0,0.0,3,1018.4,1000.2,100,17040.0,13.9,31.0,strasbourg,2026-04-05T07:31:08.379266
2026-04-05T05:00,10.4,82,7.4,7.6,0,0.0,0.0,0.0,0.0,0.0,2,1018.7,1000.5,74,17620.0,14.3,31.3,strasbourg,2026-04-05T07:31:08.379266
2026-04-05T06:00,10.8,83,8.1,8.3,0,0.0,0.0,0.0,0.0,0.0,3,1018.4,1000.2,100,19040.0,13.8,31.3,strasbourg,2026-04-05T07:31:08.379266
2026-04-05T07:00,12.3,77,8.4,9.8,0,0.0,0.0,0.0,0.0,0.0,3,1019.0,1000.9,100,29380.0,14.1,31.7,strasbourg,2026-04-05T07:31:08.379266
2026-04-05T08:00,14.6,69,9.0,12.6,0,0.0,0.0,0.0,0.0,0.0,3,1019.1,1001.1,100,36940.0,12.2,30.6,strasbourg,2026-04-05T07:31:08.379266
2026-04-05T09:00,17.3,61,9.7,15.5,0,0.0,0.0,0.0,0.0,0.0,3,1019.7,1001.9,100,39240.0,11.9,27.0,strasbourg,2026-04-05T07:31:08.379266
2026-04-05T10:00,19.6,45,7.4,16.6,0,0.0,0.0,0.0,0.0,0.0,3,1019.8,1002.1,100,41780.0,16.7,37.4,strasbourg,2026-04-05T07:31:08.379266
2026-04-05T11:00,20.0,38,5.2,16.7,0,0.0,0.0,0.0,0.0,0.0,3,1020.0,1002.4,100,43080.0,17.8,40.3,strasbourg,2026-04-05T07:31:08.379266
2026-04-05T12:00,20.1,40,6.1,16.9,0,0.0,0.0,0.0,0.0,0.0,3,1019.7,1002.1,100,42600.0,16.4,40.0,strasbourg,2026-04-05T07:31:08.379266
2026-04-05T13:00,20.3,39,5.9,16.9,0,0.0,0.0,0.0,0.0,0.0,3,1019.7,1002.1,100,42960.0,15.9,37.4,strasbourg,2026-04-05T07:31:08.379266
2026-04-05T14:00,19.4,44,6.9,16.1,0,0.0,0.0,0.0,0.0,0.0,3,1020.1,1002.4,99,41980.0,17.4,39.2,strasbourg,2026-04-05T07:31:08.379266
2026-04-05T15:00,18.9,47,7.3,15.6,0,0.0,0.0,0.0,0.0,0.0,3,1020.8,1003.1,100,41560.0,17.7,41.0,strasbourg,2026-04-05T07:31:08.379266
2026-04-05T16:00,17.7,49,6.9,14.6,0,0.0,0.0,0.0,0.0,0.0,3,1021.7,1003.9,82,41280.0,16.0,39.6,strasbourg,2026-04-05T07:31:08.379266
2026-04-05T17:00,16.7,52,6.8,14.1,0,0.0,0.0,0.0,0.0,0.0,3,1022.3,1004.4,100,40900.0,12.7,39.2,strasbourg,2026-04-05T07:31:08.379266
2026-04-05T18:00,15.9,54,6.6,13.4,0,0.0,0.0,0.0,0.0,0.0,3,1023.1,1005.2,97,40760.0,11.6,29.2,strasbourg,2026-04-05T07:31:08.379266
2026-04-05T19:00,14.8,60,7.1,12.9,0,0.0,0.0,0.0,0.0,0.0,3,1023.9,1005.9,100,39840.0,7.9,25.6,strasbourg,2026-04-05T07:31:08.379266
2026-04-05T20:00,13.9,66,7.6,12.5,0,0.0,0.0,0.0,0.0,0.0,3,1024.4,1006.3,100,38500.0,5.4,16.9,strasbourg,2026-04-05T07:31:08.379266
2026-04-05T21:00,13.1,68,7.3,11.2,3,0.0,0.0,0.0,0.0,0.0,3,1025.0,1006.8,98,37480.0,8.1,17.3,strasbourg,2026-04-05T07:31:08.379266
2026-04-05T22:00,12.5,61,5.2,10.0,0,0.0,0.0,0.0,0.0,0.0,3,1025.6,1007.4,95,39720.0,8.9,19.8,strasbourg,2026-04-05T07:31:08.379266
2026-04-05T23:00,11.6,61,4.3,9.3,0,0.0,0.0,0.0,0.0,0.0,2,1026.3,1008.0,54,39720.0,6.5,19.4,strasbourg,2026-04-05T07:31:08.379266
2026-04-05T00:00,13.6,72,8.6,11.8,0,0.0,0.0,0.0,0.0,0.0,0,1023.4,1022.1,0,24140.0,9.7,7.9,toulon,2026-04-05T07:32:26.047561
2026-04-05T01:00,13.4,52,3.8,11.8,0,0.0,0.0,0.0,0.0,0.0,0,1023.8,1022.5,0,24140.0,7.6,7.2,toulon,2026-04-05T07:32:26.047561
2026-04-05T02:00,13.3,38,-0.7,11.1,0,0.0,0.0,0.0,0.0,0.0,0,1023.5,1022.2,0,24140.0,1.8,4.7,toulon,2026-04-05T07:32:26.047561
2026-04-05T03:00,13.1,41,0.1,11.1,0,0.0,0.0,0.0,0.0,0.0,0,1023.6,1022.3,0,24140.0,4.3,4.7,toulon,2026-04-05T07:32:26.047561
2026-04-05T04:00,13.2,39,-0.5,10.6,0,0.0,0.0,0.0,0.0,0.0,0,1023.7,1022.3,3,24140.0,2.5,1.1,toulon,2026-04-05T07:32:26.047561
2026-04-05T05:00,12.9,40,-0.4,10.8,0,0.0,0.0,0.0,0.0,0.0,3,1023.6,1022.2,96,24140.0,2.5,2.9,toulon,2026-04-05T07:32:26.047561
2026-04-05T06:00,13.9,38,-0.2,11.5,0,0.0,0.0,0.0,0.0,0.0,0,1023.9,1022.6,3,24140.0,1.5,1.1,toulon,2026-04-05T07:32:26.047561
2026-04-05T07:00,14.7,50,4.3,13.2,0,0.0,0.0,0.0,0.0,0.0,0,1024.3,1023.0,15,24140.0,2.2,4.7,toulon,2026-04-05T07:32:26.047561
2026-04-05T08:00,16.4,47,5.0,14.5,0,0.0,0.0,0.0,0.0,0.0,0,1024.8,1023.5,5,24140.0,6.1,11.5,toulon,2026-04-05T07:32:26.047561
2026-04-05T09:00,17.9,39,3.8,17.2,0,0.0,0.0,0.0,0.0,0.0,0,1025.0,1023.7,0,24140.0,3.9,11.9,toulon,2026-04-05T07:32:26.047561
2026-04-05T10:00,19.6,56,10.5,18.2,0,0.0,0.0,0.0,0.0,0.0,0,1025.3,1024.0,0,24140.0,7.7,19.0,toulon,2026-04-05T07:32:26.047561
2026-04-05T11:00,20.7,44,8.0,18.5,0,0.0,0.0,0.0,0.0,0.0,0,1025.3,1024.0,15,24140.0,10.6,22.3,toulon,2026-04-05T07:32:26.047561
2026-04-05T12:00,21.1,37,5.9,17.8,0,0.0,0.0,0.0,0.0,0.0,0,1025.5,1024.2,1,24140.0,13.2,27.7,toulon,2026-04-05T07:32:26.047561
2026-04-05T13:00,20.4,47,8.7,17.9,0,0.0,0.0,0.0,0.0,0.0,0,1025.3,1024.0,0,24140.0,15.0,31.0,toulon,2026-04-05T07:32:26.047561
2026-04-05T14:00,20.6,46,8.5,18.1,0,0.0,0.0,0.0,0.0,0.0,0,1025.0,1023.7,0,24140.0,14.6,30.2,toulon,2026-04-05T07:32:26.047561
2026-04-05T15:00,20.2,43,7.2,17.4,0,0.0,0.0,0.0,0.0,0.0,0,1024.8,1023.5,0,24140.0,14.1,29.5,toulon,2026-04-05T07:32:26.047561
2026-04-05T16:00,18.9,55,9.7,17.0,0,0.0,0.0,0.0,0.0,0.0,0,1024.8,1023.5,0,24140.0,12.7,28.4,toulon,2026-04-05T07:32:26.047561
2026-04-05T17:00,17.3,70,11.8,16.2,0,0.0,0.0,0.0,0.0,0.0,0,1024.7,1023.4,0,24140.0,11.4,25.6,toulon,2026-04-05T07:32:26.047561
2026-04-05T18:00,15.6,84,12.9,14.9,0,0.0,0.0,0.0,0.0,0.0,0,1024.8,1023.5,0,24140.0,10.4,23.0,toulon,2026-04-05T07:32:26.047561
2026-04-05T19:00,14.7,88,12.7,14.2,0,0.0,0.0,0.0,0.0,0.0,0,1025.2,1023.9,1,24140.0,9.0,20.2,toulon,2026-04-05T07:32:26.047561
2026-04-05T20:00,14.3,87,12.2,13.8,0,0.0,0.0,0.0,0.0,0.0,0,1025.5,1024.2,0,24140.0,8.0,17.6,toulon,2026-04-05T07:32:26.047561
2026-04-05T21:00,14.3,81,11.1,13.7,0,0.0,0.0,0.0,0.0,0.0,0,1025.6,1024.3,0,24140.0,6.8,15.5,toulon,2026-04-05T07:32:26.047561
2026-04-05T22:00,14.3,75,9.9,13.5,0,0.0,0.0,0.0,0.0,0.0,0,1025.7,1024.4,1,24140.0,5.9,12.2,toulon,2026-04-05T07:32:26.047561
2026-04-05T23:00,13.6,82,10.5,12.8,0,0.0,0.0,0.0,0.0,0.0,0,1025.9,1024.6,9,24140.0,6.4,13.0,toulon,2026-04-05T07:32:26.047561
2026-04-05T00:00,12.1,86,9.9,11.8,0,0.0,0.0,0.0,0.0,0.0,1,1022.6,1004.5,17,24240.0,2.3,5.8,toulouse,2026-04-05T07:33:03.599953
2026-04-05T01:00,11.3,88,9.4,10.9,0,0.0,0.0,0.0,0.0,0.0,0,1022.5,1004.4,1,19560.0,2.3,4.7,toulouse,2026-04-05T07:33:03.599953
2026-04-05T02:00,10.7,90,9.1,10.2,0,0.0,0.0,0.0,0.0,0.0,1,1022.4,1004.3,7,16180.0,1.9,4.7,toulouse,2026-04-05T07:33:03.599953
2026-04-05T03:00,9.5,93,8.5,8.9,0,0.0,0.0,0.0,0.0,0.0,1,1021.9,1003.7,7,10600.0,1.5,2.9,toulouse,2026-04-05T07:33:03.599953
2026-04-05T04:00,9.1,93,8.0,8.3,0,0.0,0.0,0.0,0.0,0.0,1,1021.8,1003.6,13,10300.0,1.8,4.0,toulouse,2026-04-05T07:33:03.599953
2026-04-05T05:00,8.4,93,7.4,7.6,0,0.0,0.0,0.0,0.0,0.0,1,1022.6,1004.3,18,8780.0,1.3,3.6,toulouse,2026-04-05T07:33:03.599953
2026-04-05T06:00,7.9,89,6.2,6.5,0,0.0,0.0,0.0,0.0,0.0,1,1023.5,1005.2,4,11060.0,3.2,5.0,toulouse,2026-04-05T07:33:03.599953
2026-04-05T07:00,8.9,79,5.5,7.1,0,0.0,0.0,0.0,0.0,0.0,1,1024.1,1005.8,9,19880.0,4.8,10.4,toulouse,2026-04-05T07:33:03.599953
2026-04-05T08:00,11.8,71,6.8,10.3,0,0.0,0.0,0.0,0.0,0.0,0,1024.3,1006.2,0,28780.0,5.0,12.2,toulouse,2026-04-05T07:33:03.599953
2026-04-05T09:00,15.1,70,9.7,14.3,0,0.0,0.0,0.0,0.0,0.0,0,1024.9,1007.0,0,35860.0,5.1,13.3,toulouse,2026-04-05T07:33:03.599953
2026-04-05T10:00,17.4,65,10.8,17.7,0,0.0,0.0,0.0,0.0,0.0,0,1024.7,1006.9,0,37840.0,4.4,12.6,toulouse,2026-04-05T07:33:03.599953
2026-04-05T11:00,19.7,58,11.2,21.1,0,0.0,0.0,0.0,0.0,0.0,0,1024.2,1006.6,0,39720.0,2.2,10.8,toulouse,2026-04-05T07:33:03.599953
2026-04-05T12:00,21.8,53,11.8,23.9,0,0.0,0.0,0.0,0.0,0.0,0,1023.5,1006.0,0,40620.0,1.6,7.9,toulouse,2026-04-05T07:33:03.599953
2026-04-05T13:00,23.4,48,11.8,25.6,0,0.0,0.0,0.0,0.0,0.0,0,1022.7,1005.3,0,41320.0,1.1,6.8,toulouse,2026-04-05T07:33:03.599953
2026-04-05T14:00,24.3,44,11.3,25.7,0,0.0,0.0,0.0,0.0,0.0,0,1022.2,1004.9,0,41840.0,2.5,9.0,toulouse,2026-04-05T07:33:03.599953
2026-04-05T15:00,24.8,42,11.1,25.0,0,0.0,0.0,0.0,0.0,0.0,0,1021.9,1004.6,0,42360.0,4.8,12.6,toulouse,2026-04-05T07:33:03.599953
2026-04-05T16:00,25.0,39,10.1,24.3,0,0.0,0.0,0.0,0.0,0.0,0,1021.9,1004.6,0,43240.0,5.4,13.3,toulouse,2026-04-05T07:33:03.599953
2026-04-05T17:00,24.7,38,9.5,24.0,0,0.0,0.0,0.0,0.0,0.0,0,1022.3,1005.0,0,43580.0,4.3,13.0,toulouse,2026-04-05T07:33:03.599953
2026-04-05T18:00,24.0,41,10.0,23.4,0,0.0,0.0,0.0,0.0,0.0,0,1022.7,1005.4,0,42880.0,4.5,10.8,toulouse,2026-04-05T07:33:03.599953
2026-04-05T19:00,22.5,48,10.9,22.2,0,0.0,0.0,0.0,0.0,0.0,0,1023.1,1005.7,0,41920.0,3.9,9.4,toulouse,2026-04-05T07:33:03.599953
2026-04-05T20:00,20.5,60,12.5,21.0,0,0.0,0.0,0.0,0.0,0.0,1,1023.4,1005.8,15,40260.0,2.5,7.6,toulouse,2026-04-05T07:33:03.599953
2026-04-05T21:00,19.0,66,12.5,19.5,0,0.0,0.0,0.0,0.0,0.0,2,1023.6,1006.0,76,39060.0,2.5,4.3,toulouse,2026-04-05T07:33:03.599953
2026-04-05T22:00,16.8,72,11.7,16.8,0,0.0,0.0,0.0,0.0,0.0,3,1023.9,1006.1,100,36400.0,3.7,7.6,toulouse,2026-04-05T07:33:03.599953
2026-04-05T23:00,16.0,64,9.2,15.4,0,0.0,0.0,0.0,0.0,0.0,3,1024.2,1006.4,100,39420.0,3.4,7.6,toulouse,2026-04-05T07:33:03.599953
2026-04-05T00:00,11.6,59,3.9,4.9,0,0.0,0.0,0.0,0.0,0.0,3,1006.9,957.4,100,40260.0,36.2,65.2,tbilisi,2026-04-05T07:33:41.138172
2026-04-05T01:00,11.7,59,4.0,5.1,0,0.0,0.0,0.0,0.0,0.0,3,1007.7,958.2,100,40280.0,35.1,67.3,tbilisi,2026-04-05T07:33:41.138172
2026-04-05T02:00,11.4,63,4.6,5.0,0,0.0,0.0,0.0,0.0,0.0,3,1007.9,958.3,100,39540.0,35.0,65.2,tbilisi,2026-04-05T07:33:41.138172
2026-04-05T03:00,11.6,63,4.8,5.1,0,0.0,0.0,0.0,0.0,0.0,3,1007.5,958.0,100,39720.0,36.0,65.5,tbilisi,2026-04-05T07:33:41.138172
2026-04-05T04:00,12.0,60,4.5,5.5,0,0.0,0.0,0.0,0.0,0.0,3,1007.9,958.4,100,40080.0,35.5,66.6,tbilisi,2026-04-05T07:33:41.138172
2026-04-05T05:00,12.6,59,4.8,6.0,0,0.0,0.0,0.0,0.0,0.0,3,1008.3,958.9,100,40340.0,37.0,68.8,tbilisi,2026-04-05T07:33:41.138172
2026-04-05T06:00,13.6,56,5.0,6.7,0,0.0,0.0,0.0,0.0,0.0,3,1008.9,959.7,100,40560.0,39.2,71.6,tbilisi,2026-04-05T07:33:41.138172
2026-04-05T07:00,14.6,53,5.1,7.2,0,0.0,0.0,0.0,0.0,0.0,3,1008.6,959.5,100,40880.0,42.0,78.1,tbilisi,2026-04-05T07:33:41.138172
2026-04-05T08:00,15.5,50,5.1,7.9,3,0.0,0.0,0.0,0.0,0.0,3,1008.5,959.6,100,41320.0,43.3,81.4,tbilisi,2026-04-05T07:33:41.138172
2026-04-05T09:00,16.3,46,4.7,8.9,0,0.0,0.0,0.0,0.0,0.0,3,1008.1,959.3,100,41700.0,43.7,82.4,tbilisi,2026-04-05T07:33:41.138172
2026-04-05T10:00,16.7,45,4.7,9.5,0,0.0,0.0,0.0,0.0,0.0,3,1007.9,959.2,90,41940.0,43.9,83.5,tbilisi,2026-04-05T07:33:41.138172
2026-04-05T11:00,16.7,45,4.7,9.4,0,0.0,0.0,0.0,0.0,0.0,3,1007.6,958.9,100,41920.0,43.5,81.7,tbilisi,2026-04-05T07:33:41.138172
2026-04-05T12:00,16.1,48,5.0,8.6,0,0.0,0.0,0.0,0.0,0.0,3,1008.0,959.2,100,41520.0,42.8,81.0,tbilisi,2026-04-05T07:33:41.138172
2026-04-05T13:00,15.4,52,5.6,8.2,0,0.0,0.0,0.0,0.0,0.0,3,1008.2,959.3,100,41120.0,42.1,79.2,tbilisi,2026-04-05T07:33:41.138172
2026-04-05T14:00,14.3,57,5.9,7.2,0,0.0,0.0,0.0,0.0,0.0,3,1009.2,960.1,100,40500.0,41.3,78.5,tbilisi,2026-04-05T07:33:41.138172
2026-04-05T15:00,13.2,59,5.4,6.4,0,0.0,0.0,0.0,0.0,0.0,3,1010.1,960.7,100,40120.0,38.7,76.3,tbilisi,2026-04-05T07:33:41.138172
2026-04-05T16:00,12.3,64,5.7,5.9,0,0.0,0.0,0.0,0.0,0.0,3,1011.7,962.1,100,39400.0,36.8,71.3,tbilisi,2026-04-05T07:33:41.138172
2026-04-05T17:00,11.8,67,5.8,5.5,0,0.0,0.0,0.0,0.0,0.0,3,1012.9,963.2,100,38620.0,35.6,68.0,tbilisi,2026-04-05T07:33:41.138172
2026-04-05T18:00,11.5,69,6.0,5.4,0,0.0,0.0,0.0,0.0,0.0,3,1013.4,963.6,100,38060.0,34.7,65.5,tbilisi,2026-04-05T07:33:41.138172
2026-04-05T19:00,11.3,69,5.8,5.4,0,0.0,0.0,0.0,0.0,0.0,3,1013.4,963.5,100,37740.0,33.2,63.0,tbilisi,2026-04-05T07:33:41.138172
2026-04-05T20:00,11.3,69,5.8,5.5,0,0.0,0.0,0.0,0.0,0.0,3,1013.8,963.9,100,37860.0,32.3,60.5,tbilisi,2026-04-05T07:33:41.138172
2026-04-05T21:00,11.3,68,5.6,5.6,0,0.0,0.0,0.0,0.0,0.0,3,1014.2,964.3,100,38120.0,31.7,58.0,tbilisi,2026-04-05T07:33:41.138172
2026-04-05T22:00,11.2,69,5.7,5.6,0,0.0,0.0,0.0,0.0,0.0,3,1014.3,964.4,100,37960.0,30.9,57.2,tbilisi,2026-04-05T07:33:41.138172
2026-04-05T23:00,11.1,70,5.8,5.6,0,0.0,0.0,0.0,0.0,0.0,3,1014.4,964.5,86,37620.0,30.1,55.8,tbilisi,2026-04-05T07:33:41.138172
2026-04-05T00:00,9.5,58,1.6,6.4,0,0.0,0.0,0.0,0.0,0.0,3,1016.8,1012.3,89,40380.0,8.3,17.6,berlin,2026-04-05T07:33:43.531221
2026-04-05T01:00,8.9,67,3.1,6.0,0,0.0,0.0,0.0,0.0,0.0,1,1015.5,1011.0,44,37020.0,8.7,19.4,berlin,2026-04-05T07:33:43.531221
2026-04-05T02:00,8.8,75,4.6,6.0,0,0.0,0.0,0.0,0.0,0.0,3,1015.3,1010.8,85,28060.0,10.5,22.3,berlin,2026-04-05T07:33:43.531221
2026-04-05T03:00,9.2,78,5.5,6.4,0,0.0,0.0,0.0,0.0,0.0,3,1013.8,1009.3,100,27880.0,11.6,23.8,berlin,2026-04-05T07:33:43.531221
2026-04-05T04:00,9.3,85,6.9,6.6,0,0.0,0.0,0.0,0.0,0.0,2,1014.0,1009.5,82,25440.0,12.8,26.6,berlin,2026-04-05T07:33:43.531221
2026-04-05T05:00,9.5,88,7.6,7.0,0,0.0,0.0,0.0,0.0,0.0,3,1013.1,1008.6,92,19380.0,13.1,27.7,berlin,2026-04-05T07:33:43.531221
2026-04-05T06:00,10.3,85,7.9,7.6,0,0.0,0.0,0.0,0.0,0.0,2,1011.9,1007.4,73,20720.0,14.9,31.0,berlin,2026-04-05T07:33:43.531221
2026-04-05T07:00,11.7,78,8.0,8.9,0,0.0,0.0,0.0,0.0,0.0,3,1011.2,1006.7,98,27620.0,15.8,33.5,berlin,2026-04-05T07:33:43.531221
2026-04-05T08:00,13.9,68,8.0,10.6,0,0.0,0.0,0.0,0.0,0.0,3,1011.0,1006.6,100,36840.0,18.5,39.6,berlin,2026-04-05T07:33:43.531221
2026-04-05T09:00,16.3,58,8.0,12.7,0,0.0,0.0,0.0,0.0,0.0,3,1010.9,1006.5,100,39820.0,20.5,43.6,berlin,2026-04-05T07:33:43.531221
2026-04-05T10:00,17.3,50,6.8,12.8,0,0.0,0.0,0.0,0.0,0.0,3,1011.2,1006.8,100,41060.0,25.1,53.6,berlin,2026-04-05T07:33:43.531221
2026-04-05T11:00,17.6,48,6.4,12.9,0,0.0,0.0,0.0,0.0,0.0,3,1011.2,1006.8,100,41440.0,25.8,54.7,berlin,2026-04-05T07:33:43.531221
2026-04-05T12:00,16.8,51,6.6,12.4,0,0.0,0.0,0.0,0.0,0.0,61,1011.5,1007.1,100,41020.0,24.0,56.2,berlin,2026-04-05T07:33:43.531221
2026-04-05T13:00,15.4,51,5.3,11.2,3,0.0,0.0,0.0,0.0,0.0,61,1011.7,1007.3,100,41100.0,21.1,50.8,berlin,2026-04-05T07:33:43.531221
2026-04-05T14:00,15.8,46,4.2,11.7,18,0.0,0.0,0.0,0.0,0.0,3,1012.2,1007.8,100,41780.0,18.1,45.4,berlin,2026-04-05T07:33:43.531221
2026-04-05T15:00,14.9,49,4.3,10.8,40,0.0,0.0,0.0,0.0,0.0,61,1013.3,1008.9,100,35220.0,18.9,45.4,berlin,2026-04-05T07:33:43.531221
2026-04-05T16:00,12.6,60,5.0,8.4,50,0.5,0.5,0.0,0.0,0.0,61,1014.7,1010.2,100,39740.0,20.8,45.0,berlin,2026-04-05T07:33:43.531221
2026-04-05T17:00,12.3,53,2.9,7.8,23,0.0,0.0,0.0,0.0,0.0,61,1014.5,1010.0,92,40900.0,19.6,41.8,berlin,2026-04-05T07:33:43.531221
2026-04-05T18:00,11.8,56,3.3,7.5,13,0.0,0.0,0.0,0.0,0.0,3,1015.2,1010.7,81,40620.0,18.4,41.0,berlin,2026-04-05T07:33:43.531221
2026-04-05T19:00,11.1,59,3.3,6.8,5,0.0,0.0,0.0,0.0,0.0,2,1015.6,1011.1,39,40160.0,18.4,39.6,berlin,2026-04-05T07:33:43.531221
2026-04-05T20:00,10.4,63,3.7,6.6,10,0.0,0.0,0.0,0.0,0.0,0,1015.8,1011.3,0,39280.0,16.0,37.1,berlin,2026-04-05T07:33:43.531221
2026-04-05T21:00,9.9,56,1.5,5.6,10,0.0,0.0,0.0,0.0,0.0,3,1016.6,1012.1,99,40560.0,16.6,34.2,berlin,2026-04-05T07:33:43.531221
2026-04-05T22:00,9.4,59,1.8,4.8,15,0.0,0.0,0.0,0.0,0.0,61,1017.3,1012.8,91,40040.0,18.9,38.2,berlin,2026-04-05T07:33:43.531221
2026-04-05T23:00,8.7,66,2.7,4.5,20,0.1,0.1,0.0,0.0,0.0,61,1018.0,1013.4,80,38520.0,17.7,37.8,berlin,2026-04-05T07:33:43.531221
2026-04-05T00:00,12.2,81,9.1,9.7,2,0.0,0.0,0.0,0.0,0.0,3,1014.0,1009.4,100,12920.0,15.8,30.6,düsseldorf ,2026-04-05T07:33:45.919882
2026-04-05T01:00,12.7,81,9.5,10.1,2,0.0,0.0,0.0,0.0,0.0,3,1013.1,1008.5,100,12640.0,17.3,33.8,düsseldorf ,2026-04-05T07:33:45.919882
2026-04-05T02:00,12.6,80,9.3,9.8,1,0.0,0.0,0.0,0.0,0.0,3,1012.2,1007.6,100,13380.0,18.0,34.9,düsseldorf ,2026-04-05T07:33:45.919882
2026-04-05T03:00,12.7,77,8.8,10.2,0,0.0,0.0,0.0,0.0,0.0,3,1011.9,1007.3,100,15080.0,14.8,28.4,düsseldorf ,2026-04-05T07:33:45.919882
2026-04-05T04:00,13.6,76,9.4,11.3,0,0.0,0.0,0.0,0.0,0.0,3,1011.9,1007.3,100,15440.0,14.8,28.8,düsseldorf ,2026-04-05T07:33:45.919882
2026-04-05T05:00,14.2,72,9.2,10.0,0,0.0,0.0,0.0,0.0,0.0,3,1012.2,1007.6,100,17520.0,27.4,53.3,düsseldorf ,2026-04-05T07:33:45.919882
2026-04-05T06:00,13.7,71,8.5,9.7,0,0.0,0.0,0.0,0.0,0.0,3,1013.1,1008.5,100,50000.0,24.8,52.6,düsseldorf ,2026-04-05T07:33:45.919882
2026-04-05T07:00,12.9,75,8.6,9.4,13,0.1,0.1,0.0,0.0,0.0,51,1014.1,1009.5,100,50000.0,21.6,47.2,düsseldorf ,2026-04-05T07:33:45.919882
2026-04-05T08:00,13.1,77,9.2,10.2,32,0.0,0.0,0.0,0.0,0.0,3,1014.8,1010.2,100,15080.0,18.7,41.4,düsseldorf ,2026-04-05T07:33:45.919882
2026-04-05T09:00,13.3,70,7.9,9.4,45,0.0,0.0,0.0,0.0,0.0,3,1015.5,1010.9,100,18120.0,23.0,47.5,düsseldorf ,2026-04-05T07:33:45.919882
2026-04-05T10:00,13.1,65,6.7,9.4,48,0.0,0.0,0.0,0.0,0.0,3,1016.6,1012.0,100,20920.0,19.8,44.6,düsseldorf ,2026-04-05T07:33:45.919882
2026-04-05T11:00,13.0,63,6.1,8.9,45,0.0,0.0,0.0,0.0,0.0,3,1017.4,1012.8,100,21540.0,21.6,42.8,düsseldorf ,2026-04-05T07:33:45.919882
2026-04-05T12:00,12.8,63,5.9,8.7,41,0.0,0.0,0.0,0.0,0.0,3,1018.1,1013.5,100,50000.0,21.2,43.9,düsseldorf ,2026-04-05T07:33:45.919882
2026-04-05T13:00,13.1,59,5.2,8.8,34,0.0,0.0,0.0,0.0,0.0,3,1018.5,1013.9,100,50000.0,20.9,41.4,düsseldorf ,2026-04-05T07:33:45.919882
2026-04-05T14:00,12.3,65,5.9,8.2,26,0.0,0.0,0.0,0.0,0.0,2,1018.7,1014.1,79,20520.0,20.9,56.5,düsseldorf ,2026-04-05T07:33:45.919882
2026-04-05T15:00,13.2,57,4.9,8.4,20,0.0,0.0,0.0,0.0,0.0,0,1019.0,1014.4,2,24700.0,24.1,48.2,düsseldorf ,2026-04-05T07:33:45.919882
2026-04-05T16:00,11.6,75,7.4,9.1,19,0.1,0.1,0.0,0.0,0.0,51,1019.0,1014.4,100,50000.0,13.0,48.2,düsseldorf ,2026-04-05T07:33:45.919882
2026-04-05T17:00,12.4,64,5.8,8.6,21,0.0,0.0,0.0,0.0,0.0,3,1019.6,1015.0,100,21360.0,19.1,42.8,düsseldorf ,2026-04-05T07:33:45.919882
2026-04-05T18:00,10.3,78,6.6,6.4,20,0.6,0.6,0.0,0.0,0.0,53,1020.3,1015.6,100,14580.0,20.9,47.2,düsseldorf ,2026-04-05T07:33:45.919882
2026-04-05T19:00,9.9,69,4.4,5.6,15,0.1,0.1,0.0,0.0,0.0,51,1021.5,1016.8,100,50000.0,19.8,43.2,düsseldorf ,2026-04-05T07:33:45.919882
2026-04-05T20:00,9.7,68,4.1,6.2,7,0.0,0.0,0.0,0.0,0.0,0,1022.4,1017.7,0,19060.0,14.4,37.4,düsseldorf ,2026-04-05T07:33:45.919882
2026-04-05T21:00,9.6,68,4.0,6.1,2,0.0,0.0,0.0,0.0,0.0,3,1023.3,1018.6,100,19040.0,14.4,27.7,düsseldorf ,2026-04-05T07:33:45.919882
2026-04-05T22:00,9.0,72,4.2,5.6,1,0.0,0.0,0.0,0.0,0.0,3,1024.1,1019.4,99,17260.0,13.7,27.4,düsseldorf ,2026-04-05T07:33:45.919882
2026-04-05T23:00,8.4,73,3.8,5.1,1,0.0,0.0,0.0,0.0,0.0,3,1025.0,1020.3,97,16820.0,13.0,25.2,düsseldorf ,2026-04-05T07:33:45.919882
2026-04-05T00:00,10.9,91,9.5,9.3,0,0.0,0.0,0.0,0.0,0.0,3,1018.2,1005.7,90,17540.0,10.1,24.1,frankfurt,2026-04-05T07:33:48.310527
2026-04-05T01:00,10.6,88,8.7,8.9,0,0.0,0.0,0.0,0.0,0.0,3,1017.8,1005.3,83,21400.0,9.8,23.0,frankfurt,2026-04-05T07:33:48.310527
2026-04-05T02:00,10.4,88,8.5,8.5,0,0.0,0.0,0.0,0.0,0.0,3,1017.7,1005.2,90,22680.0,10.2,24.5,frankfurt,2026-04-05T07:33:48.310527
2026-04-05T03:00,10.3,87,8.2,8.5,0,0.0,0.0,0.0,0.0,0.0,3,1017.1,1004.6,100,23020.0,9.0,24.5,frankfurt,2026-04-05T07:33:48.310527
2026-04-05T04:00,10.2,88,8.3,8.4,0,0.0,0.0,0.0,0.0,0.0,3,1016.5,1004.0,94,22160.0,9.3,22.0,frankfurt,2026-04-05T07:33:48.310527
2026-04-05T05:00,9.7,91,8.3,8.1,0,0.0,0.0,0.0,0.0,0.0,3,1016.5,1003.9,100,17440.0,8.0,21.6,frankfurt,2026-04-05T07:33:48.310527
2026-04-05T06:00,10.3,90,8.8,8.8,0,0.0,0.0,0.0,0.0,0.0,3,1016.3,1003.8,100,18760.0,8.7,20.9,frankfurt,2026-04-05T07:33:48.310527
2026-04-05T07:00,11.1,86,8.9,9.6,0,0.0,0.0,0.0,0.0,0.0,2,1015.7,1003.2,75,22020.0,8.6,21.2,frankfurt,2026-04-05T07:33:48.310527
2026-04-05T08:00,12.6,80,9.3,11.3,0,0.0,0.0,0.0,0.0,0.0,1,1016.2,1003.8,44,27860.0,7.8,20.9,frankfurt,2026-04-05T07:33:48.310527
2026-04-05T09:00,14.8,71,9.6,12.8,0,0.0,0.0,0.0,0.0,0.0,2,1016.7,1004.4,38,34700.0,13.1,31.7,frankfurt,2026-04-05T07:33:48.310527
2026-04-05T10:00,16.8,55,7.7,13.8,0,0.0,0.0,0.0,0.0,0.0,3,1016.8,1004.5,71,40360.0,16.3,40.0,frankfurt,2026-04-05T07:33:48.310527
2026-04-05T11:00,17.6,49,6.8,14.4,0,0.0,0.0,0.0,0.0,0.0,3,1017.3,1005.1,94,41080.0,18.4,45.4,frankfurt,2026-04-05T07:33:48.310527
2026-04-05T12:00,18.1,43,5.3,14.0,0,0.0,0.0,0.0,0.0,0.0,3,1017.2,1005.0,100,42000.0,20.0,47.5,frankfurt,2026-04-05T07:33:48.310527
2026-04-05T13:00,16.3,51,6.2,12.6,0,0.0,0.0,0.0,0.0,0.0,3,1017.9,1005.6,100,40960.0,19.3,50.4,frankfurt,2026-04-05T07:33:48.310527
2026-04-05T14:00,15.5,53,6.0,11.9,0,0.0,0.0,0.0,0.0,0.0,3,1018.3,1006.0,98,40800.0,17.9,46.8,frankfurt,2026-04-05T07:33:48.310527
2026-04-05T15:00,15.6,54,6.3,12.3,3,0.0,0.0,0.0,0.0,0.0,3,1018.8,1006.5,100,40580.0,16.3,42.8,frankfurt,2026-04-05T07:33:48.310527
2026-04-05T16:00,15.8,50,5.4,12.3,8,0.0,0.0,0.0,0.0,0.0,3,1019.3,1007.0,98,41160.0,16.4,41.0,frankfurt,2026-04-05T07:33:48.310527
2026-04-05T17:00,15.5,47,4.2,12.0,3,0.0,0.0,0.0,0.0,0.0,3,1019.9,1007.6,99,41580.0,14.8,36.7,frankfurt,2026-04-05T07:33:48.310527
2026-04-05T18:00,14.6,48,3.7,11.4,5,0.0,0.0,0.0,0.0,0.0,3,1020.9,1008.5,84,41540.0,12.4,33.8,frankfurt,2026-04-05T07:33:48.310527
2026-04-05T19:00,12.6,58,4.6,10.0,0,0.0,0.0,0.0,0.0,0.0,2,1022.2,1009.7,66,40220.0,9.2,31.3,frankfurt,2026-04-05T07:33:48.310527
2026-04-05T20:00,11.7,58,3.7,8.8,0,0.0,0.0,0.0,0.0,0.0,2,1022.8,1010.3,57,40200.0,10.3,24.1,frankfurt,2026-04-05T07:33:48.310527
2026-04-05T21:00,10.9,58,3.0,7.9,0,0.0,0.0,0.0,0.0,0.0,1,1023.3,1010.7,36,40260.0,9.7,24.8,frankfurt,2026-04-05T07:33:48.310527
2026-04-05T22:00,9.9,63,3.2,7.2,0,0.0,0.0,0.0,0.0,0.0,1,1024.0,1011.4,45,39420.0,8.0,22.0,frankfurt,2026-04-05T07:33:48.310527
2026-04-05T23:00,9.0,67,3.2,6.3,0,0.0,0.0,0.0,0.0,0.0,0,1024.9,1012.2,0,38380.0,7.9,19.1,frankfurt,2026-04-05T07:33:48.310527
2026-04-05T00:00,9.2,78,5.6,6.6,3,0.0,0.0,0.0,0.0,0.0,3,1012.1,1008.8,88,32980.0,10.7,23.0,hamburg,2026-04-05T07:35:51.185186
2026-04-05T01:00,9.1,82,6.2,6.5,3,0.0,0.0,0.0,0.0,0.0,3,1010.2,1006.9,100,28640.0,11.3,25.2,hamburg,2026-04-05T07:35:51.185186
2026-04-05T02:00,9.6,82,6.6,7.2,0,0.0,0.0,0.0,0.0,0.0,2,1009.0,1005.7,80,29820.0,10.5,24.5,hamburg,2026-04-05T07:35:51.185186
2026-04-05T03:00,11.1,74,6.6,8.3,0,0.0,0.0,0.0,0.0,0.0,3,1008.1,1004.8,100,35420.0,13.4,27.0,hamburg,2026-04-05T07:35:51.185186
2026-04-05T04:00,11.4,72,6.5,8.7,0,0.0,0.0,0.0,0.0,0.0,3,1006.9,1003.6,100,36400.0,12.3,28.4,hamburg,2026-04-05T07:35:51.185186
2026-04-05T05:00,12.3,67,6.4,9.0,0,0.0,0.0,0.0,0.0,0.0,3,1006.2,1003.0,100,38520.0,16.5,35.6,hamburg,2026-04-05T07:35:51.185186
2026-04-05T06:00,13.5,63,6.6,9.6,0,0.0,0.0,0.0,0.0,0.0,3,1006.0,1002.8,100,39440.0,21.0,46.4,hamburg,2026-04-05T07:35:51.185186
2026-04-05T07:00,13.7,62,6.5,9.5,0,0.0,0.0,0.0,0.0,0.0,3,1005.5,1002.3,100,39420.0,22.3,49.0,hamburg,2026-04-05T07:35:51.185186
2026-04-05T08:00,13.0,67,7.0,8.9,5,0.9,0.9,0.0,0.0,0.0,61,1006.8,1003.6,100,8940.0,22.9,59.4,hamburg,2026-04-05T07:35:51.185186
2026-04-05T09:00,12.3,54,3.2,7.0,13,0.2,0.2,0.0,0.0,0.0,61,1008.5,1005.2,100,40760.0,25.6,62.6,hamburg,2026-04-05T07:35:51.185186
2026-04-05T10:00,13.3,45,1.6,8.4,10,0.0,0.0,0.0,0.0,0.0,3,1009.6,1006.4,80,41880.0,20.6,53.3,hamburg,2026-04-05T07:35:51.185186
2026-04-05T11:00,13.9,40,0.5,8.6,3,0.0,0.0,0.0,0.0,0.0,3,1010.4,1007.2,79,42540.0,22.3,53.3,hamburg,2026-04-05T07:35:51.185186
2026-04-05T12:00,13.4,36,-1.4,7.9,0,0.0,0.0,0.0,0.0,0.0,3,1011.1,1007.9,100,43560.0,22.0,50.8,hamburg,2026-04-05T07:35:51.185186
2026-04-05T13:00,13.3,40,-0.0,8.1,5,0.0,0.0,0.0,0.0,0.0,3,1011.7,1008.4,100,42640.0,21.4,49.7,hamburg,2026-04-05T07:35:51.185186
2026-04-05T14:00,13.2,40,-0.1,8.0,5,0.0,0.0,0.0,0.0,0.0,2,1012.3,1009.0,64,42600.0,21.1,49.7,hamburg,2026-04-05T07:35:51.185186
2026-04-05T15:00,12.2,44,0.3,6.7,8,0.0,0.0,0.0,0.0,0.0,3,1013.2,1009.9,96,41960.0,23.1,54.0,hamburg,2026-04-05T07:35:51.185186
2026-04-05T16:00,11.1,50,1.0,6.3,18,0.0,0.0,0.0,0.0,0.0,3,1014.0,1010.7,100,41220.0,19.3,50.8,hamburg,2026-04-05T07:35:51.185186
2026-04-05T17:00,10.3,49,0.0,5.2,21,0.0,0.0,0.0,0.0,0.0,61,1014.4,1011.1,92,41340.0,20.5,44.3,hamburg,2026-04-05T07:35:51.185186
2026-04-05T18:00,9.2,58,1.4,4.8,23,0.0,0.0,0.0,0.0,0.0,61,1015.0,1011.7,62,40160.0,17.0,44.3,hamburg,2026-04-05T07:35:51.185186
2026-04-05T19:00,8.6,64,2.1,4.6,23,0.0,0.0,0.0,0.0,0.0,3,1015.4,1012.1,90,39100.0,14.8,37.8,hamburg,2026-04-05T07:35:51.185186
2026-04-05T20:00,8.0,62,1.1,3.8,33,0.0,0.0,0.0,0.0,0.0,3,1015.9,1012.6,90,39460.0,15.1,33.1,hamburg,2026-04-05T07:35:51.185186
2026-04-05T21:00,7.6,67,1.9,3.1,40,0.1,0.1,0.0,0.0,0.0,61,1016.4,1013.1,98,38140.0,18.7,46.1,hamburg,2026-04-05T07:35:51.185186
2026-04-05T22:00,7.1,72,2.4,2.9,33,0.0,0.0,0.0,0.0,0.0,1,1017.1,1013.8,44,36140.0,16.5,41.8,hamburg,2026-04-05T07:35:51.185186
2026-04-05T23:00,6.5,75,2.4,2.6,15,0.0,0.0,0.0,0.0,0.0,61,1018.1,1014.7,49,34460.0,15.3,43.2,hamburg,2026-04-05T07:35:51.185186
2026-04-05T00:00,8.5,82,5.6,6.6,0,0.0,0.0,0.0,0.0,0.0,3,1023.1,960.2,55,30460.0,5.8,11.9,munich,2026-04-05T07:35:53.564144
2026-04-05T01:00,8.4,79,5.0,6.4,0,0.0,0.0,0.0,0.0,0.0,1,1022.5,959.7,19,33060.0,5.8,12.6,munich,2026-04-05T07:35:53.564144
2026-04-05T02:00,8.0,79,4.6,6.0,0,0.0,0.0,0.0,0.0,0.0,3,1021.9,959.0,100,31640.0,5.0,12.6,munich,2026-04-05T07:35:53.564144
2026-04-05T03:00,7.6,82,4.7,5.6,0,0.0,0.0,0.0,0.0,0.0,2,1022.4,959.4,66,27780.0,5.2,10.1,munich,2026-04-05T07:35:53.564144
2026-04-05T04:00,7.4,83,4.7,5.4,0,0.0,0.0,0.0,0.0,0.0,3,1022.1,959.1,100,26240.0,4.9,11.2,munich,2026-04-05T07:35:53.564144
2026-04-05T05:00,7.4,81,4.4,5.4,0,0.0,0.0,0.0,0.0,0.0,3,1022.3,959.3,100,28540.0,4.9,10.1,munich,2026-04-05T07:35:53.564144
2026-04-05T06:00,8.5,75,4.4,6.3,0,0.0,0.0,0.0,0.0,0.0,2,1021.3,958.6,12,28240.0,5.9,11.5,munich,2026-04-05T07:35:53.564144
2026-04-05T07:00,10.3,71,5.3,8.2,0,0.0,0.0,0.0,0.0,0.0,3,1021.3,958.9,100,27460.0,6.6,14.4,munich,2026-04-05T07:35:53.564144
2026-04-05T08:00,13.3,62,6.2,11.2,0,0.0,0.0,0.0,0.0,0.0,3,1020.9,959.2,100,39740.0,7.8,17.6,munich,2026-04-05T07:35:53.564144
2026-04-05T09:00,16.5,52,6.6,14.3,0,0.0,0.0,0.0,0.0,0.0,1,1020.7,959.7,40,41080.0,9.7,22.7,munich,2026-04-05T07:35:53.564144
2026-04-05T10:00,18.9,42,5.7,16.2,0,0.0,0.0,0.0,0.0,0.0,0,1020.3,959.8,0,42640.0,15.0,34.2,munich,2026-04-05T07:35:53.564144
2026-04-05T11:00,20.4,39,6.0,17.8,0,0.0,0.0,0.0,0.0,0.0,0,1019.8,959.6,0,43300.0,17.8,40.3,munich,2026-04-05T07:35:53.564144
2026-04-05T12:00,21.0,38,6.2,18.4,0,0.0,0.0,0.0,0.0,0.0,0,1019.2,959.1,0,43640.0,18.7,42.5,munich,2026-04-05T07:35:53.564144
2026-04-05T13:00,21.3,38,6.4,18.2,0,0.0,0.0,0.0,0.0,0.0,0,1018.6,958.6,0,43500.0,20.7,46.8,munich,2026-04-05T07:35:53.564144
2026-04-05T14:00,21.3,38,6.4,17.8,0,0.0,0.0,0.0,0.0,0.0,1,1018.4,958.4,8,43720.0,20.3,46.8,munich,2026-04-05T07:35:53.564144
2026-04-05T15:00,20.8,38,5.9,17.2,0,0.0,0.0,0.0,0.0,0.0,3,1018.8,958.7,100,43620.0,17.7,46.4,munich,2026-04-05T07:35:53.564144
2026-04-05T16:00,19.9,43,6.9,17.0,0,0.0,0.0,0.0,0.0,0.0,3,1019.0,958.7,100,42440.0,14.4,38.2,munich,2026-04-05T07:35:53.564144
2026-04-05T17:00,18.7,48,7.5,16.1,0,0.0,0.0,0.0,0.0,0.0,3,1019.5,959.0,100,41760.0,13.3,32.4,munich,2026-04-05T07:35:53.564144
2026-04-05T18:00,16.4,49,5.6,13.3,8,0.3,0.3,0.0,0.0,0.0,61,1020.9,959.8,100,41560.0,14.0,36.4,munich,2026-04-05T07:35:53.564144
2026-04-05T19:00,14.5,64,7.8,12.0,15,0.1,0.1,0.0,0.0,0.0,61,1021.6,960.1,100,39280.0,13.8,41.4,munich,2026-04-05T07:35:53.564144
2026-04-05T20:00,13.6,70,8.3,11.4,25,0.0,0.0,0.0,0.0,0.0,3,1023.0,961.2,100,37520.0,12.3,29.2,munich,2026-04-05T07:35:53.564144
2026-04-05T21:00,12.7,73,8.0,11.2,5,0.0,0.0,0.0,0.0,0.0,3,1023.9,961.9,100,36000.0,7.2,23.8,munich,2026-04-05T07:35:53.564144
2026-04-05T22:00,12.2,73,7.5,10.3,8,0.0,0.0,0.0,0.0,0.0,80,1024.5,962.3,100,35840.0,8.2,23.0,munich,2026-04-05T07:35:53.564144
2026-04-05T23:00,11.7,76,7.6,10.0,18,0.0,0.0,0.0,0.0,0.0,3,1024.9,962.6,96,34320.0,7.6,18.4,munich,2026-04-05T07:35:53.564144
2026-04-05T00:00,11.0,76,6.9,8.9,0,0.0,0.0,0.0,0.0,0.0,2,1020.5,990.6,63,31760.0,8.5,15.5,stuttgart,2026-04-05T07:35:55.942372
2026-04-05T01:00,10.8,77,6.9,8.7,0,0.0,0.0,0.0,0.0,0.0,0,1019.9,990.0,0,27380.0,8.9,19.4,stuttgart,2026-04-05T07:35:55.942372
2026-04-05T02:00,10.8,77,6.9,8.6,0,0.0,0.0,0.0,0.0,0.0,3,1020.1,990.2,83,26020.0,9.3,19.8,stuttgart,2026-04-05T07:35:55.942372
2026-04-05T03:00,11.2,75,7.0,8.4,0,0.0,0.0,0.0,0.0,0.0,1,1019.5,989.7,39,24880.0,13.7,28.8,stuttgart,2026-04-05T07:35:55.942372
2026-04-05T04:00,11.6,71,6.5,8.4,0,0.0,0.0,0.0,0.0,0.0,1,1019.0,989.2,14,25400.0,16.2,34.9,stuttgart,2026-04-05T07:35:55.942372
2026-04-05T05:00,11.8,69,6.3,8.4,0,0.0,0.0,0.0,0.0,0.0,3,1018.8,989.0,100,25620.0,16.9,36.4,stuttgart,2026-04-05T07:35:55.942372
2026-04-05T06:00,12.4,69,6.9,9.0,0,0.0,0.0,0.0,0.0,0.0,3,1018.2,988.5,100,24320.0,17.9,40.7,stuttgart,2026-04-05T07:35:55.942372
2026-04-05T07:00,13.7,63,6.8,10.2,0,0.0,0.0,0.0,0.0,0.0,3,1018.6,989.0,100,31220.0,18.3,40.7,stuttgart,2026-04-05T07:35:55.942372
2026-04-05T08:00,15.1,60,7.4,12.0,0,0.0,0.0,0.0,0.0,0.0,3,1018.7,989.3,100,39940.0,17.0,40.0,stuttgart,2026-04-05T07:35:55.942372
2026-04-05T09:00,17.6,55,8.5,14.9,0,0.0,0.0,0.0,0.0,0.0,3,1018.9,989.7,100,40700.0,15.8,38.9,stuttgart,2026-04-05T07:35:55.942372
2026-04-05T10:00,20.2,47,8.5,17.4,0,0.0,0.0,0.0,0.0,0.0,3,1018.5,989.6,100,41680.0,16.7,37.4,stuttgart,2026-04-05T07:35:55.942372
2026-04-05T11:00,21.2,41,7.4,18.3,0,0.0,0.0,0.0,0.0,0.0,3,1018.5,989.7,100,42640.0,19.2,43.6,stuttgart,2026-04-05T07:35:55.942372
2026-04-05T12:00,21.5,35,5.4,18.2,0,0.0,0.0,0.0,0.0,0.0,3,1018.3,989.5,100,44320.0,19.7,45.4,stuttgart,2026-04-05T07:35:55.942372
2026-04-05T13:00,21.6,27,1.8,17.4,0,0.0,0.0,0.0,0.0,0.0,3,1018.1,989.3,100,48940.0,18.0,44.3,stuttgart,2026-04-05T07:35:55.942372
2026-04-05T14:00,21.3,33,4.4,17.7,0,0.0,0.0,0.0,0.0,0.0,3,1018.3,989.5,97,45260.0,15.9,41.4,stuttgart,2026-04-05T07:35:55.942372
2026-04-05T15:00,19.8,45,7.5,16.8,3,0.0,0.0,0.0,0.0,0.0,3,1019.3,990.3,95,41980.0,15.8,42.1,stuttgart,2026-04-05T07:35:55.942372
2026-04-05T16:00,17.8,54,8.3,15.0,0,0.0,0.0,0.0,0.0,0.0,3,1020.5,991.3,94,40620.0,15.8,37.4,stuttgart,2026-04-05T07:35:55.942372
2026-04-05T17:00,16.6,55,7.5,13.8,0,0.0,0.0,0.0,0.0,0.0,3,1021.3,991.9,91,40620.0,14.8,35.3,stuttgart,2026-04-05T07:35:55.942372
2026-04-05T18:00,15.2,57,6.8,12.3,0,0.0,0.0,0.0,0.0,0.0,3,1022.3,992.8,98,40460.0,14.7,35.6,stuttgart,2026-04-05T07:35:55.942372
2026-04-05T19:00,14.2,61,6.8,11.8,0,0.0,0.0,0.0,0.0,0.0,3,1023.2,993.6,97,39760.0,10.6,32.0,stuttgart,2026-04-05T07:35:55.942372
2026-04-05T20:00,13.3,65,6.8,10.9,0,0.0,0.0,0.0,0.0,0.0,3,1023.6,993.8,100,38900.0,10.8,23.8,stuttgart,2026-04-05T07:35:55.942372
2026-04-05T21:00,12.5,68,6.7,10.1,3,0.0,0.0,0.0,0.0,0.0,2,1024.2,994.3,35,38140.0,10.5,26.6,stuttgart,2026-04-05T07:35:55.942372
2026-04-05T22:00,11.8,73,7.1,9.8,5,0.0,0.0,0.0,0.0,0.0,2,1025.1,995.2,68,35960.0,8.8,22.7,stuttgart,2026-04-05T07:35:55.942372
2026-04-05T23:00,11.7,70,6.4,9.6,0,0.0,0.0,0.0,0.0,0.0,3,1025.7,995.7,91,37520.0,8.0,19.1,stuttgart,2026-04-05T07:35:55.942372
2026-04-05T00:00,26.6,92,25.2,33.1,0,0.0,0.0,0.0,0.0,0.0,2,1013.0,1011.3,53,24140.0,2.8,5.8,accra,2026-04-05T07:37:13.634917
2026-04-05T01:00,26.4,93,25.2,32.9,0,0.0,0.0,0.0,0.0,0.0,2,1012.5,1010.8,55,24140.0,2.7,4.3,accra,2026-04-05T07:37:13.634917
2026-04-05T02:00,26.2,94,25.1,32.5,0,0.0,0.0,0.0,0.0,0.0,2,1011.9,1010.2,61,24140.0,3.3,5.4,accra,2026-04-05T07:37:13.634917
2026-04-05T03:00,26.0,95,25.2,32.4,0,0.0,0.0,0.0,0.0,0.0,2,1011.4,1009.7,68,24140.0,3.0,5.4,accra,2026-04-05T07:37:13.634917
2026-04-05T04:00,25.9,95,25.0,32.2,0,0.0,0.0,0.0,0.0,0.0,2,1011.3,1009.6,63,24140.0,2.9,5.0,accra,2026-04-05T07:37:13.634917
2026-04-05T05:00,25.8,95,24.9,32.0,0,0.0,0.0,0.0,0.0,0.0,2,1011.4,1009.7,69,24140.0,3.1,5.0,accra,2026-04-05T07:37:13.634917
2026-04-05T06:00,25.7,95,24.8,31.8,0,0.0,0.0,0.0,0.0,0.0,2,1011.9,1010.2,64,24140.0,3.3,5.4,accra,2026-04-05T07:37:13.634917
2026-04-05T07:00,26.2,91,24.6,32.1,0,0.0,0.0,0.0,0.0,0.0,2,1012.4,1010.7,54,24140.0,3.6,6.5,accra,2026-04-05T07:37:13.634917
2026-04-05T08:00,27.5,84,24.6,33.3,0,0.0,0.0,0.0,0.0,0.0,2,1013.0,1011.3,44,24140.0,4.7,9.0,accra,2026-04-05T07:37:13.634917
2026-04-05T09:00,28.9,74,23.8,34.2,0,0.0,0.0,0.0,0.0,0.0,2,1013.3,1011.6,50,24140.0,5.2,10.8,accra,2026-04-05T07:37:13.634917
2026-04-05T10:00,30.4,68,23.8,36.7,0,0.0,0.0,0.0,0.0,0.0,2,1013.0,1011.3,45,24140.0,5.4,11.9,accra,2026-04-05T07:37:13.634917
2026-04-05T11:00,31.8,64,24.1,39.0,3,0.0,0.0,0.0,0.0,0.0,1,1012.2,1010.5,39,24140.0,6.8,14.8,accra,2026-04-05T07:37:13.634917
2026-04-05T12:00,32.7,61,24.2,39.6,3,0.0,0.0,0.0,0.0,0.0,2,1011.2,1009.5,45,24140.0,10.9,19.4,accra,2026-04-05T07:37:13.634917
2026-04-05T13:00,32.8,61,24.3,39.7,3,0.0,0.0,0.0,0.0,0.0,2,1010.2,1008.5,44,24140.0,11.6,21.2,accra,2026-04-05T07:37:13.634917
2026-04-05T14:00,32.6,62,24.4,38.7,5,0.0,0.0,0.0,0.0,0.0,1,1009.3,1007.6,39,24140.0,13.8,24.8,accra,2026-04-05T07:37:13.634917
2026-04-05T15:00,32.2,61,23.7,36.8,5,0.0,0.0,0.0,0.0,0.0,1,1008.6,1006.9,28,24140.0,16.1,28.8,accra,2026-04-05T07:37:13.634917
2026-04-05T16:00,31.3,64,23.7,34.8,0,0.0,0.0,0.0,0.0,0.0,0,1008.3,1006.6,5,24140.0,17.1,30.6,accra,2026-04-05T07:37:13.634917
2026-04-05T17:00,30.1,71,24.3,34.1,3,0.0,0.0,0.0,0.0,0.0,1,1008.3,1006.6,28,24140.0,16.0,30.6,accra,2026-04-05T07:37:13.634917
2026-04-05T18:00,29.0,75,24.1,33.1,5,0.0,0.0,0.0,0.0,0.0,1,1009.0,1007.3,28,24140.0,14.5,28.4,accra,2026-04-05T07:37:13.634917
2026-04-05T19:00,28.2,82,24.9,33.1,3,0.0,0.0,0.0,0.0,0.0,3,1009.9,1008.2,88,24140.0,11.8,25.2,accra,2026-04-05T07:37:13.634917
2026-04-05T20:00,27.9,83,24.8,33.2,3,0.0,0.0,0.0,0.0,0.0,3,1010.9,1009.2,100,24140.0,9.0,20.5,accra,2026-04-05T07:37:13.634917
2026-04-05T21:00,27.7,85,24.9,33.5,3,0.0,0.0,0.0,0.0,0.0,3,1011.6,1009.9,100,24140.0,6.2,15.1,accra,2026-04-05T07:37:13.634917
2026-04-05T22:00,27.5,87,25.2,33.5,0,0.0,0.0,0.0,0.0,0.0,3,1011.8,1010.1,94,24140.0,6.1,10.4,accra,2026-04-05T07:37:13.634917
2026-04-05T23:00,27.3,88,25.1,33.3,0,0.0,0.0,0.0,0.0,0.0,2,1011.8,1010.1,57,24140.0,5.4,10.4,accra,2026-04-05T07:37:13.634917
2026-04-05T00:00,11.8,82,8.9,10.9,0,0.0,0.0,0.0,0.0,0.0,2,1017.1,1006.0,40,30760.0,4.2,13.3,athens,2026-04-05T07:37:51.166666
2026-04-05T01:00,11.6,81,8.5,10.6,0,0.0,0.0,0.0,0.0,0.0,1,1017.3,1006.1,29,31180.0,4.1,13.0,athens,2026-04-05T07:37:51.166666
2026-04-05T02:00,11.6,81,8.4,10.6,0,0.0,0.0,0.0,0.0,0.0,1,1017.5,1006.3,25,31640.0,3.9,14.0,athens,2026-04-05T07:37:51.166666
2026-04-05T03:00,11.4,82,8.4,10.4,0,0.0,0.0,0.0,0.0,0.0,2,1018.4,1007.2,23,31100.0,3.9,13.3,athens,2026-04-05T07:37:51.166666
2026-04-05T04:00,11.4,82,8.4,10.4,0,0.0,0.0,0.0,0.0,0.0,1,1018.3,1007.1,27,31580.0,3.8,12.6,athens,2026-04-05T07:37:51.166666
2026-04-05T05:00,11.5,80,8.2,10.4,0,0.0,0.0,0.0,0.0,0.0,1,1019.2,1008.0,42,33180.0,4.4,14.0,athens,2026-04-05T07:37:51.166666
2026-04-05T06:00,13.0,78,9.3,12.4,0,0.0,0.0,0.0,0.0,0.0,3,1019.3,1008.2,92,33560.0,3.1,13.7,athens,2026-04-05T07:37:51.166666
2026-04-05T07:00,15.3,66,9.0,14.2,0,0.0,0.0,0.0,0.0,0.0,3,1019.9,1008.9,99,38200.0,5.9,17.6,athens,2026-04-05T07:37:51.166666
2026-04-05T08:00,17.1,55,8.0,15.0,0,0.0,0.0,0.0,0.0,0.0,3,1020.1,1009.1,92,40520.0,10.6,30.6,athens,2026-04-05T07:37:51.166666
2026-04-05T09:00,18.1,50,7.6,16.0,0,0.0,0.0,0.0,0.0,0.0,3,1020.2,1009.3,89,40960.0,14.5,41.0,athens,2026-04-05T07:37:51.166666
2026-04-05T10:00,18.4,50,7.8,16.2,0,0.0,0.0,0.0,0.0,0.0,2,1020.4,1009.5,59,40900.0,16.7,46.8,athens,2026-04-05T07:37:51.166666
2026-04-05T11:00,18.8,47,7.2,16.5,0,0.0,0.0,0.0,0.0,0.0,1,1020.4,1009.5,36,41320.0,16.4,46.4,athens,2026-04-05T07:37:51.166666
2026-04-05T12:00,18.7,48,7.5,16.2,0,0.0,0.0,0.0,0.0,0.0,1,1020.2,1009.3,41,41240.0,16.3,44.6,athens,2026-04-05T07:37:51.166666
2026-04-05T13:00,18.6,49,7.7,15.8,0,0.0,0.0,0.0,0.0,0.0,1,1020.2,1009.3,36,41140.0,16.3,45.0,athens,2026-04-05T07:37:51.166666
2026-04-05T14:00,18.5,47,7.0,15.6,0,0.0,0.0,0.0,0.0,0.0,1,1019.6,1008.7,26,41400.0,15.3,45.4,athens,2026-04-05T07:37:51.166666
2026-04-05T15:00,18.2,48,7.0,15.6,0,0.0,0.0,0.0,0.0,0.0,1,1020.0,1009.1,27,41420.0,12.8,41.4,athens,2026-04-05T07:37:51.166666
2026-04-05T16:00,17.4,50,6.9,15.1,0,0.0,0.0,0.0,0.0,0.0,0,1020.4,1009.4,1,41320.0,10.0,34.9,athens,2026-04-05T07:37:51.166666
2026-04-05T17:00,16.1,56,7.4,14.7,0,0.0,0.0,0.0,0.0,0.0,0,1021.2,1010.2,0,40700.0,5.1,24.8,athens,2026-04-05T07:37:51.166666
2026-04-05T18:00,14.9,61,7.5,13.7,0,0.0,0.0,0.0,0.0,0.0,0,1021.8,1010.7,0,40100.0,4.2,13.7,athens,2026-04-05T07:37:51.166666
2026-04-05T19:00,14.0,65,7.5,12.7,0,0.0,0.0,0.0,0.0,0.0,0,1022.0,1010.9,0,39280.0,4.7,8.3,athens,2026-04-05T07:37:51.166666
2026-04-05T20:00,13.0,66,6.8,11.5,0,0.0,0.0,0.0,0.0,0.0,0,1021.9,1010.8,0,38800.0,5.2,11.9,athens,2026-04-05T07:37:51.166666
2026-04-05T21:00,12.3,65,5.9,10.5,0,0.0,0.0,0.0,0.0,0.0,0,1022.1,1010.9,0,39340.0,5.4,14.0,athens,2026-04-05T07:37:51.166666
2026-04-05T22:00,11.7,64,5.2,9.8,0,0.0,0.0,0.0,0.0,0.0,0,1022.3,1011.1,0,39460.0,5.4,14.0,athens,2026-04-05T07:37:51.166666
2026-04-05T23:00,11.4,64,4.8,9.3,0,0.0,0.0,0.0,0.0,0.0,0,1022.3,1011.1,0,39120.0,5.5,14.0,athens,2026-04-05T07:37:51.166666
2026-04-05T00:00,11.0,91,9.6,10.3,3,0.0,0.0,0.0,0.0,0.0,1,1019.5,1018.6,43,25220.0,4.2,16.6,thessaloniki,2026-04-05T07:37:53.545633
2026-04-05T01:00,10.6,86,8.3,9.5,3,0.0,0.0,0.0,0.0,0.0,1,1019.9,1019.0,31,26920.0,4.6,18.0,thessaloniki,2026-04-05T07:37:53.545633
2026-04-05T02:00,10.4,82,7.5,9.0,0,0.0,0.0,0.0,0.0,0.0,1,1020.0,1019.1,32,31600.0,5.1,19.4,thessaloniki,2026-04-05T07:37:53.545633
2026-04-05T03:00,9.8,87,7.7,8.4,0,0.0,0.0,0.0,0.0,0.0,1,1021.1,1020.2,14,25360.0,5.4,19.8,thessaloniki,2026-04-05T07:37:53.545633
2026-04-05T04:00,9.5,88,7.6,8.0,0,0.0,0.0,0.0,0.0,0.0,1,1020.9,1020.0,26,24800.0,5.6,20.2,thessaloniki,2026-04-05T07:37:53.545633
2026-04-05T05:00,9.8,87,7.7,8.3,0,0.0,0.0,0.0,0.0,0.0,1,1022.0,1021.1,6,26320.0,6.4,21.2,thessaloniki,2026-04-05T07:37:53.545633
2026-04-05T06:00,12.1,80,8.7,10.9,0,0.0,0.0,0.0,0.0,0.0,0,1021.8,1020.9,0,32340.0,5.6,22.0,thessaloniki,2026-04-05T07:37:53.545633
2026-04-05T07:00,15.2,57,6.7,13.2,0,0.0,0.0,0.0,0.0,0.0,0,1022.5,1021.7,0,40740.0,7.6,25.6,thessaloniki,2026-04-05T07:37:53.545633
2026-04-05T08:00,16.8,52,6.9,14.9,0,0.0,0.0,0.0,0.0,0.0,1,1022.6,1021.8,11,41100.0,8.4,25.9,thessaloniki,2026-04-05T07:37:53.545633
2026-04-05T09:00,18.2,50,7.6,17.3,0,0.0,0.0,0.0,0.0,0.0,0,1022.8,1022.0,0,41220.0,8.9,24.1,thessaloniki,2026-04-05T07:37:53.545633
2026-04-05T10:00,19.4,47,7.8,19.4,0,0.0,0.0,0.0,0.0,0.0,2,1022.7,1021.9,20,41520.0,8.0,23.4,thessaloniki,2026-04-05T07:37:53.545633
2026-04-05T11:00,20.1,42,6.8,19.7,0,0.0,0.0,0.0,0.0,0.0,3,1022.3,1021.5,93,42680.0,5.2,21.2,thessaloniki,2026-04-05T07:37:53.545633
2026-04-05T12:00,20.5,38,5.7,19.5,0,0.0,0.0,0.0,0.0,0.0,3,1021.8,1021.0,89,43960.0,2.4,11.2,thessaloniki,2026-04-05T07:37:53.545633
2026-04-05T13:00,20.3,39,5.9,18.2,0,0.0,0.0,0.0,0.0,0.0,3,1021.6,1020.8,80,43680.0,7.7,20.5,thessaloniki,2026-04-05T07:37:53.545633
2026-04-05T14:00,20.0,40,6.0,17.6,0,0.0,0.0,0.0,0.0,0.0,2,1021.0,1020.2,45,43280.0,9.7,25.9,thessaloniki,2026-04-05T07:37:53.545633
2026-04-05T15:00,19.3,42,6.1,16.9,0,0.0,0.0,0.0,0.0,0.0,0,1021.2,1020.4,12,42880.0,9.8,25.2,thessaloniki,2026-04-05T07:37:53.545633
2026-04-05T16:00,18.3,47,6.8,16.3,0,0.0,0.0,0.0,0.0,0.0,0,1021.3,1020.5,0,42060.0,7.7,24.8,thessaloniki,2026-04-05T07:37:53.545633
2026-04-05T17:00,16.7,53,7.1,15.2,0,0.0,0.0,0.0,0.0,0.0,0,1022.1,1021.3,0,41420.0,5.6,22.3,thessaloniki,2026-04-05T07:37:53.545633
2026-04-05T18:00,15.3,62,8.1,14.2,0,0.0,0.0,0.0,0.0,0.0,1,1022.5,1021.7,9,40000.0,4.3,18.7,thessaloniki,2026-04-05T07:37:53.545633
2026-04-05T19:00,14.4,65,7.9,13.2,0,0.0,0.0,0.0,0.0,0.0,0,1022.6,1021.8,0,39460.0,4.5,19.1,thessaloniki,2026-04-05T07:37:53.545633
2026-04-05T20:00,13.6,61,6.2,12.0,0,0.0,0.0,0.0,0.0,0.0,0,1022.4,1021.5,2,40300.0,4.4,17.6,thessaloniki,2026-04-05T07:37:53.545633
2026-04-05T21:00,13.0,59,5.2,11.1,0,0.0,0.0,0.0,0.0,0.0,1,1022.7,1021.8,16,40740.0,4.7,16.9,thessaloniki,2026-04-05T07:37:53.545633
2026-04-05T22:00,12.1,63,5.3,10.2,0,0.0,0.0,0.0,0.0,0.0,1,1023.1,1022.2,39,40580.0,5.4,15.5,thessaloniki,2026-04-05T07:37:53.545633
2026-04-05T23:00,11.4,69,5.9,9.6,0,0.0,0.0,0.0,0.0,0.0,2,1023.3,1022.4,45,39420.0,5.8,15.1,thessaloniki,2026-04-05T07:37:53.545633
2026-04-05T00:00,12.3,72,7.4,9.2,0,0.0,0.0,0.0,0.0,0.0,0,1021.5,1007.8,0,14140.0,16.9,31.0,budapest,2026-04-05T07:37:55.923822
2026-04-05T01:00,12.2,73,7.5,9.6,0,0.0,0.0,0.0,0.0,0.0,0,1021.7,1008.0,8,50000.0,13.3,32.8,budapest,2026-04-05T07:37:55.923822
2026-04-05T02:00,12.2,74,7.7,10.0,0,0.0,0.0,0.0,0.0,0.0,1,1022.0,1008.3,39,13380.0,11.2,25.6,budapest,2026-04-05T07:37:55.923822
2026-04-05T03:00,11.7,76,7.6,9.8,0,0.0,0.0,0.0,0.0,0.0,0,1022.5,1008.8,0,12620.0,8.6,14.8,budapest,2026-04-05T07:37:55.923822
2026-04-05T04:00,11.2,76,7.2,9.8,0,0.0,0.0,0.0,0.0,0.0,0,1022.2,1008.4,0,12400.0,5.0,14.8,budapest,2026-04-05T07:37:55.923822
2026-04-05T05:00,11.5,74,7.1,10.3,0,0.0,0.0,0.0,0.0,0.0,0,1022.5,1008.7,0,13240.0,3.2,7.9,budapest,2026-04-05T07:37:55.923822
2026-04-05T06:00,13.1,66,6.9,11.7,0,0.0,0.0,0.0,0.0,0.0,0,1022.9,1009.2,1,50000.0,4.7,10.1,budapest,2026-04-05T07:37:55.923822
2026-04-05T07:00,14.6,59,6.7,13.2,0,0.0,0.0,0.0,0.0,0.0,2,1023.2,1009.6,71,19300.0,4.0,11.9,budapest,2026-04-05T07:37:55.923822
2026-04-05T08:00,15.9,55,6.9,14.8,0,0.0,0.0,0.0,0.0,0.0,3,1023.4,1009.8,100,50000.0,2.5,11.2,budapest,2026-04-05T07:37:55.923822
2026-04-05T09:00,17.4,51,7.2,16.3,0,0.0,0.0,0.0,0.0,0.0,1,1023.4,1009.9,29,50000.0,3.6,16.2,budapest,2026-04-05T07:37:55.923822
2026-04-05T10:00,18.8,48,7.6,18.0,0,0.0,0.0,0.0,0.0,0.0,0,1023.0,1009.6,0,50000.0,7.9,20.9,budapest,2026-04-05T07:37:55.923822
2026-04-05T11:00,19.7,47,8.1,19.2,0,0.0,0.0,0.0,0.0,0.0,0,1022.8,1009.4,1,50000.0,8.3,21.6,budapest,2026-04-05T07:37:55.923822
2026-04-05T12:00,20.5,46,8.5,19.9,0,0.0,0.0,0.0,0.0,0.0,0,1022.3,1009.0,2,50000.0,8.6,23.0,budapest,2026-04-05T07:37:55.923822
2026-04-05T13:00,21.1,44,8.4,20.2,0,0.0,0.0,0.0,0.0,0.0,0,1021.6,1008.3,1,25940.0,8.6,22.7,budapest,2026-04-05T07:37:55.923822
2026-04-05T14:00,21.5,45,9.1,20.3,0,0.0,0.0,0.0,0.0,0.0,0,1021.1,1007.8,0,25560.0,6.8,22.0,budapest,2026-04-05T07:37:55.923822
2026-04-05T15:00,21.5,44,8.8,20.0,0,0.0,0.0,0.0,0.0,0.0,1,1020.7,1007.4,41,25960.0,8.3,19.8,budapest,2026-04-05T07:37:55.923822
2026-04-05T16:00,21.0,45,8.7,19.0,0,0.0,0.0,0.0,0.0,0.0,0,1020.6,1007.3,15,50000.0,11.9,23.8,budapest,2026-04-05T07:37:55.923822
2026-04-05T17:00,19.6,51,9.2,17.6,0,0.0,0.0,0.0,0.0,0.0,0,1020.3,1007.0,4,23000.0,13.0,26.3,budapest,2026-04-05T07:37:55.923822
2026-04-05T18:00,18.6,54,9.2,16.8,0,0.0,0.0,0.0,0.0,0.0,0,1020.3,1006.9,3,21700.0,10.8,24.5,budapest,2026-04-05T07:37:55.923822
2026-04-05T19:00,18.3,53,8.6,16.1,0,0.0,0.0,0.0,0.0,0.0,0,1020.5,1007.1,14,50000.0,12.6,23.0,budapest,2026-04-05T07:37:55.923822
2026-04-05T20:00,17.8,57,9.2,15.8,0,0.0,0.0,0.0,0.0,0.0,0,1020.4,1007.0,7,20380.0,12.6,23.0,budapest,2026-04-05T07:37:55.923822
2026-04-05T21:00,17.5,56,8.7,14.8,0,0.0,0.0,0.0,0.0,0.0,0,1020.4,1007.0,0,20740.0,16.2,30.6,budapest,2026-04-05T07:37:55.923822
2026-04-05T22:00,17.1,57,8.5,14.4,0,0.0,0.0,0.0,0.0,0.0,0,1020.3,1006.8,8,20060.0,15.8,31.3,budapest,2026-04-05T07:37:55.923822
2026-04-05T23:00,16.7,58,8.4,14.0,0,0.0,0.0,0.0,0.0,0.0,2,1020.1,1006.6,58,50000.0,16.2,30.2,budapest,2026-04-05T07:37:55.923822
2026-04-05T00:00,21.9,87,19.6,25.1,3,0.0,0.0,0.0,0.0,0.0,3,1011.1,909.9,100,24140.0,3.1,11.9,bangalore,2026-04-05T07:39:13.579672
2026-04-05T01:00,21.6,90,19.9,25.0,0,0.0,0.0,0.0,0.0,0.0,3,1012.2,910.8,100,24140.0,3.1,7.2,bangalore,2026-04-05T07:39:13.579672
2026-04-05T02:00,22.4,87,20.1,25.5,0,0.0,0.0,0.0,0.0,0.0,2,1013.3,912.0,59,24140.0,5.4,13.3,bangalore,2026-04-05T07:39:13.579672
2026-04-05T03:00,24.0,78,20.0,26.8,0,0.0,0.0,0.0,0.0,0.0,2,1014.1,913.3,48,24140.0,7.1,18.7,bangalore,2026-04-05T07:39:13.579672
2026-04-05T04:00,26.3,67,19.7,29.1,5,0.0,0.0,0.0,0.0,0.0,2,1014.1,914.0,80,24140.0,7.6,20.2,bangalore,2026-04-05T07:39:13.579672
2026-04-05T05:00,28.5,57,19.1,31.9,8,0.0,0.0,0.0,0.0,0.0,3,1013.3,914.0,100,24140.0,9.3,24.1,bangalore,2026-04-05T07:39:13.579672
2026-04-05T06:00,29.9,52,19.0,33.4,35,0.0,0.0,0.0,0.0,0.0,3,1012.5,913.7,100,24140.0,10.6,27.4,bangalore,2026-04-05T07:39:13.579672
2026-04-05T07:00,30.3,50,18.8,32.9,20,0.0,0.0,0.0,0.0,0.0,2,1010.9,912.4,76,24140.0,11.0,28.8,bangalore,2026-04-05T07:39:13.579672
2026-04-05T08:00,30.9,47,18.3,32.6,5,0.0,0.0,0.0,0.0,0.0,2,1009.5,911.3,70,24140.0,12.1,29.9,bangalore,2026-04-05T07:39:13.579672
2026-04-05T09:00,30.3,48,18.1,31.4,3,0.0,0.0,0.0,0.0,0.0,3,1008.6,910.3,100,24140.0,12.8,32.4,bangalore,2026-04-05T07:39:13.579672
2026-04-05T10:00,31.0,43,16.9,32.1,0,0.0,0.0,0.0,0.0,0.0,3,1007.5,909.5,88,24140.0,10.0,31.0,bangalore,2026-04-05T07:39:13.579672
2026-04-05T11:00,31.3,40,16.1,32.2,0,0.0,0.0,0.0,0.0,0.0,2,1007.3,909.4,65,24140.0,8.3,24.8,bangalore,2026-04-05T07:39:13.579672
2026-04-05T12:00,30.8,41,16.1,31.8,0,0.0,0.0,0.0,0.0,0.0,2,1007.9,909.8,71,24140.0,7.4,21.2,bangalore,2026-04-05T07:39:13.579672
2026-04-05T13:00,29.9,43,16.0,31.0,5,0.0,0.0,0.0,0.0,0.0,2,1008.6,910.2,69,24140.0,6.6,18.4,bangalore,2026-04-05T07:39:13.579672
2026-04-05T14:00,28.6,48,16.5,30.2,8,0.0,0.0,0.0,0.0,0.0,3,1009.7,910.8,100,24140.0,4.7,14.8,bangalore,2026-04-05T07:39:13.579672
2026-04-05T15:00,27.7,51,16.7,29.5,8,0.0,0.0,0.0,0.0,0.0,3,1010.6,911.3,100,24140.0,4.1,11.2,bangalore,2026-04-05T07:39:13.579672
2026-04-05T16:00,26.5,56,17.0,28.3,13,0.0,0.0,0.0,0.0,0.0,3,1011.7,911.9,100,24140.0,4.7,10.8,bangalore,2026-04-05T07:39:13.579672
2026-04-05T17:00,25.0,67,18.5,27.0,13,0.0,0.0,0.0,0.0,0.0,1,1012.6,912.3,20,24140.0,8.3,18.4,bangalore,2026-04-05T07:39:13.579672
2026-04-05T18:00,23.9,75,19.2,26.3,8,0.0,0.0,0.0,0.0,0.0,2,1012.7,912.0,51,24140.0,7.4,19.1,bangalore,2026-04-05T07:39:13.579672
2026-04-05T19:00,23.4,78,19.3,25.9,0,0.0,0.0,0.0,0.0,0.0,1,1012.0,911.2,38,24140.0,7.0,16.9,bangalore,2026-04-05T07:39:13.579672
2026-04-05T20:00,23.0,80,19.4,25.6,0,0.0,0.0,0.0,0.0,0.0,1,1011.4,910.5,29,24140.0,6.6,15.8,bangalore,2026-04-05T07:39:13.579672
2026-04-05T21:00,22.6,83,19.6,25.4,0,0.0,0.0,0.0,0.0,0.0,1,1011.1,910.1,24,24140.0,6.1,15.1,bangalore,2026-04-05T07:39:13.579672
2026-04-05T22:00,22.2,86,19.7,25.1,0,0.0,0.0,0.0,0.0,0.0,1,1011.1,910.0,26,24140.0,5.8,14.0,bangalore,2026-04-05T07:39:13.579672
2026-04-05T23:00,21.8,88,19.8,24.9,0,0.0,0.0,0.0,0.0,0.0,1,1011.2,910.0,26,24140.0,4.3,13.3,bangalore,2026-04-05T07:39:13.579672
2026-04-05T00:00,27.9,85,25.1,34.0,0,0.0,0.0,0.0,0.0,0.0,3,1007.3,1006.4,100,24140.0,4.8,15.8,chennai,2026-04-05T07:39:15.959757
2026-04-05T01:00,27.7,85,24.9,33.8,0,0.0,0.0,0.0,0.0,0.0,3,1008.4,1007.5,100,24140.0,4.2,13.0,chennai,2026-04-05T07:39:15.959757
2026-04-05T02:00,28.5,80,24.7,34.2,0,0.0,0.0,0.0,0.0,0.0,1,1009.4,1008.5,42,24140.0,5.8,16.6,chennai,2026-04-05T07:39:15.959757
2026-04-05T03:00,30.2,72,24.6,35.7,0,0.0,0.0,0.0,0.0,0.0,3,1010.3,1009.4,100,24140.0,7.3,21.6,chennai,2026-04-05T07:39:15.959757
2026-04-05T04:00,32.2,64,24.5,37.6,0,0.0,0.0,0.0,0.0,0.0,2,1010.4,1009.5,79,24140.0,7.7,23.4,chennai,2026-04-05T07:39:15.959757
2026-04-05T05:00,34.0,57,24.3,40.5,0,0.1,0.0,0.1,0.0,0.0,2,1010.0,1009.1,77,24140.0,6.5,24.1,chennai,2026-04-05T07:39:15.959757
2026-04-05T06:00,36.2,47,23.1,43.5,5,0.0,0.0,0.0,0.0,0.0,2,1009.1,1008.2,79,24140.0,3.5,20.2,chennai,2026-04-05T07:39:15.959757
2026-04-05T07:00,37.0,41,21.6,43.5,13,0.0,0.0,0.0,0.0,0.0,2,1007.9,1007.0,75,24140.0,0.8,14.0,chennai,2026-04-05T07:39:15.959757
2026-04-05T08:00,37.3,42,22.3,43.1,15,0.0,0.0,0.0,0.0,0.0,3,1006.6,1005.7,100,24140.0,6.2,21.6,chennai,2026-04-05T07:39:15.959757
2026-04-05T09:00,35.8,50,23.8,41.6,28,0.2,0.0,0.2,0.0,0.0,80,1005.9,1005.0,100,24140.0,8.1,31.7,chennai,2026-04-05T07:39:15.959757
2026-04-05T10:00,33.6,61,25.0,39.4,70,0.7,0.0,0.7,0.0,0.0,80,1005.5,1004.6,100,24140.0,6.2,28.8,chennai,2026-04-05T07:39:15.959757
2026-04-05T11:00,33.0,66,25.8,39.0,55,0.0,0.0,0.0,0.0,0.0,3,1005.4,1004.5,100,24140.0,8.4,23.8,chennai,2026-04-05T07:39:15.959757
2026-04-05T12:00,31.6,70,25.5,37.4,15,0.0,0.0,0.0,0.0,0.0,3,1006.2,1005.3,100,24140.0,8.7,25.9,chennai,2026-04-05T07:39:15.959757
2026-04-05T13:00,30.5,73,25.1,36.2,0,0.0,0.0,0.0,0.0,0.0,3,1006.7,1005.8,100,24140.0,7.7,24.1,chennai,2026-04-05T07:39:15.959757
2026-04-05T14:00,29.7,79,25.7,35.7,3,0.0,0.0,0.0,0.0,0.0,3,1007.4,1006.5,100,24140.0,7.9,21.2,chennai,2026-04-05T07:39:15.959757
2026-04-05T15:00,29.3,82,25.9,35.5,3,0.0,0.0,0.0,0.0,0.0,3,1008.0,1007.1,100,24140.0,7.5,20.5,chennai,2026-04-05T07:39:15.959757
2026-04-05T16:00,29.1,82,25.8,35.4,3,0.0,0.0,0.0,0.0,0.0,3,1008.8,1007.9,100,24140.0,6.8,19.8,chennai,2026-04-05T07:39:15.959757
2026-04-05T17:00,29.0,84,26.0,35.6,5,0.0,0.0,0.0,0.0,0.0,3,1009.3,1008.4,100,24140.0,5.8,17.6,chennai,2026-04-05T07:39:15.959757
2026-04-05T18:00,28.8,86,26.2,35.4,3,0.0,0.0,0.0,0.0,0.0,3,1009.1,1008.2,100,24140.0,6.5,17.3,chennai,2026-04-05T07:39:15.959757
2026-04-05T19:00,28.7,86,26.2,35.4,8,0.0,0.0,0.0,0.0,0.0,3,1008.5,1007.6,100,24140.0,6.2,17.3,chennai,2026-04-05T07:39:15.959757
2026-04-05T20:00,28.6,87,26.3,35.4,8,0.0,0.0,0.0,0.0,0.0,3,1008.0,1007.1,100,24140.0,5.8,15.8,chennai,2026-04-05T07:39:15.959757
2026-04-05T21:00,28.6,87,26.2,35.7,13,0.0,0.0,0.0,0.0,0.0,3,1007.6,1006.7,89,24140.0,3.3,15.5,chennai,2026-04-05T07:39:15.959757
2026-04-05T22:00,27.7,87,25.4,34.0,20,0.3,0.0,0.3,0.0,0.0,80,1007.7,1006.8,100,24140.0,5.0,17.6,chennai,2026-04-05T07:39:15.959757
2026-04-05T23:00,27.7,86,25.1,33.8,25,0.0,0.0,0.0,0.0,0.0,3,1007.8,1006.9,100,24140.0,4.8,15.1,chennai,2026-04-05T07:39:15.959757
2026-04-05T00:00,26.8,94,25.7,33.4,15,0.0,0.0,0.0,0.0,0.0,3,1005.6,1004.3,81,24140.0,4.0,9.7,kolkata,2026-04-05T07:39:18.336348
2026-04-05T01:00,27.3,93,26.1,34.1,5,0.0,0.0,0.0,0.0,0.0,3,1006.5,1005.2,98,24140.0,4.7,10.1,kolkata,2026-04-05T07:39:18.336348
2026-04-05T02:00,28.4,89,26.4,35.2,28,0.0,0.0,0.0,0.0,0.0,3,1008.1,1006.8,82,24140.0,6.3,14.4,kolkata,2026-04-05T07:39:18.336348
2026-04-05T03:00,29.3,81,25.7,35.7,28,0.1,0.0,0.1,0.0,0.0,1,1008.9,1007.6,38,24140.0,5.4,22.3,kolkata,2026-04-05T07:39:18.336348
2026-04-05T04:00,31.4,68,24.8,37.0,5,0.0,0.0,0.0,0.0,0.0,3,1008.8,1007.6,100,19220.0,11.5,26.6,kolkata,2026-04-05T07:39:18.336348
2026-04-05T05:00,32.9,50,21.1,36.7,5,0.0,0.0,0.0,0.0,0.0,1,1008.6,1007.4,27,22940.0,12.2,29.2,kolkata,2026-04-05T07:39:18.336348
2026-04-05T06:00,33.5,47,20.6,37.9,3,0.0,0.0,0.0,0.0,0.0,3,1007.6,1006.4,88,24140.0,10.8,28.4,kolkata,2026-04-05T07:39:18.336348
2026-04-05T07:00,34.2,44,20.2,39.2,5,0.0,0.0,0.0,0.0,0.0,2,1006.4,1005.2,53,24140.0,8.4,25.6,kolkata,2026-04-05T07:39:18.336348
2026-04-05T08:00,34.4,44,20.4,39.2,3,0.0,0.0,0.0,0.0,0.0,2,1005.1,1003.9,52,24140.0,6.9,20.9,kolkata,2026-04-05T07:39:18.336348
2026-04-05T09:00,34.3,44,20.3,38.7,0,0.0,0.0,0.0,0.0,0.0,3,1004.5,1003.3,100,24140.0,3.3,17.3,kolkata,2026-04-05T07:39:18.336348
2026-04-05T10:00,33.5,46,20.3,36.8,0,0.0,0.0,0.0,0.0,0.0,3,1004.3,1003.1,100,24140.0,4.5,10.8,kolkata,2026-04-05T07:39:18.336348
2026-04-05T11:00,32.8,52,21.6,36.8,0,0.0,0.0,0.0,0.0,0.0,3,1004.3,1003.1,100,24140.0,4.7,11.2,kolkata,2026-04-05T07:39:18.336348
2026-04-05T12:00,31.2,61,22.8,35.9,0,0.0,0.0,0.0,0.0,0.0,3,1004.8,1003.6,100,24140.0,4.4,10.4,kolkata,2026-04-05T07:39:18.336348
2026-04-05T13:00,30.0,65,22.8,34.9,0,0.0,0.0,0.0,0.0,0.0,3,1005.3,1004.1,100,24140.0,3.4,9.0,kolkata,2026-04-05T07:39:18.336348
2026-04-05T14:00,29.5,66,22.4,34.1,0,0.0,0.0,0.0,0.0,0.0,3,1006.0,1004.8,100,24140.0,3.4,6.8,kolkata,2026-04-05T07:39:18.336348
2026-04-05T15:00,28.2,70,22.3,32.4,0,0.0,0.0,0.0,0.0,0.0,3,1006.5,1005.2,100,24140.0,6.3,12.6,kolkata,2026-04-05T07:39:18.336348
2026-04-05T16:00,27.3,79,23.3,32.2,0,0.0,0.0,0.0,0.0,0.0,2,1007.3,1006.0,81,24140.0,5.5,13.0,kolkata,2026-04-05T07:39:18.336348
2026-04-05T17:00,26.8,83,23.7,31.9,0,0.0,0.0,0.0,0.0,0.0,3,1007.3,1006.0,100,24140.0,5.2,11.2,kolkata,2026-04-05T07:39:18.336348
2026-04-05T18:00,26.4,83,23.3,31.2,0,0.0,0.0,0.0,0.0,0.0,3,1006.8,1005.5,100,24140.0,5.6,11.9,kolkata,2026-04-05T07:39:18.336348
2026-04-05T19:00,26.0,82,22.7,30.4,0,0.0,0.0,0.0,0.0,0.0,3,1006.6,1005.3,100,24140.0,6.0,12.6,kolkata,2026-04-05T07:39:18.336348
2026-04-05T20:00,25.5,81,22.0,29.8,0,0.0,0.0,0.0,0.0,0.0,3,1006.0,1004.7,100,24140.0,5.0,13.0,kolkata,2026-04-05T07:39:18.336348
2026-04-05T21:00,25.0,81,21.6,29.0,0,0.0,0.0,0.0,0.0,0.0,1,1005.8,1004.5,35,24140.0,4.9,10.4,kolkata,2026-04-05T07:39:18.336348
2026-04-05T22:00,24.7,82,21.4,28.6,0,0.0,0.0,0.0,0.0,0.0,0,1005.8,1004.5,0,24140.0,4.9,10.4,kolkata,2026-04-05T07:39:18.336348
2026-04-05T23:00,24.5,85,21.8,28.6,0,0.0,0.0,0.0,0.0,0.0,0,1006.5,1005.2,0,24140.0,4.7,9.7,kolkata,2026-04-05T07:39:18.336348
2026-04-05T00:00,27.7,75,22.9,32.0,5,0.0,0.0,0.0,0.0,0.0,2,1010.1,1009.4,39,24140.0,8.1,14.4,mumbai,2026-04-05T07:40:36.020376
2026-04-05T01:00,27.6,75,22.8,31.8,8,0.0,0.0,0.0,0.0,0.0,1,1010.8,1010.1,42,24140.0,8.7,11.9,mumbai,2026-04-05T07:40:36.020376
2026-04-05T02:00,27.7,72,22.2,31.6,5,0.0,0.0,0.0,0.0,0.0,2,1011.3,1010.6,58,24140.0,8.4,11.9,mumbai,2026-04-05T07:40:36.020376
2026-04-05T03:00,27.8,70,21.9,31.5,5,0.0,0.0,0.0,0.0,0.0,2,1012.4,1011.7,62,24140.0,7.9,11.5,mumbai,2026-04-05T07:40:36.020376
2026-04-05T04:00,27.9,68,21.5,31.5,3,0.0,0.0,0.0,0.0,0.0,2,1012.7,1012.0,58,24140.0,7.6,10.8,mumbai,2026-04-05T07:40:36.020376
2026-04-05T05:00,28.0,68,21.5,31.8,0,0.0,0.0,0.0,0.0,0.0,2,1012.5,1011.8,57,24140.0,8.0,11.2,mumbai,2026-04-05T07:40:36.020376
2026-04-05T06:00,28.0,68,21.6,32.5,0,0.0,0.0,0.0,0.0,0.0,2,1012.2,1011.5,55,24140.0,9.5,13.0,mumbai,2026-04-05T07:40:36.020376
2026-04-05T07:00,28.0,67,21.3,32.7,0,0.0,0.0,0.0,0.0,0.0,2,1011.6,1010.9,55,24140.0,11.3,15.1,mumbai,2026-04-05T07:40:36.020376
2026-04-05T08:00,28.0,67,21.3,32.9,0,0.0,0.0,0.0,0.0,0.0,1,1010.7,1010.0,25,24140.0,11.8,15.8,mumbai,2026-04-05T07:40:36.020376
2026-04-05T09:00,27.8,67,21.2,32.4,0,0.0,0.0,0.0,0.0,0.0,1,1009.5,1008.8,16,24140.0,12.2,16.6,mumbai,2026-04-05T07:40:36.020376
2026-04-05T10:00,27.7,67,21.1,31.2,0,0.0,0.0,0.0,0.0,0.0,1,1008.9,1008.2,7,24140.0,14.7,19.8,mumbai,2026-04-05T07:40:36.020376
2026-04-05T11:00,27.7,66,20.8,30.2,0,0.0,0.0,0.0,0.0,0.0,1,1008.4,1007.7,8,24140.0,13.9,19.4,mumbai,2026-04-05T07:40:36.020376
2026-04-05T12:00,27.7,68,21.3,29.9,0,0.0,0.0,0.0,0.0,0.0,0,1009.0,1008.3,5,24140.0,16.0,21.2,mumbai,2026-04-05T07:40:36.020376
2026-04-05T13:00,27.7,67,21.0,29.5,0,0.0,0.0,0.0,0.0,0.0,1,1009.8,1009.1,29,24140.0,17.7,23.4,mumbai,2026-04-05T07:40:36.020376
2026-04-05T14:00,27.7,65,20.5,29.3,0,0.0,0.0,0.0,0.0,0.0,1,1010.6,1009.9,23,24140.0,16.9,23.8,mumbai,2026-04-05T07:40:36.020376
2026-04-05T15:00,27.7,65,20.5,29.9,0,0.0,0.0,0.0,0.0,0.0,1,1010.9,1010.2,20,24140.0,13.4,22.7,mumbai,2026-04-05T07:40:36.020376
2026-04-05T16:00,27.6,66,20.7,30.2,0,0.0,0.0,0.0,0.0,0.0,1,1011.2,1010.5,28,24140.0,11.5,18.4,mumbai,2026-04-05T07:40:36.020376
2026-04-05T17:00,27.5,67,20.9,30.4,0,0.0,0.0,0.0,0.0,0.0,1,1011.5,1010.8,39,24140.0,10.0,15.8,mumbai,2026-04-05T07:40:36.020376
2026-04-05T18:00,27.5,66,20.6,30.5,0,0.0,0.0,0.0,0.0,0.0,1,1010.9,1010.2,25,24140.0,7.6,13.7,mumbai,2026-04-05T07:40:36.020376
2026-04-05T19:00,27.5,64,20.1,30.3,0,0.0,0.0,0.0,0.0,0.0,1,1011.0,1010.3,43,24140.0,8.0,11.2,mumbai,2026-04-05T07:40:36.020376
2026-04-05T20:00,27.6,63,19.9,29.9,0,0.0,0.0,0.0,0.0,0.0,2,1011.0,1010.3,56,24140.0,10.5,14.8,mumbai,2026-04-05T07:40:36.020376
2026-04-05T21:00,27.5,63,19.9,30.0,0,0.0,0.0,0.0,0.0,0.0,2,1010.6,1009.9,55,24140.0,9.4,14.4,mumbai,2026-04-05T07:40:36.020376
2026-04-05T22:00,27.4,64,20.0,29.9,0,0.0,0.0,0.0,0.0,0.0,2,1010.4,1009.7,59,24140.0,9.8,13.7,mumbai,2026-04-05T07:40:36.020376
2026-04-05T23:00,27.4,64,20.0,30.0,0,0.0,0.0,0.0,0.0,0.0,2,1010.2,1009.5,61,24140.0,8.8,13.7,mumbai,2026-04-05T07:40:36.020376
2026-04-05T00:00,20.0,83,17.0,22.1,0,0.0,0.0,0.0,0.0,0.0,3,1008.5,983.7,81,24140.0,2.7,11.2,new_delhi,2026-04-05T07:40:38.397971
2026-04-05T01:00,19.8,85,17.2,21.8,5,0.0,0.0,0.0,0.0,0.0,2,1008.9,984.1,66,24140.0,3.2,7.9,new_delhi,2026-04-05T07:40:38.397971
2026-04-05T02:00,20.7,81,17.3,23.0,8,0.0,0.0,0.0,0.0,0.0,2,1008.8,984.1,48,24140.0,2.5,7.9,new_delhi,2026-04-05T07:40:38.397971
2026-04-05T03:00,22.9,69,16.9,24.8,0,0.0,0.0,0.0,0.0,0.0,1,1009.3,984.7,22,24140.0,3.4,11.5,new_delhi,2026-04-05T07:40:38.397971
2026-04-05T04:00,25.4,58,16.5,27.1,0,0.0,0.0,0.0,0.0,0.0,1,1009.8,985.4,44,24140.0,3.4,12.2,new_delhi,2026-04-05T07:40:38.397971
2026-04-05T05:00,27.4,49,15.8,29.4,0,0.0,0.0,0.0,0.0,0.0,1,1009.6,985.4,37,24140.0,5.4,16.9,new_delhi,2026-04-05T07:40:38.397971
2026-04-05T06:00,28.9,43,15.1,31.1,5,0.0,0.0,0.0,0.0,0.0,1,1008.9,984.8,30,24140.0,7.5,22.7,new_delhi,2026-04-05T07:40:38.397971
2026-04-05T07:00,29.8,38,13.9,31.3,20,0.0,0.0,0.0,0.0,0.0,2,1007.5,983.5,68,24140.0,7.6,23.8,new_delhi,2026-04-05T07:40:38.397971
2026-04-05T08:00,29.0,38,13.2,29.6,20,0.6,0.0,0.6,0.0,0.0,80,1006.7,982.7,100,24140.0,9.9,30.2,new_delhi,2026-04-05T07:40:38.397971
2026-04-05T09:00,29.0,37,12.8,28.8,38,0.1,0.0,0.1,0.0,0.0,3,1006.0,982.0,100,24140.0,10.1,29.9,new_delhi,2026-04-05T07:40:38.397971
2026-04-05T10:00,28.8,38,13.1,28.5,18,0.3,0.0,0.3,0.0,0.0,80,1005.3,981.3,83,24140.0,9.1,28.4,new_delhi,2026-04-05T07:40:38.397971
2026-04-05T11:00,29.1,35,12.1,29.0,13,0.0,0.0,0.1,0.0,0.0,0,1004.7,980.7,0,20400.0,5.2,26.3,new_delhi,2026-04-05T07:40:38.397971
2026-04-05T12:00,29.0,34,11.5,28.5,10,0.0,0.0,0.0,0.0,0.0,1,1005.0,981.0,16,24140.0,6.0,18.0,new_delhi,2026-04-05T07:40:38.397971
2026-04-05T13:00,28.2,34,10.9,27.4,10,0.0,0.0,0.0,0.0,0.0,3,1006.2,982.1,99,24140.0,7.7,19.4,new_delhi,2026-04-05T07:40:38.397971
2026-04-05T14:00,26.3,44,13.0,26.5,13,0.2,0.0,0.2,0.0,0.0,1,1007.3,983.1,38,24140.0,4.7,19.4,new_delhi,2026-04-05T07:40:38.397971
2026-04-05T15:00,25.2,50,14.0,25.9,5,0.0,0.0,0.0,0.0,0.0,2,1008.0,983.7,49,24140.0,3.6,11.2,new_delhi,2026-04-05T07:40:38.397971
2026-04-05T16:00,24.3,54,14.4,25.3,5,0.0,0.0,0.0,0.0,0.0,1,1008.5,984.1,29,24140.0,3.0,7.6,new_delhi,2026-04-05T07:40:38.397971
2026-04-05T17:00,23.9,55,14.3,24.9,8,0.0,0.0,0.0,0.0,0.0,1,1008.6,984.1,7,24140.0,2.3,5.8,new_delhi,2026-04-05T07:40:38.397971
2026-04-05T18:00,23.2,56,13.9,24.0,3,0.0,0.0,0.0,0.0,0.0,0,1008.6,984.1,0,24140.0,3.4,6.1,new_delhi,2026-04-05T07:40:38.397971
2026-04-05T19:00,22.2,60,14.1,23.1,3,0.0,0.0,0.0,0.0,0.0,0,1008.4,983.8,0,24140.0,2.9,7.2,new_delhi,2026-04-05T07:40:38.397971
2026-04-05T20:00,21.7,63,14.4,22.7,0,0.0,0.0,0.0,0.0,0.0,0,1008.5,983.9,0,24140.0,2.8,5.0,new_delhi,2026-04-05T07:40:38.397971
2026-04-05T21:00,20.8,67,14.4,21.8,0,0.0,0.0,0.0,0.0,0.0,0,1008.0,983.3,0,24140.0,2.5,6.1,new_delhi,2026-04-05T07:40:38.397971
2026-04-05T22:00,20.2,70,14.6,21.5,0,0.0,0.0,0.0,0.0,0.0,0,1007.8,983.1,0,24140.0,1.8,5.0,new_delhi,2026-04-05T07:40:38.397971
2026-04-05T23:00,20.4,67,14.1,21.3,0,0.0,0.0,0.0,0.0,0.0,0,1008.1,983.4,0,24140.0,3.1,3.6,new_delhi,2026-04-05T07:40:38.397971
2026-04-05T00:00,26.1,89,24.1,31.3,0,0.0,0.0,0.0,0.0,0.0,3,1009.5,1009.0,99,24140.0,6.7,16.6,jakarta,2026-04-05T07:41:56.072041
2026-04-05T01:00,27.4,81,23.8,32.2,5,0.0,0.0,0.0,0.0,0.0,3,1010.0,1009.5,100,24140.0,8.4,19.8,jakarta,2026-04-05T07:41:56.072041
2026-04-05T02:00,29.3,70,23.2,33.2,13,0.0,0.0,0.0,0.0,0.0,3,1010.2,1009.7,89,24140.0,11.9,28.1,jakarta,2026-04-05T07:41:56.072041
2026-04-05T03:00,30.6,64,23.0,34.9,23,0.0,0.0,0.0,0.0,0.0,3,1010.3,1009.8,83,24140.0,13.1,33.5,jakarta,2026-04-05T07:41:56.072041
2026-04-05T04:00,31.5,62,23.3,36.7,28,0.0,0.0,0.0,0.0,0.0,3,1009.8,1009.3,99,24140.0,12.2,34.6,jakarta,2026-04-05T07:41:56.072041
2026-04-05T05:00,31.5,64,23.8,37.0,33,0.2,0.0,0.2,0.0,0.0,3,1009.1,1008.6,100,24140.0,13.5,37.1,jakarta,2026-04-05T07:41:56.072041
2026-04-05T06:00,30.8,69,24.5,36.4,68,1.2,0.0,1.2,0.0,0.0,95,1008.2,1007.7,100,21520.0,12.9,37.1,jakarta,2026-04-05T07:41:56.072041
2026-04-05T07:00,30.4,70,24.3,35.2,70,1.2,0.0,1.2,0.0,0.0,95,1007.5,1007.0,100,6280.0,12.1,36.7,jakarta,2026-04-05T07:41:56.072041
2026-04-05T08:00,29.9,72,24.3,34.6,78,0.9,0.0,0.9,0.0,0.0,80,1007.6,1007.1,100,8420.0,10.8,33.8,jakarta,2026-04-05T07:41:56.072041
2026-04-05T09:00,29.4,74,24.3,34.3,78,0.0,0.0,0.0,0.0,0.0,3,1007.8,1007.3,100,7440.0,9.7,26.6,jakarta,2026-04-05T07:41:56.072041
2026-04-05T10:00,29.0,76,24.4,34.1,70,0.0,0.0,0.0,0.0,0.0,3,1008.6,1008.1,100,4460.0,8.6,23.0,jakarta,2026-04-05T07:41:56.072041
2026-04-05T11:00,28.6,77,24.2,33.9,73,0.0,0.0,0.0,0.0,0.0,3,1009.3,1008.8,100,7140.0,6.3,20.2,jakarta,2026-04-05T07:41:56.072041
2026-04-05T12:00,28.1,80,24.3,33.9,70,1.0,0.0,1.0,0.0,0.0,95,1010.3,1009.8,100,23060.0,3.3,19.1,jakarta,2026-04-05T07:41:56.072041
2026-04-05T13:00,27.8,82,24.5,33.9,60,0.8,0.0,0.8,0.0,0.0,80,1011.2,1010.7,100,21380.0,2.2,14.0,jakarta,2026-04-05T07:41:56.072041
2026-04-05T14:00,27.6,83,24.4,33.9,58,0.6,0.0,0.6,0.0,0.0,80,1011.7,1011.2,100,4840.0,0.4,11.9,jakarta,2026-04-05T07:41:56.072041
2026-04-05T15:00,27.0,85,24.3,33.0,33,1.2,0.0,1.2,0.0,0.0,95,1012.0,1011.5,100,20300.0,1.9,14.4,jakarta,2026-04-05T07:41:56.072041
2026-04-05T16:00,26.8,87,24.5,32.8,20,0.1,0.0,0.1,0.0,0.0,3,1011.8,1011.3,100,9160.0,3.1,6.5,jakarta,2026-04-05T07:41:56.072041
2026-04-05T17:00,26.6,89,24.7,32.6,10,0.0,0.0,0.0,0.0,0.0,3,1011.5,1011.0,100,20580.0,3.8,8.6,jakarta,2026-04-05T07:41:56.072041
2026-04-05T18:00,26.3,90,24.6,32.1,8,0.0,0.0,0.0,0.0,0.0,3,1010.5,1010.0,100,24140.0,4.9,11.2,jakarta,2026-04-05T07:41:56.072041
2026-04-05T19:00,26.0,92,24.6,31.8,3,0.0,0.0,0.0,0.0,0.0,3,1009.9,1009.4,99,24140.0,4.7,11.2,jakarta,2026-04-05T07:41:56.072041
2026-04-05T20:00,25.8,92,24.4,31.6,5,0.0,0.0,0.0,0.0,0.0,3,1009.6,1009.1,100,24140.0,4.2,10.1,jakarta,2026-04-05T07:41:56.072041
2026-04-05T21:00,25.7,93,24.5,31.5,10,0.0,0.0,0.0,0.0,0.0,3,1009.4,1008.9,100,24140.0,4.0,9.0,jakarta,2026-04-05T07:41:56.072041
2026-04-05T22:00,25.6,93,24.4,31.3,8,0.0,0.0,0.0,0.0,0.0,3,1009.9,1009.4,100,24140.0,4.0,9.0,jakarta,2026-04-05T07:41:56.072041
2026-04-05T23:00,25.4,93,24.2,31.2,10,0.0,0.0,0.0,0.0,0.0,3,1010.4,1009.9,100,24140.0,3.3,8.6,jakarta,2026-04-05T07:41:56.072041
2026-04-05T00:00,8.0,43,-3.8,4.3,0,0.0,0.0,0.0,0.0,0.0,0,1009.4,877.4,0,43100.0,7.0,22.3,tehran,2026-04-05T07:41:58.448517
2026-04-05T01:00,5.9,63,-0.6,3.0,0,0.0,0.0,0.0,0.0,0.0,0,1010.7,877.6,0,39520.0,4.3,17.6,tehran,2026-04-05T07:41:58.448517
2026-04-05T02:00,5.3,67,-0.3,2.4,0,0.0,0.0,0.0,0.0,0.0,0,1011.4,877.9,0,38400.0,5.2,11.5,tehran,2026-04-05T07:41:58.448517
2026-04-05T03:00,4.8,72,0.2,2.0,0,0.0,0.0,0.0,0.0,0.0,0,1012.3,878.5,0,35400.0,4.8,11.2,tehran,2026-04-05T07:41:58.448517
2026-04-05T04:00,7.4,67,1.7,5.1,0,0.0,0.0,0.0,0.0,0.0,0,1011.3,878.8,0,38140.0,3.3,10.8,tehran,2026-04-05T07:41:58.448517
2026-04-05T05:00,10.5,43,-1.5,7.4,0,0.0,0.0,0.0,0.0,0.0,0,1009.9,878.9,0,42220.0,5.5,17.3,tehran,2026-04-05T07:41:58.448517
2026-04-05T06:00,12.6,32,-3.6,8.5,0,0.0,0.0,0.0,0.0,0.0,0,1009.2,879.2,0,45360.0,13.7,33.5,tehran,2026-04-05T07:41:58.448517
2026-04-05T07:00,14.0,30,-3.3,10.0,0,0.0,0.0,0.0,0.0,0.0,0,1008.4,879.1,0,45780.0,18.4,43.9,tehran,2026-04-05T07:41:58.448517
2026-04-05T08:00,14.9,27,-3.9,11.0,0,0.0,0.0,0.0,0.0,0.0,0,1008.0,879.1,0,47280.0,20.9,50.0,tehran,2026-04-05T07:41:58.448517
2026-04-05T09:00,15.6,25,-4.4,11.6,0,0.0,0.0,0.0,0.0,0.0,0,1007.2,878.7,0,49000.0,21.8,52.6,tehran,2026-04-05T07:41:58.448517
2026-04-05T10:00,16.3,21,-6.1,12.0,0,0.0,0.0,0.0,0.0,0.0,0,1005.8,877.8,0,52340.0,20.9,52.2,tehran,2026-04-05T07:41:58.448517
2026-04-05T11:00,16.2,25,-3.8,11.1,0,0.0,0.0,0.0,0.0,0.0,0,1005.1,877.1,8,49080.0,22.9,54.4,tehran,2026-04-05T07:41:58.448517
2026-04-05T12:00,15.8,26,-3.7,10.4,0,0.0,0.0,0.0,0.0,0.0,0,1004.9,876.8,3,48280.0,22.0,54.4,tehran,2026-04-05T07:41:58.448517
2026-04-05T13:00,15.5,26,-3.9,9.8,0,0.0,0.0,0.0,0.0,0.0,0,1004.9,876.6,0,48760.0,21.2,51.8,tehran,2026-04-05T07:41:58.448517
2026-04-05T14:00,14.6,29,-3.3,9.1,0,0.0,0.0,0.0,0.0,0.0,0,1005.2,876.5,0,47420.0,19.6,49.7,tehran,2026-04-05T07:41:58.448517
2026-04-05T15:00,13.2,36,-1.6,8.1,0,0.0,0.0,0.0,0.0,0.0,1,1006.3,876.9,39,44540.0,18.6,45.7,tehran,2026-04-05T07:41:58.448517
2026-04-05T16:00,12.1,46,0.8,7.6,0,0.0,0.0,0.0,0.0,0.0,3,1007.1,877.1,100,41960.0,16.9,42.5,tehran,2026-04-05T07:41:58.448517
2026-04-05T17:00,11.5,49,1.1,7.5,0,0.0,0.0,0.0,0.0,0.0,3,1007.6,877.3,100,41640.0,14.1,38.9,tehran,2026-04-05T07:41:58.448517
2026-04-05T18:00,10.8,50,0.8,6.8,0,0.0,0.0,0.0,0.0,0.0,3,1007.9,877.3,100,41460.0,13.8,32.8,tehran,2026-04-05T07:41:58.448517
2026-04-05T19:00,10.1,53,1.0,6.3,0,0.0,0.0,0.0,0.0,0.0,0,1008.1,877.2,1,41140.0,13.0,33.1,tehran,2026-04-05T07:41:58.448517
2026-04-05T20:00,9.6,55,1.0,5.9,0,0.0,0.0,0.0,0.0,0.0,0,1008.3,877.1,2,40900.0,11.9,29.9,tehran,2026-04-05T07:41:58.448517
2026-04-05T21:00,8.9,60,1.5,5.7,0,0.0,0.0,0.0,0.0,0.0,0,1008.7,877.2,6,40300.0,8.7,27.7,tehran,2026-04-05T07:41:58.448517
2026-04-05T22:00,7.6,63,1.0,4.7,0,0.0,0.0,0.0,0.0,0.0,0,1009.2,877.0,32,39700.0,6.0,19.4,tehran,2026-04-05T07:41:58.448517
2026-04-05T23:00,7.1,69,1.8,4.6,0,0.0,0.0,0.0,0.0,0.0,2,1009.6,877.2,84,38240.0,5.2,8.6,tehran,2026-04-05T07:41:58.448517
2026-04-05T00:00,13.2,72,8.2,12.2,0,0.0,0.0,0.0,0.0,0.0,0,1014.1,1009.9,0,37740.0,3.7,6.5,baghdad,2026-04-05T07:42:00.826761
2026-04-05T01:00,13.0,73,8.2,12.0,0,0.0,0.0,0.0,0.0,0.0,2,1014.1,1009.9,44,37280.0,3.7,6.8,baghdad,2026-04-05T07:42:00.826761
2026-04-05T02:00,12.9,71,7.8,11.7,0,0.0,0.0,0.0,0.0,0.0,3,1014.1,1009.9,81,37660.0,4.3,8.6,baghdad,2026-04-05T07:42:00.826761
2026-04-05T03:00,13.0,68,7.2,11.6,0,0.0,0.0,0.0,0.0,0.0,2,1014.5,1010.3,68,38560.0,4.3,9.0,baghdad,2026-04-05T07:42:00.826761
2026-04-05T04:00,13.6,67,7.6,12.4,0,0.0,0.0,0.0,0.0,0.0,2,1015.1,1010.9,78,38680.0,4.2,8.6,baghdad,2026-04-05T07:42:00.826761
2026-04-05T05:00,15.4,61,7.9,14.3,0,0.0,0.0,0.0,0.0,0.0,1,1015.2,1011.0,41,39760.0,4.2,10.4,baghdad,2026-04-05T07:42:00.826761
2026-04-05T06:00,18.0,53,8.3,16.7,0,0.0,0.0,0.0,0.0,0.0,2,1015.4,1011.2,53,40880.0,5.9,14.4,baghdad,2026-04-05T07:42:00.826761
2026-04-05T07:00,20.6,46,8.6,19.8,0,0.0,0.0,0.0,0.0,0.0,2,1015.4,1011.3,52,41620.0,6.4,16.9,baghdad,2026-04-05T07:42:00.826761
2026-04-05T08:00,22.6,37,7.2,22.1,0,0.0,0.0,0.0,0.0,0.0,2,1015.0,1010.9,48,43580.0,7.0,18.0,baghdad,2026-04-05T07:42:00.826761
2026-04-05T09:00,23.4,31,5.3,22.1,0,0.0,0.0,0.0,0.0,0.0,2,1014.8,1010.7,53,46020.0,10.5,24.8,baghdad,2026-04-05T07:42:00.826761
2026-04-05T10:00,24.0,29,4.8,22.6,3,0.0,0.0,0.0,0.0,0.0,1,1013.6,1009.5,59,47300.0,10.0,26.6,baghdad,2026-04-05T07:42:00.826761
2026-04-05T11:00,24.2,28,4.5,22.1,0,0.0,0.0,0.0,0.0,0.0,3,1012.9,1008.8,60,47820.0,11.1,27.7,baghdad,2026-04-05T07:42:00.826761
2026-04-05T12:00,24.4,27,4.2,21.7,0,0.0,0.0,0.0,0.0,0.0,3,1012.1,1008.0,80,48960.0,10.4,25.2,baghdad,2026-04-05T07:42:00.826761
2026-04-05T13:00,23.8,32,6.1,21.0,0,0.0,0.0,0.0,0.0,0.0,2,1011.9,1007.8,57,45860.0,12.7,32.8,baghdad,2026-04-05T07:42:00.826761
2026-04-05T14:00,23.3,33,6.1,20.5,0,0.0,0.0,0.0,0.0,0.0,2,1012.0,1007.9,56,45500.0,12.5,31.0,baghdad,2026-04-05T07:42:00.826761
2026-04-05T15:00,22.1,34,5.5,19.0,0,0.0,0.0,0.0,0.0,0.0,1,1012.8,1008.7,30,45520.0,13.7,31.3,baghdad,2026-04-05T07:42:00.826761
2026-04-05T16:00,20.3,40,6.2,17.7,0,0.0,0.0,0.0,0.0,0.0,1,1014.0,1009.9,41,43340.0,11.2,33.8,baghdad,2026-04-05T07:42:00.826761
2026-04-05T17:00,18.9,49,7.9,17.1,0,0.0,0.0,0.0,0.0,0.0,2,1014.8,1010.7,56,41680.0,8.1,24.1,baghdad,2026-04-05T07:42:00.826761
2026-04-05T18:00,17.9,55,8.7,16.8,0,0.0,0.0,0.0,0.0,0.0,0,1015.5,1011.3,2,40960.0,5.3,17.3,baghdad,2026-04-05T07:42:00.826761
2026-04-05T19:00,17.0,59,8.9,16.1,0,0.0,0.0,0.0,0.0,0.0,0,1015.5,1011.3,0,40540.0,4.2,11.2,baghdad,2026-04-05T07:42:00.826761
2026-04-05T20:00,16.1,64,9.3,15.5,0,0.0,0.0,0.0,0.0,0.0,0,1015.7,1011.5,0,39740.0,2.9,8.3,baghdad,2026-04-05T07:42:00.826761
2026-04-05T21:00,15.6,67,9.5,15.1,0,0.0,0.0,0.0,0.0,0.0,0,1015.8,1011.6,0,39160.0,2.2,5.8,baghdad,2026-04-05T07:42:00.826761
2026-04-05T22:00,15.3,68,9.5,14.7,0,0.0,0.0,0.0,0.0,0.0,0,1015.7,1011.5,0,39060.0,3.1,4.3,baghdad,2026-04-05T07:42:00.826761
2026-04-05T23:00,14.3,73,9.5,13.7,0,0.0,0.0,0.0,0.0,0.0,0,1015.3,1011.1,0,37200.0,3.2,5.4,baghdad,2026-04-05T07:42:00.826761
2026-04-05T00:00,5.8,73,1.3,0.4,6,0.0,0.0,0.0,0.0,0.0,2,1003.2,1001.8,70,32040.0,24.1,50.8,dublin,2026-04-05T07:42:03.205191
2026-04-05T01:00,6.0,73,1.5,1.1,8,0.0,0.0,0.0,0.0,0.0,3,1004.8,1003.4,91,30060.0,20.9,43.9,dublin,2026-04-05T07:42:03.205191
2026-04-05T02:00,5.9,74,1.6,1.3,12,0.0,0.0,0.0,0.0,0.0,3,1005.6,1004.2,99,26120.0,18.7,39.6,dublin,2026-04-05T07:42:03.205191
2026-04-05T03:00,4.9,82,2.0,0.3,14,0.2,0.2,0.0,0.0,0.0,51,1006.7,1005.3,100,34860.0,19.1,40.3,dublin,2026-04-05T07:42:03.205191
2026-04-05T04:00,4.1,87,2.1,-0.0,12,0.3,0.3,0.0,0.0,0.0,51,1007.7,1006.3,95,37200.0,16.2,34.6,dublin,2026-04-05T07:42:03.205191
2026-04-05T05:00,4.1,85,1.8,0.0,9,0.0,0.0,0.0,0.0,0.0,1,1008.8,1007.4,49,40020.0,15.5,32.8,dublin,2026-04-05T07:42:03.205191
2026-04-05T06:00,3.9,83,1.3,-0.0,6,0.0,0.0,0.0,0.0,0.0,2,1009.9,1008.5,64,39820.0,13.7,28.8,dublin,2026-04-05T07:42:03.205191
2026-04-05T07:00,3.7,85,1.4,-0.4,1,0.1,0.1,0.0,0.0,0.0,51,1011.6,1010.2,70,40520.0,15.5,32.4,dublin,2026-04-05T07:42:03.205191
2026-04-05T08:00,4.7,74,0.5,-0.2,0,0.0,0.0,0.0,0.0,0.0,0,1012.6,1011.2,2,46600.0,19.8,40.3,dublin,2026-04-05T07:42:03.205191
2026-04-05T09:00,5.7,65,-0.4,0.5,2,0.0,0.0,0.0,0.0,0.0,0,1013.4,1012.0,13,49860.0,20.9,42.8,dublin,2026-04-05T07:42:03.205191
2026-04-05T10:00,7.1,49,-2.9,1.2,27,0.0,0.0,0.0,0.0,0.0,1,1014.7,1013.3,31,54140.0,23.0,48.2,dublin,2026-04-05T07:42:03.205191
2026-04-05T11:00,7.9,43,-3.9,1.9,61,0.0,0.0,0.0,0.0,0.0,2,1015.6,1014.2,59,55400.0,23.0,49.3,dublin,2026-04-05T07:42:03.205191
2026-04-05T12:00,8.5,41,-4.0,2.7,84,0.0,0.0,0.0,0.0,0.0,1,1016.3,1014.9,31,55520.0,21.2,46.4,dublin,2026-04-05T07:42:03.205191
2026-04-05T13:00,9.2,36,-5.2,3.2,87,0.0,0.0,0.0,0.0,0.0,2,1017.1,1015.7,65,56040.0,21.6,46.4,dublin,2026-04-05T07:42:03.205191
2026-04-05T14:00,7.8,54,-0.9,3.0,78,0.1,0.1,0.0,0.0,0.0,51,1018.4,1017.0,4,55840.0,17.6,38.2,dublin,2026-04-05T07:42:03.205191
2026-04-05T15:00,9.3,37,-4.7,3.6,65,0.0,0.0,0.0,0.0,0.0,2,1018.6,1017.2,56,57920.0,20.2,42.8,dublin,2026-04-05T07:42:03.205191
2026-04-05T16:00,9.4,36,-5.0,3.9,44,0.0,0.0,0.0,0.0,0.0,3,1019.3,1017.9,90,56100.0,18.4,39.6,dublin,2026-04-05T07:42:03.205191
2026-04-05T17:00,9.3,37,-4.7,4.4,19,0.0,0.0,0.0,0.0,0.0,2,1020.0,1018.6,60,56180.0,14.8,32.4,dublin,2026-04-05T07:42:03.205191
2026-04-05T18:00,9.0,37,-4.9,4.3,0,0.0,0.0,0.0,0.0,0.0,1,1020.8,1019.4,31,56320.0,13.0,28.1,dublin,2026-04-05T07:42:03.205191
2026-04-05T19:00,8.1,45,-3.1,4.0,0,0.0,0.0,0.0,0.0,0.0,0,1021.2,1019.8,0,51380.0,10.4,22.7,dublin,2026-04-05T07:42:03.205191
2026-04-05T20:00,7.5,50,-2.3,4.2,0,0.0,0.0,0.0,0.0,0.0,0,1021.8,1020.4,0,49180.0,5.8,13.0,dublin,2026-04-05T07:42:03.205191
2026-04-05T21:00,7.0,51,-2.4,3.7,0,0.0,0.0,0.0,0.0,0.0,0,1022.1,1020.7,0,41560.0,5.8,13.3,dublin,2026-04-05T07:42:03.205191
2026-04-05T22:00,6.5,55,-1.9,3.2,0,0.0,0.0,0.0,0.0,0.0,0,1022.5,1021.1,0,40640.0,6.1,13.0,dublin,2026-04-05T07:42:03.205191
2026-04-05T23:00,6.3,56,-1.8,3.2,0,0.0,0.0,0.0,0.0,0.0,1,1022.8,1021.4,41,40960.0,5.0,11.5,dublin,2026-04-05T07:42:03.205191
2026-04-05T00:00,14.2,78,10.4,13.7,3,0.0,0.0,0.0,0.0,0.0,1,1018.2,1016.1,58,34440.0,4.0,8.3,Tel aviv,2026-04-05T07:42:40.736856
2026-04-05T01:00,14.0,77,10.0,13.4,30,0.0,0.0,0.0,0.0,0.0,2,1017.9,1015.8,68,34740.0,4.5,10.1,Tel aviv,2026-04-05T07:42:40.736856
2026-04-05T02:00,14.1,75,9.8,13.4,28,0.0,0.0,0.0,0.0,0.0,2,1017.8,1015.7,65,35180.0,4.9,11.2,Tel aviv,2026-04-05T07:42:40.736856
2026-04-05T03:00,14.0,80,10.6,13.3,13,0.0,0.0,0.0,0.0,0.0,2,1017.9,1015.8,47,31420.0,6.5,15.1,Tel aviv,2026-04-05T07:42:40.736856
2026-04-05T04:00,14.2,84,11.6,13.8,10,0.0,0.0,0.0,0.0,0.0,2,1018.5,1016.4,53,27280.0,6.2,15.1,Tel aviv,2026-04-05T07:42:40.736856
2026-04-05T05:00,15.2,79,11.6,14.7,5,0.0,0.0,0.0,0.0,0.0,2,1018.5,1016.5,49,30080.0,6.9,18.4,Tel aviv,2026-04-05T07:42:40.736856
2026-04-05T06:00,16.9,70,11.4,16.1,5,0.0,0.0,0.0,0.0,0.0,2,1019.0,1017.0,51,35020.0,8.7,23.0,Tel aviv,2026-04-05T07:42:40.736856
2026-04-05T07:00,18.5,62,11.1,17.3,10,0.0,0.0,0.0,0.0,0.0,2,1019.0,1017.0,45,38240.0,10.4,32.4,Tel aviv,2026-04-05T07:42:40.736856
2026-04-05T08:00,19.8,55,10.5,19.5,3,0.0,0.0,0.0,0.0,0.0,1,1018.9,1016.9,34,39620.0,10.1,29.2,Tel aviv,2026-04-05T07:42:40.736856
2026-04-05T09:00,20.6,49,9.5,20.6,8,0.0,0.0,0.0,0.0,0.0,1,1019.0,1017.0,29,40700.0,10.9,31.7,Tel aviv,2026-04-05T07:42:40.736856
2026-04-05T10:00,20.6,41,6.9,19.9,3,0.0,0.0,0.0,0.0,0.0,1,1019.1,1017.1,6,41820.0,12.7,36.7,Tel aviv,2026-04-05T07:42:40.736856
2026-04-05T11:00,20.8,40,6.7,20.2,0,0.0,0.0,0.0,0.0,0.0,0,1018.9,1016.9,0,42100.0,12.3,35.6,Tel aviv,2026-04-05T07:42:40.736856
2026-04-05T12:00,20.6,45,8.2,19.9,3,0.0,0.0,0.0,0.0,0.0,0,1018.7,1016.7,0,41240.0,12.0,34.9,Tel aviv,2026-04-05T07:42:40.736856
2026-04-05T13:00,20.2,51,9.7,19.3,0,0.0,0.0,0.0,0.0,0.0,0,1018.2,1016.2,7,40520.0,10.0,33.1,Tel aviv,2026-04-05T07:42:40.736856
2026-04-05T14:00,19.7,54,10.1,18.5,0,0.0,0.0,0.0,0.0,0.0,0,1018.1,1016.1,7,40300.0,8.6,28.8,Tel aviv,2026-04-05T07:42:40.736856
2026-04-05T15:00,19.0,57,10.3,18.2,0,0.0,0.0,0.0,0.0,0.0,1,1018.0,1016.0,9,40080.0,6.3,24.8,Tel aviv,2026-04-05T07:42:40.736856
2026-04-05T16:00,18.3,62,10.9,18.0,0,0.0,0.0,0.0,0.0,0.0,0,1018.4,1016.4,0,39380.0,4.0,18.4,Tel aviv,2026-04-05T07:42:40.736856
2026-04-05T17:00,17.6,68,11.6,17.8,0,0.0,0.0,0.0,0.0,0.0,0,1018.6,1016.6,0,38180.0,2.1,10.4,Tel aviv,2026-04-05T07:42:40.736856
2026-04-05T18:00,16.8,73,11.9,16.9,0,0.0,0.0,0.0,0.0,0.0,0,1018.8,1016.8,0,36400.0,3.3,6.5,Tel aviv,2026-04-05T07:42:40.736856
2026-04-05T19:00,15.9,75,11.5,15.9,0,0.0,0.0,0.0,0.0,0.0,1,1018.4,1016.4,12,36140.0,3.1,9.0,Tel aviv,2026-04-05T07:42:40.736856
2026-04-05T20:00,15.5,74,10.9,15.5,0,0.0,0.0,0.0,0.0,0.0,1,1018.3,1016.3,30,36860.0,1.3,6.1,Tel aviv,2026-04-05T07:42:40.736856
2026-04-05T21:00,14.9,77,10.9,14.8,0,0.0,0.0,0.0,0.0,0.0,1,1018.4,1016.3,25,35600.0,2.9,2.9,Tel aviv,2026-04-05T07:42:40.736856
2026-04-05T22:00,14.2,81,11.0,14.0,0,0.0,0.0,0.0,0.0,0.0,1,1018.4,1016.3,36,32100.0,3.4,6.5,Tel aviv,2026-04-05T07:42:40.736856
2026-04-05T23:00,13.8,86,11.5,13.6,0,0.0,0.0,0.0,0.0,0.0,1,1018.3,1016.2,33,25500.0,4.1,8.3,Tel aviv,2026-04-05T07:42:40.736856
2026-04-05T00:00,10.6,66,4.5,8.0,0,0.0,0.0,0.0,0.0,0.0,0,1021.3,1019.6,0,39440.0,9.0,17.6,bari,2026-04-05T07:44:43.580417
2026-04-05T01:00,10.5,67,4.6,8.0,0,0.0,0.0,0.0,0.0,0.0,0,1021.7,1020.0,0,39140.0,8.3,18.4,bari,2026-04-05T07:44:43.580417
2026-04-05T02:00,10.2,71,5.2,7.8,0,0.0,0.0,0.0,0.0,0.0,0,1021.4,1019.7,0,38020.0,8.3,17.3,bari,2026-04-05T07:44:43.580417
2026-04-05T03:00,10.1,68,4.4,7.5,0,0.0,0.0,0.0,0.0,0.0,0,1022.3,1020.6,0,38840.0,8.3,17.3,bari,2026-04-05T07:44:43.580417
2026-04-05T04:00,9.7,71,4.7,7.3,0,0.0,0.0,0.0,0.0,0.0,0,1022.0,1020.3,0,38020.0,7.7,16.9,bari,2026-04-05T07:44:43.580417
2026-04-05T05:00,9.5,72,4.7,7.1,0,0.0,0.0,0.0,0.0,0.0,0,1022.9,1021.2,0,37620.0,7.3,16.2,bari,2026-04-05T07:44:43.580417
2026-04-05T06:00,10.4,72,5.5,8.3,0,0.0,0.0,0.0,0.0,0.0,0,1023.1,1021.4,0,37540.0,6.6,14.8,bari,2026-04-05T07:44:43.580417
2026-04-05T07:00,13.2,63,6.3,11.5,0,0.0,0.0,0.0,0.0,0.0,0,1023.5,1021.8,7,39760.0,5.5,14.0,bari,2026-04-05T07:44:43.580417
2026-04-05T08:00,15.4,48,4.4,13.0,0,0.0,0.0,0.0,0.0,0.0,0,1024.0,1022.3,4,41940.0,7.1,16.6,bari,2026-04-05T07:44:43.580417
2026-04-05T09:00,16.5,44,4.2,14.7,0,0.0,0.0,0.0,0.0,0.0,0,1024.5,1022.8,3,42560.0,8.2,19.8,bari,2026-04-05T07:44:43.580417
2026-04-05T10:00,17.0,43,4.3,15.6,0,0.0,0.0,0.0,0.0,0.0,0,1024.7,1023.0,4,42460.0,9.8,23.8,bari,2026-04-05T07:44:43.580417
2026-04-05T11:00,17.4,42,4.3,16.2,0,0.0,0.0,0.0,0.0,0.0,0,1024.7,1023.0,4,42720.0,10.0,24.5,bari,2026-04-05T07:44:43.580417
2026-04-05T12:00,17.6,40,3.8,16.2,0,0.0,0.0,0.0,0.0,0.0,0,1024.5,1022.8,0,43160.0,10.3,25.6,bari,2026-04-05T07:44:43.580417
2026-04-05T13:00,17.6,39,3.5,15.8,0,0.0,0.0,0.0,0.0,0.0,0,1024.2,1022.5,0,43280.0,10.5,25.9,bari,2026-04-05T07:44:43.580417
2026-04-05T14:00,17.3,41,3.9,15.1,0,0.0,0.0,0.0,0.0,0.0,1,1023.6,1021.9,23,43180.0,9.4,25.6,bari,2026-04-05T07:44:43.580417
2026-04-05T15:00,17.0,44,4.6,14.6,0,0.0,0.0,0.0,0.0,0.0,1,1023.7,1022.0,6,42480.0,7.6,22.3,bari,2026-04-05T07:44:43.580417
2026-04-05T16:00,16.4,47,5.1,14.5,0,0.0,0.0,0.0,0.0,0.0,0,1023.7,1022.0,1,42080.0,4.8,18.7,bari,2026-04-05T07:44:43.580417
2026-04-05T17:00,15.5,58,7.2,14.4,0,0.0,0.0,0.0,0.0,0.0,0,1024.0,1022.3,0,41060.0,2.8,11.9,bari,2026-04-05T07:44:43.580417
2026-04-05T18:00,14.2,67,8.1,13.1,0,0.0,0.0,0.0,0.0,0.0,0,1024.0,1022.3,0,39380.0,3.7,7.2,bari,2026-04-05T07:44:43.580417
2026-04-05T19:00,12.5,79,9.0,11.5,0,0.0,0.0,0.0,0.0,0.0,0,1024.2,1022.5,0,33360.0,5.1,10.4,bari,2026-04-05T07:44:43.580417
2026-04-05T20:00,11.3,85,8.8,10.1,0,0.0,0.0,0.0,0.0,0.0,0,1023.8,1022.1,0,27260.0,5.7,11.9,bari,2026-04-05T07:44:43.580417
2026-04-05T21:00,10.6,85,8.2,9.3,0,0.0,0.0,0.0,0.0,0.0,0,1024.0,1022.3,0,27620.0,5.7,11.9,bari,2026-04-05T07:44:43.580417
2026-04-05T22:00,10.1,85,7.7,8.6,0,0.0,0.0,0.0,0.0,0.0,0,1024.4,1022.7,0,27440.0,6.2,13.0,bari,2026-04-05T07:44:43.580417
2026-04-05T23:00,9.8,88,7.9,8.3,0,0.0,0.0,0.0,0.0,0.0,0,1024.5,1022.8,0,24640.0,6.5,13.3,bari,2026-04-05T07:44:43.580417
2026-04-05T00:00,11.2,62,4.2,9.1,0,0.0,0.0,0.0,0.0,0.0,0,1023.1,1014.1,6,39720.0,4.9,11.2,bologna,2026-04-05T07:44:45.959711
2026-04-05T01:00,10.6,64,4.1,8.4,0,0.0,0.0,0.0,0.0,0.0,0,1023.2,1014.1,0,39160.0,5.4,10.1,bologna,2026-04-05T07:44:45.959711
2026-04-05T02:00,10.5,63,3.7,8.2,0,0.0,0.0,0.0,0.0,0.0,0,1022.9,1013.8,0,39540.0,5.2,11.9,bologna,2026-04-05T07:44:45.959711
2026-04-05T03:00,10.0,61,2.8,7.7,0,0.0,0.0,0.0,0.0,0.0,0,1023.1,1014.0,0,39880.0,4.6,10.8,bologna,2026-04-05T07:44:45.959711
2026-04-05T04:00,9.6,63,2.9,7.4,0,0.0,0.0,0.0,0.0,0.0,0,1022.9,1013.8,0,39580.0,4.0,9.0,bologna,2026-04-05T07:44:45.959711
2026-04-05T05:00,10.0,61,2.9,7.9,0,0.0,0.0,0.0,0.0,0.0,0,1023.3,1014.2,2,35180.0,3.3,8.6,bologna,2026-04-05T07:44:45.959711
2026-04-05T06:00,9.9,64,3.4,8.0,0,0.0,0.0,0.0,0.0,0.0,2,1023.6,1014.5,84,36900.0,2.9,6.8,bologna,2026-04-05T07:44:45.959711
2026-04-05T07:00,12.0,66,5.9,10.8,0,0.0,0.0,0.0,0.0,0.0,3,1023.4,1014.4,100,29740.0,1.5,5.8,bologna,2026-04-05T07:44:45.959711
2026-04-05T08:00,13.2,56,4.6,11.5,0,0.0,0.0,0.0,0.0,0.0,2,1024.1,1015.1,41,28760.0,2.5,7.6,bologna,2026-04-05T07:44:45.959711
2026-04-05T09:00,15.9,46,4.3,14.2,0,0.0,0.0,0.0,0.0,0.0,1,1024.4,1015.5,35,41540.0,3.2,10.1,bologna,2026-04-05T07:44:45.959711
2026-04-05T10:00,18.2,40,4.4,17.3,0,0.0,0.0,0.0,0.0,0.0,2,1024.4,1015.6,70,42520.0,3.6,11.5,bologna,2026-04-05T07:44:45.959711
2026-04-05T11:00,20.2,35,4.3,19.7,0,0.0,0.0,0.0,0.0,0.0,0,1024.2,1015.4,0,43920.0,3.9,11.9,bologna,2026-04-05T07:44:45.959711
2026-04-05T12:00,21.9,33,4.9,21.7,0,0.0,0.0,0.0,0.0,0.0,0,1023.5,1014.8,0,44820.0,4.1,11.9,bologna,2026-04-05T07:44:45.959711
2026-04-05T13:00,23.0,33,5.9,22.6,0,0.0,0.0,0.0,0.0,0.0,0,1022.5,1013.8,0,44820.0,4.9,13.7,bologna,2026-04-05T07:44:45.959711
2026-04-05T14:00,23.6,32,5.9,22.3,0,0.0,0.0,0.0,0.0,0.0,0,1021.9,1013.2,1,44940.0,6.5,16.2,bologna,2026-04-05T07:44:45.959711
2026-04-05T15:00,23.8,32,6.1,21.8,0,0.0,0.0,0.0,0.0,0.0,0,1021.5,1012.8,0,45300.0,7.6,18.7,bologna,2026-04-05T07:44:45.959711
2026-04-05T16:00,23.3,36,7.4,21.3,0,0.0,0.0,0.0,0.0,0.0,0,1021.5,1012.8,0,44040.0,9.1,21.2,bologna,2026-04-05T07:44:45.959711
2026-04-05T17:00,22.0,41,8.1,20.0,0,0.0,0.0,0.0,0.0,0.0,0,1021.6,1012.9,0,42620.0,10.6,23.4,bologna,2026-04-05T07:44:45.959711
2026-04-05T18:00,19.8,45,7.5,18.1,0,0.0,0.0,0.0,0.0,0.0,2,1022.0,1013.2,61,41920.0,7.1,23.4,bologna,2026-04-05T07:44:45.959711
2026-04-05T19:00,18.5,51,8.2,17.4,0,0.0,0.0,0.0,0.0,0.0,0,1022.3,1013.5,0,41240.0,4.1,14.4,bologna,2026-04-05T07:44:45.959711
2026-04-05T20:00,18.5,39,4.3,15.4,0,0.0,0.0,0.0,0.0,0.0,0,1022.1,1013.3,0,43400.0,11.9,24.8,bologna,2026-04-05T07:44:45.959711
2026-04-05T21:00,18.2,38,3.6,14.9,0,0.0,0.0,0.0,0.0,0.0,1,1022.3,1013.5,38,43880.0,12.4,27.0,bologna,2026-04-05T07:44:45.959711
2026-04-05T22:00,17.5,39,3.4,14.2,0,0.0,0.0,0.0,0.0,0.0,2,1022.6,1013.8,47,43520.0,12.1,26.3,bologna,2026-04-05T07:44:45.959711
2026-04-05T23:00,17.1,39,3.0,13.7,0,0.0,0.0,0.0,0.0,0.0,1,1022.9,1014.0,42,43560.0,11.9,25.9,bologna,2026-04-05T07:44:45.959711
2026-04-05T00:00,12.0,51,2.2,9.8,0,0.0,0.0,0.0,0.0,0.0,0,1023.5,1015.9,1,41680.0,2.6,4.7,florence,2026-04-05T07:44:48.339573
2026-04-05T01:00,11.5,53,2.2,9.4,0,0.0,0.0,0.0,0.0,0.0,3,1023.9,1016.3,100,41500.0,2.5,4.3,florence,2026-04-05T07:44:48.339573
2026-04-05T02:00,10.7,55,2.0,8.5,0,0.0,0.0,0.0,0.0,0.0,1,1023.8,1016.2,30,41080.0,2.5,4.7,florence,2026-04-05T07:44:48.339573
2026-04-05T03:00,9.3,64,2.9,7.3,0,0.0,0.0,0.0,0.0,0.0,0,1023.5,1015.9,0,38480.0,3.0,5.0,florence,2026-04-05T07:44:48.339573
2026-04-05T04:00,9.1,63,2.4,6.9,0,0.0,0.0,0.0,0.0,0.0,0,1023.5,1015.9,0,36020.0,3.3,6.1,florence,2026-04-05T07:44:48.339573
2026-04-05T05:00,8.7,63,2.0,6.5,0,0.0,0.0,0.0,0.0,0.0,0,1023.8,1016.1,0,35440.0,2.5,6.1,florence,2026-04-05T07:44:48.339573
2026-04-05T06:00,8.6,67,2.8,6.7,0,0.0,0.0,0.0,0.0,0.0,0,1024.8,1017.1,0,32100.0,1.9,4.3,florence,2026-04-05T07:44:48.339573
2026-04-05T07:00,10.5,64,4.0,9.0,0,0.0,0.0,0.0,0.0,0.0,0,1024.4,1016.8,0,31700.0,1.0,4.3,florence,2026-04-05T07:44:48.339573
2026-04-05T08:00,13.7,54,4.6,12.2,0,0.0,0.0,0.0,0.0,0.0,1,1025.1,1017.6,16,40860.0,1.3,5.4,florence,2026-04-05T07:44:48.339573
2026-04-05T09:00,16.4,46,4.8,15.0,0,0.0,0.0,0.0,0.0,0.0,0,1025.4,1017.9,0,41880.0,2.6,8.6,florence,2026-04-05T07:44:48.339573
2026-04-05T10:00,18.7,37,3.8,17.8,0,0.0,0.0,0.0,0.0,0.0,0,1025.4,1018.0,1,43820.0,3.5,10.4,florence,2026-04-05T07:44:48.339573
2026-04-05T11:00,20.4,36,4.8,19.9,0,0.0,0.0,0.0,0.0,0.0,0,1025.2,1017.8,2,44380.0,4.9,13.0,florence,2026-04-05T07:44:48.339573
2026-04-05T12:00,21.6,35,5.5,21.0,0,0.0,0.0,0.0,0.0,0.0,2,1024.7,1017.4,65,44380.0,7.0,16.6,florence,2026-04-05T07:44:48.339573
2026-04-05T13:00,22.5,34,5.9,21.2,0,0.0,0.0,0.0,0.0,0.0,3,1023.9,1016.6,100,44980.0,9.6,22.7,florence,2026-04-05T07:44:48.339573
2026-04-05T14:00,23.0,33,5.9,20.6,0,0.0,0.0,0.0,0.0,0.0,3,1023.4,1016.1,100,45360.0,12.9,28.4,florence,2026-04-05T07:44:48.339573
2026-04-05T15:00,22.4,29,3.5,18.8,0,0.0,0.0,0.0,0.0,0.0,3,1023.4,1016.1,100,47260.0,14.0,30.6,florence,2026-04-05T07:44:48.339573
2026-04-05T16:00,21.1,32,3.8,17.8,0,0.0,0.0,0.0,0.0,0.0,2,1023.6,1016.3,47,46100.0,13.0,30.2,florence,2026-04-05T07:44:48.339573
2026-04-05T17:00,19.5,39,5.2,16.9,0,0.0,0.0,0.0,0.0,0.0,0,1024.1,1016.7,0,43520.0,10.0,27.4,florence,2026-04-05T07:44:48.339573
2026-04-05T18:00,17.3,48,6.2,15.8,0,0.0,0.0,0.0,0.0,0.0,0,1024.8,1017.4,0,41780.0,3.9,19.8,florence,2026-04-05T07:44:48.339573
2026-04-05T19:00,15.2,59,7.2,14.1,0,0.0,0.0,0.0,0.0,0.0,0,1025.5,1018.0,0,40520.0,2.6,7.2,florence,2026-04-05T07:44:48.339573
2026-04-05T20:00,13.7,65,7.3,12.7,0,0.0,0.0,0.0,0.0,0.0,0,1025.5,1018.0,0,39380.0,2.1,4.7,florence,2026-04-05T07:44:48.339573
2026-04-05T21:00,12.6,68,6.9,11.5,0,0.0,0.0,0.0,0.0,0.0,0,1025.8,1018.2,0,38300.0,2.5,5.0,florence,2026-04-05T07:44:48.339573
2026-04-05T22:00,11.8,71,6.7,10.4,0,0.0,0.0,0.0,0.0,0.0,0,1026.2,1018.6,0,37400.0,3.6,7.2,florence,2026-04-05T07:44:48.339573
2026-04-05T23:00,11.2,72,6.4,9.8,0,0.0,0.0,0.0,0.0,0.0,0,1026.5,1018.9,0,36760.0,3.8,7.6,florence,2026-04-05T07:44:48.339573
2026-04-05T00:00,10.5,60,3.1,7.8,0,0.0,0.0,0.0,0.0,0.0,0,1023.4,1018.2,0,40140.0,7.8,15.1,genoa,2026-04-05T07:44:50.718046
2026-04-05T01:00,10.1,63,3.4,7.5,0,0.0,0.0,0.0,0.0,0.0,0,1023.5,1018.3,0,39720.0,7.8,16.6,genoa,2026-04-05T07:44:50.718046
2026-04-05T02:00,10.2,60,2.8,7.4,0,0.0,0.0,0.0,0.0,0.0,0,1023.4,1018.2,0,40180.0,7.4,16.2,genoa,2026-04-05T07:44:50.718046
2026-04-05T03:00,10.1,60,2.7,7.4,0,0.0,0.0,0.0,0.0,0.0,3,1022.9,1017.7,29,40240.0,7.2,15.5,genoa,2026-04-05T07:44:50.718046
2026-04-05T04:00,10.2,63,3.4,7.6,0,0.0,0.0,0.0,0.0,0.0,1,1022.9,1017.7,5,39720.0,7.2,11.9,genoa,2026-04-05T07:44:50.718046
2026-04-05T05:00,9.9,69,4.5,7.5,0,0.0,0.0,0.0,0.0,0.0,0,1023.4,1018.2,4,37920.0,7.8,15.8,genoa,2026-04-05T07:44:50.718046
2026-04-05T06:00,10.5,67,4.6,8.1,0,0.0,0.0,0.0,0.0,0.0,1,1024.0,1018.8,81,38460.0,7.3,16.2,genoa,2026-04-05T07:44:50.718046
2026-04-05T07:00,12.8,66,6.6,11.4,0,0.0,0.0,0.0,0.0,0.0,1,1023.9,1018.8,10,39140.0,3.9,14.8,genoa,2026-04-05T07:44:50.718046
2026-04-05T08:00,15.3,68,9.4,14.7,0,0.0,0.0,0.0,0.0,0.0,3,1024.5,1019.4,97,37460.0,2.9,7.6,genoa,2026-04-05T07:44:50.718046
2026-04-05T09:00,16.1,74,11.5,15.6,0,0.0,0.0,0.0,0.0,0.0,1,1025.3,1020.2,40,32740.0,6.5,15.8,genoa,2026-04-05T07:44:50.718046
2026-04-05T10:00,16.5,76,12.3,16.7,0,0.0,0.0,0.0,0.0,0.0,1,1025.5,1020.4,53,30240.0,8.5,20.9,genoa,2026-04-05T07:44:50.718046
2026-04-05T11:00,16.9,70,11.4,17.0,0,0.0,0.0,0.0,0.0,0.0,1,1025.6,1020.5,8,34820.0,9.9,23.8,genoa,2026-04-05T07:44:50.718046
2026-04-05T12:00,17.0,72,11.9,17.4,0,0.0,0.0,0.0,0.0,0.0,1,1025.3,1020.2,27,33140.0,10.6,25.9,genoa,2026-04-05T07:44:50.718046
2026-04-05T13:00,17.0,73,12.1,17.0,0,0.0,0.0,0.0,0.0,0.0,1,1024.8,1019.7,27,32160.0,11.8,28.1,genoa,2026-04-05T07:44:50.718046
2026-04-05T14:00,16.8,75,12.3,16.3,0,0.0,0.0,0.0,0.0,0.0,1,1024.5,1019.4,19,30500.0,12.2,29.2,genoa,2026-04-05T07:44:50.718046
2026-04-05T15:00,16.4,78,12.6,15.5,0,0.0,0.0,0.0,0.0,0.0,1,1024.4,1019.3,44,27700.0,11.6,29.2,genoa,2026-04-05T07:44:50.718046
2026-04-05T16:00,16.0,80,12.5,15.1,0,0.0,0.0,0.0,0.0,0.0,2,1024.4,1019.3,53,26440.0,11.5,27.4,genoa,2026-04-05T07:44:50.718046
2026-04-05T17:00,15.4,82,12.3,14.6,0,0.0,0.0,0.0,0.0,0.0,2,1024.6,1019.5,45,25580.0,10.5,26.3,genoa,2026-04-05T07:44:50.718046
2026-04-05T18:00,14.8,85,12.3,14.4,0,0.0,0.0,0.0,0.0,0.0,2,1025.0,1019.9,52,23840.0,8.2,23.4,genoa,2026-04-05T07:44:50.718046
2026-04-05T19:00,14.6,87,12.5,14.5,0,0.0,0.0,0.0,0.0,0.0,2,1025.3,1020.2,50,22680.0,6.4,17.6,genoa,2026-04-05T07:44:50.718046
2026-04-05T20:00,14.4,87,12.3,14.3,0,0.0,0.0,0.0,0.0,0.0,2,1025.3,1020.2,67,23300.0,5.8,13.7,genoa,2026-04-05T07:44:50.718046
2026-04-05T21:00,14.3,87,12.2,14.2,0,0.0,0.0,0.0,0.0,0.0,2,1025.4,1020.3,83,23340.0,5.9,12.6,genoa,2026-04-05T07:44:50.718046
2026-04-05T22:00,14.3,86,12.0,14.1,0,0.0,0.0,0.0,0.0,0.0,3,1025.8,1020.7,89,23620.0,5.1,12.2,genoa,2026-04-05T07:44:50.718046
2026-04-05T23:00,14.2,85,11.7,13.9,0,0.0,0.0,0.0,0.0,0.0,3,1026.0,1020.9,85,25360.0,5.2,11.5,genoa,2026-04-05T07:44:50.718046
2026-04-05T00:00,11.8,70,6.5,10.3,0,0.0,0.0,0.0,0.0,0.0,1,1023.0,1006.1,26,38440.0,4.6,9.4,milan,2026-04-05T07:46:08.416064
2026-04-05T01:00,11.5,72,6.6,9.8,0,0.0,0.0,0.0,0.0,0.0,1,1023.2,1006.3,25,37900.0,5.2,9.0,milan,2026-04-05T07:46:08.416064
2026-04-05T02:00,11.0,74,6.5,9.2,0,0.0,0.0,0.0,0.0,0.0,1,1023.1,1006.2,7,36640.0,5.8,10.1,milan,2026-04-05T07:46:08.416064
2026-04-05T03:00,11.1,69,5.6,9.4,0,0.0,0.0,0.0,0.0,0.0,3,1023.3,1006.4,99,38800.0,4.0,9.7,milan,2026-04-05T07:46:08.416064
2026-04-05T04:00,10.7,72,5.9,9.1,0,0.0,0.0,0.0,0.0,0.0,3,1022.8,1005.9,100,37540.0,4.1,8.3,milan,2026-04-05T07:46:08.416064
2026-04-05T05:00,10.2,75,6.0,8.8,0,0.0,0.0,0.0,0.0,0.0,1,1023.3,1006.3,27,34140.0,2.6,6.8,milan,2026-04-05T07:46:08.416064
2026-04-05T06:00,9.9,81,6.8,8.7,0,0.0,0.0,0.0,0.0,0.0,3,1024.0,1007.0,39,27680.0,2.6,4.3,milan,2026-04-05T07:46:08.416064
2026-04-05T07:00,11.5,75,7.2,10.4,0,0.0,0.0,0.0,0.0,0.0,0,1023.8,1006.9,1,28520.0,3.0,6.5,milan,2026-04-05T07:46:08.416064
2026-04-05T08:00,13.8,65,7.3,12.7,0,0.0,0.0,0.0,0.0,0.0,1,1024.6,1007.8,20,38400.0,2.7,7.2,milan,2026-04-05T07:46:08.416064
2026-04-05T09:00,16.0,56,7.2,15.0,0,0.0,0.0,0.0,0.0,0.0,2,1024.9,1008.2,55,40360.0,2.3,7.6,milan,2026-04-05T07:46:08.416064
2026-04-05T10:00,18.1,49,7.2,17.7,0,0.0,0.0,0.0,0.0,0.0,2,1024.7,1008.2,48,41400.0,3.4,9.4,milan,2026-04-05T07:46:08.416064
2026-04-05T11:00,19.9,46,7.9,20.0,0,0.0,0.0,0.0,0.0,0.0,0,1024.1,1007.7,0,41760.0,4.7,11.5,milan,2026-04-05T07:46:08.416064
2026-04-05T12:00,21.3,42,7.9,21.3,0,0.0,0.0,0.0,0.0,0.0,0,1023.3,1007.0,0,42400.0,6.0,14.0,milan,2026-04-05T07:46:08.416064
2026-04-05T13:00,22.4,38,7.4,22.2,0,0.0,0.0,0.0,0.0,0.0,0,1022.3,1006.0,0,43380.0,5.9,14.0,milan,2026-04-05T07:46:08.416064
2026-04-05T14:00,23.0,37,7.5,22.3,0,0.0,0.0,0.0,0.0,0.0,0,1021.7,1005.5,0,43880.0,5.6,13.7,milan,2026-04-05T07:46:08.416064
2026-04-05T15:00,23.3,36,7.4,21.8,0,0.0,0.0,0.0,0.0,0.0,0,1021.3,1005.1,5,44400.0,5.9,12.6,milan,2026-04-05T07:46:08.416064
2026-04-05T16:00,23.1,35,6.8,21.4,0,0.0,0.0,0.0,0.0,0.0,1,1021.2,1005.0,14,44960.0,6.1,12.6,milan,2026-04-05T07:46:08.416064
2026-04-05T17:00,22.6,36,6.7,20.8,0,0.0,0.0,0.0,0.0,0.0,1,1021.3,1005.1,21,44680.0,6.1,12.6,milan,2026-04-05T07:46:08.416064
2026-04-05T18:00,20.5,44,7.8,19.2,0,0.0,0.0,0.0,0.0,0.0,2,1021.7,1005.3,74,42840.0,4.9,11.9,milan,2026-04-05T07:46:08.416064
2026-04-05T19:00,18.7,52,8.7,17.4,0,0.0,0.0,0.0,0.0,0.0,2,1022.2,1005.7,63,41500.0,6.4,9.0,milan,2026-04-05T07:46:08.416064
2026-04-05T20:00,16.5,55,7.4,14.4,0,0.0,0.0,0.0,0.0,0.0,1,1022.4,1005.8,35,41000.0,9.7,18.0,milan,2026-04-05T07:46:08.416064
2026-04-05T21:00,15.2,59,7.2,13.1,0,0.0,0.0,0.0,0.0,0.0,2,1022.7,1006.0,57,37960.0,9.6,17.3,milan,2026-04-05T07:46:08.416064
2026-04-05T22:00,14.4,63,7.4,12.3,0,0.0,0.0,0.0,0.0,0.0,3,1023.1,1006.4,100,32480.0,9.4,17.3,milan,2026-04-05T07:46:08.416064
2026-04-05T23:00,13.7,65,7.2,11.7,0,0.0,0.0,0.0,0.0,0.0,3,1023.4,1006.6,99,31100.0,8.4,16.2,milan,2026-04-05T07:46:08.416064
2026-04-05T00:00,11.2,50,1.2,8.5,0,0.0,0.0,0.0,0.0,0.0,0,1022.3,1019.7,0,41760.0,5.2,7.6,naples,2026-04-05T07:46:10.797495
2026-04-05T01:00,10.6,51,0.9,7.8,0,0.0,0.0,0.0,0.0,0.0,0,1022.6,1020.0,0,41520.0,5.8,8.3,naples,2026-04-05T07:46:10.797495
2026-04-05T02:00,10.3,49,0.1,7.3,0,0.0,0.0,0.0,0.0,0.0,0,1022.2,1019.6,0,41640.0,6.1,7.9,naples,2026-04-05T07:46:10.797495
2026-04-05T03:00,9.9,48,-0.6,6.9,0,0.0,0.0,0.0,0.0,0.0,0,1022.9,1020.3,0,41900.0,5.8,9.0,naples,2026-04-05T07:46:10.797495
2026-04-05T04:00,9.7,50,-0.2,6.8,0,0.0,0.0,0.0,0.0,0.0,0,1022.7,1020.1,0,41600.0,5.4,9.0,naples,2026-04-05T07:46:10.797495
2026-04-05T05:00,9.7,50,-0.3,6.7,0,0.0,0.0,0.0,0.0,0.0,0,1023.4,1020.8,0,41680.0,5.4,7.9,naples,2026-04-05T07:46:10.797495
2026-04-05T06:00,10.4,50,0.4,7.5,0,0.0,0.0,0.0,0.0,0.0,0,1023.6,1021.0,0,41620.0,5.4,7.6,naples,2026-04-05T07:46:10.797495
2026-04-05T07:00,12.7,49,2.2,10.2,0,0.0,0.0,0.0,0.0,0.0,0,1023.8,1021.2,0,41680.0,5.1,7.9,naples,2026-04-05T07:46:10.797495
2026-04-05T08:00,15.6,39,1.6,12.9,0,0.0,0.0,0.0,0.0,0.0,0,1024.3,1021.8,0,43620.0,5.4,12.2,naples,2026-04-05T07:46:10.797495
2026-04-05T09:00,18.0,33,1.4,16.0,0,0.0,0.0,0.0,0.0,0.0,0,1024.8,1022.3,0,46020.0,4.7,14.0,naples,2026-04-05T07:46:10.797495
2026-04-05T10:00,20.0,29,1.4,19.0,0,0.0,0.0,0.0,0.0,0.0,0,1024.9,1022.4,0,48560.0,3.4,12.6,naples,2026-04-05T07:46:10.797495
2026-04-05T11:00,21.0,27,1.2,20.4,0,0.0,0.0,0.0,0.0,0.0,0,1024.7,1022.2,0,49920.0,3.4,11.5,naples,2026-04-05T07:46:10.797495
2026-04-05T12:00,21.4,29,2.6,20.5,0,0.0,0.0,0.0,0.0,0.0,0,1024.5,1022.0,0,47740.0,6.9,16.9,naples,2026-04-05T07:46:10.797495
2026-04-05T13:00,21.5,33,4.5,19.8,0,0.0,0.0,0.0,0.0,0.0,0,1024.2,1021.7,0,44600.0,11.4,27.0,naples,2026-04-05T07:46:10.797495
2026-04-05T14:00,20.9,27,1.2,17.9,0,0.0,0.0,0.0,0.0,0.0,0,1023.7,1021.2,0,48500.0,11.9,29.2,naples,2026-04-05T07:46:10.797495
2026-04-05T15:00,20.1,28,1.0,16.5,0,0.0,0.0,0.0,0.0,0.0,0,1023.8,1021.3,0,47940.0,11.6,28.8,naples,2026-04-05T07:46:10.797495
2026-04-05T16:00,19.0,29,0.6,15.5,0,0.0,0.0,0.0,0.0,0.0,0,1024.0,1021.5,0,47780.0,10.4,27.7,naples,2026-04-05T07:46:10.797495
2026-04-05T17:00,17.7,37,2.8,14.9,0,0.0,0.0,0.0,0.0,0.0,0,1024.5,1022.0,11,44880.0,7.9,25.2,naples,2026-04-05T07:46:10.797495
2026-04-05T18:00,16.3,45,4.3,14.3,0,0.0,0.0,0.0,0.0,0.0,1,1024.9,1022.4,8,42740.0,4.2,19.8,naples,2026-04-05T07:46:10.797495
2026-04-05T19:00,15.4,52,5.6,13.9,0,0.0,0.0,0.0,0.0,0.0,0,1025.2,1022.7,3,41680.0,2.9,11.5,naples,2026-04-05T07:46:10.797495
2026-04-05T20:00,14.9,55,5.9,13.4,0,0.0,0.0,0.0,0.0,0.0,0,1025.0,1022.5,0,41140.0,3.1,3.2,naples,2026-04-05T07:46:10.797495
2026-04-05T21:00,14.5,55,5.6,13.0,0,0.0,0.0,0.0,0.0,0.0,0,1025.2,1022.6,0,40900.0,2.8,4.3,naples,2026-04-05T07:46:10.797495
2026-04-05T22:00,14.1,55,5.2,12.5,0,0.0,0.0,0.0,0.0,0.0,0,1025.5,1022.9,0,41140.0,2.4,3.2,naples,2026-04-05T07:46:10.797495
2026-04-05T23:00,13.5,58,5.4,12.1,0,0.0,0.0,0.0,0.0,0.0,0,1025.6,1023.0,0,40780.0,2.2,2.2,naples,2026-04-05T07:46:10.797495
2026-04-05T00:00,11.9,62,4.9,10.5,0,0.0,0.0,0.0,0.0,0.0,0,1021.9,1016.8,0,40720.0,1.6,6.5,rome,2026-04-05T07:48:13.621664
2026-04-05T01:00,11.4,64,4.8,10.0,0,0.0,0.0,0.0,0.0,0.0,0,1022.5,1017.4,0,40700.0,0.8,2.5,rome,2026-04-05T07:48:13.621664
2026-04-05T02:00,10.8,64,4.3,9.1,0,0.0,0.0,0.0,0.0,0.0,0,1022.5,1017.3,0,40600.0,2.5,4.0,rome,2026-04-05T07:48:13.621664
2026-04-05T03:00,9.6,71,4.6,8.0,0,0.0,0.0,0.0,0.0,0.0,0,1023.3,1018.1,0,39520.0,2.3,5.0,rome,2026-04-05T07:48:13.621664
2026-04-05T04:00,8.9,78,5.3,7.4,0,0.0,0.0,0.0,0.0,0.0,0,1023.3,1018.1,0,34760.0,2.3,5.0,rome,2026-04-05T07:48:13.621664
2026-04-05T05:00,8.4,82,5.5,6.9,0,0.0,0.0,0.0,0.0,0.0,0,1023.9,1018.7,0,30340.0,2.7,6.5,rome,2026-04-05T07:48:13.621664
2026-04-05T06:00,8.6,82,5.7,7.3,0,0.0,0.0,0.0,0.0,0.0,0,1024.2,1019.0,0,29160.0,2.3,6.5,rome,2026-04-05T07:48:13.621664
2026-04-05T07:00,10.7,65,4.4,8.9,0,0.0,0.0,0.0,0.0,0.0,0,1024.4,1019.2,0,37180.0,3.2,9.4,rome,2026-04-05T07:48:13.621664
2026-04-05T08:00,13.7,54,4.6,11.9,0,0.0,0.0,0.0,0.0,0.0,0,1025.0,1019.9,1,40720.0,3.4,10.1,rome,2026-04-05T07:48:13.621664
2026-04-05T09:00,17.0,44,4.7,15.8,0,0.0,0.0,0.0,0.0,0.0,0,1025.5,1020.4,0,42080.0,2.2,10.1,rome,2026-04-05T07:48:13.621664
2026-04-05T10:00,19.6,32,2.4,18.6,0,0.0,0.0,0.0,0.0,0.0,0,1025.5,1020.5,0,46020.0,3.1,10.4,rome,2026-04-05T07:48:13.621664
2026-04-05T11:00,21.2,28,2.0,20.3,0,0.0,0.0,0.0,0.0,0.0,0,1025.3,1020.3,0,48460.0,5.6,14.8,rome,2026-04-05T07:48:13.621664
2026-04-05T12:00,22.3,26,1.9,20.9,0,0.0,0.0,0.0,0.0,0.0,0,1024.9,1019.9,0,49120.0,8.7,22.0,rome,2026-04-05T07:48:13.621664
2026-04-05T13:00,22.6,25,1.6,20.4,0,0.0,0.0,0.0,0.0,0.0,0,1024.3,1019.3,0,49640.0,11.2,27.7,rome,2026-04-05T07:48:13.621664
2026-04-05T14:00,22.0,24,0.5,18.8,0,0.0,0.0,0.0,0.0,0.0,0,1024.0,1019.0,1,51200.0,12.7,30.2,rome,2026-04-05T07:48:13.621664
2026-04-05T15:00,21.0,29,2.3,17.3,0,0.0,0.0,0.0,0.0,0.0,1,1024.0,1019.0,16,47680.0,13.5,32.0,rome,2026-04-05T07:48:13.621664
2026-04-05T16:00,19.7,35,3.8,16.7,0,0.0,0.0,0.0,0.0,0.0,1,1024.2,1019.2,8,44680.0,10.9,31.7,rome,2026-04-05T07:48:13.621664
2026-04-05T17:00,18.2,43,5.4,15.7,0,0.0,0.0,0.0,0.0,0.0,1,1024.7,1019.7,12,42540.0,9.0,25.9,rome,2026-04-05T07:48:13.621664
2026-04-05T18:00,16.3,59,8.3,15.0,0,0.0,0.0,0.0,0.0,0.0,1,1025.0,1019.9,5,40300.0,6.1,20.9,rome,2026-04-05T07:48:13.621664
2026-04-05T19:00,15.0,70,9.6,14.3,0,0.0,0.0,0.0,0.0,0.0,0,1025.4,1020.3,0,37740.0,4.2,13.7,rome,2026-04-05T07:48:13.621664
2026-04-05T20:00,13.9,79,10.4,13.6,0,0.0,0.0,0.0,0.0,0.0,0,1025.2,1020.1,0,33440.0,2.9,8.6,rome,2026-04-05T07:48:13.621664
2026-04-05T21:00,13.0,85,10.6,12.9,0,0.0,0.0,0.0,0.0,0.0,0,1025.4,1020.3,0,28640.0,2.5,6.1,rome,2026-04-05T07:48:13.621664
2026-04-05T22:00,12.4,87,10.3,12.3,0,0.0,0.0,0.0,0.0,0.0,0,1025.7,1020.6,0,25300.0,1.3,4.7,rome,2026-04-05T07:48:13.621664
2026-04-05T23:00,11.7,90,10.1,11.6,0,0.0,0.0,0.0,0.0,0.0,0,1025.8,1020.6,0,23420.0,1.3,2.2,rome,2026-04-05T07:48:13.621664
2026-04-05T00:00,12.1,65,5.7,10.7,0,0.0,0.0,0.0,0.0,0.0,0,1023.0,994.0,30,31620.0,2.1,4.7,turin,2026-04-05T07:48:16.001967
2026-04-05T01:00,11.2,68,5.5,9.6,0,0.0,0.0,0.0,0.0,0.0,2,1023.3,994.2,69,29260.0,3.1,5.8,turin,2026-04-05T07:48:16.001967
2026-04-05T02:00,10.7,68,5.0,9.0,0,0.0,0.0,0.0,0.0,0.0,3,1023.2,994.0,100,25700.0,3.0,5.8,turin,2026-04-05T07:48:16.001967
2026-04-05T03:00,10.4,66,4.3,8.4,0,0.0,0.0,0.0,0.0,0.0,3,1023.1,993.9,100,26720.0,4.0,6.8,turin,2026-04-05T07:48:16.001967
2026-04-05T04:00,10.1,67,4.2,8.1,0,0.0,0.0,0.0,0.0,0.0,3,1023.3,994.1,100,26260.0,4.2,7.9,turin,2026-04-05T07:48:16.001967
2026-04-05T05:00,9.4,71,4.4,7.6,0,0.0,0.0,0.0,0.0,0.0,2,1023.8,994.5,76,25260.0,3.3,8.3,turin,2026-04-05T07:48:16.001967
2026-04-05T06:00,9.2,69,3.8,7.3,0,0.0,0.0,0.0,0.0,0.0,0,1024.3,994.9,7,25880.0,2.8,6.5,turin,2026-04-05T07:48:16.001967
2026-04-05T07:00,10.7,64,4.2,8.9,0,0.0,0.0,0.0,0.0,0.0,1,1024.1,994.9,29,29760.0,2.6,7.6,turin,2026-04-05T07:48:16.001967
2026-04-05T08:00,13.3,56,4.7,11.6,0,0.0,0.0,0.0,0.0,0.0,2,1024.6,995.6,44,40360.0,2.7,7.6,turin,2026-04-05T07:48:16.001967
2026-04-05T09:00,16.0,48,4.9,14.4,0,0.0,0.0,0.0,0.0,0.0,0,1024.9,996.2,0,41320.0,2.5,8.6,turin,2026-04-05T07:48:16.001967
2026-04-05T10:00,18.6,43,5.7,18.1,0,0.0,0.0,0.0,0.0,0.0,0,1024.5,996.1,0,42040.0,1.1,7.9,turin,2026-04-05T07:48:16.001967
2026-04-05T11:00,20.5,41,6.8,21.1,0,0.0,0.0,0.0,0.0,0.0,0,1024.0,995.8,0,42340.0,0.5,4.7,turin,2026-04-05T07:48:16.001967
2026-04-05T12:00,21.6,40,7.4,22.2,0,0.0,0.0,0.0,0.0,0.0,0,1023.2,995.1,0,42400.0,2.3,9.0,turin,2026-04-05T07:48:16.001967
2026-04-05T13:00,22.4,42,8.9,22.8,0,0.0,0.0,0.0,0.0,0.0,0,1022.1,994.1,0,42140.0,4.4,11.2,turin,2026-04-05T07:48:16.001967
2026-04-05T14:00,23.2,36,7.3,22.6,0,0.0,0.0,0.0,0.0,0.0,0,1021.4,993.5,0,43460.0,4.8,9.7,turin,2026-04-05T07:48:16.001967
2026-04-05T15:00,23.4,35,7.1,21.9,0,0.0,0.0,0.0,0.0,0.0,0,1021.0,993.1,1,44180.0,5.4,13.0,turin,2026-04-05T07:48:16.001967
2026-04-05T16:00,23.2,34,6.5,21.5,0,0.0,0.0,0.0,0.0,0.0,1,1021.0,993.1,23,44800.0,5.3,13.7,turin,2026-04-05T07:48:16.001967
2026-04-05T17:00,22.7,33,5.6,20.9,0,0.0,0.0,0.0,0.0,0.0,1,1021.2,993.2,9,45580.0,4.7,13.0,turin,2026-04-05T07:48:16.001967
2026-04-05T18:00,21.4,39,6.9,19.9,0,0.0,0.0,0.0,0.0,0.0,0,1021.6,993.5,0,43680.0,4.8,10.1,turin,2026-04-05T07:48:16.001967
2026-04-05T19:00,17.9,55,8.7,17.1,0,0.0,0.0,0.0,0.0,0.0,1,1022.2,993.8,6,40840.0,3.1,9.7,turin,2026-04-05T07:48:16.001967
2026-04-05T20:00,16.1,60,8.3,15.3,0,0.0,0.0,0.0,0.0,0.0,1,1022.3,993.7,24,40120.0,2.6,5.8,turin,2026-04-05T07:48:16.001967
2026-04-05T21:00,14.9,59,7.0,13.9,0,0.0,0.0,0.0,0.0,0.0,1,1022.5,993.8,7,40280.0,1.4,6.1,turin,2026-04-05T07:48:16.001967
2026-04-05T22:00,14.3,67,8.3,13.4,0,0.0,0.0,0.0,0.0,0.0,0,1023.0,994.2,0,38600.0,2.9,6.5,turin,2026-04-05T07:48:16.001967
2026-04-05T23:00,13.1,73,8.3,12.3,0,0.0,0.0,0.0,0.0,0.0,3,1023.4,994.5,100,36300.0,2.3,5.4,turin,2026-04-05T07:48:16.001967
2026-04-05T00:00,10.7,83,7.9,9.9,0,0.0,0.0,0.0,0.0,0.0,0,1023.7,1022.1,0,30880.0,1.6,5.0,venice,2026-04-05T07:48:18.380601
2026-04-05T01:00,10.7,84,8.1,9.8,0,0.0,0.0,0.0,0.0,0.0,0,1023.3,1021.7,0,29880.0,2.5,2.5,venice,2026-04-05T07:48:18.380601
2026-04-05T02:00,10.7,82,7.8,9.8,0,0.0,0.0,0.0,0.0,0.0,0,1023.2,1021.6,0,31840.0,2.5,4.0,venice,2026-04-05T07:48:18.380601
2026-04-05T03:00,10.4,81,7.3,9.4,0,0.0,0.0,0.0,0.0,0.0,0,1023.7,1022.1,0,32560.0,2.3,3.2,venice,2026-04-05T07:48:18.380601
2026-04-05T04:00,10.5,80,7.2,9.4,0,0.0,0.0,0.0,0.0,0.0,0,1023.2,1021.6,0,33920.0,2.2,2.5,venice,2026-04-05T07:48:18.380601
2026-04-05T05:00,10.3,81,7.2,9.4,0,0.0,0.0,0.0,0.0,0.0,1,1023.4,1021.8,7,33240.0,1.1,2.2,venice,2026-04-05T07:48:18.380601
2026-04-05T06:00,10.2,88,8.3,9.0,0,0.0,0.0,0.0,0.0,0.0,3,1023.8,1022.2,95,23400.0,4.7,7.2,venice,2026-04-05T07:48:18.380601
2026-04-05T07:00,11.9,72,7.0,10.5,0,0.0,0.0,0.0,0.0,0.0,1,1023.5,1021.9,27,33340.0,4.4,9.0,venice,2026-04-05T07:48:18.380601
2026-04-05T08:00,14.2,61,6.7,13.1,0,0.0,0.0,0.0,0.0,0.0,0,1024.3,1022.7,2,39640.0,1.3,9.0,venice,2026-04-05T07:48:18.380601
2026-04-05T09:00,16.2,51,6.1,14.8,0,0.0,0.0,0.0,0.0,0.0,0,1024.7,1023.1,2,41080.0,3.7,9.0,venice,2026-04-05T07:48:18.380601
2026-04-05T10:00,16.8,50,6.3,15.9,0,0.0,0.0,0.0,0.0,0.0,0,1024.8,1023.2,0,41140.0,6.1,13.7,venice,2026-04-05T07:48:18.380601
2026-04-05T11:00,17.7,49,6.8,17.0,0,0.0,0.0,0.0,0.0,0.0,0,1024.6,1023.0,0,41380.0,8.1,17.3,venice,2026-04-05T07:48:18.380601
2026-04-05T12:00,18.1,46,6.3,16.9,0,0.0,0.0,0.0,0.0,0.0,0,1024.1,1022.5,0,41640.0,10.5,21.2,venice,2026-04-05T07:48:18.380601
2026-04-05T13:00,17.9,48,6.7,16.3,0,0.0,0.0,0.0,0.0,0.0,0,1023.2,1021.6,0,41380.0,12.4,24.5,venice,2026-04-05T07:48:18.380601
2026-04-05T14:00,17.6,51,7.4,15.6,0,0.0,0.0,0.0,0.0,0.0,0,1022.6,1021.0,0,41040.0,12.7,24.8,venice,2026-04-05T07:48:18.380601
2026-04-05T15:00,17.2,53,7.5,14.7,0,0.0,0.0,0.0,0.0,0.0,0,1022.4,1020.8,0,40960.0,12.6,24.1,venice,2026-04-05T07:48:18.380601
2026-04-05T16:00,16.3,59,8.2,14.1,0,0.0,0.0,0.0,0.0,0.0,0,1022.3,1020.7,0,39980.0,11.6,24.5,venice,2026-04-05T07:48:18.380601
2026-04-05T17:00,15.3,63,8.3,13.3,0,0.0,0.0,0.0,0.0,0.0,0,1022.4,1020.8,0,39460.0,10.8,22.0,venice,2026-04-05T07:48:18.380601
2026-04-05T18:00,14.3,69,8.7,12.5,0,0.0,0.0,0.0,0.0,0.0,0,1022.8,1021.2,0,38200.0,9.8,19.4,venice,2026-04-05T07:48:18.380601
2026-04-05T19:00,13.7,74,9.1,12.2,0,0.0,0.0,0.0,0.0,0.0,1,1023.2,1021.6,11,33300.0,8.8,17.6,venice,2026-04-05T07:48:18.380601
2026-04-05T20:00,13.3,78,9.5,12.1,0,0.0,0.0,0.0,0.0,0.0,2,1022.9,1021.3,61,31340.0,7.4,15.5,venice,2026-04-05T07:48:18.380601
2026-04-05T21:00,12.9,81,9.7,11.9,0,0.0,0.0,0.0,0.0,0.0,3,1023.0,1021.4,96,28160.0,6.2,13.3,venice,2026-04-05T07:48:18.380601
2026-04-05T22:00,12.3,86,10.0,11.4,0,0.0,0.0,0.0,0.0,0.0,2,1023.4,1021.8,73,21300.0,6.6,10.4,venice,2026-04-05T07:48:18.380601
2026-04-05T23:00,11.6,92,10.4,11.0,0,0.0,0.0,0.0,0.0,0.0,3,1023.5,1021.9,100,14780.0,5.0,10.4,venice,2026-04-05T07:48:18.380601
2026-04-05T00:00,14.9,73,10.1,14.0,0,0.0,0.0,0.0,0.0,0.0,0,1010.1,1009.1,1,24140.0,6.5,22.7,fukuoka,2026-04-05T07:48:20.761008
2026-04-05T01:00,16.3,67,10.2,16.0,0,0.0,0.0,0.0,0.0,0.0,0,1009.8,1008.8,6,24140.0,6.1,24.5,fukuoka,2026-04-05T07:48:20.761008
2026-04-05T02:00,17.1,70,11.6,17.4,0,0.0,0.0,0.0,0.0,0.0,0,1010.1,1009.1,11,24140.0,10.0,27.7,fukuoka,2026-04-05T07:48:20.761008
2026-04-05T03:00,17.6,70,12.0,18.2,0,0.0,0.0,0.0,0.0,0.0,0,1009.8,1008.9,11,24140.0,10.4,30.2,fukuoka,2026-04-05T07:48:20.761008
2026-04-05T04:00,18.1,70,12.5,19.0,0,0.0,0.0,0.0,0.0,0.0,0,1009.3,1008.4,18,24140.0,10.1,31.0,fukuoka,2026-04-05T07:48:20.761008
2026-04-05T05:00,18.1,68,12.1,17.7,0,0.0,0.0,0.0,0.0,0.0,1,1009.4,1008.5,37,24140.0,13.8,35.6,fukuoka,2026-04-05T07:48:20.761008
2026-04-05T06:00,18.2,68,12.2,17.1,0,0.0,0.0,0.0,0.0,0.0,0,1009.6,1008.7,18,24140.0,13.0,36.4,fukuoka,2026-04-05T07:48:20.761008
2026-04-05T07:00,17.6,67,11.4,15.7,0,0.0,0.0,0.0,0.0,0.0,0,1009.9,1009.0,18,24140.0,16.3,37.1,fukuoka,2026-04-05T07:48:20.761008
2026-04-05T08:00,16.9,68,11.0,14.5,0,0.0,0.0,0.0,0.0,0.0,0,1010.4,1009.4,19,24140.0,18.8,32.4,fukuoka,2026-04-05T07:48:20.761008
2026-04-05T09:00,16.4,68,10.5,13.9,0,0.0,0.0,0.0,0.0,0.0,0,1011.1,1010.1,0,24140.0,18.6,29.2,fukuoka,2026-04-05T07:48:20.761008
2026-04-05T10:00,16.0,67,9.9,14.3,0,0.0,0.0,0.0,0.0,0.0,0,1011.3,1010.3,0,24140.0,11.5,25.9,fukuoka,2026-04-05T07:48:20.761008
2026-04-05T11:00,15.4,69,9.7,14.4,0,0.0,0.0,0.0,0.0,0.0,0,1012.0,1011.0,0,24140.0,6.6,21.2,fukuoka,2026-04-05T07:48:20.761008
2026-04-05T12:00,14.8,64,8.1,13.3,0,0.0,0.0,0.0,0.0,0.0,0,1013.0,1012.0,0,24140.0,7.3,16.6,fukuoka,2026-04-05T07:48:20.761008
2026-04-05T13:00,14.4,59,6.5,12.5,0,0.0,0.0,0.0,0.0,0.0,0,1013.7,1012.7,0,24140.0,6.5,12.6,fukuoka,2026-04-05T07:48:20.761008
2026-04-05T14:00,13.5,66,7.3,12.1,0,0.0,0.0,0.0,0.0,0.0,0,1013.7,1012.7,0,24140.0,4.7,13.3,fukuoka,2026-04-05T07:48:20.761008
2026-04-05T15:00,13.1,68,7.3,11.6,0,0.0,0.0,0.0,0.0,0.0,0,1013.8,1012.8,0,24140.0,5.2,14.4,fukuoka,2026-04-05T07:48:20.761008
2026-04-05T16:00,12.8,70,7.4,11.0,0,0.0,0.0,0.0,0.0,0.0,0,1013.7,1012.7,0,24140.0,8.0,14.4,fukuoka,2026-04-05T07:48:20.761008
2026-04-05T17:00,12.6,73,7.9,10.6,0,0.0,0.0,0.0,0.0,0.0,0,1013.5,1012.5,4,24140.0,9.7,13.3,fukuoka,2026-04-05T07:48:20.761008
2026-04-05T18:00,12.7,73,8.0,10.6,0,0.0,0.0,0.0,0.0,0.0,0,1013.1,1012.1,9,24140.0,11.2,14.0,fukuoka,2026-04-05T07:48:20.761008
2026-04-05T19:00,12.9,75,8.6,10.8,0,0.0,0.0,0.0,0.0,0.0,0,1012.8,1011.8,13,24140.0,12.0,13.7,fukuoka,2026-04-05T07:48:20.761008
2026-04-05T20:00,13.0,77,9.0,10.8,0,0.0,0.0,0.0,0.0,0.0,1,1012.6,1011.6,45,24140.0,13.2,15.1,fukuoka,2026-04-05T07:48:20.761008
2026-04-05T21:00,13.2,76,9.1,11.2,0,0.0,0.0,0.0,0.0,0.0,2,1012.8,1011.8,54,24140.0,12.5,16.9,fukuoka,2026-04-05T07:48:20.761008
2026-04-05T22:00,13.9,71,8.8,11.9,3,0.0,0.0,0.0,0.0,0.0,2,1013.0,1012.0,65,24140.0,12.0,17.6,fukuoka,2026-04-05T07:48:20.761008
2026-04-05T23:00,15.3,65,8.8,13.2,3,0.0,0.0,0.0,0.0,0.0,2,1013.0,1012.0,60,24140.0,12.5,19.1,fukuoka,2026-04-05T07:48:20.761008
2026-04-05T00:00,16.3,71,11.0,16.4,3,0.0,0.0,0.0,0.0,0.0,3,1009.5,1004.0,99,24140.0,1.1,26.3,kyoto,2026-04-05T07:49:38.441419
2026-04-05T01:00,17.8,65,11.1,18.0,0,0.0,0.0,0.0,0.0,0.0,3,1008.9,1003.5,100,24140.0,1.5,20.9,kyoto,2026-04-05T07:49:38.441419
2026-04-05T02:00,19.4,60,11.4,20.2,0,0.0,0.0,0.0,0.0,0.0,3,1008.6,1003.2,100,24140.0,3.7,17.3,kyoto,2026-04-05T07:49:38.441419
2026-04-05T03:00,20.4,57,11.6,20.1,0,0.0,0.0,0.0,0.0,0.0,3,1008.6,1003.2,100,24140.0,5.2,7.9,kyoto,2026-04-05T07:49:38.441419
2026-04-05T04:00,21.1,55,11.7,21.5,0,0.0,0.0,0.0,0.0,0.0,2,1008.0,1002.6,66,24140.0,6.2,16.2,kyoto,2026-04-05T07:49:38.441419
2026-04-05T05:00,21.2,53,11.2,20.7,0,0.0,0.0,0.0,0.0,0.0,3,1008.0,1002.6,100,24140.0,5.4,19.1,kyoto,2026-04-05T07:49:38.441419
2026-04-05T06:00,22.0,50,11.1,21.5,0,0.0,0.0,0.0,0.0,0.0,0,1007.6,1002.3,7,24140.0,6.2,18.7,kyoto,2026-04-05T07:49:38.441419
2026-04-05T07:00,21.8,51,11.2,21.2,0,0.0,0.0,0.0,0.0,0.0,1,1008.0,1002.6,22,24140.0,7.1,21.2,kyoto,2026-04-05T07:49:38.441419
2026-04-05T08:00,20.8,54,11.1,20.1,0,0.0,0.0,0.0,0.0,0.0,1,1008.6,1003.2,33,24140.0,6.8,23.8,kyoto,2026-04-05T07:49:38.441419
2026-04-05T09:00,19.5,60,11.5,19.3,0,0.0,0.0,0.0,0.0,0.0,1,1009.0,1003.6,30,24140.0,4.7,26.6,kyoto,2026-04-05T07:49:38.441419
2026-04-05T10:00,18.0,73,13.1,18.7,0,0.0,0.0,0.0,0.0,0.0,1,1009.8,1004.4,28,24140.0,1.9,26.3,kyoto,2026-04-05T07:49:38.441419
2026-04-05T11:00,17.3,70,11.7,17.2,0,0.0,0.0,0.0,0.0,0.0,1,1010.8,1005.3,23,24140.0,4.0,18.4,kyoto,2026-04-05T07:49:38.441419
2026-04-05T12:00,15.8,80,12.4,16.1,0,0.0,0.0,0.0,0.0,0.0,1,1011.5,1006.0,27,24140.0,3.4,15.8,kyoto,2026-04-05T07:49:38.441419
2026-04-05T13:00,15.1,82,12.0,15.2,0,0.0,0.0,0.0,0.0,0.0,1,1011.6,1006.1,23,24140.0,3.1,16.2,kyoto,2026-04-05T07:49:38.441419
2026-04-05T14:00,14.9,79,11.3,14.8,0,0.0,0.0,0.0,0.0,0.0,1,1012.0,1006.5,22,24140.0,3.8,16.9,kyoto,2026-04-05T07:49:38.441419
2026-04-05T15:00,14.2,83,11.3,14.1,0,0.0,0.0,0.0,0.0,0.0,0,1012.6,1007.1,16,24140.0,3.1,16.6,kyoto,2026-04-05T07:49:38.441419
2026-04-05T16:00,13.9,84,11.2,14.0,0,0.0,0.0,0.0,0.0,0.0,0,1012.9,1007.4,4,24140.0,1.9,16.6,kyoto,2026-04-05T07:49:38.441419
2026-04-05T17:00,13.1,85,10.6,12.9,0,0.0,0.0,0.0,0.0,0.0,0,1013.1,1007.6,0,24140.0,2.7,15.5,kyoto,2026-04-05T07:49:38.441419
2026-04-05T18:00,12.1,89,10.4,11.7,0,0.0,0.0,0.0,0.0,0.0,0,1013.2,1007.6,1,24140.0,3.7,15.8,kyoto,2026-04-05T07:49:38.441419
2026-04-05T19:00,11.5,91,10.0,10.9,0,0.0,0.0,0.0,0.0,0.0,0,1013.2,1007.6,1,24140.0,4.3,15.8,kyoto,2026-04-05T07:49:38.441419
2026-04-05T20:00,11.3,89,9.6,10.6,0,0.0,0.0,0.0,0.0,0.0,0,1013.5,1007.9,2,24140.0,4.4,17.3,kyoto,2026-04-05T07:49:38.441419
2026-04-05T21:00,10.8,90,9.2,9.8,0,0.0,0.0,0.0,0.0,0.0,0,1014.3,1008.7,1,24140.0,5.4,16.9,kyoto,2026-04-05T07:49:38.441419
2026-04-05T22:00,11.8,88,9.8,11.3,0,0.0,0.0,0.0,0.0,0.0,1,1015.0,1009.4,23,24140.0,3.1,14.4,kyoto,2026-04-05T07:49:38.441419
2026-04-05T23:00,13.5,83,10.7,13.5,0,0.0,0.0,0.0,0.0,0.0,0,1015.1,1009.6,7,24140.0,1.3,19.1,kyoto,2026-04-05T07:49:38.441419
2026-04-05T00:00,16.5,73,11.6,16.5,5,0.0,0.0,0.0,0.0,0.0,3,1009.5,1009.1,100,24140.0,3.1,12.2,osaka,2026-04-05T07:50:15.964530
2026-04-05T01:00,18.2,65,11.5,18.1,0,0.0,0.0,0.0,0.0,0.0,2,1009.0,1008.6,79,24140.0,3.4,14.8,osaka,2026-04-05T07:50:15.964530
2026-04-05T02:00,19.0,60,11.0,19.1,0,0.0,0.0,0.0,0.0,0.0,3,1009.0,1008.6,100,24140.0,1.5,14.0,osaka,2026-04-05T07:50:15.964530
2026-04-05T03:00,20.2,57,11.4,20.3,0,0.0,0.0,0.0,0.0,0.0,3,1009.1,1008.7,97,24140.0,2.6,10.8,osaka,2026-04-05T07:50:15.964530
2026-04-05T04:00,21.1,52,10.8,21.1,0,0.0,0.0,0.0,0.0,0.0,3,1008.4,1008.0,97,24140.0,4.4,5.4,osaka,2026-04-05T07:50:15.964530
2026-04-05T05:00,20.7,51,10.2,19.9,0,0.0,0.0,0.0,0.0,0.0,3,1008.4,1008.0,90,24140.0,5.4,9.7,osaka,2026-04-05T07:50:15.964530
2026-04-05T06:00,20.6,52,10.4,19.8,0,0.0,0.0,0.0,0.0,0.0,1,1008.4,1008.0,41,24140.0,6.1,15.5,osaka,2026-04-05T07:50:15.964530
2026-04-05T07:00,20.1,53,10.2,19.3,0,0.0,0.0,0.0,0.0,0.0,1,1008.7,1008.3,41,24140.0,5.8,15.5,osaka,2026-04-05T07:50:15.964530
2026-04-05T08:00,19.4,55,10.1,18.7,0,0.0,0.0,0.0,0.0,0.0,1,1009.1,1008.7,39,24140.0,4.9,15.1,osaka,2026-04-05T07:50:15.964530
2026-04-05T09:00,18.5,58,10.0,17.9,0,0.0,0.0,0.0,0.0,0.0,1,1009.4,1009.0,40,24140.0,4.3,13.7,osaka,2026-04-05T07:50:15.964530
2026-04-05T10:00,17.5,63,10.4,16.8,0,0.0,0.0,0.0,0.0,0.0,1,1010.1,1009.7,36,24140.0,5.9,9.4,osaka,2026-04-05T07:50:15.964530
2026-04-05T11:00,16.6,73,11.7,16.5,0,0.0,0.0,0.0,0.0,0.0,1,1011.0,1010.6,23,24140.0,4.3,9.0,osaka,2026-04-05T07:50:15.964530
2026-04-05T12:00,15.6,84,12.9,16.2,0,0.0,0.0,0.0,0.0,0.0,1,1011.8,1011.4,28,24140.0,2.2,9.0,osaka,2026-04-05T07:50:15.964530
2026-04-05T13:00,15.2,85,12.7,15.7,0,0.0,0.0,0.0,0.0,0.0,1,1011.7,1011.3,21,24140.0,2.5,8.3,osaka,2026-04-05T07:50:15.964530
2026-04-05T14:00,15.1,83,12.2,15.1,0,0.0,0.0,0.0,0.0,0.0,0,1011.9,1011.5,10,24140.0,4.7,7.6,osaka,2026-04-05T07:50:15.964530
2026-04-05T15:00,14.5,85,12.0,14.7,0,0.0,0.0,0.0,0.0,0.0,0,1012.5,1012.1,3,24140.0,3.1,6.8,osaka,2026-04-05T07:50:15.964530
2026-04-05T16:00,14.3,84,11.6,14.7,0,0.0,0.0,0.0,0.0,0.0,0,1012.8,1012.4,12,24140.0,0.8,5.0,osaka,2026-04-05T07:50:15.964530
2026-04-05T17:00,13.8,86,11.5,14.1,0,0.0,0.0,0.0,0.0,0.0,0,1013.1,1012.7,17,24140.0,1.0,2.2,osaka,2026-04-05T07:50:15.964530
2026-04-05T18:00,13.0,92,11.7,12.8,0,0.0,0.0,0.0,0.0,0.0,0,1013.0,1012.6,14,24140.0,4.5,1.8,osaka,2026-04-05T07:50:15.964530
2026-04-05T19:00,12.3,96,11.6,12.1,0,0.0,0.0,0.0,0.0,0.0,0,1013.1,1012.7,11,24140.0,4.8,2.2,osaka,2026-04-05T07:50:15.964530
2026-04-05T20:00,11.8,97,11.3,11.5,0,0.0,0.0,0.0,0.0,0.0,0,1013.5,1013.1,8,24140.0,4.7,4.0,osaka,2026-04-05T07:50:15.964530
2026-04-05T21:00,11.4,97,10.9,11.0,0,0.0,0.0,0.0,0.0,0.0,0,1014.3,1013.9,10,24140.0,4.7,4.0,osaka,2026-04-05T07:50:15.964530
2026-04-05T22:00,12.4,95,11.6,12.4,0,0.0,0.0,0.0,0.0,0.0,0,1014.8,1014.4,6,24140.0,3.2,4.0,osaka,2026-04-05T07:50:15.964530
2026-04-05T23:00,14.3,87,12.2,14.7,0,0.0,0.0,0.0,0.0,0.0,0,1014.9,1014.5,5,24140.0,2.1,5.0,osaka,2026-04-05T07:50:15.964530
2026-04-05T00:00,17.4,81,14.2,18.6,0,0.0,0.0,0.0,0.0,0.0,1,1006.2,1002.0,29,24140.0,1.3,11.9,tokyo,2026-04-05T07:50:53.502386
2026-04-05T01:00,19.1,76,14.8,20.5,0,0.0,0.0,0.0,0.0,0.0,2,1006.1,1001.9,77,24140.0,1.3,12.2,tokyo,2026-04-05T07:50:53.502386
2026-04-05T02:00,21.3,72,16.1,23.8,0,0.0,0.0,0.0,0.0,0.0,2,1006.0,1001.8,58,24140.0,1.6,22.3,tokyo,2026-04-05T07:50:53.502386
2026-04-05T03:00,22.5,71,17.0,24.9,0,0.0,0.0,0.0,0.0,0.0,1,1006.0,1001.8,36,24140.0,2.3,24.1,tokyo,2026-04-05T07:50:53.502386
2026-04-05T04:00,22.9,70,17.1,25.0,3,0.0,0.0,0.0,0.0,0.0,2,1005.4,1001.2,59,24140.0,2.9,25.6,tokyo,2026-04-05T07:50:53.502386
2026-04-05T05:00,23.0,68,16.8,24.9,0,0.0,0.0,0.0,0.0,0.0,2,1005.3,1001.1,73,24140.0,3.2,24.8,tokyo,2026-04-05T07:50:53.502386
2026-04-05T06:00,22.6,67,16.2,23.9,3,0.0,0.0,0.0,0.0,0.0,2,1005.7,1001.5,61,24140.0,6.4,27.0,tokyo,2026-04-05T07:50:53.502386
2026-04-05T07:00,21.4,69,15.5,22.4,0,0.0,0.0,0.0,0.0,0.0,3,1006.0,1001.8,80,24140.0,5.5,28.8,tokyo,2026-04-05T07:50:53.502386
2026-04-05T08:00,20.2,70,14.6,20.9,0,0.0,0.0,0.0,0.0,0.0,3,1006.1,1001.9,100,24140.0,5.8,28.4,tokyo,2026-04-05T07:50:53.502386
2026-04-05T09:00,19.1,71,13.8,19.4,0,0.0,0.0,0.0,0.0,0.0,3,1006.7,1002.5,93,24140.0,6.9,25.9,tokyo,2026-04-05T07:50:53.502386
2026-04-05T10:00,18.5,72,13.4,18.5,0,0.0,0.0,0.0,0.0,0.0,2,1006.9,1002.7,75,24140.0,7.2,23.8,tokyo,2026-04-05T07:50:53.502386
2026-04-05T11:00,17.8,73,12.9,17.8,0,0.0,0.0,0.0,0.0,0.0,2,1007.6,1003.4,78,24140.0,6.6,23.8,tokyo,2026-04-05T07:50:53.502386
2026-04-05T12:00,17.4,73,12.5,17.2,0,0.0,0.0,0.0,0.0,0.0,1,1008.3,1004.0,20,24140.0,6.9,20.5,tokyo,2026-04-05T07:50:53.502386
2026-04-05T13:00,17.0,78,13.1,17.2,8,0.0,0.0,0.0,0.0,0.0,2,1009.4,1005.1,62,24140.0,5.5,15.5,tokyo,2026-04-05T07:50:53.502386
2026-04-05T14:00,16.5,88,14.5,17.3,15,0.0,0.0,0.0,0.0,0.0,2,1010.4,1006.1,56,24140.0,4.7,10.1,tokyo,2026-04-05T07:50:53.502386
2026-04-05T15:00,16.0,88,14.1,16.8,15,0.0,0.0,0.0,0.0,0.0,1,1010.8,1006.5,36,24140.0,3.9,4.7,tokyo,2026-04-05T07:50:53.502386
2026-04-05T16:00,15.5,84,12.9,15.8,15,0.0,0.0,0.0,0.0,0.0,1,1011.2,1006.9,28,24140.0,4.2,7.9,tokyo,2026-04-05T07:50:53.502386
2026-04-05T17:00,14.8,87,12.7,15.1,13,0.0,0.0,0.0,0.0,0.0,1,1011.8,1007.5,36,24140.0,3.3,10.8,tokyo,2026-04-05T07:50:53.502386
2026-04-05T18:00,14.1,91,12.7,14.6,5,0.0,0.0,0.0,0.0,0.0,1,1012.1,1007.8,24,24140.0,2.7,11.5,tokyo,2026-04-05T07:50:53.502386
2026-04-05T19:00,13.9,91,12.5,14.4,0,0.0,0.0,0.0,0.0,0.0,0,1012.4,1008.1,12,24140.0,1.6,11.2,tokyo,2026-04-05T07:50:53.502386
2026-04-05T20:00,13.5,92,12.2,13.9,0,0.0,0.0,0.0,0.0,0.0,0,1013.0,1008.7,8,24140.0,1.8,10.8,tokyo,2026-04-05T07:50:53.502386
2026-04-05T21:00,12.8,94,11.9,12.8,0,0.0,0.0,0.0,0.0,0.0,0,1013.7,1009.4,4,24140.0,4.3,7.6,tokyo,2026-04-05T07:50:53.502386
2026-04-05T22:00,14.0,90,12.4,14.6,0,0.0,0.0,0.0,0.0,0.0,0,1014.4,1010.1,3,24140.0,1.1,6.5,tokyo,2026-04-05T07:50:53.502386
2026-04-05T23:00,15.7,80,12.3,15.9,0,0.0,0.0,0.0,0.0,0.0,0,1014.9,1010.6,5,24140.0,3.2,11.5,tokyo,2026-04-05T07:50:53.502386
2026-04-05T00:00,6.3,74,2.0,0.3,12,0.0,0.0,0.0,0.0,0.0,2,1005.1,1003.3,74,40320.0,28.8,51.1,riga,2026-04-05T07:51:31.015721
2026-04-05T01:00,5.7,77,2.0,0.2,8,0.0,0.0,0.0,0.0,0.0,0,1005.4,1003.6,14,40400.0,25.9,51.8,riga,2026-04-05T07:51:31.015721
2026-04-05T02:00,5.2,80,2.0,-0.2,4,0.0,0.0,0.0,0.0,0.0,0,1006.1,1004.2,10,40380.0,24.5,45.4,riga,2026-04-05T07:51:31.015721
2026-04-05T03:00,4.8,82,2.0,-0.1,0,0.0,0.0,0.0,0.0,0.0,1,1007.2,1005.3,28,40360.0,21.2,40.7,riga,2026-04-05T07:51:31.015721
2026-04-05T04:00,4.3,84,1.8,-0.0,0,0.0,0.0,0.0,0.0,0.0,1,1008.0,1006.1,41,37760.0,16.9,37.4,riga,2026-04-05T07:51:31.015721
2026-04-05T05:00,4.1,83,1.5,-0.2,0,0.0,0.0,0.0,0.0,0.0,1,1008.5,1006.6,39,37740.0,16.9,30.2,riga,2026-04-05T07:51:31.015721
2026-04-05T06:00,4.9,79,1.5,0.6,0,0.0,0.0,0.0,0.0,0.0,1,1009.2,1007.3,49,37740.0,16.6,31.3,riga,2026-04-05T07:51:31.015721
2026-04-05T07:00,5.9,75,1.8,1.9,0,0.0,0.0,0.0,0.0,0.0,1,1009.5,1007.6,31,40320.0,15.1,31.3,riga,2026-04-05T07:51:31.015721
2026-04-05T08:00,7.3,70,2.2,3.7,0,0.0,0.0,0.0,0.0,0.0,0,1009.8,1008.0,16,40300.0,12.6,29.2,riga,2026-04-05T07:51:31.015721
2026-04-05T09:00,8.9,64,2.5,5.5,0,0.0,0.0,0.0,0.0,0.0,0,1009.6,1007.8,2,42460.0,11.9,25.6,riga,2026-04-05T07:51:31.015721
2026-04-05T10:00,10.7,53,1.5,7.1,0,0.0,0.0,0.0,0.0,0.0,0,1009.1,1007.3,0,44340.0,14.0,29.9,riga,2026-04-05T07:51:31.015721
2026-04-05T11:00,11.7,46,0.4,7.6,0,0.0,0.0,0.0,0.0,0.0,0,1008.7,1006.9,12,44320.0,16.9,34.9,riga,2026-04-05T07:51:31.015721
2026-04-05T12:00,11.9,46,0.7,7.2,0,0.0,0.0,0.0,0.0,0.0,3,1008.2,1006.4,99,49060.0,18.4,36.7,riga,2026-04-05T07:51:31.015721
2026-04-05T13:00,11.6,44,-0.3,6.6,11,0.0,0.0,0.0,0.0,0.0,3,1007.4,1005.6,100,44300.0,19.4,38.5,riga,2026-04-05T07:51:31.015721
2026-04-05T14:00,10.2,61,3.0,5.5,28,0.2,0.2,0.0,0.0,0.0,51,1007.2,1005.4,100,10400.0,21.2,40.0,riga,2026-04-05T07:51:31.015721
2026-04-05T15:00,9.3,70,4.1,5.3,45,0.1,0.1,0.0,0.0,0.0,51,1005.5,1003.7,100,8300.0,18.0,37.4,riga,2026-04-05T07:51:31.015721
2026-04-05T16:00,8.9,80,5.6,4.9,68,0.3,0.3,0.0,0.0,0.0,51,1004.6,1002.8,100,42240.0,19.8,34.9,riga,2026-04-05T07:51:31.015721
2026-04-05T17:00,8.1,83,5.4,3.9,93,0.3,0.3,0.0,0.0,0.0,51,1004.2,1002.4,100,6860.0,21.2,37.4,riga,2026-04-05T07:51:31.015721
2026-04-05T18:00,8.1,87,6.1,4.1,100,0.2,0.2,0.0,0.0,0.0,51,1003.4,1001.6,100,28240.0,21.2,39.6,riga,2026-04-05T07:51:31.015721
2026-04-05T19:00,8.1,91,6.7,4.7,74,0.0,0.0,0.0,0.0,0.0,3,1003.3,1001.5,100,33080.0,17.3,37.1,riga,2026-04-05T07:51:31.015721
2026-04-05T20:00,8.0,91,6.7,4.9,32,0.0,0.0,0.0,0.0,0.0,3,1003.3,1001.5,97,37060.0,15.8,30.2,riga,2026-04-05T07:51:31.015721
2026-04-05T21:00,7.2,85,4.9,3.3,0,0.0,0.0,0.0,0.0,0.0,3,1003.2,1001.4,82,37060.0,18.4,32.4,riga,2026-04-05T07:51:31.015721
2026-04-05T22:00,6.2,85,3.9,1.9,0,0.0,0.0,0.0,0.0,0.0,3,1003.1,1001.3,89,39720.0,20.2,35.3,riga,2026-04-05T07:51:31.015721
2026-04-05T23:00,5.2,86,3.0,0.7,0,0.0,0.0,0.0,0.0,0.0,0,1003.0,1001.2,4,39700.0,19.8,36.0,riga,2026-04-05T07:51:31.015721
2026-04-05T00:00,15.1,59,7.2,13.7,30,0.0,0.0,0.0,0.0,0.0,1,1017.4,1014.0,37,40960.0,4.7,8.3,beirut,2026-04-05T07:51:33.398007
2026-04-05T01:00,14.8,64,8.1,13.6,75,0.0,0.0,0.0,0.0,0.0,2,1017.2,1013.8,66,40240.0,5.2,14.8,beirut,2026-04-05T07:51:33.398007
2026-04-05T02:00,14.4,74,9.9,13.4,80,0.0,0.0,0.0,0.0,0.0,2,1017.4,1014.0,65,36980.0,6.8,13.7,beirut,2026-04-05T07:51:33.398007
2026-04-05T03:00,14.1,75,9.8,12.8,80,0.0,0.0,0.0,0.0,0.0,1,1017.2,1013.8,59,35700.0,9.1,16.6,beirut,2026-04-05T07:51:33.398007
2026-04-05T04:00,14.5,72,9.6,13.4,78,0.1,0.0,0.1,0.0,0.0,1,1017.8,1014.4,30,37520.0,7.3,15.5,beirut,2026-04-05T07:51:33.398007
2026-04-05T05:00,15.7,64,9.0,14.4,75,0.0,0.0,0.0,0.0,0.0,1,1017.7,1014.3,28,39660.0,7.2,13.7,beirut,2026-04-05T07:51:33.398007
2026-04-05T06:00,16.5,61,9.0,14.6,65,0.0,0.0,0.0,0.0,0.0,2,1018.1,1014.7,47,39980.0,11.3,19.8,beirut,2026-04-05T07:51:33.398007
2026-04-05T07:00,16.9,65,10.3,15.0,55,0.0,0.0,0.0,0.0,0.0,0,1018.5,1015.1,18,38520.0,13.8,24.1,beirut,2026-04-05T07:51:33.398007
2026-04-05T08:00,17.1,70,11.6,15.7,50,0.0,0.0,0.0,0.0,0.0,0,1018.6,1015.2,9,35220.0,17.3,30.2,beirut,2026-04-05T07:51:33.398007
2026-04-05T09:00,17.5,68,11.6,16.7,28,0.0,0.0,0.0,0.0,0.0,1,1018.7,1015.4,24,35700.0,18.4,32.0,beirut,2026-04-05T07:51:33.398007
2026-04-05T10:00,17.5,68,11.6,16.6,28,0.0,0.0,0.0,0.0,0.0,1,1018.5,1015.2,30,35440.0,19.9,34.6,beirut,2026-04-05T07:51:33.398007
2026-04-05T11:00,17.6,71,12.3,17.0,15,0.0,0.0,0.0,0.0,0.0,1,1018.4,1015.1,40,32960.0,19.4,34.6,beirut,2026-04-05T07:51:33.398007
2026-04-05T12:00,17.4,72,12.3,16.4,20,0.0,0.0,0.0,0.0,0.0,1,1018.2,1014.9,38,32700.0,19.1,33.5,beirut,2026-04-05T07:51:33.398007
2026-04-05T13:00,17.1,74,12.4,15.4,20,0.0,0.0,0.0,0.0,0.0,1,1017.8,1014.5,43,31680.0,18.6,33.5,beirut,2026-04-05T07:51:33.398007
2026-04-05T14:00,16.9,72,11.8,15.0,23,0.0,0.0,0.0,0.0,0.0,1,1017.7,1014.4,45,34060.0,16.8,32.4,beirut,2026-04-05T07:51:33.398007
2026-04-05T15:00,16.5,75,12.1,15.0,23,0.0,0.0,0.0,0.0,0.0,1,1017.6,1014.2,40,33680.0,14.8,29.2,beirut,2026-04-05T07:51:33.398007
2026-04-05T16:00,16.0,77,12.0,14.8,40,0.0,0.0,0.0,0.0,0.0,1,1018.0,1014.6,23,32960.0,12.7,25.6,beirut,2026-04-05T07:51:33.398007
2026-04-05T17:00,15.7,80,12.3,15.2,46,0.0,0.0,0.0,0.0,0.0,1,1018.3,1014.9,14,31640.0,9.0,21.6,beirut,2026-04-05T07:51:33.398007
2026-04-05T18:00,15.5,81,12.3,15.3,58,0.0,0.0,0.0,0.0,0.0,0,1018.9,1015.5,2,31420.0,6.8,15.5,beirut,2026-04-05T07:51:33.398007
2026-04-05T19:00,15.4,77,11.4,15.2,53,0.0,0.0,0.0,0.0,0.0,0,1018.6,1015.2,0,34720.0,4.7,11.9,beirut,2026-04-05T07:51:33.398007
2026-04-05T20:00,15.2,72,10.2,14.7,58,0.0,0.0,0.0,0.0,0.0,1,1018.4,1015.0,8,37540.0,4.0,9.4,beirut,2026-04-05T07:51:33.398007
2026-04-05T21:00,15.0,71,9.8,14.4,50,0.0,0.0,0.0,0.0,0.0,1,1018.2,1014.8,18,38160.0,3.8,8.3,beirut,2026-04-05T07:51:33.398007
2026-04-05T22:00,14.6,75,10.3,14.2,38,0.0,0.0,0.0,0.0,0.0,1,1018.3,1014.9,8,36520.0,3.8,6.5,beirut,2026-04-05T07:51:33.398007
2026-04-05T23:00,14.4,76,10.3,14.0,25,0.0,0.0,0.0,0.0,0.0,1,1018.0,1014.6,37,36220.0,4.0,6.8,beirut,2026-04-05T07:51:33.398007
2026-04-05T00:00,13.6,91,12.2,12.8,88,1.0,0.3,0.7,0.0,0.0,80,1023.0,1021.2,100,17220.0,10.3,29.9,tripoli,2026-04-05T07:51:35.775836
2026-04-05T01:00,13.7,91,12.3,12.9,98,0.9,0.0,0.9,0.0,0.0,80,1022.6,1020.8,100,18300.0,10.1,28.4,tripoli,2026-04-05T07:51:35.775836
2026-04-05T02:00,13.8,91,12.3,13.0,100,0.9,0.0,0.9,0.0,0.0,80,1021.9,1020.1,99,18240.0,10.0,26.3,tripoli,2026-04-05T07:51:35.775836
2026-04-05T03:00,13.8,91,12.3,13.2,98,0.6,0.0,0.6,0.0,0.0,80,1022.2,1020.4,97,18560.0,8.9,25.2,tripoli,2026-04-05T07:51:35.775836
2026-04-05T04:00,13.7,90,12.1,13.4,100,0.5,0.0,0.5,0.0,0.0,80,1022.3,1020.5,96,20180.0,6.6,21.6,tripoli,2026-04-05T07:51:35.775836
2026-04-05T05:00,13.6,90,12.0,13.6,95,0.4,0.0,0.4,0.0,0.0,80,1023.0,1021.2,76,20080.0,4.4,17.3,tripoli,2026-04-05T07:51:35.775836
2026-04-05T06:00,14.1,86,11.7,14.1,93,0.0,0.0,0.0,0.0,0.0,2,1023.7,1021.9,73,25400.0,3.3,14.4,tripoli,2026-04-05T07:51:35.775836
2026-04-05T07:00,14.4,83,11.5,14.1,83,0.2,0.0,0.2,0.0,0.0,2,1023.8,1022.0,81,26880.0,5.5,17.6,tripoli,2026-04-05T07:51:35.775836
2026-04-05T08:00,15.1,82,12.0,14.8,63,0.3,0.0,0.3,0.0,0.0,80,1024.7,1022.9,79,26080.0,6.1,19.8,tripoli,2026-04-05T07:51:35.775836
2026-04-05T09:00,16.0,72,11.0,15.4,53,0.1,0.0,0.1,0.0,0.0,2,1025.0,1023.2,58,34200.0,6.8,19.8,tripoli,2026-04-05T07:51:35.775836
2026-04-05T10:00,16.9,68,11.0,16.9,43,0.0,0.0,0.0,0.0,0.0,1,1025.3,1023.5,54,35960.0,8.1,23.0,tripoli,2026-04-05T07:51:35.775836
2026-04-05T11:00,17.4,65,10.8,17.8,35,0.0,0.0,0.0,0.0,0.0,3,1025.4,1023.6,98,36860.0,9.4,26.3,tripoli,2026-04-05T07:51:35.775836
2026-04-05T12:00,17.6,64,10.7,17.9,23,0.0,0.0,0.0,0.0,0.0,3,1025.3,1023.5,98,36960.0,10.0,27.7,tripoli,2026-04-05T07:51:35.775836
2026-04-05T13:00,17.5,66,11.1,17.5,10,0.0,0.0,0.0,0.0,0.0,2,1025.2,1023.4,58,36700.0,10.8,29.2,tripoli,2026-04-05T07:51:35.775836
2026-04-05T14:00,17.3,69,11.6,16.9,10,0.0,0.0,0.0,0.0,0.0,1,1024.6,1022.8,47,34440.0,10.8,29.5,tripoli,2026-04-05T07:51:35.775836
2026-04-05T15:00,17.0,72,11.9,16.0,18,0.0,0.0,0.0,0.0,0.0,2,1024.5,1022.7,55,32580.0,10.6,29.5,tripoli,2026-04-05T07:51:35.775836
2026-04-05T16:00,16.6,74,12.0,15.9,8,0.0,0.0,0.0,0.0,0.0,2,1025.1,1023.3,66,32960.0,9.7,28.4,tripoli,2026-04-05T07:51:35.775836
2026-04-05T17:00,16.1,75,11.7,15.4,0,0.0,0.0,0.0,0.0,0.0,3,1025.4,1023.6,100,33460.0,8.5,25.9,tripoli,2026-04-05T07:51:35.775836
2026-04-05T18:00,15.7,79,12.1,15.4,0,0.0,0.0,0.0,0.0,0.0,3,1026.0,1024.2,86,31300.0,6.8,22.0,tripoli,2026-04-05T07:51:35.775836
2026-04-05T19:00,15.4,81,12.2,15.3,0,0.0,0.0,0.0,0.0,0.0,1,1026.0,1024.2,46,30160.0,5.0,16.9,tripoli,2026-04-05T07:51:35.775836
2026-04-05T20:00,15.2,84,12.5,15.4,0,0.0,0.0,0.0,0.0,0.0,1,1026.4,1024.6,41,28460.0,4.2,12.6,tripoli,2026-04-05T07:51:35.775836
2026-04-05T21:00,15.0,85,12.5,15.4,5,0.0,0.0,0.0,0.0,0.0,1,1026.5,1024.7,43,27620.0,2.8,11.2,tripoli,2026-04-05T07:51:35.775836
2026-04-05T22:00,14.7,89,12.9,15.2,8,0.0,0.0,0.0,0.0,0.0,2,1026.9,1025.1,56,24420.0,2.5,6.5,tripoli,2026-04-05T07:51:35.775836
2026-04-05T23:00,14.4,92,13.1,14.7,8,0.0,0.0,0.0,0.0,0.0,2,1027.1,1025.3,67,19640.0,4.0,9.4,tripoli,2026-04-05T07:51:35.775836
2026-04-05T00:00,9.0,97,8.6,7.6,0,0.0,0.0,0.0,0.0,0.0,3,1017.9,980.6,100,2600.0,7.6,11.5,luxembourg,2026-04-05T07:51:38.152942
2026-04-05T01:00,9.7,95,8.9,7.9,0,0.0,0.0,0.0,0.0,0.0,3,1017.2,979.9,100,5020.0,10.1,16.9,luxembourg,2026-04-05T07:51:38.152942
2026-04-05T02:00,9.2,94,8.3,7.5,0,0.0,0.0,0.0,0.0,0.0,3,1016.4,979.1,100,5660.0,9.0,15.1,luxembourg,2026-04-05T07:51:38.152942
2026-04-05T03:00,8.9,94,8.0,6.9,0,0.0,0.0,0.0,0.0,0.0,3,1016.1,978.9,100,7320.0,9.7,15.8,luxembourg,2026-04-05T07:51:38.152942
2026-04-05T04:00,10.2,91,8.8,7.9,0,0.0,0.0,0.0,0.0,0.0,3,1015.8,978.6,99,7640.0,14.0,25.9,luxembourg,2026-04-05T07:51:38.152942
2026-04-05T05:00,10.4,90,8.9,8.0,0,0.0,0.0,0.0,0.0,0.0,2,1016.0,978.8,70,8420.0,14.8,28.8,luxembourg,2026-04-05T07:51:38.152942
2026-04-05T06:00,10.8,88,8.9,7.9,0,0.0,0.0,0.0,0.0,0.0,3,1016.8,979.5,100,9460.0,18.4,35.3,luxembourg,2026-04-05T07:51:38.152942
2026-04-05T07:00,11.2,84,8.6,8.3,0,0.0,0.0,0.0,0.0,0.0,3,1017.7,980.5,100,11780.0,18.0,38.9,luxembourg,2026-04-05T07:51:38.152942
2026-04-05T08:00,11.4,83,8.6,8.0,0,0.0,0.0,0.0,0.0,0.0,3,1018.5,981.3,100,50000.0,20.5,40.0,luxembourg,2026-04-05T07:51:38.152942
2026-04-05T09:00,11.3,82,8.4,8.0,0,0.0,0.0,0.0,0.0,0.0,3,1019.1,982.0,100,12560.0,19.8,40.0,luxembourg,2026-04-05T07:51:38.152942
2026-04-05T10:00,12.1,77,8.2,9.1,6,0.0,0.0,0.0,0.0,0.0,3,1019.9,982.7,100,50000.0,18.0,39.2,luxembourg,2026-04-05T07:51:38.152942
2026-04-05T11:00,11.8,78,8.1,8.9,16,0.0,0.0,0.0,0.0,0.0,3,1020.0,982.8,100,14720.0,16.6,36.4,luxembourg,2026-04-05T07:51:38.152942
2026-04-05T12:00,11.9,77,8.0,9.0,25,0.0,0.0,0.0,0.0,0.0,3,1020.4,983.2,100,50000.0,16.9,34.2,luxembourg,2026-04-05T07:51:38.152942
2026-04-05T13:00,11.6,77,7.7,8.6,36,0.1,0.1,0.0,0.0,0.0,51,1020.5,983.3,100,14920.0,16.9,36.4,luxembourg,2026-04-05T07:51:38.152942
2026-04-05T14:00,12.3,73,7.6,8.4,47,0.1,0.1,0.0,0.0,0.0,51,1020.8,983.7,100,17100.0,22.7,44.3,luxembourg,2026-04-05T07:51:38.152942
2026-04-05T15:00,12.5,72,7.6,9.1,51,0.0,0.0,0.0,0.0,0.0,3,1021.3,984.1,100,17360.0,19.1,43.6,luxembourg,2026-04-05T07:51:38.152942
2026-04-05T16:00,12.1,69,6.6,8.3,44,0.0,0.0,0.0,0.0,0.0,3,1021.9,984.5,100,28680.0,20.5,40.3,luxembourg,2026-04-05T07:51:38.152942
2026-04-05T17:00,10.9,75,6.7,8.0,32,0.1,0.1,0.0,0.0,0.0,51,1022.2,984.7,100,16340.0,14.4,40.3,luxembourg,2026-04-05T07:51:38.152942
2026-04-05T18:00,10.3,73,5.7,7.2,20,0.0,0.0,0.0,0.0,0.0,3,1023.1,985.4,94,17060.0,13.7,29.5,luxembourg,2026-04-05T07:51:38.152942
2026-04-05T19:00,9.2,77,5.4,6.6,12,0.0,0.0,0.0,0.0,0.0,3,1023.9,986.0,99,50000.0,9.7,25.9,luxembourg,2026-04-05T07:51:38.152942
2026-04-05T20:00,8.4,74,4.0,5.5,5,0.0,0.0,0.0,0.0,0.0,2,1024.8,986.8,70,16520.0,10.1,20.5,luxembourg,2026-04-05T07:51:38.152942
2026-04-05T21:00,7.4,80,4.2,5.0,0,0.0,0.0,0.0,0.0,0.0,3,1025.7,987.6,81,50000.0,7.2,18.4,luxembourg,2026-04-05T07:51:38.152942
2026-04-05T22:00,7.1,83,4.4,4.8,0,0.0,0.0,0.0,0.0,0.0,2,1026.2,987.9,50,12120.0,6.8,11.9,luxembourg,2026-04-05T07:51:38.152942
2026-04-05T23:00,6.4,85,4.1,3.9,0,0.0,0.0,0.0,0.0,0.0,3,1027.2,988.8,94,10940.0,7.6,11.9,luxembourg,2026-04-05T07:51:38.152942
2026-04-05T00:00,25.7,90,24.0,31.3,13,0.0,0.0,0.0,0.0,0.0,3,1009.4,1004.9,100,24140.0,3.4,7.6,kuala_lumpur,2026-04-05T07:52:55.835304
2026-04-05T01:00,26.4,88,24.2,32.1,50,1.1,0.0,1.1,0.0,0.0,95,1010.4,1005.9,100,20460.0,4.1,8.3,kuala_lumpur,2026-04-05T07:52:55.835304
2026-04-05T02:00,27.3,84,24.4,33.1,65,1.2,0.0,1.1,0.0,0.0,95,1010.9,1006.4,100,24140.0,4.0,9.4,kuala_lumpur,2026-04-05T07:52:55.835304
2026-04-05T03:00,28.3,80,24.5,34.1,50,1.0,0.0,1.0,0.0,0.0,95,1011.1,1006.6,100,24140.0,4.2,9.7,kuala_lumpur,2026-04-05T07:52:55.835304
2026-04-05T04:00,29.9,74,24.8,36.7,55,0.3,0.0,0.3,0.0,0.0,80,1010.6,1006.2,100,24140.0,4.5,11.5,kuala_lumpur,2026-04-05T07:52:55.835304
2026-04-05T05:00,31.1,70,25.0,38.4,63,0.1,0.0,0.1,0.0,0.0,3,1010.1,1005.7,100,24140.0,5.2,12.6,kuala_lumpur,2026-04-05T07:52:55.835304
2026-04-05T06:00,32.1,64,24.4,38.6,73,0.2,0.0,0.2,0.0,0.0,80,1009.0,1004.6,100,19820.0,5.6,13.3,kuala_lumpur,2026-04-05T07:52:55.835304
2026-04-05T07:00,30.9,71,25.0,36.0,80,2.4,0.0,2.4,0.0,0.0,96,1007.9,1003.5,100,17500.0,11.0,23.0,kuala_lumpur,2026-04-05T07:52:55.835304
2026-04-05T08:00,30.5,74,25.3,36.2,98,1.9,0.0,1.9,0.0,0.0,95,1006.9,1002.5,100,16740.0,8.8,22.3,kuala_lumpur,2026-04-05T07:52:55.835304
2026-04-05T09:00,30.5,74,25.4,36.5,100,0.7,0.0,0.7,0.0,0.0,80,1006.8,1002.4,100,20920.0,7.3,18.4,kuala_lumpur,2026-04-05T07:52:55.835304
2026-04-05T10:00,30.0,74,24.9,35.6,100,1.1,0.0,1.1,0.0,0.0,95,1007.2,1002.8,100,24140.0,7.5,16.2,kuala_lumpur,2026-04-05T07:52:55.835304
2026-04-05T11:00,29.2,76,24.5,34.7,83,2.5,0.0,2.5,0.0,0.0,96,1008.1,1003.7,100,24140.0,6.1,15.1,kuala_lumpur,2026-04-05T07:52:55.835304
2026-04-05T12:00,28.5,79,24.5,34.4,88,1.7,0.0,1.7,0.0,0.0,95,1008.9,1004.5,100,19040.0,3.3,11.5,kuala_lumpur,2026-04-05T07:52:55.835304
2026-04-05T13:00,28.1,83,24.9,34.6,65,1.4,0.0,1.3,0.0,0.0,95,1009.8,1005.3,100,3840.0,1.5,5.8,kuala_lumpur,2026-04-05T07:52:55.835304
2026-04-05T14:00,27.8,83,24.7,33.9,50,1.0,0.0,1.0,0.0,0.0,80,1010.7,1006.2,100,19960.0,3.2,6.8,kuala_lumpur,2026-04-05T07:52:55.835304
2026-04-05T15:00,27.6,84,24.7,33.8,25,0.0,0.0,0.0,0.0,0.0,3,1011.2,1006.7,100,24140.0,2.7,6.5,kuala_lumpur,2026-04-05T07:52:55.835304
2026-04-05T16:00,27.3,86,24.8,33.7,15,0.0,0.0,0.0,0.0,0.0,3,1011.6,1007.1,100,20460.0,1.6,5.0,kuala_lumpur,2026-04-05T07:52:55.835304
2026-04-05T17:00,27.0,87,24.6,33.2,8,0.0,0.0,0.0,0.0,0.0,3,1011.5,1007.0,96,22860.0,1.8,2.9,kuala_lumpur,2026-04-05T07:52:55.835304
2026-04-05T18:00,26.6,89,24.7,32.8,5,0.0,0.0,0.0,0.0,0.0,3,1010.6,1006.1,100,15080.0,2.3,4.0,kuala_lumpur,2026-04-05T07:52:55.835304
2026-04-05T19:00,26.4,90,24.6,32.7,5,0.0,0.0,0.0,0.0,0.0,3,1009.8,1005.3,100,24140.0,1.4,4.0,kuala_lumpur,2026-04-05T07:52:55.835304
2026-04-05T20:00,26.1,91,24.5,32.3,3,0.0,0.0,0.0,0.0,0.0,3,1009.2,1004.7,100,24140.0,1.8,3.2,kuala_lumpur,2026-04-05T07:52:55.835304
2026-04-05T21:00,25.8,92,24.4,32.0,5,0.0,0.0,0.0,0.0,0.0,3,1009.3,1004.8,100,24140.0,1.5,2.9,kuala_lumpur,2026-04-05T07:52:55.835304
2026-04-05T22:00,25.7,92,24.3,31.7,5,0.0,0.0,0.0,0.0,0.0,3,1009.7,1005.2,100,24140.0,1.9,3.6,kuala_lumpur,2026-04-05T07:52:55.835304
2026-04-05T23:00,25.6,93,24.4,31.7,8,0.0,0.0,0.0,0.0,0.0,3,1010.1,1005.6,100,24140.0,1.9,3.2,kuala_lumpur,2026-04-05T07:52:55.835304
2026-04-05T00:00,11.1,92,9.9,10.6,0,0.0,0.0,0.0,0.0,0.0,1,1021.7,1015.0,49,20100.0,4.0,7.6,valletta,2026-04-05T07:53:33.364962
2026-04-05T01:00,10.9,91,9.5,10.2,0,0.0,0.0,0.0,0.0,0.0,2,1021.7,1015.0,70,20740.0,4.0,8.3,valletta,2026-04-05T07:53:33.364962
2026-04-05T02:00,10.9,91,9.4,10.1,3,0.0,0.0,0.0,0.0,0.0,3,1021.1,1014.4,86,21060.0,4.0,8.3,valletta,2026-04-05T07:53:33.364962
2026-04-05T03:00,10.9,91,9.5,10.3,0,0.0,0.0,0.0,0.0,0.0,2,1021.7,1015.0,82,21520.0,4.0,8.3,valletta,2026-04-05T07:53:33.364962
2026-04-05T04:00,11.0,92,9.7,10.4,0,0.0,0.0,0.0,0.0,0.0,2,1021.5,1014.8,53,19280.0,4.0,9.0,valletta,2026-04-05T07:53:33.364962
2026-04-05T05:00,11.0,92,9.7,10.4,0,0.0,0.0,0.0,0.0,0.0,1,1022.1,1015.4,26,19820.0,4.0,9.4,valletta,2026-04-05T07:53:33.364962
2026-04-05T06:00,12.1,91,10.7,11.9,0,0.0,0.0,0.0,0.0,0.0,1,1022.7,1016.0,39,20900.0,3.4,9.4,valletta,2026-04-05T07:53:33.364962
2026-04-05T07:00,15.4,79,11.8,15.3,0,0.0,0.0,0.0,0.0,0.0,1,1022.8,1016.2,36,31640.0,4.6,13.0,valletta,2026-04-05T07:53:33.364962
2026-04-05T08:00,17.2,70,11.7,16.7,0,0.0,0.0,0.0,0.0,0.0,1,1023.6,1017.0,6,36160.0,7.1,17.6,valletta,2026-04-05T07:53:33.364962
2026-04-05T09:00,18.2,63,11.0,18.1,3,0.0,0.0,0.0,0.0,0.0,2,1024.1,1017.5,36,38440.0,7.5,21.2,valletta,2026-04-05T07:53:33.364962
2026-04-05T10:00,18.9,54,9.4,18.6,3,0.0,0.0,0.0,0.0,0.0,2,1024.4,1017.8,32,40500.0,8.1,22.3,valletta,2026-04-05T07:53:33.364962
2026-04-05T11:00,19.1,53,9.3,18.9,0,0.0,0.0,0.0,0.0,0.0,2,1024.5,1017.9,69,40460.0,9.0,22.7,valletta,2026-04-05T07:53:33.364962
2026-04-05T12:00,19.3,51,8.9,18.9,3,0.0,0.0,0.0,0.0,0.0,2,1024.4,1017.8,68,40720.0,8.7,22.3,valletta,2026-04-05T07:53:33.364962
2026-04-05T13:00,19.2,51,8.9,18.5,5,0.0,0.0,0.0,0.0,0.0,1,1024.3,1017.7,22,40640.0,8.9,22.0,valletta,2026-04-05T07:53:33.364962
2026-04-05T14:00,19.0,55,9.8,18.2,0,0.0,0.0,0.0,0.0,0.0,1,1023.7,1017.1,43,40380.0,8.2,21.6,valletta,2026-04-05T07:53:33.364962
2026-04-05T15:00,18.9,56,9.9,17.7,0,0.0,0.0,0.0,0.0,0.0,2,1023.6,1017.0,72,40280.0,8.0,22.0,valletta,2026-04-05T07:53:33.364962
2026-04-05T16:00,18.1,64,11.2,17.3,0,0.0,0.0,0.0,0.0,0.0,1,1024.2,1017.6,26,38740.0,8.2,22.7,valletta,2026-04-05T07:53:33.364962
2026-04-05T17:00,17.0,63,9.9,15.8,0,0.0,0.0,0.0,0.0,0.0,0,1024.6,1018.0,0,39360.0,7.9,21.2,valletta,2026-04-05T07:53:33.364962
2026-04-05T18:00,15.3,72,10.3,14.4,0,0.0,0.0,0.0,0.0,0.0,0,1025.0,1018.3,0,37040.0,6.6,18.7,valletta,2026-04-05T07:53:33.364962
2026-04-05T19:00,14.3,83,11.5,14.0,0,0.0,0.0,0.0,0.0,0.0,0,1025.1,1018.4,0,30220.0,5.1,15.1,valletta,2026-04-05T07:53:33.364962
2026-04-05T20:00,13.7,88,11.7,13.5,0,0.0,0.0,0.0,0.0,0.0,0,1025.3,1018.6,0,25580.0,5.1,11.5,valletta,2026-04-05T07:53:33.364962
2026-04-05T21:00,13.2,88,11.3,13.0,0,0.0,0.0,0.0,0.0,0.0,0,1025.3,1018.6,0,24960.0,4.2,10.8,valletta,2026-04-05T07:53:33.364962
2026-04-05T22:00,12.6,86,10.3,12.1,0,0.0,0.0,0.0,0.0,0.0,1,1025.7,1019.0,8,27800.0,4.4,9.7,valletta,2026-04-05T07:53:33.364962
2026-04-05T23:00,12.0,85,9.6,11.3,0,0.0,0.0,0.0,0.0,0.0,0,1025.8,1019.1,0,28520.0,4.3,10.4,valletta,2026-04-05T07:53:33.364962
2026-04-05T00:00,18.5,61,10.8,18.3,70,0.1,0.0,0.1,0.0,0.0,3,1015.9,787.3,100,4740.0,3.1,34.2,mexico_city,2026-04-05T07:53:35.744507
2026-04-05T01:00,17.1,67,10.9,15.8,45,2.6,0.1,2.5,0.0,0.0,81,1015.7,786.2,100,5540.0,11.1,28.8,mexico_city,2026-04-05T07:53:35.744507
2026-04-05T02:00,17.0,65,10.3,16.1,13,0.0,0.0,0.0,0.0,0.0,1,1016.1,786.4,8,4840.0,6.8,28.4,mexico_city,2026-04-05T07:53:35.744507
2026-04-05T03:00,16.2,67,10.1,15.2,0,0.0,0.0,0.0,0.0,0.0,0,1017.0,786.6,0,24140.0,7.2,16.6,mexico_city,2026-04-05T07:53:35.744507
2026-04-05T04:00,15.5,71,10.2,14.9,0,0.0,0.0,0.0,0.0,0.0,0,1017.8,786.7,0,24140.0,4.7,15.8,mexico_city,2026-04-05T07:53:35.744507
2026-04-05T05:00,14.6,75,10.2,14.1,0,0.0,0.0,0.0,0.0,0.0,0,1017.4,785.8,0,24140.0,3.9,10.4,mexico_city,2026-04-05T07:53:35.744507
2026-04-05T06:00,14.0,78,10.2,13.5,0,0.0,0.0,0.0,0.0,0.0,0,1016.9,785.0,0,24140.0,3.6,7.9,mexico_city,2026-04-05T07:53:35.744507
2026-04-05T07:00,13.6,78,9.9,13.0,0,0.0,0.0,0.0,0.0,0.0,0,1016.4,784.4,0,24140.0,3.9,9.0,mexico_city,2026-04-05T07:53:35.744507
2026-04-05T08:00,13.1,79,9.5,12.6,0,0.0,0.0,0.0,0.0,0.0,0,1016.8,784.3,0,24140.0,2.6,8.6,mexico_city,2026-04-05T07:53:35.744507
2026-04-05T09:00,12.4,85,9.9,11.9,3,0.0,0.0,0.0,0.0,0.0,1,1018.3,785.0,31,24140.0,3.3,8.6,mexico_city,2026-04-05T07:53:35.744507
2026-04-05T10:00,12.2,86,9.9,11.3,5,0.0,0.0,0.0,0.0,0.0,2,1017.9,784.5,71,24140.0,5.8,14.4,mexico_city,2026-04-05T07:53:35.744507
2026-04-05T11:00,12.5,83,9.7,11.9,0,0.0,0.0,0.0,0.0,0.0,3,1017.9,784.7,87,24140.0,3.6,14.0,mexico_city,2026-04-05T07:53:35.744507
2026-04-05T12:00,12.6,85,10.2,12.2,0,0.0,0.0,0.0,0.0,0.0,3,1019.0,785.7,84,24140.0,3.6,9.0,mexico_city,2026-04-05T07:53:35.744507
2026-04-05T13:00,12.5,89,10.8,12.3,0,0.0,0.0,0.0,0.0,0.0,3,1020.5,786.8,82,24140.0,2.9,10.8,mexico_city,2026-04-05T07:53:35.744507
2026-04-05T14:00,13.1,84,10.4,12.5,0,0.0,0.0,0.0,0.0,0.0,2,1021.4,787.8,80,24140.0,5.1,14.0,mexico_city,2026-04-05T07:53:35.744507
2026-04-05T15:00,14.5,73,9.7,13.4,0,0.0,0.0,0.0,0.0,0.0,2,1021.9,789.2,72,24140.0,6.5,18.4,mexico_city,2026-04-05T07:53:35.744507
2026-04-05T16:00,16.3,61,8.7,15.1,0,0.0,0.0,0.0,0.0,0.0,2,1021.2,789.9,56,24140.0,6.0,19.1,mexico_city,2026-04-05T07:53:35.744507
2026-04-05T17:00,18.4,50,7.8,18.0,3,0.0,0.0,0.0,0.0,0.0,2,1020.3,790.6,53,24140.0,6.6,20.5,mexico_city,2026-04-05T07:53:35.744507
2026-04-05T18:00,20.5,42,7.1,20.5,20,0.0,0.0,0.0,0.0,0.0,1,1018.6,790.7,22,24140.0,8.7,25.2,mexico_city,2026-04-05T07:53:35.744507
2026-04-05T19:00,22.1,36,6.3,21.9,38,0.0,0.0,0.0,0.0,0.0,3,1016.4,790.1,100,24140.0,10.8,31.3,mexico_city,2026-04-05T07:53:35.744507
2026-04-05T20:00,23.2,31,5.1,22.6,43,0.1,0.0,0.1,0.0,0.0,3,1014.6,789.4,100,24140.0,9.2,31.0,mexico_city,2026-04-05T07:53:35.744507
2026-04-05T21:00,22.9,32,5.3,21.6,80,0.2,0.0,0.2,0.0,0.0,80,1013.7,788.5,100,24140.0,6.5,26.3,mexico_city,2026-04-05T07:53:35.744507
2026-04-05T22:00,22.8,32,5.3,20.9,70,0.0,0.0,0.1,0.0,0.0,3,1012.6,787.6,100,24140.0,5.2,19.4,mexico_city,2026-04-05T07:53:35.744507
2026-04-05T23:00,20.1,49,9.0,17.3,78,0.3,0.0,0.3,0.0,0.0,80,1015.1,787.7,100,11860.0,17.4,45.0,mexico_city,2026-04-05T07:53:35.744507
2026-04-05T00:00,7.0,72,2.3,4.7,0,0.0,0.0,0.0,0.0,0.0,1,1017.4,1006.3,1,37540.0,4.0,9.4,chisinau,2026-04-05T07:53:38.124027
2026-04-05T01:00,6.8,72,2.1,4.4,0,0.0,0.0,0.0,0.0,0.0,1,1017.5,1006.4,16,37500.0,4.4,9.7,chisinau,2026-04-05T07:53:38.124027
2026-04-05T02:00,6.8,70,1.7,4.4,0,0.0,0.0,0.0,0.0,0.0,2,1018.0,1006.9,46,38260.0,4.0,10.4,chisinau,2026-04-05T07:53:38.124027
2026-04-05T03:00,7.1,70,2.0,4.6,0,0.0,0.0,0.0,0.0,0.0,2,1018.8,1007.7,53,38360.0,4.7,10.4,chisinau,2026-04-05T07:53:38.124027
2026-04-05T04:00,8.0,64,1.6,5.2,0,0.0,0.0,0.0,0.0,0.0,1,1019.0,1007.9,41,39860.0,5.9,14.4,chisinau,2026-04-05T07:53:38.124027
2026-04-05T05:00,9.5,62,2.5,6.6,0,0.0,0.0,0.0,0.0,0.0,2,1019.5,1008.5,68,40140.0,8.0,18.4,chisinau,2026-04-05T07:53:38.124027
2026-04-05T06:00,11.4,59,3.7,8.3,0,0.0,0.0,0.0,0.0,0.0,1,1019.8,1008.9,26,40200.0,11.0,24.8,chisinau,2026-04-05T07:53:38.124027
2026-04-05T07:00,13.3,56,4.7,9.9,0,0.0,0.0,0.0,0.0,0.0,1,1020.6,1009.7,18,40280.0,14.3,33.5,chisinau,2026-04-05T07:53:38.124027
2026-04-05T08:00,14.7,55,5.7,11.6,0,0.0,0.0,0.0,0.0,0.0,1,1020.7,1009.9,21,40280.0,14.3,34.2,chisinau,2026-04-05T07:53:38.124027
2026-04-05T09:00,16.0,51,5.8,13.5,0,0.0,0.0,0.0,0.0,0.0,2,1020.7,1009.9,54,40800.0,14.7,34.2,chisinau,2026-04-05T07:53:38.124027
2026-04-05T10:00,16.6,49,5.8,13.7,0,0.0,0.0,0.0,0.0,0.0,1,1020.7,1009.9,31,41180.0,15.9,37.1,chisinau,2026-04-05T07:53:38.124027
2026-04-05T11:00,17.2,44,4.8,14.5,0,0.0,0.0,0.0,0.0,0.0,2,1020.4,1009.7,59,41780.0,16.8,38.9,chisinau,2026-04-05T07:53:38.124027
2026-04-05T12:00,17.4,42,4.4,14.2,0,0.0,0.0,0.0,0.0,0.0,2,1020.1,1009.4,53,42240.0,16.3,38.9,chisinau,2026-04-05T07:53:38.124027
2026-04-05T13:00,17.6,41,4.2,14.1,0,0.0,0.0,0.0,0.0,0.0,1,1019.6,1008.9,27,42480.0,15.0,37.4,chisinau,2026-04-05T07:53:38.124027
2026-04-05T14:00,17.5,41,4.1,14.0,0,0.0,0.0,0.0,0.0,0.0,1,1019.2,1008.5,39,42780.0,14.7,34.9,chisinau,2026-04-05T07:53:38.124027
2026-04-05T15:00,17.2,39,3.1,13.6,0,0.0,0.0,0.0,0.0,0.0,0,1019.3,1008.6,1,43460.0,13.4,33.1,chisinau,2026-04-05T07:53:38.124027
2026-04-05T16:00,16.4,41,3.1,13.6,0,0.0,0.0,0.0,0.0,0.0,1,1019.2,1008.4,5,42980.0,8.2,30.2,chisinau,2026-04-05T07:53:38.124027
2026-04-05T17:00,14.6,51,4.5,12.7,0,0.0,0.0,0.0,0.0,0.0,0,1019.9,1009.1,0,41620.0,3.8,17.3,chisinau,2026-04-05T07:53:38.124027
2026-04-05T18:00,12.9,60,5.3,11.3,0,0.0,0.0,0.0,0.0,0.0,0,1020.2,1009.3,0,40520.0,3.3,8.3,chisinau,2026-04-05T07:53:38.124027
2026-04-05T19:00,11.4,69,5.9,9.8,0,0.0,0.0,0.0,0.0,0.0,0,1020.2,1009.2,5,38580.0,3.4,7.6,chisinau,2026-04-05T07:53:38.124027
2026-04-05T20:00,10.1,77,6.3,8.7,0,0.0,0.0,0.0,0.0,0.0,0,1019.9,1008.9,1,34920.0,3.3,7.9,chisinau,2026-04-05T07:53:38.124027
2026-04-05T21:00,9.3,82,6.3,7.8,0,0.0,0.0,0.0,0.0,0.0,1,1020.0,1009.0,6,31360.0,3.6,7.9,chisinau,2026-04-05T07:53:38.124027
2026-04-05T22:00,8.6,85,6.2,7.1,0,0.0,0.0,0.0,0.0,0.0,1,1020.0,1008.9,14,27320.0,3.4,8.3,chisinau,2026-04-05T07:53:38.124027
2026-04-05T23:00,8.3,85,5.9,6.8,0,0.0,0.0,0.0,0.0,0.0,0,1019.9,1008.8,0,28260.0,3.5,8.6,chisinau,2026-04-05T07:53:38.124027
2026-04-05T00:00,14.5,80,11.1,14.1,0,0.0,0.0,0.0,0.0,0.0,2,1017.5,999.9,39,25840.0,4.7,11.5,casablanca,2026-04-05T07:54:15.655888
2026-04-05T01:00,13.9,84,11.3,13.6,0,0.0,0.0,0.0,0.0,0.0,1,1017.3,999.7,15,22640.0,4.8,14.8,casablanca,2026-04-05T07:54:15.655888
2026-04-05T02:00,13.7,88,11.8,13.5,0,0.0,0.0,0.0,0.0,0.0,0,1016.5,998.9,2,19380.0,5.0,16.2,casablanca,2026-04-05T07:54:15.655888
2026-04-05T03:00,13.7,90,12.1,13.5,0,0.0,0.0,0.0,0.0,0.0,0,1016.6,999.0,0,16780.0,5.4,16.9,casablanca,2026-04-05T07:54:15.655888
2026-04-05T04:00,13.6,86,11.3,13.2,0,0.0,0.0,0.0,0.0,0.0,0,1016.1,998.5,0,20700.0,5.6,18.7,casablanca,2026-04-05T07:54:15.655888
2026-04-05T05:00,13.5,78,9.8,12.7,0,0.0,0.0,0.0,0.0,0.0,2,1016.2,998.6,60,24840.0,5.4,18.7,casablanca,2026-04-05T07:54:15.655888
2026-04-05T06:00,13.2,74,8.6,12.0,0,0.0,0.0,0.0,0.0,0.0,3,1016.3,998.7,100,23980.0,5.3,18.0,casablanca,2026-04-05T07:54:15.655888
2026-04-05T07:00,13.4,68,7.6,12.0,0,0.0,0.0,0.0,0.0,0.0,3,1016.9,999.3,100,24100.0,5.5,18.4,casablanca,2026-04-05T07:54:15.655888
2026-04-05T08:00,15.7,61,8.2,14.7,0,0.0,0.0,0.0,0.0,0.0,3,1016.9,999.4,100,23340.0,4.0,18.4,casablanca,2026-04-05T07:54:15.655888
2026-04-05T09:00,19.3,56,10.3,19.2,0,0.0,0.0,0.0,0.0,0.0,3,1017.7,1000.4,100,25220.0,1.8,15.8,casablanca,2026-04-05T07:54:15.655888
2026-04-05T10:00,22.6,48,11.0,22.6,0,0.0,0.0,0.0,0.0,0.0,3,1017.9,1000.8,100,29320.0,2.2,13.3,casablanca,2026-04-05T07:54:15.655888
2026-04-05T11:00,25.2,45,12.4,26.1,0,0.0,0.0,0.0,0.0,0.0,3,1018.1,1001.1,100,40900.0,3.4,11.9,casablanca,2026-04-05T07:54:15.655888
2026-04-05T12:00,26.9,46,14.3,29.3,0,0.0,0.0,0.0,0.0,0.0,3,1017.6,1000.7,100,40340.0,4.7,13.7,casablanca,2026-04-05T07:54:15.655888
2026-04-05T13:00,27.5,44,14.2,29.6,0,0.0,0.0,0.0,0.0,0.0,3,1017.2,1000.4,100,36840.0,6.2,13.3,casablanca,2026-04-05T07:54:15.655888
2026-04-05T14:00,26.8,42,12.8,28.0,0,0.0,0.0,0.0,0.0,0.0,1,1016.9,1000.0,35,37880.0,8.9,27.4,casablanca,2026-04-05T07:54:15.655888
2026-04-05T15:00,26.0,36,9.8,26.3,0,0.0,0.0,0.0,0.0,0.0,0,1016.4,999.5,4,41940.0,8.3,27.4,casablanca,2026-04-05T07:54:15.655888
2026-04-05T16:00,24.7,39,9.8,24.3,0,0.0,0.0,0.0,0.0,0.0,2,1016.4,999.4,37,43100.0,7.2,27.7,casablanca,2026-04-05T07:54:15.655888
2026-04-05T17:00,23.9,41,9.8,23.0,0,0.0,0.0,0.0,0.0,0.0,3,1016.7,999.7,96,43040.0,5.4,23.4,casablanca,2026-04-05T07:54:15.655888
2026-04-05T18:00,22.2,54,12.4,22.0,0,0.0,0.0,0.0,0.0,0.0,2,1016.7,999.6,55,41160.0,6.4,18.7,casablanca,2026-04-05T07:54:15.655888
2026-04-05T19:00,20.4,59,12.1,19.7,0,0.0,0.0,0.0,0.0,0.0,3,1017.9,1000.7,100,40340.0,9.7,28.4,casablanca,2026-04-05T07:54:15.655888
2026-04-05T20:00,20.4,54,10.8,20.4,0,0.0,0.0,0.0,0.0,0.0,2,1017.9,1000.7,72,41580.0,1.4,27.0,casablanca,2026-04-05T07:54:15.655888
2026-04-05T21:00,19.4,55,10.1,18.8,0,0.0,0.0,0.0,0.0,0.0,1,1018.1,1000.8,36,41240.0,4.4,14.4,casablanca,2026-04-05T07:54:15.655888
2026-04-05T22:00,18.3,59,10.1,17.6,0,0.0,0.0,0.0,0.0,0.0,3,1018.1,1000.7,85,40660.0,4.8,12.2,casablanca,2026-04-05T07:54:15.655888
2026-04-05T23:00,17.4,61,9.8,16.6,0,0.0,0.0,0.0,0.0,0.0,2,1017.7,1000.3,50,40200.0,5.4,16.2,casablanca,2026-04-05T07:54:15.655888
2026-04-05T00:00,15.6,68,9.7,15.0,0,0.0,0.0,0.0,0.0,0.0,2,1019.1,964.4,91,38380.0,3.8,10.1,marrakesh,2026-04-05T07:54:53.201529
2026-04-05T01:00,14.5,72,9.5,13.7,0,0.0,0.0,0.0,0.0,0.0,3,1018.9,964.0,94,36580.0,4.7,11.2,marrakesh,2026-04-05T07:54:53.201529
2026-04-05T02:00,13.9,69,8.3,12.8,0,0.0,0.0,0.0,0.0,0.0,3,1018.2,963.2,88,36820.0,4.7,11.5,marrakesh,2026-04-05T07:54:53.201529
2026-04-05T03:00,12.9,73,8.2,11.7,0,0.0,0.0,0.0,0.0,0.0,3,1018.3,963.1,67,35040.0,4.9,11.5,marrakesh,2026-04-05T07:54:53.201529
2026-04-05T04:00,12.3,74,7.8,11.0,0,0.0,0.0,0.0,0.0,0.0,3,1017.9,962.6,96,34320.0,4.8,11.5,marrakesh,2026-04-05T07:54:53.201529
2026-04-05T05:00,12.0,72,7.1,10.6,0,0.0,0.0,0.0,0.0,0.0,3,1017.9,962.6,98,35040.0,4.8,12.2,marrakesh,2026-04-05T07:54:53.201529
2026-04-05T06:00,12.0,67,6.0,10.3,0,0.0,0.0,0.0,0.0,0.0,3,1018.0,962.7,97,36600.0,4.8,11.9,marrakesh,2026-04-05T07:54:53.201529
2026-04-05T07:00,12.4,63,5.6,10.5,0,0.0,0.0,0.0,0.0,0.0,3,1018.4,963.1,81,37580.0,5.6,13.3,marrakesh,2026-04-05T07:54:53.201529
2026-04-05T08:00,15.9,53,6.3,14.2,0,0.0,0.0,0.0,0.0,0.0,2,1018.0,963.4,57,39460.0,5.0,13.0,marrakesh,2026-04-05T07:54:53.201529
2026-04-05T09:00,21.2,37,5.9,19.4,0,0.0,0.0,0.0,0.0,0.0,0,1018.0,964.3,25,43780.0,5.4,14.8,marrakesh,2026-04-05T07:54:53.201529
2026-04-05T10:00,25.7,30,6.8,24.7,0,0.0,0.0,0.0,0.0,0.0,0,1018.0,965.1,0,47400.0,5.4,18.0,marrakesh,2026-04-05T07:54:53.201529
2026-04-05T11:00,29.1,15,-0.2,27.8,0,0.0,0.0,0.0,0.0,0.0,0,1017.5,965.2,3,60880.0,6.2,19.8,marrakesh,2026-04-05T07:54:53.201529
2026-04-05T12:00,30.2,13,-1.3,29.5,0,0.0,0.0,0.0,0.0,0.0,3,1016.8,964.7,61,64240.0,4.2,21.2,marrakesh,2026-04-05T07:54:53.201529
2026-04-05T13:00,30.8,12,-1.9,28.0,0,0.0,0.0,0.0,0.0,0.0,3,1016.2,964.3,98,65300.0,8.0,28.8,marrakesh,2026-04-05T07:54:53.201529
2026-04-05T14:00,30.8,12,-1.9,27.3,0,0.0,0.0,0.0,0.0,0.0,3,1015.8,963.9,100,65840.0,13.0,36.7,marrakesh,2026-04-05T07:54:53.201529
2026-04-05T15:00,30.3,12,-2.3,27.0,0,0.0,0.0,0.0,0.0,0.0,3,1015.4,963.4,100,65460.0,9.5,35.3,marrakesh,2026-04-05T07:54:53.201529
2026-04-05T16:00,29.6,12,-2.8,25.7,3,0.0,0.0,0.0,0.0,0.0,3,1015.4,963.3,100,66580.0,9.8,28.4,marrakesh,2026-04-05T07:54:53.201529
2026-04-05T17:00,28.9,14,-1.3,24.7,0,0.0,0.0,0.0,0.0,0.0,2,1015.6,963.4,86,63620.0,12.6,31.7,marrakesh,2026-04-05T07:54:53.201529
2026-04-05T18:00,27.4,14,-2.5,21.9,0,0.0,0.0,0.0,0.0,0.0,3,1015.5,963.0,93,62320.0,20.7,52.6,marrakesh,2026-04-05T07:54:53.201529
2026-04-05T19:00,24.5,26,3.7,22.6,3,0.0,0.0,0.0,0.0,0.0,2,1016.2,963.2,69,53160.0,2.9,52.2,marrakesh,2026-04-05T07:54:53.201529
2026-04-05T20:00,21.7,42,8.2,20.4,0,0.0,0.0,0.0,0.0,0.0,3,1017.7,964.1,100,43540.0,5.5,12.2,marrakesh,2026-04-05T07:54:53.201529
2026-04-05T21:00,20.4,59,12.1,20.2,0,0.0,0.0,0.0,0.0,0.0,3,1018.6,964.8,100,40680.0,5.7,13.3,marrakesh,2026-04-05T07:54:53.201529
2026-04-05T22:00,19.4,56,10.4,19.0,5,0.0,0.0,0.0,0.0,0.0,3,1019.7,965.6,100,40820.0,3.4,13.7,marrakesh,2026-04-05T07:54:53.201529
2026-04-05T23:00,19.0,52,8.9,17.5,3,0.0,0.0,0.0,0.0,0.0,3,1019.9,965.7,100,41300.0,8.7,27.0,marrakesh,2026-04-05T07:54:53.201529
2026-04-05T00:00,13.3,82,10.3,9.0,0,0.0,0.0,0.0,0.0,0.0,3,1007.1,1004.8,100,13500.0,29.9,54.4,amsterdam,2026-04-05T07:55:30.732807
2026-04-05T01:00,14.4,78,10.6,9.3,0,0.0,0.0,0.0,0.0,0.0,3,1006.7,1004.4,100,15240.0,36.7,66.6,amsterdam,2026-04-05T07:55:30.732807
2026-04-05T02:00,13.1,71,7.9,6.4,0,0.0,0.0,0.0,0.0,0.0,3,1007.0,1004.7,100,19180.0,42.1,76.7,amsterdam,2026-04-05T07:55:30.732807
2026-04-05T03:00,13.1,68,7.3,5.8,2,0.0,0.0,0.0,0.0,0.0,3,1007.0,1004.7,100,20540.0,45.0,83.5,amsterdam,2026-04-05T07:55:30.732807
2026-04-05T04:00,12.3,74,7.8,6.3,13,0.0,0.0,0.0,0.0,0.0,3,1007.3,1005.0,100,17420.0,37.1,68.0,amsterdam,2026-04-05T07:55:30.732807
2026-04-05T05:00,11.5,79,8.0,5.9,27,0.0,0.0,0.0,0.0,0.0,3,1008.2,1005.9,100,14800.0,34.6,68.4,amsterdam,2026-04-05T07:55:30.732807
2026-04-05T06:00,11.0,73,6.4,5.3,37,0.0,0.0,0.0,0.0,0.0,3,1009.6,1007.3,100,17920.0,33.1,68.4,amsterdam,2026-04-05T07:55:30.732807
2026-04-05T07:00,10.9,72,6.0,5.2,36,0.0,0.0,0.0,0.0,0.0,3,1010.9,1008.6,100,18740.0,31.7,62.3,amsterdam,2026-04-05T07:55:30.732807
2026-04-05T08:00,10.7,70,5.4,5.2,30,0.0,0.0,0.0,0.0,0.0,3,1012.1,1009.8,95,50000.0,29.5,59.0,amsterdam,2026-04-05T07:55:30.732807
2026-04-05T09:00,11.1,61,3.9,5.5,27,0.0,0.0,0.0,0.0,0.0,3,1013.3,1011.0,97,24480.0,28.4,55.1,amsterdam,2026-04-05T07:55:30.732807
2026-04-05T10:00,11.4,56,2.9,5.7,30,0.0,0.0,0.0,0.0,0.0,1,1014.5,1012.2,34,50000.0,27.7,54.4,amsterdam,2026-04-05T07:55:30.732807
2026-04-05T11:00,12.0,47,1.0,6.5,35,0.0,0.0,0.0,0.0,0.0,2,1015.0,1012.7,76,32080.0,27.0,53.6,amsterdam,2026-04-05T07:55:30.732807
2026-04-05T12:00,12.8,51,2.9,7.8,39,0.0,0.0,0.0,0.0,0.0,0,1015.5,1013.2,11,50000.0,26.3,52.2,amsterdam,2026-04-05T07:55:30.732807
2026-04-05T13:00,12.8,54,3.7,7.8,42,0.0,0.0,0.0,0.0,0.0,3,1016.0,1013.7,100,28140.0,27.4,52.9,amsterdam,2026-04-05T07:55:30.732807
2026-04-05T14:00,12.4,53,3.1,6.8,44,0.0,0.0,0.0,0.0,0.0,3,1016.4,1014.1,94,28860.0,27.4,55.4,amsterdam,2026-04-05T07:55:30.732807
2026-04-05T15:00,12.5,54,3.5,6.9,43,0.0,0.0,0.0,0.0,0.0,1,1016.8,1014.5,20,28340.0,27.7,54.4,amsterdam,2026-04-05T07:55:30.732807
2026-04-05T16:00,11.9,59,4.1,6.6,38,0.0,0.0,0.0,0.0,0.0,1,1017.6,1015.3,25,25620.0,26.3,53.6,amsterdam,2026-04-05T07:55:30.732807
2026-04-05T17:00,11.5,60,4.0,6.1,30,0.0,0.0,0.0,0.0,0.0,2,1018.4,1016.1,76,24860.0,27.4,51.1,amsterdam,2026-04-05T07:55:30.732807
2026-04-05T18:00,10.1,60,2.7,5.3,22,0.0,0.0,0.0,0.0,0.0,3,1019.3,1017.0,93,25160.0,21.6,51.1,amsterdam,2026-04-05T07:55:30.732807
2026-04-05T19:00,9.6,55,1.0,4.1,14,0.0,0.0,0.0,0.0,0.0,0,1020.3,1017.9,0,50000.0,23.8,43.9,amsterdam,2026-04-05T07:55:30.732807
2026-04-05T20:00,9.4,49,-0.8,4.5,6,0.0,0.0,0.0,0.0,0.0,3,1021.1,1018.7,97,31080.0,17.6,43.9,amsterdam,2026-04-05T07:55:30.732807
2026-04-05T21:00,9.3,50,-0.6,4.4,0,0.0,0.0,0.0,0.0,0.0,3,1022.1,1019.7,99,50000.0,18.4,33.5,amsterdam,2026-04-05T07:55:30.732807
2026-04-05T22:00,9.2,53,0.1,4.7,0,0.0,0.0,0.0,0.0,0.0,3,1022.7,1020.3,95,28920.0,15.8,36.4,amsterdam,2026-04-05T07:55:30.732807
2026-04-05T23:00,8.8,55,0.3,4.8,0,0.0,0.0,0.0,0.0,0.0,3,1023.6,1021.2,88,27400.0,13.0,28.8,amsterdam,2026-04-05T07:55:30.732807
2026-04-05T00:00,12.9,83,10.0,8.9,0,0.0,0.0,0.0,0.0,0.0,3,1009.0,1007.8,100,12800.0,27.4,50.8,utrecht,2026-04-05T07:56:08.267578
2026-04-05T01:00,13.4,84,10.8,9.5,0,0.0,0.0,0.0,0.0,0.0,3,1008.3,1007.1,100,12200.0,28.4,50.8,utrecht,2026-04-05T07:56:08.267578
2026-04-05T02:00,14.3,76,10.1,9.3,0,0.0,0.0,0.0,0.0,0.0,3,1008.2,1007.0,100,16240.0,34.6,62.6,utrecht,2026-04-05T07:56:08.267578
2026-04-05T03:00,13.5,68,7.7,7.4,0,0.0,0.0,0.0,0.0,0.0,3,1008.5,1007.3,100,20360.0,37.1,67.7,utrecht,2026-04-05T07:56:08.267578
2026-04-05T04:00,12.7,72,7.8,6.7,4,0.0,0.0,0.0,0.0,0.0,3,1008.7,1007.5,100,18300.0,37.1,68.8,utrecht,2026-04-05T07:56:08.267578
2026-04-05T05:00,12.2,73,7.5,6.5,11,0.0,0.0,0.0,0.0,0.0,3,1009.3,1008.1,100,18060.0,34.6,66.6,utrecht,2026-04-05T07:56:08.267578
2026-04-05T06:00,11.4,70,6.1,6.1,18,0.0,0.0,0.0,0.0,0.0,3,1010.6,1009.4,100,19380.0,29.2,66.6,utrecht,2026-04-05T07:56:08.267578
2026-04-05T07:00,11.2,69,5.7,6.0,28,0.0,0.0,0.0,0.0,0.0,3,1011.8,1010.6,100,19820.0,27.7,54.4,utrecht,2026-04-05T07:56:08.267578
2026-04-05T08:00,11.1,70,5.8,6.0,38,0.0,0.0,0.0,0.0,0.0,3,1012.9,1011.7,100,50000.0,28.1,52.6,utrecht,2026-04-05T07:56:08.267578
2026-04-05T09:00,11.2,65,4.8,6.2,45,0.0,0.0,0.0,0.0,0.0,3,1013.9,1012.7,100,22040.0,25.6,52.6,utrecht,2026-04-05T07:56:08.267578
2026-04-05T10:00,12.0,55,3.2,6.9,44,0.0,0.0,0.0,0.0,0.0,3,1014.9,1013.7,100,50000.0,24.1,48.2,utrecht,2026-04-05T07:56:08.267578
2026-04-05T11:00,12.8,52,3.2,7.8,39,0.0,0.0,0.0,0.0,0.0,1,1015.5,1014.3,42,29260.0,23.4,46.8,utrecht,2026-04-05T07:56:08.267578
2026-04-05T12:00,12.6,56,4.1,8.0,35,0.0,0.0,0.0,0.0,0.0,3,1016.1,1014.9,100,50000.0,22.0,45.7,utrecht,2026-04-05T07:56:08.267578
2026-04-05T13:00,12.7,60,5.1,8.4,33,0.1,0.1,0.0,0.0,0.0,51,1016.8,1015.6,37,24520.0,21.6,43.6,utrecht,2026-04-05T07:56:08.267578
2026-04-05T14:00,12.1,60,4.6,7.4,32,0.1,0.1,0.0,0.0,0.0,51,1017.1,1015.9,97,24480.0,23.4,45.7,utrecht,2026-04-05T07:56:08.267578
2026-04-05T15:00,12.9,51,3.0,7.7,29,0.0,0.0,0.0,0.0,0.0,2,1017.3,1016.1,76,29720.0,24.5,47.2,utrecht,2026-04-05T07:56:08.267578
2026-04-05T16:00,12.2,55,3.4,7.3,21,0.0,0.0,0.0,0.0,0.0,0,1017.9,1016.7,14,27200.0,23.4,47.2,utrecht,2026-04-05T07:56:08.267578
2026-04-05T17:00,11.9,55,3.1,6.7,10,0.0,0.0,0.0,0.0,0.0,0,1018.7,1017.5,12,27500.0,24.1,46.1,utrecht,2026-04-05T07:56:08.267578
2026-04-05T18:00,11.1,57,2.9,6.5,2,0.0,0.0,0.0,0.0,0.0,0,1019.7,1018.5,0,26040.0,20.2,45.4,utrecht,2026-04-05T07:56:08.267578
2026-04-05T19:00,10.2,68,4.6,6.4,0,0.0,0.0,0.0,0.0,0.0,3,1020.7,1019.5,100,50000.0,17.3,38.2,utrecht,2026-04-05T07:56:08.267578
2026-04-05T20:00,9.1,59,1.5,5.4,1,0.0,0.0,0.0,0.0,0.0,3,1021.7,1020.5,100,25100.0,12.2,33.5,utrecht,2026-04-05T07:56:08.267578
2026-04-05T21:00,8.5,62,1.6,5.2,2,0.0,0.0,0.0,0.0,0.0,3,1022.6,1021.4,98,50000.0,10.1,22.0,utrecht,2026-04-05T07:56:08.267578
2026-04-05T22:00,7.9,69,2.5,4.7,1,0.0,0.0,0.0,0.0,0.0,3,1023.3,1022.1,97,20160.0,9.7,17.3,utrecht,2026-04-05T07:56:08.267578
2026-04-05T23:00,7.2,73,2.6,4.1,1,0.0,0.0,0.0,0.0,0.0,3,1024.2,1022.9,93,17600.0,9.4,16.9,utrecht,2026-04-05T07:56:08.267578
2026-04-05T00:00,19.8,70,14.2,18.7,15,0.0,0.0,0.0,0.0,0.0,3,1023.3,1021.2,100,13060.0,17.4,37.1,auckland,2026-04-05T07:56:10.663262
2026-04-05T01:00,20.7,64,13.6,19.0,18,0.0,0.0,0.0,0.0,0.0,3,1022.8,1020.7,100,23620.0,20.0,41.8,auckland,2026-04-05T07:56:10.663262
2026-04-05T02:00,21.1,63,13.8,19.5,10,0.0,0.0,0.0,0.0,0.0,3,1022.3,1020.2,100,24140.0,19.3,42.1,auckland,2026-04-05T07:56:10.663262
2026-04-05T03:00,20.9,61,13.1,19.0,8,0.0,0.0,0.0,0.0,0.0,3,1022.1,1020.0,100,24140.0,20.0,41.4,auckland,2026-04-05T07:56:10.663262
2026-04-05T04:00,19.8,68,13.7,18.0,5,0.0,0.0,0.0,0.0,0.0,3,1022.0,1019.9,93,24140.0,20.6,43.6,auckland,2026-04-05T07:56:10.663262
2026-04-05T05:00,18.8,74,14.1,17.5,5,0.0,0.0,0.0,0.0,0.0,3,1021.9,1019.8,92,24140.0,18.0,42.8,auckland,2026-04-05T07:56:10.663262
2026-04-05T06:00,18.3,77,14.2,17.4,13,0.0,0.0,0.0,0.0,0.0,3,1021.9,1019.7,96,24140.0,15.5,37.1,auckland,2026-04-05T07:56:10.663262
2026-04-05T07:00,18.0,79,14.3,17.5,10,0.0,0.0,0.0,0.0,0.0,3,1021.9,1019.7,92,24140.0,13.8,31.7,auckland,2026-04-05T07:56:10.663262
2026-04-05T08:00,18.0,78,14.1,17.0,3,0.0,0.0,0.0,0.0,0.0,2,1022.3,1020.1,72,24140.0,16.0,32.4,auckland,2026-04-05T07:56:10.663262
2026-04-05T09:00,17.5,83,14.6,16.7,0,0.0,0.0,0.0,0.0,0.0,2,1022.6,1020.4,64,24140.0,16.4,33.8,auckland,2026-04-05T07:56:10.663262
2026-04-05T10:00,17.4,84,14.7,16.5,0,0.0,0.0,0.0,0.0,0.0,2,1023.0,1020.8,67,23140.0,17.2,34.6,auckland,2026-04-05T07:56:10.663262
2026-04-05T11:00,17.3,84,14.6,16.4,0,0.0,0.0,0.0,0.0,0.0,2,1022.7,1020.5,66,24140.0,17.2,35.3,auckland,2026-04-05T07:56:10.663262
2026-04-05T12:00,17.3,83,14.4,16.6,0,0.0,0.0,0.0,0.0,0.0,2,1022.2,1020.0,61,24140.0,15.2,34.6,auckland,2026-04-05T07:56:10.663262
2026-04-05T13:00,17.4,79,13.8,16.4,0,0.0,0.0,0.0,0.0,0.0,3,1022.0,1019.8,97,24140.0,15.3,31.3,auckland,2026-04-05T07:56:10.663262
2026-04-05T14:00,17.2,81,13.9,16.4,0,0.0,0.0,0.0,0.0,0.0,3,1021.9,1019.7,89,19740.0,14.1,31.3,auckland,2026-04-05T07:56:10.663262
2026-04-05T15:00,16.7,84,14.0,16.1,0,0.0,0.0,0.0,0.0,0.0,1,1021.4,1019.2,39,21340.0,13.6,28.1,auckland,2026-04-05T07:56:10.663262
2026-04-05T16:00,16.4,85,13.9,16.1,5,0.0,0.0,0.0,0.0,0.0,1,1021.0,1018.8,35,24140.0,10.6,27.0,auckland,2026-04-05T07:56:10.663262
2026-04-05T17:00,16.2,87,14.1,16.2,3,0.0,0.0,0.0,0.0,0.0,2,1021.0,1018.8,46,24120.0,9.1,20.5,auckland,2026-04-05T07:56:10.663262
2026-04-05T18:00,16.3,88,14.3,15.9,3,0.0,0.0,0.0,0.0,0.0,3,1020.7,1018.5,85,24140.0,12.1,24.1,auckland,2026-04-05T07:56:10.663262
2026-04-05T19:00,16.7,87,14.5,16.2,0,0.0,0.0,0.0,0.0,0.0,3,1020.4,1018.2,100,24140.0,13.7,27.7,auckland,2026-04-05T07:56:10.663262
2026-04-05T20:00,17.7,82,14.6,16.8,0,0.0,0.0,0.0,0.0,0.0,3,1020.5,1018.3,100,18000.0,16.7,33.8,auckland,2026-04-05T07:56:10.663262
2026-04-05T21:00,18.9,75,14.4,17.1,5,0.0,0.0,0.0,0.0,0.0,2,1020.8,1018.7,74,14220.0,22.4,46.4,auckland,2026-04-05T07:56:10.663262
2026-04-05T22:00,19.7,71,14.3,17.7,13,0.0,0.0,0.0,0.0,0.0,2,1020.8,1018.7,64,15340.0,23.2,48.2,auckland,2026-04-05T07:56:10.663262
2026-04-05T23:00,20.1,69,14.3,18.0,10,0.0,0.0,0.0,0.0,0.0,3,1020.6,1018.5,93,18540.0,24.6,51.5,auckland,2026-04-05T07:56:10.663262
2026-04-05T00:00,27.2,90,25.4,33.7,0,0.0,0.0,0.0,0.0,0.0,1,1012.3,1011.3,16,24140.0,3.4,7.9,lagos,2026-04-05T07:56:13.040850
2026-04-05T01:00,27.0,91,25.4,33.5,0,0.0,0.0,0.0,0.0,0.0,1,1011.7,1010.7,36,24140.0,2.9,6.5,lagos,2026-04-05T07:56:13.040850
2026-04-05T02:00,26.8,91,25.2,33.2,0,0.0,0.0,0.0,0.0,0.0,1,1011.2,1010.2,43,24140.0,3.0,5.4,lagos,2026-04-05T07:56:13.040850
2026-04-05T03:00,26.6,92,25.2,33.0,0,0.0,0.0,0.0,0.0,0.0,3,1011.0,1010.0,84,24140.0,3.0,5.4,lagos,2026-04-05T07:56:13.040850
2026-04-05T04:00,26.5,93,25.2,32.9,0,0.0,0.0,0.0,0.0,0.0,3,1010.9,1009.9,99,24140.0,3.3,6.1,lagos,2026-04-05T07:56:13.040850
2026-04-05T05:00,26.4,94,25.3,32.8,0,0.0,0.0,0.0,0.0,0.0,3,1011.0,1010.0,100,24140.0,3.3,6.5,lagos,2026-04-05T07:56:13.040850
2026-04-05T06:00,26.4,94,25.3,32.8,0,0.0,0.0,0.0,0.0,0.0,3,1011.3,1010.3,100,24140.0,3.6,6.8,lagos,2026-04-05T07:56:13.040850
2026-04-05T07:00,27.1,91,25.5,33.5,0,0.0,0.0,0.0,0.0,0.0,3,1011.8,1010.8,96,24140.0,4.7,10.1,lagos,2026-04-05T07:56:13.040850
2026-04-05T08:00,28.7,82,25.3,34.6,0,0.0,0.0,0.0,0.0,0.0,2,1012.4,1011.4,77,24140.0,7.1,15.8,lagos,2026-04-05T07:56:13.040850
2026-04-05T09:00,30.1,72,24.5,35.5,0,0.0,0.0,0.0,0.0,0.0,3,1012.6,1011.6,84,24140.0,7.4,17.3,lagos,2026-04-05T07:56:13.040850
2026-04-05T10:00,31.3,66,24.2,36.9,0,0.0,0.0,0.0,0.0,0.0,3,1012.3,1011.3,91,24140.0,5.7,16.9,lagos,2026-04-05T07:56:13.040850
2026-04-05T11:00,32.2,62,24.0,38.0,0,0.0,0.0,0.0,0.0,0.0,3,1011.7,1010.7,88,24140.0,7.1,17.3,lagos,2026-04-05T07:56:13.040850
2026-04-05T12:00,32.8,61,24.3,39.3,3,0.0,0.0,0.0,0.0,0.0,3,1010.7,1009.7,91,24140.0,9.4,21.6,lagos,2026-04-05T07:56:13.040850
2026-04-05T13:00,32.3,65,24.9,38.4,5,0.0,0.0,0.0,0.0,0.0,2,1009.7,1008.7,76,24140.0,12.0,26.3,lagos,2026-04-05T07:56:13.040850
2026-04-05T14:00,31.9,66,24.7,37.9,10,0.0,0.0,0.0,0.0,0.0,2,1008.9,1007.9,61,24140.0,12.8,27.7,lagos,2026-04-05T07:56:13.040850
2026-04-05T15:00,31.4,68,24.8,36.6,15,0.0,0.0,0.0,0.0,0.0,2,1008.4,1007.4,46,24140.0,13.0,28.1,lagos,2026-04-05T07:56:13.040850
2026-04-05T16:00,30.9,70,24.8,35.4,13,0.0,0.0,0.0,0.0,0.0,2,1008.1,1007.1,47,24140.0,13.8,29.2,lagos,2026-04-05T07:56:13.040850
2026-04-05T17:00,30.0,73,24.6,34.6,0,0.0,0.0,0.0,0.0,0.0,2,1008.0,1007.0,45,24140.0,13.5,29.2,lagos,2026-04-05T07:56:13.040850
2026-04-05T18:00,29.2,75,24.3,33.7,0,0.0,0.0,0.0,0.0,0.0,1,1008.6,1007.6,42,24140.0,12.2,28.4,lagos,2026-04-05T07:56:13.040850
2026-04-05T19:00,28.9,77,24.4,33.9,0,0.0,0.0,0.0,0.0,0.0,2,1009.7,1008.7,44,24140.0,9.4,25.2,lagos,2026-04-05T07:56:13.040850
2026-04-05T20:00,28.7,78,24.5,34.0,0,0.0,0.0,0.0,0.0,0.0,1,1010.5,1009.5,39,24140.0,8.0,19.1,lagos,2026-04-05T07:56:13.040850
2026-04-05T21:00,28.6,79,24.6,33.9,0,0.0,0.0,0.0,0.0,0.0,1,1011.0,1010.0,34,24140.0,7.4,16.6,lagos,2026-04-05T07:56:13.040850
2026-04-05T22:00,28.4,80,24.6,34.0,0,0.0,0.0,0.0,0.0,0.0,1,1011.3,1010.3,34,24140.0,6.5,14.4,lagos,2026-04-05T07:56:13.040850
2026-04-05T23:00,28.3,81,24.7,33.8,0,0.0,0.0,0.0,0.0,0.0,2,1011.1,1010.1,47,24140.0,7.6,15.1,lagos,2026-04-05T07:56:13.040850
2026-04-05T00:00,4.5,72,-0.1,1.4,0,0.0,0.0,0.0,0.0,0.0,2,1004.5,1003.1,65,46880.0,6.1,10.1,oslo,2026-04-05T07:56:15.419054
2026-04-05T01:00,4.4,74,0.1,1.0,0,0.0,0.0,0.0,0.0,0.0,3,1003.5,1002.1,100,46860.0,8.3,13.7,oslo,2026-04-05T07:56:15.419054
2026-04-05T02:00,4.4,73,-0.1,1.3,0,0.0,0.0,0.0,0.0,0.0,3,1001.5,1000.1,100,46860.0,6.5,13.3,oslo,2026-04-05T07:56:15.419054
2026-04-05T03:00,4.4,76,0.5,1.0,2,0.0,0.0,0.0,0.0,0.0,3,1001.0,999.6,100,16920.0,9.4,15.5,oslo,2026-04-05T07:56:15.419054
2026-04-05T04:00,4.5,85,2.2,0.8,31,0.0,0.0,0.0,0.0,0.0,3,998.5,997.1,100,8400.0,13.0,22.0,oslo,2026-04-05T07:56:15.419054
2026-04-05T05:00,4.3,87,2.3,0.7,71,0.2,0.2,0.0,0.0,0.0,51,995.9,994.6,100,3380.0,13.0,23.4,oslo,2026-04-05T07:56:15.419054
2026-04-05T06:00,3.7,85,1.4,-0.3,100,0.4,0.4,0.0,0.0,0.01,51,992.4,991.1,100,1060.0,14.0,24.5,oslo,2026-04-05T07:56:15.419054
2026-04-05T07:00,2.6,91,1.2,-0.8,100,3.1,3.1,0.0,0.0,0.02,63,989.6,988.3,100,1180.0,10.1,25.2,oslo,2026-04-05T07:56:15.419054
2026-04-05T08:00,2.7,93,1.6,-0.7,100,3.0,3.0,0.0,0.0,0.02,63,987.5,986.2,100,3240.0,10.1,20.5,oslo,2026-04-05T07:56:15.419054
2026-04-05T09:00,4.3,89,2.6,-0.3,100,1.8,1.8,0.0,0.0,0.02,61,985.4,984.1,100,5020.0,19.8,33.8,oslo,2026-04-05T07:56:15.419054
2026-04-05T10:00,6.6,87,4.6,0.7,100,0.3,0.3,0.0,0.0,0.02,51,983.2,981.9,100,11100.0,31.7,54.7,oslo,2026-04-05T07:56:15.419054
2026-04-05T11:00,5.6,86,3.5,-0.6,100,0.1,0.1,0.0,0.0,0.01,51,982.5,981.2,100,4440.0,32.0,62.6,oslo,2026-04-05T07:56:15.419054
2026-04-05T12:00,5.1,87,3.1,-0.4,98,0.3,0.3,0.0,0.0,0.01,51,981.2,979.9,100,14320.0,27.0,52.6,oslo,2026-04-05T07:56:15.419054
2026-04-05T13:00,5.1,89,3.4,1.1,86,0.2,0.2,0.0,0.0,0.01,51,980.2,978.9,100,18820.0,17.3,44.6,oslo,2026-04-05T07:56:15.419054
2026-04-05T14:00,5.5,91,4.1,2.7,69,0.2,0.2,0.0,0.0,0.01,51,980.4,979.1,100,11880.0,9.4,28.1,oslo,2026-04-05T07:56:15.419054
2026-04-05T15:00,5.8,93,4.7,3.7,53,0.4,0.4,0.0,0.0,0.01,51,981.2,979.9,100,32400.0,5.4,16.2,oslo,2026-04-05T07:56:15.419054
2026-04-05T16:00,6.2,93,5.2,4.0,38,0.1,0.1,0.0,0.0,0.01,51,981.9,980.6,66,46660.0,7.2,13.0,oslo,2026-04-05T07:56:15.419054
2026-04-05T17:00,6.4,91,5.0,4.4,24,0.0,0.0,0.0,0.0,0.01,3,983.3,982.0,96,46640.0,5.4,13.0,oslo,2026-04-05T07:56:15.419054
2026-04-05T18:00,5.8,90,4.3,3.7,14,0.0,0.0,0.0,0.0,0.0,3,985.1,983.8,100,27520.0,5.4,10.1,oslo,2026-04-05T07:56:15.419054
2026-04-05T19:00,5.6,90,4.0,3.5,10,0.0,0.0,0.0,0.0,0.0,3,987.1,985.8,100,23320.0,4.7,7.9,oslo,2026-04-05T07:56:15.419054
2026-04-05T20:00,7.1,54,-1.6,1.3,9,0.0,0.0,0.0,0.0,0.0,3,989.5,988.2,91,27520.0,23.0,39.2,oslo,2026-04-05T07:56:15.419054
2026-04-05T21:00,6.8,49,-3.2,1.0,8,0.0,0.0,0.0,0.0,0.0,3,991.6,990.3,83,52000.0,21.6,41.8,oslo,2026-04-05T07:56:15.419054
2026-04-05T22:00,6.2,51,-3.2,1.6,5,0.0,0.0,0.0,0.0,0.0,3,993.5,992.2,93,51980.0,13.7,36.4,oslo,2026-04-05T07:56:15.419054
2026-04-05T23:00,5.5,60,-1.6,1.1,2,0.0,0.0,0.0,0.0,0.0,3,994.8,993.5,97,51960.0,14.0,23.0,oslo,2026-04-05T07:56:15.419054
2026-04-05T00:00,23.8,82,20.5,26.7,0,0.0,0.0,0.0,0.0,0.0,3,1010.2,1009.3,80,24140.0,8.2,14.8,karachi,2026-04-05T07:57:33.096271
2026-04-05T01:00,23.6,82,20.4,26.6,0,0.0,0.0,0.0,0.0,0.0,3,1010.4,1009.5,97,24140.0,7.2,11.2,karachi,2026-04-05T07:57:33.096271
2026-04-05T02:00,23.6,82,20.3,26.6,0,0.0,0.0,0.0,0.0,0.0,2,1010.5,1009.6,81,24140.0,6.9,11.2,karachi,2026-04-05T07:57:33.096271
2026-04-05T03:00,24.2,79,20.3,27.0,0,0.0,0.0,0.0,0.0,0.0,3,1011.3,1010.4,96,24140.0,7.9,11.9,karachi,2026-04-05T07:57:33.096271
2026-04-05T04:00,24.9,72,19.5,26.6,0,0.0,0.0,0.0,0.0,0.0,2,1012.1,1011.2,81,24140.0,13.5,20.2,karachi,2026-04-05T07:57:33.096271
2026-04-05T05:00,25.4,71,19.8,27.1,0,0.0,0.0,0.0,0.0,0.0,3,1012.4,1011.5,94,24140.0,13.9,21.2,karachi,2026-04-05T07:57:33.096271
2026-04-05T06:00,25.8,70,19.9,27.4,0,0.0,0.0,0.0,0.0,0.0,3,1012.0,1011.1,93,24140.0,14.8,23.0,karachi,2026-04-05T07:57:33.096271
2026-04-05T07:00,26.2,68,19.8,28.0,0,0.0,0.0,0.0,0.0,0.0,3,1012.1,1011.2,92,24140.0,15.7,23.8,karachi,2026-04-05T07:57:33.096271
2026-04-05T08:00,26.4,64,19.0,27.4,0,0.0,0.0,0.0,0.0,0.0,3,1011.4,1010.5,92,24140.0,16.6,25.6,karachi,2026-04-05T07:57:33.096271
2026-04-05T09:00,26.7,62,18.8,28.1,0,0.0,0.0,0.0,0.0,0.0,3,1010.7,1009.8,81,24140.0,17.7,26.6,karachi,2026-04-05T07:57:33.096271
2026-04-05T10:00,26.7,62,18.8,27.9,0,0.0,0.0,0.0,0.0,0.0,2,1009.6,1008.7,70,24140.0,16.9,27.0,karachi,2026-04-05T07:57:33.096271
2026-04-05T11:00,26.5,62,18.6,26.8,0,0.0,0.0,0.0,0.0,0.0,2,1009.0,1008.1,68,24140.0,19.9,29.9,karachi,2026-04-05T07:57:33.096271
2026-04-05T12:00,26.1,64,18.8,26.3,0,0.0,0.0,0.0,0.0,0.0,2,1009.1,1008.2,48,24140.0,20.7,31.0,karachi,2026-04-05T07:57:33.096271
2026-04-05T13:00,25.6,66,18.8,26.0,0,0.0,0.0,0.0,0.0,0.0,1,1009.3,1008.4,32,24140.0,19.6,31.0,karachi,2026-04-05T07:57:33.096271
2026-04-05T14:00,25.0,71,19.3,26.0,0,0.0,0.0,0.0,0.0,0.0,2,1009.8,1008.9,50,24140.0,17.3,29.2,karachi,2026-04-05T07:57:33.096271
2026-04-05T15:00,24.6,75,19.9,26.2,0,0.0,0.0,0.0,0.0,0.0,2,1010.3,1009.4,57,24140.0,15.1,25.6,karachi,2026-04-05T07:57:33.096271
2026-04-05T16:00,24.4,76,19.9,25.8,0,0.0,0.0,0.0,0.0,0.0,1,1010.6,1009.7,34,24140.0,15.8,23.4,karachi,2026-04-05T07:57:33.096271
2026-04-05T17:00,24.1,79,20.2,26.0,0,0.0,0.0,0.0,0.0,0.0,2,1010.8,1009.9,54,24140.0,14.2,23.4,karachi,2026-04-05T07:57:33.096271
2026-04-05T18:00,24.0,81,20.5,26.4,0,0.0,0.0,0.0,0.0,0.0,2,1010.6,1009.7,60,24140.0,11.4,20.9,karachi,2026-04-05T07:57:33.096271
2026-04-05T19:00,23.9,80,20.2,26.2,0,0.0,0.0,0.0,0.0,0.0,2,1010.5,1009.6,55,24140.0,11.9,17.6,karachi,2026-04-05T07:57:33.096271
2026-04-05T20:00,23.8,80,20.1,26.2,0,0.0,0.0,0.0,0.0,0.0,2,1010.3,1009.4,56,24140.0,10.4,17.6,karachi,2026-04-05T07:57:33.096271
2026-04-05T21:00,23.7,81,20.3,26.2,0,0.0,0.0,0.0,0.0,0.0,2,1009.9,1009.0,58,24140.0,10.1,15.5,karachi,2026-04-05T07:57:33.096271
2026-04-05T22:00,23.8,81,20.3,26.5,0,0.0,0.0,0.0,0.0,0.0,1,1009.5,1008.6,38,24140.0,9.0,14.8,karachi,2026-04-05T07:57:33.096271
2026-04-05T23:00,23.8,81,20.4,26.4,0,0.0,0.0,0.0,0.0,0.0,2,1009.1,1008.2,47,24140.0,9.7,14.0,karachi,2026-04-05T07:57:33.096271
2026-04-05T00:00,27.7,75,22.9,31.0,0,0.0,0.0,0.0,0.0,0.0,3,1008.5,1006.7,85,24140.0,14.9,38.5,panama_city,2026-04-05T07:58:10.630990
2026-04-05T01:00,26.7,81,23.2,30.4,0,0.0,0.0,0.0,0.0,0.0,3,1009.5,1007.7,100,24140.0,13.1,33.1,panama_city,2026-04-05T07:58:10.630990
2026-04-05T02:00,26.1,85,23.4,30.1,0,0.0,0.0,0.0,0.0,0.0,3,1010.4,1008.6,100,24140.0,11.5,29.5,panama_city,2026-04-05T07:58:10.630990
2026-04-05T03:00,25.7,86,23.2,29.8,0,0.0,0.0,0.0,0.0,0.0,3,1011.5,1009.7,100,24140.0,11.0,27.7,panama_city,2026-04-05T07:58:10.630990
2026-04-05T04:00,25.5,88,23.4,29.7,0,0.0,0.0,0.0,0.0,0.0,3,1011.7,1009.9,100,24140.0,10.5,25.9,panama_city,2026-04-05T07:58:10.630990
2026-04-05T05:00,25.2,90,23.4,29.4,0,0.0,0.0,0.0,0.0,0.0,3,1011.4,1009.5,100,24140.0,10.4,25.2,panama_city,2026-04-05T07:58:10.630990
2026-04-05T06:00,25.0,90,23.3,29.2,0,0.0,0.0,0.0,0.0,0.0,3,1010.6,1008.7,100,24140.0,10.2,24.8,panama_city,2026-04-05T07:58:10.630990
2026-04-05T07:00,24.9,91,23.4,29.2,0,0.0,0.0,0.0,0.0,0.0,2,1010.2,1008.3,59,24140.0,9.9,24.5,panama_city,2026-04-05T07:58:10.630990
2026-04-05T08:00,24.8,90,23.1,29.0,0,0.0,0.0,0.0,0.0,0.0,2,1009.6,1007.8,47,24140.0,9.9,24.5,panama_city,2026-04-05T07:58:10.630990
2026-04-05T09:00,24.7,91,23.1,28.9,0,0.0,0.0,0.0,0.0,0.0,2,1009.2,1007.3,54,24140.0,9.4,24.1,panama_city,2026-04-05T07:58:10.630990
2026-04-05T10:00,24.7,91,23.2,29.0,0,0.0,0.0,0.0,0.0,0.0,2,1009.3,1007.5,64,24140.0,9.2,23.4,panama_city,2026-04-05T07:58:10.630990
2026-04-05T11:00,24.7,91,23.1,29.0,0,0.0,0.0,0.0,0.0,0.0,2,1009.6,1007.7,46,24140.0,8.9,22.0,panama_city,2026-04-05T07:58:10.630990
2026-04-05T12:00,25.1,89,23.2,29.4,0,0.0,0.0,0.0,0.0,0.0,2,1010.4,1008.6,45,24140.0,9.2,22.0,panama_city,2026-04-05T07:58:10.630990
2026-04-05T13:00,26.7,82,23.4,30.7,0,0.0,0.0,0.0,0.0,0.0,2,1011.1,1009.3,59,24140.0,11.8,28.1,panama_city,2026-04-05T07:58:10.630990
2026-04-05T14:00,28.5,71,22.7,32.0,0,0.0,0.0,0.0,0.0,0.0,2,1011.7,1009.9,62,24140.0,12.9,31.3,panama_city,2026-04-05T07:58:10.630990
2026-04-05T15:00,30.3,62,22.2,33.9,3,0.0,0.0,0.0,0.0,0.0,2,1011.6,1009.8,60,24140.0,12.8,31.7,panama_city,2026-04-05T07:58:10.630990
2026-04-05T16:00,31.8,56,21.9,35.8,5,0.0,0.0,0.0,0.0,0.0,2,1011.1,1009.3,79,24140.0,13.6,32.8,panama_city,2026-04-05T07:58:10.630990
2026-04-05T17:00,32.8,51,21.4,36.5,5,0.0,0.0,0.0,0.0,0.0,2,1010.1,1008.3,80,24140.0,14.4,35.3,panama_city,2026-04-05T07:58:10.630990
2026-04-05T18:00,32.9,50,21.2,36.2,5,0.0,0.0,0.0,0.0,0.0,3,1008.9,1007.1,97,24140.0,15.1,37.1,panama_city,2026-04-05T07:58:10.630990
2026-04-05T19:00,32.7,52,21.6,35.6,13,0.0,0.0,0.0,0.0,0.0,3,1008.2,1006.4,100,24140.0,16.9,40.3,panama_city,2026-04-05T07:58:10.630990
2026-04-05T20:00,31.8,56,22.0,34.4,13,0.0,0.0,0.0,0.0,0.0,3,1007.6,1005.8,85,24140.0,18.5,44.3,panama_city,2026-04-05T07:58:10.630990
2026-04-05T21:00,31.1,60,22.4,33.5,15,0.0,0.0,0.0,0.0,0.0,2,1007.4,1005.6,67,24140.0,19.2,45.4,panama_city,2026-04-05T07:58:10.630990
2026-04-05T22:00,29.7,66,22.7,32.2,0,0.0,0.0,0.0,0.0,0.0,2,1007.6,1005.8,66,24140.0,19.2,45.7,panama_city,2026-04-05T07:58:10.630990
2026-04-05T23:00,28.2,73,22.9,31.0,0,0.0,0.0,0.0,0.0,0.0,2,1008.4,1006.6,54,24140.0,18.1,44.6,panama_city,2026-04-05T07:58:10.630990
2026-04-05T00:00,27.3,73,22.0,31.6,3,0.0,0.0,0.0,0.0,0.0,1,1012.4,999.5,4,24140.0,4.1,7.9,asuncion,2026-04-05T07:58:13.009713
2026-04-05T01:00,26.5,76,21.9,30.7,0,0.0,0.0,0.0,0.0,0.0,1,1012.3,999.4,34,24140.0,4.4,7.2,asuncion,2026-04-05T07:58:13.009713
2026-04-05T02:00,25.7,79,21.7,29.6,0,0.0,0.0,0.0,0.0,0.0,2,1012.7,999.7,49,24140.0,6.0,12.6,asuncion,2026-04-05T07:58:13.009713
2026-04-05T03:00,25.4,79,21.5,29.2,0,0.0,0.0,0.0,0.0,0.0,1,1013.1,1000.1,39,24140.0,5.6,13.0,asuncion,2026-04-05T07:58:13.009713
2026-04-05T04:00,24.8,81,21.3,28.6,0,0.0,0.0,0.0,0.0,0.0,1,1013.2,1000.2,32,24140.0,5.0,12.2,asuncion,2026-04-05T07:58:13.009713
2026-04-05T05:00,24.1,84,21.2,28.0,0,0.0,0.0,0.0,0.0,0.0,1,1013.3,1000.2,35,24140.0,3.7,10.4,asuncion,2026-04-05T07:58:13.009713
2026-04-05T06:00,23.6,86,21.1,27.5,0,0.0,0.0,0.0,0.0,0.0,1,1013.3,1000.2,34,24140.0,3.7,7.2,asuncion,2026-04-05T07:58:13.009713
2026-04-05T07:00,23.0,89,21.1,26.8,0,0.0,0.0,0.0,0.0,0.0,1,1013.4,1000.3,38,24140.0,4.3,8.6,asuncion,2026-04-05T07:58:13.009713
2026-04-05T08:00,22.8,91,21.2,26.6,0,0.0,0.0,0.0,0.0,0.0,2,1013.4,1000.3,49,24140.0,4.7,10.1,asuncion,2026-04-05T07:58:13.009713
2026-04-05T09:00,22.7,93,21.5,26.7,0,0.0,0.0,0.0,0.0,0.0,2,1013.6,1000.5,60,24140.0,4.8,10.4,asuncion,2026-04-05T07:58:13.009713
2026-04-05T10:00,22.7,93,21.5,26.7,0,0.0,0.0,0.0,0.0,0.0,2,1013.8,1000.7,67,24140.0,4.2,10.1,asuncion,2026-04-05T07:58:13.009713
2026-04-05T11:00,23.9,90,22.1,28.2,0,0.0,0.0,0.0,0.0,0.0,3,1013.8,1000.7,99,24140.0,4.1,9.4,asuncion,2026-04-05T07:58:13.009713
2026-04-05T12:00,26.6,77,22.2,30.8,0,0.0,0.0,0.0,0.0,0.0,3,1014.5,1001.5,100,24140.0,5.4,14.8,asuncion,2026-04-05T07:58:13.009713
2026-04-05T13:00,28.9,68,22.4,32.9,0,0.0,0.0,0.0,0.0,0.0,3,1014.2,1001.3,100,24140.0,7.6,21.2,asuncion,2026-04-05T07:58:13.009713
2026-04-05T14:00,30.9,62,22.7,35.7,0,0.0,0.0,0.0,0.0,0.0,3,1014.2,1001.4,89,24140.0,8.0,22.3,asuncion,2026-04-05T07:58:13.009713
2026-04-05T15:00,32.6,54,22.1,37.7,0,0.0,0.0,0.0,0.0,0.0,3,1013.4,1000.7,100,24140.0,8.6,23.8,asuncion,2026-04-05T07:58:13.009713
2026-04-05T16:00,33.6,49,21.4,38.2,8,0.0,0.0,0.0,0.0,0.0,3,1012.5,999.9,100,24140.0,7.4,23.4,asuncion,2026-04-05T07:58:13.009713
2026-04-05T17:00,34.5,43,20.1,38.6,3,0.0,0.0,0.0,0.0,0.0,3,1011.6,999.0,98,24140.0,4.7,23.4,asuncion,2026-04-05T07:58:13.009713
2026-04-05T18:00,34.5,42,19.7,38.2,3,0.0,0.0,0.0,0.0,0.0,2,1010.6,998.0,71,24140.0,4.9,16.2,asuncion,2026-04-05T07:58:13.009713
2026-04-05T19:00,34.3,43,19.9,37.3,5,0.0,0.0,0.0,0.0,0.0,2,1010.1,997.5,45,24140.0,4.8,15.1,asuncion,2026-04-05T07:58:13.009713
2026-04-05T20:00,33.3,45,19.8,36.2,13,0.1,0.0,0.1,0.0,0.0,3,1009.8,997.2,84,24140.0,5.6,15.5,asuncion,2026-04-05T07:58:13.009713
2026-04-05T21:00,32.0,51,20.6,35.5,25,0.0,0.0,0.0,0.0,0.0,3,1009.3,996.6,100,24140.0,4.0,15.5,asuncion,2026-04-05T07:58:13.009713
2026-04-05T22:00,29.5,63,21.7,33.6,28,0.0,0.0,0.0,0.0,0.0,3,1009.2,996.4,100,24140.0,4.0,8.6,asuncion,2026-04-05T07:58:13.009713
2026-04-05T23:00,28.0,69,21.8,32.2,25,0.0,0.0,0.0,0.0,0.0,3,1009.8,997.0,100,24140.0,4.0,7.2,asuncion,2026-04-05T07:58:13.009713
2026-04-05T00:00,22.8,90,21.1,26.5,0,0.0,0.0,0.0,0.0,0.0,2,1010.8,994.3,75,24140.0,5.4,11.2,lima,2026-04-05T07:58:15.386750
2026-04-05T01:00,22.5,91,21.0,26.2,0,0.0,0.0,0.0,0.0,0.0,2,1011.7,995.1,78,24140.0,5.1,9.0,lima,2026-04-05T07:58:15.386750
2026-04-05T02:00,22.3,92,21.0,25.9,0,0.0,0.0,0.0,0.0,0.0,2,1012.2,995.6,69,24140.0,5.2,8.3,lima,2026-04-05T07:58:15.386750
2026-04-05T03:00,22.2,92,20.8,25.7,0,0.0,0.0,0.0,0.0,0.0,3,1012.1,995.5,93,24140.0,4.9,8.6,lima,2026-04-05T07:58:15.386750
2026-04-05T04:00,22.0,92,20.7,25.4,0,0.0,0.0,0.0,0.0,0.0,3,1011.8,995.2,82,24140.0,5.6,9.0,lima,2026-04-05T07:58:15.386750
2026-04-05T05:00,22.0,93,20.8,25.5,0,0.0,0.0,0.0,0.0,0.0,2,1011.6,995.0,73,24140.0,5.1,9.4,lima,2026-04-05T07:58:15.386750
2026-04-05T06:00,22.0,93,20.8,25.6,0,0.0,0.0,0.0,0.0,0.0,2,1011.4,994.8,81,24140.0,4.3,7.9,lima,2026-04-05T07:58:15.386750
2026-04-05T07:00,21.9,93,20.7,25.6,0,0.0,0.0,0.0,0.0,0.0,3,1011.2,994.6,83,24140.0,4.1,7.2,lima,2026-04-05T07:58:15.386750
2026-04-05T08:00,21.9,94,20.9,25.6,0,0.0,0.0,0.0,0.0,0.0,3,1011.0,994.4,85,24140.0,3.9,6.5,lima,2026-04-05T07:58:15.386750
2026-04-05T09:00,21.9,94,20.9,25.5,0,0.0,0.0,0.0,0.0,0.0,3,1010.9,994.3,97,24140.0,4.8,7.6,lima,2026-04-05T07:58:15.386750
2026-04-05T10:00,21.8,94,20.8,25.3,0,0.0,0.0,0.0,0.0,0.0,3,1010.8,994.2,94,24140.0,5.7,9.4,lima,2026-04-05T07:58:15.386750
2026-04-05T11:00,21.9,93,20.7,25.3,0,0.0,0.0,0.0,0.0,0.0,3,1011.0,994.4,96,24140.0,5.4,9.4,lima,2026-04-05T07:58:15.386750
2026-04-05T12:00,22.0,92,20.6,25.5,0,0.0,0.0,0.0,0.0,0.0,3,1011.4,994.8,96,24140.0,4.6,8.6,lima,2026-04-05T07:58:15.386750
2026-04-05T13:00,22.3,90,20.6,25.9,0,0.0,0.0,0.0,0.0,0.0,3,1012.2,995.6,81,24140.0,4.4,7.6,lima,2026-04-05T07:58:15.386750
2026-04-05T14:00,22.9,86,20.4,26.1,0,0.0,0.0,0.0,0.0,0.0,3,1012.7,996.2,82,24140.0,6.2,10.4,lima,2026-04-05T07:58:15.386750
2026-04-05T15:00,23.4,83,20.3,26.9,0,0.0,0.0,0.0,0.0,0.0,2,1012.6,996.1,79,24140.0,7.4,13.0,lima,2026-04-05T07:58:15.386750
2026-04-05T16:00,23.8,82,20.6,28.3,0,0.0,0.0,0.0,0.0,0.0,3,1012.1,995.6,100,24020.0,8.9,15.1,lima,2026-04-05T07:58:15.386750
2026-04-05T17:00,24.1,81,20.6,28.8,0,0.0,0.0,0.0,0.0,0.0,3,1011.6,995.1,100,24020.0,10.4,16.9,lima,2026-04-05T07:58:15.386750
2026-04-05T18:00,24.1,81,20.7,28.7,0,0.0,0.0,0.0,0.0,0.0,3,1011.0,994.5,100,24020.0,11.3,18.4,lima,2026-04-05T07:58:15.386750
2026-04-05T19:00,23.9,83,20.9,27.8,0,0.0,0.0,0.0,0.0,0.0,3,1010.3,993.8,100,24040.0,11.8,19.4,lima,2026-04-05T07:58:15.386750
2026-04-05T20:00,23.7,84,20.8,26.7,0,0.0,0.0,0.0,0.0,0.0,3,1009.7,993.2,100,24020.0,11.5,19.4,lima,2026-04-05T07:58:15.386750
2026-04-05T21:00,23.4,86,20.9,26.0,0,0.0,0.0,0.0,0.0,0.0,3,1009.8,993.3,100,24020.0,11.9,19.1,lima,2026-04-05T07:58:15.386750
2026-04-05T22:00,23.0,87,20.7,25.6,0,0.0,0.0,0.0,0.0,0.0,3,1010.2,993.7,100,24020.0,11.3,19.4,lima,2026-04-05T07:58:15.386750
2026-04-05T23:00,22.5,91,21.0,25.2,0,0.0,0.0,0.0,0.0,0.0,3,1010.4,993.9,100,24140.0,12.0,18.7,lima,2026-04-05T07:58:15.386750
2026-04-05T00:00,26.6,79,22.7,30.7,0,0.0,0.0,0.0,0.0,0.0,0,1012.0,1011.9,0,24140.0,8.0,13.7,manila,2026-04-05T07:58:52.915511
2026-04-05T01:00,26.7,80,23.0,31.6,0,0.0,0.0,0.0,0.0,0.0,0,1012.1,1012.0,0,24140.0,6.5,11.2,manila,2026-04-05T07:58:52.915511
2026-04-05T02:00,27.0,80,23.3,33.8,0,0.0,0.0,0.0,0.0,0.0,0,1012.1,1012.0,0,24140.0,3.5,9.0,manila,2026-04-05T07:58:52.915511
2026-04-05T03:00,27.3,78,23.2,35.1,0,0.0,0.0,0.0,0.0,0.0,0,1011.8,1011.7,0,24140.0,3.0,5.0,manila,2026-04-05T07:58:52.915511
2026-04-05T04:00,27.5,77,23.2,35.5,0,0.0,0.0,0.0,0.0,0.0,0,1010.7,1010.6,0,24140.0,4.3,6.1,manila,2026-04-05T07:58:52.915511
2026-04-05T05:00,27.9,74,22.8,35.4,0,0.0,0.0,0.0,0.0,0.0,0,1009.7,1009.6,0,24140.0,5.4,7.6,manila,2026-04-05T07:58:52.915511
2026-04-05T06:00,28.4,72,22.9,35.4,0,0.0,0.0,0.0,0.0,0.0,0,1008.6,1008.5,0,24140.0,5.4,7.9,manila,2026-04-05T07:58:52.915511
2026-04-05T07:00,29.0,70,23.0,35.2,0,0.0,0.0,0.0,0.0,0.0,0,1008.1,1008.0,0,24140.0,5.4,7.6,manila,2026-04-05T07:58:52.915511
2026-04-05T08:00,29.7,64,22.2,34.1,0,0.0,0.0,0.0,0.0,0.0,0,1007.9,1007.8,0,24140.0,6.2,8.3,manila,2026-04-05T07:58:52.915511
2026-04-05T09:00,30.2,59,21.3,34.1,0,0.0,0.0,0.0,0.0,0.0,0,1008.3,1008.2,0,24140.0,5.1,8.3,manila,2026-04-05T07:58:52.915511
2026-04-05T10:00,29.9,66,22.9,35.0,0,0.0,0.0,0.0,0.0,0.0,0,1008.8,1008.7,0,24140.0,2.3,6.8,manila,2026-04-05T07:58:52.915511
2026-04-05T11:00,29.7,72,24.2,35.0,0,0.0,0.0,0.0,0.0,0.0,0,1009.4,1009.3,0,24140.0,6.6,9.0,manila,2026-04-05T07:58:52.915511
2026-04-05T12:00,29.8,67,23.1,33.5,0,0.0,0.0,0.0,0.0,0.0,1,1010.0,1009.9,20,24140.0,13.0,17.3,manila,2026-04-05T07:58:52.915511
2026-04-05T13:00,29.4,64,21.9,31.8,0,0.0,0.0,0.0,0.0,0.0,1,1010.5,1010.4,33,24140.0,17.1,22.7,manila,2026-04-05T07:58:52.915511
2026-04-05T14:00,28.7,71,23.0,31.5,0,0.0,0.0,0.0,0.0,0.0,1,1010.8,1010.7,23,24140.0,18.5,24.5,manila,2026-04-05T07:58:52.915511
2026-04-05T15:00,28.3,76,23.7,31.6,0,0.0,0.0,0.0,0.0,0.0,1,1011.1,1011.0,12,24140.0,17.6,24.5,manila,2026-04-05T07:58:52.915511
2026-04-05T16:00,28.1,75,23.2,31.4,0,0.0,0.0,0.0,0.0,0.0,1,1011.2,1011.1,12,24140.0,15.8,23.4,manila,2026-04-05T07:58:52.915511
2026-04-05T17:00,27.8,74,22.7,31.3,0,0.0,0.0,0.0,0.0,0.0,0,1010.7,1010.6,0,24140.0,12.4,20.9,manila,2026-04-05T07:58:52.915511
2026-04-05T18:00,27.6,74,22.5,31.5,0,0.0,0.0,0.0,0.0,0.0,0,1010.4,1010.3,0,24140.0,9.1,16.6,manila,2026-04-05T07:58:52.915511
2026-04-05T19:00,27.2,76,22.6,31.3,0,0.0,0.0,0.0,0.0,0.0,0,1010.3,1010.2,0,24140.0,8.3,12.6,manila,2026-04-05T07:58:52.915511
2026-04-05T20:00,26.9,78,22.8,31.1,0,0.0,0.0,0.0,0.0,0.0,0,1010.5,1010.4,0,24140.0,8.4,11.5,manila,2026-04-05T07:58:52.915511
2026-04-05T21:00,26.8,77,22.5,30.8,0,0.0,0.0,0.0,0.0,0.0,0,1011.0,1010.9,1,24140.0,8.3,11.5,manila,2026-04-05T07:58:52.915511
2026-04-05T22:00,26.8,75,22.0,30.5,0,0.0,0.0,0.0,0.0,0.0,0,1011.6,1011.5,0,24140.0,8.3,11.5,manila,2026-04-05T07:58:52.915511
2026-04-05T23:00,26.8,73,21.5,30.4,0,0.0,0.0,0.0,0.0,0.0,0,1012.2,1012.1,0,24140.0,7.6,11.2,manila,2026-04-05T07:58:52.915511
2026-04-05T00:00,6.3,76,2.4,3.2,0,0.0,0.0,0.0,0.0,0.0,0,1018.7,1004.7,19,13260.0,9.7,16.2,warsaw,2026-04-05T08:00:17.172664
2026-04-05T01:00,5.6,76,1.7,2.3,0,0.0,0.0,0.0,0.0,0.0,0,1019.0,1005.0,0,50000.0,10.1,17.6,warsaw,2026-04-05T08:00:17.172664
2026-04-05T02:00,5.1,77,1.4,1.7,0,0.0,0.0,0.0,0.0,0.0,0,1019.5,1005.5,0,12840.0,10.1,17.6,warsaw,2026-04-05T08:00:17.172664
2026-04-05T03:00,4.4,78,0.9,0.7,0,0.0,0.0,0.0,0.0,0.0,1,1019.9,1005.8,38,12420.0,11.9,19.4,warsaw,2026-04-05T08:00:17.172664
2026-04-05T04:00,4.2,78,0.7,0.8,0,0.0,0.0,0.0,0.0,0.0,1,1019.5,1005.4,38,12320.0,9.4,19.8,warsaw,2026-04-05T08:00:17.172664
2026-04-05T05:00,5.4,71,0.6,2.1,0,0.0,0.0,0.0,0.0,0.0,0,1019.3,1005.3,0,15020.0,8.6,16.2,warsaw,2026-04-05T08:00:17.172664
2026-04-05T06:00,7.4,65,1.3,4.4,0,0.0,0.0,0.0,0.0,0.0,0,1019.3,1005.4,0,50000.0,7.2,15.5,warsaw,2026-04-05T08:00:17.172664
2026-04-05T07:00,9.3,62,2.4,6.1,0,0.0,0.0,0.0,0.0,0.0,0,1019.0,1005.2,0,18780.0,9.7,20.5,warsaw,2026-04-05T08:00:17.172664
2026-04-05T08:00,11.2,58,3.2,7.7,0,0.0,0.0,0.0,0.0,0.0,0,1018.5,1004.8,0,50000.0,13.0,27.0,warsaw,2026-04-05T08:00:17.172664
2026-04-05T09:00,13.1,51,3.2,9.9,0,0.0,0.0,0.0,0.0,0.0,2,1017.7,1004.1,50,50000.0,13.0,28.4,warsaw,2026-04-05T08:00:17.172664
2026-04-05T10:00,14.7,48,3.8,11.5,0,0.0,0.0,0.0,0.0,0.0,1,1016.9,1003.4,42,50000.0,15.8,33.8,warsaw,2026-04-05T08:00:17.172664
2026-04-05T11:00,15.4,51,5.3,12.3,0,0.0,0.0,0.0,0.0,0.0,2,1016.0,1002.5,52,50000.0,18.0,37.8,warsaw,2026-04-05T08:00:17.172664
2026-04-05T12:00,16.4,55,7.3,13.4,0,0.0,0.0,0.0,0.0,0.0,0,1014.9,1001.5,0,50000.0,19.4,40.7,warsaw,2026-04-05T08:00:17.172664
2026-04-05T13:00,17.3,56,8.5,14.0,0,0.0,0.0,0.0,0.0,0.0,1,1013.6,1000.2,24,21620.0,21.6,44.3,warsaw,2026-04-05T08:00:17.172664
2026-04-05T14:00,17.8,55,8.7,14.3,0,0.0,0.0,0.0,0.0,0.0,2,1012.4,999.1,55,21980.0,22.0,44.6,warsaw,2026-04-05T08:00:17.172664
2026-04-05T15:00,18.0,57,9.3,14.7,0,0.0,0.0,0.0,0.0,0.0,3,1011.7,998.4,100,20900.0,21.2,43.9,warsaw,2026-04-05T08:00:17.172664
2026-04-05T16:00,17.9,60,10.0,14.8,19,0.0,0.0,0.0,0.0,0.0,3,1011.4,998.1,89,50000.0,20.9,42.5,warsaw,2026-04-05T08:00:17.172664
2026-04-05T17:00,16.8,66,10.4,13.8,46,0.0,0.0,0.0,0.0,0.0,3,1010.1,996.8,100,17340.0,21.6,41.4,warsaw,2026-04-05T08:00:17.172664
2026-04-05T18:00,15.5,79,11.8,13.2,65,1.0,1.0,0.0,0.0,0.0,55,1011.1,997.7,100,3940.0,19.4,42.1,warsaw,2026-04-05T08:00:17.172664
2026-04-05T19:00,14.8,82,11.7,12.5,69,1.0,1.0,0.0,0.0,0.0,55,1011.5,998.0,100,50000.0,19.1,36.7,warsaw,2026-04-05T08:00:17.172664
2026-04-05T20:00,13.8,78,10.0,10.0,66,0.0,0.0,0.0,0.0,0.0,3,1012.7,999.2,100,12160.0,26.6,51.5,warsaw,2026-04-05T08:00:17.172664
2026-04-05T21:00,10.2,79,6.7,6.5,63,0.1,0.1,0.0,0.0,0.0,51,1014.4,1000.7,100,11900.0,19.8,57.6,warsaw,2026-04-05T08:00:17.172664
2026-04-05T22:00,9.1,76,5.1,6.9,63,0.0,0.0,0.0,0.0,0.0,3,1014.8,1001.0,100,13080.0,6.5,38.2,warsaw,2026-04-05T08:00:17.172664
2026-04-05T23:00,8.7,65,2.5,5.7,64,0.0,0.0,0.0,0.0,0.0,3,1014.9,1001.1,99,50000.0,9.0,16.6,warsaw,2026-04-05T08:00:17.172664
2026-04-05T00:00,12.5,93,11.4,12.4,0,0.0,0.0,0.0,0.0,0.0,2,1023.1,1022.4,82,10500.0,3.7,7.9,aveiro,2026-04-05T08:00:21.711928
2026-04-05T01:00,12.2,94,11.2,12.1,0,0.0,0.0,0.0,0.0,0.0,3,1023.1,1022.4,100,8860.0,3.1,5.4,aveiro,2026-04-05T08:00:21.711928
2026-04-05T02:00,11.8,96,11.1,11.6,0,0.0,0.0,0.0,0.0,0.0,45,1022.5,1021.8,100,5680.0,3.4,4.3,aveiro,2026-04-05T08:00:21.711928
2026-04-05T03:00,11.5,98,11.1,11.4,0,0.0,0.0,0.0,0.0,0.0,45,1022.5,1021.8,93,3060.0,3.1,4.7,aveiro,2026-04-05T08:00:21.711928
2026-04-05T04:00,11.5,98,11.1,11.3,0,0.0,0.0,0.0,0.0,0.0,45,1021.9,1021.2,85,2780.0,3.6,4.7,aveiro,2026-04-05T08:00:21.711928
2026-04-05T05:00,11.5,98,11.2,11.3,0,0.0,0.0,0.0,0.0,0.0,45,1021.8,1021.1,82,2240.0,3.7,4.3,aveiro,2026-04-05T08:00:21.711928
2026-04-05T06:00,11.2,99,11.1,11.2,0,0.0,0.0,0.0,0.0,0.0,45,1021.6,1020.9,84,360.0,2.2,4.3,aveiro,2026-04-05T08:00:21.711928
2026-04-05T07:00,11.2,99,11.1,11.4,0,0.0,0.0,0.0,0.0,0.0,45,1021.7,1021.0,87,1800.0,0.8,2.5,aveiro,2026-04-05T08:00:21.711928
2026-04-05T08:00,12.2,98,11.8,12.5,0,0.0,0.0,0.0,0.0,0.0,45,1021.9,1021.2,100,1180.0,1.5,3.6,aveiro,2026-04-05T08:00:21.711928
2026-04-05T09:00,14.4,88,12.4,14.4,0,0.0,0.0,0.0,0.0,0.0,3,1022.5,1021.8,75,13020.0,5.0,9.0,aveiro,2026-04-05T08:00:21.711928
2026-04-05T10:00,16.6,82,13.5,16.9,0,0.0,0.0,0.0,0.0,0.0,1,1022.9,1022.2,25,22740.0,6.3,12.2,aveiro,2026-04-05T08:00:21.711928
2026-04-05T11:00,18.7,71,13.3,19.5,0,0.0,0.0,0.0,0.0,0.0,0,1022.6,1021.9,21,36400.0,8.4,15.1,aveiro,2026-04-05T08:00:21.711928
2026-04-05T12:00,20.1,61,12.3,21.2,0,0.0,0.0,0.0,0.0,0.0,0,1022.2,1021.5,2,39640.0,8.2,15.8,aveiro,2026-04-05T08:00:21.711928
2026-04-05T13:00,21.2,60,13.1,22.4,0,0.0,0.0,0.0,0.0,0.0,0,1021.6,1020.9,2,40520.0,10.2,19.8,aveiro,2026-04-05T08:00:21.711928
2026-04-05T14:00,21.7,57,12.8,22.2,0,0.0,0.0,0.0,0.0,0.0,0,1020.9,1020.2,2,38260.0,12.9,24.8,aveiro,2026-04-05T08:00:21.711928
2026-04-05T15:00,21.5,51,10.9,20.6,0,0.0,0.0,0.0,0.0,0.0,0,1020.5,1019.8,7,39080.0,14.8,27.4,aveiro,2026-04-05T08:00:21.711928
2026-04-05T16:00,21.0,48,9.5,19.1,0,0.0,0.0,0.0,0.0,0.0,1,1019.8,1019.1,16,39300.0,13.9,27.7,aveiro,2026-04-05T08:00:21.711928
2026-04-05T17:00,20.4,52,10.2,18.7,0,0.0,0.0,0.0,0.0,0.0,1,1019.7,1019.0,21,37560.0,12.2,26.6,aveiro,2026-04-05T08:00:21.711928
2026-04-05T18:00,19.6,51,9.1,17.9,0,0.0,0.0,0.0,0.0,0.0,2,1019.1,1018.4,49,35940.0,10.0,23.0,aveiro,2026-04-05T08:00:21.711928
2026-04-05T19:00,17.8,55,8.6,16.6,0,0.0,0.0,0.0,0.0,0.0,3,1019.0,1018.3,98,32760.0,5.8,16.9,aveiro,2026-04-05T08:00:21.711928
2026-04-05T20:00,16.4,63,9.3,15.7,0,0.0,0.0,0.0,0.0,0.0,3,1019.1,1018.4,99,31980.0,3.9,9.4,aveiro,2026-04-05T08:00:21.711928
2026-04-05T21:00,16.1,67,9.9,15.8,0,0.0,0.0,0.0,0.0,0.0,1,1019.2,1018.5,45,30900.0,1.5,5.4,aveiro,2026-04-05T08:00:21.711928
2026-04-05T22:00,16.0,66,9.6,15.6,0,0.0,0.0,0.0,0.0,0.0,2,1018.8,1018.1,34,33380.0,1.6,1.4,aveiro,2026-04-05T08:00:21.711928
2026-04-05T23:00,15.4,69,9.7,14.8,0,0.0,0.0,0.0,0.0,0.0,0,1018.6,1017.9,5,34600.0,3.1,3.6,aveiro,2026-04-05T08:00:21.711928
2026-04-05T00:00,11.1,97,10.7,11.0,0,0.0,0.0,0.0,0.0,0.0,1,1023.2,999.8,63,7740.0,2.1,5.4,braga,2026-04-05T08:00:25.840684
2026-04-05T01:00,10.1,94,9.2,9.6,0,0.0,0.0,0.0,0.0,0.0,2,1023.3,999.8,76,14400.0,1.5,3.6,braga,2026-04-05T08:00:25.840684
2026-04-05T02:00,9.1,96,8.5,8.5,0,0.0,0.0,0.0,0.0,0.0,45,1022.9,999.3,98,3820.0,1.5,4.7,braga,2026-04-05T08:00:25.840684
2026-04-05T03:00,7.7,96,7.1,6.6,0,0.0,0.0,0.0,0.0,0.0,45,1022.9,999.2,84,2380.0,2.9,5.0,braga,2026-04-05T08:00:25.840684
2026-04-05T04:00,7.5,94,6.6,6.2,0,0.0,0.0,0.0,0.0,0.0,45,1022.4,998.7,59,5540.0,3.1,6.8,braga,2026-04-05T08:00:25.840684
2026-04-05T05:00,7.2,95,6.4,5.9,0,0.0,0.0,0.0,0.0,0.0,45,1022.4,998.7,61,4600.0,2.8,7.2,braga,2026-04-05T08:00:25.840684
2026-04-05T06:00,6.8,96,6.2,5.5,0,0.0,0.0,0.0,0.0,0.0,45,1022.2,998.5,59,3840.0,2.5,6.8,braga,2026-04-05T08:00:25.840684
2026-04-05T07:00,7.1,94,6.2,5.9,0,0.0,0.0,0.0,0.0,0.0,45,1022.2,998.5,53,5400.0,1.5,6.5,braga,2026-04-05T08:00:25.840684
2026-04-05T08:00,10.0,89,8.3,9.4,0,0.0,0.0,0.0,0.0,0.0,0,1022.4,998.9,19,11280.0,1.1,5.4,braga,2026-04-05T08:00:25.840684
2026-04-05T09:00,13.2,79,9.7,12.9,0,0.0,0.0,0.0,0.0,0.0,0,1022.6,999.4,8,18880.0,1.8,7.6,braga,2026-04-05T08:00:25.840684
2026-04-05T10:00,16.6,65,10.0,16.4,0,0.0,0.0,0.0,0.0,0.0,0,1022.9,999.9,0,34880.0,2.2,9.7,braga,2026-04-05T08:00:25.840684
2026-04-05T11:00,19.3,60,11.3,20.3,0,0.0,0.0,0.0,0.0,0.0,0,1022.5,999.8,0,39620.0,3.4,11.5,braga,2026-04-05T08:00:25.840684
2026-04-05T12:00,21.6,54,11.9,23.3,0,0.0,0.0,0.0,0.0,0.0,0,1022.0,999.4,0,40680.0,4.1,12.6,braga,2026-04-05T08:00:25.840684
2026-04-05T13:00,23.3,49,12.0,25.0,0,0.0,0.0,0.0,0.0,0.0,0,1021.5,999.1,0,41260.0,5.6,15.1,braga,2026-04-05T08:00:25.840684
2026-04-05T14:00,24.4,42,10.6,25.3,0,0.0,0.0,0.0,0.0,0.0,0,1020.8,998.5,0,42560.0,6.8,18.0,braga,2026-04-05T08:00:25.840684
2026-04-05T15:00,24.9,37,9.2,24.7,0,0.0,0.0,0.0,0.0,0.0,0,1020.5,998.2,0,43780.0,7.9,20.2,braga,2026-04-05T08:00:25.840684
2026-04-05T16:00,24.6,35,8.2,23.2,0,0.0,0.0,0.0,0.0,0.0,0,1019.8,997.5,0,44680.0,8.8,22.0,braga,2026-04-05T08:00:25.840684
2026-04-05T17:00,23.9,35,7.5,22.2,0,0.0,0.0,0.0,0.0,0.0,0,1019.8,997.5,0,45280.0,7.6,21.6,braga,2026-04-05T08:00:25.840684
2026-04-05T18:00,22.8,37,7.3,21.4,0,0.0,0.0,0.0,0.0,0.0,0,1019.3,996.9,0,44720.0,4.7,19.1,braga,2026-04-05T08:00:25.840684
2026-04-05T19:00,21.0,48,9.6,20.6,0,0.0,0.0,0.0,0.0,0.0,0,1019.3,996.8,0,42660.0,1.6,11.5,braga,2026-04-05T08:00:25.840684
2026-04-05T20:00,19.3,51,8.9,19.0,0,0.0,0.0,0.0,0.0,0.0,0,1019.5,996.8,0,41860.0,0.5,3.2,braga,2026-04-05T08:00:25.840684
2026-04-05T21:00,17.6,53,7.9,16.5,0,0.0,0.0,0.0,0.0,0.0,0,1019.6,996.8,0,42460.0,3.6,7.2,braga,2026-04-05T08:00:25.840684
2026-04-05T22:00,14.4,69,8.8,13.5,0,0.0,0.0,0.0,0.0,0.0,0,1019.5,996.4,0,40620.0,4.5,10.4,braga,2026-04-05T08:00:25.840684
2026-04-05T23:00,13.1,78,9.4,12.2,0,0.0,0.0,0.0,0.0,0.0,0,1019.5,996.3,0,34380.0,5.3,11.9,braga,2026-04-05T08:00:25.840684
2026-04-05T00:00,14.1,85,11.6,14.2,0,0.0,0.0,0.0,0.0,0.0,2,1022.9,1019.5,61,22300.0,2.5,5.0,coimbra,2026-04-05T08:01:43.525675
2026-04-05T01:00,13.4,87,11.3,13.6,0,0.0,0.0,0.0,0.0,0.0,2,1023.0,1019.6,61,18180.0,1.8,4.7,coimbra,2026-04-05T08:01:43.525675
2026-04-05T02:00,12.9,88,11.0,13.1,0,0.0,0.0,0.0,0.0,0.0,2,1022.4,1019.0,71,15520.0,0.7,3.2,coimbra,2026-04-05T08:01:43.525675
2026-04-05T03:00,12.4,90,10.8,12.5,0,0.0,0.0,0.0,0.0,0.0,2,1022.3,1018.9,53,12340.0,1.0,1.1,coimbra,2026-04-05T08:01:43.525675
2026-04-05T04:00,11.9,93,10.8,12.0,0,0.0,0.0,0.0,0.0,0.0,2,1021.8,1018.4,56,9620.0,0.7,1.4,coimbra,2026-04-05T08:01:43.525675
2026-04-05T05:00,11.5,95,10.7,11.5,0,0.0,0.0,0.0,0.0,0.0,1,1021.7,1018.3,39,7360.0,1.3,1.8,coimbra,2026-04-05T08:01:43.525675
2026-04-05T06:00,10.8,96,10.2,10.6,0,0.0,0.0,0.0,0.0,0.0,0,1021.5,1018.1,34,5860.0,2.3,4.0,coimbra,2026-04-05T08:01:43.525675
2026-04-05T07:00,10.7,94,9.8,10.2,0,0.0,0.0,0.0,0.0,0.0,1,1021.7,1018.3,53,4360.0,3.2,6.5,coimbra,2026-04-05T08:01:43.525675
2026-04-05T08:00,13.5,87,11.4,13.8,0,0.0,0.0,0.0,0.0,0.0,1,1021.7,1018.3,39,12500.0,1.0,6.5,coimbra,2026-04-05T08:01:43.525675
2026-04-05T09:00,16.8,69,11.1,17.1,0,0.0,0.0,0.0,0.0,0.0,2,1022.2,1018.8,60,24280.0,0.8,4.3,coimbra,2026-04-05T08:01:43.525675
2026-04-05T10:00,19.7,62,12.2,20.2,0,0.0,0.0,0.0,0.0,0.0,2,1022.5,1019.2,54,37020.0,2.3,7.9,coimbra,2026-04-05T08:01:43.525675
2026-04-05T11:00,22.1,58,13.5,23.8,0,0.0,0.0,0.0,0.0,0.0,2,1022.1,1018.8,53,39800.0,3.7,11.5,coimbra,2026-04-05T08:01:43.525675
2026-04-05T12:00,24.0,57,14.9,26.4,0,0.0,0.0,0.0,0.0,0.0,3,1021.5,1018.2,94,39820.0,5.9,14.8,coimbra,2026-04-05T08:01:43.525675
2026-04-05T13:00,25.7,48,13.9,27.5,0,0.0,0.0,0.0,0.0,0.0,3,1020.7,1017.4,100,41240.0,7.9,18.7,coimbra,2026-04-05T08:01:43.525675
2026-04-05T14:00,26.8,44,13.5,28.0,0,0.0,0.0,0.0,0.0,0.0,3,1019.8,1016.6,100,41880.0,9.2,21.6,coimbra,2026-04-05T08:01:43.525675
2026-04-05T15:00,27.2,45,14.2,28.0,0,0.0,0.0,0.0,0.0,0.0,3,1019.2,1016.0,100,41720.0,10.2,23.0,coimbra,2026-04-05T08:01:43.525675
2026-04-05T16:00,26.6,47,14.4,26.5,0,0.0,0.0,0.0,0.0,0.0,3,1018.7,1015.5,100,41460.0,11.8,25.9,coimbra,2026-04-05T08:01:43.525675
2026-04-05T17:00,25.4,45,12.6,24.5,0,0.0,0.0,0.0,0.0,0.0,3,1018.9,1015.6,100,41940.0,12.2,26.3,coimbra,2026-04-05T08:01:43.525675
2026-04-05T18:00,23.6,45,11.0,22.5,0,0.0,0.0,0.0,0.0,0.0,3,1018.7,1015.4,100,42020.0,9.5,26.3,coimbra,2026-04-05T08:01:43.525675
2026-04-05T19:00,21.8,50,10.9,21.6,0,0.0,0.0,0.0,0.0,0.0,3,1018.9,1015.6,86,41660.0,3.8,20.2,coimbra,2026-04-05T08:01:43.525675
2026-04-05T20:00,20.2,60,12.2,20.6,0,0.0,0.0,0.0,0.0,0.0,2,1019.1,1015.8,57,40760.0,2.2,6.8,coimbra,2026-04-05T08:01:43.525675
2026-04-05T21:00,19.3,63,12.1,19.7,0,0.0,0.0,0.0,0.0,0.0,2,1019.2,1015.9,47,40320.0,1.9,3.2,coimbra,2026-04-05T08:01:43.525675
2026-04-05T22:00,17.9,67,11.7,18.0,0,0.0,0.0,0.0,0.0,0.0,0,1018.8,1015.5,0,39420.0,3.0,5.4,coimbra,2026-04-05T08:01:43.525675
2026-04-05T23:00,16.2,75,11.8,16.1,0,0.0,0.0,0.0,0.0,0.0,1,1018.8,1015.4,11,35080.0,4.9,9.0,coimbra,2026-04-05T08:01:43.525675
2026-04-05T00:00,17.6,16,-8.5,12.6,0,0.0,0.0,0.0,0.0,0.0,3,1020.1,1008.3,71,59320.0,13.4,31.7,funchal,2026-04-05T08:01:45.911820
2026-04-05T01:00,17.5,20,-5.7,12.6,0,0.0,0.0,0.0,0.0,0.0,1,1019.9,1008.1,30,55260.0,14.0,33.8,funchal,2026-04-05T08:01:45.911820
2026-04-05T02:00,17.7,16,-8.5,12.4,0,0.0,0.0,0.0,0.0,0.0,2,1019.0,1007.2,57,57740.0,14.6,34.2,funchal,2026-04-05T08:01:45.911820
2026-04-05T03:00,17.8,20,-5.5,12.8,0,0.0,0.0,0.0,0.0,0.0,2,1018.1,1006.3,63,54740.0,14.9,33.5,funchal,2026-04-05T08:01:45.911820
2026-04-05T04:00,17.7,18,-6.9,12.5,0,0.0,0.0,0.0,0.0,0.0,3,1017.4,1005.7,76,56480.0,15.5,36.4,funchal,2026-04-05T08:01:45.911820
2026-04-05T05:00,17.7,21,-4.9,12.8,0,0.0,0.0,0.0,0.0,0.0,2,1016.8,1005.1,59,53400.0,14.8,36.0,funchal,2026-04-05T08:01:45.911820
2026-04-05T06:00,17.5,33,1.1,13.5,0,0.0,0.0,0.0,0.0,0.0,2,1016.7,1005.0,41,47760.0,14.1,34.6,funchal,2026-04-05T08:01:45.911820
2026-04-05T07:00,17.4,35,1.8,13.7,0,0.0,0.0,0.0,0.0,0.0,2,1016.8,1005.0,63,46080.0,13.1,32.8,funchal,2026-04-05T08:01:45.911820
2026-04-05T08:00,18.4,35,2.7,15.1,0,0.0,0.0,0.0,0.0,0.0,2,1017.0,1005.3,36,45800.0,11.6,31.0,funchal,2026-04-05T08:01:45.911820
2026-04-05T09:00,20.6,36,5.0,18.6,0,0.0,0.0,0.0,0.0,0.0,0,1017.0,1005.4,10,45900.0,5.2,27.0,funchal,2026-04-05T08:01:45.911820
2026-04-05T10:00,21.3,45,8.9,20.6,0,0.0,0.0,0.0,0.0,0.0,1,1017.3,1005.7,26,43300.0,2.9,20.2,funchal,2026-04-05T08:01:45.911820
2026-04-05T11:00,21.6,64,14.5,23.8,0,0.0,0.0,0.0,0.0,0.0,1,1018.0,1006.4,41,37320.0,1.3,22.7,funchal,2026-04-05T08:01:45.911820
2026-04-05T12:00,21.5,78,17.5,25.3,0,0.0,0.0,0.0,0.0,0.0,2,1017.7,1006.1,66,25480.0,2.6,23.4,funchal,2026-04-05T08:01:45.911820
2026-04-05T13:00,22.0,75,17.4,25.9,0,0.0,0.0,0.0,0.0,0.0,2,1017.4,1005.8,50,26900.0,3.1,23.4,funchal,2026-04-05T08:01:45.911820
2026-04-05T14:00,22.1,72,16.9,25.8,0,0.0,0.0,0.0,0.0,0.0,2,1016.6,1005.0,62,26920.0,5.2,19.4,funchal,2026-04-05T08:01:45.911820
2026-04-05T15:00,21.8,70,16.1,24.4,3,0.0,0.0,0.0,0.0,0.0,2,1016.1,1004.5,65,31260.0,6.7,20.2,funchal,2026-04-05T08:01:45.911820
2026-04-05T16:00,20.8,75,16.2,23.0,0,0.0,0.0,0.0,0.0,0.0,2,1015.6,1004.0,71,27980.0,4.4,20.9,funchal,2026-04-05T08:01:45.911820
2026-04-05T17:00,20.1,76,15.7,21.4,3,0.0,0.0,0.0,0.0,0.0,2,1015.4,1003.8,79,26220.0,4.4,16.6,funchal,2026-04-05T08:01:45.911820
2026-04-05T18:00,19.0,83,16.1,20.8,0,0.0,0.0,0.0,0.0,0.0,3,1015.2,1003.5,85,22480.0,2.6,16.2,funchal,2026-04-05T08:01:45.911820
2026-04-05T19:00,18.0,91,16.5,19.8,0,0.0,0.0,0.0,0.0,0.0,45,1015.4,1003.7,92,4000.0,3.4,14.4,funchal,2026-04-05T08:01:45.911820
2026-04-05T20:00,17.3,96,16.6,18.9,0,0.0,0.0,0.0,0.0,0.0,45,1015.9,1004.2,82,8660.0,4.6,11.9,funchal,2026-04-05T08:01:45.911820
2026-04-05T21:00,17.1,96,16.4,18.7,0,0.0,0.0,0.0,0.0,0.0,45,1016.3,1004.5,79,11120.0,4.3,11.2,funchal,2026-04-05T08:01:45.911820
2026-04-05T22:00,16.7,97,16.3,18.2,0,0.0,0.0,0.0,0.0,0.0,45,1016.2,1004.4,71,7920.0,4.7,10.8,funchal,2026-04-05T08:01:45.911820
2026-04-05T23:00,16.6,94,15.6,17.6,0,0.0,0.0,0.0,0.0,0.0,1,1015.9,1004.1,55,14320.0,5.9,13.7,funchal,2026-04-05T08:01:45.911820
2026-04-05T00:00,17.1,59,9.0,16.4,0,0.0,0.0,0.0,0.0,0.0,0,1022.0,1012.7,14,40700.0,2.6,5.8,lisbon,2026-04-05T08:01:48.296070
2026-04-05T01:00,16.4,65,9.8,16.1,0,0.0,0.0,0.0,0.0,0.0,0,1021.9,1012.5,2,38960.0,2.2,5.4,lisbon,2026-04-05T08:01:48.296070
2026-04-05T02:00,16.0,65,9.4,15.5,0,0.0,0.0,0.0,0.0,0.0,1,1021.3,1011.9,10,39720.0,2.6,4.3,lisbon,2026-04-05T08:01:48.296070
2026-04-05T03:00,15.5,68,9.6,15.1,0,0.0,0.0,0.0,0.0,0.0,1,1021.2,1011.8,18,38740.0,1.5,4.3,lisbon,2026-04-05T08:01:48.296070
2026-04-05T04:00,15.2,68,9.3,14.8,0,0.0,0.0,0.0,0.0,0.0,0,1020.6,1011.2,5,37260.0,1.8,1.8,lisbon,2026-04-05T08:01:48.296070
2026-04-05T05:00,15.3,69,9.7,14.9,0,0.0,0.0,0.0,0.0,0.0,0,1020.5,1011.1,6,32920.0,2.2,2.9,lisbon,2026-04-05T08:01:48.296070
2026-04-05T06:00,15.2,73,10.4,15.0,0,0.0,0.0,0.0,0.0,0.0,1,1020.4,1011.0,12,28760.0,2.3,3.6,lisbon,2026-04-05T08:01:48.296070
2026-04-05T07:00,15.0,77,11.0,14.8,0,0.0,0.0,0.0,0.0,0.0,1,1020.8,1011.4,19,26960.0,3.1,4.3,lisbon,2026-04-05T08:01:48.296070
2026-04-05T08:00,15.3,79,11.7,15.4,0,0.0,0.0,0.0,0.0,0.0,1,1021.0,1011.6,15,27000.0,2.7,7.6,lisbon,2026-04-05T08:01:48.296070
2026-04-05T09:00,16.8,68,10.8,16.5,0,0.0,0.0,0.0,0.0,0.0,0,1021.7,1012.4,3,34780.0,3.6,11.5,lisbon,2026-04-05T08:01:48.296070
2026-04-05T10:00,18.4,58,10.0,17.8,0,0.0,0.0,0.0,0.0,0.0,0,1022.1,1012.8,2,40660.0,5.9,15.8,lisbon,2026-04-05T08:01:48.296070
2026-04-05T11:00,19.9,53,10.0,19.9,0,0.0,0.0,0.0,0.0,0.0,0,1021.9,1012.7,2,40760.0,7.6,20.2,lisbon,2026-04-05T08:01:48.296070
2026-04-05T12:00,21.4,51,10.8,22.4,0,0.0,0.0,0.0,0.0,0.0,1,1021.3,1012.1,8,41040.0,6.6,20.2,lisbon,2026-04-05T08:01:48.296070
2026-04-05T13:00,23.1,49,11.8,25.0,0,0.0,0.0,0.0,0.0,0.0,1,1020.6,1011.5,12,41200.0,4.7,18.7,lisbon,2026-04-05T08:01:48.296070
2026-04-05T14:00,24.5,44,11.5,26.2,0,0.0,0.0,0.0,0.0,0.0,1,1019.7,1010.6,23,42320.0,4.9,15.1,lisbon,2026-04-05T08:01:48.296070
2026-04-05T15:00,25.7,35,9.1,26.0,0,0.0,0.0,0.0,0.0,0.0,1,1019.1,1010.1,13,43920.0,6.0,17.3,lisbon,2026-04-05T08:01:48.296070
2026-04-05T16:00,25.8,31,7.4,24.5,0,0.0,0.0,0.0,0.0,0.0,0,1018.6,1009.6,0,46760.0,8.0,21.2,lisbon,2026-04-05T08:01:48.296070
2026-04-05T17:00,24.7,38,9.4,23.2,0,0.0,0.0,0.0,0.0,0.0,0,1018.7,1009.6,0,43740.0,9.2,23.0,lisbon,2026-04-05T08:01:48.296070
2026-04-05T18:00,24.1,33,6.8,22.4,0,0.0,0.0,0.0,0.0,0.0,0,1018.2,1009.1,0,45560.0,6.2,20.9,lisbon,2026-04-05T08:01:48.296070
2026-04-05T19:00,22.6,39,8.0,21.6,0,0.0,0.0,0.0,0.0,0.0,0,1018.4,1009.3,0,43880.0,3.3,15.1,lisbon,2026-04-05T08:01:48.296070
2026-04-05T20:00,20.5,49,9.4,19.8,0,0.0,0.0,0.0,0.0,0.0,0,1018.6,1009.4,0,41760.0,3.9,8.6,lisbon,2026-04-05T08:01:48.296070
2026-04-05T21:00,18.8,58,10.3,18.3,0,0.0,0.0,0.0,0.0,0.0,0,1019.0,1009.7,0,40580.0,3.6,9.4,lisbon,2026-04-05T08:01:48.296070
2026-04-05T22:00,17.5,68,11.5,17.7,0,0.0,0.0,0.0,0.0,0.0,0,1018.8,1009.5,0,38940.0,2.2,7.9,lisbon,2026-04-05T08:01:48.296070
2026-04-05T23:00,17.3,69,11.6,17.5,0,0.0,0.0,0.0,0.0,0.0,0,1018.9,1009.6,0,39080.0,2.0,4.0,lisbon,2026-04-05T08:01:48.296070
2026-04-05T00:00,12.1,91,10.7,12.0,0,0.0,0.0,0.0,0.0,0.0,2,1023.2,1011.4,81,14100.0,2.2,9.4,porto,2026-04-05T08:03:06.007822
2026-04-05T01:00,11.7,93,10.6,11.5,0,0.0,0.0,0.0,0.0,0.0,3,1023.2,1011.4,98,10220.0,2.5,6.8,porto,2026-04-05T08:03:06.007822
2026-04-05T02:00,11.3,95,10.5,11.0,0,0.0,0.0,0.0,0.0,0.0,2,1022.7,1010.9,79,4680.0,2.9,7.9,porto,2026-04-05T08:03:06.007822
2026-04-05T03:00,10.6,98,10.3,10.4,0,0.0,0.0,0.0,0.0,0.0,45,1022.7,1010.8,100,2480.0,2.6,7.9,porto,2026-04-05T08:03:06.007822
2026-04-05T04:00,10.2,99,10.0,9.8,0,0.0,0.0,0.0,0.0,0.0,45,1022.2,1010.3,78,1900.0,2.5,7.2,porto,2026-04-05T08:03:06.007822
2026-04-05T05:00,9.6,100,9.6,9.0,0,0.0,0.0,0.0,0.0,0.0,45,1022.1,1010.2,93,40.0,3.4,8.6,porto,2026-04-05T08:03:06.007822
2026-04-05T06:00,9.1,100,9.1,8.3,0,0.0,0.0,0.0,0.0,0.0,45,1021.8,1009.9,95,60.0,3.7,10.4,porto,2026-04-05T08:03:06.007822
2026-04-05T07:00,8.9,100,8.9,8.1,0,0.0,0.0,0.0,0.0,0.0,45,1021.9,1010.0,99,100.0,3.5,10.4,porto,2026-04-05T08:03:06.007822
2026-04-05T08:00,9.4,99,9.2,8.8,0,0.0,0.0,0.0,0.0,0.0,45,1022.2,1010.3,87,160.0,2.8,9.7,porto,2026-04-05T08:03:06.007822
2026-04-05T09:00,12.3,87,10.2,12.1,0,0.0,0.0,0.0,0.0,0.0,1,1022.6,1010.8,30,8680.0,2.2,10.1,porto,2026-04-05T08:03:06.007822
2026-04-05T10:00,15.2,71,10.0,14.8,0,0.0,0.0,0.0,0.0,0.0,0,1023.1,1011.4,1,24560.0,3.9,13.0,porto,2026-04-05T08:03:06.007822
2026-04-05T11:00,17.5,64,10.6,18.0,0,0.0,0.0,0.0,0.0,0.0,0,1022.8,1011.2,0,35220.0,5.4,15.8,porto,2026-04-05T08:03:06.007822
2026-04-05T12:00,19.1,61,11.4,20.2,0,0.0,0.0,0.0,0.0,0.0,0,1022.4,1010.9,0,40680.0,6.8,19.8,porto,2026-04-05T08:03:06.007822
2026-04-05T13:00,19.8,54,10.3,20.5,0,0.0,0.0,0.0,0.0,0.0,0,1022.1,1010.6,0,41420.0,8.2,23.0,porto,2026-04-05T08:03:06.007822
2026-04-05T14:00,20.3,49,9.2,20.4,0,0.0,0.0,0.0,0.0,0.0,0,1021.5,1010.0,0,41660.0,9.0,25.9,porto,2026-04-05T08:03:06.007822
2026-04-05T15:00,20.7,46,8.6,20.0,0,0.0,0.0,0.0,0.0,0.0,0,1021.1,1009.7,0,43040.0,9.7,27.7,porto,2026-04-05T08:03:06.007822
2026-04-05T16:00,21.0,42,7.6,19.4,0,0.0,0.0,0.0,0.0,0.0,0,1020.2,1008.8,0,43920.0,9.4,27.0,porto,2026-04-05T08:03:06.007822
2026-04-05T17:00,20.8,43,7.7,19.2,0,0.0,0.0,0.0,0.0,0.0,0,1019.9,1008.5,1,43960.0,7.1,25.6,porto,2026-04-05T08:03:06.007822
2026-04-05T18:00,20.1,46,8.1,19.0,0,0.0,0.0,0.0,0.0,0.0,0,1019.4,1008.0,5,43340.0,4.1,20.5,porto,2026-04-05T08:03:06.007822
2026-04-05T19:00,18.7,53,8.9,17.9,0,0.0,0.0,0.0,0.0,0.0,0,1019.3,1007.8,2,41800.0,3.1,12.6,porto,2026-04-05T08:03:06.007822
2026-04-05T20:00,17.4,61,9.8,17.0,0,0.0,0.0,0.0,0.0,0.0,0,1019.3,1007.8,7,40400.0,2.5,8.6,porto,2026-04-05T08:03:06.007822
2026-04-05T21:00,16.9,64,10.1,16.4,0,0.0,0.0,0.0,0.0,0.0,1,1019.4,1007.8,16,40080.0,3.7,8.3,porto,2026-04-05T08:03:06.007822
2026-04-05T22:00,15.8,74,11.2,15.5,0,0.0,0.0,0.0,0.0,0.0,1,1018.9,1007.3,18,36440.0,5.2,13.0,porto,2026-04-05T08:03:06.007822
2026-04-05T23:00,15.1,80,11.7,14.7,0,0.0,0.0,0.0,0.0,0.0,0,1018.7,1007.1,0,32640.0,6.1,16.2,porto,2026-04-05T08:03:06.007822
2026-04-05T00:00,23.1,67,16.6,24.0,10,0.0,0.0,0.0,0.0,0.0,3,1011.1,1010.3,100,24140.0,9.8,20.5,doha,2026-04-05T08:03:08.407214
2026-04-05T01:00,22.7,69,16.8,23.3,8,0.0,0.0,0.0,0.0,0.0,3,1011.1,1010.3,100,24140.0,12.2,20.9,doha,2026-04-05T08:03:08.407214
2026-04-05T02:00,22.4,73,17.3,23.3,28,0.0,0.0,0.0,0.0,0.0,3,1011.3,1010.5,100,24140.0,11.8,20.5,doha,2026-04-05T08:03:08.407214
2026-04-05T03:00,22.0,79,18.2,23.0,10,0.0,0.0,0.0,0.0,0.0,3,1011.3,1010.5,82,24140.0,14.0,23.8,doha,2026-04-05T08:03:08.407214
2026-04-05T04:00,22.2,78,18.2,23.1,3,0.0,0.0,0.0,0.0,0.0,3,1012.5,1011.7,91,24140.0,14.0,23.8,doha,2026-04-05T08:03:08.407214
2026-04-05T05:00,22.9,76,18.4,23.4,0,0.0,0.0,0.0,0.0,0.0,3,1013.2,1012.4,88,24140.0,17.7,29.9,doha,2026-04-05T08:03:08.407214
2026-04-05T06:00,23.8,72,18.5,24.3,0,0.0,0.0,0.0,0.0,0.0,3,1012.9,1012.1,87,24140.0,18.5,31.3,doha,2026-04-05T08:03:08.407214
2026-04-05T07:00,25.0,66,18.2,25.9,0,0.0,0.0,0.0,0.0,0.0,3,1013.0,1012.2,86,24140.0,18.9,32.4,doha,2026-04-05T08:03:08.407214
2026-04-05T08:00,25.9,63,18.3,27.6,0,0.0,0.0,0.0,0.0,0.0,2,1012.4,1011.6,71,24140.0,17.2,32.0,doha,2026-04-05T08:03:08.407214
2026-04-05T09:00,26.8,58,17.8,28.5,0,0.0,0.0,0.0,0.0,0.0,2,1011.9,1011.1,64,24140.0,18.7,32.0,doha,2026-04-05T08:03:08.407214
2026-04-05T10:00,27.4,56,17.8,29.0,0,0.0,0.0,0.0,0.0,0.0,2,1011.4,1010.6,64,24140.0,18.8,33.1,doha,2026-04-05T08:03:08.407214
2026-04-05T11:00,27.7,52,17.0,28.6,0,0.0,0.0,0.0,0.0,0.0,2,1010.8,1010.0,59,24140.0,18.1,32.4,doha,2026-04-05T08:03:08.407214
2026-04-05T12:00,27.6,52,16.9,27.6,0,0.0,0.0,0.0,0.0,0.0,2,1010.3,1009.5,60,24140.0,18.1,31.3,doha,2026-04-05T08:03:08.407214
2026-04-05T13:00,27.0,56,17.5,26.8,0,0.0,0.0,0.0,0.0,0.0,3,1010.5,1009.7,92,24140.0,19.9,33.5,doha,2026-04-05T08:03:08.407214
2026-04-05T14:00,25.8,62,18.0,25.5,0,0.0,0.0,0.0,0.0,0.0,3,1011.1,1010.3,87,24140.0,21.6,36.4,doha,2026-04-05T08:03:08.407214
2026-04-05T15:00,24.5,66,17.8,24.3,0,0.0,0.0,0.0,0.0,0.0,1,1011.9,1011.1,40,24140.0,20.9,36.7,doha,2026-04-05T08:03:08.407214
2026-04-05T16:00,23.4,71,17.9,23.3,0,0.0,0.0,0.0,0.0,0.0,2,1012.6,1011.8,79,24140.0,20.5,35.3,doha,2026-04-05T08:03:08.407214
2026-04-05T17:00,22.9,71,17.4,22.8,0,0.0,0.0,0.0,0.0,0.0,1,1012.8,1012.0,43,24140.0,18.8,34.2,doha,2026-04-05T08:03:08.407214
2026-04-05T18:00,22.5,60,14.4,21.4,0,0.0,0.0,0.0,0.0,0.0,2,1013.3,1012.5,55,24140.0,17.5,31.3,doha,2026-04-05T08:03:08.407214
2026-04-05T19:00,22.3,53,12.2,20.8,0,0.0,0.0,0.0,0.0,0.0,3,1013.7,1012.9,100,24140.0,14.8,29.2,doha,2026-04-05T08:03:08.407214
2026-04-05T20:00,22.0,53,12.0,20.6,0,0.0,0.0,0.0,0.0,0.0,3,1013.7,1012.9,94,24140.0,14.0,24.5,doha,2026-04-05T08:03:08.407214
2026-04-05T21:00,21.7,51,11.2,20.0,0,0.0,0.0,0.0,0.0,0.0,2,1013.4,1012.6,74,24140.0,14.2,23.8,doha,2026-04-05T08:03:08.407214
2026-04-05T22:00,21.4,50,10.5,19.2,0,0.0,0.0,0.0,0.0,0.0,2,1013.1,1012.3,76,24140.0,16.1,27.0,doha,2026-04-05T08:03:08.407214
2026-04-05T23:00,21.1,49,10.0,18.3,3,0.0,0.0,0.0,0.0,0.0,3,1012.6,1011.8,94,24140.0,19.6,32.8,doha,2026-04-05T08:03:08.407214
2026-04-05T00:00,10.5,89,8.8,9.1,0,0.0,0.0,0.0,0.0,0.0,2,1019.0,1008.8,16,22380.0,7.8,16.9,bucharest,2026-04-05T08:04:26.069322
2026-04-05T01:00,10.1,91,8.7,8.7,0,0.0,0.0,0.0,0.0,0.0,1,1019.3,1009.0,34,20160.0,7.6,17.6,bucharest,2026-04-05T08:04:26.069322
2026-04-05T02:00,9.7,93,8.6,8.3,0,0.0,0.0,0.0,0.0,0.0,0,1019.5,1009.2,20,17560.0,6.6,17.6,bucharest,2026-04-05T08:04:26.069322
2026-04-05T03:00,9.0,94,8.1,7.9,0,0.0,0.0,0.0,0.0,0.0,1,1020.4,1010.1,21,16020.0,4.3,14.8,bucharest,2026-04-05T08:04:26.069322
2026-04-05T04:00,8.4,94,7.5,7.3,0,0.0,0.0,0.0,0.0,0.0,1,1020.7,1010.4,16,14820.0,3.2,9.7,bucharest,2026-04-05T08:04:26.069322
2026-04-05T05:00,8.4,94,7.5,7.3,0,0.0,0.0,0.0,0.0,0.0,1,1021.5,1011.2,29,6000.0,3.3,7.6,bucharest,2026-04-05T08:04:26.069322
2026-04-05T06:00,9.8,87,7.8,8.8,0,0.0,0.0,0.0,0.0,0.0,0,1021.3,1011.0,1,19940.0,3.4,10.1,bucharest,2026-04-05T08:04:26.069322
2026-04-05T07:00,12.5,74,8.0,11.6,0,0.0,0.0,0.0,0.0,0.0,0,1022.1,1011.9,2,33500.0,3.1,10.4,bucharest,2026-04-05T08:04:26.069322
2026-04-05T08:00,15.1,59,7.2,14.4,0,0.0,0.0,0.0,0.0,0.0,1,1022.2,1012.1,39,39400.0,1.3,10.1,bucharest,2026-04-05T08:04:26.069322
2026-04-05T09:00,17.1,45,5.1,16.4,0,0.0,0.0,0.0,0.0,0.0,0,1022.3,1012.3,1,41760.0,2.9,10.4,bucharest,2026-04-05T08:04:26.069322
2026-04-05T10:00,18.3,41,4.8,17.3,0,0.0,0.0,0.0,0.0,0.0,0,1022.2,1012.2,4,42660.0,7.3,19.8,bucharest,2026-04-05T08:04:26.069322
2026-04-05T11:00,18.9,41,5.3,18.3,0,0.0,0.0,0.0,0.0,0.0,3,1022.0,1012.0,69,42400.0,6.4,20.2,bucharest,2026-04-05T08:04:26.069322
2026-04-05T12:00,19.3,38,4.6,18.0,0,0.0,0.0,0.0,0.0,0.0,3,1021.7,1011.7,83,43200.0,5.2,18.4,bucharest,2026-04-05T08:04:26.069322
2026-04-05T13:00,19.3,37,4.3,17.3,0,0.0,0.0,0.0,0.0,0.0,3,1021.3,1011.3,82,43680.0,4.4,15.1,bucharest,2026-04-05T08:04:26.069322
2026-04-05T14:00,19.2,39,4.9,17.0,0,0.0,0.0,0.0,0.0,0.0,2,1020.8,1010.8,46,43400.0,7.1,18.7,bucharest,2026-04-05T08:04:26.069322
2026-04-05T15:00,18.9,40,5.0,16.8,0,0.0,0.0,0.0,0.0,0.0,1,1021.0,1011.0,38,43180.0,6.4,19.4,bucharest,2026-04-05T08:04:26.069322
2026-04-05T16:00,18.4,40,4.5,16.2,0,0.0,0.0,0.0,0.0,0.0,1,1021.1,1011.1,34,43260.0,5.7,16.9,bucharest,2026-04-05T08:04:26.069322
2026-04-05T17:00,17.3,45,5.2,15.5,0,0.0,0.0,0.0,0.0,0.0,1,1021.5,1011.5,17,42260.0,4.1,13.3,bucharest,2026-04-05T08:04:26.069322
2026-04-05T18:00,15.7,54,6.4,14.2,0,0.0,0.0,0.0,0.0,0.0,0,1021.6,1011.5,0,41180.0,3.8,9.0,bucharest,2026-04-05T08:04:26.069322
2026-04-05T19:00,14.4,61,7.0,13.1,0,0.0,0.0,0.0,0.0,0.0,0,1021.6,1011.5,0,40360.0,3.8,8.3,bucharest,2026-04-05T08:04:26.069322
2026-04-05T20:00,13.5,63,6.6,12.1,0,0.0,0.0,0.0,0.0,0.0,0,1021.4,1011.2,0,39960.0,3.7,8.3,bucharest,2026-04-05T08:04:26.069322
2026-04-05T21:00,12.7,66,6.5,11.3,0,0.0,0.0,0.0,0.0,0.0,0,1021.7,1011.5,2,39400.0,3.9,8.3,bucharest,2026-04-05T08:04:26.069322
2026-04-05T22:00,12.0,68,6.3,10.5,0,0.0,0.0,0.0,0.0,0.0,1,1021.9,1011.7,6,38900.0,3.9,8.3,bucharest,2026-04-05T08:04:26.069322
2026-04-05T23:00,11.4,69,5.9,9.8,0,0.0,0.0,0.0,0.0,0.0,0,1022.0,1011.8,3,38400.0,4.1,8.3,bucharest,2026-04-05T08:04:26.069322
2026-04-05T00:00,-2.1,68,-7.2,-6.1,0,0.0,0.0,0.0,0.0,0.0,1,1007.2,1006.1,5,37060.0,6.8,16.9,arkhangelsk,2026-04-05T08:05:03.601954
2026-04-05T01:00,-2.3,68,-7.4,-6.3,0,0.0,0.0,0.0,0.0,0.0,0,1007.5,1006.4,0,36800.0,6.8,15.8,arkhangelsk,2026-04-05T08:05:03.601954
2026-04-05T02:00,-2.7,70,-7.4,-6.6,0,0.0,0.0,0.0,0.0,0.0,0,1007.5,1006.4,1,34620.0,6.5,15.1,arkhangelsk,2026-04-05T08:05:03.601954
2026-04-05T03:00,-2.9,73,-7.1,-6.9,0,0.0,0.0,0.0,0.0,0.0,0,1008.4,1007.3,0,32380.0,6.5,14.4,arkhangelsk,2026-04-05T08:05:03.601954
2026-04-05T04:00,-2.5,76,-6.1,-6.4,0,0.0,0.0,0.0,0.0,0.0,1,1007.7,1006.6,17,30280.0,6.8,15.8,arkhangelsk,2026-04-05T08:05:03.601954
2026-04-05T05:00,-1.1,72,-5.5,-5.0,0,0.0,0.0,0.0,0.0,0.0,1,1008.2,1007.1,16,32960.0,7.2,16.9,arkhangelsk,2026-04-05T08:05:03.601954
2026-04-05T06:00,1.1,63,-5.2,-2.8,0,0.0,0.0,0.0,0.0,0.0,1,1007.7,1006.6,17,39040.0,7.3,18.0,arkhangelsk,2026-04-05T08:05:03.601954
2026-04-05T07:00,3.1,53,-5.6,-0.8,0,0.0,0.0,0.0,0.0,0.0,0,1007.9,1006.8,2,40880.0,7.4,18.7,arkhangelsk,2026-04-05T08:05:03.601954
2026-04-05T08:00,4.7,43,-6.8,0.5,0,0.0,0.0,0.0,0.0,0.0,1,1007.3,1006.2,30,42320.0,8.1,20.2,arkhangelsk,2026-04-05T08:05:03.601954
2026-04-05T09:00,5.7,35,-8.6,1.2,0,0.0,0.0,0.0,0.0,0.0,1,1007.2,1006.1,12,44420.0,9.8,23.8,arkhangelsk,2026-04-05T08:05:03.601954
2026-04-05T10:00,6.3,36,-7.7,1.8,0,0.0,0.0,0.0,0.0,0.0,1,1006.9,1005.8,24,44000.0,10.4,25.6,arkhangelsk,2026-04-05T08:05:03.601954
2026-04-05T11:00,6.7,37,-7.0,2.2,0,0.0,0.0,0.0,0.0,0.0,2,1006.7,1005.6,74,43640.0,10.4,25.6,arkhangelsk,2026-04-05T08:05:03.601954
2026-04-05T12:00,6.9,36,-7.1,2.4,0,0.0,0.0,0.0,0.0,0.0,3,1006.6,1005.5,88,43960.0,10.4,25.6,arkhangelsk,2026-04-05T08:05:03.601954
2026-04-05T13:00,6.8,36,-7.2,2.3,0,0.0,0.0,0.0,0.0,0.0,2,1006.5,1005.4,81,44080.0,10.7,25.9,arkhangelsk,2026-04-05T08:05:03.601954
2026-04-05T14:00,6.4,38,-6.9,2.0,0,0.0,0.0,0.0,0.0,0.0,3,1006.4,1005.3,83,43660.0,10.0,25.9,arkhangelsk,2026-04-05T08:05:03.601954
2026-04-05T15:00,5.8,40,-6.8,1.6,0,0.0,0.0,0.0,0.0,0.0,3,1006.6,1005.5,99,43260.0,8.2,23.0,arkhangelsk,2026-04-05T08:05:03.601954
2026-04-05T16:00,4.4,46,-6.2,0.3,0,0.0,0.0,0.0,0.0,0.0,3,1006.8,1005.7,97,42060.0,8.3,19.1,arkhangelsk,2026-04-05T08:05:03.601954
2026-04-05T17:00,3.0,51,-6.2,-1.2,0,0.0,0.0,0.0,0.0,0.0,3,1006.7,1005.6,98,41360.0,9.0,20.2,arkhangelsk,2026-04-05T08:05:03.601954
2026-04-05T18:00,2.1,60,-4.9,-2.0,0,0.0,0.0,0.0,0.0,0.0,3,1006.4,1005.3,99,40240.0,8.8,20.2,arkhangelsk,2026-04-05T08:05:03.601954
2026-04-05T19:00,1.9,69,-3.2,-1.8,3,0.0,0.0,0.0,0.0,0.0,3,1006.3,1005.2,94,38080.0,7.4,19.8,arkhangelsk,2026-04-05T08:05:03.601954
2026-04-05T20:00,1.6,75,-2.4,-1.9,0,0.0,0.0,0.0,0.0,0.0,3,1006.1,1005.0,83,35320.0,6.9,16.6,arkhangelsk,2026-04-05T08:05:03.601954
2026-04-05T21:00,1.5,78,-1.9,-1.9,0,0.0,0.0,0.0,0.0,0.0,3,1005.9,1004.8,96,33540.0,6.8,15.1,arkhangelsk,2026-04-05T08:05:03.601954
2026-04-05T22:00,1.4,81,-1.5,-1.9,3,0.0,0.0,0.0,0.0,0.0,3,1005.3,1004.2,92,31240.0,6.7,14.4,arkhangelsk,2026-04-05T08:05:03.601954
2026-04-05T23:00,1.1,85,-1.1,-2.1,8,0.0,0.0,0.0,0.0,0.0,2,1005.5,1004.4,59,27880.0,6.4,14.4,arkhangelsk,2026-04-05T08:05:03.601954
2026-04-05T00:00,4.3,66,-1.5,1.7,0,0.0,0.0,0.0,0.0,0.0,3,1003.5,984.4,100,39060.0,1.8,11.5,moscow,2026-04-05T08:05:05.996468
2026-04-05T01:00,3.9,70,-1.1,1.2,13,0.0,0.0,0.0,0.0,0.0,3,1003.0,983.9,100,37860.0,3.1,7.2,moscow,2026-04-05T08:05:05.996468
2026-04-05T02:00,3.7,72,-0.8,0.9,80,0.1,0.1,0.0,0.0,0.0,61,1003.1,984.0,100,36660.0,4.0,9.0,moscow,2026-04-05T08:05:05.996468
2026-04-05T03:00,3.7,76,-0.1,1.1,88,0.3,0.3,0.0,0.0,0.0,61,1003.7,984.6,100,34380.0,3.3,11.2,moscow,2026-04-05T08:05:05.996468
2026-04-05T04:00,3.7,77,0.1,1.1,73,0.2,0.2,0.0,0.0,0.0,61,1002.8,983.7,98,33920.0,3.8,9.4,moscow,2026-04-05T08:05:05.996468
2026-04-05T05:00,4.3,77,0.6,1.5,38,0.0,0.0,0.0,0.0,0.0,3,1002.5,983.5,85,33860.0,5.4,14.4,moscow,2026-04-05T08:05:05.996468
2026-04-05T06:00,5.4,71,0.6,1.7,8,0.0,0.0,0.0,0.0,0.0,3,1002.3,983.3,99,35900.0,11.7,31.7,moscow,2026-04-05T08:05:05.996468
2026-04-05T07:00,5.3,76,1.5,1.7,10,0.0,0.0,0.0,0.0,0.0,3,1002.9,983.9,98,31780.0,11.9,31.3,moscow,2026-04-05T08:05:05.996468
2026-04-05T08:00,5.9,70,0.9,2.5,38,0.1,0.0,0.1,0.0,0.0,3,1002.8,983.9,88,34840.0,10.1,31.7,moscow,2026-04-05T08:05:05.996468
2026-04-05T09:00,6.8,68,1.3,3.4,50,0.3,0.0,0.3,0.0,0.0,80,1002.6,983.7,71,35740.0,10.4,34.2,moscow,2026-04-05T08:05:05.996468
2026-04-05T10:00,7.5,64,1.2,3.7,78,0.4,0.0,0.4,0.0,0.0,80,1002.8,984.0,100,38020.0,13.1,39.2,moscow,2026-04-05T08:05:05.996468
2026-04-05T11:00,7.6,61,0.6,3.7,85,0.4,0.0,0.4,0.0,0.0,80,1003.1,984.3,97,38820.0,13.4,40.0,moscow,2026-04-05T08:05:05.996468
2026-04-05T12:00,7.6,60,0.4,3.6,80,0.1,0.0,0.1,0.0,0.0,80,1003.1,984.3,95,39340.0,13.3,39.6,moscow,2026-04-05T08:05:05.996468
2026-04-05T13:00,7.8,56,-0.4,3.8,65,0.1,0.0,0.1,0.0,0.0,2,1003.5,984.7,79,40160.0,12.8,39.2,moscow,2026-04-05T08:05:05.996468
2026-04-05T14:00,7.4,64,1.0,3.5,65,0.3,0.0,0.3,0.0,0.0,80,1004.0,985.1,90,38820.0,13.4,37.8,moscow,2026-04-05T08:05:05.996468
2026-04-05T15:00,7.0,61,-0.0,3.1,50,0.1,0.0,0.1,0.0,0.0,2,1005.0,986.1,59,39720.0,11.9,36.7,moscow,2026-04-05T08:05:05.996468
2026-04-05T16:00,6.2,65,0.1,2.4,20,0.0,0.0,0.0,0.0,0.0,3,1006.0,987.0,72,39080.0,11.3,30.6,moscow,2026-04-05T08:05:05.996468
2026-04-05T17:00,5.3,74,1.0,1.8,5,0.0,0.0,0.0,0.0,0.0,2,1007.1,988.0,75,35480.0,10.6,29.5,moscow,2026-04-05T08:05:05.996468
2026-04-05T18:00,4.6,80,1.5,1.5,3,0.0,0.0,0.0,0.0,0.0,2,1007.2,988.1,59,31400.0,8.8,27.4,moscow,2026-04-05T08:05:05.996468
2026-04-05T19:00,3.9,82,1.1,0.5,3,0.0,0.0,0.0,0.0,0.0,2,1007.2,988.0,78,29160.0,10.1,25.6,moscow,2026-04-05T08:05:05.996468
2026-04-05T20:00,3.7,83,1.1,0.2,5,0.0,0.0,0.0,0.0,0.0,2,1007.4,988.2,56,27840.0,10.2,27.0,moscow,2026-04-05T08:05:05.996468
2026-04-05T21:00,3.5,83,0.9,0.0,0,0.0,0.0,0.0,0.0,0.0,2,1007.5,988.3,68,27880.0,10.6,28.8,moscow,2026-04-05T08:05:05.996468
2026-04-05T22:00,3.2,84,0.7,-0.3,0,0.0,0.0,0.0,0.0,0.0,1,1007.6,988.4,44,27240.0,10.2,27.0,moscow,2026-04-05T08:05:05.996468
2026-04-05T23:00,2.6,86,0.5,-0.9,0,0.0,0.0,0.0,0.0,0.0,2,1007.9,988.6,46,24580.0,9.8,25.9,moscow,2026-04-05T08:05:05.996468
2026-04-05T00:00,-2.3,86,-4.3,-5.7,0,0.0,0.0,0.0,0.0,0.21,3,1005.4,984.2,100,20000.0,5.0,8.6,novosibirsk,2026-04-05T08:05:08.376827
2026-04-05T01:00,-1.4,83,-3.9,-4.8,0,0.0,0.0,0.0,0.0,0.21,3,1005.2,984.1,100,24140.0,5.1,7.2,novosibirsk,2026-04-05T08:05:08.376827
2026-04-05T02:00,-0.3,79,-3.5,-3.8,0,0.0,0.0,0.0,0.0,0.21,3,1004.9,983.9,100,23920.0,5.6,9.0,novosibirsk,2026-04-05T08:05:08.376827
2026-04-05T03:00,2.1,71,-2.6,-1.3,0,0.0,0.0,0.0,0.0,0.21,3,1004.4,983.6,100,820.0,6.7,10.1,novosibirsk,2026-04-05T08:05:08.376827
2026-04-05T04:00,5.0,57,-2.8,1.4,0,0.0,0.0,0.0,0.0,0.21,3,1004.0,983.4,100,160.0,7.3,17.6,novosibirsk,2026-04-05T08:05:08.376827
2026-04-05T05:00,5.6,56,-2.5,1.9,0,0.0,0.0,0.0,0.0,0.21,3,1003.1,982.6,100,220.0,8.0,19.4,novosibirsk,2026-04-05T08:05:08.376827
2026-04-05T06:00,6.9,52,-2.3,3.3,0,0.0,0.0,0.0,0.0,0.2,3,1002.4,982.0,100,800.0,7.9,22.0,novosibirsk,2026-04-05T08:05:08.376827
2026-04-05T07:00,7.9,50,-1.9,4.1,0,0.0,0.0,0.0,0.0,0.2,3,1001.5,981.2,100,6440.0,10.0,24.5,novosibirsk,2026-04-05T08:05:08.376827
2026-04-05T08:00,9.0,47,-1.7,5.1,0,0.0,0.0,0.0,0.0,0.2,3,1000.2,980.0,100,6660.0,10.4,25.9,novosibirsk,2026-04-05T08:05:08.376827
2026-04-05T09:00,9.8,45,-1.6,6.0,0,0.0,0.0,0.0,0.0,0.2,3,999.5,979.4,100,6440.0,10.4,26.6,novosibirsk,2026-04-05T08:05:08.376827
2026-04-05T10:00,9.8,46,-1.3,5.9,0,0.0,0.0,0.0,0.0,0.19,3,998.9,978.8,100,140.0,10.9,27.0,novosibirsk,2026-04-05T08:05:08.376827
2026-04-05T11:00,9.4,50,-0.5,5.7,0,0.0,0.0,0.0,0.0,0.19,3,999.0,978.8,100,80.0,10.7,27.7,novosibirsk,2026-04-05T08:05:08.376827
2026-04-05T12:00,8.5,57,0.4,5.0,0,0.0,0.0,0.0,0.0,0.19,3,999.1,978.9,94,200.0,9.7,26.3,novosibirsk,2026-04-05T08:05:08.376827
2026-04-05T13:00,7.3,67,1.6,4.1,0,0.0,0.0,0.0,0.0,0.19,2,999.4,979.1,77,80.0,8.7,23.0,novosibirsk,2026-04-05T08:05:08.376827
2026-04-05T14:00,7.0,73,2.5,4.0,0,0.0,0.0,0.0,0.0,0.18,3,1000.0,979.6,98,60.0,9.2,21.6,novosibirsk,2026-04-05T08:05:08.376827
2026-04-05T15:00,7.1,78,3.5,4.2,3,0.0,0.0,0.0,0.0,0.18,3,1000.3,979.9,100,40.0,9.3,22.7,novosibirsk,2026-04-05T08:05:08.376827
2026-04-05T16:00,7.1,83,4.4,4.5,5,0.0,0.0,0.0,0.0,0.18,3,1000.2,979.8,100,40.0,8.4,22.3,novosibirsk,2026-04-05T08:05:08.376827
2026-04-05T17:00,7.0,86,4.8,4.6,3,0.0,0.0,0.0,0.0,0.18,3,1000.4,980.0,100,40.0,7.9,20.2,novosibirsk,2026-04-05T08:05:08.376827
2026-04-05T18:00,6.6,89,4.9,4.3,3,0.0,0.0,0.0,0.0,0.17,3,1001.1,980.7,100,40.0,7.4,18.7,novosibirsk,2026-04-05T08:05:08.376827
2026-04-05T19:00,6.3,91,5.0,4.1,5,0.0,0.0,0.0,0.0,0.17,2,1001.6,981.2,80,60.0,7.1,17.3,novosibirsk,2026-04-05T08:05:08.376827
2026-04-05T20:00,5.5,95,4.7,3.3,0,0.0,0.0,0.0,0.0,0.17,3,1002.1,981.6,92,60.0,6.2,16.6,novosibirsk,2026-04-05T08:05:08.376827
2026-04-05T21:00,5.0,97,4.6,2.9,0,0.0,0.0,0.0,0.0,0.17,3,1002.6,982.0,85,80.0,5.9,14.0,novosibirsk,2026-04-05T08:05:08.376827
2026-04-05T22:00,4.3,98,4.0,2.2,0,0.0,0.0,0.0,0.0,0.17,2,1003.2,982.6,79,100.0,5.2,13.3,novosibirsk,2026-04-05T08:05:08.376827
2026-04-05T23:00,3.2,100,3.2,1.0,0,0.0,0.0,0.0,0.0,0.17,2,1003.9,983.2,80,120.0,4.5,11.5,novosibirsk,2026-04-05T08:05:08.376827
2026-04-05T00:00,7.1,85,4.7,5.5,10,0.0,0.0,0.0,0.0,0.0,3,1009.2,996.0,94,28080.0,2.3,3.6,orenburg,2026-04-05T08:06:26.069389
2026-04-05T01:00,7.0,86,4.8,5.5,8,0.0,0.0,0.0,0.0,0.0,3,1009.7,996.5,90,26740.0,2.2,4.3,orenburg,2026-04-05T08:06:26.069389
2026-04-05T02:00,6.8,86,4.6,5.3,10,0.0,0.0,0.0,0.0,0.0,3,1010.1,996.9,89,27440.0,1.3,4.0,orenburg,2026-04-05T08:06:26.069389
2026-04-05T03:00,7.0,85,4.6,5.3,18,0.0,0.0,0.0,0.0,0.0,3,1010.5,997.3,90,27980.0,2.3,4.0,orenburg,2026-04-05T08:06:26.069389
2026-04-05T04:00,7.9,84,5.4,6.6,28,0.0,0.0,0.0,0.0,0.0,3,1010.3,997.1,93,27540.0,1.3,4.7,orenburg,2026-04-05T08:06:26.069389
2026-04-05T05:00,9.6,70,4.4,7.7,35,0.0,0.0,0.0,0.0,0.0,2,1010.6,997.5,76,36520.0,4.1,11.2,orenburg,2026-04-05T08:06:26.069389
2026-04-05T06:00,11.1,59,3.4,9.0,33,0.0,0.0,0.0,0.0,0.0,3,1010.9,997.9,87,39640.0,3.6,13.0,orenburg,2026-04-05T08:06:26.069389
2026-04-05T07:00,11.9,51,2.1,9.7,20,0.0,0.0,0.0,0.0,0.0,3,1010.7,997.7,89,41060.0,3.3,11.5,orenburg,2026-04-05T08:06:26.069389
2026-04-05T08:00,12.6,46,1.3,10.3,28,0.0,0.0,0.0,0.0,0.0,3,1010.4,997.5,89,41740.0,2.2,10.1,orenburg,2026-04-05T08:06:26.069389
2026-04-05T09:00,13.0,44,1.0,10.6,33,0.0,0.0,0.0,0.0,0.0,3,1010.3,997.4,99,42100.0,3.0,9.7,orenburg,2026-04-05T08:06:26.069389
2026-04-05T10:00,12.7,49,2.3,10.4,33,0.1,0.1,0.0,0.0,0.0,61,1010.0,997.1,93,42020.0,4.0,11.2,orenburg,2026-04-05T08:06:26.069389
2026-04-05T11:00,12.3,54,3.2,9.8,45,0.2,0.2,0.0,0.0,0.0,61,1009.7,996.7,99,38600.0,6.2,15.5,orenburg,2026-04-05T08:06:26.069389
2026-04-05T12:00,12.0,58,4.0,9.5,28,0.2,0.2,0.0,0.0,0.0,61,1009.2,996.2,98,40460.0,7.2,18.7,orenburg,2026-04-05T08:06:26.069389
2026-04-05T13:00,11.7,61,4.4,9.3,20,0.2,0.2,0.0,0.0,0.0,61,1009.1,996.1,93,38180.0,7.2,18.0,orenburg,2026-04-05T08:06:26.069389
2026-04-05T14:00,11.5,65,5.1,9.2,20,0.1,0.0,0.1,0.0,0.0,3,1008.6,995.6,96,39080.0,7.2,16.9,orenburg,2026-04-05T08:06:26.069389
2026-04-05T15:00,10.8,67,4.9,8.6,23,0.0,0.0,0.0,0.0,0.0,3,1008.5,995.5,94,38700.0,6.9,17.3,orenburg,2026-04-05T08:06:26.069389
2026-04-05T16:00,10.2,71,5.1,7.9,28,0.0,0.0,0.0,0.0,0.0,3,1008.7,995.7,90,37380.0,7.2,21.2,orenburg,2026-04-05T08:06:26.069389
2026-04-05T17:00,9.8,77,6.0,7.8,13,0.0,0.0,0.0,0.0,0.0,3,1008.7,995.6,79,34420.0,7.1,16.9,orenburg,2026-04-05T08:06:26.069389
2026-04-05T18:00,9.6,83,6.9,7.9,15,0.0,0.0,0.0,0.0,0.0,3,1008.5,995.4,99,29920.0,6.4,22.0,orenburg,2026-04-05T08:06:26.069389
2026-04-05T19:00,9.5,88,7.6,8.0,10,0.0,0.0,0.0,0.0,0.0,3,1007.9,994.8,100,24780.0,5.8,27.0,orenburg,2026-04-05T08:06:26.069389
2026-04-05T20:00,9.6,90,8.0,8.1,25,0.2,0.0,0.2,0.0,0.0,3,1007.8,994.7,100,21340.0,6.2,23.8,orenburg,2026-04-05T08:06:26.069389
2026-04-05T21:00,9.9,90,8.3,8.5,13,0.0,0.0,0.0,0.0,0.0,3,1007.2,994.2,96,21360.0,6.2,26.3,orenburg,2026-04-05T08:06:26.069389
2026-04-05T22:00,9.7,90,8.2,8.3,23,0.1,0.0,0.1,0.0,0.0,2,1007.0,994.0,63,21880.0,6.6,26.6,orenburg,2026-04-05T08:06:26.069389
2026-04-05T23:00,9.4,88,7.5,8.0,10,0.0,0.0,0.0,0.0,0.0,2,1006.5,993.5,65,25200.0,5.7,14.0,orenburg,2026-04-05T08:06:26.069389
2026-04-05T00:00,9.6,94,8.7,8.4,3,0.0,0.0,0.0,0.0,0.0,1,1010.2,1002.3,22,14580.0,5.9,13.7,rostov-on-don,2026-04-05T08:07:03.610690
2026-04-05T01:00,9.4,95,8.6,8.2,0,0.0,0.0,0.0,0.0,0.0,1,1010.3,1002.4,42,6840.0,6.0,15.5,rostov-on-don,2026-04-05T08:07:03.610690
2026-04-05T02:00,9.4,95,8.6,8.0,0,0.0,0.0,0.0,0.0,0.0,2,1010.7,1002.8,51,5380.0,6.5,16.6,rostov-on-don,2026-04-05T08:07:03.610690
2026-04-05T03:00,9.4,96,8.8,8.2,3,0.0,0.0,0.0,0.0,0.0,3,1011.1,1003.2,91,4300.0,6.3,16.9,rostov-on-don,2026-04-05T08:07:03.610690
2026-04-05T04:00,9.7,97,9.3,8.4,3,0.0,0.0,0.0,0.0,0.0,3,1011.4,1003.5,96,340.0,7.9,20.2,rostov-on-don,2026-04-05T08:07:03.610690
2026-04-05T05:00,10.1,97,9.6,8.5,5,0.0,0.0,0.0,0.0,0.0,3,1011.6,1003.7,100,80.0,10.6,27.7,rostov-on-don,2026-04-05T08:07:03.610690
2026-04-05T06:00,10.6,96,10.0,9.1,3,0.0,0.0,0.0,0.0,0.0,3,1012.1,1004.2,100,100.0,10.7,28.1,rostov-on-don,2026-04-05T08:07:03.610690
2026-04-05T07:00,11.4,91,10.0,9.8,0,0.0,0.0,0.0,0.0,0.0,3,1012.5,1004.6,100,860.0,11.0,28.8,rostov-on-don,2026-04-05T08:07:03.610690
2026-04-05T08:00,12.9,83,10.0,11.2,3,0.0,0.0,0.0,0.0,0.0,3,1012.5,1004.7,100,23620.0,11.5,30.6,rostov-on-don,2026-04-05T08:07:03.610690
2026-04-05T09:00,14.0,78,10.2,12.3,5,0.0,0.0,0.0,0.0,0.0,2,1012.4,1004.6,63,29080.0,11.5,30.2,rostov-on-don,2026-04-05T08:07:03.610690
2026-04-05T10:00,15.9,68,10.0,14.2,3,0.0,0.0,0.0,0.0,0.0,1,1012.1,1004.4,35,35520.0,12.6,33.8,rostov-on-don,2026-04-05T08:07:03.610690
2026-04-05T11:00,17.3,64,10.4,16.3,3,0.0,0.0,0.0,0.0,0.0,1,1011.6,1003.9,23,37200.0,13.7,36.7,rostov-on-don,2026-04-05T08:07:03.610690
2026-04-05T12:00,18.0,60,10.1,16.0,5,0.0,0.0,0.0,0.0,0.0,2,1011.3,1003.6,59,39000.0,14.9,39.2,rostov-on-don,2026-04-05T08:07:03.610690
2026-04-05T13:00,17.4,62,10.0,15.1,0,0.0,0.0,0.0,0.0,0.0,0,1011.2,1003.5,0,38700.0,15.3,41.0,rostov-on-don,2026-04-05T08:07:03.610690
2026-04-05T14:00,17.0,61,9.4,14.7,0,0.0,0.0,0.0,0.0,0.0,0,1011.3,1003.6,2,39340.0,14.9,39.6,rostov-on-don,2026-04-05T08:07:03.610690
2026-04-05T15:00,15.9,62,8.6,13.5,0,0.0,0.0,0.0,0.0,0.0,0,1011.6,1003.9,1,39340.0,13.5,38.2,rostov-on-don,2026-04-05T08:07:03.610690
2026-04-05T16:00,14.3,68,8.5,12.5,0,0.0,0.0,0.0,0.0,0.0,0,1012.4,1004.6,0,38020.0,9.5,33.5,rostov-on-don,2026-04-05T08:07:03.610690
2026-04-05T17:00,13.4,67,7.4,11.7,0,0.0,0.0,0.0,0.0,0.0,0,1013.5,1005.7,0,38540.0,7.2,23.4,rostov-on-don,2026-04-05T08:07:03.610690
2026-04-05T18:00,13.1,59,5.3,11.0,0,0.0,0.0,0.0,0.0,0.0,1,1013.9,1006.1,32,40440.0,6.5,19.1,rostov-on-don,2026-04-05T08:07:03.610690
2026-04-05T19:00,13.0,53,3.6,10.2,0,0.0,0.0,0.0,0.0,0.0,2,1014.4,1006.6,69,41240.0,8.9,23.0,rostov-on-don,2026-04-05T08:07:03.610690
2026-04-05T20:00,11.8,55,3.1,8.8,0,0.0,0.0,0.0,0.0,0.0,1,1014.9,1007.0,31,40940.0,9.5,23.8,rostov-on-don,2026-04-05T08:07:03.610690
2026-04-05T21:00,11.1,50,1.0,7.9,0,0.0,0.0,0.0,0.0,0.0,0,1015.8,1007.9,0,41520.0,8.0,23.4,rostov-on-don,2026-04-05T08:07:03.610690
2026-04-05T22:00,10.1,50,0.1,7.0,0,0.0,0.0,0.0,0.0,0.0,0,1016.3,1008.4,0,41540.0,6.8,20.9,rostov-on-don,2026-04-05T08:07:03.610690
2026-04-05T23:00,9.1,51,-0.5,6.1,0,0.0,0.0,0.0,0.0,0.0,0,1016.6,1008.6,0,41440.0,5.2,17.6,rostov-on-don,2026-04-05T08:07:03.610690
2026-04-05T00:00,9.9,96,9.3,9.2,13,0.2,0.0,0.2,0.0,0.0,45,1014.2,984.1,77,10900.0,3.5,10.8,simferopol,2026-04-05T08:07:05.993768
2026-04-05T01:00,9.5,96,8.9,8.7,3,0.0,0.0,0.0,0.0,0.0,45,1014.3,984.2,50,10440.0,3.0,6.8,simferopol,2026-04-05T08:07:05.993768
2026-04-05T02:00,9.3,96,8.7,8.6,0,0.0,0.0,0.0,0.0,0.0,1,1014.9,984.8,41,12160.0,2.0,5.4,simferopol,2026-04-05T08:07:05.993768
2026-04-05T03:00,9.2,96,8.6,8.7,0,0.0,0.0,0.0,0.0,0.0,1,1015.5,985.3,50,12940.0,0.4,3.6,simferopol,2026-04-05T08:07:05.993768
2026-04-05T04:00,8.9,96,8.3,8.4,0,0.0,0.0,0.0,0.0,0.0,1,1016.1,985.9,29,9340.0,0.8,1.8,simferopol,2026-04-05T08:07:05.993768
2026-04-05T05:00,9.5,96,8.9,8.8,0,0.0,0.0,0.0,0.0,0.0,1,1016.6,986.4,29,9300.0,2.6,6.5,simferopol,2026-04-05T08:07:05.993768
2026-04-05T06:00,10.9,76,6.8,9.5,0,0.0,0.0,0.0,0.0,0.0,0,1016.8,986.8,0,33680.0,4.0,9.7,simferopol,2026-04-05T08:07:05.993768
2026-04-05T07:00,12.5,62,5.4,10.6,0,0.0,0.0,0.0,0.0,0.0,0,1017.5,987.6,0,39320.0,5.4,13.7,simferopol,2026-04-05T08:07:05.993768
2026-04-05T08:00,14.1,52,4.4,12.1,0,0.0,0.0,0.0,0.0,0.0,0,1017.4,987.7,0,40940.0,8.6,21.2,simferopol,2026-04-05T08:07:05.993768
2026-04-05T09:00,15.1,45,3.2,12.9,0,0.0,0.0,0.0,0.0,0.0,0,1017.6,988.0,0,41780.0,12.4,30.2,simferopol,2026-04-05T08:07:05.993768
2026-04-05T10:00,15.6,47,4.3,13.7,0,0.0,0.0,0.0,0.0,0.0,1,1017.5,987.9,38,41500.0,13.2,32.4,simferopol,2026-04-05T08:07:05.993768
2026-04-05T11:00,15.9,40,2.3,13.2,0,0.0,0.0,0.0,0.0,0.0,1,1017.3,987.8,34,42720.0,14.3,34.6,simferopol,2026-04-05T08:07:05.993768
2026-04-05T12:00,16.0,43,3.4,13.1,0,0.0,0.0,0.0,0.0,0.0,1,1017.2,987.7,37,42400.0,14.8,34.6,simferopol,2026-04-05T08:07:05.993768
2026-04-05T13:00,15.6,49,4.9,12.2,0,0.0,0.0,0.0,0.0,0.0,2,1017.1,987.5,51,41220.0,14.7,34.6,simferopol,2026-04-05T08:07:05.993768
2026-04-05T14:00,15.1,52,5.3,12.1,0,0.0,0.0,0.0,0.0,0.0,1,1017.3,987.7,39,40980.0,13.1,34.2,simferopol,2026-04-05T08:07:05.993768
2026-04-05T15:00,13.9,63,7.0,11.4,0,0.0,0.0,0.0,0.0,0.0,0,1017.9,988.1,20,39040.0,12.1,31.0,simferopol,2026-04-05T08:07:05.993768
2026-04-05T16:00,12.4,65,6.0,10.1,0,0.0,0.0,0.0,0.0,0.0,1,1018.8,988.9,5,39000.0,8.6,28.1,simferopol,2026-04-05T08:07:05.993768
2026-04-05T17:00,11.0,72,6.2,9.1,0,0.0,0.0,0.0,0.0,0.0,0,1020.0,989.9,0,36880.0,6.6,17.3,simferopol,2026-04-05T08:07:05.993768
2026-04-05T18:00,9.8,77,6.0,7.9,0,0.0,0.0,0.0,0.0,0.0,1,1020.3,990.0,9,34140.0,6.3,14.0,simferopol,2026-04-05T08:07:05.993768
2026-04-05T19:00,8.9,81,5.8,7.0,0,0.0,0.0,0.0,0.0,0.0,1,1020.4,990.1,32,31320.0,5.8,13.7,simferopol,2026-04-05T08:07:05.993768
2026-04-05T20:00,8.3,83,5.6,6.3,0,0.0,0.0,0.0,0.0,0.0,1,1020.5,990.1,41,29380.0,6.2,14.0,simferopol,2026-04-05T08:07:05.993768
2026-04-05T21:00,7.8,85,5.4,5.8,0,0.0,0.0,0.0,0.0,0.0,1,1021.0,990.5,36,27180.0,5.9,13.7,simferopol,2026-04-05T08:07:05.993768
2026-04-05T22:00,7.3,88,5.4,5.3,0,0.0,0.0,0.0,0.0,0.0,0,1021.2,990.7,8,23620.0,5.7,13.3,simferopol,2026-04-05T08:07:05.993768
2026-04-05T23:00,6.7,90,5.2,4.7,0,0.0,0.0,0.0,0.0,0.0,1,1021.2,990.6,29,21020.0,5.8,13.0,simferopol,2026-04-05T08:07:05.993768
2026-04-05T00:00,11.5,91,10.1,9.9,83,1.0,0.9,0.0,0.0,0.0,61,1013.2,1012.1,97,16540.0,11.4,25.2,sochi,2026-04-05T08:07:43.629192
2026-04-05T01:00,11.5,90,10.0,10.0,88,0.4,0.2,0.3,0.0,0.0,61,1013.2,1012.1,97,18600.0,10.2,22.3,sochi,2026-04-05T08:07:43.629192
2026-04-05T02:00,11.4,92,10.2,10.1,90,0.4,0.2,0.3,0.0,0.0,80,1013.4,1012.3,96,16340.0,9.5,19.4,sochi,2026-04-05T08:07:43.629192
2026-04-05T03:00,11.5,92,10.3,10.5,85,0.4,0.2,0.1,0.0,0.0,61,1013.6,1012.5,100,15200.0,7.9,18.0,sochi,2026-04-05T08:07:43.629192
2026-04-05T04:00,11.6,91,10.2,10.6,80,0.4,0.4,0.1,0.0,0.0,61,1013.9,1012.8,100,17500.0,7.1,15.8,sochi,2026-04-05T08:07:43.629192
2026-04-05T05:00,11.6,92,10.3,10.7,85,0.7,0.6,0.1,0.0,0.0,61,1014.1,1013.0,99,15740.0,6.6,13.7,sochi,2026-04-05T08:07:43.629192
2026-04-05T06:00,11.8,91,10.4,10.9,80,0.5,0.4,0.1,0.0,0.0,61,1014.6,1013.5,100,17180.0,6.9,13.7,sochi,2026-04-05T08:07:43.629192
2026-04-05T07:00,12.1,89,10.4,11.3,65,0.1,0.0,0.1,0.0,0.0,3,1015.1,1014.0,97,20600.0,6.8,13.7,sochi,2026-04-05T08:07:43.629192
2026-04-05T08:00,12.5,88,10.6,11.7,38,0.3,0.0,0.3,0.0,0.0,80,1015.4,1014.3,89,20420.0,6.4,13.7,sochi,2026-04-05T08:07:43.629192
2026-04-05T09:00,12.8,87,10.7,12.0,33,0.4,0.0,0.4,0.0,0.0,80,1015.6,1014.5,90,20420.0,7.2,15.8,sochi,2026-04-05T08:07:43.629192
2026-04-05T10:00,13.0,87,10.9,12.4,30,0.5,0.0,0.5,0.0,0.0,80,1015.7,1014.6,87,20780.0,6.1,15.8,sochi,2026-04-05T08:07:43.629192
2026-04-05T11:00,13.2,85,10.7,12.6,15,0.4,0.0,0.4,0.0,0.0,80,1015.7,1014.6,87,23240.0,5.9,13.7,sochi,2026-04-05T08:07:43.629192
2026-04-05T12:00,13.2,85,10.8,12.7,10,0.4,0.0,0.4,0.0,0.0,80,1015.9,1014.8,86,23880.0,5.1,13.3,sochi,2026-04-05T08:07:43.629192
2026-04-05T13:00,13.1,86,10.8,12.7,5,0.2,0.0,0.2,0.0,0.0,80,1015.7,1014.6,79,22780.0,4.7,11.5,sochi,2026-04-05T08:07:43.629192
2026-04-05T14:00,12.9,87,10.8,12.4,0,0.0,0.0,0.0,0.0,0.0,2,1016.0,1014.9,63,20540.0,4.8,10.8,sochi,2026-04-05T08:07:43.629192
2026-04-05T15:00,12.5,89,10.8,12.4,3,0.0,0.0,0.0,0.0,0.0,2,1016.3,1015.2,49,18400.0,2.8,10.4,sochi,2026-04-05T08:07:43.629192
2026-04-05T16:00,12.2,91,10.8,12.2,0,0.0,0.0,0.0,0.0,0.0,2,1017.2,1016.1,52,17020.0,1.8,6.5,sochi,2026-04-05T08:07:43.629192
2026-04-05T17:00,11.9,92,10.7,12.0,0,0.0,0.0,0.0,0.0,0.0,3,1018.2,1017.1,100,16400.0,1.3,4.0,sochi,2026-04-05T08:07:43.629192
2026-04-05T18:00,11.6,95,10.9,11.6,0,0.0,0.0,0.0,0.0,0.0,3,1018.6,1017.5,99,13000.0,2.2,4.3,sochi,2026-04-05T08:07:43.629192
2026-04-05T19:00,11.3,96,10.7,11.1,0,0.0,0.0,0.0,0.0,0.0,45,1018.7,1017.6,73,10340.0,2.6,4.7,sochi,2026-04-05T08:07:43.629192
2026-04-05T20:00,11.0,96,10.4,10.7,0,0.0,0.0,0.0,0.0,0.0,45,1018.8,1017.7,59,10340.0,3.2,5.8,sochi,2026-04-05T08:07:43.629192
2026-04-05T21:00,10.7,95,9.9,10.1,5,0.0,0.0,0.0,0.0,0.0,45,1019.3,1018.2,62,11440.0,4.2,7.2,sochi,2026-04-05T08:07:43.629192
2026-04-05T22:00,10.4,95,9.6,9.8,5,0.0,0.0,0.0,0.0,0.0,2,1019.4,1018.3,56,13100.0,3.7,7.2,sochi,2026-04-05T08:07:43.629192
2026-04-05T23:00,10.1,95,9.3,9.3,5,0.0,0.0,0.0,0.0,0.0,3,1019.4,1018.3,83,14020.0,4.3,7.9,sochi,2026-04-05T08:07:43.629192
2026-04-05T00:00,25.3,47,13.2,25.8,12,6.6,6.6,0.0,0.0,0.0,63,1018.7,1016.7,100,43100.0,3.2,4.7,st._petersburg,2026-04-05T08:07:46.026105
2026-04-05T01:00,23.0,80,19.4,26.2,14,0.0,0.0,0.0,0.0,0.0,3,1019.2,1017.2,100,19200.0,2.6,16.6,st._petersburg,2026-04-05T08:07:46.026105
2026-04-05T02:00,24.0,78,19.9,27.0,3,0.0,0.0,0.0,0.0,0.0,3,1020.1,1018.1,100,20200.0,5.5,25.6,st._petersburg,2026-04-05T08:07:46.026105
2026-04-05T03:00,24.1,69,18.1,25.9,1,0.0,0.0,0.0,0.0,0.0,3,1020.7,1018.7,85,25200.0,8.3,24.5,st._petersburg,2026-04-05T08:07:46.026105
2026-04-05T04:00,22.5,75,17.8,23.8,0,0.0,0.0,0.0,0.0,0.0,1,1020.9,1018.9,44,21800.0,10.5,28.1,st._petersburg,2026-04-05T08:07:46.026105
2026-04-05T05:00,21.9,81,18.4,23.4,0,0.0,0.0,0.0,0.0,0.0,0,1020.7,1018.7,6,18500.0,11.0,25.9,st._petersburg,2026-04-05T08:07:46.026105
2026-04-05T06:00,21.0,87,18.8,22.7,0,0.0,0.0,0.0,0.0,0.0,0,1020.2,1018.2,0,15000.0,10.9,30.6,st._petersburg,2026-04-05T08:07:46.026105
2026-04-05T07:00,20.8,85,18.1,22.0,0,0.0,0.0,0.0,0.0,0.0,0,1019.4,1017.4,0,15800.0,11.6,25.2,st._petersburg,2026-04-05T08:07:46.026105
2026-04-05T08:00,20.5,88,18.5,22.2,0,0.0,0.0,0.0,0.0,0.0,0,1020.3,1018.3,0,14900.0,10.4,24.8,st._petersburg,2026-04-05T08:07:46.026105
2026-04-05T09:00,20.5,90,18.9,22.4,0,0.0,0.0,0.0,0.0,0.0,0,1020.0,1018.0,1,13800.0,10.3,27.4,st._petersburg,2026-04-05T08:07:46.026105
2026-04-05T10:00,20.5,91,18.9,22.4,0,0.0,0.0,0.0,0.0,0.0,0,1019.9,1017.9,2,13400.0,9.8,25.6,st._petersburg,2026-04-05T08:07:46.026105
2026-04-05T11:00,20.4,92,19.1,22.4,0,0.0,0.0,0.0,0.0,0.0,0,1020.3,1018.3,3,12900.0,9.4,22.3,st._petersburg,2026-04-05T08:07:46.026105
2026-04-05T12:00,20.9,94,19.9,23.5,0,0.0,0.0,0.0,0.0,0.0,0,1020.5,1018.5,4,12600.0,8.0,19.8,st._petersburg,2026-04-05T08:07:46.026105
2026-04-05T13:00,22.2,91,20.7,25.0,0,0.0,0.0,0.0,0.0,0.0,0,1020.7,1018.7,5,13700.0,10.1,22.3,st._petersburg,2026-04-05T08:07:46.026105
2026-04-05T14:00,23.2,87,20.9,26.0,0,0.0,0.0,0.0,0.0,0.0,0,1020.7,1018.7,4,15500.0,10.8,21.6,st._petersburg,2026-04-05T08:07:46.026105
2026-04-05T15:00,24.6,80,21.0,28.2,0,0.0,0.0,0.0,0.0,0.0,0,1020.3,1018.3,15,18900.0,9.3,19.1,st._petersburg,2026-04-05T08:07:46.026105
2026-04-05T16:00,26.3,69,20.2,30.2,0,0.0,0.0,0.0,0.0,0.0,1,1019.9,1017.9,24,24600.0,8.9,14.4,st._petersburg,2026-04-05T08:07:46.026105
2026-04-05T17:00,27.5,63,19.8,32.0,0,0.0,0.0,0.0,0.0,0.0,1,1019.3,1017.3,21,27400.0,6.0,9.0,st._petersburg,2026-04-05T08:07:46.026105
2026-04-05T18:00,28.6,58,19.6,33.0,1,0.0,0.0,0.0,0.0,0.0,1,1018.6,1016.6,29,31200.0,4.9,6.1,st._petersburg,2026-04-05T08:07:46.026105
2026-04-05T19:00,28.5,58,19.4,30.9,4,0.0,0.0,0.0,0.0,0.0,1,1017.9,1015.9,21,30400.0,13.0,14.8,st._petersburg,2026-04-05T08:07:46.026105
2026-04-05T20:00,28.0,59,19.2,29.9,4,0.0,0.0,0.0,0.0,0.0,0,1017.4,1015.4,5,29600.0,16.9,20.9,st._petersburg,2026-04-05T08:07:46.026105
2026-04-05T21:00,27.1,62,19.2,28.7,3,0.0,0.0,0.0,0.0,0.0,0,1016.7,1014.7,2,27500.0,16.9,22.3,st._petersburg,2026-04-05T08:07:46.026105
2026-04-05T22:00,26.2,63,18.6,27.3,7,0.0,0.0,0.0,0.0,0.0,0,1016.1,1014.1,8,26800.0,14.4,19.8,st._petersburg,2026-04-05T08:07:46.026105
2026-04-05T23:00,25.1,67,18.6,26.7,7,0.0,0.0,0.0,0.0,0.0,2,1017.1,1015.1,79,24500.0,11.2,15.5,st._petersburg,2026-04-05T08:07:46.026105
2026-04-05T00:00,2.2,75,-1.8,-3.2,0,0.0,0.0,0.0,0.0,0.0,0,1009.2,1007.7,15,24140.0,20.4,31.3,vladivostok,2026-04-05T08:09:03.712523
2026-04-05T01:00,3.2,69,-2.0,-1.6,0,0.0,0.0,0.0,0.0,0.0,0,1009.0,1007.5,0,24140.0,17.7,32.4,vladivostok,2026-04-05T08:09:03.712523
2026-04-05T02:00,4.3,64,-2.0,1.2,0,0.0,0.0,0.0,0.0,0.0,1,1008.9,1007.4,9,24140.0,11.4,28.1,vladivostok,2026-04-05T08:09:03.712523
2026-04-05T03:00,5.3,61,-1.7,3.7,0,0.0,0.0,0.0,0.0,0.0,1,1008.5,1007.0,9,24140.0,5.2,18.4,vladivostok,2026-04-05T08:09:03.712523
2026-04-05T04:00,6.2,60,-1.0,3.8,0,0.0,0.0,0.0,0.0,0.0,0,1008.1,1006.6,0,24140.0,10.4,17.3,vladivostok,2026-04-05T08:09:03.712523
2026-04-05T05:00,5.6,64,-0.7,1.8,0,0.0,0.0,0.0,0.0,0.0,1,1008.0,1006.5,7,24140.0,18.0,28.4,vladivostok,2026-04-05T08:09:03.712523
2026-04-05T06:00,4.8,74,0.5,-0.1,0,0.0,0.0,0.0,0.0,0.0,2,1008.0,1006.5,66,24140.0,22.3,35.3,vladivostok,2026-04-05T08:09:03.712523
2026-04-05T07:00,4.4,85,2.1,-1.1,0,0.0,0.0,0.0,0.0,0.0,3,1007.4,1005.9,96,24140.0,25.3,39.6,vladivostok,2026-04-05T08:09:03.712523
2026-04-05T08:00,4.2,88,2.4,-0.8,0,0.0,0.0,0.0,0.0,0.0,3,1007.8,1006.3,96,24140.0,22.3,39.6,vladivostok,2026-04-05T08:09:03.712523
2026-04-05T09:00,4.0,89,2.4,-1.0,0,0.0,0.0,0.0,0.0,0.0,3,1008.1,1006.6,97,24140.0,22.3,35.6,vladivostok,2026-04-05T08:09:03.712523
2026-04-05T10:00,3.9,90,2.4,-1.2,0,0.0,0.0,0.0,0.0,0.0,3,1008.3,1006.8,100,24140.0,23.0,36.4,vladivostok,2026-04-05T08:09:03.712523
2026-04-05T11:00,3.8,91,2.5,-1.5,0,0.0,0.0,0.0,0.0,0.0,3,1008.7,1007.2,100,24140.0,24.7,38.5,vladivostok,2026-04-05T08:09:03.712523
2026-04-05T12:00,3.9,91,2.5,-1.5,3,0.0,0.0,0.0,0.0,0.0,3,1009.2,1007.7,100,24140.0,24.9,39.6,vladivostok,2026-04-05T08:09:03.712523
2026-04-05T13:00,3.7,91,2.4,-1.9,8,0.0,0.0,0.0,0.0,0.0,3,1009.2,1007.7,100,24140.0,26.7,42.1,vladivostok,2026-04-05T08:09:03.712523
2026-04-05T14:00,3.8,89,2.1,-2.0,13,0.0,0.0,0.0,0.0,0.0,3,1008.6,1007.1,100,24140.0,27.5,43.6,vladivostok,2026-04-05T08:09:03.712523
2026-04-05T15:00,3.9,87,1.9,-1.9,18,0.0,0.0,0.0,0.0,0.0,3,1007.9,1006.4,100,20760.0,27.5,43.2,vladivostok,2026-04-05T08:09:03.712523
2026-04-05T16:00,4.1,85,1.8,-2.1,40,0.0,0.0,0.0,0.0,0.0,3,1007.4,1005.9,100,21100.0,29.7,46.8,vladivostok,2026-04-05T08:09:03.712523
2026-04-05T17:00,4.4,84,1.9,-2.1,60,0.2,0.2,0.0,0.0,0.0,61,1006.3,1004.8,100,7520.0,32.1,51.1,vladivostok,2026-04-05T08:09:03.712523
2026-04-05T18:00,4.7,84,2.2,-2.3,78,0.6,0.6,0.0,0.0,0.0,61,1005.1,1003.6,100,11560.0,35.6,57.6,vladivostok,2026-04-05T08:09:03.712523
2026-04-05T19:00,4.7,85,2.4,-2.6,75,1.0,0.5,0.5,0.0,0.0,61,1004.0,1002.5,100,22020.0,38.5,62.6,vladivostok,2026-04-05T08:09:03.712523
2026-04-05T20:00,4.8,86,2.7,-2.2,75,0.9,0.4,0.5,0.0,0.0,80,1003.4,1001.9,100,24140.0,36.3,62.6,vladivostok,2026-04-05T08:09:03.712523
2026-04-05T21:00,5.0,87,3.0,-1.4,70,1.2,0.7,0.4,0.0,0.0,61,1003.5,1002.0,100,18520.0,33.0,58.7,vladivostok,2026-04-05T08:09:03.712523
2026-04-05T22:00,4.9,88,3.0,-1.3,55,0.7,0.6,0.1,0.0,0.0,61,1003.6,1002.1,100,19340.0,31.2,52.6,vladivostok,2026-04-05T08:09:03.712523
2026-04-05T23:00,4.9,88,3.1,-0.9,40,0.3,0.1,0.2,0.0,0.0,80,1003.2,1001.7,100,24140.0,28.8,49.3,vladivostok,2026-04-05T08:09:03.712523
2026-04-05T00:00,20.6,58,12.1,20.4,8,0.0,0.0,0.0,0.0,0.0,3,1012.7,946.1,100,24140.0,6.2,16.2,riyadh,2026-04-05T08:09:06.108530
2026-04-05T01:00,20.8,57,12.0,20.4,8,0.0,0.0,0.0,0.0,0.0,3,1011.9,945.4,100,24140.0,6.7,15.5,riyadh,2026-04-05T08:09:06.108530
2026-04-05T02:00,20.6,60,12.5,20.1,13,0.0,0.0,0.0,0.0,0.0,2,1012.6,946.0,68,24140.0,8.7,17.3,riyadh,2026-04-05T08:09:06.108530
2026-04-05T03:00,20.1,64,13.1,20.0,8,0.0,0.0,0.0,0.0,0.0,3,1013.4,946.6,84,24140.0,7.6,15.1,riyadh,2026-04-05T08:09:06.108530
2026-04-05T04:00,20.0,66,13.5,19.6,5,0.0,0.0,0.0,0.0,0.0,2,1014.2,947.3,60,24140.0,10.6,19.1,riyadh,2026-04-05T08:09:06.108530
2026-04-05T05:00,20.5,66,14.0,20.1,0,0.0,0.0,0.0,0.0,0.0,2,1014.9,948.1,75,24140.0,11.7,21.2,riyadh,2026-04-05T08:09:06.108530
2026-04-05T06:00,21.8,62,14.2,21.5,3,0.0,0.0,0.0,0.0,0.0,3,1014.7,948.2,82,24140.0,12.1,23.8,riyadh,2026-04-05T08:09:06.108530
2026-04-05T07:00,23.3,57,14.3,23.8,5,0.0,0.0,0.0,0.0,0.0,2,1014.6,948.4,57,24140.0,13.0,25.2,riyadh,2026-04-05T08:09:06.108530
2026-04-05T08:00,24.7,53,14.5,25.7,3,0.0,0.0,0.0,0.0,0.0,2,1013.9,948.1,73,24140.0,13.0,25.2,riyadh,2026-04-05T08:09:06.108530
2026-04-05T09:00,25.7,50,14.5,27.0,0,0.0,0.0,0.0,0.0,0.0,2,1013.2,947.6,72,24140.0,11.6,26.3,riyadh,2026-04-05T08:09:06.108530
2026-04-05T10:00,26.4,47,14.2,27.1,0,0.0,0.0,0.0,0.0,0.0,3,1012.2,946.9,99,24140.0,13.1,25.2,riyadh,2026-04-05T08:09:06.108530
2026-04-05T11:00,27.2,44,13.9,27.6,0,0.0,0.0,0.0,0.0,0.0,3,1011.2,946.1,89,24140.0,13.8,26.3,riyadh,2026-04-05T08:09:06.108530
2026-04-05T12:00,27.7,42,13.7,27.9,0,0.0,0.0,0.0,0.0,0.0,2,1010.6,945.6,49,24140.0,12.2,26.6,riyadh,2026-04-05T08:09:06.108530
2026-04-05T13:00,27.8,41,13.3,26.8,0,0.0,0.0,0.0,0.0,0.0,0,1010.3,945.4,5,24140.0,13.7,26.3,riyadh,2026-04-05T08:09:06.108530
2026-04-05T14:00,27.2,42,13.2,26.0,0,0.0,0.0,0.0,0.0,0.0,2,1010.6,945.5,48,24120.0,15.5,28.1,riyadh,2026-04-05T08:09:06.108530
2026-04-05T15:00,26.1,46,13.6,24.9,3,0.0,0.0,0.0,0.0,0.0,2,1011.5,946.1,69,24140.0,16.4,29.5,riyadh,2026-04-05T08:09:06.108530
2026-04-05T16:00,25.1,46,12.7,23.4,3,0.0,0.0,0.0,0.0,0.0,2,1012.4,946.8,60,15940.0,16.9,30.2,riyadh,2026-04-05T08:09:06.108530
2026-04-05T17:00,24.3,42,10.6,22.3,5,0.0,0.0,0.0,0.0,0.0,2,1013.3,947.4,58,10360.0,14.8,30.2,riyadh,2026-04-05T08:09:06.108530
2026-04-05T18:00,23.5,40,9.2,21.2,3,0.0,0.0,0.0,0.0,0.0,1,1013.8,947.7,41,24140.0,14.3,27.0,riyadh,2026-04-05T08:09:06.108530
2026-04-05T19:00,22.8,40,8.5,20.2,5,0.0,0.0,0.0,0.0,0.0,1,1014.2,947.9,44,24140.0,15.1,26.6,riyadh,2026-04-05T08:09:06.108530
2026-04-05T20:00,22.0,42,8.5,19.4,3,0.0,0.0,0.0,0.0,0.0,1,1014.4,948.0,38,24140.0,14.9,26.3,riyadh,2026-04-05T08:09:06.108530
2026-04-05T21:00,21.1,44,8.4,18.4,0,0.0,0.0,0.0,0.0,0.0,1,1014.2,947.6,15,24140.0,16.2,28.8,riyadh,2026-04-05T08:09:06.108530
2026-04-05T22:00,20.2,45,7.9,17.3,0,0.0,0.0,0.0,0.0,0.0,0,1014.2,947.4,3,24140.0,16.4,29.2,riyadh,2026-04-05T08:09:06.108530
2026-04-05T23:00,19.4,46,7.5,16.6,0,0.0,0.0,0.0,0.0,0.0,1,1013.9,946.9,40,24140.0,14.8,28.8,riyadh,2026-04-05T08:09:06.108530
2026-04-05T00:00,12.3,67,6.3,10.2,0,0.0,0.0,0.0,0.0,0.0,3,1022.3,1006.5,87,17080.0,7.9,13.7,belgrade,2026-04-05T08:09:08.500886
2026-04-05T01:00,12.2,67,6.2,10.2,0,0.0,0.0,0.0,0.0,0.0,3,1022.7,1006.9,97,50000.0,6.8,13.7,belgrade,2026-04-05T08:09:08.500886
2026-04-05T02:00,11.5,70,6.2,9.8,0,0.0,0.0,0.0,0.0,0.0,0,1023.1,1007.3,1,15840.0,5.0,12.6,belgrade,2026-04-05T08:09:08.500886
2026-04-05T03:00,11.2,72,6.3,9.4,0,0.0,0.0,0.0,0.0,0.0,3,1023.4,1007.6,98,14980.0,6.1,11.5,belgrade,2026-04-05T08:09:08.500886
2026-04-05T04:00,10.6,75,6.4,8.4,0,0.0,0.0,0.0,0.0,0.0,1,1023.7,1007.8,42,13640.0,9.0,15.1,belgrade,2026-04-05T08:09:08.500886
2026-04-05T05:00,10.8,76,6.7,8.6,0,0.0,0.0,0.0,0.0,0.0,3,1023.7,1007.8,100,13300.0,8.6,16.6,belgrade,2026-04-05T08:09:08.500886
2026-04-05T06:00,11.2,74,6.7,9.2,0,0.0,0.0,0.0,0.0,0.0,0,1023.9,1008.1,16,50000.0,7.9,16.9,belgrade,2026-04-05T08:09:08.500886
2026-04-05T07:00,12.5,69,7.0,10.5,0,0.0,0.0,0.0,0.0,0.0,0,1024.0,1008.2,12,16020.0,8.3,18.4,belgrade,2026-04-05T08:09:08.500886
2026-04-05T08:00,14.1,66,7.8,12.3,0,0.0,0.0,0.0,0.0,0.0,0,1024.5,1008.8,11,50000.0,8.3,19.8,belgrade,2026-04-05T08:09:08.500886
2026-04-05T09:00,15.8,60,8.1,14.6,0,0.0,0.0,0.0,0.0,0.0,0,1024.6,1009.0,12,50000.0,8.3,20.5,belgrade,2026-04-05T08:09:08.500886
2026-04-05T10:00,17.2,55,8.0,16.3,0,0.0,0.0,0.0,0.0,0.0,2,1024.3,1008.8,65,50000.0,9.7,23.8,belgrade,2026-04-05T08:09:08.500886
2026-04-05T11:00,18.2,52,8.1,17.0,0,0.0,0.0,0.0,0.0,0.0,3,1024.0,1008.5,80,50000.0,9.7,23.0,belgrade,2026-04-05T08:09:08.500886
2026-04-05T12:00,18.8,48,7.5,16.8,0,0.0,0.0,0.0,0.0,0.0,3,1023.7,1008.3,90,50000.0,8.6,23.0,belgrade,2026-04-05T08:09:08.500886
2026-04-05T13:00,19.5,45,7.2,17.6,0,0.0,0.0,0.0,0.0,0.0,2,1023.3,1007.9,57,27280.0,7.6,20.9,belgrade,2026-04-05T08:09:08.500886
2026-04-05T14:00,19.7,44,7.1,17.8,0,0.0,0.0,0.0,0.0,0.0,3,1022.9,1007.5,85,27740.0,7.9,19.8,belgrade,2026-04-05T08:09:08.500886
2026-04-05T15:00,19.5,44,6.9,17.5,0,0.0,0.0,0.0,0.0,0.0,2,1022.6,1007.2,77,27380.0,8.6,19.8,belgrade,2026-04-05T08:09:08.500886
2026-04-05T16:00,19.4,46,7.4,17.5,0,0.0,0.0,0.0,0.0,0.0,0,1022.6,1007.2,16,50000.0,7.9,19.1,belgrade,2026-04-05T08:09:08.500886
2026-04-05T17:00,18.4,50,7.8,16.6,0,0.0,0.0,0.0,0.0,0.0,0,1022.4,1007.0,2,24600.0,8.6,16.9,belgrade,2026-04-05T08:09:08.500886
2026-04-05T18:00,17.7,54,8.2,16.0,0,0.0,0.0,0.0,0.0,0.0,2,1022.5,1007.0,52,22600.0,7.9,13.7,belgrade,2026-04-05T08:09:08.500886
2026-04-05T19:00,17.0,59,8.9,15.4,0,0.0,0.0,0.0,0.0,0.0,1,1022.9,1007.4,27,50000.0,8.6,13.0,belgrade,2026-04-05T08:09:08.500886
2026-04-05T20:00,16.3,64,9.4,14.7,0,0.0,0.0,0.0,0.0,0.0,0,1023.1,1007.5,6,18400.0,9.4,14.8,belgrade,2026-04-05T08:09:08.500886
2026-04-05T21:00,15.6,66,9.2,14.0,0,0.0,0.0,0.0,0.0,0.0,0,1023.2,1007.6,0,17580.0,9.0,14.4,belgrade,2026-04-05T08:09:08.500886
2026-04-05T22:00,15.0,67,8.9,13.3,0,0.0,0.0,0.0,0.0,0.0,0,1023.2,1007.6,0,17060.0,9.4,14.8,belgrade,2026-04-05T08:09:08.500886
2026-04-05T23:00,14.5,67,8.4,12.9,0,0.0,0.0,0.0,0.0,0.0,0,1023.3,1007.6,0,50000.0,7.6,15.1,belgrade,2026-04-05T08:09:08.500886
2026-04-05T00:00,27.0,87,24.6,32.8,13,0.4,0.0,0.4,0.0,0.0,80,1008.9,1007.3,68,24140.0,4.2,10.8,singapore,2026-04-05T08:09:10.927973
2026-04-05T01:00,27.2,85,24.4,33.1,15,0.5,0.0,0.5,0.0,0.0,80,1009.9,1008.3,69,6860.0,2.9,8.6,singapore,2026-04-05T08:09:10.927973
2026-04-05T02:00,27.6,83,24.4,33.9,48,0.4,0.0,0.4,0.0,0.0,80,1010.4,1008.8,76,24140.0,0.5,7.6,singapore,2026-04-05T08:09:10.927973
2026-04-05T03:00,27.9,81,24.3,33.9,58,0.5,0.0,0.5,0.0,0.0,80,1010.9,1009.3,81,21980.0,4.4,10.4,singapore,2026-04-05T08:09:10.927973
2026-04-05T04:00,28.0,80,24.2,34.6,68,0.4,0.0,0.4,0.0,0.0,80,1010.6,1009.0,87,24140.0,6.8,12.6,singapore,2026-04-05T08:09:10.927973
2026-04-05T05:00,28.2,79,24.2,35.4,73,0.4,0.0,0.4,0.0,0.0,80,1010.3,1008.7,100,7420.0,7.9,14.0,singapore,2026-04-05T08:09:10.927973
2026-04-05T06:00,28.5,78,24.3,35.5,88,0.0,0.0,0.0,0.0,0.0,3,1009.1,1007.5,100,19740.0,7.8,14.4,singapore,2026-04-05T08:09:10.927973
2026-04-05T07:00,28.6,78,24.4,35.9,78,0.0,0.0,0.0,0.0,0.0,3,1008.2,1006.6,96,24140.0,6.3,14.0,singapore,2026-04-05T08:09:10.927973
2026-04-05T08:00,28.8,77,24.3,35.3,60,0.0,0.0,0.0,0.0,0.0,3,1007.2,1005.6,100,5600.0,6.0,11.9,singapore,2026-04-05T08:09:10.927973
2026-04-05T09:00,28.8,77,24.4,34.4,50,0.0,0.0,0.0,0.0,0.0,3,1007.2,1005.6,100,13140.0,5.5,11.2,singapore,2026-04-05T08:09:10.927973
2026-04-05T10:00,28.8,76,24.2,34.3,45,0.0,0.0,0.0,0.0,0.0,3,1007.5,1005.9,100,22060.0,5.1,10.1,singapore,2026-04-05T08:09:10.927973
2026-04-05T11:00,28.9,74,23.8,34.1,30,0.0,0.0,0.0,0.0,0.0,3,1008.3,1006.7,100,24140.0,5.8,10.1,singapore,2026-04-05T08:09:10.927973
2026-04-05T12:00,28.9,74,23.8,33.9,15,0.0,0.0,0.0,0.0,0.0,3,1009.1,1007.5,82,24140.0,6.9,11.2,singapore,2026-04-05T08:09:10.927973
2026-04-05T13:00,28.4,78,24.2,33.7,10,0.0,0.0,0.0,0.0,0.0,3,1010.1,1008.5,85,24140.0,6.6,11.5,singapore,2026-04-05T08:09:10.927973
2026-04-05T14:00,28.1,81,24.6,33.5,13,0.7,0.0,0.7,0.0,0.0,80,1011.0,1009.4,100,24140.0,7.4,13.3,singapore,2026-04-05T08:09:10.927973
2026-04-05T15:00,27.9,82,24.5,33.2,15,1.9,0.0,1.9,0.0,0.0,95,1011.6,1010.0,100,24140.0,7.4,14.0,singapore,2026-04-05T08:09:10.927973
2026-04-05T16:00,28.1,80,24.3,33.4,15,0.4,0.0,0.4,0.0,0.0,80,1011.7,1010.1,41,24140.0,6.4,13.7,singapore,2026-04-05T08:09:10.927973
2026-04-05T17:00,28.1,80,24.3,33.6,5,0.0,0.0,0.0,0.0,0.0,2,1011.5,1009.9,71,24140.0,5.6,10.4,singapore,2026-04-05T08:09:10.927973
2026-04-05T18:00,28.1,80,24.3,33.8,13,0.0,0.0,0.0,0.0,0.0,2,1010.4,1008.8,80,24140.0,3.7,9.0,singapore,2026-04-05T08:09:10.927973
2026-04-05T19:00,28.0,80,24.2,33.8,13,0.0,0.0,0.0,0.0,0.0,3,1009.6,1008.0,84,24140.0,2.6,6.1,singapore,2026-04-05T08:09:10.927973
2026-04-05T20:00,28.0,80,24.2,33.6,10,0.0,0.0,0.0,0.0,0.0,3,1009.0,1007.4,86,24140.0,4.1,7.2,singapore,2026-04-05T08:09:10.927973
2026-04-05T21:00,27.7,81,24.2,33.0,13,0.7,0.0,0.7,0.0,0.0,80,1009.3,1007.7,87,24140.0,6.4,16.9,singapore,2026-04-05T08:09:10.927973
2026-04-05T22:00,27.8,81,24.2,33.0,15,0.0,0.0,0.0,0.0,0.0,2,1009.6,1008.0,65,24140.0,6.6,11.2,singapore,2026-04-05T08:09:10.927973
2026-04-05T23:00,27.8,81,24.2,33.2,28,0.0,0.0,0.0,0.0,0.0,2,1010.2,1008.6,54,24140.0,5.7,16.9,singapore,2026-04-05T08:09:10.927973
2026-04-05T00:00,11.1,80,7.8,9.5,0,0.0,0.0,0.0,0.0,0.0,2,1022.9,1004.8,100,32180.0,7.0,20.2,bratislava,2026-04-05T08:10:28.614270
2026-04-05T01:00,10.3,84,7.7,9.0,0,0.0,0.0,0.0,0.0,0.0,2,1022.9,1004.7,91,28260.0,4.8,11.9,bratislava,2026-04-05T08:10:28.614270
2026-04-05T02:00,9.5,87,7.5,8.3,0,0.0,0.0,0.0,0.0,0.0,0,1022.4,1004.2,0,25620.0,3.9,9.0,bratislava,2026-04-05T08:10:28.614270
2026-04-05T03:00,9.1,90,7.5,8.1,0,0.0,0.0,0.0,0.0,0.0,3,1022.9,1004.6,96,21000.0,2.6,7.6,bratislava,2026-04-05T08:10:28.614270
2026-04-05T04:00,8.5,93,7.4,7.4,0,0.0,0.0,0.0,0.0,0.0,2,1022.8,1004.5,65,16860.0,3.1,6.1,bratislava,2026-04-05T08:10:28.614270
2026-04-05T05:00,8.3,94,7.4,7.2,0,0.0,0.0,0.0,0.0,0.0,1,1022.8,1004.5,40,14820.0,2.6,5.4,bratislava,2026-04-05T08:10:28.614270
2026-04-05T06:00,9.0,91,7.7,7.9,0,0.0,0.0,0.0,0.0,0.0,2,1022.9,1004.6,71,19140.0,3.6,7.9,bratislava,2026-04-05T08:10:28.614270
2026-04-05T07:00,11.4,81,8.3,10.5,0,0.0,0.0,0.0,0.0,0.0,0,1022.5,1004.4,0,28780.0,3.3,7.2,bratislava,2026-04-05T08:10:28.614270
2026-04-05T08:00,13.6,71,8.5,12.7,0,0.0,0.0,0.0,0.0,0.0,0,1022.7,1004.7,0,35540.0,4.0,9.7,bratislava,2026-04-05T08:10:28.614270
2026-04-05T09:00,16.1,59,8.1,15.0,0,0.0,0.0,0.0,0.0,0.0,0,1022.3,1004.5,0,39780.0,5.7,13.0,bratislava,2026-04-05T08:10:28.614270
2026-04-05T10:00,18.0,50,7.5,16.9,0,0.0,0.0,0.0,0.0,0.0,0,1021.8,1004.1,0,41080.0,9.1,19.4,bratislava,2026-04-05T08:10:28.614270
2026-04-05T11:00,19.4,44,6.9,18.1,0,0.0,0.0,0.0,0.0,0.0,0,1021.2,1003.6,4,41940.0,11.1,23.8,bratislava,2026-04-05T08:10:28.614270
2026-04-05T12:00,20.6,40,6.5,19.3,0,0.0,0.0,0.0,0.0,0.0,0,1020.3,1002.8,2,42800.0,10.0,23.8,bratislava,2026-04-05T08:10:28.614270
2026-04-05T13:00,21.4,36,5.7,19.6,0,0.0,0.0,0.0,0.0,0.0,1,1019.2,1001.8,8,44000.0,10.3,23.8,bratislava,2026-04-05T08:10:28.614270
2026-04-05T14:00,22.1,36,6.4,19.8,0,0.0,0.0,0.0,0.0,0.0,1,1018.4,1001.0,0,43920.0,10.7,25.2,bratislava,2026-04-05T08:10:28.614270
2026-04-05T15:00,22.4,36,6.6,19.7,0,0.0,0.0,0.0,0.0,0.0,2,1018.2,1000.8,71,44400.0,13.0,27.7,bratislava,2026-04-05T08:10:28.614270
2026-04-05T16:00,21.8,36,6.1,19.0,0,0.0,0.0,0.0,0.0,0.0,2,1018.3,1000.9,78,44540.0,12.6,29.2,bratislava,2026-04-05T08:10:28.614270
2026-04-05T17:00,20.5,41,6.8,18.4,0,0.0,0.0,0.0,0.0,0.0,3,1018.4,1000.9,100,43060.0,8.4,24.5,bratislava,2026-04-05T08:10:28.614270
2026-04-05T18:00,18.4,50,7.8,16.9,0,0.0,0.0,0.0,0.0,0.0,3,1019.0,1001.4,87,41620.0,6.4,15.1,bratislava,2026-04-05T08:10:28.614270
2026-04-05T19:00,16.6,55,7.5,15.1,0,0.0,0.0,0.0,0.0,0.0,0,1019.0,1001.3,0,40880.0,6.1,13.0,bratislava,2026-04-05T08:10:28.614270
2026-04-05T20:00,15.7,57,7.2,14.3,0,0.0,0.0,0.0,0.0,0.0,1,1018.5,1000.7,41,35500.0,5.4,11.9,bratislava,2026-04-05T08:10:28.614270
2026-04-05T21:00,15.0,60,7.3,13.3,0,0.0,0.0,0.0,0.0,0.0,3,1018.6,1000.8,100,36860.0,6.9,13.0,bratislava,2026-04-05T08:10:28.614270
2026-04-05T22:00,15.9,60,8.1,12.8,10,0.9,0.9,0.0,0.0,0.0,61,1020.5,1002.7,100,24960.0,17.6,31.3,bratislava,2026-04-05T08:10:28.614270
2026-04-05T23:00,15.7,66,9.4,14.4,23,1.5,1.5,0.0,0.0,0.0,95,1020.1,1002.3,100,39220.0,7.6,39.2,bratislava,2026-04-05T08:10:28.614270
2026-04-05T00:00,16.0,92,14.7,16.9,5,0.0,0.0,0.0,0.0,0.0,2,1017.5,1015.7,86,24140.0,4.7,6.1,cape_town,2026-04-05T08:11:46.275247
2026-04-05T01:00,16.6,88,14.6,17.1,10,0.0,0.0,0.0,0.0,0.0,2,1016.8,1015.0,64,24140.0,6.8,11.9,cape_town,2026-04-05T08:11:46.275247
2026-04-05T02:00,17.3,77,13.2,17.0,3,0.0,0.0,0.0,0.0,0.0,2,1016.5,1014.7,60,24140.0,8.7,14.8,cape_town,2026-04-05T08:11:46.275247
2026-04-05T03:00,17.2,74,12.5,16.5,0,0.0,0.0,0.0,0.0,0.0,2,1016.2,1014.4,60,24140.0,9.8,16.2,cape_town,2026-04-05T08:11:46.275247
2026-04-05T04:00,17.0,74,12.3,16.3,0,0.0,0.0,0.0,0.0,0.0,2,1016.5,1014.7,55,24140.0,9.4,16.2,cape_town,2026-04-05T08:11:46.275247
2026-04-05T05:00,16.7,75,12.3,16.4,0,0.0,0.0,0.0,0.0,0.0,1,1017.1,1015.3,38,24140.0,6.8,15.1,cape_town,2026-04-05T08:11:46.275247
2026-04-05T06:00,16.6,76,12.3,16.6,0,0.0,0.0,0.0,0.0,0.0,1,1017.6,1015.8,33,24140.0,4.7,11.9,cape_town,2026-04-05T08:11:46.275247
2026-04-05T07:00,17.2,72,12.1,17.2,0,0.0,0.0,0.0,0.0,0.0,1,1018.0,1016.2,8,24140.0,4.7,8.6,cape_town,2026-04-05T08:11:46.275247
2026-04-05T08:00,18.4,61,10.7,17.8,0,0.0,0.0,0.0,0.0,0.0,3,1018.1,1016.3,92,24140.0,5.2,9.7,cape_town,2026-04-05T08:11:46.275247
2026-04-05T09:00,18.7,61,11.0,18.1,0,0.0,0.0,0.0,0.0,0.0,2,1018.4,1016.6,65,24140.0,8.7,14.0,cape_town,2026-04-05T08:11:46.275247
2026-04-05T10:00,18.8,63,11.6,18.7,0,0.0,0.0,0.0,0.0,0.0,2,1018.2,1016.4,59,24140.0,9.2,14.8,cape_town,2026-04-05T08:11:46.275247
2026-04-05T11:00,19.0,63,11.8,19.3,0,0.0,0.0,0.0,0.0,0.0,2,1017.6,1015.8,60,24140.0,9.2,15.8,cape_town,2026-04-05T08:11:46.275247
2026-04-05T12:00,19.0,62,11.6,19.3,0,0.0,0.0,0.0,0.0,0.0,2,1017.1,1015.3,50,24140.0,9.5,16.6,cape_town,2026-04-05T08:11:46.275247
2026-04-05T13:00,18.8,65,12.0,18.2,0,0.0,0.0,0.0,0.0,0.0,3,1017.0,1015.2,94,24140.0,11.4,18.7,cape_town,2026-04-05T08:11:46.275247
2026-04-05T14:00,18.3,70,12.7,17.0,3,0.0,0.0,0.0,0.0,0.0,2,1017.2,1015.4,68,24140.0,14.9,23.4,cape_town,2026-04-05T08:11:46.275247
2026-04-05T15:00,18.0,70,12.4,16.5,3,0.0,0.0,0.0,0.0,0.0,2,1017.7,1015.9,79,24140.0,15.0,24.8,cape_town,2026-04-05T08:11:46.275247
2026-04-05T16:00,17.9,68,11.9,16.9,0,0.0,0.0,0.0,0.0,0.0,1,1018.0,1016.2,32,24140.0,11.2,22.7,cape_town,2026-04-05T08:11:46.275247
2026-04-05T17:00,17.6,72,12.5,16.2,0,0.0,0.0,0.0,0.0,0.0,2,1018.6,1016.8,76,24140.0,15.3,23.8,cape_town,2026-04-05T08:11:46.275247
2026-04-05T18:00,17.7,68,11.7,16.6,0,0.0,0.0,0.0,0.0,0.0,1,1019.1,1017.3,11,24140.0,10.6,23.8,cape_town,2026-04-05T08:11:46.275247
2026-04-05T19:00,17.4,70,11.9,16.1,0,0.0,0.0,0.0,0.0,0.0,2,1019.7,1017.9,59,24140.0,12.7,20.2,cape_town,2026-04-05T08:11:46.275247
2026-04-05T20:00,17.2,71,11.9,16.3,0,0.0,0.0,0.0,0.0,0.0,1,1019.9,1018.1,39,24140.0,10.5,20.9,cape_town,2026-04-05T08:11:46.275247
2026-04-05T21:00,17.1,70,11.6,16.7,0,0.0,0.0,0.0,0.0,0.0,1,1020.1,1018.3,9,24140.0,6.0,17.3,cape_town,2026-04-05T08:11:46.275247
2026-04-05T22:00,16.7,74,12.1,16.4,0,0.0,0.0,0.0,0.0,0.0,2,1020.5,1018.7,64,24140.0,6.3,11.2,cape_town,2026-04-05T08:11:46.275247
2026-04-05T23:00,16.9,74,12.2,16.2,0,0.0,0.0,0.0,0.0,0.0,2,1020.6,1018.8,48,24140.0,9.4,16.2,cape_town,2026-04-05T08:11:46.275247
2026-04-05T00:00,16.7,68,10.8,16.6,0,0.0,0.0,0.0,0.0,0.0,0,1016.1,830.9,0,24140.0,2.5,4.0,johannesburg,2026-04-05T08:11:48.652369
2026-04-05T01:00,16.3,69,10.6,16.1,0,0.0,0.0,0.0,0.0,0.0,0,1015.7,830.4,0,24140.0,2.7,4.7,johannesburg,2026-04-05T08:11:48.652369
2026-04-05T02:00,15.9,71,10.7,15.6,0,0.0,0.0,0.0,0.0,0.0,0,1015.5,830.0,0,24140.0,3.8,5.4,johannesburg,2026-04-05T08:11:48.652369
2026-04-05T03:00,15.3,74,10.7,15.0,0,0.0,0.0,0.0,0.0,0.0,1,1016.1,830.1,7,24140.0,3.7,5.4,johannesburg,2026-04-05T08:11:48.652369
2026-04-05T04:00,15.2,74,10.6,14.8,0,0.0,0.0,0.0,0.0,0.0,2,1016.3,830.2,46,24140.0,3.9,5.8,johannesburg,2026-04-05T08:11:48.652369
2026-04-05T05:00,15.3,74,10.7,15.0,0,0.0,0.0,0.0,0.0,0.0,2,1017.3,831.1,47,24140.0,3.5,6.8,johannesburg,2026-04-05T08:11:48.652369
2026-04-05T06:00,17.4,69,11.7,17.7,0,0.0,0.0,0.0,0.0,0.0,1,1017.7,832.7,42,24140.0,1.8,7.2,johannesburg,2026-04-05T08:11:48.652369
2026-04-05T07:00,20.9,56,11.8,20.7,0,0.0,0.0,0.0,0.0,0.0,1,1017.9,834.7,41,24140.0,5.0,15.1,johannesburg,2026-04-05T08:11:48.652369
2026-04-05T08:00,23.2,46,10.9,22.9,0,0.0,0.0,0.0,0.0,0.0,2,1017.0,835.3,49,24140.0,5.4,18.4,johannesburg,2026-04-05T08:11:48.652369
2026-04-05T09:00,24.3,35,7.9,24.1,0,0.0,0.0,0.0,0.0,0.0,2,1016.0,835.1,79,24140.0,0.5,16.6,johannesburg,2026-04-05T08:11:48.652369
2026-04-05T10:00,25.2,32,7.3,24.6,0,0.0,0.0,0.0,0.0,0.0,2,1015.2,834.9,79,24140.0,1.9,9.4,johannesburg,2026-04-05T08:11:48.652369
2026-04-05T11:00,26.1,29,6.7,25.6,0,0.0,0.0,0.0,0.0,0.0,2,1013.7,834.1,62,24140.0,2.6,11.5,johannesburg,2026-04-05T08:11:48.652369
2026-04-05T12:00,26.7,28,6.7,25.3,0,0.0,0.0,0.0,0.0,0.0,2,1012.8,833.7,79,24140.0,4.6,14.8,johannesburg,2026-04-05T08:11:48.652369
2026-04-05T13:00,26.7,27,6.1,24.8,0,0.0,0.0,0.0,0.0,0.0,2,1011.9,833.0,74,24140.0,6.3,18.7,johannesburg,2026-04-05T08:11:48.652369
2026-04-05T14:00,26.3,29,6.8,24.3,0,0.0,0.0,0.0,0.0,0.0,2,1011.9,832.7,77,24140.0,7.7,22.0,johannesburg,2026-04-05T08:11:48.652369
2026-04-05T15:00,25.3,31,7.0,23.2,0,0.0,0.0,0.0,0.0,0.0,3,1012.2,832.5,84,24140.0,9.0,23.4,johannesburg,2026-04-05T08:11:48.652369
2026-04-05T16:00,23.6,37,8.1,21.8,0,0.0,0.0,0.0,0.0,0.0,2,1013.1,832.3,67,24140.0,9.2,23.4,johannesburg,2026-04-05T08:11:48.652369
2026-04-05T17:00,21.9,42,8.4,20.4,3,0.0,0.0,0.0,0.0,0.0,1,1014.0,832.1,39,24140.0,7.9,22.3,johannesburg,2026-04-05T08:11:48.652369
2026-04-05T18:00,20.8,44,8.1,19.6,3,0.0,0.0,0.0,0.0,0.0,2,1014.8,832.2,68,24140.0,5.4,19.8,johannesburg,2026-04-05T08:11:48.652369
2026-04-05T19:00,19.8,47,8.2,18.7,0,0.0,0.0,0.0,0.0,0.0,2,1015.2,831.9,75,24140.0,4.6,14.0,johannesburg,2026-04-05T08:11:48.652369
2026-04-05T20:00,19.0,50,8.4,17.9,3,0.0,0.0,0.0,0.0,0.0,2,1015.6,831.8,78,24140.0,4.7,12.2,johannesburg,2026-04-05T08:11:48.652369
2026-04-05T21:00,18.4,53,8.7,17.4,0,0.0,0.0,0.0,0.0,0.0,3,1015.7,831.6,82,24140.0,4.6,12.6,johannesburg,2026-04-05T08:11:48.652369
2026-04-05T22:00,17.7,58,9.3,16.9,0,0.0,0.0,0.0,0.0,0.0,2,1016.0,831.4,81,24140.0,4.5,12.2,johannesburg,2026-04-05T08:11:48.652369
2026-04-05T23:00,17.1,61,9.5,16.3,3,0.0,0.0,0.0,0.0,0.0,2,1015.8,830.9,77,24140.0,4.9,13.3,johannesburg,2026-04-05T08:11:48.652369
2026-04-05T00:00,7.3,82,4.4,5.3,0,0.0,0.0,0.0,0.0,0.0,2,1010.1,1006.0,59,24140.0,4.2,21.6,seoul,2026-04-05T08:11:51.032076
2026-04-05T01:00,8.7,75,4.5,6.8,0,0.0,0.0,0.0,0.0,0.0,2,1010.2,1006.2,53,24140.0,4.0,18.7,seoul,2026-04-05T08:11:51.032076
2026-04-05T02:00,10.3,69,4.9,9.2,0,0.0,0.0,0.0,0.0,0.0,2,1009.8,1005.8,56,24140.0,3.8,21.2,seoul,2026-04-05T08:11:51.032076
2026-04-05T03:00,11.7,62,4.7,11.4,0,0.0,0.0,0.0,0.0,0.0,2,1009.6,1005.6,64,24140.0,3.3,23.4,seoul,2026-04-05T08:11:51.032076
2026-04-05T04:00,13.5,56,4.9,13.3,0,0.0,0.0,0.0,0.0,0.0,0,1008.8,1004.8,17,24140.0,4.1,26.6,seoul,2026-04-05T08:11:51.032076
2026-04-05T05:00,14.7,54,5.5,14.5,0,0.0,0.0,0.0,0.0,0.0,0,1008.3,1004.4,0,24140.0,6.0,28.8,seoul,2026-04-05T08:11:51.032076
2026-04-05T06:00,14.4,51,4.4,13.3,0,0.0,0.0,0.0,0.0,0.0,0,1008.4,1004.5,0,24140.0,7.2,29.5,seoul,2026-04-05T08:11:51.032076
2026-04-05T07:00,14.0,53,4.6,12.3,0,0.0,0.0,0.0,0.0,0.0,0,1008.2,1004.3,0,24140.0,5.8,29.9,seoul,2026-04-05T08:11:51.032076
2026-04-05T08:00,13.3,57,5.0,11.1,0,0.0,0.0,0.0,0.0,0.0,0,1008.0,1004.0,2,24140.0,6.3,29.2,seoul,2026-04-05T08:11:51.032076
2026-04-05T09:00,11.9,60,4.4,9.8,0,0.0,0.0,0.0,0.0,0.0,0,1008.6,1004.6,1,24140.0,5.1,25.9,seoul,2026-04-05T08:11:51.032076
2026-04-05T10:00,10.5,69,5.1,9.1,3,0.0,0.0,0.0,0.0,0.0,2,1008.5,1004.5,75,24140.0,1.9,21.6,seoul,2026-04-05T08:11:51.032076
2026-04-05T11:00,10.0,72,5.2,8.5,15,0.0,0.0,0.0,0.0,0.0,3,1008.3,1004.3,98,24140.0,2.6,13.0,seoul,2026-04-05T08:11:51.032076
2026-04-05T12:00,9.7,70,4.5,8.0,38,0.0,0.0,0.0,0.0,0.0,2,1008.8,1004.8,71,20620.0,3.1,8.6,seoul,2026-04-05T08:11:51.032076
2026-04-05T13:00,9.4,77,5.6,7.7,65,0.2,0.2,0.0,0.0,0.0,51,1009.5,1005.5,100,24140.0,4.7,11.9,seoul,2026-04-05T08:11:51.032076
2026-04-05T14:00,8.5,83,5.8,6.8,73,1.7,1.7,0.0,0.0,0.0,61,1009.7,1005.7,100,8060.0,4.3,15.5,seoul,2026-04-05T08:11:51.032076
2026-04-05T15:00,7.9,86,5.7,6.4,60,2.2,2.2,0.0,0.0,0.0,61,1009.8,1005.8,70,14100.0,3.1,15.5,seoul,2026-04-05T08:11:51.032076
2026-04-05T16:00,7.9,92,6.7,6.7,48,0.9,0.9,0.0,0.0,0.0,53,1009.7,1005.7,93,24140.0,2.2,15.5,seoul,2026-04-05T08:11:51.032076
2026-04-05T17:00,8.1,94,7.2,7.3,35,0.5,0.5,0.0,0.0,0.0,53,1009.6,1005.6,100,24140.0,0.7,14.0,seoul,2026-04-05T08:11:51.032076
2026-04-05T18:00,8.1,96,7.5,7.3,23,0.0,0.0,0.0,0.0,0.0,3,1009.4,1005.4,100,24140.0,1.5,10.8,seoul,2026-04-05T08:11:51.032076
2026-04-05T19:00,8.1,98,7.8,7.3,10,0.0,0.0,0.0,0.0,0.0,3,1009.2,1005.2,100,24140.0,1.8,9.4,seoul,2026-04-05T08:11:51.032076
2026-04-05T20:00,8.2,99,8.1,7.7,15,0.0,0.0,0.0,0.0,0.0,3,1009.4,1005.4,100,24140.0,0.4,10.1,seoul,2026-04-05T08:11:51.032076
2026-04-05T21:00,8.3,99,8.1,7.6,20,0.0,0.0,0.0,0.0,0.0,3,1009.0,1005.0,100,24140.0,1.5,8.3,seoul,2026-04-05T08:11:51.032076
2026-04-05T22:00,8.3,99,8.2,7.8,23,0.0,0.0,0.0,0.0,0.0,3,1009.5,1005.5,100,15460.0,0.4,8.3,seoul,2026-04-05T08:11:51.032076
2026-04-05T23:00,8.9,99,8.7,8.2,30,0.0,0.0,0.0,0.0,0.0,3,1010.2,1006.2,97,15120.0,2.6,12.2,seoul,2026-04-05T08:11:51.032076
2026-04-05T00:00,11.4,87,9.3,10.4,0,0.0,0.0,0.0,0.0,0.0,0,1024.3,1021.8,0,25440.0,5.8,12.2,barcelona,2026-04-05T08:11:53.414359
2026-04-05T01:00,11.1,87,9.0,9.9,0,0.0,0.0,0.0,0.0,0.0,0,1023.5,1021.0,3,25700.0,6.4,13.7,barcelona,2026-04-05T08:11:53.414359
2026-04-05T02:00,10.9,85,8.5,9.5,0,0.0,0.0,0.0,0.0,0.0,0,1023.4,1020.9,3,28260.0,6.6,14.4,barcelona,2026-04-05T08:11:53.414359
2026-04-05T03:00,10.5,85,8.1,9.0,0,0.0,0.0,0.0,0.0,0.0,0,1023.3,1020.8,0,28260.0,6.4,14.8,barcelona,2026-04-05T08:11:53.414359
2026-04-05T04:00,10.3,82,7.3,8.7,0,0.0,0.0,0.0,0.0,0.0,0,1023.2,1020.7,0,31100.0,6.3,14.4,barcelona,2026-04-05T08:11:53.414359
2026-04-05T05:00,10.1,81,7.0,8.4,0,0.0,0.0,0.0,0.0,0.0,0,1023.4,1020.9,0,31780.0,6.3,14.4,barcelona,2026-04-05T08:11:53.414359
2026-04-05T06:00,10.0,83,7.2,8.3,0,0.0,0.0,0.0,0.0,0.0,0,1023.6,1021.1,0,30440.0,6.3,14.0,barcelona,2026-04-05T08:11:53.414359
2026-04-05T07:00,11.5,81,8.3,10.3,0,0.0,0.0,0.0,0.0,0.0,0,1023.8,1021.3,0,31960.0,5.0,13.3,barcelona,2026-04-05T08:11:53.414359
2026-04-05T08:00,15.4,73,10.6,15.2,0,0.0,0.0,0.0,0.0,0.0,0,1024.2,1021.8,0,36640.0,2.6,11.9,barcelona,2026-04-05T08:11:53.414359
2026-04-05T09:00,17.8,51,7.6,16.2,0,0.0,0.0,0.0,0.0,0.0,0,1025.0,1022.6,0,41120.0,7.1,18.0,barcelona,2026-04-05T08:11:53.414359
2026-04-05T10:00,18.9,54,9.4,17.9,0,0.0,0.0,0.0,0.0,0.0,0,1025.4,1023.0,0,40360.0,10.5,23.4,barcelona,2026-04-05T08:11:53.414359
2026-04-05T11:00,19.4,63,12.2,19.3,0,0.0,0.0,0.0,0.0,0.0,0,1025.2,1022.8,0,38060.0,13.8,30.6,barcelona,2026-04-05T08:11:53.414359
2026-04-05T12:00,19.9,62,12.4,19.8,0,0.0,0.0,0.0,0.0,0.0,0,1025.4,1023.0,0,37960.0,15.6,33.8,barcelona,2026-04-05T08:11:53.414359
2026-04-05T13:00,20.0,62,12.5,19.7,0,0.0,0.0,0.0,0.0,0.0,0,1024.6,1022.2,0,38180.0,17.2,37.1,barcelona,2026-04-05T08:11:53.414359
2026-04-05T14:00,19.9,62,12.4,19.1,0,0.0,0.0,0.0,0.0,0.0,1,1024.3,1021.9,6,38040.0,18.2,38.9,barcelona,2026-04-05T08:11:53.414359
2026-04-05T15:00,19.8,62,12.3,18.5,0,0.0,0.0,0.0,0.0,0.0,1,1024.0,1021.6,18,38500.0,17.4,38.9,barcelona,2026-04-05T08:11:53.414359
2026-04-05T16:00,19.5,61,11.8,17.7,0,0.0,0.0,0.0,0.0,0.0,1,1023.9,1021.5,28,38980.0,16.2,37.1,barcelona,2026-04-05T08:11:53.414359
2026-04-05T17:00,18.9,61,11.2,17.3,0,0.0,0.0,0.0,0.0,0.0,1,1024.2,1021.8,34,39260.0,13.4,33.1,barcelona,2026-04-05T08:11:53.414359
2026-04-05T18:00,18.1,61,10.4,16.8,0,0.0,0.0,0.0,0.0,0.0,1,1024.3,1021.9,38,39780.0,9.7,29.5,barcelona,2026-04-05T08:11:53.414359
2026-04-05T19:00,16.9,63,9.8,15.8,0,0.0,0.0,0.0,0.0,0.0,1,1024.7,1022.3,21,39540.0,6.8,22.0,barcelona,2026-04-05T08:11:53.414359
2026-04-05T20:00,15.7,68,9.8,14.9,0,0.0,0.0,0.0,0.0,0.0,0,1025.1,1022.7,0,38740.0,5.1,15.8,barcelona,2026-04-05T08:11:53.414359
2026-04-05T21:00,14.9,69,9.2,14.0,0,0.0,0.0,0.0,0.0,0.0,0,1025.4,1023.0,0,38480.0,4.5,12.6,barcelona,2026-04-05T08:11:53.414359
2026-04-05T22:00,14.0,66,7.8,12.7,0,0.0,0.0,0.0,0.0,0.0,0,1025.7,1023.3,0,39140.0,5.0,12.2,barcelona,2026-04-05T08:11:53.414359
2026-04-05T23:00,13.0,69,7.4,11.5,0,0.0,0.0,0.0,0.0,0.0,0,1026.1,1023.7,0,38340.0,5.6,12.6,barcelona,2026-04-05T08:11:53.414359
2026-04-05T00:00,15.9,58,7.6,14.8,0,0.0,0.0,0.0,0.0,0.0,2,1023.5,1021.2,57,24140.0,1.5,18.4,bilbao,2026-04-05T08:13:56.295123
2026-04-05T01:00,15.0,60,7.3,12.9,0,0.0,0.0,0.0,0.0,0.0,2,1023.6,1021.3,59,24140.0,2.1,24.5,bilbao,2026-04-05T08:13:56.295123
2026-04-05T02:00,14.4,63,7.4,13.2,0,0.0,0.0,0.0,0.0,0.0,3,1023.6,1021.3,90,24140.0,3.7,10.8,bilbao,2026-04-05T08:13:56.295123
2026-04-05T03:00,13.7,64,7.0,12.5,0,0.0,0.0,0.0,0.0,0.0,0,1023.7,1021.4,0,24140.0,7.3,9.4,bilbao,2026-04-05T08:13:56.295123
2026-04-05T04:00,13.1,68,7.3,12.4,0,0.0,0.0,0.0,0.0,0.0,0,1023.5,1021.2,0,24140.0,4.0,5.8,bilbao,2026-04-05T08:13:56.295123
2026-04-05T05:00,12.8,83,9.9,12.4,0,0.0,0.0,0.0,0.0,0.0,0,1023.4,1021.1,0,24140.0,2.2,6.5,bilbao,2026-04-05T08:13:56.295123
2026-04-05T06:00,12.0,79,8.4,10.8,0,0.0,0.0,0.0,0.0,0.0,0,1023.5,1021.2,0,24140.0,5.8,7.9,bilbao,2026-04-05T08:13:56.295123
2026-04-05T07:00,12.8,74,8.3,11.4,0,0.0,0.0,0.0,0.0,0.0,0,1023.6,1021.3,0,24140.0,5.2,13.3,bilbao,2026-04-05T08:13:56.295123
2026-04-05T08:00,14.5,66,8.2,13.4,0,0.0,0.0,0.0,0.0,0.0,0,1023.8,1021.5,1,24140.0,3.7,10.1,bilbao,2026-04-05T08:13:56.295123
2026-04-05T09:00,16.0,64,9.2,15.1,0,0.0,0.0,0.0,0.0,0.0,0,1024.3,1022.0,0,24140.0,4.9,14.8,bilbao,2026-04-05T08:13:56.295123
2026-04-05T10:00,17.2,65,10.5,16.4,0,0.0,0.0,0.0,0.0,0.0,0,1024.6,1022.3,0,24140.0,7.4,19.4,bilbao,2026-04-05T08:13:56.295123
2026-04-05T11:00,17.1,71,11.8,16.1,0,0.0,0.0,0.0,0.0,0.0,2,1024.9,1022.6,60,24140.0,11.4,26.1,bilbao,2026-04-05T08:13:56.295123
2026-04-05T12:00,16.8,72,11.8,15.4,0,0.0,0.0,0.0,0.0,0.0,3,1025.1,1022.8,100,24140.0,11.9,27.4,bilbao,2026-04-05T08:13:56.295123
2026-04-05T13:00,16.8,72,11.7,15.7,0,0.0,0.0,0.0,0.0,0.0,3,1025.0,1022.7,100,24140.0,10.9,27.0,bilbao,2026-04-05T08:13:56.295123
2026-04-05T14:00,16.9,71,11.6,16.1,0,0.0,0.0,0.0,0.0,0.0,3,1024.6,1022.3,100,24140.0,8.9,24.8,bilbao,2026-04-05T08:13:56.295123
2026-04-05T15:00,16.8,71,11.5,16.1,0,0.0,0.0,0.0,0.0,0.0,3,1024.2,1021.9,100,24140.0,7.8,21.2,bilbao,2026-04-05T08:13:56.295123
2026-04-05T16:00,16.8,70,11.3,16.5,0,0.0,0.0,0.0,0.0,0.0,3,1024.1,1021.8,99,24140.0,5.2,19.4,bilbao,2026-04-05T08:13:56.295123
2026-04-05T17:00,17.0,70,11.5,16.9,0,0.0,0.0,0.0,0.0,0.0,3,1024.0,1021.7,100,24140.0,4.2,14.8,bilbao,2026-04-05T08:13:56.295123
2026-04-05T18:00,16.7,72,11.6,16.6,0,0.0,0.0,0.0,0.0,0.0,3,1024.0,1021.7,100,24140.0,4.0,13.0,bilbao,2026-04-05T08:13:56.295123
2026-04-05T19:00,15.7,76,11.4,15.7,0,0.0,0.0,0.0,0.0,0.0,3,1024.2,1021.9,100,24140.0,3.1,11.5,bilbao,2026-04-05T08:13:56.295123
2026-04-05T20:00,14.8,75,10.4,14.3,0,0.0,0.0,0.0,0.0,0.0,3,1024.4,1022.1,100,24140.0,3.7,8.6,bilbao,2026-04-05T08:13:56.295123
2026-04-05T21:00,14.5,77,10.5,14.0,0,0.0,0.0,0.0,0.0,0.0,1,1024.1,1021.8,21,24140.0,4.3,8.6,bilbao,2026-04-05T08:13:56.295123
2026-04-05T22:00,13.9,80,10.5,13.1,0,0.0,0.0,0.0,0.0,0.0,0,1023.7,1021.4,13,24140.0,6.4,11.5,bilbao,2026-04-05T08:13:56.295123
2026-04-05T23:00,13.4,83,10.6,12.7,0,0.0,0.0,0.0,0.0,0.0,0,1023.4,1021.1,0,24140.0,6.4,12.6,bilbao,2026-04-05T08:13:56.295123
2026-04-05T00:00,14.4,75,10.1,13.6,20,0.0,0.0,0.0,0.0,0.0,3,1024.5,977.7,100,24140.0,5.8,17.6,cordoba,2026-04-05T08:13:58.676878
2026-04-05T01:00,14.5,73,9.7,13.8,38,0.0,0.0,0.0,0.0,0.0,3,1024.9,978.1,100,24140.0,4.3,12.6,cordoba,2026-04-05T08:13:58.676878
2026-04-05T02:00,14.4,73,9.6,13.5,35,0.0,0.0,0.0,0.0,0.0,3,1025.1,978.3,100,24140.0,5.2,11.5,cordoba,2026-04-05T08:13:58.676878
2026-04-05T03:00,14.2,72,9.2,13.0,35,0.0,0.0,0.0,0.0,0.0,3,1025.2,978.4,100,24140.0,6.7,14.8,cordoba,2026-04-05T08:13:58.676878
2026-04-05T04:00,14.0,71,8.8,12.7,43,0.0,0.0,0.0,0.0,0.0,3,1024.9,978.1,100,24140.0,6.8,15.8,cordoba,2026-04-05T08:13:58.676878
2026-04-05T05:00,13.8,69,8.2,12.2,30,0.0,0.0,0.0,0.0,0.0,3,1024.4,977.5,100,24140.0,7.7,16.6,cordoba,2026-04-05T08:13:58.676878
2026-04-05T06:00,13.6,69,8.1,12.2,20,0.0,0.0,0.0,0.0,0.0,3,1024.0,977.1,100,17440.0,6.4,16.6,cordoba,2026-04-05T08:13:58.676878
2026-04-05T07:00,13.5,70,8.2,12.3,10,0.0,0.0,0.0,0.0,0.0,3,1023.3,976.5,100,21940.0,5.1,14.0,cordoba,2026-04-05T08:13:58.676878
2026-04-05T08:00,13.5,72,8.5,12.6,3,0.0,0.0,0.0,0.0,0.0,3,1022.9,976.1,100,24140.0,3.7,11.5,cordoba,2026-04-05T08:13:58.676878
2026-04-05T09:00,13.4,75,9.1,12.7,0,0.0,0.0,0.0,0.0,0.0,3,1023.0,976.2,98,23380.0,3.6,8.6,cordoba,2026-04-05T08:13:58.676878
2026-04-05T10:00,13.2,79,9.6,12.5,0,0.2,0.0,0.2,0.0,0.0,3,1022.9,976.0,100,24140.0,4.5,10.8,cordoba,2026-04-05T08:13:58.676878
2026-04-05T11:00,13.0,82,10.0,12.5,0,0.2,0.0,0.2,0.0,0.0,3,1022.8,975.9,100,15620.0,4.2,9.7,cordoba,2026-04-05T08:13:58.676878
2026-04-05T12:00,13.0,85,10.6,12.5,0,0.0,0.0,0.0,0.0,0.0,3,1022.9,976.0,100,7580.0,5.2,12.6,cordoba,2026-04-05T08:13:58.676878
2026-04-05T13:00,13.2,83,10.4,12.4,10,0.0,0.0,0.0,0.0,0.0,3,1023.3,976.4,100,24140.0,6.5,15.5,cordoba,2026-04-05T08:13:58.676878
2026-04-05T14:00,13.2,83,10.4,12.7,20,0.0,0.0,0.0,0.0,0.0,3,1022.7,975.8,100,9580.0,4.4,15.5,cordoba,2026-04-05T08:13:58.676878
2026-04-05T15:00,13.2,83,10.4,12.5,20,0.2,0.1,0.0,0.0,0.0,61,1022.2,975.4,100,24140.0,5.8,14.0,cordoba,2026-04-05T08:13:58.676878
2026-04-05T16:00,13.0,84,10.4,12.3,28,0.5,0.1,0.5,0.0,0.0,80,1021.5,974.7,100,23140.0,6.3,15.1,cordoba,2026-04-05T08:13:58.676878
2026-04-05T17:00,12.9,86,10.7,12.3,20,0.1,0.1,0.0,0.0,0.0,61,1020.7,973.9,99,24140.0,5.5,14.8,cordoba,2026-04-05T08:13:58.676878
2026-04-05T18:00,13.1,85,10.7,12.7,8,0.0,0.0,0.0,0.0,0.0,3,1019.6,972.9,100,24140.0,4.4,13.3,cordoba,2026-04-05T08:13:58.676878
2026-04-05T19:00,13.3,85,10.9,13.0,0,0.0,0.0,0.0,0.0,0.0,3,1018.6,971.9,100,24140.0,4.5,11.5,cordoba,2026-04-05T08:13:58.676878
2026-04-05T20:00,13.3,86,11.0,12.9,3,0.0,0.0,0.0,0.0,0.0,3,1018.1,971.5,100,24140.0,4.8,11.9,cordoba,2026-04-05T08:13:58.676878
2026-04-05T21:00,13.1,87,11.0,12.5,0,0.0,0.0,0.0,0.0,0.0,3,1017.7,971.0,100,24140.0,6.5,15.1,cordoba,2026-04-05T08:13:58.676878
2026-04-05T22:00,12.7,89,11.0,12.1,0,0.0,0.0,0.0,0.0,0.0,3,1017.2,970.5,100,24140.0,6.8,15.8,cordoba,2026-04-05T08:13:58.676878
2026-04-05T23:00,12.5,89,10.7,11.9,0,0.0,0.0,0.0,0.0,0.0,3,1017.3,970.6,100,24140.0,5.6,15.5,cordoba,2026-04-05T08:13:58.676878
2026-04-05T00:00,16.5,75,12.1,14.5,0,0.0,0.0,0.0,0.0,0.0,3,1022.8,1020.3,82,24140.0,18.7,31.3,donostia-san_sebastian,2026-04-05T08:14:01.056392
2026-04-05T01:00,14.8,75,10.4,12.4,0,0.0,0.0,0.0,0.0,0.0,1,1023.0,1020.5,43,24140.0,21.6,36.7,donostia-san_sebastian,2026-04-05T08:14:01.056392
2026-04-05T02:00,14.7,74,10.1,12.3,0,0.0,0.0,0.0,0.0,0.0,2,1023.6,1021.1,69,24140.0,19.2,40.3,donostia-san_sebastian,2026-04-05T08:14:01.056392
2026-04-05T03:00,15.0,66,8.7,14.5,0,0.0,0.0,0.0,0.0,0.0,3,1023.6,1021.0,99,24140.0,5.2,15.5,donostia-san_sebastian,2026-04-05T08:14:01.056392
2026-04-05T04:00,13.4,73,8.6,12.4,0,0.0,0.0,0.0,0.0,0.0,3,1023.4,1020.8,100,24140.0,3.6,8.6,donostia-san_sebastian,2026-04-05T08:14:01.056392
2026-04-05T05:00,13.7,81,10.5,13.2,0,0.0,0.0,0.0,0.0,0.0,0,1023.5,1020.9,9,24140.0,6.2,8.3,donostia-san_sebastian,2026-04-05T08:14:01.056392
2026-04-05T06:00,13.3,92,12.0,13.0,0,0.0,0.0,0.0,0.0,0.0,3,1023.8,1021.2,91,24140.0,2.4,13.0,donostia-san_sebastian,2026-04-05T08:14:01.056392
2026-04-05T07:00,13.6,86,11.3,13.7,0,0.0,0.0,0.0,0.0,0.0,3,1023.9,1021.3,83,24140.0,3.2,7.9,donostia-san_sebastian,2026-04-05T08:14:01.056392
2026-04-05T08:00,14.1,81,10.9,14.2,0,0.0,0.0,0.0,0.0,0.0,0,1024.1,1021.5,12,24140.0,1.3,7.2,donostia-san_sebastian,2026-04-05T08:14:01.056392
2026-04-05T09:00,14.1,83,11.2,13.6,0,0.0,0.0,0.0,0.0,0.0,0,1024.4,1021.8,1,24140.0,4.5,11.2,donostia-san_sebastian,2026-04-05T08:14:01.056392
2026-04-05T10:00,14.3,83,11.5,13.8,0,0.0,0.0,0.0,0.0,0.0,1,1024.9,1022.3,33,24140.0,7.0,14.8,donostia-san_sebastian,2026-04-05T08:14:01.056392
2026-04-05T11:00,14.5,82,11.4,13.6,0,0.0,0.0,0.0,0.0,0.0,3,1025.1,1022.5,83,24140.0,8.8,17.3,donostia-san_sebastian,2026-04-05T08:14:01.056392
2026-04-05T12:00,14.6,81,11.3,13.5,0,0.0,0.0,0.0,0.0,0.0,3,1025.3,1022.7,97,24140.0,9.6,18.2,donostia-san_sebastian,2026-04-05T08:14:01.056392
2026-04-05T13:00,14.6,80,11.3,13.5,0,0.0,0.0,0.0,0.0,0.0,3,1025.2,1022.6,98,24140.0,9.4,18.1,donostia-san_sebastian,2026-04-05T08:14:01.056392
2026-04-05T14:00,14.4,80,11.0,13.3,0,0.0,0.0,0.0,0.0,0.0,3,1025.1,1022.5,100,24140.0,9.8,18.0,donostia-san_sebastian,2026-04-05T08:14:01.056392
2026-04-05T15:00,14.2,79,10.6,13.0,0,0.0,0.0,0.0,0.0,0.0,3,1024.7,1022.1,100,24140.0,9.8,18.0,donostia-san_sebastian,2026-04-05T08:14:01.056392
2026-04-05T16:00,14.1,80,10.7,13.3,0,0.0,0.0,0.0,0.0,0.0,2,1024.6,1022.0,68,24140.0,7.1,17.6,donostia-san_sebastian,2026-04-05T08:14:01.056392
2026-04-05T17:00,14.1,80,10.7,13.3,0,0.0,0.0,0.0,0.0,0.0,1,1024.6,1022.0,39,24140.0,7.2,13.7,donostia-san_sebastian,2026-04-05T08:14:01.056392
2026-04-05T18:00,13.9,82,10.9,13.2,0,0.0,0.0,0.0,0.0,0.0,3,1024.5,1021.9,96,24140.0,6.5,13.0,donostia-san_sebastian,2026-04-05T08:14:01.056392
2026-04-05T19:00,13.5,85,11.0,13.0,0,0.0,0.0,0.0,0.0,0.0,3,1024.6,1022.0,100,24140.0,5.4,11.9,donostia-san_sebastian,2026-04-05T08:14:01.056392
2026-04-05T20:00,13.4,86,11.1,13.3,0,0.0,0.0,0.0,0.0,0.0,3,1024.7,1022.1,100,24140.0,3.6,9.0,donostia-san_sebastian,2026-04-05T08:14:01.056392
2026-04-05T21:00,13.3,87,11.2,13.3,0,0.0,0.0,0.0,0.0,0.0,3,1024.4,1021.8,100,24140.0,3.0,6.5,donostia-san_sebastian,2026-04-05T08:14:01.056392
2026-04-05T22:00,13.3,86,11.0,13.4,0,0.0,0.0,0.0,0.0,0.0,3,1024.2,1021.6,98,24140.0,1.8,5.4,donostia-san_sebastian,2026-04-05T08:14:01.056392
2026-04-05T23:00,13.0,84,10.4,12.6,0,0.0,0.0,0.0,0.0,0.0,0,1023.9,1021.3,5,24140.0,3.7,6.1,donostia-san_sebastian,2026-04-05T08:14:01.056392
2026-04-05T00:00,8.3,85,6.0,6.9,0,0.0,0.0,0.0,0.0,0.0,0,1023.9,1014.3,0,32260.0,3.1,5.0,girona,2026-04-05T08:14:03.436733
2026-04-05T01:00,7.9,83,5.2,6.3,0,0.0,0.0,0.0,0.0,0.0,0,1023.2,1013.6,0,33260.0,2.6,5.4,girona,2026-04-05T08:14:03.436733
2026-04-05T02:00,6.9,86,4.8,5.2,0,0.0,0.0,0.0,0.0,0.0,0,1023.1,1013.4,0,29200.0,3.1,5.8,girona,2026-04-05T08:14:03.436733
2026-04-05T03:00,5.8,93,4.8,4.2,0,0.0,0.0,0.0,0.0,0.0,0,1023.1,1013.4,23,17880.0,2.8,5.4,girona,2026-04-05T08:14:03.436733
2026-04-05T04:00,5.5,96,5.0,3.9,0,0.0,0.0,0.0,0.0,0.0,0,1023.0,1013.3,32,13620.0,2.8,5.0,girona,2026-04-05T08:14:03.436733
2026-04-05T05:00,5.7,99,5.6,4.2,0,0.0,0.0,0.0,0.0,0.0,0,1023.3,1013.6,33,9920.0,2.6,5.4,girona,2026-04-05T08:14:03.436733
2026-04-05T06:00,6.1,100,6.1,4.7,0,0.0,0.0,0.0,0.0,0.0,0,1023.5,1013.8,34,7640.0,2.8,5.0,girona,2026-04-05T08:14:03.436733
2026-04-05T07:00,9.5,95,8.7,8.9,0,0.0,0.0,0.0,0.0,0.0,0,1023.7,1014.1,28,9620.0,1.8,6.8,girona,2026-04-05T08:14:03.436733
2026-04-05T08:00,14.3,78,10.6,14.2,0,0.0,0.0,0.0,0.0,0.0,0,1023.9,1014.5,2,31440.0,2.5,7.9,girona,2026-04-05T08:14:03.436733
2026-04-05T09:00,18.1,61,10.5,17.8,0,0.0,0.0,0.0,0.0,0.0,0,1024.6,1015.3,0,39960.0,3.3,9.0,girona,2026-04-05T08:14:03.436733
2026-04-05T10:00,20.4,54,10.8,20.8,0,0.0,0.0,0.0,0.0,0.0,0,1024.8,1015.5,0,40900.0,4.0,11.2,girona,2026-04-05T08:14:03.436733
2026-04-05T11:00,22.3,48,10.8,23.2,0,0.0,0.0,0.0,0.0,0.0,0,1024.3,1015.1,0,41540.0,5.8,14.8,girona,2026-04-05T08:14:03.436733
2026-04-05T12:00,23.6,44,10.6,24.2,0,0.0,0.0,0.0,0.0,0.0,0,1024.1,1015.0,1,41960.0,8.6,19.8,girona,2026-04-05T08:14:03.436733
2026-04-05T13:00,23.7,42,10.1,23.6,0,0.0,0.0,0.0,0.0,0.0,0,1023.3,1014.2,6,42460.0,11.6,26.3,girona,2026-04-05T08:14:03.436733
2026-04-05T14:00,23.2,47,11.3,22.6,0,0.0,0.0,0.0,0.0,0.0,1,1023.0,1013.9,9,41640.0,13.8,30.6,girona,2026-04-05T08:14:03.436733
2026-04-05T15:00,22.4,51,11.8,21.5,0,0.0,0.0,0.0,0.0,0.0,1,1022.7,1013.5,15,41080.0,13.5,30.6,girona,2026-04-05T08:14:03.436733
2026-04-05T16:00,21.3,53,11.4,19.9,0,0.0,0.0,0.0,0.0,0.0,1,1022.7,1013.5,9,40860.0,12.8,28.8,girona,2026-04-05T08:14:03.436733
2026-04-05T17:00,20.0,57,11.2,18.8,0,0.0,0.0,0.0,0.0,0.0,3,1023.0,1013.8,54,40400.0,10.9,27.4,girona,2026-04-05T08:14:03.436733
2026-04-05T18:00,17.8,64,10.9,17.2,0,0.0,0.0,0.0,0.0,0.0,1,1023.3,1014.0,23,39660.0,6.3,21.2,girona,2026-04-05T08:14:03.436733
2026-04-05T19:00,15.3,75,10.9,14.9,0,0.0,0.0,0.0,0.0,0.0,1,1023.8,1014.4,33,34140.0,4.5,11.5,girona,2026-04-05T08:14:03.436733
2026-04-05T20:00,13.8,81,10.6,13.4,0,0.0,0.0,0.0,0.0,0.0,1,1024.2,1014.7,22,28500.0,4.0,7.2,girona,2026-04-05T08:14:03.436733
2026-04-05T21:00,12.8,82,9.9,12.3,0,0.0,0.0,0.0,0.0,0.0,1,1024.5,1015.0,23,27640.0,3.3,3.6,girona,2026-04-05T08:14:03.436733
2026-04-05T22:00,12.0,84,9.4,11.4,0,0.0,0.0,0.0,0.0,0.0,1,1024.9,1015.4,11,28460.0,3.3,3.6,girona,2026-04-05T08:14:03.436733
2026-04-05T23:00,11.2,87,9.1,10.5,0,0.0,0.0,0.0,0.0,0.0,1,1025.3,1015.7,11,27080.0,3.3,4.3,girona,2026-04-05T08:14:03.436733
2026-04-05T00:00,16.9,83,14.0,16.9,0,0.0,0.0,0.0,0.0,0.0,0,1017.9,1010.5,9,24140.0,9.2,19.4,las_palmas_de_gran_canaria,2026-04-05T08:14:40.958808
2026-04-05T01:00,16.6,84,13.9,16.6,0,0.0,0.0,0.0,0.0,0.0,0,1017.5,1010.1,14,24140.0,8.5,10.4,las_palmas_de_gran_canaria,2026-04-05T08:14:40.958808
2026-04-05T02:00,16.3,86,13.9,16.2,0,0.0,0.0,0.0,0.0,0.0,1,1016.9,1009.5,39,24140.0,9.0,10.8,las_palmas_de_gran_canaria,2026-04-05T08:14:40.958808
2026-04-05T03:00,16.0,88,14.0,16.1,0,0.0,0.0,0.0,0.0,0.0,1,1016.1,1008.7,37,24140.0,8.6,11.2,las_palmas_de_gran_canaria,2026-04-05T08:14:40.958808
2026-04-05T04:00,15.8,89,14.0,15.7,0,0.0,0.0,0.0,0.0,0.0,1,1015.6,1008.2,37,24140.0,9.8,12.2,las_palmas_de_gran_canaria,2026-04-05T08:14:40.958808
2026-04-05T05:00,15.7,90,14.1,15.2,0,0.0,0.0,0.0,0.0,0.0,2,1015.3,1007.9,50,24140.0,12.7,15.8,las_palmas_de_gran_canaria,2026-04-05T08:14:40.958808
2026-04-05T06:00,15.7,89,13.9,16.0,0,0.0,0.0,0.0,0.0,0.0,1,1015.6,1008.2,33,24140.0,6.6,16.2,las_palmas_de_gran_canaria,2026-04-05T08:14:40.958808
2026-04-05T07:00,15.3,96,14.7,16.0,0,0.0,0.0,0.0,0.0,0.0,1,1016.6,1009.2,48,24140.0,6.0,4.7,las_palmas_de_gran_canaria,2026-04-05T08:14:40.958808
2026-04-05T08:00,16.4,90,14.8,17.2,0,0.0,0.0,0.0,0.0,0.0,1,1016.6,1009.2,32,24140.0,5.8,8.6,las_palmas_de_gran_canaria,2026-04-05T08:14:40.958808
2026-04-05T09:00,19.0,80,15.4,20.2,0,0.0,0.0,0.0,0.0,0.0,1,1016.4,1009.1,35,24140.0,4.2,6.1,las_palmas_de_gran_canaria,2026-04-05T08:14:40.958808
2026-04-05T10:00,20.1,76,15.8,20.6,0,0.0,0.0,0.0,0.0,0.0,1,1016.7,1009.4,35,24140.0,10.1,18.7,las_palmas_de_gran_canaria,2026-04-05T08:14:40.958808
2026-04-05T11:00,20.9,77,16.7,22.4,0,0.0,0.0,0.0,0.0,0.0,2,1016.8,1009.5,59,24140.0,13.1,23.8,las_palmas_de_gran_canaria,2026-04-05T08:14:40.958808
2026-04-05T12:00,21.6,75,16.9,23.3,0,0.0,0.0,0.0,0.0,0.0,3,1016.3,1009.0,87,24140.0,16.4,28.8,las_palmas_de_gran_canaria,2026-04-05T08:14:40.958808
2026-04-05T13:00,22.4,70,16.7,24.1,0,0.0,0.0,0.0,0.0,0.0,3,1015.7,1008.5,100,24140.0,17.6,30.6,las_palmas_de_gran_canaria,2026-04-05T08:14:40.958808
2026-04-05T14:00,22.9,67,16.4,24.5,0,0.0,0.0,0.0,0.0,0.0,3,1015.2,1008.0,98,24140.0,16.7,31.7,las_palmas_de_gran_canaria,2026-04-05T08:14:40.958808
2026-04-05T15:00,22.9,66,16.2,24.5,0,0.0,0.0,0.0,0.0,0.0,3,1014.7,1007.5,95,24140.0,14.7,29.9,las_palmas_de_gran_canaria,2026-04-05T08:14:40.958808
2026-04-05T16:00,22.5,68,16.3,23.4,0,0.0,0.0,0.0,0.0,0.0,3,1014.2,1007.0,100,24140.0,13.5,26.3,las_palmas_de_gran_canaria,2026-04-05T08:14:40.958808
2026-04-05T17:00,21.6,75,16.9,22.0,0,0.0,0.0,0.0,0.0,0.0,0,1014.2,1006.9,11,24140.0,13.7,23.4,las_palmas_de_gran_canaria,2026-04-05T08:14:40.958808
2026-04-05T18:00,20.7,81,17.3,21.3,0,0.0,0.0,0.0,0.0,0.0,0,1014.4,1007.1,13,24140.0,13.4,23.4,las_palmas_de_gran_canaria,2026-04-05T08:14:40.958808
2026-04-05T19:00,19.5,87,17.2,20.3,0,0.0,0.0,0.0,0.0,0.0,1,1014.4,1007.1,49,24140.0,12.2,22.0,las_palmas_de_gran_canaria,2026-04-05T08:14:40.958808
2026-04-05T20:00,18.5,89,16.7,18.7,0,0.0,0.0,0.0,0.0,0.0,3,1014.5,1007.2,90,24140.0,15.0,21.6,las_palmas_de_gran_canaria,2026-04-05T08:14:40.958808
2026-04-05T21:00,18.0,87,15.8,17.5,0,0.0,0.0,0.0,0.0,0.0,3,1015.1,1007.7,90,24140.0,16.4,23.4,las_palmas_de_gran_canaria,2026-04-05T08:14:40.958808
2026-04-05T22:00,17.8,83,14.9,17.1,0,0.0,0.0,0.0,0.0,0.0,3,1015.6,1008.2,89,24140.0,16.2,23.4,las_palmas_de_gran_canaria,2026-04-05T08:14:40.958808
2026-04-05T23:00,17.6,80,14.1,16.7,0,0.0,0.0,0.0,0.0,0.0,2,1015.8,1008.4,65,24140.0,15.6,23.0,las_palmas_de_gran_canaria,2026-04-05T08:14:40.958808
2026-04-05T00:00,14.9,48,3.9,13.1,0,0.0,0.0,0.0,0.0,0.0,1,1022.9,946.4,14,42660.0,2.2,4.7,madrid,2026-04-05T08:14:43.336434
2026-04-05T01:00,14.0,53,4.5,12.2,0,0.0,0.0,0.0,0.0,0.0,1,1022.9,946.2,15,41840.0,2.9,3.6,madrid,2026-04-05T08:14:43.336434
2026-04-05T02:00,13.6,51,3.6,11.6,0,0.0,0.0,0.0,0.0,0.0,1,1022.8,946.0,7,41900.0,2.9,4.0,madrid,2026-04-05T08:14:43.336434
2026-04-05T03:00,13.0,52,3.4,10.8,0,0.0,0.0,0.0,0.0,0.0,1,1023.1,946.1,4,41740.0,4.4,6.1,madrid,2026-04-05T08:14:43.336434
2026-04-05T04:00,11.7,62,4.6,9.6,0,0.0,0.0,0.0,0.0,0.0,1,1023.2,945.9,15,39580.0,4.9,9.7,madrid,2026-04-05T08:14:43.336434
2026-04-05T05:00,9.9,75,5.7,8.1,0,0.0,0.0,0.0,0.0,0.0,1,1023.9,946.1,7,35160.0,4.7,11.2,madrid,2026-04-05T08:14:43.336434
2026-04-05T06:00,9.5,77,5.6,7.7,0,0.0,0.0,0.0,0.0,0.0,1,1024.1,946.1,13,32700.0,4.5,11.2,madrid,2026-04-05T08:14:43.336434
2026-04-05T07:00,10.0,75,5.8,8.4,0,0.0,0.0,0.0,0.0,0.0,0,1024.5,946.6,1,31320.0,3.9,11.2,madrid,2026-04-05T08:14:43.336434
2026-04-05T08:00,12.8,61,5.5,11.1,0,0.0,0.0,0.0,0.0,0.0,0,1024.2,947.1,2,36680.0,3.7,12.2,madrid,2026-04-05T08:14:43.336434
2026-04-05T09:00,16.0,48,5.0,14.4,0,0.0,0.0,0.0,0.0,0.0,1,1024.7,948.4,17,41300.0,2.8,13.3,madrid,2026-04-05T08:14:43.336434
2026-04-05T10:00,18.8,35,3.0,17.4,0,0.0,0.0,0.0,0.0,0.0,1,1024.7,949.1,25,43940.0,3.0,12.6,madrid,2026-04-05T08:14:43.336434
2026-04-05T11:00,21.0,31,3.2,20.4,0,0.0,0.0,0.0,0.0,0.0,1,1023.9,948.9,43,45680.0,3.3,13.3,madrid,2026-04-05T08:14:43.336434
2026-04-05T12:00,22.9,27,2.9,22.6,0,0.0,0.0,0.0,0.0,0.0,2,1023.3,948.8,81,47880.0,4.3,15.8,madrid,2026-04-05T08:14:43.336434
2026-04-05T13:00,24.1,24,2.3,23.4,0,0.0,0.0,0.0,0.0,0.0,3,1022.1,948.0,100,50600.0,5.9,19.1,madrid,2026-04-05T08:14:43.336434
2026-04-05T14:00,24.9,24,2.9,23.9,0,0.0,0.0,0.0,0.0,0.0,3,1021.3,947.4,100,49860.0,6.5,20.2,madrid,2026-04-05T08:14:43.336434
2026-04-05T15:00,25.2,23,2.6,23.6,0,0.0,0.0,0.0,0.0,0.0,2,1020.6,946.8,52,50800.0,6.1,20.2,madrid,2026-04-05T08:14:43.336434
2026-04-05T16:00,25.2,22,2.0,22.7,0,0.0,0.0,0.0,0.0,0.0,2,1020.1,946.4,61,51960.0,5.8,19.8,madrid,2026-04-05T08:14:43.336434
2026-04-05T17:00,24.9,24,2.9,22.5,0,0.0,0.0,0.0,0.0,0.0,0,1020.3,946.5,6,51240.0,5.0,18.0,madrid,2026-04-05T08:14:43.336434
2026-04-05T18:00,24.2,24,2.3,21.8,0,0.0,0.0,0.0,0.0,0.0,1,1020.0,946.0,7,51380.0,4.2,14.8,madrid,2026-04-05T08:14:43.336434
2026-04-05T19:00,22.8,28,3.3,20.8,0,0.0,0.0,0.0,0.0,0.0,2,1020.4,946.1,87,49580.0,2.8,10.8,madrid,2026-04-05T08:14:43.336434
2026-04-05T20:00,21.5,31,3.6,19.6,0,0.0,0.0,0.0,0.0,0.0,3,1020.9,946.2,83,48520.0,2.3,6.1,madrid,2026-04-05T08:14:43.336434
2026-04-05T21:00,20.5,33,3.7,18.7,0,0.0,0.0,0.0,0.0,0.0,3,1021.3,946.3,73,48500.0,2.3,4.3,madrid,2026-04-05T08:14:43.336434
2026-04-05T22:00,19.6,34,3.3,17.6,0,0.0,0.0,0.0,0.0,0.0,3,1021.4,946.2,100,48000.0,3.1,4.3,madrid,2026-04-05T08:14:43.336434
2026-04-05T23:00,17.6,38,3.1,15.2,0,0.0,0.0,0.0,0.0,0.0,3,1022.4,946.6,92,44580.0,5.2,11.2,madrid,2026-04-05T08:14:43.336434
2026-04-05T00:00,12.3,41,-0.6,9.0,0,0.0,0.0,0.0,0.0,0.0,0,1024.6,1022.4,0,43320.0,7.2,16.9,malaga,2026-04-05T08:16:00.993643
2026-04-05T01:00,11.8,44,-0.0,8.7,0,0.0,0.0,0.0,0.0,0.0,0,1024.2,1022.0,0,42600.0,6.8,16.9,malaga,2026-04-05T08:16:00.993643
2026-04-05T02:00,11.4,46,0.2,8.3,0,0.0,0.0,0.0,0.0,0.0,0,1023.6,1021.4,0,42420.0,6.9,16.9,malaga,2026-04-05T08:16:00.993643
2026-04-05T03:00,10.7,49,0.4,7.6,0,0.0,0.0,0.0,0.0,0.0,0,1023.4,1021.2,0,41900.0,7.2,16.2,malaga,2026-04-05T08:16:00.993643
2026-04-05T04:00,10.4,49,0.2,7.3,0,0.0,0.0,0.0,0.0,0.0,0,1022.9,1020.7,0,41800.0,7.2,16.2,malaga,2026-04-05T08:16:00.993643
2026-04-05T05:00,10.1,49,-0.1,7.0,0,0.0,0.0,0.0,0.0,0.0,0,1022.9,1020.7,0,41700.0,6.8,16.6,malaga,2026-04-05T08:16:00.993643
2026-04-05T06:00,10.0,48,-0.5,6.8,0,0.0,0.0,0.0,0.0,0.0,0,1023.1,1020.9,0,41840.0,6.8,15.1,malaga,2026-04-05T08:16:00.993643
2026-04-05T07:00,10.9,51,1.1,8.0,0,0.0,0.0,0.0,0.0,0.0,0,1023.8,1021.6,0,41460.0,6.5,15.5,malaga,2026-04-05T08:16:00.993643
2026-04-05T08:00,14.1,56,5.4,12.5,0,0.0,0.0,0.0,0.0,0.0,0,1023.8,1021.6,0,40880.0,3.2,14.8,malaga,2026-04-05T08:16:00.993643
2026-04-05T09:00,17.1,47,5.7,15.7,0,0.0,0.0,0.0,0.0,0.0,0,1024.6,1022.4,0,41780.0,2.4,13.0,malaga,2026-04-05T08:16:00.993643
2026-04-05T10:00,19.5,43,6.6,18.5,0,0.0,0.0,0.0,0.0,0.0,0,1024.8,1022.6,1,42360.0,6.2,20.2,malaga,2026-04-05T08:16:00.993643
2026-04-05T11:00,21.2,33,4.3,19.3,0,0.0,0.0,0.0,0.0,0.0,0,1024.7,1022.6,1,45000.0,13.2,33.1,malaga,2026-04-05T08:16:00.993643
2026-04-05T12:00,21.5,32,4.1,19.7,0,0.0,0.0,0.0,0.0,0.0,0,1024.6,1022.5,1,44680.0,15.8,38.5,malaga,2026-04-05T08:16:00.993643
2026-04-05T13:00,21.5,35,5.4,20.0,0,0.0,0.0,0.0,0.0,0.0,0,1024.0,1021.9,0,43580.0,16.3,39.6,malaga,2026-04-05T08:16:00.993643
2026-04-05T14:00,21.5,37,6.2,19.9,0,0.0,0.0,0.0,0.0,0.0,0,1023.5,1021.4,0,43100.0,15.8,39.6,malaga,2026-04-05T08:16:00.993643
2026-04-05T15:00,21.4,36,5.7,19.4,0,0.0,0.0,0.0,0.0,0.0,0,1022.8,1020.7,0,43260.0,14.3,38.2,malaga,2026-04-05T08:16:00.993643
2026-04-05T16:00,21.2,36,5.5,18.8,0,0.0,0.0,0.0,0.0,0.0,0,1022.4,1020.3,0,43700.0,11.3,35.3,malaga,2026-04-05T08:16:00.993643
2026-04-05T17:00,19.9,44,7.3,18.0,0,0.0,0.0,0.0,0.0,0.0,0,1022.6,1020.5,0,42280.0,7.9,30.2,malaga,2026-04-05T08:16:00.993643
2026-04-05T18:00,18.4,53,8.6,17.2,0,0.0,0.0,0.0,0.0,0.0,0,1022.3,1020.1,0,40900.0,5.4,23.0,malaga,2026-04-05T08:16:00.993643
2026-04-05T19:00,16.9,62,9.6,16.3,0,0.0,0.0,0.0,0.0,0.0,0,1022.7,1020.5,0,39720.0,3.1,17.6,malaga,2026-04-05T08:16:00.993643
2026-04-05T20:00,15.9,67,9.8,15.5,0,0.0,0.0,0.0,0.0,0.0,0,1023.3,1021.1,0,38940.0,2.6,10.1,malaga,2026-04-05T08:16:00.993643
2026-04-05T21:00,14.9,70,9.5,14.2,0,0.0,0.0,0.0,0.0,0.0,0,1023.8,1021.6,0,37860.0,3.7,9.7,malaga,2026-04-05T08:16:00.993643
2026-04-05T22:00,13.8,74,9.2,12.9,0,0.0,0.0,0.0,0.0,0.0,0,1024.1,1021.9,0,36060.0,4.7,12.6,malaga,2026-04-05T08:16:00.993643
2026-04-05T23:00,13.0,71,7.9,11.5,0,0.0,0.0,0.0,0.0,0.0,0,1024.2,1022.0,0,37140.0,6.6,15.8,malaga,2026-04-05T08:16:00.993643
2026-04-05T00:00,17.1,30,-0.6,13.5,0,0.0,0.0,0.0,0.0,0.0,0,1023.9,1015.4,0,49620.0,10.0,19.4,marbella,2026-04-05T08:16:03.370795
2026-04-05T01:00,16.9,31,-0.3,13.3,0,0.0,0.0,0.0,0.0,0.0,0,1023.5,1015.0,0,48820.0,10.3,19.8,marbella,2026-04-05T08:16:03.370795
2026-04-05T02:00,16.6,34,0.7,13.2,0,0.0,0.0,0.0,0.0,0.0,0,1022.8,1014.3,0,47100.0,10.1,20.2,marbella,2026-04-05T08:16:03.370795
2026-04-05T03:00,16.4,33,0.1,12.7,0,0.0,0.0,0.0,0.0,0.0,0,1022.5,1014.0,0,48020.0,10.5,19.8,marbella,2026-04-05T08:16:03.370795
2026-04-05T04:00,16.2,33,-0.1,12.6,0,0.0,0.0,0.0,0.0,0.0,0,1022.0,1013.5,1,47700.0,10.2,20.5,marbella,2026-04-05T08:16:03.370795
2026-04-05T05:00,16.0,34,0.2,12.6,0,0.0,0.0,0.0,0.0,0.0,0,1022.2,1013.7,0,47140.0,9.2,19.4,marbella,2026-04-05T08:16:03.370795
2026-04-05T06:00,15.5,38,1.2,12.3,0,0.0,0.0,0.0,0.0,0.0,0,1022.5,1014.0,0,45140.0,8.8,18.0,marbella,2026-04-05T08:16:03.370795
2026-04-05T07:00,15.8,39,1.9,12.8,0,0.0,0.0,0.0,0.0,0.0,0,1023.1,1014.6,0,44500.0,8.7,17.3,marbella,2026-04-05T08:16:03.370795
2026-04-05T08:00,17.7,35,2.0,14.5,0,0.0,0.0,0.0,0.0,0.0,0,1023.2,1014.7,0,46380.0,9.9,18.7,marbella,2026-04-05T08:16:03.370795
2026-04-05T09:00,18.5,34,2.4,14.6,0,0.0,0.0,0.0,0.0,0.0,0,1024.0,1015.5,0,46060.0,15.5,29.5,marbella,2026-04-05T08:16:03.370795
2026-04-05T10:00,19.2,36,3.8,15.7,0,0.0,0.0,0.0,0.0,0.0,0,1024.4,1015.9,0,45040.0,17.9,34.2,marbella,2026-04-05T08:16:03.370795
2026-04-05T11:00,19.7,36,4.2,16.8,0,0.0,0.0,0.0,0.0,0.0,0,1024.4,1016.0,0,44600.0,19.6,37.1,marbella,2026-04-05T08:16:03.370795
2026-04-05T12:00,19.9,38,5.2,17.6,0,0.0,0.0,0.0,0.0,0.0,0,1024.3,1015.9,0,43740.0,19.9,37.1,marbella,2026-04-05T08:16:03.370795
2026-04-05T13:00,20.0,39,5.7,18.0,0,0.0,0.0,0.0,0.0,0.0,0,1023.7,1015.3,0,43260.0,19.1,37.1,marbella,2026-04-05T08:16:03.370795
2026-04-05T14:00,20.2,38,5.5,18.0,0,0.0,0.0,0.0,0.0,0.0,0,1023.1,1014.7,0,43680.0,18.8,36.0,marbella,2026-04-05T08:16:03.370795
2026-04-05T15:00,20.3,37,5.2,17.8,0,0.0,0.0,0.0,0.0,0.0,0,1022.5,1014.1,0,44140.0,17.0,35.6,marbella,2026-04-05T08:16:03.370795
2026-04-05T16:00,20.2,38,5.5,17.2,0,0.0,0.0,0.0,0.0,0.0,0,1022.2,1013.8,0,44160.0,15.5,32.4,marbella,2026-04-05T08:16:03.370795
2026-04-05T17:00,19.9,38,5.2,16.8,0,0.0,0.0,0.0,0.0,0.0,0,1022.2,1013.8,0,44240.0,13.7,29.5,marbella,2026-04-05T08:16:03.370795
2026-04-05T18:00,19.4,40,5.4,16.6,0,0.0,0.0,0.0,0.0,0.0,0,1021.9,1013.5,0,43800.0,11.6,26.6,marbella,2026-04-05T08:16:03.370795
2026-04-05T19:00,18.4,44,5.9,16.2,0,0.0,0.0,0.0,0.0,0.0,0,1022.3,1013.8,0,42920.0,8.1,22.0,marbella,2026-04-05T08:16:03.370795
2026-04-05T20:00,17.6,46,5.9,15.5,0,0.0,0.0,0.0,0.0,0.0,1,1022.8,1014.3,6,42560.0,7.7,16.6,marbella,2026-04-05T08:16:03.370795
2026-04-05T21:00,17.3,47,5.9,15.1,0,0.0,0.0,0.0,0.0,0.0,0,1023.4,1014.9,3,42360.0,8.1,15.8,marbella,2026-04-05T08:16:03.370795
2026-04-05T22:00,17.0,47,5.6,14.6,0,0.0,0.0,0.0,0.0,0.0,1,1023.5,1015.0,57,42220.0,9.2,17.6,marbella,2026-04-05T08:16:03.370795
2026-04-05T23:00,16.9,46,5.2,14.2,0,0.0,0.0,0.0,0.0,0.0,3,1023.5,1015.0,96,42380.0,10.4,20.2,marbella,2026-04-05T08:16:03.370795
2026-04-05T00:00,12.5,90,10.9,12.7,0,0.0,0.0,0.0,0.0,0.0,0,1025.5,1019.4,0,22080.0,0.4,2.9,palma_de_mallorca,2026-04-05T08:16:05.748866
2026-04-05T01:00,11.9,92,10.7,11.8,0,0.0,0.0,0.0,0.0,0.0,0,1024.8,1018.7,22,18660.0,2.5,2.9,palma_de_mallorca,2026-04-05T08:16:05.748866
2026-04-05T02:00,11.6,96,11.0,11.3,0,0.0,0.0,0.0,0.0,0.0,0,1024.7,1018.6,35,9840.0,3.9,5.0,palma_de_mallorca,2026-04-05T08:16:05.748866
2026-04-05T03:00,10.7,100,10.7,10.2,0,0.0,0.0,0.0,0.0,0.0,45,1024.8,1018.7,52,60.0,4.6,7.9,palma_de_mallorca,2026-04-05T08:16:05.748866
2026-04-05T04:00,9.7,100,9.7,8.9,0,0.0,0.0,0.0,0.0,0.0,45,1024.8,1018.6,68,60.0,5.1,9.4,palma_de_mallorca,2026-04-05T08:16:05.748866
2026-04-05T05:00,9.5,99,9.3,8.6,0,0.0,0.0,0.0,0.0,0.0,45,1025.1,1018.9,70,240.0,5.0,9.0,palma_de_mallorca,2026-04-05T08:16:05.748866
2026-04-05T06:00,9.6,99,9.5,8.8,0,0.0,0.0,0.0,0.0,0.0,45,1025.4,1019.2,56,600.0,4.5,8.3,palma_de_mallorca,2026-04-05T08:16:05.748866
2026-04-05T07:00,10.5,98,10.2,9.9,0,0.0,0.0,0.0,0.0,0.0,45,1025.6,1019.4,27,4920.0,4.2,7.6,palma_de_mallorca,2026-04-05T08:16:05.748866
2026-04-05T08:00,12.9,86,10.6,12.8,0,0.0,0.0,0.0,0.0,0.0,0,1026.0,1019.9,0,23000.0,1.6,5.8,palma_de_mallorca,2026-04-05T08:16:05.748866
2026-04-05T09:00,14.6,79,11.0,14.3,0,0.0,0.0,0.0,0.0,0.0,0,1026.9,1020.8,0,29660.0,4.0,9.7,palma_de_mallorca,2026-04-05T08:16:05.748866
2026-04-05T10:00,16.0,74,11.3,16.2,0,0.0,0.0,0.0,0.0,0.0,0,1027.3,1021.3,0,34300.0,7.7,16.9,palma_de_mallorca,2026-04-05T08:16:05.748866
2026-04-05T11:00,17.0,66,10.6,17.2,0,0.0,0.0,0.0,0.0,0.0,0,1027.1,1021.1,0,38040.0,10.3,22.3,palma_de_mallorca,2026-04-05T08:16:05.748866
2026-04-05T12:00,17.4,62,10.1,17.5,0,0.0,0.0,0.0,0.0,0.0,0,1027.3,1021.3,0,39100.0,11.8,24.8,palma_de_mallorca,2026-04-05T08:16:05.748866
2026-04-05T13:00,17.5,64,10.6,17.6,0,0.0,0.0,0.0,0.0,0.0,0,1026.4,1020.4,0,38580.0,12.2,25.6,palma_de_mallorca,2026-04-05T08:16:05.748866
2026-04-05T14:00,17.4,62,10.1,17.0,0,0.0,0.0,0.0,0.0,0.0,0,1026.2,1020.2,0,38900.0,12.4,25.6,palma_de_mallorca,2026-04-05T08:16:05.748866
2026-04-05T15:00,17.2,62,9.9,16.2,0,0.0,0.0,0.0,0.0,0.0,0,1025.7,1019.7,0,39000.0,11.4,25.2,palma_de_mallorca,2026-04-05T08:16:05.748866
2026-04-05T16:00,16.9,64,10.0,15.4,0,0.0,0.0,0.0,0.0,0.0,0,1025.7,1019.7,2,39100.0,10.0,23.4,palma_de_mallorca,2026-04-05T08:16:05.748866
2026-04-05T17:00,16.2,66,9.9,15.1,0,0.0,0.0,0.0,0.0,0.0,0,1025.8,1019.8,0,38640.0,7.4,20.2,palma_de_mallorca,2026-04-05T08:16:05.748866
2026-04-05T18:00,15.3,75,10.9,15.0,0,0.0,0.0,0.0,0.0,0.0,0,1025.8,1019.7,0,35400.0,4.5,15.1,palma_de_mallorca,2026-04-05T08:16:05.748866
2026-04-05T19:00,14.4,83,11.6,14.6,0,0.0,0.0,0.0,0.0,0.0,0,1026.1,1020.0,0,30240.0,1.9,9.0,palma_de_mallorca,2026-04-05T08:16:05.748866
2026-04-05T20:00,14.0,83,11.1,14.0,0,0.0,0.0,0.0,0.0,0.0,0,1026.4,1020.3,0,30920.0,1.9,2.5,palma_de_mallorca,2026-04-05T08:16:05.748866
2026-04-05T21:00,13.2,86,10.9,13.0,0,0.0,0.0,0.0,0.0,0.0,0,1026.7,1020.6,0,27300.0,3.6,5.0,palma_de_mallorca,2026-04-05T08:16:05.748866
2026-04-05T22:00,11.8,91,10.4,11.3,0,0.0,0.0,0.0,0.0,0.0,1,1027.0,1020.9,0,19320.0,4.1,6.8,palma_de_mallorca,2026-04-05T08:16:05.748866
2026-04-05T23:00,10.7,94,9.8,9.9,0,0.0,0.0,0.0,0.0,0.0,1,1027.1,1020.9,8,6380.0,5.0,8.3,palma_de_mallorca,2026-04-05T08:16:05.748866
2026-04-05T00:00,9.9,81,6.8,8.2,0,0.0,0.0,0.0,0.0,0.0,0,1024.5,1000.2,0,32000.0,5.7,10.4,sabadell,2026-04-05T08:16:08.128213
2026-04-05T01:00,9.4,81,6.3,7.6,0,0.0,0.0,0.0,0.0,0.0,0,1023.7,999.4,4,31760.0,6.0,10.1,sabadell,2026-04-05T08:16:08.128213
2026-04-05T02:00,9.2,80,6.0,7.4,0,0.0,0.0,0.0,0.0,0.0,0,1023.6,999.3,5,32860.0,6.0,10.4,sabadell,2026-04-05T08:16:08.128213
2026-04-05T03:00,9.0,80,5.8,7.1,0,0.0,0.0,0.0,0.0,0.0,0,1023.5,999.2,1,32640.0,5.8,10.4,sabadell,2026-04-05T08:16:08.128213
2026-04-05T04:00,8.9,82,6.0,7.0,0,0.0,0.0,0.0,0.0,0.0,0,1023.3,999.0,0,31580.0,5.8,10.1,sabadell,2026-04-05T08:16:08.128213
2026-04-05T05:00,8.8,83,6.1,7.0,0,0.0,0.0,0.0,0.0,0.0,0,1023.6,999.3,0,30880.0,5.8,11.5,sabadell,2026-04-05T08:16:08.128213
2026-04-05T06:00,8.7,84,6.2,7.0,0,0.0,0.0,0.0,0.0,0.0,0,1023.8,999.5,0,30020.0,5.5,10.4,sabadell,2026-04-05T08:16:08.128213
2026-04-05T07:00,10.9,82,8.0,9.9,0,0.0,0.0,0.0,0.0,0.0,0,1023.9,999.7,0,32200.0,3.6,9.7,sabadell,2026-04-05T08:16:08.128213
2026-04-05T08:00,15.6,77,11.6,15.6,0,0.0,0.0,0.0,0.0,0.0,0,1024.1,1000.3,0,34340.0,3.2,6.1,sabadell,2026-04-05T08:16:08.128213
2026-04-05T09:00,17.6,56,8.8,16.5,0,0.0,0.0,0.0,0.0,0.0,0,1024.9,1001.3,0,40580.0,5.4,13.3,sabadell,2026-04-05T08:16:08.128213
2026-04-05T10:00,19.5,48,8.2,18.7,0,0.0,0.0,0.0,0.0,0.0,0,1025.2,1001.7,0,41520.0,7.2,16.6,sabadell,2026-04-05T08:16:08.128213
2026-04-05T11:00,21.1,40,7.0,20.4,0,0.0,0.0,0.0,0.0,0.0,0,1024.8,1001.4,0,42920.0,9.4,21.2,sabadell,2026-04-05T08:16:08.128213
2026-04-05T12:00,21.9,49,10.7,22.0,0,0.0,0.0,0.0,0.0,0.0,0,1024.8,1001.5,0,41140.0,11.9,27.7,sabadell,2026-04-05T08:16:08.128213
2026-04-05T13:00,22.3,50,11.4,22.2,0,0.0,0.0,0.0,0.0,0.0,0,1024.0,1000.8,0,40980.0,13.9,32.0,sabadell,2026-04-05T08:16:08.128213
2026-04-05T14:00,22.4,47,10.6,21.7,0,0.0,0.0,0.0,0.0,0.0,1,1023.7,1000.5,7,41340.0,14.4,32.8,sabadell,2026-04-05T08:16:08.128213
2026-04-05T15:00,22.3,46,10.1,20.9,0,0.0,0.0,0.0,0.0,0.0,1,1023.4,1000.2,11,41660.0,13.4,32.4,sabadell,2026-04-05T08:16:08.128213
2026-04-05T16:00,21.7,46,9.6,19.9,0,0.0,0.0,0.0,0.0,0.0,1,1023.4,1000.1,19,41820.0,11.5,29.9,sabadell,2026-04-05T08:16:08.128213
2026-04-05T17:00,20.6,47,8.9,19.0,0,0.0,0.0,0.0,0.0,0.0,1,1023.9,1000.5,26,41660.0,9.2,25.6,sabadell,2026-04-05T08:16:08.128213
2026-04-05T18:00,19.2,46,7.3,17.5,0,0.0,0.0,0.0,0.0,0.0,1,1024.1,1000.6,33,41980.0,6.4,19.4,sabadell,2026-04-05T08:16:08.128213
2026-04-05T19:00,16.9,54,7.5,15.8,0,0.0,0.0,0.0,0.0,0.0,1,1024.7,1001.0,22,41320.0,3.3,10.8,sabadell,2026-04-05T08:16:08.128213
2026-04-05T20:00,15.4,61,8.0,14.5,0,0.0,0.0,0.0,0.0,0.0,0,1025.1,1001.3,1,40260.0,3.1,3.6,sabadell,2026-04-05T08:16:08.128213
2026-04-05T21:00,13.8,70,8.4,12.7,0,0.0,0.0,0.0,0.0,0.0,0,1025.5,1001.5,0,38000.0,4.3,5.4,sabadell,2026-04-05T08:16:08.128213
2026-04-05T22:00,12.3,75,8.0,11.1,0,0.0,0.0,0.0,0.0,0.0,0,1025.9,1001.8,0,36100.0,4.7,6.8,sabadell,2026-04-05T08:16:08.128213
2026-04-05T23:00,11.4,74,6.9,9.8,0,0.0,0.0,0.0,0.0,0.0,0,1026.3,1002.1,3,36700.0,5.2,7.2,sabadell,2026-04-05T08:16:08.128213
2026-04-05T00:00,31.9,14,1.1,29.3,0,0.0,0.0,0.0,0.0,0.0,1,1004.2,831.7,32,24140.0,4.9,16.2,salamanca,2026-04-05T08:17:25.801868
2026-04-05T01:00,29.6,18,2.7,27.4,0,0.0,0.0,0.0,0.0,0.0,1,1004.7,830.9,8,24140.0,3.6,10.8,salamanca,2026-04-05T08:17:25.801868
2026-04-05T02:00,26.0,24,3.8,24.0,0,0.0,0.0,0.0,0.0,0.0,2,1006.5,830.5,52,24140.0,3.3,5.4,salamanca,2026-04-05T08:17:25.801868
2026-04-05T03:00,23.2,26,2.6,20.4,8,0.0,0.0,0.0,0.0,0.0,2,1010.1,832.0,72,24140.0,7.9,12.2,salamanca,2026-04-05T08:17:25.801868
2026-04-05T04:00,21.9,45,9.4,20.0,5,0.0,0.0,0.0,0.0,0.0,2,1012.4,833.2,45,24140.0,12.4,20.2,salamanca,2026-04-05T08:17:25.801868
2026-04-05T05:00,20.5,60,12.5,19.4,18,0.0,0.0,0.0,0.0,0.0,1,1013.2,833.1,9,24140.0,12.7,25.6,salamanca,2026-04-05T08:17:25.801868
2026-04-05T06:00,19.3,67,13.0,19.2,23,0.0,0.0,0.0,0.0,0.0,0,1013.5,832.7,0,24140.0,7.3,20.2,salamanca,2026-04-05T08:17:25.801868
2026-04-05T07:00,18.1,74,13.4,18.6,38,0.0,0.0,0.0,0.0,0.0,3,1013.9,832.4,100,24140.0,4.0,11.5,salamanca,2026-04-05T08:17:25.801868
2026-04-05T08:00,17.4,83,14.5,17.0,28,0.0,0.0,0.0,0.0,0.0,2,1015.0,832.9,54,24140.0,12.7,20.5,salamanca,2026-04-05T08:17:25.801868
2026-04-05T09:00,17.5,76,13.2,16.6,25,0.0,0.0,0.0,0.0,0.0,3,1015.4,833.2,100,24140.0,12.8,21.2,salamanca,2026-04-05T08:17:25.801868
2026-04-05T10:00,17.1,77,13.0,15.7,25,1.4,0.0,1.4,0.0,0.0,80,1015.4,833.0,100,24140.0,15.8,26.3,salamanca,2026-04-05T08:17:25.801868
2026-04-05T11:00,16.7,80,13.2,16.7,28,2.1,0.0,2.1,0.0,0.0,95,1015.9,833.2,100,24140.0,6.5,25.6,salamanca,2026-04-05T08:17:25.801868
2026-04-05T12:00,16.5,83,13.6,17.4,18,0.3,0.0,0.3,0.0,0.0,80,1015.9,833.1,29,24140.0,1.3,9.7,salamanca,2026-04-05T08:17:25.801868
2026-04-05T13:00,16.0,85,13.4,16.7,3,0.0,0.0,0.0,0.0,0.0,0,1016.7,833.5,0,24140.0,2.9,4.7,salamanca,2026-04-05T08:17:25.801868
2026-04-05T14:00,17.6,78,13.7,17.6,0,0.0,0.0,0.0,0.0,0.0,2,1017.2,834.8,49,24140.0,8.0,13.7,salamanca,2026-04-05T08:17:25.801868
2026-04-05T15:00,20.5,64,13.4,18.8,0,0.0,0.0,0.0,0.0,0.0,2,1017.3,836.5,60,24140.0,19.2,32.8,salamanca,2026-04-05T08:17:25.801868
2026-04-05T16:00,22.3,55,12.8,20.2,0,0.0,0.0,0.0,0.0,0.0,2,1016.7,837.0,46,24140.0,20.9,37.8,salamanca,2026-04-05T08:17:25.801868
2026-04-05T17:00,24.6,46,12.2,23.4,0,0.0,0.0,0.0,0.0,0.0,2,1016.4,837.9,60,24140.0,18.0,35.6,salamanca,2026-04-05T08:17:25.801868
2026-04-05T18:00,26.3,40,11.6,25.5,3,0.0,0.0,0.0,0.0,0.0,2,1015.0,837.7,62,24140.0,16.7,30.6,salamanca,2026-04-05T08:17:25.801868
2026-04-05T19:00,27.7,36,11.3,27.7,3,0.0,0.0,0.0,0.0,0.0,2,1013.1,836.9,54,24140.0,15.8,28.8,salamanca,2026-04-05T08:17:25.801868
2026-04-05T20:00,28.6,33,10.7,28.3,5,0.0,0.0,0.0,0.0,0.0,2,1011.5,836.0,48,24140.0,14.1,27.4,salamanca,2026-04-05T08:17:25.801868
2026-04-05T21:00,29.0,32,10.6,28.6,13,0.1,0.0,0.1,0.0,0.0,2,1010.3,835.2,77,24140.0,12.3,24.1,salamanca,2026-04-05T08:17:25.801868
2026-04-05T22:00,27.8,33,10.1,25.1,33,0.1,0.0,0.1,0.0,0.0,3,1010.3,834.6,100,24140.0,20.5,34.9,salamanca,2026-04-05T08:17:25.801868
2026-04-05T23:00,25.5,41,11.3,22.6,58,0.2,0.0,0.2,0.0,0.0,3,1011.2,834.1,100,24140.0,22.7,51.5,salamanca,2026-04-05T08:17:25.801868
2026-04-05T00:00,13.8,58,5.7,12.0,0,0.0,0.0,0.0,0.0,0.0,1,1022.0,1019.8,11,40640.0,5.4,11.9,seville,2026-04-05T08:17:28.188151
2026-04-05T01:00,13.1,53,3.7,10.6,0,0.0,0.0,0.0,0.0,0.0,0,1021.8,1019.6,0,34600.0,6.5,14.4,seville,2026-04-05T08:17:28.188151
2026-04-05T02:00,12.7,49,2.2,9.9,0,0.0,0.0,0.0,0.0,0.0,1,1021.2,1019.0,8,34740.0,7.0,15.5,seville,2026-04-05T08:17:28.188151
2026-04-05T03:00,12.7,41,-0.3,9.4,0,0.0,0.0,0.0,0.0,0.0,1,1021.1,1018.9,4,33320.0,7.6,17.3,seville,2026-04-05T08:17:28.188151
2026-04-05T04:00,12.5,41,-0.4,9.3,0,0.0,0.0,0.0,0.0,0.0,1,1020.5,1018.3,7,34180.0,7.3,16.9,seville,2026-04-05T08:17:28.188151
2026-04-05T05:00,12.2,42,-0.3,9.1,0,0.0,0.0,0.0,0.0,0.0,0,1020.5,1018.3,7,34200.0,6.4,16.2,seville,2026-04-05T08:17:28.188151
2026-04-05T06:00,11.8,46,0.6,8.9,0,0.0,0.0,0.0,0.0,0.0,1,1020.7,1018.5,27,34760.0,5.9,14.0,seville,2026-04-05T08:17:28.188151
2026-04-05T07:00,12.1,49,1.7,9.5,0,0.0,0.0,0.0,0.0,0.0,1,1021.3,1019.1,34,35840.0,5.1,12.2,seville,2026-04-05T08:17:28.188151
2026-04-05T08:00,14.8,46,3.3,12.6,0,0.0,0.0,0.0,0.0,0.0,1,1021.4,1019.2,37,39060.0,4.5,10.1,seville,2026-04-05T08:17:28.188151
2026-04-05T09:00,18.6,38,4.0,16.2,0,0.0,0.0,0.0,0.0,0.0,1,1021.9,1019.7,12,43780.0,6.6,17.3,seville,2026-04-05T08:17:28.188151
2026-04-05T10:00,22.1,29,3.2,19.7,0,0.0,0.0,0.0,0.0,0.0,0,1021.9,1019.8,0,48160.0,9.5,24.1,seville,2026-04-05T08:17:28.188151
2026-04-05T11:00,24.4,22,1.3,22.7,0,0.0,0.0,0.0,0.0,0.0,0,1021.6,1019.5,0,53700.0,9.1,24.8,seville,2026-04-05T08:17:28.188151
2026-04-05T12:00,26.3,22,2.9,25.7,0,0.0,0.0,0.0,0.0,0.0,0,1021.0,1018.9,0,54080.0,7.3,23.8,seville,2026-04-05T08:17:28.188151
2026-04-05T13:00,28.0,18,1.5,27.7,0,0.0,0.0,0.0,0.0,0.0,0,1020.1,1018.0,0,58380.0,5.5,20.2,seville,2026-04-05T08:17:28.188151
2026-04-05T14:00,28.9,17,1.4,28.8,0,0.0,0.0,0.0,0.0,0.0,0,1019.1,1017.0,0,59380.0,3.2,15.8,seville,2026-04-05T08:17:28.188151
2026-04-05T15:00,29.2,18,2.4,27.8,0,0.0,0.0,0.0,0.0,0.0,1,1018.5,1016.4,8,58320.0,7.4,19.8,seville,2026-04-05T08:17:28.188151
2026-04-05T16:00,28.8,16,0.5,25.6,0,0.0,0.0,0.0,0.0,0.0,1,1018.2,1016.1,38,60860.0,10.6,25.9,seville,2026-04-05T08:17:28.188151
2026-04-05T17:00,27.9,19,2.1,24.8,0,0.0,0.0,0.0,0.0,0.0,1,1018.4,1016.3,24,57520.0,8.9,25.9,seville,2026-04-05T08:17:28.188151
2026-04-05T18:00,26.2,27,5.7,23.8,0,0.0,0.0,0.0,0.0,0.0,1,1018.2,1016.1,14,49920.0,9.0,22.7,seville,2026-04-05T08:17:28.188151
2026-04-05T19:00,22.9,35,6.6,20.9,0,0.0,0.0,0.0,0.0,0.0,1,1018.9,1016.8,19,45660.0,7.3,21.6,seville,2026-04-05T08:17:28.188151
2026-04-05T20:00,20.5,41,6.8,19.1,0,0.0,0.0,0.0,0.0,0.0,1,1019.5,1017.4,25,43440.0,4.3,16.2,seville,2026-04-05T08:17:28.188151
2026-04-05T21:00,19.1,43,6.2,17.6,0,0.0,0.0,0.0,0.0,0.0,1,1020.2,1018.1,10,43300.0,4.0,9.7,seville,2026-04-05T08:17:28.188151
2026-04-05T22:00,16.7,53,7.0,15.2,0,0.0,0.0,0.0,0.0,0.0,0,1020.3,1018.1,0,41240.0,5.2,11.2,seville,2026-04-05T08:17:28.188151
2026-04-05T23:00,15.4,50,5.0,13.3,0,0.0,0.0,0.0,0.0,0.0,0,1020.3,1018.1,23,41680.0,5.9,13.3,seville,2026-04-05T08:17:28.188151
2026-04-05T00:00,28.1,52,17.3,29.7,0,0.0,0.0,0.0,0.0,0.0,3,1011.1,958.9,100,1320.0,6.8,17.3,valencia,2026-04-05T08:18:05.707953
2026-04-05T01:00,27.1,58,18.1,28.7,0,0.0,0.0,0.0,0.0,0.0,3,1012.3,959.8,99,24140.0,8.9,16.6,valencia,2026-04-05T08:18:05.707953
2026-04-05T02:00,25.7,67,19.1,27.8,0,0.0,0.0,0.0,0.0,0.0,3,1013.4,960.7,100,24140.0,9.1,18.4,valencia,2026-04-05T08:18:05.707953
2026-04-05T03:00,25.1,72,19.7,27.7,15,0.0,0.0,0.0,0.0,0.0,3,1014.2,961.3,97,800.0,8.1,18.0,valencia,2026-04-05T08:18:05.707953
2026-04-05T04:00,24.8,73,19.6,27.2,30,0.0,0.0,0.0,0.0,0.0,3,1013.9,961.0,88,340.0,8.8,25.6,valencia,2026-04-05T08:18:05.707953
2026-04-05T05:00,24.4,74,19.4,26.8,20,0.0,0.0,0.0,0.0,0.0,2,1013.6,960.6,69,420.0,8.0,17.6,valencia,2026-04-05T08:18:05.707953
2026-04-05T06:00,23.9,76,19.4,26.3,13,0.0,0.0,0.0,0.0,0.0,2,1012.8,959.8,45,3580.0,7.6,15.8,valencia,2026-04-05T08:18:05.707953
2026-04-05T07:00,23.4,79,19.5,26.0,0,0.0,0.0,0.0,0.0,0.0,2,1012.4,959.3,58,24140.0,6.8,15.1,valencia,2026-04-05T08:18:05.707953
2026-04-05T08:00,22.9,83,19.9,25.9,0,0.0,0.0,0.0,0.0,0.0,2,1012.2,959.0,70,18160.0,5.5,13.3,valencia,2026-04-05T08:18:05.707953
2026-04-05T09:00,22.5,87,20.2,25.8,0,0.0,0.0,0.0,0.0,0.0,1,1012.7,959.4,41,15360.0,4.2,11.9,valencia,2026-04-05T08:18:05.707953
2026-04-05T10:00,22.0,90,20.3,25.4,3,0.0,0.0,0.0,0.0,0.0,1,1013.0,959.6,37,17740.0,4.0,10.1,valencia,2026-04-05T08:18:05.707953
2026-04-05T11:00,22.0,89,20.1,25.3,0,0.0,0.0,0.0,0.0,0.0,1,1013.7,960.3,40,24080.0,4.0,10.1,valencia,2026-04-05T08:18:05.707953
2026-04-05T12:00,24.8,75,20.0,28.3,0,0.0,0.0,0.0,0.0,0.0,1,1014.3,961.3,40,24120.0,2.4,9.4,valencia,2026-04-05T08:18:05.707953
2026-04-05T13:00,26.6,65,19.5,28.8,0,0.0,0.0,0.0,0.0,0.0,2,1014.8,962.1,59,18360.0,9.1,19.8,valencia,2026-04-05T08:18:05.707953
2026-04-05T14:00,28.3,57,18.9,29.6,3,0.0,0.0,0.0,0.0,0.0,3,1014.8,962.4,84,21340.0,14.5,29.5,valencia,2026-04-05T08:18:05.707953
2026-04-05T15:00,30.2,49,18.3,31.6,5,0.0,0.0,0.0,0.0,0.0,2,1014.2,962.2,73,9000.0,16.8,34.2,valencia,2026-04-05T08:18:05.707953
2026-04-05T16:00,31.4,44,17.7,32.5,3,0.0,0.0,0.0,0.0,0.0,3,1013.1,961.3,89,19260.0,18.6,37.4,valencia,2026-04-05T08:18:05.707953
2026-04-05T17:00,32.5,40,17.2,33.5,3,0.0,0.0,0.0,0.0,0.0,3,1011.6,960.1,83,23340.0,19.1,38.5,valencia,2026-04-05T08:18:05.707953
2026-04-05T18:00,33.1,38,16.9,34.0,18,0.0,0.0,0.0,0.0,0.0,3,1010.0,958.7,84,24140.0,19.9,40.0,valencia,2026-04-05T08:18:05.707953
2026-04-05T19:00,33.1,37,16.5,32.8,35,0.0,0.0,0.0,0.0,0.0,3,1009.2,957.9,86,24140.0,20.2,40.0,valencia,2026-04-05T08:18:05.707953
2026-04-05T20:00,32.9,38,16.7,32.3,20,0.0,0.0,0.0,0.0,0.0,2,1008.6,957.3,73,24140.0,19.7,39.6,valencia,2026-04-05T08:18:05.707953
2026-04-05T21:00,32.1,40,16.8,31.7,15,0.0,0.0,0.0,0.0,0.0,3,1008.5,957.1,100,24140.0,19.0,38.5,valencia,2026-04-05T08:18:05.707953
2026-04-05T22:00,31.1,43,17.0,30.9,13,0.0,0.0,0.0,0.0,0.0,3,1008.7,957.1,100,24140.0,17.9,36.7,valencia,2026-04-05T08:18:05.707953
2026-04-05T23:00,29.9,47,17.4,30.5,10,0.0,0.0,0.0,0.0,0.0,3,1009.5,957.7,100,23400.0,13.5,33.8,valencia,2026-04-05T08:18:05.707953
2026-04-05T00:00,28.1,82,24.8,33.7,80,2.0,0.0,2.0,0.0,0.0,96,1009.4,1009.4,100,24140.0,6.6,14.0,colombo,2026-04-05T08:18:43.239664
2026-04-05T01:00,28.1,81,24.6,33.5,60,0.2,0.0,0.2,0.0,0.0,80,1010.0,1010.0,100,24140.0,7.2,12.2,colombo,2026-04-05T08:18:43.239664
2026-04-05T02:00,28.3,81,24.7,33.8,68,0.1,0.0,0.1,0.0,0.0,3,1011.0,1011.0,100,24140.0,7.0,10.1,colombo,2026-04-05T08:18:43.239664
2026-04-05T03:00,28.3,81,24.8,33.8,65,0.1,0.0,0.1,0.0,0.0,2,1011.5,1011.5,67,24140.0,7.9,12.6,colombo,2026-04-05T08:18:43.239664
2026-04-05T04:00,28.4,82,25.0,34.1,58,0.1,0.0,0.1,0.0,0.0,1,1011.9,1011.9,37,24140.0,8.0,13.3,colombo,2026-04-05T08:18:43.239664
2026-04-05T05:00,28.5,82,25.1,35.0,60,0.1,0.0,0.1,0.0,0.0,2,1011.6,1011.6,61,24140.0,9.0,13.0,colombo,2026-04-05T08:18:43.239664
2026-04-05T06:00,28.5,82,25.2,35.5,33,0.0,0.0,0.0,0.0,0.0,3,1011.0,1011.0,100,24140.0,10.9,15.1,colombo,2026-04-05T08:18:43.239664
2026-04-05T07:00,28.6,83,25.5,35.4,23,0.0,0.0,0.0,0.0,0.0,3,1010.1,1010.1,100,24140.0,13.4,18.0,colombo,2026-04-05T08:18:43.239664
2026-04-05T08:00,28.8,82,25.4,35.4,25,0.0,0.0,0.0,0.0,0.0,3,1008.8,1008.8,100,24140.0,14.5,19.4,colombo,2026-04-05T08:18:43.239664
2026-04-05T09:00,29.1,80,25.3,35.3,13,0.0,0.0,0.0,0.0,0.0,3,1008.1,1008.1,100,24140.0,15.5,20.9,colombo,2026-04-05T08:18:43.239664
2026-04-05T10:00,29.4,79,25.4,34.8,3,0.0,0.0,0.0,0.0,0.0,2,1007.3,1007.3,66,24140.0,15.8,21.2,colombo,2026-04-05T08:18:43.239664
2026-04-05T11:00,29.5,78,25.2,34.1,0,0.0,0.0,0.0,0.0,0.0,2,1007.6,1007.6,46,24140.0,15.5,21.2,colombo,2026-04-05T08:18:43.239664
2026-04-05T12:00,29.5,79,25.5,34.4,0,0.0,0.0,0.0,0.0,0.0,2,1008.2,1008.2,53,24140.0,14.8,20.9,colombo,2026-04-05T08:18:43.239664
2026-04-05T13:00,29.5,78,25.3,34.5,3,0.0,0.0,0.0,0.0,0.0,2,1008.8,1008.8,56,24140.0,13.4,20.2,colombo,2026-04-05T08:18:43.239664
2026-04-05T14:00,29.6,78,25.3,34.6,8,0.0,0.0,0.0,0.0,0.0,2,1009.4,1009.4,72,24140.0,13.5,18.4,colombo,2026-04-05T08:18:43.239664
2026-04-05T15:00,29.6,78,25.3,34.4,5,0.0,0.0,0.0,0.0,0.0,2,1010.2,1010.2,71,24140.0,14.7,19.8,colombo,2026-04-05T08:18:43.239664
2026-04-05T16:00,29.6,78,25.4,34.4,13,0.0,0.0,0.0,0.0,0.0,2,1010.9,1010.9,63,24140.0,15.2,20.5,colombo,2026-04-05T08:18:43.239664
2026-04-05T17:00,29.6,79,25.6,34.5,10,0.0,0.0,0.0,0.0,0.0,2,1011.1,1011.1,78,24140.0,15.1,20.2,colombo,2026-04-05T08:18:43.239664
2026-04-05T18:00,29.5,79,25.5,34.3,13,0.1,0.0,0.1,0.0,0.0,3,1011.0,1011.0,99,24140.0,15.8,21.2,colombo,2026-04-05T08:18:43.239664
2026-04-05T19:00,29.3,80,25.5,33.9,35,0.1,0.0,0.1,0.0,0.0,2,1010.5,1010.5,69,24140.0,17.1,22.7,colombo,2026-04-05T08:18:43.239664
2026-04-05T20:00,29.2,80,25.4,33.9,58,0.2,0.0,0.2,0.0,0.0,80,1009.8,1009.8,62,24140.0,16.4,23.0,colombo,2026-04-05T08:18:43.239664
2026-04-05T21:00,29.2,80,25.4,33.7,65,0.2,0.0,0.2,0.0,0.0,80,1009.3,1009.3,65,24140.0,16.7,22.7,colombo,2026-04-05T08:18:43.239664
2026-04-05T22:00,29.0,80,25.2,33.5,73,0.1,0.0,0.1,0.0,0.0,2,1009.3,1009.3,60,24140.0,16.2,22.3,colombo,2026-04-05T08:18:43.239664
2026-04-05T23:00,28.9,80,25.1,33.3,75,0.2,0.0,0.2,0.0,0.0,2,1009.2,1009.2,48,24140.0,16.6,22.3,colombo,2026-04-05T08:18:43.239664
2026-04-05T00:00,3.7,75,-0.3,-0.4,0,0.0,0.0,0.0,0.0,0.0,0,1004.5,1003.5,2,41360.0,13.3,24.8,stockholm,2026-04-05T08:18:45.619280
2026-04-05T01:00,3.2,75,-0.8,-0.6,0,0.0,0.0,0.0,0.0,0.0,0,1005.1,1004.1,0,41440.0,11.2,23.8,stockholm,2026-04-05T08:18:45.619280
2026-04-05T02:00,2.9,76,-0.9,-0.8,0,0.0,0.0,0.0,0.0,0.0,0,1005.9,1004.9,0,41460.0,10.4,18.7,stockholm,2026-04-05T08:18:45.619280
2026-04-05T03:00,2.5,77,-1.1,-1.3,0,0.0,0.0,0.0,0.0,0.0,2,1006.3,1005.3,57,41460.0,10.4,18.4,stockholm,2026-04-05T08:18:45.619280
2026-04-05T04:00,2.2,82,-0.6,-1.8,0,0.0,0.0,0.0,0.0,0.0,1,1005.9,1004.9,44,36680.0,11.9,21.2,stockholm,2026-04-05T08:18:45.619280
2026-04-05T05:00,2.2,86,0.1,-1.4,0,0.0,0.0,0.0,0.0,0.0,1,1005.2,1004.2,44,36600.0,10.4,20.2,stockholm,2026-04-05T08:18:45.619280
2026-04-05T06:00,2.6,87,0.6,-1.1,0,0.0,0.0,0.0,0.0,0.0,1,1004.5,1003.5,24,36500.0,11.5,22.3,stockholm,2026-04-05T08:18:45.619280
2026-04-05T07:00,3.9,81,1.0,0.4,12,0.0,0.0,0.0,0.0,0.0,3,1003.4,1002.4,97,36400.0,10.4,22.0,stockholm,2026-04-05T08:18:45.619280
2026-04-05T08:00,4.4,78,0.9,0.6,29,0.0,0.0,0.0,0.0,0.0,3,1002.0,1001.0,100,41040.0,12.6,23.8,stockholm,2026-04-05T08:18:45.619280
2026-04-05T09:00,4.6,79,1.3,0.1,47,0.0,0.0,0.0,0.0,0.0,3,1001.0,1000.0,100,10680.0,18.0,34.2,stockholm,2026-04-05T08:18:45.619280
2026-04-05T10:00,4.6,78,1.1,-1.0,69,0.0,0.0,0.0,0.0,0.0,3,999.2,998.2,100,3180.0,25.2,45.7,stockholm,2026-04-05T08:18:45.619280
2026-04-05T11:00,4.2,87,2.2,-2.5,92,1.3,1.3,0.0,0.0,0.0,61,996.1,995.1,100,3420.0,33.8,60.8,stockholm,2026-04-05T08:18:45.619280
2026-04-05T12:00,4.4,90,2.9,-1.5,100,2.3,2.3,0.0,0.0,0.0,61,994.8,993.8,100,5180.0,29.9,61.2,stockholm,2026-04-05T08:18:45.619280
2026-04-05T13:00,5.2,91,3.9,-0.4,80,0.7,0.7,0.0,0.0,0.0,53,993.1,992.1,100,22580.0,28.4,58.0,stockholm,2026-04-05T08:18:45.619280
2026-04-05T14:00,6.1,92,4.9,1.3,45,0.0,0.0,0.0,0.0,0.0,3,992.3,991.3,100,17220.0,24.5,50.8,stockholm,2026-04-05T08:18:45.619280
2026-04-05T15:00,7.5,85,5.1,3.0,18,0.0,0.0,0.0,0.0,0.0,2,991.8,990.8,76,35700.0,22.7,49.3,stockholm,2026-04-05T08:18:45.619280
2026-04-05T16:00,8.2,57,0.2,1.4,10,0.0,0.0,0.0,0.0,0.0,3,991.5,990.5,95,48980.0,32.4,59.0,stockholm,2026-04-05T08:18:45.619280
2026-04-05T17:00,7.1,60,-0.1,0.2,11,0.1,0.1,0.0,0.0,0.0,51,990.8,989.8,99,28500.0,32.8,60.1,stockholm,2026-04-05T08:18:45.619280
2026-04-05T18:00,6.5,67,0.8,-0.4,14,0.2,0.2,0.0,0.0,0.0,51,990.0,989.0,100,46420.0,33.8,60.8,stockholm,2026-04-05T08:18:45.619280
2026-04-05T19:00,5.7,72,1.0,-1.4,18,0.3,0.3,0.0,0.0,0.0,51,989.2,988.2,100,10120.0,34.9,63.0,stockholm,2026-04-05T08:18:45.619280
2026-04-05T20:00,5.3,78,1.8,-1.5,23,0.3,0.3,0.0,0.0,0.0,51,988.3,987.3,100,12940.0,33.8,63.4,stockholm,2026-04-05T08:18:45.619280
2026-04-05T21:00,4.9,76,1.0,-2.1,27,0.1,0.1,0.0,0.0,0.0,51,987.7,986.7,100,43620.0,34.2,62.6,stockholm,2026-04-05T08:18:45.619280
2026-04-05T22:00,4.4,82,1.6,-2.0,26,0.2,0.2,0.0,0.0,0.0,51,987.6,986.6,100,40320.0,31.7,62.6,stockholm,2026-04-05T08:18:45.619280
2026-04-05T23:00,4.0,82,1.2,-2.2,24,0.1,0.1,0.0,0.0,0.0,51,987.7,986.7,100,40320.0,29.9,57.2,stockholm,2026-04-05T08:18:45.619280
2026-04-05T00:00,10.5,85,8.0,9.7,0,0.0,0.0,0.0,0.0,0.0,2,1024.0,976.5,98,26540.0,1.8,3.2,geneva,2026-04-05T08:18:47.997408
2026-04-05T01:00,9.7,92,8.5,9.1,0,0.0,0.0,0.0,0.0,0.0,0,1023.9,976.3,2,16840.0,1.5,4.7,geneva,2026-04-05T08:18:47.997408
2026-04-05T02:00,9.1,93,8.0,8.2,0,0.0,0.0,0.0,0.0,0.0,0,1023.8,976.1,0,14640.0,2.3,3.6,geneva,2026-04-05T08:18:47.997408
2026-04-05T03:00,8.0,94,7.1,7.0,0,0.0,0.0,0.0,0.0,0.0,2,1024.0,976.1,11,10780.0,1.8,4.7,geneva,2026-04-05T08:18:47.997408
2026-04-05T04:00,7.4,97,7.0,6.2,0,0.0,0.0,0.0,0.0,0.0,45,1024.1,976.1,35,5400.0,3.3,6.8,geneva,2026-04-05T08:18:47.997408
2026-04-05T05:00,6.6,98,6.3,5.5,0,0.0,0.0,0.0,0.0,0.0,45,1024.3,976.2,57,2940.0,1.4,6.1,geneva,2026-04-05T08:18:47.997408
2026-04-05T06:00,6.8,96,6.2,5.6,0,0.0,0.0,0.0,0.0,0.0,45,1024.2,976.1,26,6840.0,1.8,4.3,geneva,2026-04-05T08:18:47.997408
2026-04-05T07:00,8.6,86,6.4,7.5,0,0.0,0.0,0.0,0.0,0.0,1,1024.4,976.6,12,16360.0,1.3,4.7,geneva,2026-04-05T08:18:47.997408
2026-04-05T08:00,11.8,74,7.3,10.8,0,0.0,0.0,0.0,0.0,0.0,1,1024.1,976.8,37,28740.0,1.5,6.1,geneva,2026-04-05T08:18:47.997408
2026-04-05T09:00,15.8,54,6.5,14.8,0,0.0,0.0,0.0,0.0,0.0,0,1024.0,977.4,8,40620.0,0.8,6.1,geneva,2026-04-05T08:18:47.997408
2026-04-05T10:00,18.6,49,7.6,18.2,0,0.0,0.0,0.0,0.0,0.0,0,1023.4,977.2,0,41200.0,2.9,10.1,geneva,2026-04-05T08:18:47.997408
2026-04-05T11:00,21.8,33,4.8,19.7,0,0.0,0.0,0.0,0.0,0.0,0,1022.6,977.0,0,45140.0,13.0,31.0,geneva,2026-04-05T08:18:47.997408
2026-04-05T12:00,22.7,32,5.1,20.8,0,0.0,0.0,0.0,0.0,0.0,0,1022.0,976.5,0,45500.0,13.2,31.7,geneva,2026-04-05T08:18:47.997408
2026-04-05T13:00,23.3,33,6.1,21.4,0,0.0,0.0,0.0,0.0,0.0,0,1021.3,975.9,1,44900.0,13.8,33.1,geneva,2026-04-05T08:18:47.997408
2026-04-05T14:00,23.8,30,5.1,21.2,0,0.0,0.0,0.0,0.0,0.0,1,1020.9,975.6,3,46380.0,14.2,33.5,geneva,2026-04-05T08:18:47.997408
2026-04-05T15:00,23.9,29,4.7,20.5,3,0.0,0.0,0.0,0.0,0.0,1,1021.0,975.7,1,47260.0,14.4,33.8,geneva,2026-04-05T08:18:47.997408
2026-04-05T16:00,23.4,32,5.7,20.3,10,0.0,0.0,0.0,0.0,0.0,3,1021.1,975.8,75,45980.0,13.4,33.5,geneva,2026-04-05T08:18:47.997408
2026-04-05T17:00,22.4,35,6.2,19.8,15,0.0,0.0,0.0,0.0,0.0,3,1021.2,975.7,100,44400.0,11.0,30.6,geneva,2026-04-05T08:18:47.997408
2026-04-05T18:00,21.2,39,6.7,19.2,25,0.0,0.0,0.0,0.0,0.0,3,1021.8,976.1,100,43420.0,8.2,25.2,geneva,2026-04-05T08:18:47.997408
2026-04-05T19:00,19.6,47,8.0,18.5,13,0.0,0.0,0.0,0.0,0.0,3,1022.6,976.6,100,41860.0,4.0,18.7,geneva,2026-04-05T08:18:47.997408
2026-04-05T20:00,18.2,55,9.0,17.7,18,0.0,0.0,0.0,0.0,0.0,3,1023.2,977.0,100,41260.0,1.1,7.2,geneva,2026-04-05T08:18:47.997408
2026-04-05T21:00,16.0,68,10.1,15.9,25,0.0,0.0,0.0,0.0,0.0,3,1023.7,977.1,100,38360.0,1.3,4.0,geneva,2026-04-05T08:18:47.997408
2026-04-05T22:00,15.4,71,10.1,15.1,30,0.0,0.0,0.0,0.0,0.0,3,1024.4,977.7,88,37280.0,2.2,4.7,geneva,2026-04-05T08:18:47.997408
2026-04-05T23:00,14.0,79,10.4,13.8,35,0.0,0.0,0.0,0.0,0.0,3,1025.1,978.1,100,32500.0,2.3,5.8,geneva,2026-04-05T08:18:47.997408
2026-04-05T00:00,12.1,63,5.3,10.5,0,0.0,0.0,0.0,0.0,0.0,3,1023.3,964.8,100,40220.0,3.1,7.2,lausanne,2026-04-05T08:18:50.376781
2026-04-05T01:00,11.3,67,5.4,9.6,0,0.0,0.0,0.0,0.0,0.0,0,1023.2,964.6,0,39880.0,3.3,3.6,lausanne,2026-04-05T08:18:50.376781
2026-04-05T02:00,10.9,67,5.0,9.2,0,0.0,0.0,0.0,0.0,0.0,0,1023.1,964.4,0,39260.0,3.2,6.8,lausanne,2026-04-05T08:18:50.376781
2026-04-05T03:00,10.5,70,5.2,8.9,0,0.0,0.0,0.0,0.0,0.0,1,1023.1,964.3,0,39260.0,3.0,4.0,lausanne,2026-04-05T08:18:50.376781
2026-04-05T04:00,10.7,66,4.6,8.8,0,0.0,0.0,0.0,0.0,0.0,2,1023.0,964.3,80,39660.0,3.6,5.8,lausanne,2026-04-05T08:18:50.376781
2026-04-05T05:00,10.4,68,4.7,8.6,0,0.0,0.0,0.0,0.0,0.0,1,1023.3,964.5,25,39600.0,3.2,4.3,lausanne,2026-04-05T08:18:50.376781
2026-04-05T06:00,10.1,67,4.3,8.1,0,0.0,0.0,0.0,0.0,0.0,1,1023.4,964.5,0,39040.0,4.1,9.4,lausanne,2026-04-05T08:18:50.376781
2026-04-05T07:00,11.8,67,5.8,10.2,0,0.0,0.0,0.0,0.0,0.0,0,1023.8,965.2,0,38840.0,3.3,7.6,lausanne,2026-04-05T08:18:50.376781
2026-04-05T08:00,14.0,58,5.8,12.9,0,0.0,0.0,0.0,0.0,0.0,0,1023.7,965.6,0,40220.0,0.4,7.2,lausanne,2026-04-05T08:18:50.376781
2026-04-05T09:00,15.1,56,6.4,13.8,0,0.0,0.0,0.0,0.0,0.0,0,1024.0,966.1,0,40520.0,2.5,8.3,lausanne,2026-04-05T08:18:50.376781
2026-04-05T10:00,16.5,48,5.5,15.7,0,0.0,0.0,0.0,0.0,0.0,0,1023.6,966.0,0,41520.0,2.3,9.0,lausanne,2026-04-05T08:18:50.376781
2026-04-05T11:00,17.6,45,5.5,16.9,0,0.0,0.0,0.0,0.0,0.0,0,1023.2,965.8,0,41920.0,5.2,14.0,lausanne,2026-04-05T08:18:50.376781
2026-04-05T12:00,19.0,43,6.1,18.5,0,0.0,0.0,0.0,0.0,0.0,0,1022.5,965.4,1,42280.0,6.0,15.5,lausanne,2026-04-05T08:18:50.376781
2026-04-05T13:00,20.5,40,6.4,19.7,0,0.0,0.0,0.0,0.0,0.0,1,1021.7,964.9,7,42900.0,7.1,18.4,lausanne,2026-04-05T08:18:50.376781
2026-04-05T14:00,21.1,37,5.8,19.7,0,0.0,0.0,0.0,0.0,0.0,0,1021.3,964.7,0,43900.0,7.6,19.8,lausanne,2026-04-05T08:18:50.376781
2026-04-05T15:00,21.3,37,6.0,19.1,0,0.0,0.0,0.0,0.0,0.0,2,1021.4,964.8,76,43860.0,8.4,20.2,lausanne,2026-04-05T08:18:50.376781
2026-04-05T16:00,20.9,38,6.1,19.1,0,0.0,0.0,0.0,0.0,0.0,3,1021.5,964.8,86,43740.0,5.9,19.1,lausanne,2026-04-05T08:18:50.376781
2026-04-05T17:00,20.1,41,6.4,18.7,0,0.0,0.0,0.0,0.0,0.0,3,1021.7,964.9,100,43020.0,3.3,13.0,lausanne,2026-04-05T08:18:50.376781
2026-04-05T18:00,19.6,44,7.0,18.7,3,0.0,0.0,0.0,0.0,0.0,3,1021.9,965.0,100,43180.0,0.7,7.6,lausanne,2026-04-05T08:18:50.376781
2026-04-05T19:00,17.6,60,9.8,15.8,5,0.0,0.0,0.0,0.0,0.0,3,1023.0,965.6,100,40120.0,12.2,25.2,lausanne,2026-04-05T08:18:50.376781
2026-04-05T20:00,16.8,48,5.7,13.4,15,0.0,0.0,0.0,0.0,0.0,3,1023.5,965.9,93,41640.0,15.5,49.3,lausanne,2026-04-05T08:18:50.376781
2026-04-05T21:00,16.3,47,5.0,13.2,15,0.0,0.0,0.0,0.0,0.0,80,1023.9,966.2,82,41840.0,12.8,42.5,lausanne,2026-04-05T08:18:50.376781
2026-04-05T22:00,15.3,56,6.6,13.2,15,0.0,0.0,0.0,0.0,0.0,3,1024.4,966.5,97,40780.0,8.5,23.0,lausanne,2026-04-05T08:18:50.376781
2026-04-05T23:00,14.4,62,7.2,12.6,28,0.0,0.0,0.0,0.0,0.0,3,1025.0,966.9,91,39960.0,7.2,17.3,lausanne,2026-04-05T08:18:50.376781
2026-04-05T00:00,9.7,84,7.2,8.4,0,0.0,0.0,0.0,0.0,0.0,2,1023.2,973.3,63,28880.0,4.3,10.1,zurich,2026-04-05T08:20:11.180636
2026-04-05T01:00,9.6,80,6.4,8.0,0,0.0,0.0,0.0,0.0,0.0,2,1022.8,972.9,50,32220.0,4.9,10.4,zurich,2026-04-05T08:20:11.180636
2026-04-05T02:00,9.7,76,5.7,7.9,0,0.0,0.0,0.0,0.0,0.0,3,1022.4,972.5,84,35040.0,4.7,10.1,zurich,2026-04-05T08:20:11.180636
2026-04-05T03:00,9.1,78,5.5,7.3,0,0.0,0.0,0.0,0.0,0.0,0,1022.6,972.6,0,34220.0,4.6,9.0,zurich,2026-04-05T08:20:11.180636
2026-04-05T04:00,9.1,75,4.9,7.2,0,0.0,0.0,0.0,0.0,0.0,0,1022.4,972.4,0,35860.0,4.8,10.1,zurich,2026-04-05T08:20:11.180636
2026-04-05T05:00,9.1,74,4.7,7.2,0,0.0,0.0,0.0,0.0,0.0,1,1022.4,972.4,1,36640.0,4.0,9.4,zurich,2026-04-05T08:20:11.180636
2026-04-05T06:00,9.4,73,4.8,7.6,0,0.0,0.0,0.0,0.0,0.0,3,1022.4,972.5,68,37100.0,4.3,7.6,zurich,2026-04-05T08:20:11.180636
2026-04-05T07:00,11.6,66,5.5,9.9,0,0.0,0.0,0.0,0.0,0.0,1,1022.7,973.1,56,39260.0,4.4,10.1,zurich,2026-04-05T08:20:11.180636
2026-04-05T08:00,14.4,57,6.0,12.9,0,0.0,0.0,0.0,0.0,0.0,2,1022.2,973.1,46,40560.0,3.7,9.7,zurich,2026-04-05T08:20:11.180636
2026-04-05T09:00,16.7,54,7.4,15.7,0,0.0,0.0,0.0,0.0,0.0,0,1022.4,973.7,5,40920.0,2.5,9.4,zurich,2026-04-05T08:20:11.180636
2026-04-05T10:00,18.8,46,6.9,17.0,0,0.0,0.0,0.0,0.0,0.0,1,1022.0,973.7,0,41880.0,9.4,22.3,zurich,2026-04-05T08:20:11.180636
2026-04-05T11:00,20.6,40,6.5,18.5,0,0.0,0.0,0.0,0.0,0.0,2,1021.4,973.4,70,43020.0,14.3,32.4,zurich,2026-04-05T08:20:11.180636
2026-04-05T12:00,21.5,38,6.6,19.3,0,0.0,0.0,0.0,0.0,0.0,1,1020.7,972.8,17,43560.0,14.4,34.9,zurich,2026-04-05T08:20:11.180636
2026-04-05T13:00,22.3,38,7.3,20.7,0,0.0,0.0,0.0,0.0,0.0,1,1019.9,972.2,23,43660.0,13.1,32.8,zurich,2026-04-05T08:20:11.180636
2026-04-05T14:00,22.6,39,7.9,20.2,0,0.0,0.0,0.0,0.0,0.0,2,1019.5,971.9,61,43220.0,14.6,33.5,zurich,2026-04-05T08:20:11.180636
2026-04-05T15:00,21.2,37,5.9,18.1,0,0.0,0.0,0.0,0.0,0.0,3,1020.4,972.5,84,43920.0,14.5,37.4,zurich,2026-04-05T08:20:11.180636
2026-04-05T16:00,20.1,40,6.1,17.2,0,0.0,0.0,0.0,0.0,0.0,3,1020.9,972.8,100,43160.0,13.4,33.8,zurich,2026-04-05T08:20:11.180636
2026-04-05T17:00,18.7,47,7.1,16.3,0,0.0,0.0,0.0,0.0,0.0,3,1021.5,973.2,100,41820.0,11.3,30.2,zurich,2026-04-05T08:20:11.180636
2026-04-05T18:00,17.6,51,7.4,15.9,0,0.0,0.0,0.0,0.0,0.0,3,1022.3,973.8,100,41420.0,7.1,25.2,zurich,2026-04-05T08:20:11.180636
2026-04-05T19:00,16.5,57,7.9,15.0,10,0.0,0.0,0.0,0.0,0.0,3,1023.1,974.3,97,40700.0,6.4,26.6,zurich,2026-04-05T08:20:11.180636
2026-04-05T20:00,15.1,68,9.2,14.1,33,0.0,0.0,0.0,0.0,0.0,61,1024.0,975.0,100,38260.0,5.6,28.1,zurich,2026-04-05T08:20:11.180636
2026-04-05T21:00,15.0,60,7.3,13.6,75,0.0,0.0,0.0,0.0,0.0,61,1024.5,975.4,100,40280.0,4.5,19.4,zurich,2026-04-05T08:20:11.180636
2026-04-05T22:00,13.9,67,7.9,12.6,90,0.1,0.1,0.0,0.0,0.0,61,1025.4,976.1,100,38660.0,5.1,19.4,zurich,2026-04-05T08:20:11.180636
2026-04-05T23:00,13.3,73,8.6,12.3,75,0.0,0.0,0.0,0.0,0.0,3,1025.8,976.4,90,36540.0,4.0,11.5,zurich,2026-04-05T08:20:11.180636
2026-04-05T00:00,22.4,84,19.6,25.6,0,0.0,0.0,0.0,0.0,0.0,2,1011.2,1010.1,69,24140.0,3.8,8.6,taipei,2026-04-05T08:20:48.696266
2026-04-05T01:00,24.1,77,19.9,27.4,0,0.0,0.0,0.0,0.0,0.0,2,1011.2,1010.2,72,24140.0,3.8,10.4,taipei,2026-04-05T08:20:48.696266
2026-04-05T02:00,25.4,71,19.8,29.0,0,0.0,0.0,0.0,0.0,0.0,2,1011.6,1010.6,71,24140.0,1.1,10.4,taipei,2026-04-05T08:20:48.696266
2026-04-05T03:00,26.4,65,19.3,29.6,0,0.0,0.0,0.0,0.0,0.0,3,1011.5,1010.5,92,24140.0,2.1,7.6,taipei,2026-04-05T08:20:48.696266
2026-04-05T04:00,27.0,62,19.1,29.9,0,0.0,0.0,0.0,0.0,0.0,3,1010.9,1009.9,94,24140.0,4.9,13.7,taipei,2026-04-05T08:20:48.696266
2026-04-05T05:00,27.4,62,19.5,30.1,3,0.0,0.0,0.0,0.0,0.0,3,1010.0,1009.0,91,24140.0,6.2,16.9,taipei,2026-04-05T08:20:48.696266
2026-04-05T06:00,27.3,63,19.6,30.0,5,0.0,0.0,0.0,0.0,0.0,3,1009.2,1008.2,90,22660.0,6.9,18.0,taipei,2026-04-05T08:20:48.696266
2026-04-05T07:00,27.0,65,19.9,29.9,15,0.0,0.0,0.0,0.0,0.0,3,1009.2,1008.2,92,21080.0,6.6,19.1,taipei,2026-04-05T08:20:48.696266
2026-04-05T08:00,26.6,68,20.2,29.7,5,0.0,0.0,0.0,0.0,0.0,2,1009.3,1008.3,80,23820.0,6.4,17.3,taipei,2026-04-05T08:20:48.696266
2026-04-05T09:00,26.2,71,20.5,29.4,8,0.0,0.0,0.0,0.0,0.0,3,1009.4,1008.4,94,24140.0,6.4,16.6,taipei,2026-04-05T08:20:48.696266
2026-04-05T10:00,25.0,77,20.7,28.4,5,0.0,0.0,0.0,0.0,0.0,3,1010.0,1009.0,100,24140.0,5.8,15.8,taipei,2026-04-05T08:20:48.696266
2026-04-05T11:00,23.9,81,20.4,27.4,3,0.0,0.0,0.0,0.0,0.0,3,1010.8,1009.8,99,24140.0,3.6,12.6,taipei,2026-04-05T08:20:48.696266
2026-04-05T12:00,22.9,85,20.3,26.3,0,0.0,0.0,0.0,0.0,0.0,3,1011.1,1010.1,94,24140.0,4.3,9.0,taipei,2026-04-05T08:20:48.696266
2026-04-05T13:00,22.2,88,20.2,25.7,0,0.0,0.0,0.0,0.0,0.0,3,1011.4,1010.3,100,24140.0,3.6,8.6,taipei,2026-04-05T08:20:48.696266
2026-04-05T14:00,21.7,91,20.2,25.3,0,0.0,0.0,0.0,0.0,0.0,3,1011.4,1010.3,100,24140.0,3.0,7.2,taipei,2026-04-05T08:20:48.696266
2026-04-05T15:00,21.3,92,20.0,24.7,3,0.0,0.0,0.0,0.0,0.0,3,1011.5,1010.4,90,24140.0,3.3,6.8,taipei,2026-04-05T08:20:48.696266
2026-04-05T16:00,21.1,93,19.9,24.6,10,0.0,0.0,0.0,0.0,0.0,3,1011.0,1009.9,100,20800.0,2.4,7.2,taipei,2026-04-05T08:20:48.696266
2026-04-05T17:00,21.2,92,19.9,24.7,25,0.0,0.0,0.0,0.0,0.0,3,1010.6,1009.5,100,24140.0,2.1,5.0,taipei,2026-04-05T08:20:48.696266
2026-04-05T18:00,21.2,93,20.0,24.8,38,0.1,0.1,0.0,0.0,0.0,61,1009.8,1008.7,100,24140.0,1.6,5.8,taipei,2026-04-05T08:20:48.696266
2026-04-05T19:00,21.1,94,20.1,24.5,60,0.3,0.3,0.0,0.0,0.0,61,1009.9,1008.8,100,6240.0,3.3,6.8,taipei,2026-04-05T08:20:48.696266
2026-04-05T20:00,20.9,96,20.2,24.2,75,1.1,1.1,0.0,0.0,0.0,61,1009.2,1008.1,100,20540.0,4.4,9.4,taipei,2026-04-05T08:20:48.696266
2026-04-05T21:00,20.9,96,20.3,24.7,80,1.7,0.9,0.7,0.0,0.0,61,1009.0,1007.9,100,24140.0,2.0,9.4,taipei,2026-04-05T08:20:48.696266
2026-04-05T22:00,20.9,97,20.4,24.9,83,1.1,0.7,0.5,0.0,0.0,61,1009.9,1008.8,100,21340.0,0.7,6.1,taipei,2026-04-05T08:20:48.696266
2026-04-05T23:00,21.2,95,20.4,24.7,85,1.5,1.4,0.1,0.0,0.0,61,1009.8,1008.7,100,11960.0,4.1,10.1,taipei,2026-04-05T08:20:48.696266
2026-04-05T00:00,27.8,90,26.0,35.0,0,0.0,0.0,0.0,0.0,0.0,2,1007.6,1007.1,47,24140.0,2.2,9.0,bangkok,2026-04-05T08:20:51.073845
2026-04-05T01:00,29.0,84,26.1,35.9,0,0.0,0.0,0.0,0.0,0.0,2,1008.7,1008.2,44,24140.0,4.0,10.8,bangkok,2026-04-05T08:20:51.073845
2026-04-05T02:00,30.8,63,22.9,35.5,0,0.0,0.0,0.0,0.0,0.0,1,1009.6,1009.1,30,24140.0,4.9,13.7,bangkok,2026-04-05T08:20:51.073845
2026-04-05T03:00,32.4,51,21.0,37.0,0,0.0,0.0,0.0,0.0,0.0,0,1009.3,1008.8,3,24140.0,5.2,14.8,bangkok,2026-04-05T08:20:51.073845
2026-04-05T04:00,34.1,42,19.4,39.0,0,0.0,0.0,0.0,0.0,0.0,0,1009.2,1008.8,0,24140.0,5.4,16.2,bangkok,2026-04-05T08:20:51.073845
2026-04-05T05:00,35.5,37,18.6,40.6,0,0.0,0.0,0.0,0.0,0.0,0,1008.3,1007.9,0,24140.0,5.5,16.9,bangkok,2026-04-05T08:20:51.073845
2026-04-05T06:00,36.6,34,18.2,41.7,0,0.0,0.0,0.0,0.0,0.0,0,1007.1,1006.7,0,24140.0,6.1,18.0,bangkok,2026-04-05T08:20:51.073845
2026-04-05T07:00,37.2,34,18.8,41.9,0,0.0,0.0,0.0,0.0,0.0,0,1005.6,1005.2,2,24140.0,7.6,21.6,bangkok,2026-04-05T08:20:51.073845
2026-04-05T08:00,36.7,40,20.9,41.3,0,0.0,0.0,0.0,0.0,0.0,1,1004.6,1004.2,13,24140.0,10.1,27.4,bangkok,2026-04-05T08:20:51.073845
2026-04-05T09:00,35.5,45,21.7,39.2,0,0.0,0.0,0.0,0.0,0.0,0,1004.5,1004.1,0,24140.0,11.3,29.9,bangkok,2026-04-05T08:20:51.073845
2026-04-05T10:00,34.4,40,18.9,36.3,0,0.0,0.0,0.0,0.0,0.0,0,1004.7,1004.3,0,24140.0,10.0,29.5,bangkok,2026-04-05T08:20:51.073845
2026-04-05T11:00,33.0,41,18.0,34.7,0,0.0,0.0,0.0,0.0,0.0,0,1005.0,1004.6,2,24140.0,8.5,25.2,bangkok,2026-04-05T08:20:51.073845
2026-04-05T12:00,30.6,57,21.1,33.6,0,0.0,0.0,0.0,0.0,0.0,1,1005.5,1005.0,6,24140.0,10.4,24.8,bangkok,2026-04-05T08:20:51.073845
2026-04-05T13:00,29.4,64,21.9,32.6,0,0.0,0.0,0.0,0.0,0.0,1,1006.0,1005.5,12,24140.0,10.9,26.3,bangkok,2026-04-05T08:20:51.073845
2026-04-05T14:00,28.8,71,23.1,33.0,0,0.0,0.0,0.0,0.0,0.0,1,1006.8,1006.3,10,24140.0,9.5,25.2,bangkok,2026-04-05T08:20:51.073845
2026-04-05T15:00,28.5,80,24.7,33.7,0,0.0,0.0,0.0,0.0,0.0,0,1007.4,1006.9,0,24140.0,8.8,22.0,bangkok,2026-04-05T08:20:51.073845
2026-04-05T16:00,28.5,82,25.1,34.0,0,0.0,0.0,0.0,0.0,0.0,1,1007.8,1007.3,12,24140.0,9.1,21.6,bangkok,2026-04-05T08:20:51.073845
2026-04-05T17:00,28.4,81,24.9,33.9,0,0.0,0.0,0.0,0.0,0.0,1,1007.8,1007.3,23,24140.0,8.4,21.2,bangkok,2026-04-05T08:20:51.073845
2026-04-05T18:00,28.3,82,25.0,33.9,0,0.0,0.0,0.0,0.0,0.0,1,1007.5,1007.0,15,24140.0,8.0,19.8,bangkok,2026-04-05T08:20:51.073845
2026-04-05T19:00,28.1,85,25.4,34.1,0,0.0,0.0,0.0,0.0,0.0,1,1006.6,1006.1,40,24140.0,7.2,18.4,bangkok,2026-04-05T08:20:51.073845
2026-04-05T20:00,28.0,87,25.7,34.3,0,0.0,0.0,0.0,0.0,0.0,2,1006.3,1005.8,44,24140.0,6.5,16.9,bangkok,2026-04-05T08:20:51.073845
2026-04-05T21:00,28.0,87,25.6,34.4,0,0.0,0.0,0.0,0.0,0.0,1,1006.6,1006.1,33,24140.0,5.4,15.1,bangkok,2026-04-05T08:20:51.073845
2026-04-05T22:00,27.7,87,25.4,34.1,0,0.0,0.0,0.0,0.0,0.0,1,1007.6,1007.1,29,24140.0,4.3,11.9,bangkok,2026-04-05T08:20:51.073845
2026-04-05T23:00,27.2,88,25.0,33.4,0,0.0,0.0,0.0,0.0,0.0,0,1008.5,1008.0,5,24140.0,3.8,9.7,bangkok,2026-04-05T08:20:51.073845
2026-04-05T00:00,10.1,93,9.0,8.2,0,0.0,0.0,0.0,0.0,0.0,3,1018.0,1013.0,92,16180.0,11.5,15.5,istanbul,2026-04-05T08:20:53.451872
2026-04-05T01:00,10.1,93,9.1,8.5,0,0.0,0.0,0.0,0.0,0.0,3,1018.1,1013.1,85,15280.0,9.7,17.6,istanbul,2026-04-05T08:20:53.451872
2026-04-05T02:00,10.1,92,8.9,8.6,8,0.0,0.0,0.0,0.0,0.0,2,1018.5,1013.5,82,16600.0,8.0,14.8,istanbul,2026-04-05T08:20:53.451872
2026-04-05T03:00,10.0,93,8.9,8.7,10,0.0,0.0,0.0,0.0,0.0,2,1019.0,1014.0,83,16340.0,7.1,11.9,istanbul,2026-04-05T08:20:53.451872
2026-04-05T04:00,10.1,92,8.9,9.1,13,0.1,0.0,0.1,0.0,0.0,3,1019.2,1014.2,89,17700.0,4.8,10.1,istanbul,2026-04-05T08:20:53.451872
2026-04-05T05:00,10.3,91,8.9,9.5,8,0.0,0.0,0.0,0.0,0.0,3,1020.1,1015.1,91,19440.0,3.5,7.6,istanbul,2026-04-05T08:20:53.451872
2026-04-05T06:00,10.8,88,8.9,9.8,0,0.0,0.0,0.0,0.0,0.0,3,1020.1,1015.1,90,21460.0,4.7,7.6,istanbul,2026-04-05T08:20:53.451872
2026-04-05T07:00,11.7,83,8.9,10.3,0,0.0,0.0,0.0,0.0,0.0,3,1021.2,1016.2,90,27000.0,7.6,11.9,istanbul,2026-04-05T08:20:53.451872
2026-04-05T08:00,12.9,75,8.6,11.4,0,0.0,0.0,0.0,0.0,0.0,2,1021.3,1016.3,83,34100.0,8.4,13.7,istanbul,2026-04-05T08:20:53.451872
2026-04-05T09:00,14.5,64,7.8,13.0,0,0.0,0.0,0.0,0.0,0.0,1,1021.4,1016.4,16,39280.0,8.4,14.4,istanbul,2026-04-05T08:20:53.451872
2026-04-05T10:00,15.7,54,6.4,14.7,0,0.0,0.0,0.0,0.0,0.0,0,1021.2,1016.3,0,41580.0,10.5,17.3,istanbul,2026-04-05T08:20:53.451872
2026-04-05T11:00,16.3,46,4.6,14.6,0,0.0,0.0,0.0,0.0,0.0,0,1020.9,1016.0,2,42720.0,13.0,22.0,istanbul,2026-04-05T08:20:53.451872
2026-04-05T12:00,16.7,43,4.0,14.3,0,0.0,0.0,0.0,0.0,0.0,0,1020.6,1015.7,0,42980.0,15.1,24.8,istanbul,2026-04-05T08:20:53.451872
2026-04-05T13:00,16.8,44,4.5,13.5,0,0.0,0.0,0.0,0.0,0.0,0,1020.3,1015.4,0,42500.0,17.7,27.7,istanbul,2026-04-05T08:20:53.451872
2026-04-05T14:00,15.7,50,5.3,11.7,0,0.0,0.0,0.0,0.0,0.0,0,1020.3,1015.4,0,41420.0,19.6,30.6,istanbul,2026-04-05T08:20:53.451872
2026-04-05T15:00,14.8,54,5.6,11.2,0,0.0,0.0,0.0,0.0,0.0,0,1020.6,1015.7,0,41080.0,17.7,30.6,istanbul,2026-04-05T08:20:53.451872
2026-04-05T16:00,13.9,57,5.5,10.7,0,0.0,0.0,0.0,0.0,0.0,0,1021.0,1016.0,0,40760.0,14.0,27.4,istanbul,2026-04-05T08:20:53.451872
2026-04-05T17:00,12.7,64,6.1,9.9,0,0.0,0.0,0.0,0.0,0.0,0,1022.0,1017.0,0,39520.0,12.7,22.0,istanbul,2026-04-05T08:20:53.451872
2026-04-05T18:00,11.8,70,6.5,9.3,0,0.0,0.0,0.0,0.0,0.0,0,1022.4,1017.4,0,37720.0,11.3,19.8,istanbul,2026-04-05T08:20:53.451872
2026-04-05T19:00,11.1,75,6.9,9.0,0,0.0,0.0,0.0,0.0,0.0,0,1022.4,1017.4,0,35660.0,9.3,16.6,istanbul,2026-04-05T08:20:53.451872
2026-04-05T20:00,10.7,77,6.8,8.7,0,0.0,0.0,0.0,0.0,0.0,0,1022.3,1017.3,0,34940.0,7.9,14.0,istanbul,2026-04-05T08:20:53.451872
2026-04-05T21:00,10.3,78,6.7,8.4,0,0.0,0.0,0.0,0.0,0.0,0,1022.5,1017.5,0,34400.0,7.6,11.9,istanbul,2026-04-05T08:20:53.451872
2026-04-05T22:00,9.9,78,6.2,7.9,0,0.0,0.0,0.0,0.0,0.0,0,1022.6,1017.6,0,33820.0,7.1,11.5,istanbul,2026-04-05T08:20:53.451872
2026-04-05T23:00,9.6,78,5.9,7.6,0,0.0,0.0,0.0,0.0,0.0,0,1022.5,1017.4,0,34180.0,6.9,10.8,istanbul,2026-04-05T08:20:53.451872
2026-04-05T00:00,22.4,86,20.0,25.5,0,0.0,0.0,0.0,0.0,0.0,2,1009.6,1008.9,27,24140.0,5.7,10.4,abu_dhabi,2026-04-05T08:21:30.983797
2026-04-05T01:00,22.4,87,20.1,25.8,0,0.0,0.0,0.0,0.0,0.0,1,1009.2,1008.5,32,24140.0,3.4,8.3,abu_dhabi,2026-04-05T08:21:30.983797
2026-04-05T02:00,22.4,87,20.1,25.6,0,0.0,0.0,0.0,0.0,0.0,2,1009.7,1009.0,49,24140.0,4.7,7.2,abu_dhabi,2026-04-05T08:21:30.983797
2026-04-05T03:00,22.6,87,20.3,25.7,0,0.0,0.0,0.0,0.0,0.0,2,1010.4,1009.7,76,24140.0,5.9,10.1,abu_dhabi,2026-04-05T08:21:30.983797
2026-04-05T04:00,23.3,84,20.4,26.3,3,0.0,0.0,0.0,0.0,0.0,2,1011.0,1010.3,72,24140.0,7.2,13.0,abu_dhabi,2026-04-05T08:21:30.983797
2026-04-05T05:00,24.3,73,19.1,26.3,0,0.0,0.0,0.0,0.0,0.0,3,1011.5,1010.8,83,24140.0,9.5,16.9,abu_dhabi,2026-04-05T08:21:30.983797
2026-04-05T06:00,24.6,74,19.6,26.4,3,0.0,0.0,0.0,0.0,0.0,2,1012.0,1011.3,80,24140.0,12.5,24.5,abu_dhabi,2026-04-05T08:21:30.983797
2026-04-05T07:00,25.1,70,19.2,27.5,3,0.0,0.0,0.0,0.0,0.0,2,1011.9,1011.2,62,24140.0,9.1,22.0,abu_dhabi,2026-04-05T08:21:30.983797
2026-04-05T08:00,25.4,71,19.7,28.4,0,0.0,0.0,0.0,0.0,0.0,2,1011.7,1011.0,79,24140.0,11.1,20.5,abu_dhabi,2026-04-05T08:21:30.983797
2026-04-05T09:00,25.6,72,20.2,29.2,0,0.0,0.0,0.0,0.0,0.0,1,1011.0,1010.3,42,24140.0,11.4,21.6,abu_dhabi,2026-04-05T08:21:30.983797
2026-04-05T10:00,25.7,69,19.6,28.4,0,0.0,0.0,0.0,0.0,0.0,3,1010.3,1009.6,89,24140.0,10.5,21.2,abu_dhabi,2026-04-05T08:21:30.983797
2026-04-05T11:00,25.2,72,19.8,26.9,0,0.0,0.0,0.0,0.0,0.0,2,1010.0,1009.3,80,24140.0,14.1,24.8,abu_dhabi,2026-04-05T08:21:30.983797
2026-04-05T12:00,24.9,75,20.2,27.0,0,0.0,0.0,0.0,0.0,0.0,3,1009.8,1009.1,84,24140.0,12.8,24.8,abu_dhabi,2026-04-05T08:21:30.983797
2026-04-05T13:00,24.7,75,20.0,26.7,0,0.0,0.0,0.0,0.0,0.0,2,1009.7,1009.0,58,24140.0,12.3,22.7,abu_dhabi,2026-04-05T08:21:30.983797
2026-04-05T14:00,24.2,78,20.1,26.5,0,0.0,0.0,0.0,0.0,0.0,2,1010.3,1009.6,61,24140.0,11.2,21.6,abu_dhabi,2026-04-05T08:21:30.983797
2026-04-05T15:00,23.7,80,20.1,26.3,0,0.0,0.0,0.0,0.0,0.0,2,1010.8,1010.1,71,24140.0,8.9,19.8,abu_dhabi,2026-04-05T08:21:30.983797
2026-04-05T16:00,23.5,81,20.1,26.1,0,0.0,0.0,0.0,0.0,0.0,3,1011.4,1010.7,100,24140.0,9.4,16.2,abu_dhabi,2026-04-05T08:21:30.983797
2026-04-05T17:00,23.3,80,19.7,25.1,0,0.0,0.0,0.0,0.0,0.0,3,1011.2,1010.5,94,24140.0,13.1,22.3,abu_dhabi,2026-04-05T08:21:30.983797
2026-04-05T18:00,23.0,84,20.2,25.1,0,0.0,0.0,0.0,0.0,0.0,2,1011.5,1010.8,65,24140.0,13.0,22.3,abu_dhabi,2026-04-05T08:21:30.983797
2026-04-05T19:00,23.0,81,19.5,24.9,0,0.0,0.0,0.0,0.0,0.0,3,1011.7,1011.0,81,24140.0,12.0,22.3,abu_dhabi,2026-04-05T08:21:30.983797
2026-04-05T20:00,22.9,80,19.2,24.4,0,0.0,0.0,0.0,0.0,0.0,3,1011.9,1011.2,83,24140.0,13.6,23.0,abu_dhabi,2026-04-05T08:21:30.983797
2026-04-05T21:00,22.9,79,19.1,24.4,0,0.0,0.0,0.0,0.0,0.0,2,1011.7,1011.0,77,24140.0,13.4,23.0,abu_dhabi,2026-04-05T08:21:30.983797
2026-04-05T22:00,23.0,80,19.3,24.5,0,0.0,0.0,0.0,0.0,0.0,2,1011.5,1010.8,54,24140.0,13.7,23.8,abu_dhabi,2026-04-05T08:21:30.983797
2026-04-05T23:00,23.2,77,18.9,24.8,0,0.0,0.0,0.0,0.0,0.0,2,1010.8,1010.1,46,24140.0,11.6,23.0,abu_dhabi,2026-04-05T08:21:30.983797
2026-04-05T00:00,22.8,84,20.0,26.2,0,0.0,0.0,0.0,0.0,0.0,3,1009.4,1008.2,100,24140.0,3.4,10.8,dubai,2026-04-05T08:22:08.526047
2026-04-05T01:00,22.6,85,20.0,25.8,0,0.0,0.0,0.0,0.0,0.0,3,1008.7,1007.5,100,24140.0,4.5,7.2,dubai,2026-04-05T08:22:08.526047
2026-04-05T02:00,22.6,85,19.9,25.5,0,0.0,0.0,0.0,0.0,0.0,3,1009.2,1008.0,100,24140.0,6.3,10.8,dubai,2026-04-05T08:22:08.526047
2026-04-05T03:00,22.7,86,20.2,25.8,3,0.0,0.0,0.0,0.0,0.0,3,1009.9,1008.7,100,24140.0,5.9,11.5,dubai,2026-04-05T08:22:08.526047
2026-04-05T04:00,23.1,84,20.2,26.2,0,0.0,0.0,0.0,0.0,0.0,3,1010.9,1009.7,100,24140.0,5.8,10.8,dubai,2026-04-05T08:22:08.526047
2026-04-05T05:00,23.6,81,20.2,26.5,0,0.0,0.0,0.0,0.0,0.0,3,1011.6,1010.4,100,24140.0,7.4,13.3,dubai,2026-04-05T08:22:08.526047
2026-04-05T06:00,24.2,75,19.5,26.6,0,0.0,0.0,0.0,0.0,0.0,3,1011.8,1010.6,95,24140.0,8.3,16.2,dubai,2026-04-05T08:22:08.526047
2026-04-05T07:00,24.5,73,19.4,27.8,0,0.0,0.0,0.0,0.0,0.0,3,1011.5,1010.3,100,24140.0,7.1,16.2,dubai,2026-04-05T08:22:08.526047
2026-04-05T08:00,24.8,72,19.4,27.5,0,0.0,0.0,0.0,0.0,0.0,3,1011.2,1010.0,89,24140.0,9.6,17.3,dubai,2026-04-05T08:22:08.526047
2026-04-05T09:00,24.9,72,19.5,27.5,0,0.0,0.0,0.0,0.0,0.0,2,1010.4,1009.2,51,24140.0,9.9,18.7,dubai,2026-04-05T08:22:08.526047
2026-04-05T10:00,25.1,72,19.7,28.6,0,0.0,0.0,0.0,0.0,0.0,2,1009.9,1008.7,67,24140.0,11.0,20.2,dubai,2026-04-05T08:22:08.526047
2026-04-05T11:00,24.7,74,19.8,26.7,0,0.0,0.0,0.0,0.0,0.0,2,1009.4,1008.2,80,24140.0,12.0,21.6,dubai,2026-04-05T08:22:08.526047
2026-04-05T12:00,24.4,78,20.4,26.7,0,0.0,0.0,0.0,0.0,0.0,3,1009.1,1007.9,81,24140.0,12.1,22.3,dubai,2026-04-05T08:22:08.526047
2026-04-05T13:00,24.3,78,20.2,26.4,0,0.0,0.0,0.0,0.0,0.0,2,1009.1,1007.9,64,24140.0,12.9,23.0,dubai,2026-04-05T08:22:08.526047
2026-04-05T14:00,24.0,80,20.4,26.2,0,0.0,0.0,0.0,0.0,0.0,2,1009.7,1008.5,52,24140.0,13.2,23.0,dubai,2026-04-05T08:22:08.526047
2026-04-05T15:00,23.7,81,20.3,25.9,0,0.0,0.0,0.0,0.0,0.0,2,1010.3,1009.1,61,24140.0,12.6,23.0,dubai,2026-04-05T08:22:08.526047
2026-04-05T16:00,23.5,82,20.2,25.5,0,0.0,0.0,0.0,0.0,0.0,1,1010.9,1009.7,43,24140.0,13.6,23.4,dubai,2026-04-05T08:22:08.526047
2026-04-05T17:00,23.2,84,20.3,25.3,0,0.0,0.0,0.0,0.0,0.0,3,1010.9,1009.7,87,24140.0,13.4,24.8,dubai,2026-04-05T08:22:08.526047
2026-04-05T18:00,23.1,85,20.4,25.6,0,0.0,0.0,0.0,0.0,0.0,3,1011.0,1009.8,83,24140.0,10.9,23.0,dubai,2026-04-05T08:22:08.526047
2026-04-05T19:00,23.0,82,19.8,25.0,0,0.0,0.0,0.0,0.0,0.0,2,1011.1,1009.9,63,24140.0,12.2,21.2,dubai,2026-04-05T08:22:08.526047
2026-04-05T20:00,23.0,82,19.7,24.9,0,0.0,0.0,0.0,0.0,0.0,2,1011.2,1010.0,66,24140.0,12.3,21.2,dubai,2026-04-05T08:22:08.526047
2026-04-05T21:00,23.1,80,19.4,25.1,0,0.0,0.0,0.0,0.0,0.0,3,1010.9,1009.7,84,24140.0,10.9,20.9,dubai,2026-04-05T08:22:08.526047
2026-04-05T22:00,23.3,80,19.6,25.4,0,0.0,0.0,0.0,0.0,0.0,2,1010.7,1009.5,57,24140.0,10.8,18.7,dubai,2026-04-05T08:22:08.526047
2026-04-05T23:00,23.6,75,18.9,25.1,0,0.0,0.0,0.0,0.0,0.0,2,1010.2,1009.0,47,24140.0,12.6,21.2,dubai,2026-04-05T08:22:08.526047
2026-04-05T00:00,6.8,71,1.9,1.3,61,0.0,0.0,0.0,0.0,0.0,3,1002.9,1000.5,95,28780.0,25.2,55.4,bangor_(north_wales),2026-04-05T08:22:46.048437
2026-04-05T01:00,6.3,70,1.2,1.2,48,0.0,0.0,0.0,0.0,0.0,3,1004.7,1002.2,98,37560.0,22.0,48.2,bangor_(north_wales),2026-04-05T08:22:46.048437
2026-04-05T02:00,6.3,70,1.2,1.3,37,0.0,0.0,0.0,0.0,0.0,2,1005.5,1003.0,73,40520.0,21.2,47.2,bangor_(north_wales),2026-04-05T08:22:46.048437
2026-04-05T03:00,6.9,72,2.2,1.6,29,0.0,0.0,0.0,0.0,0.0,3,1006.2,1003.7,100,34360.0,24.1,52.9,bangor_(north_wales),2026-04-05T08:22:46.048437
2026-04-05T04:00,6.8,74,2.5,1.8,28,0.0,0.0,0.0,0.0,0.0,3,1006.8,1004.3,100,29620.0,23.0,51.1,bangor_(north_wales),2026-04-05T08:22:46.048437
2026-04-05T05:00,6.5,79,3.1,1.3,31,0.2,0.2,0.0,0.0,0.0,51,1007.4,1004.9,100,16960.0,24.8,54.4,bangor_(north_wales),2026-04-05T08:22:46.048437
2026-04-05T06:00,6.0,78,2.4,2.2,33,0.2,0.2,0.0,0.0,0.0,51,1008.6,1006.1,95,40500.0,14.0,32.0,bangor_(north_wales),2026-04-05T08:22:46.048437
2026-04-05T07:00,5.9,76,2.0,1.9,32,0.0,0.0,0.0,0.0,0.0,0,1010.5,1008.0,0,41800.0,15.1,33.8,bangor_(north_wales),2026-04-05T08:22:46.048437
2026-04-05T08:00,7.0,68,1.5,1.8,31,0.0,0.0,0.0,0.0,0.0,2,1011.9,1009.4,52,44800.0,22.7,48.6,bangor_(north_wales),2026-04-05T08:22:46.048437
2026-04-05T09:00,7.2,63,0.6,1.8,29,0.0,0.0,0.0,0.0,0.0,1,1013.3,1010.8,34,47760.0,23.4,50.0,bangor_(north_wales),2026-04-05T08:22:46.048437
2026-04-05T10:00,7.7,51,-1.8,1.5,26,0.0,0.0,0.0,0.0,0.0,1,1014.6,1012.1,28,53960.0,26.3,57.2,bangor_(north_wales),2026-04-05T08:22:46.048437
2026-04-05T11:00,8.1,46,-2.8,1.9,22,0.0,0.0,0.0,0.0,0.0,1,1016.1,1013.6,26,54540.0,26.3,56.9,bangor_(north_wales),2026-04-05T08:22:46.048437
2026-04-05T12:00,8.8,42,-3.4,2.8,20,0.0,0.0,0.0,0.0,0.0,0,1016.8,1014.3,5,55920.0,26.3,57.2,bangor_(north_wales),2026-04-05T08:22:46.048437
2026-04-05T13:00,9.0,46,-2.0,3.3,23,0.0,0.0,0.0,0.0,0.0,2,1017.6,1015.1,51,54720.0,23.0,50.0,bangor_(north_wales),2026-04-05T08:22:46.048437
2026-04-05T14:00,8.9,45,-2.4,3.1,27,0.0,0.0,0.0,0.0,0.0,2,1018.3,1015.8,62,55000.0,23.0,50.0,bangor_(north_wales),2026-04-05T08:22:46.048437
2026-04-05T15:00,8.6,52,-0.7,3.2,29,0.1,0.1,0.0,0.0,0.0,51,1019.2,1016.7,34,54800.0,22.0,47.5,bangor_(north_wales),2026-04-05T08:22:46.048437
2026-04-05T16:00,8.6,49,-1.5,3.4,25,0.0,0.0,0.0,0.0,0.0,2,1019.6,1017.1,76,54820.0,20.2,43.6,bangor_(north_wales),2026-04-05T08:22:46.048437
2026-04-05T17:00,8.3,53,-0.7,3.2,18,0.0,0.0,0.0,0.0,0.0,3,1020.3,1017.8,95,54520.0,19.4,41.8,bangor_(north_wales),2026-04-05T08:22:46.048437
2026-04-05T18:00,7.6,57,-0.3,3.2,12,0.0,0.0,0.0,0.0,0.0,1,1021.0,1018.5,47,53500.0,15.8,35.3,bangor_(north_wales),2026-04-05T08:22:46.048437
2026-04-05T19:00,6.3,63,-0.2,2.9,7,0.0,0.0,0.0,0.0,0.0,1,1021.6,1019.1,32,49880.0,8.6,22.0,bangor_(north_wales),2026-04-05T08:22:46.048437
2026-04-05T20:00,6.0,72,1.3,3.1,3,0.0,0.0,0.0,0.0,0.0,2,1022.1,1019.6,57,44540.0,6.8,17.3,bangor_(north_wales),2026-04-05T08:22:46.048437
2026-04-05T21:00,5.3,78,1.8,2.6,0,0.0,0.0,0.0,0.0,0.0,2,1022.5,1020.0,64,41940.0,5.8,15.5,bangor_(north_wales),2026-04-05T08:22:46.048437
2026-04-05T22:00,4.9,82,2.1,1.9,0,0.0,0.0,0.0,0.0,0.0,0,1023.0,1020.5,6,44100.0,8.6,21.6,bangor_(north_wales),2026-04-05T08:22:46.048437
2026-04-05T23:00,5.8,80,2.7,3.1,0,0.0,0.0,0.0,0.0,0.0,2,1023.5,1021.0,77,46820.0,7.6,18.4,bangor_(north_wales),2026-04-05T08:22:46.048437
2026-04-05T00:00,9.1,64,2.6,2.7,20,0.0,0.0,0.0,0.0,0.0,3,1002.4,984.6,100,23800.0,31.7,65.2,birmingham,2026-04-05T08:22:48.427149
2026-04-05T01:00,8.7,68,3.1,3.3,14,0.0,0.0,0.0,0.0,0.0,3,1004.3,986.5,87,22880.0,25.9,53.3,birmingham,2026-04-05T08:22:48.427149
2026-04-05T02:00,7.0,64,0.7,1.1,7,0.0,0.0,0.0,0.0,0.0,2,1006.0,988.0,61,21940.0,26.3,54.0,birmingham,2026-04-05T08:22:48.427149
2026-04-05T03:00,6.2,67,0.5,1.1,2,0.0,0.0,0.0,0.0,0.0,2,1007.4,989.4,66,25940.0,20.9,43.6,birmingham,2026-04-05T08:22:48.427149
2026-04-05T04:00,6.2,68,0.7,1.6,1,0.0,0.0,0.0,0.0,0.0,1,1008.6,990.5,38,24900.0,17.6,36.4,birmingham,2026-04-05T08:22:48.427149
2026-04-05T05:00,6.1,72,1.4,2.2,1,0.0,0.0,0.0,0.0,0.0,2,1009.4,991.3,63,21520.0,13.7,28.4,birmingham,2026-04-05T08:22:48.427149
2026-04-05T06:00,6.1,74,1.8,2.4,2,0.0,0.0,0.0,0.0,0.0,3,1009.8,991.7,91,19720.0,13.0,26.6,birmingham,2026-04-05T08:22:48.427149
2026-04-05T07:00,6.4,73,1.9,2.4,1,0.0,0.0,0.0,0.0,0.0,3,1011.0,992.9,98,20720.0,14.8,30.6,birmingham,2026-04-05T08:22:48.427149
2026-04-05T08:00,6.6,79,3.2,2.9,0,0.3,0.3,0.0,0.0,0.0,51,1012.2,994.1,92,16600.0,14.4,29.9,birmingham,2026-04-05T08:22:48.427149
2026-04-05T09:00,7.5,68,1.9,2.4,0,0.0,0.0,0.0,0.0,0.0,1,1013.3,995.2,45,29400.0,22.3,45.4,birmingham,2026-04-05T08:22:48.427149
2026-04-05T10:00,8.6,47,-2.1,2.6,5,0.0,0.0,0.0,0.0,0.0,2,1014.9,996.9,59,36220.0,24.5,50.4,birmingham,2026-04-05T08:22:48.427149
2026-04-05T11:00,8.9,44,-2.7,3.2,11,0.0,0.0,0.0,0.0,0.0,1,1016.1,998.1,49,34400.0,22.0,46.4,birmingham,2026-04-05T08:22:48.427149
2026-04-05T12:00,9.3,40,-3.6,3.2,14,0.0,0.0,0.0,0.0,0.0,2,1017.2,999.2,58,36760.0,24.1,50.8,birmingham,2026-04-05T08:22:48.427149
2026-04-05T13:00,9.5,35,-5.3,3.0,11,0.0,0.0,0.0,0.0,0.0,2,1018.2,1000.2,50,39460.0,24.8,51.8,birmingham,2026-04-05T08:22:48.427149
2026-04-05T14:00,9.7,33,-5.9,3.3,5,0.0,0.0,0.0,0.0,0.0,2,1019.0,1001.0,63,39960.0,24.1,50.4,birmingham,2026-04-05T08:22:48.427149
2026-04-05T15:00,9.9,32,-6.1,3.6,0,0.0,0.0,0.0,0.0,0.0,2,1019.7,1001.7,75,40560.0,23.0,48.6,birmingham,2026-04-05T08:22:48.427149
2026-04-05T16:00,9.6,34,-5.6,3.6,0,0.0,0.0,0.0,0.0,0.0,3,1020.6,1002.5,87,39580.0,21.6,45.4,birmingham,2026-04-05T08:22:48.427149
2026-04-05T17:00,9.2,38,-4.4,3.4,0,0.0,0.0,0.0,0.0,0.0,1,1021.3,1003.2,30,40220.0,20.5,42.8,birmingham,2026-04-05T08:22:48.427149
2026-04-05T18:00,8.7,42,-3.6,3.5,0,0.0,0.0,0.0,0.0,0.0,3,1021.9,1003.8,95,39320.0,17.6,37.1,birmingham,2026-04-05T08:22:48.427149
2026-04-05T19:00,7.9,46,-3.1,2.5,0,0.0,0.0,0.0,0.0,0.0,2,1022.7,1004.5,65,41700.0,19.1,40.0,birmingham,2026-04-05T08:22:48.427149
2026-04-05T20:00,7.6,51,-1.9,2.9,0,0.0,0.0,0.0,0.0,0.0,3,1023.7,1005.5,95,34280.0,15.5,32.4,birmingham,2026-04-05T08:22:48.427149
2026-04-05T21:00,7.0,59,-0.5,3.6,0,0.0,0.0,0.0,0.0,0.0,3,1024.1,1005.8,95,33080.0,8.3,17.6,birmingham,2026-04-05T08:22:48.427149
2026-04-05T22:00,6.6,63,0.0,3.3,0,0.0,0.0,0.0,0.0,0.0,0,1024.6,1006.3,0,29600.0,7.6,16.2,birmingham,2026-04-05T08:22:48.427149
2026-04-05T23:00,6.0,64,-0.3,2.8,0,0.0,0.0,0.0,0.0,0.0,0,1025.1,1006.7,0,32940.0,7.2,15.5,birmingham,2026-04-05T08:22:48.427149
2026-04-05T00:00,11.6,81,8.5,5.6,4,0.0,0.0,0.0,0.0,0.0,3,1009.2,1007.9,100,26100.0,38.2,77.8,brighton,2026-04-05T08:24:06.145932
2026-04-05T01:00,11.2,89,9.4,6.7,4,0.2,0.2,0.0,0.0,0.0,51,1009.5,1008.2,100,21360.0,29.9,61.2,brighton,2026-04-05T08:24:06.145932
2026-04-05T02:00,11.0,71,5.9,5.9,3,0.0,0.0,0.0,0.0,0.0,3,1010.4,1009.1,100,20240.0,27.7,57.6,brighton,2026-04-05T08:24:06.145932
2026-04-05T03:00,10.6,71,5.5,5.7,2,0.0,0.0,0.0,0.0,0.0,3,1011.2,1009.9,100,22140.0,25.6,52.6,brighton,2026-04-05T08:24:06.145932
2026-04-05T04:00,10.2,68,4.6,5.3,1,0.0,0.0,0.0,0.0,0.0,3,1011.9,1010.6,100,28340.0,24.5,51.5,brighton,2026-04-05T08:24:06.145932
2026-04-05T05:00,10.0,74,5.5,5.3,1,0.0,0.0,0.0,0.0,0.0,3,1012.4,1011.1,100,30860.0,24.1,50.0,brighton,2026-04-05T08:24:06.145932
2026-04-05T06:00,9.9,75,5.7,5.7,0,0.0,0.0,0.0,0.0,0.0,3,1013.5,1012.2,100,37040.0,21.2,43.6,brighton,2026-04-05T08:24:06.145932
2026-04-05T07:00,10.2,73,5.5,5.6,0,0.0,0.0,0.0,0.0,0.0,3,1014.5,1013.2,100,37160.0,23.8,48.6,brighton,2026-04-05T08:24:06.145932
2026-04-05T08:00,9.9,75,5.6,5.8,0,0.2,0.2,0.0,0.0,0.0,51,1015.2,1013.9,100,31780.0,20.5,41.8,brighton,2026-04-05T08:24:06.145932
2026-04-05T09:00,10.8,58,2.8,5.6,0,0.0,0.0,0.0,0.0,0.0,1,1016.2,1014.9,37,34740.0,23.8,49.0,brighton,2026-04-05T08:24:06.145932
2026-04-05T10:00,11.2,55,2.5,6.2,5,0.0,0.0,0.0,0.0,0.0,2,1017.2,1015.9,57,31300.0,22.3,46.1,brighton,2026-04-05T08:24:06.145932
2026-04-05T11:00,12.1,45,0.5,6.8,11,0.0,0.0,0.0,0.0,0.0,2,1018.1,1016.8,62,34160.0,22.3,46.8,brighton,2026-04-05T08:24:06.145932
2026-04-05T12:00,12.7,37,-1.7,7.1,14,0.0,0.0,0.0,0.0,0.0,2,1019.0,1017.7,54,41500.0,22.0,47.5,brighton,2026-04-05T08:24:06.145932
2026-04-05T13:00,12.8,36,-1.9,7.0,11,0.0,0.0,0.0,0.0,0.0,2,1020.0,1018.7,66,41760.0,22.7,48.6,brighton,2026-04-05T08:24:06.145932
2026-04-05T14:00,12.7,36,-2.0,7.4,5,0.0,0.0,0.0,0.0,0.0,2,1020.8,1019.5,65,40800.0,19.4,42.8,brighton,2026-04-05T08:24:06.145932
2026-04-05T15:00,12.1,40,-1.1,7.1,0,0.0,0.0,0.0,0.0,0.0,3,1021.4,1020.1,85,40460.0,18.7,40.0,brighton,2026-04-05T08:24:06.145932
2026-04-05T16:00,11.2,52,1.7,6.3,0,0.0,0.0,0.0,0.0,0.0,3,1022.3,1020.9,93,40040.0,20.9,43.6,brighton,2026-04-05T08:24:06.145932
2026-04-05T17:00,10.7,59,3.0,5.8,0,0.0,0.0,0.0,0.0,0.0,2,1022.9,1021.5,58,44760.0,22.7,46.1,brighton,2026-04-05T08:24:06.145932
2026-04-05T18:00,10.5,61,3.3,6.1,0,0.0,0.0,0.0,0.0,0.0,1,1023.4,1022.0,47,39760.0,19.4,40.3,brighton,2026-04-05T08:24:06.145932
2026-04-05T19:00,10.1,47,-0.7,6.3,0,0.0,0.0,0.0,0.0,0.0,0,1024.2,1022.8,0,32760.0,10.4,22.7,brighton,2026-04-05T08:24:06.145932
2026-04-05T20:00,9.1,45,-2.3,5.5,0,0.0,0.0,0.0,0.0,0.0,0,1025.3,1023.9,0,32360.0,7.9,16.9,brighton,2026-04-05T08:24:06.145932
2026-04-05T21:00,8.4,47,-2.3,4.4,0,0.0,0.0,0.0,0.0,0.0,0,1025.9,1024.5,0,38320.0,10.4,22.0,brighton,2026-04-05T08:24:06.145932
2026-04-05T22:00,8.0,49,-2.1,4.1,0,0.0,0.0,0.0,0.0,0.0,0,1026.4,1025.0,0,40140.0,10.1,21.2,brighton,2026-04-05T08:24:06.145932
2026-04-05T23:00,7.2,55,-1.2,3.8,0,0.0,0.0,0.0,0.0,0.0,0,1026.7,1025.3,0,38060.0,7.6,16.9,brighton,2026-04-05T08:24:06.145932
2026-04-05T00:00,5.3,85,3.0,-1.6,61,0.1,0.1,0.0,0.0,0.0,51,980.0,971.5,100,9640.0,36.4,74.9,edinburgh,2026-04-05T08:24:08.538728
2026-04-05T01:00,3.7,79,0.4,-5.1,41,0.2,0.2,0.0,0.0,0.0,51,986.5,977.9,100,14880.0,46.1,94.0,edinburgh,2026-04-05T08:24:08.538728
2026-04-05T02:00,4.2,74,-0.0,-3.3,19,0.0,0.0,0.0,0.0,0.0,3,991.2,982.6,100,28020.0,37.1,75.2,edinburgh,2026-04-05T08:24:08.538728
2026-04-05T03:00,4.4,72,-0.2,-2.8,4,0.0,0.0,0.0,0.0,0.0,1,994.8,986.2,38,33020.0,34.2,69.8,edinburgh,2026-04-05T08:24:08.538728
2026-04-05T04:00,4.3,70,-0.7,-2.4,0,0.0,0.0,0.0,0.0,0.0,0,997.4,988.7,5,29720.0,30.2,62.3,edinburgh,2026-04-05T08:24:08.538728
2026-04-05T05:00,3.8,75,-0.2,-1.7,0,0.0,0.0,0.0,0.0,0.0,1,999.1,990.4,26,26880.0,23.0,47.2,edinburgh,2026-04-05T08:24:08.538728
2026-04-05T06:00,4.1,78,0.6,-1.6,8,0.0,0.0,0.0,0.0,0.0,3,1001.3,992.6,100,27240.0,25.2,51.5,edinburgh,2026-04-05T08:24:08.538728
2026-04-05T07:00,4.0,73,-0.4,-1.3,25,0.0,0.0,0.0,0.0,0.0,3,1002.5,993.8,100,29680.0,22.0,44.6,edinburgh,2026-04-05T08:24:08.538728
2026-04-05T08:00,3.7,81,0.8,-2.5,49,0.2,0.2,0.0,0.0,0.0,51,1004.2,995.4,76,24140.0,29.2,59.8,edinburgh,2026-04-05T08:24:08.538728
2026-04-05T09:00,4.7,71,-0.1,-1.1,69,0.1,0.1,0.0,0.0,0.0,51,1005.2,996.5,99,35440.0,25.2,49.0,edinburgh,2026-04-05T08:24:08.538728
2026-04-05T10:00,6.2,61,-0.8,0.0,82,0.0,0.0,0.0,0.0,0.0,3,1006.3,997.6,100,21280.0,27.0,55.1,edinburgh,2026-04-05T08:24:08.538728
2026-04-05T11:00,4.7,78,1.2,-0.9,92,0.5,0.5,0.0,0.0,0.0,53,1007.8,999.0,63,34180.0,25.6,50.8,edinburgh,2026-04-05T08:24:08.538728
2026-04-05T12:00,6.2,60,-1.0,0.1,98,0.0,0.0,0.0,0.0,0.0,3,1008.0,999.3,100,37880.0,26.6,53.3,edinburgh,2026-04-05T08:24:08.538728
2026-04-05T13:00,6.0,68,0.5,-0.0,100,0.3,0.3,0.0,0.0,0.0,51,1009.5,1000.8,36,37460.0,28.1,56.2,edinburgh,2026-04-05T08:24:08.538728
2026-04-05T14:00,6.9,52,-2.3,0.0,100,0.0,0.0,0.0,0.0,0.0,2,1010.4,1001.7,73,39620.0,30.2,60.8,edinburgh,2026-04-05T08:24:08.538728
2026-04-05T15:00,7.1,45,-4.0,0.3,96,0.0,0.0,0.0,0.0,0.0,2,1011.6,1002.9,65,37600.0,28.4,58.0,edinburgh,2026-04-05T08:24:08.538728
2026-04-05T16:00,6.7,49,-3.3,0.3,81,0.0,0.0,0.0,0.0,0.0,2,1012.5,1003.8,72,40640.0,26.3,52.9,edinburgh,2026-04-05T08:24:08.538728
2026-04-05T17:00,5.2,63,-1.2,-0.6,60,0.0,0.0,0.0,0.0,0.0,2,1013.9,1005.1,50,38320.0,24.5,48.2,edinburgh,2026-04-05T08:24:08.538728
2026-04-05T18:00,3.2,78,-0.3,-2.1,41,0.3,0.3,0.0,0.0,0.0,51,1015.4,1006.5,0,42240.0,21.2,42.8,edinburgh,2026-04-05T08:24:08.538728
2026-04-05T19:00,3.8,72,-0.7,-1.0,25,0.0,0.0,0.0,0.0,0.0,0,1016.3,1007.4,1,32740.0,17.6,36.7,edinburgh,2026-04-05T08:24:08.538728
2026-04-05T20:00,3.3,74,-0.9,-1.5,10,0.0,0.0,0.0,0.0,0.0,0,1017.5,1008.6,0,37720.0,17.3,34.9,edinburgh,2026-04-05T08:24:08.538728
2026-04-05T21:00,2.9,77,-0.7,-2.0,0,0.0,0.0,0.0,0.0,0.0,0,1018.3,1009.4,0,43080.0,18.4,37.8,edinburgh,2026-04-05T08:24:08.538728
2026-04-05T22:00,2.8,71,-1.9,-2.0,0,0.0,0.0,0.0,0.0,0.0,0,1019.1,1010.2,0,44940.0,16.6,34.6,edinburgh,2026-04-05T08:24:08.538728
2026-04-05T23:00,2.6,75,-1.4,-2.1,0,0.0,0.0,0.0,0.0,0.0,0,1019.8,1010.9,0,47880.0,15.8,32.8,edinburgh,2026-04-05T08:24:08.538728
2026-04-05T00:00,3.9,83,1.2,-3.8,45,0.5,0.5,0.0,0.0,0.0,53,985.3,983.2,100,13280.0,39.2,80.6,glasgow,2026-04-05T08:24:10.938163
2026-04-05T01:00,4.3,75,0.2,-3.1,26,0.0,0.0,0.0,0.0,0.0,3,991.0,988.9,100,27160.0,36.4,74.9,glasgow,2026-04-05T08:24:10.938163
2026-04-05T02:00,4.7,72,0.1,-1.5,9,0.0,0.0,0.0,0.0,0.0,3,995.3,993.2,91,33240.0,28.1,58.0,glasgow,2026-04-05T08:24:10.938163
2026-04-05T03:00,4.9,72,0.3,-0.3,2,0.0,0.0,0.0,0.0,0.0,2,997.6,995.5,52,29480.0,21.2,43.6,glasgow,2026-04-05T08:24:10.938163
2026-04-05T04:00,4.4,78,0.9,-0.4,11,0.3,0.3,0.0,0.0,0.0,51,999.0,996.9,100,15340.0,19.1,39.2,glasgow,2026-04-05T08:24:10.938163
2026-04-05T05:00,3.8,87,1.8,-2.7,30,0.2,0.2,0.0,0.0,0.0,51,1001.0,998.9,100,15200.0,32.0,64.4,glasgow,2026-04-05T08:24:10.938163
2026-04-05T06:00,3.3,88,1.5,-1.6,49,1.1,1.1,0.0,0.0,0.0,55,1002.5,1000.4,100,19060.0,20.5,41.8,glasgow,2026-04-05T08:24:10.938163
2026-04-05T07:00,3.0,90,1.5,-1.2,67,0.5,0.4,0.0,0.0,0.0,53,1004.3,1002.2,100,16220.0,15.5,32.0,glasgow,2026-04-05T08:24:10.938163
2026-04-05T08:00,3.6,84,1.1,-0.1,85,0.3,0.3,0.0,0.0,0.0,51,1005.1,1003.0,100,31100.0,11.9,24.5,glasgow,2026-04-05T08:24:10.938163
2026-04-05T09:00,4.0,83,1.3,-0.2,98,0.2,0.2,0.0,0.0,0.0,51,1006.5,1004.4,100,15960.0,15.5,30.6,glasgow,2026-04-05T08:24:10.938163
2026-04-05T10:00,3.3,91,2.0,-0.9,100,1.1,1.1,0.0,0.0,0.0,55,1007.6,1005.5,100,22880.0,16.6,32.8,glasgow,2026-04-05T08:24:10.938163
2026-04-05T11:00,6.3,71,1.4,1.1,100,0.0,0.0,0.0,0.0,0.0,3,1008.0,1005.9,100,35940.0,22.0,43.9,glasgow,2026-04-05T08:24:10.938163
2026-04-05T12:00,5.5,70,0.5,0.1,100,0.6,0.6,0.0,0.0,0.0,53,1009.6,1007.5,55,40660.0,22.7,45.0,glasgow,2026-04-05T08:24:10.938163
2026-04-05T13:00,6.8,53,-2.1,0.8,99,0.0,0.0,0.0,0.0,0.0,3,1010.5,1008.4,80,42920.0,24.8,50.8,glasgow,2026-04-05T08:24:10.938163
2026-04-05T14:00,7.4,45,-3.8,1.0,96,0.0,0.0,0.0,0.0,0.0,2,1011.5,1009.4,66,45080.0,25.6,51.8,glasgow,2026-04-05T08:24:10.938163
2026-04-05T15:00,7.1,43,-4.7,2.5,86,0.0,0.0,0.0,0.0,0.0,1,1012.6,1010.5,29,47280.0,12.6,25.9,glasgow,2026-04-05T08:24:10.938163
2026-04-05T16:00,5.6,65,-0.5,0.1,62,0.1,0.1,0.0,0.0,0.0,51,1014.2,1012.1,0,41140.0,22.0,43.9,glasgow,2026-04-05T08:24:10.938163
2026-04-05T17:00,4.4,81,1.4,-0.2,31,0.5,0.5,0.0,0.0,0.0,53,1015.1,1013.0,0,33400.0,18.7,37.4,glasgow,2026-04-05T08:24:10.938163
2026-04-05T18:00,5.5,56,-2.6,-0.3,8,0.0,0.0,0.0,0.0,0.0,0,1015.8,1013.7,0,44360.0,23.0,47.2,glasgow,2026-04-05T08:24:10.938163
2026-04-05T19:00,4.3,69,-0.9,0.4,0,0.0,0.0,0.0,0.0,0.0,0,1017.0,1014.9,0,34440.0,11.2,23.8,glasgow,2026-04-05T08:24:10.938163
2026-04-05T20:00,4.0,71,-0.8,-0.1,0,0.0,0.0,0.0,0.0,0.0,0,1018.0,1015.9,0,40560.0,12.2,25.6,glasgow,2026-04-05T08:24:10.938163
2026-04-05T21:00,3.7,74,-0.6,-0.9,0,0.0,0.0,0.0,0.0,0.0,2,1019.0,1016.9,57,43420.0,15.8,32.8,glasgow,2026-04-05T08:24:10.938163
2026-04-05T22:00,3.4,80,0.2,0.5,0,0.0,0.0,0.0,0.0,0.0,2,1019.6,1017.5,73,35860.0,5.4,11.2,glasgow,2026-04-05T08:24:10.938163
2026-04-05T23:00,3.2,78,-0.3,-0.1,0,0.0,0.0,0.0,0.0,0.0,0,1020.1,1018.0,2,37900.0,7.9,16.6,glasgow,2026-04-05T08:24:10.938163
2026-04-05T00:00,12.2,78,8.5,7.2,6,0.0,0.0,0.0,0.0,0.0,3,1005.8,1004.6,100,19800.0,31.3,67.3,london,2026-04-05T08:24:48.479182
2026-04-05T01:00,11.5,62,4.5,6.0,5,0.1,0.1,0.0,0.0,0.0,51,1006.8,1005.6,84,22580.0,28.4,61.6,london,2026-04-05T08:24:48.479182
2026-04-05T02:00,11.0,60,3.5,6.0,4,0.0,0.0,0.0,0.0,0.0,3,1008.1,1006.9,100,21480.0,23.8,52.2,london,2026-04-05T08:24:48.479182
2026-04-05T03:00,10.5,61,3.3,5.8,2,0.0,0.0,0.0,0.0,0.0,3,1008.9,1007.7,100,24000.0,21.2,46.1,london,2026-04-05T08:24:48.479182
2026-04-05T04:00,9.8,64,3.3,5.3,1,0.0,0.0,0.0,0.0,0.0,3,1010.1,1008.9,100,28920.0,20.5,44.6,london,2026-04-05T08:24:48.479182
2026-04-05T05:00,9.6,65,3.3,5.1,0,0.0,0.0,0.0,0.0,0.0,3,1010.8,1009.6,100,25600.0,19.8,42.8,london,2026-04-05T08:24:48.479182
2026-04-05T06:00,9.4,68,3.8,5.2,0,0.0,0.0,0.0,0.0,0.0,3,1011.8,1010.6,99,21900.0,18.4,39.6,london,2026-04-05T08:24:48.479182
2026-04-05T07:00,9.0,77,5.2,5.5,0,0.1,0.1,0.0,0.0,0.0,51,1013.2,1012.0,100,20220.0,15.8,33.8,london,2026-04-05T08:24:48.479182
2026-04-05T08:00,9.0,78,5.4,5.7,1,0.0,0.0,0.0,0.0,0.0,3,1013.8,1012.6,100,17680.0,14.8,31.0,london,2026-04-05T08:24:48.479182
2026-04-05T09:00,10.0,62,3.0,5.0,2,0.0,0.0,0.0,0.0,0.0,2,1014.7,1013.5,75,25120.0,23.0,49.0,london,2026-04-05T08:24:48.479182
2026-04-05T10:00,10.8,55,2.1,5.8,5,0.0,0.0,0.0,0.0,0.0,2,1015.7,1014.5,68,24720.0,22.3,47.9,london,2026-04-05T08:24:48.479182
2026-04-05T11:00,12.0,40,-1.2,6.3,8,0.0,0.0,0.0,0.0,0.0,2,1016.6,1015.4,52,27520.0,23.4,51.5,london,2026-04-05T08:24:48.479182
2026-04-05T12:00,12.0,38,-1.9,6.5,10,0.0,0.0,0.0,0.0,0.0,2,1017.8,1016.6,60,28660.0,21.2,47.2,london,2026-04-05T08:24:48.479182
2026-04-05T13:00,12.3,33,-3.5,6.9,8,0.0,0.0,0.0,0.0,0.0,2,1018.8,1017.6,64,29240.0,19.4,44.3,london,2026-04-05T08:24:48.479182
2026-04-05T14:00,12.6,32,-3.7,7.1,3,0.0,0.0,0.0,0.0,0.0,1,1019.4,1018.2,26,30260.0,19.4,43.6,london,2026-04-05T08:24:48.479182
2026-04-05T15:00,12.3,35,-2.8,7.0,0,0.0,0.0,0.0,0.0,0.0,2,1020.3,1019.1,69,29280.0,19.1,42.5,london,2026-04-05T08:24:48.479182
2026-04-05T16:00,12.0,36,-2.6,7.1,0,0.0,0.0,0.0,0.0,0.0,2,1021.1,1019.9,75,29280.0,16.6,37.1,london,2026-04-05T08:24:48.479182
2026-04-05T17:00,11.8,34,-3.5,6.7,0,0.0,0.0,0.0,0.0,0.0,3,1021.9,1020.7,80,31040.0,17.3,38.5,london,2026-04-05T08:24:48.479182
2026-04-05T18:00,11.4,35,-3.5,6.7,0,0.0,0.0,0.0,0.0,0.0,1,1022.4,1021.2,20,27100.0,14.8,32.0,london,2026-04-05T08:24:48.479182
2026-04-05T19:00,11.0,37,-3.2,6.3,0,0.0,0.0,0.0,0.0,0.0,3,1023.3,1022.1,84,26420.0,14.8,32.0,london,2026-04-05T08:24:48.479182
2026-04-05T20:00,10.1,41,-2.6,5.3,0,0.0,0.0,0.0,0.0,0.0,0,1024.4,1023.2,0,27300.0,15.5,33.8,london,2026-04-05T08:24:48.479182
2026-04-05T21:00,9.2,46,-1.8,4.5,0,0.0,0.0,0.0,0.0,0.0,0,1025.2,1024.0,0,28320.0,15.8,34.6,london,2026-04-05T08:24:48.479182
2026-04-05T22:00,8.4,52,-0.9,4.4,0,0.0,0.0,0.0,0.0,0.0,0,1025.6,1024.4,0,26320.0,11.9,25.9,london,2026-04-05T08:24:48.479182
2026-04-05T23:00,7.8,55,-0.7,4.2,0,0.0,0.0,0.0,0.0,0.0,0,1026.2,1025.0,0,24480.0,9.4,20.2,london,2026-04-05T08:24:48.479182
2026-04-05T00:00,8.3,64,1.9,1.9,67,0.0,0.0,0.0,0.0,0.0,3,999.5,993.7,94,18480.0,31.3,66.2,manchester,2026-04-05T08:25:26.014186
2026-04-05T01:00,7.4,65,1.2,1.5,64,0.0,0.0,0.0,0.0,0.0,3,1002.0,996.2,90,25600.0,27.4,58.0,manchester,2026-04-05T08:25:26.014186
2026-04-05T02:00,7.0,67,1.3,1.5,65,0.0,0.0,0.0,0.0,0.0,3,1003.9,998.0,100,30060.0,24.5,51.5,manchester,2026-04-05T08:25:26.014186
2026-04-05T03:00,7.0,69,1.7,2.1,67,0.0,0.0,0.0,0.0,0.0,3,1005.2,999.3,94,33640.0,21.2,45.0,manchester,2026-04-05T08:25:26.014186
2026-04-05T04:00,7.0,71,2.1,2.3,69,0.0,0.0,0.0,0.0,0.0,2,1006.2,1000.3,77,29460.0,20.2,41.8,manchester,2026-04-05T08:25:26.014186
2026-04-05T05:00,6.6,70,1.5,0.7,73,0.1,0.1,0.0,0.0,0.0,51,1007.0,1001.1,100,14880.0,27.7,57.6,manchester,2026-04-05T08:25:26.014186
2026-04-05T06:00,5.7,88,3.8,1.1,76,2.5,2.5,0.0,0.0,0.0,63,1008.0,1002.1,100,7020.0,21.6,44.3,manchester,2026-04-05T08:25:26.014186
2026-04-05T07:00,6.1,82,3.2,1.5,80,0.3,0.3,0.0,0.0,0.0,51,1008.6,1002.7,89,18220.0,20.9,43.9,manchester,2026-04-05T08:25:26.014186
2026-04-05T08:00,6.6,79,3.2,1.8,85,0.3,0.3,0.0,0.0,0.0,51,1009.9,1004.0,68,23820.0,22.0,45.7,manchester,2026-04-05T08:25:26.014186
2026-04-05T09:00,7.2,65,1.0,1.8,86,0.0,0.0,0.0,0.0,0.0,3,1011.7,1005.8,80,32440.0,23.8,49.7,manchester,2026-04-05T08:25:26.014186
2026-04-05T10:00,7.4,62,0.6,2.2,81,0.0,0.0,0.0,0.0,0.0,2,1012.9,1007.0,52,30080.0,21.2,45.0,manchester,2026-04-05T08:25:26.014186
2026-04-05T11:00,8.0,52,-1.3,2.0,73,0.0,0.0,0.0,0.0,0.0,1,1014.3,1008.4,47,34140.0,25.2,53.3,manchester,2026-04-05T08:25:26.014186
2026-04-05T12:00,8.2,48,-2.1,1.8,67,0.0,0.0,0.0,0.0,0.0,1,1015.2,1009.3,34,34640.0,27.4,57.2,manchester,2026-04-05T08:25:26.014186
2026-04-05T13:00,8.8,40,-4.0,2.4,70,0.0,0.0,0.0,0.0,0.0,1,1016.4,1010.5,27,39460.0,25.9,55.4,manchester,2026-04-05T08:25:26.014186
2026-04-05T14:00,9.2,36,-5.1,2.7,75,0.0,0.0,0.0,0.0,0.0,1,1017.5,1011.6,32,40460.0,25.6,55.1,manchester,2026-04-05T08:25:26.014186
2026-04-05T15:00,8.9,39,-4.3,2.6,73,0.0,0.0,0.0,0.0,0.0,2,1018.3,1012.4,51,39640.0,24.8,52.9,manchester,2026-04-05T08:25:26.014186
2026-04-05T16:00,9.0,40,-3.9,2.9,54,0.0,0.0,0.0,0.0,0.0,3,1018.9,1013.0,80,39160.0,24.1,51.5,manchester,2026-04-05T08:25:26.014186
2026-04-05T17:00,8.3,51,-1.3,2.6,28,0.0,0.0,0.0,0.0,0.0,2,1019.9,1014.0,58,39920.0,23.0,49.0,manchester,2026-04-05T08:25:26.014186
2026-04-05T18:00,8.0,50,-1.8,3.0,8,0.0,0.0,0.0,0.0,0.0,0,1020.5,1014.6,8,38020.0,18.0,37.8,manchester,2026-04-05T08:25:26.014186
2026-04-05T19:00,7.6,54,-1.1,3.5,1,0.0,0.0,0.0,0.0,0.0,3,1021.4,1015.5,100,30720.0,13.0,27.4,manchester,2026-04-05T08:25:26.014186
2026-04-05T20:00,5.8,80,2.6,2.8,0,0.9,0.9,0.0,0.0,0.0,53,1022.5,1016.5,95,28440.0,9.4,19.8,manchester,2026-04-05T08:25:26.014186
2026-04-05T21:00,5.7,81,2.7,3.0,0,0.0,0.0,0.0,0.0,0.0,0,1022.9,1016.9,5,23140.0,7.2,15.5,manchester,2026-04-05T08:25:26.014186
2026-04-05T22:00,5.5,78,1.9,2.7,0,0.0,0.0,0.0,0.0,0.0,0,1023.2,1017.2,0,22760.0,6.5,13.7,manchester,2026-04-05T08:25:26.014186
2026-04-05T23:00,4.7,82,1.9,2.0,0,0.0,0.0,0.0,0.0,0.0,0,1023.9,1017.9,2,23840.0,5.8,13.0,manchester,2026-04-05T08:25:26.014186
2026-04-05T00:00,9.0,54,0.2,5.6,0,0.0,0.0,0.0,0.0,0.0,2,1013.2,994.3,72,40980.0,8.6,26.3,kiev,2026-04-05T08:26:43.690204
2026-04-05T01:00,8.6,58,0.8,5.2,0,0.0,0.0,0.0,0.0,0.0,3,1013.7,994.7,100,40540.0,9.9,24.5,kiev,2026-04-05T08:26:43.690204
2026-04-05T02:00,8.3,62,1.4,4.7,0,0.0,0.0,0.0,0.0,0.0,2,1014.8,995.8,67,39820.0,11.8,30.2,kiev,2026-04-05T08:26:43.690204
2026-04-05T03:00,8.0,66,2.0,4.6,0,0.0,0.0,0.0,0.0,0.0,3,1015.8,996.8,92,38640.0,10.8,32.4,kiev,2026-04-05T08:26:43.690204
2026-04-05T04:00,7.5,69,2.2,4.0,0,0.0,0.0,0.0,0.0,0.0,0,1016.2,997.1,0,37820.0,12.0,30.6,kiev,2026-04-05T08:26:43.690204
2026-04-05T05:00,7.4,62,0.6,3.4,0,0.0,0.0,0.0,0.0,0.0,0,1016.7,997.6,0,39520.0,13.3,34.9,kiev,2026-04-05T08:26:43.690204
2026-04-05T06:00,8.0,53,-1.0,3.7,0,0.0,0.0,0.0,0.0,0.0,0,1017.3,998.2,0,40820.0,14.3,37.8,kiev,2026-04-05T08:26:43.690204
2026-04-05T07:00,9.2,46,-1.9,4.7,0,0.0,0.0,0.0,0.0,0.0,0,1017.8,998.8,3,41580.0,14.1,38.2,kiev,2026-04-05T08:26:43.690204
2026-04-05T08:00,10.3,41,-2.4,5.9,0,0.0,0.0,0.0,0.0,0.0,0,1017.9,999.0,0,42340.0,14.4,39.2,kiev,2026-04-05T08:26:43.690204
2026-04-05T09:00,11.5,36,-3.1,7.4,0,0.0,0.0,0.0,0.0,0.0,0,1017.6,998.8,0,43720.0,15.1,41.4,kiev,2026-04-05T08:26:43.690204
2026-04-05T10:00,12.6,30,-4.6,8.5,0,0.0,0.0,0.0,0.0,0.0,0,1017.3,998.5,0,46200.0,15.4,42.5,kiev,2026-04-05T08:26:43.690204
2026-04-05T11:00,13.6,26,-5.6,9.4,0,0.0,0.0,0.0,0.0,0.0,0,1016.9,998.2,0,48860.0,15.5,42.5,kiev,2026-04-05T08:26:43.690204
2026-04-05T12:00,14.3,21,-7.8,9.6,0,0.0,0.0,0.0,0.0,0.0,0,1016.3,997.7,0,53760.0,15.4,42.5,kiev,2026-04-05T08:26:43.690204
2026-04-05T13:00,14.6,20,-8.2,9.4,0,0.0,0.0,0.0,0.0,0.0,0,1015.8,997.2,1,54820.0,15.4,42.1,kiev,2026-04-05T08:26:43.690204
2026-04-05T14:00,14.6,21,-7.5,9.4,0,0.0,0.0,0.0,0.0,0.0,0,1015.7,997.1,3,54120.0,14.6,41.4,kiev,2026-04-05T08:26:43.690204
2026-04-05T15:00,14.2,25,-5.6,9.4,0,0.0,0.0,0.0,0.0,0.0,0,1015.9,997.3,0,51160.0,13.0,39.2,kiev,2026-04-05T08:26:43.690204
2026-04-05T16:00,13.4,28,-4.7,9.2,0,0.0,0.0,0.0,0.0,0.0,0,1016.3,997.6,0,48760.0,9.9,34.9,kiev,2026-04-05T08:26:43.690204
2026-04-05T17:00,12.0,33,-3.8,8.5,0,0.0,0.0,0.0,0.0,0.0,0,1016.9,998.1,0,46340.0,5.8,25.9,kiev,2026-04-05T08:26:43.690204
2026-04-05T18:00,10.8,37,-3.4,7.4,0,0.0,0.0,0.0,0.0,0.0,0,1017.0,998.1,1,44720.0,5.0,15.8,kiev,2026-04-05T08:26:43.690204
2026-04-05T19:00,9.9,43,-2.1,6.7,0,0.0,0.0,0.0,0.0,0.0,0,1016.8,997.9,1,43120.0,5.3,13.0,kiev,2026-04-05T08:26:43.690204
2026-04-05T20:00,9.3,47,-1.4,6.3,0,0.0,0.0,0.0,0.0,0.0,1,1016.5,997.5,22,42180.0,5.0,13.3,kiev,2026-04-05T08:26:43.690204
2026-04-05T21:00,8.8,50,-1.0,5.8,0,0.0,0.0,0.0,0.0,0.0,2,1016.4,997.4,65,41700.0,4.8,13.0,kiev,2026-04-05T08:26:43.690204
2026-04-05T22:00,8.6,50,-1.3,5.5,0,0.0,0.0,0.0,0.0,0.0,3,1016.1,997.1,86,41700.0,5.4,13.7,kiev,2026-04-05T08:26:43.690204
2026-04-05T23:00,8.8,48,-1.6,5.4,0,0.0,0.0,0.0,0.0,0.0,2,1015.7,996.7,69,41940.0,7.0,18.4,kiev,2026-04-05T08:26:43.690204
2026-04-05T00:00,16.3,58,8.0,12.7,0,0.0,0.0,0.0,0.0,0.0,2,1023.8,1018.5,71,24140.0,21.3,38.9,montevideo,2026-04-05T08:26:46.066149
2026-04-05T01:00,16.3,61,8.7,13.0,0,0.0,0.0,0.0,0.0,0.0,2,1024.1,1018.8,80,24140.0,20.1,35.6,montevideo,2026-04-05T08:26:46.066149
2026-04-05T02:00,16.1,57,7.6,12.8,0,0.0,0.0,0.0,0.0,0.0,2,1024.3,1019.0,69,24140.0,18.3,33.1,montevideo,2026-04-05T08:26:46.066149
2026-04-05T03:00,15.9,60,8.2,13.3,0,0.0,0.0,0.0,0.0,0.0,2,1024.3,1019.0,68,24140.0,14.4,30.2,montevideo,2026-04-05T08:26:46.066149
2026-04-05T04:00,15.9,64,9.1,14.0,0,0.0,0.0,0.0,0.0,0.0,2,1024.3,1019.0,65,24140.0,11.5,23.4,montevideo,2026-04-05T08:26:46.066149
2026-04-05T05:00,15.7,66,9.4,13.9,0,0.0,0.0,0.0,0.0,0.0,2,1023.8,1018.5,70,24140.0,11.2,19.1,montevideo,2026-04-05T08:26:46.066149
2026-04-05T06:00,15.6,69,9.9,14.1,0,0.0,0.0,0.0,0.0,0.0,2,1023.6,1018.3,73,24140.0,10.2,18.4,montevideo,2026-04-05T08:26:46.066149
2026-04-05T07:00,15.4,72,10.4,14.4,0,0.0,0.0,0.0,0.0,0.0,2,1023.6,1018.3,78,24140.0,8.1,16.6,montevideo,2026-04-05T08:26:46.066149
2026-04-05T08:00,15.0,77,11.0,14.4,0,0.0,0.0,0.0,0.0,0.0,2,1023.5,1018.2,70,24140.0,6.6,13.0,montevideo,2026-04-05T08:26:46.066149
2026-04-05T09:00,14.8,80,11.4,14.4,3,0.0,0.0,0.0,0.0,0.0,2,1024.1,1018.8,65,24140.0,5.7,10.4,montevideo,2026-04-05T08:26:46.066149
2026-04-05T10:00,14.6,80,11.2,14.2,0,0.0,0.0,0.0,0.0,0.0,2,1024.0,1018.7,80,24140.0,5.6,9.4,montevideo,2026-04-05T08:26:46.066149
2026-04-05T11:00,14.5,79,10.9,14.1,3,0.0,0.0,0.0,0.0,0.0,2,1024.6,1019.3,63,24140.0,5.1,9.0,montevideo,2026-04-05T08:26:46.066149
2026-04-05T12:00,15.4,79,11.8,15.0,0,0.0,0.0,0.0,0.0,0.0,3,1024.7,1019.4,83,24140.0,6.6,11.5,montevideo,2026-04-05T08:26:46.066149
2026-04-05T13:00,16.3,71,11.0,15.2,0,0.0,0.0,0.0,0.0,0.0,3,1025.1,1019.8,84,24140.0,9.4,16.2,montevideo,2026-04-05T08:26:46.066149
2026-04-05T14:00,16.9,65,10.3,15.5,0,0.0,0.0,0.0,0.0,0.0,2,1025.0,1019.7,60,24140.0,10.2,18.0,montevideo,2026-04-05T08:26:46.066149
2026-04-05T15:00,18.1,63,11.0,17.8,0,0.0,0.0,0.0,0.0,0.0,1,1024.8,1019.5,42,24140.0,8.2,17.6,montevideo,2026-04-05T08:26:46.066149
2026-04-05T16:00,19.0,60,11.0,19.4,3,0.0,0.0,0.0,0.0,0.0,2,1024.1,1018.8,65,24140.0,6.0,15.5,montevideo,2026-04-05T08:26:46.066149
2026-04-05T17:00,19.0,58,10.6,17.3,0,0.0,0.0,0.0,0.0,0.0,3,1023.4,1018.2,98,24140.0,13.1,22.7,montevideo,2026-04-05T08:26:46.066149
2026-04-05T18:00,18.2,61,10.6,15.8,0,0.0,0.0,0.0,0.0,0.0,3,1022.9,1017.6,100,24140.0,17.6,29.9,montevideo,2026-04-05T08:26:46.066149
2026-04-05T19:00,18.1,60,10.2,15.6,0,0.0,0.0,0.0,0.0,0.0,2,1022.7,1017.4,81,24140.0,18.0,30.6,montevideo,2026-04-05T08:26:46.066149
2026-04-05T20:00,18.1,59,9.9,15.4,0,0.0,0.0,0.0,0.0,0.0,2,1022.3,1017.0,74,24140.0,18.4,31.0,montevideo,2026-04-05T08:26:46.066149
2026-04-05T21:00,17.4,61,9.8,14.7,0,0.0,0.0,0.0,0.0,0.0,1,1022.3,1017.0,40,24140.0,18.5,31.3,montevideo,2026-04-05T08:26:46.066149
2026-04-05T22:00,16.4,65,9.8,13.8,0,0.0,0.0,0.0,0.0,0.0,1,1022.0,1016.7,28,24140.0,17.5,31.0,montevideo,2026-04-05T08:26:46.066149
2026-04-05T23:00,15.7,67,9.6,13.2,0,0.0,0.0,0.0,0.0,0.0,1,1021.8,1016.5,29,24140.0,17.0,28.8,montevideo,2026-04-05T08:26:46.066149
2026-04-05T00:00,25.0,64,17.8,26.1,15,0.0,0.0,0.0,0.0,0.0,0,1018.6,984.9,6,25700.0,11.6,25.9,atlanta,2026-04-05T08:26:48.443159
2026-04-05T01:00,23.1,73,18.0,24.5,13,0.0,0.0,0.0,0.0,0.0,0,1018.4,984.4,0,21100.0,10.4,22.7,atlanta,2026-04-05T08:26:48.443159
2026-04-05T02:00,22.3,79,18.5,23.0,9,0.0,0.0,0.0,0.0,0.0,2,1019.3,985.2,62,17900.0,16.6,41.4,atlanta,2026-04-05T08:26:48.443159
2026-04-05T03:00,21.8,79,18.0,21.8,15,0.0,0.0,0.0,0.0,0.0,3,1019.8,985.7,92,17800.0,19.5,48.2,atlanta,2026-04-05T08:26:48.443159
2026-04-05T04:00,21.2,75,16.6,21.6,10,0.0,0.0,0.0,0.0,0.0,3,1019.6,985.4,100,20000.0,12.9,39.2,atlanta,2026-04-05T08:26:48.443159
2026-04-05T05:00,20.5,78,16.6,21.0,24,0.0,0.0,0.0,0.0,0.0,3,1019.2,984.9,99,18500.0,12.4,38.9,atlanta,2026-04-05T08:26:48.443159
2026-04-05T06:00,20.3,77,16.2,20.8,30,0.0,0.0,0.0,0.0,0.0,3,1019.2,984.9,99,18500.0,11.7,37.4,atlanta,2026-04-05T08:26:48.443159
2026-04-05T07:00,19.1,84,16.3,19.6,32,0.2,0.2,0.0,0.0,0.0,51,1017.7,983.3,100,16200.0,11.4,36.7,atlanta,2026-04-05T08:26:48.443159
2026-04-05T08:00,18.6,85,16.1,18.8,18,0.0,0.0,0.0,0.0,0.0,3,1018.2,983.7,100,15900.0,13.1,32.8,atlanta,2026-04-05T08:26:48.443159
2026-04-05T09:00,18.6,88,16.6,19.5,14,0.0,0.0,0.0,0.0,0.0,3,1017.8,983.4,96,14600.0,9.4,29.5,atlanta,2026-04-05T08:26:48.443159
2026-04-05T10:00,18.6,91,17.1,19.8,19,0.1,0.1,0.0,0.0,0.0,51,1018.4,983.9,100,13800.0,9.2,26.6,atlanta,2026-04-05T08:26:48.443159
2026-04-05T11:00,18.8,91,17.3,19.9,23,0.1,0.1,0.0,0.0,0.0,51,1018.8,984.3,100,13500.0,10.1,25.6,atlanta,2026-04-05T08:26:48.443159
2026-04-05T12:00,18.9,94,17.9,19.7,24,0.9,0.9,0.0,0.0,0.0,53,1018.3,983.9,100,9500.0,14.0,33.1,atlanta,2026-04-05T08:26:48.443159
2026-04-05T13:00,19.0,93,17.9,20.5,25,1.1,1.1,0.0,0.0,0.0,55,1018.4,984.0,100,6500.0,9.6,26.3,atlanta,2026-04-05T08:26:48.443159
2026-04-05T14:00,18.8,94,17.8,19.9,43,12.1,12.1,0.0,0.0,0.0,65,1018.5,984.1,100,7800.0,11.9,24.5,atlanta,2026-04-05T08:26:48.443159
2026-04-05T15:00,19.2,94,18.2,20.6,62,0.8,0.8,0.0,0.0,0.0,53,1018.0,983.6,100,13000.0,11.6,25.2,atlanta,2026-04-05T08:26:48.443159
2026-04-05T16:00,19.4,90,17.8,20.3,65,0.2,0.2,0.0,0.0,0.0,51,1018.8,984.4,100,14400.0,13.0,24.5,atlanta,2026-04-05T08:26:48.443159
2026-04-05T17:00,15.6,91,14.2,14.3,56,0.5,0.5,0.0,0.0,0.0,53,1018.4,983.6,100,14000.0,18.3,31.3,atlanta,2026-04-05T08:26:48.443159
2026-04-05T18:00,15.6,89,13.8,14.5,27,0.6,0.6,0.0,0.0,0.0,53,1018.2,983.4,100,4500.0,15.6,29.2,atlanta,2026-04-05T08:26:48.443159
2026-04-05T19:00,16.2,85,13.7,15.6,14,0.0,0.0,0.0,0.0,0.0,3,1018.1,983.4,100,16200.0,12.5,29.9,atlanta,2026-04-05T08:26:48.443159
2026-04-05T20:00,18.1,79,14.4,16.7,8,0.0,0.0,0.0,0.0,0.0,3,1017.6,983.1,100,19700.0,19.7,31.7,atlanta,2026-04-05T08:26:48.443159
2026-04-05T21:00,18.3,71,13.0,16.4,1,0.0,0.0,0.0,0.0,0.0,3,1017.4,982.9,100,23900.0,20.6,32.8,atlanta,2026-04-05T08:26:48.443159
2026-04-05T22:00,17.4,70,11.9,15.4,0,0.0,0.0,0.0,0.0,0.0,3,1017.2,982.6,100,24900.0,18.3,32.0,atlanta,2026-04-05T08:26:48.443159
2026-04-05T23:00,15.7,70,10.3,13.3,0,0.0,0.0,0.0,0.0,0.0,3,1017.9,983.1,100,24500.0,17.7,35.6,atlanta,2026-04-05T08:26:48.443159
2026-04-05T00:00,3.8,76,-0.1,-1.1,1,0.0,0.0,0.0,0.0,0.0,3,1028.6,1025.3,100,20200.0,19.0,33.1,boston,2026-04-05T08:26:50.826637
2026-04-05T01:00,3.6,80,0.5,-1.0,18,0.0,0.0,0.0,0.0,0.0,3,1028.7,1025.4,100,18400.0,17.7,27.4,boston,2026-04-05T08:26:50.826637
2026-04-05T02:00,3.7,84,1.2,-0.4,4,0.0,0.0,0.0,0.0,0.0,3,1028.1,1024.8,100,16800.0,14.9,28.8,boston,2026-04-05T08:26:50.826637
2026-04-05T03:00,3.5,89,1.9,-0.5,3,0.0,0.0,0.0,0.0,0.0,3,1027.1,1023.8,100,14300.0,14.9,32.0,boston,2026-04-05T08:26:50.826637
2026-04-05T04:00,3.7,87,1.8,-0.1,1,0.0,0.0,0.0,0.0,0.0,3,1025.9,1022.6,100,15400.0,13.6,30.2,boston,2026-04-05T08:26:50.826637
2026-04-05T05:00,3.7,89,2.1,0.2,5,0.0,0.0,0.0,0.0,0.0,3,1024.7,1021.4,100,14700.0,12.3,24.5,boston,2026-04-05T08:26:50.826637
2026-04-05T06:00,3.8,90,2.3,0.7,11,0.0,0.0,0.0,0.0,0.0,3,1023.7,1020.4,100,14300.0,9.4,24.5,boston,2026-04-05T08:26:50.826637
2026-04-05T07:00,3.7,92,2.5,0.5,11,0.0,0.0,0.0,0.0,0.0,3,1022.0,1018.7,100,13400.0,9.7,25.2,boston,2026-04-05T08:26:50.826637
2026-04-05T08:00,3.6,96,3.0,0.5,7,0.0,0.0,0.0,0.0,0.0,3,1020.0,1016.7,100,12200.0,10.4,21.2,boston,2026-04-05T08:26:50.826637
2026-04-05T09:00,3.9,96,3.3,1.0,14,0.0,0.0,0.0,0.0,0.0,3,1018.4,1015.1,100,12200.0,9.2,20.9,boston,2026-04-05T08:26:50.826637
2026-04-05T10:00,3.9,99,3.8,1.7,7,0.0,0.0,0.0,0.0,0.0,45,1017.1,1013.8,100,300.0,5.2,10.1,boston,2026-04-05T08:26:50.826637
2026-04-05T11:00,4.0,100,4.0,2.1,15,0.0,0.0,0.0,0.0,0.0,45,1015.1,1011.9,100,100.0,3.7,9.4,boston,2026-04-05T08:26:50.826637
2026-04-05T12:00,4.6,100,4.6,2.5,11,0.2,0.2,0.0,0.0,0.0,51,1013.6,1010.4,100,100.0,5.1,13.0,boston,2026-04-05T08:26:50.826637
2026-04-05T13:00,5.3,100,5.3,3.3,10,0.0,0.0,0.0,0.0,0.0,45,1012.4,1009.2,100,100.0,5.3,13.3,boston,2026-04-05T08:26:50.826637
2026-04-05T14:00,6.2,100,6.2,4.3,6,0.0,0.0,0.0,0.0,0.0,45,1010.9,1007.7,100,0.0,6.8,17.3,boston,2026-04-05T08:26:50.826637
2026-04-05T15:00,8.0,100,8.0,6.0,17,0.0,0.0,0.0,0.0,0.0,45,1010.2,1007.0,100,100.0,10.5,22.7,boston,2026-04-05T08:26:50.826637
2026-04-05T16:00,9.5,99,9.4,7.6,42,0.1,0.1,0.0,0.0,0.0,51,1008.8,1005.6,100,200.0,11.8,29.2,boston,2026-04-05T08:26:50.826637
2026-04-05T17:00,11.6,96,11.0,9.7,65,0.1,0.1,0.0,0.0,0.0,51,1007.8,1004.7,100,2200.0,15.1,33.5,boston,2026-04-05T08:26:50.826637
2026-04-05T18:00,12.2,95,11.4,10.4,50,0.9,0.9,0.0,0.0,0.0,53,1007.2,1004.1,100,4200.0,15.0,33.8,boston,2026-04-05T08:26:50.826637
2026-04-05T19:00,13.0,91,11.6,11.0,67,0.3,0.3,0.0,0.0,0.0,51,1006.3,1003.2,100,13500.0,17.0,35.3,boston,2026-04-05T08:26:50.826637
2026-04-05T20:00,13.1,90,11.5,10.7,58,0.1,0.1,0.0,0.0,0.0,51,1005.9,1002.8,100,13900.0,19.2,41.8,boston,2026-04-05T08:26:50.826637
2026-04-05T21:00,13.3,90,11.7,11.6,55,0.2,0.2,0.0,0.0,0.0,51,1004.8,1001.7,100,14000.0,15.1,35.3,boston,2026-04-05T08:26:50.826637
2026-04-05T22:00,13.2,88,11.2,11.3,56,0.7,0.7,0.0,0.0,0.0,53,1004.7,1001.6,100,12000.0,15.8,38.2,boston,2026-04-05T08:26:50.826637
2026-04-05T23:00,12.9,91,11.4,11.2,54,0.6,0.6,0.0,0.0,0.0,53,1005.4,1002.3,100,13400.0,14.5,40.3,boston,2026-04-05T08:26:50.826637
2026-04-05T00:00,5.7,70,0.7,-0.8,0,0.0,0.0,0.0,0.0,0.0,3,1013.7,991.2,100,24500.0,31.4,52.9,chicago,2026-04-05T08:28:08.492856
2026-04-05T01:00,5.6,72,0.9,0.2,0,0.0,0.0,0.0,0.0,0.0,3,1014.1,991.5,89,23600.0,23.2,49.7,chicago,2026-04-05T08:28:08.492856
2026-04-05T02:00,5.0,66,-0.8,-1.1,1,0.0,0.0,0.0,0.0,0.0,3,1014.9,992.3,100,27100.0,26.3,55.1,chicago,2026-04-05T08:28:08.492856
2026-04-05T03:00,4.4,71,-0.4,-0.1,0,0.0,0.0,0.0,0.0,0.0,3,1015.1,992.4,99,24400.0,16.3,44.6,chicago,2026-04-05T08:28:08.492856
2026-04-05T04:00,4.7,72,0.1,0.1,0,0.0,0.0,0.0,0.0,0.0,3,1014.7,992.0,100,23400.0,16.8,45.4,chicago,2026-04-05T08:28:08.492856
2026-04-05T05:00,4.2,77,0.6,-0.5,0,0.0,0.0,0.0,0.0,0.0,3,1015.1,992.4,100,20900.0,18.5,43.6,chicago,2026-04-05T08:28:08.492856
2026-04-05T06:00,4.7,69,-0.5,-0.3,0,0.0,0.0,0.0,0.0,0.0,3,1015.3,992.6,86,25300.0,19.3,49.7,chicago,2026-04-05T08:28:08.492856
2026-04-05T07:00,3.0,76,-0.8,-1.4,0,0.0,0.0,0.0,0.0,0.0,0,1015.3,992.5,17,21200.0,14.9,42.5,chicago,2026-04-05T08:28:08.492856
2026-04-05T08:00,2.2,80,-0.9,-2.2,0,0.0,0.0,0.0,0.0,0.0,0,1015.9,993.0,0,18900.0,14.9,43.6,chicago,2026-04-05T08:28:08.492856
2026-04-05T09:00,1.9,83,-0.7,-2.4,0,0.0,0.0,0.0,0.0,0.0,0,1016.6,993.7,8,17100.0,14.4,43.6,chicago,2026-04-05T08:28:08.492856
2026-04-05T10:00,1.6,85,-0.6,-2.7,0,0.0,0.0,0.0,0.0,0.0,0,1017.5,994.5,12,16400.0,14.4,45.4,chicago,2026-04-05T08:28:08.492856
2026-04-05T11:00,1.7,83,-0.9,-2.9,0,0.0,0.0,0.0,0.0,0.0,3,1017.6,994.6,94,17300.0,16.2,44.3,chicago,2026-04-05T08:28:08.492856
2026-04-05T12:00,1.8,84,-0.6,-2.7,0,0.0,0.0,0.0,0.0,0.0,3,1018.7,995.7,100,16900.0,15.8,40.0,chicago,2026-04-05T08:28:08.492856
2026-04-05T13:00,1.9,82,-0.9,-3.3,0,0.0,0.0,0.0,0.0,0.0,3,1019.6,996.6,100,18200.0,20.4,40.7,chicago,2026-04-05T08:28:08.492856
2026-04-05T14:00,2.0,83,-0.5,-3.1,0,0.0,0.0,0.0,0.0,0.0,3,1020.4,997.4,100,18100.0,20.2,39.6,chicago,2026-04-05T08:28:08.492856
2026-04-05T15:00,2.6,82,-0.1,-2.5,0,0.0,0.0,0.0,0.0,0.0,3,1021.4,998.4,100,18600.0,20.3,35.6,chicago,2026-04-05T08:28:08.492856
2026-04-05T16:00,3.8,79,0.5,-0.9,0,0.0,0.0,0.0,0.0,0.0,3,1022.0,999.1,100,20100.0,18.4,32.0,chicago,2026-04-05T08:28:08.492856
2026-04-05T17:00,5.1,77,1.4,0.4,0,0.0,0.0,0.0,0.0,0.0,3,1022.2,999.4,90,21000.0,19.7,36.0,chicago,2026-04-05T08:28:08.492856
2026-04-05T18:00,6.4,70,1.3,1.9,0,0.0,0.0,0.0,0.0,0.0,1,1022.1,999.4,34,25000.0,20.0,34.9,chicago,2026-04-05T08:28:08.492856
2026-04-05T19:00,7.7,65,1.5,4.0,0,0.0,0.0,0.0,0.0,0.0,0,1022.2,999.6,19,28100.0,20.6,33.1,chicago,2026-04-05T08:28:08.492856
2026-04-05T20:00,8.6,64,2.2,4.8,0,0.0,0.0,0.0,0.0,0.0,1,1022.1,999.6,28,28700.0,20.8,34.2,chicago,2026-04-05T08:28:08.492856
2026-04-05T21:00,8.8,66,2.8,4.3,0,0.0,0.0,0.0,0.0,0.0,2,1021.8,999.3,51,27200.0,19.4,34.9,chicago,2026-04-05T08:28:08.492856
2026-04-05T22:00,9.1,66,3.1,4.9,0,0.0,0.0,0.0,0.0,0.0,3,1021.4,999.0,100,27000.0,18.1,34.6,chicago,2026-04-05T08:28:08.492856
2026-04-05T23:00,8.4,74,4.0,5.2,0,0.0,0.0,0.0,0.0,0.0,3,1021.7,999.2,100,22700.0,12.0,31.7,chicago,2026-04-05T08:28:08.492856
2026-04-05T00:00,20.1,77,16.0,19.0,63,1.1,1.1,0.0,0.0,0.0,55,1008.6,985.4,98,20000.0,22.2,60.8,cleveland,2026-04-05T08:28:46.021797
2026-04-05T01:00,18.4,88,16.4,18.3,77,0.0,0.0,0.0,0.0,0.0,3,1009.0,985.7,100,15300.0,16.0,34.2,cleveland,2026-04-05T08:28:46.021797
2026-04-05T02:00,16.2,91,14.7,15.5,96,1.9,1.9,0.0,0.0,0.0,61,1010.2,986.7,100,14300.0,15.4,44.3,cleveland,2026-04-05T08:28:46.021797
2026-04-05T03:00,15.1,86,12.8,13.1,71,0.0,0.0,0.0,0.0,0.0,3,1010.4,986.8,100,16500.0,19.8,45.0,cleveland,2026-04-05T08:28:46.021797
2026-04-05T04:00,12.9,85,10.5,10.4,48,0.4,0.4,0.0,0.0,0.0,51,1011.0,987.2,100,17300.0,18.2,37.4,cleveland,2026-04-05T08:28:46.021797
2026-04-05T05:00,11.6,90,10.1,8.8,70,1.2,1.2,0.0,0.0,0.0,55,1011.3,987.4,100,14300.0,19.8,45.4,cleveland,2026-04-05T08:28:46.021797
2026-04-05T06:00,10.8,83,8.0,7.3,47,0.2,0.2,0.0,0.0,0.0,51,1011.9,987.9,100,17500.0,20.5,44.6,cleveland,2026-04-05T08:28:46.021797
2026-04-05T07:00,8.2,79,4.8,3.3,15,0.0,0.0,0.0,0.0,0.0,3,1013.4,989.1,100,19500.0,25.1,51.8,cleveland,2026-04-05T08:28:46.021797
2026-04-05T08:00,7.0,78,3.4,2.8,3,0.0,0.0,0.0,0.0,0.0,3,1014.0,989.6,100,19800.0,18.5,42.5,cleveland,2026-04-05T08:28:46.021797
2026-04-05T09:00,6.1,74,1.8,1.9,1,0.0,0.0,0.0,0.0,0.0,3,1013.6,989.2,100,22100.0,16.5,38.2,cleveland,2026-04-05T08:28:46.021797
2026-04-05T10:00,5.8,76,1.9,1.5,0,0.0,0.0,0.0,0.0,0.0,3,1014.0,989.5,100,21100.0,17.2,40.7,cleveland,2026-04-05T08:28:46.021797
2026-04-05T11:00,4.7,74,0.5,0.5,1,0.0,0.0,0.0,0.0,0.0,3,1014.4,989.8,100,21900.0,15.3,40.3,cleveland,2026-04-05T08:28:46.021797
2026-04-05T12:00,5.1,76,1.2,0.9,1,0.0,0.0,0.0,0.0,0.0,2,1014.7,990.1,54,21100.0,15.6,41.8,cleveland,2026-04-05T08:28:46.021797
2026-04-05T13:00,5.4,74,1.2,0.6,1,0.0,0.0,0.0,0.0,0.0,3,1015.1,990.6,100,22500.0,19.8,41.4,cleveland,2026-04-05T08:28:46.021797
2026-04-05T14:00,5.5,74,1.2,0.9,1,0.0,0.0,0.0,0.0,0.0,3,1015.1,990.6,100,22400.0,18.5,37.1,cleveland,2026-04-05T08:28:46.021797
2026-04-05T15:00,5.9,74,1.6,1.1,1,0.0,0.0,0.0,0.0,0.0,3,1015.6,991.1,100,22500.0,20.3,36.4,cleveland,2026-04-05T08:28:46.021797
2026-04-05T16:00,6.1,69,0.9,0.8,1,0.0,0.0,0.0,0.0,0.0,3,1016.2,991.7,100,25500.0,22.8,38.9,cleveland,2026-04-05T08:28:46.021797
2026-04-05T17:00,4.9,78,1.4,-0.2,0,0.0,0.0,0.0,0.0,0.0,3,1016.2,991.6,100,20100.0,22.4,40.3,cleveland,2026-04-05T08:28:46.021797
2026-04-05T18:00,5.6,74,1.4,0.5,2,0.0,0.0,0.0,0.0,0.0,3,1016.0,991.5,100,22300.0,22.4,39.2,cleveland,2026-04-05T08:28:46.021797
2026-04-05T19:00,5.1,79,1.7,0.0,3,0.0,0.0,0.0,0.0,0.0,3,1016.7,992.1,100,19700.0,22.0,44.3,cleveland,2026-04-05T08:28:46.021797
2026-04-05T20:00,4.8,80,1.6,-0.9,3,0.0,0.0,0.0,0.0,0.0,3,1017.4,992.8,100,19100.0,26.1,48.6,cleveland,2026-04-05T08:28:46.021797
2026-04-05T21:00,3.8,82,1.0,-1.9,3,0.0,0.0,0.0,0.0,0.0,3,1017.7,993.0,100,17900.0,25.3,51.1,cleveland,2026-04-05T08:28:46.021797
2026-04-05T22:00,3.2,82,0.4,-2.3,2,0.0,0.0,0.0,0.0,0.0,3,1017.9,993.1,100,17700.0,23.9,49.3,cleveland,2026-04-05T08:28:46.021797
2026-04-05T23:00,3.1,82,0.3,-2.4,3,0.0,0.0,0.0,0.0,0.0,3,1018.9,994.1,100,17900.0,23.4,49.0,cleveland,2026-04-05T08:28:46.021797
2026-04-05T00:00,19.1,50,8.4,17.0,0,0.0,0.0,0.0,0.0,0.0,0,1020.7,1003.0,0,40200.0,11.3,26.6,dallas,2026-04-05T08:29:23.553089
2026-04-05T01:00,17.0,47,5.6,14.2,0,0.0,0.0,0.0,0.0,0.0,0,1021.0,1003.2,11,43100.0,12.4,24.5,dallas,2026-04-05T08:29:23.553089
2026-04-05T02:00,15.4,54,6.2,13.0,0,0.0,0.0,0.0,0.0,0.0,0,1022.0,1004.0,2,36100.0,10.0,23.8,dallas,2026-04-05T08:29:23.553089
2026-04-05T03:00,13.7,69,8.1,12.0,0,0.0,0.0,0.0,0.0,0.0,0,1023.3,1005.2,5,25300.0,7.9,20.2,dallas,2026-04-05T08:29:23.553089
2026-04-05T04:00,13.3,66,7.1,11.7,0,0.0,0.0,0.0,0.0,0.0,1,1024.1,1006.0,39,27000.0,6.4,21.2,dallas,2026-04-05T08:29:23.553089
2026-04-05T05:00,12.7,59,4.9,10.3,0,0.0,0.0,0.0,0.0,0.0,0,1024.3,1006.1,1,32300.0,8.6,24.1,dallas,2026-04-05T08:29:23.553089
2026-04-05T06:00,12.3,58,4.3,9.3,0,0.0,0.0,0.0,0.0,0.0,0,1024.4,1006.2,0,32600.0,11.3,28.4,dallas,2026-04-05T08:29:23.553089
2026-04-05T07:00,11.5,58,3.6,8.9,0,0.0,0.0,0.0,0.0,0.0,0,1023.9,1005.7,0,33200.0,7.7,26.3,dallas,2026-04-05T08:29:23.553089
2026-04-05T08:00,10.6,59,3.0,7.4,0,0.0,0.0,0.0,0.0,0.0,0,1024.6,1006.3,0,32400.0,11.4,28.4,dallas,2026-04-05T08:29:23.553089
2026-04-05T09:00,10.1,67,4.2,7.0,0,0.0,0.0,0.0,0.0,0.0,0,1025.9,1007.5,0,25800.0,12.0,24.8,dallas,2026-04-05T08:29:23.553089
2026-04-05T10:00,9.9,72,5.1,7.2,0,0.0,0.0,0.0,0.0,0.0,3,1026.1,1007.7,93,22900.0,10.4,23.0,dallas,2026-04-05T08:29:23.553089
2026-04-05T11:00,9.6,71,4.6,6.7,0,0.0,0.0,0.0,0.0,0.0,3,1027.1,1008.7,93,22900.0,11.1,23.4,dallas,2026-04-05T08:29:23.553089
2026-04-05T12:00,9.3,73,4.7,6.9,0,0.0,0.0,0.0,0.0,0.0,2,1027.3,1008.9,60,21900.0,7.7,20.5,dallas,2026-04-05T08:29:23.553089
2026-04-05T13:00,9.9,73,5.3,7.8,0,0.0,0.0,0.0,0.0,0.0,0,1027.9,1009.5,2,23600.0,6.2,21.2,dallas,2026-04-05T08:29:23.553089
2026-04-05T14:00,12.3,58,4.3,8.9,0,0.0,0.0,0.0,0.0,0.0,3,1028.8,1010.5,100,34200.0,14.3,41.8,dallas,2026-04-05T08:29:23.553089
2026-04-05T15:00,14.1,52,4.4,10.4,0,0.0,0.0,0.0,0.0,0.0,3,1029.4,1011.2,100,37300.0,16.3,40.0,dallas,2026-04-05T08:29:23.553089
2026-04-05T16:00,15.9,48,4.9,12.8,0,0.0,0.0,0.0,0.0,0.0,0,1029.4,1011.3,4,40400.0,17.6,36.7,dallas,2026-04-05T08:29:23.553089
2026-04-05T17:00,17.6,42,4.5,14.8,0,0.0,0.0,0.0,0.0,0.0,0,1029.0,1011.1,1,44500.0,19.9,37.4,dallas,2026-04-05T08:29:23.553089
2026-04-05T18:00,18.8,39,4.5,16.2,0,0.0,0.0,0.0,0.0,0.0,3,1028.3,1010.4,92,48100.0,21.7,40.0,dallas,2026-04-05T08:29:23.553089
2026-04-05T19:00,19.6,36,4.1,17.2,0,0.0,0.0,0.0,0.0,0.0,3,1027.9,1010.1,100,51000.0,21.1,37.1,dallas,2026-04-05T08:29:23.553089
2026-04-05T20:00,20.2,34,3.8,17.8,0,0.0,0.0,0.0,0.0,0.0,3,1027.2,1009.4,100,54200.0,19.6,37.8,dallas,2026-04-05T08:29:23.553089
2026-04-05T21:00,20.6,33,3.8,17.5,0,0.0,0.0,0.0,0.0,0.0,3,1026.2,1008.5,100,55200.0,20.2,36.0,dallas,2026-04-05T08:29:23.553089
2026-04-05T22:00,20.5,34,4.1,16.7,0,0.0,0.0,0.0,0.0,0.0,3,1025.7,1008.0,100,55800.0,20.1,35.6,dallas,2026-04-05T08:29:23.553089
2026-04-05T23:00,20.0,35,4.1,15.8,0,0.0,0.0,0.0,0.0,0.0,3,1025.5,1007.8,100,52600.0,19.6,33.5,dallas,2026-04-05T08:29:23.553089
2026-04-05T00:00,15.8,18,-8.5,10.8,0,0.0,0.0,0.0,0.0,0.0,0,1021.5,847.6,6,83700.0,13.5,22.3,denver,2026-04-05T08:30:08.272776
2026-04-05T01:00,14.2,17,-10.5,8.9,0,0.0,0.0,0.0,0.0,0.0,0,1022.0,847.1,0,85500.0,13.4,20.2,denver,2026-04-05T08:30:08.272776
2026-04-05T02:00,11.0,23,-9.4,6.4,0,0.0,0.0,0.0,0.0,0.0,0,1022.8,846.0,0,73600.0,9.4,18.4,denver,2026-04-05T08:30:08.272776
2026-04-05T03:00,8.9,26,-9.6,4.9,0,0.0,0.0,0.0,0.0,0.0,0,1024.5,846.3,7,68000.0,5.2,16.2,denver,2026-04-05T08:30:08.272776
2026-04-05T04:00,8.8,27,-9.2,4.6,0,0.0,0.0,0.0,0.0,0.0,3,1026.2,847.6,100,66800.0,7.0,20.5,denver,2026-04-05T08:30:08.272776
2026-04-05T05:00,6.8,33,-8.4,2.6,0,0.0,0.0,0.0,0.0,0.0,2,1027.0,847.1,50,59800.0,7.5,22.0,denver,2026-04-05T08:30:08.272776
2026-04-05T06:00,5.2,42,-6.6,1.0,0,0.0,0.0,0.0,0.0,0.0,0,1027.6,846.7,1,46700.0,9.0,18.0,denver,2026-04-05T08:30:08.272776
2026-04-05T07:00,4.4,42,-7.4,0.3,0,0.0,0.0,0.0,0.0,0.0,0,1027.5,846.2,0,43100.0,7.6,17.3,denver,2026-04-05T08:30:08.272776
2026-04-05T08:00,3.7,39,-9.0,-0.1,0,0.0,0.0,0.0,0.0,0.0,0,1028.5,846.6,0,45800.0,4.0,4.7,denver,2026-04-05T08:30:08.272776
2026-04-05T09:00,2.7,44,-8.4,-1.6,0,0.0,0.0,0.0,0.0,0.0,0,1028.3,845.8,0,42700.0,8.0,7.9,denver,2026-04-05T08:30:08.272776
2026-04-05T10:00,2.1,51,-7.0,-1.6,0,0.0,0.0,0.0,0.0,0.0,0,1028.9,846.0,0,41700.0,4.8,4.7,denver,2026-04-05T08:30:08.272776
2026-04-05T11:00,1.5,53,-7.1,-2.2,0,0.0,0.0,0.0,0.0,0.0,0,1028.7,845.4,0,41100.0,4.9,5.0,denver,2026-04-05T08:30:08.272776
2026-04-05T12:00,0.9,51,-8.1,-3.3,0,0.0,0.0,0.0,0.0,0.0,0,1028.4,844.8,0,40100.0,7.8,7.6,denver,2026-04-05T08:30:08.272776
2026-04-05T13:00,0.3,53,-8.1,-3.8,0,0.0,0.0,0.0,0.0,0.0,0,1028.4,844.5,0,37600.0,6.9,6.5,denver,2026-04-05T08:30:08.272776
2026-04-05T14:00,3.0,52,-5.9,-0.1,0,0.0,0.0,0.0,0.0,0.0,0,1029.0,846.6,0,36000.0,1.6,8.3,denver,2026-04-05T08:30:08.272776
2026-04-05T15:00,5.5,45,-5.5,2.3,0,0.0,0.0,0.0,0.0,0.0,0,1029.0,848.1,0,40800.0,2.6,5.8,denver,2026-04-05T08:30:08.272776
2026-04-05T16:00,8.9,37,-5.0,5.8,0,0.0,0.0,0.0,0.0,0.0,0,1028.8,849.8,0,51900.0,2.4,2.5,denver,2026-04-05T08:30:08.272776
2026-04-05T17:00,11.7,30,-5.3,10.0,0,0.0,0.0,0.0,0.0,0.0,0,1027.4,850.3,0,62900.0,1.0,5.8,denver,2026-04-05T08:30:08.272776
2026-04-05T18:00,14.2,24,-6.1,13.2,0,0.0,0.0,0.0,0.0,0.0,0,1026.4,850.8,0,72800.0,1.3,4.7,denver,2026-04-05T08:30:08.272776
2026-04-05T19:00,16.0,20,-6.9,15.1,0,0.0,0.0,0.0,0.0,0.0,0,1024.4,850.1,0,81000.0,2.9,5.0,denver,2026-04-05T08:30:08.272776
2026-04-05T20:00,17.4,16,-8.7,16.1,0,0.0,0.0,0.0,0.0,0.0,0,1022.6,849.4,0,88200.0,4.3,11.2,denver,2026-04-05T08:30:08.272776
2026-04-05T21:00,18.4,13,-10.6,16.1,0,0.0,0.0,0.0,0.0,0.0,0,1020.6,848.2,0,90000.0,6.6,9.4,denver,2026-04-05T08:30:08.272776
2026-04-05T22:00,18.9,12,-11.1,15.5,0,0.0,0.0,0.0,0.0,0.0,0,1019.3,847.4,0,90000.0,8.9,13.3,denver,2026-04-05T08:30:08.272776
2026-04-05T23:00,18.9,11,-12.2,14.2,1,0.0,0.0,0.0,0.0,0.0,0,1018.4,846.7,2,90000.0,10.0,16.2,denver,2026-04-05T08:30:08.272776
2026-04-05T00:00,21.2,91,19.7,23.4,63,4.3,4.3,0.0,0.0,0.0,63,1016.9,1014.7,100,13500.0,10.4,20.5,houston,2026-04-05T08:30:13.697272
2026-04-05T01:00,20.9,94,19.9,24.0,46,2.9,2.9,0.0,0.0,0.0,63,1017.6,1015.4,100,12700.0,4.7,15.8,houston,2026-04-05T08:30:13.697272
2026-04-05T02:00,19.3,98,18.9,20.5,44,0.6,0.6,0.0,0.0,0.0,53,1018.5,1016.2,100,12200.0,14.3,34.2,houston,2026-04-05T08:30:13.697272
2026-04-05T03:00,17.9,97,17.4,17.7,36,0.6,0.6,0.0,0.0,0.0,53,1019.0,1016.7,100,12200.0,19.2,33.8,houston,2026-04-05T08:30:13.697272
2026-04-05T04:00,17.2,98,16.9,17.7,14,0.0,0.0,0.0,0.0,0.0,3,1019.5,1017.2,100,12200.0,13.2,27.4,houston,2026-04-05T08:30:13.697272
2026-04-05T05:00,17.7,93,16.6,17.7,5,0.0,0.0,0.0,0.0,0.0,3,1019.9,1017.6,100,13500.0,15.9,40.7,houston,2026-04-05T08:30:13.697272
2026-04-05T06:00,17.6,97,17.1,17.9,4,0.0,0.0,0.0,0.0,0.0,3,1019.7,1017.4,100,12200.0,15.1,38.2,houston,2026-04-05T08:30:13.697272
2026-04-05T07:00,17.9,91,16.4,18.2,3,0.0,0.0,0.0,0.0,0.0,3,1020.5,1018.2,100,13700.0,12.6,38.2,houston,2026-04-05T08:30:13.697272
2026-04-05T08:00,18.0,92,16.6,17.8,6,0.0,0.0,0.0,0.0,0.0,3,1020.2,1017.9,100,13800.0,17.1,41.0,houston,2026-04-05T08:30:13.697272
2026-04-05T09:00,16.4,78,12.5,14.9,4,0.0,0.0,0.0,0.0,0.0,3,1020.9,1018.6,100,19100.0,15.1,46.1,houston,2026-04-05T08:30:13.697272
2026-04-05T10:00,15.7,80,12.2,14.1,2,0.0,0.0,0.0,0.0,0.0,3,1021.1,1018.8,100,19400.0,15.6,44.3,houston,2026-04-05T08:30:13.697272
2026-04-05T11:00,15.6,85,13.1,14.2,2,0.0,0.0,0.0,0.0,0.0,3,1021.8,1019.5,100,16700.0,16.1,42.8,houston,2026-04-05T08:30:13.697272
2026-04-05T12:00,15.6,88,13.6,14.7,3,0.0,0.0,0.0,0.0,0.0,3,1022.7,1020.4,100,15800.0,14.5,40.3,houston,2026-04-05T08:30:13.697272
2026-04-05T13:00,15.9,88,13.9,14.9,3,0.0,0.0,0.0,0.0,0.0,3,1023.0,1020.7,100,15000.0,15.4,44.3,houston,2026-04-05T08:30:13.697272
2026-04-05T14:00,16.2,84,13.5,14.9,2,0.0,0.0,0.0,0.0,0.0,3,1023.8,1021.5,100,17000.0,16.4,42.1,houston,2026-04-05T08:30:13.697272
2026-04-05T15:00,16.4,83,13.5,14.9,1,0.0,0.0,0.0,0.0,0.0,3,1024.1,1021.8,100,17600.0,18.0,40.0,houston,2026-04-05T08:30:13.697272
2026-04-05T16:00,17.2,84,14.5,15.8,2,0.0,0.0,0.0,0.0,0.0,3,1024.3,1022.0,100,18400.0,20.1,38.9,houston,2026-04-05T08:30:13.697272
2026-04-05T17:00,17.9,84,15.2,17.0,2,0.0,0.0,0.0,0.0,0.0,3,1024.4,1022.1,100,19100.0,19.5,34.2,houston,2026-04-05T08:30:13.697272
2026-04-05T18:00,18.6,83,15.7,18.3,4,0.0,0.0,0.0,0.0,0.0,3,1023.9,1021.6,100,20800.0,18.6,29.5,houston,2026-04-05T08:30:13.697272
2026-04-05T19:00,19.1,80,15.5,18.8,4,0.0,0.0,0.0,0.0,0.0,3,1023.5,1021.2,100,23900.0,17.7,29.2,houston,2026-04-05T08:30:13.697272
2026-04-05T20:00,19.3,68,13.3,17.8,2,0.0,0.0,0.0,0.0,0.0,3,1023.1,1020.8,100,29100.0,17.4,29.9,houston,2026-04-05T08:30:13.697272
2026-04-05T21:00,19.4,60,11.4,17.6,2,0.0,0.0,0.0,0.0,0.0,3,1022.5,1020.2,100,31200.0,16.8,30.6,houston,2026-04-05T08:30:13.697272
2026-04-05T22:00,18.5,62,11.0,16.9,2,0.0,0.0,0.0,0.0,0.0,3,1022.5,1020.2,100,29600.0,13.2,29.5,houston,2026-04-05T08:30:13.697272
2026-04-05T23:00,18.5,64,11.6,17.2,2,0.0,0.0,0.0,0.0,0.0,3,1022.6,1020.3,100,28600.0,12.1,29.2,houston,2026-04-05T08:30:13.697272
2026-04-05T00:00,26.8,16,-1.1,22.1,0,0.0,0.0,0.0,0.0,0.0,1,1013.8,973.9,21,89300.0,17.3,20.5,los_angeles,2026-04-05T08:30:16.872096
2026-04-05T01:00,25.4,18,-0.6,20.7,0,0.0,0.0,0.0,0.0,0.0,0,1013.9,973.8,19,84300.0,17.1,21.2,los_angeles,2026-04-05T08:30:16.872096
2026-04-05T02:00,23.1,20,-1.1,19.4,0,0.0,0.0,0.0,0.0,0.0,0,1014.3,973.9,8,80400.0,9.4,21.6,los_angeles,2026-04-05T08:30:16.872096
2026-04-05T03:00,21.7,20,-2.2,16.8,0,0.0,0.0,0.0,0.0,0.0,0,1014.5,973.9,1,80300.0,17.1,33.8,los_angeles,2026-04-05T08:30:16.872096
2026-04-05T04:00,21.3,17,-4.8,16.1,0,0.0,0.0,0.0,0.0,0.0,1,1015.0,974.3,49,87300.0,16.4,24.8,los_angeles,2026-04-05T08:30:16.872096
2026-04-05T05:00,20.1,15,-7.4,14.9,0,0.0,0.0,0.0,0.0,0.0,0,1015.6,974.7,3,90000.0,14.8,20.2,los_angeles,2026-04-05T08:30:16.872096
2026-04-05T06:00,19.0,16,-7.4,14.7,0,0.0,0.0,0.0,0.0,0.0,1,1015.6,974.6,25,88400.0,8.9,12.2,los_angeles,2026-04-05T08:30:16.872096
2026-04-05T07:00,17.9,12,-12.0,13.4,0,0.0,0.0,0.0,0.0,0.0,0,1014.3,973.2,0,90000.0,7.3,8.3,los_angeles,2026-04-05T08:30:16.872096
2026-04-05T08:00,17.2,11,-13.5,12.7,0,0.0,0.0,0.0,0.0,0.0,0,1014.6,973.4,0,90000.0,7.4,7.6,los_angeles,2026-04-05T08:30:16.872096
2026-04-05T09:00,17.3,18,-7.2,13.2,0,0.0,0.0,0.0,0.0,0.0,0,1016.0,974.7,0,87900.0,7.6,10.1,los_angeles,2026-04-05T08:30:16.872096
2026-04-05T10:00,16.6,31,-0.6,13.6,0,0.0,0.0,0.0,0.0,0.0,0,1015.3,974.0,0,84200.0,6.0,7.6,los_angeles,2026-04-05T08:30:16.872096
2026-04-05T11:00,15.5,45,3.6,12.9,0,0.0,0.0,0.0,0.0,0.0,0,1015.2,973.7,0,81200.0,7.2,7.2,los_angeles,2026-04-05T08:30:16.872096
2026-04-05T12:00,14.2,49,3.7,12.2,0,0.0,0.0,0.0,0.0,0.0,0,1014.8,973.1,0,62200.0,3.7,4.0,los_angeles,2026-04-05T08:30:16.872096
2026-04-05T13:00,14.9,35,-0.4,12.4,0,0.0,0.0,0.0,0.0,0.0,3,1015.2,973.6,100,63300.0,1.8,1.8,los_angeles,2026-04-05T08:30:16.872096
2026-04-05T14:00,15.5,22,-6.2,12.1,0,0.0,0.0,0.0,0.0,0.0,3,1015.7,974.2,92,79700.0,3.4,3.2,los_angeles,2026-04-05T08:30:16.872096
2026-04-05T15:00,16.5,20,-6.5,12.3,0,0.0,0.0,0.0,0.0,0.0,3,1015.4,974.0,100,90000.0,8.6,8.6,los_angeles,2026-04-05T08:30:16.872096
2026-04-05T16:00,20.7,33,3.9,18.9,0,0.0,0.0,0.0,0.0,0.0,3,1015.3,974.5,100,88800.0,2.9,2.9,los_angeles,2026-04-05T08:30:16.872096
2026-04-05T17:00,22.2,35,6.0,20.4,0,0.0,0.0,0.0,0.0,0.0,3,1015.6,975.0,100,72600.0,6.2,6.1,los_angeles,2026-04-05T08:30:16.872096
2026-04-05T18:00,24.6,27,4.4,23.6,0,0.0,0.0,0.0,0.0,0.0,3,1015.2,974.9,97,76700.0,6.5,6.5,los_angeles,2026-04-05T08:30:16.872096
2026-04-05T19:00,26.0,24,3.9,24.6,0,0.0,0.0,0.0,0.0,0.0,3,1015.1,975.0,100,77100.0,13.1,14.0,los_angeles,2026-04-05T08:30:16.872096
2026-04-05T20:00,25.8,29,6.5,25.4,0,0.0,0.0,0.0,0.0,0.0,3,1014.4,974.3,100,74800.0,12.7,14.8,los_angeles,2026-04-05T08:30:16.872096
2026-04-05T21:00,26.1,31,7.7,25.5,0,0.0,0.0,0.0,0.0,0.0,3,1014.1,974.1,100,77000.0,12.3,13.3,los_angeles,2026-04-05T08:30:16.872096
2026-04-05T22:00,25.1,27,4.8,23.3,0,0.0,0.0,0.0,0.0,0.0,3,1013.6,973.5,100,71500.0,12.0,15.1,los_angeles,2026-04-05T08:30:16.872096
2026-04-05T23:00,22.9,36,7.0,20.5,0,0.0,0.0,0.0,0.0,0.0,3,1013.2,972.8,100,55100.0,14.3,16.6,los_angeles,2026-04-05T08:30:16.872096
2026-04-05T00:00,24.6,73,19.5,25.8,4,0.0,0.0,0.0,0.0,0.0,1,1018.9,1018.4,33,20800.0,16.9,31.0,miami,2026-04-05T08:30:19.452172
2026-04-05T01:00,24.2,79,20.4,25.7,6,0.0,0.0,0.0,0.0,0.0,0,1019.5,1019.0,10,18400.0,17.5,33.8,miami,2026-04-05T08:30:19.452172
2026-04-05T02:00,24.2,73,19.1,25.0,4,0.0,0.0,0.0,0.0,0.0,1,1019.9,1019.4,32,21300.0,17.9,33.5,miami,2026-04-05T08:30:19.452172
2026-04-05T03:00,23.5,80,19.8,24.3,5,0.0,0.0,0.0,0.0,0.0,1,1020.1,1019.6,26,17800.0,20.2,40.0,miami,2026-04-05T08:30:19.452172
2026-04-05T04:00,23.1,80,19.5,23.5,3,0.0,0.0,0.0,0.0,0.0,2,1019.9,1019.4,52,17700.0,22.0,40.3,miami,2026-04-05T08:30:19.452172
2026-04-05T05:00,22.6,89,20.7,24.6,6,0.0,0.0,0.0,0.0,0.0,0,1019.5,1019.0,8,14100.0,14.8,34.6,miami,2026-04-05T08:30:19.452172
2026-04-05T06:00,22.6,85,19.9,23.5,8,0.0,0.0,0.0,0.0,0.0,2,1018.9,1018.4,59,15700.0,19.9,39.6,miami,2026-04-05T08:30:19.452172
2026-04-05T07:00,23.2,82,19.9,24.7,7,0.0,0.0,0.0,0.0,0.0,3,1018.3,1017.8,100,17000.0,15.8,35.3,miami,2026-04-05T08:30:19.452172
2026-04-05T08:00,22.9,80,19.2,24.1,4,0.0,0.0,0.0,0.0,0.0,2,1018.2,1017.7,75,17800.0,15.9,35.3,miami,2026-04-05T08:30:19.452172
2026-04-05T09:00,22.7,80,19.1,23.7,3,0.0,0.0,0.0,0.0,0.0,0,1018.2,1017.7,7,18100.0,16.6,36.7,miami,2026-04-05T08:30:19.452172
2026-04-05T10:00,22.6,80,19.0,23.7,1,0.0,0.0,0.0,0.0,0.0,0,1018.8,1018.3,0,18100.0,16.1,34.9,miami,2026-04-05T08:30:19.452172
2026-04-05T11:00,22.5,76,18.0,23.1,0,0.0,0.0,0.0,0.0,0.0,0,1019.2,1018.7,0,18100.0,15.7,34.9,miami,2026-04-05T08:30:19.452172
2026-04-05T12:00,23.4,76,18.9,24.3,3,0.0,0.0,0.0,0.0,0.0,0,1019.5,1019.0,5,18400.0,16.2,33.8,miami,2026-04-05T08:30:19.452172
2026-04-05T13:00,24.9,75,20.2,26.0,4,0.0,0.0,0.0,0.0,0.0,1,1019.6,1019.1,23,20200.0,19.8,32.8,miami,2026-04-05T08:30:19.452172
2026-04-05T14:00,25.5,72,20.1,26.2,11,0.0,0.0,0.0,0.0,0.0,1,1019.8,1019.3,25,20600.0,21.7,33.1,miami,2026-04-05T08:30:19.452172
2026-04-05T15:00,25.6,71,20.0,26.6,12,0.0,0.0,0.0,0.0,0.0,3,1020.2,1019.7,87,20200.0,19.5,29.2,miami,2026-04-05T08:30:19.452172
2026-04-05T16:00,25.1,74,20.2,26.5,15,0.0,0.0,0.0,0.0,0.0,3,1019.9,1019.4,100,19300.0,18.0,27.7,miami,2026-04-05T08:30:19.452172
2026-04-05T17:00,25.1,75,20.3,26.6,8,0.0,0.0,0.0,0.0,0.0,3,1019.3,1018.8,100,18900.0,17.3,26.3,miami,2026-04-05T08:30:19.452172
2026-04-05T18:00,26.1,77,21.7,28.1,7,0.0,0.0,0.0,0.0,0.0,3,1018.6,1018.1,99,19700.0,18.7,26.6,miami,2026-04-05T08:30:19.452172
2026-04-05T19:00,25.3,73,20.1,26.9,10,0.0,0.0,0.0,0.0,0.0,3,1018.0,1017.5,86,20100.0,16.2,24.5,miami,2026-04-05T08:30:19.452172
2026-04-05T20:00,26.2,71,20.6,27.9,7,0.0,0.0,0.0,0.0,0.0,1,1017.3,1016.8,36,20900.0,17.3,24.5,miami,2026-04-05T08:30:19.452172
2026-04-05T21:00,25.4,73,20.2,26.5,4,0.0,0.0,0.0,0.0,0.0,3,1016.6,1016.1,100,19800.0,19.5,28.8,miami,2026-04-05T08:30:19.452172
2026-04-05T22:00,25.4,76,20.8,26.5,2,0.0,0.0,0.0,0.0,0.0,3,1016.5,1016.0,100,18900.0,21.6,34.2,miami,2026-04-05T08:30:19.452172
2026-04-05T23:00,24.6,78,20.5,25.9,3,0.0,0.0,0.0,0.0,0.0,3,1016.6,1016.1,88,17900.0,19.8,34.2,miami,2026-04-05T08:30:19.452172
2026-04-05T00:00,2.2,79,-1.1,-3.4,12,0.0,0.0,0.0,0.0,0.0,3,1012.9,980.5,100,19900.0,22.5,43.9,minneapolis,2026-04-05T08:31:37.130894
2026-04-05T01:00,1.1,75,-2.8,-4.5,3,0.1,0.1,0.0,0.0,0.0,51,1014.0,981.4,100,22200.0,21.0,51.5,minneapolis,2026-04-05T08:31:37.130894
2026-04-05T02:00,0.9,73,-3.4,-5.0,1,0.0,0.0,0.0,0.0,0.0,3,1015.7,983.0,100,23000.0,22.5,48.6,minneapolis,2026-04-05T08:31:37.130894
2026-04-05T03:00,0.3,75,-3.6,-5.8,1,0.0,0.0,0.0,0.0,0.0,0,1016.8,984.0,1,21900.0,24.0,51.8,minneapolis,2026-04-05T08:31:37.130894
2026-04-05T04:00,0.0,77,-3.5,-5.5,0,0.0,0.0,0.0,0.0,0.0,0,1017.3,984.5,2,21000.0,20.2,50.0,minneapolis,2026-04-05T08:31:37.130894
2026-04-05T05:00,-0.1,77,-3.6,-5.4,0,0.0,0.0,0.0,0.0,0.0,1,1018.2,985.3,32,21000.0,18.7,51.1,minneapolis,2026-04-05T08:31:37.130894
2026-04-05T06:00,-0.1,77,-3.6,-5.3,0,0.0,0.0,0.0,0.0,0.0,0,1018.8,985.9,1,21100.0,18.1,44.6,minneapolis,2026-04-05T08:31:37.130894
2026-04-05T07:00,-0.2,83,-2.7,-4.7,0,0.0,0.0,0.0,0.0,0.0,0,1019.2,986.3,0,22100.0,13.8,35.3,minneapolis,2026-04-05T08:31:37.130894
2026-04-05T08:00,-0.3,87,-2.2,-4.2,0,0.0,0.0,0.0,0.0,0.0,0,1020.0,987.1,2,17000.0,10.0,29.5,minneapolis,2026-04-05T08:31:37.130894
2026-04-05T09:00,-0.4,88,-2.1,-4.2,0,0.0,0.0,0.0,0.0,0.0,0,1020.6,987.6,2,16000.0,9.6,30.6,minneapolis,2026-04-05T08:31:37.130894
2026-04-05T10:00,-0.4,89,-2.0,-3.9,0,0.0,0.0,0.0,0.0,0.0,0,1021.1,988.1,3,14700.0,7.8,23.0,minneapolis,2026-04-05T08:31:37.130894
2026-04-05T11:00,-0.2,87,-2.1,-3.8,0,0.0,0.0,0.0,0.0,0.0,0,1021.0,988.0,1,15500.0,8.1,25.9,minneapolis,2026-04-05T08:31:37.130894
2026-04-05T12:00,-0.2,86,-2.3,-4.0,0,0.0,0.0,0.0,0.0,0.0,0,1021.4,988.4,3,15700.0,9.0,25.6,minneapolis,2026-04-05T08:31:37.130894
2026-04-05T13:00,0.8,86,-1.2,-3.0,0,0.0,0.0,0.0,0.0,0.0,0,1022.4,989.5,3,16400.0,10.5,33.8,minneapolis,2026-04-05T08:31:37.130894
2026-04-05T14:00,2.8,82,0.0,-1.4,0,0.0,0.0,0.0,0.0,0.0,0,1022.8,990.1,4,18300.0,14.5,34.9,minneapolis,2026-04-05T08:31:37.130894
2026-04-05T15:00,4.5,77,0.8,0.2,0,0.0,0.0,0.0,0.0,0.0,0,1023.4,990.9,6,20500.0,15.7,33.1,minneapolis,2026-04-05T08:31:37.130894
2026-04-05T16:00,6.4,74,2.1,2.9,1,0.0,0.0,0.0,0.0,0.0,0,1023.2,990.9,3,22500.0,14.5,29.9,minneapolis,2026-04-05T08:31:37.130894
2026-04-05T17:00,7.9,67,2.2,4.7,1,0.0,0.0,0.0,0.0,0.0,0,1023.1,991.0,13,26000.0,16.8,33.5,minneapolis,2026-04-05T08:31:37.130894
2026-04-05T18:00,8.8,63,2.2,5.7,3,0.0,0.0,0.0,0.0,0.0,1,1022.3,990.3,24,30100.0,17.6,28.4,minneapolis,2026-04-05T08:31:37.130894
2026-04-05T19:00,9.5,61,2.3,6.4,5,0.0,0.0,0.0,0.0,0.0,1,1022.1,990.2,29,32000.0,17.8,26.3,minneapolis,2026-04-05T08:31:37.130894
2026-04-05T20:00,10.0,60,2.6,6.4,18,0.0,0.0,0.0,0.0,0.0,3,1021.7,989.9,100,32000.0,18.4,36.0,minneapolis,2026-04-05T08:31:37.130894
2026-04-05T21:00,10.7,64,4.2,6.4,56,0.0,0.0,0.0,0.0,0.0,3,1020.7,989.0,100,31000.0,19.8,34.9,minneapolis,2026-04-05T08:31:37.130894
2026-04-05T22:00,10.2,66,4.1,6.1,27,0.0,0.0,0.0,0.0,0.0,3,1019.9,988.2,100,29400.0,18.5,41.8,minneapolis,2026-04-05T08:31:37.130894
2026-04-05T23:00,9.0,64,2.6,4.2,11,0.0,0.0,0.0,0.0,0.0,3,1020.1,988.2,100,30400.0,21.4,48.2,minneapolis,2026-04-05T08:31:37.130894
2026-04-05T00:00,24.1,76,19.6,26.0,15,0.0,0.0,0.0,0.0,0.0,3,1017.9,1017.7,100,20100.0,12.0,25.9,new_orleans,2026-04-05T08:31:39.511503
2026-04-05T01:00,23.1,75,18.4,24.6,19,0.0,0.0,0.0,0.0,0.0,3,1017.9,1017.7,100,20600.0,11.4,27.7,new_orleans,2026-04-05T08:31:39.511503
2026-04-05T02:00,22.3,86,19.9,24.7,40,0.0,0.0,0.0,0.0,0.0,2,1018.7,1018.5,63,15300.0,9.7,25.6,new_orleans,2026-04-05T08:31:39.511503
2026-04-05T03:00,22.0,84,19.1,24.2,23,0.0,0.0,0.0,0.0,0.0,2,1019.3,1019.1,79,16000.0,7.9,25.2,new_orleans,2026-04-05T08:31:39.511503
2026-04-05T04:00,21.7,84,18.9,24.1,14,0.0,0.0,0.0,0.0,0.0,0,1019.6,1019.4,16,16100.0,6.7,25.9,new_orleans,2026-04-05T08:31:39.511503
2026-04-05T05:00,20.9,81,17.5,22.9,18,0.0,0.0,0.0,0.0,0.0,0,1019.3,1019.1,10,17500.0,4.5,15.5,new_orleans,2026-04-05T08:31:39.511503
2026-04-05T06:00,20.1,89,18.2,22.5,16,0.0,0.0,0.0,0.0,0.0,1,1018.9,1018.7,48,13500.0,4.4,16.2,new_orleans,2026-04-05T08:31:39.511503
2026-04-05T07:00,20.3,92,18.9,22.3,17,0.0,0.0,0.0,0.0,0.0,3,1018.6,1018.4,100,12900.0,8.7,20.2,new_orleans,2026-04-05T08:31:39.511503
2026-04-05T08:00,20.7,92,19.4,23.1,15,0.0,0.0,0.0,0.0,0.0,3,1018.9,1018.7,100,13200.0,7.9,15.8,new_orleans,2026-04-05T08:31:39.511503
2026-04-05T09:00,20.3,93,19.1,23.1,26,0.0,0.0,0.0,0.0,0.0,2,1018.9,1018.7,59,13300.0,4.2,11.2,new_orleans,2026-04-05T08:31:39.511503
2026-04-05T10:00,20.5,96,19.8,23.5,40,0.0,0.0,0.0,0.0,0.0,3,1018.9,1018.7,100,12200.0,5.2,7.2,new_orleans,2026-04-05T08:31:39.511503
2026-04-05T11:00,20.3,96,19.6,23.8,58,0.0,0.0,0.0,0.0,0.0,3,1019.7,1019.5,100,12200.0,1.6,7.2,new_orleans,2026-04-05T08:31:39.511503
2026-04-05T12:00,20.3,95,19.5,22.9,57,1.5,1.5,0.0,0.0,0.0,80,1019.8,1019.6,100,4700.0,6.9,8.6,new_orleans,2026-04-05T08:31:39.511503
2026-04-05T13:00,20.8,94,19.8,22.6,30,2.3,2.3,0.0,0.0,0.0,61,1020.0,1019.8,100,12200.0,13.3,18.0,new_orleans,2026-04-05T08:31:39.511503
2026-04-05T14:00,21.2,92,19.8,22.7,22,0.3,0.3,0.0,0.0,0.0,51,1021.0,1020.8,100,12200.0,14.9,21.2,new_orleans,2026-04-05T08:31:39.511503
2026-04-05T15:00,20.5,92,19.1,21.4,13,0.0,0.0,0.0,0.0,0.0,3,1020.9,1020.7,100,14200.0,17.0,22.7,new_orleans,2026-04-05T08:31:39.511503
2026-04-05T16:00,20.7,91,19.2,21.4,11,0.0,0.0,0.0,0.0,0.0,3,1021.2,1021.0,100,13700.0,19.2,25.6,new_orleans,2026-04-05T08:31:39.511503
2026-04-05T17:00,21.0,88,18.9,21.8,9,0.0,0.0,0.0,0.0,0.0,3,1021.1,1020.9,100,14900.0,17.7,24.5,new_orleans,2026-04-05T08:31:39.511503
2026-04-05T18:00,20.5,89,18.6,21.0,13,0.0,0.0,0.0,0.0,0.0,3,1020.6,1020.4,100,14900.0,18.0,24.1,new_orleans,2026-04-05T08:31:39.511503
2026-04-05T19:00,19.0,91,17.5,18.0,12,0.3,0.3,0.0,0.0,0.0,51,1020.8,1020.6,100,12900.0,24.9,32.0,new_orleans,2026-04-05T08:31:39.511503
2026-04-05T20:00,18.8,90,17.1,18.1,6,0.0,0.0,0.0,0.0,0.0,3,1020.5,1020.3,100,15000.0,22.3,30.2,new_orleans,2026-04-05T08:31:39.511503
2026-04-05T21:00,18.3,86,15.9,17.0,5,0.2,0.2,0.0,0.0,0.0,51,1020.1,1019.9,100,11100.0,22.6,32.4,new_orleans,2026-04-05T08:31:39.511503
2026-04-05T22:00,18.1,86,15.7,17.2,8,0.1,0.1,0.0,0.0,0.0,51,1019.9,1019.7,100,15600.0,19.0,31.7,new_orleans,2026-04-05T08:31:39.511503
2026-04-05T23:00,18.4,84,15.6,18.1,8,0.0,0.0,0.0,0.0,0.0,3,1020.4,1020.2,100,15700.0,15.0,27.4,new_orleans,2026-04-05T08:31:39.511503
2026-04-05T00:00,8.0,77,4.2,3.2,1,0.0,0.0,0.0,0.0,0.0,3,1023.8,1021.4,100,20400.0,23.1,44.6,new_york,2026-04-05T08:32:17.045731
2026-04-05T01:00,7.5,78,3.9,3.0,0,0.0,0.0,0.0,0.0,0.0,3,1023.9,1021.5,100,19700.0,20.3,47.9,new_york,2026-04-05T08:32:17.045731
2026-04-05T02:00,6.9,82,4.0,2.4,1,0.0,0.0,0.0,0.0,0.0,3,1024.0,1021.6,100,17600.0,20.9,45.4,new_york,2026-04-05T08:32:17.045731
2026-04-05T03:00,5.9,92,4.7,2.1,2,0.0,0.0,0.0,0.0,0.0,3,1023.2,1020.8,100,13300.0,17.5,43.6,new_york,2026-04-05T08:32:17.045731
2026-04-05T04:00,5.5,93,4.5,1.9,5,0.0,0.0,0.0,0.0,0.0,3,1022.4,1020.0,100,7800.0,15.7,35.6,new_york,2026-04-05T08:32:17.045731
2026-04-05T05:00,5.5,94,4.6,2.0,8,0.1,0.1,0.0,0.0,0.0,51,1021.1,1018.7,100,12800.0,15.4,36.7,new_york,2026-04-05T08:32:17.045731
2026-04-05T06:00,5.8,97,5.3,2.9,18,0.2,0.2,0.0,0.0,0.0,51,1020.0,1017.6,100,12200.0,11.8,27.7,new_york,2026-04-05T08:32:17.045731
2026-04-05T07:00,6.1,97,5.6,3.3,9,0.0,0.0,0.0,0.0,0.0,3,1017.8,1015.4,100,12200.0,11.7,27.7,new_york,2026-04-05T08:32:17.045731
2026-04-05T08:00,6.2,99,6.0,3.2,11,0.0,0.0,0.0,0.0,0.0,45,1016.6,1014.2,100,200.0,13.6,26.3,new_york,2026-04-05T08:32:17.045731
2026-04-05T09:00,6.7,100,6.7,4.6,2,0.0,0.0,0.0,0.0,0.0,45,1015.8,1013.4,100,100.0,8.0,16.9,new_york,2026-04-05T08:32:17.045731
2026-04-05T10:00,7.0,100,7.0,5.3,4,0.0,0.0,0.0,0.0,0.0,45,1014.2,1011.9,100,0.0,6.2,12.2,new_york,2026-04-05T08:32:17.045731
2026-04-05T11:00,7.4,100,7.4,6.1,4,0.0,0.0,0.0,0.0,0.0,45,1013.6,1011.3,100,0.0,3.6,6.8,new_york,2026-04-05T08:32:17.045731
2026-04-05T12:00,7.9,100,7.9,7.3,11,0.0,0.0,0.0,0.0,0.0,45,1012.7,1010.4,100,100.0,0.5,1.1,new_york,2026-04-05T08:32:17.045731
2026-04-05T13:00,9.1,100,9.1,7.9,10,0.0,0.0,0.0,0.0,0.0,45,1011.9,1009.6,100,100.0,6.5,9.4,new_york,2026-04-05T08:32:17.045731
2026-04-05T14:00,12.3,96,11.7,11.3,14,0.0,0.0,0.0,0.0,0.0,3,1010.9,1008.6,80,12300.0,10.5,19.4,new_york,2026-04-05T08:32:17.045731
2026-04-05T15:00,13.4,91,11.9,12.5,18,0.0,0.0,0.0,0.0,0.0,3,1010.8,1008.5,100,13700.0,9.7,23.8,new_york,2026-04-05T08:32:17.045731
2026-04-05T16:00,13.5,92,12.2,13.1,47,0.3,0.3,0.0,0.0,0.0,51,1010.3,1008.0,100,13200.0,7.3,11.5,new_york,2026-04-05T08:32:17.045731
2026-04-05T17:00,14.4,89,12.6,14.4,95,1.5,1.5,0.0,0.0,0.0,61,1009.2,1006.9,100,13100.0,5.5,22.7,new_york,2026-04-05T08:32:17.045731
2026-04-05T18:00,15.2,89,13.4,14.1,100,1.2,1.2,0.0,0.0,0.0,55,1009.3,1007.0,100,5700.0,15.0,36.4,new_york,2026-04-05T08:32:17.045731
2026-04-05T19:00,16.1,89,14.2,15.4,66,2.0,2.0,0.0,0.0,0.0,61,1009.1,1006.8,100,4800.0,14.1,27.7,new_york,2026-04-05T08:32:17.045731
2026-04-05T20:00,15.7,90,14.1,14.7,85,0.8,0.8,0.0,0.0,0.0,53,1008.5,1006.2,100,8800.0,15.7,29.2,new_york,2026-04-05T08:32:17.045731
2026-04-05T21:00,15.3,89,13.5,13.8,54,0.7,0.7,0.0,0.0,0.0,53,1007.5,1005.2,100,14900.0,17.7,37.8,new_york,2026-04-05T08:32:17.045731
2026-04-05T22:00,15.0,82,12.0,13.2,8,0.0,0.0,0.0,0.0,0.0,3,1008.3,1006.0,100,17000.0,16.8,41.4,new_york,2026-04-05T08:32:17.045731
2026-04-05T23:00,12.9,74,8.4,9.8,2,0.0,0.0,0.0,0.0,0.0,3,1009.5,1007.2,100,20600.0,18.3,42.8,new_york,2026-04-05T08:32:17.045731
2026-04-05T00:00,11.6,79,8.1,7.7,0,0.0,0.0,0.0,0.0,0.0,3,1020.6,1016.8,100,18200.0,23.4,42.8,philadelphia,2026-04-05T08:33:34.744321
2026-04-05T01:00,9.8,86,7.6,6.1,0,0.0,0.0,0.0,0.0,0.0,3,1021.1,1017.3,100,15000.0,21.0,41.0,philadelphia,2026-04-05T08:33:34.744321
2026-04-05T02:00,8.5,95,7.8,4.7,0,0.0,0.0,0.0,0.0,0.0,3,1020.9,1017.1,100,2900.0,22.4,43.2,philadelphia,2026-04-05T08:33:34.744321
2026-04-05T03:00,7.9,99,7.7,4.8,7,0.0,0.0,0.0,0.0,0.0,3,1020.5,1016.7,100,3100.0,17.1,38.2,philadelphia,2026-04-05T08:33:34.744321
2026-04-05T04:00,7.7,98,7.4,4.3,1,0.0,0.0,0.0,0.0,0.0,3,1019.8,1016.0,100,3100.0,18.0,37.4,philadelphia,2026-04-05T08:33:34.744321
2026-04-05T05:00,7.4,98,7.1,3.9,3,0.0,0.0,0.0,0.0,0.0,45,1018.9,1015.1,100,200.0,18.4,37.1,philadelphia,2026-04-05T08:33:34.744321
2026-04-05T06:00,7.9,95,7.2,5.0,2,0.0,0.0,0.0,0.0,0.0,45,1017.4,1013.6,100,200.0,15.2,28.4,philadelphia,2026-04-05T08:33:34.744321
2026-04-05T07:00,7.6,97,7.2,4.7,1,0.0,0.0,0.0,0.0,0.0,45,1015.9,1012.1,100,200.0,15.0,23.8,philadelphia,2026-04-05T08:33:34.744321
2026-04-05T08:00,8.1,100,8.1,6.1,1,0.0,0.0,0.0,0.0,0.0,45,1014.6,1010.8,100,100.0,9.8,18.4,philadelphia,2026-04-05T08:33:34.744321
2026-04-05T09:00,8.8,100,8.8,7.3,2,0.0,0.0,0.0,0.0,0.0,45,1014.2,1010.4,100,200.0,8.4,13.3,philadelphia,2026-04-05T08:33:34.744321
2026-04-05T10:00,9.7,99,9.5,8.7,4,0.0,0.0,0.0,0.0,0.0,45,1013.6,1009.8,100,400.0,6.0,8.3,philadelphia,2026-04-05T08:33:34.744321
2026-04-05T11:00,10.2,99,10.1,9.7,5,0.0,0.0,0.0,0.0,0.0,45,1012.3,1008.5,100,200.0,4.0,8.6,philadelphia,2026-04-05T08:33:34.744321
2026-04-05T12:00,12.1,95,11.3,11.6,7,0.0,0.0,0.0,0.0,0.0,2,1011.9,1008.2,63,12200.0,6.1,8.6,philadelphia,2026-04-05T08:33:34.744321
2026-04-05T13:00,14.3,90,12.7,14.0,10,0.0,0.0,0.0,0.0,0.0,3,1010.9,1007.2,100,14000.0,8.0,23.4,philadelphia,2026-04-05T08:33:34.744321
2026-04-05T14:00,16.4,89,14.5,16.3,15,0.0,0.0,0.0,0.0,0.0,3,1010.5,1006.8,100,14500.0,10.4,43.9,philadelphia,2026-04-05T08:33:34.744321
2026-04-05T15:00,19.7,83,16.7,19.5,27,0.0,0.0,0.0,0.0,0.0,3,1009.8,1006.2,100,17000.0,17.4,43.9,philadelphia,2026-04-05T08:33:34.744321
2026-04-05T16:00,16.0,91,14.5,14.9,84,2.2,2.2,0.0,0.0,0.0,61,1010.5,1006.8,100,2900.0,18.0,46.8,philadelphia,2026-04-05T08:33:34.744321
2026-04-05T17:00,15.6,93,14.4,15.1,98,2.2,2.2,0.0,0.0,0.0,61,1010.9,1007.2,100,7100.0,13.4,33.1,philadelphia,2026-04-05T08:33:34.744321
2026-04-05T18:00,16.1,93,14.9,16.3,95,2.6,2.6,0.0,0.0,0.0,63,1010.2,1006.5,100,5100.0,9.7,21.6,philadelphia,2026-04-05T08:33:34.744321
2026-04-05T19:00,16.2,91,14.7,16.1,78,1.1,1.1,0.0,0.0,0.0,55,1009.6,1005.9,100,8400.0,11.5,25.2,philadelphia,2026-04-05T08:33:34.744321
2026-04-05T20:00,15.4,87,13.2,13.6,69,1.6,1.6,0.0,0.0,0.0,61,1009.2,1005.5,100,7200.0,18.8,37.1,philadelphia,2026-04-05T08:33:34.744321
2026-04-05T21:00,15.7,75,11.2,13.5,21,0.7,0.7,0.0,0.0,0.0,53,1010.2,1006.5,100,22200.0,17.5,35.3,philadelphia,2026-04-05T08:33:34.744321
2026-04-05T22:00,13.6,70,8.2,10.6,2,0.0,0.0,0.0,0.0,0.0,3,1011.2,1007.5,100,24600.0,17.4,37.1,philadelphia,2026-04-05T08:33:34.744321
2026-04-05T23:00,11.9,74,7.4,9.1,0,0.0,0.0,0.0,0.0,0.0,3,1011.9,1008.1,100,22000.0,14.6,40.0,philadelphia,2026-04-05T08:33:34.744321
2026-04-05T00:00,27.4,35,10.6,25.8,1,0.0,0.0,0.0,0.0,0.0,3,1009.8,976.3,99,56000.0,12.0,37.4,pittsburgh,2026-04-05T08:33:37.138357
2026-04-05T01:00,26.4,35,9.7,24.1,4,0.0,0.0,0.0,0.0,0.0,2,1010.1,976.5,74,56200.0,15.0,32.8,pittsburgh,2026-04-05T08:33:37.138357
2026-04-05T02:00,25.4,41,11.2,23.3,6,0.0,0.0,0.0,0.0,0.0,3,1010.3,976.5,99,47900.0,16.9,33.5,pittsburgh,2026-04-05T08:33:37.138357
2026-04-05T03:00,24.0,43,10.7,21.7,8,0.0,0.0,0.0,0.0,0.0,1,1010.6,976.7,21,45600.0,17.4,50.0,pittsburgh,2026-04-05T08:33:37.138357
2026-04-05T04:00,20.5,73,15.5,19.0,49,0.2,0.2,0.0,0.0,0.0,51,1010.3,976.0,100,21300.0,23.4,52.9,pittsburgh,2026-04-05T08:33:37.138357
2026-04-05T05:00,19.7,82,16.5,19.5,66,0.3,0.3,0.0,0.0,0.0,51,1010.2,975.8,100,11400.0,16.4,52.2,pittsburgh,2026-04-05T08:33:37.138357
2026-04-05T06:00,19.5,83,16.5,19.0,73,0.0,0.0,0.0,0.0,0.0,3,1010.3,975.9,100,17000.0,19.1,42.5,pittsburgh,2026-04-05T08:33:37.138357
2026-04-05T07:00,15.8,91,14.4,14.0,91,1.9,1.9,0.0,0.0,0.0,61,1010.3,975.4,100,7900.0,22.1,38.5,pittsburgh,2026-04-05T08:33:37.138357
2026-04-05T08:00,13.2,90,11.6,10.8,88,1.4,1.4,0.0,0.0,0.0,61,1012.0,976.8,100,14200.0,20.2,41.4,pittsburgh,2026-04-05T08:33:37.138357
2026-04-05T09:00,12.3,88,10.4,9.3,55,0.3,0.3,0.0,0.0,0.0,51,1013.0,977.6,100,15000.0,21.3,41.0,pittsburgh,2026-04-05T08:33:37.138357
2026-04-05T10:00,10.6,87,8.5,7.0,56,0.1,0.1,0.0,0.0,0.0,51,1013.1,977.5,100,15400.0,22.1,39.2,pittsburgh,2026-04-05T08:33:37.138357
2026-04-05T11:00,8.8,84,6.3,5.0,69,0.4,0.4,0.0,0.0,0.0,51,1013.4,977.6,100,16800.0,19.6,35.3,pittsburgh,2026-04-05T08:33:37.138357
2026-04-05T12:00,7.9,80,4.7,3.6,36,0.0,0.0,0.0,0.0,0.0,3,1014.3,978.3,100,19000.0,20.9,37.1,pittsburgh,2026-04-05T08:33:37.138357
2026-04-05T13:00,7.2,77,3.4,2.6,13,0.0,0.0,0.0,0.0,0.0,3,1015.7,979.6,100,20700.0,21.0,35.3,pittsburgh,2026-04-05T08:33:37.138357
2026-04-05T14:00,7.1,75,2.9,2.4,5,0.0,0.0,0.0,0.0,0.0,3,1015.9,979.8,100,21800.0,21.0,34.2,pittsburgh,2026-04-05T08:33:37.138357
2026-04-05T15:00,7.6,71,2.7,2.7,1,0.0,0.0,0.0,0.0,0.0,3,1014.8,978.8,100,24100.0,22.5,36.4,pittsburgh,2026-04-05T08:33:37.138357
2026-04-05T16:00,8.2,66,2.2,3.0,0,0.0,0.0,0.0,0.0,0.0,2,1014.4,978.5,53,27000.0,24.0,36.7,pittsburgh,2026-04-05T08:33:37.138357
2026-04-05T17:00,8.2,65,2.0,2.7,0,0.0,0.0,0.0,0.0,0.0,3,1015.1,979.1,100,27900.0,25.4,43.9,pittsburgh,2026-04-05T08:33:37.138357
2026-04-05T18:00,8.3,64,1.9,2.7,0,0.0,0.0,0.0,0.0,0.0,3,1015.2,979.3,100,28400.0,25.7,41.8,pittsburgh,2026-04-05T08:33:37.138357
2026-04-05T19:00,8.0,63,1.4,2.4,0,0.0,0.0,0.0,0.0,0.0,3,1015.2,979.2,100,28800.0,25.2,41.4,pittsburgh,2026-04-05T08:33:37.138357
2026-04-05T20:00,7.9,64,1.5,2.4,0,0.0,0.0,0.0,0.0,0.0,3,1015.3,979.3,100,28200.0,24.5,41.4,pittsburgh,2026-04-05T08:33:37.138357
2026-04-05T21:00,7.3,66,1.3,2.3,0,0.0,0.0,0.0,0.0,0.0,3,1016.2,980.1,100,26600.0,21.1,40.0,pittsburgh,2026-04-05T08:33:37.138357
2026-04-05T22:00,6.9,68,1.4,2.0,2,0.0,0.0,0.0,0.0,0.0,3,1016.8,980.6,100,25500.0,21.0,38.9,pittsburgh,2026-04-05T08:33:37.138357
2026-04-05T23:00,6.2,72,1.5,1.2,0,0.0,0.0,0.0,0.0,0.0,3,1017.4,981.1,100,23000.0,20.9,41.4,pittsburgh,2026-04-05T08:33:37.138357
2026-04-05T00:00,22.8,42,9.2,20.8,0,0.0,0.0,0.0,0.0,0.0,0,1021.1,1015.2,11,46600.0,12.2,16.2,portland,2026-04-05T08:33:39.528805
2026-04-05T01:00,22.2,40,7.9,20.1,0,0.0,0.0,0.0,0.0,0.0,2,1020.7,1014.8,54,49900.0,10.8,15.5,portland,2026-04-05T08:33:39.528805
2026-04-05T02:00,21.2,41,7.5,19.2,0,0.0,0.0,0.0,0.0,0.0,2,1020.2,1014.3,72,48800.0,9.5,19.8,portland,2026-04-05T08:33:39.528805
2026-04-05T03:00,18.8,46,7.0,17.1,0,0.0,0.0,0.0,0.0,0.0,2,1019.9,1014.0,63,42900.0,6.6,17.3,portland,2026-04-05T08:33:39.528805
2026-04-05T04:00,16.7,55,7.6,14.7,0,0.0,0.0,0.0,0.0,0.0,3,1020.2,1014.2,96,33600.0,9.6,17.6,portland,2026-04-05T08:33:39.528805
2026-04-05T05:00,15.5,59,7.5,13.5,0,0.0,0.0,0.0,0.0,0.0,2,1020.4,1014.4,63,30500.0,9.3,16.2,portland,2026-04-05T08:33:39.528805
2026-04-05T06:00,14.6,55,5.6,12.2,0,0.0,0.0,0.0,0.0,0.0,3,1020.0,1014.0,92,34100.0,8.8,14.8,portland,2026-04-05T08:33:39.528805
2026-04-05T07:00,12.9,62,5.8,10.6,0,0.0,0.0,0.0,0.0,0.0,2,1019.6,1013.5,74,28900.0,8.2,15.1,portland,2026-04-05T08:33:39.528805
2026-04-05T08:00,12.0,67,6.1,9.7,0,0.0,0.0,0.0,0.0,0.0,2,1019.2,1013.1,67,25400.0,9.5,15.5,portland,2026-04-05T08:33:39.528805
2026-04-05T09:00,11.4,69,5.9,9.0,0,0.0,0.0,0.0,0.0,0.0,3,1018.7,1012.6,100,24400.0,9.4,14.4,portland,2026-04-05T08:33:39.528805
2026-04-05T10:00,10.9,71,5.8,8.5,0,0.0,0.0,0.0,0.0,0.0,3,1018.3,1012.2,100,23200.0,9.0,13.3,portland,2026-04-05T08:33:39.528805
2026-04-05T11:00,10.3,74,5.8,7.8,0,0.0,0.0,0.0,0.0,0.0,3,1018.2,1012.1,100,21400.0,9.6,16.2,portland,2026-04-05T08:33:39.528805
2026-04-05T12:00,10.1,74,5.7,7.4,0,0.0,0.0,0.0,0.0,0.0,3,1017.9,1011.8,100,21300.0,10.8,16.9,portland,2026-04-05T08:33:39.528805
2026-04-05T13:00,9.8,77,5.9,7.4,0,0.0,0.0,0.0,0.0,0.0,3,1017.8,1011.7,100,20300.0,9.5,15.5,portland,2026-04-05T08:33:39.528805
2026-04-05T14:00,9.4,78,5.7,7.1,0,0.0,0.0,0.0,0.0,0.0,3,1017.7,1011.6,100,19400.0,8.3,14.0,portland,2026-04-05T08:33:39.528805
2026-04-05T15:00,10.6,77,6.8,8.7,0,0.0,0.0,0.0,0.0,0.0,3,1017.9,1011.8,100,20400.0,7.9,12.2,portland,2026-04-05T08:33:39.528805
2026-04-05T16:00,14.0,64,7.3,12.1,0,0.0,0.0,0.0,0.0,0.0,3,1017.5,1011.5,100,28800.0,8.4,15.1,portland,2026-04-05T08:33:39.528805
2026-04-05T17:00,17.3,53,7.7,14.6,0,0.0,0.0,0.0,0.0,0.0,3,1017.3,1011.3,100,37000.0,14.6,42.5,portland,2026-04-05T08:33:39.528805
2026-04-05T18:00,19.4,47,7.8,16.4,0,0.0,0.0,0.0,0.0,0.0,3,1017.1,1011.2,100,43000.0,17.3,39.2,portland,2026-04-05T08:33:39.528805
2026-04-05T19:00,21.8,39,7.2,18.9,0,0.0,0.0,0.0,0.0,0.0,3,1016.9,1011.0,100,51400.0,19.2,36.4,portland,2026-04-05T08:33:39.528805
2026-04-05T20:00,23.3,35,7.0,20.6,0,0.0,0.0,0.0,0.0,0.0,3,1016.2,1010.4,100,55000.0,20.2,33.1,portland,2026-04-05T08:33:39.528805
2026-04-05T21:00,24.4,34,7.5,21.9,0,0.0,0.0,0.0,0.0,0.0,3,1015.6,1009.8,100,56900.0,19.4,30.6,portland,2026-04-05T08:33:39.528805
2026-04-05T22:00,25.0,33,7.6,22.5,1,0.0,0.0,0.0,0.0,0.0,3,1015.2,1009.4,100,57100.0,18.4,28.1,portland,2026-04-05T08:33:39.528805
2026-04-05T23:00,25.0,34,8.1,22.3,1,0.0,0.0,0.0,0.0,0.0,3,1014.7,1008.9,100,56900.0,17.2,26.3,portland,2026-04-05T08:33:39.528805
2026-04-05T00:00,10.8,61,3.6,7.3,0,0.0,0.0,0.0,0.0,0.0,3,1019.2,1001.5,100,31000.0,13.7,43.2,saint_louis,2026-04-05T08:35:42.382302
2026-04-05T01:00,10.3,56,1.9,6.0,0,0.0,0.0,0.0,0.0,0.0,3,1019.8,1002.0,100,34600.0,17.7,34.9,saint_louis,2026-04-05T08:35:42.382302
2026-04-05T02:00,9.8,58,1.9,5.4,0,0.0,0.0,0.0,0.0,0.0,1,1021.1,1003.3,20,32900.0,17.7,41.4,saint_louis,2026-04-05T08:35:42.382302
2026-04-05T03:00,8.2,58,0.4,4.3,0,0.0,0.0,0.0,0.0,0.0,0,1022.7,1004.8,2,33300.0,12.6,35.6,saint_louis,2026-04-05T08:35:42.382302
2026-04-05T04:00,7.2,62,0.4,4.1,0,0.0,0.0,0.0,0.0,0.0,0,1023.1,1005.1,1,29800.0,7.6,34.6,saint_louis,2026-04-05T08:35:42.382302
2026-04-05T05:00,6.7,66,0.8,3.6,0,0.0,0.0,0.0,0.0,0.0,0,1022.7,1004.7,6,27100.0,7.8,20.2,saint_louis,2026-04-05T08:35:42.382302
2026-04-05T06:00,6.3,66,0.4,3.1,0,0.0,0.0,0.0,0.0,0.0,0,1022.7,1004.6,0,27100.0,8.4,19.4,saint_louis,2026-04-05T08:35:42.382302
2026-04-05T07:00,5.9,70,0.8,2.6,0,0.0,0.0,0.0,0.0,0.0,0,1022.5,1004.4,1,24500.0,9.1,21.6,saint_louis,2026-04-05T08:35:42.382302
2026-04-05T08:00,5.4,72,0.8,1.9,0,0.0,0.0,0.0,0.0,0.0,0,1023.9,1005.8,0,23000.0,10.3,21.2,saint_louis,2026-04-05T08:35:42.382302
2026-04-05T09:00,5.0,75,0.9,1.5,0,0.0,0.0,0.0,0.0,0.0,0,1023.5,1005.3,0,21100.0,10.5,25.6,saint_louis,2026-04-05T08:35:42.382302
2026-04-05T10:00,4.7,77,1.0,1.3,0,0.0,0.0,0.0,0.0,0.0,0,1023.9,1005.7,0,20300.0,10.0,21.6,saint_louis,2026-04-05T08:35:42.382302
2026-04-05T11:00,4.4,79,1.1,1.1,0,0.0,0.0,0.0,0.0,0.0,0,1023.7,1005.5,0,19000.0,9.2,20.5,saint_louis,2026-04-05T08:35:42.382302
2026-04-05T12:00,4.1,80,0.9,0.7,0,0.0,0.0,0.0,0.0,0.0,0,1024.5,1006.3,0,18400.0,9.7,20.2,saint_louis,2026-04-05T08:35:42.382302
2026-04-05T13:00,5.5,74,1.3,1.2,0,0.0,0.0,0.0,0.0,0.0,0,1025.4,1007.2,0,22100.0,16.5,44.6,saint_louis,2026-04-05T08:35:42.382302
2026-04-05T14:00,6.6,69,1.4,1.9,0,0.0,0.0,0.0,0.0,0.0,0,1026.1,1008.0,3,25200.0,19.3,42.5,saint_louis,2026-04-05T08:35:42.382302
2026-04-05T15:00,8.1,63,1.5,3.4,0,0.0,0.0,0.0,0.0,0.0,0,1026.5,1008.5,4,28900.0,19.2,39.6,saint_louis,2026-04-05T08:35:42.382302
2026-04-05T16:00,9.5,59,1.9,5.7,0,0.0,0.0,0.0,0.0,0.0,0,1026.9,1009.0,1,32200.0,18.8,35.6,saint_louis,2026-04-05T08:35:42.382302
2026-04-05T17:00,10.8,55,2.2,7.6,0,0.0,0.0,0.0,0.0,0.0,0,1027.1,1009.2,0,35600.0,19.9,32.0,saint_louis,2026-04-05T08:35:42.382302
2026-04-05T18:00,12.2,50,2.1,9.3,0,0.0,0.0,0.0,0.0,0.0,0,1026.9,1009.1,1,40300.0,19.9,32.0,saint_louis,2026-04-05T08:35:42.382302
2026-04-05T19:00,13.6,43,1.3,10.4,0,0.0,0.0,0.0,0.0,0.0,0,1026.0,1008.3,1,46200.0,20.9,35.6,saint_louis,2026-04-05T08:35:42.382302
2026-04-05T20:00,14.6,39,0.8,11.0,0,0.0,0.0,0.0,0.0,0.0,0,1025.5,1007.9,2,50900.0,21.7,31.0,saint_louis,2026-04-05T08:35:42.382302
2026-04-05T21:00,15.1,35,-0.2,10.8,0,0.0,0.0,0.0,0.0,0.0,0,1025.3,1007.7,2,55600.0,21.4,34.2,saint_louis,2026-04-05T08:35:42.382302
2026-04-05T22:00,15.1,33,-1.0,10.0,0,0.0,0.0,0.0,0.0,0.0,0,1025.5,1007.9,1,59100.0,20.2,31.3,saint_louis,2026-04-05T08:35:42.382302
2026-04-05T23:00,14.7,32,-1.8,9.7,0,0.0,0.0,0.0,0.0,0.0,0,1025.2,1007.6,0,60900.0,17.6,28.8,saint_louis,2026-04-05T08:35:42.382302
2026-04-05T00:00,25.0,28,5.2,23.3,0,0.0,0.0,0.0,0.0,0.0,3,1016.6,992.6,93,63900.0,4.6,5.8,san_francisco,2026-04-05T08:35:44.759834
2026-04-05T01:00,24.6,30,5.9,22.2,0,0.0,0.0,0.0,0.0,0.0,3,1016.5,992.5,97,62100.0,9.2,10.1,san_francisco,2026-04-05T08:35:44.759834
2026-04-05T02:00,21.4,37,6.1,18.9,0,0.0,0.0,0.0,0.0,0.0,1,1016.8,992.5,20,51900.0,10.4,14.4,san_francisco,2026-04-05T08:35:44.759834
2026-04-05T03:00,19.0,38,4.4,16.4,0,0.0,0.0,0.0,0.0,0.0,0,1016.8,992.3,9,51300.0,8.6,13.7,san_francisco,2026-04-05T08:35:44.759834
2026-04-05T04:00,17.8,40,4.0,15.4,0,0.0,0.0,0.0,0.0,0.0,0,1017.2,992.6,10,48200.0,6.6,11.5,san_francisco,2026-04-05T08:35:44.759834
2026-04-05T05:00,17.0,44,4.6,14.1,0,0.0,0.0,0.0,0.0,0.0,0,1017.8,993.1,7,44100.0,10.8,16.2,san_francisco,2026-04-05T08:35:44.759834
2026-04-05T06:00,15.8,44,3.5,13.6,0,0.0,0.0,0.0,0.0,0.0,0,1017.7,992.9,0,44700.0,4.7,6.5,san_francisco,2026-04-05T08:35:44.759834
2026-04-05T07:00,15.3,43,2.8,13.2,0,0.0,0.0,0.0,0.0,0.0,0,1017.7,992.9,0,45500.0,3.3,3.2,san_francisco,2026-04-05T08:35:44.759834
2026-04-05T08:00,14.8,43,2.4,12.6,0,0.0,0.0,0.0,0.0,0.0,0,1017.0,992.2,0,46200.0,3.6,5.0,san_francisco,2026-04-05T08:35:44.759834
2026-04-05T09:00,13.8,50,3.6,11.4,0,0.0,0.0,0.0,0.0,0.0,0,1016.2,991.3,18,38600.0,6.2,9.7,san_francisco,2026-04-05T08:35:44.759834
2026-04-05T10:00,13.6,47,2.5,11.2,0,0.0,0.0,0.0,0.0,0.0,2,1016.3,991.4,78,43200.0,4.8,9.7,san_francisco,2026-04-05T08:35:44.759834
2026-04-05T11:00,13.1,46,1.8,10.6,0,0.0,0.0,0.0,0.0,0.0,2,1016.0,991.0,71,43800.0,4.6,9.7,san_francisco,2026-04-05T08:35:44.759834
2026-04-05T12:00,13.0,44,1.0,10.3,0,0.0,0.0,0.0,0.0,0.0,1,1015.9,990.9,21,46000.0,4.6,7.9,san_francisco,2026-04-05T08:35:44.759834
2026-04-05T13:00,12.7,45,1.0,9.7,0,0.0,0.0,0.0,0.0,0.0,1,1016.1,991.1,26,45200.0,6.6,8.3,san_francisco,2026-04-05T08:35:44.759834
2026-04-05T14:00,11.9,48,1.2,8.7,0,0.0,0.0,0.0,0.0,0.0,0,1016.6,991.5,17,42300.0,8.7,11.5,san_francisco,2026-04-05T08:35:44.759834
2026-04-05T15:00,12.9,51,3.0,10.0,0,0.0,0.0,0.0,0.0,0.0,0,1016.6,991.6,11,39200.0,8.4,11.2,san_francisco,2026-04-05T08:35:44.759834
2026-04-05T16:00,16.0,54,6.7,14.3,0,0.0,0.0,0.0,0.0,0.0,2,1016.5,991.8,68,36400.0,6.4,8.6,san_francisco,2026-04-05T08:35:44.759834
2026-04-05T17:00,18.3,49,7.4,16.9,0,0.0,0.0,0.0,0.0,0.0,3,1016.7,992.1,100,40700.0,5.1,5.0,san_francisco,2026-04-05T08:35:44.759834
2026-04-05T18:00,20.8,41,7.0,19.8,0,0.0,0.0,0.0,0.0,0.0,3,1016.4,992.1,91,49600.0,3.3,3.6,san_francisco,2026-04-05T08:35:44.759834
2026-04-05T19:00,22.7,38,7.7,23.3,0,0.0,0.0,0.0,0.0,0.0,0,1016.1,991.9,8,51600.0,3.7,4.0,san_francisco,2026-04-05T08:35:44.759834
2026-04-05T20:00,21.3,48,9.8,21.6,0,0.0,0.0,0.0,0.0,0.0,0,1015.8,991.5,15,38800.0,11.0,11.2,san_francisco,2026-04-05T08:35:44.759834
2026-04-05T21:00,18.2,59,10.0,17.7,0,0.0,0.0,0.0,0.0,0.0,3,1015.5,991.0,100,28900.0,16.6,18.4,san_francisco,2026-04-05T08:35:44.759834
2026-04-05T22:00,16.0,66,9.6,14.2,0,0.0,0.0,0.0,0.0,0.0,3,1015.3,990.6,100,23800.0,20.7,24.5,san_francisco,2026-04-05T08:35:44.759834
2026-04-05T23:00,15.2,68,9.3,12.5,1,0.0,0.0,0.0,0.0,0.0,3,1015.1,990.3,100,22700.0,21.7,27.0,san_francisco,2026-04-05T08:35:44.759834
2026-04-05T00:00,27.8,26,6.6,24.6,0,0.0,0.0,0.0,0.0,0.0,3,1016.1,1011.6,99,69900.0,16.6,18.0,san_jose,2026-04-05T08:35:47.137453
2026-04-05T01:00,26.4,29,7.0,23.8,0,0.0,0.0,0.0,0.0,0.0,2,1016.1,1011.6,56,66300.0,12.6,17.3,san_jose,2026-04-05T08:35:47.137453
2026-04-05T02:00,24.4,34,7.6,22.3,0,0.0,0.0,0.0,0.0,0.0,0,1016.5,1012.0,3,58100.0,10.3,18.0,san_jose,2026-04-05T08:35:47.137453
2026-04-05T03:00,22.6,32,5.1,20.4,0,0.0,0.0,0.0,0.0,0.0,0,1016.8,1012.2,8,61000.0,7.2,16.9,san_jose,2026-04-05T08:35:47.137453
2026-04-05T04:00,20.5,43,7.5,19.1,0,0.0,0.0,0.0,0.0,0.0,0,1017.4,1012.8,1,47000.0,5.4,17.3,san_jose,2026-04-05T08:35:47.137453
2026-04-05T05:00,18.7,47,7.2,17.2,0,0.0,0.0,0.0,0.0,0.0,0,1017.8,1013.2,11,43100.0,5.8,5.8,san_jose,2026-04-05T08:35:47.137453
2026-04-05T06:00,17.2,48,6.1,15.7,0,0.0,0.0,0.0,0.0,0.0,1,1017.7,1013.0,47,41800.0,3.5,6.8,san_jose,2026-04-05T08:35:47.137453
2026-04-05T07:00,16.2,47,4.9,14.5,0,0.0,0.0,0.0,0.0,0.0,0,1017.9,1013.2,0,42600.0,2.9,3.6,san_jose,2026-04-05T08:35:47.137453
2026-04-05T08:00,15.7,42,2.9,13.4,0,0.0,0.0,0.0,0.0,0.0,0,1016.9,1012.2,0,48000.0,4.7,4.7,san_jose,2026-04-05T08:35:47.137453
2026-04-05T09:00,15.4,42,2.5,12.9,0,0.0,0.0,0.0,0.0,0.0,0,1016.0,1011.3,0,48500.0,5.4,5.4,san_jose,2026-04-05T08:35:47.137453
2026-04-05T10:00,14.8,41,1.7,12.3,0,0.0,0.0,0.0,0.0,0.0,0,1016.3,1011.6,7,48800.0,4.3,4.7,san_jose,2026-04-05T08:35:47.137453
2026-04-05T11:00,14.4,41,1.3,11.7,0,0.0,0.0,0.0,0.0,0.0,0,1015.9,1011.2,6,49900.0,5.6,5.8,san_jose,2026-04-05T08:35:47.137453
2026-04-05T12:00,13.8,40,0.5,10.7,0,0.0,0.0,0.0,0.0,0.0,0,1015.7,1011.0,0,50100.0,7.6,7.9,san_jose,2026-04-05T08:35:47.137453
2026-04-05T13:00,13.4,39,-0.2,10.2,0,0.0,0.0,0.0,0.0,0.0,0,1016.0,1011.3,2,52100.0,7.5,7.2,san_jose,2026-04-05T08:35:47.137453
2026-04-05T14:00,13.2,38,-0.8,10.0,0,0.0,0.0,0.0,0.0,0.0,1,1016.5,1011.8,24,53100.0,6.8,6.8,san_jose,2026-04-05T08:35:47.137453
2026-04-05T15:00,14.4,39,0.7,11.5,0,0.0,0.0,0.0,0.0,0.0,1,1016.4,1011.7,39,51300.0,6.4,7.9,san_jose,2026-04-05T08:35:47.137453
2026-04-05T16:00,17.1,65,10.5,17.0,0,0.0,0.0,0.0,0.0,0.0,2,1016.2,1011.5,62,28100.0,1.8,8.6,san_jose,2026-04-05T08:35:47.137453
2026-04-05T17:00,20.6,50,9.9,20.2,0,0.0,0.0,0.0,0.0,0.0,1,1016.4,1011.8,28,40000.0,2.5,5.4,san_jose,2026-04-05T08:35:47.137453
2026-04-05T18:00,22.8,39,8.2,22.5,0,0.0,0.0,0.0,0.0,0.0,0,1016.1,1011.5,16,52300.0,5.2,16.6,san_jose,2026-04-05T08:35:47.137453
2026-04-05T19:00,25.7,31,7.3,25.8,0,0.0,0.0,0.0,0.0,0.0,0,1015.6,1011.1,6,62200.0,6.5,14.8,san_jose,2026-04-05T08:35:47.137453
2026-04-05T20:00,28.3,22,4.6,28.4,0,0.0,0.0,0.0,0.0,0.0,3,1015.1,1010.6,100,76700.0,5.8,12.2,san_jose,2026-04-05T08:35:47.137453
2026-04-05T21:00,29.8,17,2.1,29.6,0,0.0,0.0,0.0,0.0,0.0,3,1014.6,1010.1,100,86800.0,4.9,10.8,san_jose,2026-04-05T08:35:47.137453
2026-04-05T22:00,30.0,17,2.3,28.6,0,0.0,0.0,0.0,0.0,0.0,3,1014.3,1009.9,100,87200.0,9.6,13.3,san_jose,2026-04-05T08:35:47.137453
2026-04-05T23:00,27.7,23,4.7,24.5,1,0.0,0.0,0.0,0.0,0.0,3,1014.1,1009.6,100,75400.0,19.1,24.5,san_jose,2026-04-05T08:35:47.137453
2026-04-05T00:00,16.1,86,13.7,15.1,68,0.6,0.2,0.3,0.0,0.0,80,1021.9,1019.4,100,24140.0,14.6,24.1,santa_fe,2026-04-05T08:37:04.822107
2026-04-05T01:00,16.0,85,13.4,15.3,85,1.0,0.6,0.4,0.0,0.0,61,1022.4,1019.9,100,24140.0,12.3,24.1,santa_fe,2026-04-05T08:37:04.822107
2026-04-05T02:00,15.8,83,12.9,14.9,80,0.4,0.1,0.3,0.0,0.0,80,1022.7,1020.2,100,24140.0,12.7,22.0,santa_fe,2026-04-05T08:37:04.822107
2026-04-05T03:00,15.6,81,12.3,14.1,78,0.4,0.1,0.3,0.0,0.0,80,1022.7,1020.2,100,24140.0,14.8,25.6,santa_fe,2026-04-05T08:37:04.822107
2026-04-05T04:00,15.1,83,12.2,13.7,80,0.7,0.4,0.3,0.0,0.0,61,1022.6,1020.1,100,24140.0,13.9,27.0,santa_fe,2026-04-05T08:37:04.822107
2026-04-05T05:00,14.8,84,12.1,13.8,73,0.4,0.0,0.3,0.0,0.0,80,1022.5,1020.0,100,24140.0,11.2,23.8,santa_fe,2026-04-05T08:37:04.822107
2026-04-05T06:00,14.7,84,12.0,13.6,50,0.1,0.0,0.1,0.0,0.0,3,1022.2,1019.7,100,24140.0,11.2,19.4,santa_fe,2026-04-05T08:37:04.822107
2026-04-05T07:00,14.4,86,12.0,13.4,48,0.3,0.0,0.3,0.0,0.0,80,1022.0,1019.5,100,24140.0,11.0,19.1,santa_fe,2026-04-05T08:37:04.822107
2026-04-05T08:00,14.1,86,11.8,12.9,48,0.2,0.0,0.2,0.0,0.0,80,1021.7,1019.2,96,24140.0,12.0,20.9,santa_fe,2026-04-05T08:37:04.822107
2026-04-05T09:00,14.0,85,11.5,12.8,48,0.0,0.0,0.0,0.0,0.0,3,1022.1,1019.6,96,24140.0,11.5,20.5,santa_fe,2026-04-05T08:37:04.822107
2026-04-05T10:00,13.8,87,11.7,12.6,53,0.4,0.0,0.4,0.0,0.0,80,1022.2,1019.6,100,19600.0,11.8,20.5,santa_fe,2026-04-05T08:37:04.822107
2026-04-05T11:00,13.6,88,11.6,12.3,53,0.7,0.1,0.6,0.0,0.0,80,1022.7,1020.1,100,24140.0,12.3,21.6,santa_fe,2026-04-05T08:37:04.822107
2026-04-05T12:00,13.7,87,11.6,12.1,55,0.9,0.1,0.8,0.0,0.0,80,1022.9,1020.3,100,13920.0,14.5,25.6,santa_fe,2026-04-05T08:37:04.822107
2026-04-05T13:00,13.8,86,11.5,12.3,50,0.6,0.0,0.6,0.0,0.0,80,1023.1,1020.5,100,21940.0,13.9,25.9,santa_fe,2026-04-05T08:37:04.822107
2026-04-05T14:00,14.1,85,11.6,12.8,53,0.5,0.0,0.5,0.0,0.0,80,1022.5,1019.9,100,12860.0,12.3,24.5,santa_fe,2026-04-05T08:37:04.822107
2026-04-05T15:00,14.2,86,11.9,12.8,55,1.0,0.5,0.5,0.0,0.0,61,1022.1,1019.6,100,17460.0,13.0,23.0,santa_fe,2026-04-05T08:37:04.822107
2026-04-05T16:00,14.7,85,12.2,13.5,65,0.8,0.3,0.5,0.0,0.0,80,1021.2,1018.7,100,4560.0,12.3,23.0,santa_fe,2026-04-05T08:37:04.822107
2026-04-05T17:00,15.0,86,12.6,14.1,68,0.7,0.4,0.4,0.0,0.0,61,1020.2,1017.7,100,5360.0,11.8,21.6,santa_fe,2026-04-05T08:37:04.822107
2026-04-05T18:00,14.8,89,13.0,14.0,63,1.0,0.9,0.1,0.0,0.0,61,1019.1,1016.6,100,2680.0,11.7,21.6,santa_fe,2026-04-05T08:37:04.822107
2026-04-05T19:00,14.8,91,13.3,14.9,73,1.9,1.4,0.4,0.0,0.0,61,1018.6,1016.1,100,2940.0,6.4,20.2,santa_fe,2026-04-05T08:37:04.822107
2026-04-05T20:00,14.9,94,13.9,14.8,85,2.4,2.2,0.1,0.0,0.0,61,1018.0,1015.5,100,2880.0,9.2,16.2,santa_fe,2026-04-05T08:37:04.822107
2026-04-05T21:00,15.0,94,14.0,14.3,85,1.9,1.8,0.1,0.0,0.0,61,1017.5,1015.0,100,5320.0,13.3,22.7,santa_fe,2026-04-05T08:37:04.822107
2026-04-05T22:00,14.9,94,13.9,14.0,85,1.7,1.3,0.4,0.0,0.0,61,1016.5,1014.0,100,3980.0,14.5,25.6,santa_fe,2026-04-05T08:37:04.822107
2026-04-05T23:00,15.0,93,13.8,14.3,63,0.5,0.5,0.0,0.0,0.0,61,1016.5,1014.0,98,24140.0,13.0,24.8,santa_fe,2026-04-05T08:37:04.822107
2026-04-05T00:00,15.5,61,8.0,13.2,1,0.0,0.0,0.0,0.0,0.0,1,1025.2,1014.7,39,30200.0,12.2,15.1,seattle,2026-04-05T08:37:07.201927
2026-04-05T01:00,14.2,63,7.3,12.0,1,0.0,0.0,0.0,0.0,0.0,1,1024.7,1014.2,31,28800.0,10.4,17.3,seattle,2026-04-05T08:37:07.201927
2026-04-05T02:00,12.2,65,5.9,10.0,1,0.0,0.0,0.0,0.0,0.0,1,1024.4,1013.8,47,27600.0,8.0,21.6,seattle,2026-04-05T08:37:07.201927
2026-04-05T03:00,10.6,64,4.1,8.5,0,0.0,0.0,0.0,0.0,0.0,3,1023.8,1013.1,88,28300.0,5.3,23.4,seattle,2026-04-05T08:37:07.201927
2026-04-05T04:00,9.9,67,4.1,7.7,0,0.0,0.0,0.0,0.0,0.0,0,1023.9,1013.2,15,26300.0,5.9,18.0,seattle,2026-04-05T08:37:07.201927
2026-04-05T05:00,9.4,66,3.4,7.1,0,0.0,0.0,0.0,0.0,0.0,3,1024.1,1013.4,81,27200.0,4.8,20.2,seattle,2026-04-05T08:37:07.201927
2026-04-05T06:00,9.1,65,2.9,6.7,0,0.0,0.0,0.0,0.0,0.0,3,1023.8,1013.1,99,27700.0,5.0,18.0,seattle,2026-04-05T08:37:07.201927
2026-04-05T07:00,8.4,69,3.1,5.4,0,0.0,0.0,0.0,0.0,0.0,1,1023.4,1012.7,39,24600.0,10.1,23.0,seattle,2026-04-05T08:37:07.201927
2026-04-05T08:00,8.0,72,3.3,5.4,0,0.0,0.0,0.0,0.0,0.0,3,1023.3,1012.5,100,23300.0,6.9,11.5,seattle,2026-04-05T08:37:07.201927
2026-04-05T09:00,7.3,72,2.6,4.8,0,0.0,0.0,0.0,0.0,0.0,3,1022.9,1012.1,100,23100.0,5.9,18.7,seattle,2026-04-05T08:37:07.201927
2026-04-05T10:00,7.0,76,3.1,4.4,0,0.0,0.0,0.0,0.0,0.0,3,1021.6,1010.8,100,20300.0,7.2,14.8,seattle,2026-04-05T08:37:07.201927
2026-04-05T11:00,6.7,77,3.0,4.1,0,0.0,0.0,0.0,0.0,0.0,3,1021.6,1010.8,100,18400.0,7.0,14.0,seattle,2026-04-05T08:37:07.201927
2026-04-05T12:00,6.5,77,2.8,3.8,0,0.0,0.0,0.0,0.0,0.0,3,1021.3,1010.5,100,17400.0,7.2,15.5,seattle,2026-04-05T08:37:07.201927
2026-04-05T13:00,6.2,77,2.5,3.7,0,0.0,0.0,0.0,0.0,0.0,3,1021.0,1010.2,100,16700.0,5.2,13.7,seattle,2026-04-05T08:37:07.201927
2026-04-05T14:00,5.8,78,2.3,3.4,0,0.0,0.0,0.0,0.0,0.0,3,1020.7,1009.9,100,16200.0,4.7,11.5,seattle,2026-04-05T08:37:07.201927
2026-04-05T15:00,7.1,85,4.7,5.1,0,0.0,0.0,0.0,0.0,0.0,3,1021.0,1010.2,100,16300.0,4.8,21.2,seattle,2026-04-05T08:37:07.201927
2026-04-05T16:00,10.1,85,7.7,8.2,0,0.0,0.0,0.0,0.0,0.0,3,1020.6,1010.0,100,16700.0,9.0,23.4,seattle,2026-04-05T08:37:07.201927
2026-04-05T17:00,12.3,80,8.9,10.6,0,0.0,0.0,0.0,0.0,0.0,3,1020.3,1009.7,100,19400.0,9.8,17.6,seattle,2026-04-05T08:37:07.201927
2026-04-05T18:00,13.7,77,9.8,12.2,0,0.0,0.0,0.0,0.0,0.0,3,1020.0,1009.5,100,21000.0,10.5,16.9,seattle,2026-04-05T08:37:07.201927
2026-04-05T19:00,15.1,77,11.1,14.6,0,0.0,0.0,0.0,0.0,0.0,3,1019.7,1009.2,100,20900.0,10.2,15.1,seattle,2026-04-05T08:37:07.201927
2026-04-05T20:00,16.1,74,11.5,16.1,0,0.0,0.0,0.0,0.0,0.0,3,1019.1,1008.7,100,22300.0,10.6,14.8,seattle,2026-04-05T08:37:07.201927
2026-04-05T21:00,16.9,73,12.0,16.9,0,0.0,0.0,0.0,0.0,0.0,3,1018.3,1007.9,100,23300.0,11.4,15.5,seattle,2026-04-05T08:37:07.201927
2026-04-05T22:00,17.4,72,12.3,17.3,0,0.0,0.0,0.0,0.0,0.0,3,1017.6,1007.3,100,23600.0,11.3,15.5,seattle,2026-04-05T08:37:07.201927
2026-04-05T23:00,17.3,71,12.0,16.6,0,0.0,0.0,0.0,0.0,0.0,3,1016.9,1006.6,100,24300.0,11.7,16.9,seattle,2026-04-05T08:37:07.201927
2026-04-05T00:00,26.8,41,12.5,25.9,2,0.0,0.0,0.0,0.0,0.0,0,1015.2,1012.4,0,48000.0,11.8,22.3,washington,2026-04-05T08:39:10.038703
2026-04-05T01:00,26.4,44,13.2,26.0,1,0.0,0.0,0.0,0.0,0.0,0,1015.7,1012.9,0,44000.0,9.4,24.5,washington,2026-04-05T08:39:10.038703
2026-04-05T02:00,25.5,49,14.0,24.9,0,0.0,0.0,0.0,0.0,0.0,0,1015.7,1012.9,0,38600.0,13.0,48.6,washington,2026-04-05T08:39:10.038703
2026-04-05T03:00,24.9,51,14.1,24.3,0,0.0,0.0,0.0,0.0,0.0,0,1015.6,1012.8,0,36800.0,13.0,48.2,washington,2026-04-05T08:39:10.038703
2026-04-05T04:00,24.0,52,13.5,23.0,0,0.0,0.0,0.0,0.0,0.0,0,1014.9,1012.1,14,35900.0,14.4,47.5,washington,2026-04-05T08:39:10.038703
2026-04-05T05:00,22.4,59,14.0,22.3,1,0.0,0.0,0.0,0.0,0.0,0,1014.6,1011.8,0,30300.0,9.8,28.1,washington,2026-04-05T08:39:10.038703
2026-04-05T06:00,21.8,60,13.7,20.9,1,0.0,0.0,0.0,0.0,0.0,0,1013.7,1010.9,0,29800.0,14.5,33.5,washington,2026-04-05T08:39:10.038703
2026-04-05T07:00,22.6,52,12.2,20.9,1,0.0,0.0,0.0,0.0,0.0,0,1012.8,1010.0,1,36200.0,16.2,45.0,washington,2026-04-05T08:39:10.038703
2026-04-05T08:00,21.9,50,11.1,19.5,2,0.0,0.0,0.0,0.0,0.0,2,1012.9,1010.1,73,37600.0,19.1,38.2,washington,2026-04-05T08:39:10.038703
2026-04-05T09:00,21.8,55,12.4,19.5,2,0.0,0.0,0.0,0.0,0.0,0,1013.2,1010.4,17,33300.0,20.9,47.5,washington,2026-04-05T08:39:10.038703
2026-04-05T10:00,21.0,62,13.5,19.3,2,0.0,0.0,0.0,0.0,0.0,0,1012.3,1009.5,1,28200.0,19.6,46.1,washington,2026-04-05T08:39:10.038703
2026-04-05T11:00,20.5,64,13.5,18.9,4,0.0,0.0,0.0,0.0,0.0,0,1012.2,1009.4,6,26700.0,18.8,45.0,washington,2026-04-05T08:39:10.038703
2026-04-05T12:00,21.6,67,15.3,20.1,5,0.0,0.0,0.0,0.0,0.0,0,1012.0,1009.2,0,24300.0,23.1,56.2,washington,2026-04-05T08:39:10.038703
2026-04-05T13:00,22.7,66,16.1,21.3,10,0.0,0.0,0.0,0.0,0.0,3,1011.4,1008.6,100,24600.0,24.0,49.0,washington,2026-04-05T08:39:10.038703
2026-04-05T14:00,22.8,64,15.6,21.5,32,0.0,0.0,0.0,0.0,0.0,3,1011.1,1008.3,100,25900.0,22.2,46.8,washington,2026-04-05T08:39:10.038703
2026-04-05T15:00,17.2,94,16.2,16.3,90,13.9,13.9,0.0,0.0,0.0,65,1011.6,1008.7,100,1000.0,20.8,47.2,washington,2026-04-05T08:39:10.038703
2026-04-05T16:00,16.8,89,15.0,16.6,100,10.4,10.4,0.0,0.0,0.0,65,1012.1,1009.2,100,4500.0,13.1,39.2,washington,2026-04-05T08:39:10.038703
2026-04-05T17:00,17.4,84,14.7,16.7,99,1.0,1.0,0.0,0.0,0.0,55,1011.9,1009.0,100,16000.0,15.1,34.2,washington,2026-04-05T08:39:10.038703
2026-04-05T18:00,17.6,88,15.6,17.5,76,1.9,1.9,0.0,0.0,0.0,61,1011.6,1008.8,100,7200.0,14.4,31.3,washington,2026-04-05T08:39:10.038703
2026-04-05T19:00,16.8,89,15.0,16.0,42,1.7,1.7,0.0,0.0,0.0,61,1010.6,1007.7,100,6000.0,17.2,29.2,washington,2026-04-05T08:39:10.038703
2026-04-05T20:00,16.9,74,12.3,14.6,15,0.3,0.3,0.0,0.0,0.0,51,1010.6,1007.7,100,22800.0,21.1,37.1,washington,2026-04-05T08:39:10.038703
2026-04-05T21:00,16.6,67,10.4,13.9,6,0.0,0.0,0.0,0.0,0.0,3,1011.8,1008.9,100,26500.0,19.2,37.1,washington,2026-04-05T08:39:10.038703
2026-04-05T22:00,15.2,65,8.7,12.2,2,0.0,0.0,0.0,0.0,0.0,3,1012.5,1009.6,100,28100.0,18.0,39.6,washington,2026-04-05T08:39:10.038703
2026-04-05T23:00,13.2,65,6.8,9.4,0,0.0,0.0,0.0,0.0,0.0,3,1013.2,1010.3,98,27600.0,20.5,50.0,washington,2026-04-05T08:39:10.038703
2026-04-05T00:00,23.1,81,19.6,26.1,0,0.0,0.0,0.0,0.0,0.0,2,1013.4,916.3,72,2680.0,4.7,20.9,caracas,2026-04-05T08:39:12.420981
2026-04-05T01:00,22.7,83,19.7,25.7,3,0.0,0.0,0.0,0.0,0.0,3,1014.4,917.1,90,3420.0,4.8,20.2,caracas,2026-04-05T08:39:12.420981
2026-04-05T02:00,22.4,83,19.4,25.1,3,0.0,0.0,0.0,0.0,0.0,3,1015.2,917.7,85,7660.0,6.1,22.7,caracas,2026-04-05T08:39:12.420981
2026-04-05T03:00,22.1,81,18.7,24.3,0,0.0,0.0,0.0,0.0,0.0,3,1015.7,918.1,95,24140.0,6.9,23.8,caracas,2026-04-05T08:39:12.420981
2026-04-05T04:00,22.0,80,18.4,23.9,0,0.0,0.0,0.0,0.0,0.0,2,1015.4,917.7,58,24140.0,7.9,24.1,caracas,2026-04-05T08:39:12.420981
2026-04-05T05:00,21.7,80,18.1,23.5,0,0.0,0.0,0.0,0.0,0.0,3,1014.9,917.2,88,24140.0,8.2,24.1,caracas,2026-04-05T08:39:12.420981
2026-04-05T06:00,21.6,81,18.2,23.4,0,0.0,0.0,0.0,0.0,0.0,2,1014.1,916.5,72,21140.0,8.6,24.1,caracas,2026-04-05T08:39:12.420981
2026-04-05T07:00,21.6,82,18.4,23.5,0,0.0,0.0,0.0,0.0,0.0,1,1013.5,915.9,39,18440.0,8.7,24.5,caracas,2026-04-05T08:39:12.420981
2026-04-05T08:00,21.8,84,18.9,23.9,0,0.0,0.0,0.0,0.0,0.0,2,1013.0,915.5,45,11680.0,8.6,25.9,caracas,2026-04-05T08:39:12.420981
2026-04-05T09:00,21.9,85,19.2,24.1,0,0.0,0.0,0.0,0.0,0.0,1,1013.3,915.8,34,24140.0,8.9,28.1,caracas,2026-04-05T08:39:12.420981
2026-04-05T10:00,21.9,83,18.9,23.9,0,0.0,0.0,0.0,0.0,0.0,1,1013.6,916.1,26,24140.0,8.5,28.1,caracas,2026-04-05T08:39:12.420981
2026-04-05T11:00,22.2,79,18.4,24.1,0,0.0,0.0,0.0,0.0,0.0,1,1014.2,916.7,26,24140.0,8.5,27.7,caracas,2026-04-05T08:39:12.420981
2026-04-05T12:00,24.2,72,18.8,26.4,0,0.0,0.0,0.0,0.0,0.0,1,1014.7,917.8,29,20240.0,7.0,29.9,caracas,2026-04-05T08:39:12.420981
2026-04-05T13:00,26.0,64,18.6,28.3,0,0.0,0.0,0.0,0.0,0.0,1,1015.2,918.8,39,12580.0,6.1,30.6,caracas,2026-04-05T08:39:12.420981
2026-04-05T14:00,27.6,58,18.6,30.5,0,0.0,0.0,0.0,0.0,0.0,2,1015.2,919.3,59,14280.0,6.3,32.4,caracas,2026-04-05T08:39:12.420981
2026-04-05T15:00,28.7,54,18.5,32.2,0,0.0,0.0,0.0,0.0,0.0,2,1014.9,919.3,74,12560.0,6.5,32.0,caracas,2026-04-05T08:39:12.420981
2026-04-05T16:00,29.3,53,18.8,32.9,13,0.0,0.0,0.0,0.0,0.0,3,1014.2,918.9,84,12940.0,8.0,31.3,caracas,2026-04-05T08:39:12.420981
2026-04-05T17:00,29.6,53,19.0,33.2,23,0.0,0.0,0.0,0.0,0.0,3,1012.8,917.7,90,15220.0,8.1,33.5,caracas,2026-04-05T08:39:12.420981
2026-04-05T18:00,28.9,59,20.1,33.2,35,0.1,0.0,0.1,0.0,0.0,3,1011.8,916.6,85,23760.0,8.4,41.8,caracas,2026-04-05T08:39:12.420981
2026-04-05T19:00,28.4,63,20.7,32.6,25,0.3,0.0,0.4,0.0,0.0,80,1011.3,916.0,80,9180.0,8.4,42.8,caracas,2026-04-05T08:39:12.420981
2026-04-05T20:00,27.7,66,20.8,31.2,13,0.5,0.0,0.5,0.0,0.0,80,1011.0,915.5,50,18120.0,7.7,41.0,caracas,2026-04-05T08:39:12.420981
2026-04-05T21:00,27.1,68,20.7,30.2,8,0.4,0.0,0.4,0.0,0.0,80,1011.0,915.3,80,15040.0,7.1,39.2,caracas,2026-04-05T08:39:12.420981
2026-04-05T22:00,26.3,70,20.4,29.3,3,0.0,0.0,0.0,0.0,0.0,2,1011.1,915.2,48,17460.0,7.2,31.7,caracas,2026-04-05T08:39:12.420981
2026-04-05T23:00,25.4,73,20.2,28.6,3,0.0,0.0,0.0,0.0,0.0,3,1011.7,915.4,100,22380.0,5.1,31.7,caracas,2026-04-05T08:39:12.420981
2026-04-05T00:00,24.0,93,22.8,28.4,0,0.0,0.0,0.0,0.0,0.0,3,1005.1,1003.3,86,24140.0,7.0,17.3,hanoi,2026-04-05T08:39:14.801066
2026-04-05T01:00,25.3,88,23.2,29.6,0,0.0,0.0,0.0,0.0,0.0,3,1005.6,1003.8,89,24140.0,8.6,18.0,hanoi,2026-04-05T08:39:14.801066
2026-04-05T02:00,26.8,83,23.7,31.5,0,0.0,0.0,0.0,0.0,0.0,3,1005.8,1004.0,88,24140.0,8.3,16.6,hanoi,2026-04-05T08:39:14.801066
2026-04-05T03:00,28.3,77,23.9,33.3,0,0.0,0.0,0.0,0.0,0.0,2,1005.6,1003.8,75,24140.0,7.3,16.2,hanoi,2026-04-05T08:39:14.801066
2026-04-05T04:00,30.1,70,24.0,35.8,0,0.0,0.0,0.0,0.0,0.0,2,1005.1,1003.3,79,24140.0,6.9,14.4,hanoi,2026-04-05T08:39:14.801066
2026-04-05T05:00,31.5,68,24.9,39.0,0,0.0,0.0,0.0,0.0,0.0,1,1003.9,1002.1,32,24140.0,7.2,14.8,hanoi,2026-04-05T08:39:14.801066
2026-04-05T06:00,32.5,68,25.8,40.8,0,0.0,0.0,0.0,0.0,0.0,1,1002.6,1000.8,40,24140.0,8.9,17.3,hanoi,2026-04-05T08:39:14.801066
2026-04-05T07:00,33.4,65,25.9,40.9,0,0.0,0.0,0.0,0.0,0.0,1,1000.9,999.1,31,24140.0,10.6,20.5,hanoi,2026-04-05T08:39:14.801066
2026-04-05T08:00,34.0,63,26.0,40.4,0,0.0,0.0,0.0,0.0,0.0,0,999.8,998.0,3,24140.0,13.4,25.6,hanoi,2026-04-05T08:39:14.801066
2026-04-05T09:00,34.0,63,26.0,39.6,0,0.0,0.0,0.0,0.0,0.0,1,999.2,997.4,7,24140.0,12.6,25.9,hanoi,2026-04-05T08:39:14.801066
2026-04-05T10:00,33.7,61,25.1,38.7,0,0.0,0.0,0.0,0.0,0.0,0,999.6,997.8,0,24140.0,12.7,24.5,hanoi,2026-04-05T08:39:14.801066
2026-04-05T11:00,32.2,71,26.3,38.0,0,0.0,0.0,0.0,0.0,0.0,0,999.7,997.9,0,24140.0,12.8,23.4,hanoi,2026-04-05T08:39:14.801066
2026-04-05T12:00,30.6,80,26.8,36.6,0,0.0,0.0,0.0,0.0,0.0,0,999.9,998.1,0,24140.0,14.0,25.9,hanoi,2026-04-05T08:39:14.801066
2026-04-05T13:00,29.4,83,26.2,35.0,0,0.0,0.0,0.0,0.0,0.0,0,1000.5,998.7,0,24140.0,13.2,25.9,hanoi,2026-04-05T08:39:14.801066
2026-04-05T14:00,28.5,85,25.7,33.9,0,0.0,0.0,0.0,0.0,0.0,0,1001.4,999.6,0,24140.0,11.6,24.1,hanoi,2026-04-05T08:39:14.801066
2026-04-05T15:00,27.8,87,25.4,33.3,0,0.0,0.0,0.0,0.0,0.0,0,1002.1,1000.3,0,24140.0,10.2,21.2,hanoi,2026-04-05T08:39:14.801066
2026-04-05T16:00,27.2,89,25.3,32.9,0,0.0,0.0,0.0,0.0,0.0,0,1002.0,1000.2,1,24140.0,8.7,18.4,hanoi,2026-04-05T08:39:14.801066
2026-04-05T17:00,26.9,89,24.9,32.6,0,0.0,0.0,0.0,0.0,0.0,0,1001.9,1000.1,1,24140.0,7.1,15.5,hanoi,2026-04-05T08:39:14.801066
2026-04-05T18:00,26.5,90,24.7,32.2,0,0.0,0.0,0.0,0.0,0.0,1,1001.4,999.6,22,24140.0,5.8,13.0,hanoi,2026-04-05T08:39:14.801066
2026-04-05T19:00,26.2,91,24.6,32.1,0,0.0,0.0,0.0,0.0,0.0,3,1001.1,999.3,89,24140.0,4.0,10.1,hanoi,2026-04-05T08:39:14.801066
2026-04-05T20:00,25.8,92,24.4,31.6,0,0.0,0.0,0.0,0.0,0.0,1,1000.7,998.9,23,24140.0,3.2,6.8,hanoi,2026-04-05T08:39:14.801066
2026-04-05T21:00,25.4,93,24.2,31.2,0,0.0,0.0,0.0,0.0,0.0,2,1000.9,999.1,45,24140.0,2.5,5.8,hanoi,2026-04-05T08:39:14.801066
2026-04-05T22:00,25.0,94,24.0,30.6,0,0.0,0.0,0.0,0.0,0.0,2,1001.7,999.9,46,24140.0,3.7,6.1,hanoi,2026-04-05T08:39:14.801066
2026-04-05T23:00,24.8,96,24.1,30.3,0,0.0,0.0,0.0,0.0,0.0,1,1002.6,1000.8,35,24140.0,4.1,7.6,hanoi,2026-04-05T08:39:14.801066
2026-04-05T00:00,24.8,94,23.8,30.3,0,0.0,0.0,0.0,0.0,0.0,2,1009.4,1008.7,51,24140.0,3.1,8.6,ho_chi_minh,2026-04-05T08:39:17.191561
2026-04-05T01:00,26.7,83,23.6,31.5,0,0.0,0.0,0.0,0.0,0.0,2,1010.4,1009.7,53,24140.0,7.1,14.8,ho_chi_minh,2026-04-05T08:39:17.191561
2026-04-05T02:00,28.4,74,23.3,33.0,0,0.0,0.0,0.0,0.0,0.0,2,1010.9,1010.2,57,24140.0,6.8,15.8,ho_chi_minh,2026-04-05T08:39:17.191561
2026-04-05T03:00,30.1,64,22.6,35.6,0,0.0,0.0,0.0,0.0,0.0,2,1010.5,1009.8,45,24140.0,5.8,14.8,ho_chi_minh,2026-04-05T08:39:17.191561
2026-04-05T04:00,31.8,56,22.0,38.0,0,0.0,0.0,0.0,0.0,0.0,1,1010.1,1009.4,31,24140.0,5.4,13.7,ho_chi_minh,2026-04-05T08:39:17.191561
2026-04-05T05:00,33.2,51,21.7,39.7,0,0.0,0.0,0.0,0.0,0.0,1,1009.1,1008.4,29,24140.0,6.5,15.1,ho_chi_minh,2026-04-05T08:39:17.191561
2026-04-05T06:00,34.1,48,21.6,40.4,0,0.0,0.0,0.0,0.0,0.0,1,1008.0,1007.3,38,24140.0,7.3,16.9,ho_chi_minh,2026-04-05T08:39:17.191561
2026-04-05T07:00,34.6,46,21.3,39.8,0,0.0,0.0,0.0,0.0,0.0,2,1006.8,1006.1,49,24140.0,8.8,19.1,ho_chi_minh,2026-04-05T08:39:17.191561
2026-04-05T08:00,34.7,46,21.4,38.8,0,0.0,0.0,0.0,0.0,0.0,2,1005.8,1005.1,46,24140.0,9.7,20.5,ho_chi_minh,2026-04-05T08:39:17.191561
2026-04-05T09:00,34.3,47,21.4,37.4,0,0.0,0.0,0.0,0.0,0.0,1,1005.8,1005.1,41,24140.0,10.2,21.2,ho_chi_minh,2026-04-05T08:39:17.191561
2026-04-05T10:00,33.2,51,21.7,36.2,0,0.0,0.0,0.0,0.0,0.0,1,1006.3,1005.6,38,24140.0,12.2,24.5,ho_chi_minh,2026-04-05T08:39:17.191561
2026-04-05T11:00,30.4,63,22.5,33.4,0,0.0,0.0,0.0,0.0,0.0,1,1007.3,1006.6,6,24140.0,15.3,29.9,ho_chi_minh,2026-04-05T08:39:17.191561
2026-04-05T12:00,28.3,71,22.6,31.7,0,0.0,0.0,0.0,0.0,0.0,0,1007.9,1007.2,0,24140.0,13.1,29.5,ho_chi_minh,2026-04-05T08:39:17.191561
2026-04-05T13:00,27.1,78,22.9,30.8,0,0.0,0.0,0.0,0.0,0.0,0,1008.5,1007.8,5,24140.0,11.7,24.8,ho_chi_minh,2026-04-05T08:39:17.191561
2026-04-05T14:00,26.4,84,23.5,30.6,0,0.0,0.0,0.0,0.0,0.0,1,1009.2,1008.5,22,24140.0,10.4,22.7,ho_chi_minh,2026-04-05T08:39:17.191561
2026-04-05T15:00,25.9,87,23.6,30.5,0,0.0,0.0,0.0,0.0,0.0,1,1009.8,1009.1,40,24140.0,9.0,19.8,ho_chi_minh,2026-04-05T08:39:17.191561
2026-04-05T16:00,25.6,89,23.7,30.4,0,0.0,0.0,0.0,0.0,0.0,2,1010.2,1009.5,48,24140.0,7.7,17.3,ho_chi_minh,2026-04-05T08:39:17.191561
2026-04-05T17:00,25.4,90,23.7,30.2,0,0.0,0.0,0.0,0.0,0.0,2,1010.1,1009.4,54,24140.0,7.8,14.8,ho_chi_minh,2026-04-05T08:39:17.191561
2026-04-05T18:00,25.3,90,23.6,30.0,0,0.0,0.0,0.0,0.0,0.0,2,1009.6,1008.9,56,24140.0,7.7,15.1,ho_chi_minh,2026-04-05T08:39:17.191561
2026-04-05T19:00,25.1,90,23.3,29.9,0,0.0,0.0,0.0,0.0,0.0,2,1009.1,1008.4,53,24140.0,6.2,14.8,ho_chi_minh,2026-04-05T08:39:17.191561
2026-04-05T20:00,24.8,92,23.4,29.8,0,0.0,0.0,0.0,0.0,0.0,2,1008.9,1008.2,63,24140.0,5.5,12.2,ho_chi_minh,2026-04-05T08:39:17.191561
2026-04-05T21:00,24.7,92,23.3,29.7,0,0.0,0.0,0.0,0.0,0.0,2,1009.4,1008.7,67,24140.0,4.9,10.1,ho_chi_minh,2026-04-05T08:39:17.191561
2026-04-05T22:00,24.7,92,23.3,29.7,0,0.0,0.0,0.0,0.0,0.0,2,1010.1,1009.4,64,24140.0,4.6,9.0,ho_chi_minh,2026-04-05T08:39:17.191561
2026-04-05T23:00,24.6,93,23.4,29.6,0,0.0,0.0,0.0,0.0,0.0,2,1010.6,1009.9,67,24140.0,4.7,8.6,ho_chi_minh,2026-04-05T08:39:17.191561
