time,temperature_2m,relative_humidity_2m,dew_point_2m,apparent_temperature,precipitation_probability,precipitation,rain,showers,snowfall,snow_depth,weather_code,pressure_msl,surface_pressure,cloud_cover,visibility,wind_speed_10m,wind_gusts_10m,city,retrieved_at
2026-06-01T00:00,15.7,71,10.5,15.2,0,0.0,0.0,0.0,0.0,0.0,0,1015.1,1002.0,6,37000.0,4.6,8.6,tirana,2026-06-01T03:43:13.311120
2026-06-01T01:00,15.4,70,10.0,14.7,0,0.0,0.0,0.0,0.0,0.0,0,1015.0,1001.9,0,37720.0,4.8,9.0,tirana,2026-06-01T03:43:13.311120
2026-06-01T02:00,14.9,73,10.2,14.4,0,0.0,0.0,0.0,0.0,0.0,0,1014.6,1001.5,0,36260.0,4.1,9.0,tirana,2026-06-01T03:43:13.311120
2026-06-01T03:00,14.8,72,9.8,14.0,0,0.0,0.0,0.0,0.0,0.0,0,1015.0,1001.9,1,37400.0,5.2,9.7,tirana,2026-06-01T03:43:13.311120
2026-06-01T04:00,15.2,72,10.2,14.6,0,0.0,0.0,0.0,0.0,0.0,0,1015.0,1001.9,15,37420.0,5.1,10.1,tirana,2026-06-01T03:43:13.311120
2026-06-01T05:00,18.3,68,12.3,18.6,0,0.0,0.0,0.0,0.0,0.0,1,1015.3,1002.3,33,38340.0,3.5,9.4,tirana,2026-06-01T03:43:13.311120
2026-06-01T06:00,23.1,50,12.1,23.4,0,0.0,0.0,0.0,0.0,0.0,1,1015.1,1002.3,75,41300.0,2.4,6.5,tirana,2026-06-01T03:43:13.311120
2026-06-01T07:00,25.6,41,11.4,25.4,0,0.0,0.0,0.0,0.0,0.0,2,1015.1,1002.4,60,42540.0,4.5,10.8,tirana,2026-06-01T03:43:13.311120
2026-06-01T08:00,27.5,33,9.8,27.5,0,0.0,0.0,0.0,0.0,0.0,3,1014.8,1002.2,84,44800.0,5.1,12.2,tirana,2026-06-01T03:43:13.311120
2026-06-01T09:00,29.0,30,9.7,29.7,0,0.0,0.0,0.0,0.0,0.0,3,1015.0,1002.5,100,46120.0,5.6,13.7,tirana,2026-06-01T03:43:13.311120
2026-06-01T10:00,30.2,27,9.2,30.9,0,0.0,0.0,0.0,0.0,0.0,3,1014.6,1002.1,97,47320.0,8.0,16.6,tirana,2026-06-01T03:43:13.311120
2026-06-01T11:00,31.0,26,9.3,30.8,0,0.0,0.0,0.0,0.0,0.0,3,1014.6,1002.2,40,47720.0,14.0,26.6,tirana,2026-06-01T03:43:13.311120
2026-06-01T12:00,30.0,26,8.5,28.9,0,0.0,0.0,0.0,0.0,0.0,0,1014.2,1001.7,10,47580.0,17.7,34.2,tirana,2026-06-01T03:43:13.311120
2026-06-01T13:00,29.5,29,9.6,28.6,0,0.0,0.0,0.0,0.0,0.0,0,1014.1,1001.6,15,45980.0,16.5,32.8,tirana,2026-06-01T03:43:13.311120
2026-06-01T14:00,29.2,30,9.8,28.1,0,0.0,0.0,0.0,0.0,0.0,1,1013.5,1001.0,34,46080.0,13.8,30.6,tirana,2026-06-01T03:43:13.311120
2026-06-01T15:00,28.6,31,9.9,27.0,0,0.0,0.0,0.0,0.0,0.0,1,1013.5,1001.0,0,45820.0,11.4,25.6,tirana,2026-06-01T03:43:13.311120
2026-06-01T16:00,27.7,34,10.5,26.7,0,0.0,0.0,0.0,0.0,0.0,1,1013.3,1000.7,1,44800.0,8.4,21.2,tirana,2026-06-01T03:43:13.311120
2026-06-01T17:00,26.3,37,10.5,25.6,0,0.0,0.0,0.0,0.0,0.0,1,1013.8,1001.2,0,43820.0,5.9,16.2,tirana,2026-06-01T03:43:13.311120
2026-06-01T18:00,24.5,45,11.8,24.8,0,0.0,0.0,0.0,0.0,0.0,0,1013.8,1001.1,0,42680.0,1.9,11.2,tirana,2026-06-01T03:43:13.311120
2026-06-01T19:00,22.5,51,11.9,22.9,0,0.0,0.0,0.0,0.0,0.0,0,1014.4,1001.6,0,41840.0,1.3,3.2,tirana,2026-06-01T03:43:13.311120
2026-06-01T20:00,19.6,59,11.4,19.3,0,0.0,0.0,0.0,0.0,0.0,0,1014.8,1001.9,0,40420.0,5.5,9.7,tirana,2026-06-01T03:43:13.311120
2026-06-01T21:00,18.8,55,9.6,17.8,0,0.0,0.0,0.0,0.0,0.0,0,1014.9,1001.9,14,41360.0,6.3,11.9,tirana,2026-06-01T03:43:13.311120
2026-06-01T22:00,18.5,56,9.6,17.5,0,0.0,0.0,0.0,0.0,0.0,3,1014.9,1001.9,98,41100.0,6.3,11.5,tirana,2026-06-01T03:43:13.311120
2026-06-01T23:00,18.4,56,9.5,17.5,0,0.0,0.0,0.0,0.0,0.0,3,1014.7,1001.7,93,40920.0,5.6,11.5,tirana,2026-06-01T03:43:13.311120
2026-06-01T00:00,20.6,82,17.4,23.0,0,0.0,0.0,0.0,0.0,0.0,0,1017.4,1003.8,1,31780.0,2.2,9.4,algiers,2026-06-01T03:43:15.868285
2026-06-01T01:00,20.3,83,17.3,22.6,0,0.0,0.0,0.0,0.0,0.0,0,1016.9,1003.3,8,30440.0,2.2,10.4,algiers,2026-06-01T03:43:15.868285
2026-06-01T02:00,20.0,87,17.7,22.4,0,0.0,0.0,0.0,0.0,0.0,0,1016.6,1003.0,21,26440.0,2.5,9.7,algiers,2026-06-01T03:43:15.868285
2026-06-01T03:00,19.9,87,17.6,22.2,0,0.0,0.0,0.0,0.0,0.0,1,1016.1,1002.5,9,27120.0,2.6,10.1,algiers,2026-06-01T03:43:15.868285
2026-06-01T04:00,20.2,79,16.4,22.1,0,0.0,0.0,0.0,0.0,0.0,2,1016.0,1002.4,32,32700.0,2.2,10.1,algiers,2026-06-01T03:43:15.868285
2026-06-01T05:00,20.6,67,14.2,21.6,0,0.0,0.0,0.0,0.0,0.0,2,1016.3,1002.7,49,37420.0,2.2,11.9,algiers,2026-06-01T03:43:15.868285
2026-06-01T06:00,21.4,60,13.3,22.2,0,0.0,0.0,0.0,0.0,0.0,0,1016.6,1003.0,20,38580.0,2.2,10.1,algiers,2026-06-01T03:43:15.868285
2026-06-01T07:00,23.1,55,13.6,24.1,0,0.0,0.0,0.0,0.0,0.0,0,1016.8,1003.3,3,39280.0,1.3,10.8,algiers,2026-06-01T03:43:15.868285
2026-06-01T08:00,24.8,43,11.4,25.0,0,0.0,0.0,0.0,0.0,0.0,1,1017.2,1003.8,30,41980.0,1.8,14.0,algiers,2026-06-01T03:43:15.868285
2026-06-01T09:00,26.2,39,11.2,27.0,0,0.0,0.0,0.0,0.0,0.0,1,1017.5,1004.1,33,42840.0,2.8,16.6,algiers,2026-06-01T03:43:15.868285
2026-06-01T10:00,27.3,42,13.2,29.4,0,0.0,0.0,0.0,0.0,0.0,1,1017.4,1004.1,11,42240.0,4.1,19.1,algiers,2026-06-01T03:43:15.868285
2026-06-01T11:00,27.9,39,12.6,30.3,0,0.0,0.0,0.0,0.0,0.0,1,1017.2,1003.9,0,42780.0,5.2,20.9,algiers,2026-06-01T03:43:15.868285
2026-06-01T12:00,28.2,39,12.9,30.8,0,0.0,0.0,0.0,0.0,0.0,0,1016.8,1003.5,6,42900.0,6.0,22.0,algiers,2026-06-01T03:43:15.868285
2026-06-01T13:00,28.1,41,13.6,30.7,0,0.0,0.0,0.0,0.0,0.0,0,1016.4,1003.1,10,42120.0,6.6,23.0,algiers,2026-06-01T03:43:15.868285
2026-06-01T14:00,27.6,44,14.2,29.9,0,0.0,0.0,0.0,0.0,0.0,0,1016.0,1002.7,0,41140.0,7.2,23.8,algiers,2026-06-01T03:43:15.868285
2026-06-01T15:00,27.0,46,14.4,28.7,0,0.0,0.0,0.0,0.0,0.0,0,1015.6,1002.3,0,40380.0,6.8,24.1,algiers,2026-06-01T03:43:15.868285
2026-06-01T16:00,26.3,48,14.4,27.0,0,0.0,0.0,0.0,0.0,0.0,0,1015.5,1002.2,0,41520.0,6.3,23.0,algiers,2026-06-01T03:43:15.868285
2026-06-01T17:00,25.7,48,13.8,26.4,0,0.0,0.0,0.0,0.0,0.0,0,1015.1,1001.7,0,41100.0,3.4,22.3,algiers,2026-06-01T03:43:15.868285
2026-06-01T18:00,25.0,51,14.2,26.2,0,0.0,0.0,0.0,0.0,0.0,0,1014.9,1001.5,0,42300.0,1.3,17.3,algiers,2026-06-01T03:43:15.868285
2026-06-01T19:00,24.1,56,14.8,25.6,0,0.0,0.0,0.0,0.0,0.0,0,1014.6,1001.2,0,39640.0,0.7,9.7,algiers,2026-06-01T03:43:15.868285
2026-06-01T20:00,23.9,50,12.8,24.4,0,0.0,0.0,0.0,0.0,0.0,0,1015.0,1001.6,1,40960.0,2.0,5.8,algiers,2026-06-01T03:43:15.868285
2026-06-01T21:00,24.0,44,11.0,24.0,0,0.0,0.0,0.0,0.0,0.0,0,1015.3,1001.9,1,42300.0,1.9,6.1,algiers,2026-06-01T03:43:15.868285
2026-06-01T22:00,23.7,45,11.0,23.5,0,0.0,0.0,0.0,0.0,0.0,0,1015.0,1001.6,11,42140.0,3.4,10.1,algiers,2026-06-01T03:43:15.868285
2026-06-01T23:00,23.1,53,13.0,23.5,0,0.0,0.0,0.0,0.0,0.0,0,1014.5,1001.0,0,40260.0,3.5,12.6,algiers,2026-06-01T03:43:15.868285
2026-06-01T00:00,23.1,92,21.7,27.3,0,0.0,0.0,0.0,0.0,0.0,0,1012.2,1003.5,0,13820.0,4.0,9.0,luanda,2026-06-01T03:43:18.457421
2026-06-01T01:00,22.8,94,21.7,27.0,0,0.0,0.0,0.0,0.0,0.0,0,1012.0,1003.3,1,13800.0,4.0,9.0,luanda,2026-06-01T03:43:18.457421
2026-06-01T02:00,22.6,94,21.7,27.1,0,0.0,0.0,0.0,0.0,0.0,0,1011.9,1003.2,0,13800.0,2.0,7.6,luanda,2026-06-01T03:43:18.457421
2026-06-01T03:00,22.4,95,21.6,26.8,0,0.0,0.0,0.0,0.0,0.0,0,1011.7,1003.0,1,13800.0,2.3,4.3,luanda,2026-06-01T03:43:18.457421
2026-06-01T04:00,22.3,96,21.6,26.4,0,0.0,0.0,0.0,0.0,0.0,0,1011.8,1003.1,8,1920.0,3.6,7.9,luanda,2026-06-01T03:43:18.457421
2026-06-01T05:00,21.7,99,21.5,25.9,0,0.0,0.0,0.0,0.0,0.0,1,1012.2,1003.4,35,800.0,3.4,7.6,luanda,2026-06-01T03:43:18.457421
2026-06-01T06:00,22.1,97,21.6,26.1,0,0.0,0.0,0.0,0.0,0.0,3,1012.6,1003.9,100,340.0,4.7,11.9,luanda,2026-06-01T03:43:18.457421
2026-06-01T07:00,23.0,90,21.4,27.0,0,0.0,0.0,0.0,0.0,0.0,0,1013.0,1004.3,19,13760.0,4.3,14.0,luanda,2026-06-01T03:43:18.457421
2026-06-01T08:00,25.0,78,21.0,29.2,0,0.0,0.0,0.0,0.0,0.0,0,1013.5,1004.8,8,19840.0,1.7,14.0,luanda,2026-06-01T03:43:18.457421
2026-06-01T09:00,26.7,70,20.8,30.7,0,0.0,0.0,0.0,0.0,0.0,0,1013.2,1004.6,3,19820.0,1.5,10.8,luanda,2026-06-01T03:43:18.457421
2026-06-01T10:00,27.3,69,21.2,31.8,0,0.0,0.0,0.0,0.0,0.0,0,1012.6,1004.0,3,8140.0,6.0,20.9,luanda,2026-06-01T03:43:18.457421
2026-06-01T11:00,26.8,74,21.8,31.0,0,0.0,0.0,0.0,0.0,0.0,1,1012.0,1003.4,26,500.0,12.3,32.8,luanda,2026-06-01T03:43:18.457421
2026-06-01T12:00,25.5,80,21.7,29.2,0,0.0,0.0,0.0,0.0,0.0,1,1011.3,1002.7,49,19380.0,14.9,38.5,luanda,2026-06-01T03:43:18.457421
2026-06-01T13:00,26.0,74,21.1,29.1,0,0.0,0.0,0.0,0.0,0.0,0,1010.5,1001.9,18,1160.0,13.7,38.5,luanda,2026-06-01T03:43:18.457421
2026-06-01T14:00,26.3,73,21.0,28.8,0,0.0,0.0,0.0,0.0,0.0,0,1009.8,1001.2,2,2440.0,12.6,36.4,luanda,2026-06-01T03:43:18.457421
2026-06-01T15:00,26.2,74,21.2,28.7,0,0.0,0.0,0.0,0.0,0.0,0,1009.5,1000.9,2,19760.0,13.2,34.2,luanda,2026-06-01T03:43:18.457421
2026-06-01T16:00,25.6,78,21.5,28.2,0,0.0,0.0,0.0,0.0,0.0,0,1009.7,1001.1,0,15560.0,14.2,35.3,luanda,2026-06-01T03:43:18.457421
2026-06-01T17:00,24.7,84,21.9,27.6,0,0.0,0.0,0.0,0.0,0.0,0,1010.0,1001.4,1,11980.0,13.9,35.3,luanda,2026-06-01T03:43:18.457421
2026-06-01T18:00,24.3,86,21.9,27.2,0,0.0,0.0,0.0,0.0,0.0,0,1010.2,1001.5,0,12080.0,13.1,33.8,luanda,2026-06-01T03:43:18.457421
2026-06-01T19:00,24.0,89,22.0,27.1,0,0.0,0.0,0.0,0.0,0.0,0,1010.7,1002.0,10,12460.0,12.5,31.3,luanda,2026-06-01T03:43:18.457421
2026-06-01T20:00,23.8,91,22.2,27.4,0,0.0,0.0,0.0,0.0,0.0,1,1011.9,1003.2,24,13680.0,9.8,29.5,luanda,2026-06-01T03:43:18.457421
2026-06-01T21:00,23.6,92,22.2,27.7,0,0.0,0.0,0.0,0.0,0.0,1,1012.9,1004.2,38,13460.0,6.7,24.1,luanda,2026-06-01T03:43:18.457421
2026-06-01T22:00,23.5,92,22.2,27.8,0,0.0,0.0,0.0,0.0,0.0,3,1013.5,1004.8,100,13420.0,5.1,16.2,luanda,2026-06-01T03:43:18.457421
2026-06-01T23:00,23.6,91,22.1,27.9,0,0.0,0.0,0.0,0.0,0.0,3,1013.5,1004.8,100,12640.0,4.5,13.0,luanda,2026-06-01T03:43:18.457421
2026-06-01T00:00,12.8,86,10.6,12.6,0,0.0,0.0,0.0,0.0,0.0,0,1022.2,1020.0,2,12120.0,2.5,3.2,buenos_aires,2026-06-01T03:45:21.690336
2026-06-01T01:00,12.6,85,10.2,12.3,0,0.0,0.0,0.0,0.0,0.0,0,1022.3,1020.1,15,15660.0,2.8,4.7,buenos_aires,2026-06-01T03:45:21.690336
2026-06-01T02:00,12.7,85,10.2,12.5,0,0.0,0.0,0.0,0.0,0.0,3,1022.6,1020.4,96,17700.0,1.6,4.0,buenos_aires,2026-06-01T03:45:21.690336
2026-06-01T03:00,12.6,84,10.1,12.2,0,0.0,0.0,0.0,0.0,0.0,1,1022.8,1020.6,41,18440.0,3.0,4.0,buenos_aires,2026-06-01T03:45:21.690336
2026-06-01T04:00,12.2,85,9.8,11.8,0,0.0,0.0,0.0,0.0,0.0,3,1023.1,1020.9,100,18380.0,2.8,4.3,buenos_aires,2026-06-01T03:45:21.690336
2026-06-01T05:00,12.3,84,9.7,11.8,0,0.0,0.0,0.0,0.0,0.0,3,1023.1,1020.9,100,19340.0,3.0,4.0,buenos_aires,2026-06-01T03:45:21.690336
2026-06-01T06:00,12.2,83,9.5,12.0,0,0.0,0.0,0.0,0.0,0.0,3,1023.1,1020.9,100,19740.0,0.8,4.3,buenos_aires,2026-06-01T03:45:21.690336
2026-06-01T07:00,12.3,82,9.3,11.8,0,0.0,0.0,0.0,0.0,0.0,3,1022.9,1020.7,100,48400.0,2.3,4.0,buenos_aires,2026-06-01T03:45:21.690336
2026-06-01T08:00,12.2,83,9.4,11.5,0,0.0,0.0,0.0,0.0,0.0,3,1023.0,1020.8,100,44340.0,3.8,7.6,buenos_aires,2026-06-01T03:45:21.690336
2026-06-01T09:00,12.4,82,9.4,11.5,0,0.0,0.0,0.0,0.0,0.0,3,1023.3,1021.1,100,44360.0,5.1,10.1,buenos_aires,2026-06-01T03:45:21.690336
2026-06-01T10:00,12.4,84,9.8,11.6,0,0.0,0.0,0.0,0.0,0.0,3,1023.9,1021.7,100,44360.0,4.8,10.4,buenos_aires,2026-06-01T03:45:21.690336
2026-06-01T11:00,12.1,87,9.9,11.0,0,0.0,0.0,0.0,0.0,0.0,3,1024.5,1022.3,98,40100.0,7.5,14.8,buenos_aires,2026-06-01T03:45:21.690336
2026-06-01T12:00,12.4,89,10.6,11.1,0,0.0,0.0,0.0,0.0,0.0,3,1025.3,1023.1,99,30460.0,9.6,22.0,buenos_aires,2026-06-01T03:45:21.690336
2026-06-01T13:00,13.1,89,11.4,12.1,5,0.0,0.0,0.0,0.0,0.0,3,1026.0,1023.8,100,15940.0,9.6,23.0,buenos_aires,2026-06-01T03:45:21.690336
2026-06-01T14:00,13.3,87,11.2,12.0,11,0.1,0.1,0.0,0.0,0.0,51,1026.6,1024.4,100,11200.0,11.5,28.4,buenos_aires,2026-06-01T03:45:21.690336
2026-06-01T15:00,13.2,86,10.9,11.7,14,0.1,0.1,0.0,0.0,0.0,51,1026.6,1024.4,100,16220.0,12.2,29.9,buenos_aires,2026-06-01T03:45:21.690336
2026-06-01T16:00,13.6,80,10.3,11.9,12,0.0,0.0,0.0,0.0,0.0,3,1026.0,1023.8,100,27340.0,12.9,32.4,buenos_aires,2026-06-01T03:45:21.690336
2026-06-01T17:00,13.6,78,9.8,11.6,6,0.0,0.0,0.0,0.0,0.0,3,1025.5,1023.3,100,48420.0,13.2,33.1,buenos_aires,2026-06-01T03:45:21.690336
2026-06-01T18:00,13.3,77,9.4,11.2,2,0.0,0.0,0.0,0.0,0.0,3,1025.4,1023.2,100,48420.0,13.6,33.8,buenos_aires,2026-06-01T03:45:21.690336
2026-06-01T19:00,12.9,77,9.0,10.7,1,0.0,0.0,0.0,0.0,0.0,3,1025.5,1023.3,100,48420.0,13.3,33.8,buenos_aires,2026-06-01T03:45:21.690336
2026-06-01T20:00,12.6,77,8.6,10.3,0,0.0,0.0,0.0,0.0,0.0,3,1026.0,1023.8,100,48420.0,13.3,34.6,buenos_aires,2026-06-01T03:45:21.690336
2026-06-01T21:00,12.1,78,8.5,9.8,0,0.0,0.0,0.0,0.0,0.0,3,1026.1,1023.9,100,48420.0,13.5,34.6,buenos_aires,2026-06-01T03:45:21.690336
2026-06-01T22:00,12.1,78,8.4,9.6,0,0.0,0.0,0.0,0.0,0.0,3,1026.1,1023.9,100,48420.0,13.8,31.3,buenos_aires,2026-06-01T03:45:21.690336
2026-06-01T23:00,11.9,79,8.4,9.4,0,0.0,0.0,0.0,0.0,0.0,3,1026.5,1024.3,100,24480.0,14.1,31.3,buenos_aires,2026-06-01T03:45:21.690336
2026-06-01T00:00,27.1,87,24.8,28.8,0,0.0,0.0,0.0,0.0,0.0,1,1011.3,1010.7,44,25320.0,33.8,59.4,oranjestad,2026-06-01T03:45:24.286592
2026-06-01T01:00,27.0,86,24.6,28.6,0,0.0,0.0,0.0,0.0,0.0,1,1012.1,1011.5,43,25320.0,33.5,60.1,oranjestad,2026-06-01T03:45:24.286592
2026-06-01T02:00,26.9,88,24.8,28.5,0,0.0,0.0,0.0,0.0,0.0,2,1013.0,1012.4,56,25140.0,34.7,59.4,oranjestad,2026-06-01T03:45:24.286592
2026-06-01T03:00,27.1,85,24.5,28.4,0,0.0,0.0,0.0,0.0,0.0,2,1013.5,1012.9,52,22700.0,35.3,62.3,oranjestad,2026-06-01T03:45:24.286592
2026-06-01T04:00,27.1,86,24.5,28.4,0,0.0,0.0,0.0,0.0,0.0,1,1013.4,1012.8,45,20000.0,35.0,59.8,oranjestad,2026-06-01T03:45:24.286592
2026-06-01T05:00,27.1,84,24.3,28.4,0,0.0,0.0,0.0,0.0,0.0,1,1013.3,1012.7,27,18740.0,34.6,59.4,oranjestad,2026-06-01T03:45:24.286592
2026-06-01T06:00,26.9,86,24.4,28.5,0,0.0,0.0,0.0,0.0,0.0,1,1013.0,1012.4,34,14460.0,33.0,59.0,oranjestad,2026-06-01T03:45:24.286592
2026-06-01T07:00,26.6,88,24.5,28.5,0,0.1,0.1,0.0,0.0,0.0,51,1013.0,1012.4,24,10040.0,31.0,56.2,oranjestad,2026-06-01T03:45:24.286592
2026-06-01T08:00,26.3,90,24.5,28.5,0,0.1,0.1,0.0,0.0,0.0,51,1013.0,1012.4,20,12340.0,29.4,52.9,oranjestad,2026-06-01T03:45:24.286592
2026-06-01T09:00,26.5,88,24.3,28.5,0,0.0,0.0,0.0,0.0,0.0,0,1013.0,1012.4,16,18620.0,29.7,50.4,oranjestad,2026-06-01T03:45:24.286592
2026-06-01T10:00,26.4,88,24.3,28.5,0,0.0,0.0,0.0,0.0,0.0,0,1013.2,1012.6,10,17220.0,29.2,51.1,oranjestad,2026-06-01T03:45:24.286592
2026-06-01T11:00,26.8,86,24.2,28.7,1,0.0,0.0,0.0,0.0,0.0,0,1013.6,1013.0,6,24360.0,29.8,52.9,oranjestad,2026-06-01T03:45:24.286592
2026-06-01T12:00,27.6,81,24.1,29.1,2,0.0,0.0,0.0,0.0,0.0,0,1014.1,1013.5,4,26800.0,32.0,58.0,oranjestad,2026-06-01T03:45:24.286592
2026-06-01T13:00,28.5,77,24.0,29.7,4,0.0,0.0,0.0,0.0,0.0,0,1014.5,1013.9,12,29280.0,33.3,61.2,oranjestad,2026-06-01T03:45:24.286592
2026-06-01T14:00,29.1,74,23.9,30.3,6,0.0,0.0,0.0,0.0,0.0,0,1014.3,1013.7,5,26320.0,35.5,66.2,oranjestad,2026-06-01T03:45:24.286592
2026-06-01T15:00,29.7,69,23.4,31.0,8,0.0,0.0,0.0,0.0,0.0,0,1013.8,1013.2,12,25360.0,36.9,69.8,oranjestad,2026-06-01T03:45:24.286592
2026-06-01T16:00,30.1,68,23.4,31.8,11,0.0,0.0,0.0,0.0,0.0,1,1013.2,1012.6,23,17920.0,37.1,70.2,oranjestad,2026-06-01T03:45:24.286592
2026-06-01T17:00,30.2,68,23.6,32.3,13,0.2,0.0,0.2,0.0,0.0,51,1012.4,1011.8,43,14380.0,36.7,70.2,oranjestad,2026-06-01T03:45:24.286592
2026-06-01T18:00,29.7,73,24.4,32.0,14,0.1,0.0,0.1,0.0,0.0,51,1011.5,1010.9,13,21880.0,37.4,70.2,oranjestad,2026-06-01T03:45:24.286592
2026-06-01T19:00,29.4,75,24.4,31.2,10,0.0,0.0,0.0,0.0,0.0,0,1010.5,1009.9,13,21620.0,38.0,70.9,oranjestad,2026-06-01T03:45:24.286592
2026-06-01T20:00,29.0,74,23.9,29.8,4,0.0,0.0,0.0,0.0,0.0,0,1009.7,1009.1,2,29820.0,38.6,72.0,oranjestad,2026-06-01T03:45:24.286592
2026-06-01T21:00,28.5,75,23.7,28.9,0,0.0,0.0,0.0,0.0,0.0,1,1009.4,1008.8,30,31320.0,38.3,71.6,oranjestad,2026-06-01T03:45:24.286592
2026-06-01T22:00,27.9,78,23.7,28.3,0,0.0,0.0,0.0,0.0,0.0,2,1009.6,1009.0,53,32460.0,38.3,69.8,oranjestad,2026-06-01T03:45:24.286592
2026-06-01T23:00,27.4,81,23.9,27.8,0,0.0,0.0,0.0,0.0,0.0,1,1010.2,1009.6,49,26760.0,38.5,69.5,oranjestad,2026-06-01T03:45:24.286592
2026-06-01T00:00,16.1,57,7.7,13.7,0,0.0,0.0,0.0,0.0,0.0,0,1017.0,1013.8,0,57460.0,12.9,31.3,brisbane,2026-06-01T03:45:26.900979
2026-06-01T01:00,17.1,52,7.2,15.2,0,0.0,0.0,0.0,0.0,0.0,0,1016.4,1013.2,0,61720.0,10.8,31.0,brisbane,2026-06-01T03:45:26.900979
2026-06-01T02:00,18.0,48,6.8,16.5,0,0.0,0.0,0.0,0.0,0.0,0,1015.6,1012.4,1,61720.0,9.4,27.7,brisbane,2026-06-01T03:45:26.900979
2026-06-01T03:00,18.6,45,6.5,17.0,0,0.0,0.0,0.0,0.0,0.0,0,1015.0,1011.8,2,61720.0,8.7,24.8,brisbane,2026-06-01T03:45:26.900979
2026-06-01T04:00,19.0,42,6.0,17.0,0,0.0,0.0,0.0,0.0,0.0,0,1014.4,1011.2,9,71720.0,7.9,23.0,brisbane,2026-06-01T03:45:26.900979
2026-06-01T05:00,19.0,44,6.3,17.0,0,0.0,0.0,0.0,0.0,0.0,0,1014.2,1011.0,2,61720.0,7.4,20.5,brisbane,2026-06-01T03:45:26.900979
2026-06-01T06:00,18.4,53,8.7,17.5,0,0.0,0.0,0.0,0.0,0.0,0,1014.3,1011.1,0,61720.0,3.6,17.6,brisbane,2026-06-01T03:45:26.900979
2026-06-01T07:00,16.2,62,8.9,15.8,0,0.0,0.0,0.0,0.0,0.0,0,1014.5,1011.3,0,57480.0,1.3,7.2,brisbane,2026-06-01T03:45:26.900979
2026-06-01T08:00,14.2,69,8.6,13.5,0,0.0,0.0,0.0,0.0,0.0,0,1015.0,1011.7,0,53860.0,2.7,5.4,brisbane,2026-06-01T03:45:26.900979
2026-06-01T09:00,12.4,81,9.2,11.6,0,0.0,0.0,0.0,0.0,0.0,0,1015.8,1012.5,1,49780.0,4.1,8.3,brisbane,2026-06-01T03:45:26.900979
2026-06-01T10:00,11.8,82,8.9,10.6,0,0.0,0.0,0.0,0.0,0.0,0,1016.4,1013.1,0,49780.0,6.1,11.2,brisbane,2026-06-01T03:45:26.900979
2026-06-01T11:00,11.6,78,7.9,10.1,0,0.0,0.0,0.0,0.0,0.0,0,1016.7,1013.4,0,49800.0,6.7,12.6,brisbane,2026-06-01T03:45:26.900979
2026-06-01T12:00,11.2,78,7.5,9.6,0,0.0,0.0,0.0,0.0,0.0,0,1016.6,1013.3,0,49800.0,6.9,13.0,brisbane,2026-06-01T03:45:26.900979
2026-06-01T13:00,10.9,80,7.6,9.3,0,0.0,0.0,0.0,0.0,0.0,0,1016.2,1012.9,6,49800.0,6.7,13.0,brisbane,2026-06-01T03:45:26.900979
2026-06-01T14:00,10.5,83,7.7,8.9,0,0.0,0.0,0.0,0.0,0.0,0,1015.9,1012.6,11,49800.0,6.8,13.0,brisbane,2026-06-01T03:45:26.900979
2026-06-01T15:00,10.2,83,7.4,8.5,0,0.0,0.0,0.0,0.0,0.0,2,1015.7,1012.4,50,49800.0,7.0,14.0,brisbane,2026-06-01T03:45:26.900979
2026-06-01T16:00,9.6,86,7.3,8.0,0,0.0,0.0,0.0,0.0,0.0,3,1015.0,1011.7,89,44780.0,6.0,13.3,brisbane,2026-06-01T03:45:26.900979
2026-06-01T17:00,9.2,87,7.2,7.8,0,0.0,0.0,0.0,0.0,0.0,1,1014.0,1010.7,42,44780.0,4.6,13.7,brisbane,2026-06-01T03:45:26.900979
2026-06-01T18:00,9.1,89,7.4,7.5,0,0.0,0.0,0.0,0.0,0.0,2,1014.0,1010.7,66,41000.0,6.3,13.0,brisbane,2026-06-01T03:45:26.900979
2026-06-01T19:00,9.1,90,7.6,8.0,0,0.0,0.0,0.0,0.0,0.0,1,1014.1,1010.8,24,41000.0,3.6,12.2,brisbane,2026-06-01T03:45:26.900979
2026-06-01T20:00,8.1,95,7.3,6.9,0,0.0,0.0,0.0,0.0,0.0,1,1014.6,1011.3,38,35980.0,4.0,7.6,brisbane,2026-06-01T03:45:26.900979
2026-06-01T21:00,8.4,95,7.7,7.2,0,0.0,0.0,0.0,0.0,0.0,1,1015.2,1011.9,35,35980.0,4.0,7.6,brisbane,2026-06-01T03:45:26.900979
2026-06-01T22:00,11.1,86,8.8,10.2,0,0.0,0.0,0.0,0.0,0.0,1,1015.4,1012.1,25,44800.0,3.4,10.4,brisbane,2026-06-01T03:45:26.900979
2026-06-01T23:00,14.6,74,10.1,14.5,0,0.0,0.0,0.0,0.0,0.0,1,1015.3,1012.1,26,49840.0,1.1,9.7,brisbane,2026-06-01T03:45:26.900979
2026-06-01T00:00,8.4,71,3.4,5.5,0,0.0,0.0,0.0,0.0,0.0,1,1016.3,950.4,48,58340.0,9.4,25.2,canberra,2026-06-01T03:47:30.183775
2026-06-01T01:00,9.4,63,2.8,6.4,0,0.0,0.0,0.0,0.0,0.0,0,1015.3,949.7,16,62240.0,9.3,25.9,canberra,2026-06-01T03:47:30.183775
2026-06-01T02:00,10.4,59,2.8,7.3,0,0.0,0.0,0.0,0.0,0.0,0,1014.0,948.7,6,65660.0,10.4,27.4,canberra,2026-06-01T03:47:30.183775
2026-06-01T03:00,11.2,56,2.8,7.8,0,0.0,0.0,0.0,0.0,0.0,0,1012.4,947.4,9,65880.0,12.2,31.3,canberra,2026-06-01T03:47:30.183775
2026-06-01T04:00,11.5,54,2.4,7.7,0,0.0,0.0,0.0,0.0,0.0,0,1011.3,946.4,5,66020.0,14.4,34.6,canberra,2026-06-01T03:47:30.183775
2026-06-01T05:00,11.1,55,2.3,7.0,0,0.0,0.0,0.0,0.0,0.0,0,1011.0,946.0,10,66060.0,16.6,38.2,canberra,2026-06-01T03:47:30.183775
2026-06-01T06:00,10.4,59,2.7,6.4,0,0.0,0.0,0.0,0.0,0.0,0,1011.6,946.4,14,65980.0,15.9,38.5,canberra,2026-06-01T03:47:30.183775
2026-06-01T07:00,9.1,64,2.7,5.5,0,0.0,0.0,0.0,0.0,0.0,3,1011.9,946.4,97,62720.0,12.6,34.2,canberra,2026-06-01T03:47:30.183775
2026-06-01T08:00,8.9,68,3.2,5.5,0,0.0,0.0,0.0,0.0,0.0,3,1011.3,945.8,100,62820.0,12.0,26.3,canberra,2026-06-01T03:47:30.183775
2026-06-01T09:00,8.1,74,3.7,4.9,2,0.0,0.0,0.0,0.0,0.0,2,1011.9,946.2,67,59020.0,11.6,31.3,canberra,2026-06-01T03:47:30.183775
2026-06-01T10:00,7.7,77,4.0,4.6,19,0.0,0.0,0.0,0.0,0.0,3,1011.7,945.9,98,15560.0,11.4,23.8,canberra,2026-06-01T03:47:30.183775
2026-06-01T11:00,7.2,85,4.9,4.5,42,0.8,0.2,0.6,0.0,0.0,53,1011.4,945.6,87,19380.0,10.2,28.1,canberra,2026-06-01T03:47:30.183775
2026-06-01T12:00,7.2,88,5.4,4.2,61,0.0,0.0,0.0,0.0,0.0,3,1010.9,945.1,88,42720.0,12.9,25.6,canberra,2026-06-01T03:47:30.183775
2026-06-01T13:00,7.0,88,5.2,3.9,70,0.0,0.0,0.0,0.0,0.0,2,1010.7,944.9,68,17440.0,13.2,29.5,canberra,2026-06-01T03:47:30.183775
2026-06-01T14:00,6.8,90,5.2,3.7,74,0.1,0.1,0.0,0.0,0.0,51,1009.6,943.8,90,12900.0,12.6,28.1,canberra,2026-06-01T03:47:30.183775
2026-06-01T15:00,6.7,90,5.1,3.0,78,0.1,0.1,0.0,0.0,0.0,51,1009.6,943.7,100,5160.0,16.9,35.6,canberra,2026-06-01T03:47:30.183775
2026-06-01T16:00,6.6,92,5.4,3.2,87,2.0,0.8,1.2,0.0,0.0,61,1009.1,943.3,98,6240.0,15.0,43.6,canberra,2026-06-01T03:47:30.183775
2026-06-01T17:00,6.4,94,5.5,3.2,97,0.6,0.6,0.0,0.0,0.0,53,1007.8,942.0,99,6140.0,15.0,33.1,canberra,2026-06-01T03:47:30.183775
2026-06-01T18:00,6.6,94,5.7,3.0,100,0.2,0.2,0.0,0.0,0.0,51,1006.3,940.6,98,8780.0,17.0,34.6,canberra,2026-06-01T03:47:30.183775
2026-06-01T19:00,6.6,94,5.7,2.9,89,0.1,0.1,0.0,0.0,0.0,51,1005.5,939.9,95,16480.0,18.3,37.8,canberra,2026-06-01T03:47:30.183775
2026-06-01T20:00,6.8,93,5.8,2.8,70,0.0,0.0,0.0,0.0,0.0,2,1005.0,939.5,75,27480.0,20.5,42.1,canberra,2026-06-01T03:47:30.183775
2026-06-01T21:00,7.0,92,5.8,2.9,57,0.1,0.1,0.0,0.0,0.0,51,1004.7,939.2,100,8540.0,20.9,43.6,canberra,2026-06-01T03:47:30.183775
2026-06-01T22:00,7.2,92,6.1,3.1,56,0.1,0.1,0.0,0.0,0.0,51,1004.3,938.9,100,7820.0,21.9,46.1,canberra,2026-06-01T03:47:30.183775
2026-06-01T23:00,8.1,90,6.7,3.9,61,0.1,0.1,0.0,0.0,0.0,51,1003.5,938.4,100,16640.0,23.1,52.2,canberra,2026-06-01T03:47:30.183775
2026-06-01T00:00,10.4,79,6.8,7.4,0,0.0,0.0,0.0,0.0,0.0,3,1011.7,1009.5,98,49800.0,14.7,32.4,melbourne,2026-06-01T03:47:32.743894
2026-06-01T01:00,11.4,74,7.0,8.4,1,0.0,0.0,0.0,0.0,0.0,3,1011.0,1008.8,99,49800.0,15.5,36.0,melbourne,2026-06-01T03:47:32.743894
2026-06-01T02:00,12.1,70,6.9,8.7,4,0.0,0.0,0.0,0.0,0.0,3,1009.3,1007.1,99,53700.0,18.4,42.1,melbourne,2026-06-01T03:47:32.743894
2026-06-01T03:00,12.8,69,7.2,9.0,14,0.1,0.1,0.0,0.0,0.0,51,1007.3,1005.1,99,7240.0,20.6,46.4,melbourne,2026-06-01T03:47:32.743894
2026-06-01T04:00,12.5,72,7.7,9.5,40,0.1,0.1,0.0,0.0,0.0,51,1005.5,1003.3,100,19340.0,16.4,48.6,melbourne,2026-06-01T03:47:32.743894
2026-06-01T05:00,12.8,71,7.7,8.7,73,0.2,0.1,0.1,0.0,0.0,51,1004.8,1002.6,100,5600.0,23.8,52.2,melbourne,2026-06-01T03:47:32.743894
2026-06-01T06:00,11.8,80,8.6,8.1,98,1.9,0.2,1.7,0.0,0.0,61,1004.1,1001.9,100,28080.0,22.7,54.4,melbourne,2026-06-01T03:47:32.743894
2026-06-01T07:00,12.1,76,8.0,7.9,100,0.1,0.0,0.1,0.0,0.0,51,1003.2,1001.0,87,49840.0,25.5,56.2,melbourne,2026-06-01T03:47:32.743894
2026-06-01T08:00,11.7,77,7.8,6.9,100,0.2,0.1,0.1,0.0,0.0,51,1002.4,1000.2,100,4660.0,29.0,63.4,melbourne,2026-06-01T03:47:32.743894
2026-06-01T09:00,11.4,80,8.1,6.6,100,0.5,0.2,0.3,0.0,0.0,53,1001.8,999.6,91,7780.0,30.1,66.6,melbourne,2026-06-01T03:47:32.743894
2026-06-01T10:00,11.5,80,8.1,6.5,99,0.1,0.1,0.0,0.0,0.0,51,1001.3,999.1,100,15440.0,30.8,68.0,melbourne,2026-06-01T03:47:32.743894
2026-06-01T11:00,11.6,79,8.1,6.5,97,0.0,0.0,0.0,0.0,0.0,3,1000.6,998.4,99,24560.0,31.8,73.8,melbourne,2026-06-01T03:47:32.743894
2026-06-01T12:00,11.5,79,7.9,6.5,94,0.0,0.0,0.0,0.0,0.0,3,1000.1,997.9,100,18320.0,30.7,72.7,melbourne,2026-06-01T03:47:32.743894
2026-06-01T13:00,11.6,78,7.9,6.4,90,0.0,0.0,0.0,0.0,0.0,3,999.2,997.0,100,35360.0,31.3,70.9,melbourne,2026-06-01T03:47:32.743894
2026-06-01T14:00,11.2,81,8.1,5.8,84,1.0,0.0,1.0,0.0,0.0,55,997.9,995.7,100,13960.0,33.4,75.6,melbourne,2026-06-01T03:47:32.743894
2026-06-01T15:00,11.1,81,7.9,5.7,80,0.3,0.0,0.3,0.0,0.0,51,997.4,995.2,98,14800.0,33.7,74.9,melbourne,2026-06-01T03:47:32.743894
2026-06-01T16:00,11.2,80,7.9,6.7,78,0.0,0.0,0.0,0.0,0.0,3,997.4,995.2,83,50360.0,27.6,74.5,melbourne,2026-06-01T03:47:32.743894
2026-06-01T17:00,11.2,79,7.8,6.5,77,0.0,0.0,0.0,0.0,0.0,2,996.2,994.0,75,50800.0,28.6,63.0,melbourne,2026-06-01T03:47:32.743894
2026-06-01T18:00,10.9,82,8.0,6.6,75,0.0,0.0,0.0,0.0,0.0,3,995.4,993.2,80,27760.0,26.5,64.4,melbourne,2026-06-01T03:47:32.743894
2026-06-01T19:00,11.1,81,8.1,7.0,68,0.0,0.0,0.0,0.0,0.0,3,995.0,992.9,92,46000.0,24.6,58.0,melbourne,2026-06-01T03:47:32.743894
2026-06-01T20:00,11.2,81,8.1,7.3,59,0.0,0.0,0.0,0.0,0.0,3,994.6,992.5,91,46040.0,23.6,54.4,melbourne,2026-06-01T03:47:32.743894
2026-06-01T21:00,11.4,81,8.2,7.6,55,0.1,0.1,0.0,0.0,0.0,51,994.5,992.4,99,6760.0,22.7,52.2,melbourne,2026-06-01T03:47:32.743894
2026-06-01T22:00,11.1,85,8.7,7.2,60,1.1,0.1,1.0,0.0,0.0,55,994.1,992.0,99,19040.0,24.2,51.1,melbourne,2026-06-01T03:47:32.743894
2026-06-01T23:00,11.8,82,8.7,7.9,70,0.0,0.0,0.0,0.0,0.0,3,993.3,991.2,94,27360.0,24.3,53.3,melbourne,2026-06-01T03:47:32.743894
2026-06-01T00:00,16.4,72,11.3,13.7,71,0.4,0.4,0.0,0.0,0.0,51,1012.0,1009.1,59,7540.0,21.3,45.4,perth,2026-06-01T03:47:35.351210
2026-06-01T01:00,16.8,72,11.6,14.4,65,0.3,0.2,0.1,0.0,0.0,51,1013.2,1010.3,39,9460.0,20.1,42.8,perth,2026-06-01T03:47:35.351210
2026-06-01T02:00,17.3,68,11.3,15.0,59,0.1,0.1,0.0,0.0,0.0,51,1014.1,1011.2,38,14460.0,18.7,44.3,perth,2026-06-01T03:47:35.351210
2026-06-01T03:00,17.6,65,11.0,15.0,53,0.0,0.0,0.0,0.0,0.0,2,1014.8,1011.9,62,12460.0,20.3,47.5,perth,2026-06-01T03:47:35.351210
2026-06-01T04:00,17.8,66,11.3,15.2,47,0.1,0.1,0.0,0.0,0.0,51,1014.8,1011.9,42,12800.0,19.9,45.4,perth,2026-06-01T03:47:35.351210
2026-06-01T05:00,18.0,65,11.2,15.5,40,0.1,0.1,0.0,0.0,0.0,51,1014.5,1011.6,70,16280.0,19.1,44.6,perth,2026-06-01T03:47:35.351210
2026-06-01T06:00,17.7,67,11.6,15.7,33,0.1,0.1,0.0,0.0,0.0,51,1014.5,1011.6,33,11120.0,17.2,42.8,perth,2026-06-01T03:47:35.351210
2026-06-01T07:00,17.8,68,11.8,16.3,23,0.1,0.1,0.0,0.0,0.0,51,1014.8,1011.9,44,10220.0,14.3,37.8,perth,2026-06-01T03:47:35.351210
2026-06-01T08:00,17.4,70,11.9,15.7,13,0.2,0.1,0.1,0.0,0.0,51,1015.5,1012.6,35,9400.0,15.2,32.8,perth,2026-06-01T03:47:35.351210
2026-06-01T09:00,16.5,73,11.6,15.0,6,0.1,0.0,0.1,0.0,0.0,51,1016.3,1013.4,27,11060.0,14.2,31.7,perth,2026-06-01T03:47:35.351210
2026-06-01T10:00,15.6,79,11.9,14.7,4,0.2,0.2,0.0,0.0,0.0,51,1016.8,1013.9,49,9140.0,10.0,28.4,perth,2026-06-01T03:47:35.351210
2026-06-01T11:00,14.9,84,12.2,14.8,6,0.2,0.2,0.0,0.0,0.0,51,1017.3,1014.4,55,7880.0,5.0,18.7,perth,2026-06-01T03:47:35.351210
2026-06-01T12:00,14.4,85,11.9,14.4,10,0.2,0.2,0.0,0.0,0.0,51,1017.7,1014.8,48,9360.0,4.5,8.6,perth,2026-06-01T03:47:35.351210
2026-06-01T13:00,13.9,87,11.8,13.7,19,0.3,0.3,0.0,0.0,0.0,51,1018.1,1015.2,51,6140.0,5.8,10.8,perth,2026-06-01T03:47:35.351210
2026-06-01T14:00,13.9,86,11.6,13.9,30,0.3,0.3,0.0,0.0,0.0,51,1018.1,1015.2,41,8480.0,3.3,10.1,perth,2026-06-01T03:47:35.351210
2026-06-01T15:00,13.5,87,11.4,13.4,39,0.3,0.3,0.0,0.0,0.0,51,1017.7,1014.8,70,7240.0,3.7,5.4,perth,2026-06-01T03:47:35.351210
2026-06-01T16:00,13.6,86,11.2,13.1,42,0.2,0.2,0.0,0.0,0.0,51,1017.5,1014.6,67,10320.0,5.4,7.6,perth,2026-06-01T03:47:35.351210
2026-06-01T17:00,13.6,84,10.9,12.8,43,0.1,0.1,0.0,0.0,0.0,51,1017.3,1014.4,38,12580.0,7.0,11.2,perth,2026-06-01T03:47:35.351210
2026-06-01T18:00,13.9,83,11.1,12.9,47,0.1,0.1,0.0,0.0,0.0,51,1017.1,1014.2,56,8540.0,9.1,13.3,perth,2026-06-01T03:47:35.351210
2026-06-01T19:00,15.0,81,11.8,13.3,58,0.2,0.2,0.0,0.0,0.0,51,1017.1,1014.2,49,5320.0,15.1,26.3,perth,2026-06-01T03:47:35.351210
2026-06-01T20:00,15.7,79,12.1,13.7,73,0.4,0.3,0.1,0.0,0.0,51,1016.7,1013.8,45,10660.0,17.8,33.1,perth,2026-06-01T03:47:35.351210
2026-06-01T21:00,16.9,68,11.1,14.2,84,0.0,0.0,0.0,0.0,0.0,1,1016.4,1013.5,21,53940.0,20.8,40.3,perth,2026-06-01T03:47:35.351210
2026-06-01T22:00,17.2,64,10.4,14.4,89,0.1,0.1,0.0,0.0,0.0,51,1016.6,1013.7,34,12640.0,20.3,41.4,perth,2026-06-01T03:47:35.351210
2026-06-01T23:00,16.9,67,10.7,13.9,91,0.4,0.3,0.1,0.0,0.0,51,1017.2,1014.3,81,3360.0,21.7,42.8,perth,2026-06-01T03:47:35.351210
2026-06-01T00:00,12.8,64,6.1,10.1,0,0.0,0.0,0.0,0.0,0.0,0,1015.3,1015.3,1,51640.0,11.3,28.1,sydney,2026-06-01T03:49:38.592257
2026-06-01T01:00,13.9,60,6.2,11.3,0,0.0,0.0,0.0,0.0,0.0,0,1014.6,1014.6,0,55120.0,10.7,27.0,sydney,2026-06-01T03:49:38.592257
2026-06-01T02:00,14.6,57,6.2,12.2,0,0.0,0.0,0.0,0.0,0.0,0,1014.0,1014.0,5,55120.0,10.5,27.7,sydney,2026-06-01T03:49:38.592257
2026-06-01T03:00,15.4,53,5.9,13.1,0,0.0,0.0,0.0,0.0,0.0,0,1012.7,1012.7,0,55140.0,8.6,25.9,sydney,2026-06-01T03:49:38.592257
2026-06-01T04:00,15.9,51,5.8,13.9,0,0.0,0.0,0.0,0.0,0.0,0,1011.8,1011.8,0,59200.0,6.3,22.0,sydney,2026-06-01T03:49:38.592257
2026-06-01T05:00,16.2,52,6.3,14.7,0,0.0,0.0,0.0,0.0,0.0,0,1011.3,1011.3,0,59200.0,3.8,16.6,sydney,2026-06-01T03:49:38.592257
2026-06-01T06:00,15.8,59,7.8,14.6,0,0.0,0.0,0.0,0.0,0.0,0,1011.2,1011.2,0,55160.0,4.1,10.1,sydney,2026-06-01T03:49:38.592257
2026-06-01T07:00,14.0,66,7.8,11.6,0,0.0,0.0,0.0,0.0,0.0,0,1011.5,1011.5,0,51700.0,12.5,23.4,sydney,2026-06-01T03:49:38.592257
2026-06-01T08:00,13.5,70,8.2,11.3,0,0.0,0.0,0.0,0.0,0.0,2,1011.6,1011.6,55,51700.0,11.9,24.8,sydney,2026-06-01T03:49:38.592257
2026-06-01T09:00,13.6,70,8.2,11.2,0,0.0,0.0,0.0,0.0,0.0,2,1011.1,1011.1,78,51700.0,13.3,24.8,sydney,2026-06-01T03:49:38.592257
2026-06-01T10:00,12.3,71,7.2,9.8,0,0.0,0.0,0.0,0.0,0.0,3,1011.3,1011.3,95,51720.0,12.1,25.6,sydney,2026-06-01T03:49:38.592257
2026-06-01T11:00,11.9,70,6.6,9.2,0,0.0,0.0,0.0,0.0,0.0,2,1011.0,1011.0,78,51720.0,12.4,23.4,sydney,2026-06-01T03:49:38.592257
2026-06-01T12:00,11.9,69,6.3,8.8,0,0.0,0.0,0.0,0.0,0.0,2,1011.3,1011.3,52,51720.0,14.6,28.1,sydney,2026-06-01T03:49:38.592257
2026-06-01T13:00,11.4,71,6.3,8.7,13,0.0,0.0,0.0,0.0,0.0,3,1010.3,1010.3,100,51740.0,12.3,28.8,sydney,2026-06-01T03:49:38.592257
2026-06-01T14:00,11.6,69,6.1,8.3,33,0.1,0.0,0.1,0.0,0.0,51,1010.2,1010.2,100,16280.0,15.3,31.0,sydney,2026-06-01T03:49:38.592257
2026-06-01T15:00,11.2,72,6.4,8.5,51,0.3,0.2,0.1,0.0,0.0,51,1009.4,1009.4,100,3800.0,12.4,30.6,sydney,2026-06-01T03:49:38.592257
2026-06-01T16:00,10.3,84,7.8,7.2,69,1.3,1.2,0.1,0.0,0.0,61,1008.3,1008.3,100,3760.0,17.5,32.4,sydney,2026-06-01T03:49:38.592257
2026-06-01T17:00,10.2,81,7.2,6.3,87,1.7,0.6,1.1,0.0,0.0,61,1008.0,1008.0,100,29560.0,21.9,45.7,sydney,2026-06-01T03:49:38.592257
2026-06-01T18:00,10.4,82,7.5,7.2,96,2.0,0.0,2.0,0.0,0.0,61,1008.3,1008.3,79,22320.0,17.2,40.7,sydney,2026-06-01T03:49:38.592257
2026-06-01T19:00,10.4,79,7.0,7.5,89,0.1,0.1,0.0,0.0,0.0,51,1007.4,1007.4,13,47880.0,14.7,32.0,sydney,2026-06-01T03:49:38.592257
2026-06-01T20:00,10.2,80,7.0,7.2,74,0.0,0.0,0.0,0.0,0.0,0,1007.3,1007.3,5,47880.0,15.6,29.9,sydney,2026-06-01T03:49:38.592257
2026-06-01T21:00,10.1,79,6.6,6.6,63,0.0,0.0,0.0,0.0,0.0,2,1007.3,1007.3,60,47900.0,18.2,35.3,sydney,2026-06-01T03:49:38.592257
2026-06-01T22:00,11.1,71,6.2,7.0,63,0.2,0.0,0.2,0.0,0.0,51,1006.5,1006.5,93,51800.0,22.0,43.9,sydney,2026-06-01T03:49:38.592257
2026-06-01T23:00,12.5,68,6.8,8.1,67,0.5,0.0,0.5,0.0,0.0,53,1005.7,1005.7,66,47840.0,24.6,49.3,sydney,2026-06-01T03:49:38.592257
2026-06-01T00:00,15.3,91,13.8,16.0,0,0.0,0.0,0.0,0.0,0.0,3,1012.5,970.4,87,24520.0,3.8,13.0,graz,2026-06-01T03:49:41.149052
2026-06-01T01:00,15.3,88,13.3,15.9,0,0.0,0.0,0.0,0.0,0.0,3,1012.4,970.3,92,28360.0,3.3,10.1,graz,2026-06-01T03:49:41.149052
2026-06-01T02:00,15.5,86,13.2,16.3,13,0.0,0.0,0.0,0.0,0.0,3,1012.2,970.1,91,31260.0,1.5,7.6,graz,2026-06-01T03:49:41.149052
2026-06-01T03:00,15.5,84,12.8,16.2,58,0.1,0.1,0.0,0.0,0.0,61,1012.5,970.4,100,32400.0,1.1,5.8,graz,2026-06-01T03:49:41.149052
2026-06-01T04:00,15.3,89,13.5,16.2,93,0.3,0.3,0.0,0.0,0.0,61,1013.2,971.1,100,26580.0,1.9,2.9,graz,2026-06-01T03:49:41.149052
2026-06-01T05:00,15.5,91,14.0,16.4,98,0.4,0.4,0.0,0.0,0.0,61,1013.7,971.6,100,24000.0,2.9,7.2,graz,2026-06-01T03:49:41.149052
2026-06-01T06:00,16.2,94,15.3,17.9,98,0.4,0.4,0.0,0.0,0.0,61,1014.2,972.2,100,16540.0,1.0,6.8,graz,2026-06-01T03:49:41.149052
2026-06-01T07:00,17.3,90,15.6,19.0,68,0.3,0.3,0.0,0.0,0.0,61,1014.3,972.4,100,23500.0,1.3,5.0,graz,2026-06-01T03:49:41.149052
2026-06-01T08:00,18.3,89,16.4,19.9,13,0.1,0.1,0.0,0.0,0.0,61,1014.5,972.7,100,22800.0,4.2,10.8,graz,2026-06-01T03:49:41.149052
2026-06-01T09:00,20.0,80,16.5,21.9,8,0.0,0.0,0.0,0.0,0.0,2,1014.6,973.1,54,32620.0,3.5,12.2,graz,2026-06-01T03:49:41.149052
2026-06-01T10:00,21.4,61,13.6,22.0,8,0.0,0.0,0.0,0.0,0.0,2,1014.7,973.4,37,40800.0,10.4,27.7,graz,2026-06-01T03:49:41.149052
2026-06-01T11:00,21.9,54,12.2,22.3,0,0.0,0.0,0.0,0.0,0.0,1,1014.6,973.3,32,41440.0,12.7,33.5,graz,2026-06-01T03:49:41.149052
2026-06-01T12:00,22.9,46,10.7,22.9,0,0.0,0.0,0.0,0.0,0.0,2,1013.7,972.6,49,42380.0,12.5,32.8,graz,2026-06-01T03:49:41.149052
2026-06-01T13:00,22.4,39,7.8,19.2,0,0.0,0.0,0.0,0.0,0.0,3,1013.6,972.5,86,43720.0,22.5,51.1,graz,2026-06-01T03:49:41.149052
2026-06-01T14:00,19.6,57,10.8,17.3,0,0.3,0.3,0.0,0.0,0.0,80,1013.6,972.1,74,38220.0,17.7,52.2,graz,2026-06-01T03:49:41.149052
2026-06-01T15:00,20.7,49,9.6,18.1,0,0.0,0.0,0.0,0.0,0.0,2,1013.4,972.0,42,41760.0,17.3,39.2,graz,2026-06-01T03:49:41.149052
2026-06-01T16:00,20.9,50,10.1,19.3,3,0.0,0.0,0.0,0.0,0.0,2,1013.9,972.5,53,41620.0,11.6,38.2,graz,2026-06-01T03:49:41.149052
2026-06-01T17:00,20.1,55,10.8,18.8,3,0.0,0.0,0.0,0.0,0.0,2,1014.5,973.0,65,41020.0,10.1,28.1,graz,2026-06-01T03:49:41.149052
2026-06-01T18:00,18.5,63,11.3,18.0,0,0.0,0.0,0.0,0.0,0.0,2,1015.0,973.3,45,40160.0,5.9,21.2,graz,2026-06-01T03:49:41.149052
2026-06-01T19:00,16.5,75,12.1,16.5,0,0.0,0.0,0.0,0.0,0.0,3,1015.6,973.6,93,36920.0,4.8,13.7,graz,2026-06-01T03:49:41.149052
2026-06-01T20:00,14.0,88,12.1,13.9,0,0.0,0.0,0.0,0.0,0.0,0,1016.2,973.8,0,26340.0,5.4,11.2,graz,2026-06-01T03:49:41.149052
2026-06-01T21:00,13.6,86,11.3,13.4,0,0.0,0.0,0.0,0.0,0.0,2,1016.5,974.0,81,28100.0,4.7,10.4,graz,2026-06-01T03:49:41.149052
2026-06-01T22:00,13.1,89,11.3,12.7,0,0.0,0.0,0.0,0.0,0.0,1,1016.7,974.1,31,26020.0,5.5,10.8,graz,2026-06-01T03:49:41.149052
2026-06-01T23:00,12.4,88,10.5,11.7,0,0.0,0.0,0.0,0.0,0.0,1,1016.6,973.9,7,26320.0,5.9,12.2,graz,2026-06-01T03:49:41.149052
2026-06-01T00:00,19.2,73,14.2,17.4,0,0.0,0.0,0.0,0.0,0.0,3,1011.7,989.3,100,35100.0,21.7,49.3,vienna,2026-06-01T03:49:43.707328
2026-06-01T01:00,18.8,74,14.1,17.4,15,0.1,0.1,0.0,0.0,0.0,61,1011.6,989.2,100,34500.0,18.6,46.1,vienna,2026-06-01T03:49:43.707328
2026-06-01T02:00,18.3,77,14.2,17.6,28,0.0,0.0,0.0,0.0,0.0,3,1011.4,988.9,100,32320.0,14.9,37.8,vienna,2026-06-01T03:49:43.707328
2026-06-01T03:00,18.0,80,14.5,17.7,40,0.0,0.0,0.0,0.0,0.0,3,1011.4,988.9,100,30120.0,12.4,31.0,vienna,2026-06-01T03:49:43.707328
2026-06-01T04:00,18.1,80,14.6,17.5,48,0.0,0.0,0.0,0.0,0.0,3,1011.7,989.2,100,29780.0,14.7,33.1,vienna,2026-06-01T03:49:43.707328
2026-06-01T05:00,18.1,79,14.4,17.3,18,0.1,0.1,0.0,0.0,0.0,61,1012.6,990.1,100,31000.0,15.8,34.9,vienna,2026-06-01T03:49:43.707328
2026-06-01T06:00,18.6,77,14.5,17.9,8,0.1,0.1,0.0,0.0,0.0,61,1013.1,990.6,100,31560.0,15.1,33.1,vienna,2026-06-01T03:49:43.707328
2026-06-01T07:00,18.9,75,14.4,17.9,10,0.1,0.1,0.0,0.0,0.0,61,1013.0,990.5,100,32440.0,16.8,36.4,vienna,2026-06-01T03:49:43.707328
2026-06-01T08:00,20.2,66,13.6,18.9,3,0.0,0.0,0.0,0.0,0.0,3,1013.0,990.6,82,37340.0,17.0,36.4,vienna,2026-06-01T03:49:43.707328
2026-06-01T09:00,21.0,63,13.7,19.6,0,0.0,0.0,0.0,0.0,0.0,3,1013.1,990.8,92,38060.0,17.8,38.5,vienna,2026-06-01T03:49:43.707328
2026-06-01T10:00,21.6,50,10.8,18.4,20,0.1,0.1,0.0,0.0,0.0,80,1013.7,991.4,92,41040.0,23.6,49.7,vienna,2026-06-01T03:49:43.707328
2026-06-01T11:00,20.1,58,11.6,17.2,15,0.0,0.0,0.0,0.0,0.0,80,1014.5,992.1,98,39760.0,23.3,58.7,vienna,2026-06-01T03:49:43.707328
2026-06-01T12:00,20.3,57,11.5,17.8,18,0.1,0.1,0.0,0.0,0.0,80,1014.4,992.0,84,39660.0,20.5,50.4,vienna,2026-06-01T03:49:43.707328
2026-06-01T13:00,20.6,50,9.8,17.5,38,0.0,0.0,0.0,0.0,0.0,2,1014.3,991.9,83,40840.0,20.6,45.7,vienna,2026-06-01T03:49:43.707328
2026-06-01T14:00,20.9,42,7.5,17.6,45,0.0,0.0,0.0,0.0,0.0,2,1014.2,991.9,77,42060.0,18.0,44.3,vienna,2026-06-01T03:49:43.707328
2026-06-01T15:00,21.3,47,9.6,18.7,35,0.0,0.0,0.0,0.0,0.0,2,1014.1,991.8,58,41380.0,17.3,39.6,vienna,2026-06-01T03:49:43.707328
2026-06-01T16:00,21.5,46,9.4,19.1,23,0.0,0.0,0.0,0.0,0.0,2,1014.0,991.7,81,41640.0,16.0,37.8,vienna,2026-06-01T03:49:43.707328
2026-06-01T17:00,21.3,46,9.2,19.1,8,0.0,0.0,0.0,0.0,0.0,3,1014.1,991.8,77,41700.0,14.3,34.6,vienna,2026-06-01T03:49:43.707328
2026-06-01T18:00,20.4,59,12.2,19.3,5,0.0,0.0,0.0,0.0,0.0,2,1014.3,991.9,61,39880.0,12.3,30.6,vienna,2026-06-01T03:49:43.707328
2026-06-01T19:00,19.3,63,12.1,18.1,3,0.0,0.0,0.0,0.0,0.0,1,1014.7,992.2,45,38900.0,12.3,27.0,vienna,2026-06-01T03:49:43.707328
2026-06-01T20:00,18.2,72,13.1,17.4,0,0.0,0.0,0.0,0.0,0.0,2,1014.9,992.4,79,35380.0,12.0,25.6,vienna,2026-06-01T03:49:43.707328
2026-06-01T21:00,18.0,74,13.3,17.5,0,0.0,0.0,0.0,0.0,0.0,1,1015.0,992.4,10,34580.0,10.5,24.5,vienna,2026-06-01T03:49:43.707328
2026-06-01T22:00,17.7,74,13.0,17.1,0,0.0,0.0,0.0,0.0,0.0,0,1015.0,992.4,0,34740.0,10.9,23.4,vienna,2026-06-01T03:49:43.707328
2026-06-01T23:00,17.5,74,12.8,16.9,0,0.0,0.0,0.0,0.0,0.0,0,1015.0,992.4,0,35180.0,10.4,23.4,vienna,2026-06-01T03:49:43.707328
2026-06-01T00:00,18.4,67,12.2,17.8,0,0.0,0.0,0.0,0.0,0.0,3,1016.8,1015.2,100,21500.0,8.6,17.6,antwerp,2026-06-01T03:50:21.517213
2026-06-01T01:00,17.6,70,12.1,16.9,0,0.0,0.0,0.0,0.0,0.0,3,1016.8,1015.2,100,50000.0,9.4,18.7,antwerp,2026-06-01T03:50:21.517213
2026-06-01T02:00,16.8,73,11.9,16.1,0,0.0,0.0,0.0,0.0,0.0,0,1016.6,1015.0,7,18120.0,9.0,18.7,antwerp,2026-06-01T03:50:21.517213
2026-06-01T03:00,16.4,75,12.0,15.7,0,0.0,0.0,0.0,0.0,0.0,3,1016.5,1014.9,92,50000.0,9.4,18.7,antwerp,2026-06-01T03:50:21.517213
2026-06-01T04:00,16.1,77,12.1,15.4,0,0.0,0.0,0.0,0.0,0.0,2,1016.7,1015.1,72,16040.0,9.4,17.6,antwerp,2026-06-01T03:50:21.517213
2026-06-01T05:00,16.1,78,12.3,15.4,0,0.0,0.0,0.0,0.0,0.0,3,1016.6,1015.0,84,50000.0,9.4,18.7,antwerp,2026-06-01T03:50:21.517213
2026-06-01T06:00,17.0,75,12.6,16.7,0,0.0,0.0,0.0,0.0,0.0,3,1016.9,1015.3,90,17160.0,8.3,18.4,antwerp,2026-06-01T03:50:21.517213
2026-06-01T07:00,18.6,68,12.6,18.5,0,0.0,0.0,0.0,0.0,0.0,3,1017.2,1015.6,96,50000.0,6.5,17.6,antwerp,2026-06-01T03:50:21.517213
2026-06-01T08:00,20.5,59,12.2,20.1,0,0.0,0.0,0.0,0.0,0.0,3,1017.2,1015.7,84,50000.0,7.2,18.0,antwerp,2026-06-01T03:50:21.517213
2026-06-01T09:00,21.8,50,11.0,21.1,0,0.0,0.0,0.0,0.0,0.0,2,1016.9,1015.4,62,30880.0,9.0,22.0,antwerp,2026-06-01T03:50:21.517213
2026-06-01T10:00,22.7,46,10.5,22.0,3,0.0,0.0,0.0,0.0,0.0,2,1016.7,1015.2,74,33140.0,10.4,25.6,antwerp,2026-06-01T03:50:21.517213
2026-06-01T11:00,22.8,47,10.9,21.6,8,0.0,0.0,0.0,0.0,0.0,3,1016.5,1015.0,89,32640.0,10.4,25.6,antwerp,2026-06-01T03:50:21.517213
2026-06-01T12:00,23.1,46,10.9,21.8,10,0.0,0.0,0.0,0.0,0.0,3,1016.2,1014.7,100,33040.0,11.2,24.8,antwerp,2026-06-01T03:50:21.517213
2026-06-01T13:00,23.6,46,11.3,22.4,8,0.0,0.0,0.0,0.0,0.0,3,1015.6,1014.1,99,32880.0,11.2,25.9,antwerp,2026-06-01T03:50:21.517213
2026-06-01T14:00,24.1,46,11.8,23.0,5,0.0,0.0,0.0,0.0,0.0,3,1015.2,1013.7,100,33320.0,11.5,26.3,antwerp,2026-06-01T03:50:21.517213
2026-06-01T15:00,24.2,47,12.2,23.0,2,0.0,0.0,0.0,0.0,0.0,3,1014.7,1013.2,96,32640.0,12.6,27.4,antwerp,2026-06-01T03:50:21.517213
2026-06-01T16:00,24.1,47,12.1,22.9,2,0.0,0.0,0.0,0.0,0.0,3,1013.9,1012.4,100,32340.0,13.0,27.7,antwerp,2026-06-01T03:50:21.517213
2026-06-01T17:00,23.9,48,12.3,22.8,3,0.0,0.0,0.0,0.0,0.0,3,1013.3,1011.8,100,31660.0,13.0,28.8,antwerp,2026-06-01T03:50:21.517213
2026-06-01T18:00,23.1,53,13.0,23.0,4,0.0,0.0,0.0,0.0,0.0,3,1012.7,1011.2,100,28800.0,6.8,27.7,antwerp,2026-06-01T03:50:21.517213
2026-06-01T19:00,21.5,62,13.9,21.2,3,0.0,0.0,0.0,0.0,0.0,3,1012.3,1010.8,99,24100.0,10.8,21.2,antwerp,2026-06-01T03:50:21.517213
2026-06-01T20:00,20.0,63,12.8,19.4,1,0.0,0.0,0.0,0.0,0.0,3,1012.4,1010.9,99,23500.0,10.4,22.3,antwerp,2026-06-01T03:50:21.517213
2026-06-01T21:00,19.8,61,12.1,19.5,0,0.0,0.0,0.0,0.0,0.0,3,1012.3,1010.8,100,24380.0,6.8,19.4,antwerp,2026-06-01T03:50:21.517213
2026-06-01T22:00,19.9,61,12.2,19.6,0,0.0,0.0,0.0,0.0,0.0,3,1011.9,1010.4,100,24320.0,6.5,12.6,antwerp,2026-06-01T03:50:21.517213
2026-06-01T23:00,19.7,61,12.0,19.3,0,0.0,0.0,0.0,0.0,0.0,3,1011.3,1009.8,100,24340.0,7.2,13.3,antwerp,2026-06-01T03:50:21.517213
2026-06-01T00:00,16.2,78,12.4,15.3,0,0.0,0.0,0.0,0.0,0.0,2,1017.3,1013.9,53,15720.0,11.5,22.7,brussels,2026-06-01T03:50:59.259098
2026-06-01T01:00,15.4,81,12.2,14.2,0,0.0,0.0,0.0,0.0,0.0,3,1017.3,1013.9,100,50000.0,13.0,25.6,brussels,2026-06-01T03:50:59.259098
2026-06-01T02:00,15.0,82,12.0,13.7,0,0.0,0.0,0.0,0.0,0.0,3,1017.1,1013.7,94,13520.0,13.7,25.9,brussels,2026-06-01T03:50:59.259098
2026-06-01T03:00,14.6,84,11.9,13.1,0,0.0,0.0,0.0,0.0,0.0,3,1017.0,1013.6,99,50000.0,14.0,27.4,brussels,2026-06-01T03:50:59.259098
2026-06-01T04:00,14.3,85,11.9,13.1,0,0.0,0.0,0.0,0.0,0.0,0,1017.1,1013.7,2,11560.0,12.6,26.3,brussels,2026-06-01T03:50:59.259098
2026-06-01T05:00,14.6,84,11.9,13.5,0,0.0,0.0,0.0,0.0,0.0,3,1017.1,1013.7,100,50000.0,11.9,24.5,brussels,2026-06-01T03:50:59.259098
2026-06-01T06:00,15.1,82,12.1,14.2,0,0.0,0.0,0.0,0.0,0.0,3,1017.3,1013.9,100,13160.0,11.2,23.0,brussels,2026-06-01T03:50:59.259098
2026-06-01T07:00,17.4,73,12.5,16.8,0,0.0,0.0,0.0,0.0,0.0,3,1017.6,1014.3,98,50000.0,9.7,22.0,brussels,2026-06-01T03:50:59.259098
2026-06-01T08:00,19.2,65,12.5,18.5,0,0.0,0.0,0.0,0.0,0.0,3,1017.6,1014.3,99,50000.0,10.1,22.3,brussels,2026-06-01T03:50:59.259098
2026-06-01T09:00,20.3,60,12.3,19.7,0,0.0,0.0,0.0,0.0,0.0,3,1017.3,1014.0,98,25340.0,9.4,22.3,brussels,2026-06-01T03:50:59.259098
2026-06-01T10:00,22.1,50,11.2,21.1,0,0.0,0.0,0.0,0.0,0.0,3,1017.0,1013.7,98,30800.0,11.5,26.6,brussels,2026-06-01T03:50:59.259098
2026-06-01T11:00,23.1,46,10.8,22.3,0,0.0,0.0,0.0,0.0,0.0,3,1016.8,1013.5,98,33160.0,12.6,28.8,brussels,2026-06-01T03:50:59.259098
2026-06-01T12:00,23.6,45,11.0,22.6,0,0.0,0.0,0.0,0.0,0.0,3,1016.5,1013.2,99,33660.0,12.2,28.8,brussels,2026-06-01T03:50:59.259098
2026-06-01T13:00,24.1,45,11.4,23.0,0,0.0,0.0,0.0,0.0,0.0,3,1016.0,1012.7,88,33880.0,12.2,28.4,brussels,2026-06-01T03:50:59.259098
2026-06-01T14:00,24.4,45,11.7,23.3,0,0.0,0.0,0.0,0.0,0.0,3,1015.6,1012.3,100,33600.0,13.0,29.2,brussels,2026-06-01T03:50:59.259098
2026-06-01T15:00,24.9,45,12.2,23.8,0,0.0,0.0,0.0,0.0,0.0,3,1015.0,1011.7,97,34040.0,12.6,29.2,brussels,2026-06-01T03:50:59.259098
2026-06-01T16:00,24.9,45,12.2,23.8,0,0.0,0.0,0.0,0.0,0.0,3,1014.3,1011.0,99,34060.0,12.6,29.5,brussels,2026-06-01T03:50:59.259098
2026-06-01T17:00,24.5,46,12.2,23.3,0,0.0,0.0,0.0,0.0,0.0,3,1013.6,1010.3,100,33240.0,13.3,28.4,brussels,2026-06-01T03:50:59.259098
2026-06-01T18:00,24.0,48,12.3,22.9,0,0.0,0.0,0.0,0.0,0.0,3,1013.0,1009.7,100,31920.0,12.2,28.1,brussels,2026-06-01T03:50:59.259098
2026-06-01T19:00,23.4,50,12.4,22.4,0,0.0,0.0,0.0,0.0,0.0,3,1012.6,1009.3,100,30920.0,11.9,24.8,brussels,2026-06-01T03:50:59.259098
2026-06-01T20:00,22.8,52,12.4,21.8,0,0.0,0.0,0.0,0.0,0.0,3,1012.4,1009.1,97,29540.0,11.9,23.8,brussels,2026-06-01T03:50:59.259098
2026-06-01T21:00,22.1,56,13.0,21.4,0,0.0,0.0,0.0,0.0,0.0,3,1012.2,1008.9,99,27380.0,11.2,22.0,brussels,2026-06-01T03:50:59.259098
2026-06-01T22:00,20.7,62,13.2,20.6,0,0.0,0.0,0.0,0.0,0.0,3,1011.9,1008.6,100,23860.0,7.9,22.3,brussels,2026-06-01T03:50:59.259098
2026-06-01T23:00,21.4,59,13.0,21.7,0,0.0,0.0,0.0,0.0,0.0,3,1011.2,1007.9,100,25740.0,4.3,14.4,brussels,2026-06-01T03:50:59.259098
2026-06-01T00:00,7.0,40,-5.5,3.4,0,0.0,0.0,0.0,0.0,0.0,3,1020.5,666.0,95,75600.0,5.8,14.4,la_paz,2026-06-01T03:51:37.035046
2026-06-01T01:00,5.9,45,-5.3,2.3,0,0.0,0.0,0.0,0.0,0.0,3,1021.0,665.2,91,75560.0,5.2,14.4,la_paz,2026-06-01T03:51:37.035046
2026-06-01T02:00,5.0,52,-4.1,1.7,0,0.0,0.0,0.0,0.0,0.0,2,1021.6,664.7,64,72100.0,4.2,12.6,la_paz,2026-06-01T03:51:37.035046
2026-06-01T03:00,4.0,59,-3.2,1.1,0,0.0,0.0,0.0,0.0,0.0,1,1022.0,664.0,39,67240.0,2.5,9.4,la_paz,2026-06-01T03:51:37.035046
2026-06-01T04:00,3.1,63,-3.3,-0.1,0,0.0,0.0,0.0,0.0,0.0,2,1022.2,663.3,78,67260.0,4.4,10.8,la_paz,2026-06-01T03:51:37.035046
2026-06-01T05:00,2.5,63,-3.8,-0.9,0,0.0,0.0,0.0,0.0,0.0,2,1022.5,662.8,68,67300.0,4.9,13.0,la_paz,2026-06-01T03:51:37.035046
2026-06-01T06:00,1.5,65,-4.4,-2.1,0,0.0,0.0,0.0,0.0,0.0,1,1022.5,661.9,22,63660.0,6.4,16.2,la_paz,2026-06-01T03:51:37.035046
2026-06-01T07:00,0.6,68,-4.6,-3.0,0,0.0,0.0,0.0,0.0,0.0,2,1022.1,660.7,65,63700.0,6.2,16.6,la_paz,2026-06-01T03:51:37.035046
2026-06-01T08:00,0.1,69,-4.9,-3.6,0,0.0,0.0,0.0,0.0,0.0,2,1022.0,660.1,68,63720.0,6.0,16.6,la_paz,2026-06-01T03:51:37.035046
2026-06-01T09:00,0.0,68,-5.2,-3.7,0,0.0,0.0,0.0,0.0,0.0,2,1022.1,660.1,71,63720.0,6.2,16.9,la_paz,2026-06-01T03:51:37.035046
2026-06-01T10:00,-0.3,68,-5.5,-3.9,0,0.0,0.0,0.0,0.0,0.0,2,1022.6,660.1,69,63680.0,5.4,16.6,la_paz,2026-06-01T03:51:37.035046
2026-06-01T11:00,-0.4,67,-5.9,-4.2,0,0.0,0.0,0.0,0.0,0.0,3,1023.3,660.4,97,63660.0,6.1,16.2,la_paz,2026-06-01T03:51:37.035046
2026-06-01T12:00,2.3,61,-4.4,-1.4,0,0.0,0.0,0.0,0.0,0.0,3,1024.1,663.7,98,67240.0,6.8,16.6,la_paz,2026-06-01T03:51:37.035046
2026-06-01T13:00,7.3,46,-3.7,4.3,0,0.0,0.0,0.0,0.0,0.0,3,1024.7,669.0,99,72020.0,2.7,16.2,la_paz,2026-06-01T03:51:37.035046
2026-06-01T14:00,9.9,32,-6.0,6.9,0,0.0,0.0,0.0,0.0,0.0,3,1024.1,671.2,99,75460.0,1.1,12.2,la_paz,2026-06-01T03:51:37.035046
2026-06-01T15:00,11.9,28,-5.9,9.5,0,0.0,0.0,0.0,0.0,0.0,3,1022.6,672.1,95,75460.0,3.8,18.7,la_paz,2026-06-01T03:51:37.035046
2026-06-01T16:00,13.6,23,-6.9,11.5,0,0.0,0.0,0.0,0.0,0.0,3,1020.7,672.4,99,75500.0,5.5,23.4,la_paz,2026-06-01T03:51:37.035046
2026-06-01T17:00,14.6,19,-9.0,12.2,0,0.0,0.0,0.0,0.0,0.0,3,1018.7,672.0,97,75600.0,6.3,24.5,la_paz,2026-06-01T03:51:37.035046
2026-06-01T18:00,15.1,18,-9.1,12.5,0,0.0,0.0,0.0,0.0,0.0,3,1017.1,671.4,81,75700.0,6.5,24.5,la_paz,2026-06-01T03:51:37.035046
2026-06-01T19:00,15.2,17,-9.5,12.2,0,0.0,0.0,0.0,0.0,0.0,3,1015.7,670.7,93,75780.0,6.2,24.8,la_paz,2026-06-01T03:51:37.035046
2026-06-01T20:00,14.9,17,-10.3,10.8,0,0.0,0.0,0.0,0.0,0.0,2,1014.8,669.8,58,75800.0,6.0,23.4,la_paz,2026-06-01T03:51:37.035046
2026-06-01T21:00,14.1,18,-9.9,9.8,0,0.0,0.0,0.0,0.0,0.0,2,1014.8,669.0,59,75800.0,7.3,22.0,la_paz,2026-06-01T03:51:37.035046
2026-06-01T22:00,11.4,29,-5.9,7.4,0,0.0,0.0,0.0,0.0,0.0,0,1016.1,667.3,11,75740.0,7.9,24.5,la_paz,2026-06-01T03:51:37.035046
2026-06-01T23:00,8.8,45,-2.5,6.0,0,0.0,0.0,0.0,0.0,0.0,1,1017.5,665.8,29,75700.0,2.3,21.6,la_paz,2026-06-01T03:51:37.035046
2026-06-01T00:00,12.4,54,3.3,9.8,0,0.0,0.0,0.0,0.0,0.0,2,1018.8,736.4,72,66480.0,7.3,22.7,sucre,2026-06-01T03:52:14.802493
2026-06-01T01:00,11.4,60,3.9,8.9,0,0.0,0.0,0.0,0.0,0.0,2,1020.2,736.6,55,66400.0,7.1,15.8,sucre,2026-06-01T03:52:14.802493
2026-06-01T02:00,10.4,68,4.8,8.1,0,0.0,0.0,0.0,0.0,0.0,3,1021.4,736.7,89,62560.0,7.1,16.2,sucre,2026-06-01T03:52:14.802493
2026-06-01T03:00,9.2,78,5.7,7.3,0,0.0,0.0,0.0,0.0,0.0,3,1022.0,736.1,88,8600.0,6.1,14.8,sucre,2026-06-01T03:52:14.802493
2026-06-01T04:00,8.6,85,6.2,6.8,0,0.0,0.0,0.0,0.0,0.0,3,1022.3,735.8,81,7920.0,5.8,13.0,sucre,2026-06-01T03:52:14.802493
2026-06-01T05:00,8.0,89,6.3,6.3,0,0.0,0.0,0.0,0.0,0.0,3,1022.4,735.3,84,6020.0,5.1,11.5,sucre,2026-06-01T03:52:14.802493
2026-06-01T06:00,7.1,94,6.2,5.6,0,0.0,0.0,0.0,0.0,0.0,3,1022.2,734.5,99,36100.0,3.9,10.1,sucre,2026-06-01T03:52:14.802493
2026-06-01T07:00,6.7,98,6.5,5.5,0,0.0,0.0,0.0,0.0,0.0,3,1021.8,733.9,100,7820.0,2.1,7.9,sucre,2026-06-01T03:52:14.802493
2026-06-01T08:00,7.5,98,7.3,6.5,0,0.0,0.0,0.0,0.0,0.0,3,1021.5,734.3,100,4740.0,2.5,5.8,sucre,2026-06-01T03:52:14.802493
2026-06-01T09:00,7.6,99,7.5,6.5,0,0.0,0.0,0.0,0.0,0.0,3,1021.5,734.4,100,660.0,2.8,5.8,sucre,2026-06-01T03:52:14.802493
2026-06-01T10:00,7.4,100,7.4,6.6,0,0.0,0.0,0.0,0.0,0.0,3,1021.9,734.5,100,200.0,1.3,4.0,sucre,2026-06-01T03:52:14.802493
2026-06-01T11:00,7.5,97,7.1,6.3,0,0.0,0.0,0.0,0.0,0.0,3,1022.5,735.0,100,140.0,3.3,7.9,sucre,2026-06-01T03:52:14.802493
2026-06-01T12:00,8.6,85,6.2,7.1,0,0.0,0.0,0.0,0.0,0.0,3,1023.3,736.5,98,300.0,4.0,12.6,sucre,2026-06-01T03:52:14.802493
2026-06-01T13:00,10.5,67,4.6,8.9,0,0.0,0.0,0.0,0.0,0.0,3,1023.1,738.0,95,1300.0,2.6,13.0,sucre,2026-06-01T03:52:14.802493
2026-06-01T14:00,14.0,45,2.2,12.0,0,0.0,0.0,0.0,0.0,0.0,1,1021.6,739.7,45,7840.0,1.3,13.3,sucre,2026-06-01T03:52:14.802493
2026-06-01T15:00,16.6,35,1.0,14.5,0,0.0,0.0,0.0,0.0,0.0,3,1020.0,740.6,99,22900.0,6.0,20.9,sucre,2026-06-01T03:52:14.802493
2026-06-01T16:00,18.3,33,1.9,16.4,0,0.0,0.0,0.0,0.0,0.0,3,1018.2,740.6,91,74460.0,9.9,27.4,sucre,2026-06-01T03:52:14.802493
2026-06-01T17:00,19.3,30,1.1,16.8,0,0.0,0.0,0.0,0.0,0.0,3,1016.6,740.3,88,74520.0,13.4,32.8,sucre,2026-06-01T03:52:14.802493
2026-06-01T18:00,20.0,21,-3.0,16.4,0,0.0,0.0,0.0,0.0,0.0,3,1015.1,739.8,94,74560.0,14.9,34.9,sucre,2026-06-01T03:52:14.802493
2026-06-01T19:00,19.9,19,-4.5,15.3,0,0.0,0.0,0.0,0.0,0.0,1,1014.1,738.9,46,74600.0,15.4,34.9,sucre,2026-06-01T03:52:14.802493
2026-06-01T20:00,19.2,19,-4.8,14.2,0,0.0,0.0,0.0,0.0,0.0,1,1013.9,738.3,34,74620.0,15.8,34.9,sucre,2026-06-01T03:52:14.802493
2026-06-01T21:00,17.7,19,-5.9,12.4,0,0.0,0.0,0.0,0.0,0.0,2,1014.3,737.3,66,74620.0,16.6,34.2,sucre,2026-06-01T03:52:14.802493
2026-06-01T22:00,14.9,30,-2.6,10.8,0,0.0,0.0,0.0,0.0,0.0,3,1015.3,735.9,99,74560.0,11.4,33.1,sucre,2026-06-01T03:52:14.802493
2026-06-01T23:00,13.9,44,1.7,10.4,0,0.0,0.0,0.0,0.0,0.0,0,1016.8,736.1,14,72300.0,11.0,24.5,sucre,2026-06-01T03:52:14.802493
2026-06-01T00:00,20.7,63,13.5,20.9,0,0.0,0.0,0.0,0.0,0.0,3,1018.4,894.1,90,54960.0,6.2,12.6,brasília ,2026-06-01T03:52:17.362159
2026-06-01T01:00,20.5,64,13.4,20.7,0,0.0,0.0,0.0,0.0,0.0,3,1018.3,893.9,95,54980.0,6.3,11.5,brasília ,2026-06-01T03:52:17.362159
2026-06-01T02:00,20.5,63,13.3,20.7,0,0.0,0.0,0.0,0.0,0.0,3,1018.3,893.9,100,55000.0,6.1,12.6,brasília ,2026-06-01T03:52:17.362159
2026-06-01T03:00,19.5,69,13.6,19.9,0,0.0,0.0,0.0,0.0,0.0,3,1018.1,893.3,98,55020.0,5.2,11.2,brasília ,2026-06-01T03:52:17.362159
2026-06-01T04:00,18.6,73,13.8,19.1,0,0.0,0.0,0.0,0.0,0.0,3,1018.1,893.0,92,50980.0,5.5,10.4,brasília ,2026-06-01T03:52:17.362159
2026-06-01T05:00,18.0,78,14.0,18.6,0,0.0,0.0,0.0,0.0,0.0,3,1017.5,892.2,95,51040.0,4.4,10.1,brasília ,2026-06-01T03:52:17.362159
2026-06-01T06:00,17.5,80,14.0,18.3,0,0.0,0.0,0.0,0.0,0.0,3,1017.2,891.8,91,51060.0,3.8,7.6,brasília ,2026-06-01T03:52:17.362159
2026-06-01T07:00,17.2,80,13.9,18.0,0,0.0,0.0,0.0,0.0,0.0,3,1016.8,891.3,90,51080.0,3.3,6.1,brasília ,2026-06-01T03:52:17.362159
2026-06-01T08:00,16.9,81,13.6,17.5,0,0.0,0.0,0.0,0.0,0.0,2,1017.3,891.6,70,51080.0,3.5,5.8,brasília ,2026-06-01T03:52:17.362159
2026-06-01T09:00,16.5,82,13.4,17.0,0,0.0,0.0,0.0,0.0,0.0,3,1017.8,891.9,88,51040.0,3.7,5.8,brasília ,2026-06-01T03:52:17.362159
2026-06-01T10:00,16.9,80,13.4,17.4,0,0.0,0.0,0.0,0.0,0.0,2,1018.6,892.7,55,51000.0,3.9,6.5,brasília ,2026-06-01T03:52:17.362159
2026-06-01T11:00,19.0,70,13.4,19.3,0,0.0,0.0,0.0,0.0,0.0,3,1019.6,894.4,87,54980.0,5.7,14.0,brasília ,2026-06-01T03:52:17.362159
2026-06-01T12:00,21.0,61,13.1,20.7,0,0.0,0.0,0.0,0.0,0.0,3,1020.1,895.7,97,54940.0,8.8,23.0,brasília ,2026-06-01T03:52:17.362159
2026-06-01T13:00,22.6,54,12.9,22.1,0,0.0,0.0,0.0,0.0,0.0,3,1019.9,896.1,100,58660.0,9.7,26.6,brasília ,2026-06-01T03:52:17.362159
2026-06-01T14:00,24.1,49,12.8,24.4,1,0.0,0.0,0.0,0.0,0.0,3,1019.3,896.2,98,58700.0,8.8,27.4,brasília ,2026-06-01T03:52:17.362159
2026-06-01T15:00,24.9,45,12.1,25.1,2,0.0,0.0,0.0,0.0,0.0,3,1018.4,895.7,99,64420.0,6.7,26.3,brasília ,2026-06-01T03:52:17.362159
2026-06-01T16:00,26.0,42,12.0,27.1,3,0.1,0.0,0.1,0.0,0.0,51,1017.4,895.2,100,64500.0,3.2,22.0,brasília ,2026-06-01T03:52:17.362159
2026-06-01T17:00,25.8,43,12.1,26.6,4,0.1,0.0,0.1,0.0,0.0,51,1016.6,894.4,100,64560.0,1.6,17.6,brasília ,2026-06-01T03:52:17.362159
2026-06-01T18:00,25.9,42,12.1,26.4,12,0.0,0.0,0.0,0.0,0.0,3,1016.0,894.0,99,64600.0,0.9,14.4,brasília ,2026-06-01T03:52:17.362159
2026-06-01T19:00,25.5,43,12.0,25.7,33,0.0,0.0,0.0,0.0,0.0,3,1015.8,893.6,100,64600.0,2.7,12.6,brasília ,2026-06-01T03:52:17.362159
2026-06-01T20:00,21.4,58,12.9,20.6,61,0.1,0.0,0.1,0.0,0.0,51,1017.4,893.4,100,5040.0,11.5,27.0,brasília ,2026-06-01T03:52:17.362159
2026-06-01T21:00,20.6,64,13.5,21.2,75,0.3,0.3,0.0,0.0,0.0,51,1017.8,893.5,98,37140.0,3.8,27.0,brasília ,2026-06-01T03:52:17.362159
2026-06-01T22:00,20.1,67,13.8,20.4,64,0.0,0.0,0.0,0.0,0.0,3,1018.5,893.9,98,55120.0,6.6,13.7,brasília ,2026-06-01T03:52:17.362159
2026-06-01T23:00,19.6,69,13.8,20.0,40,0.0,0.0,0.0,0.0,0.0,3,1018.9,894.1,100,55080.0,5.9,13.7,brasília ,2026-06-01T03:52:17.362159
2026-06-01T00:00,12.9,99,12.8,12.8,0,0.0,0.0,0.0,0.0,0.0,3,1021.2,916.7,98,380.0,7.1,14.0,curitiba,2026-06-01T03:52:19.918511
2026-06-01T01:00,12.6,99,12.6,12.6,0,0.0,0.0,0.0,0.0,0.0,3,1021.5,916.9,100,200.0,6.0,13.3,curitiba,2026-06-01T03:52:19.918511
2026-06-01T02:00,12.5,99,12.4,12.3,0,0.0,0.0,0.0,0.0,0.0,3,1021.6,917.0,100,140.0,6.6,13.0,curitiba,2026-06-01T03:52:19.918511
2026-06-01T03:00,12.4,99,12.2,12.4,0,0.0,0.0,0.0,0.0,0.0,3,1021.7,917.0,100,100.0,4.8,13.3,curitiba,2026-06-01T03:52:19.918511
2026-06-01T04:00,12.1,98,11.9,12.1,0,0.0,0.0,0.0,0.0,0.0,3,1021.4,916.7,100,100.0,4.6,11.9,curitiba,2026-06-01T03:52:19.918511
2026-06-01T05:00,12.1,96,11.5,11.9,0,0.0,0.0,0.0,0.0,0.0,3,1021.2,916.4,100,80.0,4.0,11.9,curitiba,2026-06-01T03:52:19.918511
2026-06-01T06:00,11.6,97,11.2,11.5,0,0.0,0.0,0.0,0.0,0.0,3,1020.5,915.7,100,100.0,2.9,11.2,curitiba,2026-06-01T03:52:19.918511
2026-06-01T07:00,11.6,96,11.0,11.7,0,0.0,0.0,0.0,0.0,0.0,3,1020.1,915.3,100,100.0,1.4,8.3,curitiba,2026-06-01T03:52:19.918511
2026-06-01T08:00,11.4,96,10.9,11.5,0,0.0,0.0,0.0,0.0,0.0,3,1020.1,915.2,100,100.0,1.3,5.8,curitiba,2026-06-01T03:52:19.918511
2026-06-01T09:00,11.0,98,10.8,11.0,0,0.0,0.0,0.0,0.0,0.0,3,1020.4,915.4,100,120.0,1.7,6.5,curitiba,2026-06-01T03:52:19.918511
2026-06-01T10:00,10.8,100,10.8,10.7,0,0.0,0.0,0.0,0.0,0.0,3,1021.0,915.8,100,120.0,2.0,7.2,curitiba,2026-06-01T03:52:19.918511
2026-06-01T11:00,11.0,99,10.9,11.1,0,0.0,0.0,0.0,0.0,0.0,3,1021.8,916.6,100,160.0,1.2,8.3,curitiba,2026-06-01T03:52:19.918511
2026-06-01T12:00,12.4,93,11.4,12.8,0,0.0,0.0,0.0,0.0,0.0,2,1022.7,917.9,69,1280.0,0.2,9.7,curitiba,2026-06-01T03:52:19.918511
2026-06-01T13:00,14.9,86,12.4,15.5,0,0.0,0.0,0.0,0.0,0.0,2,1022.9,918.9,58,28940.0,0.6,10.1,curitiba,2026-06-01T03:52:19.918511
2026-06-01T14:00,16.8,79,13.1,17.5,0,0.0,0.0,0.0,0.0,0.0,0,1022.6,919.3,14,23700.0,1.9,13.0,curitiba,2026-06-01T03:52:19.918511
2026-06-01T15:00,18.2,68,12.3,18.7,0,0.0,0.0,0.0,0.0,0.0,0,1021.5,918.8,12,39920.0,3.3,15.1,curitiba,2026-06-01T03:52:19.918511
2026-06-01T16:00,18.9,58,10.5,18.8,0,0.0,0.0,0.0,0.0,0.0,0,1020.5,918.1,12,43180.0,4.7,17.3,curitiba,2026-06-01T03:52:19.918511
2026-06-01T17:00,19.0,56,9.9,18.2,0,0.0,0.0,0.0,0.0,0.0,0,1019.7,917.4,16,43320.0,5.0,17.6,curitiba,2026-06-01T03:52:19.918511
2026-06-01T18:00,19.0,55,9.9,18.4,0,0.0,0.0,0.0,0.0,0.0,1,1019.3,917.1,23,43360.0,4.1,16.9,curitiba,2026-06-01T03:52:19.918511
2026-06-01T19:00,19.0,55,9.6,18.1,0,0.0,0.0,0.0,0.0,0.0,1,1019.3,917.0,37,43340.0,5.5,14.8,curitiba,2026-06-01T03:52:19.918511
2026-06-01T20:00,18.1,60,10.4,17.5,0,0.0,0.0,0.0,0.0,0.0,1,1019.5,917.0,41,43320.0,5.2,14.8,curitiba,2026-06-01T03:52:19.918511
2026-06-01T21:00,15.4,78,11.6,14.3,0,0.0,0.0,0.0,0.0,0.0,2,1020.6,917.0,55,36700.0,10.9,22.7,curitiba,2026-06-01T03:52:19.918511
2026-06-01T22:00,13.6,96,12.9,13.2,0,0.0,0.0,0.0,0.0,0.0,2,1021.7,917.4,73,2280.0,8.9,25.9,curitiba,2026-06-01T03:52:19.918511
2026-06-01T23:00,13.4,96,12.8,13.0,0,0.0,0.0,0.0,0.0,0.0,3,1022.5,918.1,100,2420.0,9.3,20.5,curitiba,2026-06-01T03:52:19.918511
2026-06-01T00:00,25.3,86,22.8,28.6,0,0.0,0.0,0.0,0.0,0.0,0,1014.4,1011.2,13,35120.0,14.2,28.1,natal,2026-06-01T03:52:22.466590
2026-06-01T01:00,25.0,87,22.7,28.4,0,0.0,0.0,0.0,0.0,0.0,0,1014.3,1011.1,13,28600.0,12.9,26.6,natal,2026-06-01T03:52:22.466590
2026-06-01T02:00,24.7,88,22.5,28.1,0,0.0,0.0,0.0,0.0,0.0,0,1014.1,1010.8,17,29520.0,12.3,24.1,natal,2026-06-01T03:52:22.466590
2026-06-01T03:00,24.4,88,22.3,27.7,0,0.0,0.0,0.0,0.0,0.0,1,1013.7,1010.4,22,24840.0,12.0,23.0,natal,2026-06-01T03:52:22.466590
2026-06-01T04:00,24.0,90,22.3,27.7,0,0.0,0.0,0.0,0.0,0.0,1,1013.4,1010.1,30,28940.0,9.9,22.3,natal,2026-06-01T03:52:22.466590
2026-06-01T05:00,23.6,92,22.3,27.3,0,0.0,0.0,0.0,0.0,0.0,0,1012.9,1009.6,12,27680.0,9.4,18.4,natal,2026-06-01T03:52:22.466590
2026-06-01T06:00,23.1,95,22.2,26.8,0,0.0,0.0,0.0,0.0,0.0,2,1012.6,1009.3,58,26660.0,9.3,17.6,natal,2026-06-01T03:52:22.466590
2026-06-01T07:00,22.8,96,22.0,26.4,0,0.0,0.0,0.0,0.0,0.0,1,1012.9,1009.6,28,19900.0,9.3,17.3,natal,2026-06-01T03:52:22.466590
2026-06-01T08:00,22.6,96,22.0,26.1,0,0.0,0.0,0.0,0.0,0.0,2,1013.3,1010.0,55,20760.0,9.7,17.6,natal,2026-06-01T03:52:22.466590
2026-06-01T09:00,22.9,95,22.1,26.3,0,0.0,0.0,0.0,0.0,0.0,3,1013.9,1010.6,90,27000.0,10.9,19.4,natal,2026-06-01T03:52:22.466590
2026-06-01T10:00,24.5,89,22.6,28.2,0,0.0,0.0,0.0,0.0,0.0,1,1014.6,1011.3,45,33000.0,11.1,22.7,natal,2026-06-01T03:52:22.466590
2026-06-01T11:00,26.1,83,23.1,29.7,0,0.0,0.0,0.0,0.0,0.0,0,1015.1,1011.9,6,36040.0,13.2,28.8,natal,2026-06-01T03:52:22.466590
2026-06-01T12:00,27.7,74,22.7,31.0,0,0.0,0.0,0.0,0.0,0.0,0,1015.2,1012.0,19,38600.0,16.4,36.0,natal,2026-06-01T03:52:22.466590
2026-06-01T13:00,28.4,69,22.1,31.9,1,0.0,0.0,0.0,0.0,0.0,0,1014.6,1011.4,13,46740.0,16.8,37.1,natal,2026-06-01T03:52:22.466590
2026-06-01T14:00,29.2,65,21.9,33.4,3,0.0,0.0,0.0,0.0,0.0,1,1014.1,1010.9,21,46740.0,15.4,37.1,natal,2026-06-01T03:52:22.466590
2026-06-01T15:00,29.7,61,21.5,33.4,4,0.0,0.0,0.0,0.0,0.0,3,1013.3,1010.1,90,46740.0,16.2,35.6,natal,2026-06-01T03:52:22.466590
2026-06-01T16:00,28.7,68,22.2,31.2,4,0.0,0.0,0.0,0.0,0.0,2,1012.7,1009.5,53,13780.0,17.6,37.1,natal,2026-06-01T03:52:22.466590
2026-06-01T17:00,28.0,73,22.7,30.7,4,0.0,0.0,0.0,0.0,0.0,0,1012.3,1009.1,6,29560.0,17.8,38.2,natal,2026-06-01T03:52:22.466590
2026-06-01T18:00,28.1,71,22.3,30.5,4,0.0,0.0,0.0,0.0,0.0,0,1012.0,1008.8,4,46740.0,18.4,38.5,natal,2026-06-01T03:52:22.466590
2026-06-01T19:00,27.4,74,22.3,29.8,3,0.0,0.0,0.0,0.0,0.0,0,1012.3,1009.1,3,42620.0,18.3,38.5,natal,2026-06-01T03:52:22.466590
2026-06-01T20:00,26.4,78,22.4,29.2,1,0.0,0.0,0.0,0.0,0.0,0,1012.8,1009.6,5,42600.0,16.2,36.7,natal,2026-06-01T03:52:22.466590
2026-06-01T21:00,25.8,81,22.3,28.7,0,0.0,0.0,0.0,0.0,0.0,0,1013.6,1010.4,11,42600.0,15.2,30.6,natal,2026-06-01T03:52:22.466590
2026-06-01T22:00,25.6,82,22.2,28.5,0,0.0,0.0,0.0,0.0,0.0,0,1014.4,1011.2,16,37540.0,14.5,28.8,natal,2026-06-01T03:52:22.466590
2026-06-01T23:00,25.3,82,22.0,28.0,0,0.0,0.0,0.0,0.0,0.0,0,1014.9,1011.7,4,37520.0,15.4,29.2,natal,2026-06-01T03:52:22.466590
2026-06-01T00:00,20.6,89,18.8,22.4,0,0.0,0.0,0.0,0.0,0.0,1,1019.7,1019.1,26,18120.0,10.6,25.2,rio_de_janeiro,2026-06-01T03:54:25.690788
2026-06-01T01:00,20.4,90,18.8,22.2,0,0.0,0.0,0.0,0.0,0.0,1,1019.8,1019.2,39,14620.0,9.7,24.1,rio_de_janeiro,2026-06-01T03:54:25.690788
2026-06-01T02:00,20.0,93,18.8,21.9,0,0.0,0.0,0.0,0.0,0.0,3,1019.8,1019.2,90,10260.0,9.5,22.3,rio_de_janeiro,2026-06-01T03:54:25.690788
2026-06-01T03:00,19.8,94,18.8,21.6,0,0.1,0.1,0.0,0.0,0.0,51,1019.7,1019.1,53,10000.0,9.7,22.0,rio_de_janeiro,2026-06-01T03:54:25.690788
2026-06-01T04:00,19.8,94,18.8,21.6,0,0.1,0.1,0.0,0.0,0.0,51,1019.3,1018.7,31,10140.0,9.9,22.3,rio_de_janeiro,2026-06-01T03:54:25.690788
2026-06-01T05:00,19.9,93,18.8,21.7,0,0.1,0.1,0.0,0.0,0.0,51,1018.9,1018.3,27,9740.0,9.9,22.3,rio_de_janeiro,2026-06-01T03:54:25.690788
2026-06-01T06:00,20.0,93,18.7,21.7,0,0.1,0.1,0.0,0.0,0.0,51,1018.4,1017.8,30,12420.0,10.0,22.7,rio_de_janeiro,2026-06-01T03:54:25.690788
2026-06-01T07:00,20.0,92,18.6,21.8,0,0.0,0.0,0.0,0.0,0.0,1,1018.0,1017.4,38,11480.0,8.9,22.3,rio_de_janeiro,2026-06-01T03:54:25.690788
2026-06-01T08:00,19.9,93,18.6,21.8,0,0.1,0.1,0.0,0.0,0.0,51,1018.1,1017.5,90,12700.0,8.2,20.2,rio_de_janeiro,2026-06-01T03:54:25.690788
2026-06-01T09:00,19.7,93,18.5,21.9,0,0.0,0.0,0.0,0.0,0.0,1,1018.5,1017.9,38,15160.0,6.9,18.4,rio_de_janeiro,2026-06-01T03:54:25.690788
2026-06-01T10:00,19.8,92,18.5,22.2,0,0.0,0.0,0.0,0.0,0.0,0,1018.9,1018.3,18,17720.0,5.4,15.8,rio_de_janeiro,2026-06-01T03:54:25.690788
2026-06-01T11:00,21.0,83,18.0,23.1,0,0.0,0.0,0.0,0.0,0.0,0,1019.4,1018.8,19,24360.0,4.9,14.8,rio_de_janeiro,2026-06-01T03:54:25.690788
2026-06-01T12:00,22.0,78,18.0,24.2,0,0.0,0.0,0.0,0.0,0.0,0,1019.9,1019.3,9,28880.0,5.2,16.9,rio_de_janeiro,2026-06-01T03:54:25.690788
2026-06-01T13:00,23.0,73,17.9,25.0,0,0.0,0.0,0.0,0.0,0.0,1,1020.4,1019.8,20,19240.0,6.0,19.4,rio_de_janeiro,2026-06-01T03:54:25.690788
2026-06-01T14:00,23.4,71,17.8,25.4,0,0.1,0.1,0.0,0.0,0.0,51,1020.2,1019.6,38,8040.0,7.9,23.4,rio_de_janeiro,2026-06-01T03:54:25.690788
2026-06-01T15:00,23.2,71,17.8,25.0,0,0.2,0.1,0.1,0.0,0.0,51,1019.8,1019.2,45,7040.0,10.4,27.7,rio_de_janeiro,2026-06-01T03:54:25.690788
2026-06-01T16:00,22.8,75,18.1,24.4,7,0.2,0.1,0.1,0.0,0.0,51,1019.2,1018.6,41,8780.0,12.2,31.7,rio_de_janeiro,2026-06-01T03:54:25.690788
2026-06-01T17:00,22.8,77,18.5,24.1,16,0.0,0.0,0.0,0.0,0.0,0,1018.6,1018.0,13,14360.0,12.5,32.8,rio_de_janeiro,2026-06-01T03:54:25.690788
2026-06-01T18:00,22.7,74,17.9,23.8,24,0.0,0.0,0.0,0.0,0.0,1,1018.4,1017.8,49,18760.0,12.3,32.8,rio_de_janeiro,2026-06-01T03:54:25.690788
2026-06-01T19:00,22.2,76,17.9,23.5,29,0.0,0.0,0.0,0.0,0.0,2,1018.7,1018.1,73,30140.0,11.2,31.7,rio_de_janeiro,2026-06-01T03:54:25.690788
2026-06-01T20:00,21.5,82,18.2,22.8,32,0.1,0.1,0.0,0.0,0.0,51,1019.0,1018.4,52,10700.0,11.3,28.1,rio_de_janeiro,2026-06-01T03:54:25.690788
2026-06-01T21:00,20.9,85,18.3,22.6,37,0.1,0.0,0.1,0.0,0.0,51,1019.6,1019.0,99,6340.0,9.4,24.5,rio_de_janeiro,2026-06-01T03:54:25.690788
2026-06-01T22:00,20.4,89,18.5,22.5,46,0.4,0.2,0.2,0.0,0.0,51,1020.2,1019.6,88,5200.0,6.9,20.5,rio_de_janeiro,2026-06-01T03:54:25.690788
2026-06-01T23:00,19.6,95,18.7,21.8,57,0.6,0.0,0.6,0.0,0.0,53,1020.7,1020.1,91,3820.0,7.1,15.8,rio_de_janeiro,2026-06-01T03:54:25.690788
2026-06-01T00:00,15.3,93,14.2,16.0,0,0.0,0.0,0.0,0.0,0.0,3,1020.9,932.6,100,2660.0,4.8,13.7,São Paulo,2026-06-01T03:54:28.249626
2026-06-01T01:00,14.9,95,14.1,15.6,0,0.0,0.0,0.0,0.0,0.0,3,1021.1,932.7,100,1460.0,4.3,12.2,São Paulo,2026-06-01T03:54:28.249626
2026-06-01T02:00,14.6,96,13.9,15.3,0,0.0,0.0,0.0,0.0,0.0,3,1021.2,932.7,100,1240.0,3.8,11.2,São Paulo,2026-06-01T03:54:28.249626
2026-06-01T03:00,14.5,95,13.8,15.2,0,0.0,0.0,0.0,0.0,0.0,3,1021.5,933.0,100,1420.0,3.2,10.1,São Paulo,2026-06-01T03:54:28.249626
2026-06-01T04:00,14.2,95,13.5,15.0,0,0.0,0.0,0.0,0.0,0.0,3,1021.2,932.6,100,1640.0,2.4,9.0,São Paulo,2026-06-01T03:54:28.249626
2026-06-01T05:00,13.9,96,13.4,14.8,0,0.0,0.0,0.0,0.0,0.0,3,1020.8,932.2,100,2300.0,1.8,6.8,São Paulo,2026-06-01T03:54:28.249626
2026-06-01T06:00,13.7,98,13.4,14.5,0,0.0,0.0,0.0,0.0,0.0,3,1020.2,931.5,92,2040.0,1.7,5.4,São Paulo,2026-06-01T03:54:28.249626
2026-06-01T07:00,13.5,97,13.1,14.2,0,0.0,0.0,0.0,0.0,0.0,2,1019.6,930.9,57,13080.0,2.1,6.5,São Paulo,2026-06-01T03:54:28.249626
2026-06-01T08:00,13.4,95,12.6,13.8,0,0.0,0.0,0.0,0.0,0.0,3,1019.5,930.8,97,19540.0,2.9,8.3,São Paulo,2026-06-01T03:54:28.249626
2026-06-01T09:00,13.4,93,12.3,13.7,0,0.0,0.0,0.0,0.0,0.0,3,1019.8,931.1,100,19780.0,2.9,9.0,São Paulo,2026-06-01T03:54:28.249626
2026-06-01T10:00,13.4,92,12.1,13.6,0,0.0,0.0,0.0,0.0,0.0,3,1020.4,931.6,100,19980.0,2.9,9.0,São Paulo,2026-06-01T03:54:28.249626
2026-06-01T11:00,13.4,93,12.2,13.8,0,0.0,0.0,0.0,0.0,0.0,3,1021.1,932.3,100,19240.0,2.2,9.4,São Paulo,2026-06-01T03:54:28.249626
2026-06-01T12:00,13.9,90,12.2,14.2,0,0.0,0.0,0.0,0.0,0.0,3,1021.9,933.2,100,4020.0,2.5,11.2,São Paulo,2026-06-01T03:54:28.249626
2026-06-01T13:00,15.4,82,12.4,15.7,0,0.0,0.0,0.0,0.0,0.0,3,1022.4,934.1,96,5300.0,3.1,13.7,São Paulo,2026-06-01T03:54:28.249626
2026-06-01T14:00,17.4,73,12.6,17.7,0,0.0,0.0,0.0,0.0,0.0,0,1022.1,934.3,13,6900.0,3.1,14.8,São Paulo,2026-06-01T03:54:28.249626
2026-06-01T15:00,19.0,67,12.8,20.3,0,0.0,0.0,0.0,0.0,0.0,0,1021.1,933.9,3,17180.0,2.2,14.4,São Paulo,2026-06-01T03:54:28.249626
2026-06-01T16:00,20.2,59,12.1,21.4,0,0.0,0.0,0.0,0.0,0.0,0,1020.1,933.3,0,35960.0,3.1,14.8,São Paulo,2026-06-01T03:54:28.249626
2026-06-01T17:00,20.9,53,11.0,21.2,0,0.0,0.0,0.0,0.0,0.0,0,1019.1,932.6,0,36100.0,4.3,16.6,São Paulo,2026-06-01T03:54:28.249626
2026-06-01T18:00,20.9,53,10.9,20.1,0,0.0,0.0,0.0,0.0,0.0,0,1018.7,932.2,16,26080.0,6.7,20.5,São Paulo,2026-06-01T03:54:28.249626
2026-06-01T19:00,19.5,61,11.8,18.6,0,0.0,0.0,0.0,0.0,0.0,0,1018.9,932.0,19,9980.0,10.1,26.3,São Paulo,2026-06-01T03:54:28.249626
2026-06-01T20:00,17.5,74,12.8,16.8,0,0.0,0.0,0.0,0.0,0.0,0,1019.6,932.1,2,9040.0,10.6,27.0,São Paulo,2026-06-01T03:54:28.249626
2026-06-01T21:00,15.9,84,13.2,15.5,0,0.0,0.0,0.0,0.0,0.0,0,1020.7,932.7,5,10900.0,10.4,26.6,São Paulo,2026-06-01T03:54:28.249626
2026-06-01T22:00,14.9,87,12.8,14.6,0,0.0,0.0,0.0,0.0,0.0,0,1021.6,933.2,9,23520.0,8.1,25.6,São Paulo,2026-06-01T03:54:28.249626
2026-06-01T23:00,14.2,88,12.3,13.8,0,0.0,0.0,0.0,0.0,0.0,0,1022.1,933.4,5,13440.0,7.7,19.8,São Paulo,2026-06-01T03:54:28.249626
2026-06-01T00:00,15.5,53,6.0,13.4,0,0.0,0.0,0.0,0.0,0.0,2,1014.7,951.4,56,41340.0,7.3,22.0,sofia,2026-06-01T03:54:30.809705
2026-06-01T01:00,14.9,53,5.4,12.8,0,0.0,0.0,0.0,0.0,0.0,2,1014.9,951.4,59,41600.0,6.7,22.0,sofia,2026-06-01T03:54:30.809705
2026-06-01T02:00,14.3,56,5.7,12.6,0,0.0,0.0,0.0,0.0,0.0,2,1014.4,950.8,74,41660.0,4.8,20.2,sofia,2026-06-01T03:54:30.809705
2026-06-01T03:00,13.7,58,5.6,12.1,0,0.0,0.0,0.0,0.0,0.0,1,1014.6,950.9,10,41600.0,3.6,14.4,sofia,2026-06-01T03:54:30.809705
2026-06-01T04:00,13.8,62,6.6,12.6,0,0.0,0.0,0.0,0.0,0.0,2,1014.7,951.0,65,39640.0,2.4,12.6,sofia,2026-06-01T03:54:30.809705
2026-06-01T05:00,15.4,67,9.3,15.1,0,0.0,0.0,0.0,0.0,0.0,3,1015.1,951.7,98,39280.0,0.5,10.4,sofia,2026-06-01T03:54:30.809705
2026-06-01T06:00,17.4,58,9.0,16.7,0,0.0,0.0,0.0,0.0,0.0,3,1015.0,952.0,100,39820.0,2.7,13.7,sofia,2026-06-01T03:54:30.809705
2026-06-01T07:00,19.5,50,8.8,18.6,0,0.0,0.0,0.0,0.0,0.0,3,1015.0,952.5,98,41060.0,3.6,15.8,sofia,2026-06-01T03:54:30.809705
2026-06-01T08:00,21.4,52,11.1,21.8,0,0.0,0.0,0.0,0.0,0.0,3,1014.5,952.4,98,40840.0,4.0,19.4,sofia,2026-06-01T03:54:30.809705
2026-06-01T09:00,23.4,48,11.8,24.6,0,0.0,0.0,0.0,0.0,0.0,3,1014.1,952.4,98,41600.0,4.1,20.5,sofia,2026-06-01T03:54:30.809705
2026-06-01T10:00,24.8,42,11.1,25.4,0,0.0,0.0,0.0,0.0,0.0,3,1013.3,952.0,63,42180.0,5.8,34.2,sofia,2026-06-01T03:54:30.809705
2026-06-01T11:00,26.0,35,9.4,25.7,5,0.0,0.0,0.0,0.0,0.0,2,1013.1,952.0,66,43900.0,10.2,31.7,sofia,2026-06-01T03:54:30.809705
2026-06-01T12:00,26.3,35,9.6,25.9,3,0.0,0.0,0.0,0.0,0.0,3,1012.4,951.4,87,44000.0,8.8,31.7,sofia,2026-06-01T03:54:30.809705
2026-06-01T13:00,25.1,39,10.2,24.0,8,0.3,0.3,0.0,0.0,0.0,2,1012.4,951.2,77,43680.0,8.4,27.7,sofia,2026-06-01T03:54:30.809705
2026-06-01T14:00,25.3,39,10.3,24.4,8,0.0,0.0,0.0,0.0,0.0,1,1011.8,950.6,27,44120.0,6.6,29.5,sofia,2026-06-01T03:54:30.809705
2026-06-01T15:00,25.1,50,13.9,25.4,5,0.0,0.0,0.0,0.0,0.0,2,1011.8,950.6,59,41020.0,6.3,21.6,sofia,2026-06-01T03:54:30.809705
2026-06-01T16:00,24.1,52,13.7,24.8,13,0.0,0.0,0.0,0.0,0.0,3,1012.3,950.9,98,41000.0,3.6,28.8,sofia,2026-06-01T03:54:30.809705
2026-06-01T17:00,23.1,57,14.2,23.5,15,0.0,0.0,0.0,0.0,0.0,3,1012.6,951.0,84,40220.0,7.0,33.8,sofia,2026-06-01T03:54:30.809705
2026-06-01T18:00,21.7,65,14.8,22.4,3,0.0,0.0,0.0,0.0,0.0,3,1013.0,951.0,89,39460.0,6.0,15.1,sofia,2026-06-01T03:54:30.809705
2026-06-01T19:00,20.4,70,14.8,21.9,3,0.0,0.0,0.0,0.0,0.0,3,1013.6,951.3,99,37820.0,1.1,21.6,sofia,2026-06-01T03:54:30.809705
2026-06-01T20:00,19.5,68,13.4,20.5,10,0.0,0.0,0.0,0.0,0.0,3,1014.3,951.8,100,38420.0,0.4,18.7,sofia,2026-06-01T03:54:30.809705
2026-06-01T21:00,18.8,70,13.2,19.5,8,0.0,0.0,0.0,0.0,0.0,3,1014.6,951.9,89,38440.0,2.3,18.0,sofia,2026-06-01T03:54:30.809705
2026-06-01T22:00,18.1,78,14.2,19.4,3,0.0,0.0,0.0,0.0,0.0,3,1014.8,952.0,100,33380.0,0.4,31.3,sofia,2026-06-01T03:54:30.809705
2026-06-01T23:00,17.6,81,14.3,18.6,3,0.0,0.0,0.0,0.0,0.0,3,1014.7,951.8,79,28080.0,2.5,27.7,sofia,2026-06-01T03:54:30.809705
2026-06-01T00:00,26.0,89,24.1,31.7,25,0.2,0.2,0.0,0.0,0.0,51,1009.8,1008.2,100,10200.0,3.8,9.0,phnom_penh,2026-06-01T03:54:33.349499
2026-06-01T01:00,26.6,86,24.1,32.5,24,0.0,0.0,0.0,0.0,0.0,3,1010.2,1008.6,100,20540.0,1.8,9.4,phnom_penh,2026-06-01T03:54:33.349499
2026-06-01T02:00,27.4,82,24.1,33.2,22,0.0,0.0,0.0,0.0,0.0,3,1010.6,1009.0,95,23660.0,2.8,9.0,phnom_penh,2026-06-01T03:54:33.349499
2026-06-01T03:00,28.8,76,24.1,34.0,20,0.0,0.0,0.0,0.0,0.0,3,1010.6,1009.0,99,26560.0,6.1,16.9,phnom_penh,2026-06-01T03:54:33.349499
2026-06-01T04:00,30.1,70,24.0,36.2,15,0.0,0.0,0.0,0.0,0.0,3,1010.1,1008.5,90,29640.0,4.8,19.4,phnom_penh,2026-06-01T03:54:33.349499
2026-06-01T05:00,31.4,65,24.1,38.6,8,0.0,0.0,0.0,0.0,0.0,3,1009.6,1008.0,100,29640.0,3.2,16.2,phnom_penh,2026-06-01T03:54:33.349499
2026-06-01T06:00,31.9,62,23.6,38.4,8,0.0,0.0,0.0,0.0,0.0,3,1008.6,1007.0,91,32500.0,2.9,15.5,phnom_penh,2026-06-01T03:54:33.349499
2026-06-01T07:00,32.7,59,23.5,39.6,19,0.0,0.0,0.0,0.0,0.0,2,1007.5,1005.9,76,32500.0,2.8,14.0,phnom_penh,2026-06-01T03:54:33.349499
2026-06-01T08:00,32.7,57,23.1,38.0,37,0.0,0.0,0.0,0.0,0.0,3,1006.6,1005.0,93,32500.0,3.8,13.3,phnom_penh,2026-06-01T03:54:33.349499
2026-06-01T09:00,30.2,69,24.0,34.6,49,0.2,0.1,0.1,0.0,0.0,51,1006.7,1005.1,92,5480.0,11.3,25.2,phnom_penh,2026-06-01T03:54:33.349499
2026-06-01T10:00,27.5,83,24.4,31.5,52,0.3,0.3,0.0,0.0,0.0,51,1007.1,1005.5,91,8700.0,16.0,37.4,phnom_penh,2026-06-01T03:54:33.349499
2026-06-01T11:00,27.0,86,24.5,32.0,50,0.1,0.1,0.0,0.0,0.0,51,1007.8,1006.2,100,13240.0,9.7,32.4,phnom_penh,2026-06-01T03:54:33.349499
2026-06-01T12:00,26.8,88,24.6,32.2,45,0.0,0.0,0.0,0.0,0.0,3,1007.9,1006.3,96,15340.0,7.1,20.9,phnom_penh,2026-06-01T03:54:33.349499
2026-06-01T13:00,26.6,90,24.9,32.2,35,0.0,0.0,0.0,0.0,0.0,3,1008.5,1006.9,93,17020.0,7.1,14.8,phnom_penh,2026-06-01T03:54:33.349499
2026-06-01T14:00,26.4,92,25.0,32.1,22,0.0,0.0,0.0,0.0,0.0,3,1009.0,1007.4,88,16840.0,6.7,15.1,phnom_penh,2026-06-01T03:54:33.349499
2026-06-01T15:00,26.5,92,25.1,32.3,12,0.0,0.0,0.0,0.0,0.0,2,1009.6,1008.0,73,17120.0,6.7,12.6,phnom_penh,2026-06-01T03:54:33.349499
2026-06-01T16:00,26.5,90,24.6,31.7,8,0.0,0.0,0.0,0.0,0.0,3,1009.9,1008.3,81,20220.0,8.9,18.0,phnom_penh,2026-06-01T03:54:33.349499
2026-06-01T17:00,26.1,90,24.3,31.5,6,0.0,0.0,0.0,0.0,0.0,3,1009.4,1007.8,100,20640.0,6.4,17.3,phnom_penh,2026-06-01T03:54:33.349499
2026-06-01T18:00,26.0,90,24.1,31.4,6,0.0,0.0,0.0,0.0,0.0,3,1008.6,1007.0,88,20880.0,5.1,13.0,phnom_penh,2026-06-01T03:54:33.349499
2026-06-01T19:00,25.7,90,24.0,31.1,6,0.0,0.0,0.0,0.0,0.0,3,1007.9,1006.3,88,19520.0,4.8,10.1,phnom_penh,2026-06-01T03:54:33.349499
2026-06-01T20:00,25.5,92,24.0,30.8,7,0.0,0.0,0.0,0.0,0.0,3,1007.6,1006.0,95,14660.0,5.5,10.4,phnom_penh,2026-06-01T03:54:33.349499
2026-06-01T21:00,25.4,92,24.0,30.8,8,0.0,0.0,0.0,0.0,0.0,3,1007.4,1005.8,98,15800.0,5.0,11.5,phnom_penh,2026-06-01T03:54:33.349499
2026-06-01T22:00,25.4,91,23.9,30.7,8,0.0,0.0,0.0,0.0,0.0,3,1007.7,1006.1,91,16740.0,4.6,11.5,phnom_penh,2026-06-01T03:54:33.349499
2026-06-01T23:00,25.5,91,24.0,30.9,8,0.0,0.0,0.0,0.0,0.0,3,1008.1,1006.5,94,20140.0,4.6,8.6,phnom_penh,2026-06-01T03:54:33.349499
2026-06-01T00:00,4.9,88,3.0,-0.7,84,0.4,0.4,0.0,0.0,0.0,51,1019.0,897.5,100,15400.0,27.1,60.8,calgary,2026-06-01T03:55:51.350452
2026-06-01T01:00,5.0,85,2.7,-0.6,81,0.4,0.4,0.0,0.0,0.0,51,1019.6,898.1,100,11900.0,27.0,64.4,calgary,2026-06-01T03:55:51.350452
2026-06-01T02:00,5.0,86,2.9,-0.2,64,1.1,1.1,0.0,0.0,0.0,55,1019.7,898.2,100,9100.0,24.2,63.7,calgary,2026-06-01T03:55:51.350452
2026-06-01T03:00,4.8,87,2.8,-0.1,54,1.1,1.1,0.0,0.0,0.0,55,1021.0,899.2,100,17300.0,22.4,62.6,calgary,2026-06-01T03:55:51.350452
2026-06-01T04:00,5.0,82,2.1,-0.5,51,0.4,0.4,0.0,0.0,0.0,51,1021.3,899.5,100,9100.0,25.1,68.4,calgary,2026-06-01T03:55:51.350452
2026-06-01T05:00,5.0,78,1.5,-0.7,48,0.4,0.4,0.0,0.0,0.0,51,1020.6,898.9,100,14900.0,26.1,68.0,calgary,2026-06-01T03:55:51.350452
2026-06-01T06:00,5.1,77,1.4,-1.0,46,0.0,0.0,0.0,0.0,0.0,3,1020.3,898.7,100,13200.0,28.9,74.5,calgary,2026-06-01T03:55:51.350452
2026-06-01T07:00,5.3,78,1.8,-1.1,44,0.0,0.0,0.0,0.0,0.0,3,1019.3,897.9,100,14800.0,31.6,79.2,calgary,2026-06-01T03:55:51.350452
2026-06-01T08:00,5.5,81,2.5,-1.1,49,0.4,0.4,0.0,0.0,0.0,51,1018.6,897.4,100,8400.0,33.8,81.4,calgary,2026-06-01T03:55:51.350452
2026-06-01T09:00,5.8,82,2.9,-0.8,46,0.4,0.4,0.0,0.0,0.0,51,1018.1,897.0,100,6400.0,34.0,79.9,calgary,2026-06-01T03:55:51.350452
2026-06-01T10:00,6.0,83,3.3,0.7,73,0.0,0.0,0.0,0.0,0.0,3,1017.8,896.9,100,11200.0,25.5,73.8,calgary,2026-06-01T03:55:51.350452
2026-06-01T11:00,6.2,85,3.8,-0.3,92,1.1,1.1,0.0,0.0,0.0,55,1017.5,896.7,100,4300.0,34.2,80.6,calgary,2026-06-01T03:55:51.350452
2026-06-01T12:00,6.4,86,4.2,-0.1,96,3.6,3.6,0.0,0.0,0.0,63,1017.5,896.8,100,2800.0,35.0,80.3,calgary,2026-06-01T03:55:51.350452
2026-06-01T13:00,6.7,86,4.5,0.2,96,1.4,1.4,0.0,0.0,0.0,61,1017.2,896.6,100,11300.0,35.1,85.0,calgary,2026-06-01T03:55:51.350452
2026-06-01T14:00,6.6,88,4.8,-0.7,98,4.3,4.3,0.0,0.0,0.0,63,1017.1,896.5,100,15700.0,41.2,93.6,calgary,2026-06-01T03:55:51.350452
2026-06-01T15:00,6.8,88,4.9,-0.4,86,0.7,0.7,0.0,0.0,0.0,53,1016.6,896.1,100,16000.0,40.7,92.9,calgary,2026-06-01T03:55:51.350452
2026-06-01T16:00,7.1,87,5.1,-0.3,89,0.4,0.4,0.0,0.0,0.0,51,1016.5,896.2,100,16100.0,42.5,94.3,calgary,2026-06-01T03:55:51.350452
2026-06-01T17:00,7.0,87,5.0,-0.4,87,0.7,0.7,0.0,0.0,0.0,53,1016.5,896.1,100,8700.0,42.2,91.8,calgary,2026-06-01T03:55:51.350452
2026-06-01T18:00,7.2,86,5.0,-0.2,76,0.4,0.4,0.0,0.0,0.0,51,1016.9,896.6,100,16100.0,41.9,91.1,calgary,2026-06-01T03:55:51.350452
2026-06-01T19:00,8.3,88,6.4,1.8,61,2.2,2.2,0.0,0.0,0.0,61,1017.6,897.6,100,15800.0,40.0,90.4,calgary,2026-06-01T03:55:51.350452
2026-06-01T20:00,7.4,87,5.4,0.6,55,2.2,2.2,0.0,0.0,0.0,61,1018.0,897.6,100,10300.0,39.3,84.2,calgary,2026-06-01T03:55:51.350452
2026-06-01T21:00,8.5,86,6.3,1.5,50,0.4,0.4,0.0,0.0,0.0,51,1016.8,897.0,100,15900.0,41.8,88.6,calgary,2026-06-01T03:55:51.350452
2026-06-01T22:00,8.4,87,6.3,2.2,53,2.2,2.2,0.0,0.0,0.0,61,1017.0,897.1,100,5800.0,35.7,82.4,calgary,2026-06-01T03:55:51.350452
2026-06-01T23:00,8.1,86,5.9,2.4,59,0.4,0.4,0.0,0.0,0.0,51,1017.3,897.3,100,12700.0,31.7,78.1,calgary,2026-06-01T03:55:51.350452
2026-06-01T00:00,7.7,89,6.0,2.7,100,1.6,1.6,0.0,0.0,0.0,61,1020.1,945.8,100,2840.0,27.6,54.0,edmonton,2026-06-01T03:56:29.139151
2026-06-01T01:00,7.8,90,6.2,2.8,100,1.9,1.9,0.0,0.0,0.0,61,1020.0,945.8,100,2640.0,27.5,54.7,edmonton,2026-06-01T03:56:29.139151
2026-06-01T02:00,8.1,89,6.4,3.4,99,2.1,2.1,0.0,0.0,0.0,61,1020.4,946.2,100,2700.0,25.7,54.0,edmonton,2026-06-01T03:56:29.139151
2026-06-01T03:00,8.1,90,6.6,3.7,98,1.5,1.5,0.0,0.0,0.0,61,1020.5,946.3,100,3500.0,24.6,50.4,edmonton,2026-06-01T03:56:29.139151
2026-06-01T04:00,8.4,90,6.8,4.1,96,0.9,0.9,0.0,0.0,0.0,53,1020.8,946.7,100,5020.0,24.2,48.2,edmonton,2026-06-01T03:56:29.139151
2026-06-01T05:00,8.8,89,7.0,4.5,93,0.3,0.3,0.0,0.0,0.0,51,1020.8,946.7,100,9640.0,23.7,47.9,edmonton,2026-06-01T03:56:29.139151
2026-06-01T06:00,9.0,87,7.0,4.9,90,0.1,0.1,0.0,0.0,0.0,51,1020.9,946.9,100,10000.0,22.8,47.5,edmonton,2026-06-01T03:56:29.139151
2026-06-01T07:00,9.2,87,7.2,5.2,88,0.2,0.2,0.0,0.0,0.0,51,1020.4,946.5,100,6120.0,22.9,47.5,edmonton,2026-06-01T03:56:29.139151
2026-06-01T08:00,9.4,88,7.6,5.6,86,0.4,0.4,0.0,0.0,0.0,51,1020.1,946.3,100,5360.0,22.4,47.9,edmonton,2026-06-01T03:56:29.139151
2026-06-01T09:00,9.5,91,8.1,5.7,86,0.8,0.8,0.0,0.0,0.0,53,1020.1,946.3,100,3100.0,22.9,46.8,edmonton,2026-06-01T03:56:29.139151
2026-06-01T10:00,9.4,92,8.1,5.4,90,1.7,1.7,0.0,0.0,0.0,61,1020.4,946.5,100,2700.0,23.4,46.4,edmonton,2026-06-01T03:56:29.139151
2026-06-01T11:00,9.4,93,8.2,5.5,96,2.0,1.9,0.1,0.0,0.0,61,1020.4,946.5,100,2420.0,23.3,47.5,edmonton,2026-06-01T03:56:29.139151
2026-06-01T12:00,9.4,93,8.4,5.6,100,2.8,2.3,0.5,0.0,0.0,63,1020.8,946.9,100,2120.0,23.7,46.8,edmonton,2026-06-01T03:56:29.139151
2026-06-01T13:00,9.4,94,8.4,5.4,100,3.0,2.3,0.7,0.0,0.0,63,1021.1,947.2,100,2240.0,24.3,47.5,edmonton,2026-06-01T03:56:29.139151
2026-06-01T14:00,9.2,95,8.4,5.6,100,3.3,2.2,1.1,0.0,0.0,63,1021.5,947.5,100,1860.0,22.0,46.4,edmonton,2026-06-01T03:56:29.139151
2026-06-01T15:00,9.1,94,8.1,5.2,100,4.5,3.0,1.5,0.0,0.0,63,1021.7,947.6,100,1780.0,23.4,46.8,edmonton,2026-06-01T03:56:29.139151
2026-06-01T16:00,8.9,95,8.1,5.4,100,4.2,4.2,0.0,0.0,0.0,63,1022.1,948.0,100,1980.0,20.8,46.4,edmonton,2026-06-01T03:56:29.139151
2026-06-01T17:00,9.0,92,7.8,4.6,100,1.7,1.7,0.0,0.0,0.0,61,1022.3,948.2,100,9080.0,26.1,52.9,edmonton,2026-06-01T03:56:29.139151
2026-06-01T18:00,9.1,92,7.8,4.8,100,0.9,0.9,0.0,0.0,0.0,53,1022.3,948.2,100,2760.0,26.1,52.9,edmonton,2026-06-01T03:56:29.139151
2026-06-01T19:00,9.4,93,8.3,5.4,100,2.1,2.1,0.0,0.0,0.0,61,1022.0,948.0,100,2360.0,24.3,52.6,edmonton,2026-06-01T03:56:29.139151
2026-06-01T20:00,9.3,93,8.3,5.5,100,2.2,2.2,0.0,0.0,0.0,61,1022.2,948.2,100,2840.0,23.2,48.2,edmonton,2026-06-01T03:56:29.139151
2026-06-01T21:00,9.4,93,8.4,5.6,100,1.2,1.2,0.0,0.0,0.0,55,1022.4,948.4,100,4540.0,23.3,46.1,edmonton,2026-06-01T03:56:29.139151
2026-06-01T22:00,9.8,91,8.4,6.3,98,0.8,0.7,0.1,0.0,0.0,53,1022.6,948.7,100,3520.0,21.2,48.2,edmonton,2026-06-01T03:56:29.139151
2026-06-01T23:00,10.2,91,8.8,6.7,94,0.8,0.7,0.1,0.0,0.0,53,1022.6,948.8,100,6780.0,22.0,47.9,edmonton,2026-06-01T03:56:29.139151
2026-06-01T00:00,12.5,80,9.1,11.1,35,0.0,0.0,0.0,0.0,0.0,3,1012.1,1008.6,99,19500.0,7.8,15.8,montreal,2026-06-01T03:56:31.718409
2026-06-01T01:00,11.3,86,9.0,10.1,15,0.0,0.0,0.0,0.0,0.0,3,1012.3,1008.8,99,16100.0,6.3,27.4,montreal,2026-06-01T03:56:31.718409
2026-06-01T02:00,10.9,88,8.9,9.7,8,0.0,0.0,0.0,0.0,0.0,3,1013.3,1009.8,91,14300.0,6.1,13.7,montreal,2026-06-01T03:56:31.718409
2026-06-01T03:00,10.0,89,8.2,8.7,4,0.0,0.0,0.0,0.0,0.0,1,1013.6,1010.1,23,14200.0,5.4,11.5,montreal,2026-06-01T03:56:31.718409
2026-06-01T04:00,9.5,91,8.1,8.0,3,0.0,0.0,0.0,0.0,0.0,0,1014.2,1010.7,10,13500.0,6.4,9.0,montreal,2026-06-01T03:56:31.718409
2026-06-01T05:00,9.0,92,7.8,7.5,1,0.0,0.0,0.0,0.0,0.0,0,1013.8,1010.2,4,12800.0,6.1,10.1,montreal,2026-06-01T03:56:31.718409
2026-06-01T06:00,8.7,93,7.6,7.0,1,0.0,0.0,0.0,0.0,0.0,0,1015.0,1011.4,0,12500.0,7.1,12.6,montreal,2026-06-01T03:56:31.718409
2026-06-01T07:00,8.2,93,7.1,6.5,1,0.0,0.0,0.0,0.0,0.0,0,1015.3,1011.7,0,12400.0,6.3,15.1,montreal,2026-06-01T03:56:31.718409
2026-06-01T08:00,7.8,93,6.7,6.0,1,0.0,0.0,0.0,0.0,0.0,0,1015.4,1011.8,6,12200.0,6.6,17.3,montreal,2026-06-01T03:56:31.718409
2026-06-01T09:00,7.5,94,6.6,5.7,1,0.0,0.0,0.0,0.0,0.0,0,1016.1,1012.5,16,12200.0,6.6,16.2,montreal,2026-06-01T03:56:31.718409
2026-06-01T10:00,7.9,96,7.3,6.4,1,0.0,0.0,0.0,0.0,0.0,1,1016.5,1012.9,23,12200.0,5.6,17.3,montreal,2026-06-01T03:56:31.718409
2026-06-01T11:00,9.6,93,8.5,8.0,1,0.0,0.0,0.0,0.0,0.0,0,1017.5,1013.9,15,13900.0,8.0,16.9,montreal,2026-06-01T03:56:31.718409
2026-06-01T12:00,11.3,87,9.2,9.7,0,0.0,0.0,0.0,0.0,0.0,0,1018.1,1014.6,5,16800.0,9.0,17.3,montreal,2026-06-01T03:56:31.718409
2026-06-01T13:00,13.0,80,9.6,11.5,0,0.0,0.0,0.0,0.0,0.0,0,1018.8,1015.3,5,19700.0,10.0,15.5,montreal,2026-06-01T03:56:31.718409
2026-06-01T14:00,14.4,75,10.0,13.8,0,0.0,0.0,0.0,0.0,0.0,0,1019.0,1015.5,5,21700.0,9.5,13.0,montreal,2026-06-01T03:56:31.718409
2026-06-01T15:00,15.7,68,9.8,16.1,0,0.0,0.0,0.0,0.0,0.0,0,1019.6,1016.1,3,25900.0,8.0,12.6,montreal,2026-06-01T03:56:31.718409
2026-06-01T16:00,16.9,58,8.5,17.6,0,0.0,0.0,0.0,0.0,0.0,0,1019.8,1016.3,3,30500.0,7.2,10.8,montreal,2026-06-01T03:56:31.718409
2026-06-01T17:00,17.9,49,7.0,18.4,1,0.0,0.0,0.0,0.0,0.0,0,1020.0,1016.5,9,40800.0,7.2,15.5,montreal,2026-06-01T03:56:31.718409
2026-06-01T18:00,18.6,44,6.1,18.8,1,0.0,0.0,0.0,0.0,0.0,0,1020.0,1016.5,10,49900.0,7.0,15.5,montreal,2026-06-01T03:56:31.718409
2026-06-01T19:00,19.4,35,3.5,18.7,2,0.0,0.0,0.0,0.0,0.0,0,1020.1,1016.7,1,57500.0,8.5,17.3,montreal,2026-06-01T03:56:31.718409
2026-06-01T20:00,19.9,32,2.7,18.2,2,0.0,0.0,0.0,0.0,0.0,0,1019.9,1016.5,8,58400.0,8.7,17.3,montreal,2026-06-01T03:56:31.718409
2026-06-01T21:00,19.8,37,4.7,17.3,9,0.0,0.0,0.0,0.0,0.0,3,1019.3,1015.9,100,54700.0,8.3,16.9,montreal,2026-06-01T03:56:31.718409
2026-06-01T22:00,19.7,39,5.4,17.6,5,0.0,0.0,0.0,0.0,0.0,1,1019.2,1015.8,22,52000.0,6.9,16.6,montreal,2026-06-01T03:56:31.718409
2026-06-01T23:00,19.3,41,5.7,17.3,4,0.0,0.0,0.0,0.0,0.0,0,1019.3,1015.9,9,49600.0,6.1,16.6,montreal,2026-06-01T03:56:31.718409
2026-06-01T00:00,17.3,40,3.6,12.9,4,0.0,0.0,0.0,0.0,0.0,0,1012.7,1004.0,0,48600.0,19.4,50.0,ottawa,2026-06-01T03:56:34.296998
2026-06-01T01:00,16.5,43,3.9,12.6,12,0.0,0.0,0.0,0.0,0.0,3,1013.4,1004.7,99,44800.0,16.6,44.6,ottawa,2026-06-01T03:56:34.296998
2026-06-01T02:00,15.7,44,3.5,12.8,4,0.0,0.0,0.0,0.0,0.0,3,1014.1,1005.4,99,40400.0,9.0,29.2,ottawa,2026-06-01T03:56:34.296998
2026-06-01T03:00,14.4,53,4.9,11.8,0,0.0,0.0,0.0,0.0,0.0,3,1013.9,1005.2,88,36300.0,9.4,26.6,ottawa,2026-06-01T03:56:34.296998
2026-06-01T04:00,12.5,60,4.9,10.6,0,0.0,0.0,0.0,0.0,0.0,2,1014.8,1006.0,53,30300.0,4.7,15.8,ottawa,2026-06-01T03:56:34.296998
2026-06-01T05:00,11.4,64,4.9,9.9,0,0.0,0.0,0.0,0.0,0.0,0,1014.5,1005.7,0,28800.0,2.2,16.6,ottawa,2026-06-01T03:56:34.296998
2026-06-01T06:00,10.6,67,4.8,8.6,0,0.0,0.0,0.0,0.0,0.0,0,1015.8,1006.9,0,27500.0,5.4,8.6,ottawa,2026-06-01T03:56:34.296998
2026-06-01T07:00,9.8,70,4.6,7.5,0,0.0,0.0,0.0,0.0,0.0,0,1016.1,1007.2,0,24700.0,7.0,10.8,ottawa,2026-06-01T03:56:34.296998
2026-06-01T08:00,9.1,73,4.5,6.9,0,0.0,0.0,0.0,0.0,0.0,0,1016.6,1007.7,0,22900.0,6.3,10.8,ottawa,2026-06-01T03:56:34.296998
2026-06-01T09:00,8.6,75,4.4,6.4,0,0.0,0.0,0.0,0.0,0.0,0,1016.6,1007.6,0,21600.0,5.5,9.7,ottawa,2026-06-01T03:56:34.296998
2026-06-01T10:00,8.6,77,4.8,6.6,0,0.0,0.0,0.0,0.0,0.0,0,1017.0,1008.0,0,20100.0,5.4,10.8,ottawa,2026-06-01T03:56:34.296998
2026-06-01T11:00,10.8,72,6.0,8.5,0,0.0,0.0,0.0,0.0,0.0,0,1018.0,1009.1,0,22100.0,9.2,22.3,ottawa,2026-06-01T03:56:34.296998
2026-06-01T12:00,13.0,67,7.0,10.9,0,0.0,0.0,0.0,0.0,0.0,0,1018.7,1009.9,2,23800.0,8.9,15.5,ottawa,2026-06-01T03:56:34.296998
2026-06-01T13:00,14.6,62,7.4,12.6,0,0.0,0.0,0.0,0.0,0.0,0,1019.5,1010.7,2,27500.0,9.5,15.8,ottawa,2026-06-01T03:56:34.296998
2026-06-01T14:00,16.1,57,7.6,14.7,0,0.0,0.0,0.0,0.0,0.0,0,1019.6,1010.9,10,30600.0,9.7,17.6,ottawa,2026-06-01T03:56:34.296998
2026-06-01T15:00,17.5,50,7.0,16.9,0,0.0,0.0,0.0,0.0,0.0,0,1020.0,1011.3,17,38100.0,9.6,17.3,ottawa,2026-06-01T03:56:34.296998
2026-06-01T16:00,18.8,45,6.6,18.7,0,0.0,0.0,0.0,0.0,0.0,0,1020.1,1011.4,19,46400.0,9.4,17.3,ottawa,2026-06-01T03:56:34.296998
2026-06-01T17:00,19.7,40,5.7,19.2,0,0.0,0.0,0.0,0.0,0.0,1,1020.2,1011.6,25,52200.0,10.0,14.8,ottawa,2026-06-01T03:56:34.296998
2026-06-01T18:00,20.1,37,5.0,18.8,0,0.0,0.0,0.0,0.0,0.0,1,1020.2,1011.6,24,57200.0,8.4,15.5,ottawa,2026-06-01T03:56:34.296998
2026-06-01T19:00,20.7,34,4.3,19.4,1,0.0,0.0,0.0,0.0,0.0,0,1020.5,1011.9,17,61700.0,8.3,18.7,ottawa,2026-06-01T03:56:34.296998
2026-06-01T20:00,21.1,32,3.7,19.8,2,0.0,0.0,0.0,0.0,0.0,1,1020.4,1011.8,27,63500.0,7.3,15.8,ottawa,2026-06-01T03:56:34.296998
2026-06-01T21:00,20.9,31,3.1,18.2,2,0.0,0.0,0.0,0.0,0.0,3,1020.1,1011.5,100,62600.0,7.7,12.2,ottawa,2026-06-01T03:56:34.296998
2026-06-01T22:00,20.4,32,3.2,17.9,3,0.0,0.0,0.0,0.0,0.0,2,1020.1,1011.5,74,61400.0,6.8,13.0,ottawa,2026-06-01T03:56:34.296998
2026-06-01T23:00,20.3,32,3.1,18.4,8,0.0,0.0,0.0,0.0,0.0,0,1020.1,1011.5,3,61800.0,2.6,11.2,ottawa,2026-06-01T03:56:34.296998
2026-06-01T00:00,12.4,69,6.9,10.5,5,0.0,0.0,0.0,0.0,0.0,0,1012.6,1006.4,0,25500.0,8.2,18.4,quebec_city,2026-06-01T03:57:52.289627
2026-06-01T01:00,10.0,81,6.9,8.9,1,0.0,0.0,0.0,0.0,0.0,0,1013.4,1007.2,0,18400.0,2.3,6.1,quebec_city,2026-06-01T03:57:52.289627
2026-06-01T02:00,8.9,84,6.4,7.0,0,0.0,0.0,0.0,0.0,0.0,0,1014.3,1008.1,0,17500.0,7.4,6.8,quebec_city,2026-06-01T03:57:52.289627
2026-06-01T03:00,8.4,81,5.4,6.6,0,0.0,0.0,0.0,0.0,0.0,0,1014.0,1007.7,0,16700.0,4.6,6.8,quebec_city,2026-06-01T03:57:52.289627
2026-06-01T04:00,7.7,82,4.8,5.5,0,0.0,0.0,0.0,0.0,0.0,0,1014.9,1008.6,2,14100.0,6.6,7.6,quebec_city,2026-06-01T03:57:52.289627
2026-06-01T05:00,7.3,84,4.8,5.2,0,0.0,0.0,0.0,0.0,0.0,0,1015.1,1008.8,6,14500.0,6.2,6.8,quebec_city,2026-06-01T03:57:52.289627
2026-06-01T06:00,6.9,83,4.3,4.5,0,0.0,0.0,0.0,0.0,0.0,0,1015.4,1009.1,3,15300.0,7.2,10.4,quebec_city,2026-06-01T03:57:52.289627
2026-06-01T07:00,6.5,82,3.6,4.0,0,0.0,0.0,0.0,0.0,0.0,0,1015.9,1009.6,2,14500.0,6.6,11.5,quebec_city,2026-06-01T03:57:52.289627
2026-06-01T08:00,6.1,81,3.1,3.5,1,0.0,0.0,0.0,0.0,0.0,0,1016.3,1010.0,9,15500.0,6.9,13.3,quebec_city,2026-06-01T03:57:52.289627
2026-06-01T09:00,5.9,79,2.5,3.2,1,0.0,0.0,0.0,0.0,0.0,1,1016.7,1010.4,24,15700.0,6.6,11.2,quebec_city,2026-06-01T03:57:52.289627
2026-06-01T10:00,6.4,83,3.7,4.5,1,0.0,0.0,0.0,0.0,0.0,0,1017.0,1010.7,5,16100.0,2.5,6.5,quebec_city,2026-06-01T03:57:52.289627
2026-06-01T11:00,8.7,86,6.5,7.6,1,0.0,0.0,0.0,0.0,0.0,0,1017.5,1011.2,2,16300.0,1.1,3.6,quebec_city,2026-06-01T03:57:52.289627
2026-06-01T12:00,11.1,80,7.8,10.1,1,0.0,0.0,0.0,0.0,0.0,0,1018.4,1012.2,2,20700.0,3.1,10.4,quebec_city,2026-06-01T03:57:52.289627
2026-06-01T13:00,12.9,70,7.6,12.0,1,0.0,0.0,0.0,0.0,0.0,0,1018.8,1012.6,3,26500.0,2.1,6.8,quebec_city,2026-06-01T03:57:52.289627
2026-06-01T14:00,14.5,63,7.6,14.7,1,0.0,0.0,0.0,0.0,0.0,0,1018.8,1012.7,10,30800.0,1.8,3.6,quebec_city,2026-06-01T03:57:52.289627
2026-06-01T15:00,16.1,53,6.6,16.1,2,0.0,0.0,0.0,0.0,0.0,0,1018.7,1012.6,8,38300.0,6.3,11.2,quebec_city,2026-06-01T03:57:52.289627
2026-06-01T16:00,18.1,44,5.7,17.9,6,0.0,0.0,0.0,0.0,0.0,1,1018.7,1012.6,22,44300.0,9.0,15.5,quebec_city,2026-06-01T03:57:52.289627
2026-06-01T17:00,18.6,38,4.0,15.8,11,0.0,0.0,0.0,0.0,0.0,3,1018.6,1012.5,100,49800.0,9.1,17.3,quebec_city,2026-06-01T03:57:52.289627
2026-06-01T18:00,18.0,41,4.5,15.0,20,0.0,0.0,0.0,0.0,0.0,3,1018.7,1012.6,100,50200.0,11.9,15.5,quebec_city,2026-06-01T03:57:52.289627
2026-06-01T19:00,18.5,42,5.3,16.1,28,0.4,0.4,0.0,0.0,0.0,51,1018.8,1012.7,97,6300.0,8.9,12.2,quebec_city,2026-06-01T03:57:52.289627
2026-06-01T20:00,13.3,73,8.6,10.1,26,1.1,1.1,0.0,0.0,0.0,55,1019.2,1013.0,94,26800.0,19.2,13.0,quebec_city,2026-06-01T03:57:52.289627
2026-06-01T21:00,17.0,57,8.4,14.2,18,0.0,0.0,0.0,0.0,0.0,2,1018.2,1012.1,69,32700.0,16.2,23.4,quebec_city,2026-06-01T03:57:52.289627
2026-06-01T22:00,17.1,55,8.0,15.6,17,0.0,0.0,0.0,0.0,0.0,3,1018.0,1011.9,100,34100.0,6.6,11.2,quebec_city,2026-06-01T03:57:52.289627
2026-06-01T23:00,16.2,64,9.4,14.3,17,0.0,0.0,0.0,0.0,0.0,1,1018.4,1012.3,27,27600.0,11.8,17.3,quebec_city,2026-06-01T03:57:52.289627
2026-06-01T00:00,22.1,27,2.2,18.2,0,0.0,0.0,0.0,0.0,0.0,0,1012.8,994.4,0,68400.0,14.5,26.6,toronto,2026-06-01T03:58:30.112254
2026-06-01T01:00,20.2,31,2.5,17.2,0,0.0,0.0,0.0,0.0,0.0,0,1013.4,994.8,0,62300.0,9.4,32.4,toronto,2026-06-01T03:58:30.112254
2026-06-01T02:00,18.8,35,3.0,15.2,0,0.0,0.0,0.0,0.0,0.0,0,1014.3,995.6,0,55600.0,13.1,23.4,toronto,2026-06-01T03:58:30.112254
2026-06-01T03:00,16.9,38,2.5,13.6,0,0.0,0.0,0.0,0.0,0.0,0,1014.1,995.3,0,51600.0,10.7,22.0,toronto,2026-06-01T03:58:30.112254
2026-06-01T04:00,15.6,41,2.4,12.3,0,0.0,0.0,0.0,0.0,0.0,0,1014.7,995.8,0,47700.0,10.6,27.4,toronto,2026-06-01T03:58:30.112254
2026-06-01T05:00,14.4,47,3.2,11.0,1,0.0,0.0,0.0,0.0,0.0,0,1015.4,996.4,0,40800.0,12.5,20.5,toronto,2026-06-01T03:58:30.112254
2026-06-01T06:00,13.4,53,4.0,10.3,0,0.0,0.0,0.0,0.0,0.0,0,1016.1,997.1,0,35200.0,11.9,20.2,toronto,2026-06-01T03:58:30.112254
2026-06-01T07:00,12.5,61,5.1,9.5,0,0.0,0.0,0.0,0.0,0.0,0,1016.5,997.4,0,29200.0,12.3,19.4,toronto,2026-06-01T03:58:30.112254
2026-06-01T08:00,11.6,68,5.9,9.1,0,0.0,0.0,0.0,0.0,0.0,0,1016.2,997.0,0,24100.0,10.1,17.3,toronto,2026-06-01T03:58:30.112254
2026-06-01T09:00,10.8,68,5.1,8.5,0,0.0,0.0,0.0,0.0,0.0,0,1016.4,997.2,0,24600.0,7.6,14.0,toronto,2026-06-01T03:58:30.112254
2026-06-01T10:00,10.3,68,4.6,7.8,0,0.0,0.0,0.0,0.0,0.0,0,1016.8,997.5,0,24600.0,8.3,14.4,toronto,2026-06-01T03:58:30.112254
2026-06-01T11:00,12.2,62,5.1,10.0,0,0.0,0.0,0.0,0.0,0.0,0,1017.7,998.5,0,28800.0,6.6,14.0,toronto,2026-06-01T03:58:30.112254
2026-06-01T12:00,14.7,53,5.2,12.0,0,0.0,0.0,0.0,0.0,0.0,0,1018.7,999.7,0,36700.0,10.3,21.6,toronto,2026-06-01T03:58:30.112254
2026-06-01T13:00,16.5,48,5.5,13.6,0,0.0,0.0,0.0,0.0,0.0,0,1018.7,999.8,0,40800.0,12.5,17.6,toronto,2026-06-01T03:58:30.112254
2026-06-01T14:00,18.0,44,5.5,15.9,0,0.0,0.0,0.0,0.0,0.0,0,1018.9,1000.1,0,45000.0,10.5,16.6,toronto,2026-06-01T03:58:30.112254
2026-06-01T15:00,19.6,37,4.5,17.8,0,0.0,0.0,0.0,0.0,0.0,0,1019.5,1000.8,0,53600.0,12.6,17.3,toronto,2026-06-01T03:58:30.112254
2026-06-01T16:00,20.5,32,3.2,19.1,0,0.0,0.0,0.0,0.0,0.0,0,1019.5,1000.8,0,60700.0,12.5,18.0,toronto,2026-06-01T03:58:30.112254
2026-06-01T17:00,21.3,32,3.9,21.6,0,0.0,0.0,0.0,0.0,0.0,0,1019.4,1000.8,0,60400.0,5.9,13.7,toronto,2026-06-01T03:58:30.112254
2026-06-01T18:00,20.3,41,6.6,19.6,0,0.0,0.0,0.0,0.0,0.0,0,1019.7,1001.0,2,47000.0,14.5,18.0,toronto,2026-06-01T03:58:30.112254
2026-06-01T19:00,19.5,42,6.2,18.5,0,0.0,0.0,0.0,0.0,0.0,0,1020.1,1001.4,1,45700.0,14.5,18.0,toronto,2026-06-01T03:58:30.112254
2026-06-01T20:00,19.5,40,5.5,17.7,0,0.0,0.0,0.0,0.0,0.0,0,1020.4,1001.7,1,48600.0,15.3,17.3,toronto,2026-06-01T03:58:30.112254
2026-06-01T21:00,19.4,41,5.8,17.5,0,0.0,0.0,0.0,0.0,0.0,0,1020.3,1001.6,1,47500.0,11.7,13.7,toronto,2026-06-01T03:58:30.112254
2026-06-01T22:00,19.0,41,5.4,16.2,0,0.0,0.0,0.0,0.0,0.0,0,1020.7,1001.9,3,47500.0,11.2,13.0,toronto,2026-06-01T03:58:30.112254
2026-06-01T23:00,18.3,41,4.8,15.7,0,0.0,0.0,0.0,0.0,0.0,0,1021.2,1002.4,2,46800.0,9.6,11.9,toronto,2026-06-01T03:58:30.112254
2026-06-01T00:00,20.6,38,5.8,18.1,0,0.0,0.0,0.0,0.0,0.0,0,1024.3,1015.9,0,51900.0,14.5,24.8,vancouver,2026-06-01T03:58:32.678163
2026-06-01T01:00,20.6,38,5.8,17.2,0,0.0,0.0,0.0,0.0,0.0,0,1023.8,1015.4,0,52600.0,16.7,31.3,vancouver,2026-06-01T03:58:32.678163
2026-06-01T02:00,19.4,44,6.8,16.3,0,0.0,0.0,0.0,0.0,0.0,0,1023.4,1015.0,0,45200.0,16.0,33.1,vancouver,2026-06-01T03:58:32.678163
2026-06-01T03:00,18.2,46,6.4,14.7,0,0.0,0.0,0.0,0.0,0.0,0,1022.4,1013.9,0,42600.0,17.4,39.2,vancouver,2026-06-01T03:58:32.678163
2026-06-01T04:00,16.9,49,6.1,13.6,0,0.0,0.0,0.0,0.0,0.0,0,1022.7,1014.2,0,38900.0,15.6,32.8,vancouver,2026-06-01T03:58:32.678163
2026-06-01T05:00,15.6,55,6.6,14.2,0,0.0,0.0,0.0,0.0,0.0,0,1023.1,1014.5,0,33900.0,3.8,8.3,vancouver,2026-06-01T03:58:32.678163
2026-06-01T06:00,14.3,62,7.1,12.8,0,0.0,0.0,0.0,0.0,0.0,0,1023.4,1014.8,0,28700.0,5.2,15.5,vancouver,2026-06-01T03:58:32.678163
2026-06-01T07:00,13.2,64,6.6,11.5,0,0.0,0.0,0.0,0.0,0.0,0,1023.8,1015.2,0,26900.0,6.0,13.3,vancouver,2026-06-01T03:58:32.678163
2026-06-01T08:00,12.6,61,5.3,10.8,0,0.0,0.0,0.0,0.0,0.0,0,1023.7,1015.1,0,29200.0,4.7,8.6,vancouver,2026-06-01T03:58:32.678163
2026-06-01T09:00,12.3,58,4.3,10.1,0,0.0,0.0,0.0,0.0,0.0,0,1023.7,1015.0,0,31800.0,5.4,4.3,vancouver,2026-06-01T03:58:32.678163
2026-06-01T10:00,11.6,72,6.8,9.8,0,0.0,0.0,0.0,0.0,0.0,0,1024.0,1015.3,0,22000.0,6.9,9.4,vancouver,2026-06-01T03:58:32.678163
2026-06-01T11:00,11.4,82,8.4,9.6,0,0.0,0.0,0.0,0.0,0.0,0,1024.4,1015.7,0,17000.0,9.4,16.2,vancouver,2026-06-01T03:58:32.678163
2026-06-01T12:00,11.3,84,8.7,9.6,0,0.0,0.0,0.0,0.0,0.0,0,1024.4,1015.7,0,16300.0,9.3,21.2,vancouver,2026-06-01T03:58:32.678163
2026-06-01T13:00,11.6,83,8.9,10.1,0,0.0,0.0,0.0,0.0,0.0,0,1024.5,1015.8,3,16900.0,8.7,22.3,vancouver,2026-06-01T03:58:32.678163
2026-06-01T14:00,13.8,78,10.0,12.7,0,0.0,0.0,0.0,0.0,0.0,0,1024.5,1015.9,19,19700.0,7.9,19.1,vancouver,2026-06-01T03:58:32.678163
2026-06-01T15:00,15.6,69,10.0,14.3,0,0.0,0.0,0.0,0.0,0.0,2,1024.0,1015.4,52,24600.0,9.4,14.0,vancouver,2026-06-01T03:58:32.678163
2026-06-01T16:00,17.2,65,10.6,15.9,0,0.0,0.0,0.0,0.0,0.0,3,1023.6,1015.1,97,27000.0,10.1,13.7,vancouver,2026-06-01T03:58:32.678163
2026-06-01T17:00,18.5,54,9.1,17.2,0,0.0,0.0,0.0,0.0,0.0,3,1023.4,1014.9,94,34800.0,10.9,13.0,vancouver,2026-06-01T03:58:32.678163
2026-06-01T18:00,19.6,51,9.2,19.0,0,0.0,0.0,0.0,0.0,0.0,1,1022.9,1014.5,39,37200.0,11.6,13.3,vancouver,2026-06-01T03:58:32.678163
2026-06-01T19:00,20.8,46,8.8,20.2,0,0.0,0.0,0.0,0.0,0.0,3,1022.4,1014.0,85,42400.0,13.7,16.9,vancouver,2026-06-01T03:58:32.678163
2026-06-01T20:00,21.9,39,7.4,20.9,0,0.0,0.0,0.0,0.0,0.0,3,1021.9,1013.5,93,50800.0,15.6,20.9,vancouver,2026-06-01T03:58:32.678163
2026-06-01T21:00,22.7,36,6.9,21.3,0,0.0,0.0,0.0,0.0,0.0,3,1021.2,1012.9,100,54800.0,17.6,25.2,vancouver,2026-06-01T03:58:32.678163
2026-06-01T22:00,23.1,35,6.8,20.8,0,0.0,0.0,0.0,0.0,0.0,3,1020.7,1012.4,100,56100.0,19.9,29.9,vancouver,2026-06-01T03:58:32.678163
2026-06-01T23:00,23.3,33,6.2,20.3,0,0.0,0.0,0.0,0.0,0.0,3,1020.2,1011.9,100,59800.0,21.3,33.1,vancouver,2026-06-01T03:58:32.678163
2026-06-01T00:00,10.4,92,9.2,9.9,0,0.0,0.0,0.0,0.0,0.0,3,1018.0,950.9,97,1340.0,2.2,6.1,santiago,2026-06-01T03:58:35.241521
2026-06-01T01:00,9.6,96,9.0,9.3,0,0.0,0.0,0.0,0.0,0.0,3,1017.9,950.6,99,1380.0,0.9,5.8,santiago,2026-06-01T03:58:35.241521
2026-06-01T02:00,9.1,98,8.8,8.7,0,0.0,0.0,0.0,0.0,0.0,3,1017.7,950.3,100,1340.0,1.1,4.7,santiago,2026-06-01T03:58:35.241521
2026-06-01T03:00,8.9,100,8.8,8.0,0,0.0,0.0,0.0,0.0,0.0,3,1018.2,950.7,100,500.0,3.4,8.6,santiago,2026-06-01T03:58:35.241521
2026-06-01T04:00,8.8,100,8.7,7.6,0,0.0,0.0,0.0,0.0,0.0,3,1018.8,951.2,100,100.0,5.4,13.3,santiago,2026-06-01T03:58:35.241521
2026-06-01T05:00,8.2,100,8.2,6.8,0,0.0,0.0,0.0,0.0,0.0,3,1019.4,951.7,100,80.0,6.7,18.4,santiago,2026-06-01T03:58:35.241521
2026-06-01T06:00,8.4,99,8.2,7.2,0,0.0,0.0,0.0,0.0,0.0,3,1019.5,951.8,100,140.0,5.1,16.9,santiago,2026-06-01T03:58:35.241521
2026-06-01T07:00,8.5,98,8.2,7.6,0,0.0,0.0,0.0,0.0,0.0,3,1019.0,951.4,100,120.0,3.1,12.2,santiago,2026-06-01T03:58:35.241521
2026-06-01T08:00,8.4,95,7.8,7.5,0,0.0,0.0,0.0,0.0,0.0,3,1018.5,950.9,100,80.0,2.8,10.8,santiago,2026-06-01T03:58:35.241521
2026-06-01T09:00,8.5,94,7.6,7.4,0,0.0,0.0,0.0,0.0,0.0,3,1018.1,950.5,100,80.0,3.0,10.4,santiago,2026-06-01T03:58:35.241521
2026-06-01T10:00,8.5,94,7.6,7.3,0,0.0,0.0,0.0,0.0,0.0,3,1017.8,950.2,100,100.0,3.6,10.1,santiago,2026-06-01T03:58:35.241521
2026-06-01T11:00,8.9,90,7.4,7.8,0,0.0,0.0,0.0,0.0,0.0,3,1017.1,949.7,100,100.0,3.3,9.4,santiago,2026-06-01T03:58:35.241521
2026-06-01T12:00,9.0,89,7.3,7.9,0,0.0,0.0,0.0,0.0,0.0,3,1016.8,949.4,100,120.0,2.9,7.6,santiago,2026-06-01T03:58:35.241521
2026-06-01T13:00,9.9,85,7.6,9.1,0,0.0,0.0,0.0,0.0,0.0,3,1017.0,949.8,100,140.0,1.5,5.8,santiago,2026-06-01T03:58:35.241521
2026-06-01T14:00,10.8,86,8.6,10.2,0,0.0,0.0,0.0,0.0,0.0,3,1017.3,950.3,100,140.0,1.8,9.4,santiago,2026-06-01T03:58:35.241521
2026-06-01T15:00,11.6,84,9.1,11.1,0,0.0,0.0,0.0,0.0,0.0,3,1016.9,950.1,100,160.0,1.9,11.9,santiago,2026-06-01T03:58:35.241521
2026-06-01T16:00,12.9,78,9.2,12.3,0,0.0,0.0,0.0,0.0,0.0,3,1016.5,950.0,100,240.0,2.4,13.3,santiago,2026-06-01T03:58:35.241521
2026-06-01T17:00,14.6,69,9.0,14.0,0,0.0,0.0,0.0,0.0,0.0,3,1015.8,949.8,100,400.0,2.3,14.4,santiago,2026-06-01T03:58:35.241521
2026-06-01T18:00,15.7,62,8.4,14.9,0,0.0,0.0,0.0,0.0,0.0,3,1015.2,949.4,100,540.0,2.9,16.2,santiago,2026-06-01T03:58:35.241521
2026-06-01T19:00,15.7,61,8.2,14.8,0,0.0,0.0,0.0,0.0,0.0,3,1014.6,948.9,100,620.0,2.8,14.8,santiago,2026-06-01T03:58:35.241521
2026-06-01T20:00,15.7,61,8.2,14.9,0,0.0,0.0,0.0,0.0,0.0,3,1014.6,948.9,100,700.0,2.3,13.0,santiago,2026-06-01T03:58:35.241521
2026-06-01T21:00,14.9,65,8.4,14.2,0,0.0,0.0,0.0,0.0,0.0,3,1015.0,949.1,99,820.0,1.9,10.8,santiago,2026-06-01T03:58:35.241521
2026-06-01T22:00,13.3,71,8.1,12.3,0,0.0,0.0,0.0,0.0,0.0,3,1015.2,948.9,100,1020.0,3.2,7.2,santiago,2026-06-01T03:58:35.241521
2026-06-01T23:00,12.8,76,8.6,12.3,0,0.0,0.0,0.0,0.0,0.0,3,1015.9,949.4,100,1180.0,0.7,7.2,santiago,2026-06-01T03:58:35.241521
2026-06-01T00:00,27.6,29,8.0,27.1,0,0.0,0.0,0.0,0.0,0.0,0,1008.3,1002.9,0,16000.0,0.4,7.9,beijing,2026-06-01T03:59:53.183459
2026-06-01T01:00,29.2,27,8.4,28.7,0,0.0,0.0,0.0,0.0,0.0,0,1008.2,1002.9,0,16000.0,0.7,10.1,beijing,2026-06-01T03:59:53.183459
2026-06-01T02:00,30.8,27,9.8,31.3,0,0.0,0.0,0.0,0.0,0.0,0,1007.6,1002.3,0,16000.0,3.2,15.8,beijing,2026-06-01T03:59:53.183459
2026-06-01T03:00,32.6,27,11.2,33.8,0,0.0,0.0,0.0,0.0,0.0,0,1007.0,1001.7,0,16000.0,6.0,22.0,beijing,2026-06-01T03:59:53.183459
2026-06-01T04:00,34.3,22,9.7,34.5,0,0.0,0.0,0.0,0.0,0.0,0,1005.8,1000.6,0,16000.0,11.6,33.5,beijing,2026-06-01T03:59:53.183459
2026-06-01T05:00,35.2,20,8.8,34.7,0,0.0,0.0,0.0,0.0,0.0,0,1004.8,999.6,4,15980.0,14.4,40.3,beijing,2026-06-01T03:59:53.183459
2026-06-01T06:00,36.0,17,6.7,34.4,0,0.0,0.0,0.0,0.0,0.0,0,1004.1,998.9,12,16000.0,15.9,42.8,beijing,2026-06-01T03:59:53.183459
2026-06-01T07:00,36.0,17,7.2,33.8,0,0.0,0.0,0.0,0.0,0.0,0,1003.5,998.3,2,16000.0,17.4,45.4,beijing,2026-06-01T03:59:53.183459
2026-06-01T08:00,35.8,18,7.7,32.9,0,0.0,0.0,0.0,0.0,0.0,0,1002.6,997.4,5,16000.0,17.9,46.1,beijing,2026-06-01T03:59:53.183459
2026-06-01T09:00,35.3,20,8.9,32.2,0,0.0,0.0,0.0,0.0,0.0,0,1001.9,996.7,2,15980.0,19.1,47.2,beijing,2026-06-01T03:59:53.183459
2026-06-01T10:00,34.4,25,11.4,31.9,0,0.0,0.0,0.0,0.0,0.0,0,1001.6,996.4,3,15980.0,19.8,48.2,beijing,2026-06-01T03:59:53.183459
2026-06-01T11:00,33.0,31,13.6,31.5,0,0.0,0.0,0.0,0.0,0.0,0,1001.9,996.7,0,15980.0,18.3,47.5,beijing,2026-06-01T03:59:53.183459
2026-06-01T12:00,31.5,38,15.4,30.9,0,0.0,0.0,0.0,0.0,0.0,0,1002.2,996.9,0,15960.0,16.5,42.8,beijing,2026-06-01T03:59:53.183459
2026-06-01T13:00,30.4,44,16.7,30.3,0,0.0,0.0,0.0,0.0,0.0,0,1002.5,997.2,0,14260.0,16.2,39.6,beijing,2026-06-01T03:59:53.183459
2026-06-01T14:00,29.6,48,17.4,29.7,0,0.0,0.0,0.0,0.0,0.0,0,1002.6,997.3,0,14260.0,17.1,40.7,beijing,2026-06-01T03:59:53.183459
2026-06-01T15:00,29.2,48,17.0,29.1,0,0.0,0.0,0.0,0.0,0.0,0,1002.3,997.0,0,14260.0,17.4,42.1,beijing,2026-06-01T03:59:53.183459
2026-06-01T16:00,28.8,46,16.2,28.8,0,0.0,0.0,0.0,0.0,0.0,0,1001.9,996.6,0,14240.0,14.9,41.4,beijing,2026-06-01T03:59:53.183459
2026-06-01T17:00,27.6,50,16.3,28.3,0,0.0,0.0,0.0,0.0,0.0,0,1001.6,996.3,0,14240.0,10.0,34.9,beijing,2026-06-01T03:59:53.183459
2026-06-01T18:00,26.4,56,17.0,27.6,0,0.0,0.0,0.0,0.0,0.0,0,1001.4,996.0,0,12260.0,8.6,23.4,beijing,2026-06-01T03:59:53.183459
2026-06-01T19:00,25.4,61,17.5,27.2,0,0.0,0.0,0.0,0.0,0.0,0,1001.4,996.0,0,11100.0,5.9,19.8,beijing,2026-06-01T03:59:53.183459
2026-06-01T20:00,24.6,64,17.4,26.7,0,0.0,0.0,0.0,0.0,0.0,0,1001.5,996.1,0,11100.0,3.6,12.6,beijing,2026-06-01T03:59:53.183459
2026-06-01T21:00,24.1,64,17.0,26.3,0,0.0,0.0,0.0,0.0,0.0,0,1001.6,996.2,0,11100.0,2.5,7.2,beijing,2026-06-01T03:59:53.183459
2026-06-01T22:00,24.5,61,16.4,26.3,0,0.0,0.0,0.0,0.0,0.0,0,1001.8,996.4,0,11100.0,2.3,6.8,beijing,2026-06-01T03:59:53.183459
2026-06-01T23:00,24.9,58,16.0,26.3,0,0.0,0.0,0.0,0.0,0.0,0,1002.1,996.7,0,12240.0,4.4,14.4,beijing,2026-06-01T03:59:53.183459
2026-06-01T00:00,21.1,93,19.9,23.9,100,2.1,0.8,1.3,0.0,0.0,61,1011.9,984.5,98,2320.0,6.7,17.3,chongqing,2026-06-01T03:59:55.750071
2026-06-01T01:00,21.4,92,20.0,24.3,100,0.9,0.8,0.1,0.0,0.0,53,1012.4,985.0,100,3140.0,6.8,16.9,chongqing,2026-06-01T03:59:55.750071
2026-06-01T02:00,21.8,89,19.9,24.7,100,0.5,0.5,0.0,0.0,0.0,53,1012.7,985.3,100,2920.0,5.6,17.3,chongqing,2026-06-01T03:59:55.750071
2026-06-01T03:00,22.0,89,20.1,25.1,96,0.4,0.4,0.0,0.0,0.0,51,1013.0,985.7,100,4200.0,5.7,16.2,chongqing,2026-06-01T03:59:55.750071
2026-06-01T04:00,22.5,86,20.0,25.8,88,0.2,0.2,0.0,0.0,0.0,51,1012.8,985.5,100,4980.0,4.0,15.8,chongqing,2026-06-01T03:59:55.750071
2026-06-01T05:00,23.4,81,19.9,26.4,76,0.1,0.1,0.0,0.0,0.0,51,1012.2,985.0,99,9800.0,4.8,15.1,chongqing,2026-06-01T03:59:55.750071
2026-06-01T06:00,24.6,75,20.0,28.2,61,0.0,0.0,0.0,0.0,0.0,3,1011.2,984.1,98,9800.0,1.9,15.8,chongqing,2026-06-01T03:59:55.750071
2026-06-01T07:00,26.2,70,20.2,30.2,40,0.0,0.0,0.0,0.0,0.0,2,1010.0,983.1,61,11020.0,1.6,11.9,chongqing,2026-06-01T03:59:55.750071
2026-06-01T08:00,27.0,66,20.0,30.7,17,0.0,0.0,0.0,0.0,0.0,1,1009.0,982.2,39,11020.0,3.7,14.4,chongqing,2026-06-01T03:59:55.750071
2026-06-01T09:00,26.9,67,20.1,30.1,0,0.0,0.0,0.0,0.0,0.0,1,1008.2,981.4,21,11020.0,4.8,15.1,chongqing,2026-06-01T03:59:55.750071
2026-06-01T10:00,26.5,69,20.2,29.7,0,0.0,0.0,0.0,0.0,0.0,0,1007.8,981.0,19,11020.0,5.6,15.5,chongqing,2026-06-01T03:59:55.750071
2026-06-01T11:00,25.9,74,21.0,29.5,0,0.0,0.0,0.0,0.0,0.0,0,1007.9,981.0,19,9800.0,4.9,14.4,chongqing,2026-06-01T03:59:55.750071
2026-06-01T12:00,25.0,81,21.4,29.1,0,0.0,0.0,0.0,0.0,0.0,2,1008.5,981.5,70,9800.0,3.0,10.1,chongqing,2026-06-01T03:59:55.750071
2026-06-01T13:00,24.6,84,21.6,28.9,0,0.0,0.0,0.0,0.0,0.0,3,1009.0,982.0,90,8500.0,2.8,6.1,chongqing,2026-06-01T03:59:55.750071
2026-06-01T14:00,24.3,86,21.9,28.7,0,0.0,0.0,0.0,0.0,0.0,3,1009.6,982.6,91,8500.0,3.0,7.6,chongqing,2026-06-01T03:59:55.750071
2026-06-01T15:00,23.9,89,22.0,28.7,0,0.0,0.0,0.0,0.0,0.0,3,1009.8,982.7,95,7200.0,0.6,6.5,chongqing,2026-06-01T03:59:55.750071
2026-06-01T16:00,23.4,93,22.1,28.1,0,0.0,0.0,0.0,0.0,0.0,3,1009.5,982.4,95,5780.0,1.7,3.6,chongqing,2026-06-01T03:59:55.750071
2026-06-01T17:00,23.0,95,22.1,27.8,0,0.0,0.0,0.0,0.0,0.0,3,1009.0,981.9,98,1500.0,1.9,5.4,chongqing,2026-06-01T03:59:55.750071
2026-06-01T18:00,22.7,95,21.9,27.4,0,0.0,0.0,0.0,0.0,0.0,3,1008.5,981.3,95,680.0,1.5,5.0,chongqing,2026-06-01T03:59:55.750071
2026-06-01T19:00,22.4,97,21.9,27.0,2,0.0,0.0,0.0,0.0,0.0,2,1007.9,980.7,66,480.0,1.5,4.7,chongqing,2026-06-01T03:59:55.750071
2026-06-01T20:00,22.0,97,21.5,26.4,6,0.0,0.0,0.0,0.0,0.0,3,1007.4,980.2,82,440.0,1.8,5.0,chongqing,2026-06-01T03:59:55.750071
2026-06-01T21:00,21.9,97,21.4,26.1,10,0.0,0.0,0.0,0.0,0.0,2,1007.1,979.9,72,460.0,2.1,6.1,chongqing,2026-06-01T03:59:55.750071
2026-06-01T22:00,21.6,97,21.2,25.9,16,0.0,0.0,0.0,0.0,0.0,2,1007.3,980.1,72,460.0,1.5,6.1,chongqing,2026-06-01T03:59:55.750071
2026-06-01T23:00,22.0,97,21.5,26.3,22,0.0,0.0,0.0,0.0,0.0,2,1007.6,980.4,77,480.0,2.3,8.3,chongqing,2026-06-01T03:59:55.750071
2026-06-01T00:00,28.1,83,25.0,34.4,16,0.0,0.0,0.0,0.0,0.0,0,1009.7,1007.3,5,14940.0,3.3,12.6,guangzhou,2026-06-01T04:01:59.046366
2026-06-01T01:00,29.5,77,24.9,35.4,26,0.0,0.0,0.0,0.0,0.0,0,1009.9,1007.5,15,13740.0,5.1,17.3,guangzhou,2026-06-01T04:01:59.046366
2026-06-01T02:00,30.5,71,24.7,36.9,44,0.0,0.0,0.0,0.0,0.0,2,1010.0,1007.6,73,11840.0,5.5,20.2,guangzhou,2026-06-01T04:01:59.046366
2026-06-01T03:00,31.6,66,24.4,38.0,59,0.0,0.0,0.0,0.0,0.0,3,1009.6,1007.2,83,14860.0,5.8,22.0,guangzhou,2026-06-01T04:01:59.046366
2026-06-01T04:00,32.2,62,24.1,38.4,67,0.0,0.0,0.0,0.0,0.0,3,1008.9,1006.5,100,19880.0,6.6,22.3,guangzhou,2026-06-01T04:01:59.046366
2026-06-01T05:00,32.7,61,24.1,38.7,73,0.0,0.0,0.0,0.0,0.0,3,1008.0,1005.6,100,19880.0,6.0,22.7,guangzhou,2026-06-01T04:01:59.046366
2026-06-01T06:00,33.2,60,24.4,40.1,76,0.0,0.0,0.0,0.0,0.0,3,1007.3,1004.9,80,17000.0,4.5,21.2,guangzhou,2026-06-01T04:01:59.046366
2026-06-01T07:00,33.9,57,24.2,41.1,77,0.0,0.0,0.0,0.0,0.0,1,1006.4,1004.1,23,7520.0,3.2,19.4,guangzhou,2026-06-01T04:01:59.046366
2026-06-01T08:00,32.9,60,24.0,38.0,76,0.2,0.1,0.1,0.0,0.0,51,1006.1,1003.7,34,7660.0,9.5,26.6,guangzhou,2026-06-01T04:01:59.046366
2026-06-01T09:00,31.6,64,24.0,35.8,76,0.2,0.1,0.1,0.0,0.0,51,1005.8,1003.4,48,4460.0,13.4,31.3,guangzhou,2026-06-01T04:01:59.046366
2026-06-01T10:00,29.9,74,24.8,34.6,80,0.3,0.3,0.0,0.0,0.0,51,1005.9,1003.5,47,9220.0,12.6,33.5,guangzhou,2026-06-01T04:01:59.046366
2026-06-01T11:00,29.4,79,25.4,35.1,85,0.0,0.0,0.0,0.0,0.0,1,1006.0,1003.6,24,13380.0,8.5,28.4,guangzhou,2026-06-01T04:01:59.046366
2026-06-01T12:00,29.0,82,25.5,35.2,84,0.0,0.0,0.0,0.0,0.0,1,1006.9,1004.5,22,13820.0,6.4,19.1,guangzhou,2026-06-01T04:01:59.046366
2026-06-01T13:00,28.8,83,25.5,34.8,73,0.0,0.0,0.0,0.0,0.0,1,1007.5,1005.1,24,14220.0,7.2,16.2,guangzhou,2026-06-01T04:01:59.046366
2026-06-01T14:00,28.2,85,25.5,34.3,58,0.0,0.0,0.0,0.0,0.0,1,1008.3,1005.9,27,14500.0,6.8,15.8,guangzhou,2026-06-01T04:01:59.046366
2026-06-01T15:00,27.9,87,25.5,34.1,45,0.0,0.0,0.0,0.0,0.0,1,1008.6,1006.2,23,13100.0,6.0,14.0,guangzhou,2026-06-01T04:01:59.046366
2026-06-01T16:00,27.5,89,25.6,33.9,38,0.0,0.0,0.0,0.0,0.0,0,1008.4,1006.0,15,13340.0,5.4,12.6,guangzhou,2026-06-01T04:01:59.046366
2026-06-01T17:00,27.3,91,25.7,33.8,34,0.0,0.0,0.0,0.0,0.0,1,1008.0,1005.6,21,11040.0,4.6,11.2,guangzhou,2026-06-01T04:01:59.046366
2026-06-01T18:00,27.2,92,25.7,33.7,33,0.0,0.0,0.0,0.0,0.0,0,1007.6,1005.2,13,11100.0,4.9,10.4,guangzhou,2026-06-01T04:01:59.046366
2026-06-01T19:00,27.0,92,25.5,33.5,37,0.0,0.0,0.0,0.0,0.0,1,1007.4,1005.0,31,11100.0,4.4,10.8,guangzhou,2026-06-01T04:01:59.046366
2026-06-01T20:00,26.8,90,25.0,33.0,44,0.9,0.1,0.8,0.0,0.0,53,1007.0,1004.6,79,5140.0,3.2,13.0,guangzhou,2026-06-01T04:01:59.046366
2026-06-01T21:00,26.7,93,25.5,33.5,49,0.1,0.1,0.0,0.0,0.0,51,1007.2,1004.8,65,7960.0,1.8,6.8,guangzhou,2026-06-01T04:01:59.046366
2026-06-01T22:00,26.8,92,25.3,33.4,48,0.0,0.0,0.0,0.0,0.0,2,1007.5,1005.1,66,9600.0,1.8,5.0,guangzhou,2026-06-01T04:01:59.046366
2026-06-01T23:00,27.3,90,25.5,33.6,46,0.0,0.0,0.0,0.0,0.0,2,1008.1,1005.7,63,10080.0,4.8,13.0,guangzhou,2026-06-01T04:01:59.046366
2026-06-01T00:00,28.9,74,23.8,34.2,25,0.0,0.0,0.0,0.0,0.0,1,1010.3,1010.3,37,21040.0,4.4,14.0,hong_kong,2026-06-01T04:02:01.607995
2026-06-01T01:00,29.6,71,23.9,34.9,44,0.1,0.1,0.0,0.0,0.0,51,1010.3,1010.3,28,7600.0,4.9,16.9,hong_kong,2026-06-01T04:02:01.607995
2026-06-01T02:00,30.3,68,23.7,36.1,68,0.2,0.2,0.0,0.0,0.0,51,1010.3,1010.3,28,8000.0,5.6,18.7,hong_kong,2026-06-01T04:02:01.607995
2026-06-01T03:00,30.5,67,23.8,36.6,86,0.2,0.2,0.0,0.0,0.0,51,1010.1,1010.1,49,3860.0,7.7,23.0,hong_kong,2026-06-01T04:02:01.607995
2026-06-01T04:00,29.2,74,24.1,35.0,93,1.8,0.7,1.1,0.0,0.0,61,1010.0,1010.0,72,1800.0,8.7,25.2,hong_kong,2026-06-01T04:02:01.607995
2026-06-01T05:00,29.2,77,24.8,35.5,93,1.8,0.9,0.9,0.0,0.0,80,1009.4,1009.4,77,4220.0,10.1,27.7,hong_kong,2026-06-01T04:02:01.607995
2026-06-01T06:00,30.0,74,24.7,36.0,90,0.4,0.2,0.2,0.0,0.0,51,1008.9,1008.9,55,6720.0,10.0,29.5,hong_kong,2026-06-01T04:02:01.607995
2026-06-01T07:00,29.9,72,24.4,35.3,83,0.1,0.1,0.0,0.0,0.0,51,1008.2,1008.2,30,7120.0,12.1,32.0,hong_kong,2026-06-01T04:02:01.607995
2026-06-01T08:00,29.7,73,24.3,34.3,73,0.2,0.2,0.0,0.0,0.0,51,1007.6,1007.6,28,9560.0,11.7,32.4,hong_kong,2026-06-01T04:02:01.607995
2026-06-01T09:00,29.5,73,24.2,33.9,59,0.0,0.0,0.0,0.0,0.0,2,1007.1,1007.1,55,21080.0,12.4,32.0,hong_kong,2026-06-01T04:02:01.607995
2026-06-01T10:00,28.9,76,24.2,33.5,40,0.0,0.0,0.0,0.0,0.0,2,1006.9,1006.9,63,21100.0,11.4,31.7,hong_kong,2026-06-01T04:02:01.607995
2026-06-01T11:00,28.2,81,24.7,33.2,18,0.0,0.0,0.0,0.0,0.0,1,1007.2,1007.2,45,16920.0,10.4,28.4,hong_kong,2026-06-01T04:02:01.607995
2026-06-01T12:00,27.9,83,24.8,33.1,2,0.0,0.0,0.0,0.0,0.0,1,1007.9,1007.9,37,16020.0,9.7,22.7,hong_kong,2026-06-01T04:02:01.607995
2026-06-01T13:00,27.9,84,24.9,33.3,0,0.0,0.0,0.0,0.0,0.0,0,1008.5,1008.5,16,17380.0,8.6,21.2,hong_kong,2026-06-01T04:02:01.607995
2026-06-01T14:00,27.8,85,25.1,33.5,0,0.0,0.0,0.0,0.0,0.0,0,1009.2,1009.2,14,18020.0,7.6,18.7,hong_kong,2026-06-01T04:02:01.607995
2026-06-01T15:00,27.8,85,25.1,33.4,0,0.0,0.0,0.0,0.0,0.0,1,1009.5,1009.5,23,17200.0,8.1,16.9,hong_kong,2026-06-01T04:02:01.607995
2026-06-01T16:00,27.8,85,25.0,33.3,0,0.0,0.0,0.0,0.0,0.0,0,1009.0,1009.0,14,17320.0,8.4,17.6,hong_kong,2026-06-01T04:02:01.607995
2026-06-01T17:00,27.7,86,25.0,33.2,0,0.0,0.0,0.0,0.0,0.0,0,1008.5,1008.5,19,15760.0,8.5,17.6,hong_kong,2026-06-01T04:02:01.607995
2026-06-01T18:00,27.6,86,25.1,33.1,2,0.0,0.0,0.0,0.0,0.0,0,1008.2,1008.2,19,10500.0,8.6,18.0,hong_kong,2026-06-01T04:02:01.607995
2026-06-01T19:00,27.4,87,25.1,33.2,11,0.0,0.0,0.0,0.0,0.0,0,1007.8,1007.8,17,12300.0,7.0,18.0,hong_kong,2026-06-01T04:02:01.607995
2026-06-01T20:00,27.0,89,25.1,32.8,22,0.1,0.1,0.0,0.0,0.0,51,1007.6,1007.6,20,8360.0,7.1,15.1,hong_kong,2026-06-01T04:02:01.607995
2026-06-01T21:00,26.7,91,25.1,32.6,31,0.0,0.0,0.0,0.0,0.0,0,1007.7,1007.7,8,10400.0,6.3,15.8,hong_kong,2026-06-01T04:02:01.607995
2026-06-01T22:00,26.3,92,25.0,32.2,33,0.0,0.0,0.0,0.0,0.0,0,1007.9,1007.9,8,11480.0,5.9,14.0,hong_kong,2026-06-01T04:02:01.607995
2026-06-01T23:00,27.4,85,24.7,33.3,32,0.0,0.0,0.0,0.0,0.0,0,1008.7,1008.7,17,16160.0,4.2,14.0,hong_kong,2026-06-01T04:02:01.607995
2026-06-01T00:00,29.8,68,23.3,34.5,12,0.0,0.0,0.0,0.0,0.0,1,1009.8,1007.2,23,18500.0,6.4,19.4,macau,2026-06-01T04:02:04.173604
2026-06-01T01:00,30.7,64,23.1,35.3,31,0.0,0.0,0.0,0.0,0.0,1,1009.9,1007.3,23,7460.0,6.5,21.6,macau,2026-06-01T04:02:04.173604
2026-06-01T02:00,31.3,61,22.8,36.5,57,0.3,0.3,0.0,0.0,0.0,51,1010.0,1007.4,41,4400.0,5.6,21.6,macau,2026-06-01T04:02:04.173604
2026-06-01T03:00,31.3,62,23.2,37.1,78,1.2,1.1,0.1,0.0,0.0,55,1009.8,1007.2,52,2700.0,6.8,22.7,macau,2026-06-01T04:02:04.173604
2026-06-01T04:00,30.6,66,23.6,35.7,89,1.9,1.3,0.6,0.0,0.0,80,1009.3,1006.7,79,2460.0,11.3,29.5,macau,2026-06-01T04:02:04.173604
2026-06-01T05:00,27.9,83,24.7,34.4,96,3.6,0.3,3.3,0.0,0.0,81,1009.3,1006.7,100,1360.0,8.3,31.3,macau,2026-06-01T04:02:04.173604
2026-06-01T06:00,28.3,86,25.7,35.0,100,3.3,1.6,1.7,0.0,0.0,81,1008.6,1006.0,99,3600.0,3.6,23.4,macau,2026-06-01T04:02:04.173604
2026-06-01T07:00,29.9,75,24.9,35.5,100,0.5,0.2,0.3,0.0,0.0,53,1007.8,1005.2,52,6720.0,10.2,25.6,macau,2026-06-01T04:02:04.173604
2026-06-01T08:00,30.0,72,24.4,34.8,100,0.3,0.2,0.1,0.0,0.0,51,1007.2,1004.6,63,7460.0,11.8,30.2,macau,2026-06-01T04:02:04.173604
2026-06-01T09:00,29.7,72,24.2,34.2,98,0.1,0.1,0.0,0.0,0.0,51,1006.7,1004.1,56,8020.0,12.4,29.2,macau,2026-06-01T04:02:04.173604
2026-06-01T10:00,29.1,76,24.3,33.6,77,0.1,0.1,0.0,0.0,0.0,51,1006.4,1003.8,47,13400.0,12.5,29.2,macau,2026-06-01T04:02:04.173604
2026-06-01T11:00,28.3,81,24.7,33.4,48,0.0,0.0,0.0,0.0,0.0,1,1006.7,1004.1,23,16020.0,9.8,28.1,macau,2026-06-01T04:02:04.173604
2026-06-01T12:00,27.9,84,24.9,33.3,24,0.0,0.0,0.0,0.0,0.0,1,1007.4,1004.8,22,16260.0,9.0,19.8,macau,2026-06-01T04:02:04.173604
2026-06-01T13:00,27.7,86,25.0,33.3,11,0.0,0.0,0.0,0.0,0.0,1,1007.9,1005.3,30,16300.0,7.7,17.6,macau,2026-06-01T04:02:04.173604
2026-06-01T14:00,27.6,87,25.2,33.4,4,0.0,0.0,0.0,0.0,0.0,0,1008.7,1006.1,14,14960.0,7.3,14.8,macau,2026-06-01T04:02:04.173604
2026-06-01T15:00,27.5,88,25.2,33.2,0,0.0,0.0,0.0,0.0,0.0,0,1009.0,1006.4,13,15320.0,8.0,15.5,macau,2026-06-01T04:02:04.173604
2026-06-01T16:00,27.4,88,25.2,33.0,0,0.0,0.0,0.0,0.0,0.0,0,1008.5,1005.9,7,15480.0,8.6,16.6,macau,2026-06-01T04:02:04.173604
2026-06-01T17:00,27.2,89,25.2,32.9,0,0.0,0.0,0.0,0.0,0.0,0,1008.1,1005.5,18,15560.0,8.6,16.6,macau,2026-06-01T04:02:04.173604
2026-06-01T18:00,27.3,89,25.2,33.0,0,0.0,0.0,0.0,0.0,0.0,1,1007.8,1005.2,30,15820.0,8.0,16.6,macau,2026-06-01T04:02:04.173604
2026-06-01T19:00,27.1,89,25.2,32.8,2,0.0,0.0,0.0,0.0,0.0,1,1007.5,1004.9,28,15820.0,8.4,16.2,macau,2026-06-01T04:02:04.173604
2026-06-01T20:00,27.2,89,25.2,33.2,4,0.0,0.0,0.0,0.0,0.0,1,1007.1,1004.5,26,15840.0,6.2,16.2,macau,2026-06-01T04:02:04.173604
2026-06-01T21:00,27.0,90,25.2,33.2,6,0.0,0.0,0.0,0.0,0.0,1,1007.1,1004.5,33,15840.0,4.2,11.5,macau,2026-06-01T04:02:04.173604
2026-06-01T22:00,26.7,90,25.0,32.4,7,0.0,0.0,0.0,0.0,0.0,1,1007.5,1004.9,45,10780.0,7.8,17.3,macau,2026-06-01T04:02:04.173604
2026-06-01T23:00,27.5,87,25.0,33.5,7,0.0,0.0,0.0,0.0,0.0,2,1008.1,1005.5,59,12920.0,5.2,14.8,macau,2026-06-01T04:02:04.173604
2026-06-01T00:00,24.8,64,17.5,26.8,0,0.0,0.0,0.0,0.0,0.0,1,1011.7,1011.4,32,15640.0,4.9,16.6,shanghai,2026-06-01T04:02:06.749952
2026-06-01T01:00,26.8,55,17.0,29.2,0,0.0,0.0,0.0,0.0,0.0,1,1011.4,1011.1,23,17280.0,3.4,16.2,shanghai,2026-06-01T04:02:06.749952
2026-06-01T02:00,28.3,52,17.5,31.9,0,0.0,0.0,0.0,0.0,0.0,0,1011.3,1011.0,9,17280.0,4.5,18.4,shanghai,2026-06-01T04:02:06.749952
2026-06-01T03:00,29.3,52,18.5,33.7,0,0.0,0.0,0.0,0.0,0.0,0,1011.0,1010.7,3,17280.0,6.2,22.3,shanghai,2026-06-01T04:02:06.749952
2026-06-01T04:00,30.0,52,19.0,34.6,0,0.0,0.0,0.0,0.0,0.0,0,1010.4,1010.1,9,17280.0,8.4,27.4,shanghai,2026-06-01T04:02:06.749952
2026-06-01T05:00,30.4,51,19.2,34.7,0,0.0,0.0,0.0,0.0,0.0,0,1009.4,1009.1,9,17300.0,10.0,31.0,shanghai,2026-06-01T04:02:06.749952
2026-06-01T06:00,30.5,50,18.8,34.4,0,0.0,0.0,0.0,0.0,0.0,1,1009.0,1008.7,27,17300.0,9.4,31.3,shanghai,2026-06-01T04:02:06.749952
2026-06-01T07:00,30.0,47,17.6,32.0,1,0.0,0.0,0.0,0.0,0.0,1,1008.5,1008.2,34,19900.0,11.6,33.5,shanghai,2026-06-01T04:02:06.749952
2026-06-01T08:00,28.7,48,16.5,29.2,2,0.0,0.0,0.0,0.0,0.0,0,1008.2,1007.9,6,19900.0,12.4,34.9,shanghai,2026-06-01T04:02:06.749952
2026-06-01T09:00,27.5,57,18.4,29.2,2,0.0,0.0,0.0,0.0,0.0,0,1008.1,1007.8,1,17300.0,10.2,33.8,shanghai,2026-06-01T04:02:06.749952
2026-06-01T10:00,26.1,71,20.4,28.8,2,0.0,0.0,0.0,0.0,0.0,0,1008.0,1007.7,13,13980.0,10.0,28.4,shanghai,2026-06-01T04:02:06.749952
2026-06-01T11:00,24.9,79,21.1,28.0,1,0.0,0.0,0.0,0.0,0.0,1,1008.3,1008.0,42,11860.0,8.9,26.3,shanghai,2026-06-01T04:02:06.749952
2026-06-01T12:00,24.5,83,21.5,27.9,0,0.0,0.0,0.0,0.0,0.0,2,1008.5,1008.2,60,11820.0,8.5,23.0,shanghai,2026-06-01T04:02:06.749952
2026-06-01T13:00,24.5,84,21.6,28.3,0,0.0,0.0,0.0,0.0,0.0,2,1008.8,1008.5,73,12160.0,6.5,21.2,shanghai,2026-06-01T04:02:06.749952
2026-06-01T14:00,24.3,86,21.8,28.3,0,0.0,0.0,0.0,0.0,0.0,2,1008.6,1008.3,52,10460.0,5.8,16.9,shanghai,2026-06-01T04:02:06.749952
2026-06-01T15:00,24.0,88,22.0,28.1,0,0.0,0.0,0.0,0.0,0.0,3,1008.3,1008.0,100,10160.0,5.6,14.4,shanghai,2026-06-01T04:02:06.749952
2026-06-01T16:00,23.9,89,22.0,28.0,1,0.0,0.0,0.0,0.0,0.0,3,1007.8,1007.5,100,9620.0,5.4,14.0,shanghai,2026-06-01T04:02:06.749952
2026-06-01T17:00,23.8,90,22.0,28.1,2,0.0,0.0,0.0,0.0,0.0,3,1007.2,1006.9,100,7800.0,4.0,13.7,shanghai,2026-06-01T04:02:06.749952
2026-06-01T18:00,23.7,91,22.1,28.3,2,0.0,0.0,0.0,0.0,0.0,3,1006.7,1006.4,100,7800.0,2.8,10.4,shanghai,2026-06-01T04:02:06.749952
2026-06-01T19:00,23.6,91,22.1,28.3,2,0.0,0.0,0.0,0.0,0.0,3,1006.5,1006.2,100,7860.0,1.8,8.3,shanghai,2026-06-01T04:02:06.749952
2026-06-01T20:00,23.6,91,22.0,28.3,1,0.0,0.0,0.0,0.0,0.0,3,1006.2,1005.9,100,7720.0,2.0,6.5,shanghai,2026-06-01T04:02:06.749952
2026-06-01T21:00,23.5,91,22.0,27.9,0,0.0,0.0,0.0,0.0,0.0,3,1006.1,1005.8,100,7120.0,3.6,9.4,shanghai,2026-06-01T04:02:06.749952
2026-06-01T22:00,23.8,89,21.9,28.2,0,0.0,0.0,0.0,0.0,0.0,3,1006.1,1005.8,100,8920.0,3.1,10.1,shanghai,2026-06-01T04:02:06.749952
2026-06-01T23:00,24.4,85,21.7,28.6,0,0.0,0.0,0.0,0.0,0.0,3,1006.2,1005.9,100,10860.0,3.3,10.8,shanghai,2026-06-01T04:02:06.749952
2026-06-01T00:00,28.1,75,23.2,33.2,10,0.0,0.0,0.0,0.0,0.0,1,1010.2,1009.4,30,14220.0,4.1,14.4,shenzhen,2026-06-01T04:03:24.750732
2026-06-01T01:00,29.5,67,22.8,34.4,26,0.1,0.1,0.0,0.0,0.0,51,1010.2,1009.4,33,8260.0,3.1,14.4,shenzhen,2026-06-01T04:03:24.750732
2026-06-01T02:00,30.5,63,22.6,35.6,48,0.2,0.2,0.0,0.0,0.0,51,1010.1,1009.3,36,6200.0,3.7,15.5,shenzhen,2026-06-01T04:03:24.750732
2026-06-01T03:00,30.8,65,23.4,36.8,67,0.6,0.4,0.2,0.0,0.0,53,1009.8,1009.0,59,5240.0,7.1,22.3,shenzhen,2026-06-01T04:03:24.750732
2026-06-01T04:00,31.5,63,23.5,37.1,81,0.2,0.1,0.1,0.0,0.0,51,1009.4,1008.6,30,4860.0,9.9,27.4,shenzhen,2026-06-01T04:03:24.750732
2026-06-01T05:00,30.4,65,23.0,35.4,92,1.6,0.7,0.9,0.0,0.0,61,1008.8,1008.0,63,2980.0,10.2,28.8,shenzhen,2026-06-01T04:03:24.750732
2026-06-01T06:00,29.2,71,23.5,34.3,98,1.9,0.9,1.0,0.0,0.0,80,1008.6,1007.8,84,2700.0,10.4,28.8,shenzhen,2026-06-01T04:03:24.750732
2026-06-01T07:00,29.9,72,24.4,35.0,100,0.9,0.4,0.5,0.0,0.0,53,1007.8,1007.0,100,6140.0,9.4,27.0,shenzhen,2026-06-01T04:03:24.750732
2026-06-01T08:00,29.9,71,24.0,34.2,98,0.2,0.1,0.1,0.0,0.0,51,1007.2,1006.4,25,7100.0,12.0,30.6,shenzhen,2026-06-01T04:03:24.750732
2026-06-01T09:00,29.5,71,23.7,33.6,88,0.1,0.1,0.0,0.0,0.0,51,1006.8,1006.0,51,16840.0,12.1,30.2,shenzhen,2026-06-01T04:03:24.750732
2026-06-01T10:00,29.0,73,23.5,33.1,62,0.0,0.0,0.0,0.0,0.0,1,1006.6,1005.8,45,20100.0,11.3,31.7,shenzhen,2026-06-01T04:03:24.750732
2026-06-01T11:00,28.1,78,24.0,32.8,27,0.0,0.0,0.0,0.0,0.0,0,1006.9,1006.1,17,18260.0,9.6,26.6,shenzhen,2026-06-01T04:03:24.750732
2026-06-01T12:00,27.5,83,24.3,32.5,2,0.0,0.0,0.0,0.0,0.0,1,1007.7,1006.9,20,16760.0,8.7,20.5,shenzhen,2026-06-01T04:03:24.750732
2026-06-01T13:00,27.2,85,24.5,32.7,0,0.0,0.0,0.0,0.0,0.0,0,1008.3,1007.5,17,16480.0,6.7,18.0,shenzhen,2026-06-01T04:03:24.750732
2026-06-01T14:00,26.9,88,24.7,32.5,0,0.0,0.0,0.0,0.0,0.0,0,1009.0,1008.2,17,14740.0,6.5,14.0,shenzhen,2026-06-01T04:03:24.750732
2026-06-01T15:00,26.7,90,24.9,32.4,0,0.0,0.0,0.0,0.0,0.0,1,1009.4,1008.6,23,14900.0,6.3,13.7,shenzhen,2026-06-01T04:03:24.750732
2026-06-01T16:00,26.5,90,24.8,32.2,0,0.0,0.0,0.0,0.0,0.0,1,1008.8,1008.0,23,15040.0,6.2,13.3,shenzhen,2026-06-01T04:03:24.750732
2026-06-01T17:00,26.4,91,24.8,32.1,1,0.0,0.0,0.0,0.0,0.0,1,1008.4,1007.6,42,12600.0,5.4,12.6,shenzhen,2026-06-01T04:03:24.750732
2026-06-01T18:00,26.4,91,24.8,32.1,8,0.0,0.0,0.0,0.0,0.0,1,1008.1,1007.3,48,9280.0,5.9,11.9,shenzhen,2026-06-01T04:03:24.750732
2026-06-01T19:00,26.5,90,24.8,32.0,27,0.1,0.1,0.0,0.0,0.0,51,1007.8,1007.0,60,8520.0,6.8,13.3,shenzhen,2026-06-01T04:03:24.750732
2026-06-01T20:00,25.7,93,24.5,31.3,52,0.1,0.1,0.0,0.0,0.0,51,1007.7,1006.9,66,5100.0,6.0,17.3,shenzhen,2026-06-01T04:03:24.750732
2026-06-01T21:00,25.5,94,24.5,31.2,67,0.1,0.1,0.0,0.0,0.0,51,1007.6,1006.8,34,10240.0,5.4,12.2,shenzhen,2026-06-01T04:03:24.750732
2026-06-01T22:00,25.5,94,24.5,31.3,62,0.0,0.0,0.0,0.0,0.0,0,1007.9,1007.1,16,11620.0,4.7,11.2,shenzhen,2026-06-01T04:03:24.750732
2026-06-01T23:00,26.5,89,24.6,32.4,46,0.0,0.0,0.0,0.0,0.0,0,1008.5,1007.7,15,14360.0,4.1,11.2,shenzhen,2026-06-01T04:03:24.750732
2026-06-01T00:00,13.8,93,12.6,13.9,75,0.3,0.3,0.0,0.0,0.0,51,1018.9,757.9,91,21920.0,4.5,12.6,bogota,2026-06-01T04:04:02.546446
2026-06-01T01:00,13.9,92,12.6,13.9,67,0.0,0.0,0.0,0.0,0.0,3,1019.4,758.3,98,12600.0,5.1,10.8,bogota,2026-06-01T04:04:02.546446
2026-06-01T02:00,13.8,92,12.6,13.9,60,0.3,0.3,0.0,0.0,0.0,51,1020.3,758.9,95,5300.0,4.6,11.9,bogota,2026-06-01T04:04:02.546446
2026-06-01T03:00,13.6,95,12.9,14.1,53,1.1,0.3,0.8,0.0,0.0,55,1020.8,759.2,84,5200.0,2.5,9.7,bogota,2026-06-01T04:04:02.546446
2026-06-01T04:00,13.2,96,12.6,13.8,47,0.5,0.5,0.0,0.0,0.0,53,1020.9,759.0,95,7280.0,2.1,5.4,bogota,2026-06-01T04:04:02.546446
2026-06-01T05:00,13.0,96,12.4,13.4,40,0.2,0.2,0.0,0.0,0.0,51,1020.5,758.5,87,15480.0,2.4,3.6,bogota,2026-06-01T04:04:02.546446
2026-06-01T06:00,12.4,96,11.8,12.7,35,0.0,0.0,0.0,0.0,0.0,2,1020.0,757.6,62,37980.0,2.1,4.0,bogota,2026-06-01T04:04:02.546446
2026-06-01T07:00,12.1,96,11.5,12.3,30,0.0,0.0,0.0,0.0,0.0,1,1019.4,757.0,31,40620.0,2.1,3.6,bogota,2026-06-01T04:04:02.546446
2026-06-01T08:00,11.5,96,10.9,11.4,26,0.0,0.0,0.0,0.0,0.0,1,1019.0,756.2,35,19480.0,2.7,4.3,bogota,2026-06-01T04:04:02.546446
2026-06-01T09:00,11.1,96,10.6,10.8,22,0.0,0.0,0.0,0.0,0.0,2,1018.8,755.8,67,6160.0,3.6,6.1,bogota,2026-06-01T04:04:02.546446
2026-06-01T10:00,10.8,96,10.1,10.4,18,0.0,0.0,0.0,0.0,0.0,3,1019.0,755.6,98,4320.0,3.0,6.1,bogota,2026-06-01T04:04:02.546446
2026-06-01T11:00,11.0,95,10.2,10.6,15,0.0,0.0,0.0,0.0,0.0,2,1019.4,756.1,51,4500.0,3.3,6.1,bogota,2026-06-01T04:04:02.546446
2026-06-01T12:00,12.4,91,11.0,12.1,14,0.0,0.0,0.0,0.0,0.0,2,1019.8,757.5,67,7300.0,4.5,13.0,bogota,2026-06-01T04:04:02.546446
2026-06-01T13:00,14.3,81,11.0,14.1,13,0.0,0.0,0.0,0.0,0.0,3,1019.8,758.9,100,10420.0,3.5,14.8,bogota,2026-06-01T04:04:02.546446
2026-06-01T14:00,16.1,72,11.0,15.8,14,0.0,0.0,0.0,0.0,0.0,2,1019.2,759.9,69,58620.0,4.3,16.2,bogota,2026-06-01T04:04:02.546446
2026-06-01T15:00,17.5,66,11.0,16.8,22,0.0,0.0,0.0,0.0,0.0,3,1018.3,760.2,82,62720.0,7.3,22.3,bogota,2026-06-01T04:04:02.546446
2026-06-01T16:00,18.5,61,11.0,18.2,45,0.0,0.0,0.0,0.0,0.0,2,1017.3,760.3,67,10360.0,9.5,27.4,bogota,2026-06-01T04:04:02.546446
2026-06-01T17:00,19.3,59,11.1,19.7,75,0.2,0.2,0.0,0.0,0.0,51,1016.2,760.0,35,10920.0,11.8,31.3,bogota,2026-06-01T04:04:02.546446
2026-06-01T18:00,19.0,62,11.4,18.0,96,0.0,0.0,0.0,0.0,0.0,3,1015.4,759.1,100,62960.0,12.2,32.8,bogota,2026-06-01T04:04:02.546446
2026-06-01T19:00,20.0,57,11.3,19.6,100,0.0,0.0,0.0,0.0,0.0,3,1013.7,758.6,93,30480.0,12.0,34.2,bogota,2026-06-01T04:04:02.546446
2026-06-01T20:00,19.5,56,10.5,17.9,97,0.0,0.0,0.0,0.0,0.0,3,1012.9,757.6,83,28680.0,11.8,32.4,bogota,2026-06-01T04:04:02.546446
2026-06-01T21:00,18.3,61,10.6,17.2,92,0.0,0.0,0.0,0.0,0.0,3,1013.0,756.9,91,63180.0,9.0,30.2,bogota,2026-06-01T04:04:02.546446
2026-06-01T22:00,16.8,71,11.5,16.0,89,0.0,0.0,0.0,0.0,0.0,3,1014.4,756.8,96,22760.0,8.1,23.8,bogota,2026-06-01T04:04:02.546446
2026-06-01T23:00,15.1,82,12.1,14.9,84,0.0,0.0,0.0,0.0,0.0,3,1015.9,756.7,95,45440.0,6.2,20.9,bogota,2026-06-01T04:04:02.546446
2026-06-01T00:00,20.2,93,19.1,23.1,12,0.0,0.0,0.0,0.0,0.0,3,1014.4,854.6,95,31760.0,4.0,13.7,medellin,2026-06-01T04:05:20.572219
2026-06-01T01:00,19.0,98,18.7,22.1,4,0.0,0.0,0.0,0.0,0.0,2,1015.6,855.0,70,1120.0,1.1,14.0,medellin,2026-06-01T04:05:20.572219
2026-06-01T02:00,18.5,97,18.1,21.3,4,0.0,0.0,0.0,0.0,0.0,2,1016.3,855.4,70,2260.0,1.5,12.6,medellin,2026-06-01T04:05:20.572219
2026-06-01T03:00,18.5,94,17.6,21.0,4,0.0,0.0,0.0,0.0,0.0,2,1016.6,855.7,58,2140.0,2.0,13.3,medellin,2026-06-01T04:05:20.572219
2026-06-01T04:00,18.2,94,17.2,20.6,2,0.0,0.0,0.0,0.0,0.0,3,1016.2,855.2,90,2020.0,1.6,14.4,medellin,2026-06-01T04:05:20.572219
2026-06-01T05:00,17.8,94,16.8,19.9,1,0.0,0.0,0.0,0.0,0.0,3,1015.7,854.5,86,520.0,2.3,14.0,medellin,2026-06-01T04:05:20.572219
2026-06-01T06:00,17.2,97,16.8,19.0,0,0.0,0.0,0.0,0.0,0.0,2,1015.1,853.7,58,220.0,4.1,17.6,medellin,2026-06-01T04:05:20.572219
2026-06-01T07:00,16.4,100,16.4,17.8,0,0.0,0.0,0.0,0.0,0.0,3,1014.6,852.9,100,180.0,6.1,21.6,medellin,2026-06-01T04:05:20.572219
2026-06-01T08:00,17.2,100,17.1,18.8,0,0.0,0.0,0.0,0.0,0.0,3,1014.3,853.0,100,280.0,6.1,22.0,medellin,2026-06-01T04:05:20.572219
2026-06-01T09:00,17.6,97,17.1,19.2,0,0.0,0.0,0.0,0.0,0.0,3,1014.3,853.3,80,200.0,6.3,21.6,medellin,2026-06-01T04:05:20.572219
2026-06-01T10:00,17.9,94,16.8,19.4,0,0.0,0.0,0.0,0.0,0.0,3,1014.3,853.4,87,160.0,6.3,21.2,medellin,2026-06-01T04:05:20.572219
2026-06-01T11:00,18.1,91,16.6,19.5,0,0.0,0.0,0.0,0.0,0.0,2,1014.6,853.7,76,140.0,6.1,21.6,medellin,2026-06-01T04:05:20.572219
2026-06-01T12:00,19.3,84,16.6,20.8,0,0.0,0.0,0.0,0.0,0.0,2,1014.9,854.6,53,160.0,5.6,22.3,medellin,2026-06-01T04:05:20.572219
2026-06-01T13:00,20.8,79,17.1,22.8,0,0.0,0.0,0.0,0.0,0.0,1,1015.1,855.5,27,320.0,3.4,22.0,medellin,2026-06-01T04:05:20.572219
2026-06-01T14:00,23.9,64,16.8,26.2,0,0.0,0.0,0.0,0.0,0.0,0,1014.4,856.4,13,1640.0,1.0,20.2,medellin,2026-06-01T04:05:20.572219
2026-06-01T15:00,26.4,52,15.8,29.7,0,0.0,0.0,0.0,0.0,0.0,1,1013.5,856.8,45,4360.0,1.5,24.1,medellin,2026-06-01T04:05:20.572219
2026-06-01T16:00,28.1,43,14.5,31.2,10,0.0,0.0,0.0,0.0,0.0,3,1012.3,856.6,91,10160.0,1.4,24.1,medellin,2026-06-01T04:05:20.572219
2026-06-01T17:00,28.3,45,15.2,31.9,25,0.2,0.1,0.1,0.0,0.0,51,1012.1,856.6,91,7720.0,5.3,22.7,medellin,2026-06-01T04:05:20.572219
2026-06-01T18:00,28.1,47,15.8,31.1,39,0.4,0.2,0.2,0.0,0.0,51,1011.1,855.6,81,11360.0,2.2,25.9,medellin,2026-06-01T04:05:20.572219
2026-06-01T19:00,26.8,50,15.7,29.9,53,0.1,0.0,0.1,0.0,0.0,51,1010.0,854.1,95,10040.0,3.1,19.8,medellin,2026-06-01T04:05:20.572219
2026-06-01T20:00,26.2,58,17.2,28.3,67,0.2,0.2,0.0,0.0,0.0,51,1009.6,853.5,96,10100.0,3.0,18.4,medellin,2026-06-01T04:05:20.572219
2026-06-01T21:00,25.9,68,19.6,28.9,73,1.4,0.2,1.2,0.0,0.0,80,1009.7,853.4,98,5660.0,4.4,20.5,medellin,2026-06-01T04:05:20.572219
2026-06-01T22:00,22.8,88,20.8,26.8,64,0.3,0.3,0.0,0.0,0.0,51,1010.1,852.3,95,8480.0,2.1,19.4,medellin,2026-06-01T04:05:20.572219
2026-06-01T23:00,21.3,97,20.8,25.1,47,0.1,0.1,0.0,0.0,0.0,51,1012.1,853.2,98,7940.0,3.6,14.4,medellin,2026-06-01T04:05:20.572219
2026-06-01T00:00,27.4,39,12.3,25.8,0,0.0,0.0,0.0,0.0,0.0,0,1013.4,1008.9,0,50200.0,20.5,26.3,san_jose,2026-06-01T04:05:23.117754
2026-06-01T01:00,25.3,45,12.6,23.4,0,0.0,0.0,0.0,0.0,0.0,0,1013.0,1008.5,0,43500.0,18.9,25.9,san_jose,2026-06-01T04:05:23.117754
2026-06-01T02:00,22.9,45,10.4,20.3,0,0.0,0.0,0.0,0.0,0.0,0,1012.9,1008.4,0,43000.0,19.2,26.6,san_jose,2026-06-01T04:05:23.117754
2026-06-01T03:00,20.3,46,8.3,18.1,0,0.0,0.0,0.0,0.0,0.0,0,1014.2,1009.6,0,41700.0,12.2,24.1,san_jose,2026-06-01T04:05:23.117754
2026-06-01T04:00,17.9,51,7.7,16.1,0,0.0,0.0,0.0,0.0,0.0,0,1013.5,1008.9,0,36300.0,8.4,18.0,san_jose,2026-06-01T04:05:23.117754
2026-06-01T05:00,16.6,57,8.1,15.4,0,0.0,0.0,0.0,0.0,0.0,0,1014.1,1009.5,0,31500.0,5.2,7.9,san_jose,2026-06-01T04:05:23.117754
2026-06-01T06:00,15.8,60,8.1,14.8,0,0.0,0.0,0.0,0.0,0.0,0,1014.0,1009.3,0,29700.0,3.7,4.0,san_jose,2026-06-01T04:05:23.117754
2026-06-01T07:00,15.3,60,7.6,14.2,0,0.0,0.0,0.0,0.0,0.0,0,1013.2,1008.5,0,29800.0,3.0,3.2,san_jose,2026-06-01T04:05:23.117754
2026-06-01T08:00,14.7,60,7.0,13.9,0,0.0,0.0,0.0,0.0,0.0,0,1012.3,1007.6,0,29600.0,0.4,0.7,san_jose,2026-06-01T04:05:23.117754
2026-06-01T09:00,14.0,63,7.1,13.0,0,0.0,0.0,0.0,0.0,0.0,0,1012.1,1007.4,0,27600.0,1.8,1.8,san_jose,2026-06-01T04:05:23.117754
2026-06-01T10:00,13.6,61,6.2,12.2,0,0.0,0.0,0.0,0.0,0.0,0,1012.5,1007.8,0,29000.0,3.2,3.6,san_jose,2026-06-01T04:05:23.117754
2026-06-01T11:00,13.2,59,5.4,11.8,0,0.0,0.0,0.0,0.0,0.0,0,1012.5,1007.8,0,31000.0,2.3,2.5,san_jose,2026-06-01T04:05:23.117754
2026-06-01T12:00,12.6,60,5.0,11.3,0,0.0,0.0,0.0,0.0,0.0,0,1012.5,1007.8,0,30000.0,0.4,2.5,san_jose,2026-06-01T04:05:23.117754
2026-06-01T13:00,12.0,64,5.4,10.4,0,0.0,0.0,0.0,0.0,0.0,0,1012.9,1008.2,0,27000.0,3.4,3.6,san_jose,2026-06-01T04:05:23.117754
2026-06-01T14:00,13.1,77,9.2,12.5,0,0.0,0.0,0.0,0.0,0.0,0,1013.0,1008.3,0,19400.0,2.4,7.2,san_jose,2026-06-01T04:05:23.117754
2026-06-01T15:00,15.8,70,10.4,15.6,0,0.0,0.0,0.0,0.0,0.0,0,1013.3,1008.6,0,23600.0,2.6,3.2,san_jose,2026-06-01T04:05:23.117754
2026-06-01T16:00,18.6,65,11.9,18.7,0,0.0,0.0,0.0,0.0,0.0,0,1013.5,1008.9,0,26300.0,3.8,4.3,san_jose,2026-06-01T04:05:23.117754
2026-06-01T17:00,21.8,49,10.7,22.6,0,0.0,0.0,0.0,0.0,0.0,0,1013.5,1008.9,0,38800.0,2.4,4.0,san_jose,2026-06-01T04:05:23.117754
2026-06-01T18:00,25.5,37,9.7,26.8,0,0.0,0.0,0.0,0.0,0.0,0,1013.3,1008.8,0,52600.0,4.0,6.1,san_jose,2026-06-01T04:05:23.117754
2026-06-01T19:00,28.3,33,10.5,30.0,0,0.0,0.0,0.0,0.0,0.0,2,1012.9,1008.4,77,57900.0,7.0,8.3,san_jose,2026-06-01T04:05:23.117754
2026-06-01T20:00,29.8,29,9.9,30.8,0,0.0,0.0,0.0,0.0,0.0,3,1013.0,1008.6,100,65400.0,11.0,12.6,san_jose,2026-06-01T04:05:23.117754
2026-06-01T21:00,29.7,29,9.8,30.1,0,0.0,0.0,0.0,0.0,0.0,0,1013.0,1008.6,12,64900.0,15.0,17.6,san_jose,2026-06-01T04:05:23.117754
2026-06-01T22:00,29.2,32,10.9,29.0,0,0.0,0.0,0.0,0.0,0.0,3,1012.8,1008.3,94,59300.0,17.6,22.0,san_jose,2026-06-01T04:05:23.117754
2026-06-01T23:00,28.6,34,11.2,27.7,0,0.0,0.0,0.0,0.0,0.0,3,1012.5,1008.0,82,56800.0,19.0,24.8,san_jose,2026-06-01T04:05:23.117754
2026-06-01T00:00,27.5,84,24.7,32.9,73,0.1,0.1,0.0,0.0,0.0,51,1014.8,1013.1,59,19500.0,7.9,23.0,havana,2026-06-01T04:06:00.913006
2026-06-01T01:00,27.4,86,24.8,32.6,62,0.0,0.0,0.0,0.0,0.0,3,1015.7,1014.0,98,34180.0,9.3,17.3,havana,2026-06-01T04:06:00.913006
2026-06-01T02:00,26.8,86,24.3,31.6,47,0.0,0.0,0.0,0.0,0.0,3,1016.3,1014.6,100,29720.0,10.3,21.6,havana,2026-06-01T04:06:00.913006
2026-06-01T03:00,26.6,85,24.0,31.7,35,0.0,0.0,0.0,0.0,0.0,3,1017.2,1015.5,100,35300.0,7.3,20.2,havana,2026-06-01T04:06:00.913006
2026-06-01T04:00,26.7,86,24.1,31.9,27,0.0,0.0,0.0,0.0,0.0,3,1017.3,1015.6,100,35500.0,6.2,14.0,havana,2026-06-01T04:06:00.913006
2026-06-01T05:00,26.5,87,24.2,32.1,21,0.0,0.0,0.0,0.0,0.0,3,1017.0,1015.3,94,18500.0,4.5,12.2,havana,2026-06-01T04:06:00.913006
2026-06-01T06:00,26.3,90,24.4,32.3,16,0.0,0.0,0.0,0.0,0.0,3,1016.2,1014.5,95,33360.0,2.7,8.6,havana,2026-06-01T04:06:00.913006
2026-06-01T07:00,25.9,91,24.4,31.8,11,0.0,0.0,0.0,0.0,0.0,2,1015.6,1013.9,71,31140.0,2.8,5.4,havana,2026-06-01T04:06:00.913006
2026-06-01T08:00,25.7,92,24.3,31.5,7,0.0,0.0,0.0,0.0,0.0,3,1015.1,1013.4,97,28540.0,3.3,6.5,havana,2026-06-01T04:06:00.913006
2026-06-01T09:00,25.6,92,24.2,31.2,4,0.0,0.0,0.0,0.0,0.0,3,1015.0,1013.3,98,28940.0,3.8,7.6,havana,2026-06-01T04:06:00.913006
2026-06-01T10:00,25.4,92,24.0,31.1,1,0.0,0.0,0.0,0.0,0.0,3,1014.8,1013.1,98,28940.0,3.1,7.2,havana,2026-06-01T04:06:00.913006
2026-06-01T11:00,25.4,91,23.9,31.0,0,0.0,0.0,0.0,0.0,0.0,3,1014.9,1013.2,87,28940.0,2.8,6.1,havana,2026-06-01T04:06:00.913006
2026-06-01T12:00,26.6,87,24.2,32.5,0,0.0,0.0,0.0,0.0,0.0,2,1015.5,1013.8,67,33360.0,2.8,7.9,havana,2026-06-01T04:06:00.913006
2026-06-01T13:00,28.3,78,24.2,34.2,1,0.0,0.0,0.0,0.0,0.0,0,1015.9,1014.2,6,41480.0,2.6,9.7,havana,2026-06-01T04:06:00.913006
2026-06-01T14:00,29.8,70,23.7,35.4,3,0.0,0.0,0.0,0.0,0.0,0,1016.2,1014.5,16,26860.0,2.3,11.5,havana,2026-06-01T04:06:00.913006
2026-06-01T15:00,31.1,63,23.1,37.2,12,0.0,0.0,0.0,0.0,0.0,1,1016.1,1014.4,34,15920.0,2.8,13.3,havana,2026-06-01T04:06:00.913006
2026-06-01T16:00,31.7,60,22.9,38.5,32,0.1,0.1,0.0,0.0,0.0,51,1016.1,1014.4,46,12000.0,2.3,13.3,havana,2026-06-01T04:06:00.913006
2026-06-01T17:00,31.2,64,23.6,37.6,59,0.2,0.1,0.1,0.0,0.0,51,1015.6,1013.9,39,6160.0,7.5,21.2,havana,2026-06-01T04:06:00.913006
2026-06-01T18:00,30.2,68,23.6,36.1,80,1.1,0.3,0.8,0.0,0.0,55,1015.5,1013.8,38,4580.0,11.6,32.0,havana,2026-06-01T04:06:00.913006
2026-06-01T19:00,30.6,65,23.2,35.8,91,0.4,0.3,0.1,0.0,0.0,51,1014.9,1013.2,39,7200.0,13.0,33.1,havana,2026-06-01T04:06:00.913006
2026-06-01T20:00,29.2,73,23.8,34.1,97,1.4,0.3,1.1,0.0,0.0,80,1014.4,1012.7,77,4560.0,12.6,32.8,havana,2026-06-01T04:06:00.913006
2026-06-01T21:00,30.0,72,24.3,34.9,98,0.3,0.2,0.1,0.0,0.0,51,1013.8,1012.1,18,15580.0,10.6,30.6,havana,2026-06-01T04:06:00.913006
2026-06-01T22:00,29.6,72,24.1,33.9,94,0.0,0.0,0.0,0.0,0.0,1,1013.9,1012.2,34,21440.0,12.3,30.6,havana,2026-06-01T04:06:00.913006
2026-06-01T23:00,29.1,72,23.5,33.4,86,0.1,0.0,0.1,0.0,0.0,51,1014.5,1012.8,38,16060.0,9.9,29.9,havana,2026-06-01T04:06:00.913006
2026-06-01T00:00,20.1,80,16.5,21.0,0,0.0,0.0,0.0,0.0,0.0,0,1013.5,1012.7,0,32500.0,9.7,18.0,larnaca,2026-06-01T04:06:03.488061
2026-06-01T01:00,20.1,74,15.3,20.9,0,0.0,0.0,0.0,0.0,0.0,0,1013.4,1012.6,0,36200.0,6.6,19.4,larnaca,2026-06-01T04:06:03.488061
2026-06-01T02:00,19.8,71,14.3,20.7,0,0.0,0.0,0.0,0.0,0.0,0,1013.5,1012.7,0,38040.0,3.4,13.0,larnaca,2026-06-01T04:06:03.488061
2026-06-01T03:00,18.9,76,14.5,19.9,0,0.0,0.0,0.0,0.0,0.0,0,1013.6,1012.8,0,33680.0,3.0,7.6,larnaca,2026-06-01T04:06:03.488061
2026-06-01T04:00,19.1,75,14.6,20.2,0,0.0,0.0,0.0,0.0,0.0,0,1014.0,1013.2,0,34700.0,3.1,6.8,larnaca,2026-06-01T04:06:03.488061
2026-06-01T05:00,21.1,66,14.5,21.9,0,0.0,0.0,0.0,0.0,0.0,0,1014.6,1013.8,15,37240.0,4.0,9.4,larnaca,2026-06-01T04:06:03.488061
2026-06-01T06:00,22.8,71,17.3,24.4,0,0.0,0.0,0.0,0.0,0.0,1,1015.0,1014.2,8,34160.0,6.5,15.8,larnaca,2026-06-01T04:06:03.488061
2026-06-01T07:00,24.4,65,17.4,26.5,0,0.0,0.0,0.0,0.0,0.0,1,1015.3,1014.5,15,37220.0,9.3,21.2,larnaca,2026-06-01T04:06:03.488061
2026-06-01T08:00,25.6,60,17.2,28.0,0,0.0,0.0,0.0,0.0,0.0,1,1015.6,1014.8,22,38480.0,11.6,26.6,larnaca,2026-06-01T04:06:03.488061
2026-06-01T09:00,26.3,58,17.3,29.0,0,0.0,0.0,0.0,0.0,0.0,1,1015.3,1014.5,17,38880.0,13.8,31.0,larnaca,2026-06-01T04:06:03.488061
2026-06-01T10:00,26.7,56,17.2,29.3,0,0.0,0.0,0.0,0.0,0.0,1,1015.5,1014.7,11,39460.0,15.4,34.6,larnaca,2026-06-01T04:06:03.488061
2026-06-01T11:00,27.0,53,16.6,28.9,0,0.0,0.0,0.0,0.0,0.0,0,1015.2,1014.4,3,39980.0,17.4,38.2,larnaca,2026-06-01T04:06:03.488061
2026-06-01T12:00,27.3,48,15.3,27.9,0,0.0,0.0,0.0,0.0,0.0,0,1014.9,1014.1,9,40860.0,19.8,42.1,larnaca,2026-06-01T04:06:03.488061
2026-06-01T13:00,27.5,46,14.8,27.2,0,0.0,0.0,0.0,0.0,0.0,0,1014.5,1013.7,12,41400.0,19.7,42.8,larnaca,2026-06-01T04:06:03.488061
2026-06-01T14:00,27.4,45,14.4,26.2,0,0.0,0.0,0.0,0.0,0.0,1,1014.3,1013.5,18,41640.0,18.9,43.6,larnaca,2026-06-01T04:06:03.488061
2026-06-01T15:00,27.9,43,14.1,27.1,0,0.0,0.0,0.0,0.0,0.0,0,1013.7,1012.9,1,42060.0,14.5,42.1,larnaca,2026-06-01T04:06:03.488061
2026-06-01T16:00,27.9,32,9.7,26.9,0,0.0,0.0,0.0,0.0,0.0,0,1013.9,1013.1,0,46560.0,6.6,26.6,larnaca,2026-06-01T04:06:03.488061
2026-06-01T17:00,26.4,34,9.3,24.5,0,0.0,0.0,0.0,0.0,0.0,0,1014.3,1013.5,0,45180.0,11.9,23.4,larnaca,2026-06-01T04:06:03.488061
2026-06-01T18:00,24.4,47,12.3,23.6,0,0.0,0.0,0.0,0.0,0.0,0,1015.0,1014.2,0,41920.0,10.1,26.3,larnaca,2026-06-01T04:06:03.488061
2026-06-01T19:00,23.1,55,13.5,23.3,0,0.0,0.0,0.0,0.0,0.0,1,1015.4,1014.6,9,40940.0,6.4,20.2,larnaca,2026-06-01T04:06:03.488061
2026-06-01T20:00,22.3,63,14.9,23.2,0,0.0,0.0,0.0,0.0,0.0,1,1015.7,1014.9,14,39820.0,5.2,11.2,larnaca,2026-06-01T04:06:03.488061
2026-06-01T21:00,21.8,70,16.0,23.2,0,0.0,0.0,0.0,0.0,0.0,0,1015.6,1014.8,0,37560.0,4.3,9.4,larnaca,2026-06-01T04:06:03.488061
2026-06-01T22:00,21.2,76,16.8,23.1,0,0.0,0.0,0.0,0.0,0.0,0,1015.9,1015.1,0,34400.0,3.3,8.6,larnaca,2026-06-01T04:06:03.488061
2026-06-01T23:00,20.2,82,17.0,22.2,0,0.0,0.0,0.0,0.0,0.0,0,1016.0,1015.2,0,28720.0,3.3,7.6,larnaca,2026-06-01T04:06:03.488061
2026-06-01T00:00,19.6,82,16.4,21.2,0,0.0,0.0,0.0,0.0,0.0,0,1013.6,1012.4,0,30260.0,4.1,7.2,limassol,2026-06-01T04:06:06.034531
2026-06-01T01:00,19.4,82,16.2,20.8,0,0.0,0.0,0.0,0.0,0.0,0,1013.5,1012.3,0,31000.0,4.9,9.0,limassol,2026-06-01T04:06:06.034531
2026-06-01T02:00,19.2,81,15.9,20.5,0,0.0,0.0,0.0,0.0,0.0,0,1013.6,1012.4,0,31900.0,5.2,9.7,limassol,2026-06-01T04:06:06.034531
2026-06-01T03:00,19.1,77,14.9,19.9,0,0.0,0.0,0.0,0.0,0.0,0,1013.6,1012.4,0,34080.0,5.5,10.4,limassol,2026-06-01T04:06:06.034531
2026-06-01T04:00,19.9,71,14.5,20.7,0,0.0,0.0,0.0,0.0,0.0,1,1014.0,1012.8,10,37280.0,4.6,10.4,limassol,2026-06-01T04:06:06.034531
2026-06-01T05:00,21.4,74,16.6,23.0,0,0.0,0.0,0.0,0.0,0.0,1,1014.7,1013.5,42,34560.0,5.1,11.2,limassol,2026-06-01T04:06:06.034531
2026-06-01T06:00,22.1,80,18.5,24.4,0,0.0,0.0,0.0,0.0,0.0,2,1015.3,1014.1,55,27360.0,5.1,12.2,limassol,2026-06-01T04:06:06.034531
2026-06-01T07:00,23.0,76,18.5,25.5,0,0.0,0.0,0.0,0.0,0.0,2,1015.8,1014.6,49,30300.0,6.6,15.1,limassol,2026-06-01T04:06:06.034531
2026-06-01T08:00,23.9,71,18.3,27.0,0,0.0,0.0,0.0,0.0,0.0,1,1016.1,1014.9,36,33980.0,8.6,19.4,limassol,2026-06-01T04:06:06.034531
2026-06-01T09:00,24.7,64,17.5,27.8,0,0.0,0.0,0.0,0.0,0.0,1,1015.8,1014.6,8,37360.0,11.2,24.5,limassol,2026-06-01T04:06:06.034531
2026-06-01T10:00,25.6,58,16.7,28.2,0,0.0,0.0,0.0,0.0,0.0,0,1015.8,1014.6,0,39540.0,13.3,29.2,limassol,2026-06-01T04:06:06.034531
2026-06-01T11:00,26.4,52,15.8,28.6,0,0.0,0.0,0.0,0.0,0.0,1,1015.5,1014.3,27,40680.0,13.4,29.2,limassol,2026-06-01T04:06:06.034531
2026-06-01T12:00,26.9,47,14.7,28.2,0,0.0,0.0,0.0,0.0,0.0,1,1015.3,1014.1,30,41400.0,13.1,28.8,limassol,2026-06-01T04:06:06.034531
2026-06-01T13:00,26.6,54,16.5,27.4,0,0.0,0.0,0.0,0.0,0.0,2,1015.1,1013.9,48,40440.0,15.8,33.1,limassol,2026-06-01T04:06:06.034531
2026-06-01T14:00,26.1,49,14.5,25.1,0,0.0,0.0,0.0,0.0,0.0,1,1014.8,1013.6,36,41220.0,16.7,34.9,limassol,2026-06-01T04:06:06.034531
2026-06-01T15:00,25.6,57,16.5,25.8,0,0.0,0.0,0.0,0.0,0.0,1,1014.2,1013.0,8,40360.0,14.2,34.2,limassol,2026-06-01T04:06:06.034531
2026-06-01T16:00,24.8,60,16.5,25.3,0,0.0,0.0,0.0,0.0,0.0,0,1014.2,1013.0,0,39960.0,12.0,29.2,limassol,2026-06-01T04:06:06.034531
2026-06-01T17:00,23.3,69,17.3,24.6,0,0.0,0.0,0.0,0.0,0.0,0,1014.4,1013.2,0,37840.0,8.4,24.5,limassol,2026-06-01T04:06:06.034531
2026-06-01T18:00,22.5,72,17.2,24.5,0,0.0,0.0,0.0,0.0,0.0,0,1015.0,1013.8,0,37120.0,4.1,16.6,limassol,2026-06-01T04:06:06.034531
2026-06-01T19:00,22.0,71,16.5,23.8,0,0.0,0.0,0.0,0.0,0.0,0,1015.4,1014.2,0,37360.0,3.4,7.6,limassol,2026-06-01T04:06:06.034531
2026-06-01T20:00,21.0,75,16.4,22.5,0,0.0,0.0,0.0,0.0,0.0,0,1015.6,1014.4,0,35440.0,4.3,7.6,limassol,2026-06-01T04:06:06.034531
2026-06-01T21:00,20.0,82,16.8,21.8,0,0.0,0.0,0.0,0.0,0.0,0,1015.6,1014.4,0,30840.0,4.1,7.9,limassol,2026-06-01T04:06:06.034531
2026-06-01T22:00,19.6,82,16.5,21.2,0,0.0,0.0,0.0,0.0,0.0,0,1016.0,1014.8,0,30520.0,4.4,7.9,limassol,2026-06-01T04:06:06.034531
2026-06-01T23:00,19.4,83,16.4,20.9,0,0.0,0.0,0.0,0.0,0.0,0,1016.0,1014.8,0,30300.0,5.1,9.7,limassol,2026-06-01T04:06:06.034531
2026-06-01T00:00,18.6,94,17.6,20.0,0,0.0,0.0,0.0,0.0,0.0,1,1014.2,996.8,25,20060.0,9.7,22.0,nicosia,2026-06-01T04:06:43.793722
2026-06-01T01:00,18.3,94,17.3,19.7,0,0.0,0.0,0.0,0.0,0.0,1,1013.9,996.5,30,4180.0,8.8,21.2,nicosia,2026-06-01T04:06:43.793722
2026-06-01T02:00,18.4,92,17.1,19.8,0,0.0,0.0,0.0,0.0,0.0,0,1013.9,996.5,0,18560.0,7.7,20.2,nicosia,2026-06-01T04:06:43.793722
2026-06-01T03:00,17.9,92,16.6,19.5,0,0.0,0.0,0.0,0.0,0.0,0,1013.8,996.4,0,20620.0,5.2,16.9,nicosia,2026-06-01T04:06:43.793722
2026-06-01T04:00,18.7,84,15.9,20.1,0,0.0,0.0,0.0,0.0,0.0,0,1014.1,996.7,0,29240.0,4.0,11.9,nicosia,2026-06-01T04:06:43.793722
2026-06-01T05:00,21.1,65,14.2,22.0,0,0.0,0.0,0.0,0.0,0.0,0,1014.5,997.2,0,38640.0,3.3,10.1,nicosia,2026-06-01T04:06:43.793722
2026-06-01T06:00,23.8,42,10.1,23.2,0,0.0,0.0,0.0,0.0,0.0,0,1014.9,997.8,0,42340.0,4.0,10.4,nicosia,2026-06-01T04:06:43.793722
2026-06-01T07:00,25.9,32,8.0,25.8,0,0.0,0.0,0.0,0.0,0.0,0,1015.1,998.1,0,45500.0,4.0,11.5,nicosia,2026-06-01T04:06:43.793722
2026-06-01T08:00,27.7,29,8.1,28.7,0,0.0,0.0,0.0,0.0,0.0,0,1015.3,998.4,0,46760.0,4.0,11.9,nicosia,2026-06-01T04:06:43.793722
2026-06-01T09:00,29.3,27,8.4,30.7,0,0.0,0.0,0.0,0.0,0.0,0,1014.7,997.9,0,48120.0,5.4,15.5,nicosia,2026-06-01T04:06:43.793722
2026-06-01T10:00,30.1,29,10.1,31.5,0,0.0,0.0,0.0,0.0,0.0,0,1014.8,998.0,0,47340.0,9.2,22.0,nicosia,2026-06-01T04:06:43.793722
2026-06-01T11:00,29.6,38,13.8,31.1,0,0.0,0.0,0.0,0.0,0.0,1,1014.8,998.0,0,42520.0,14.0,34.9,nicosia,2026-06-01T04:06:43.793722
2026-06-01T12:00,29.2,39,13.9,30.4,0,0.0,0.0,0.0,0.0,0.0,0,1014.8,998.0,0,42540.0,13.5,36.0,nicosia,2026-06-01T04:06:43.793722
2026-06-01T13:00,28.7,38,13.0,28.7,0,0.0,0.0,0.0,0.0,0.0,0,1014.5,997.7,0,42840.0,14.4,36.7,nicosia,2026-06-01T04:06:43.793722
2026-06-01T14:00,28.0,39,12.8,26.9,0,0.0,0.0,0.0,0.0,0.0,0,1014.4,997.5,0,42560.0,15.4,37.4,nicosia,2026-06-01T04:06:43.793722
2026-06-01T15:00,26.8,37,10.9,24.8,0,0.0,0.0,0.0,0.0,0.0,0,1014.3,997.4,0,43260.0,15.8,37.8,nicosia,2026-06-01T04:06:43.793722
2026-06-01T16:00,25.1,42,11.3,23.4,0,0.0,0.0,0.0,0.0,0.0,0,1014.6,997.6,0,42680.0,14.3,37.1,nicosia,2026-06-01T04:06:43.793722
2026-06-01T17:00,23.1,49,11.8,22.0,0,0.0,0.0,0.0,0.0,0.0,0,1014.8,997.7,0,41600.0,11.8,32.8,nicosia,2026-06-01T04:06:43.793722
2026-06-01T18:00,21.5,63,14.2,21.5,0,0.0,0.0,0.0,0.0,0.0,0,1015.6,998.4,0,39480.0,9.7,27.4,nicosia,2026-06-01T04:06:43.793722
2026-06-01T19:00,20.4,71,14.9,20.7,0,0.0,0.0,0.0,0.0,0.0,0,1015.9,998.6,0,36920.0,9.4,22.7,nicosia,2026-06-01T04:06:43.793722
2026-06-01T20:00,19.7,77,15.5,20.1,0,0.0,0.0,0.0,0.0,0.0,0,1016.2,998.8,0,34040.0,9.7,22.3,nicosia,2026-06-01T04:06:43.793722
2026-06-01T21:00,19.2,84,16.5,20.1,0,0.0,0.0,0.0,0.0,0.0,0,1016.1,998.7,0,27660.0,9.7,22.3,nicosia,2026-06-01T04:06:43.793722
2026-06-01T22:00,18.9,87,16.7,20.0,0,0.0,0.0,0.0,0.0,0.0,0,1016.3,998.9,0,22280.0,9.0,22.7,nicosia,2026-06-01T04:06:43.793722
2026-06-01T23:00,18.4,89,16.5,19.8,0,0.0,0.0,0.0,0.0,0.0,0,1016.3,998.9,0,20900.0,6.2,20.2,nicosia,2026-06-01T04:06:43.793722
2026-06-01T00:00,16.0,86,13.7,16.2,78,1.4,1.4,0.0,0.0,0.0,61,1012.0,988.5,100,23560.0,6.8,19.1,prague,2026-06-01T04:07:21.547846
2026-06-01T01:00,16.1,84,13.4,15.9,85,0.0,0.0,0.0,0.0,0.0,3,1011.9,988.4,100,26060.0,8.9,19.1,prague,2026-06-01T04:07:21.547846
2026-06-01T02:00,16.1,82,13.1,15.8,90,0.0,0.0,0.0,0.0,0.0,3,1011.9,988.4,100,28780.0,8.7,21.6,prague,2026-06-01T04:07:21.547846
2026-06-01T03:00,16.0,83,13.1,15.8,93,0.1,0.1,0.0,0.0,0.0,61,1011.8,988.3,100,27020.0,8.0,17.6,prague,2026-06-01T04:07:21.547846
2026-06-01T04:00,16.0,83,13.1,15.6,100,0.3,0.3,0.0,0.0,0.0,61,1012.0,988.5,100,26860.0,9.4,19.1,prague,2026-06-01T04:07:21.547846
2026-06-01T05:00,15.8,86,13.4,15.2,88,0.5,0.5,0.0,0.0,0.0,61,1012.7,989.2,100,8260.0,11.6,24.5,prague,2026-06-01T04:07:21.547846
2026-06-01T06:00,16.0,85,13.5,15.4,68,2.3,2.3,0.0,0.0,0.0,61,1013.6,990.1,100,19400.0,12.0,26.3,prague,2026-06-01T04:07:21.547846
2026-06-01T07:00,16.3,82,13.2,16.0,35,0.9,0.9,0.0,0.0,0.0,61,1014.2,990.7,100,22200.0,8.9,25.2,prague,2026-06-01T04:07:21.547846
2026-06-01T08:00,17.3,75,12.8,17.0,20,0.3,0.3,0.0,0.0,0.0,61,1014.7,991.3,100,34280.0,8.2,18.0,prague,2026-06-01T04:07:21.547846
2026-06-01T09:00,18.5,63,11.4,17.2,20,0.0,0.0,0.0,0.0,0.0,3,1015.0,991.7,99,39140.0,12.1,24.8,prague,2026-06-01T04:07:21.547846
2026-06-01T10:00,19.5,60,11.6,18.5,18,0.0,0.0,0.0,0.0,0.0,3,1015.2,991.9,99,39760.0,10.1,27.0,prague,2026-06-01T04:07:21.547846
2026-06-01T11:00,21.0,53,11.1,20.4,18,0.0,0.0,0.0,0.0,0.0,3,1014.9,991.8,100,40840.0,9.1,22.3,prague,2026-06-01T04:07:21.547846
2026-06-01T12:00,22.1,42,8.6,20.4,18,0.0,0.0,0.0,0.0,0.0,3,1014.5,991.5,99,42420.0,11.2,26.6,prague,2026-06-01T04:07:21.547846
2026-06-01T13:00,20.4,52,10.2,18.9,8,0.2,0.2,0.0,0.0,0.0,80,1014.8,991.6,100,41000.0,11.0,44.3,prague,2026-06-01T04:07:21.547846
2026-06-01T14:00,21.1,49,10.0,19.1,5,0.0,0.0,0.0,0.0,0.0,3,1014.6,991.5,100,41320.0,13.7,29.9,prague,2026-06-01T04:07:21.547846
2026-06-01T15:00,22.0,48,10.5,20.9,0,0.0,0.0,0.0,0.0,0.0,2,1014.3,991.3,46,41500.0,8.5,25.9,prague,2026-06-01T04:07:21.547846
2026-06-01T16:00,22.8,43,9.6,20.9,0,0.0,0.0,0.0,0.0,0.0,2,1014.1,991.1,88,42200.0,12.2,25.9,prague,2026-06-01T04:07:21.547846
2026-06-01T17:00,22.6,44,9.8,21.3,0,0.0,0.0,0.0,0.0,0.0,1,1014.1,991.1,8,42240.0,8.9,25.2,prague,2026-06-01T04:07:21.547846
2026-06-01T18:00,22.2,44,9.4,21.2,0,0.0,0.0,0.0,0.0,0.0,2,1014.1,991.1,60,42280.0,5.9,18.4,prague,2026-06-01T04:07:21.547846
2026-06-01T19:00,21.2,47,9.5,20.5,0,0.0,0.0,0.0,0.0,0.0,2,1014.3,991.2,88,41960.0,4.1,12.6,prague,2026-06-01T04:07:21.547846
2026-06-01T20:00,20.4,50,9.6,20.0,0,0.0,0.0,0.0,0.0,0.0,3,1014.5,991.3,100,41580.0,2.3,7.9,prague,2026-06-01T04:07:21.547846
2026-06-01T21:00,19.1,59,10.9,19.0,0,0.0,0.0,0.0,0.0,0.0,2,1014.6,991.3,76,40480.0,2.9,5.4,prague,2026-06-01T04:07:21.547846
2026-06-01T22:00,17.3,72,12.2,17.6,0,0.0,0.0,0.0,0.0,0.0,3,1014.9,991.5,83,36800.0,3.1,6.1,prague,2026-06-01T04:07:21.547846
2026-06-01T23:00,16.7,78,12.9,17.2,0,0.0,0.0,0.0,0.0,0.0,3,1014.8,991.3,88,32940.0,2.7,6.5,prague,2026-06-01T04:07:21.547846
2026-06-01T00:00,15.0,78,11.2,14.4,0,0.0,0.0,0.0,0.0,0.0,3,1011.9,1010.9,96,34200.0,6.5,15.1,copenhagen,2026-06-01T04:07:24.123381
2026-06-01T01:00,15.1,79,11.5,14.9,0,0.0,0.0,0.0,0.0,0.0,3,1012.3,1011.3,100,33000.0,4.3,11.9,copenhagen,2026-06-01T04:07:24.123381
2026-06-01T02:00,14.8,79,11.2,14.5,0,0.0,0.0,0.0,0.0,0.0,3,1012.5,1011.5,100,33320.0,4.7,9.7,copenhagen,2026-06-01T04:07:24.123381
2026-06-01T03:00,15.0,78,11.2,14.5,0,0.0,0.0,0.0,0.0,0.0,3,1012.6,1011.6,93,33320.0,5.4,11.2,copenhagen,2026-06-01T04:07:24.123381
2026-06-01T04:00,15.1,80,11.6,14.8,0,0.0,0.0,0.0,0.0,0.0,3,1013.0,1012.0,95,33320.0,5.4,12.6,copenhagen,2026-06-01T04:07:24.123381
2026-06-01T05:00,15.3,79,11.7,15.1,0,0.0,0.0,0.0,0.0,0.0,3,1013.1,1012.1,95,33320.0,4.7,12.2,copenhagen,2026-06-01T04:07:24.123381
2026-06-01T06:00,16.2,70,10.7,15.9,0,0.0,0.0,0.0,0.0,0.0,3,1013.2,1012.2,89,36980.0,4.0,12.2,copenhagen,2026-06-01T04:07:24.123381
2026-06-01T07:00,16.9,62,9.6,15.8,12,0.0,0.0,0.0,0.0,0.0,3,1013.4,1012.4,98,36980.0,7.2,17.6,copenhagen,2026-06-01T04:07:24.123381
2026-06-01T08:00,16.7,68,10.8,15.7,29,0.0,0.0,0.0,0.0,0.0,3,1013.7,1012.7,100,14000.0,8.3,19.4,copenhagen,2026-06-01T04:07:24.123381
2026-06-01T09:00,17.3,64,10.4,16.6,41,0.0,0.0,0.0,0.0,0.0,3,1013.8,1012.8,99,27260.0,6.1,19.4,copenhagen,2026-06-01T04:07:24.123381
2026-06-01T10:00,17.8,67,11.6,17.0,40,0.0,0.0,0.0,0.0,0.0,3,1014.0,1013.0,84,14680.0,9.0,23.4,copenhagen,2026-06-01T04:07:24.123381
2026-06-01T11:00,19.1,56,10.1,18.4,34,0.0,0.0,0.0,0.0,0.0,2,1014.1,1013.2,78,42960.0,7.9,23.0,copenhagen,2026-06-01T04:07:24.123381
2026-06-01T12:00,19.8,53,9.9,18.5,35,0.0,0.0,0.0,0.0,0.0,2,1014.0,1013.1,69,17900.0,8.6,23.0,copenhagen,2026-06-01T04:07:24.123381
2026-06-01T13:00,20.2,57,11.4,19.3,52,0.0,0.0,0.0,0.0,0.0,2,1013.9,1013.0,61,11000.0,9.0,24.1,copenhagen,2026-06-01T04:07:24.123381
2026-06-01T14:00,20.6,56,11.5,19.5,76,0.0,0.0,0.0,0.0,0.0,2,1013.7,1012.8,61,10880.0,10.8,26.3,copenhagen,2026-06-01T04:07:24.123381
2026-06-01T15:00,20.5,56,11.4,19.3,92,0.0,0.0,0.0,0.0,0.0,2,1013.7,1012.8,59,10600.0,11.2,27.4,copenhagen,2026-06-01T04:07:24.123381
2026-06-01T16:00,20.4,58,11.8,19.3,96,0.0,0.0,0.0,0.0,0.0,1,1013.6,1012.7,39,13760.0,10.8,27.7,copenhagen,2026-06-01T04:07:24.123381
2026-06-01T17:00,20.3,59,12.0,19.8,92,0.0,0.0,0.0,0.0,0.0,1,1013.2,1012.3,45,34940.0,7.6,25.9,copenhagen,2026-06-01T04:07:24.123381
2026-06-01T18:00,19.9,60,11.9,19.4,80,0.0,0.0,0.0,0.0,0.0,2,1012.9,1012.0,52,14680.0,7.6,18.4,copenhagen,2026-06-01T04:07:24.123381
2026-06-01T19:00,19.2,61,11.5,18.4,55,0.0,0.0,0.0,0.0,0.0,3,1013.0,1012.1,82,20000.0,9.0,18.4,copenhagen,2026-06-01T04:07:24.123381
2026-06-01T20:00,18.2,66,11.7,17.5,23,0.0,0.0,0.0,0.0,0.0,3,1013.1,1012.2,96,40120.0,8.3,16.2,copenhagen,2026-06-01T04:07:24.123381
2026-06-01T21:00,17.6,69,11.9,17.1,0,0.0,0.0,0.0,0.0,0.0,3,1013.3,1012.3,99,37000.0,7.2,14.8,copenhagen,2026-06-01T04:07:24.123381
2026-06-01T22:00,17.2,71,11.9,16.9,0,0.0,0.0,0.0,0.0,0.0,3,1013.4,1012.4,99,37000.0,6.5,13.3,copenhagen,2026-06-01T04:07:24.123381
2026-06-01T23:00,16.7,74,12.0,16.1,0,0.0,0.0,0.0,0.0,0.0,3,1013.3,1012.3,93,33340.0,8.3,14.0,copenhagen,2026-06-01T04:07:24.123381
2026-06-01T00:00,25.3,84,22.4,29.9,0,0.0,0.0,0.0,0.0,0.0,0,1011.2,979.5,1,11860.0,4.1,12.6,kinshasa,2026-06-01T04:08:01.947082
2026-06-01T01:00,25.0,87,22.6,30.3,0,0.0,0.0,0.0,0.0,0.0,0,1011.2,979.5,1,11860.0,0.3,10.1,kinshasa,2026-06-01T04:08:01.947082
2026-06-01T02:00,24.8,89,22.8,30.0,0,0.0,0.0,0.0,0.0,0.0,0,1011.1,979.4,1,10580.0,0.4,2.2,kinshasa,2026-06-01T04:08:01.947082
2026-06-01T03:00,24.5,90,22.8,29.9,0,0.0,0.0,0.0,0.0,0.0,0,1011.1,979.3,1,10580.0,0.5,2.5,kinshasa,2026-06-01T04:08:01.947082
2026-06-01T04:00,24.3,92,22.9,29.6,0,0.0,0.0,0.0,0.0,0.0,0,1011.3,979.5,1,9220.0,0.7,2.9,kinshasa,2026-06-01T04:08:01.947082
2026-06-01T05:00,24.0,94,22.9,29.1,0,0.0,0.0,0.0,0.0,0.0,0,1011.9,980.0,2,9220.0,1.8,5.0,kinshasa,2026-06-01T04:08:01.947082
2026-06-01T06:00,24.2,92,23.0,29.3,0,0.0,0.0,0.0,0.0,0.0,0,1012.3,980.5,6,9220.0,2.6,7.9,kinshasa,2026-06-01T04:08:01.947082
2026-06-01T07:00,25.2,88,23.1,30.5,0,0.0,0.0,0.0,0.0,0.0,0,1012.8,981.1,9,10540.0,2.2,10.1,kinshasa,2026-06-01T04:08:01.947082
2026-06-01T08:00,26.6,81,23.0,31.8,0,0.0,0.0,0.0,0.0,0.0,0,1013.1,981.5,4,11800.0,1.8,11.5,kinshasa,2026-06-01T04:08:01.947082
2026-06-01T09:00,28.0,75,23.1,33.6,0,0.0,0.0,0.0,0.0,0.0,0,1012.8,981.3,2,13180.0,0.9,11.5,kinshasa,2026-06-01T04:08:01.947082
2026-06-01T10:00,29.4,70,23.2,35.8,0,0.0,0.0,0.0,0.0,0.0,0,1012.1,980.8,0,14540.0,1.4,13.0,kinshasa,2026-06-01T04:08:01.947082
2026-06-01T11:00,30.6,64,23.0,37.4,0,0.0,0.0,0.0,0.0,0.0,0,1011.0,979.9,0,14540.0,1.5,13.7,kinshasa,2026-06-01T04:08:01.947082
2026-06-01T12:00,31.7,58,22.3,38.1,0,0.0,0.0,0.0,0.0,0.0,0,1010.0,979.0,8,15900.0,0.7,13.7,kinshasa,2026-06-01T04:08:01.947082
2026-06-01T13:00,32.2,54,21.6,37.3,1,0.0,0.0,0.0,0.0,0.0,0,1009.1,978.2,4,15880.0,2.5,13.7,kinshasa,2026-06-01T04:08:01.947082
2026-06-01T14:00,32.5,51,21.0,36.4,2,0.0,0.0,0.0,0.0,0.0,0,1008.2,977.3,16,18540.0,3.1,14.0,kinshasa,2026-06-01T04:08:01.947082
2026-06-01T15:00,32.3,50,20.5,35.8,2,0.0,0.0,0.0,0.0,0.0,0,1007.6,976.7,4,18520.0,3.7,13.3,kinshasa,2026-06-01T04:08:01.947082
2026-06-01T16:00,31.6,53,20.9,35.5,2,0.0,0.0,0.0,0.0,0.0,0,1007.8,976.9,5,18520.0,3.2,12.2,kinshasa,2026-06-01T04:08:01.947082
2026-06-01T17:00,30.1,65,22.9,35.2,1,0.0,0.0,0.0,0.0,0.0,1,1008.6,977.5,20,15840.0,2.2,7.2,kinshasa,2026-06-01T04:08:01.947082
2026-06-01T18:00,29.0,71,23.2,34.2,0,0.0,0.0,0.0,0.0,0.0,0,1009.3,978.1,5,14460.0,3.0,6.8,kinshasa,2026-06-01T04:08:01.947082
2026-06-01T19:00,28.5,75,23.5,33.8,0,0.0,0.0,0.0,0.0,0.0,2,1010.1,978.8,77,14440.0,3.0,7.6,kinshasa,2026-06-01T04:08:01.947082
2026-06-01T20:00,28.0,76,23.4,33.2,0,0.0,0.0,0.0,0.0,0.0,3,1011.0,979.6,92,13080.0,3.4,7.9,kinshasa,2026-06-01T04:08:01.947082
2026-06-01T21:00,27.3,76,22.8,31.9,0,0.0,0.0,0.0,0.0,0.0,3,1011.8,980.3,94,13060.0,5.6,13.7,kinshasa,2026-06-01T04:08:01.947082
2026-06-01T22:00,26.5,80,22.6,31.1,0,0.0,0.0,0.0,0.0,0.0,3,1012.1,980.5,95,13060.0,4.3,12.6,kinshasa,2026-06-01T04:08:01.947082
2026-06-01T23:00,26.0,82,22.6,30.5,0,0.0,0.0,0.0,0.0,0.0,3,1012.1,980.5,95,11660.0,5.3,13.3,kinshasa,2026-06-01T04:08:01.947082
2026-06-01T00:00,14.0,94,13.0,14.3,92,0.5,0.0,0.5,0.0,0.0,53,1018.3,758.2,98,23580.0,4.4,13.7,cuenca,2026-06-01T04:08:39.730911
2026-06-01T01:00,14.0,93,12.8,14.4,76,0.1,0.0,0.1,0.0,0.0,51,1019.6,759.2,100,23160.0,3.6,13.0,cuenca,2026-06-01T04:08:39.730911
2026-06-01T02:00,13.8,93,12.7,14.3,55,0.0,0.0,0.0,0.0,0.0,3,1020.6,759.8,92,54060.0,2.8,11.2,cuenca,2026-06-01T04:08:39.730911
2026-06-01T03:00,13.4,91,11.9,13.3,37,0.0,0.0,0.0,0.0,0.0,3,1021.0,759.7,91,54080.0,4.6,12.6,cuenca,2026-06-01T04:08:39.730911
2026-06-01T04:00,13.0,91,11.6,12.9,27,0.0,0.0,0.0,0.0,0.0,2,1020.9,759.4,65,52580.0,4.4,13.0,cuenca,2026-06-01T04:08:39.730911
2026-06-01T05:00,12.4,94,11.4,12.2,20,0.0,0.0,0.0,0.0,0.0,2,1020.7,758.8,59,10420.0,4.5,13.0,cuenca,2026-06-01T04:08:39.730911
2026-06-01T06:00,11.7,95,10.9,11.5,16,0.0,0.0,0.0,0.0,0.0,2,1020.0,757.7,62,2200.0,3.6,11.5,cuenca,2026-06-01T04:08:39.730911
2026-06-01T07:00,11.2,97,10.7,11.0,14,0.0,0.0,0.0,0.0,0.0,3,1019.8,757.2,100,1140.0,2.8,9.7,cuenca,2026-06-01T04:08:39.730911
2026-06-01T08:00,11.7,96,11.1,11.7,14,0.0,0.0,0.0,0.0,0.0,2,1019.4,757.3,63,1000.0,2.6,9.0,cuenca,2026-06-01T04:08:39.730911
2026-06-01T09:00,11.4,95,10.7,11.1,14,0.0,0.0,0.0,0.0,0.0,1,1019.1,756.8,37,1280.0,3.6,9.4,cuenca,2026-06-01T04:08:39.730911
2026-06-01T10:00,10.9,96,10.3,10.6,14,0.0,0.0,0.0,0.0,0.0,1,1019.2,756.5,34,6740.0,3.1,10.1,cuenca,2026-06-01T04:08:39.730911
2026-06-01T11:00,10.6,95,9.9,10.2,14,0.0,0.0,0.0,0.0,0.0,1,1019.8,756.7,34,32120.0,2.8,8.3,cuenca,2026-06-01T04:08:39.730911
2026-06-01T12:00,11.6,93,10.5,11.0,16,0.0,0.0,0.0,0.0,0.0,1,1020.5,758.0,33,25560.0,5.2,11.5,cuenca,2026-06-01T04:08:39.730911
2026-06-01T13:00,14.3,78,10.6,13.7,21,0.0,0.0,0.0,0.0,0.0,1,1020.9,760.4,27,18900.0,5.9,16.2,cuenca,2026-06-01T04:08:39.730911
2026-06-01T14:00,15.4,75,11.0,14.6,28,0.0,0.0,0.0,0.0,0.0,3,1021.2,761.4,88,22520.0,8.1,22.0,cuenca,2026-06-01T04:08:39.730911
2026-06-01T15:00,16.9,69,11.2,16.0,37,0.0,0.0,0.0,0.0,0.0,1,1020.6,762.1,25,9600.0,8.9,24.1,cuenca,2026-06-01T04:08:39.730911
2026-06-01T16:00,17.6,67,11.3,16.7,51,0.3,0.3,0.0,0.0,0.0,51,1019.9,762.1,37,6980.0,10.1,26.6,cuenca,2026-06-01T04:08:39.730911
2026-06-01T17:00,18.8,61,11.1,18.9,67,0.3,0.3,0.0,0.0,0.0,51,1018.6,762.0,32,10380.0,11.0,29.9,cuenca,2026-06-01T04:08:39.730911
2026-06-01T18:00,19.8,57,10.9,20.4,78,0.1,0.1,0.0,0.0,0.0,51,1016.5,761.2,53,8260.0,10.6,32.0,cuenca,2026-06-01T04:08:39.730911
2026-06-01T19:00,19.8,58,11.2,20.4,79,0.5,0.3,0.2,0.0,0.0,53,1015.1,760.1,41,5480.0,9.5,29.5,cuenca,2026-06-01T04:08:39.730911
2026-06-01T20:00,19.4,60,11.4,19.4,76,0.9,0.4,0.5,0.0,0.0,53,1013.9,759.0,41,5360.0,8.3,26.3,cuenca,2026-06-01T04:08:39.730911
2026-06-01T21:00,19.1,58,10.7,18.3,73,0.6,0.4,0.2,0.0,0.0,53,1013.4,758.3,52,7380.0,7.2,22.7,cuenca,2026-06-01T04:08:39.730911
2026-06-01T22:00,18.3,67,12.0,18.6,74,0.7,0.3,0.4,0.0,0.0,53,1014.0,758.2,60,5740.0,2.5,19.4,cuenca,2026-06-01T04:08:39.730911
2026-06-01T23:00,15.3,89,13.5,16.0,75,0.5,0.2,0.3,0.0,0.0,53,1015.5,757.1,45,5280.0,3.6,11.5,cuenca,2026-06-01T04:08:39.730911
2026-06-01T00:00,12.7,91,11.2,12.8,71,0.0,0.0,0.0,0.0,0.0,3,1016.5,732.3,94,60440.0,2.1,16.2,quito,2026-06-01T04:09:17.483271
2026-06-01T01:00,12.1,92,10.9,12.3,49,0.0,0.0,0.0,0.0,0.0,3,1017.4,732.5,97,1560.0,1.0,8.6,quito,2026-06-01T04:09:17.483271
2026-06-01T02:00,11.6,89,9.9,10.9,22,0.0,0.0,0.0,0.0,0.0,3,1018.0,732.5,95,1260.0,4.8,7.9,quito,2026-06-01T04:09:17.483271
2026-06-01T03:00,10.7,90,9.1,9.7,2,0.0,0.0,0.0,0.0,0.0,2,1018.0,731.8,62,600.0,5.1,10.1,quito,2026-06-01T04:09:17.483271
2026-06-01T04:00,10.1,89,8.4,9.0,0,0.0,0.0,0.0,0.0,0.0,2,1017.8,731.1,73,480.0,4.4,10.8,quito,2026-06-01T04:09:17.483271
2026-06-01T05:00,10.3,87,8.1,9.4,0,0.0,0.0,0.0,0.0,0.0,2,1017.5,731.0,73,500.0,2.4,10.4,quito,2026-06-01T04:09:17.483271
2026-06-01T06:00,10.5,83,7.8,9.6,0,0.0,0.0,0.0,0.0,0.0,2,1017.2,731.0,59,740.0,2.6,7.2,quito,2026-06-01T04:09:17.483271
2026-06-01T07:00,9.7,87,7.6,8.5,0,0.0,0.0,0.0,0.0,0.0,2,1016.7,730.0,54,1100.0,3.4,9.7,quito,2026-06-01T04:09:17.483271
2026-06-01T08:00,9.7,83,7.0,8.4,0,0.0,0.0,0.0,0.0,0.0,2,1016.3,729.7,50,1780.0,3.8,9.4,quito,2026-06-01T04:09:17.483271
2026-06-01T09:00,9.6,81,6.5,8.3,0,0.0,0.0,0.0,0.0,0.0,1,1016.3,729.6,48,2820.0,2.6,9.4,quito,2026-06-01T04:09:17.483271
2026-06-01T10:00,9.6,79,6.1,8.2,0,0.0,0.0,0.0,0.0,0.0,2,1016.8,730.0,66,4060.0,2.7,7.2,quito,2026-06-01T04:09:17.483271
2026-06-01T11:00,9.6,74,5.2,7.9,0,0.0,0.0,0.0,0.0,0.0,3,1017.4,730.4,96,6720.0,3.5,9.0,quito,2026-06-01T04:09:17.483271
2026-06-01T12:00,11.3,67,5.3,9.3,0,0.0,0.0,0.0,0.0,0.0,3,1017.8,732.1,89,10980.0,5.9,13.7,quito,2026-06-01T04:09:17.483271
2026-06-01T13:00,13.4,60,5.8,11.8,0,0.0,0.0,0.0,0.0,0.0,3,1018.1,734.1,97,29080.0,3.8,15.1,quito,2026-06-01T04:09:17.483271
2026-06-01T14:00,15.3,54,6.0,13.8,0,0.0,0.0,0.0,0.0,0.0,3,1017.9,735.4,88,23580.0,3.3,16.6,quito,2026-06-01T04:09:17.483271
2026-06-01T15:00,17.1,50,6.6,16.2,0,0.0,0.0,0.0,0.0,0.0,1,1016.7,736.0,45,79800.0,1.6,17.6,quito,2026-06-01T04:09:17.483271
2026-06-01T16:00,19.0,44,6.6,19.4,1,0.0,0.0,0.0,0.0,0.0,1,1015.6,736.7,48,34960.0,2.9,23.0,quito,2026-06-01T04:09:17.483271
2026-06-01T17:00,20.1,41,6.5,20.1,2,0.0,0.0,0.0,0.0,0.0,1,1014.4,736.7,27,79840.0,7.4,30.6,quito,2026-06-01T04:09:17.483271
2026-06-01T18:00,20.6,40,6.6,20.4,4,0.0,0.0,0.0,0.0,0.0,1,1012.9,736.0,41,79940.0,9.7,35.6,quito,2026-06-01T04:09:17.483271
2026-06-01T19:00,21.0,38,6.1,19.6,8,0.0,0.0,0.0,0.0,0.0,2,1010.8,734.8,65,82740.0,10.6,36.4,quito,2026-06-01T04:09:17.483271
2026-06-01T20:00,21.0,37,5.9,18.3,13,0.0,0.0,0.0,0.0,0.0,1,1009.6,733.9,49,82740.0,11.8,37.8,quito,2026-06-01T04:09:17.483271
2026-06-01T21:00,20.1,42,6.8,17.4,18,0.0,0.0,0.0,0.0,0.0,2,1009.7,733.3,62,78100.0,12.4,38.2,quito,2026-06-01T04:09:17.483271
2026-06-01T22:00,18.0,58,9.5,16.1,24,0.0,0.0,0.0,0.0,0.0,2,1011.0,732.6,68,75880.0,12.1,37.8,quito,2026-06-01T04:09:17.483271
2026-06-01T23:00,16.1,71,10.8,14.9,31,0.0,0.0,0.0,0.0,0.0,2,1012.8,732.4,74,69080.0,9.7,33.1,quito,2026-06-01T04:09:17.483271
2026-06-01T00:00,22.2,59,13.8,22.8,0,0.0,0.0,0.0,0.0,0.0,0,1014.6,1012.0,3,40280.0,4.7,14.8,cairo,2026-06-01T04:09:55.241344
2026-06-01T01:00,21.7,59,13.4,22.1,0,0.0,0.0,0.0,0.0,0.0,0,1014.1,1011.5,3,40360.0,4.4,12.2,cairo,2026-06-01T04:09:55.241344
2026-06-01T02:00,21.3,60,13.2,21.7,0,0.0,0.0,0.0,0.0,0.0,1,1013.8,1011.2,20,40160.0,4.3,10.8,cairo,2026-06-01T04:09:55.241344
2026-06-01T03:00,20.9,61,13.1,21.3,0,0.0,0.0,0.0,0.0,0.0,1,1013.9,1011.3,17,39900.0,4.0,10.4,cairo,2026-06-01T04:09:55.241344
2026-06-01T04:00,21.0,62,13.5,21.5,0,0.0,0.0,0.0,0.0,0.0,0,1014.5,1011.9,4,39780.0,4.3,11.9,cairo,2026-06-01T04:09:55.241344
2026-06-01T05:00,22.3,57,13.3,22.6,0,0.0,0.0,0.0,0.0,0.0,3,1015.3,1012.7,95,40300.0,5.1,15.1,cairo,2026-06-01T04:09:55.241344
2026-06-01T06:00,24.3,50,13.2,24.4,0,0.0,0.0,0.0,0.0,0.0,0,1015.7,1013.1,0,41120.0,6.1,18.4,cairo,2026-06-01T04:09:55.241344
2026-06-01T07:00,26.6,39,11.5,26.6,0,0.0,0.0,0.0,0.0,0.0,0,1015.8,1013.3,0,42620.0,7.3,22.3,cairo,2026-06-01T04:09:55.241344
2026-06-01T08:00,28.7,34,11.3,29.6,0,0.0,0.0,0.0,0.0,0.0,0,1015.8,1013.3,0,43820.0,7.2,22.7,cairo,2026-06-01T04:09:55.241344
2026-06-01T09:00,30.6,30,11.0,32.2,0,0.0,0.0,0.0,0.0,0.0,0,1015.5,1013.0,0,45340.0,7.0,24.5,cairo,2026-06-01T04:09:55.241344
2026-06-01T10:00,32.2,28,11.4,34.1,0,0.0,0.0,0.0,0.0,0.0,0,1015.5,1013.0,0,46580.0,7.9,24.1,cairo,2026-06-01T04:09:55.241344
2026-06-01T11:00,33.5,24,10.2,34.7,0,0.0,0.0,0.0,0.0,0.0,3,1015.0,1012.5,68,48760.0,9.2,27.4,cairo,2026-06-01T04:09:55.241344
2026-06-01T12:00,33.9,23,9.8,33.7,0,0.0,0.0,0.0,0.0,0.0,2,1014.6,1012.1,55,50260.0,10.0,29.9,cairo,2026-06-01T04:09:55.241344
2026-06-01T13:00,34.2,22,9.5,33.8,0,0.0,0.0,0.0,0.0,0.0,2,1013.9,1011.4,55,51500.0,9.4,29.9,cairo,2026-06-01T04:09:55.241344
2026-06-01T14:00,34.3,23,10.2,33.0,0,0.0,0.0,0.0,0.0,0.0,1,1013.4,1010.9,32,51080.0,10.0,28.8,cairo,2026-06-01T04:09:55.241344
2026-06-01T15:00,33.6,23,9.6,31.8,0,0.0,0.0,0.0,0.0,0.0,3,1013.6,1011.1,97,51580.0,11.6,31.0,cairo,2026-06-01T04:09:55.241344
2026-06-01T16:00,32.6,23,8.8,30.7,0,0.0,0.0,0.0,0.0,0.0,2,1014.1,1011.6,70,51700.0,10.5,31.0,cairo,2026-06-01T04:09:55.241344
2026-06-01T17:00,31.0,27,9.8,29.2,0,0.0,0.0,0.0,0.0,0.0,3,1014.5,1012.0,94,49060.0,12.0,31.0,cairo,2026-06-01T04:09:55.241344
2026-06-01T18:00,28.7,41,14.1,28.4,0,0.0,0.0,0.0,0.0,0.0,1,1015.6,1013.1,24,42980.0,10.8,36.4,cairo,2026-06-01T04:09:55.241344
2026-06-01T19:00,27.4,46,14.8,27.5,0,0.0,0.0,0.0,0.0,0.0,3,1016.0,1013.5,95,41920.0,10.0,28.8,cairo,2026-06-01T04:09:55.241344
2026-06-01T20:00,26.4,48,14.5,26.7,0,0.0,0.0,0.0,0.0,0.0,1,1016.6,1014.1,10,41720.0,7.9,25.6,cairo,2026-06-01T04:09:55.241344
2026-06-01T21:00,25.4,48,13.6,25.5,0,0.0,0.0,0.0,0.0,0.0,2,1016.6,1014.0,60,41640.0,7.2,20.2,cairo,2026-06-01T04:09:55.241344
2026-06-01T22:00,24.6,50,13.5,24.8,0,0.0,0.0,0.0,0.0,0.0,2,1016.6,1014.0,83,41500.0,6.6,19.4,cairo,2026-06-01T04:09:55.241344
2026-06-01T23:00,23.7,54,13.9,24.1,0,0.0,0.0,0.0,0.0,0.0,1,1016.3,1013.7,32,40980.0,6.0,16.6,cairo,2026-06-01T04:09:55.241344
2026-06-01T00:00,13.0,64,6.3,10.4,0,0.0,0.0,0.0,0.0,0.0,3,1013.9,1011.2,96,46100.0,11.5,20.5,tallinn,2026-06-01T04:09:57.811512
2026-06-01T01:00,12.9,64,6.2,10.4,0,0.0,0.0,0.0,0.0,0.0,3,1013.9,1011.2,98,46100.0,10.4,20.5,tallinn,2026-06-01T04:09:57.811512
2026-06-01T02:00,12.7,65,6.3,10.3,0,0.0,0.0,0.0,0.0,0.0,3,1013.9,1011.2,98,50200.0,10.1,18.7,tallinn,2026-06-01T04:09:57.811512
2026-06-01T03:00,12.6,68,6.8,10.3,0,0.0,0.0,0.0,0.0,0.0,3,1014.1,1011.4,97,50220.0,9.7,18.4,tallinn,2026-06-01T04:09:57.811512
2026-06-01T04:00,12.7,68,7.0,10.8,0,0.0,0.0,0.0,0.0,0.0,3,1014.1,1011.4,99,50220.0,7.9,18.4,tallinn,2026-06-01T04:09:57.811512
2026-06-01T05:00,13.6,67,7.6,12.0,0,0.0,0.0,0.0,0.0,0.0,3,1014.2,1011.5,99,53600.0,6.5,15.5,tallinn,2026-06-01T04:09:57.811512
2026-06-01T06:00,14.6,65,8.1,13.2,0,0.0,0.0,0.0,0.0,0.0,3,1014.3,1011.7,99,56560.0,6.5,15.8,tallinn,2026-06-01T04:09:57.811512
2026-06-01T07:00,14.9,66,8.6,13.6,0,0.0,0.0,0.0,0.0,0.0,3,1014.3,1011.7,99,56560.0,6.1,16.2,tallinn,2026-06-01T04:09:57.811512
2026-06-01T08:00,15.7,66,9.4,14.9,1,0.0,0.0,0.0,0.0,0.0,3,1014.4,1011.8,98,56560.0,4.3,14.8,tallinn,2026-06-01T04:09:57.811512
2026-06-01T09:00,16.2,66,9.8,15.5,2,0.0,0.0,0.0,0.0,0.0,3,1014.3,1011.7,99,56580.0,4.0,12.6,tallinn,2026-06-01T04:09:57.811512
2026-06-01T10:00,16.3,72,11.2,15.4,3,0.0,0.0,0.0,0.0,0.0,3,1014.4,1011.8,98,60780.0,8.3,19.4,tallinn,2026-06-01T04:09:57.811512
2026-06-01T11:00,16.9,70,11.4,16.3,5,0.0,0.0,0.0,0.0,0.0,3,1014.5,1011.9,93,60800.0,6.8,18.7,tallinn,2026-06-01T04:09:57.811512
2026-06-01T12:00,17.0,70,11.5,15.9,6,0.0,0.0,0.0,0.0,0.0,2,1014.4,1011.8,71,60800.0,10.1,22.3,tallinn,2026-06-01T04:09:57.811512
2026-06-01T13:00,17.3,66,10.9,16.3,6,0.0,0.0,0.0,0.0,0.0,2,1014.2,1011.6,55,60800.0,11.5,25.2,tallinn,2026-06-01T04:09:57.811512
2026-06-01T14:00,17.2,63,10.1,15.6,5,0.0,0.0,0.0,0.0,0.0,2,1014.2,1011.6,55,56600.0,11.2,25.9,tallinn,2026-06-01T04:09:57.811512
2026-06-01T15:00,17.1,63,10.0,15.7,4,0.0,0.0,0.0,0.0,0.0,1,1014.1,1011.5,48,56620.0,9.4,24.1,tallinn,2026-06-01T04:09:57.811512
2026-06-01T16:00,16.7,64,9.8,15.4,3,0.0,0.0,0.0,0.0,0.0,1,1013.8,1011.2,30,56620.0,8.6,20.9,tallinn,2026-06-01T04:09:57.811512
2026-06-01T17:00,16.2,66,9.9,15.2,1,0.0,0.0,0.0,0.0,0.0,1,1013.4,1010.8,33,53660.0,6.5,18.4,tallinn,2026-06-01T04:09:57.811512
2026-06-01T18:00,15.7,68,9.8,15.0,0,0.0,0.0,0.0,0.0,0.0,2,1013.4,1010.8,73,53660.0,4.3,13.7,tallinn,2026-06-01T04:09:57.811512
2026-06-01T19:00,15.5,68,9.6,15.1,0,0.0,0.0,0.0,0.0,0.0,3,1013.5,1010.9,89,53680.0,2.5,9.0,tallinn,2026-06-01T04:09:57.811512
2026-06-01T20:00,15.4,63,8.4,14.4,0,0.0,0.0,0.0,0.0,0.0,3,1013.5,1010.9,83,50300.0,3.6,7.2,tallinn,2026-06-01T04:09:57.811512
2026-06-01T21:00,14.9,67,8.8,13.5,0,0.0,0.0,0.0,0.0,0.0,3,1013.3,1010.7,93,50320.0,6.8,10.1,tallinn,2026-06-01T04:09:57.811512
2026-06-01T22:00,14.5,71,9.3,13.1,0,0.0,0.0,0.0,0.0,0.0,3,1013.5,1010.9,94,50320.0,8.3,12.2,tallinn,2026-06-01T04:09:57.811512
2026-06-01T23:00,14.3,71,9.1,13.1,0,0.0,0.0,0.0,0.0,0.0,2,1013.4,1010.8,79,46220.0,6.5,13.0,tallinn,2026-06-01T04:09:57.811512
2026-06-01T00:00,10.3,88,8.4,8.2,0,0.0,0.0,0.0,0.0,0.0,3,1014.2,1013.1,95,37940.0,11.9,18.7,helsinki,2026-06-01T04:10:08.982973
2026-06-01T01:00,10.0,90,8.4,8.1,0,0.0,0.0,0.0,0.0,0.0,3,1014.2,1013.1,94,37940.0,9.7,18.4,helsinki,2026-06-01T04:10:08.982973
2026-06-01T02:00,9.8,90,8.3,8.0,0,0.0,0.0,0.0,0.0,0.0,3,1014.1,1013.0,96,43560.0,9.0,15.1,helsinki,2026-06-01T04:10:08.982973
2026-06-01T03:00,10.3,91,8.9,8.6,0,0.0,0.0,0.0,0.0,0.0,3,1014.5,1013.4,98,43580.0,9.7,15.8,helsinki,2026-06-01T04:10:08.982973
2026-06-01T04:00,11.3,85,8.9,9.7,0,0.0,0.0,0.0,0.0,0.0,3,1014.4,1013.3,96,47860.0,9.0,15.8,helsinki,2026-06-01T04:10:08.982973
2026-06-01T05:00,12.5,79,8.9,10.9,0,0.0,0.0,0.0,0.0,0.0,3,1014.5,1013.4,96,52000.0,8.6,16.2,helsinki,2026-06-01T04:10:08.982973
2026-06-01T06:00,13.2,75,8.9,11.5,0,0.0,0.0,0.0,0.0,0.0,3,1014.6,1013.5,92,52000.0,10.1,18.4,helsinki,2026-06-01T04:10:08.982973
2026-06-01T07:00,14.2,73,9.4,12.3,0,0.0,0.0,0.0,0.0,0.0,2,1014.6,1013.5,73,52000.0,11.9,22.0,helsinki,2026-06-01T04:10:08.982973
2026-06-01T08:00,15.2,70,9.7,13.2,0,0.0,0.0,0.0,0.0,0.0,2,1014.6,1013.5,66,51700.0,13.0,23.8,helsinki,2026-06-01T04:10:08.982973
2026-06-01T09:00,16.0,67,9.9,14.4,0,0.0,0.0,0.0,0.0,0.0,2,1014.6,1013.5,64,55380.0,13.3,25.2,helsinki,2026-06-01T04:10:08.982973
2026-06-01T10:00,16.7,64,9.9,15.5,0,0.0,0.0,0.0,0.0,0.0,1,1014.6,1013.5,48,55380.0,13.3,25.9,helsinki,2026-06-01T04:10:08.982973
2026-06-01T11:00,17.0,64,10.2,15.9,0,0.0,0.0,0.0,0.0,0.0,1,1014.6,1013.5,37,55400.0,14.0,26.6,helsinki,2026-06-01T04:10:08.982973
2026-06-01T12:00,17.3,64,10.4,16.4,0,0.0,0.0,0.0,0.0,0.0,1,1014.6,1013.5,29,55400.0,13.3,26.3,helsinki,2026-06-01T04:10:08.982973
2026-06-01T13:00,17.4,63,10.3,16.1,0,0.0,0.0,0.0,0.0,0.0,1,1014.4,1013.3,28,55400.0,13.7,25.6,helsinki,2026-06-01T04:10:08.982973
2026-06-01T14:00,17.3,62,10.0,15.9,0,0.0,0.0,0.0,0.0,0.0,1,1014.5,1013.4,25,58360.0,11.5,25.2,helsinki,2026-06-01T04:10:08.982973
2026-06-01T15:00,17.0,64,10.1,15.5,0,0.0,0.0,0.0,0.0,0.0,0,1014.2,1013.1,15,55420.0,10.1,22.0,helsinki,2026-06-01T04:10:08.982973
2026-06-01T16:00,16.3,65,9.7,14.8,0,0.0,0.0,0.0,0.0,0.0,0,1013.8,1012.7,5,55420.0,10.1,19.4,helsinki,2026-06-01T04:10:08.982973
2026-06-01T17:00,15.5,67,9.4,14.0,0,0.0,0.0,0.0,0.0,0.0,0,1013.3,1012.2,13,55420.0,9.4,18.7,helsinki,2026-06-01T04:10:08.982973
2026-06-01T18:00,14.6,71,9.4,13.4,0,0.0,0.0,0.0,0.0,0.0,1,1013.3,1012.2,28,52060.0,7.2,16.6,helsinki,2026-06-01T04:10:08.982973
2026-06-01T19:00,13.7,77,9.8,12.9,0,0.0,0.0,0.0,0.0,0.0,1,1013.5,1012.4,44,52080.0,5.4,12.6,helsinki,2026-06-01T04:10:08.982973
2026-06-01T20:00,12.9,81,9.7,12.0,0,0.0,0.0,0.0,0.0,0.0,2,1013.6,1012.5,57,52080.0,5.8,9.7,helsinki,2026-06-01T04:10:08.982973
2026-06-01T21:00,12.3,82,9.3,11.4,0,0.0,0.0,0.0,0.0,0.0,2,1013.4,1012.3,79,47940.0,5.4,8.6,helsinki,2026-06-01T04:10:08.982973
2026-06-01T22:00,11.9,83,9.1,11.0,0,0.0,0.0,0.0,0.0,0.0,3,1013.4,1012.3,95,47960.0,4.7,8.3,helsinki,2026-06-01T04:10:08.982973
2026-06-01T23:00,11.7,83,8.9,10.7,0,0.0,0.0,0.0,0.0,0.0,3,1013.4,1012.3,88,47960.0,4.7,7.9,helsinki,2026-06-01T04:10:08.982973
2026-06-01T00:00,21.5,65,14.6,21.8,0,0.0,0.0,0.0,0.0,0.0,0,1014.9,993.3,23,39520.0,8.2,16.2,aix-en-provence,2026-06-01T04:10:46.764164
2026-06-01T01:00,20.7,67,14.3,20.8,0,0.0,0.0,0.0,0.0,0.0,0,1014.4,992.7,0,39000.0,8.7,17.6,aix-en-provence,2026-06-01T04:10:46.764164
2026-06-01T02:00,19.9,69,14.0,19.9,0,0.0,0.0,0.0,0.0,0.0,0,1014.1,992.4,0,38220.0,8.9,19.1,aix-en-provence,2026-06-01T04:10:46.764164
2026-06-01T03:00,19.2,71,13.8,19.1,0,0.0,0.0,0.0,0.0,0.0,0,1013.7,992.0,0,37660.0,9.1,19.1,aix-en-provence,2026-06-01T04:10:46.764164
2026-06-01T04:00,18.7,72,13.5,18.5,0,0.0,0.0,0.0,0.0,0.0,1,1013.6,991.8,40,37120.0,9.1,19.1,aix-en-provence,2026-06-01T04:10:46.764164
2026-06-01T05:00,18.8,71,13.4,18.6,0,0.0,0.0,0.0,0.0,0.0,2,1013.7,991.9,57,37240.0,8.5,18.7,aix-en-provence,2026-06-01T04:10:46.764164
2026-06-01T06:00,20.4,66,13.9,20.4,0,0.0,0.0,0.0,0.0,0.0,2,1013.7,992.0,75,38740.0,8.7,16.9,aix-en-provence,2026-06-01T04:10:46.764164
2026-06-01T07:00,22.2,58,13.6,21.8,0,0.0,0.0,0.0,0.0,0.0,3,1013.8,992.3,100,39960.0,10.5,18.7,aix-en-provence,2026-06-01T04:10:46.764164
2026-06-01T08:00,24.2,52,13.7,23.5,0,0.0,0.0,0.0,0.0,0.0,2,1013.9,992.5,48,40700.0,13.2,23.4,aix-en-provence,2026-06-01T04:10:46.764164
2026-06-01T09:00,25.9,47,13.7,25.4,0,0.0,0.0,0.0,0.0,0.0,2,1014.0,992.7,70,41280.0,16.0,28.1,aix-en-provence,2026-06-01T04:10:46.764164
2026-06-01T10:00,27.0,43,13.4,26.4,0,0.0,0.0,0.0,0.0,0.0,3,1013.8,992.6,100,41880.0,19.1,31.7,aix-en-provence,2026-06-01T04:10:46.764164
2026-06-01T11:00,28.1,39,12.8,27.1,0,0.0,0.0,0.0,0.0,0.0,0,1013.4,992.3,0,42480.0,21.9,34.6,aix-en-provence,2026-06-01T04:10:46.764164
2026-06-01T12:00,28.9,35,11.9,27.5,0,0.0,0.0,0.0,0.0,0.0,2,1013.0,992.0,14,43340.0,25.7,42.5,aix-en-provence,2026-06-01T04:10:46.764164
2026-06-01T13:00,29.5,33,11.5,27.7,0,0.0,0.0,0.0,0.0,0.0,1,1012.5,991.5,37,44220.0,26.3,44.3,aix-en-provence,2026-06-01T04:10:46.764164
2026-06-01T14:00,29.6,32,11.2,27.2,0,0.0,0.0,0.0,0.0,0.0,0,1012.1,991.1,3,44780.0,27.4,49.0,aix-en-provence,2026-06-01T04:10:46.764164
2026-06-01T15:00,29.5,29,9.6,26.1,0,0.0,0.0,0.0,0.0,0.0,0,1011.8,990.8,11,46640.0,27.7,49.0,aix-en-provence,2026-06-01T04:10:46.764164
2026-06-01T16:00,29.1,28,8.7,25.1,0,0.0,0.0,0.0,0.0,0.0,1,1011.7,990.7,22,47420.0,25.4,47.9,aix-en-provence,2026-06-01T04:10:46.764164
2026-06-01T17:00,28.3,29,8.5,24.7,0,0.0,0.0,0.0,0.0,0.0,1,1011.7,990.6,11,47480.0,21.8,43.2,aix-en-provence,2026-06-01T04:10:46.764164
2026-06-01T18:00,26.9,34,9.7,24.3,0,0.0,0.0,0.0,0.0,0.0,3,1012.0,990.8,100,45080.0,17.2,36.0,aix-en-provence,2026-06-01T04:10:46.764164
2026-06-01T19:00,24.9,40,10.3,23.3,0,0.0,0.0,0.0,0.0,0.0,3,1012.3,991.0,100,43540.0,11.2,27.4,aix-en-provence,2026-06-01T04:10:46.764164
2026-06-01T20:00,23.4,57,14.4,23.3,0,0.0,0.0,0.0,0.0,0.0,3,1012.9,991.5,82,40780.0,10.3,20.9,aix-en-provence,2026-06-01T04:10:46.764164
2026-06-01T21:00,21.9,74,17.1,23.3,0,0.0,0.0,0.0,0.0,0.0,3,1013.5,992.0,100,36460.0,7.7,18.7,aix-en-provence,2026-06-01T04:10:46.764164
2026-06-01T22:00,21.1,74,16.3,22.4,0,0.0,0.0,0.0,0.0,0.0,3,1013.5,991.9,89,36160.0,5.6,13.7,aix-en-provence,2026-06-01T04:10:46.764164
2026-06-01T23:00,20.4,78,16.4,22.2,0,0.0,0.0,0.0,0.0,0.0,3,1013.5,991.8,100,34220.0,2.9,10.8,aix-en-provence,2026-06-01T04:10:46.764164
2026-06-01T00:00,17.3,88,15.3,18.8,0,0.0,0.0,0.0,0.0,0.0,3,1022.1,1019.5,68,23500.0,2.3,6.1,bordeaux,2026-06-01T04:10:49.335916
2026-06-01T01:00,16.9,90,15.2,18.2,0,0.0,0.0,0.0,0.0,0.0,3,1021.8,1019.2,92,20520.0,2.5,5.0,bordeaux,2026-06-01T04:10:49.335916
2026-06-01T02:00,16.5,91,15.0,17.8,0,0.0,0.0,0.0,0.0,0.0,3,1021.3,1018.7,81,18700.0,2.7,5.8,bordeaux,2026-06-01T04:10:49.335916
2026-06-01T03:00,16.3,91,14.8,17.5,0,0.0,0.0,0.0,0.0,0.0,3,1020.8,1018.2,99,18780.0,2.5,5.8,bordeaux,2026-06-01T04:10:49.335916
2026-06-01T04:00,16.3,91,14.8,17.5,0,0.0,0.0,0.0,0.0,0.0,3,1020.7,1018.1,99,19280.0,2.5,5.0,bordeaux,2026-06-01T04:10:49.335916
2026-06-01T05:00,16.3,91,14.8,17.5,0,0.0,0.0,0.0,0.0,0.0,3,1020.7,1018.1,93,18840.0,2.6,5.4,bordeaux,2026-06-01T04:10:49.335916
2026-06-01T06:00,17.1,88,15.1,18.4,0,0.0,0.0,0.0,0.0,0.0,3,1020.6,1018.0,83,21040.0,2.2,5.4,bordeaux,2026-06-01T04:10:49.335916
2026-06-01T07:00,18.6,83,15.6,20.3,0,0.0,0.0,0.0,0.0,0.0,3,1020.5,1017.9,100,26160.0,1.3,5.4,bordeaux,2026-06-01T04:10:49.335916
2026-06-01T08:00,20.2,75,15.6,21.8,0,0.0,0.0,0.0,0.0,0.0,3,1020.4,1017.8,100,33100.0,1.8,6.1,bordeaux,2026-06-01T04:10:49.335916
2026-06-01T09:00,21.3,67,14.9,22.7,0,0.0,0.0,0.0,0.0,0.0,3,1020.1,1017.5,97,37100.0,1.6,6.5,bordeaux,2026-06-01T04:10:49.335916
2026-06-01T10:00,22.6,60,14.4,24.2,0,0.0,0.0,0.0,0.0,0.0,3,1019.7,1017.1,100,39480.0,1.1,6.1,bordeaux,2026-06-01T04:10:49.335916
2026-06-01T11:00,23.5,55,13.9,24.9,0,0.0,0.0,0.0,0.0,0.0,3,1019.0,1016.4,87,40400.0,2.5,8.3,bordeaux,2026-06-01T04:10:49.335916
2026-06-01T12:00,24.5,52,14.0,25.9,0,0.0,0.0,0.0,0.0,0.0,2,1018.3,1015.7,88,40860.0,4.0,7.9,bordeaux,2026-06-01T04:10:49.335916
2026-06-01T13:00,25.0,50,13.9,25.5,0,0.0,0.0,0.0,0.0,0.0,3,1017.4,1014.8,100,41080.0,8.4,11.9,bordeaux,2026-06-01T04:10:49.335916
2026-06-01T14:00,24.7,57,15.6,25.2,0,0.0,0.0,0.0,0.0,0.0,3,1016.9,1014.3,89,40000.0,9.7,14.8,bordeaux,2026-06-01T04:10:49.335916
2026-06-01T15:00,25.0,56,15.6,26.1,0,0.0,0.0,0.0,0.0,0.0,3,1016.2,1013.6,93,40120.0,10.2,15.8,bordeaux,2026-06-01T04:10:49.335916
2026-06-01T16:00,24.8,57,15.7,24.9,0,0.0,0.0,0.0,0.0,0.0,3,1016.1,1013.5,99,40100.0,12.2,22.0,bordeaux,2026-06-01T04:10:49.335916
2026-06-01T17:00,23.9,61,15.9,24.0,0,0.0,0.0,0.0,0.0,0.0,3,1015.9,1013.3,100,39260.0,13.3,25.6,bordeaux,2026-06-01T04:10:49.335916
2026-06-01T18:00,22.9,65,16.0,23.3,0,0.0,0.0,0.0,0.0,0.0,3,1015.6,1013.0,93,38260.0,11.2,25.6,bordeaux,2026-06-01T04:10:49.335916
2026-06-01T19:00,21.9,68,15.7,22.4,0,0.0,0.0,0.0,0.0,0.0,1,1015.4,1012.8,6,37320.0,10.0,22.3,bordeaux,2026-06-01T04:10:49.335916
2026-06-01T20:00,20.7,75,16.1,21.7,0,0.0,0.0,0.0,0.0,0.0,1,1015.5,1012.9,26,34300.0,7.3,19.4,bordeaux,2026-06-01T04:10:49.335916
2026-06-01T21:00,19.5,82,16.4,20.7,0,0.0,0.0,0.0,0.0,0.0,0,1015.9,1013.3,7,28860.0,7.2,14.8,bordeaux,2026-06-01T04:10:49.335916
2026-06-01T22:00,18.7,87,16.4,20.1,0,0.0,0.0,0.0,0.0,0.0,0,1015.8,1013.2,3,23340.0,5.5,14.4,bordeaux,2026-06-01T04:10:49.335916
2026-06-01T23:00,18.1,90,16.4,19.7,0,0.0,0.0,0.0,0.0,0.0,1,1015.7,1013.1,55,19820.0,4.0,10.1,bordeaux,2026-06-01T04:10:49.335916
2026-06-01T00:00,21.6,90,19.9,24.5,0,0.0,0.0,0.0,0.0,0.0,3,1013.1,1011.8,100,500.0,9.3,10.4,cannes,2026-06-01T04:12:07.405677
2026-06-01T01:00,21.6,89,19.7,24.7,0,0.0,0.0,0.0,0.0,0.0,2,1012.8,1011.5,57,600.0,7.6,10.4,cannes,2026-06-01T04:12:07.405677
2026-06-01T02:00,21.4,91,19.8,24.7,0,0.0,0.0,0.0,0.0,0.0,2,1012.7,1011.4,65,780.0,6.6,10.4,cannes,2026-06-01T04:12:07.405677
2026-06-01T03:00,21.4,90,19.7,24.5,0,0.0,0.0,0.0,0.0,0.0,2,1012.8,1011.5,75,920.0,8.7,10.1,cannes,2026-06-01T04:12:07.405677
2026-06-01T04:00,21.8,88,19.7,24.5,0,0.0,0.0,0.0,0.0,0.0,3,1012.9,1011.6,100,1540.0,6.4,9.0,cannes,2026-06-01T04:12:07.405677
2026-06-01T05:00,22.2,86,19.7,25.1,0,0.0,0.0,0.0,0.0,0.0,3,1013.0,1011.7,100,3440.0,8.7,12.2,cannes,2026-06-01T04:12:07.405677
2026-06-01T06:00,22.5,83,19.5,25.4,0,0.0,0.0,0.0,0.0,0.0,3,1013.2,1011.9,100,6540.0,9.9,17.6,cannes,2026-06-01T04:12:07.405677
2026-06-01T07:00,23.4,76,18.8,25.5,0,0.0,0.0,0.0,0.0,0.0,3,1013.4,1012.1,100,30680.0,9.3,17.7,cannes,2026-06-01T04:12:07.405677
2026-06-01T08:00,24.6,68,18.4,26.4,0,0.0,0.0,0.0,0.0,0.0,3,1013.4,1012.1,100,33600.0,10.5,22.1,cannes,2026-06-01T04:12:07.405677
2026-06-01T09:00,25.3,66,18.4,26.7,0,0.0,0.0,0.0,0.0,0.0,3,1013.4,1012.1,100,5420.0,11.4,24.0,cannes,2026-06-01T04:12:07.405677
2026-06-01T10:00,25.7,66,18.9,27.3,0,0.0,0.0,0.0,0.0,0.0,3,1013.6,1012.3,99,4640.0,12.0,25.2,cannes,2026-06-01T04:12:07.405677
2026-06-01T11:00,26.2,64,18.8,27.6,0,0.0,0.0,0.0,0.0,0.0,3,1013.6,1012.3,100,7840.0,13.0,27.4,cannes,2026-06-01T04:12:07.405677
2026-06-01T12:00,26.7,62,18.8,28.1,0,0.0,0.0,0.0,0.0,0.0,3,1013.4,1012.1,100,11300.0,12.8,28.1,cannes,2026-06-01T04:12:07.405677
2026-06-01T13:00,26.8,61,18.6,28.0,0,0.0,0.0,0.0,0.0,0.0,3,1013.2,1011.9,100,15740.0,13.3,27.4,cannes,2026-06-01T04:12:07.405677
2026-06-01T14:00,27.3,58,18.3,28.6,0,0.0,0.0,0.0,0.0,0.0,3,1012.8,1011.5,99,21380.0,12.2,27.4,cannes,2026-06-01T04:12:07.405677
2026-06-01T15:00,27.4,57,18.1,28.7,0,0.0,0.0,0.0,0.0,0.0,1,1012.3,1011.0,22,20540.0,11.6,25.9,cannes,2026-06-01T04:12:07.405677
2026-06-01T16:00,27.2,57,17.9,28.5,0,0.0,0.0,0.0,0.0,0.0,3,1012.1,1010.8,100,24860.0,10.5,24.5,cannes,2026-06-01T04:12:07.405677
2026-06-01T17:00,25.7,65,18.6,27.4,0,0.0,0.0,0.0,0.0,0.0,3,1012.2,1010.9,100,27340.0,9.7,21.6,cannes,2026-06-01T04:12:07.405677
2026-06-01T18:00,24.4,74,19.5,26.9,0,0.0,0.0,0.0,0.0,0.0,3,1012.6,1011.3,98,25860.0,7.7,19.1,cannes,2026-06-01T04:12:07.405677
2026-06-01T19:00,23.7,76,19.2,26.3,0,0.0,0.0,0.0,0.0,0.0,0,1012.7,1011.4,0,26800.0,6.0,15.1,cannes,2026-06-01T04:12:07.405677
2026-06-01T20:00,22.9,82,19.6,25.6,0,0.0,0.0,0.0,0.0,0.0,0,1013.0,1011.7,0,24080.0,6.4,14.0,cannes,2026-06-01T04:12:07.405677
2026-06-01T21:00,22.3,85,19.7,25.1,0,0.0,0.0,0.0,0.0,0.0,0,1013.1,1011.8,2,24080.0,5.9,13.0,cannes,2026-06-01T04:12:07.405677
2026-06-01T22:00,21.9,88,19.8,24.9,0,0.0,0.0,0.0,0.0,0.0,3,1013.3,1012.0,100,24080.0,5.4,11.9,cannes,2026-06-01T04:12:07.405677
2026-06-01T23:00,22.1,88,20.0,25.2,0,0.0,0.0,0.0,0.0,0.0,3,1013.2,1011.9,100,24080.0,5.5,11.5,cannes,2026-06-01T04:12:07.405677
2026-06-01T00:00,20.7,62,13.1,20.3,0,0.0,0.0,0.0,0.0,0.0,0,1019.3,1000.4,18,39600.0,9.6,18.7,lyon,2026-06-01T04:12:09.986369
2026-06-01T01:00,20.5,58,11.9,19.9,0,0.0,0.0,0.0,0.0,0.0,2,1019.0,1000.1,58,40300.0,8.1,19.8,lyon,2026-06-01T04:12:09.986369
2026-06-01T02:00,19.9,56,10.9,19.2,0,0.0,0.0,0.0,0.0,0.0,0,1018.9,1000.0,0,40600.0,6.9,17.6,lyon,2026-06-01T04:12:09.986369
2026-06-01T03:00,19.4,56,10.4,18.6,0,0.0,0.0,0.0,0.0,0.0,1,1018.4,999.5,37,40660.0,6.2,14.8,lyon,2026-06-01T04:12:09.986369
2026-06-01T04:00,18.8,60,10.8,18.2,0,0.0,0.0,0.0,0.0,0.0,2,1018.6,999.6,84,40080.0,5.5,13.3,lyon,2026-06-01T04:12:09.986369
2026-06-01T05:00,18.5,63,11.3,18.2,0,0.0,0.0,0.0,0.0,0.0,2,1018.9,999.9,61,39480.0,5.0,11.2,lyon,2026-06-01T04:12:09.986369
2026-06-01T06:00,19.1,61,11.4,18.7,0,0.0,0.0,0.0,0.0,0.0,3,1019.1,1000.1,91,39740.0,5.8,13.7,lyon,2026-06-01T04:12:09.986369
2026-06-01T07:00,20.1,55,10.8,19.2,0,0.0,0.0,0.0,0.0,0.0,3,1019.1,1000.2,100,40560.0,7.9,18.4,lyon,2026-06-01T04:12:09.986369
2026-06-01T08:00,21.1,52,10.8,19.7,0,0.0,0.0,0.0,0.0,0.0,3,1019.2,1000.4,100,40880.0,10.9,24.8,lyon,2026-06-01T04:12:09.986369
2026-06-01T09:00,21.9,54,12.2,21.2,0,0.0,0.0,0.0,0.0,0.0,3,1018.9,1000.1,100,40520.0,10.4,25.2,lyon,2026-06-01T04:12:09.986369
2026-06-01T10:00,23.1,48,11.5,23.0,0,0.0,0.0,0.0,0.0,0.0,3,1018.5,999.8,100,41320.0,11.2,26.3,lyon,2026-06-01T04:12:09.986369
2026-06-01T11:00,24.2,41,10.1,23.6,0,0.0,0.0,0.0,0.0,0.0,2,1017.7,999.1,68,42240.0,13.0,29.9,lyon,2026-06-01T04:12:09.986369
2026-06-01T12:00,25.2,37,9.4,25.0,0,0.0,0.0,0.0,0.0,0.0,1,1016.8,998.3,35,43060.0,13.4,31.0,lyon,2026-06-01T04:12:09.986369
2026-06-01T13:00,26.1,33,8.5,25.5,0,0.0,0.0,0.0,0.0,0.0,2,1015.9,997.4,57,44440.0,14.1,31.7,lyon,2026-06-01T04:12:09.986369
2026-06-01T14:00,26.6,32,8.6,25.7,0,0.0,0.0,0.0,0.0,0.0,1,1015.0,996.6,19,44940.0,14.0,31.3,lyon,2026-06-01T04:12:09.986369
2026-06-01T15:00,27.0,33,9.3,25.7,0,0.0,0.0,0.0,0.0,0.0,2,1014.3,995.9,79,44680.0,14.0,31.3,lyon,2026-06-01T04:12:09.986369
2026-06-01T16:00,27.0,34,9.8,25.2,0,0.0,0.0,0.0,0.0,0.0,1,1013.9,995.5,39,44480.0,12.3,31.7,lyon,2026-06-01T04:12:09.986369
2026-06-01T17:00,26.7,34,9.5,25.0,0,0.0,0.0,0.0,0.0,0.0,3,1013.7,995.3,91,44440.0,10.8,27.4,lyon,2026-06-01T04:12:09.986369
2026-06-01T18:00,25.9,38,10.5,24.5,0,0.0,0.0,0.0,0.0,0.0,3,1013.6,995.2,100,43420.0,10.0,25.2,lyon,2026-06-01T04:12:09.986369
2026-06-01T19:00,25.0,39,10.1,23.9,0,0.0,0.0,0.0,0.0,0.0,2,1013.4,994.9,68,43260.0,8.2,22.0,lyon,2026-06-01T04:12:09.986369
2026-06-01T20:00,24.0,44,11.0,23.9,0,0.0,0.0,0.0,0.0,0.0,2,1013.4,994.8,79,42240.0,3.0,16.2,lyon,2026-06-01T04:12:09.986369
2026-06-01T21:00,23.1,54,13.3,23.7,0,0.0,0.0,0.0,0.0,0.0,3,1013.5,994.9,100,40940.0,2.9,6.1,lyon,2026-06-01T04:12:09.986369
2026-06-01T22:00,22.0,58,13.4,22.6,0,0.0,0.0,0.0,0.0,0.0,3,1013.2,994.5,100,40280.0,3.1,7.6,lyon,2026-06-01T04:12:09.986369
2026-06-01T23:00,21.1,61,13.2,21.7,0,0.0,0.0,0.0,0.0,0.0,3,1012.9,994.2,98,39760.0,2.9,7.2,lyon,2026-06-01T04:12:09.986369
2026-06-01T00:00,25.1,54,15.2,24.4,0,0.0,0.0,0.0,0.0,0.0,0,1014.3,1014.0,0,35680.0,15.5,36.7,marseille,2026-06-01T04:12:12.541579
2026-06-01T01:00,24.6,55,15.0,22.9,0,0.0,0.0,0.0,0.0,0.0,0,1014.0,1013.7,0,38520.0,18.2,43.6,marseille,2026-06-01T04:12:12.541579
2026-06-01T02:00,23.8,59,15.3,21.8,0,0.0,0.0,0.0,0.0,0.0,0,1014.2,1013.9,0,38520.0,20.1,45.4,marseille,2026-06-01T04:12:12.541579
2026-06-01T03:00,23.4,59,15.0,22.1,0,0.0,0.0,0.0,0.0,0.0,3,1014.1,1013.7,97,35680.0,17.9,43.9,marseille,2026-06-01T04:12:12.541579
2026-06-01T04:00,23.0,62,15.3,22.0,0,0.0,0.0,0.0,0.0,0.0,0,1014.0,1013.6,0,35700.0,21.4,40.0,marseille,2026-06-01T04:12:12.541579
2026-06-01T05:00,22.9,60,14.7,21.8,0,0.0,0.0,0.0,0.0,0.0,0,1014.0,1013.6,13,35700.0,19.9,34.9,marseille,2026-06-01T04:12:12.541579
2026-06-01T06:00,23.3,57,14.3,21.2,0,0.0,0.0,0.0,0.0,0.0,3,1013.8,1013.5,91,35700.0,24.8,43.6,marseille,2026-06-01T04:12:12.541579
2026-06-01T07:00,24.1,54,14.3,22.4,0,0.0,0.0,0.0,0.0,0.0,3,1013.7,1013.4,96,38540.0,22.2,42.9,marseille,2026-06-01T04:12:12.541579
2026-06-01T08:00,25.6,49,14.1,24.2,0,0.0,0.0,0.0,0.0,0.0,3,1013.6,1013.3,100,38540.0,18.9,37.3,marseille,2026-06-01T04:12:12.541579
2026-06-01T09:00,27.0,43,13.4,25.4,0,0.0,0.0,0.0,0.0,0.0,3,1013.5,1013.2,100,42360.0,19.5,36.8,marseille,2026-06-01T04:12:12.541579
2026-06-01T10:00,28.2,39,13.0,26.4,0,0.0,0.0,0.0,0.0,0.0,3,1013.4,1013.1,97,42360.0,18.8,35.6,marseille,2026-06-01T04:12:12.541579
2026-06-01T11:00,28.8,37,12.7,26.7,0,0.0,0.0,0.0,0.0,0.0,2,1013.2,1012.9,55,48720.0,20.6,34.6,marseille,2026-06-01T04:12:12.541579
2026-06-01T12:00,29.5,35,12.5,27.0,0,0.0,0.0,0.0,0.0,0.0,0,1012.8,1012.5,2,48720.0,22.9,39.2,marseille,2026-06-01T04:12:12.541579
2026-06-01T13:00,29.6,34,12.1,26.8,0,0.0,0.0,0.0,0.0,0.0,3,1012.6,1012.3,99,48720.0,23.9,40.3,marseille,2026-06-01T04:12:12.541579
2026-06-01T14:00,29.8,32,11.4,26.9,0,0.0,0.0,0.0,0.0,0.0,3,1012.2,1011.9,85,48740.0,23.2,40.7,marseille,2026-06-01T04:12:12.541579
2026-06-01T15:00,24.8,63,17.3,23.2,0,0.0,0.0,0.0,0.0,0.0,0,1012.1,1011.8,0,48740.0,28.5,47.2,marseille,2026-06-01T04:12:12.541579
2026-06-01T16:00,24.5,62,16.8,22.8,0,0.0,0.0,0.0,0.0,0.0,0,1011.7,1011.4,0,48720.0,28.2,47.9,marseille,2026-06-01T04:12:12.541579
2026-06-01T17:00,24.4,63,16.9,23.5,0,0.0,0.0,0.0,0.0,0.0,0,1012.0,1011.7,0,42360.0,22.7,48.6,marseille,2026-06-01T04:12:12.541579
2026-06-01T18:00,24.1,65,17.1,24.9,0,0.0,0.0,0.0,0.0,0.0,0,1012.3,1012.0,0,38540.0,12.0,38.9,marseille,2026-06-01T04:12:12.541579
2026-06-01T19:00,23.0,70,17.2,24.7,0,0.0,0.0,0.0,0.0,0.0,1,1012.8,1012.4,38,35700.0,5.7,22.3,marseille,2026-06-01T04:12:12.541579
2026-06-01T20:00,22.5,72,17.2,24.6,0,0.0,0.0,0.0,0.0,0.0,3,1013.2,1012.8,100,35700.0,3.8,11.5,marseille,2026-06-01T04:12:12.541579
2026-06-01T21:00,22.6,70,16.9,24.0,0,0.0,0.0,0.0,0.0,0.0,3,1013.2,1012.8,100,32600.0,7.5,13.3,marseille,2026-06-01T04:12:12.541579
2026-06-01T22:00,23.0,66,16.3,25.1,0,0.0,0.0,0.0,0.0,0.0,3,1013.3,1012.9,100,32600.0,0.4,12.6,marseille,2026-06-01T04:12:12.541579
2026-06-01T23:00,23.2,63,15.8,25.1,0,0.0,0.0,0.0,0.0,0.0,3,1013.3,1012.9,100,28940.0,1.1,4.7,marseille,2026-06-01T04:12:12.541579
2026-06-01T00:00,21.8,88,19.7,24.8,0,0.0,0.0,0.0,0.0,0.0,3,1013.1,1011.0,100,21920.0,4.8,10.8,nice,2026-06-01T04:12:50.339698
2026-06-01T01:00,21.8,87,19.5,24.8,0,0.0,0.0,0.0,0.0,0.0,2,1012.8,1010.7,85,22640.0,4.3,8.3,nice,2026-06-01T04:12:50.339698
2026-06-01T02:00,21.4,89,19.5,24.6,0,0.0,0.0,0.0,0.0,0.0,3,1012.4,1010.3,81,21080.0,3.4,7.6,nice,2026-06-01T04:12:50.339698
2026-06-01T03:00,21.2,89,19.3,24.0,0,0.0,0.0,0.0,0.0,0.0,3,1012.0,1009.9,86,21720.0,4.7,7.6,nice,2026-06-01T04:12:50.339698
2026-06-01T04:00,21.1,87,18.8,23.7,0,0.0,0.0,0.0,0.0,0.0,2,1012.1,1010.0,78,23860.0,4.8,8.3,nice,2026-06-01T04:12:50.339698
2026-06-01T05:00,21.3,86,18.8,23.7,0,0.0,0.0,0.0,0.0,0.0,2,1012.4,1010.3,66,25860.0,6.0,10.1,nice,2026-06-01T04:12:50.339698
2026-06-01T06:00,22.3,79,18.4,24.6,0,0.0,0.0,0.0,0.0,0.0,2,1012.6,1010.5,45,31620.0,5.7,10.1,nice,2026-06-01T04:12:50.339698
2026-06-01T07:00,23.3,74,18.4,26.0,0,0.0,0.0,0.0,0.0,0.0,2,1012.6,1010.5,55,34520.0,2.4,9.7,nice,2026-06-01T04:12:50.339698
2026-06-01T08:00,24.3,70,18.4,26.9,0,0.0,0.0,0.0,0.0,0.0,2,1012.9,1010.8,51,36520.0,3.6,8.3,nice,2026-06-01T04:12:50.339698
2026-06-01T09:00,24.7,69,18.6,27.5,0,0.0,0.0,0.0,0.0,0.0,1,1013.3,1011.2,38,36620.0,6.5,13.0,nice,2026-06-01T04:12:50.339698
2026-06-01T10:00,25.0,67,18.5,28.3,0,0.0,0.0,0.0,0.0,0.0,2,1013.3,1011.2,50,37380.0,7.9,14.8,nice,2026-06-01T04:12:50.339698
2026-06-01T11:00,25.5,68,19.1,28.9,0,0.0,0.0,0.0,0.0,0.0,3,1013.2,1011.1,100,36700.0,11.0,15.1,nice,2026-06-01T04:12:50.339698
2026-06-01T12:00,25.0,75,20.2,28.5,0,0.0,0.0,0.0,0.0,0.0,3,1012.9,1010.8,100,31100.0,13.1,18.4,nice,2026-06-01T04:12:50.339698
2026-06-01T13:00,25.2,72,19.8,27.6,0,0.0,0.0,0.0,0.0,0.0,3,1012.7,1010.6,100,33820.0,14.1,22.0,nice,2026-06-01T04:12:50.339698
2026-06-01T14:00,25.4,70,19.5,28.0,0,0.0,0.0,0.0,0.0,0.0,1,1012.3,1010.2,4,34980.0,14.3,22.0,nice,2026-06-01T04:12:50.339698
2026-06-01T15:00,25.2,71,19.6,27.0,0,0.0,0.0,0.0,0.0,0.0,2,1011.9,1009.8,100,34860.0,15.7,24.5,nice,2026-06-01T04:12:50.339698
2026-06-01T16:00,24.6,75,19.8,26.3,0,0.0,0.0,0.0,0.0,0.0,3,1012.0,1009.9,100,32160.0,14.1,24.8,nice,2026-06-01T04:12:50.339698
2026-06-01T17:00,23.8,77,19.5,25.7,0,0.0,0.0,0.0,0.0,0.0,2,1012.1,1010.0,60,30640.0,11.9,24.1,nice,2026-06-01T04:12:50.339698
2026-06-01T18:00,23.2,80,19.6,25.6,0,0.0,0.0,0.0,0.0,0.0,2,1012.2,1010.1,50,29200.0,9.0,20.2,nice,2026-06-01T04:12:50.339698
2026-06-01T19:00,22.7,82,19.4,25.2,0,0.0,0.0,0.0,0.0,0.0,2,1012.4,1010.3,57,27820.0,7.3,15.8,nice,2026-06-01T04:12:50.339698
2026-06-01T20:00,22.4,83,19.3,25.1,0,0.0,0.0,0.0,0.0,0.0,2,1012.8,1010.7,64,27500.0,5.4,12.6,nice,2026-06-01T04:12:50.339698
2026-06-01T21:00,22.3,83,19.2,25.1,0,0.0,0.0,0.0,0.0,0.0,2,1013.2,1011.1,72,27380.0,4.3,9.7,nice,2026-06-01T04:12:50.339698
2026-06-01T22:00,22.2,84,19.3,25.1,0,0.0,0.0,0.0,0.0,0.0,2,1013.2,1011.1,78,26800.0,4.0,7.9,nice,2026-06-01T04:12:50.339698
2026-06-01T23:00,22.1,85,19.5,25.3,0,0.0,0.0,0.0,0.0,0.0,2,1013.2,1011.1,83,26160.0,3.2,6.8,nice,2026-06-01T04:12:50.339698
2026-06-01T00:00,16.8,66,10.4,15.8,0,0.0,0.0,0.0,0.0,0.0,1,1020.1,1015.3,8,38260.0,7.9,21.2,paris,2026-06-01T04:13:28.094608
2026-06-01T01:00,16.1,68,10.2,15.1,0,0.0,0.0,0.0,0.0,0.0,3,1020.0,1015.2,98,37420.0,7.1,18.0,paris,2026-06-01T04:13:28.094608
2026-06-01T02:00,15.6,71,10.3,14.9,0,0.0,0.0,0.0,0.0,0.0,1,1019.5,1014.7,39,36140.0,5.6,15.1,paris,2026-06-01T04:13:28.094608
2026-06-01T03:00,15.1,74,10.5,14.6,0,0.0,0.0,0.0,0.0,0.0,3,1019.3,1014.5,100,34860.0,5.0,12.2,paris,2026-06-01T04:13:28.094608
2026-06-01T04:00,14.9,75,10.5,14.5,0,0.0,0.0,0.0,0.0,0.0,3,1019.4,1014.6,100,34120.0,4.0,10.8,paris,2026-06-01T04:13:28.094608
2026-06-01T05:00,14.9,75,10.5,14.5,0,0.0,0.0,0.0,0.0,0.0,3,1019.5,1014.7,100,33740.0,3.8,9.4,paris,2026-06-01T04:13:28.094608
2026-06-01T06:00,15.4,74,10.8,15.1,0,0.0,0.0,0.0,0.0,0.0,3,1019.6,1014.8,100,34180.0,3.9,9.7,paris,2026-06-01T04:13:28.094608
2026-06-01T07:00,16.4,70,11.0,16.2,0,0.0,0.0,0.0,0.0,0.0,1,1019.4,1014.6,10,35480.0,3.3,9.7,paris,2026-06-01T04:13:28.094608
2026-06-01T08:00,18.0,63,10.9,18.0,0,0.0,0.0,0.0,0.0,0.0,2,1019.3,1014.5,74,38160.0,1.8,9.0,paris,2026-06-01T04:13:28.094608
2026-06-01T09:00,19.5,57,10.8,19.4,0,0.0,0.0,0.0,0.0,0.0,2,1019.0,1014.3,66,39860.0,2.6,10.1,paris,2026-06-01T04:13:28.094608
2026-06-01T10:00,21.1,52,10.9,21.6,0,0.0,0.0,0.0,0.0,0.0,2,1018.7,1014.0,49,40680.0,5.8,15.5,paris,2026-06-01T04:13:28.094608
2026-06-01T11:00,22.4,47,10.6,23.4,0,0.0,0.0,0.0,0.0,0.0,3,1018.0,1013.3,88,41240.0,6.4,17.3,paris,2026-06-01T04:13:28.094608
2026-06-01T12:00,23.6,45,11.0,24.5,0,0.0,0.0,0.0,0.0,0.0,2,1017.3,1012.6,65,41560.0,6.7,20.2,paris,2026-06-01T04:13:28.094608
2026-06-01T13:00,25.0,40,10.5,25.1,0,0.0,0.0,0.0,0.0,0.0,3,1016.1,1011.5,83,42480.0,9.9,20.9,paris,2026-06-01T04:13:28.094608
2026-06-01T14:00,25.6,38,10.3,25.2,0,0.0,0.0,0.0,0.0,0.0,3,1015.2,1010.6,94,42900.0,11.5,24.5,paris,2026-06-01T04:13:28.094608
2026-06-01T15:00,25.9,36,9.7,24.2,0,0.0,0.0,0.0,0.0,0.0,3,1014.4,1009.8,94,43340.0,13.7,30.6,paris,2026-06-01T04:13:28.094608
2026-06-01T16:00,26.3,36,10.0,25.0,0,0.0,0.0,0.0,0.0,0.0,3,1013.7,1009.1,96,43760.0,8.7,26.3,paris,2026-06-01T04:13:28.094608
2026-06-01T17:00,26.1,37,10.3,24.6,0,0.0,0.0,0.0,0.0,0.0,2,1013.1,1008.5,54,43320.0,10.6,24.8,paris,2026-06-01T04:13:28.094608
2026-06-01T18:00,25.6,40,11.0,24.7,0,0.0,0.0,0.0,0.0,0.0,3,1012.6,1008.0,100,42860.0,7.9,23.8,paris,2026-06-01T04:13:28.094608
2026-06-01T19:00,25.2,40,10.6,24.4,0,0.0,0.0,0.0,0.0,0.0,3,1012.0,1007.4,100,42900.0,7.0,18.7,paris,2026-06-01T04:13:28.094608
2026-06-01T20:00,24.5,42,10.8,23.8,0,0.0,0.0,0.0,0.0,0.0,3,1011.5,1006.9,100,42540.0,7.0,17.3,paris,2026-06-01T04:13:28.094608
2026-06-01T21:00,23.9,47,11.9,23.4,0,0.0,0.0,0.0,0.0,0.0,3,1011.4,1006.8,100,41780.0,7.6,17.3,paris,2026-06-01T04:13:28.094608
2026-06-01T22:00,23.0,51,12.4,22.7,0,0.0,0.0,0.0,0.0,0.0,3,1011.0,1006.3,100,41200.0,7.4,17.6,paris,2026-06-01T04:13:28.094608
2026-06-01T23:00,22.1,55,12.7,22.2,8,0.0,0.0,0.0,0.0,0.0,3,1010.7,1006.0,100,40800.0,5.4,16.9,paris,2026-06-01T04:13:28.094608
2026-06-01T00:00,19.2,56,10.2,18.4,13,0.0,0.0,0.0,0.0,0.0,3,1017.9,1000.2,97,40600.0,6.5,20.9,strasbourg,2026-06-01T04:14:46.037709
2026-06-01T01:00,18.7,62,11.2,18.3,43,0.1,0.1,0.0,0.0,0.0,61,1017.9,1000.2,100,39560.0,5.1,15.5,strasbourg,2026-06-01T04:14:46.037709
2026-06-01T02:00,18.4,64,11.4,18.0,43,0.0,0.0,0.0,0.0,0.0,61,1017.9,1000.2,100,39020.0,5.9,12.2,strasbourg,2026-06-01T04:14:46.037709
2026-06-01T03:00,17.9,69,12.2,17.9,58,0.0,0.0,0.0,0.0,0.0,80,1017.8,1000.1,94,37060.0,5.0,13.7,strasbourg,2026-06-01T04:14:46.037709
2026-06-01T04:00,17.7,72,12.6,17.6,33,0.0,0.0,0.0,0.0,0.0,2,1017.7,1000.0,78,36060.0,5.8,12.6,strasbourg,2026-06-01T04:14:46.037709
2026-06-01T05:00,17.6,73,12.7,17.4,8,0.0,0.0,0.0,0.0,0.0,2,1017.8,1000.0,80,34820.0,6.7,14.0,strasbourg,2026-06-01T04:14:46.037709
2026-06-01T06:00,18.0,77,13.9,18.4,0,0.0,0.0,0.0,0.0,0.0,3,1018.4,1000.7,92,31620.0,5.6,14.8,strasbourg,2026-06-01T04:14:46.037709
2026-06-01T07:00,18.8,67,12.6,18.9,5,0.0,0.0,0.0,0.0,0.0,2,1018.6,1000.9,81,37300.0,5.2,13.3,strasbourg,2026-06-01T04:14:46.037709
2026-06-01T08:00,20.1,61,12.3,19.7,0,0.0,0.0,0.0,0.0,0.0,2,1018.7,1001.1,85,39080.0,7.8,17.3,strasbourg,2026-06-01T04:14:46.037709
2026-06-01T09:00,20.9,56,11.8,20.4,0,0.0,0.0,0.0,0.0,0.0,3,1018.6,1001.0,100,40000.0,7.6,20.2,strasbourg,2026-06-01T04:14:46.037709
2026-06-01T10:00,21.8,53,11.8,21.9,0,0.0,0.0,0.0,0.0,0.0,3,1018.3,1000.8,100,40560.0,6.1,17.3,strasbourg,2026-06-01T04:14:46.037709
2026-06-01T11:00,23.2,42,9.6,22.6,0,0.0,0.0,0.0,0.0,0.0,3,1017.6,1000.2,100,42140.0,7.8,20.9,strasbourg,2026-06-01T04:14:46.037709
2026-06-01T12:00,23.9,39,9.1,22.6,0,0.0,0.0,0.0,0.0,0.0,3,1016.9,999.5,100,42840.0,8.6,22.3,strasbourg,2026-06-01T04:14:46.037709
2026-06-01T13:00,24.4,37,8.8,22.6,0,0.0,0.0,0.0,0.0,0.0,3,1016.1,998.8,100,43260.0,10.2,22.0,strasbourg,2026-06-01T04:14:46.037709
2026-06-01T14:00,25.1,35,8.6,24.2,0,0.0,0.0,0.0,0.0,0.0,3,1015.4,998.1,96,43940.0,3.6,22.7,strasbourg,2026-06-01T04:14:46.037709
2026-06-01T15:00,25.8,31,7.4,24.6,0,0.0,0.0,0.0,0.0,0.0,3,1014.7,997.5,100,45640.0,4.1,13.7,strasbourg,2026-06-01T04:14:46.037709
2026-06-01T16:00,25.8,30,6.9,24.1,0,0.0,0.0,0.0,0.0,0.0,3,1014.2,997.0,100,46180.0,6.5,16.2,strasbourg,2026-06-01T04:14:46.037709
2026-06-01T17:00,25.6,33,8.1,23.9,0,0.0,0.0,0.0,0.0,0.0,3,1013.8,996.6,100,45060.0,8.2,14.4,strasbourg,2026-06-01T04:14:46.037709
2026-06-01T18:00,24.6,37,9.0,23.5,0,0.0,0.0,0.0,0.0,0.0,2,1013.8,996.5,81,43660.0,5.8,15.1,strasbourg,2026-06-01T04:14:46.037709
2026-06-01T19:00,24.1,36,8.1,22.8,0,0.0,0.0,0.0,0.0,0.0,2,1013.6,996.3,64,44120.0,5.4,9.7,strasbourg,2026-06-01T04:14:46.037709
2026-06-01T20:00,22.9,47,11.0,22.5,0,0.0,0.0,0.0,0.0,0.0,1,1013.5,996.1,47,41780.0,4.9,10.4,strasbourg,2026-06-01T04:14:46.037709
2026-06-01T21:00,21.6,52,11.3,21.5,0,0.0,0.0,0.0,0.0,0.0,3,1013.5,996.1,100,41100.0,3.5,11.2,strasbourg,2026-06-01T04:14:46.037709
2026-06-01T22:00,20.8,57,12.0,21.1,0,0.0,0.0,0.0,0.0,0.0,3,1013.2,995.7,100,40580.0,2.0,7.2,strasbourg,2026-06-01T04:14:46.037709
2026-06-01T23:00,20.3,62,12.8,21.1,0,0.0,0.0,0.0,0.0,0.0,3,1012.9,995.4,100,40260.0,0.5,3.6,strasbourg,2026-06-01T04:14:46.037709
2026-06-01T00:00,22.9,80,19.3,26.8,0,0.0,0.0,0.0,0.0,0.0,0,1013.0,1011.7,0,35080.0,9.7,10.1,toulon,2026-06-01T04:14:48.658161
2026-06-01T01:00,25.0,57,15.9,26.2,0,0.0,0.0,0.0,0.0,0.0,0,1012.7,1011.4,0,35080.0,11.9,13.7,toulon,2026-06-01T04:14:48.658161
2026-06-01T02:00,24.9,53,14.7,25.5,0,0.0,0.0,0.0,0.0,0.0,0,1012.6,1011.3,0,35080.0,11.2,18.4,toulon,2026-06-01T04:14:48.658161
2026-06-01T03:00,24.3,52,13.8,24.4,0,0.0,0.0,0.0,0.0,0.0,0,1012.7,1011.4,10,35080.0,12.6,26.6,toulon,2026-06-01T04:14:48.658161
2026-06-01T04:00,23.3,54,13.4,23.4,0,0.0,0.0,0.0,0.0,0.0,3,1012.4,1011.1,100,35080.0,13.7,20.5,toulon,2026-06-01T04:14:48.658161
2026-06-01T05:00,24.3,49,12.9,24.0,0,0.0,0.0,0.0,0.0,0.0,3,1012.6,1011.3,100,35080.0,7.4,14.4,toulon,2026-06-01T04:14:48.658161
2026-06-01T06:00,24.9,49,13.5,25.5,0,0.0,0.0,0.0,0.0,0.0,3,1012.9,1011.6,100,37920.0,10.4,14.8,toulon,2026-06-01T04:14:48.658161
2026-06-01T07:00,26.6,43,13.1,25.9,0,0.0,0.0,0.0,0.0,0.0,3,1013.2,1011.9,100,37920.0,8.8,13.1,toulon,2026-06-01T04:14:48.658161
2026-06-01T08:00,27.0,46,14.1,26.4,0,0.0,0.0,0.0,0.0,0.0,3,1013.4,1012.1,100,41680.0,6.6,16.4,toulon,2026-06-01T04:14:48.658161
2026-06-01T09:00,26.8,52,16.1,27.2,0,0.0,0.0,0.0,0.0,0.0,3,1013.5,1012.2,100,41680.0,10.5,23.2,toulon,2026-06-01T04:14:48.658161
2026-06-01T10:00,26.5,58,17.5,27.6,0,0.0,0.0,0.0,0.0,0.0,2,1013.7,1012.4,69,41680.0,10.7,24.1,toulon,2026-06-01T04:14:48.658161
2026-06-01T11:00,27.4,51,16.4,28.0,0,0.0,0.0,0.0,0.0,0.0,3,1013.7,1012.4,100,41680.0,11.0,25.6,toulon,2026-06-01T04:14:48.658161
2026-06-01T12:00,28.2,46,15.5,28.3,0,0.0,0.0,0.0,0.0,0.0,0,1013.6,1012.3,17,41680.0,11.4,25.6,toulon,2026-06-01T04:14:48.658161
2026-06-01T13:00,29.0,42,14.8,29.2,0,0.0,0.0,0.0,0.0,0.0,3,1013.3,1012.0,100,41680.0,9.8,25.2,toulon,2026-06-01T04:14:48.658161
2026-06-01T14:00,28.8,46,16.0,29.3,0,0.0,0.0,0.0,0.0,0.0,3,1012.7,1011.4,100,41680.0,10.3,23.8,toulon,2026-06-01T04:14:48.658161
2026-06-01T15:00,28.1,47,15.7,28.5,0,0.0,0.0,0.0,0.0,0.0,2,1012.3,1011.0,76,41700.0,10.9,23.4,toulon,2026-06-01T04:14:48.658161
2026-06-01T16:00,27.9,46,15.2,27.6,0,0.0,0.0,0.0,0.0,0.0,0,1011.9,1010.6,11,41700.0,14.3,29.2,toulon,2026-06-01T04:14:48.658161
2026-06-01T17:00,27.2,47,14.9,26.4,0,0.0,0.0,0.0,0.0,0.0,0,1011.6,1010.3,3,37940.0,16.6,33.5,toulon,2026-06-01T04:14:48.658161
2026-06-01T18:00,26.6,47,14.4,25.6,0,0.0,0.0,0.0,0.0,0.0,0,1011.8,1010.5,7,37940.0,17.0,34.2,toulon,2026-06-01T04:14:48.658161
2026-06-01T19:00,26.1,47,13.9,25.1,0,0.0,0.0,0.0,0.0,0.0,0,1012.1,1010.8,0,37940.0,15.6,33.5,toulon,2026-06-01T04:14:48.658161
2026-06-01T20:00,24.4,57,15.3,24.4,0,0.0,0.0,0.0,0.0,0.0,1,1012.6,1011.3,34,37940.0,12.6,32.4,toulon,2026-06-01T04:14:48.658161
2026-06-01T21:00,24.4,54,14.5,24.4,0,0.0,0.0,0.0,0.0,0.0,3,1012.7,1011.4,100,37940.0,10.0,24.1,toulon,2026-06-01T04:14:48.658161
2026-06-01T22:00,24.1,54,14.2,24.4,0,0.0,0.0,0.0,0.0,0.0,3,1012.9,1011.6,100,37940.0,7.6,19.4,toulon,2026-06-01T04:14:48.658161
2026-06-01T23:00,24.3,52,13.8,24.3,0,0.0,0.0,0.0,0.0,0.0,3,1013.1,1011.8,100,37940.0,8.5,16.9,toulon,2026-06-01T04:14:48.658161
2026-06-01T00:00,18.4,78,14.5,18.7,0,0.0,0.0,0.0,0.0,0.0,2,1021.6,1004.0,88,32500.0,8.7,17.3,toulouse,2026-06-01T04:16:51.909268
2026-06-01T01:00,18.0,78,14.2,18.1,0,0.0,0.0,0.0,0.0,0.0,2,1021.5,1003.8,85,32440.0,8.8,18.7,toulouse,2026-06-01T04:16:51.909268
2026-06-01T02:00,17.6,80,14.1,18.0,0,0.0,0.0,0.0,0.0,0.0,2,1021.1,1003.4,73,30660.0,6.4,18.0,toulouse,2026-06-01T04:16:51.909268
2026-06-01T03:00,17.2,81,14.0,17.7,0,0.0,0.0,0.0,0.0,0.0,3,1020.6,1002.9,80,29900.0,5.6,13.0,toulouse,2026-06-01T04:16:51.909268
2026-06-01T04:00,17.0,80,13.6,17.4,0,0.0,0.0,0.0,0.0,0.0,3,1020.5,1002.8,92,30260.0,5.6,11.9,toulouse,2026-06-01T04:16:51.909268
2026-06-01T05:00,16.9,81,13.6,17.4,0,0.0,0.0,0.0,0.0,0.0,3,1020.5,1002.8,95,29980.0,4.6,11.2,toulouse,2026-06-01T04:16:51.909268
2026-06-01T06:00,17.1,81,13.9,17.7,0,0.0,0.0,0.0,0.0,0.0,3,1020.5,1002.8,88,29220.0,4.7,10.4,toulouse,2026-06-01T04:16:51.909268
2026-06-01T07:00,18.0,78,14.2,18.6,0,0.0,0.0,0.0,0.0,0.0,2,1020.5,1002.8,80,30720.0,5.2,11.9,toulouse,2026-06-01T04:16:51.909268
2026-06-01T08:00,19.3,75,14.8,20.1,0,0.0,0.0,0.0,0.0,0.0,1,1020.3,1002.7,43,32620.0,5.5,13.0,toulouse,2026-06-01T04:16:51.909268
2026-06-01T09:00,20.9,70,15.2,22.3,0,0.0,0.0,0.0,0.0,0.0,2,1019.9,1002.4,40,35820.0,5.9,14.4,toulouse,2026-06-01T04:16:51.909268
2026-06-01T10:00,22.4,61,14.5,23.9,0,0.0,0.0,0.0,0.0,0.0,2,1019.4,1002.0,52,39260.0,7.8,16.2,toulouse,2026-06-01T04:16:51.909268
2026-06-01T11:00,23.6,54,13.7,25.2,0,0.0,0.0,0.0,0.0,0.0,3,1018.6,1001.3,93,40520.0,8.4,13.3,toulouse,2026-06-01T04:16:51.909268
2026-06-01T12:00,24.7,49,13.3,27.0,0,0.0,0.0,0.0,0.0,0.0,1,1017.8,1000.6,2,41220.0,6.8,13.3,toulouse,2026-06-01T04:16:51.909268
2026-06-01T13:00,25.7,47,13.5,28.5,0,0.0,0.0,0.0,0.0,0.0,1,1016.8,999.7,32,41460.0,4.9,13.0,toulouse,2026-06-01T04:16:51.909268
2026-06-01T14:00,26.0,46,13.5,27.8,0,0.0,0.0,0.0,0.0,0.0,3,1016.1,999.0,94,41660.0,7.6,11.9,toulouse,2026-06-01T04:16:51.909268
2026-06-01T15:00,26.4,43,12.9,27.2,0,0.0,0.0,0.0,0.0,0.0,3,1015.3,998.2,91,42140.0,7.9,11.9,toulouse,2026-06-01T04:16:51.909268
2026-06-01T16:00,26.3,48,14.5,26.5,0,0.0,0.0,0.0,0.0,0.0,3,1015.2,998.1,98,41400.0,9.7,15.8,toulouse,2026-06-01T04:16:51.909268
2026-06-01T17:00,26.0,44,12.8,25.8,0,0.0,0.0,0.0,0.0,0.0,3,1014.8,997.7,100,42140.0,7.7,17.3,toulouse,2026-06-01T04:16:51.909268
2026-06-01T18:00,25.5,48,13.7,25.1,0,0.0,0.0,0.0,0.0,0.0,2,1014.9,997.8,45,41520.0,10.6,20.9,toulouse,2026-06-01T04:16:51.909268
2026-06-01T19:00,24.7,51,13.9,24.8,0,0.0,0.0,0.0,0.0,0.0,3,1014.9,997.7,100,41220.0,7.6,21.6,toulouse,2026-06-01T04:16:51.909268
2026-06-01T20:00,23.6,60,15.4,24.6,0,0.0,0.0,0.0,0.0,0.0,3,1014.8,997.6,100,40140.0,5.6,14.8,toulouse,2026-06-01T04:16:51.909268
2026-06-01T21:00,22.0,65,15.1,22.7,0,0.0,0.0,0.0,0.0,0.0,1,1015.2,997.9,4,38980.0,7.1,14.8,toulouse,2026-06-01T04:16:51.909268
2026-06-01T22:00,21.0,68,14.9,21.7,0,0.0,0.0,0.0,0.0,0.0,0,1015.2,997.8,0,37900.0,6.4,14.8,toulouse,2026-06-01T04:16:51.909268
2026-06-01T23:00,20.4,71,15.0,21.2,0,0.0,0.0,0.0,0.0,0.0,0,1015.1,997.7,0,37140.0,5.9,13.0,toulouse,2026-06-01T04:16:51.909268
2026-06-01T00:00,8.7,79,5.2,6.7,0,0.0,0.0,0.0,0.0,0.0,0,1018.5,967.9,0,34160.0,5.7,9.4,tbilisi,2026-06-01T04:16:54.487746
2026-06-01T01:00,7.8,84,5.2,5.8,0,0.0,0.0,0.0,0.0,0.0,1,1018.7,968.0,16,29640.0,5.1,9.7,tbilisi,2026-06-01T04:16:54.487746
2026-06-01T02:00,7.2,86,5.0,5.4,0,0.0,0.0,0.0,0.0,0.0,0,1019.0,968.2,0,27620.0,4.4,9.0,tbilisi,2026-06-01T04:16:54.487746
2026-06-01T03:00,8.4,84,5.9,6.8,0,0.0,0.0,0.0,0.0,0.0,1,1018.9,968.3,20,29040.0,4.0,8.3,tbilisi,2026-06-01T04:16:54.487746
2026-06-01T04:00,11.6,71,6.5,9.9,0,0.0,0.0,0.0,0.0,0.0,0,1018.2,968.2,17,36600.0,5.1,9.7,tbilisi,2026-06-01T04:16:54.487746
2026-06-01T05:00,14.2,55,5.3,12.3,0,0.0,0.0,0.0,0.0,0.0,0,1017.7,968.1,0,40700.0,4.9,11.2,tbilisi,2026-06-01T04:16:54.487746
2026-06-01T06:00,16.9,42,3.9,15.8,0,0.0,0.0,0.0,0.0,0.0,0,1016.9,967.8,0,42800.0,1.8,11.2,tbilisi,2026-06-01T04:16:54.487746
2026-06-01T07:00,19.2,37,4.2,18.9,0,0.0,0.0,0.0,0.0,0.0,0,1016.0,967.3,0,44020.0,3.1,8.3,tbilisi,2026-06-01T04:16:54.487746
2026-06-01T08:00,21.3,32,3.9,20.9,0,0.0,0.0,0.0,0.0,0.0,0,1015.0,966.7,0,46560.0,7.1,14.8,tbilisi,2026-06-01T04:16:54.487746
2026-06-01T09:00,22.8,32,5.2,22.5,0,0.0,0.0,0.0,0.0,0.0,0,1014.1,966.1,0,46520.0,10.0,17.6,tbilisi,2026-06-01T04:16:54.487746
2026-06-01T10:00,24.1,30,5.4,24.0,0,0.0,0.0,0.0,0.0,0.0,2,1013.3,965.5,52,47460.0,8.1,17.6,tbilisi,2026-06-01T04:16:54.487746
2026-06-01T11:00,24.8,28,5.1,24.3,0,0.0,0.0,0.0,0.0,0.0,1,1012.8,965.2,41,48720.0,6.3,15.8,tbilisi,2026-06-01T04:16:54.487746
2026-06-01T12:00,25.2,27,4.9,23.9,0,0.0,0.0,0.0,0.0,0.0,2,1012.4,964.9,43,49560.0,7.4,16.6,tbilisi,2026-06-01T04:16:54.487746
2026-06-01T13:00,25.4,28,5.5,23.9,0,0.0,0.0,0.0,0.0,0.0,1,1012.1,964.6,43,49520.0,2.3,14.4,tbilisi,2026-06-01T04:16:54.487746
2026-06-01T14:00,25.3,27,4.9,22.5,0,0.0,0.0,0.0,0.0,0.0,1,1012.1,964.6,39,49780.0,10.2,17.3,tbilisi,2026-06-01T04:16:54.487746
2026-06-01T15:00,24.1,27,3.9,20.4,0,0.0,0.0,0.0,0.0,0.0,2,1012.4,964.7,43,49720.0,15.5,27.0,tbilisi,2026-06-01T04:16:54.487746
2026-06-01T16:00,22.5,30,4.0,18.6,0,0.0,0.0,0.0,0.0,0.0,1,1013.1,965.1,23,47640.0,17.0,27.7,tbilisi,2026-06-01T04:16:54.487746
2026-06-01T17:00,20.0,38,5.2,16.7,3,0.0,0.0,0.0,0.0,0.0,1,1014.0,965.6,24,44540.0,14.4,27.0,tbilisi,2026-06-01T04:16:54.487746
2026-06-01T18:00,19.0,42,5.8,16.3,0,0.0,0.0,0.0,0.0,0.0,2,1014.7,966.1,45,43480.0,11.0,25.2,tbilisi,2026-06-01T04:16:54.487746
2026-06-01T19:00,18.2,44,5.7,15.8,0,0.0,0.0,0.0,0.0,0.0,3,1015.0,966.2,87,42900.0,8.9,20.2,tbilisi,2026-06-01T04:16:54.487746
2026-06-01T20:00,17.3,49,6.4,15.0,0,0.0,0.0,0.0,0.0,0.0,1,1014.8,965.9,35,41960.0,9.0,16.9,tbilisi,2026-06-01T04:16:54.487746
2026-06-01T21:00,16.4,53,6.8,14.2,0,0.0,0.0,0.0,0.0,0.0,1,1014.8,965.7,23,41380.0,9.4,17.3,tbilisi,2026-06-01T04:16:54.487746
2026-06-01T22:00,15.9,56,7.1,13.5,0,0.0,0.0,0.0,0.0,0.0,1,1015.3,966.1,34,40940.0,11.2,20.9,tbilisi,2026-06-01T04:16:54.487746
2026-06-01T23:00,15.9,58,7.6,13.0,0,0.0,0.0,0.0,0.0,0.0,1,1015.6,966.4,43,40660.0,15.5,25.9,tbilisi,2026-06-01T04:16:54.487746
2026-06-01T00:00,14.5,83,11.6,14.3,0,0.0,0.0,0.0,0.0,0.0,3,1012.4,1008.0,100,26920.0,4.4,11.9,berlin,2026-06-01T04:16:57.083181
2026-06-01T01:00,14.1,84,11.4,14.2,0,0.0,0.0,0.0,0.0,0.0,3,1012.3,1007.9,100,26340.0,2.3,10.1,berlin,2026-06-01T04:16:57.083181
2026-06-01T02:00,14.1,83,11.3,14.0,0,0.0,0.0,0.0,0.0,0.0,3,1012.5,1008.1,100,26620.0,3.6,8.3,berlin,2026-06-01T04:16:57.083181
2026-06-01T03:00,14.0,85,11.5,13.6,0,0.0,0.0,0.0,0.0,0.0,3,1012.8,1008.4,100,25080.0,5.4,11.9,berlin,2026-06-01T04:16:57.083181
2026-06-01T04:00,13.5,88,11.6,13.1,0,0.0,0.0,0.0,0.0,0.0,3,1013.0,1008.5,100,20620.0,6.4,15.1,berlin,2026-06-01T04:16:57.083181
2026-06-01T05:00,13.6,84,10.9,12.8,0,0.0,0.0,0.0,0.0,0.0,3,1013.5,1009.0,100,24460.0,6.9,16.2,berlin,2026-06-01T04:16:57.083181
2026-06-01T06:00,14.2,82,11.2,13.6,0,0.0,0.0,0.0,0.0,0.0,3,1013.9,1009.5,100,26480.0,6.9,18.4,berlin,2026-06-01T04:16:57.083181
2026-06-01T07:00,15.5,74,10.8,14.4,0,0.0,0.0,0.0,0.0,0.0,2,1014.4,1010.0,62,33300.0,8.9,21.6,berlin,2026-06-01T04:16:57.083181
2026-06-01T08:00,16.9,65,10.2,15.3,0,0.0,0.0,0.0,0.0,0.0,3,1014.6,1010.2,95,37940.0,11.5,27.4,berlin,2026-06-01T04:16:57.083181
2026-06-01T09:00,17.7,61,10.1,16.2,0,0.0,0.0,0.0,0.0,0.0,3,1015.0,1010.6,96,39160.0,12.6,30.2,berlin,2026-06-01T04:16:57.083181
2026-06-01T10:00,18.8,55,9.5,17.2,0,0.0,0.0,0.0,0.0,0.0,2,1015.1,1010.7,93,40260.0,10.7,29.5,berlin,2026-06-01T04:16:57.083181
2026-06-01T11:00,20.0,51,9.6,18.7,0,0.0,0.0,0.0,0.0,0.0,3,1015.0,1010.6,99,40880.0,12.2,27.0,berlin,2026-06-01T04:16:57.083181
2026-06-01T12:00,20.9,48,9.5,20.8,0,0.0,0.0,0.0,0.0,0.0,3,1014.9,1010.5,100,41260.0,10.2,27.4,berlin,2026-06-01T04:16:57.083181
2026-06-01T13:00,21.7,45,9.3,21.1,0,0.0,0.0,0.0,0.0,0.0,2,1014.6,1010.3,75,41660.0,10.7,27.0,berlin,2026-06-01T04:16:57.083181
2026-06-01T14:00,22.6,41,8.6,21.5,0,0.0,0.0,0.0,0.0,0.0,3,1014.3,1010.0,93,42480.0,8.7,29.2,berlin,2026-06-01T04:16:57.083181
2026-06-01T15:00,23.0,40,8.6,21.5,0,0.0,0.0,0.0,0.0,0.0,1,1014.0,1009.7,10,42620.0,7.4,25.2,berlin,2026-06-01T04:16:57.083181
2026-06-01T16:00,23.3,38,8.1,21.4,0,0.0,0.0,0.0,0.0,0.0,2,1013.9,1009.6,57,43220.0,9.2,29.9,berlin,2026-06-01T04:16:57.083181
2026-06-01T17:00,23.1,39,8.4,21.4,0,0.0,0.0,0.0,0.0,0.0,2,1013.6,1009.3,94,42960.0,8.6,24.5,berlin,2026-06-01T04:16:57.083181
2026-06-01T18:00,22.7,40,8.4,21.0,0,0.0,0.0,0.0,0.0,0.0,2,1013.6,1009.3,96,42940.0,9.0,23.0,berlin,2026-06-01T04:16:57.083181
2026-06-01T19:00,21.2,49,10.0,20.0,0,0.0,0.0,0.0,0.0,0.0,2,1013.9,1009.6,34,41340.0,8.1,24.5,berlin,2026-06-01T04:16:57.083181
2026-06-01T20:00,20.1,55,10.8,19.2,0,0.0,0.0,0.0,0.0,0.0,1,1014.0,1009.6,29,40620.0,7.6,19.1,berlin,2026-06-01T04:16:57.083181
2026-06-01T21:00,19.2,59,11.0,18.5,0,0.0,0.0,0.0,0.0,0.0,1,1014.2,1009.8,17,40060.0,6.7,15.5,berlin,2026-06-01T04:16:57.083181
2026-06-01T22:00,18.3,63,11.1,17.6,0,0.0,0.0,0.0,0.0,0.0,1,1014.3,1009.9,14,39440.0,6.7,15.5,berlin,2026-06-01T04:16:57.083181
2026-06-01T23:00,17.4,67,11.2,16.7,0,0.0,0.0,0.0,0.0,0.0,1,1014.0,1009.6,24,38060.0,6.8,14.4,berlin,2026-06-01T04:16:57.083181
2026-06-01T00:00,18.1,68,12.1,17.1,0,0.0,0.0,0.0,0.0,0.0,2,1016.4,1011.9,50,19420.0,11.9,25.2,düsseldorf ,2026-06-01T04:16:59.640312
2026-06-01T01:00,18.9,62,11.4,17.6,0,0.0,0.0,0.0,0.0,0.0,3,1016.5,1012.0,100,50000.0,11.5,23.0,düsseldorf ,2026-06-01T04:16:59.640312
2026-06-01T02:00,18.5,67,12.3,17.6,0,0.0,0.0,0.0,0.0,0.0,3,1016.4,1011.8,100,19800.0,10.8,23.0,düsseldorf ,2026-06-01T04:16:59.640312
2026-06-01T03:00,17.9,69,12.1,17.0,0,0.0,0.0,0.0,0.0,0.0,0,1016.4,1011.8,1,50000.0,10.8,20.9,düsseldorf ,2026-06-01T04:16:59.640312
2026-06-01T04:00,17.1,75,12.6,16.6,1,0.0,0.0,0.0,0.0,0.0,1,1016.8,1012.2,20,16060.0,9.4,20.5,düsseldorf ,2026-06-01T04:16:59.640312
2026-06-01T05:00,16.7,78,12.8,15.9,2,0.0,0.0,0.0,0.0,0.0,3,1016.9,1012.3,92,50000.0,11.9,23.8,düsseldorf ,2026-06-01T04:16:59.640312
2026-06-01T06:00,17.1,75,12.6,16.5,4,0.0,0.0,0.0,0.0,0.0,3,1017.3,1012.8,100,15660.0,9.7,23.8,düsseldorf ,2026-06-01T04:16:59.640312
2026-06-01T07:00,18.0,70,12.5,17.7,7,0.0,0.0,0.0,0.0,0.0,3,1017.6,1013.1,94,50000.0,7.9,19.8,düsseldorf ,2026-06-01T04:16:59.640312
2026-06-01T08:00,19.5,64,12.5,19.3,10,0.0,0.0,0.0,0.0,0.0,3,1017.5,1013.0,94,50000.0,6.5,18.4,düsseldorf ,2026-06-01T04:16:59.640312
2026-06-01T09:00,20.9,56,11.8,21.1,14,0.0,0.0,0.0,0.0,0.0,0,1017.1,1012.6,3,25460.0,6.1,19.8,düsseldorf ,2026-06-01T04:16:59.640312
2026-06-01T10:00,22.6,47,10.7,23.3,21,0.0,0.0,0.0,0.0,0.0,1,1016.8,1012.3,26,29860.0,5.8,19.4,düsseldorf ,2026-06-01T04:16:59.640312
2026-06-01T11:00,23.4,41,9.4,22.9,29,0.0,0.0,0.0,0.0,0.0,3,1016.5,1012.1,99,33520.0,7.2,20.9,düsseldorf ,2026-06-01T04:16:59.640312
2026-06-01T12:00,23.7,39,8.9,22.3,33,0.0,0.0,0.0,0.0,0.0,2,1016.1,1011.7,52,34820.0,7.6,22.7,düsseldorf ,2026-06-01T04:16:59.640312
2026-06-01T13:00,24.8,36,8.7,24.0,31,0.0,0.0,0.0,0.0,0.0,3,1015.6,1011.2,96,37100.0,9.0,24.1,düsseldorf ,2026-06-01T04:16:59.640312
2026-06-01T14:00,25.5,33,8.1,24.6,24,0.0,0.0,0.0,0.0,0.0,3,1015.2,1010.8,89,38680.0,7.9,24.8,düsseldorf ,2026-06-01T04:16:59.640312
2026-06-01T15:00,25.7,34,8.7,24.1,18,0.0,0.0,0.0,0.0,0.0,3,1014.8,1010.4,82,38440.0,8.6,22.3,düsseldorf ,2026-06-01T04:16:59.640312
2026-06-01T16:00,25.6,34,8.6,23.9,12,0.0,0.0,0.0,0.0,0.0,3,1014.1,1009.7,99,38380.0,9.7,23.4,düsseldorf ,2026-06-01T04:16:59.640312
2026-06-01T17:00,25.4,35,8.8,23.5,6,0.0,0.0,0.0,0.0,0.0,3,1013.6,1009.2,100,37740.0,10.8,23.8,düsseldorf ,2026-06-01T04:16:59.640312
2026-06-01T18:00,24.8,36,8.7,22.8,2,0.0,0.0,0.0,0.0,0.0,3,1013.1,1008.7,100,37080.0,11.2,23.4,düsseldorf ,2026-06-01T04:16:59.640312
2026-06-01T19:00,24.0,39,9.2,22.3,0,0.0,0.0,0.0,0.0,0.0,3,1012.8,1008.4,98,35040.0,10.4,23.0,düsseldorf ,2026-06-01T04:16:59.640312
2026-06-01T20:00,23.4,42,9.8,22.0,0,0.0,0.0,0.0,0.0,0.0,0,1012.9,1008.5,14,33240.0,9.0,19.8,düsseldorf ,2026-06-01T04:16:59.640312
2026-06-01T21:00,22.8,44,9.9,21.6,0,0.0,0.0,0.0,0.0,0.0,1,1012.9,1008.4,49,31780.0,7.9,15.1,düsseldorf ,2026-06-01T04:16:59.640312
2026-06-01T22:00,22.2,47,10.4,21.2,0,0.0,0.0,0.0,0.0,0.0,3,1012.8,1008.3,99,30180.0,7.9,13.3,düsseldorf ,2026-06-01T04:16:59.640312
2026-06-01T23:00,21.9,48,10.3,20.9,0,0.0,0.0,0.0,0.0,0.0,3,1012.4,1007.9,100,29580.0,7.2,13.3,düsseldorf ,2026-06-01T04:16:59.640312
2026-06-01T00:00,18.0,74,13.3,18.1,3,0.0,0.0,0.0,0.0,0.0,3,1015.7,1003.5,59,35400.0,6.8,16.2,frankfurt,2026-06-01T04:17:37.447088
2026-06-01T01:00,17.4,78,13.6,17.8,0,0.0,0.0,0.0,0.0,0.0,1,1016.0,1003.8,0,33240.0,5.5,14.4,frankfurt,2026-06-01T04:17:37.447088
2026-06-01T02:00,16.8,80,13.3,17.1,0,0.0,0.0,0.0,0.0,0.0,2,1016.1,1003.9,77,31720.0,5.5,12.6,frankfurt,2026-06-01T04:17:37.447088
2026-06-01T03:00,16.5,80,13.1,16.7,0,0.0,0.0,0.0,0.0,0.0,3,1016.3,1004.0,84,31500.0,6.0,14.8,frankfurt,2026-06-01T04:17:37.447088
2026-06-01T04:00,16.1,82,13.0,16.5,0,0.0,0.0,0.0,0.0,0.0,0,1016.2,1003.9,0,29380.0,4.0,13.3,frankfurt,2026-06-01T04:17:37.447088
2026-06-01T05:00,16.1,81,12.9,16.7,0,0.0,0.0,0.0,0.0,0.0,0,1016.7,1004.4,0,29720.0,2.6,8.3,frankfurt,2026-06-01T04:17:37.447088
2026-06-01T06:00,16.7,78,12.9,16.9,0,0.0,0.0,0.0,0.0,0.0,0,1017.2,1004.9,0,30980.0,5.1,13.3,frankfurt,2026-06-01T04:17:37.447088
2026-06-01T07:00,17.9,72,12.8,18.1,0,0.0,0.0,0.0,0.0,0.0,2,1017.5,1005.3,68,35040.0,4.8,14.8,frankfurt,2026-06-01T04:17:37.447088
2026-06-01T08:00,19.5,59,11.3,19.6,0,0.0,0.0,0.0,0.0,0.0,3,1017.6,1005.5,95,39860.0,2.2,13.0,frankfurt,2026-06-01T04:17:37.447088
2026-06-01T09:00,20.0,61,12.3,20.3,0,0.0,0.0,0.0,0.0,0.0,2,1017.7,1005.6,76,39240.0,2.8,11.5,frankfurt,2026-06-01T04:17:37.447088
2026-06-01T10:00,21.2,53,11.3,21.6,0,0.0,0.0,0.0,0.0,0.0,2,1017.4,1005.3,66,40800.0,3.9,12.6,frankfurt,2026-06-01T04:17:37.447088
2026-06-01T11:00,21.6,56,12.5,21.2,0,0.0,0.0,0.0,0.0,0.0,3,1017.0,1004.9,100,40320.0,8.4,16.9,frankfurt,2026-06-01T04:17:37.447088
2026-06-01T12:00,22.4,46,10.3,21.6,0,0.0,0.0,0.0,0.0,0.0,3,1016.6,1004.6,98,41760.0,6.2,22.0,frankfurt,2026-06-01T04:17:37.447088
2026-06-01T13:00,22.8,47,10.9,22.0,0,0.0,0.0,0.0,0.0,0.0,3,1015.9,1003.9,100,41620.0,7.6,17.3,frankfurt,2026-06-01T04:17:37.447088
2026-06-01T14:00,23.5,42,9.9,22.7,0,0.0,0.0,0.0,0.0,0.0,3,1015.3,1003.3,99,42360.0,5.8,16.2,frankfurt,2026-06-01T04:17:37.447088
2026-06-01T15:00,23.8,43,10.5,23.1,0,0.0,0.0,0.0,0.0,0.0,3,1014.9,1003.0,83,42160.0,6.0,20.9,frankfurt,2026-06-01T04:17:37.447088
2026-06-01T16:00,24.0,40,9.6,22.5,0,0.0,0.0,0.0,0.0,0.0,3,1014.5,1002.6,100,42980.0,9.5,21.2,frankfurt,2026-06-01T04:17:37.447088
2026-06-01T17:00,23.7,41,9.7,23.0,0,0.0,0.0,0.0,0.0,0.0,3,1014.1,1002.2,100,42840.0,4.5,20.5,frankfurt,2026-06-01T04:17:37.447088
2026-06-01T18:00,23.5,42,9.8,23.1,0,0.0,0.0,0.0,0.0,0.0,3,1013.8,1001.9,97,42740.0,2.3,10.8,frankfurt,2026-06-01T04:17:37.447088
2026-06-01T19:00,23.0,44,10.1,22.8,0,0.0,0.0,0.0,0.0,0.0,3,1013.6,1001.6,99,42620.0,1.8,6.5,frankfurt,2026-06-01T04:17:37.447088
2026-06-01T20:00,21.8,54,12.1,22.1,0,0.0,0.0,0.0,0.0,0.0,2,1013.5,1001.5,73,41020.0,2.8,5.8,frankfurt,2026-06-01T04:17:37.447088
2026-06-01T21:00,20.3,63,13.1,20.9,0,0.0,0.0,0.0,0.0,0.0,3,1013.4,1001.3,100,39680.0,2.6,5.4,frankfurt,2026-06-01T04:17:37.447088
2026-06-01T22:00,19.1,72,13.9,20.1,0,0.0,0.0,0.0,0.0,0.0,3,1013.4,1001.3,92,36920.0,2.1,5.8,frankfurt,2026-06-01T04:17:37.447088
2026-06-01T23:00,18.4,70,12.8,18.8,0,0.0,0.0,0.0,0.0,0.0,3,1013.1,1001.0,85,37580.0,3.1,6.1,frankfurt,2026-06-01T04:17:37.447088
2026-06-01T00:00,14.1,80,10.7,13.9,0,0.0,0.0,0.0,0.0,0.0,3,1013.7,1010.5,100,29980.0,3.1,10.1,hamburg,2026-06-01T04:17:40.031382
2026-06-01T01:00,13.7,82,10.7,13.6,0,0.0,0.0,0.0,0.0,0.0,3,1013.6,1010.3,87,28380.0,2.5,8.3,hamburg,2026-06-01T04:17:40.031382
2026-06-01T02:00,13.4,84,10.8,13.4,0,0.0,0.0,0.0,0.0,0.0,2,1014.1,1010.8,64,26840.0,1.8,4.7,hamburg,2026-06-01T04:17:40.031382
2026-06-01T03:00,13.2,86,10.9,13.5,0,0.0,0.0,0.0,0.0,0.0,3,1014.5,1011.2,86,25900.0,0.4,2.9,hamburg,2026-06-01T04:17:40.031382
2026-06-01T04:00,13.4,86,11.1,13.5,0,0.0,0.0,0.0,0.0,0.0,3,1014.5,1011.2,86,23320.0,1.5,4.0,hamburg,2026-06-01T04:17:40.031382
2026-06-01T05:00,13.5,88,11.5,13.6,0,0.0,0.0,0.0,0.0,0.0,3,1014.8,1011.5,93,18980.0,2.5,7.9,hamburg,2026-06-01T04:17:40.031382
2026-06-01T06:00,14.1,84,11.4,14.0,0,0.0,0.0,0.0,0.0,0.0,3,1015.1,1011.8,88,24380.0,3.3,9.7,hamburg,2026-06-01T04:17:40.031382
2026-06-01T07:00,15.0,77,11.0,14.5,0,0.0,0.0,0.0,0.0,0.0,3,1015.5,1012.3,93,30640.0,5.4,14.0,hamburg,2026-06-01T04:17:40.031382
2026-06-01T08:00,16.2,68,10.3,15.6,0,0.0,0.0,0.0,0.0,0.0,2,1015.5,1012.3,94,36660.0,5.0,15.5,hamburg,2026-06-01T04:17:40.031382
2026-06-01T09:00,17.6,62,10.3,17.1,0,0.0,0.0,0.0,0.0,0.0,2,1015.7,1012.5,54,38520.0,5.4,14.4,hamburg,2026-06-01T04:17:40.031382
2026-06-01T10:00,18.9,50,8.2,17.9,0,0.0,0.0,0.0,0.0,0.0,1,1015.8,1012.6,36,40900.0,9.4,22.0,hamburg,2026-06-01T04:17:40.031382
2026-06-01T11:00,20.1,51,9.6,19.2,0,0.0,0.0,0.0,0.0,0.0,2,1015.4,1012.2,85,40840.0,9.8,24.5,hamburg,2026-06-01T04:17:40.031382
2026-06-01T12:00,21.3,43,8.2,19.7,0,0.0,0.0,0.0,0.0,0.0,3,1015.0,1011.8,100,42000.0,10.8,25.2,hamburg,2026-06-01T04:17:40.031382
2026-06-01T13:00,21.5,43,8.4,19.4,0,0.0,0.0,0.0,0.0,0.0,3,1014.8,1011.6,97,42100.0,11.7,26.3,hamburg,2026-06-01T04:17:40.031382
2026-06-01T14:00,21.2,42,7.8,18.9,0,0.0,0.0,0.0,0.0,0.0,3,1014.6,1011.4,100,42300.0,12.2,29.2,hamburg,2026-06-01T04:17:40.031382
2026-06-01T15:00,22.0,40,7.8,20.0,0,0.0,0.0,0.0,0.0,0.0,2,1014.2,1011.0,53,42860.0,9.5,23.4,hamburg,2026-06-01T04:17:40.031382
2026-06-01T16:00,22.0,37,6.6,19.9,0,0.0,0.0,0.0,0.0,0.0,3,1014.1,1010.9,100,43660.0,8.2,32.4,hamburg,2026-06-01T04:17:40.031382
2026-06-01T17:00,21.5,40,7.3,19.5,0,0.0,0.0,0.0,0.0,0.0,3,1014.0,1010.8,100,42920.0,8.9,23.8,hamburg,2026-06-01T04:17:40.031382
2026-06-01T18:00,21.1,41,7.4,19.5,0,0.0,0.0,0.0,0.0,0.0,3,1013.8,1010.6,90,42820.0,6.6,20.9,hamburg,2026-06-01T04:17:40.031382
2026-06-01T19:00,20.5,39,6.0,18.9,0,0.0,0.0,0.0,0.0,0.0,3,1013.5,1010.3,100,43300.0,4.0,15.5,hamburg,2026-06-01T04:17:40.031382
2026-06-01T20:00,19.5,42,6.3,18.1,0,0.0,0.0,0.0,0.0,0.0,3,1013.3,1010.1,100,42900.0,3.0,9.0,hamburg,2026-06-01T04:17:40.031382
2026-06-01T21:00,18.8,46,6.9,17.4,0,0.0,0.0,0.0,0.0,0.0,3,1013.2,1010.0,100,42140.0,3.7,7.2,hamburg,2026-06-01T04:17:40.031382
2026-06-01T22:00,17.7,51,7.4,16.3,0,0.0,0.0,0.0,0.0,0.0,3,1013.2,1010.0,100,41320.0,4.8,10.1,hamburg,2026-06-01T04:17:40.031382
2026-06-01T23:00,16.6,62,9.3,15.6,0,0.0,0.0,0.0,0.0,0.0,3,1012.9,1009.7,100,39640.0,5.8,12.6,hamburg,2026-06-01T04:17:40.031382
2026-06-01T00:00,16.7,82,13.6,15.8,95,0.0,0.0,0.0,0.0,0.0,3,1017.0,956.2,100,28660.0,14.4,34.6,munich,2026-06-01T04:18:17.794722
2026-06-01T01:00,16.2,80,12.8,14.9,85,0.7,0.7,0.0,0.0,0.0,80,1016.8,955.9,97,30460.0,15.2,33.5,munich,2026-06-01T04:18:17.794722
2026-06-01T02:00,15.6,78,11.8,14.4,25,0.0,0.0,0.0,0.0,0.0,3,1016.6,955.6,92,32300.0,12.3,29.9,munich,2026-06-01T04:18:17.794722
2026-06-01T03:00,15.2,78,11.4,14.2,10,0.0,0.0,0.0,0.0,0.0,3,1016.6,955.5,86,32660.0,9.5,25.6,munich,2026-06-01T04:18:17.794722
2026-06-01T04:00,14.8,82,11.8,14.2,0,0.0,0.0,0.0,0.0,0.0,3,1017.4,956.2,95,28740.0,8.3,20.9,munich,2026-06-01T04:18:17.794722
2026-06-01T05:00,14.9,87,12.7,14.6,3,0.0,0.0,0.0,0.0,0.0,3,1017.6,956.4,97,21620.0,7.8,16.6,munich,2026-06-01T04:18:17.794722
2026-06-01T06:00,15.8,83,12.9,15.3,60,0.0,0.0,0.0,0.0,0.0,80,1017.8,956.8,94,26540.0,10.1,28.1,munich,2026-06-01T04:18:17.794722
2026-06-01T07:00,16.3,76,12.1,15.6,85,0.0,0.0,0.0,0.0,0.0,3,1017.8,956.9,95,33180.0,9.7,31.7,munich,2026-06-01T04:18:17.794722
2026-06-01T08:00,17.2,73,12.3,16.4,83,0.0,0.0,0.0,0.0,0.0,3,1018.1,957.3,98,34740.0,10.2,30.2,munich,2026-06-01T04:18:17.794722
2026-06-01T09:00,17.8,68,11.8,16.9,75,0.0,0.0,0.0,0.0,0.0,3,1018.1,957.5,100,37040.0,10.1,27.7,munich,2026-06-01T04:18:17.794722
2026-06-01T10:00,18.6,63,11.4,17.4,60,0.0,0.0,0.0,0.0,0.0,3,1018.1,957.6,96,38660.0,10.9,26.3,munich,2026-06-01T04:18:17.794722
2026-06-01T11:00,19.3,62,11.9,18.5,48,0.0,0.0,0.0,0.0,0.0,2,1017.7,957.4,81,39040.0,9.5,25.9,munich,2026-06-01T04:18:17.794722
2026-06-01T12:00,19.9,59,11.6,18.8,28,0.1,0.1,0.0,0.0,0.0,80,1017.2,957.0,100,9300.0,11.0,24.5,munich,2026-06-01T04:18:17.794722
2026-06-01T13:00,21.0,48,9.6,19.0,20,0.3,0.3,0.0,0.0,0.0,80,1016.6,956.7,99,41520.0,13.0,28.1,munich,2026-06-01T04:18:17.794722
2026-06-01T14:00,21.3,50,10.4,20.1,13,0.0,0.0,0.0,0.0,0.0,3,1016.2,956.4,89,41220.0,9.4,31.3,munich,2026-06-01T04:18:17.794722
2026-06-01T15:00,20.0,65,13.2,19.6,5,0.0,0.0,0.0,0.0,0.0,2,1016.2,956.1,96,38420.0,9.5,27.0,munich,2026-06-01T04:18:17.794722
2026-06-01T16:00,20.7,58,12.1,20.0,3,0.0,0.0,0.0,0.0,0.0,2,1015.9,956.0,59,40140.0,9.2,21.6,munich,2026-06-01T04:18:17.794722
2026-06-01T17:00,20.7,54,11.1,20.0,0,0.0,0.0,0.0,0.0,0.0,1,1015.7,955.8,91,40800.0,7.3,21.6,munich,2026-06-01T04:18:17.794722
2026-06-01T18:00,20.0,58,11.5,19.4,0,0.0,0.0,0.0,0.0,0.0,3,1015.4,955.4,100,40300.0,7.0,18.4,munich,2026-06-01T04:18:17.794722
2026-06-01T19:00,18.8,65,12.1,18.7,0,0.0,0.0,0.0,0.0,0.0,3,1015.3,955.0,100,39020.0,5.1,15.5,munich,2026-06-01T04:18:17.794722
2026-06-01T20:00,17.4,71,12.1,17.5,0,0.0,0.0,0.0,0.0,0.0,3,1015.3,954.8,100,37020.0,4.3,10.4,munich,2026-06-01T04:18:17.794722
2026-06-01T21:00,16.1,77,12.1,16.2,0,0.0,0.0,0.0,0.0,0.0,3,1015.4,954.6,100,33460.0,4.0,9.0,munich,2026-06-01T04:18:17.794722
2026-06-01T22:00,15.1,81,11.9,15.3,0,0.0,0.0,0.0,0.0,0.0,3,1015.5,954.5,99,30740.0,3.1,7.6,munich,2026-06-01T04:18:17.794722
2026-06-01T23:00,14.4,84,11.7,14.3,0,0.0,0.0,0.0,0.0,0.0,2,1015.3,954.1,34,27360.0,4.2,8.3,munich,2026-06-01T04:18:17.794722
2026-06-01T00:00,17.6,70,12.1,17.2,0,0.0,0.0,0.0,0.0,0.0,2,1016.7,987.6,79,37600.0,7.4,20.9,stuttgart,2026-06-01T04:18:55.543912
2026-06-01T01:00,17.3,69,11.5,16.5,0,0.0,0.0,0.0,0.0,0.0,3,1017.3,988.1,100,37820.0,8.4,17.6,stuttgart,2026-06-01T04:18:55.543912
2026-06-01T02:00,16.6,73,11.8,16.0,8,0.4,0.4,0.0,0.0,0.0,61,1017.1,987.9,96,36300.0,8.2,21.2,stuttgart,2026-06-01T04:18:55.543912
2026-06-01T03:00,16.4,74,11.8,15.9,35,0.0,0.0,0.0,0.0,0.0,3,1017.1,987.9,82,35680.0,7.3,19.4,stuttgart,2026-06-01T04:18:55.543912
2026-06-01T04:00,16.1,76,11.9,15.6,45,0.0,0.0,0.0,0.0,0.0,2,1017.3,988.0,82,34180.0,7.3,16.6,stuttgart,2026-06-01T04:18:55.543912
2026-06-01T05:00,16.4,76,12.1,16.2,25,0.0,0.0,0.0,0.0,0.0,2,1017.5,988.2,52,34180.0,5.7,15.1,stuttgart,2026-06-01T04:18:55.543912
2026-06-01T06:00,17.1,75,12.6,17.1,5,0.0,0.0,0.0,0.0,0.0,2,1017.8,988.6,48,34360.0,5.7,13.7,stuttgart,2026-06-01T04:18:55.543912
2026-06-01T07:00,18.2,69,12.4,17.6,0,0.0,0.0,0.0,0.0,0.0,2,1018.1,989.0,85,36980.0,8.9,20.9,stuttgart,2026-06-01T04:18:55.543912
2026-06-01T08:00,19.0,64,12.0,18.3,0,0.0,0.0,0.0,0.0,0.0,2,1018.4,989.4,72,38500.0,9.0,21.6,stuttgart,2026-06-01T04:18:55.543912
2026-06-01T09:00,19.5,60,11.5,18.7,0,0.0,0.0,0.0,0.0,0.0,3,1018.5,989.5,96,39580.0,8.7,22.0,stuttgart,2026-06-01T04:18:55.543912
2026-06-01T10:00,20.0,56,11.0,18.9,0,0.0,0.0,0.0,0.0,0.0,2,1018.4,989.5,96,40300.0,9.8,24.8,stuttgart,2026-06-01T04:18:55.543912
2026-06-01T11:00,21.4,53,11.4,21.0,0,0.0,0.0,0.0,0.0,0.0,2,1017.8,989.0,61,40820.0,9.0,22.7,stuttgart,2026-06-01T04:18:55.543912
2026-06-01T12:00,23.0,42,9.4,22.9,0,0.0,0.0,0.0,0.0,0.0,2,1016.9,988.3,95,42340.0,7.9,20.5,stuttgart,2026-06-01T04:18:55.543912
2026-06-01T13:00,23.5,43,10.2,23.2,0,0.0,0.0,0.0,0.0,0.0,3,1016.1,987.6,100,42140.0,5.2,21.2,stuttgart,2026-06-01T04:18:55.543912
2026-06-01T14:00,24.3,38,9.0,23.5,0,0.0,0.0,0.0,0.0,0.0,3,1015.4,987.0,98,43380.0,4.9,18.0,stuttgart,2026-06-01T04:18:55.543912
2026-06-01T15:00,24.3,37,8.7,22.9,0,0.0,0.0,0.0,0.0,0.0,3,1015.1,986.7,100,43800.0,6.9,19.1,stuttgart,2026-06-01T04:18:55.543912
2026-06-01T16:00,24.1,39,9.3,22.3,0,0.0,0.0,0.0,0.0,0.0,3,1014.8,986.4,100,43220.0,10.6,20.9,stuttgart,2026-06-01T04:18:55.543912
2026-06-01T17:00,23.6,40,9.2,22.4,0,0.0,0.0,0.0,0.0,0.0,3,1014.6,986.1,100,42960.0,7.1,21.2,stuttgart,2026-06-01T04:18:55.543912
2026-06-01T18:00,23.2,39,8.5,22.1,0,0.0,0.0,0.0,0.0,0.0,3,1014.3,985.8,100,43380.0,4.6,16.9,stuttgart,2026-06-01T04:18:55.543912
2026-06-01T19:00,22.3,44,9.5,21.6,0,0.0,0.0,0.0,0.0,0.0,3,1014.1,985.5,88,42540.0,4.3,10.1,stuttgart,2026-06-01T04:18:55.543912
2026-06-01T20:00,21.3,51,10.7,21.2,0,0.0,0.0,0.0,0.0,0.0,3,1014.1,985.4,100,41680.0,2.0,8.3,stuttgart,2026-06-01T04:18:55.543912
2026-06-01T21:00,20.2,51,9.8,19.6,0,0.0,0.0,0.0,0.0,0.0,3,1014.1,985.3,99,41520.0,4.0,7.9,stuttgart,2026-06-01T04:18:55.543912
2026-06-01T22:00,19.4,52,9.3,18.7,0,0.0,0.0,0.0,0.0,0.0,3,1014.0,985.1,88,41440.0,3.8,7.6,stuttgart,2026-06-01T04:18:55.543912
2026-06-01T23:00,18.5,54,9.0,17.7,0,0.0,0.0,0.0,0.0,0.0,3,1013.6,984.7,96,41160.0,3.7,7.6,stuttgart,2026-06-01T04:18:55.543912
2026-06-01T00:00,25.7,90,23.9,30.7,31,0.9,0.1,0.8,0.0,0.0,53,1012.9,1011.2,99,3160.0,7.1,19.4,accra,2026-06-01T04:20:16.237364
2026-06-01T01:00,25.4,94,24.4,30.5,34,1.4,0.2,1.2,0.0,0.0,80,1012.3,1010.6,70,12460.0,8.6,16.9,accra,2026-06-01T04:20:16.237364
2026-06-01T02:00,25.1,96,24.5,30.6,36,0.0,0.0,0.0,0.0,0.0,3,1011.5,1009.8,97,16280.0,6.7,16.2,accra,2026-06-01T04:20:16.237364
2026-06-01T03:00,24.8,97,24.3,30.2,37,0.0,0.0,0.0,0.0,0.0,3,1010.9,1009.2,100,14940.0,6.3,14.0,accra,2026-06-01T04:20:16.237364
2026-06-01T04:00,24.8,95,23.9,29.8,35,0.0,0.0,0.0,0.0,0.0,2,1010.7,1009.0,71,15960.0,6.6,15.5,accra,2026-06-01T04:20:16.237364
2026-06-01T05:00,24.6,96,23.8,29.5,31,0.0,0.0,0.0,0.0,0.0,1,1010.8,1009.1,20,16240.0,7.0,14.8,accra,2026-06-01T04:20:16.237364
2026-06-01T06:00,24.5,96,23.9,29.4,27,0.0,0.0,0.0,0.0,0.0,1,1011.8,1010.1,36,17480.0,7.5,15.5,accra,2026-06-01T04:20:16.237364
2026-06-01T07:00,25.3,91,23.8,30.5,21,0.0,0.0,0.0,0.0,0.0,2,1012.8,1011.1,73,8860.0,5.4,15.8,accra,2026-06-01T04:20:16.237364
2026-06-01T08:00,26.8,84,23.8,31.5,15,0.2,0.2,0.0,0.0,0.0,51,1012.8,1011.1,100,9020.0,8.6,25.2,accra,2026-06-01T04:20:16.237364
2026-06-01T09:00,28.1,77,23.8,33.0,16,0.2,0.1,0.1,0.0,0.0,51,1012.9,1011.2,79,6460.0,7.5,24.5,accra,2026-06-01T04:20:16.237364
2026-06-01T10:00,29.3,71,23.5,34.1,31,0.2,0.1,0.1,0.0,0.0,51,1012.9,1011.2,54,9240.0,8.0,23.8,accra,2026-06-01T04:20:16.237364
2026-06-01T11:00,30.2,69,23.8,36.2,54,0.1,0.1,0.0,0.0,0.0,51,1012.7,1011.0,71,13400.0,9.0,26.6,accra,2026-06-01T04:20:16.237364
2026-06-01T12:00,30.1,70,24.1,36.2,73,0.0,0.0,0.0,0.0,0.0,2,1012.2,1010.5,77,24700.0,11.6,32.4,accra,2026-06-01T04:20:16.237364
2026-06-01T13:00,29.8,70,23.9,35.6,86,0.1,0.1,0.0,0.0,0.0,51,1011.4,1009.7,57,18240.0,12.2,34.6,accra,2026-06-01T04:20:16.237364
2026-06-01T14:00,29.9,71,24.0,34.8,96,0.0,0.0,0.0,0.0,0.0,2,1010.6,1008.9,67,25640.0,14.1,37.4,accra,2026-06-01T04:20:16.237364
2026-06-01T15:00,29.1,72,23.5,33.2,100,0.3,0.1,0.2,0.0,0.0,51,1010.0,1008.3,73,6660.0,13.9,39.2,accra,2026-06-01T04:20:16.237364
2026-06-01T16:00,29.1,72,23.6,32.8,96,0.2,0.1,0.1,0.0,0.0,51,1009.5,1007.8,28,11320.0,14.9,37.8,accra,2026-06-01T04:20:16.237364
2026-06-01T17:00,28.6,75,23.7,32.3,86,0.1,0.1,0.0,0.0,0.0,51,1009.3,1007.6,29,20820.0,15.1,37.8,accra,2026-06-01T04:20:16.237364
2026-06-01T18:00,28.0,78,23.8,32.0,71,0.0,0.0,0.0,0.0,0.0,1,1010.2,1008.5,38,25740.0,13.7,36.7,accra,2026-06-01T04:20:16.237364
2026-06-01T19:00,27.8,80,24.0,32.3,49,0.0,0.0,0.0,0.0,0.0,2,1011.0,1009.3,77,26480.0,10.8,29.2,accra,2026-06-01T04:20:16.237364
2026-06-01T20:00,27.7,81,24.1,32.4,22,0.0,0.0,0.0,0.0,0.0,3,1012.1,1010.4,87,18760.0,9.7,22.7,accra,2026-06-01T04:20:16.237364
2026-06-01T21:00,27.2,84,24.2,32.0,4,0.0,0.0,0.0,0.0,0.0,2,1012.9,1011.2,75,19220.0,9.7,20.2,accra,2026-06-01T04:20:16.237364
2026-06-01T22:00,26.7,87,24.4,31.7,1,0.1,0.1,0.0,0.0,0.0,51,1013.5,1011.8,68,14480.0,9.1,20.2,accra,2026-06-01T04:20:16.237364
2026-06-01T23:00,26.4,89,24.4,31.6,5,0.0,0.0,0.0,0.0,0.0,3,1013.7,1012.0,88,21900.0,7.7,18.4,accra,2026-06-01T04:20:16.237364
2026-06-01T00:00,19.8,62,12.3,20.1,0,0.0,0.0,0.0,0.0,0.0,0,1014.5,1003.7,0,39960.0,2.8,7.6,athens,2026-06-01T04:20:19.445984
2026-06-01T01:00,19.4,65,12.6,19.8,0,0.0,0.0,0.0,0.0,0.0,0,1014.4,1003.6,0,39000.0,2.8,8.6,athens,2026-06-01T04:20:19.445984
2026-06-01T02:00,19.0,68,13.0,19.6,0,0.0,0.0,0.0,0.0,0.0,0,1014.1,1003.3,0,38420.0,2.6,9.0,athens,2026-06-01T04:20:19.445984
2026-06-01T03:00,18.8,72,13.6,19.6,0,0.0,0.0,0.0,0.0,0.0,0,1014.0,1003.2,4,37460.0,2.6,8.3,athens,2026-06-01T04:20:19.445984
2026-06-01T04:00,18.8,73,13.9,19.8,0,0.0,0.0,0.0,0.0,0.0,0,1013.8,1003.0,3,36680.0,2.4,8.3,athens,2026-06-01T04:20:19.445984
2026-06-01T05:00,20.6,68,14.5,21.9,0,0.0,0.0,0.0,0.0,0.0,0,1014.4,1003.6,0,37940.0,1.3,8.3,athens,2026-06-01T04:20:19.445984
2026-06-01T06:00,23.5,58,14.8,24.7,0,0.0,0.0,0.0,0.0,0.0,1,1014.7,1004.0,5,39200.0,2.3,11.5,athens,2026-06-01T04:20:19.445984
2026-06-01T07:00,25.7,50,14.5,26.5,0,0.0,0.0,0.0,0.0,0.0,1,1015.0,1004.4,13,39980.0,4.9,16.6,athens,2026-06-01T04:20:19.445984
2026-06-01T08:00,27.6,44,14.2,29.0,0,0.0,0.0,0.0,0.0,0.0,1,1014.9,1004.4,21,40220.0,7.4,22.3,athens,2026-06-01T04:20:19.445984
2026-06-01T09:00,29.0,39,13.6,30.5,0,0.0,0.0,0.0,0.0,0.0,0,1015.1,1004.6,7,40760.0,9.7,28.8,athens,2026-06-01T04:20:19.445984
2026-06-01T10:00,29.9,34,12.4,31.1,0,0.0,0.0,0.0,0.0,0.0,0,1015.0,1004.5,0,42540.0,12.0,32.4,athens,2026-06-01T04:20:19.445984
2026-06-01T11:00,30.0,36,13.3,31.3,0,0.0,0.0,0.0,0.0,0.0,0,1015.0,1004.5,0,41840.0,13.8,37.1,athens,2026-06-01T04:20:19.445984
2026-06-01T12:00,29.6,39,14.2,30.9,0,0.0,0.0,0.0,0.0,0.0,0,1014.7,1004.2,22,41040.0,14.2,38.2,athens,2026-06-01T04:20:19.445984
2026-06-01T13:00,29.3,42,15.1,30.4,0,0.0,0.0,0.0,0.0,0.0,1,1014.4,1003.9,63,40720.0,13.8,38.9,athens,2026-06-01T04:20:19.445984
2026-06-01T14:00,28.7,41,14.1,28.8,0,0.0,0.0,0.0,0.0,0.0,1,1014.3,1003.8,18,40820.0,13.4,39.6,athens,2026-06-01T04:20:19.445984
2026-06-01T15:00,27.8,41,13.3,27.1,0,0.0,0.0,0.0,0.0,0.0,0,1014.4,1003.9,0,41320.0,12.1,37.8,athens,2026-06-01T04:20:19.445984
2026-06-01T16:00,26.6,43,13.0,26.1,0,0.0,0.0,0.0,0.0,0.0,0,1014.5,1003.9,0,41460.0,10.2,34.6,athens,2026-06-01T04:20:19.445984
2026-06-01T17:00,25.3,44,12.2,25.0,0,0.0,0.0,0.0,0.0,0.0,0,1014.8,1004.2,0,41620.0,6.9,29.9,athens,2026-06-01T04:20:19.445984
2026-06-01T18:00,24.1,45,11.5,24.3,0,0.0,0.0,0.0,0.0,0.0,0,1014.8,1004.1,0,41580.0,2.2,22.3,athens,2026-06-01T04:20:19.445984
2026-06-01T19:00,22.9,49,11.7,23.2,0,0.0,0.0,0.0,0.0,0.0,0,1015.3,1004.6,0,41000.0,1.8,11.9,athens,2026-06-01T04:20:19.445984
2026-06-01T20:00,21.9,53,11.9,21.9,0,0.0,0.0,0.0,0.0,0.0,0,1015.5,1004.8,0,40980.0,3.7,7.2,athens,2026-06-01T04:20:19.445984
2026-06-01T21:00,21.2,53,11.3,21.2,0,0.0,0.0,0.0,0.0,0.0,0,1015.7,1004.9,0,41180.0,2.7,7.9,athens,2026-06-01T04:20:19.445984
2026-06-01T22:00,20.8,56,11.7,21.1,0,0.0,0.0,0.0,0.0,0.0,0,1015.8,1005.0,0,41140.0,1.3,5.4,athens,2026-06-01T04:20:19.445984
2026-06-01T23:00,20.3,61,12.6,21.0,0,0.0,0.0,0.0,0.0,0.0,0,1015.6,1004.8,0,40980.0,1.0,3.2,athens,2026-06-01T04:20:19.445984
2026-06-01T00:00,18.3,78,14.4,18.9,0,0.0,0.0,0.0,0.0,0.0,0,1013.1,1012.3,0,34540.0,5.3,13.7,thessaloniki,2026-06-01T04:20:21.997559
2026-06-01T01:00,18.0,81,14.7,18.7,0,0.0,0.0,0.0,0.0,0.0,1,1013.3,1012.5,10,32160.0,5.6,13.0,thessaloniki,2026-06-01T04:20:21.997559
2026-06-01T02:00,17.8,81,14.5,18.4,0,0.0,0.0,0.0,0.0,0.0,1,1012.9,1012.1,32,32100.0,5.6,13.7,thessaloniki,2026-06-01T04:20:21.997559
2026-06-01T03:00,17.5,82,14.4,18.2,0,0.0,0.0,0.0,0.0,0.0,1,1012.9,1012.1,32,31380.0,5.7,13.0,thessaloniki,2026-06-01T04:20:21.997559
2026-06-01T04:00,18.0,79,14.3,18.6,0,0.0,0.0,0.0,0.0,0.0,1,1012.9,1012.1,31,33660.0,5.5,14.0,thessaloniki,2026-06-01T04:20:21.997559
2026-06-01T05:00,20.2,70,14.6,21.1,0,0.0,0.0,0.0,0.0,0.0,1,1013.5,1012.7,24,37940.0,4.3,14.4,thessaloniki,2026-06-01T04:20:21.997559
2026-06-01T06:00,23.0,60,14.8,24.3,0,0.0,0.0,0.0,0.0,0.0,1,1013.6,1012.8,10,40020.0,2.1,17.3,thessaloniki,2026-06-01T04:20:21.997559
2026-06-01T07:00,25.9,47,13.7,26.9,0,0.0,0.0,0.0,0.0,0.0,0,1014.0,1013.2,1,41340.0,1.3,11.9,thessaloniki,2026-06-01T04:20:21.997559
2026-06-01T08:00,28.1,39,12.8,29.6,0,0.0,0.0,0.0,0.0,0.0,0,1013.8,1013.0,0,42680.0,2.9,10.8,thessaloniki,2026-06-01T04:20:21.997559
2026-06-01T09:00,29.9,33,11.9,31.8,0,0.0,0.0,0.0,0.0,0.0,0,1013.8,1013.0,0,44280.0,4.0,14.4,thessaloniki,2026-06-01T04:20:21.997559
2026-06-01T10:00,30.8,30,11.3,32.3,0,0.0,0.0,0.0,0.0,0.0,0,1013.5,1012.7,15,45240.0,7.7,23.4,thessaloniki,2026-06-01T04:20:21.997559
2026-06-01T11:00,31.1,29,11.0,31.6,0,0.0,0.0,0.0,0.0,0.0,0,1013.6,1012.8,16,45920.0,13.0,35.3,thessaloniki,2026-06-01T04:20:21.997559
2026-06-01T12:00,31.2,26,9.5,31.0,0,0.0,0.0,0.0,0.0,0.0,0,1013.0,1012.2,0,47780.0,13.4,37.8,thessaloniki,2026-06-01T04:20:21.997559
2026-06-01T13:00,31.1,29,11.0,30.5,0,0.0,0.0,0.0,0.0,0.0,0,1012.5,1011.7,3,46000.0,16.7,43.6,thessaloniki,2026-06-01T04:20:21.997559
2026-06-01T14:00,30.8,31,11.7,29.6,0,0.0,0.0,0.0,0.0,0.0,3,1011.7,1010.9,86,45080.0,16.6,43.6,thessaloniki,2026-06-01T04:20:21.997559
2026-06-01T15:00,30.1,33,12.0,28.2,0,0.0,0.0,0.0,0.0,0.0,3,1011.6,1010.8,100,44480.0,16.9,42.5,thessaloniki,2026-06-01T04:20:21.997559
2026-06-01T16:00,28.5,41,14.0,27.6,0,0.0,0.0,0.0,0.0,0.0,3,1011.6,1010.8,100,42680.0,14.6,42.5,thessaloniki,2026-06-01T04:20:21.997559
2026-06-01T17:00,27.1,47,14.8,27.3,0,0.0,0.0,0.0,0.0,0.0,3,1011.9,1011.1,100,41780.0,9.4,39.6,thessaloniki,2026-06-01T04:20:21.997559
2026-06-01T18:00,25.3,54,15.4,26.3,0,0.0,0.0,0.0,0.0,0.0,3,1012.3,1011.5,100,41000.0,6.0,30.6,thessaloniki,2026-06-01T04:20:21.997559
2026-06-01T19:00,24.0,63,16.6,26.3,3,0.0,0.0,0.0,0.0,0.0,3,1012.8,1012.0,100,40220.0,0.0,22.3,thessaloniki,2026-06-01T04:20:21.997559
2026-06-01T20:00,23.2,59,14.8,24.4,8,0.0,0.0,0.0,0.0,0.0,3,1013.2,1012.4,100,40800.0,2.5,11.5,thessaloniki,2026-06-01T04:20:21.997559
2026-06-01T21:00,22.3,68,16.1,23.8,5,0.0,0.0,0.0,0.0,0.0,3,1013.6,1012.8,97,38660.0,4.1,12.6,thessaloniki,2026-06-01T04:20:21.997559
2026-06-01T22:00,21.5,72,16.2,23.0,0,0.0,0.0,0.0,0.0,0.0,2,1013.5,1012.7,50,37320.0,4.0,13.7,thessaloniki,2026-06-01T04:20:21.997559
2026-06-01T23:00,20.8,79,17.0,22.7,0,0.0,0.0,0.0,0.0,0.0,1,1013.6,1012.8,22,33760.0,3.8,12.6,thessaloniki,2026-06-01T04:20:21.997559
2026-06-01T00:00,21.4,63,14.1,20.9,16,0.0,0.0,0.0,0.0,0.0,3,1010.7,997.6,100,17720.0,12.2,25.2,budapest,2026-06-01T04:20:24.600309
2026-06-01T01:00,20.9,61,13.1,20.9,11,0.0,0.0,0.0,0.0,0.0,3,1010.6,997.4,100,18740.0,6.8,25.2,budapest,2026-06-01T04:20:24.600309
2026-06-01T02:00,21.0,58,12.5,21.0,7,0.0,0.0,0.0,0.0,0.0,3,1009.9,996.8,100,50000.0,5.4,15.5,budapest,2026-06-01T04:20:24.600309
2026-06-01T03:00,20.9,57,12.1,20.7,4,0.0,0.0,0.0,0.0,0.0,3,1009.9,996.7,100,50000.0,5.4,13.7,budapest,2026-06-01T04:20:24.600309
2026-06-01T04:00,20.6,59,12.4,20.5,2,0.0,0.0,0.0,0.0,0.0,3,1009.9,996.7,99,50000.0,5.8,14.0,budapest,2026-06-01T04:20:24.600309
2026-06-01T05:00,20.9,59,12.6,20.7,2,0.0,0.0,0.0,0.0,0.0,3,1010.2,997.0,100,19440.0,7.2,16.6,budapest,2026-06-01T04:20:24.600309
2026-06-01T06:00,20.5,63,13.3,20.6,6,0.1,0.1,0.0,0.0,0.0,51,1010.4,997.2,100,17840.0,6.8,18.4,budapest,2026-06-01T04:20:24.600309
2026-06-01T07:00,20.5,66,13.9,21.3,15,0.1,0.1,0.0,0.0,0.0,51,1011.0,997.8,100,16680.0,3.2,16.6,budapest,2026-06-01T04:20:24.600309
2026-06-01T08:00,22.0,62,14.4,22.3,28,0.0,0.0,0.0,0.0,0.0,3,1010.8,997.7,100,18060.0,7.6,19.8,budapest,2026-06-01T04:20:24.600309
2026-06-01T09:00,22.9,58,14.2,22.9,41,0.0,0.0,0.0,0.0,0.0,3,1010.7,997.6,100,19700.0,9.4,24.8,budapest,2026-06-01T04:20:24.600309
2026-06-01T10:00,22.9,58,14.2,22.6,57,0.0,0.0,0.0,0.0,0.0,3,1010.8,997.7,100,20060.0,11.9,25.6,budapest,2026-06-01T04:20:24.600309
2026-06-01T11:00,22.7,58,14.0,22.4,73,0.0,0.0,0.0,0.0,0.0,3,1010.9,997.8,100,19820.0,10.8,26.3,budapest,2026-06-01T04:20:24.600309
2026-06-01T12:00,22.9,59,14.5,22.5,84,0.0,0.0,0.0,0.0,0.0,3,1010.6,997.5,100,19620.0,13.0,27.7,budapest,2026-06-01T04:20:24.600309
2026-06-01T13:00,21.8,68,15.7,22.5,85,0.8,0.8,0.0,0.0,0.0,53,1010.2,997.1,100,15820.0,8.6,27.7,budapest,2026-06-01T04:20:24.600309
2026-06-01T14:00,21.1,64,14.0,20.7,81,0.1,0.1,0.0,0.0,0.0,51,1010.2,997.0,100,17480.0,11.9,38.9,budapest,2026-06-01T04:20:24.600309
2026-06-01T15:00,21.7,68,15.5,22.0,73,0.0,0.0,0.0,0.0,0.0,3,1010.2,997.1,97,15900.0,10.4,27.0,budapest,2026-06-01T04:20:24.600309
2026-06-01T16:00,21.6,65,14.8,21.6,62,0.0,0.0,0.0,0.0,0.0,3,1010.0,996.9,99,16940.0,11.2,25.6,budapest,2026-06-01T04:20:24.600309
2026-06-01T17:00,19.5,82,16.3,19.2,47,0.6,0.6,0.0,0.0,0.0,53,1010.4,997.2,100,8380.0,17.3,33.8,budapest,2026-06-01T04:20:24.600309
2026-06-01T18:00,18.6,86,16.2,18.6,35,0.7,0.7,0.0,0.0,0.0,53,1011.2,997.9,100,8620.0,14.8,34.2,budapest,2026-06-01T04:20:24.600309
2026-06-01T19:00,17.8,84,15.1,17.7,27,0.0,0.0,0.0,0.0,0.0,0,1012.0,998.7,8,9460.0,12.2,27.7,budapest,2026-06-01T04:20:24.600309
2026-06-01T20:00,17.4,82,14.3,17.6,21,0.0,0.0,0.0,0.0,0.0,3,1012.7,999.4,87,10200.0,9.0,23.4,budapest,2026-06-01T04:20:24.600309
2026-06-01T21:00,17.5,81,14.2,17.6,16,0.0,0.0,0.0,0.0,0.0,3,1012.8,999.5,99,10360.0,8.6,16.6,budapest,2026-06-01T04:20:24.600309
2026-06-01T22:00,17.8,81,14.5,17.7,12,0.0,0.0,0.0,0.0,0.0,0,1012.9,999.6,15,10640.0,11.5,22.7,budapest,2026-06-01T04:20:24.600309
2026-06-01T23:00,17.2,80,13.7,16.7,10,0.0,0.0,0.0,0.0,0.0,0,1013.0,999.6,0,10920.0,11.5,24.1,budapest,2026-06-01T04:20:24.600309
2026-06-01T00:00,21.1,95,20.4,23.9,18,0.0,0.0,0.0,0.0,0.0,2,1012.8,911.2,70,14140.0,9.0,23.0,bangalore,2026-06-01T04:22:27.823554
2026-06-01T01:00,21.4,94,20.4,24.2,15,0.0,0.0,0.0,0.0,0.0,3,1013.4,911.8,81,14040.0,8.4,19.1,bangalore,2026-06-01T04:22:27.823554
2026-06-01T02:00,22.5,86,20.0,25.3,12,0.0,0.0,0.0,0.0,0.0,1,1014.2,912.9,34,16920.0,8.0,20.5,bangalore,2026-06-01T04:22:27.823554
2026-06-01T03:00,24.4,73,19.3,26.8,10,0.0,0.0,0.0,0.0,0.0,0,1014.2,913.5,10,21880.0,7.5,21.6,bangalore,2026-06-01T04:22:27.823554
2026-06-01T04:00,26.5,62,18.6,28.1,7,0.0,0.0,0.0,0.0,0.0,0,1013.9,913.9,5,24200.0,12.7,33.5,bangalore,2026-06-01T04:22:27.823554
2026-06-01T05:00,28.0,59,19.1,31.1,4,0.0,0.0,0.0,0.0,0.0,1,1013.6,914.1,37,26340.0,10.2,34.9,bangalore,2026-06-01T04:22:27.823554
2026-06-01T06:00,29.5,53,18.9,33.4,4,0.0,0.0,0.0,0.0,0.0,3,1012.7,913.7,100,26400.0,8.1,29.5,bangalore,2026-06-01T04:22:27.823554
2026-06-01T07:00,29.3,52,18.3,31.1,6,0.0,0.0,0.0,0.0,0.0,3,1011.8,912.9,87,26460.0,8.8,26.6,bangalore,2026-06-01T04:22:27.823554
2026-06-01T08:00,30.9,46,17.9,33.7,11,0.0,0.0,0.0,0.0,0.0,3,1010.7,912.3,95,29540.0,7.1,26.6,bangalore,2026-06-01T04:22:27.823554
2026-06-01T09:00,31.2,45,17.9,33.7,18,0.0,0.0,0.0,0.0,0.0,3,1009.6,911.5,100,29640.0,6.9,24.8,bangalore,2026-06-01T04:22:27.823554
2026-06-01T10:00,30.1,48,17.8,32.0,28,0.0,0.0,0.0,0.0,0.0,3,1008.6,910.2,100,29720.0,6.2,23.4,bangalore,2026-06-01T04:22:27.823554
2026-06-01T11:00,28.5,51,17.4,29.6,40,0.0,0.0,0.0,0.0,0.0,3,1009.3,910.4,100,7020.0,10.5,25.9,bangalore,2026-06-01T04:22:27.823554
2026-06-01T12:00,27.1,58,18.0,29.8,51,0.2,0.2,0.0,0.0,0.0,51,1009.4,910.0,34,6200.0,1.5,25.9,bangalore,2026-06-01T04:22:27.823554
2026-06-01T13:00,26.7,63,19.0,29.2,60,0.1,0.1,0.0,0.0,0.0,51,1010.4,910.8,45,16620.0,6.0,13.0,bangalore,2026-06-01T04:22:27.823554
2026-06-01T14:00,21.9,84,19.1,23.6,68,0.6,0.5,0.1,0.0,0.0,53,1013.2,911.8,100,3980.0,11.9,38.9,bangalore,2026-06-01T04:22:27.823554
2026-06-01T15:00,22.4,86,19.9,24.7,69,0.8,0.8,0.0,0.0,0.0,53,1013.3,912.0,88,5800.0,10.0,23.0,bangalore,2026-06-01T04:22:27.823554
2026-06-01T16:00,22.0,89,20.0,24.7,61,0.1,0.1,0.0,0.0,0.0,51,1014.1,912.6,95,15300.0,7.9,22.7,bangalore,2026-06-01T04:22:27.823554
2026-06-01T17:00,21.9,90,20.1,24.8,46,0.0,0.0,0.0,0.0,0.0,3,1013.8,912.3,98,16560.0,6.8,18.4,bangalore,2026-06-01T04:22:27.823554
2026-06-01T18:00,22.0,89,20.0,24.9,33,0.0,0.0,0.0,0.0,0.0,3,1013.5,912.1,98,17280.0,6.3,15.5,bangalore,2026-06-01T04:22:27.823554
2026-06-01T19:00,21.8,90,20.0,24.8,22,0.0,0.0,0.0,0.0,0.0,3,1012.9,911.5,100,17320.0,5.9,14.0,bangalore,2026-06-01T04:22:27.823554
2026-06-01T20:00,21.8,90,20.1,24.6,11,0.0,0.0,0.0,0.0,0.0,2,1012.2,910.8,75,14520.0,7.6,15.5,bangalore,2026-06-01T04:22:27.823554
2026-06-01T21:00,21.6,92,20.3,24.7,4,0.0,0.0,0.0,0.0,0.0,0,1011.4,910.1,5,14560.0,6.6,15.5,bangalore,2026-06-01T04:22:27.823554
2026-06-01T22:00,21.2,95,20.4,24.3,3,0.0,0.0,0.0,0.0,0.0,1,1011.2,909.8,27,14580.0,6.5,13.7,bangalore,2026-06-01T04:22:27.823554
2026-06-01T23:00,21.2,95,20.5,24.3,5,0.0,0.0,0.0,0.0,0.0,2,1011.6,910.1,70,10080.0,6.5,14.4,bangalore,2026-06-01T04:22:27.823554
2026-06-01T00:00,29.0,74,23.9,33.3,0,0.0,0.0,0.0,0.0,0.0,3,1007.6,1006.7,96,20320.0,11.7,25.9,chennai,2026-06-01T04:22:30.424636
2026-06-01T01:00,29.1,73,23.9,33.7,0,0.0,0.0,0.0,0.0,0.0,3,1008.1,1007.2,95,20340.0,10.2,25.9,chennai,2026-06-01T04:22:30.424636
2026-06-01T02:00,30.8,59,21.8,33.7,0,0.0,0.0,0.0,0.0,0.0,2,1008.7,1007.8,76,24620.0,12.9,31.0,chennai,2026-06-01T04:22:30.424636
2026-06-01T03:00,32.8,48,20.4,35.0,0,0.0,0.0,0.0,0.0,0.0,3,1009.3,1008.4,90,27580.0,12.7,33.1,chennai,2026-06-01T04:22:30.424636
2026-06-01T04:00,34.7,42,20.0,37.2,0,0.0,0.0,0.0,0.0,0.0,3,1009.6,1008.7,84,27580.0,10.4,33.5,chennai,2026-06-01T04:22:30.424636
2026-06-01T05:00,36.5,38,19.9,40.7,1,0.0,0.0,0.0,0.0,0.0,1,1009.3,1008.4,48,31580.0,6.0,29.5,chennai,2026-06-01T04:22:30.424636
2026-06-01T06:00,37.4,37,20.2,42.8,2,0.0,0.0,0.0,0.0,0.0,1,1008.7,1007.8,20,31600.0,4.1,23.4,chennai,2026-06-01T04:22:30.424636
2026-06-01T07:00,37.0,40,21.1,42.5,4,0.0,0.0,0.0,0.0,0.0,1,1008.0,1007.1,24,31600.0,8.2,27.7,chennai,2026-06-01T04:22:30.424636
2026-06-01T08:00,36.3,43,21.9,41.4,7,0.0,0.0,0.0,0.0,0.0,0,1007.1,1006.2,9,27640.0,11.4,34.6,chennai,2026-06-01T04:22:30.424636
2026-06-01T09:00,36.0,45,22.2,40.4,10,0.0,0.0,0.0,0.0,0.0,0,1006.2,1005.3,9,27660.0,12.8,35.6,chennai,2026-06-01T04:22:30.424636
2026-06-01T10:00,34.9,50,22.9,38.6,12,0.0,0.0,0.0,0.0,0.0,0,1005.4,1004.5,9,20040.0,14.8,39.6,chennai,2026-06-01T04:22:30.424636
2026-06-01T11:00,33.9,56,23.8,37.8,14,0.0,0.0,0.0,0.0,0.0,0,1005.2,1004.3,9,24740.0,14.3,38.9,chennai,2026-06-01T04:22:30.424636
2026-06-01T12:00,33.0,59,24.0,36.9,14,0.0,0.0,0.0,0.0,0.0,0,1005.5,1004.6,8,24740.0,14.9,36.7,chennai,2026-06-01T04:22:30.424636
2026-06-01T13:00,32.0,60,23.4,35.8,10,0.0,0.0,0.0,0.0,0.0,0,1006.2,1005.3,4,22680.0,13.6,36.4,chennai,2026-06-01T04:22:30.424636
2026-06-01T14:00,31.5,68,24.9,36.5,4,0.0,0.0,0.0,0.0,0.0,95,1007.1,1006.2,13,22700.0,11.5,32.0,chennai,2026-06-01T04:22:30.424636
2026-06-01T15:00,31.1,72,25.5,36.4,0,0.0,0.0,0.0,0.0,0.0,95,1008.0,1007.1,12,20480.0,12.8,30.2,chennai,2026-06-01T04:22:30.424636
2026-06-01T16:00,31.0,71,25.1,36.1,0,0.0,0.0,0.0,0.0,0.0,95,1008.7,1007.8,4,20500.0,12.0,29.5,chennai,2026-06-01T04:22:30.424636
2026-06-01T17:00,30.9,69,24.5,35.5,0,0.0,0.0,0.0,0.0,0.0,0,1009.1,1008.2,12,22740.0,12.1,28.8,chennai,2026-06-01T04:22:30.424636
2026-06-01T18:00,30.5,70,24.4,35.2,0,0.0,0.0,0.0,0.0,0.0,0,1008.7,1007.8,2,20520.0,11.3,27.7,chennai,2026-06-01T04:22:30.424636
2026-06-01T19:00,30.2,72,24.7,35.0,0,0.0,0.0,0.0,0.0,0.0,0,1008.0,1007.1,13,20540.0,11.7,26.3,chennai,2026-06-01T04:22:30.424636
2026-06-01T20:00,29.9,75,25.0,35.2,0,0.0,0.0,0.0,0.0,0.0,95,1007.3,1006.4,2,20540.0,9.9,25.9,chennai,2026-06-01T04:22:30.424636
2026-06-01T21:00,29.8,74,24.5,34.9,0,0.0,0.0,0.0,0.0,0.0,0,1006.8,1005.9,13,20560.0,8.9,22.0,chennai,2026-06-01T04:22:30.424636
2026-06-01T22:00,29.5,71,23.8,34.1,0,0.0,0.0,0.0,0.0,0.0,0,1006.7,1005.8,1,20560.0,9.8,22.0,chennai,2026-06-01T04:22:30.424636
2026-06-01T23:00,29.2,70,23.1,33.2,0,0.0,0.0,0.0,0.0,0.0,0,1007.0,1006.1,2,22800.0,11.2,24.8,chennai,2026-06-01T04:22:30.424636
2026-06-01T00:00,27.5,93,26.2,34.1,51,0.0,0.0,0.0,0.0,0.0,95,1007.3,1006.0,66,5540.0,7.1,13.0,kolkata,2026-06-01T04:22:33.042157
2026-06-01T01:00,27.6,89,25.7,34.5,49,1.2,0.5,0.7,0.0,0.0,55,1008.1,1006.8,30,5440.0,2.0,22.0,kolkata,2026-06-01T04:22:33.042157
2026-06-01T02:00,28.6,84,25.8,35.6,42,0.1,0.1,0.0,0.0,0.0,51,1008.4,1007.1,19,9580.0,2.2,11.5,kolkata,2026-06-01T04:22:33.042157
2026-06-01T03:00,30.9,73,25.5,37.7,33,0.0,0.0,0.0,0.0,0.0,3,1008.6,1007.4,100,12600.0,1.4,11.9,kolkata,2026-06-01T04:22:33.042157
2026-06-01T04:00,31.5,72,25.9,38.8,22,0.0,0.0,0.0,0.0,0.0,95,1008.8,1007.6,8,12600.0,2.5,13.7,kolkata,2026-06-01T04:22:33.042157
2026-06-01T05:00,32.7,68,25.9,40.9,10,0.0,0.0,0.0,0.0,0.0,95,1008.4,1007.2,9,14100.0,3.2,15.8,kolkata,2026-06-01T04:22:33.042157
2026-06-01T06:00,33.5,63,25.6,41.8,6,0.0,0.0,0.0,0.0,0.0,95,1007.6,1006.4,9,11700.0,4.1,17.3,kolkata,2026-06-01T04:22:33.042157
2026-06-01T07:00,34.2,60,25.5,42.7,16,0.0,0.0,0.0,0.0,0.0,95,1006.7,1005.5,8,14020.0,4.0,18.0,kolkata,2026-06-01T04:22:33.042157
2026-06-01T08:00,34.5,60,25.5,42.6,33,0.0,0.0,0.0,0.0,0.0,95,1005.7,1004.5,20,13160.0,3.9,16.6,kolkata,2026-06-01T04:22:33.042157
2026-06-01T09:00,34.5,59,25.3,41.7,49,0.0,0.0,0.0,0.0,0.0,95,1004.8,1003.6,36,11300.0,3.0,16.6,kolkata,2026-06-01T04:22:33.042157
2026-06-01T10:00,31.9,64,24.3,36.8,64,0.1,0.0,0.1,0.0,0.0,51,1004.6,1003.4,76,3360.0,8.8,22.3,kolkata,2026-06-01T04:22:33.042157
2026-06-01T11:00,30.8,71,24.9,36.7,77,0.5,0.5,0.0,0.0,0.0,53,1004.0,1002.8,18,7640.0,4.9,28.8,kolkata,2026-06-01T04:22:33.042157
2026-06-01T12:00,31.0,70,25.0,37.0,78,0.0,0.0,0.0,0.0,0.0,1,1004.2,1003.0,32,12740.0,4.2,13.7,kolkata,2026-06-01T04:22:33.042157
2026-06-01T13:00,30.5,76,25.9,37.2,57,0.0,0.0,0.0,0.0,0.0,95,1004.9,1003.7,12,12320.0,4.3,10.8,kolkata,2026-06-01T04:22:33.042157
2026-06-01T14:00,30.1,80,26.3,36.8,24,0.0,0.0,0.0,0.0,0.0,95,1006.0,1004.8,10,11680.0,6.7,14.8,kolkata,2026-06-01T04:22:33.042157
2026-06-01T15:00,29.6,82,26.2,36.1,0,0.0,0.0,0.0,0.0,0.0,95,1006.8,1005.6,8,10740.0,7.5,16.2,kolkata,2026-06-01T04:22:33.042157
2026-06-01T16:00,29.3,84,26.4,36.0,0,0.0,0.0,0.0,0.0,0.0,95,1007.5,1006.2,5,10900.0,7.0,16.2,kolkata,2026-06-01T04:22:33.042157
2026-06-01T17:00,29.0,86,26.4,35.5,0,0.0,0.0,0.0,0.0,0.0,95,1007.5,1006.2,2,10920.0,7.6,16.2,kolkata,2026-06-01T04:22:33.042157
2026-06-01T18:00,28.5,87,26.1,34.9,0,0.0,0.0,0.0,0.0,0.0,95,1007.0,1005.7,2,9540.0,7.7,17.3,kolkata,2026-06-01T04:22:33.042157
2026-06-01T19:00,28.1,88,26.0,34.5,0,0.0,0.0,0.0,0.0,0.0,95,1006.5,1005.2,50,9540.0,7.3,16.6,kolkata,2026-06-01T04:22:33.042157
2026-06-01T20:00,27.9,90,26.0,34.3,0,0.0,0.0,0.0,0.0,0.0,95,1005.9,1004.6,55,9540.0,6.8,15.8,kolkata,2026-06-01T04:22:33.042157
2026-06-01T21:00,27.8,90,26.0,34.3,0,0.0,0.0,0.0,0.0,0.0,95,1005.6,1004.3,44,9560.0,5.9,14.8,kolkata,2026-06-01T04:22:33.042157
2026-06-01T22:00,27.6,92,26.2,34.6,0,0.0,0.0,0.0,0.0,0.0,95,1005.5,1004.2,28,7900.0,4.4,12.2,kolkata,2026-06-01T04:22:33.042157
2026-06-01T23:00,27.5,93,26.4,34.7,0,0.0,0.0,0.0,0.0,0.0,95,1005.8,1004.5,88,7900.0,3.8,9.4,kolkata,2026-06-01T04:22:33.042157
2026-06-01T00:00,29.8,73,24.5,35.5,14,0.0,0.0,0.0,0.0,0.0,1,1008.8,1008.1,21,18240.0,4.7,13.3,mumbai,2026-06-01T04:22:35.603308
2026-06-01T01:00,29.8,73,24.5,35.4,11,0.0,0.0,0.0,0.0,0.0,1,1009.2,1008.5,34,17980.0,5.1,12.2,mumbai,2026-06-01T04:22:35.603308
2026-06-01T02:00,30.4,71,24.5,36.0,7,0.0,0.0,0.0,0.0,0.0,2,1009.8,1009.1,55,14100.0,5.6,17.3,mumbai,2026-06-01T04:22:35.603308
2026-06-01T03:00,31.6,64,24.0,36.8,8,0.0,0.0,0.0,0.0,0.0,1,1010.2,1009.5,38,14360.0,6.7,21.6,mumbai,2026-06-01T04:22:35.603308
2026-06-01T04:00,32.5,60,23.8,37.1,20,0.0,0.0,0.0,0.0,0.0,2,1010.4,1009.7,52,25900.0,8.9,27.0,mumbai,2026-06-01T04:22:35.603308
2026-06-01T05:00,33.0,58,23.7,37.9,38,0.1,0.0,0.1,0.0,0.0,51,1010.8,1010.1,30,8500.0,10.6,31.7,mumbai,2026-06-01T04:22:35.603308
2026-06-01T06:00,33.2,58,23.8,38.6,51,0.2,0.1,0.1,0.0,0.0,51,1010.8,1010.1,26,9800.0,12.3,36.0,mumbai,2026-06-01T04:22:35.603308
2026-06-01T07:00,33.5,59,24.2,39.7,56,0.1,0.0,0.1,0.0,0.0,51,1010.2,1009.5,16,10100.0,12.6,37.4,mumbai,2026-06-01T04:22:35.603308
2026-06-01T08:00,33.8,57,24.2,40.4,55,0.1,0.1,0.0,0.0,0.0,51,1009.5,1008.8,9,14700.0,11.2,37.1,mumbai,2026-06-01T04:22:35.603308
2026-06-01T09:00,33.5,59,24.5,39.8,53,0.1,0.0,0.1,0.0,0.0,95,1008.5,1007.8,20,11980.0,12.8,37.4,mumbai,2026-06-01T04:22:35.603308
2026-06-01T10:00,32.9,63,24.9,38.5,48,0.2,0.2,0.0,0.0,0.0,95,1008.0,1007.3,22,13740.0,13.7,38.5,mumbai,2026-06-01T04:22:35.603308
2026-06-01T11:00,32.4,65,25.0,37.2,41,0.0,0.0,0.0,0.0,0.0,95,1007.5,1006.8,27,25960.0,13.4,38.5,mumbai,2026-06-01T04:22:35.603308
2026-06-01T12:00,32.0,65,24.6,36.7,33,0.0,0.0,0.0,0.0,0.0,95,1007.7,1007.0,46,15280.0,12.5,37.1,mumbai,2026-06-01T04:22:35.603308
2026-06-01T13:00,31.2,68,24.6,35.9,23,0.1,0.0,0.1,0.0,0.0,95,1007.9,1007.2,59,11080.0,12.4,33.8,mumbai,2026-06-01T04:22:35.603308
2026-06-01T14:00,30.9,69,24.5,35.9,12,0.2,0.0,0.2,0.0,0.0,51,1008.7,1008.0,47,7580.0,10.1,31.7,mumbai,2026-06-01T04:22:35.603308
2026-06-01T15:00,30.8,71,25.0,36.1,4,0.1,0.0,0.1,0.0,0.0,95,1009.3,1008.6,52,17800.0,9.4,25.6,mumbai,2026-06-01T04:22:35.603308
2026-06-01T16:00,30.5,72,25.0,36.1,2,0.0,0.0,0.0,0.0,0.0,95,1009.8,1009.1,46,17500.0,8.1,24.1,mumbai,2026-06-01T04:22:35.603308
2026-06-01T17:00,30.4,73,25.0,36.1,4,0.1,0.1,0.0,0.0,0.0,95,1010.2,1009.5,49,11460.0,7.0,20.5,mumbai,2026-06-01T04:22:35.603308
2026-06-01T18:00,30.3,73,25.0,36.1,6,0.1,0.1,0.0,0.0,0.0,95,1010.3,1009.6,41,13660.0,6.1,17.6,mumbai,2026-06-01T04:22:35.603308
2026-06-01T19:00,30.3,73,24.9,36.0,8,0.0,0.0,0.0,0.0,0.0,95,1009.6,1008.9,35,23600.0,6.4,16.2,mumbai,2026-06-01T04:22:35.603308
2026-06-01T20:00,30.0,76,25.4,36.2,11,0.0,0.0,0.0,0.0,0.0,95,1009.1,1008.4,23,21060.0,5.9,14.8,mumbai,2026-06-01T04:22:35.603308
2026-06-01T21:00,29.9,77,25.4,36.0,16,0.0,0.0,0.0,0.0,0.0,95,1008.3,1007.6,23,20620.0,5.8,13.3,mumbai,2026-06-01T04:22:35.603308
2026-06-01T22:00,29.7,78,25.4,36.1,25,0.0,0.0,0.0,0.0,0.0,95,1007.9,1007.2,28,19280.0,4.2,13.0,mumbai,2026-06-01T04:22:35.603308
2026-06-01T23:00,29.5,78,25.3,35.9,36,0.0,0.0,0.0,0.0,0.0,95,1007.8,1007.1,37,11280.0,3.6,8.6,mumbai,2026-06-01T04:22:35.603308
2026-06-01T00:00,24.2,84,21.3,27.9,2,0.0,0.0,0.0,0.0,0.0,1,1007.5,983.1,31,8040.0,5.8,13.0,new_delhi,2026-06-01T04:23:53.599782
2026-06-01T01:00,24.7,82,21.5,28.6,2,0.0,0.0,0.0,0.0,0.0,2,1007.8,983.4,63,8040.0,5.2,13.3,new_delhi,2026-06-01T04:23:53.599782
2026-06-01T02:00,26.0,76,21.4,29.7,1,0.0,0.0,0.0,0.0,0.0,2,1008.4,984.1,78,8980.0,6.2,16.2,new_delhi,2026-06-01T04:23:53.599782
2026-06-01T03:00,27.5,68,21.1,30.9,2,0.0,0.0,0.0,0.0,0.0,0,1008.7,984.5,16,9280.0,7.2,20.5,new_delhi,2026-06-01T04:23:53.599782
2026-06-01T04:00,29.1,59,20.4,32.1,5,0.0,0.0,0.0,0.0,0.0,1,1008.9,984.8,30,9800.0,7.6,22.3,new_delhi,2026-06-01T04:23:53.599782
2026-06-01T05:00,30.8,52,19.6,34.1,10,0.0,0.0,0.0,0.0,0.0,3,1008.8,984.9,86,10540.0,7.6,23.4,new_delhi,2026-06-01T04:23:53.599782
2026-06-01T06:00,31.6,48,19.1,35.0,14,0.0,0.0,0.0,0.0,0.0,3,1008.5,984.7,91,11700.0,7.6,23.8,new_delhi,2026-06-01T04:23:53.599782
2026-06-01T07:00,32.8,45,19.3,36.5,17,0.0,0.0,0.0,0.0,0.0,2,1007.8,984.1,53,11700.0,8.1,25.2,new_delhi,2026-06-01T04:23:53.599782
2026-06-01T08:00,33.5,43,19.2,37.2,20,0.0,0.0,0.0,0.0,0.0,1,1007.0,983.3,36,11700.0,7.9,25.2,new_delhi,2026-06-01T04:23:53.599782
2026-06-01T09:00,33.8,42,19.0,37.1,24,0.0,0.0,0.0,0.0,0.0,2,1006.1,982.5,70,11700.0,6.9,24.8,new_delhi,2026-06-01T04:23:53.599782
2026-06-01T10:00,33.8,41,18.8,35.9,33,0.0,0.0,0.0,0.0,0.0,3,1005.4,981.8,84,11700.0,7.5,23.0,new_delhi,2026-06-01T04:23:53.599782
2026-06-01T11:00,33.4,41,18.5,35.3,43,0.0,0.0,0.0,0.0,0.0,2,1005.0,981.4,77,7740.0,8.1,23.4,new_delhi,2026-06-01T04:23:53.599782
2026-06-01T12:00,30.8,47,18.4,32.7,47,1.3,0.5,0.8,0.0,0.0,61,1005.3,981.5,67,3680.0,8.0,23.0,new_delhi,2026-06-01T04:23:53.599782
2026-06-01T13:00,30.2,51,18.9,32.5,41,0.3,0.3,0.0,0.0,0.0,51,1005.7,981.8,43,8800.0,7.2,22.0,new_delhi,2026-06-01T04:23:53.599782
2026-06-01T14:00,30.0,57,20.4,33.6,29,0.0,0.0,0.0,0.0,0.0,1,1006.3,982.4,27,9380.0,3.1,15.8,new_delhi,2026-06-01T04:23:53.599782
2026-06-01T15:00,29.7,58,20.5,33.2,18,0.0,0.0,0.0,0.0,0.0,0,1006.9,982.9,19,10560.0,4.1,9.0,new_delhi,2026-06-01T04:23:53.599782
2026-06-01T16:00,29.0,61,20.8,32.6,11,0.0,0.0,0.0,0.0,0.0,0,1007.1,983.1,12,10560.0,5.0,11.5,new_delhi,2026-06-01T04:23:53.599782
2026-06-01T17:00,28.2,65,21.0,31.9,4,0.0,0.0,0.0,0.0,0.0,0,1007.2,983.1,5,9820.0,4.8,12.2,new_delhi,2026-06-01T04:23:53.599782
2026-06-01T18:00,27.5,69,21.3,31.4,0,0.0,0.0,0.0,0.0,0.0,0,1007.0,982.9,1,9820.0,5.0,11.2,new_delhi,2026-06-01T04:23:53.599782
2026-06-01T19:00,27.0,71,21.2,30.8,0,0.0,0.0,0.0,0.0,0.0,0,1006.6,982.4,0,9820.0,4.6,10.8,new_delhi,2026-06-01T04:23:53.599782
2026-06-01T20:00,26.6,72,21.2,30.5,0,0.0,0.0,0.0,0.0,0.0,0,1006.2,982.0,0,9820.0,4.0,9.7,new_delhi,2026-06-01T04:23:53.599782
2026-06-01T21:00,26.2,74,21.1,30.2,0,0.0,0.0,0.0,0.0,0.0,0,1006.0,981.8,0,9000.0,3.3,8.3,new_delhi,2026-06-01T04:23:53.599782
2026-06-01T22:00,25.9,75,21.1,29.8,1,0.0,0.0,0.0,0.0,0.0,0,1006.1,981.9,0,9000.0,3.4,7.2,new_delhi,2026-06-01T04:23:53.599782
2026-06-01T23:00,25.5,77,21.1,29.3,2,0.0,0.0,0.0,0.0,0.0,0,1006.2,981.9,0,9000.0,3.6,7.6,new_delhi,2026-06-01T04:23:53.599782
2026-06-01T00:00,26.4,84,23.5,31.5,33,0.0,0.0,0.0,0.0,0.0,3,1012.1,1011.6,93,8700.0,4.3,12.2,jakarta,2026-06-01T04:24:31.416574
2026-06-01T01:00,27.9,75,23.0,32.8,24,0.0,0.0,0.0,0.0,0.0,2,1012.7,1012.2,67,10240.0,3.9,14.0,jakarta,2026-06-01T04:24:31.416574
2026-06-01T02:00,29.6,66,22.5,34.5,13,0.0,0.0,0.0,0.0,0.0,2,1012.9,1012.4,74,12060.0,2.8,15.1,jakarta,2026-06-01T04:24:31.416574
2026-06-01T03:00,31.0,60,22.5,36.5,6,0.0,0.0,0.0,0.0,0.0,3,1012.6,1012.1,98,12060.0,0.4,14.8,jakarta,2026-06-01T04:24:31.416574
2026-06-01T04:00,31.9,57,22.2,37.5,7,0.0,0.0,0.0,0.0,0.0,3,1012.1,1011.6,99,10420.0,4.1,20.9,jakarta,2026-06-01T04:24:31.416574
2026-06-01T05:00,31.6,59,22.7,36.5,13,0.0,0.0,0.0,0.0,0.0,3,1011.2,1010.7,100,8560.0,9.2,29.2,jakarta,2026-06-01T04:24:31.416574
2026-06-01T06:00,31.0,63,23.2,36.2,24,0.1,0.1,0.0,0.0,0.0,51,1010.4,1009.9,100,8560.0,11.2,33.5,jakarta,2026-06-01T04:24:31.416574
2026-06-01T07:00,30.6,65,23.2,34.8,45,0.0,0.0,0.0,0.0,0.0,3,1009.7,1009.2,95,10880.0,11.9,33.5,jakarta,2026-06-01T04:24:31.416574
2026-06-01T08:00,30.9,64,23.2,35.0,71,0.1,0.1,0.0,0.0,0.0,51,1009.1,1008.6,80,12080.0,10.2,33.8,jakarta,2026-06-01T04:24:31.416574
2026-06-01T09:00,30.4,64,22.9,34.1,90,0.0,0.0,0.0,0.0,0.0,3,1009.3,1008.8,85,12080.0,11.0,29.2,jakarta,2026-06-01T04:24:31.416574
2026-06-01T10:00,30.1,63,22.2,34.1,95,0.0,0.0,0.0,0.0,0.0,3,1009.5,1009.0,98,12080.0,7.3,29.5,jakarta,2026-06-01T04:24:31.416574
2026-06-01T11:00,27.4,77,23.0,31.7,93,0.6,0.5,0.1,0.0,0.0,53,1010.7,1010.2,100,4680.0,7.9,19.8,jakarta,2026-06-01T04:24:31.416574
2026-06-01T12:00,26.8,83,23.6,31.3,86,0.1,0.1,0.0,0.0,0.0,51,1011.3,1010.8,87,7780.0,9.2,23.4,jakarta,2026-06-01T04:24:31.416574
2026-06-01T13:00,26.6,83,23.5,31.2,73,0.0,0.0,0.0,0.0,0.0,2,1011.8,1011.3,77,7740.0,8.1,24.1,jakarta,2026-06-01T04:24:31.416574
2026-06-01T14:00,26.5,83,23.4,31.2,55,0.0,0.0,0.0,0.0,0.0,2,1012.4,1011.9,73,9020.0,6.8,19.8,jakarta,2026-06-01T04:24:31.416574
2026-06-01T15:00,26.5,83,23.4,31.4,39,0.0,0.0,0.0,0.0,0.0,2,1012.8,1012.3,59,9260.0,5.1,16.6,jakarta,2026-06-01T04:24:31.416574
2026-06-01T16:00,26.3,83,23.1,31.3,26,0.0,0.0,0.0,0.0,0.0,3,1012.9,1012.4,89,9300.0,4.0,13.3,jakarta,2026-06-01T04:24:31.416574
2026-06-01T17:00,26.0,84,23.0,31.0,14,0.0,0.0,0.0,0.0,0.0,3,1012.7,1012.2,93,9200.0,3.4,9.7,jakarta,2026-06-01T04:24:31.416574
2026-06-01T18:00,25.8,84,23.0,30.8,6,0.0,0.0,0.0,0.0,0.0,2,1011.7,1011.2,73,9220.0,3.2,9.0,jakarta,2026-06-01T04:24:31.416574
2026-06-01T19:00,25.7,84,22.8,30.8,2,0.0,0.0,0.0,0.0,0.0,2,1011.1,1010.6,73,9300.0,2.0,8.3,jakarta,2026-06-01T04:24:31.416574
2026-06-01T20:00,25.7,85,23.0,30.9,1,0.0,0.0,0.0,0.0,0.0,3,1010.8,1010.3,80,9300.0,2.1,6.8,jakarta,2026-06-01T04:24:31.416574
2026-06-01T21:00,25.6,86,23.1,31.0,0,0.0,0.0,0.0,0.0,0.0,3,1010.8,1010.3,89,9300.0,1.8,6.5,jakarta,2026-06-01T04:24:31.416574
2026-06-01T22:00,25.8,86,23.2,31.1,0,0.0,0.0,0.0,0.0,0.0,2,1011.2,1010.7,77,9300.0,2.3,6.1,jakarta,2026-06-01T04:24:31.416574
2026-06-01T23:00,25.7,86,23.2,31.0,0,0.0,0.0,0.0,0.0,0.0,1,1011.7,1011.2,37,7960.0,2.3,6.5,jakarta,2026-06-01T04:24:31.416574
2026-06-01T00:00,18.2,27,-1.1,15.4,0,0.0,0.0,0.0,0.0,0.0,0,1011.2,883.2,0,50540.0,4.0,11.9,tehran,2026-06-01T04:24:33.989941
2026-06-01T01:00,17.5,29,-0.7,14.7,0,0.0,0.0,0.0,0.0,0.0,1,1012.1,883.7,41,48720.0,4.3,10.1,tehran,2026-06-01T04:24:33.989941
2026-06-01T02:00,16.9,29,-1.2,13.9,0,0.0,0.0,0.0,0.0,0.0,1,1012.4,883.8,27,48660.0,4.7,10.8,tehran,2026-06-01T04:24:33.989941
2026-06-01T03:00,18.9,26,-1.0,16.1,0,0.0,0.0,0.0,0.0,0.0,0,1013.1,885.2,3,50740.0,3.6,11.2,tehran,2026-06-01T04:24:33.989941
2026-06-01T04:00,23.5,18,-2.2,21.0,0,0.0,0.0,0.0,0.0,0.0,0,1012.1,886.1,0,56980.0,0.5,10.4,tehran,2026-06-01T04:24:33.989941
2026-06-01T05:00,26.4,15,-2.3,23.4,0,0.0,0.0,0.0,0.0,0.0,0,1011.8,887.0,0,60000.0,3.6,13.3,tehran,2026-06-01T04:24:33.989941
2026-06-01T06:00,28.3,15,-0.8,26.1,0,0.0,0.0,0.0,0.0,0.0,0,1011.5,887.5,0,58920.0,7.4,22.3,tehran,2026-06-01T04:24:33.989941
2026-06-01T07:00,29.6,14,-0.7,27.9,0,0.0,0.0,0.0,0.0,0.0,0,1011.0,887.5,0,59400.0,9.4,26.6,tehran,2026-06-01T04:24:33.989941
2026-06-01T08:00,30.3,13,-1.2,28.9,0,0.0,0.0,0.0,0.0,0.0,0,1010.6,887.4,0,61060.0,10.5,30.2,tehran,2026-06-01T04:24:33.989941
2026-06-01T09:00,30.8,12,-1.9,29.4,0,0.0,0.0,0.0,0.0,0.0,0,1009.9,887.0,0,62460.0,10.6,31.0,tehran,2026-06-01T04:24:33.989941
2026-06-01T10:00,31.2,12,-1.5,29.7,0,0.0,0.0,0.0,0.0,0.0,1,1009.4,886.7,5,63140.0,10.9,31.0,tehran,2026-06-01T04:24:33.989941
2026-06-01T11:00,31.2,12,-1.5,29.4,0,0.0,0.0,0.0,0.0,0.0,0,1009.0,886.4,0,63080.0,9.4,32.0,tehran,2026-06-01T04:24:33.989941
2026-06-01T12:00,31.3,11,-2.7,28.8,0,0.0,0.0,0.0,0.0,0.0,0,1008.4,885.9,0,64940.0,7.9,27.0,tehran,2026-06-01T04:24:33.989941
2026-06-01T13:00,31.1,12,-1.6,27.7,0,0.0,0.0,0.0,0.0,0.0,0,1007.9,885.4,0,64340.0,7.3,21.6,tehran,2026-06-01T04:24:33.989941
2026-06-01T14:00,30.6,13,-1.0,27.2,0,0.0,0.0,0.0,0.0,0.0,0,1007.7,885.0,0,63360.0,7.6,21.6,tehran,2026-06-01T04:24:33.989941
2026-06-01T15:00,29.4,11,-4.1,25.3,0,0.0,0.0,0.0,0.0,0.0,0,1008.2,885.0,0,67040.0,9.7,24.1,tehran,2026-06-01T04:24:33.989941
2026-06-01T16:00,27.2,12,-4.7,23.6,0,0.0,0.0,0.0,0.0,0.0,0,1009.1,884.9,0,66620.0,5.9,23.8,tehran,2026-06-01T04:24:33.989941
2026-06-01T17:00,25.1,14,-4.3,21.7,0,0.0,0.0,0.0,0.0,0.0,0,1010.3,885.2,0,64120.0,4.8,13.0,tehran,2026-06-01T04:24:33.989941
2026-06-01T18:00,23.3,13,-6.7,19.7,0,0.0,0.0,0.0,0.0,0.0,0,1011.1,885.2,0,65400.0,4.7,10.1,tehran,2026-06-01T04:24:33.989941
2026-06-01T19:00,21.8,12,-8.9,17.9,0,0.0,0.0,0.0,0.0,0.0,0,1011.6,885.0,0,66840.0,4.7,9.7,tehran,2026-06-01T04:24:33.989941
2026-06-01T20:00,20.5,12,-9.9,16.5,0,0.0,0.0,0.0,0.0,0.0,0,1011.9,884.8,0,66380.0,4.7,10.4,tehran,2026-06-01T04:24:33.989941
2026-06-01T21:00,19.3,14,-8.9,15.5,0,0.0,0.0,0.0,0.0,0.0,0,1012.2,884.6,0,64320.0,4.5,10.8,tehran,2026-06-01T04:24:33.989941
2026-06-01T22:00,18.4,17,-7.1,14.8,0,0.0,0.0,0.0,0.0,0.0,0,1013.0,884.9,0,59540.0,4.3,10.1,tehran,2026-06-01T04:24:33.989941
2026-06-01T23:00,17.4,21,-5.2,13.9,0,0.0,0.0,0.0,0.0,0.0,0,1013.3,884.7,0,55040.0,4.7,11.2,tehran,2026-06-01T04:24:33.989941
2026-06-01T00:00,26.9,29,7.4,25.9,0,0.0,0.0,0.0,0.0,0.0,0,1009.8,1005.8,0,51480.0,2.4,1.8,baghdad,2026-06-01T04:24:36.570176
2026-06-01T01:00,26.4,31,7.9,25.3,0,0.0,0.0,0.0,0.0,0.0,0,1010.0,1006.0,0,50420.0,4.1,4.7,baghdad,2026-06-01T04:24:36.570176
2026-06-01T02:00,25.1,35,8.6,24.1,0,0.0,0.0,0.0,0.0,0.0,0,1009.9,1005.9,0,45760.0,4.3,9.7,baghdad,2026-06-01T04:24:36.570176
2026-06-01T03:00,24.9,36,8.8,23.9,0,0.0,0.0,0.0,0.0,0.0,0,1010.4,1006.4,0,44860.0,5.2,11.9,baghdad,2026-06-01T04:24:36.570176
2026-06-01T04:00,26.6,33,9.0,25.6,0,0.0,0.0,0.0,0.0,0.0,3,1010.3,1006.3,90,46120.0,4.9,13.3,baghdad,2026-06-01T04:24:36.570176
2026-06-01T05:00,29.5,27,8.5,28.3,0,0.0,0.0,0.0,0.0,0.0,3,1011.2,1007.2,95,49440.0,5.1,15.5,baghdad,2026-06-01T04:24:36.570176
2026-06-01T06:00,32.5,22,8.0,31.4,0,0.0,0.0,0.0,0.0,0.0,2,1011.4,1007.5,78,53400.0,5.6,19.1,baghdad,2026-06-01T04:24:36.570176
2026-06-01T07:00,34.8,17,6.2,34.0,0,0.0,0.0,0.0,0.0,0.0,3,1011.2,1007.3,92,57880.0,7.7,23.4,baghdad,2026-06-01T04:24:36.570176
2026-06-01T08:00,36.1,16,6.3,35.6,0,0.0,0.0,0.0,0.0,0.0,3,1011.1,1007.2,87,59740.0,7.1,23.4,baghdad,2026-06-01T04:24:36.570176
2026-06-01T09:00,37.2,15,6.3,37.7,0,0.0,0.0,0.0,0.0,0.0,0,1010.6,1006.7,6,60740.0,5.6,22.0,baghdad,2026-06-01T04:24:36.570176
2026-06-01T10:00,38.2,14,6.0,39.1,0,0.0,0.0,0.0,0.0,0.0,0,1010.5,1006.6,3,61340.0,5.0,18.4,baghdad,2026-06-01T04:24:36.570176
2026-06-01T11:00,38.6,14,6.4,39.3,0,0.0,0.0,0.0,0.0,0.0,0,1010.0,1006.1,1,61800.0,4.0,17.3,baghdad,2026-06-01T04:24:36.570176
2026-06-01T12:00,38.8,14,6.5,38.8,0,0.0,0.0,0.0,0.0,0.0,0,1009.5,1005.6,0,62180.0,4.3,15.5,baghdad,2026-06-01T04:24:36.570176
2026-06-01T13:00,38.7,14,6.4,37.7,0,0.0,0.0,0.0,0.0,0.0,0,1009.1,1005.2,0,62040.0,3.7,15.5,baghdad,2026-06-01T04:24:36.570176
2026-06-01T14:00,38.2,15,7.0,37.0,0,0.0,0.0,0.0,0.0,0.0,0,1008.6,1004.7,0,61580.0,2.5,13.3,baghdad,2026-06-01T04:24:36.570176
2026-06-01T15:00,37.5,16,7.4,36.3,0,0.0,0.0,0.0,0.0,0.0,0,1008.6,1004.7,0,61080.0,3.2,10.1,baghdad,2026-06-01T04:24:36.570176
2026-06-01T16:00,35.8,20,9.3,35.1,0,0.0,0.0,0.0,0.0,0.0,2,1009.2,1005.3,67,57240.0,3.5,9.0,baghdad,2026-06-01T04:24:36.570176
2026-06-01T17:00,34.4,22,9.6,34.0,0,0.0,0.0,0.0,0.0,0.0,2,1009.5,1005.6,55,56700.0,1.8,7.6,baghdad,2026-06-01T04:24:36.570176
2026-06-01T18:00,33.2,23,9.3,32.8,0,0.0,0.0,0.0,0.0,0.0,0,1010.2,1006.3,0,56800.0,1.8,2.9,baghdad,2026-06-01T04:24:36.570176
2026-06-01T19:00,32.1,25,9.6,31.7,0,0.0,0.0,0.0,0.0,0.0,0,1010.3,1006.4,0,54960.0,1.9,2.2,baghdad,2026-06-01T04:24:36.570176
2026-06-01T20:00,31.2,26,9.4,30.6,0,0.0,0.0,0.0,0.0,0.0,0,1010.3,1006.3,0,53780.0,3.1,3.6,baghdad,2026-06-01T04:24:36.570176
2026-06-01T21:00,30.6,25,8.4,29.6,0,0.0,0.0,0.0,0.0,0.0,0,1010.0,1006.0,0,53400.0,4.2,6.1,baghdad,2026-06-01T04:24:36.570176
2026-06-01T22:00,28.9,29,9.1,28.0,0,0.0,0.0,0.0,0.0,0.0,1,1010.0,1006.0,46,49440.0,4.2,9.0,baghdad,2026-06-01T04:24:36.570176
2026-06-01T23:00,28.1,31,9.4,27.3,0,0.0,0.0,0.0,0.0,0.0,1,1009.6,1005.6,10,48300.0,4.2,8.6,baghdad,2026-06-01T04:24:36.570176
2026-06-01T00:00,15.5,80,12.0,15.1,96,0.0,0.0,1.5,0.0,0.0,3,1012.4,1011.1,100,15200.0,6.5,14.0,dublin,2026-06-01T04:25:14.360426
2026-06-01T01:00,15.5,87,13.3,15.9,99,0.0,0.0,0.0,0.0,0.0,3,1011.6,1010.3,100,15020.0,4.0,9.7,dublin,2026-06-01T04:25:14.360426
2026-06-01T02:00,15.0,94,14.1,15.6,93,3.5,3.5,0.2,0.0,0.0,63,1010.7,1009.4,100,12400.0,4.7,10.4,dublin,2026-06-01T04:25:14.360426
2026-06-01T03:00,15.5,89,13.7,14.6,84,0.0,0.0,0.1,0.0,0.0,3,1009.9,1008.6,100,11040.0,13.7,28.4,dublin,2026-06-01T04:25:14.360426
2026-06-01T04:00,15.4,90,13.8,15.1,72,0.6,0.6,0.0,0.0,0.0,53,1009.1,1007.8,100,11600.0,10.8,22.7,dublin,2026-06-01T04:25:14.360426
2026-06-01T05:00,15.6,91,14.1,15.0,57,0.0,0.0,0.0,0.0,0.0,3,1008.8,1007.5,100,14400.0,13.0,27.4,dublin,2026-06-01T04:25:14.360426
2026-06-01T06:00,15.9,91,14.4,15.1,51,0.0,0.0,0.2,0.0,0.0,3,1008.6,1007.3,100,13960.0,15.8,33.1,dublin,2026-06-01T04:25:14.360426
2026-06-01T07:00,16.3,88,14.3,15.6,63,0.0,0.0,1.2,0.0,0.0,3,1008.6,1007.3,98,15600.0,14.8,31.7,dublin,2026-06-01T04:25:14.360426
2026-06-01T08:00,16.8,85,14.3,15.7,84,0.0,0.0,1.2,0.0,0.0,3,1008.0,1006.7,100,17160.0,16.9,35.3,dublin,2026-06-01T04:25:14.360426
2026-06-01T09:00,16.7,90,15.1,16.4,100,0.8,0.8,1.6,0.0,0.0,53,1008.3,1007.0,100,12100.0,14.0,29.9,dublin,2026-06-01T04:25:14.360426
2026-06-01T10:00,16.6,90,15.0,16.6,100,0.5,0.5,0.5,0.0,0.0,53,1007.7,1006.4,100,13720.0,11.5,23.8,dublin,2026-06-01T04:25:14.360426
2026-06-01T11:00,17.4,83,14.4,16.7,100,0.1,0.1,0.3,0.0,0.0,51,1007.3,1006.0,100,16720.0,14.8,31.7,dublin,2026-06-01T04:25:14.360426
2026-06-01T12:00,16.9,92,15.6,17.4,100,2.3,2.3,0.3,0.0,0.0,61,1006.8,1005.5,100,8600.0,9.4,19.1,dublin,2026-06-01T04:25:14.360426
2026-06-01T13:00,17.6,90,15.9,17.9,98,1.7,1.7,0.1,0.0,0.0,61,1006.1,1004.8,98,19120.0,11.5,22.3,dublin,2026-06-01T04:25:14.360426
2026-06-01T14:00,19.4,78,15.4,18.9,95,0.0,0.0,0.0,0.0,0.0,3,1005.3,1004.0,100,25880.0,15.5,30.6,dublin,2026-06-01T04:25:14.360426
2026-06-01T15:00,19.5,75,15.0,19.4,92,0.0,0.0,0.3,0.0,0.0,3,1004.4,1003.1,100,25340.0,12.2,24.8,dublin,2026-06-01T04:25:14.360426
2026-06-01T16:00,20.4,64,13.4,19.7,88,0.1,0.1,0.1,0.0,0.0,51,1004.0,1002.7,100,30040.0,12.2,25.9,dublin,2026-06-01T04:25:14.360426
2026-06-01T17:00,20.9,54,11.3,19.6,83,0.0,0.0,0.2,0.0,0.0,3,1003.5,1002.2,100,37060.0,11.9,25.9,dublin,2026-06-01T04:25:14.360426
2026-06-01T18:00,20.6,54,10.9,19.4,80,0.0,0.0,1.2,0.0,0.0,2,1003.0,1001.7,56,35640.0,10.1,21.6,dublin,2026-06-01T04:25:14.360426
2026-06-01T19:00,20.1,56,11.0,19.3,79,0.0,0.0,1.1,0.0,0.0,3,1002.9,1001.6,100,35520.0,7.6,16.2,dublin,2026-06-01T04:25:14.360426
2026-06-01T20:00,18.7,69,12.9,19.1,79,0.3,0.3,0.0,0.0,0.0,51,1002.8,1001.5,100,20240.0,2.9,12.6,dublin,2026-06-01T04:25:14.360426
2026-06-01T21:00,17.0,85,14.5,17.9,78,4.5,4.5,0.0,0.0,0.0,63,1002.7,1001.4,100,34480.0,4.0,9.4,dublin,2026-06-01T04:25:14.360426
2026-06-01T22:00,16.3,92,15.0,16.8,73,1.8,1.8,0.0,0.0,0.0,80,1002.6,1001.3,100,7060.0,7.9,17.3,dublin,2026-06-01T04:25:14.360426
2026-06-01T23:00,15.5,90,13.9,15.9,65,3.9,3.9,0.0,0.0,0.0,63,1002.1,1000.8,99,27200.0,5.8,12.2,dublin,2026-06-01T04:25:14.360426
2026-06-01T00:00,19.9,83,16.9,22.2,0,0.0,0.0,0.0,0.0,0.0,2,1014.2,1012.2,62,30120.0,1.5,2.9,Tel aviv,2026-06-01T04:25:16.942121
2026-06-01T01:00,19.7,85,17.1,21.9,0,0.0,0.0,0.0,0.0,0.0,2,1014.2,1012.2,59,27080.0,1.9,4.7,Tel aviv,2026-06-01T04:25:16.942121
2026-06-01T02:00,19.5,86,17.1,21.6,0,0.0,0.0,0.0,0.0,0.0,2,1014.3,1012.3,60,27440.0,3.1,7.6,Tel aviv,2026-06-01T04:25:16.942121
2026-06-01T03:00,19.2,86,16.8,21.1,0,0.0,0.0,0.0,0.0,0.0,2,1014.4,1012.4,62,29640.0,3.6,9.4,Tel aviv,2026-06-01T04:25:16.942121
2026-06-01T04:00,19.8,83,16.8,21.6,0,0.0,0.0,0.0,0.0,0.0,2,1014.8,1012.8,63,26480.0,4.1,10.8,Tel aviv,2026-06-01T04:25:16.942121
2026-06-01T05:00,21.1,76,16.7,22.8,0,0.0,0.0,0.0,0.0,0.0,2,1015.4,1013.4,55,31440.0,4.7,14.8,Tel aviv,2026-06-01T04:25:16.942121
2026-06-01T06:00,22.5,67,16.1,23.9,0,0.0,0.0,0.0,0.0,0.0,2,1015.6,1013.6,54,36340.0,4.7,15.1,Tel aviv,2026-06-01T04:25:16.942121
2026-06-01T07:00,23.9,61,15.9,25.5,0,0.0,0.0,0.0,0.0,0.0,1,1015.8,1013.8,42,38000.0,6.8,20.2,Tel aviv,2026-06-01T04:25:16.942121
2026-06-01T08:00,24.9,55,15.2,26.9,0,0.0,0.0,0.0,0.0,0.0,1,1015.9,1013.9,32,39380.0,9.0,26.3,Tel aviv,2026-06-01T04:25:16.942121
2026-06-01T09:00,25.2,55,15.5,27.7,0,0.0,0.0,0.0,0.0,0.0,1,1015.7,1013.7,34,39380.0,10.5,31.0,Tel aviv,2026-06-01T04:25:16.942121
2026-06-01T10:00,25.2,56,15.8,27.6,0,0.0,0.0,0.0,0.0,0.0,3,1015.9,1013.9,100,39100.0,11.6,34.2,Tel aviv,2026-06-01T04:25:16.942121
2026-06-01T11:00,24.8,59,16.3,26.9,0,0.0,0.0,0.0,0.0,0.0,2,1015.9,1013.9,70,37800.0,12.5,36.4,Tel aviv,2026-06-01T04:25:16.942121
2026-06-01T12:00,24.7,57,15.6,26.5,0,0.0,0.0,0.0,0.0,0.0,1,1015.7,1013.7,28,38880.0,12.7,36.7,Tel aviv,2026-06-01T04:25:16.942121
2026-06-01T13:00,24.3,58,15.5,25.1,0,0.0,0.0,0.0,0.0,0.0,3,1015.7,1013.7,100,38820.0,12.6,36.4,Tel aviv,2026-06-01T04:25:16.942121
2026-06-01T14:00,23.6,58,14.8,23.7,0,0.0,0.0,0.0,0.0,0.0,2,1015.3,1013.3,72,39400.0,10.2,35.6,Tel aviv,2026-06-01T04:25:16.942121
2026-06-01T15:00,22.9,64,15.7,23.5,0,0.0,0.0,0.0,0.0,0.0,3,1015.4,1013.4,100,37920.0,9.7,29.5,Tel aviv,2026-06-01T04:25:16.942121
2026-06-01T16:00,22.3,64,15.1,23.0,0,0.0,0.0,0.0,0.0,0.0,3,1015.7,1013.7,100,38360.0,7.1,26.3,Tel aviv,2026-06-01T04:25:16.942121
2026-06-01T17:00,21.7,71,16.2,23.0,0,0.0,0.0,0.0,0.0,0.0,3,1016.0,1014.0,100,36220.0,5.5,19.4,Tel aviv,2026-06-01T04:25:16.942121
2026-06-01T18:00,21.4,74,16.5,23.0,0,0.0,0.0,0.0,0.0,0.0,2,1016.6,1014.6,59,34320.0,4.5,14.0,Tel aviv,2026-06-01T04:25:16.942121
2026-06-01T19:00,20.9,77,16.7,22.9,0,0.0,0.0,0.0,0.0,0.0,1,1016.8,1014.8,44,33140.0,2.7,11.5,Tel aviv,2026-06-01T04:25:16.942121
2026-06-01T20:00,20.6,80,17.0,22.9,0,0.0,0.0,0.0,0.0,0.0,1,1017.1,1015.1,63,32600.0,1.1,5.0,Tel aviv,2026-06-01T04:25:16.942121
2026-06-01T21:00,20.2,80,16.7,22.3,0,0.0,0.0,0.0,0.0,0.0,1,1017.2,1015.2,49,32400.0,1.8,3.6,Tel aviv,2026-06-01T04:25:16.942121
2026-06-01T22:00,19.7,81,16.4,21.6,0,0.0,0.0,0.0,0.0,0.0,3,1017.3,1015.3,100,31700.0,2.4,6.8,Tel aviv,2026-06-01T04:25:16.942121
2026-06-01T23:00,19.5,79,15.7,20.8,0,0.0,0.0,0.0,0.0,0.0,2,1017.1,1015.1,66,31820.0,4.5,11.2,Tel aviv,2026-06-01T04:25:16.942121
2026-06-01T00:00,19.8,44,7.2,18.2,0,0.0,0.0,0.0,0.0,0.0,0,1014.2,1012.5,0,42760.0,6.0,12.6,bari,2026-06-01T04:25:54.695320
2026-06-01T01:00,19.1,52,9.0,18.0,0,0.0,0.0,0.0,0.0,0.0,0,1014.0,1012.3,0,41320.0,5.7,11.5,bari,2026-06-01T04:25:54.695320
2026-06-01T02:00,18.4,60,10.5,17.7,0,0.0,0.0,0.0,0.0,0.0,0,1013.5,1011.8,0,40320.0,5.7,11.5,bari,2026-06-01T04:25:54.695320
2026-06-01T03:00,18.1,67,11.9,17.8,0,0.0,0.0,0.0,0.0,0.0,0,1013.2,1011.5,0,38900.0,5.9,11.9,bari,2026-06-01T04:25:54.695320
2026-06-01T04:00,18.1,73,13.2,18.3,0,0.0,0.0,0.0,0.0,0.0,0,1013.0,1011.3,0,36300.0,5.9,11.9,bari,2026-06-01T04:25:54.695320
2026-06-01T05:00,19.7,69,13.8,20.2,0,0.0,0.0,0.0,0.0,0.0,0,1013.5,1011.8,0,37840.0,5.1,11.9,bari,2026-06-01T04:25:54.695320
2026-06-01T06:00,23.2,58,14.5,24.2,0,0.0,0.0,0.0,0.0,0.0,0,1013.5,1011.9,0,40400.0,3.4,10.1,bari,2026-06-01T04:25:54.695320
2026-06-01T07:00,26.0,43,12.4,26.0,0,0.0,0.0,0.0,0.0,0.0,0,1013.7,1012.1,0,42240.0,5.1,12.2,bari,2026-06-01T04:25:54.695320
2026-06-01T08:00,27.6,36,11.2,27.5,0,0.0,0.0,0.0,0.0,0.0,1,1013.6,1012.0,8,44040.0,6.8,15.8,bari,2026-06-01T04:25:54.695320
2026-06-01T09:00,27.3,43,13.6,27.9,0,0.0,0.0,0.0,0.0,0.0,1,1014.1,1012.5,24,42440.0,12.2,25.2,bari,2026-06-01T04:25:54.695320
2026-06-01T10:00,27.3,43,13.6,27.8,0,0.0,0.0,0.0,0.0,0.0,1,1013.5,1011.9,30,41740.0,16.6,33.1,bari,2026-06-01T04:25:54.695320
2026-06-01T11:00,27.6,41,13.1,27.9,0,0.0,0.0,0.0,0.0,0.0,1,1013.5,1011.9,27,42480.0,17.3,38.5,bari,2026-06-01T04:25:54.695320
2026-06-01T12:00,27.8,39,12.6,27.6,0,0.0,0.0,0.0,0.0,0.0,1,1012.7,1011.1,49,43280.0,17.9,40.0,bari,2026-06-01T04:25:54.695320
2026-06-01T13:00,28.0,38,12.4,27.1,0,0.0,0.0,0.0,0.0,0.0,1,1012.1,1010.5,33,43760.0,20.0,42.5,bari,2026-06-01T04:25:54.695320
2026-06-01T14:00,28.1,41,13.6,27.1,0,0.0,0.0,0.0,0.0,0.0,2,1011.0,1009.4,78,43120.0,19.2,42.8,bari,2026-06-01T04:25:54.695320
2026-06-01T15:00,28.6,37,12.5,28.4,0,0.0,0.0,0.0,0.0,0.0,2,1010.7,1009.1,63,45380.0,7.0,35.6,bari,2026-06-01T04:25:54.695320
2026-06-01T16:00,30.4,28,9.9,28.5,3,0.1,0.0,0.1,0.0,0.0,1,1010.8,1009.2,31,47400.0,13.3,30.6,bari,2026-06-01T04:25:54.695320
2026-06-01T17:00,29.5,31,10.6,27.0,3,0.0,0.0,0.0,0.0,0.0,2,1011.3,1009.7,62,46060.0,18.6,40.7,bari,2026-06-01T04:25:54.695320
2026-06-01T18:00,28.1,32,9.9,26.4,0,0.0,0.0,0.0,0.0,0.0,3,1011.5,1009.9,98,45900.0,11.8,37.4,bari,2026-06-01T04:25:54.695320
2026-06-01T19:00,25.9,41,11.6,25.5,0,0.0,0.0,0.0,0.0,0.0,2,1012.2,1010.6,56,44000.0,5.8,23.4,bari,2026-06-01T04:25:54.695320
2026-06-01T20:00,24.8,50,13.7,25.1,0,0.0,0.0,0.0,0.0,0.0,1,1012.8,1011.2,36,41660.0,6.5,13.7,bari,2026-06-01T04:25:54.695320
2026-06-01T21:00,24.3,46,12.0,23.6,0,0.0,0.0,0.0,0.0,0.0,1,1013.3,1011.7,65,42280.0,9.3,18.7,bari,2026-06-01T04:25:54.695320
2026-06-01T22:00,22.7,58,14.0,22.2,0,0.0,0.0,0.0,0.0,0.0,3,1013.8,1012.2,95,40720.0,12.7,24.8,bari,2026-06-01T04:25:54.695320
2026-06-01T23:00,21.3,77,17.1,21.8,0,0.0,0.0,0.0,0.0,0.0,3,1014.2,1012.6,100,33700.0,14.4,29.2,bari,2026-06-01T04:25:54.695320
2026-06-01T00:00,23.3,55,13.8,22.8,0,0.0,0.0,0.0,0.0,0.0,2,1012.2,1003.6,0,40880.0,12.2,31.0,bologna,2026-06-01T04:27:12.700592
2026-06-01T01:00,21.9,58,13.3,22.3,0,0.0,0.0,0.0,0.0,0.0,2,1012.7,1004.1,73,40400.0,4.4,22.3,bologna,2026-06-01T04:27:12.700592
2026-06-01T02:00,21.5,61,13.7,22.2,0,0.0,0.0,0.0,0.0,0.0,2,1012.8,1004.2,77,40140.0,3.1,8.3,bologna,2026-06-01T04:27:12.700592
2026-06-01T03:00,20.4,65,13.6,20.8,0,0.0,0.0,0.0,0.0,0.0,3,1012.5,1003.8,100,38940.0,5.2,10.8,bologna,2026-06-01T04:27:12.700592
2026-06-01T04:00,21.2,69,15.3,21.7,3,0.0,0.0,0.0,0.0,0.0,3,1012.9,1004.2,95,37960.0,9.4,19.1,bologna,2026-06-01T04:27:12.700592
2026-06-01T05:00,21.2,70,15.5,21.5,23,0.0,0.0,0.0,0.0,0.0,3,1013.3,1004.6,100,37180.0,10.9,25.9,bologna,2026-06-01T04:27:12.700592
2026-06-01T06:00,19.8,82,16.7,20.0,53,0.8,0.8,0.0,0.0,0.0,96,1014.0,1005.3,100,2780.0,15.1,32.8,bologna,2026-06-01T04:27:12.700592
2026-06-01T07:00,20.8,78,16.9,22.4,38,1.9,1.9,0.1,0.0,0.0,95,1014.0,1005.3,79,31800.0,5.8,27.0,bologna,2026-06-01T04:27:12.700592
2026-06-01T08:00,21.8,76,17.4,23.2,15,0.0,0.0,0.0,0.0,0.0,3,1014.2,1005.6,94,32480.0,8.2,21.2,bologna,2026-06-01T04:27:12.700592
2026-06-01T09:00,23.3,69,17.3,24.8,5,0.0,0.0,0.0,0.0,0.0,3,1014.6,1006.0,92,36580.0,7.1,19.1,bologna,2026-06-01T04:27:12.700592
2026-06-01T10:00,24.0,69,18.0,25.9,18,0.0,0.0,0.0,0.0,0.0,3,1014.5,1005.9,90,36360.0,6.9,19.4,bologna,2026-06-01T04:27:12.700592
2026-06-01T11:00,24.6,69,18.6,27.0,45,0.0,0.0,0.0,0.0,0.0,2,1014.5,1005.9,58,36140.0,6.9,20.5,bologna,2026-06-01T04:27:12.700592
2026-06-01T12:00,25.9,64,18.6,29.8,45,0.0,0.0,0.0,0.0,0.0,2,1013.8,1005.3,43,38140.0,6.6,19.1,bologna,2026-06-01T04:27:12.700592
2026-06-01T13:00,26.9,58,17.9,30.5,78,0.0,0.0,0.0,0.0,0.0,2,1013.0,1004.5,83,39760.0,6.2,15.8,bologna,2026-06-01T04:27:12.700592
2026-06-01T14:00,27.4,56,17.8,29.9,73,0.0,0.0,0.0,0.0,0.0,3,1012.3,1003.8,98,40120.0,7.0,10.8,bologna,2026-06-01T04:27:12.700592
2026-06-01T15:00,27.5,58,18.5,29.6,33,0.0,0.0,0.0,0.0,0.0,2,1012.2,1003.7,44,39940.0,7.2,15.5,bologna,2026-06-01T04:27:12.700592
2026-06-01T16:00,27.3,58,18.3,29.2,13,0.0,0.0,0.0,0.0,0.0,3,1011.9,1003.4,100,39960.0,7.9,14.8,bologna,2026-06-01T04:27:12.700592
2026-06-01T17:00,27.3,56,17.7,28.6,13,0.0,0.0,0.0,0.0,0.0,3,1011.8,1003.3,100,40440.0,10.3,22.0,bologna,2026-06-01T04:27:12.700592
2026-06-01T18:00,25.1,66,18.3,25.9,10,0.0,0.0,0.0,0.0,0.0,2,1012.0,1003.5,100,38180.0,15.8,33.8,bologna,2026-06-01T04:27:12.700592
2026-06-01T19:00,23.1,70,17.4,23.6,5,0.0,0.0,0.0,0.0,0.0,0,1012.5,1003.9,0,36800.0,14.6,34.9,bologna,2026-06-01T04:27:12.700592
2026-06-01T20:00,22.1,75,17.4,23.0,0,0.0,0.0,0.0,0.0,0.0,2,1012.8,1004.2,56,34320.0,11.8,32.4,bologna,2026-06-01T04:27:12.700592
2026-06-01T21:00,21.1,78,17.1,22.1,0,0.0,0.0,0.0,0.0,0.0,1,1013.1,1004.4,22,31460.0,10.5,25.2,bologna,2026-06-01T04:27:12.700592
2026-06-01T22:00,20.3,84,17.5,21.6,0,0.0,0.0,0.0,0.0,0.0,1,1013.2,1004.5,10,25020.0,9.2,21.6,bologna,2026-06-01T04:27:12.700592
2026-06-01T23:00,20.1,86,17.7,21.8,0,0.0,0.0,0.0,0.0,0.0,0,1013.2,1004.5,1,24420.0,7.0,19.1,bologna,2026-06-01T04:27:12.700592
2026-06-01T00:00,18.4,82,15.3,19.7,0,0.0,0.0,0.0,0.0,0.0,1,1015.1,1007.8,4,29620.0,4.0,9.4,florence,2026-06-01T04:27:50.538262
2026-06-01T01:00,17.8,83,14.9,18.9,0,0.0,0.0,0.0,0.0,0.0,0,1014.9,1007.5,0,28220.0,4.3,9.0,florence,2026-06-01T04:27:50.538262
2026-06-01T02:00,17.4,85,14.8,18.3,0,0.0,0.0,0.0,0.0,0.0,2,1014.4,1007.0,2,26260.0,4.9,10.1,florence,2026-06-01T04:27:50.538262
2026-06-01T03:00,17.1,87,14.9,18.0,0,0.0,0.0,0.0,0.0,0.0,1,1014.0,1006.6,31,23720.0,5.1,10.4,florence,2026-06-01T04:27:50.538262
2026-06-01T04:00,17.2,88,15.2,18.2,10,0.0,0.0,0.0,0.0,0.0,3,1014.1,1006.7,100,22660.0,4.9,10.4,florence,2026-06-01T04:27:50.538262
2026-06-01T05:00,18.3,87,16.1,19.8,18,0.0,0.0,0.0,0.0,0.0,3,1014.2,1006.9,94,24040.0,4.1,9.7,florence,2026-06-01T04:27:50.538262
2026-06-01T06:00,20.7,79,17.0,22.8,33,0.0,0.0,0.0,0.0,0.0,2,1014.2,1006.9,77,31900.0,2.6,8.3,florence,2026-06-01T04:27:50.538262
2026-06-01T07:00,22.5,71,17.0,24.6,28,0.0,0.0,0.0,0.0,0.0,2,1014.3,1007.1,68,35680.0,2.2,7.6,florence,2026-06-01T04:27:50.538262
2026-06-01T08:00,23.9,65,16.9,26.2,13,0.0,0.0,0.0,0.0,0.0,2,1014.5,1007.3,70,38060.0,1.1,7.2,florence,2026-06-01T04:27:50.538262
2026-06-01T09:00,25.0,60,16.7,27.2,5,0.0,0.0,0.0,0.0,0.0,2,1014.6,1007.4,62,39360.0,2.1,7.6,florence,2026-06-01T04:27:50.538262
2026-06-01T10:00,26.7,53,16.3,28.8,10,0.0,0.0,0.0,0.0,0.0,2,1014.4,1007.3,63,40600.0,7.6,18.0,florence,2026-06-01T04:27:50.538262
2026-06-01T11:00,27.6,48,15.6,28.8,13,0.0,0.0,0.0,0.0,0.0,2,1014.1,1007.0,95,41300.0,9.0,22.0,florence,2026-06-01T04:27:50.538262
2026-06-01T12:00,28.2,46,15.5,29.4,10,0.0,0.0,0.0,0.0,0.0,2,1013.2,1006.1,96,41500.0,10.9,25.6,florence,2026-06-01T04:27:50.538262
2026-06-01T13:00,28.6,48,16.5,29.7,20,0.0,0.0,0.0,0.0,0.0,2,1012.7,1005.6,56,41280.0,10.3,29.2,florence,2026-06-01T04:27:50.538262
2026-06-01T14:00,28.7,48,16.7,30.5,30,0.0,0.0,0.0,0.0,0.0,2,1012.2,1005.1,52,41260.0,9.4,29.2,florence,2026-06-01T04:27:50.538262
2026-06-01T15:00,28.6,47,16.2,29.5,28,0.0,0.0,0.0,0.0,0.0,2,1012.1,1005.0,59,41400.0,9.0,22.3,florence,2026-06-01T04:27:50.538262
2026-06-01T16:00,28.3,48,16.2,29.2,23,0.0,0.0,0.0,0.0,0.0,1,1012.1,1005.0,61,41400.0,8.4,20.9,florence,2026-06-01T04:27:50.538262
2026-06-01T17:00,27.8,49,16.1,28.4,13,0.0,0.0,0.0,0.0,0.0,2,1012.3,1005.2,89,41380.0,10.5,22.7,florence,2026-06-01T04:27:50.538262
2026-06-01T18:00,25.9,63,18.4,27.9,8,0.0,0.0,0.0,0.0,0.0,2,1012.6,1005.5,86,39100.0,7.9,23.4,florence,2026-06-01T04:27:50.538262
2026-06-01T19:00,24.8,69,18.8,27.4,8,0.0,0.0,0.0,0.0,0.0,3,1013.0,1005.8,100,37260.0,4.8,16.6,florence,2026-06-01T04:27:50.538262
2026-06-01T20:00,23.6,76,19.2,26.4,13,0.0,0.0,0.0,0.0,0.0,3,1013.5,1006.3,100,34180.0,4.6,9.7,florence,2026-06-01T04:27:50.538262
2026-06-01T21:00,22.6,80,19.0,25.4,5,0.0,0.0,0.0,0.0,0.0,2,1013.9,1006.7,63,31060.0,4.3,9.4,florence,2026-06-01T04:27:50.538262
2026-06-01T22:00,22.0,83,19.0,24.7,0,0.0,0.0,0.0,0.0,0.0,2,1014.1,1006.9,71,28360.0,4.3,9.4,florence,2026-06-01T04:27:50.538262
2026-06-01T23:00,21.4,86,19.0,24.2,0,0.0,0.0,0.0,0.0,0.0,2,1014.2,1006.9,69,25000.0,3.9,9.0,florence,2026-06-01T04:27:50.538262
2026-06-01T00:00,22.3,86,19.8,24.2,25,0.0,0.0,0.0,0.0,0.0,3,1014.0,1009.1,99,24120.0,12.7,23.4,genoa,2026-06-01T04:27:53.120450
2026-06-01T01:00,22.0,86,19.5,24.1,8,0.0,0.0,0.0,0.0,0.0,3,1013.8,1008.9,100,24240.0,10.3,26.3,genoa,2026-06-01T04:27:53.120450
2026-06-01T02:00,21.9,86,19.5,24.5,10,0.0,0.0,0.0,0.0,0.0,3,1013.7,1008.8,100,23980.0,6.9,20.9,genoa,2026-06-01T04:27:53.120450
2026-06-01T03:00,22.0,83,19.0,24.3,3,0.0,0.0,0.0,0.0,0.0,3,1013.2,1008.3,87,27460.0,6.9,15.5,genoa,2026-06-01T04:27:53.120450
2026-06-01T04:00,21.9,83,18.9,24.7,0,0.0,0.0,0.0,0.0,0.0,3,1013.4,1008.5,89,28260.0,3.3,14.0,genoa,2026-06-01T04:27:53.120450
2026-06-01T05:00,21.9,86,19.5,25.4,5,0.0,0.0,0.0,0.0,0.0,2,1013.5,1008.6,68,26080.0,0.8,5.8,genoa,2026-06-01T04:27:53.120450
2026-06-01T06:00,22.4,80,18.8,25.4,3,0.0,0.0,0.0,0.0,0.0,3,1013.8,1008.9,91,30720.0,1.9,5.4,genoa,2026-06-01T04:27:53.120450
2026-06-01T07:00,22.3,84,19.4,24.6,3,0.0,0.0,0.0,0.0,0.0,3,1013.9,1009.0,92,24520.0,8.4,15.1,genoa,2026-06-01T04:27:53.120450
2026-06-01T08:00,22.6,80,19.0,24.9,15,0.0,0.0,0.0,0.0,0.0,3,1014.5,1009.6,95,28700.0,7.6,17.6,genoa,2026-06-01T04:27:53.120450
2026-06-01T09:00,22.8,81,19.4,25.5,20,0.0,0.0,0.0,0.0,0.0,2,1014.8,1009.9,71,27120.0,6.3,17.3,genoa,2026-06-01T04:27:53.120450
2026-06-01T10:00,23.4,78,19.4,25.7,10,0.0,0.0,0.0,0.0,0.0,2,1014.9,1010.0,71,29700.0,8.6,18.7,genoa,2026-06-01T04:27:53.120450
2026-06-01T11:00,23.8,77,19.5,26.4,0,0.0,0.0,0.0,0.0,0.0,2,1014.8,1009.9,70,30320.0,9.0,18.7,genoa,2026-06-01T04:27:53.120450
2026-06-01T12:00,23.8,77,19.6,26.4,0,0.0,0.0,0.0,0.0,0.0,3,1014.4,1009.5,79,30060.0,8.7,18.4,genoa,2026-06-01T04:27:53.120450
2026-06-01T13:00,23.9,78,19.9,26.5,0,0.0,0.0,0.0,0.0,0.0,3,1013.8,1008.9,100,29040.0,8.3,18.0,genoa,2026-06-01T04:27:53.120450
2026-06-01T14:00,24.0,78,19.9,26.6,0,0.0,0.0,0.0,0.0,0.0,3,1013.5,1008.6,100,28720.0,8.3,18.0,genoa,2026-06-01T04:27:53.120450
2026-06-01T15:00,24.1,77,19.8,26.8,0,0.0,0.0,0.0,0.0,0.0,3,1013.2,1008.3,88,30740.0,7.2,16.6,genoa,2026-06-01T04:27:53.120450
2026-06-01T16:00,24.0,77,19.7,26.5,0,0.0,0.0,0.0,0.0,0.0,3,1012.9,1008.0,83,30340.0,8.4,13.3,genoa,2026-06-01T04:27:53.120450
2026-06-01T17:00,23.5,81,20.1,26.1,0,0.0,0.0,0.0,0.0,0.0,3,1012.9,1008.0,100,27280.0,9.3,21.2,genoa,2026-06-01T04:27:53.120450
2026-06-01T18:00,23.1,82,19.9,26.1,0,0.0,0.0,0.0,0.0,0.0,3,1013.0,1008.1,90,26780.0,5.9,20.5,genoa,2026-06-01T04:27:53.120450
2026-06-01T19:00,22.9,79,19.1,25.9,0,0.0,0.0,0.0,0.0,0.0,3,1013.0,1008.1,100,30580.0,2.9,13.0,genoa,2026-06-01T04:27:53.120450
2026-06-01T20:00,22.8,79,18.9,25.8,0,0.0,0.0,0.0,0.0,0.0,3,1013.3,1008.4,100,32380.0,2.1,5.4,genoa,2026-06-01T04:27:53.120450
2026-06-01T21:00,22.2,85,19.6,25.5,0,0.0,0.0,0.0,0.0,0.0,1,1013.8,1008.9,21,27180.0,2.6,5.8,genoa,2026-06-01T04:27:53.120450
2026-06-01T22:00,21.6,85,19.0,24.6,3,0.0,0.0,0.0,0.0,0.0,2,1013.9,1009.0,90,26560.0,2.7,5.8,genoa,2026-06-01T04:27:53.120450
2026-06-01T23:00,21.2,81,17.8,23.5,0,0.0,0.0,0.0,0.0,0.0,2,1014.0,1009.1,75,30600.0,4.2,8.6,genoa,2026-06-01T04:27:53.120450
2026-06-01T00:00,21.5,61,13.6,21.6,15,0.0,0.0,0.0,0.0,0.0,3,1012.5,996.3,100,40140.0,7.3,15.5,milan,2026-06-01T04:27:55.680315
2026-06-01T01:00,20.5,70,14.8,20.2,3,0.0,0.0,0.0,0.0,0.0,3,1013.0,996.8,97,37380.0,12.8,26.6,milan,2026-06-01T04:27:55.680315
2026-06-01T02:00,19.6,77,15.5,20.2,3,0.0,0.0,0.0,0.0,0.0,2,1012.9,996.6,62,32980.0,8.7,25.6,milan,2026-06-01T04:27:55.680315
2026-06-01T03:00,19.6,77,15.5,20.6,5,0.0,0.0,0.0,0.0,0.0,2,1012.8,996.5,55,34020.0,5.8,15.5,milan,2026-06-01T04:27:55.680315
2026-06-01T04:00,19.5,78,15.6,20.9,3,0.0,0.0,0.0,0.0,0.0,2,1013.3,997.0,43,34120.0,3.2,10.1,milan,2026-06-01T04:27:55.680315
2026-06-01T05:00,19.8,81,16.4,21.7,0,0.0,0.0,0.0,0.0,0.0,2,1013.5,997.2,75,31980.0,1.8,5.4,milan,2026-06-01T04:27:55.680315
2026-06-01T06:00,20.5,78,16.5,22.5,0,0.0,0.0,0.0,0.0,0.0,3,1013.7,997.5,90,32140.0,1.9,6.1,milan,2026-06-01T04:27:55.680315
2026-06-01T07:00,22.0,71,16.5,23.6,0,0.0,0.0,0.0,0.0,0.0,2,1013.6,997.4,58,35980.0,4.3,9.7,milan,2026-06-01T04:27:55.680315
2026-06-01T08:00,23.7,65,16.7,25.3,0,0.0,0.0,0.0,0.0,0.0,2,1013.8,997.7,76,38220.0,5.4,12.6,milan,2026-06-01T04:27:55.680315
2026-06-01T09:00,25.2,64,17.9,28.0,0,0.0,0.0,0.0,0.0,0.0,2,1014.0,998.0,54,38040.0,4.8,12.2,milan,2026-06-01T04:27:55.680315
2026-06-01T10:00,26.5,60,18.1,30.0,0,0.0,0.0,0.0,0.0,0.0,2,1013.7,997.8,59,39100.0,5.3,13.3,milan,2026-06-01T04:27:55.680315
2026-06-01T11:00,27.7,55,17.9,31.1,0,0.0,0.0,0.0,0.0,0.0,2,1013.3,997.5,76,40200.0,6.5,15.8,milan,2026-06-01T04:27:55.680315
2026-06-01T12:00,28.5,51,17.3,30.8,0,0.0,0.0,0.0,0.0,0.0,3,1012.5,996.7,97,40940.0,7.3,16.9,milan,2026-06-01T04:27:55.680315
2026-06-01T13:00,29.2,47,16.7,31.4,0,0.0,0.0,0.0,0.0,0.0,3,1011.7,996.0,100,41440.0,7.6,17.6,milan,2026-06-01T04:27:55.680315
2026-06-01T14:00,29.4,48,17.2,30.9,0,0.0,0.0,0.0,0.0,0.0,2,1011.0,995.3,100,41200.0,11.9,18.4,milan,2026-06-01T04:27:55.680315
2026-06-01T15:00,29.5,46,16.6,30.4,0,0.0,0.0,0.0,0.0,0.0,2,1010.7,995.0,55,41640.0,11.8,22.7,milan,2026-06-01T04:27:55.680315
2026-06-01T16:00,28.8,50,17.3,29.3,3,0.0,0.0,0.0,0.0,0.0,2,1010.7,995.0,63,41160.0,14.1,28.1,milan,2026-06-01T04:27:55.680315
2026-06-01T17:00,27.6,50,16.2,27.6,8,0.0,0.0,0.0,0.0,0.0,0,1011.0,995.2,1,41140.0,14.7,32.4,milan,2026-06-01T04:27:55.680315
2026-06-01T18:00,26.8,46,14.2,26.3,0,0.0,0.0,0.0,0.0,0.0,1,1011.2,995.3,7,41980.0,12.4,29.5,milan,2026-06-01T04:27:55.680315
2026-06-01T19:00,25.5,54,15.5,25.7,0,0.0,0.0,0.0,0.0,0.0,2,1011.5,995.6,56,40900.0,11.1,24.5,milan,2026-06-01T04:27:55.680315
2026-06-01T20:00,24.1,68,17.8,25.4,3,0.0,0.0,0.0,0.0,0.0,1,1012.1,996.1,23,38260.0,10.4,23.4,milan,2026-06-01T04:27:55.680315
2026-06-01T21:00,23.3,70,17.5,24.5,18,0.0,0.0,0.0,0.0,0.0,1,1012.8,996.7,38,37580.0,10.4,23.0,milan,2026-06-01T04:27:55.680315
2026-06-01T22:00,22.8,71,17.3,24.1,45,0.0,0.0,0.0,0.0,0.0,3,1013.0,996.9,88,37160.0,9.0,19.1,milan,2026-06-01T04:27:55.680315
2026-06-01T23:00,21.9,75,17.2,22.9,65,0.0,0.0,0.0,0.0,0.0,2,1013.1,996.9,73,34340.0,10.3,21.2,milan,2026-06-01T04:27:55.680315
2026-06-01T00:00,20.3,89,18.4,23.0,0,0.0,0.0,0.0,0.0,0.0,1,1016.4,1013.9,36,21720.0,2.6,6.5,naples,2026-06-01T04:29:13.628254
2026-06-01T01:00,20.2,92,18.8,23.1,0,0.0,0.0,0.0,0.0,0.0,2,1016.2,1013.7,49,17580.0,2.2,5.0,naples,2026-06-01T04:29:13.628254
2026-06-01T02:00,20.0,92,18.7,22.9,0,0.0,0.0,0.0,0.0,0.0,2,1015.8,1013.3,48,18200.0,2.2,4.7,naples,2026-06-01T04:29:13.628254
2026-06-01T03:00,19.8,95,19.0,22.8,0,0.0,0.0,0.0,0.0,0.0,1,1015.4,1012.9,43,14960.0,2.4,4.7,naples,2026-06-01T04:29:13.628254
2026-06-01T04:00,19.5,96,18.9,22.5,0,0.0,0.0,0.0,0.0,0.0,45,1015.2,1012.7,53,9760.0,2.4,5.0,naples,2026-06-01T04:29:13.628254
2026-06-01T05:00,20.0,95,19.1,23.0,0,0.0,0.0,0.0,0.0,0.0,2,1015.6,1013.1,62,12000.0,2.7,7.2,naples,2026-06-01T04:29:13.628254
2026-06-01T06:00,21.4,88,19.3,24.0,0,0.0,0.0,0.0,0.0,0.0,2,1015.8,1013.3,62,18860.0,5.8,14.4,naples,2026-06-01T04:29:13.628254
2026-06-01T07:00,22.4,79,18.6,24.3,0,0.0,0.0,0.0,0.0,0.0,2,1016.0,1013.5,64,28180.0,8.7,21.2,naples,2026-06-01T04:29:13.628254
2026-06-01T08:00,23.3,71,17.7,24.7,0,0.0,0.0,0.0,0.0,0.0,2,1016.1,1013.6,61,34160.0,9.3,23.4,naples,2026-06-01T04:29:13.628254
2026-06-01T09:00,24.2,69,18.2,26.4,0,0.0,0.0,0.0,0.0,0.0,2,1016.7,1014.3,60,35620.0,11.6,28.1,naples,2026-06-01T04:29:13.628254
2026-06-01T10:00,24.8,66,18.0,27.2,0,0.0,0.0,0.0,0.0,0.0,1,1016.3,1013.9,45,36820.0,13.6,33.1,naples,2026-06-01T04:29:13.628254
2026-06-01T11:00,25.1,66,18.3,27.7,0,0.0,0.0,0.0,0.0,0.0,2,1016.4,1014.0,55,36180.0,14.8,36.4,naples,2026-06-01T04:29:13.628254
2026-06-01T12:00,25.2,65,18.2,27.8,0,0.0,0.0,0.0,0.0,0.0,1,1015.8,1013.4,39,36420.0,14.9,36.7,naples,2026-06-01T04:29:13.628254
2026-06-01T13:00,25.3,64,18.0,27.5,0,0.0,0.0,0.0,0.0,0.0,1,1015.6,1013.2,36,36520.0,15.2,36.7,naples,2026-06-01T04:29:13.628254
2026-06-01T14:00,25.1,68,18.8,27.2,0,0.0,0.0,0.0,0.0,0.0,1,1015.1,1012.7,40,35020.0,14.8,37.1,naples,2026-06-01T04:29:13.628254
2026-06-01T15:00,24.8,69,18.7,26.1,0,0.0,0.0,0.0,0.0,0.0,2,1015.0,1012.6,62,34480.0,13.9,36.4,naples,2026-06-01T04:29:13.628254
2026-06-01T16:00,24.3,71,18.7,25.6,0,0.0,0.0,0.0,0.0,0.0,3,1014.7,1012.3,100,34480.0,12.8,33.5,naples,2026-06-01T04:29:13.628254
2026-06-01T17:00,23.4,77,19.1,25.3,0,0.0,0.0,0.0,0.0,0.0,2,1014.9,1012.4,48,30120.0,10.7,30.6,naples,2026-06-01T04:29:13.628254
2026-06-01T18:00,22.6,83,19.6,25.0,0,0.0,0.0,0.0,0.0,0.0,2,1014.7,1012.2,69,25660.0,8.4,25.6,naples,2026-06-01T04:29:13.628254
2026-06-01T19:00,22.0,86,19.6,24.8,0,0.0,0.0,0.0,0.0,0.0,3,1014.9,1012.4,100,24800.0,6.1,19.4,naples,2026-06-01T04:29:13.628254
2026-06-01T20:00,21.6,88,19.5,24.7,0,0.0,0.0,0.0,0.0,0.0,3,1015.3,1012.8,100,22500.0,4.0,13.0,naples,2026-06-01T04:29:13.628254
2026-06-01T21:00,21.3,90,19.6,24.3,0,0.0,0.0,0.0,0.0,0.0,2,1015.7,1013.2,81,20280.0,4.7,10.1,naples,2026-06-01T04:29:13.628254
2026-06-01T22:00,21.0,91,19.4,23.9,0,0.0,0.0,0.0,0.0,0.0,2,1015.8,1013.3,75,19140.0,4.1,10.1,naples,2026-06-01T04:29:13.628254
2026-06-01T23:00,20.6,92,19.3,23.5,0,0.0,0.0,0.0,0.0,0.0,3,1015.9,1013.4,100,17700.0,4.5,9.7,naples,2026-06-01T04:29:13.628254
2026-06-01T00:00,19.1,93,18.0,21.8,0,0.0,0.0,0.0,0.0,0.0,1,1016.0,1011.0,7,16860.0,2.0,6.1,rome,2026-06-01T04:29:51.445387
2026-06-01T01:00,18.5,94,17.5,20.9,0,0.0,0.0,0.0,0.0,0.0,1,1015.8,1010.8,17,15560.0,2.3,4.3,rome,2026-06-01T04:29:51.445387
2026-06-01T02:00,18.0,91,16.6,20.0,0,0.0,0.0,0.0,0.0,0.0,1,1015.3,1010.3,28,19700.0,2.2,4.7,rome,2026-06-01T04:29:51.445387
2026-06-01T03:00,17.7,86,15.4,19.3,0,0.0,0.0,0.0,0.0,0.0,0,1014.7,1009.7,4,25760.0,2.1,4.7,rome,2026-06-01T04:29:51.445387
2026-06-01T04:00,17.5,80,14.0,18.5,0,0.0,0.0,0.0,0.0,0.0,0,1014.5,1009.5,3,31380.0,1.8,4.3,rome,2026-06-01T04:29:51.445387
2026-06-01T05:00,17.9,76,13.6,18.8,0,0.0,0.0,0.0,0.0,0.0,0,1014.9,1009.9,1,34320.0,1.6,4.0,rome,2026-06-01T04:29:51.445387
2026-06-01T06:00,19.8,69,13.9,20.9,0,0.0,0.0,0.0,0.0,0.0,0,1015.0,1010.0,0,36860.0,1.5,4.7,rome,2026-06-01T04:29:51.445387
2026-06-01T07:00,22.7,63,15.3,24.2,0,0.0,0.0,0.0,0.0,0.0,0,1015.3,1010.4,0,38760.0,2.6,7.2,rome,2026-06-01T04:29:51.445387
2026-06-01T08:00,25.0,59,16.5,26.1,0,0.0,0.0,0.0,0.0,0.0,0,1015.2,1010.3,11,39400.0,9.3,22.3,rome,2026-06-01T04:29:51.445387
2026-06-01T09:00,26.3,56,16.9,27.6,0,0.0,0.0,0.0,0.0,0.0,1,1015.6,1010.7,46,39740.0,13.0,31.0,rome,2026-06-01T04:29:51.445387
2026-06-01T10:00,27.0,53,16.7,28.2,0,0.0,0.0,0.0,0.0,0.0,2,1015.2,1010.4,63,40180.0,14.5,34.6,rome,2026-06-01T04:29:51.445387
2026-06-01T11:00,27.5,51,16.5,28.9,0,0.0,0.0,0.0,0.0,0.0,2,1015.3,1010.5,54,40480.0,15.9,37.8,rome,2026-06-01T04:29:51.445387
2026-06-01T12:00,27.4,51,16.4,28.7,0,0.0,0.0,0.0,0.0,0.0,3,1014.8,1010.0,100,40500.0,15.4,37.8,rome,2026-06-01T04:29:51.445387
2026-06-01T13:00,27.3,53,16.9,28.4,0,0.0,0.0,0.0,0.0,0.0,3,1014.6,1009.8,88,40320.0,13.6,36.4,rome,2026-06-01T04:29:51.445387
2026-06-01T14:00,27.9,45,14.9,28.8,0,0.0,0.0,0.0,0.0,0.0,3,1013.9,1009.1,91,41440.0,11.4,32.4,rome,2026-06-01T04:29:51.445387
2026-06-01T15:00,27.8,47,15.5,28.4,0,0.0,0.0,0.0,0.0,0.0,3,1013.8,1009.0,99,41360.0,10.2,27.7,rome,2026-06-01T04:29:51.445387
2026-06-01T16:00,27.3,47,15.0,27.6,0,0.0,0.0,0.0,0.0,0.0,3,1013.7,1008.9,100,41480.0,9.9,24.8,rome,2026-06-01T04:29:51.445387
2026-06-01T17:00,26.4,51,15.5,27.0,0,0.0,0.0,0.0,0.0,0.0,3,1013.8,1009.0,100,41080.0,8.7,23.4,rome,2026-06-01T04:29:51.445387
2026-06-01T18:00,25.3,59,16.7,26.4,0,0.0,0.0,0.0,0.0,0.0,3,1013.7,1008.8,100,39900.0,8.4,20.5,rome,2026-06-01T04:29:51.445387
2026-06-01T19:00,23.7,72,18.3,25.6,0,0.0,0.0,0.0,0.0,0.0,3,1014.1,1009.2,100,35360.0,8.2,19.1,rome,2026-06-01T04:29:51.445387
2026-06-01T20:00,22.4,87,20.2,25.4,0,0.0,0.0,0.0,0.0,0.0,3,1014.6,1009.7,100,22860.0,6.8,18.4,rome,2026-06-01T04:29:51.445387
2026-06-01T21:00,21.8,89,20.0,25.0,0,0.0,0.0,0.0,0.0,0.0,3,1015.0,1010.1,100,20360.0,5.0,14.4,rome,2026-06-01T04:29:51.445387
2026-06-01T22:00,21.4,90,19.7,24.7,0,0.0,0.0,0.0,0.0,0.0,3,1015.1,1010.2,97,19040.0,3.4,10.1,rome,2026-06-01T04:29:51.445387
2026-06-01T23:00,21.1,92,19.7,24.5,0,0.0,0.0,0.0,0.0,0.0,3,1015.2,1010.3,82,17220.0,2.6,5.8,rome,2026-06-01T04:29:51.445387
2026-06-01T00:00,21.5,61,13.6,21.3,3,0.0,0.0,0.0,0.0,0.0,2,1013.6,985.7,89,39520.0,9.3,24.1,turin,2026-06-01T04:31:09.428570
2026-06-01T01:00,21.3,62,13.7,21.7,3,0.0,0.0,0.0,0.0,0.0,1,1013.5,985.6,36,39380.0,5.4,19.4,turin,2026-06-01T04:31:09.428570
2026-06-01T02:00,20.7,65,13.8,21.4,0,0.0,0.0,0.0,0.0,0.0,1,1013.3,985.4,10,38660.0,3.3,11.2,turin,2026-06-01T04:31:09.428570
2026-06-01T03:00,20.5,66,13.9,21.2,0,0.0,0.0,0.0,0.0,0.0,1,1013.3,985.4,13,38420.0,3.8,9.0,turin,2026-06-01T04:31:09.428570
2026-06-01T04:00,20.2,72,15.0,21.5,0,0.0,0.0,0.0,0.0,0.0,0,1013.4,985.4,9,36520.0,2.7,9.0,turin,2026-06-01T04:31:09.428570
2026-06-01T05:00,20.3,70,14.6,21.4,0,0.0,0.0,0.0,0.0,0.0,1,1013.9,985.9,47,36740.0,2.6,6.1,turin,2026-06-01T04:31:09.428570
2026-06-01T06:00,21.1,68,14.9,22.3,0,0.0,0.0,0.0,0.0,0.0,0,1014.0,986.1,0,37340.0,2.5,7.9,turin,2026-06-01T04:31:09.428570
2026-06-01T07:00,22.5,64,15.4,23.9,0,0.0,0.0,0.0,0.0,0.0,2,1013.8,986.0,42,38340.0,2.5,7.9,turin,2026-06-01T04:31:09.428570
2026-06-01T08:00,24.5,58,15.7,26.3,0,0.0,0.0,0.0,0.0,0.0,3,1013.8,986.2,87,39680.0,0.8,7.6,turin,2026-06-01T04:31:09.428570
2026-06-01T09:00,26.4,52,15.8,28.8,0,0.0,0.0,0.0,0.0,0.0,3,1013.7,986.3,100,40700.0,1.6,7.2,turin,2026-06-01T04:31:09.428570
2026-06-01T10:00,28.1,47,15.7,30.5,0,0.0,0.0,0.0,0.0,0.0,3,1013.4,986.1,100,41360.0,3.9,11.9,turin,2026-06-01T04:31:09.428570
2026-06-01T11:00,28.9,37,12.7,29.3,0,0.0,0.0,0.0,0.0,0.0,3,1013.0,985.8,100,43140.0,8.4,14.4,turin,2026-06-01T04:31:09.428570
2026-06-01T12:00,29.5,36,12.9,30.4,0,0.0,0.0,0.0,0.0,0.0,3,1012.3,985.2,100,43240.0,9.7,17.3,turin,2026-06-01T04:31:09.428570
2026-06-01T13:00,30.1,36,13.4,31.4,0,0.0,0.0,0.0,0.0,0.0,1,1011.6,984.6,0,43160.0,10.4,19.4,turin,2026-06-01T04:31:09.428570
2026-06-01T14:00,30.6,32,12.0,30.8,0,0.0,0.0,0.0,0.0,0.0,1,1010.8,983.8,52,44600.0,11.2,20.9,turin,2026-06-01T04:31:09.428570
2026-06-01T15:00,30.6,33,12.5,30.4,0,0.0,0.0,0.0,0.0,0.0,2,1010.3,983.4,85,44600.0,10.9,21.2,turin,2026-06-01T04:31:09.428570
2026-06-01T16:00,30.4,31,11.4,29.2,3,0.0,0.0,0.0,0.0,0.0,0,1010.1,983.1,0,45700.0,11.2,21.2,turin,2026-06-01T04:31:09.428570
2026-06-01T17:00,29.6,36,12.9,28.8,3,0.0,0.0,0.0,0.0,0.0,1,1010.2,983.2,34,43840.0,11.3,24.5,turin,2026-06-01T04:31:09.428570
2026-06-01T18:00,28.8,36,12.2,28.0,8,0.0,0.0,0.0,0.0,0.0,2,1010.3,983.2,76,43960.0,9.7,25.2,turin,2026-06-01T04:31:09.428570
2026-06-01T19:00,27.1,52,16.4,28.2,3,0.0,0.0,0.0,0.0,0.0,2,1010.5,983.2,75,41020.0,7.4,20.5,turin,2026-06-01T04:31:09.428570
2026-06-01T20:00,26.3,52,15.6,27.7,15,0.0,0.0,0.0,0.0,0.0,3,1011.1,983.7,100,41000.0,3.2,15.5,turin,2026-06-01T04:31:09.428570
2026-06-01T21:00,25.6,54,15.6,27.2,8,0.0,0.0,0.0,0.0,0.0,3,1011.7,984.3,100,40800.0,1.6,7.2,turin,2026-06-01T04:31:09.428570
2026-06-01T22:00,25.0,56,15.6,26.3,5,0.0,0.0,0.0,0.0,0.0,3,1011.8,984.3,98,40580.0,3.4,7.9,turin,2026-06-01T04:31:09.428570
2026-06-01T23:00,24.0,60,15.8,24.7,10,0.0,0.0,0.0,0.0,0.0,3,1012.0,984.4,99,39800.0,8.7,18.4,turin,2026-06-01T04:31:09.428570
2026-06-01T00:00,19.9,92,18.6,20.0,38,1.1,1.1,0.1,0.0,0.0,95,1013.4,1011.9,100,10680.0,21.5,47.2,venice,2026-06-01T04:31:12.029880
2026-06-01T01:00,19.8,90,18.1,20.4,43,0.0,0.0,0.0,0.0,0.0,80,1012.1,1010.6,86,21260.0,16.1,37.4,venice,2026-06-01T04:31:12.029880
2026-06-01T02:00,20.1,84,17.3,20.4,78,0.0,0.0,0.0,0.0,0.0,3,1012.2,1010.7,91,28420.0,16.3,31.3,venice,2026-06-01T04:31:12.029880
2026-06-01T03:00,20.8,87,18.5,22.0,80,0.1,0.1,0.0,0.0,0.0,61,1012.3,1010.8,100,25400.0,13.1,23.4,venice,2026-06-01T04:31:12.029880
2026-06-01T04:00,20.7,87,18.5,22.3,73,0.1,0.1,0.0,0.0,0.0,61,1012.8,1011.3,100,25680.0,10.9,21.6,venice,2026-06-01T04:31:12.029880
2026-06-01T05:00,19.5,93,18.3,21.3,73,0.9,0.9,0.0,0.0,0.0,61,1013.5,1012.0,100,14400.0,8.3,16.9,venice,2026-06-01T04:31:12.029880
2026-06-01T06:00,19.5,94,18.5,21.7,65,0.9,0.6,0.3,0.0,0.0,61,1013.8,1012.3,100,8240.0,6.2,14.8,venice,2026-06-01T04:31:12.029880
2026-06-01T07:00,20.5,90,18.8,23.0,68,0.9,0.9,0.0,0.0,0.0,61,1013.7,1012.2,93,19120.0,5.3,11.9,venice,2026-06-01T04:31:12.029880
2026-06-01T08:00,21.5,87,19.3,24.2,45,0.0,0.0,0.0,0.0,0.0,3,1014.2,1012.7,93,23760.0,5.6,9.4,venice,2026-06-01T04:31:12.029880
2026-06-01T09:00,22.5,83,19.4,25.5,25,0.0,0.0,0.0,0.0,0.0,3,1014.6,1013.1,92,28240.0,3.5,8.3,venice,2026-06-01T04:31:12.029880
2026-06-01T10:00,23.3,75,18.6,25.9,40,0.0,0.0,0.0,0.0,0.0,2,1014.8,1013.3,60,35160.0,4.1,8.3,venice,2026-06-01T04:31:12.029880
2026-06-01T11:00,24.0,74,19.1,27.3,60,0.0,0.0,0.0,0.0,0.0,1,1014.7,1013.2,49,34820.0,9.3,16.9,venice,2026-06-01T04:31:12.029880
2026-06-01T12:00,24.4,70,18.5,27.6,25,0.0,0.0,0.0,0.0,0.0,3,1014.4,1012.9,93,36480.0,10.2,18.7,venice,2026-06-01T04:31:12.029880
2026-06-01T13:00,24.4,69,18.3,26.5,5,0.0,0.0,0.0,0.0,0.0,1,1013.7,1012.2,30,36360.0,13.8,16.9,venice,2026-06-01T04:31:12.029880
2026-06-01T14:00,24.1,72,18.7,25.9,3,0.0,0.0,0.0,0.0,0.0,2,1013.3,1011.8,65,35120.0,13.6,17.3,venice,2026-06-01T04:31:12.029880
2026-06-01T15:00,23.9,73,18.7,25.0,3,0.0,0.0,0.0,0.0,0.0,2,1013.2,1011.7,55,34500.0,14.6,19.4,venice,2026-06-01T04:31:12.029880
2026-06-01T16:00,23.8,75,19.1,24.9,3,0.0,0.0,0.0,0.0,0.0,2,1012.9,1011.4,48,33240.0,15.3,21.6,venice,2026-06-01T04:31:12.029880
2026-06-01T17:00,23.4,76,18.9,24.5,0,0.0,0.0,0.0,0.0,0.0,3,1013.0,1011.5,100,33220.0,15.0,22.0,venice,2026-06-01T04:31:12.029880
2026-06-01T18:00,23.0,77,18.7,24.3,0,0.0,0.0,0.0,0.0,0.0,3,1013.1,1011.6,100,34040.0,13.3,23.8,venice,2026-06-01T04:31:12.029880
2026-06-01T19:00,22.4,80,18.8,23.8,0,0.0,0.0,0.0,0.0,0.0,1,1013.4,1011.9,39,32580.0,12.9,21.6,venice,2026-06-01T04:31:12.029880
2026-06-01T20:00,22.2,78,18.2,24.0,0,0.0,0.0,0.0,0.0,0.0,2,1014.0,1012.5,62,34220.0,8.4,20.2,venice,2026-06-01T04:31:12.029880
2026-06-01T21:00,22.1,79,18.3,23.9,0,0.0,0.0,0.0,0.0,0.0,2,1014.2,1012.7,74,33980.0,8.7,13.7,venice,2026-06-01T04:31:12.029880
2026-06-01T22:00,22.0,80,18.4,24.1,0,0.0,0.0,0.0,0.0,0.0,3,1014.3,1012.8,79,33260.0,7.2,13.3,venice,2026-06-01T04:31:12.029880
2026-06-01T23:00,20.6,86,18.1,21.7,0,0.0,0.0,0.0,0.0,0.0,3,1014.5,1013.0,85,26280.0,12.9,21.2,venice,2026-06-01T04:31:12.029880
2026-06-01T00:00,23.8,72,18.4,26.3,4,0.0,0.0,0.0,0.0,0.0,1,1016.1,1015.2,42,30420.0,3.8,14.8,fukuoka,2026-06-01T04:31:14.583961
2026-06-01T01:00,24.4,74,19.5,27.2,18,0.0,0.0,0.0,0.0,0.0,1,1015.8,1014.9,42,30420.0,6.2,16.2,fukuoka,2026-06-01T04:31:14.583961
2026-06-01T02:00,24.4,76,19.9,27.0,36,0.0,0.0,0.0,0.0,0.0,1,1015.6,1014.7,41,30440.0,7.9,19.4,fukuoka,2026-06-01T04:31:14.583961
2026-06-01T03:00,24.4,74,19.5,27.1,53,0.0,0.0,0.0,0.0,0.0,2,1015.2,1014.3,50,3560.0,6.3,21.2,fukuoka,2026-06-01T04:31:14.583961
2026-06-01T04:00,24.7,75,20.0,27.5,67,0.0,0.0,0.0,0.0,0.0,2,1014.6,1013.7,53,3920.0,7.2,18.4,fukuoka,2026-06-01T04:31:14.583961
2026-06-01T05:00,24.3,82,21.1,27.7,79,0.3,0.3,0.0,0.0,0.0,51,1014.1,1013.2,55,8860.0,7.0,18.7,fukuoka,2026-06-01T04:31:14.583961
2026-06-01T06:00,24.0,86,21.5,28.1,88,0.5,0.5,0.0,0.0,0.0,53,1013.7,1012.8,63,16980.0,4.0,22.0,fukuoka,2026-06-01T04:31:14.583961
2026-06-01T07:00,24.5,81,21.1,28.7,94,0.1,0.1,0.0,0.0,0.0,51,1013.1,1012.2,54,24700.0,1.8,21.6,fukuoka,2026-06-01T04:31:14.583961
2026-06-01T08:00,24.9,77,20.6,28.7,96,0.0,0.0,0.0,0.0,0.0,2,1012.6,1011.7,50,2520.0,2.3,20.9,fukuoka,2026-06-01T04:31:14.583961
2026-06-01T09:00,24.6,78,20.5,28.2,96,0.0,0.0,0.0,0.0,0.0,2,1012.3,1011.4,75,1900.0,3.9,16.6,fukuoka,2026-06-01T04:31:14.583961
2026-06-01T10:00,23.0,91,21.5,26.5,94,1.9,1.9,0.0,0.0,0.0,61,1013.0,1012.1,83,2800.0,8.0,9.4,fukuoka,2026-06-01T04:31:14.583961
2026-06-01T11:00,22.8,94,21.8,27.0,90,1.8,1.8,0.0,0.0,0.0,61,1013.2,1012.3,91,4980.0,4.2,12.6,fukuoka,2026-06-01T04:31:14.583961
2026-06-01T12:00,22.8,94,21.8,26.8,80,2.1,2.1,0.0,0.0,0.0,61,1013.3,1012.4,89,13260.0,5.7,19.8,fukuoka,2026-06-01T04:31:14.583961
2026-06-01T13:00,22.8,91,21.2,26.2,60,0.3,0.3,0.0,0.0,0.0,51,1012.9,1012.0,66,3360.0,7.3,19.4,fukuoka,2026-06-01T04:31:14.583961
2026-06-01T14:00,22.7,89,20.8,25.9,34,0.0,0.0,0.0,0.0,0.0,3,1012.4,1011.5,88,16720.0,7.8,22.0,fukuoka,2026-06-01T04:31:14.583961
2026-06-01T15:00,22.7,89,20.8,25.8,18,0.0,0.0,0.0,0.0,0.0,3,1011.7,1010.8,86,19140.0,8.2,24.5,fukuoka,2026-06-01T04:31:14.583961
2026-06-01T16:00,22.6,89,20.7,25.6,18,0.2,0.2,0.0,0.0,0.0,51,1011.0,1010.1,91,19160.0,9.0,24.1,fukuoka,2026-06-01T04:31:14.583961
2026-06-01T17:00,22.6,90,20.9,25.4,28,0.4,0.4,0.0,0.0,0.0,51,1009.8,1008.9,81,3100.0,10.5,23.4,fukuoka,2026-06-01T04:31:14.583961
2026-06-01T18:00,22.7,90,21.0,25.6,39,0.4,0.4,0.0,0.0,0.0,51,1009.1,1008.2,100,13820.0,10.0,19.4,fukuoka,2026-06-01T04:31:14.583961
2026-06-01T19:00,22.7,90,21.0,25.6,51,0.3,0.3,0.0,0.0,0.0,51,1008.3,1007.4,100,11780.0,10.5,8.6,fukuoka,2026-06-01T04:31:14.583961
2026-06-01T20:00,22.7,89,20.8,25.8,65,0.0,0.0,0.0,0.0,0.0,3,1007.9,1007.0,100,13840.0,8.2,11.9,fukuoka,2026-06-01T04:31:14.583961
2026-06-01T21:00,22.7,89,20.8,25.4,75,0.1,0.1,0.0,0.0,0.0,51,1007.5,1006.6,100,3760.0,11.2,18.4,fukuoka,2026-06-01T04:31:14.583961
2026-06-01T22:00,22.9,87,20.6,25.2,77,0.0,0.0,0.0,0.0,0.0,3,1006.9,1006.0,90,13320.0,12.8,25.2,fukuoka,2026-06-01T04:31:14.583961
2026-06-01T23:00,23.1,87,20.8,26.0,74,0.0,0.0,0.0,0.0,0.0,3,1006.4,1005.5,90,16200.0,9.3,25.6,fukuoka,2026-06-01T04:31:14.583961
2026-06-01T00:00,23.2,71,17.7,26.0,0,0.0,0.0,0.0,0.0,0.0,1,1019.6,1014.2,27,30100.0,1.8,18.7,kyoto,2026-06-01T04:31:17.144322
2026-06-01T01:00,24.9,65,17.9,28.6,0,0.0,0.0,0.0,0.0,0.0,2,1019.1,1013.7,61,39440.0,2.3,24.8,kyoto,2026-06-01T04:31:17.144322
2026-06-01T02:00,26.9,59,18.2,31.4,0,0.0,0.0,0.0,0.0,0.0,0,1018.5,1013.2,13,39460.0,3.3,29.2,kyoto,2026-06-01T04:31:17.144322
2026-06-01T03:00,28.8,51,17.7,33.5,0,0.0,0.0,0.0,0.0,0.0,2,1017.7,1012.4,71,39500.0,3.7,29.2,kyoto,2026-06-01T04:31:17.144322
2026-06-01T04:00,30.0,46,17.1,33.7,0,0.0,0.0,0.0,0.0,0.0,2,1016.9,1011.6,70,39480.0,3.6,29.2,kyoto,2026-06-01T04:31:17.144322
2026-06-01T05:00,30.9,44,17.2,34.9,0,0.0,0.0,0.0,0.0,0.0,1,1015.9,1010.7,21,39480.0,3.1,28.8,kyoto,2026-06-01T04:31:17.144322
2026-06-01T06:00,31.3,43,17.2,34.2,0,0.0,0.0,0.0,0.0,0.0,1,1015.3,1010.1,23,39480.0,5.8,32.0,kyoto,2026-06-01T04:31:17.144322
2026-06-01T07:00,29.4,52,18.5,31.2,1,0.0,0.0,0.0,0.0,0.0,0,1015.5,1010.2,15,39500.0,10.0,33.5,kyoto,2026-06-01T04:31:17.144322
2026-06-01T08:00,26.9,61,18.7,28.9,1,0.0,0.0,0.0,0.0,0.0,2,1016.1,1010.8,66,33740.0,8.3,33.1,kyoto,2026-06-01T04:31:17.144322
2026-06-01T09:00,25.5,65,18.4,27.6,2,0.0,0.0,0.0,0.0,0.0,3,1016.6,1011.3,97,30140.0,6.6,32.4,kyoto,2026-06-01T04:31:17.144322
2026-06-01T10:00,24.2,69,18.1,26.5,2,0.0,0.0,0.0,0.0,0.0,3,1016.7,1011.3,100,30160.0,4.3,29.9,kyoto,2026-06-01T04:31:17.144322
2026-06-01T11:00,23.3,72,18.0,25.9,1,0.0,0.0,0.0,0.0,0.0,3,1016.9,1011.5,96,27500.0,2.2,27.7,kyoto,2026-06-01T04:31:17.144322
2026-06-01T12:00,22.5,77,18.2,25.2,2,0.0,0.0,0.0,0.0,0.0,3,1017.1,1011.7,85,27520.0,1.9,18.4,kyoto,2026-06-01T04:31:17.144322
2026-06-01T13:00,21.8,81,18.4,24.6,3,0.0,0.0,0.0,0.0,0.0,3,1017.5,1012.1,86,27520.0,1.5,10.1,kyoto,2026-06-01T04:31:17.144322
2026-06-01T14:00,21.4,82,18.2,24.0,5,0.0,0.0,0.0,0.0,0.0,3,1017.1,1011.7,92,27520.0,2.7,16.6,kyoto,2026-06-01T04:31:17.144322
2026-06-01T15:00,21.3,76,16.9,23.2,14,0.0,0.0,0.0,0.0,0.0,3,1016.8,1011.4,100,6120.0,3.4,21.6,kyoto,2026-06-01T04:31:17.144322
2026-06-01T16:00,21.0,76,16.6,22.8,37,0.0,0.0,0.0,0.0,0.0,3,1016.0,1010.6,100,3800.0,3.8,20.9,kyoto,2026-06-01T04:31:17.144322
2026-06-01T17:00,20.8,80,17.2,22.9,67,0.0,0.0,0.0,0.0,0.0,3,1015.7,1010.3,81,3460.0,3.1,16.2,kyoto,2026-06-01T04:31:17.144322
2026-06-01T18:00,20.0,91,18.5,22.5,90,0.9,0.9,0.0,0.0,0.0,53,1015.4,1010.0,87,2540.0,3.9,12.2,kyoto,2026-06-01T04:31:17.144322
2026-06-01T19:00,19.9,92,18.5,22.5,97,0.2,0.2,0.0,0.0,0.0,51,1015.4,1010.0,89,2520.0,3.9,12.2,kyoto,2026-06-01T04:31:17.144322
2026-06-01T20:00,19.7,93,18.6,22.1,97,1.8,1.8,0.0,0.0,0.0,61,1015.3,1009.9,98,2740.0,5.2,14.4,kyoto,2026-06-01T04:31:17.144322
2026-06-01T21:00,19.7,94,18.7,22.4,96,6.2,6.2,0.0,0.0,0.0,63,1015.6,1010.2,100,4320.0,4.0,15.1,kyoto,2026-06-01T04:31:17.144322
2026-06-01T22:00,20.0,94,19.0,22.7,96,4.6,4.6,0.0,0.0,0.0,63,1015.1,1009.7,89,4560.0,4.3,18.7,kyoto,2026-06-01T04:31:17.144322
2026-06-01T23:00,20.2,93,19.0,22.8,96,2.0,2.0,0.0,0.0,0.0,61,1015.1,1009.7,93,3120.0,5.4,20.2,kyoto,2026-06-01T04:31:17.144322
2026-06-01T00:00,23.1,66,16.4,25.4,0,0.0,0.0,0.0,0.0,0.0,1,1019.8,1019.4,29,30560.0,1.8,15.1,osaka,2026-06-01T04:32:35.201037
2026-06-01T01:00,25.0,62,17.2,28.5,0,0.0,0.0,0.0,0.0,0.0,1,1019.2,1018.8,33,34160.0,2.4,14.0,osaka,2026-06-01T04:32:35.201037
2026-06-01T02:00,26.4,59,17.7,30.4,0,0.0,0.0,0.0,0.0,0.0,1,1018.8,1018.5,27,34160.0,5.1,31.3,osaka,2026-06-01T04:32:35.201037
2026-06-01T03:00,26.7,58,17.8,30.2,0,0.0,0.0,0.0,0.0,0.0,2,1018.6,1018.3,73,34180.0,8.6,44.3,osaka,2026-06-01T04:32:35.201037
2026-06-01T04:00,26.8,62,18.9,30.6,0,0.0,0.0,0.0,0.0,0.0,1,1017.9,1017.6,47,30600.0,8.5,47.5,osaka,2026-06-01T04:32:35.201037
2026-06-01T05:00,26.5,66,19.6,30.5,0,0.0,0.0,0.0,0.0,0.0,1,1017.4,1017.1,43,30600.0,9.2,47.9,osaka,2026-06-01T04:32:35.201037
2026-06-01T06:00,25.7,70,19.8,28.9,0,0.0,0.0,0.0,0.0,0.0,1,1017.2,1016.9,27,30600.0,11.4,50.0,osaka,2026-06-01T04:32:35.201037
2026-06-01T07:00,25.2,72,19.8,27.6,0,0.0,0.0,0.0,0.0,0.0,0,1016.9,1016.6,0,27920.0,10.6,47.9,osaka,2026-06-01T04:32:35.201037
2026-06-01T08:00,24.6,73,19.4,26.7,0,0.0,0.0,0.0,0.0,0.0,3,1016.8,1016.4,100,27940.0,10.0,45.0,osaka,2026-06-01T04:32:35.201037
2026-06-01T09:00,23.9,75,19.2,26.2,0,0.0,0.0,0.0,0.0,0.0,3,1016.9,1016.5,100,27940.0,8.0,44.3,osaka,2026-06-01T04:32:35.201037
2026-06-01T10:00,23.3,77,19.0,25.8,0,0.0,0.0,0.0,0.0,0.0,3,1016.7,1016.3,100,27940.0,5.8,38.2,osaka,2026-06-01T04:32:35.201037
2026-06-01T11:00,22.8,79,19.0,25.7,0,0.0,0.0,0.0,0.0,0.0,3,1016.7,1016.3,82,27940.0,3.0,28.8,osaka,2026-06-01T04:32:35.201037
2026-06-01T12:00,22.3,85,19.6,25.8,2,0.0,0.0,0.0,0.0,0.0,3,1017.0,1016.6,84,30640.0,1.0,22.7,osaka,2026-06-01T04:32:35.201037
2026-06-01T13:00,22.2,82,19.0,25.2,16,0.0,0.0,0.0,0.0,0.0,3,1017.2,1016.8,90,30660.0,2.9,11.9,osaka,2026-06-01T04:32:35.201037
2026-06-01T14:00,21.7,85,19.1,24.9,36,0.0,0.0,0.0,0.0,0.0,3,1017.0,1016.6,92,9940.0,1.5,12.2,osaka,2026-06-01T04:32:35.201037
2026-06-01T15:00,21.4,85,18.8,24.2,55,0.0,0.0,0.0,0.0,0.0,2,1016.3,1015.9,75,3740.0,3.1,10.4,osaka,2026-06-01T04:32:35.201037
2026-06-01T16:00,21.2,84,18.4,23.9,72,0.0,0.0,0.0,0.0,0.0,3,1015.7,1015.3,94,2080.0,2.8,9.7,osaka,2026-06-01T04:32:35.201037
2026-06-01T17:00,20.9,84,18.1,23.4,87,0.0,0.0,0.0,0.0,0.0,2,1015.3,1014.9,71,1560.0,3.1,8.3,osaka,2026-06-01T04:32:35.201037
2026-06-01T18:00,20.4,86,17.9,22.5,98,0.0,0.0,0.0,0.0,0.0,2,1014.9,1014.5,69,1700.0,4.8,16.2,osaka,2026-06-01T04:32:35.201037
2026-06-01T19:00,19.8,91,18.3,22.2,100,0.6,0.6,0.0,0.0,0.0,53,1014.8,1014.4,100,2260.0,4.6,18.0,osaka,2026-06-01T04:32:35.201037
2026-06-01T20:00,19.6,93,18.4,22.0,100,1.9,1.9,0.0,0.0,0.0,61,1014.9,1014.5,99,3140.0,4.3,18.4,osaka,2026-06-01T04:32:35.201037
2026-06-01T21:00,19.6,94,18.6,21.7,100,4.8,4.8,0.0,0.0,0.0,63,1014.7,1014.3,100,3220.0,6.9,21.6,osaka,2026-06-01T04:32:35.201037
2026-06-01T22:00,19.8,95,19.0,22.4,99,2.0,2.0,0.0,0.0,0.0,61,1014.6,1014.2,98,2880.0,5.1,20.2,osaka,2026-06-01T04:32:35.201037
2026-06-01T23:00,20.2,94,19.2,22.9,97,1.3,1.3,0.0,0.0,0.0,61,1014.6,1014.2,95,1420.0,4.8,25.2,osaka,2026-06-01T04:32:35.201037
2026-06-01T00:00,23.9,69,17.9,27.2,0,0.0,0.0,0.0,0.0,0.0,0,1019.5,1015.3,0,30040.0,2.0,14.4,tokyo,2026-06-01T04:33:12.991402
2026-06-01T01:00,26.6,62,18.7,31.2,0,0.0,0.0,0.0,0.0,0.0,0,1019.3,1015.1,0,39440.0,2.4,18.4,tokyo,2026-06-01T04:33:12.991402
2026-06-01T02:00,27.7,62,19.8,33.0,0,0.0,0.0,0.0,0.0,0.0,0,1019.4,1015.2,9,1520.0,5.0,37.1,tokyo,2026-06-01T04:33:12.991402
2026-06-01T03:00,28.9,56,19.3,34.1,0,0.0,0.0,0.0,0.0,0.0,0,1019.0,1014.9,12,39440.0,5.2,45.0,tokyo,2026-06-01T04:33:12.991402
2026-06-01T04:00,29.5,55,19.5,34.6,0,0.0,0.0,0.0,0.0,0.0,1,1018.3,1014.2,45,33680.0,5.2,45.4,tokyo,2026-06-01T04:33:12.991402
2026-06-01T05:00,29.8,54,19.5,34.2,0,0.0,0.0,0.0,0.0,0.0,1,1017.7,1013.6,34,39460.0,6.3,43.2,tokyo,2026-06-01T04:33:12.991402
2026-06-01T06:00,29.4,53,18.9,32.3,0,0.0,0.0,0.0,0.0,0.0,3,1017.3,1013.2,93,33680.0,6.1,43.2,tokyo,2026-06-01T04:33:12.991402
2026-06-01T07:00,28.1,54,18.0,30.0,0,0.0,0.0,0.0,0.0,0.0,2,1016.8,1012.7,55,14900.0,7.3,46.8,tokyo,2026-06-01T04:33:12.991402
2026-06-01T08:00,25.3,67,18.8,27.6,0,0.0,0.0,0.0,0.0,0.0,3,1017.2,1013.0,98,30080.0,7.2,46.4,tokyo,2026-06-01T04:33:12.991402
2026-06-01T09:00,23.8,70,18.0,25.7,0,0.0,0.0,0.0,0.0,0.0,2,1017.8,1013.6,62,27480.0,7.6,38.5,tokyo,2026-06-01T04:33:12.991402
2026-06-01T10:00,22.4,69,16.5,23.4,0,0.0,0.0,0.0,0.0,0.0,0,1018.1,1013.9,0,24700.0,9.0,36.4,tokyo,2026-06-01T04:33:12.991402
2026-06-01T11:00,21.9,73,16.8,23.0,0,0.0,0.0,0.0,0.0,0.0,3,1018.2,1014.0,100,24720.0,9.0,36.0,tokyo,2026-06-01T04:33:12.991402
2026-06-01T12:00,21.8,71,16.3,22.8,0,0.0,0.0,0.0,0.0,0.0,3,1018.2,1014.0,95,27500.0,8.0,39.6,tokyo,2026-06-01T04:33:12.991402
2026-06-01T13:00,21.3,72,16.1,22.3,0,0.0,0.0,0.0,0.0,0.0,3,1018.3,1014.1,88,27500.0,7.7,39.2,tokyo,2026-06-01T04:33:12.991402
2026-06-01T14:00,20.9,75,16.3,22.0,0,0.0,0.0,0.0,0.0,0.0,3,1017.8,1013.6,91,24720.0,7.2,36.0,tokyo,2026-06-01T04:33:12.991402
2026-06-01T15:00,20.5,77,16.4,21.8,0,0.0,0.0,0.0,0.0,0.0,3,1017.5,1013.2,87,24720.0,6.9,36.7,tokyo,2026-06-01T04:33:12.991402
2026-06-01T16:00,20.4,79,16.6,21.8,0,0.0,0.0,0.0,0.0,0.0,3,1017.0,1012.7,85,27520.0,6.5,37.4,tokyo,2026-06-01T04:33:12.991402
2026-06-01T17:00,20.1,80,16.6,21.5,0,0.0,0.0,0.0,0.0,0.0,3,1016.3,1012.0,80,27520.0,6.5,34.9,tokyo,2026-06-01T04:33:12.991402
2026-06-01T18:00,19.9,81,16.5,21.4,0,0.0,0.0,0.0,0.0,0.0,3,1016.4,1012.1,83,24740.0,5.2,32.4,tokyo,2026-06-01T04:33:12.991402
2026-06-01T19:00,19.7,81,16.4,21.2,0,0.0,0.0,0.0,0.0,0.0,3,1016.6,1012.3,87,24740.0,5.2,33.5,tokyo,2026-06-01T04:33:12.991402
2026-06-01T20:00,19.6,82,16.4,21.2,0,0.0,0.0,0.0,0.0,0.0,2,1016.8,1012.5,62,24740.0,4.7,33.1,tokyo,2026-06-01T04:33:12.991402
2026-06-01T21:00,20.4,80,16.9,22.0,0,0.0,0.0,0.0,0.0,0.0,2,1016.8,1012.6,59,24760.0,5.8,32.8,tokyo,2026-06-01T04:33:12.991402
2026-06-01T22:00,21.6,75,17.0,23.2,3,0.0,0.0,0.0,0.0,0.0,2,1016.7,1012.5,66,24760.0,6.2,33.1,tokyo,2026-06-01T04:33:12.991402
2026-06-01T23:00,22.9,71,17.4,24.5,6,0.0,0.0,0.0,0.0,0.0,2,1016.8,1012.6,52,24600.0,7.3,36.4,tokyo,2026-06-01T04:33:12.991402
2026-06-01T00:00,13.9,65,7.4,11.8,6,0.0,0.0,0.0,0.0,0.0,3,1013.2,1011.4,98,45100.0,9.7,20.5,riga,2026-06-01T04:33:15.567522
2026-06-01T01:00,13.7,65,7.3,11.6,8,0.0,0.0,0.0,0.0,0.0,3,1013.1,1011.3,95,45100.0,10.1,17.6,riga,2026-06-01T04:33:15.567522
2026-06-01T02:00,13.5,69,7.9,11.8,9,0.0,0.0,0.0,0.0,0.0,3,1013.4,1011.6,96,42980.0,7.6,19.1,riga,2026-06-01T04:33:15.567522
2026-06-01T03:00,13.5,70,8.2,12.0,10,0.0,0.0,0.0,0.0,0.0,3,1013.7,1011.9,98,45120.0,7.6,15.8,riga,2026-06-01T04:33:15.567522
2026-06-01T04:00,13.4,72,8.5,11.9,9,0.0,0.0,0.0,0.0,0.0,3,1013.8,1012.0,95,45120.0,7.6,14.8,riga,2026-06-01T04:33:15.567522
2026-06-01T05:00,14.3,71,9.1,12.8,6,0.0,0.0,0.0,0.0,0.0,3,1014.0,1012.2,90,48440.0,9.0,17.6,riga,2026-06-01T04:33:15.567522
2026-06-01T06:00,15.5,67,9.4,13.9,4,0.0,0.0,0.0,0.0,0.0,3,1014.1,1012.3,85,48440.0,9.7,20.2,riga,2026-06-01T04:33:15.567522
2026-06-01T07:00,16.2,65,9.6,14.7,3,0.0,0.0,0.0,0.0,0.0,3,1014.2,1012.4,89,51420.0,9.7,20.5,riga,2026-06-01T04:33:15.567522
2026-06-01T08:00,17.3,58,8.9,15.4,1,0.0,0.0,0.0,0.0,0.0,3,1014.4,1012.6,93,51420.0,11.2,23.4,riga,2026-06-01T04:33:15.567522
2026-06-01T09:00,18.0,52,8.0,15.5,2,0.0,0.0,0.0,0.0,0.0,3,1014.3,1012.5,80,51420.0,14.0,29.2,riga,2026-06-01T04:33:15.567522
2026-06-01T10:00,19.1,53,9.3,17.6,6,0.0,0.0,0.0,0.0,0.0,2,1014.3,1012.5,63,12680.0,14.4,31.7,riga,2026-06-01T04:33:15.567522
2026-06-01T11:00,19.6,53,9.8,18.1,11,0.0,0.0,0.0,0.0,0.0,2,1014.2,1012.4,63,10280.0,12.6,31.7,riga,2026-06-01T04:33:15.567522
2026-06-01T12:00,19.8,52,9.7,18.3,14,0.0,0.0,0.0,0.0,0.0,3,1014.1,1012.3,88,55740.0,11.9,28.4,riga,2026-06-01T04:33:15.567522
2026-06-01T13:00,19.8,54,10.2,18.2,12,0.0,0.0,0.0,0.0,0.0,3,1014.1,1012.3,95,55760.0,11.5,27.0,riga,2026-06-01T04:33:15.567522
2026-06-01T14:00,19.9,53,10.1,18.3,8,0.0,0.0,0.0,0.0,0.0,3,1014.0,1012.2,83,55760.0,11.2,25.2,riga,2026-06-01T04:33:15.567522
2026-06-01T15:00,20.3,51,9.9,18.7,4,0.0,0.0,0.0,0.0,0.0,3,1013.9,1012.1,83,55760.0,10.8,24.5,riga,2026-06-01T04:33:15.567522
2026-06-01T16:00,20.2,52,10.1,18.9,2,0.0,0.0,0.0,0.0,0.0,3,1013.6,1011.8,96,55780.0,9.4,23.4,riga,2026-06-01T04:33:15.567522
2026-06-01T17:00,19.8,53,10.0,18.5,1,0.0,0.0,0.0,0.0,0.0,3,1013.1,1011.3,97,55780.0,9.0,19.8,riga,2026-06-01T04:33:15.567522
2026-06-01T18:00,19.4,55,10.2,18.2,0,0.0,0.0,0.0,0.0,0.0,3,1013.2,1011.4,96,55780.0,8.6,18.0,riga,2026-06-01T04:33:15.567522
2026-06-01T19:00,18.9,60,11.0,18.0,0,0.0,0.0,0.0,0.0,0.0,3,1013.4,1011.6,94,51500.0,8.3,15.8,riga,2026-06-01T04:33:15.567522
2026-06-01T20:00,18.2,62,10.8,16.9,0,0.0,0.0,0.0,0.0,0.0,3,1013.5,1011.7,88,48540.0,10.4,18.4,riga,2026-06-01T04:33:15.567522
2026-06-01T21:00,17.7,61,10.1,16.4,0,0.0,0.0,0.0,0.0,0.0,2,1013.8,1012.0,76,48560.0,9.4,18.4,riga,2026-06-01T04:33:15.567522
2026-06-01T22:00,16.6,68,10.7,15.9,0,0.0,0.0,0.0,0.0,0.0,2,1013.9,1012.1,65,48560.0,6.5,16.6,riga,2026-06-01T04:33:15.567522
2026-06-01T23:00,16.1,72,11.1,15.7,0,0.0,0.0,0.0,0.0,0.0,3,1014.0,1012.2,86,48560.0,5.4,10.1,riga,2026-06-01T04:33:15.567522
2026-06-01T00:00,20.0,71,14.6,21.1,0,0.0,0.0,0.0,0.0,0.0,2,1013.7,1010.4,66,37580.0,3.5,4.0,beirut,2026-06-01T04:33:18.124574
2026-06-01T01:00,19.9,70,14.3,20.8,0,0.0,0.0,0.0,0.0,0.0,2,1013.7,1010.4,53,38160.0,3.7,5.4,beirut,2026-06-01T04:33:18.124574
2026-06-01T02:00,20.0,66,13.5,20.6,0,0.0,0.0,0.0,0.0,0.0,2,1013.8,1010.5,57,39680.0,3.3,5.4,beirut,2026-06-01T04:33:18.124574
2026-06-01T03:00,19.9,65,13.2,20.2,0,0.0,0.0,0.0,0.0,0.0,2,1013.9,1010.6,56,40100.0,4.8,7.9,beirut,2026-06-01T04:33:18.124574
2026-06-01T04:00,20.7,63,13.4,21.2,0,0.0,0.0,0.0,0.0,0.0,2,1014.2,1010.9,58,39360.0,3.7,8.3,beirut,2026-06-01T04:33:18.124574
2026-06-01T05:00,21.7,67,15.4,23.3,0,0.0,0.0,0.0,0.0,0.0,2,1014.7,1011.4,56,37240.0,1.5,6.5,beirut,2026-06-01T04:33:18.124574
2026-06-01T06:00,22.7,67,16.3,24.3,0,0.0,0.0,0.0,0.0,0.0,2,1015.0,1011.7,50,36600.0,4.2,10.4,beirut,2026-06-01T04:33:18.124574
2026-06-01T07:00,23.6,64,16.4,25.1,0,0.0,0.0,0.0,0.0,0.0,1,1015.3,1012.0,41,37300.0,7.5,15.1,beirut,2026-06-01T04:33:18.124574
2026-06-01T08:00,23.9,65,17.0,26.1,0,0.0,0.0,0.0,0.0,0.0,2,1015.8,1012.5,47,35900.0,10.0,18.7,beirut,2026-06-01T04:33:18.124574
2026-06-01T09:00,24.2,64,17.0,26.8,0,0.0,0.0,0.0,0.0,0.0,2,1015.7,1012.4,52,36500.0,10.4,19.1,beirut,2026-06-01T04:33:18.124574
2026-06-01T10:00,24.6,63,17.1,27.3,0,0.0,0.0,0.0,0.0,0.0,2,1015.9,1012.6,52,36900.0,10.5,19.1,beirut,2026-06-01T04:33:18.124574
2026-06-01T11:00,24.6,63,17.1,27.2,0,0.0,0.0,0.0,0.0,0.0,2,1015.9,1012.6,60,36560.0,10.5,19.4,beirut,2026-06-01T04:33:18.124574
2026-06-01T12:00,24.5,64,17.3,26.7,0,0.0,0.0,0.0,0.0,0.0,2,1015.7,1012.4,61,36360.0,10.7,19.8,beirut,2026-06-01T04:33:18.124574
2026-06-01T13:00,24.3,65,17.3,25.8,0,0.0,0.0,0.0,0.0,0.0,1,1015.3,1012.0,45,36200.0,10.9,20.2,beirut,2026-06-01T04:33:18.124574
2026-06-01T14:00,23.9,67,17.4,25.1,0,0.0,0.0,0.0,0.0,0.0,2,1015.0,1011.7,54,36100.0,10.0,19.8,beirut,2026-06-01T04:33:18.124574
2026-06-01T15:00,23.2,69,17.2,24.5,0,0.0,0.0,0.0,0.0,0.0,1,1014.9,1011.6,34,35300.0,8.8,18.4,beirut,2026-06-01T04:33:18.124574
2026-06-01T16:00,22.5,74,17.7,24.2,0,0.0,0.0,0.0,0.0,0.0,1,1015.3,1012.0,39,34060.0,7.5,16.6,beirut,2026-06-01T04:33:18.124574
2026-06-01T17:00,22.0,77,17.8,24.0,0,0.0,0.0,0.0,0.0,0.0,2,1015.4,1012.1,47,32980.0,5.4,13.3,beirut,2026-06-01T04:33:18.124574
2026-06-01T18:00,21.7,78,17.7,23.8,0,0.0,0.0,0.0,0.0,0.0,1,1015.9,1012.6,41,31840.0,4.5,9.0,beirut,2026-06-01T04:33:18.124574
2026-06-01T19:00,21.4,80,17.9,24.0,0,0.0,0.0,0.0,0.0,0.0,1,1016.2,1012.9,42,30960.0,1.9,7.6,beirut,2026-06-01T04:33:18.124574
2026-06-01T20:00,21.3,81,17.9,23.8,0,0.0,0.0,0.0,0.0,0.0,2,1016.4,1013.1,59,29940.0,2.2,4.3,beirut,2026-06-01T04:33:18.124574
2026-06-01T21:00,21.2,82,18.0,24.0,0,0.0,0.0,0.0,0.0,0.0,2,1016.5,1013.2,66,28940.0,0.8,5.0,beirut,2026-06-01T04:33:18.124574
2026-06-01T22:00,21.1,82,17.9,23.9,0,0.0,0.0,0.0,0.0,0.0,2,1016.7,1013.4,62,29640.0,0.8,3.6,beirut,2026-06-01T04:33:18.124574
2026-06-01T23:00,20.9,82,17.8,23.3,0,0.0,0.0,0.0,0.0,0.0,2,1016.6,1013.3,59,29300.0,3.1,4.7,beirut,2026-06-01T04:33:18.124574
2026-06-01T00:00,21.0,90,19.3,23.9,0,0.0,0.0,0.0,0.0,0.0,0,1016.6,1014.8,0,21620.0,4.7,10.8,tripoli,2026-06-01T04:33:55.920698
2026-06-01T01:00,20.9,91,19.4,23.9,0,0.0,0.0,0.0,0.0,0.0,0,1016.3,1014.5,0,20120.0,3.9,9.7,tripoli,2026-06-01T04:33:55.920698
2026-06-01T02:00,20.8,91,19.3,23.8,0,0.0,0.0,0.0,0.0,0.0,0,1016.1,1014.3,0,20260.0,3.7,7.9,tripoli,2026-06-01T04:33:55.920698
2026-06-01T03:00,20.6,91,19.1,23.5,0,0.0,0.0,0.0,0.0,0.0,0,1015.5,1013.7,0,20260.0,3.6,7.2,tripoli,2026-06-01T04:33:55.920698
2026-06-01T04:00,20.5,91,18.9,23.3,0,0.0,0.0,0.0,0.0,0.0,0,1015.5,1013.7,0,21040.0,3.6,7.6,tripoli,2026-06-01T04:33:55.920698
2026-06-01T05:00,20.6,90,19.0,23.5,0,0.0,0.0,0.0,0.0,0.0,0,1015.8,1014.0,0,21140.0,3.3,7.2,tripoli,2026-06-01T04:33:55.920698
2026-06-01T06:00,22.0,80,18.4,24.7,0,0.0,0.0,0.0,0.0,0.0,0,1016.5,1014.7,0,28800.0,3.4,8.6,tripoli,2026-06-01T04:33:55.920698
2026-06-01T07:00,24.0,69,18.0,26.5,0,0.0,0.0,0.0,0.0,0.0,0,1017.0,1015.2,0,36180.0,2.9,9.7,tripoli,2026-06-01T04:33:55.920698
2026-06-01T08:00,26.2,47,14.0,27.4,0,0.0,0.0,0.0,0.0,0.0,0,1017.1,1015.4,0,42260.0,2.7,10.4,tripoli,2026-06-01T04:33:55.920698
2026-06-01T09:00,27.8,40,13.0,29.4,0,0.0,0.0,0.0,0.0,0.0,0,1017.2,1015.5,0,42220.0,4.5,12.6,tripoli,2026-06-01T04:33:55.920698
2026-06-01T10:00,28.1,46,15.4,30.4,0,0.0,0.0,0.0,0.0,0.0,0,1017.4,1015.7,0,40680.0,9.4,23.4,tripoli,2026-06-01T04:33:55.920698
2026-06-01T11:00,27.9,40,13.1,29.5,0,0.0,0.0,0.0,0.0,0.0,0,1017.4,1015.7,0,41080.0,10.8,27.4,tripoli,2026-06-01T04:33:55.920698
2026-06-01T12:00,27.8,45,14.7,29.6,0,0.0,0.0,0.0,0.0,0.0,0,1017.2,1015.5,0,40220.0,13.0,31.0,tripoli,2026-06-01T04:33:55.920698
2026-06-01T13:00,27.2,48,15.3,28.8,0,0.0,0.0,0.0,0.0,0.0,0,1016.7,1015.0,0,41280.0,14.1,33.1,tripoli,2026-06-01T04:33:55.920698
2026-06-01T14:00,26.6,54,16.6,28.1,0,0.0,0.0,0.0,0.0,0.0,0,1016.4,1014.7,0,38680.0,14.1,33.8,tripoli,2026-06-01T04:33:55.920698
2026-06-01T15:00,26.1,58,17.2,27.1,0,0.0,0.0,0.0,0.0,0.0,0,1016.0,1014.3,0,37860.0,13.7,33.1,tripoli,2026-06-01T04:33:55.920698
2026-06-01T16:00,25.9,55,16.2,26.2,0,0.0,0.0,0.0,0.0,0.0,0,1015.8,1014.1,0,39980.0,12.4,31.7,tripoli,2026-06-01T04:33:55.920698
2026-06-01T17:00,25.6,52,15.1,25.8,0,0.0,0.0,0.0,0.0,0.0,0,1015.7,1014.0,0,41140.0,10.5,28.1,tripoli,2026-06-01T04:33:55.920698
2026-06-01T18:00,24.6,58,15.8,25.3,0,0.0,0.0,0.0,0.0,0.0,0,1015.8,1014.1,0,40780.0,8.9,23.8,tripoli,2026-06-01T04:33:55.920698
2026-06-01T19:00,23.5,65,16.6,24.7,0,0.0,0.0,0.0,0.0,0.0,0,1016.0,1014.2,0,39040.0,7.8,19.4,tripoli,2026-06-01T04:33:55.920698
2026-06-01T20:00,23.0,71,17.4,24.4,0,0.0,0.0,0.0,0.0,0.0,0,1016.6,1014.8,0,37300.0,7.9,16.9,tripoli,2026-06-01T04:33:55.920698
2026-06-01T21:00,22.6,72,17.3,24.3,0,0.0,0.0,0.0,0.0,0.0,1,1017.0,1015.2,12,36900.0,5.9,16.9,tripoli,2026-06-01T04:33:55.920698
2026-06-01T22:00,22.4,73,17.3,24.3,0,0.0,0.0,0.0,0.0,0.0,2,1017.0,1015.2,83,36520.0,4.7,12.2,tripoli,2026-06-01T04:33:55.920698
2026-06-01T23:00,22.2,72,17.0,24.0,0,0.0,0.0,0.0,0.0,0.0,3,1016.7,1014.9,100,36860.0,5.1,10.4,tripoli,2026-06-01T04:33:55.920698
2026-06-01T00:00,15.8,93,14.7,15.8,18,0.0,0.0,0.0,0.0,0.0,1,1018.1,981.4,42,6400.0,10.8,19.4,luxembourg,2026-06-01T04:34:33.687722
2026-06-01T01:00,15.6,92,14.3,15.9,14,0.0,0.0,0.0,0.0,0.0,3,1018.0,981.2,100,50000.0,7.9,14.8,luxembourg,2026-06-01T04:34:33.687722
2026-06-01T02:00,15.5,91,14.1,15.5,6,0.0,0.0,0.0,0.0,0.0,3,1017.8,980.9,100,7620.0,9.7,18.7,luxembourg,2026-06-01T04:34:33.687722
2026-06-01T03:00,14.5,91,13.1,14.0,0,0.0,0.0,0.0,0.0,0.0,0,1017.8,980.8,3,50000.0,10.4,20.9,luxembourg,2026-06-01T04:34:33.687722
2026-06-01T04:00,13.4,93,12.3,12.8,0,0.0,0.0,0.0,0.0,0.0,0,1018.3,981.2,6,6680.0,9.0,21.2,luxembourg,2026-06-01T04:34:33.687722
2026-06-01T05:00,14.0,92,12.7,13.8,0,0.0,0.0,0.0,0.0,0.0,0,1018.6,981.5,0,50000.0,7.2,16.9,luxembourg,2026-06-01T04:34:33.687722
2026-06-01T06:00,15.0,85,12.5,14.5,0,0.0,0.0,0.0,0.0,0.0,1,1018.8,981.9,37,11220.0,8.6,18.0,luxembourg,2026-06-01T04:34:33.687722
2026-06-01T07:00,15.8,81,12.5,15.4,0,0.0,0.0,0.0,0.0,0.0,1,1019.0,982.3,24,50000.0,7.9,19.1,luxembourg,2026-06-01T04:34:33.687722
2026-06-01T08:00,16.7,77,12.6,16.5,0,0.0,0.0,0.0,0.0,0.0,2,1018.7,982.2,65,50000.0,7.2,17.6,luxembourg,2026-06-01T04:34:33.687722
2026-06-01T09:00,18.0,72,12.9,18.5,0,0.0,0.0,0.0,0.0,0.0,0,1018.3,982.0,15,17820.0,6.1,18.0,luxembourg,2026-06-01T04:34:33.687722
2026-06-01T10:00,19.5,62,12.0,20.5,0,0.0,0.0,0.0,0.0,0.0,3,1017.9,981.7,100,22800.0,5.4,16.9,luxembourg,2026-06-01T04:34:33.687722
2026-06-01T11:00,20.0,57,11.2,19.5,0,0.0,0.0,0.0,0.0,0.0,2,1017.6,981.6,71,25180.0,6.5,17.6,luxembourg,2026-06-01T04:34:33.687722
2026-06-01T12:00,21.4,51,10.8,22.3,0,0.0,0.0,0.0,0.0,0.0,2,1017.3,981.3,60,28540.0,6.5,19.8,luxembourg,2026-06-01T04:34:33.687722
2026-06-01T13:00,22.2,48,10.7,22.7,0,0.0,0.0,0.0,0.0,0.0,1,1016.8,980.9,24,30260.0,6.8,20.5,luxembourg,2026-06-01T04:34:33.687722
2026-06-01T14:00,22.7,46,10.5,23.2,0,0.0,0.0,0.0,0.0,0.0,3,1016.2,980.4,92,31380.0,6.1,19.8,luxembourg,2026-06-01T04:34:33.687722
2026-06-01T15:00,22.9,45,10.3,22.2,0,0.0,0.0,0.0,0.0,0.0,3,1015.8,980.0,98,31680.0,6.1,18.7,luxembourg,2026-06-01T04:34:33.687722
2026-06-01T16:00,22.9,45,10.4,22.2,0,0.0,0.0,0.0,0.0,0.0,3,1015.3,979.5,100,31820.0,5.8,18.0,luxembourg,2026-06-01T04:34:33.687722
2026-06-01T17:00,22.7,46,10.5,22.2,0,0.0,0.0,0.0,0.0,0.0,3,1014.7,978.8,100,31480.0,4.7,16.6,luxembourg,2026-06-01T04:34:33.687722
2026-06-01T18:00,22.1,50,11.2,21.9,0,0.0,0.0,0.0,0.0,0.0,3,1014.1,978.2,100,29040.0,3.6,13.7,luxembourg,2026-06-01T04:34:33.687722
2026-06-01T19:00,21.4,52,11.1,21.1,0,0.0,0.0,0.0,0.0,0.0,3,1013.7,977.7,100,27880.0,4.3,10.8,luxembourg,2026-06-01T04:34:33.687722
2026-06-01T20:00,20.4,54,10.8,19.8,0,0.0,0.0,0.0,0.0,0.0,3,1013.9,977.7,99,26580.0,6.1,9.7,luxembourg,2026-06-01T04:34:33.687722
2026-06-01T21:00,19.6,59,11.4,19.0,0,0.0,0.0,0.0,0.0,0.0,2,1013.9,977.6,52,24220.0,7.2,11.9,luxembourg,2026-06-01T04:34:33.687722
2026-06-01T22:00,18.8,64,11.8,18.3,0,0.0,0.0,0.0,0.0,0.0,3,1013.6,977.2,89,21720.0,7.6,12.6,luxembourg,2026-06-01T04:34:33.687722
2026-06-01T23:00,18.3,64,11.4,17.7,0,0.0,0.0,0.0,0.0,0.0,3,1013.0,976.6,100,21680.0,7.2,12.6,luxembourg,2026-06-01T04:34:33.687722
2026-06-01T00:00,27.3,73,22.0,31.8,0,0.0,0.0,0.0,0.0,0.0,3,1010.9,1006.4,98,10680.0,3.2,9.4,kuala_lumpur,2026-06-01T04:35:11.461851
2026-06-01T01:00,28.7,68,22.1,32.6,1,0.0,0.0,0.0,0.0,0.0,3,1011.9,1007.4,100,11980.0,7.6,20.2,kuala_lumpur,2026-06-01T04:35:11.461851
2026-06-01T02:00,30.0,66,23.0,34.6,2,0.0,0.0,0.0,0.0,0.0,3,1012.3,1007.9,100,11980.0,6.9,22.7,kuala_lumpur,2026-06-01T04:35:11.461851
2026-06-01T03:00,31.8,59,22.6,36.4,8,0.1,0.0,0.1,0.0,0.0,51,1012.0,1007.6,100,7120.0,4.1,22.0,kuala_lumpur,2026-06-01T04:35:11.461851
2026-06-01T04:00,33.0,54,22.4,38.2,20,0.1,0.1,0.0,0.0,0.0,51,1011.6,1007.2,97,10360.0,3.7,20.9,kuala_lumpur,2026-06-01T04:35:11.461851
2026-06-01T05:00,33.8,51,22.2,39.1,37,0.0,0.0,0.0,0.0,0.0,3,1010.7,1006.3,98,4800.0,4.6,22.0,kuala_lumpur,2026-06-01T04:35:11.461851
2026-06-01T06:00,34.2,50,22.2,39.6,53,0.4,0.2,0.2,0.0,0.0,51,1009.8,1005.4,97,5000.0,4.1,23.0,kuala_lumpur,2026-06-01T04:35:11.461851
2026-06-01T07:00,34.5,49,22.3,39.4,69,0.4,0.2,0.2,0.0,0.0,51,1008.6,1004.2,91,5340.0,5.2,22.3,kuala_lumpur,2026-06-01T04:35:11.461851
2026-06-01T08:00,33.4,54,22.7,37.4,85,0.2,0.1,0.1,0.0,0.0,51,1007.9,1003.5,99,9680.0,9.0,27.4,kuala_lumpur,2026-06-01T04:35:11.461851
2026-06-01T09:00,32.3,57,22.8,37.0,92,0.5,0.1,0.4,0.0,0.0,53,1007.7,1003.3,99,3720.0,4.5,26.6,kuala_lumpur,2026-06-01T04:35:11.461851
2026-06-01T10:00,31.2,60,22.6,36.0,84,0.6,0.5,0.1,0.0,0.0,53,1008.5,1004.1,99,5860.0,3.8,16.9,kuala_lumpur,2026-06-01T04:35:11.461851
2026-06-01T11:00,30.4,66,23.4,35.6,66,0.1,0.1,0.0,0.0,0.0,51,1008.8,1004.4,99,7440.0,3.9,13.7,kuala_lumpur,2026-06-01T04:35:11.461851
2026-06-01T12:00,29.6,71,23.9,35.2,49,0.0,0.0,0.0,0.0,0.0,3,1009.5,1005.1,100,10240.0,2.7,11.9,kuala_lumpur,2026-06-01T04:35:11.461851
2026-06-01T13:00,29.2,74,24.1,34.9,33,0.0,0.0,0.0,0.0,0.0,3,1010.5,1006.1,99,10400.0,3.1,8.6,kuala_lumpur,2026-06-01T04:35:11.461851
2026-06-01T14:00,29.0,75,24.1,34.8,18,0.0,0.0,0.0,0.0,0.0,3,1010.9,1006.5,100,10560.0,1.8,9.0,kuala_lumpur,2026-06-01T04:35:11.461851
2026-06-01T15:00,28.7,76,24.0,34.6,8,0.0,0.0,0.0,0.0,0.0,3,1011.7,1007.2,99,10180.0,1.5,6.1,kuala_lumpur,2026-06-01T04:35:11.461851
2026-06-01T16:00,28.5,77,24.0,34.2,5,0.0,0.0,0.0,0.0,0.0,3,1012.3,1007.8,99,10420.0,2.8,7.9,kuala_lumpur,2026-06-01T04:35:11.461851
2026-06-01T17:00,28.0,78,23.9,33.7,7,0.0,0.0,0.0,0.0,0.0,3,1011.8,1007.3,84,10560.0,2.4,7.6,kuala_lumpur,2026-06-01T04:35:11.461851
2026-06-01T18:00,24.7,92,23.2,28.9,14,1.8,1.1,0.7,0.0,0.0,61,1012.1,1007.6,99,2160.0,9.9,30.2,kuala_lumpur,2026-06-01T04:35:11.461851
2026-06-01T19:00,24.5,93,23.2,29.6,31,0.7,0.7,0.0,0.0,0.0,53,1010.9,1006.4,99,3900.0,4.0,18.7,kuala_lumpur,2026-06-01T04:35:11.461851
2026-06-01T20:00,24.6,92,23.2,29.9,54,0.1,0.1,0.0,0.0,0.0,51,1010.7,1006.2,100,5400.0,2.8,10.8,kuala_lumpur,2026-06-01T04:35:11.461851
2026-06-01T21:00,24.7,91,23.0,30.0,69,0.1,0.1,0.0,0.0,0.0,51,1010.8,1006.3,100,4680.0,1.6,6.1,kuala_lumpur,2026-06-01T04:35:11.461851
2026-06-01T22:00,24.8,88,22.7,29.5,69,0.1,0.1,0.0,0.0,0.0,51,1010.8,1006.3,100,7680.0,3.8,9.4,kuala_lumpur,2026-06-01T04:35:11.461851
2026-06-01T23:00,24.8,87,22.4,29.1,61,0.0,0.0,0.0,0.0,0.0,3,1011.1,1006.6,100,8140.0,5.0,10.1,kuala_lumpur,2026-06-01T04:35:11.461851
2026-06-01T00:00,19.8,93,18.6,22.3,0,0.0,0.0,0.0,0.0,0.0,45,1016.9,1010.4,16,17060.0,5.1,9.4,valletta,2026-06-01T04:35:49.224481
2026-06-01T01:00,19.6,95,18.8,22.2,0,0.0,0.0,0.0,0.0,0.0,1,1016.6,1010.1,23,12340.0,4.8,10.8,valletta,2026-06-01T04:35:49.224481
2026-06-01T02:00,19.5,93,18.4,21.9,0,0.0,0.0,0.0,0.0,0.0,1,1016.3,1009.8,19,15160.0,5.0,11.5,valletta,2026-06-01T04:35:49.224481
2026-06-01T03:00,19.5,93,18.3,21.8,0,0.0,0.0,0.0,0.0,0.0,1,1015.8,1009.3,11,18000.0,5.0,11.9,valletta,2026-06-01T04:35:49.224481
2026-06-01T04:00,19.5,92,18.2,21.8,0,0.0,0.0,0.0,0.0,0.0,0,1015.9,1009.4,0,19660.0,5.5,12.2,valletta,2026-06-01T04:35:49.224481
2026-06-01T05:00,20.6,88,18.5,22.9,0,0.0,0.0,0.0,0.0,0.0,0,1016.3,1009.8,0,23140.0,6.0,13.0,valletta,2026-06-01T04:35:49.224481
2026-06-01T06:00,22.9,76,18.4,24.6,0,0.0,0.0,0.0,0.0,0.0,0,1016.7,1010.3,0,32140.0,9.3,21.2,valletta,2026-06-01T04:35:49.224481
2026-06-01T07:00,24.1,69,18.1,25.4,0,0.0,0.0,0.0,0.0,0.0,1,1017.0,1010.6,16,35140.0,11.6,27.4,valletta,2026-06-01T04:35:49.224481
2026-06-01T08:00,25.3,62,17.5,26.4,0,0.0,0.0,0.0,0.0,0.0,1,1017.0,1010.6,13,37580.0,12.6,29.5,valletta,2026-06-01T04:35:49.224481
2026-06-01T09:00,26.5,57,17.2,28.3,0,0.0,0.0,0.0,0.0,0.0,0,1017.5,1011.1,6,39540.0,13.0,31.0,valletta,2026-06-01T04:35:49.224481
2026-06-01T10:00,27.4,52,16.6,29.6,0,0.0,0.0,0.0,0.0,0.0,0,1017.4,1011.1,0,40540.0,13.0,31.3,valletta,2026-06-01T04:35:49.224481
2026-06-01T11:00,28.0,47,15.6,30.1,0,0.0,0.0,0.0,0.0,0.0,0,1017.5,1011.2,1,41060.0,13.3,32.0,valletta,2026-06-01T04:35:49.224481
2026-06-01T12:00,28.2,45,15.1,30.1,0,0.0,0.0,0.0,0.0,0.0,1,1017.1,1010.8,14,41200.0,13.7,32.4,valletta,2026-06-01T04:35:49.224481
2026-06-01T13:00,28.1,45,15.1,29.6,0,0.0,0.0,0.0,0.0,0.0,1,1016.7,1010.4,57,41340.0,13.7,32.8,valletta,2026-06-01T04:35:49.224481
2026-06-01T14:00,27.6,47,15.3,28.5,0,0.0,0.0,0.0,0.0,0.0,3,1016.3,1010.0,100,41340.0,13.7,33.1,valletta,2026-06-01T04:35:49.224481
2026-06-01T15:00,26.6,54,16.6,27.1,0,0.0,0.0,0.0,0.0,0.0,3,1016.0,1009.7,100,40680.0,13.1,32.4,valletta,2026-06-01T04:35:49.224481
2026-06-01T16:00,25.4,60,17.1,26.1,0,0.0,0.0,0.0,0.0,0.0,2,1015.7,1009.3,40,39020.0,12.6,31.0,valletta,2026-06-01T04:35:49.224481
2026-06-01T17:00,24.2,67,17.7,25.3,0,0.0,0.0,0.0,0.0,0.0,0,1015.8,1009.4,0,37180.0,11.4,29.2,valletta,2026-06-01T04:35:49.224481
2026-06-01T18:00,22.9,75,18.2,24.4,0,0.0,0.0,0.0,0.0,0.0,1,1015.9,1009.5,10,34660.0,10.2,25.2,valletta,2026-06-01T04:35:49.224481
2026-06-01T19:00,21.8,83,18.8,23.8,0,0.0,0.0,0.0,0.0,0.0,0,1016.3,1009.9,2,27820.0,8.8,21.6,valletta,2026-06-01T04:35:49.224481
2026-06-01T20:00,21.2,88,19.1,23.4,0,0.0,0.0,0.0,0.0,0.0,1,1017.0,1010.5,24,23800.0,8.2,16.9,valletta,2026-06-01T04:35:49.224481
2026-06-01T21:00,20.8,90,19.0,23.2,0,0.0,0.0,0.0,0.0,0.0,1,1017.3,1010.8,12,21340.0,6.6,15.5,valletta,2026-06-01T04:35:49.224481
2026-06-01T22:00,20.3,92,19.0,22.8,0,0.0,0.0,0.0,0.0,0.0,1,1017.2,1010.7,23,17840.0,5.9,13.7,valletta,2026-06-01T04:35:49.224481
2026-06-01T23:00,19.9,94,18.9,22.3,0,0.0,0.0,0.0,0.0,0.0,1,1017.1,1010.6,31,14260.0,6.0,12.2,valletta,2026-06-01T04:35:49.224481
2026-06-01T00:00,27.0,16,-0.6,23.4,0,0.0,0.0,0.0,0.0,0.0,0,1007.3,786.1,9,39520.0,9.1,28.8,mexico_city,2026-06-01T04:35:51.820362
2026-06-01T01:00,25.5,20,0.9,22.6,3,0.0,0.0,0.0,0.0,0.0,0,1008.8,786.4,4,39480.0,6.2,25.2,mexico_city,2026-06-01T04:35:51.820362
2026-06-01T02:00,23.8,28,3.9,20.8,8,0.0,0.0,0.0,0.0,0.0,1,1011.4,787.3,37,39400.0,10.1,21.6,mexico_city,2026-06-01T04:35:51.820362
2026-06-01T03:00,21.7,41,8.0,19.9,14,0.0,0.0,0.0,0.0,0.0,0,1013.8,787.8,13,27040.0,8.8,24.8,mexico_city,2026-06-01T04:35:51.820362
2026-06-01T04:00,19.6,52,9.5,18.8,25,0.2,0.0,0.2,0.0,0.0,51,1015.5,787.7,51,7040.0,4.4,18.4,mexico_city,2026-06-01T04:35:51.820362
2026-06-01T05:00,17.9,61,10.2,17.9,38,0.3,0.2,0.1,0.0,0.0,51,1017.7,788.3,57,5040.0,0.6,14.8,mexico_city,2026-06-01T04:35:51.820362
2026-06-01T06:00,17.2,69,11.5,16.7,43,0.6,0.3,0.3,0.0,0.0,53,1017.8,787.9,53,5840.0,7.1,19.4,mexico_city,2026-06-01T04:35:51.820362
2026-06-01T07:00,16.5,76,12.4,16.3,34,0.3,0.2,0.1,0.0,0.0,51,1017.5,787.2,34,10300.0,6.6,20.9,mexico_city,2026-06-01T04:35:51.820362
2026-06-01T08:00,16.3,80,12.8,16.3,17,0.2,0.1,0.1,0.0,0.0,51,1017.2,786.8,100,26180.0,6.2,19.1,mexico_city,2026-06-01T04:35:51.820362
2026-06-01T09:00,16.0,82,12.9,16.3,4,0.1,0.0,0.1,0.0,0.0,51,1017.1,786.6,100,6640.0,4.2,16.9,mexico_city,2026-06-01T04:35:51.820362
2026-06-01T10:00,15.9,81,12.6,16.2,0,0.3,0.2,0.1,0.0,0.0,51,1017.3,786.7,100,6720.0,4.1,12.6,mexico_city,2026-06-01T04:35:51.820362
2026-06-01T11:00,15.7,81,12.4,16.0,0,0.2,0.1,0.1,0.0,0.0,51,1017.2,786.4,97,7760.0,3.3,12.2,mexico_city,2026-06-01T04:35:51.820362
2026-06-01T12:00,15.6,81,12.4,16.2,0,0.2,0.1,0.1,0.0,0.0,51,1017.5,786.6,100,9140.0,1.2,11.2,mexico_city,2026-06-01T04:35:51.820362
2026-06-01T13:00,15.9,78,12.1,16.2,0,0.1,0.0,0.1,0.0,0.0,51,1017.9,787.1,100,13500.0,2.7,12.6,mexico_city,2026-06-01T04:35:51.820362
2026-06-01T14:00,17.1,70,11.6,17.2,1,0.0,0.0,0.0,0.0,0.0,2,1018.0,788.0,74,26100.0,2.9,15.8,mexico_city,2026-06-01T04:35:51.820362
2026-06-01T15:00,18.6,62,11.1,18.8,2,0.0,0.0,0.0,0.0,0.0,3,1017.5,788.6,100,24880.0,1.5,15.5,mexico_city,2026-06-01T04:35:51.820362
2026-06-01T16:00,20.5,53,10.5,20.5,1,0.0,0.0,0.0,0.0,0.0,2,1016.6,789.1,63,21780.0,0.9,14.4,mexico_city,2026-06-01T04:35:51.820362
2026-06-01T17:00,22.8,45,10.2,24.8,0,0.0,0.0,0.0,0.0,0.0,1,1015.4,789.7,27,36280.0,2.1,19.4,mexico_city,2026-06-01T04:35:51.820362
2026-06-01T18:00,24.6,39,9.9,27.3,0,0.0,0.0,0.0,0.0,0.0,0,1013.8,789.7,16,36360.0,2.6,21.6,mexico_city,2026-06-01T04:35:51.820362
2026-06-01T19:00,25.9,34,8.9,28.6,0,0.0,0.0,0.0,0.0,0.0,1,1012.2,789.2,37,39800.0,2.2,21.6,mexico_city,2026-06-01T04:35:51.820362
2026-06-01T20:00,26.5,32,8.2,28.3,0,0.1,0.0,0.1,0.0,0.0,51,1010.9,788.6,49,17360.0,2.6,22.3,mexico_city,2026-06-01T04:35:51.820362
2026-06-01T21:00,26.5,31,7.9,27.5,4,0.1,0.0,0.1,0.0,0.0,51,1009.8,787.8,60,35800.0,2.1,22.3,mexico_city,2026-06-01T04:35:51.820362
2026-06-01T22:00,26.8,29,7.3,25.8,23,0.0,0.0,0.0,0.0,0.0,3,1008.4,786.9,100,30820.0,2.4,20.5,mexico_city,2026-06-01T04:35:51.820362
2026-06-01T23:00,23.8,38,8.8,21.9,50,0.5,0.0,0.5,0.0,0.0,53,1009.7,785.9,73,4320.0,10.5,24.5,mexico_city,2026-06-01T04:35:51.820362
2026-06-01T00:00,14.5,82,11.4,14.5,35,0.0,0.0,0.0,0.0,0.0,3,1012.2,1001.4,98,30640.0,2.6,7.9,chisinau,2026-06-01T04:35:54.426895
2026-06-01T01:00,14.3,83,11.4,14.3,33,0.0,0.0,0.0,0.0,0.0,3,1012.3,1001.5,98,30000.0,2.4,7.9,chisinau,2026-06-01T04:35:54.426895
2026-06-01T02:00,14.0,87,11.8,14.3,23,0.2,0.2,0.0,0.0,0.0,61,1012.0,1001.2,100,26080.0,1.9,7.9,chisinau,2026-06-01T04:35:54.426895
2026-06-01T03:00,13.8,88,11.8,14.1,15,0.1,0.1,0.0,0.0,0.0,61,1012.1,1001.3,100,23820.0,1.5,5.8,chisinau,2026-06-01T04:35:54.426895
2026-06-01T04:00,14.0,88,12.1,14.3,13,0.0,0.0,0.0,0.0,0.0,3,1012.4,1001.6,100,22540.0,2.2,6.5,chisinau,2026-06-01T04:35:54.426895
2026-06-01T05:00,14.7,85,12.2,15.1,10,0.0,0.0,0.0,0.0,0.0,3,1012.9,1002.1,100,24580.0,2.2,7.2,chisinau,2026-06-01T04:35:54.426895
2026-06-01T06:00,15.6,81,12.4,15.7,15,0.0,0.0,0.0,0.0,0.0,3,1013.6,1002.9,100,28640.0,4.3,11.9,chisinau,2026-06-01T04:35:54.426895
2026-06-01T07:00,16.5,75,12.0,16.2,28,0.0,0.0,0.0,0.0,0.0,3,1013.9,1003.2,100,33560.0,6.1,16.2,chisinau,2026-06-01T04:35:54.426895
2026-06-01T08:00,17.3,74,12.6,16.9,33,0.0,0.0,0.0,0.0,0.0,3,1014.3,1003.6,100,34340.0,8.4,21.6,chisinau,2026-06-01T04:35:54.426895
2026-06-01T09:00,18.1,66,11.6,17.5,25,0.0,0.0,0.0,0.0,0.0,3,1014.6,1004.0,100,37740.0,7.2,21.6,chisinau,2026-06-01T04:35:54.426895
2026-06-01T10:00,18.7,62,11.2,17.9,18,0.0,0.0,0.0,0.0,0.0,3,1014.8,1004.2,100,39140.0,8.0,20.2,chisinau,2026-06-01T04:35:54.426895
2026-06-01T11:00,19.0,64,12.0,18.5,13,0.0,0.0,0.0,0.0,0.0,3,1015.1,1004.5,100,38460.0,7.6,20.5,chisinau,2026-06-01T04:35:54.426895
2026-06-01T12:00,19.6,60,11.6,19.2,15,0.0,0.0,0.0,0.0,0.0,3,1015.0,1004.4,100,39680.0,6.4,19.8,chisinau,2026-06-01T04:35:54.426895
2026-06-01T13:00,20.2,55,10.9,19.7,10,0.0,0.0,0.0,0.0,0.0,3,1014.7,1004.1,98,40600.0,5.4,18.0,chisinau,2026-06-01T04:35:54.426895
2026-06-01T14:00,20.5,53,10.6,19.9,3,0.0,0.0,0.0,0.0,0.0,3,1014.8,1004.2,100,40880.0,5.7,15.5,chisinau,2026-06-01T04:35:54.426895
2026-06-01T15:00,20.5,53,10.6,19.7,3,0.0,0.0,0.0,0.0,0.0,3,1014.7,1004.1,100,40920.0,6.4,16.2,chisinau,2026-06-01T04:35:54.426895
2026-06-01T16:00,20.0,53,10.1,19.3,0,0.0,0.0,0.0,0.0,0.0,3,1015.1,1004.5,100,41040.0,5.6,16.2,chisinau,2026-06-01T04:35:54.426895
2026-06-01T17:00,19.4,56,10.4,18.6,0,0.0,0.0,0.0,0.0,0.0,3,1015.5,1004.9,97,40800.0,6.3,14.4,chisinau,2026-06-01T04:35:54.426895
2026-06-01T18:00,17.5,73,12.6,17.1,0,0.0,0.0,0.0,0.0,0.0,3,1016.0,1005.3,84,36200.0,8.2,18.7,chisinau,2026-06-01T04:35:54.426895
2026-06-01T19:00,16.2,81,12.9,16.1,0,0.0,0.0,0.0,0.0,0.0,3,1016.5,1005.8,89,31440.0,6.7,18.7,chisinau,2026-06-01T04:35:54.426895
2026-06-01T20:00,15.4,89,13.6,15.6,0,0.0,0.0,0.0,0.0,0.0,3,1016.9,1006.1,95,23120.0,6.3,16.2,chisinau,2026-06-01T04:35:54.426895
2026-06-01T21:00,14.8,92,13.5,15.1,0,0.0,0.0,0.0,0.0,0.0,3,1017.3,1006.5,100,18420.0,5.8,15.5,chisinau,2026-06-01T04:35:54.426895
2026-06-01T22:00,14.4,93,13.2,14.6,0,0.0,0.0,0.0,0.0,0.0,3,1017.5,1006.7,100,16120.0,5.6,14.8,chisinau,2026-06-01T04:35:54.426895
2026-06-01T23:00,14.0,94,13.1,14.2,0,0.0,0.0,0.0,0.0,0.0,3,1017.7,1006.9,100,15160.0,5.6,14.4,chisinau,2026-06-01T04:35:54.426895
2026-06-01T00:00,19.5,97,19.0,22.5,0,0.0,0.0,0.0,0.0,0.0,45,1016.1,998.8,38,3320.0,2.0,7.2,casablanca,2026-06-01T04:35:56.997597
2026-06-01T01:00,19.2,97,18.7,22.1,0,0.0,0.0,0.0,0.0,0.0,45,1016.1,998.8,41,2540.0,2.2,7.2,casablanca,2026-06-01T04:35:56.997597
2026-06-01T02:00,19.0,97,18.5,21.8,0,0.0,0.0,0.0,0.0,0.0,45,1015.8,998.5,36,5340.0,2.4,6.8,casablanca,2026-06-01T04:35:56.997597
2026-06-01T03:00,18.7,98,18.4,21.4,0,0.0,0.0,0.0,0.0,0.0,45,1015.7,998.4,36,6300.0,2.8,7.2,casablanca,2026-06-01T04:35:56.997597
2026-06-01T04:00,18.4,97,17.9,20.9,0,0.0,0.0,0.0,0.0,0.0,45,1015.4,998.1,33,7280.0,2.9,7.6,casablanca,2026-06-01T04:35:56.997597
2026-06-01T05:00,18.2,96,17.6,20.5,0,0.0,0.0,0.0,0.0,0.0,45,1015.7,998.4,22,9700.0,3.3,7.6,casablanca,2026-06-01T04:35:56.997597
2026-06-01T06:00,17.9,96,17.2,20.0,0,0.0,0.0,0.0,0.0,0.0,45,1016.2,998.8,38,2100.0,3.3,7.9,casablanca,2026-06-01T04:35:56.997597
2026-06-01T07:00,19.4,88,17.3,21.6,0,0.0,0.0,0.0,0.0,0.0,0,1017.0,999.7,0,18960.0,2.5,8.3,casablanca,2026-06-01T04:35:56.997597
2026-06-01T08:00,21.7,75,17.1,23.7,0,0.0,0.0,0.0,0.0,0.0,0,1017.3,1000.1,0,26100.0,3.4,13.0,casablanca,2026-06-01T04:35:56.997597
2026-06-01T09:00,23.9,64,16.7,25.6,0,0.0,0.0,0.0,0.0,0.0,0,1017.6,1000.6,0,37640.0,5.4,18.7,casablanca,2026-06-01T04:35:56.997597
2026-06-01T10:00,25.4,60,17.0,27.9,0,0.0,0.0,0.0,0.0,0.0,0,1017.9,1000.9,0,38640.0,7.8,25.6,casablanca,2026-06-01T04:35:56.997597
2026-06-01T11:00,26.3,53,16.0,29.0,0,0.0,0.0,0.0,0.0,0.0,0,1018.0,1001.1,0,40040.0,9.4,30.6,casablanca,2026-06-01T04:35:56.997597
2026-06-01T12:00,26.4,57,17.2,29.9,0,0.0,0.0,0.0,0.0,0.0,0,1017.8,1000.9,0,39240.0,10.7,34.9,casablanca,2026-06-01T04:35:56.997597
2026-06-01T13:00,26.1,60,17.7,29.8,0,0.0,0.0,0.0,0.0,0.0,0,1017.7,1000.8,5,37780.0,11.4,36.7,casablanca,2026-06-01T04:35:56.997597
2026-06-01T14:00,25.8,61,17.7,29.3,0,0.0,0.0,0.0,0.0,0.0,0,1017.1,1000.2,4,37620.0,11.5,37.1,casablanca,2026-06-01T04:35:56.997597
2026-06-01T15:00,25.3,62,17.5,28.2,0,0.0,0.0,0.0,0.0,0.0,0,1017.0,1000.1,2,37560.0,11.3,37.1,casablanca,2026-06-01T04:35:56.997597
2026-06-01T16:00,24.8,63,17.2,26.9,0,0.0,0.0,0.0,0.0,0.0,0,1016.8,999.8,1,37460.0,10.4,36.0,casablanca,2026-06-01T04:35:56.997597
2026-06-01T17:00,23.9,68,17.6,25.1,0,0.0,0.0,0.0,0.0,0.0,0,1017.0,1000.0,10,35320.0,10.1,33.1,casablanca,2026-06-01T04:35:56.997597
2026-06-01T18:00,22.6,76,18.1,24.1,0,0.0,0.0,0.0,0.0,0.0,1,1017.0,999.9,34,30400.0,9.9,31.7,casablanca,2026-06-01T04:35:56.997597
2026-06-01T19:00,21.2,83,18.2,23.0,0,0.0,0.0,0.0,0.0,0.0,2,1017.3,1000.1,51,24260.0,8.2,29.9,casablanca,2026-06-01T04:35:56.997597
2026-06-01T20:00,20.3,87,18.0,22.2,0,0.0,0.0,0.0,0.0,0.0,2,1017.9,1000.7,62,20460.0,7.1,24.8,casablanca,2026-06-01T04:35:56.997597
2026-06-01T21:00,19.9,87,17.6,21.9,0,0.0,0.0,0.0,0.0,0.0,2,1019.2,1001.9,65,20340.0,5.0,19.8,casablanca,2026-06-01T04:35:56.997597
2026-06-01T22:00,19.6,89,17.7,21.4,0,0.0,0.0,0.0,0.0,0.0,2,1019.8,1002.5,65,17960.0,6.3,18.0,casablanca,2026-06-01T04:35:56.997597
2026-06-01T23:00,19.3,90,17.6,21.3,0,0.0,0.0,0.0,0.0,0.0,2,1019.7,1002.4,69,18180.0,5.4,18.0,casablanca,2026-06-01T04:35:56.997597
2026-06-01T00:00,25.0,55,15.3,26.2,0,0.0,0.0,0.0,0.0,0.0,0,1016.1,963.2,2,40880.0,3.9,11.2,marrakesh,2026-06-01T04:37:14.941337
2026-06-01T01:00,23.9,59,15.4,25.1,0,0.0,0.0,0.0,0.0,0.0,0,1016.1,963.0,0,40180.0,4.3,9.7,marrakesh,2026-06-01T04:37:14.941337
2026-06-01T02:00,23.1,63,15.7,24.5,0,0.0,0.0,0.0,0.0,0.0,0,1015.5,962.3,0,39420.0,3.8,10.4,marrakesh,2026-06-01T04:37:14.941337
2026-06-01T03:00,22.4,67,15.9,23.9,0,0.0,0.0,0.0,0.0,0.0,0,1015.4,962.1,0,38520.0,3.4,9.4,marrakesh,2026-06-01T04:37:14.941337
2026-06-01T04:00,21.7,70,16.0,23.2,0,0.0,0.0,0.0,0.0,0.0,0,1015.1,961.7,0,37920.0,3.3,7.9,marrakesh,2026-06-01T04:37:14.941337
2026-06-01T05:00,21.0,73,15.9,22.6,0,0.0,0.0,0.0,0.0,0.0,0,1015.7,962.1,0,35160.0,3.1,6.8,marrakesh,2026-06-01T04:37:14.941337
2026-06-01T06:00,20.5,76,16.1,22.2,0,0.0,0.0,0.0,0.0,0.0,0,1016.3,962.6,0,30960.0,2.6,6.8,marrakesh,2026-06-01T04:37:14.941337
2026-06-01T07:00,21.9,71,16.4,23.8,0,0.0,0.0,0.0,0.0,0.0,0,1017.1,963.6,0,31180.0,2.3,7.2,marrakesh,2026-06-01T04:37:14.941337
2026-06-01T08:00,24.3,58,15.5,25.7,0,0.0,0.0,0.0,0.0,0.0,0,1017.3,964.2,0,39620.0,3.5,11.9,marrakesh,2026-06-01T04:37:14.941337
2026-06-01T09:00,27.1,48,15.1,28.2,0,0.0,0.0,0.0,0.0,0.0,0,1017.4,964.8,0,41000.0,4.1,14.4,marrakesh,2026-06-01T04:37:14.941337
2026-06-01T10:00,30.0,39,14.6,32.0,0,0.0,0.0,0.0,0.0,0.0,0,1017.1,965.0,0,42460.0,4.8,17.6,marrakesh,2026-06-01T04:37:14.941337
2026-06-01T11:00,32.8,29,12.4,34.6,0,0.0,0.0,0.0,0.0,0.0,0,1016.4,964.8,0,45960.0,7.2,23.0,marrakesh,2026-06-01T04:37:14.941337
2026-06-01T12:00,35.2,20,8.9,36.0,0,0.0,0.0,0.0,0.0,0.0,0,1015.2,964.0,0,51680.0,9.8,31.0,marrakesh,2026-06-01T04:37:14.941337
2026-06-01T13:00,36.9,15,6.0,37.2,0,0.0,0.0,0.0,0.0,0.0,0,1014.5,963.7,0,59080.0,10.0,32.4,marrakesh,2026-06-01T04:37:14.941337
2026-06-01T14:00,37.9,11,2.3,36.9,0,0.0,0.0,0.0,0.0,0.0,0,1013.5,962.9,0,64860.0,11.5,34.2,marrakesh,2026-06-01T04:37:14.941337
2026-06-01T15:00,38.2,10,1.2,36.4,0,0.0,0.0,0.0,0.0,0.0,1,1012.9,962.3,10,66060.0,12.2,35.3,marrakesh,2026-06-01T04:37:14.941337
2026-06-01T16:00,38.0,12,3.6,35.6,0,0.0,0.0,0.0,0.0,0.0,1,1012.6,962.0,34,64440.0,13.0,36.7,marrakesh,2026-06-01T04:37:14.941337
2026-06-01T17:00,37.2,15,6.2,34.2,0,0.0,0.0,0.0,0.0,0.0,3,1012.9,962.2,66,59740.0,13.9,36.7,marrakesh,2026-06-01T04:37:14.941337
2026-06-01T18:00,35.2,20,8.8,32.5,0,0.0,0.0,0.0,0.0,0.0,1,1013.4,962.3,34,53920.0,16.2,43.2,marrakesh,2026-06-01T04:37:14.941337
2026-06-01T19:00,32.7,24,9.5,30.4,0,0.0,0.0,0.0,0.0,0.0,1,1014.3,962.8,34,50640.0,14.8,42.5,marrakesh,2026-06-01T04:37:14.941337
2026-06-01T20:00,30.3,28,9.7,28.7,0,0.0,0.0,0.0,0.0,0.0,1,1015.5,963.5,42,48040.0,10.1,38.2,marrakesh,2026-06-01T04:37:14.941337
2026-06-01T21:00,28.5,34,11.1,28.1,0,0.0,0.0,0.0,0.0,0.0,1,1017.5,965.1,24,45420.0,4.9,27.0,marrakesh,2026-06-01T04:37:14.941337
2026-06-01T22:00,26.8,40,12.0,26.6,0,0.0,0.0,0.0,0.0,0.0,0,1018.5,965.8,0,43340.0,5.4,13.0,marrakesh,2026-06-01T04:37:14.941337
2026-06-01T23:00,25.3,45,12.5,25.3,0,0.0,0.0,0.0,0.0,0.0,0,1018.7,965.7,0,42220.0,5.4,13.3,marrakesh,2026-06-01T04:37:14.941337
2026-06-01T00:00,17.1,70,11.6,16.4,0,0.0,0.0,0.0,0.0,0.0,3,1016.1,1013.8,100,19620.0,7.9,14.4,amsterdam,2026-06-01T04:37:52.778961
2026-06-01T01:00,17.2,71,11.9,16.9,0,0.0,0.0,0.0,0.0,0.0,0,1016.1,1013.8,1,50000.0,6.5,10.4,amsterdam,2026-06-01T04:37:52.778961
2026-06-01T02:00,16.7,71,11.4,16.0,0,0.0,0.0,0.0,0.0,0.0,0,1015.9,1013.6,4,19020.0,7.9,15.5,amsterdam,2026-06-01T04:37:52.778961
2026-06-01T03:00,16.8,69,11.1,16.2,0,0.0,0.0,0.0,0.0,0.0,3,1015.8,1013.5,89,50000.0,6.5,12.2,amsterdam,2026-06-01T04:37:52.778961
2026-06-01T04:00,16.7,71,11.4,16.2,0,0.0,0.0,0.0,0.0,0.0,3,1015.9,1013.6,99,19280.0,6.1,14.0,amsterdam,2026-06-01T04:37:52.778961
2026-06-01T05:00,17.3,68,11.3,16.6,0,0.0,0.0,0.0,0.0,0.0,3,1016.0,1013.7,100,50000.0,7.6,14.8,amsterdam,2026-06-01T04:37:52.778961
2026-06-01T06:00,17.9,65,11.2,17.4,0,0.0,0.0,0.0,0.0,0.0,3,1016.0,1013.7,93,22420.0,6.5,15.1,amsterdam,2026-06-01T04:37:52.778961
2026-06-01T07:00,19.1,57,10.4,18.1,6,0.0,0.0,0.0,0.0,0.0,3,1016.4,1014.1,100,50000.0,7.6,16.9,amsterdam,2026-06-01T04:37:52.778961
2026-06-01T08:00,20.3,51,9.8,19.4,14,0.0,0.0,0.0,0.0,0.0,2,1016.3,1014.1,50,50000.0,5.8,17.3,amsterdam,2026-06-01T04:37:52.778961
2026-06-01T09:00,21.6,47,9.8,20.7,27,0.0,0.0,0.0,0.0,0.0,3,1015.9,1013.7,97,32480.0,8.3,21.6,amsterdam,2026-06-01T04:37:52.778961
2026-06-01T10:00,21.4,46,9.3,19.7,49,0.0,0.0,0.0,0.0,0.0,3,1015.6,1013.4,100,33000.0,10.1,22.0,amsterdam,2026-06-01T04:37:52.778961
2026-06-01T11:00,21.7,45,9.3,19.8,75,0.0,0.0,0.0,0.0,0.0,3,1015.4,1013.2,100,33720.0,11.9,24.8,amsterdam,2026-06-01T04:37:52.778961
2026-06-01T12:00,23.2,37,7.7,21.0,88,0.0,0.0,0.0,0.0,0.0,3,1015.3,1013.1,100,38580.0,10.4,25.9,amsterdam,2026-06-01T04:37:52.778961
2026-06-01T13:00,23.7,38,8.5,21.6,77,0.0,0.0,0.0,0.0,0.0,3,1015.0,1012.8,100,37880.0,13.3,29.5,amsterdam,2026-06-01T04:37:52.778961
2026-06-01T14:00,22.5,46,10.3,20.1,52,0.0,0.0,0.0,0.0,0.0,3,1014.8,1012.6,100,32680.0,16.6,34.2,amsterdam,2026-06-01T04:37:52.778961
2026-06-01T15:00,21.9,45,9.4,19.4,31,0.0,0.0,0.0,0.0,0.0,3,1014.6,1012.4,100,33640.0,15.8,34.9,amsterdam,2026-06-01T04:37:52.778961
2026-06-01T16:00,21.8,48,10.3,20.1,18,0.0,0.0,0.0,0.0,0.0,3,1013.9,1011.7,100,31440.0,12.2,32.4,amsterdam,2026-06-01T04:37:52.778961
2026-06-01T17:00,21.4,52,11.1,19.9,8,0.0,0.0,0.0,0.0,0.0,3,1013.4,1011.2,99,29460.0,12.6,27.0,amsterdam,2026-06-01T04:37:52.778961
2026-06-01T18:00,20.3,54,10.7,18.4,2,0.0,0.0,0.0,0.0,0.0,3,1012.9,1010.7,100,28500.0,14.8,29.2,amsterdam,2026-06-01T04:37:52.778961
2026-06-01T19:00,19.6,54,10.1,18.3,0,0.0,0.0,0.0,0.0,0.0,3,1012.6,1010.3,100,28220.0,9.0,28.1,amsterdam,2026-06-01T04:37:52.778961
2026-06-01T20:00,19.5,57,10.8,18.4,1,0.0,0.0,0.0,0.0,0.0,3,1012.5,1010.2,100,26720.0,9.4,17.6,amsterdam,2026-06-01T04:37:52.778961
2026-06-01T21:00,19.4,58,10.9,18.1,2,0.0,0.0,0.0,0.0,0.0,3,1012.2,1009.9,100,25780.0,10.4,19.4,amsterdam,2026-06-01T04:37:52.778961
2026-06-01T22:00,19.4,57,10.7,18.0,1,0.0,0.0,0.0,0.0,0.0,3,1011.9,1009.6,100,26800.0,11.2,22.3,amsterdam,2026-06-01T04:37:52.778961
2026-06-01T23:00,19.0,59,10.8,17.7,0,0.0,0.0,0.0,0.0,0.0,3,1011.2,1008.9,100,25700.0,10.4,20.9,amsterdam,2026-06-01T04:37:52.778961
2026-06-01T00:00,17.0,65,10.4,16.2,0,0.0,0.0,0.0,0.0,0.0,3,1016.3,1015.1,100,22060.0,6.1,13.3,utrecht,2026-06-01T04:37:55.374863
2026-06-01T01:00,16.9,69,11.2,16.5,0,0.0,0.0,0.0,0.0,0.0,3,1016.2,1015.0,100,50000.0,5.4,9.4,utrecht,2026-06-01T04:37:55.374863
2026-06-01T02:00,17.0,65,10.4,16.4,0,0.0,0.0,0.0,0.0,0.0,3,1016.1,1014.9,97,22220.0,4.7,10.1,utrecht,2026-06-01T04:37:55.374863
2026-06-01T03:00,16.9,70,11.3,16.5,0,0.0,0.0,0.0,0.0,0.0,3,1016.0,1014.8,84,50000.0,5.4,12.6,utrecht,2026-06-01T04:37:55.374863
2026-06-01T04:00,16.5,78,12.6,16.5,0,0.0,0.0,0.0,0.0,0.0,2,1016.1,1014.9,69,15100.0,5.0,10.8,utrecht,2026-06-01T04:37:55.374863
2026-06-01T05:00,16.9,77,12.8,17.3,0,0.0,0.0,0.0,0.0,0.0,3,1016.2,1015.0,100,50000.0,3.6,9.4,utrecht,2026-06-01T04:37:55.374863
2026-06-01T06:00,18.0,68,12.0,18.0,0,0.0,0.0,0.0,0.0,0.0,3,1016.4,1015.2,95,20580.0,4.0,10.4,utrecht,2026-06-01T04:37:55.374863
2026-06-01T07:00,19.4,59,11.1,19.0,0,0.0,0.0,0.0,0.0,0.0,0,1016.7,1015.5,13,50000.0,4.7,14.0,utrecht,2026-06-01T04:37:55.374863
2026-06-01T08:00,21.0,50,10.1,20.3,0,0.0,0.0,0.0,0.0,0.0,0,1016.7,1015.5,18,50000.0,5.0,16.6,utrecht,2026-06-01T04:37:55.374863
2026-06-01T09:00,22.4,45,9.8,21.6,6,0.0,0.0,0.0,0.0,0.0,1,1016.3,1015.1,27,33140.0,8.3,21.6,utrecht,2026-06-01T04:37:55.374863
2026-06-01T10:00,23.2,42,9.6,22.3,28,0.0,0.0,0.0,0.0,0.0,2,1016.2,1015.0,78,35060.0,10.4,25.6,utrecht,2026-06-01T04:37:55.374863
2026-06-01T11:00,22.6,46,10.4,20.9,57,0.0,0.0,0.0,0.0,0.0,3,1016.1,1014.9,100,32880.0,12.6,27.0,utrecht,2026-06-01T04:37:55.374863
2026-06-01T12:00,23.6,41,9.6,21.8,73,0.0,0.0,0.0,0.0,0.0,3,1015.9,1014.7,100,35560.0,11.9,27.4,utrecht,2026-06-01T04:37:55.374863
2026-06-01T13:00,24.2,39,9.4,22.7,65,0.0,0.0,0.0,0.0,0.0,3,1015.3,1014.1,100,36740.0,12.2,28.1,utrecht,2026-06-01T04:37:55.374863
2026-06-01T14:00,24.1,41,10.0,22.3,45,0.0,0.0,0.0,0.0,0.0,3,1015.0,1013.8,100,35520.0,12.6,29.5,utrecht,2026-06-01T04:37:55.374863
2026-06-01T15:00,23.9,44,10.9,22.2,27,0.0,0.0,0.0,0.0,0.0,3,1014.5,1013.3,100,33620.0,13.3,28.8,utrecht,2026-06-01T04:37:55.374863
2026-06-01T16:00,23.3,47,11.4,22.5,16,0.0,0.0,0.0,0.0,0.0,3,1013.8,1012.6,100,31700.0,8.6,28.1,utrecht,2026-06-01T04:37:55.374863
2026-06-01T17:00,23.2,49,11.9,23.0,6,0.0,0.0,0.0,0.0,0.0,3,1013.2,1012.0,100,30780.0,5.0,20.2,utrecht,2026-06-01T04:37:55.374863
2026-06-01T18:00,21.7,56,12.5,20.9,0,0.0,0.0,0.0,0.0,0.0,3,1012.8,1011.6,97,27060.0,11.2,22.3,utrecht,2026-06-01T04:37:55.374863
2026-06-01T19:00,20.7,59,12.4,20.2,0,0.0,0.0,0.0,0.0,0.0,3,1012.5,1011.3,100,25140.0,8.3,22.3,utrecht,2026-06-01T04:37:55.374863
2026-06-01T20:00,19.8,56,10.8,18.8,0,0.0,0.0,0.0,0.0,0.0,3,1012.4,1011.2,100,26660.0,8.3,17.3,utrecht,2026-06-01T04:37:55.374863
2026-06-01T21:00,19.8,56,10.8,18.9,0,0.0,0.0,0.0,0.0,0.0,3,1012.3,1011.1,100,26900.0,7.6,15.5,utrecht,2026-06-01T04:37:55.374863
2026-06-01T22:00,19.7,57,10.9,19.1,0,0.0,0.0,0.0,0.0,0.0,3,1012.1,1010.9,100,26480.0,6.1,14.8,utrecht,2026-06-01T04:37:55.374863
2026-06-01T23:00,19.5,58,11.0,19.0,0,0.0,0.0,0.0,0.0,0.0,3,1011.6,1010.4,100,25980.0,5.4,11.9,utrecht,2026-06-01T04:37:55.374863
2026-06-01T00:00,18.1,83,15.1,15.0,12,0.1,0.0,0.1,0.0,0.0,51,1016.3,1014.2,100,44380.0,33.7,76.3,auckland,2026-06-01T04:37:57.951724
2026-06-01T01:00,18.0,84,15.2,14.9,32,0.1,0.1,0.0,0.0,0.0,51,1015.4,1013.3,100,5020.0,33.3,82.1,auckland,2026-06-01T04:37:57.951724
2026-06-01T02:00,17.9,85,15.3,14.6,65,0.3,0.3,0.0,0.0,0.0,51,1014.4,1012.3,100,8100.0,35.0,70.2,auckland,2026-06-01T04:37:57.951724
2026-06-01T03:00,18.0,86,15.6,14.5,90,0.4,0.2,0.2,0.0,0.0,51,1013.5,1011.4,100,7420.0,37.0,75.2,auckland,2026-06-01T04:37:57.951724
2026-06-01T04:00,17.9,88,15.8,14.8,99,0.2,0.1,0.1,0.0,0.0,51,1012.8,1010.7,100,12420.0,35.1,73.8,auckland,2026-06-01T04:37:57.951724
2026-06-01T05:00,17.7,89,15.9,14.5,100,0.7,0.5,0.2,0.0,0.0,53,1012.9,1010.8,100,3520.0,36.1,70.9,auckland,2026-06-01T04:37:57.951724
2026-06-01T06:00,17.6,92,16.2,14.8,100,1.5,0.9,0.6,0.0,0.0,61,1012.8,1010.7,100,3440.0,34.1,71.6,auckland,2026-06-01T04:37:57.951724
2026-06-01T07:00,17.5,93,16.3,14.4,100,1.8,0.7,1.1,0.0,0.0,61,1012.5,1010.4,100,3700.0,36.5,68.8,auckland,2026-06-01T04:37:57.951724
2026-06-01T08:00,17.4,93,16.3,14.6,100,1.0,0.3,0.7,0.0,0.0,55,1012.4,1010.3,100,6980.0,34.0,71.6,auckland,2026-06-01T04:37:57.951724
2026-06-01T09:00,17.5,92,16.1,14.2,100,0.6,0.4,0.2,0.0,0.0,53,1012.4,1010.3,100,7300.0,37.3,74.2,auckland,2026-06-01T04:37:57.951724
2026-06-01T10:00,17.5,92,16.1,14.6,100,0.7,0.3,0.4,0.0,0.0,53,1011.5,1009.4,100,3540.0,34.0,71.3,auckland,2026-06-01T04:37:57.951724
2026-06-01T11:00,17.5,92,16.1,13.8,100,1.4,1.0,0.4,0.0,0.0,61,1010.9,1008.8,100,2400.0,39.5,73.1,auckland,2026-06-01T04:37:57.951724
2026-06-01T12:00,17.5,93,16.3,14.4,100,2.3,0.9,1.4,0.0,0.0,61,1010.1,1008.0,100,2120.0,35.9,78.5,auckland,2026-06-01T04:37:57.951724
2026-06-01T13:00,17.5,93,16.2,14.0,100,3.2,1.5,1.7,0.0,0.0,63,1009.1,1007.0,100,2860.0,38.2,81.4,auckland,2026-06-01T04:37:57.951724
2026-06-01T14:00,17.5,93,16.4,13.7,100,1.8,1.5,0.3,0.0,0.0,61,1007.4,1005.3,100,2780.0,40.6,76.7,auckland,2026-06-01T04:37:57.951724
2026-06-01T15:00,17.4,94,16.4,13.3,100,2.6,1.4,1.2,0.0,0.0,63,1006.0,1003.9,100,3100.0,43.2,82.1,auckland,2026-06-01T04:37:57.951724
2026-06-01T16:00,17.9,92,16.6,13.1,100,1.6,0.3,1.3,0.0,0.0,61,1005.1,1003.0,100,18080.0,48.2,92.2,auckland,2026-06-01T04:37:57.951724
2026-06-01T17:00,18.3,90,16.6,13.9,99,0.1,0.0,0.1,0.0,0.0,51,1004.7,1002.6,100,9620.0,46.3,93.6,auckland,2026-06-01T04:37:57.951724
2026-06-01T18:00,18.3,90,16.6,14.8,92,0.3,0.1,0.2,0.0,0.0,51,1005.2,1003.1,100,7500.0,40.1,91.1,auckland,2026-06-01T04:37:57.951724
2026-06-01T19:00,18.2,92,16.9,15.9,74,0.2,0.1,0.1,0.0,0.0,51,1005.9,1003.8,100,8640.0,32.2,79.6,auckland,2026-06-01T04:37:57.951724
2026-06-01T20:00,18.0,94,17.0,17.3,51,0.1,0.0,0.1,0.0,0.0,51,1006.2,1004.1,100,9540.0,21.6,63.4,auckland,2026-06-01T04:37:57.951724
2026-06-01T21:00,18.1,94,17.1,18.8,33,0.1,0.1,0.0,0.0,0.0,51,1006.5,1004.4,100,26560.0,12.6,41.4,auckland,2026-06-01T04:37:57.951724
2026-06-01T22:00,18.3,92,17.0,19.2,26,0.0,0.0,0.0,0.0,0.0,3,1006.9,1004.8,100,29680.0,10.6,25.9,auckland,2026-06-01T04:37:57.951724
2026-06-01T23:00,18.6,88,16.6,19.5,24,0.0,0.0,0.0,0.0,0.0,3,1007.3,1005.2,98,30240.0,10.1,24.1,auckland,2026-06-01T04:37:57.951724
2026-06-01T00:00,27.6,84,24.8,32.2,20,0.0,0.0,0.0,0.0,0.0,1,1012.1,1011.1,20,11860.0,14.0,27.0,lagos,2026-06-01T04:38:35.741262
2026-06-01T01:00,27.1,87,24.8,32.4,34,0.3,0.1,0.2,0.0,0.0,51,1011.6,1010.6,44,5640.0,9.5,26.3,lagos,2026-06-01T04:38:35.741262
2026-06-01T02:00,25.8,93,24.5,31.8,52,1.8,0.6,1.2,0.0,0.0,80,1011.3,1010.3,82,2480.0,2.3,16.9,lagos,2026-06-01T04:38:35.741262
2026-06-01T03:00,25.6,95,24.8,31.0,63,0.6,0.6,0.0,0.0,0.0,53,1011.0,1010.0,41,7240.0,8.1,13.0,lagos,2026-06-01T04:38:35.741262
2026-06-01T04:00,24.9,95,24.0,30.4,59,1.1,0.9,0.2,0.0,0.0,55,1010.7,1009.7,40,5640.0,3.8,15.5,lagos,2026-06-01T04:38:35.741262
2026-06-01T05:00,25.2,90,23.5,30.7,48,0.2,0.2,0.0,0.0,0.0,51,1010.8,1009.8,27,12560.0,2.1,7.6,lagos,2026-06-01T04:38:35.741262
2026-06-01T06:00,25.7,91,24.0,31.1,39,0.0,0.0,0.0,0.0,0.0,1,1011.2,1010.2,45,19580.0,5.3,8.3,lagos,2026-06-01T04:38:35.741262
2026-06-01T07:00,26.7,89,24.8,32.3,34,0.0,0.0,0.0,0.0,0.0,2,1011.9,1010.9,54,8260.0,6.8,15.8,lagos,2026-06-01T04:38:35.741262
2026-06-01T08:00,27.4,84,24.5,32.3,32,0.3,0.2,0.1,0.0,0.0,51,1012.7,1011.7,43,5860.0,9.9,22.0,lagos,2026-06-01T04:38:35.741262
2026-06-01T09:00,28.1,81,24.6,33.0,35,0.4,0.3,0.1,0.0,0.0,51,1012.9,1011.9,41,4760.0,11.1,25.9,lagos,2026-06-01T04:38:35.741262
2026-06-01T10:00,28.9,77,24.5,34.2,51,0.4,0.3,0.1,0.0,0.0,51,1013.1,1012.1,20,14000.0,10.3,26.6,lagos,2026-06-01T04:38:35.741262
2026-06-01T11:00,29.6,74,24.5,35.9,72,0.1,0.1,0.0,0.0,0.0,51,1012.8,1011.8,30,10740.0,10.8,26.6,lagos,2026-06-01T04:38:35.741262
2026-06-01T12:00,29.5,75,24.7,36.3,86,0.2,0.1,0.1,0.0,0.0,51,1012.1,1011.1,20,19080.0,10.4,28.8,lagos,2026-06-01T04:38:35.741262
2026-06-01T13:00,29.5,75,24.5,35.4,85,0.1,0.1,0.0,0.0,0.0,51,1011.3,1010.3,33,11260.0,12.9,30.6,lagos,2026-06-01T04:38:35.741262
2026-06-01T14:00,29.5,74,24.4,34.6,76,0.1,0.1,0.0,0.0,0.0,51,1010.1,1009.1,44,18800.0,14.7,33.8,lagos,2026-06-01T04:38:35.741262
2026-06-01T15:00,29.3,75,24.3,33.6,65,0.0,0.0,0.0,0.0,0.0,1,1008.8,1007.8,41,28900.0,15.0,34.6,lagos,2026-06-01T04:38:35.741262
2026-06-01T16:00,28.9,76,24.3,32.7,50,0.0,0.0,0.0,0.0,0.0,2,1008.5,1007.5,56,20260.0,16.4,36.0,lagos,2026-06-01T04:38:35.741262
2026-06-01T17:00,28.5,78,24.2,32.7,33,0.0,0.0,0.0,0.0,0.0,2,1009.0,1008.0,71,21760.0,14.5,36.0,lagos,2026-06-01T04:38:35.741262
2026-06-01T18:00,28.2,81,24.6,32.7,20,0.0,0.0,0.0,0.0,0.0,3,1009.9,1008.9,93,22320.0,13.6,30.6,lagos,2026-06-01T04:38:35.741262
2026-06-01T19:00,28.0,82,24.6,32.6,15,0.0,0.0,0.0,0.0,0.0,3,1010.8,1009.8,96,15940.0,13.2,26.3,lagos,2026-06-01T04:38:35.741262
2026-06-01T20:00,28.0,82,24.7,32.7,13,0.0,0.0,0.0,0.0,0.0,3,1011.7,1010.7,95,14000.0,12.5,25.6,lagos,2026-06-01T04:38:35.741262
2026-06-01T21:00,28.0,83,24.7,32.8,12,0.0,0.0,0.0,0.0,0.0,3,1012.6,1011.6,98,15420.0,11.5,23.4,lagos,2026-06-01T04:38:35.741262
2026-06-01T22:00,27.3,87,24.9,32.6,9,0.3,0.1,0.2,0.0,0.0,51,1013.2,1012.2,100,9480.0,9.1,21.6,lagos,2026-06-01T04:38:35.741262
2026-06-01T23:00,27.5,86,25.0,32.7,7,0.0,0.0,0.0,0.0,0.0,3,1013.2,1012.2,100,18380.0,9.6,18.0,lagos,2026-06-01T04:38:35.741262
2026-06-01T00:00,15.7,79,12.1,14.8,16,0.9,0.9,0.0,0.0,0.0,53,1010.2,1008.9,98,8020.0,10.4,18.7,oslo,2026-06-01T04:39:13.525314
2026-06-01T01:00,15.4,82,12.3,15.1,40,0.0,0.0,0.0,0.0,0.0,3,1010.1,1008.8,99,13960.0,6.8,18.7,oslo,2026-06-01T04:39:13.525314
2026-06-01T02:00,14.9,81,11.7,14.3,72,0.0,0.0,0.0,0.0,0.0,3,1010.0,1008.7,99,7680.0,7.9,14.4,oslo,2026-06-01T04:39:13.525314
2026-06-01T03:00,14.5,86,12.2,14.1,94,0.0,0.0,0.0,0.0,0.0,3,1010.2,1008.9,100,9260.0,7.2,16.6,oslo,2026-06-01T04:39:13.525314
2026-06-01T04:00,14.3,88,12.3,13.8,96,0.3,0.3,0.0,0.0,0.0,51,1010.0,1008.7,100,15420.0,8.6,15.8,oslo,2026-06-01T04:39:13.525314
2026-06-01T05:00,14.2,89,12.4,13.7,89,0.4,0.4,0.0,0.0,0.0,51,1010.1,1008.8,100,3000.0,9.0,16.6,oslo,2026-06-01T04:39:13.525314
2026-06-01T06:00,14.3,88,12.3,13.7,84,0.5,0.5,0.0,0.0,0.0,53,1010.0,1008.7,100,2560.0,8.6,16.9,oslo,2026-06-01T04:39:13.525314
2026-06-01T07:00,14.3,89,12.5,13.8,88,1.0,1.0,0.0,0.0,0.0,55,1010.0,1008.7,100,4060.0,8.3,15.8,oslo,2026-06-01T04:39:13.525314
2026-06-01T08:00,14.5,90,12.9,14.0,95,0.7,0.7,0.0,0.0,0.0,53,1009.8,1008.5,100,5900.0,9.7,17.3,oslo,2026-06-01T04:39:13.525314
2026-06-01T09:00,14.8,89,13.0,13.9,100,0.5,0.5,0.0,0.0,0.0,53,1009.8,1008.5,100,7220.0,12.2,21.2,oslo,2026-06-01T04:39:13.525314
2026-06-01T10:00,15.2,93,14.0,14.3,100,0.2,0.2,0.0,0.0,0.0,51,1009.7,1008.4,100,3100.0,15.1,25.9,oslo,2026-06-01T04:39:13.525314
2026-06-01T11:00,16.0,91,14.5,15.3,99,0.4,0.4,0.0,0.0,0.0,51,1009.7,1008.4,100,6460.0,15.1,25.9,oslo,2026-06-01T04:39:13.525314
2026-06-01T12:00,16.6,88,14.6,15.8,98,0.3,0.3,0.0,0.0,0.0,51,1009.6,1008.3,100,4400.0,15.8,27.0,oslo,2026-06-01T04:39:13.525314
2026-06-01T13:00,17.1,88,15.1,16.4,98,0.1,0.1,0.0,0.0,0.0,51,1009.6,1008.3,100,5760.0,16.2,27.7,oslo,2026-06-01T04:39:13.525314
2026-06-01T14:00,17.2,87,15.0,16.1,98,0.1,0.1,0.0,0.0,0.0,51,1009.7,1008.4,100,5080.0,18.4,31.3,oslo,2026-06-01T04:39:13.525314
2026-06-01T15:00,16.8,85,14.3,15.2,98,0.1,0.1,0.0,0.0,0.0,51,1009.7,1008.4,98,6900.0,20.9,35.6,oslo,2026-06-01T04:39:13.525314
2026-06-01T16:00,16.7,84,13.9,15.3,100,0.0,0.0,0.0,0.0,0.0,3,1009.5,1008.2,97,9560.0,18.0,35.3,oslo,2026-06-01T04:39:13.525314
2026-06-01T17:00,16.1,84,13.4,14.7,100,0.0,0.0,0.0,0.0,0.0,3,1009.2,1007.9,91,9900.0,16.6,31.3,oslo,2026-06-01T04:39:13.525314
2026-06-01T18:00,15.5,85,13.0,14.0,94,0.0,0.0,0.0,0.0,0.0,3,1009.2,1007.9,96,12900.0,16.9,31.0,oslo,2026-06-01T04:39:13.525314
2026-06-01T19:00,15.1,86,12.7,13.8,71,0.0,0.0,0.0,0.0,0.0,3,1009.4,1008.1,99,20840.0,14.8,28.4,oslo,2026-06-01T04:39:13.525314
2026-06-01T20:00,14.6,86,12.3,13.3,39,0.0,0.0,0.0,0.0,0.0,3,1009.5,1008.2,100,33760.0,13.7,25.2,oslo,2026-06-01T04:39:13.525314
2026-06-01T21:00,14.3,87,12.2,13.0,14,0.0,0.0,0.0,0.0,0.0,3,1009.6,1008.3,100,38520.0,13.3,23.4,oslo,2026-06-01T04:39:13.525314
2026-06-01T22:00,14.3,88,12.3,13.4,4,0.0,0.0,0.0,0.0,0.0,3,1009.8,1008.5,100,27380.0,11.2,23.0,oslo,2026-06-01T04:39:13.525314
2026-06-01T23:00,14.2,88,12.3,13.5,1,0.0,0.0,0.0,0.0,0.0,3,1009.7,1008.4,100,33120.0,9.4,19.1,oslo,2026-06-01T04:39:13.525314
2026-06-01T00:00,28.6,86,26.1,34.9,0,0.0,0.0,0.0,0.0,0.0,95,1005.3,1004.4,23,13860.0,8.8,20.5,karachi,2026-06-01T04:39:51.304904
2026-06-01T01:00,28.6,87,26.1,35.0,0,0.0,0.0,0.0,0.0,0.0,95,1005.8,1004.9,20,13900.0,7.9,18.0,karachi,2026-06-01T04:39:51.304904
2026-06-01T02:00,29.4,82,26.0,35.4,0,0.0,0.0,0.0,0.0,0.0,95,1006.5,1005.6,16,14280.0,9.2,22.3,karachi,2026-06-01T04:39:51.304904
2026-06-01T03:00,30.4,76,25.8,36.2,0,0.0,0.0,0.0,0.0,0.0,95,1006.8,1005.9,17,16900.0,9.8,25.6,karachi,2026-06-01T04:39:51.304904
2026-06-01T04:00,31.4,71,25.4,36.7,0,0.0,0.0,0.0,0.0,0.0,95,1007.0,1006.1,23,15840.0,11.2,30.2,karachi,2026-06-01T04:39:51.304904
2026-06-01T05:00,32.0,67,25.1,37.1,0,0.0,0.0,0.0,0.0,0.0,95,1007.2,1006.3,43,19640.0,13.4,36.0,karachi,2026-06-01T04:39:51.304904
2026-06-01T06:00,32.5,65,24.9,37.8,0,0.0,0.0,0.0,0.0,0.0,95,1007.3,1006.4,48,19640.0,13.9,37.8,karachi,2026-06-01T04:39:51.304904
2026-06-01T07:00,33.0,62,24.9,38.8,0,0.0,0.0,0.0,0.0,0.0,95,1007.3,1006.4,35,19640.0,13.9,37.8,karachi,2026-06-01T04:39:51.304904
2026-06-01T08:00,33.1,63,25.1,39.3,0,0.0,0.0,0.0,0.0,0.0,95,1006.5,1005.6,47,19640.0,15.0,41.0,karachi,2026-06-01T04:39:51.304904
2026-06-01T09:00,33.0,63,25.1,39.1,0,0.0,0.0,0.0,0.0,0.0,95,1005.9,1005.0,52,19640.0,15.7,42.5,karachi,2026-06-01T04:39:51.304904
2026-06-01T10:00,32.7,66,25.4,38.3,0,0.0,0.0,0.0,0.0,0.0,95,1005.2,1004.3,21,19640.0,15.7,42.8,karachi,2026-06-01T04:39:51.304904
2026-06-01T11:00,32.4,66,25.2,37.3,0,0.0,0.0,0.0,0.0,0.0,95,1004.9,1004.0,45,19640.0,15.5,42.1,karachi,2026-06-01T04:39:51.304904
2026-06-01T12:00,31.7,69,25.2,36.3,0,0.0,0.0,0.0,0.0,0.0,95,1004.8,1003.9,73,19640.0,15.8,41.4,karachi,2026-06-01T04:39:51.304904
2026-06-01T13:00,31.1,71,25.1,35.6,0,0.0,0.0,0.0,0.0,0.0,95,1004.5,1003.6,55,18160.0,15.9,41.0,karachi,2026-06-01T04:39:51.304904
2026-06-01T14:00,30.5,73,25.0,35.0,0,0.0,0.0,0.0,0.0,0.0,95,1004.6,1003.7,85,18160.0,15.6,40.0,karachi,2026-06-01T04:39:51.304904
2026-06-01T15:00,30.2,75,25.3,35.1,0,0.0,0.0,0.0,0.0,0.0,95,1005.0,1004.1,42,17320.0,13.8,37.4,karachi,2026-06-01T04:39:51.304904
2026-06-01T16:00,30.1,75,25.1,35.2,0,0.0,0.0,0.0,0.0,0.0,95,1005.9,1005.0,61,18160.0,12.1,33.5,karachi,2026-06-01T04:39:51.304904
2026-06-01T17:00,29.9,78,25.6,35.2,0,0.0,0.0,0.0,0.0,0.0,95,1005.9,1005.0,3,16820.0,12.7,30.6,karachi,2026-06-01T04:39:51.304904
2026-06-01T18:00,29.7,79,25.6,35.9,0,0.0,0.0,0.0,0.0,0.0,95,1007.1,1006.2,30,13500.0,6.7,30.2,karachi,2026-06-01T04:39:51.304904
2026-06-01T19:00,29.5,80,25.6,35.2,0,0.0,0.0,0.0,0.0,0.0,95,1006.3,1005.4,2,17000.0,10.0,23.4,karachi,2026-06-01T04:39:51.304904
2026-06-01T20:00,29.3,81,25.8,34.7,0,0.0,0.0,0.0,0.0,0.0,95,1005.2,1004.3,20,14220.0,12.5,29.2,karachi,2026-06-01T04:39:51.304904
2026-06-01T21:00,29.2,81,25.8,35.0,0,0.0,0.0,0.0,0.0,0.0,95,1004.9,1004.0,27,14020.0,10.3,28.8,karachi,2026-06-01T04:39:51.304904
2026-06-01T22:00,29.0,83,25.8,34.7,0,0.0,0.0,0.0,0.0,0.0,95,1004.4,1003.5,45,13860.0,10.8,23.4,karachi,2026-06-01T04:39:51.304904
2026-06-01T23:00,29.0,83,25.8,34.6,0,0.0,0.0,0.0,0.0,0.0,95,1004.3,1003.4,42,14040.0,10.8,23.0,karachi,2026-06-01T04:39:51.304904
2026-06-01T00:00,27.7,86,25.1,32.3,16,0.0,0.0,0.0,0.0,0.0,3,1009.1,1007.3,99,33100.0,14.5,31.7,panama_city,2026-06-01T04:39:53.874299
2026-06-01T01:00,27.3,88,25.1,32.2,10,0.0,0.0,0.0,0.0,0.0,3,1010.0,1008.2,100,35780.0,13.4,28.4,panama_city,2026-06-01T04:39:53.874299
2026-06-01T02:00,27.2,89,25.2,32.0,9,0.0,0.0,0.0,0.0,0.0,3,1010.6,1008.8,98,28280.0,13.7,26.6,panama_city,2026-06-01T04:39:53.874299
2026-06-01T03:00,26.9,91,25.3,32.0,8,0.0,0.0,0.0,0.0,0.0,3,1010.9,1009.1,97,30220.0,12.4,26.3,panama_city,2026-06-01T04:39:53.874299
2026-06-01T04:00,26.7,93,25.4,32.1,7,0.0,0.0,0.0,0.0,0.0,3,1011.4,1009.6,98,28100.0,10.9,23.4,panama_city,2026-06-01T04:39:53.874299
2026-06-01T05:00,26.5,94,25.4,31.8,6,0.0,0.0,0.0,0.0,0.0,3,1011.1,1009.3,98,20280.0,12.2,22.7,panama_city,2026-06-01T04:39:53.874299
2026-06-01T06:00,26.4,94,25.4,31.6,8,0.0,0.0,0.0,0.0,0.0,3,1010.4,1008.6,95,26380.0,12.1,23.8,panama_city,2026-06-01T04:39:53.874299
2026-06-01T07:00,26.1,95,25.2,31.2,15,0.0,0.0,0.0,0.0,0.0,3,1009.8,1008.0,95,26980.0,12.0,23.4,panama_city,2026-06-01T04:39:53.874299
2026-06-01T08:00,26.1,94,25.1,31.1,24,0.0,0.0,0.0,0.0,0.0,3,1009.3,1007.5,95,29040.0,12.6,24.5,panama_city,2026-06-01T04:39:53.874299
2026-06-01T09:00,26.1,94,25.0,31.0,31,0.0,0.0,0.0,0.0,0.0,1,1009.3,1007.5,42,28880.0,12.5,24.5,panama_city,2026-06-01T04:39:53.874299
2026-06-01T10:00,26.0,93,24.8,31.0,32,0.0,0.0,0.0,0.0,0.0,0,1009.1,1007.3,15,29260.0,11.6,24.5,panama_city,2026-06-01T04:39:53.874299
2026-06-01T11:00,25.8,94,24.8,30.7,30,0.0,0.0,0.0,0.0,0.0,2,1009.6,1007.8,74,23380.0,11.6,22.0,panama_city,2026-06-01T04:39:53.874299
2026-06-01T12:00,26.9,88,24.7,31.7,29,0.0,0.0,0.0,0.0,0.0,1,1009.8,1008.0,30,25120.0,11.8,24.5,panama_city,2026-06-01T04:39:53.874299
2026-06-01T13:00,28.3,81,24.7,33.5,29,0.0,0.0,0.0,0.0,0.0,1,1010.0,1008.2,35,29940.0,9.1,25.9,panama_city,2026-06-01T04:39:53.874299
2026-06-01T14:00,29.7,75,24.7,35.0,30,0.0,0.0,0.0,0.0,0.0,3,1010.6,1008.8,96,44560.0,8.8,24.8,panama_city,2026-06-01T04:39:53.874299
2026-06-01T15:00,29.6,78,25.3,35.9,37,0.5,0.3,0.2,0.0,0.0,53,1010.6,1008.8,55,4380.0,4.5,25.6,panama_city,2026-06-01T04:39:53.874299
2026-06-01T16:00,30.4,75,25.5,37.7,56,0.3,0.1,0.2,0.0,0.0,95,1010.2,1008.4,70,44560.0,4.0,18.7,panama_city,2026-06-01T04:39:53.874299
2026-06-01T17:00,31.4,73,25.9,39.8,81,0.1,0.0,0.1,0.0,0.0,95,1009.7,1007.9,100,5900.0,3.0,24.8,panama_city,2026-06-01T04:39:53.874299
2026-06-01T18:00,29.3,83,26.2,36.4,98,0.8,0.3,0.5,0.0,0.0,95,1009.5,1007.7,95,5420.0,4.3,18.0,panama_city,2026-06-01T04:39:53.874299
2026-06-01T19:00,30.4,72,24.9,35.7,100,0.3,0.3,0.0,0.0,0.0,51,1008.3,1006.5,95,10040.0,13.2,30.2,panama_city,2026-06-01T04:39:53.874299
2026-06-01T20:00,30.1,76,25.3,34.4,95,0.1,0.1,0.0,0.0,0.0,95,1007.5,1005.7,98,10640.0,18.1,39.6,panama_city,2026-06-01T04:39:53.874299
2026-06-01T21:00,29.2,79,25.2,33.3,86,0.1,0.1,0.0,0.0,0.0,51,1006.9,1005.1,91,13320.0,19.5,41.8,panama_city,2026-06-01T04:39:53.874299
2026-06-01T22:00,28.9,80,25.1,32.8,73,0.0,0.0,0.0,0.0,0.0,2,1006.9,1005.1,75,15680.0,19.2,42.1,panama_city,2026-06-01T04:39:53.874299
2026-06-01T23:00,28.0,84,25.0,31.7,57,0.0,0.0,0.0,0.0,0.0,2,1007.1,1005.3,78,17200.0,20.4,42.5,panama_city,2026-06-01T04:39:53.874299
2026-06-01T00:00,18.7,86,16.3,19.8,16,0.0,0.0,0.0,0.0,0.0,1,1019.7,1006.3,37,33200.0,7.5,14.8,asuncion,2026-06-01T04:41:11.938935
2026-06-01T01:00,17.9,88,15.9,18.9,10,0.0,0.0,0.0,0.0,0.0,0,1019.8,1006.4,7,33200.0,6.8,15.1,asuncion,2026-06-01T04:41:11.938935
2026-06-01T02:00,17.1,90,15.4,18.2,4,0.0,0.0,0.0,0.0,0.0,0,1019.8,1006.3,2,33200.0,5.2,13.0,asuncion,2026-06-01T04:41:11.938935
2026-06-01T03:00,16.8,91,15.2,17.5,0,0.0,0.0,0.0,0.0,0.0,0,1019.8,1006.3,4,33200.0,7.1,13.7,asuncion,2026-06-01T04:41:11.938935
2026-06-01T04:00,16.5,91,14.9,17.1,0,0.0,0.0,0.0,0.0,0.0,0,1019.7,1006.2,2,33220.0,7.0,13.7,asuncion,2026-06-01T04:41:11.938935
2026-06-01T05:00,16.2,91,14.7,16.9,0,0.0,0.0,0.0,0.0,0.0,0,1019.6,1006.1,7,33220.0,5.9,13.0,asuncion,2026-06-01T04:41:11.938935
2026-06-01T06:00,15.8,92,14.4,16.6,0,0.0,0.0,0.0,0.0,0.0,0,1019.2,1005.7,15,33220.0,4.8,11.2,asuncion,2026-06-01T04:41:11.938935
2026-06-01T07:00,15.6,93,14.4,16.2,0,0.0,0.0,0.0,0.0,0.0,2,1018.9,1005.4,52,28640.0,5.5,10.4,asuncion,2026-06-01T04:41:11.938935
2026-06-01T08:00,15.4,94,14.4,15.9,0,0.0,0.0,0.0,0.0,0.0,3,1018.9,1005.4,98,28640.0,5.9,11.2,asuncion,2026-06-01T04:41:11.938935
2026-06-01T09:00,15.6,94,14.6,16.1,0,0.0,0.0,0.0,0.0,0.0,3,1019.2,1005.7,100,28640.0,6.7,13.7,asuncion,2026-06-01T04:41:11.938935
2026-06-01T10:00,15.8,93,14.6,16.3,0,0.0,0.0,0.0,0.0,0.0,3,1019.5,1006.0,100,28640.0,6.3,13.3,asuncion,2026-06-01T04:41:11.938935
2026-06-01T11:00,16.0,91,14.6,16.4,0,0.0,0.0,0.0,0.0,0.0,3,1020.4,1006.9,100,28640.0,7.2,14.4,asuncion,2026-06-01T04:41:11.938935
2026-06-01T12:00,17.0,88,14.9,17.6,0,0.0,0.0,0.0,0.0,0.0,3,1021.1,1007.6,84,33220.0,6.7,15.5,asuncion,2026-06-01T04:41:11.938935
2026-06-01T13:00,18.6,81,15.4,19.4,0,0.0,0.0,0.0,0.0,0.0,0,1021.5,1008.1,5,37160.0,7.0,18.0,asuncion,2026-06-01T04:41:11.938935
2026-06-01T14:00,20.5,73,15.5,21.5,0,0.0,0.0,0.0,0.0,0.0,0,1021.7,1008.4,9,40940.0,6.1,18.7,asuncion,2026-06-01T04:41:11.938935
2026-06-01T15:00,21.8,66,15.2,22.8,0,0.0,0.0,0.0,0.0,0.0,0,1021.3,1008.0,16,44400.0,5.7,17.6,asuncion,2026-06-01T04:41:11.938935
2026-06-01T16:00,22.5,63,15.2,23.8,0,0.0,0.0,0.0,0.0,0.0,0,1020.3,1007.1,9,44400.0,6.4,18.7,asuncion,2026-06-01T04:41:11.938935
2026-06-01T17:00,23.2,61,15.2,24.4,0,0.0,0.0,0.0,0.0,0.0,0,1019.4,1006.2,6,47640.0,7.3,20.5,asuncion,2026-06-01T04:41:11.938935
2026-06-01T18:00,23.5,60,15.2,24.1,0,0.0,0.0,0.0,0.0,0.0,0,1018.6,1005.4,4,47640.0,7.7,20.5,asuncion,2026-06-01T04:41:11.938935
2026-06-01T19:00,23.3,60,15.1,23.7,0,0.0,0.0,0.0,0.0,0.0,0,1018.3,1005.1,16,47640.0,8.7,20.9,asuncion,2026-06-01T04:41:11.938935
2026-06-01T20:00,22.6,65,15.6,23.4,0,0.0,0.0,0.0,0.0,0.0,0,1018.3,1005.1,14,44400.0,7.8,20.9,asuncion,2026-06-01T04:41:11.938935
2026-06-01T21:00,21.0,74,16.1,22.3,0,0.0,0.0,0.0,0.0,0.0,1,1018.2,1004.9,45,44400.0,5.5,16.2,asuncion,2026-06-01T04:41:11.938935
2026-06-01T22:00,19.6,80,16.2,20.9,0,0.0,0.0,0.0,0.0,0.0,1,1018.5,1005.2,24,40960.0,5.9,11.2,asuncion,2026-06-01T04:41:11.938935
2026-06-01T23:00,18.8,85,16.1,19.9,0,0.0,0.0,0.0,0.0,0.0,1,1018.9,1005.5,23,37180.0,6.4,11.9,asuncion,2026-06-01T04:41:11.938935
2026-06-01T00:00,21.2,84,18.4,22.4,0,0.0,0.0,0.0,0.0,0.0,0,1011.5,994.9,9,11720.0,13.1,36.4,lima,2026-06-01T04:41:14.547959
2026-06-01T01:00,21.0,85,18.4,22.3,0,0.0,0.0,0.0,0.0,0.0,1,1012.0,995.4,20,11900.0,12.4,32.0,lima,2026-06-01T04:41:14.547959
2026-06-01T02:00,20.6,87,18.4,21.8,0,0.0,0.0,0.0,0.0,0.0,1,1012.4,995.7,38,9540.0,13.2,31.3,lima,2026-06-01T04:41:14.547959
2026-06-01T03:00,20.2,87,18.0,21.1,0,0.0,0.0,0.0,0.0,0.0,2,1012.6,995.9,54,10800.0,14.1,33.1,lima,2026-06-01T04:41:14.547959
2026-06-01T04:00,20.0,87,17.6,20.6,0,0.0,0.0,0.0,0.0,0.0,2,1012.5,995.8,53,20980.0,14.4,34.2,lima,2026-06-01T04:41:14.547959
2026-06-01T05:00,19.7,87,17.5,20.6,0,0.0,0.0,0.0,0.0,0.0,2,1012.1,995.4,78,2700.0,12.6,34.2,lima,2026-06-01T04:41:14.547959
2026-06-01T06:00,19.2,90,17.5,20.5,0,0.0,0.0,0.0,0.0,0.0,2,1011.7,995.0,70,920.0,9.8,29.9,lima,2026-06-01T04:41:14.547959
2026-06-01T07:00,18.9,92,17.5,20.3,0,0.0,0.0,0.0,0.0,0.0,3,1011.2,994.5,91,260.0,8.9,23.8,lima,2026-06-01T04:41:14.547959
2026-06-01T08:00,18.7,93,17.5,20.2,0,0.0,0.0,0.0,0.0,0.0,3,1010.8,994.0,95,160.0,8.3,20.2,lima,2026-06-01T04:41:14.547959
2026-06-01T09:00,18.5,93,17.4,20.0,0,0.0,0.0,0.0,0.0,0.0,3,1010.9,994.1,99,120.0,8.0,19.1,lima,2026-06-01T04:41:14.547959
2026-06-01T10:00,18.5,92,17.1,19.9,0,0.0,0.0,0.0,0.0,0.0,3,1011.1,994.3,96,120.0,7.7,18.0,lima,2026-06-01T04:41:14.547959
2026-06-01T11:00,18.6,90,17.0,19.9,0,0.0,0.0,0.0,0.0,0.0,3,1011.7,994.9,91,120.0,8.2,18.4,lima,2026-06-01T04:41:14.547959
2026-06-01T12:00,18.6,89,16.8,19.7,0,0.0,0.0,0.0,0.0,0.0,3,1012.2,995.4,84,100.0,9.0,20.9,lima,2026-06-01T04:41:14.547959
2026-06-01T13:00,19.4,85,16.7,20.4,0,0.0,0.0,0.0,0.0,0.0,2,1012.9,996.1,66,180.0,9.2,22.7,lima,2026-06-01T04:41:14.547959
2026-06-01T14:00,21.0,75,16.3,21.9,0,0.0,0.0,0.0,0.0,0.0,0,1013.3,996.6,19,29040.0,8.6,23.8,lima,2026-06-01T04:41:14.547959
2026-06-01T15:00,22.4,67,15.9,22.9,0,0.0,0.0,0.0,0.0,0.0,0,1013.4,996.8,14,33740.0,9.9,28.4,lima,2026-06-01T04:41:14.547959
2026-06-01T16:00,23.3,65,16.2,24.5,0,0.0,0.0,0.0,0.0,0.0,0,1013.0,996.5,12,6920.0,11.9,34.2,lima,2026-06-01T04:41:14.547959
2026-06-01T17:00,23.4,65,16.4,24.8,0,0.0,0.0,0.0,0.0,0.0,0,1012.5,996.0,5,25520.0,14.0,39.2,lima,2026-06-01T04:41:14.547959
2026-06-01T18:00,23.1,67,16.6,24.4,0,0.0,0.0,0.0,0.0,0.0,0,1011.8,995.3,15,7700.0,15.7,42.8,lima,2026-06-01T04:41:14.547959
2026-06-01T19:00,23.1,68,16.9,24.3,0,0.0,0.0,0.0,0.0,0.0,1,1011.0,994.5,31,17880.0,14.7,42.8,lima,2026-06-01T04:41:14.547959
2026-06-01T20:00,22.6,70,17.0,23.0,0,0.0,0.0,0.0,0.0,0.0,1,1010.4,993.9,42,16540.0,15.7,41.4,lima,2026-06-01T04:41:14.547959
2026-06-01T21:00,22.1,72,17.0,22.6,0,0.0,0.0,0.0,0.0,0.0,1,1010.0,993.5,32,16160.0,13.8,41.4,lima,2026-06-01T04:41:14.547959
2026-06-01T22:00,21.5,75,16.9,22.1,0,0.0,0.0,0.0,0.0,0.0,1,1010.0,993.4,30,15360.0,12.3,36.7,lima,2026-06-01T04:41:14.547959
2026-06-01T23:00,20.8,79,17.0,21.5,0,0.0,0.0,0.0,0.0,0.0,1,1010.3,993.7,20,18980.0,11.5,32.4,lima,2026-06-01T04:41:14.547959
2026-06-01T00:00,27.6,81,24.0,32.1,86,0.9,0.3,0.6,0.0,0.0,53,1009.8,1009.7,98,4860.0,11.4,30.2,manila,2026-06-01T04:41:17.118329
2026-06-01T01:00,28.3,80,24.6,32.6,90,0.6,0.3,0.3,0.0,0.0,53,1010.4,1010.3,100,4020.0,14.7,36.7,manila,2026-06-01T04:41:17.118329
2026-06-01T02:00,28.0,80,24.2,31.9,96,1.3,0.3,1.0,0.0,0.0,80,1010.7,1010.6,100,4400.0,18.2,50.0,manila,2026-06-01T04:41:17.118329
2026-06-01T03:00,29.0,77,24.6,33.6,100,0.2,0.1,0.1,0.0,0.0,51,1010.3,1010.2,95,8180.0,15.3,43.6,manila,2026-06-01T04:41:17.118329
2026-06-01T04:00,28.3,78,24.0,32.3,100,1.1,0.2,0.9,0.0,0.0,55,1010.2,1010.1,98,2560.0,21.1,50.4,manila,2026-06-01T04:41:17.118329
2026-06-01T05:00,28.8,77,24.4,32.8,100,0.8,0.4,0.4,0.0,0.0,53,1009.5,1009.4,99,10980.0,16.1,50.8,manila,2026-06-01T04:41:17.118329
2026-06-01T06:00,28.9,76,24.3,33.2,100,0.3,0.1,0.2,0.0,0.0,51,1008.9,1008.8,99,5580.0,13.0,40.3,manila,2026-06-01T04:41:17.118329
2026-06-01T07:00,29.0,75,24.2,33.3,99,0.5,0.4,0.1,0.0,0.0,53,1008.1,1008.0,100,7640.0,13.8,35.6,manila,2026-06-01T04:41:17.118329
2026-06-01T08:00,26.7,87,24.3,30.0,99,4.3,0.0,4.3,0.0,0.0,81,1008.9,1008.8,100,2440.0,20.6,45.4,manila,2026-06-01T04:41:17.118329
2026-06-01T09:00,27.4,84,24.4,32.4,98,1.0,1.0,0.0,0.0,0.0,55,1008.8,1008.7,100,6560.0,9.2,42.8,manila,2026-06-01T04:41:17.118329
2026-06-01T10:00,27.5,84,24.6,32.5,97,0.2,0.2,0.0,0.0,0.0,51,1008.8,1008.7,99,11860.0,9.6,23.0,manila,2026-06-01T04:41:17.118329
2026-06-01T11:00,27.4,85,24.6,32.6,97,0.1,0.1,0.0,0.0,0.0,51,1008.9,1008.8,100,10380.0,9.0,20.2,manila,2026-06-01T04:41:17.118329
2026-06-01T12:00,26.2,89,24.3,30.3,96,3.5,0.1,3.4,0.0,0.0,81,1010.5,1010.4,100,2240.0,14.7,28.4,manila,2026-06-01T04:41:17.118329
2026-06-01T13:00,26.6,91,25.1,32.2,94,2.2,0.9,1.3,0.0,0.0,80,1010.8,1010.7,100,3820.0,8.5,28.8,manila,2026-06-01T04:41:17.118329
2026-06-01T14:00,26.1,89,24.1,30.8,91,1.4,0.5,0.9,0.0,0.0,80,1011.5,1011.4,100,2680.0,10.6,21.2,manila,2026-06-01T04:41:17.118329
2026-06-01T15:00,26.2,93,25.0,32.1,90,1.9,0.7,1.2,0.0,0.0,80,1011.2,1011.1,98,4180.0,6.2,21.2,manila,2026-06-01T04:41:17.118329
2026-06-01T16:00,25.5,94,24.5,30.2,91,1.9,0.5,1.4,0.0,0.0,80,1010.9,1010.8,100,2600.0,11.6,23.4,manila,2026-06-01T04:41:17.118329
2026-06-01T17:00,25.4,95,24.5,30.6,93,2.3,0.7,1.6,0.0,0.0,80,1010.0,1009.9,99,3220.0,8.2,23.8,manila,2026-06-01T04:41:17.118329
2026-06-01T18:00,25.0,95,24.1,29.7,94,3.3,0.5,2.8,0.0,0.0,81,1009.7,1009.6,100,2440.0,9.7,21.2,manila,2026-06-01T04:41:17.118329
2026-06-01T19:00,25.0,96,24.2,30.2,94,1.9,1.2,0.7,0.0,0.0,61,1009.3,1009.2,100,2420.0,7.5,20.9,manila,2026-06-01T04:41:17.118329
2026-06-01T20:00,24.7,96,24.0,29.5,94,3.0,0.9,2.1,0.0,0.0,81,1009.1,1009.0,100,2420.0,8.9,23.4,manila,2026-06-01T04:41:17.118329
2026-06-01T21:00,24.9,96,24.2,30.5,92,1.8,1.1,0.7,0.0,0.0,61,1008.4,1008.3,98,3900.0,4.5,16.9,manila,2026-06-01T04:41:17.118329
2026-06-01T22:00,25.2,96,24.5,30.8,85,0.4,0.1,0.3,0.0,0.0,51,1008.6,1008.5,100,10140.0,5.5,11.2,manila,2026-06-01T04:41:17.118329
2026-06-01T23:00,25.8,92,24.4,31.0,76,0.1,0.1,0.0,0.0,0.0,51,1009.4,1009.3,100,6860.0,7.2,16.6,manila,2026-06-01T04:41:17.118329
2026-06-01T00:00,16.2,78,12.4,16.3,0,0.0,0.0,0.0,0.0,0.0,3,1011.0,997.6,100,12220.0,4.7,8.3,warsaw,2026-06-01T04:41:54.894620
2026-06-01T01:00,15.4,86,13.1,15.2,0,0.0,0.0,0.0,0.0,0.0,3,1011.3,997.9,100,8740.0,7.9,14.8,warsaw,2026-06-01T04:41:54.894620
2026-06-01T02:00,15.4,85,12.9,15.2,0,0.0,0.0,0.0,0.0,0.0,3,1011.0,997.6,100,50000.0,7.6,14.8,warsaw,2026-06-01T04:41:54.894620
2026-06-01T03:00,15.5,85,13.0,15.7,0,0.0,0.0,0.0,0.0,0.0,3,1011.0,997.6,100,50000.0,5.0,13.7,warsaw,2026-06-01T04:41:54.894620
2026-06-01T04:00,15.7,84,13.0,16.2,0,0.0,0.0,0.0,0.0,0.0,3,1011.3,997.9,100,50000.0,2.9,9.7,warsaw,2026-06-01T04:41:54.894620
2026-06-01T05:00,16.4,79,12.8,16.6,0,0.0,0.0,0.0,0.0,0.0,3,1011.2,997.8,98,11660.0,4.7,10.8,warsaw,2026-06-01T04:41:54.894620
2026-06-01T06:00,17.0,74,12.4,16.9,2,0.0,0.0,0.0,0.0,0.0,3,1011.5,998.1,100,14020.0,6.1,13.0,warsaw,2026-06-01T04:41:54.894620
2026-06-01T07:00,18.5,68,12.5,18.5,7,0.0,0.0,0.0,0.0,0.0,2,1011.8,998.5,60,16260.0,5.4,15.5,warsaw,2026-06-01T04:41:54.894620
2026-06-01T08:00,19.7,61,11.9,19.0,15,0.0,0.0,0.0,0.0,0.0,2,1012.2,999.0,70,19140.0,9.4,22.3,warsaw,2026-06-01T04:41:54.894620
2026-06-01T09:00,21.0,52,10.7,21.2,24,0.0,0.0,0.0,0.0,0.0,1,1011.9,998.7,33,23120.0,7.9,24.5,warsaw,2026-06-01T04:41:54.894620
2026-06-01T10:00,21.4,50,10.5,21.0,34,0.0,0.0,0.0,0.0,0.0,3,1011.7,998.5,100,24380.0,4.0,21.2,warsaw,2026-06-01T04:41:54.894620
2026-06-01T11:00,19.3,61,11.6,18.6,45,0.0,0.0,0.0,0.0,0.0,3,1012.2,998.9,100,19240.0,7.6,24.5,warsaw,2026-06-01T04:41:54.894620
2026-06-01T12:00,17.8,80,14.3,17.8,57,0.4,0.4,0.0,0.0,0.0,51,1012.7,999.4,100,11020.0,9.7,20.2,warsaw,2026-06-01T04:41:54.894620
2026-06-01T13:00,19.7,65,13.0,20.0,70,0.3,0.3,0.0,0.0,0.0,51,1012.3,999.1,37,17460.0,4.7,19.8,warsaw,2026-06-01T04:41:54.894620
2026-06-01T14:00,19.4,65,12.7,18.2,83,0.0,0.0,0.0,0.0,0.0,3,1012.6,999.3,100,17640.0,14.4,28.1,warsaw,2026-06-01T04:41:54.894620
2026-06-01T15:00,17.6,80,14.1,17.1,92,0.0,0.0,0.0,0.0,0.0,3,1012.4,999.1,100,29720.0,12.2,29.2,warsaw,2026-06-01T04:41:54.894620
2026-06-01T16:00,18.0,74,13.3,18.1,97,0.1,0.1,0.0,0.0,0.0,51,1012.5,999.2,100,13860.0,6.5,23.8,warsaw,2026-06-01T04:41:54.894620
2026-06-01T17:00,17.6,77,13.5,17.3,98,0.1,0.1,0.0,0.0,0.0,51,1012.4,999.1,100,12840.0,9.7,17.6,warsaw,2026-06-01T04:41:54.894620
2026-06-01T18:00,17.5,71,12.2,17.4,92,0.0,0.0,0.0,0.0,0.0,3,1012.6,999.3,100,15080.0,5.0,18.0,warsaw,2026-06-01T04:41:54.894620
2026-06-01T19:00,17.0,76,12.8,17.4,73,0.0,0.0,0.0,0.0,0.0,0,1012.8,999.4,0,13080.0,3.2,9.0,warsaw,2026-06-01T04:41:54.894620
2026-06-01T20:00,16.3,82,13.2,16.7,47,0.0,0.0,0.0,0.0,0.0,0,1013.1,999.7,15,10720.0,4.0,7.2,warsaw,2026-06-01T04:41:54.894620
2026-06-01T21:00,15.9,84,13.2,16.0,27,0.0,0.0,0.0,0.0,0.0,0,1013.5,1000.1,2,9560.0,6.1,8.3,warsaw,2026-06-01T04:41:54.894620
2026-06-01T22:00,15.3,88,13.3,15.5,20,0.0,0.0,0.0,0.0,0.0,0,1013.6,1000.1,0,7840.0,5.8,11.2,warsaw,2026-06-01T04:41:54.894620
2026-06-01T23:00,15.1,89,13.3,15.2,19,0.0,0.0,0.0,0.0,0.0,0,1013.6,1000.1,0,7540.0,6.5,9.4,warsaw,2026-06-01T04:41:54.894620
2026-06-01T00:00,17.1,95,16.3,17.8,0,0.0,0.0,0.0,0.0,0.0,2,1019.6,1018.9,78,1780.0,10.1,16.6,aveiro,2026-06-01T04:42:32.676053
2026-06-01T01:00,16.9,97,16.4,18.3,0,0.0,0.0,0.0,0.0,0.0,2,1019.3,1018.6,80,660.0,5.8,12.6,aveiro,2026-06-01T04:42:32.676053
2026-06-01T02:00,16.8,98,16.4,18.4,0,0.0,0.0,0.0,0.0,0.0,45,1018.7,1018.0,86,380.0,4.0,7.9,aveiro,2026-06-01T04:42:32.676053
2026-06-01T03:00,16.6,97,16.1,18.4,0,0.0,0.0,0.0,0.0,0.0,45,1018.4,1017.7,86,340.0,2.5,5.4,aveiro,2026-06-01T04:42:32.676053
2026-06-01T04:00,16.7,97,16.2,18.2,0,0.0,0.0,0.0,0.0,0.0,45,1018.4,1017.7,85,6600.0,3.8,4.7,aveiro,2026-06-01T04:42:32.676053
2026-06-01T05:00,16.7,96,16.1,18.2,0,0.0,0.0,0.0,0.0,0.0,2,1018.8,1018.1,83,8160.0,4.0,5.4,aveiro,2026-06-01T04:42:32.676053
2026-06-01T06:00,16.8,95,15.9,18.2,0,0.0,0.0,0.0,0.0,0.0,3,1018.9,1018.2,86,3000.0,4.0,5.4,aveiro,2026-06-01T04:42:32.676053
2026-06-01T07:00,17.4,92,16.0,18.6,0,0.0,0.0,0.0,0.0,0.0,3,1019.4,1018.7,90,12220.0,5.6,9.0,aveiro,2026-06-01T04:42:32.676053
2026-06-01T08:00,18.2,88,16.1,19.1,0,0.0,0.0,0.0,0.0,0.0,3,1019.7,1019.0,98,19920.0,7.7,13.3,aveiro,2026-06-01T04:42:32.676053
2026-06-01T09:00,19.0,84,16.2,19.4,0,0.0,0.0,0.0,0.0,0.0,2,1020.2,1019.5,80,24380.0,12.2,21.2,aveiro,2026-06-01T04:42:32.676053
2026-06-01T10:00,19.7,80,16.1,19.6,0,0.0,0.0,0.0,0.0,0.0,2,1020.3,1019.6,75,28200.0,15.1,27.0,aveiro,2026-06-01T04:42:32.676053
2026-06-01T11:00,19.9,77,15.7,19.1,0,0.0,0.0,0.0,0.0,0.0,3,1020.6,1019.9,90,29780.0,21.4,37.4,aveiro,2026-06-01T04:42:32.676053
2026-06-01T12:00,20.4,77,16.2,20.1,0,0.0,0.0,0.0,0.0,0.0,2,1020.3,1019.6,75,30920.0,23.0,40.7,aveiro,2026-06-01T04:42:32.676053
2026-06-01T13:00,20.7,75,16.1,20.8,0,0.0,0.0,0.0,0.0,0.0,2,1019.8,1019.1,53,31640.0,22.9,42.1,aveiro,2026-06-01T04:42:32.676053
2026-06-01T14:00,20.9,72,15.6,20.9,0,0.0,0.0,0.0,0.0,0.0,2,1019.3,1018.6,53,34280.0,22.1,44.6,aveiro,2026-06-01T04:42:32.676053
2026-06-01T15:00,21.3,72,16.1,21.6,0,0.0,0.0,0.0,0.0,0.0,1,1019.1,1018.4,3,33580.0,20.6,39.2,aveiro,2026-06-01T04:42:32.676053
2026-06-01T16:00,21.0,73,15.9,20.0,0,0.0,0.0,0.0,0.0,0.0,1,1019.6,1018.9,37,33980.0,25.5,45.7,aveiro,2026-06-01T04:42:32.676053
2026-06-01T17:00,20.2,77,16.0,18.7,0,0.0,0.0,0.0,0.0,0.0,2,1020.2,1019.5,54,30460.0,24.9,44.6,aveiro,2026-06-01T04:42:32.676053
2026-06-01T18:00,19.6,81,16.2,18.6,0,0.0,0.0,0.0,0.0,0.0,2,1020.0,1019.3,60,27520.0,21.0,44.3,aveiro,2026-06-01T04:42:32.676053
2026-06-01T19:00,18.9,84,16.1,18.1,0,0.0,0.0,0.0,0.0,0.0,2,1020.0,1019.3,62,25380.0,19.4,37.1,aveiro,2026-06-01T04:42:32.676053
2026-06-01T20:00,18.1,87,15.9,17.5,0,0.0,0.0,0.0,0.0,0.0,2,1020.0,1019.3,70,22900.0,17.8,33.8,aveiro,2026-06-01T04:42:32.676053
2026-06-01T21:00,17.7,89,15.8,17.3,0,0.0,0.0,0.0,0.0,0.0,2,1020.8,1020.1,71,19760.0,16.3,31.0,aveiro,2026-06-01T04:42:32.676053
2026-06-01T22:00,17.5,91,16.0,17.7,0,0.0,0.0,0.0,0.0,0.0,3,1021.3,1020.6,95,17700.0,12.5,28.8,aveiro,2026-06-01T04:42:32.676053
2026-06-01T23:00,17.6,92,16.3,17.9,0,0.0,0.0,0.0,0.0,0.0,2,1021.5,1020.8,79,16200.0,12.8,23.0,aveiro,2026-06-01T04:42:32.676053
2026-06-01T00:00,16.5,96,15.9,18.1,0,0.0,0.0,0.0,0.0,0.0,1,1019.3,996.4,11,10960.0,2.9,9.7,braga,2026-06-01T04:42:35.253906
2026-06-01T01:00,16.0,98,15.7,17.6,0,0.0,0.0,0.0,0.0,0.0,1,1019.0,996.1,18,8260.0,2.5,7.9,braga,2026-06-01T04:42:35.253906
2026-06-01T02:00,15.7,97,15.2,17.1,0,0.0,0.0,0.0,0.0,0.0,1,1018.4,995.5,19,6740.0,1.9,6.8,braga,2026-06-01T04:42:35.253906
2026-06-01T03:00,15.2,96,14.6,16.5,0,0.0,0.0,0.0,0.0,0.0,2,1018.3,995.3,61,10640.0,1.8,5.8,braga,2026-06-01T04:42:35.253906
2026-06-01T04:00,14.7,99,14.5,16.0,0,0.0,0.0,0.0,0.0,0.0,45,1018.4,995.4,94,760.0,1.5,5.0,braga,2026-06-01T04:42:35.253906
2026-06-01T05:00,14.5,99,14.3,15.6,0,0.0,0.0,0.0,0.0,0.0,45,1018.7,995.7,98,400.0,1.8,5.0,braga,2026-06-01T04:42:35.253906
2026-06-01T06:00,14.6,99,14.5,15.9,0,0.0,0.0,0.0,0.0,0.0,45,1018.7,995.7,100,320.0,1.3,5.0,braga,2026-06-01T04:42:35.253906
2026-06-01T07:00,16.7,90,15.1,18.3,0,0.0,0.0,0.0,0.0,0.0,3,1019.1,996.2,85,4540.0,0.8,4.7,braga,2026-06-01T04:42:35.253906
2026-06-01T08:00,18.3,86,15.9,19.9,0,0.0,0.0,0.0,0.0,0.0,2,1019.3,996.6,69,19360.0,3.3,9.4,braga,2026-06-01T04:42:35.253906
2026-06-01T09:00,20.0,79,16.3,21.6,0,0.0,0.0,0.0,0.0,0.0,1,1019.7,997.1,49,28560.0,4.3,13.3,braga,2026-06-01T04:42:35.253906
2026-06-01T10:00,21.7,70,16.0,23.7,0,0.0,0.0,0.0,0.0,0.0,3,1019.5,997.0,100,35420.0,5.8,16.2,braga,2026-06-01T04:42:35.253906
2026-06-01T11:00,22.8,69,16.8,25.1,0,0.0,0.0,0.0,0.0,0.0,3,1019.4,997.0,100,35860.0,8.0,20.9,braga,2026-06-01T04:42:35.253906
2026-06-01T12:00,24.1,63,16.6,26.8,0,0.0,0.0,0.0,0.0,0.0,1,1018.9,996.6,36,38300.0,9.7,25.2,braga,2026-06-01T04:42:35.253906
2026-06-01T13:00,25.3,58,16.5,28.0,0,0.0,0.0,0.0,0.0,0.0,3,1018.3,996.1,96,39540.0,11.6,29.5,braga,2026-06-01T04:42:35.253906
2026-06-01T14:00,26.2,49,14.7,28.3,0,0.0,0.0,0.0,0.0,0.0,0,1017.5,995.4,2,41140.0,10.6,28.8,braga,2026-06-01T04:42:35.253906
2026-06-01T15:00,26.3,51,15.3,27.9,0,0.0,0.0,0.0,0.0,0.0,0,1017.2,995.1,3,40920.0,12.8,32.4,braga,2026-06-01T04:42:35.253906
2026-06-01T16:00,24.2,51,13.4,23.5,0,0.0,0.0,0.0,0.0,0.0,0,1018.0,995.7,0,40760.0,18.3,44.3,braga,2026-06-01T04:42:35.253906
2026-06-01T17:00,22.3,62,14.7,21.3,0,0.0,0.0,0.0,0.0,0.0,1,1018.9,996.5,27,38780.0,18.1,46.4,braga,2026-06-01T04:42:35.253906
2026-06-01T18:00,21.5,66,14.9,21.1,0,0.0,0.0,0.0,0.0,0.0,1,1018.9,996.4,28,37740.0,14.2,42.5,braga,2026-06-01T04:42:35.253906
2026-06-01T19:00,20.1,74,15.3,19.7,0,0.0,0.0,0.0,0.0,0.0,2,1019.1,996.5,47,33860.0,14.5,33.8,braga,2026-06-01T04:42:35.253906
2026-06-01T20:00,18.6,80,15.1,18.9,0,0.0,0.0,0.0,0.0,0.0,2,1019.5,996.8,41,30600.0,9.6,34.2,braga,2026-06-01T04:42:35.253906
2026-06-01T21:00,17.4,82,14.3,18.1,0,0.0,0.0,0.0,0.0,0.0,1,1020.2,997.4,27,30080.0,5.4,23.8,braga,2026-06-01T04:42:35.253906
2026-06-01T22:00,16.6,86,14.3,17.3,0,0.0,0.0,0.0,0.0,0.0,2,1021.1,998.2,66,26100.0,5.0,15.1,braga,2026-06-01T04:42:35.253906
2026-06-01T23:00,16.2,89,14.4,17.1,0,0.0,0.0,0.0,0.0,0.0,3,1021.3,998.3,97,20140.0,3.2,13.7,braga,2026-06-01T04:42:35.253906
2026-06-01T00:00,16.9,95,16.1,18.4,0,0.0,0.0,0.0,0.0,0.0,45,1020.0,1016.6,95,1440.0,4.3,8.3,coimbra,2026-06-01T04:43:53.293796
2026-06-01T01:00,16.9,95,16.1,18.5,0,0.0,0.0,0.0,0.0,0.0,45,1019.6,1016.2,99,1060.0,3.1,8.3,coimbra,2026-06-01T04:43:53.293796
2026-06-01T02:00,16.8,96,16.1,18.5,0,0.0,0.0,0.0,0.0,0.0,45,1018.9,1015.5,99,840.0,2.8,7.6,coimbra,2026-06-01T04:43:53.293796
2026-06-01T03:00,16.7,97,16.2,18.5,0,0.0,0.0,0.0,0.0,0.0,45,1018.6,1015.2,97,460.0,2.5,6.8,coimbra,2026-06-01T04:43:53.293796
2026-06-01T04:00,16.6,97,16.1,18.2,0,0.0,0.0,0.0,0.0,0.0,45,1018.5,1015.1,100,420.0,3.1,7.6,coimbra,2026-06-01T04:43:53.293796
2026-06-01T05:00,16.5,98,16.2,18.2,0,0.0,0.0,0.0,0.0,0.0,45,1019.0,1015.6,100,240.0,3.3,7.9,coimbra,2026-06-01T04:43:53.293796
2026-06-01T06:00,16.6,98,16.3,18.4,0,0.0,0.0,0.0,0.0,0.0,45,1019.1,1015.7,100,140.0,2.4,7.9,coimbra,2026-06-01T04:43:53.293796
2026-06-01T07:00,17.1,96,16.4,19.0,0,0.0,0.0,0.0,0.0,0.0,45,1019.5,1016.1,99,80.0,2.3,6.5,coimbra,2026-06-01T04:43:53.293796
2026-06-01T08:00,17.7,92,16.4,19.5,0,0.0,0.0,0.0,0.0,0.0,45,1019.7,1016.4,97,3220.0,3.4,8.6,coimbra,2026-06-01T04:43:53.293796
2026-06-01T09:00,19.0,87,16.8,20.6,0,0.0,0.0,0.0,0.0,0.0,3,1020.1,1016.8,88,17300.0,5.6,14.0,coimbra,2026-06-01T04:43:53.293796
2026-06-01T10:00,21.1,75,16.5,21.9,0,0.0,0.0,0.0,0.0,0.0,3,1020.0,1016.7,83,31860.0,10.5,24.1,coimbra,2026-06-01T04:43:53.293796
2026-06-01T11:00,22.4,71,16.9,23.5,0,0.0,0.0,0.0,0.0,0.0,2,1020.0,1016.7,50,33520.0,14.3,32.0,coimbra,2026-06-01T04:43:53.293796
2026-06-01T12:00,22.7,68,16.5,24.2,0,0.0,0.0,0.0,0.0,0.0,2,1019.8,1016.5,68,35120.0,15.3,36.0,coimbra,2026-06-01T04:43:53.293796
2026-06-01T13:00,23.2,63,15.7,24.5,0,0.0,0.0,0.0,0.0,0.0,2,1019.4,1016.1,57,37560.0,15.6,36.7,coimbra,2026-06-01T04:43:53.293796
2026-06-01T14:00,23.9,60,15.7,25.1,0,0.0,0.0,0.0,0.0,0.0,1,1019.0,1015.7,42,38440.0,17.3,38.2,coimbra,2026-06-01T04:43:53.293796
2026-06-01T15:00,24.4,56,15.0,25.5,0,0.0,0.0,0.0,0.0,0.0,1,1018.5,1015.2,9,39760.0,14.8,38.5,coimbra,2026-06-01T04:43:53.293796
2026-06-01T16:00,24.3,56,14.9,24.2,0,0.0,0.0,0.0,0.0,0.0,0,1018.6,1015.3,6,39900.0,17.8,38.9,coimbra,2026-06-01T04:43:53.293796
2026-06-01T17:00,22.5,64,15.4,21.5,0,0.0,0.0,0.0,0.0,0.0,1,1019.5,1016.2,32,37560.0,19.7,43.9,coimbra,2026-06-01T04:43:53.293796
2026-06-01T18:00,20.8,73,15.8,20.2,0,0.0,0.0,0.0,0.0,0.0,2,1019.9,1016.6,57,33540.0,18.0,42.8,coimbra,2026-06-01T04:43:53.293796
2026-06-01T19:00,19.7,77,15.5,19.5,0,0.0,0.0,0.0,0.0,0.0,2,1019.8,1016.5,63,31320.0,14.3,38.2,coimbra,2026-06-01T04:43:53.293796
2026-06-01T20:00,18.8,81,15.5,19.0,0,0.0,0.0,0.0,0.0,0.0,2,1019.9,1016.6,68,28860.0,11.8,30.2,coimbra,2026-06-01T04:43:53.293796
2026-06-01T21:00,18.2,84,15.4,18.3,0,0.0,0.0,0.0,0.0,0.0,2,1020.9,1017.6,76,25900.0,11.8,25.9,coimbra,2026-06-01T04:43:53.293796
2026-06-01T22:00,17.7,88,15.7,18.3,0,0.0,0.0,0.0,0.0,0.0,3,1021.4,1018.0,87,21340.0,9.3,27.4,coimbra,2026-06-01T04:43:53.293796
2026-06-01T23:00,17.5,89,15.7,17.8,0,0.0,0.0,0.0,0.0,0.0,3,1021.6,1018.2,90,19820.0,11.6,24.8,coimbra,2026-06-01T04:43:53.293796
2026-06-01T00:00,22.1,29,3.3,18.7,0,0.0,0.0,0.0,0.0,0.0,0,1023.8,1012.2,0,48840.0,13.1,49.3,funchal,2026-06-01T04:43:55.933490
2026-06-01T01:00,22.0,29,3.1,18.5,0,0.0,0.0,0.0,0.0,0.0,0,1023.3,1011.7,0,49000.0,13.1,46.1,funchal,2026-06-01T04:43:55.933490
2026-06-01T02:00,21.9,28,2.6,18.3,0,0.0,0.0,0.0,0.0,0.0,0,1022.9,1011.3,0,49880.0,13.2,44.6,funchal,2026-06-01T04:43:55.933490
2026-06-01T03:00,21.6,28,2.3,17.9,0,0.0,0.0,0.0,0.0,0.0,0,1022.4,1010.7,0,49620.0,13.5,43.6,funchal,2026-06-01T04:43:55.933490
2026-06-01T04:00,21.5,32,4.1,18.0,0,0.0,0.0,0.0,0.0,0.0,0,1022.4,1010.7,0,47260.0,14.2,44.3,funchal,2026-06-01T04:43:55.933490
2026-06-01T05:00,21.3,35,5.2,18.1,0,0.0,0.0,0.0,0.0,0.0,0,1022.5,1010.8,2,46580.0,14.1,46.4,funchal,2026-06-01T04:43:55.933490
2026-06-01T06:00,21.0,44,8.3,18.5,0,0.0,0.0,0.0,0.0,0.0,0,1023.1,1011.4,0,45200.0,14.1,47.5,funchal,2026-06-01T04:43:55.933490
2026-06-01T07:00,21.4,52,11.1,19.7,0,0.0,0.0,0.0,0.0,0.0,0,1023.6,1011.9,2,43280.0,13.9,49.0,funchal,2026-06-01T04:43:55.933490
2026-06-01T08:00,22.4,57,13.5,21.7,0,0.0,0.0,0.0,0.0,0.0,0,1024.1,1012.5,4,42180.0,12.4,49.0,funchal,2026-06-01T04:43:55.933490
2026-06-01T09:00,23.8,49,12.4,23.1,0,0.0,0.0,0.0,0.0,0.0,0,1024.1,1012.5,0,42760.0,10.1,47.2,funchal,2026-06-01T04:43:55.933490
2026-06-01T10:00,24.9,46,12.5,25.0,0,0.0,0.0,0.0,0.0,0.0,0,1024.6,1013.1,0,42440.0,8.4,47.9,funchal,2026-06-01T04:43:55.933490
2026-06-01T11:00,25.6,48,13.8,27.3,0,0.0,0.0,0.0,0.0,0.0,0,1024.7,1013.2,0,41580.0,6.2,44.6,funchal,2026-06-01T04:43:55.933490
2026-06-01T12:00,26.3,50,15.1,29.6,0,0.0,0.0,0.0,0.0,0.0,0,1024.7,1013.2,0,40920.0,4.2,42.8,funchal,2026-06-01T04:43:55.933490
2026-06-01T13:00,26.7,51,15.8,30.6,0,0.0,0.0,0.0,0.0,0.0,0,1024.5,1013.0,1,40640.0,5.3,40.0,funchal,2026-06-01T04:43:55.933490
2026-06-01T14:00,26.7,51,15.7,30.6,0,0.0,0.0,0.0,0.0,0.0,0,1024.0,1012.5,1,39780.0,5.2,40.3,funchal,2026-06-01T04:43:55.933490
2026-06-01T15:00,26.7,50,15.4,30.1,0,0.0,0.0,0.0,0.0,0.0,0,1023.8,1012.3,1,40480.0,5.2,39.6,funchal,2026-06-01T04:43:55.933490
2026-06-01T16:00,26.4,52,15.7,29.2,0,0.0,0.0,0.0,0.0,0.0,0,1023.6,1012.1,2,40500.0,5.4,39.6,funchal,2026-06-01T04:43:55.933490
2026-06-01T17:00,25.6,53,15.4,27.2,0,0.0,0.0,0.0,0.0,0.0,0,1023.7,1012.2,0,40460.0,5.8,41.8,funchal,2026-06-01T04:43:55.933490
2026-06-01T18:00,24.5,53,14.3,24.9,0,0.0,0.0,0.0,0.0,0.0,0,1023.5,1012.0,0,40540.0,7.6,42.8,funchal,2026-06-01T04:43:55.933490
2026-06-01T19:00,23.3,55,13.8,23.2,0,0.0,0.0,0.0,0.0,0.0,0,1023.6,1012.0,0,40560.0,9.5,42.5,funchal,2026-06-01T04:43:55.933490
2026-06-01T20:00,22.3,54,12.5,21.5,0,0.0,0.0,0.0,0.0,0.0,0,1023.8,1012.2,0,40920.0,10.7,41.4,funchal,2026-06-01T04:43:55.933490
2026-06-01T21:00,21.9,55,12.4,20.8,0,0.0,0.0,0.0,0.0,0.0,0,1024.4,1012.7,0,41420.0,12.8,45.0,funchal,2026-06-01T04:43:55.933490
2026-06-01T22:00,21.5,59,13.1,20.5,0,0.0,0.0,0.0,0.0,0.0,0,1025.3,1013.6,0,41280.0,13.6,47.9,funchal,2026-06-01T04:43:55.933490
2026-06-01T23:00,21.4,62,13.9,20.7,0,0.0,0.0,0.0,0.0,0.0,0,1025.7,1014.0,0,40960.0,13.6,49.0,funchal,2026-06-01T04:43:55.933490
2026-06-01T00:00,18.0,87,15.8,17.5,0,0.0,0.0,0.0,0.0,0.0,2,1019.2,1009.9,50,16860.0,16.5,30.6,lisbon,2026-06-01T04:44:33.786320
2026-06-01T01:00,17.9,87,15.7,17.4,0,0.0,0.0,0.0,0.0,0.0,2,1018.9,1009.6,49,17860.0,16.5,36.0,lisbon,2026-06-01T04:44:33.786320
2026-06-01T02:00,17.6,88,15.6,17.2,0,0.0,0.0,0.0,0.0,0.0,2,1018.3,1009.0,52,17580.0,15.8,36.0,lisbon,2026-06-01T04:44:33.786320
2026-06-01T03:00,17.6,87,15.4,17.2,0,0.0,0.0,0.0,0.0,0.0,2,1018.0,1008.7,47,19320.0,15.5,34.9,lisbon,2026-06-01T04:44:33.786320
2026-06-01T04:00,17.5,87,15.3,17.0,0,0.0,0.0,0.0,0.0,0.0,2,1017.8,1008.5,51,18840.0,15.6,34.2,lisbon,2026-06-01T04:44:33.786320
2026-06-01T05:00,17.5,87,15.3,16.8,0,0.0,0.0,0.0,0.0,0.0,2,1018.2,1008.9,52,21460.0,16.7,36.0,lisbon,2026-06-01T04:44:33.786320
2026-06-01T06:00,17.6,86,15.2,17.0,0,0.0,0.0,0.0,0.0,0.0,2,1018.5,1009.2,60,23720.0,16.2,36.4,lisbon,2026-06-01T04:44:33.786320
2026-06-01T07:00,18.2,81,14.9,17.5,0,0.0,0.0,0.0,0.0,0.0,2,1019.1,1009.8,66,28020.0,16.0,36.4,lisbon,2026-06-01T04:44:33.786320
2026-06-01T08:00,19.2,75,14.7,18.5,0,0.0,0.0,0.0,0.0,0.0,2,1019.3,1010.1,57,32220.0,15.3,36.0,lisbon,2026-06-01T04:44:33.786320
2026-06-01T09:00,20.6,69,14.7,19.8,0,0.0,0.0,0.0,0.0,0.0,2,1019.6,1010.4,51,35580.0,16.0,36.4,lisbon,2026-06-01T04:44:33.786320
2026-06-01T10:00,21.8,64,14.7,21.5,0,0.0,0.0,0.0,0.0,0.0,1,1019.6,1010.4,37,37560.0,17.4,39.6,lisbon,2026-06-01T04:44:33.786320
2026-06-01T11:00,22.9,59,14.5,23.0,0,0.0,0.0,0.0,0.0,0.0,1,1019.5,1010.4,15,39100.0,19.4,45.0,lisbon,2026-06-01T04:44:33.786320
2026-06-01T12:00,23.5,55,14.0,23.6,0,0.0,0.0,0.0,0.0,0.0,0,1019.1,1010.0,9,39920.0,21.3,48.6,lisbon,2026-06-01T04:44:33.786320
2026-06-01T13:00,23.6,54,13.8,23.6,0,0.0,0.0,0.0,0.0,0.0,0,1018.8,1009.7,8,40120.0,22.4,51.5,lisbon,2026-06-01T04:44:33.786320
2026-06-01T14:00,23.9,52,13.4,23.6,0,0.0,0.0,0.0,0.0,0.0,0,1018.3,1009.2,10,40520.0,22.6,53.6,lisbon,2026-06-01T04:44:33.786320
2026-06-01T15:00,24.0,52,13.6,23.4,0,0.0,0.0,0.0,0.0,0.0,0,1018.2,1009.1,3,40560.0,22.4,51.5,lisbon,2026-06-01T04:44:33.786320
2026-06-01T16:00,23.7,54,13.8,22.8,0,0.0,0.0,0.0,0.0,0.0,3,1018.2,1009.1,100,40260.0,20.7,51.8,lisbon,2026-06-01T04:44:33.786320
2026-06-01T17:00,22.7,58,14.0,20.9,0,0.0,0.0,0.0,0.0,0.0,0,1018.5,1009.4,0,39580.0,21.7,48.6,lisbon,2026-06-01T04:44:33.786320
2026-06-01T18:00,21.2,67,14.8,19.6,0,0.0,0.0,0.0,0.0,0.0,1,1018.8,1009.6,19,37040.0,22.0,51.5,lisbon,2026-06-01T04:44:33.786320
2026-06-01T19:00,19.9,74,15.1,18.8,0,0.0,0.0,0.0,0.0,0.0,1,1019.0,1009.8,36,33980.0,19.6,49.0,lisbon,2026-06-01T04:44:33.786320
2026-06-01T20:00,18.8,80,15.2,18.0,0,0.0,0.0,0.0,0.0,0.0,1,1019.3,1010.0,43,30240.0,17.7,43.6,lisbon,2026-06-01T04:44:33.786320
2026-06-01T21:00,18.4,82,15.3,17.7,0,0.0,0.0,0.0,0.0,0.0,3,1020.2,1010.9,82,28920.0,17.1,38.5,lisbon,2026-06-01T04:44:33.786320
2026-06-01T22:00,18.2,84,15.4,17.4,0,0.0,0.0,0.0,0.0,0.0,2,1020.9,1011.6,67,26180.0,17.5,38.5,lisbon,2026-06-01T04:44:33.786320
2026-06-01T23:00,18.3,84,15.6,17.6,0,0.0,0.0,0.0,0.0,0.0,3,1021.1,1011.8,84,26440.0,17.8,40.3,lisbon,2026-06-01T04:44:33.786320
2026-06-01T00:00,16.2,96,15.6,17.9,0,0.0,0.0,0.0,0.0,0.0,1,1019.4,1007.8,42,6900.0,1.8,6.8,porto,2026-06-01T04:46:36.932858
2026-06-01T01:00,16.0,96,15.3,17.5,0,0.0,0.0,0.0,0.0,0.0,1,1019.1,1007.5,38,9140.0,1.9,5.0,porto,2026-06-01T04:46:36.932858
2026-06-01T02:00,15.7,97,15.2,17.1,0,0.0,0.0,0.0,0.0,0.0,1,1018.5,1006.9,48,8220.0,2.2,3.6,porto,2026-06-01T04:46:36.932858
2026-06-01T03:00,15.4,99,15.2,16.9,0,0.0,0.0,0.0,0.0,0.0,45,1018.3,1006.7,54,4300.0,1.8,3.2,porto,2026-06-01T04:46:36.932858
2026-06-01T04:00,15.1,100,15.1,16.6,0,0.0,0.0,0.0,0.0,0.0,45,1018.4,1006.8,77,80.0,1.1,2.2,porto,2026-06-01T04:46:36.932858
2026-06-01T05:00,15.0,100,15.0,16.3,0,0.0,0.0,0.0,0.0,0.0,45,1018.7,1007.1,78,100.0,2.4,3.6,porto,2026-06-01T04:46:36.932858
2026-06-01T06:00,15.1,100,15.1,16.4,0,0.0,0.0,0.0,0.0,0.0,45,1018.7,1007.1,85,1160.0,2.6,5.4,porto,2026-06-01T04:46:36.932858
2026-06-01T07:00,16.2,93,15.1,17.9,0,0.0,0.0,0.0,0.0,0.0,2,1019.3,1007.7,76,200.0,0.5,4.7,porto,2026-06-01T04:46:36.932858
2026-06-01T08:00,17.5,87,15.3,18.8,0,0.0,0.0,0.0,0.0,0.0,2,1019.6,1008.1,71,18460.0,3.4,10.4,porto,2026-06-01T04:46:36.932858
2026-06-01T09:00,18.7,79,15.0,19.1,0,0.0,0.0,0.0,0.0,0.0,2,1020.1,1008.6,47,27460.0,9.3,24.5,porto,2026-06-01T04:46:36.932858
2026-06-01T10:00,19.8,74,15.0,20.3,0,0.0,0.0,0.0,0.0,0.0,3,1020.2,1008.7,90,30340.0,13.0,33.8,porto,2026-06-01T04:46:36.932858
2026-06-01T11:00,19.8,73,14.8,20.1,0,0.0,0.0,0.0,0.0,0.0,3,1020.4,1008.9,94,30300.0,16.6,41.4,porto,2026-06-01T04:46:36.932858
2026-06-01T12:00,20.2,72,15.0,20.9,0,0.0,0.0,0.0,0.0,0.0,2,1020.2,1008.8,55,30620.0,17.8,45.0,porto,2026-06-01T04:46:36.932858
2026-06-01T13:00,20.4,69,14.5,20.7,0,0.0,0.0,0.0,0.0,0.0,2,1019.8,1008.4,46,33080.0,19.3,47.5,porto,2026-06-01T04:46:36.932858
2026-06-01T14:00,21.1,61,13.3,21.9,0,0.0,0.0,0.0,0.0,0.0,0,1019.1,1007.7,0,38780.0,15.1,47.2,porto,2026-06-01T04:46:36.932858
2026-06-01T15:00,21.1,64,14.1,21.4,0,0.0,0.0,0.0,0.0,0.0,0,1019.0,1007.6,3,36780.0,17.7,43.9,porto,2026-06-01T04:46:36.932858
2026-06-01T16:00,20.0,73,15.0,19.2,0,0.0,0.0,0.0,0.0,0.0,2,1019.7,1008.2,43,30060.0,22.2,52.9,porto,2026-06-01T04:46:36.932858
2026-06-01T17:00,19.2,78,15.3,18.0,0,0.0,0.0,0.0,0.0,0.0,2,1020.3,1008.8,62,27660.0,20.9,53.3,porto,2026-06-01T04:46:36.932858
2026-06-01T18:00,18.8,82,15.6,18.3,0,0.0,0.0,0.0,0.0,0.0,2,1020.0,1008.5,71,23560.0,16.8,49.7,porto,2026-06-01T04:46:36.932858
2026-06-01T19:00,18.2,84,15.4,18.1,0,0.0,0.0,0.0,0.0,0.0,2,1020.0,1008.5,56,24260.0,13.4,40.0,porto,2026-06-01T04:46:36.932858
2026-06-01T20:00,17.1,89,15.3,17.1,0,0.0,0.0,0.0,0.0,0.0,2,1020.2,1008.6,69,18980.0,12.5,32.4,porto,2026-06-01T04:46:36.932858
2026-06-01T21:00,16.9,92,15.6,17.4,0,0.0,0.0,0.0,0.0,0.0,2,1020.8,1009.2,66,15420.0,9.5,33.5,porto,2026-06-01T04:46:36.932858
2026-06-01T22:00,16.8,93,15.6,17.5,0,0.0,0.0,0.0,0.0,0.0,2,1021.5,1009.9,73,14960.0,8.4,22.7,porto,2026-06-01T04:46:36.932858
2026-06-01T23:00,16.6,96,16.0,17.5,0,0.0,0.0,0.0,0.0,0.0,2,1021.7,1010.1,76,2140.0,8.2,19.8,porto,2026-06-01T04:46:36.932858
2026-06-01T00:00,29.6,48,17.3,30.3,0,0.0,0.0,0.0,0.0,0.0,0,1004.9,1004.1,0,16680.0,13.0,27.7,doha,2026-06-01T04:46:39.511023
2026-06-01T01:00,29.4,47,17.0,30.1,0,0.0,0.0,0.0,0.0,0.0,0,1005.2,1004.4,0,16680.0,12.6,26.3,doha,2026-06-01T04:46:39.511023
2026-06-01T02:00,29.1,48,16.9,29.6,0,0.0,0.0,0.0,0.0,0.0,0,1005.7,1004.9,0,16680.0,13.8,27.0,doha,2026-06-01T04:46:39.511023
2026-06-01T03:00,30.0,47,17.6,30.8,0,0.0,0.0,0.0,0.0,0.0,0,1006.6,1005.8,0,16660.0,13.3,31.3,doha,2026-06-01T04:46:39.511023
2026-06-01T04:00,32.2,43,18.0,33.1,0,0.0,0.0,0.0,0.0,0.0,0,1006.8,1006.0,0,16660.0,13.7,30.2,doha,2026-06-01T04:46:39.511023
2026-06-01T05:00,34.8,36,17.4,35.5,0,0.0,0.0,0.0,0.0,0.0,0,1007.2,1006.4,0,17980.0,13.5,32.8,doha,2026-06-01T04:46:39.511023
2026-06-01T06:00,37.6,29,16.5,38.4,0,0.0,0.0,0.0,0.0,0.0,0,1007.3,1006.5,0,18040.0,14.0,35.3,doha,2026-06-01T04:46:39.511023
2026-06-01T07:00,40.0,22,14.6,40.7,0,0.0,0.0,0.0,0.0,0.0,0,1007.4,1006.6,0,18040.0,15.4,39.2,doha,2026-06-01T04:46:39.511023
2026-06-01T08:00,42.0,16,10.9,41.8,0,0.0,0.0,0.0,0.0,0.0,0,1007.2,1006.4,0,18100.0,16.6,42.5,doha,2026-06-01T04:46:39.511023
2026-06-01T09:00,42.8,14,9.3,42.1,0,0.0,0.0,0.0,0.0,0.0,0,1006.7,1005.9,0,18100.0,17.4,44.6,doha,2026-06-01T04:46:39.511023
2026-06-01T10:00,42.7,14,9.5,42.0,0,0.0,0.0,0.0,0.0,0.0,0,1006.4,1005.6,0,18100.0,17.4,44.6,doha,2026-06-01T04:46:39.511023
2026-06-01T11:00,42.7,14,9.1,41.4,0,0.0,0.0,0.0,0.0,0.0,0,1005.8,1005.0,0,18100.0,16.7,44.3,doha,2026-06-01T04:46:39.511023
2026-06-01T12:00,42.5,13,8.6,40.5,0,0.0,0.0,0.0,0.0,0.0,0,1005.3,1004.5,0,18100.0,15.5,42.1,doha,2026-06-01T04:46:39.511023
2026-06-01T13:00,41.8,14,8.5,39.1,0,0.0,0.0,0.0,0.0,0.0,0,1005.3,1004.5,0,18100.0,15.5,39.2,doha,2026-06-01T04:46:39.511023
2026-06-01T14:00,40.2,16,9.9,37.8,0,0.0,0.0,0.0,0.0,0.0,0,1005.3,1004.5,0,18100.0,16.2,38.5,doha,2026-06-01T04:46:39.511023
2026-06-01T15:00,38.2,20,11.2,36.5,0,0.0,0.0,0.0,0.0,0.0,0,1005.7,1004.9,0,18080.0,13.8,37.8,doha,2026-06-01T04:46:39.511023
2026-06-01T16:00,36.7,23,12.2,35.6,0,0.0,0.0,0.0,0.0,0.0,0,1006.0,1005.2,0,18040.0,11.9,30.6,doha,2026-06-01T04:46:39.511023
2026-06-01T17:00,35.5,26,13.1,34.9,0,0.0,0.0,0.0,0.0,0.0,0,1006.5,1005.7,0,18020.0,10.1,25.9,doha,2026-06-01T04:46:39.511023
2026-06-01T18:00,34.4,28,13.2,34.1,0,0.0,0.0,0.0,0.0,0.0,0,1006.9,1006.1,0,18020.0,9.0,22.7,doha,2026-06-01T04:46:39.511023
2026-06-01T19:00,33.6,29,13.0,33.2,0,0.0,0.0,0.0,0.0,0.0,0,1006.9,1006.1,0,18020.0,9.2,19.1,doha,2026-06-01T04:46:39.511023
2026-06-01T20:00,32.8,30,13.0,32.0,0,0.0,0.0,0.0,0.0,0.0,0,1006.8,1006.0,0,18020.0,11.4,22.7,doha,2026-06-01T04:46:39.511023
2026-06-01T21:00,31.8,34,13.9,31.1,0,0.0,0.0,0.0,0.0,0.0,0,1006.4,1005.6,0,17960.0,13.2,26.3,doha,2026-06-01T04:46:39.511023
2026-06-01T22:00,31.1,38,15.0,30.9,0,0.0,0.0,0.0,0.0,0.0,0,1005.9,1005.1,0,17960.0,13.2,27.0,doha,2026-06-01T04:46:39.511023
2026-06-01T23:00,30.7,40,15.5,30.7,0,0.0,0.0,0.0,0.0,0.0,0,1005.4,1004.6,0,17960.0,12.9,26.6,doha,2026-06-01T04:46:39.511023
2026-06-01T00:00,16.0,84,13.3,16.6,0,0.0,0.0,0.0,0.0,0.0,2,1012.2,1002.2,66,26840.0,3.3,8.3,bucharest,2026-06-01T04:46:42.101593
2026-06-01T01:00,15.7,86,13.4,16.4,0,0.0,0.0,0.0,0.0,0.0,3,1012.3,1002.3,100,25360.0,2.7,6.8,bucharest,2026-06-01T04:46:42.101593
2026-06-01T02:00,15.3,88,13.4,16.0,0,0.0,0.0,0.0,0.0,0.0,3,1012.0,1002.0,100,23180.0,3.1,7.6,bucharest,2026-06-01T04:46:42.101593
2026-06-01T03:00,15.2,88,13.2,15.9,0,0.0,0.0,0.0,0.0,0.0,3,1012.1,1002.1,100,23520.0,1.8,7.6,bucharest,2026-06-01T04:46:42.101593
2026-06-01T04:00,15.5,84,12.8,16.0,0,0.0,0.0,0.0,0.0,0.0,3,1012.3,1002.3,100,26620.0,2.6,7.6,bucharest,2026-06-01T04:46:42.101593
2026-06-01T05:00,16.6,79,12.9,17.2,0,0.0,0.0,0.0,0.0,0.0,3,1012.8,1002.8,100,30120.0,1.9,7.2,bucharest,2026-06-01T04:46:42.101593
2026-06-01T06:00,17.7,74,13.0,18.2,0,0.0,0.0,0.0,0.0,0.0,3,1013.4,1003.5,100,33880.0,3.2,10.4,bucharest,2026-06-01T04:46:42.101593
2026-06-01T07:00,19.2,68,13.2,19.6,0,0.0,0.0,0.0,0.0,0.0,3,1013.6,1003.7,91,36680.0,4.7,15.1,bucharest,2026-06-01T04:46:42.101593
2026-06-01T08:00,20.7,65,13.9,21.4,0,0.0,0.0,0.0,0.0,0.0,3,1013.7,1003.9,90,37440.0,4.3,15.1,bucharest,2026-06-01T04:46:42.101593
2026-06-01T09:00,22.1,62,14.5,23.0,0,0.0,0.0,0.0,0.0,0.0,3,1013.7,1003.9,100,38840.0,4.4,15.5,bucharest,2026-06-01T04:46:42.101593
2026-06-01T10:00,22.3,62,14.7,23.4,10,0.1,0.0,0.1,0.0,0.0,3,1013.7,1003.9,96,38940.0,2.9,18.4,bucharest,2026-06-01T04:46:42.101593
2026-06-01T11:00,22.8,62,15.1,24.0,10,0.0,0.0,0.0,0.0,0.0,3,1013.8,1004.0,100,38840.0,3.2,18.4,bucharest,2026-06-01T04:46:42.101593
2026-06-01T12:00,22.8,62,15.2,24.0,20,0.0,0.0,0.0,0.0,0.0,3,1013.6,1003.8,99,39100.0,3.7,16.9,bucharest,2026-06-01T04:46:42.101593
2026-06-01T13:00,22.3,66,15.6,23.6,35,0.1,0.1,0.0,0.0,0.0,61,1013.6,1003.8,100,38000.0,4.1,18.0,bucharest,2026-06-01T04:46:42.101593
2026-06-01T14:00,22.2,65,15.3,23.6,23,0.0,0.0,0.0,0.0,0.0,3,1013.2,1003.4,100,38460.0,3.1,15.8,bucharest,2026-06-01T04:46:42.101593
2026-06-01T15:00,21.5,75,16.9,23.2,8,0.2,0.0,0.2,0.0,0.0,3,1013.2,1003.4,100,32480.0,5.2,19.1,bucharest,2026-06-01T04:46:42.101593
2026-06-01T16:00,20.7,82,17.5,22.4,10,0.4,0.0,0.4,0.0,0.0,80,1013.4,1003.6,100,26060.0,6.8,19.8,bucharest,2026-06-01T04:46:42.101593
2026-06-01T17:00,19.9,84,17.1,21.3,5,0.0,0.0,0.0,0.0,0.0,3,1013.9,1004.0,100,24800.0,7.3,22.0,bucharest,2026-06-01T04:46:42.101593
2026-06-01T18:00,19.4,85,16.8,20.9,25,0.1,0.1,0.0,0.0,0.0,61,1014.2,1004.3,100,25300.0,6.2,19.4,bucharest,2026-06-01T04:46:42.101593
2026-06-01T19:00,18.8,90,17.1,20.3,15,0.1,0.1,0.0,0.0,0.0,61,1014.4,1004.5,100,17480.0,6.8,17.6,bucharest,2026-06-01T04:46:42.101593
2026-06-01T20:00,18.3,91,16.8,19.7,3,0.0,0.0,0.0,0.0,0.0,3,1014.4,1004.5,100,14780.0,6.6,17.6,bucharest,2026-06-01T04:46:42.101593
2026-06-01T21:00,17.9,89,16.1,19.3,15,0.0,0.0,0.0,0.0,0.0,3,1014.5,1004.6,100,19860.0,4.7,18.0,bucharest,2026-06-01T04:46:42.101593
2026-06-01T22:00,17.6,90,15.9,18.9,33,0.0,0.0,0.0,0.0,0.0,3,1014.4,1004.4,100,18000.0,4.7,14.4,bucharest,2026-06-01T04:46:42.101593
2026-06-01T23:00,17.3,93,16.1,18.6,80,0.3,0.3,0.0,0.0,0.0,61,1013.8,1003.8,100,13600.0,5.8,15.5,bucharest,2026-06-01T04:46:42.101593
2026-06-01T00:00,5.2,84,2.7,2.2,0,0.0,0.0,0.0,0.0,0.0,2,1014.3,1013.2,75,27960.0,9.2,22.3,arkhangelsk,2026-06-01T04:46:44.666548
2026-06-01T01:00,5.3,84,2.8,2.1,0,0.0,0.0,0.0,0.0,0.0,3,1014.9,1013.8,82,27340.0,10.1,23.4,arkhangelsk,2026-06-01T04:46:44.666548
2026-06-01T02:00,5.7,82,2.9,2.4,0,0.0,0.0,0.0,0.0,0.0,3,1014.9,1013.8,85,28820.0,11.5,27.0,arkhangelsk,2026-06-01T04:46:44.666548
2026-06-01T03:00,5.9,75,1.8,2.3,0,0.0,0.0,0.0,0.0,0.0,2,1015.0,1013.9,76,33720.0,12.2,31.3,arkhangelsk,2026-06-01T04:46:44.666548
2026-06-01T04:00,6.6,71,1.7,3.0,0,0.0,0.0,0.0,0.0,0.0,2,1014.8,1013.7,59,36000.0,12.1,29.2,arkhangelsk,2026-06-01T04:46:44.666548
2026-06-01T05:00,7.4,65,1.2,3.7,0,0.0,0.0,0.0,0.0,0.0,2,1014.4,1013.3,66,38060.0,12.2,30.6,arkhangelsk,2026-06-01T04:46:44.666548
2026-06-01T06:00,8.5,62,1.7,5.0,0,0.0,0.0,0.0,0.0,0.0,2,1014.3,1013.2,46,39040.0,11.3,29.9,arkhangelsk,2026-06-01T04:46:44.666548
2026-06-01T07:00,9.7,56,1.3,6.6,0,0.0,0.0,0.0,0.0,0.0,1,1014.2,1013.1,26,40160.0,10.3,28.1,arkhangelsk,2026-06-01T04:46:44.666548
2026-06-01T08:00,10.8,53,1.6,8.3,0,0.0,0.0,0.0,0.0,0.0,1,1014.1,1013.0,27,40740.0,10.3,27.0,arkhangelsk,2026-06-01T04:46:44.666548
2026-06-01T09:00,11.8,49,1.4,9.5,0,0.0,0.0,0.0,0.0,0.0,1,1013.8,1012.7,32,41200.0,10.2,26.6,arkhangelsk,2026-06-01T04:46:44.666548
2026-06-01T10:00,12.6,46,1.3,10.4,0,0.0,0.0,0.0,0.0,0.0,1,1013.6,1012.5,35,41700.0,9.8,26.6,arkhangelsk,2026-06-01T04:46:44.666548
2026-06-01T11:00,13.0,44,1.1,10.5,0,0.0,0.0,0.0,0.0,0.0,1,1013.2,1012.1,39,42000.0,9.7,25.9,arkhangelsk,2026-06-01T04:46:44.666548
2026-06-01T12:00,13.3,45,1.6,10.5,0,0.0,0.0,0.0,0.0,0.0,2,1013.1,1012.0,45,41980.0,10.3,26.3,arkhangelsk,2026-06-01T04:46:44.666548
2026-06-01T13:00,13.2,47,2.1,9.9,0,0.0,0.0,0.0,0.0,0.0,2,1013.0,1011.9,58,41740.0,10.1,26.3,arkhangelsk,2026-06-01T04:46:44.666548
2026-06-01T14:00,13.0,47,1.9,9.8,0,0.0,0.0,0.0,0.0,0.0,2,1012.8,1011.7,60,41800.0,9.2,25.6,arkhangelsk,2026-06-01T04:46:44.666548
2026-06-01T15:00,12.7,46,1.4,9.6,0,0.0,0.0,0.0,0.0,0.0,2,1012.6,1011.5,64,42040.0,7.9,22.7,arkhangelsk,2026-06-01T04:46:44.666548
2026-06-01T16:00,12.0,48,1.3,9.0,0,0.0,0.0,0.0,0.0,0.0,2,1012.4,1011.3,55,41860.0,7.9,19.8,arkhangelsk,2026-06-01T04:46:44.666548
2026-06-01T17:00,11.2,52,1.7,8.2,0,0.0,0.0,0.0,0.0,0.0,2,1012.4,1011.3,52,41320.0,7.6,18.7,arkhangelsk,2026-06-01T04:46:44.666548
2026-06-01T18:00,9.9,61,2.7,7.2,0,0.0,0.0,0.0,0.0,0.0,1,1012.4,1011.3,43,40240.0,6.9,18.0,arkhangelsk,2026-06-01T04:46:44.666548
2026-06-01T19:00,8.1,71,3.2,5.6,0,0.0,0.0,0.0,0.0,0.0,1,1012.8,1011.7,25,37340.0,6.6,15.5,arkhangelsk,2026-06-01T04:46:44.666548
2026-06-01T20:00,6.7,76,2.7,4.1,0,0.0,0.0,0.0,0.0,0.0,3,1012.9,1011.8,87,34820.0,6.1,14.4,arkhangelsk,2026-06-01T04:46:44.666548
2026-06-01T21:00,5.8,79,2.4,3.2,0,0.0,0.0,0.0,0.0,0.0,3,1013.0,1011.9,97,32920.0,5.7,13.7,arkhangelsk,2026-06-01T04:46:44.666548
2026-06-01T22:00,5.0,81,2.0,2.4,0,0.0,0.0,0.0,0.0,0.0,2,1012.8,1011.7,65,31500.0,5.6,13.0,arkhangelsk,2026-06-01T04:46:44.666548
2026-06-01T23:00,4.5,82,1.7,1.9,0,0.0,0.0,0.0,0.0,0.0,3,1013.0,1011.9,96,30740.0,5.7,13.3,arkhangelsk,2026-06-01T04:46:44.666548
2026-06-01T00:00,9.4,93,8.4,8.6,3,0.0,0.0,0.0,0.0,0.0,3,1013.0,994.1,42,17700.0,3.1,5.0,moscow,2026-06-01T04:48:02.723931
2026-06-01T01:00,9.4,91,8.0,8.4,3,0.0,0.0,0.0,0.0,0.0,2,1012.6,993.7,82,19900.0,3.3,6.1,moscow,2026-06-01T04:48:02.723931
2026-06-01T02:00,9.5,92,8.3,8.6,3,0.0,0.0,0.0,0.0,0.0,3,1012.8,993.9,90,18220.0,3.7,6.8,moscow,2026-06-01T04:48:02.723931
2026-06-01T03:00,10.4,90,8.8,9.7,3,0.0,0.0,0.0,0.0,0.0,3,1012.5,993.7,93,20900.0,2.9,7.2,moscow,2026-06-01T04:48:02.723931
2026-06-01T04:00,11.7,82,8.7,10.7,3,0.0,0.0,0.0,0.0,0.0,2,1012.8,994.1,81,27700.0,4.2,11.9,moscow,2026-06-01T04:48:02.723931
2026-06-01T05:00,13.6,75,9.2,12.6,3,0.0,0.0,0.0,0.0,0.0,2,1012.5,993.9,71,32740.0,5.4,15.8,moscow,2026-06-01T04:48:02.723931
2026-06-01T06:00,15.6,67,9.5,14.7,5,0.0,0.0,0.0,0.0,0.0,2,1012.5,994.0,43,36880.0,5.4,17.6,moscow,2026-06-01T04:48:02.723931
2026-06-01T07:00,16.9,53,7.2,15.0,18,0.0,0.0,0.0,0.0,0.0,2,1012.1,993.7,80,40700.0,8.3,27.4,moscow,2026-06-01T04:48:02.723931
2026-06-01T08:00,18.1,42,5.0,15.4,5,0.0,0.0,0.0,0.0,0.0,2,1011.9,993.6,67,42320.0,10.2,29.2,moscow,2026-06-01T04:48:02.723931
2026-06-01T09:00,18.8,39,4.5,16.8,5,0.0,0.0,0.0,0.0,0.0,2,1011.9,993.6,65,42980.0,10.2,30.2,moscow,2026-06-01T04:48:02.723931
2026-06-01T10:00,18.6,37,3.7,15.7,3,0.0,0.0,0.0,0.0,0.0,2,1012.0,993.7,74,43660.0,11.6,32.0,moscow,2026-06-01T04:48:02.723931
2026-06-01T11:00,18.6,40,4.7,15.9,3,0.0,0.0,0.0,0.0,0.0,2,1012.1,993.8,77,42760.0,9.8,32.4,moscow,2026-06-01T04:48:02.723931
2026-06-01T12:00,19.5,35,3.6,16.6,0,0.0,0.0,0.0,0.0,0.0,3,1011.8,993.6,87,44420.0,10.0,28.4,moscow,2026-06-01T04:48:02.723931
2026-06-01T13:00,19.1,35,3.3,15.9,0,0.0,0.0,0.0,0.0,0.0,3,1011.7,993.4,93,44500.0,11.3,29.5,moscow,2026-06-01T04:48:02.723931
2026-06-01T14:00,18.7,39,4.5,15.8,0,0.0,0.0,0.0,0.0,0.0,3,1011.9,993.6,93,43400.0,10.8,29.5,moscow,2026-06-01T04:48:02.723931
2026-06-01T15:00,18.3,40,4.5,15.7,0,0.0,0.0,0.0,0.0,0.0,3,1011.7,993.4,100,43240.0,9.3,28.8,moscow,2026-06-01T04:48:02.723931
2026-06-01T16:00,17.7,44,5.3,15.4,0,0.0,0.0,0.0,0.0,0.0,3,1012.0,993.7,95,42380.0,7.9,25.2,moscow,2026-06-01T04:48:02.723931
2026-06-01T17:00,16.8,48,5.8,14.9,0,0.0,0.0,0.0,0.0,0.0,3,1012.3,993.9,97,41920.0,5.8,20.5,moscow,2026-06-01T04:48:02.723931
2026-06-01T18:00,15.4,54,6.2,13.8,0,0.0,0.0,0.0,0.0,0.0,3,1013.0,994.5,84,41160.0,4.7,14.4,moscow,2026-06-01T04:48:02.723931
2026-06-01T19:00,14.4,60,6.7,13.0,0,0.0,0.0,0.0,0.0,0.0,3,1013.3,994.7,84,40420.0,3.9,11.2,moscow,2026-06-01T04:48:02.723931
2026-06-01T20:00,13.7,64,7.1,12.5,0,0.0,0.0,0.0,0.0,0.0,3,1013.7,995.1,91,39700.0,3.3,8.3,moscow,2026-06-01T04:48:02.723931
2026-06-01T21:00,13.2,66,7.0,12.0,0,0.0,0.0,0.0,0.0,0.0,3,1014.0,995.3,97,39120.0,3.4,7.2,moscow,2026-06-01T04:48:02.723931
2026-06-01T22:00,12.8,68,7.1,11.6,0,0.0,0.0,0.0,0.0,0.0,3,1014.0,995.3,98,38720.0,3.7,8.6,moscow,2026-06-01T04:48:02.723931
2026-06-01T23:00,12.4,68,6.7,11.1,0,0.0,0.0,0.0,0.0,0.0,3,1014.4,995.7,97,38620.0,3.5,9.0,moscow,2026-06-01T04:48:02.723931
2026-06-01T00:00,10.8,87,8.6,8.8,0,0.0,0.0,0.0,0.0,0.0,0,1015.5,995.1,3,40120.0,11.0,20.9,novosibirsk,2026-06-01T04:48:40.557604
2026-06-01T01:00,12.9,82,10.0,11.8,0,0.0,0.0,0.0,0.0,0.0,0,1015.5,995.3,5,43380.0,7.8,19.8,novosibirsk,2026-06-01T04:48:40.557604
2026-06-01T02:00,15.3,73,10.5,14.4,0,0.0,0.0,0.0,0.0,0.0,0,1015.6,995.5,4,47140.0,7.3,19.4,novosibirsk,2026-06-01T04:48:40.557604
2026-06-01T03:00,17.4,59,9.4,16.0,0,0.0,0.0,0.0,0.0,0.0,0,1015.5,995.6,7,53160.0,9.2,23.8,novosibirsk,2026-06-01T04:48:40.557604
2026-06-01T04:00,18.8,51,8.5,17.8,0,0.0,0.0,0.0,0.0,0.0,0,1015.4,995.6,1,57600.0,9.8,25.9,novosibirsk,2026-06-01T04:48:40.557604
2026-06-01T05:00,20.0,45,7.6,19.0,0,0.0,0.0,0.0,0.0,0.0,0,1015.3,995.5,0,57600.0,11.0,28.1,novosibirsk,2026-06-01T04:48:40.557604
2026-06-01T06:00,20.9,42,7.4,20.1,0,0.0,0.0,0.0,0.0,0.0,0,1015.0,995.3,0,58900.0,11.5,29.5,novosibirsk,2026-06-01T04:48:40.557604
2026-06-01T07:00,21.5,40,7.2,20.9,0,0.0,0.0,0.0,0.0,0.0,0,1014.7,995.1,9,58880.0,11.7,29.9,novosibirsk,2026-06-01T04:48:40.557604
2026-06-01T08:00,22.0,38,7.1,21.2,0,0.0,0.0,0.0,0.0,0.0,1,1014.4,994.8,38,58880.0,11.5,29.9,novosibirsk,2026-06-01T04:48:40.557604
2026-06-01T09:00,22.2,38,7.1,21.0,0,0.0,0.0,0.0,0.0,0.0,0,1014.5,994.9,5,58880.0,11.1,29.2,novosibirsk,2026-06-01T04:48:40.557604
2026-06-01T10:00,22.3,37,7.1,20.6,0,0.0,0.0,0.0,0.0,0.0,0,1014.6,995.0,0,58860.0,11.1,27.7,novosibirsk,2026-06-01T04:48:40.557604
2026-06-01T11:00,22.0,38,6.9,19.5,0,0.0,0.0,0.0,0.0,0.0,0,1014.7,995.1,14,58860.0,11.9,27.7,novosibirsk,2026-06-01T04:48:40.557604
2026-06-01T12:00,21.5,41,7.5,19.3,0,0.0,0.0,0.0,0.0,0.0,0,1014.8,995.1,13,58860.0,10.6,27.7,novosibirsk,2026-06-01T04:48:40.557604
2026-06-01T13:00,20.2,52,9.9,19.1,0,0.0,0.0,0.0,0.0,0.0,2,1014.9,995.2,50,57540.0,8.1,23.8,novosibirsk,2026-06-01T04:48:40.557604
2026-06-01T14:00,18.4,61,10.8,17.4,0,0.0,0.0,0.0,0.0,0.0,3,1014.9,995.0,87,53080.0,8.7,16.6,novosibirsk,2026-06-01T04:48:40.557604
2026-06-01T15:00,16.6,67,10.6,15.3,0,0.0,0.0,0.0,0.0,0.0,1,1015.0,995.0,49,50200.0,10.0,18.7,novosibirsk,2026-06-01T04:48:40.557604
2026-06-01T16:00,15.5,68,9.6,13.8,0,0.0,0.0,0.0,0.0,0.0,1,1015.3,995.2,22,50180.0,10.8,20.2,novosibirsk,2026-06-01T04:48:40.557604
2026-06-01T17:00,14.4,68,8.6,12.4,0,0.0,0.0,0.0,0.0,0.0,0,1015.5,995.4,0,50180.0,11.0,20.9,novosibirsk,2026-06-01T04:48:40.557604
2026-06-01T18:00,13.7,69,8.2,11.6,0,0.0,0.0,0.0,0.0,0.0,0,1015.5,995.3,0,50180.0,11.2,21.6,novosibirsk,2026-06-01T04:48:40.557604
2026-06-01T19:00,13.1,72,8.1,10.9,0,0.0,0.0,0.0,0.0,0.0,1,1015.1,994.9,29,50160.0,11.3,21.2,novosibirsk,2026-06-01T04:48:40.557604
2026-06-01T20:00,12.2,75,8.0,10.2,0,0.0,0.0,0.0,0.0,0.0,1,1015.2,994.9,23,46960.0,10.4,22.0,novosibirsk,2026-06-01T04:48:40.557604
2026-06-01T21:00,11.5,79,7.9,9.3,0,0.0,0.0,0.0,0.0,0.0,2,1015.1,994.8,58,46960.0,11.5,21.6,novosibirsk,2026-06-01T04:48:40.557604
2026-06-01T22:00,11.4,78,7.7,8.9,0,0.0,0.0,0.0,0.0,0.0,3,1015.1,994.7,80,46940.0,12.4,24.1,novosibirsk,2026-06-01T04:48:40.557604
2026-06-01T23:00,11.6,77,7.7,9.2,0,0.0,0.0,0.0,0.0,0.0,3,1015.3,995.0,93,46940.0,12.6,24.5,novosibirsk,2026-06-01T04:48:40.557604
2026-06-01T00:00,8.9,77,5.1,7.2,0,0.0,0.0,0.0,0.0,0.0,3,1011.4,998.3,55,34340.0,3.4,8.6,orenburg,2026-06-01T04:49:58.520675
2026-06-01T01:00,9.0,78,5.4,7.4,0,0.0,0.0,0.0,0.0,0.0,3,1011.2,998.1,100,33500.0,3.5,8.6,orenburg,2026-06-01T04:49:58.520675
2026-06-01T02:00,10.6,74,6.2,9.1,0,0.0,0.0,0.0,0.0,0.0,3,1011.1,998.1,100,35620.0,3.8,8.6,orenburg,2026-06-01T04:49:58.520675
2026-06-01T03:00,13.3,64,6.6,11.6,0,0.0,0.0,0.0,0.0,0.0,3,1010.9,998.0,100,39040.0,5.4,13.7,orenburg,2026-06-01T04:49:58.520675
2026-06-01T04:00,15.8,56,7.1,13.9,3,0.0,0.0,0.0,0.0,0.0,3,1010.3,997.5,100,40520.0,7.7,20.2,orenburg,2026-06-01T04:49:58.520675
2026-06-01T05:00,17.6,52,7.6,15.6,5,0.0,0.0,0.0,0.0,0.0,3,1010.4,997.7,100,40920.0,9.3,23.8,orenburg,2026-06-01T04:49:58.520675
2026-06-01T06:00,19.1,48,7.9,16.7,20,0.0,0.0,0.0,0.0,0.0,3,1010.2,997.5,100,41360.0,12.7,32.0,orenburg,2026-06-01T04:49:58.520675
2026-06-01T07:00,18.6,48,7.4,16.0,43,0.0,0.0,0.0,0.0,0.0,3,1010.7,998.0,100,41340.0,13.6,37.4,orenburg,2026-06-01T04:49:58.520675
2026-06-01T08:00,18.6,48,7.3,16.9,43,0.0,0.0,0.0,0.0,0.0,3,1010.4,997.7,100,41380.0,7.1,33.8,orenburg,2026-06-01T04:49:58.520675
2026-06-01T09:00,19.0,49,8.0,17.2,73,0.0,0.0,0.0,0.0,0.0,3,1010.5,997.8,100,41240.0,8.8,30.2,orenburg,2026-06-01T04:49:58.520675
2026-06-01T10:00,17.3,62,10.0,16.1,73,0.3,0.0,0.3,0.0,0.0,80,1010.8,998.1,100,39180.0,8.7,30.2,orenburg,2026-06-01T04:49:58.520675
2026-06-01T11:00,17.0,64,10.2,16.2,63,0.1,0.0,0.1,0.0,0.0,3,1010.9,998.1,100,38780.0,6.1,24.1,orenburg,2026-06-01T04:49:58.520675
2026-06-01T12:00,15.9,76,11.6,15.0,63,1.2,0.2,1.0,0.0,0.0,95,1011.6,998.8,100,31780.0,9.6,24.8,orenburg,2026-06-01T04:49:58.520675
2026-06-01T13:00,14.8,85,12.3,14.7,65,3.0,1.1,1.9,0.0,0.0,81,1011.8,998.9,100,24780.0,5.5,27.0,orenburg,2026-06-01T04:49:58.520675
2026-06-01T14:00,14.8,81,11.5,14.6,58,0.3,0.2,0.1,0.0,0.0,61,1011.7,998.8,100,29640.0,4.5,18.7,orenburg,2026-06-01T04:49:58.520675
2026-06-01T15:00,14.8,80,11.4,14.9,40,0.0,0.0,0.0,0.0,0.0,3,1011.6,998.7,89,30720.0,2.2,11.2,orenburg,2026-06-01T04:49:58.520675
2026-06-01T16:00,14.5,82,11.4,14.6,23,0.0,0.0,0.0,0.0,0.0,3,1011.5,998.6,89,30440.0,1.9,6.5,orenburg,2026-06-01T04:49:58.520675
2026-06-01T17:00,13.9,86,11.6,14.1,5,0.0,0.0,0.0,0.0,0.0,3,1011.9,999.0,93,26640.0,2.1,4.7,orenburg,2026-06-01T04:49:58.520675
2026-06-01T18:00,13.3,88,11.4,13.0,3,0.2,0.0,0.2,0.0,0.0,3,1012.4,999.5,89,23300.0,5.0,11.9,orenburg,2026-06-01T04:49:58.520675
2026-06-01T19:00,12.8,87,10.7,12.4,5,0.1,0.0,0.1,0.0,0.0,2,1012.3,999.3,78,25120.0,4.0,13.3,orenburg,2026-06-01T04:49:58.520675
2026-06-01T20:00,11.9,88,10.0,11.3,5,0.0,0.0,0.0,0.0,0.0,3,1012.3,999.3,96,24240.0,4.7,10.8,orenburg,2026-06-01T04:49:58.520675
2026-06-01T21:00,11.1,91,9.7,10.5,0,0.0,0.0,0.0,0.0,0.0,2,1011.9,998.9,57,19820.0,3.9,10.4,orenburg,2026-06-01T04:49:58.520675
2026-06-01T22:00,10.6,94,9.6,10.0,3,0.0,0.0,0.0,0.0,0.0,3,1012.1,999.0,97,15620.0,3.5,8.6,orenburg,2026-06-01T04:49:58.520675
2026-06-01T23:00,10.2,95,9.5,9.6,8,0.0,0.0,0.0,0.0,0.0,3,1012.2,999.1,100,12180.0,3.6,7.9,orenburg,2026-06-01T04:49:58.520675
2026-06-01T00:00,10.9,95,10.1,10.9,35,0.0,0.0,0.0,0.0,0.0,45,1010.1,1002.2,100,5900.0,0.5,8.3,rostov-on-don,2026-06-01T04:50:36.305193
2026-06-01T01:00,10.9,95,10.1,10.7,38,0.0,0.0,0.0,0.0,0.0,45,1009.6,1001.7,100,10180.0,1.1,3.2,rostov-on-don,2026-06-01T04:50:36.305193
2026-06-01T02:00,10.9,94,10.0,10.7,48,0.0,0.0,0.0,0.0,0.0,45,1009.8,1001.9,100,7760.0,1.8,5.4,rostov-on-don,2026-06-01T04:50:36.305193
2026-06-01T03:00,11.0,94,10.0,10.6,38,0.0,0.0,0.0,0.0,0.0,45,1009.6,1001.7,100,1740.0,2.5,7.9,rostov-on-don,2026-06-01T04:50:36.305193
2026-06-01T04:00,11.2,90,9.6,10.7,23,0.0,0.0,0.0,0.0,0.0,3,1010.0,1002.1,100,15600.0,3.1,9.4,rostov-on-don,2026-06-01T04:50:36.305193
2026-06-01T05:00,12.0,84,9.4,11.2,20,0.0,0.0,0.0,0.0,0.0,3,1010.2,1002.4,89,24780.0,4.3,13.3,rostov-on-don,2026-06-01T04:50:36.305193
2026-06-01T06:00,13.5,73,8.7,12.3,18,0.0,0.0,0.0,0.0,0.0,2,1010.4,1002.6,75,33960.0,5.9,17.6,rostov-on-don,2026-06-01T04:50:36.305193
2026-06-01T07:00,14.8,64,8.0,13.3,23,0.0,0.0,0.0,0.0,0.0,2,1010.6,1002.8,52,38280.0,6.4,19.4,rostov-on-don,2026-06-01T04:50:36.305193
2026-06-01T08:00,16.2,53,6.6,15.0,15,0.0,0.0,0.0,0.0,0.0,2,1010.4,1002.7,79,40580.0,7.6,23.4,rostov-on-don,2026-06-01T04:50:36.305193
2026-06-01T09:00,16.8,49,6.0,14.6,18,0.0,0.0,0.0,0.0,0.0,2,1010.7,1003.0,77,41140.0,10.0,29.2,rostov-on-don,2026-06-01T04:50:36.305193
2026-06-01T10:00,18.0,45,5.8,16.4,30,0.0,0.0,0.0,0.0,0.0,2,1010.5,1002.8,63,41700.0,9.4,29.2,rostov-on-don,2026-06-01T04:50:36.305193
2026-06-01T11:00,18.2,47,6.7,16.0,33,0.1,0.0,0.1,0.0,0.0,3,1011.3,1003.6,99,41360.0,15.8,43.6,rostov-on-don,2026-06-01T04:50:36.305193
2026-06-01T12:00,17.0,55,7.9,14.9,40,0.3,0.0,0.3,0.0,0.0,80,1011.8,1004.1,100,40220.0,13.1,44.6,rostov-on-don,2026-06-01T04:50:36.305193
2026-06-01T13:00,16.2,61,8.6,13.9,40,0.6,0.0,0.5,0.0,0.0,80,1012.3,1004.6,100,39240.0,12.9,39.6,rostov-on-don,2026-06-01T04:50:36.305193
2026-06-01T14:00,16.6,56,7.7,14.1,30,0.0,0.0,0.0,0.0,0.0,3,1012.0,1004.3,100,40340.0,12.8,35.6,rostov-on-don,2026-06-01T04:50:36.305193
2026-06-01T15:00,16.4,57,7.9,14.2,18,0.0,0.0,0.0,0.0,0.0,3,1012.4,1004.7,100,40240.0,11.4,34.6,rostov-on-don,2026-06-01T04:50:36.305193
2026-06-01T16:00,16.0,59,7.9,13.9,3,0.0,0.0,0.0,0.0,0.0,3,1012.6,1004.9,100,40020.0,10.1,31.0,rostov-on-don,2026-06-01T04:50:36.305193
2026-06-01T17:00,14.8,67,8.7,13.4,0,0.0,0.0,0.0,0.0,0.0,2,1013.4,1005.6,74,38240.0,7.4,26.6,rostov-on-don,2026-06-01T04:50:36.305193
2026-06-01T18:00,13.7,73,9.0,12.6,0,0.0,0.0,0.0,0.0,0.0,1,1013.9,1006.1,38,36200.0,5.6,19.1,rostov-on-don,2026-06-01T04:50:36.305193
2026-06-01T19:00,13.2,71,8.1,11.9,3,0.0,0.0,0.0,0.0,0.0,1,1014.4,1006.6,9,37280.0,5.5,15.1,rostov-on-don,2026-06-01T04:50:36.305193
2026-06-01T20:00,12.8,71,7.6,11.3,0,0.0,0.0,0.0,0.0,0.0,3,1014.5,1006.7,100,37380.0,5.8,16.2,rostov-on-don,2026-06-01T04:50:36.305193
2026-06-01T21:00,12.1,76,8.0,10.7,3,0.0,0.0,0.0,0.0,0.0,2,1015.1,1007.2,72,35020.0,5.9,16.2,rostov-on-don,2026-06-01T04:50:36.305193
2026-06-01T22:00,11.6,81,8.4,10.2,3,0.0,0.0,0.0,0.0,0.0,1,1015.5,1007.6,29,31500.0,6.1,16.6,rostov-on-don,2026-06-01T04:50:36.305193
2026-06-01T23:00,11.1,84,8.5,9.8,0,0.0,0.0,0.0,0.0,0.0,1,1016.1,1008.2,13,28180.0,6.2,16.6,rostov-on-don,2026-06-01T04:50:36.305193
2026-06-01T00:00,12.9,97,12.4,13.1,8,0.0,0.0,0.0,0.0,0.0,3,1011.6,981.9,96,1040.0,3.8,14.4,simferopol,2026-06-01T04:50:38.884640
2026-06-01T01:00,12.5,96,11.8,12.3,28,0.0,0.0,0.0,0.0,0.0,45,1011.8,982.1,100,1360.0,4.8,11.2,simferopol,2026-06-01T04:50:38.884640
2026-06-01T02:00,11.9,96,11.3,11.7,23,0.2,0.2,0.0,0.0,0.0,61,1011.8,982.0,100,1440.0,4.0,11.5,simferopol,2026-06-01T04:50:38.884640
2026-06-01T03:00,11.7,94,10.7,11.3,8,0.0,0.0,0.0,0.0,0.0,3,1011.9,982.1,99,2020.0,4.3,10.8,simferopol,2026-06-01T04:50:38.884640
2026-06-01T04:00,12.0,91,10.6,11.6,3,0.0,0.0,0.0,0.0,0.0,3,1012.5,982.7,87,10480.0,4.2,11.2,simferopol,2026-06-01T04:50:38.884640
2026-06-01T05:00,12.8,85,10.4,12.3,0,0.0,0.0,0.0,0.0,0.0,3,1012.8,983.1,98,23060.0,4.5,12.6,simferopol,2026-06-01T04:50:38.884640
2026-06-01T06:00,13.9,76,9.7,12.8,0,0.0,0.0,0.0,0.0,0.0,3,1013.4,983.8,100,31860.0,6.9,17.6,simferopol,2026-06-01T04:50:38.884640
2026-06-01T07:00,15.2,64,8.4,13.7,3,0.0,0.0,0.0,0.0,0.0,3,1013.5,984.0,100,38240.0,7.5,19.4,simferopol,2026-06-01T04:50:38.884640
2026-06-01T08:00,16.3,57,7.8,15.0,3,0.0,0.0,0.0,0.0,0.0,3,1013.7,984.3,97,40000.0,6.9,20.9,simferopol,2026-06-01T04:50:38.884640
2026-06-01T09:00,17.3,53,7.6,16.5,0,0.0,0.0,0.0,0.0,0.0,3,1014.2,984.9,95,40540.0,6.9,20.2,simferopol,2026-06-01T04:50:38.884640
2026-06-01T10:00,17.9,48,6.7,16.3,0,0.0,0.0,0.0,0.0,0.0,3,1014.5,985.2,97,41280.0,8.7,23.0,simferopol,2026-06-01T04:50:38.884640
2026-06-01T11:00,18.3,45,6.2,16.1,5,0.0,0.0,0.0,0.0,0.0,3,1014.7,985.5,100,41820.0,8.7,22.7,simferopol,2026-06-01T04:50:38.884640
2026-06-01T12:00,18.8,44,6.3,16.4,10,0.0,0.0,0.0,0.0,0.0,3,1014.6,985.4,99,41920.0,9.9,25.9,simferopol,2026-06-01T04:50:38.884640
2026-06-01T13:00,18.3,46,6.4,15.7,5,0.0,0.0,0.0,0.0,0.0,3,1014.7,985.5,100,41960.0,11.7,28.8,simferopol,2026-06-01T04:50:38.884640
2026-06-01T14:00,16.4,61,8.9,14.3,10,0.0,0.0,0.0,0.0,0.0,3,1015.4,986.0,100,39240.0,12.1,36.0,simferopol,2026-06-01T04:50:38.884640
2026-06-01T15:00,15.5,67,9.4,13.8,0,0.0,0.0,0.0,0.0,0.0,3,1015.8,986.3,100,37960.0,10.1,29.2,simferopol,2026-06-01T04:50:38.884640
2026-06-01T16:00,15.0,71,9.8,13.7,8,0.0,0.0,0.0,0.0,0.0,0,1016.3,986.7,0,36380.0,8.8,23.8,simferopol,2026-06-01T04:50:38.884640
2026-06-01T17:00,14.4,75,10.0,13.6,5,0.0,0.0,0.0,0.0,0.0,1,1016.9,987.2,18,35120.0,5.5,20.5,simferopol,2026-06-01T04:50:38.884640
2026-06-01T18:00,12.9,82,9.9,12.3,3,0.0,0.0,0.0,0.0,0.0,1,1017.9,988.0,37,31040.0,4.3,12.2,simferopol,2026-06-01T04:50:38.884640
2026-06-01T19:00,11.5,88,9.6,10.7,0,0.0,0.0,0.0,0.0,0.0,1,1018.7,988.7,28,22820.0,4.8,10.4,simferopol,2026-06-01T04:50:38.884640
2026-06-01T20:00,10.4,91,9.0,9.4,0,0.0,0.0,0.0,0.0,0.0,0,1018.8,988.7,9,16740.0,4.9,11.2,simferopol,2026-06-01T04:50:38.884640
2026-06-01T21:00,9.5,92,8.3,8.3,0,0.0,0.0,0.0,0.0,0.0,1,1019.3,989.0,17,13600.0,5.1,11.2,simferopol,2026-06-01T04:50:38.884640
2026-06-01T22:00,8.9,93,7.8,7.6,0,0.0,0.0,0.0,0.0,0.0,1,1019.6,989.3,24,12280.0,4.8,11.2,simferopol,2026-06-01T04:50:38.884640
2026-06-01T23:00,8.3,93,7.2,6.9,0,0.0,0.0,0.0,0.0,0.0,1,1020.0,989.6,29,11500.0,5.1,11.2,simferopol,2026-06-01T04:50:38.884640
2026-06-01T00:00,13.8,79,10.2,13.1,13,0.0,0.0,0.0,0.0,0.0,3,1013.0,1011.9,100,33440.0,5.2,15.1,sochi,2026-06-01T04:50:41.471522
2026-06-01T01:00,13.5,84,10.9,12.9,5,0.0,0.0,0.0,0.0,0.0,3,1012.3,1011.2,93,28840.0,6.3,13.3,sochi,2026-06-01T04:50:41.471522
2026-06-01T02:00,13.5,84,10.9,12.5,15,0.0,0.0,0.0,0.0,0.0,3,1012.2,1011.1,100,28660.0,8.7,16.2,sochi,2026-06-01T04:50:41.471522
2026-06-01T03:00,14.0,79,10.5,13.1,40,0.1,0.1,0.0,0.0,0.0,61,1011.8,1010.7,100,33180.0,7.7,16.2,sochi,2026-06-01T04:50:41.471522
2026-06-01T04:00,14.8,76,10.6,13.8,35,0.1,0.1,0.0,0.0,0.0,61,1012.2,1011.1,100,31160.0,7.9,15.1,sochi,2026-06-01T04:50:41.471522
2026-06-01T05:00,16.1,66,9.7,14.8,35,0.1,0.1,0.0,0.0,0.0,61,1012.3,1011.2,100,39440.0,8.1,14.8,sochi,2026-06-01T04:50:41.471522
2026-06-01T06:00,17.1,56,8.3,15.2,35,0.3,0.3,0.0,0.0,0.0,61,1012.4,1011.3,99,41240.0,10.1,19.8,sochi,2026-06-01T04:50:41.471522
2026-06-01T07:00,17.6,59,9.5,16.7,35,0.0,0.0,0.0,0.0,0.0,3,1012.5,1011.4,100,40940.0,5.6,18.4,sochi,2026-06-01T04:50:41.471522
2026-06-01T08:00,18.9,53,9.1,17.1,45,0.0,0.0,0.0,0.0,0.0,3,1012.6,1011.5,99,41400.0,10.6,20.2,sochi,2026-06-01T04:50:41.471522
2026-06-01T09:00,19.1,51,8.8,17.1,43,0.0,0.0,0.0,0.0,0.0,3,1013.0,1011.9,100,41620.0,12.0,24.8,sochi,2026-06-01T04:50:41.471522
2026-06-01T10:00,19.1,50,8.4,17.7,58,0.0,0.0,0.0,0.0,0.0,3,1013.3,1012.2,100,41760.0,6.8,23.4,sochi,2026-06-01T04:50:41.471522
2026-06-01T11:00,17.7,63,10.6,17.3,70,0.6,0.6,0.0,0.0,0.0,61,1013.9,1012.8,100,16680.0,4.3,13.0,sochi,2026-06-01T04:50:41.471522
2026-06-01T12:00,16.7,79,13.1,16.9,73,1.1,1.1,0.0,0.0,0.0,61,1014.7,1013.6,100,19020.0,5.8,10.8,sochi,2026-06-01T04:50:41.471522
2026-06-01T13:00,16.8,74,12.1,17.0,65,0.3,0.3,0.0,0.0,0.0,61,1014.8,1013.7,100,36220.0,3.0,10.8,sochi,2026-06-01T04:50:41.471522
2026-06-01T14:00,17.1,71,11.8,17.5,33,0.0,0.0,0.0,0.0,0.0,3,1014.5,1013.4,100,38280.0,1.5,7.9,sochi,2026-06-01T04:50:41.471522
2026-06-01T15:00,17.3,72,12.2,17.5,18,0.0,0.0,0.0,0.0,0.0,3,1014.7,1013.6,100,37900.0,3.5,6.5,sochi,2026-06-01T04:50:41.471522
2026-06-01T16:00,16.8,78,13.0,17.5,10,0.0,0.0,0.0,0.0,0.0,3,1014.9,1013.8,100,34580.0,2.3,7.6,sochi,2026-06-01T04:50:41.471522
2026-06-01T17:00,16.6,80,13.1,17.5,15,0.0,0.0,0.0,0.0,0.0,3,1015.8,1014.7,100,34540.0,0.8,4.0,sochi,2026-06-01T04:50:41.471522
2026-06-01T18:00,16.1,83,13.2,16.4,30,0.0,0.0,0.0,0.0,0.0,3,1016.7,1015.6,100,30740.0,4.6,7.9,sochi,2026-06-01T04:50:41.471522
2026-06-01T19:00,15.3,87,13.1,15.4,53,0.3,0.2,0.1,0.0,0.0,61,1017.2,1016.1,100,25660.0,5.9,12.2,sochi,2026-06-01T04:50:41.471522
2026-06-01T20:00,15.0,83,12.1,14.6,65,0.5,0.3,0.1,0.0,0.0,61,1017.3,1016.2,100,30620.0,7.4,18.7,sochi,2026-06-01T04:50:41.471522
2026-06-01T21:00,14.6,84,11.9,14.1,55,0.9,0.5,0.3,0.0,0.0,61,1017.7,1016.6,100,19520.0,7.2,19.4,sochi,2026-06-01T04:50:41.471522
2026-06-01T22:00,14.8,83,12.0,14.5,50,0.8,0.8,0.0,0.0,0.0,61,1017.6,1016.5,97,31040.0,6.4,18.7,sochi,2026-06-01T04:50:41.471522
2026-06-01T23:00,14.2,89,12.4,14.3,35,0.0,0.0,0.0,0.0,0.0,2,1018.1,1017.0,71,23540.0,5.2,11.2,sochi,2026-06-01T04:50:41.471522
2026-06-01T00:00,29.5,69,23.3,33.8,1,0.0,0.0,0.0,0.0,0.0,0,1014.8,1012.9,11,23600.0,9.2,15.1,st._petersburg,2026-06-01T04:51:19.336083
2026-06-01T01:00,28.4,74,23.3,33.2,1,0.0,0.0,0.0,0.0,0.0,0,1015.4,1013.4,0,21400.0,5.5,12.2,st._petersburg,2026-06-01T04:51:19.336083
2026-06-01T02:00,27.6,78,23.4,33.0,2,0.0,0.0,0.0,0.0,0.0,0,1015.7,1013.7,0,19300.0,2.6,7.9,st._petersburg,2026-06-01T04:51:19.336083
2026-06-01T03:00,26.5,83,23.4,31.7,2,0.0,0.0,0.0,0.0,0.0,0,1016.3,1014.3,0,16700.0,4.1,7.2,st._petersburg,2026-06-01T04:51:19.336083
2026-06-01T04:00,26.5,84,23.5,31.5,1,0.0,0.0,0.0,0.0,0.0,0,1016.4,1014.4,7,16500.0,5.0,7.6,st._petersburg,2026-06-01T04:51:19.336083
2026-06-01T05:00,26.2,83,23.1,30.8,2,0.0,0.0,0.0,0.0,0.0,1,1016.3,1014.3,40,17100.0,6.2,13.3,st._petersburg,2026-06-01T04:51:19.336083
2026-06-01T06:00,25.8,85,23.1,30.5,5,0.0,0.0,0.0,0.0,0.0,0,1015.8,1013.8,12,16300.0,5.7,14.4,st._petersburg,2026-06-01T04:51:19.336083
2026-06-01T07:00,25.6,87,23.3,30.6,3,0.0,0.0,0.0,0.0,0.0,3,1015.2,1013.2,100,15200.0,4.8,12.6,st._petersburg,2026-06-01T04:51:19.336083
2026-06-01T08:00,25.2,89,23.3,30.1,2,0.0,0.0,0.0,0.0,0.0,3,1014.7,1012.7,100,14200.0,5.8,13.7,st._petersburg,2026-06-01T04:51:19.336083
2026-06-01T09:00,25.0,91,23.4,29.9,2,0.0,0.0,0.0,0.0,0.0,3,1015.2,1013.2,100,13500.0,5.4,14.8,st._petersburg,2026-06-01T04:51:19.336083
2026-06-01T10:00,24.8,91,23.2,29.6,1,0.0,0.0,0.0,0.0,0.0,3,1015.7,1013.7,100,13600.0,5.8,16.9,st._petersburg,2026-06-01T04:51:19.336083
2026-06-01T11:00,24.9,91,23.3,29.7,1,0.0,0.0,0.0,0.0,0.0,3,1015.8,1013.8,100,13600.0,6.1,18.0,st._petersburg,2026-06-01T04:51:19.336083
2026-06-01T12:00,26.8,88,24.6,32.2,2,0.0,0.0,0.0,0.0,0.0,3,1016.2,1014.2,100,14800.0,7.9,20.9,st._petersburg,2026-06-01T04:51:19.336083
2026-06-01T13:00,28.1,78,23.9,32.4,2,0.0,0.0,0.0,0.0,0.0,3,1016.9,1014.9,100,18800.0,11.9,20.9,st._petersburg,2026-06-01T04:51:19.336083
2026-06-01T14:00,29.7,71,23.9,33.6,2,0.0,0.0,0.0,0.0,0.0,3,1016.8,1014.9,100,22100.0,14.6,21.2,st._petersburg,2026-06-01T04:51:19.336083
2026-06-01T15:00,31.0,63,23.1,34.9,4,0.0,0.0,0.0,0.0,0.0,3,1016.7,1014.8,100,26200.0,15.4,20.9,st._petersburg,2026-06-01T04:51:19.336083
2026-06-01T16:00,31.0,62,22.8,33.8,5,0.0,0.0,0.0,0.0,0.0,3,1016.6,1014.7,100,27100.0,17.7,23.8,st._petersburg,2026-06-01T04:51:19.336083
2026-06-01T17:00,29.9,65,22.6,32.8,5,0.0,0.0,0.0,0.0,0.0,3,1016.4,1014.5,100,25000.0,15.5,23.8,st._petersburg,2026-06-01T04:51:19.336083
2026-06-01T18:00,30.8,62,22.6,33.4,6,0.0,0.0,0.0,0.0,0.0,3,1016.0,1014.1,100,26800.0,18.1,24.8,st._petersburg,2026-06-01T04:51:19.336083
2026-06-01T19:00,30.2,62,22.2,32.9,5,0.0,0.0,0.0,0.0,0.0,3,1015.9,1014.0,100,27200.0,16.1,22.7,st._petersburg,2026-06-01T04:51:19.336083
2026-06-01T20:00,30.0,64,22.4,33.0,5,0.0,0.0,0.0,0.0,0.0,3,1015.8,1013.9,100,26000.0,14.4,21.6,st._petersburg,2026-06-01T04:51:19.336083
2026-06-01T21:00,29.6,67,22.9,32.9,5,0.0,0.0,0.0,0.0,0.0,3,1015.4,1013.5,100,23600.0,15.0,21.2,st._petersburg,2026-06-01T04:51:19.336083
2026-06-01T22:00,28.3,74,23.2,31.7,7,0.0,0.0,0.0,0.0,0.0,3,1015.5,1013.5,100,20100.0,15.1,26.6,st._petersburg,2026-06-01T04:51:19.336083
2026-06-01T23:00,28.1,76,23.5,32.1,8,0.0,0.0,0.0,0.0,0.0,3,1015.7,1013.7,100,19500.0,12.9,23.0,st._petersburg,2026-06-01T04:51:19.336083
2026-06-01T00:00,16.4,74,11.8,14.9,2,0.0,0.0,0.0,0.0,0.0,3,1009.7,1008.3,88,25940.0,13.9,37.1,vladivostok,2026-06-01T04:51:21.893131
2026-06-01T01:00,17.8,70,12.3,16.8,0,0.0,0.0,0.0,0.0,0.0,3,1009.2,1007.8,90,28900.0,16.2,36.7,vladivostok,2026-06-01T04:51:21.893131
2026-06-01T02:00,18.5,68,12.5,17.1,0,0.0,0.0,0.0,0.0,0.0,3,1008.5,1007.1,98,28900.0,22.8,46.4,vladivostok,2026-06-01T04:51:21.893131
2026-06-01T03:00,18.1,68,12.1,16.4,0,0.0,0.0,0.0,0.0,0.0,3,1008.2,1006.8,99,28920.0,23.7,49.3,vladivostok,2026-06-01T04:51:21.893131
2026-06-01T04:00,17.9,69,12.0,16.5,4,0.0,0.0,0.0,0.0,0.0,3,1008.0,1006.6,99,28920.0,20.6,47.9,vladivostok,2026-06-01T04:51:21.893131
2026-06-01T05:00,17.4,71,12.1,16.3,10,0.0,0.0,0.0,0.0,0.0,3,1008.2,1006.8,96,28940.0,18.8,43.2,vladivostok,2026-06-01T04:51:21.893131
2026-06-01T06:00,16.7,75,12.2,14.6,14,0.0,0.0,0.0,0.0,0.0,3,1008.6,1007.2,93,9440.0,18.6,40.7,vladivostok,2026-06-01T04:51:21.893131
2026-06-01T07:00,16.3,80,12.9,14.5,13,0.6,0.0,0.6,0.0,0.0,53,1008.2,1006.8,7,26000.0,18.4,39.6,vladivostok,2026-06-01T04:51:21.893131
2026-06-01T08:00,17.0,74,12.4,15.7,11,0.0,0.0,0.0,0.0,0.0,1,1008.2,1006.8,20,26000.0,13.8,36.0,vladivostok,2026-06-01T04:51:21.893131
2026-06-01T09:00,16.2,77,12.1,14.4,8,0.0,0.0,0.0,0.0,0.0,0,1008.2,1006.8,3,26000.0,16.7,32.4,vladivostok,2026-06-01T04:51:21.893131
2026-06-01T10:00,14.4,82,11.4,12.4,6,0.0,0.0,0.0,0.0,0.0,0,1008.7,1007.3,12,22600.0,16.9,33.8,vladivostok,2026-06-01T04:51:21.893131
2026-06-01T11:00,13.5,85,11.0,12.0,4,0.0,0.0,0.0,0.0,0.0,0,1009.2,1007.8,5,20000.0,12.7,32.0,vladivostok,2026-06-01T04:51:21.893131
2026-06-01T12:00,13.2,86,11.0,12.4,2,0.0,0.0,0.0,0.0,0.0,0,1009.9,1008.5,1,20000.0,7.6,23.8,vladivostok,2026-06-01T04:51:21.893131
2026-06-01T13:00,13.0,87,10.9,12.1,1,0.0,0.0,0.0,0.0,0.0,1,1010.3,1008.9,32,20020.0,7.7,14.8,vladivostok,2026-06-01T04:51:21.893131
2026-06-01T14:00,13.2,84,10.6,11.8,0,0.0,0.0,0.0,0.0,0.0,0,1010.6,1009.2,2,22620.0,10.7,18.7,vladivostok,2026-06-01T04:51:21.893131
2026-06-01T15:00,13.5,81,10.3,12.0,0,0.0,0.0,0.0,0.0,0.0,2,1010.1,1008.7,67,22620.0,11.1,23.8,vladivostok,2026-06-01T04:51:21.893131
2026-06-01T16:00,13.1,85,10.7,12.5,0,0.0,0.0,0.0,0.0,0.0,2,1009.9,1008.5,67,22640.0,5.9,20.2,vladivostok,2026-06-01T04:51:21.893131
2026-06-01T17:00,12.9,87,10.8,12.8,0,0.0,0.0,0.0,0.0,0.0,3,1009.6,1008.2,83,22640.0,2.2,11.5,vladivostok,2026-06-01T04:51:21.893131
2026-06-01T18:00,13.1,86,10.8,12.5,0,0.0,0.0,0.0,0.0,0.0,2,1009.5,1008.1,78,22640.0,5.6,11.5,vladivostok,2026-06-01T04:51:21.893131
2026-06-01T19:00,13.3,82,10.3,11.7,1,0.0,0.0,0.0,0.0,0.0,3,1009.1,1007.7,89,22660.0,11.2,21.6,vladivostok,2026-06-01T04:51:21.893131
2026-06-01T20:00,13.5,79,10.0,11.6,2,0.0,0.0,0.0,0.0,0.0,2,1008.7,1007.3,78,26080.0,13.5,26.6,vladivostok,2026-06-01T04:51:21.893131
2026-06-01T21:00,14.2,77,10.2,13.0,2,0.0,0.0,0.0,0.0,0.0,2,1009.0,1007.6,73,26100.0,8.5,26.6,vladivostok,2026-06-01T04:51:21.893131
2026-06-01T22:00,15.2,75,10.7,13.8,1,0.0,0.0,0.0,0.0,0.0,1,1008.8,1007.4,38,26100.0,10.7,23.4,vladivostok,2026-06-01T04:51:21.893131
2026-06-01T23:00,16.1,69,10.5,14.3,0,0.0,0.0,0.0,0.0,0.0,2,1008.5,1007.1,63,29080.0,13.2,30.6,vladivostok,2026-06-01T04:51:21.893131
2026-06-01T00:00,30.9,20,5.1,28.7,0,0.0,0.0,0.0,0.0,0.0,0,1008.8,944.6,0,16240.0,6.4,17.3,riyadh,2026-06-01T04:52:39.842711
2026-06-01T01:00,30.0,21,5.3,27.7,0,0.0,0.0,0.0,0.0,0.0,0,1009.1,944.7,0,16220.0,7.6,16.6,riyadh,2026-06-01T04:52:39.842711
2026-06-01T02:00,29.0,22,5.4,26.9,0,0.0,0.0,0.0,0.0,0.0,0,1009.7,945.0,0,16220.0,6.6,16.9,riyadh,2026-06-01T04:52:39.842711
2026-06-01T03:00,29.0,22,5.5,27.1,0,0.0,0.0,0.0,0.0,0.0,0,1010.3,945.6,0,16220.0,5.7,15.8,riyadh,2026-06-01T04:52:39.842711
2026-06-01T04:00,30.2,21,5.6,28.5,0,0.0,0.0,0.0,0.0,0.0,0,1010.7,946.2,0,16220.0,4.1,13.7,riyadh,2026-06-01T04:52:39.842711
2026-06-01T05:00,32.2,19,5.6,30.3,0,0.0,0.0,0.0,0.0,0.0,0,1010.9,946.8,0,16260.0,5.6,18.4,riyadh,2026-06-01T04:52:39.842711
2026-06-01T06:00,34.5,16,5.1,32.7,0,0.0,0.0,0.0,0.0,0.0,0,1010.9,947.3,0,16260.0,6.2,21.2,riyadh,2026-06-01T04:52:39.842711
2026-06-01T07:00,37.0,13,4.2,36.3,0,0.0,0.0,0.0,0.0,0.0,0,1010.6,947.5,0,16260.0,5.0,21.6,riyadh,2026-06-01T04:52:39.842711
2026-06-01T08:00,39.4,11,3.5,39.6,0,0.0,0.0,0.0,0.0,0.0,0,1010.2,947.6,0,16260.0,3.7,20.2,riyadh,2026-06-01T04:52:39.842711
2026-06-01T09:00,41.2,9,2.5,41.5,0,0.0,0.0,0.0,0.0,0.0,0,1009.1,946.9,0,16300.0,3.8,18.7,riyadh,2026-06-01T04:52:39.842711
2026-06-01T10:00,42.2,8,1.6,42.0,0,0.0,0.0,0.0,0.0,0.0,0,1008.3,946.3,0,16300.0,5.8,22.3,riyadh,2026-06-01T04:52:39.842711
2026-06-01T11:00,42.8,8,0.9,41.9,0,0.0,0.0,0.0,0.0,0.0,0,1007.4,945.6,0,16300.0,6.2,23.8,riyadh,2026-06-01T04:52:39.842711
2026-06-01T12:00,43.1,7,0.1,41.3,0,0.0,0.0,0.0,0.0,0.0,0,1006.6,944.9,0,16300.0,5.5,23.4,riyadh,2026-06-01T04:52:39.842711
2026-06-01T13:00,43.2,7,-0.6,40.2,0,0.0,0.0,0.0,0.0,0.0,0,1006.2,944.5,0,16300.0,4.8,21.2,riyadh,2026-06-01T04:52:39.842711
2026-06-01T14:00,43.0,7,-1.1,39.9,0,0.0,0.0,0.0,0.0,0.0,0,1005.9,944.2,0,16300.0,5.0,19.1,riyadh,2026-06-01T04:52:39.842711
2026-06-01T15:00,42.3,7,-1.5,39.1,0,0.0,0.0,0.0,0.0,0.0,0,1006.1,944.3,0,16300.0,6.1,18.0,riyadh,2026-06-01T04:52:39.842711
2026-06-01T16:00,40.9,7,-1.4,37.7,0,0.0,0.0,0.0,0.0,0.0,0,1006.7,944.6,0,16300.0,6.0,16.9,riyadh,2026-06-01T04:52:39.842711
2026-06-01T17:00,39.7,8,-0.2,37.1,0,0.0,0.0,0.0,0.0,0.0,0,1007.5,945.1,0,16320.0,3.1,13.7,riyadh,2026-06-01T04:52:39.842711
2026-06-01T18:00,38.5,8,-1.2,35.2,0,0.0,0.0,0.0,0.0,0.0,0,1008.2,945.5,0,16320.0,7.1,14.4,riyadh,2026-06-01T04:52:39.842711
2026-06-01T19:00,37.8,8,-1.3,34.1,0,0.0,0.0,0.0,0.0,0.0,0,1008.3,945.5,0,16320.0,9.8,21.6,riyadh,2026-06-01T04:52:39.842711
2026-06-01T20:00,36.8,9,-1.0,33.1,0,0.0,0.0,0.0,0.0,0.0,0,1008.6,945.6,0,16320.0,9.7,21.2,riyadh,2026-06-01T04:52:39.842711
2026-06-01T21:00,35.8,10,-0.8,32.0,0,0.0,0.0,0.0,0.0,0.0,0,1008.4,945.2,0,16320.0,10.0,21.6,riyadh,2026-06-01T04:52:39.842711
2026-06-01T22:00,34.6,11,-0.3,31.0,0,0.0,0.0,0.0,0.0,0.0,0,1008.1,944.7,0,16300.0,9.8,22.3,riyadh,2026-06-01T04:52:39.842711
2026-06-01T23:00,33.6,12,-0.2,30.1,0,0.0,0.0,0.0,0.0,0.0,0,1008.0,944.4,0,16300.0,9.2,22.0,riyadh,2026-06-01T04:52:39.842711
2026-06-01T00:00,21.2,70,15.5,21.3,33,0.0,0.0,0.0,0.0,0.0,3,1012.0,996.9,100,15740.0,11.5,23.0,belgrade,2026-06-01T04:52:42.414661
2026-06-01T01:00,20.9,77,16.7,21.5,28,0.0,0.0,0.0,0.0,0.0,3,1011.8,996.7,100,12800.0,11.5,23.0,belgrade,2026-06-01T04:52:42.414661
2026-06-01T02:00,20.7,79,16.9,21.4,15,0.0,0.0,0.0,0.0,0.0,3,1011.3,996.1,100,50000.0,11.2,23.4,belgrade,2026-06-01T04:52:42.414661
2026-06-01T03:00,20.8,76,16.4,21.2,6,0.0,0.0,0.0,0.0,0.0,3,1011.3,996.2,100,50000.0,12.6,23.4,belgrade,2026-06-01T04:52:42.414661
2026-06-01T04:00,20.7,75,16.1,21.0,4,0.0,0.0,0.0,0.0,0.0,3,1011.6,996.4,99,50000.0,11.9,23.8,belgrade,2026-06-01T04:52:42.414661
2026-06-01T05:00,21.2,71,15.7,21.6,4,0.0,0.0,0.0,0.0,0.0,3,1011.9,996.8,100,15480.0,10.4,23.0,belgrade,2026-06-01T04:52:42.414661
2026-06-01T06:00,21.9,67,15.4,22.1,4,0.0,0.0,0.0,0.0,0.0,3,1012.4,997.3,100,17140.0,11.2,23.4,belgrade,2026-06-01T04:52:42.414661
2026-06-01T07:00,22.0,65,15.1,22.6,2,0.0,0.0,0.0,0.0,0.0,3,1012.1,997.0,100,17880.0,7.9,23.0,belgrade,2026-06-01T04:52:42.414661
2026-06-01T08:00,24.1,57,15.0,24.5,0,0.0,0.0,0.0,0.0,0.0,3,1012.5,997.5,100,21500.0,8.6,22.0,belgrade,2026-06-01T04:52:42.414661
2026-06-01T09:00,25.1,52,14.6,25.5,0,0.0,0.0,0.0,0.0,0.0,3,1012.3,997.4,100,23640.0,7.6,21.6,belgrade,2026-06-01T04:52:42.414661
2026-06-01T10:00,25.8,49,14.3,25.2,1,0.0,0.0,0.0,0.0,0.0,3,1012.3,997.4,100,25260.0,13.7,27.0,belgrade,2026-06-01T04:52:42.414661
2026-06-01T11:00,25.2,52,14.6,23.5,5,0.1,0.1,0.0,0.0,0.0,51,1012.7,997.8,100,7140.0,21.6,42.1,belgrade,2026-06-01T04:52:42.414661
2026-06-01T12:00,23.2,68,17.0,24.5,16,1.3,1.3,0.0,0.0,0.0,61,1012.0,997.0,100,16680.0,7.9,42.1,belgrade,2026-06-01T04:52:42.414661
2026-06-01T13:00,23.5,66,16.8,24.5,41,0.0,0.0,0.0,0.0,0.0,3,1012.3,997.3,100,17380.0,9.7,21.6,belgrade,2026-06-01T04:52:42.414661
2026-06-01T14:00,21.8,68,15.6,22.0,74,1.3,1.3,0.0,0.0,0.0,61,1012.8,997.7,100,16640.0,11.2,29.9,belgrade,2026-06-01T04:52:42.414661
2026-06-01T15:00,20.5,83,17.5,20.6,96,0.7,0.7,0.0,0.0,0.0,53,1013.1,997.9,100,15300.0,18.0,32.8,belgrade,2026-06-01T04:52:42.414661
2026-06-01T16:00,20.2,85,17.5,21.5,99,0.7,0.7,0.0,0.0,0.0,53,1013.0,997.8,100,28320.0,9.4,32.8,belgrade,2026-06-01T04:52:42.414661
2026-06-01T17:00,19.6,88,17.6,20.8,92,1.4,1.4,0.0,0.0,0.0,61,1013.0,997.8,100,13900.0,10.4,22.3,belgrade,2026-06-01T04:52:42.414661
2026-06-01T18:00,18.9,88,16.9,19.4,86,1.7,1.7,0.0,0.0,0.0,61,1013.1,997.8,100,16080.0,13.0,28.1,belgrade,2026-06-01T04:52:42.414661
2026-06-01T19:00,18.8,90,17.1,19.5,88,7.1,7.1,0.0,0.0,0.0,63,1013.6,998.3,100,7260.0,12.2,24.1,belgrade,2026-06-01T04:52:42.414661
2026-06-01T20:00,19.1,89,17.2,19.7,91,0.2,0.2,0.0,0.0,0.0,51,1014.2,998.9,100,7600.0,13.3,25.9,belgrade,2026-06-01T04:52:42.414661
2026-06-01T21:00,18.9,87,16.7,19.6,88,0.0,0.0,0.0,0.0,0.0,3,1014.7,999.4,100,8400.0,11.5,24.5,belgrade,2026-06-01T04:52:42.414661
2026-06-01T22:00,18.7,87,16.5,19.0,75,0.0,0.0,0.0,0.0,0.0,3,1014.8,999.5,100,8640.0,13.3,25.2,belgrade,2026-06-01T04:52:42.414661
2026-06-01T23:00,18.6,85,16.0,18.8,57,0.0,0.0,0.0,0.0,0.0,3,1015.0,999.7,100,9460.0,12.2,26.6,belgrade,2026-06-01T04:52:42.414661
2026-06-01T00:00,27.5,87,25.0,33.4,14,0.1,0.1,0.0,0.0,0.0,51,1011.8,1010.2,79,6760.0,6.3,13.0,singapore,2026-06-01T04:52:44.989931
2026-06-01T01:00,29.3,75,24.4,34.5,19,0.1,0.1,0.0,0.0,0.0,51,1012.2,1010.6,43,10060.0,7.8,19.8,singapore,2026-06-01T04:52:44.989931
2026-06-01T02:00,30.5,70,24.4,35.5,24,0.1,0.1,0.0,0.0,0.0,51,1012.4,1010.8,73,7580.0,8.9,27.0,singapore,2026-06-01T04:52:44.989931
2026-06-01T03:00,30.9,68,24.3,35.9,29,0.1,0.0,0.1,0.0,0.0,51,1012.1,1010.5,95,9360.0,10.3,28.1,singapore,2026-06-01T04:52:44.989931
2026-06-01T04:00,31.4,65,24.1,37.0,34,0.2,0.1,0.1,0.0,0.0,51,1011.5,1009.9,97,9880.0,11.4,32.0,singapore,2026-06-01T04:52:44.989931
2026-06-01T05:00,32.2,61,23.6,38.0,39,0.0,0.0,0.0,0.0,0.0,3,1010.8,1009.2,100,13540.0,11.7,32.0,singapore,2026-06-01T04:52:44.989931
2026-06-01T06:00,32.3,59,23.4,37.5,43,0.1,0.0,0.1,0.0,0.0,51,1010.1,1008.5,100,8340.0,11.6,32.4,singapore,2026-06-01T04:52:44.989931
2026-06-01T07:00,32.4,58,23.1,37.1,45,0.1,0.0,0.1,0.0,0.0,51,1009.1,1007.5,100,8960.0,11.7,31.7,singapore,2026-06-01T04:52:44.989931
2026-06-01T08:00,32.1,59,23.1,36.1,46,0.0,0.0,0.0,0.0,0.0,3,1008.4,1006.8,100,14760.0,11.4,31.7,singapore,2026-06-01T04:52:44.989931
2026-06-01T09:00,31.2,64,23.5,35.3,43,0.4,0.2,0.2,0.0,0.0,51,1008.1,1006.5,96,6200.0,12.0,30.6,singapore,2026-06-01T04:52:44.989931
2026-06-01T10:00,30.9,64,23.4,35.1,34,0.1,0.1,0.0,0.0,0.0,51,1008.4,1006.8,78,7520.0,10.6,29.2,singapore,2026-06-01T04:52:44.989931
2026-06-01T11:00,29.8,70,23.6,34.2,22,0.1,0.1,0.0,0.0,0.0,51,1008.9,1007.3,81,7120.0,10.4,25.2,singapore,2026-06-01T04:52:44.989931
2026-06-01T12:00,29.2,76,24.5,34.2,12,0.1,0.1,0.0,0.0,0.0,51,1009.6,1008.0,81,10700.0,10.0,22.7,singapore,2026-06-01T04:52:44.989931
2026-06-01T13:00,29.0,78,24.8,34.1,7,0.0,0.0,0.0,0.0,0.0,3,1010.5,1008.9,98,12540.0,9.8,19.4,singapore,2026-06-01T04:52:44.989931
2026-06-01T14:00,28.8,79,24.7,34.2,5,0.0,0.0,0.0,0.0,0.0,3,1011.3,1009.7,95,15140.0,8.0,18.7,singapore,2026-06-01T04:52:44.989931
2026-06-01T15:00,28.6,79,24.5,33.9,4,0.0,0.0,0.0,0.0,0.0,3,1011.7,1010.1,91,13660.0,8.1,15.1,singapore,2026-06-01T04:52:44.989931
2026-06-01T16:00,28.5,79,24.6,34.0,2,0.0,0.0,0.0,0.0,0.0,3,1012.1,1010.5,93,13900.0,7.0,15.1,singapore,2026-06-01T04:52:44.989931
2026-06-01T17:00,28.3,81,24.8,33.8,2,0.0,0.0,0.0,0.0,0.0,3,1011.8,1010.2,100,9840.0,7.6,13.7,singapore,2026-06-01T04:52:44.989931
2026-06-01T18:00,28.2,81,24.6,33.5,6,0.0,0.0,0.0,0.0,0.0,3,1011.4,1009.8,98,9920.0,8.5,15.5,singapore,2026-06-01T04:52:44.989931
2026-06-01T19:00,25.7,94,24.6,30.6,19,0.5,0.4,0.1,0.0,0.0,53,1011.0,1009.4,100,3540.0,11.1,23.8,singapore,2026-06-01T04:52:44.989931
2026-06-01T20:00,25.2,96,24.6,30.7,37,0.4,0.4,0.0,0.0,0.0,51,1010.1,1008.5,98,1620.0,6.6,20.9,singapore,2026-06-01T04:52:44.989931
2026-06-01T21:00,25.5,96,24.8,31.5,51,0.0,0.0,0.0,0.0,0.0,3,1010.2,1008.6,99,1720.0,3.6,12.2,singapore,2026-06-01T04:52:44.989931
2026-06-01T22:00,25.5,97,25.0,31.5,56,0.0,0.0,0.0,0.0,0.0,3,1010.6,1009.0,100,2860.0,4.7,7.9,singapore,2026-06-01T04:52:44.989931
2026-06-01T23:00,25.9,96,25.1,32.0,57,0.1,0.1,0.0,0.0,0.0,51,1010.6,1009.0,99,5820.0,4.5,10.1,singapore,2026-06-01T04:52:44.989931
2026-06-01T00:00,18.0,77,14.0,17.9,0,0.0,0.0,0.0,0.0,0.0,3,1011.5,994.0,74,33260.0,10.1,18.7,bratislava,2026-06-01T04:52:47.566135
2026-06-01T01:00,17.8,80,14.3,17.0,0,0.0,0.0,0.0,0.0,0.0,3,1011.5,994.0,100,30360.0,15.6,32.4,bratislava,2026-06-01T04:52:47.566135
2026-06-01T02:00,17.6,83,14.7,17.5,13,0.0,0.0,0.0,0.0,0.0,3,1011.1,993.6,100,27060.0,11.5,32.8,bratislava,2026-06-01T04:52:47.566135
2026-06-01T03:00,17.8,85,15.2,18.1,65,0.1,0.1,0.0,0.0,0.0,61,1010.6,993.1,100,25080.0,9.8,22.7,bratislava,2026-06-01T04:52:47.566135
2026-06-01T04:00,17.7,86,15.4,18.4,85,0.0,0.0,0.0,0.0,0.0,80,1010.9,993.4,100,24840.0,8.3,19.8,bratislava,2026-06-01T04:52:47.566135
2026-06-01T05:00,18.4,79,14.7,18.4,78,0.0,0.0,0.0,0.0,0.0,3,1011.6,994.1,94,31020.0,10.5,21.2,bratislava,2026-06-01T04:52:47.566135
2026-06-01T06:00,18.4,81,15.1,17.8,28,0.2,0.2,0.0,0.0,0.0,61,1012.1,994.6,99,28480.0,15.7,33.1,bratislava,2026-06-01T04:52:47.566135
2026-06-01T07:00,19.0,77,14.9,18.0,30,0.0,0.0,0.0,0.0,0.0,61,1012.2,994.7,100,32200.0,17.7,39.2,bratislava,2026-06-01T04:52:47.566135
2026-06-01T08:00,19.9,67,13.6,18.3,25,0.0,0.0,0.0,0.0,0.0,3,1012.5,995.1,100,37800.0,18.7,38.9,bratislava,2026-06-01T04:52:47.566135
2026-06-01T09:00,21.2,58,12.7,19.3,5,0.0,0.0,0.0,0.0,0.0,3,1012.5,995.2,100,40080.0,18.8,40.0,bratislava,2026-06-01T04:52:47.566135
2026-06-01T10:00,21.7,53,11.7,19.1,15,0.0,0.0,0.0,0.0,0.0,3,1012.7,995.4,100,40640.0,21.6,45.0,bratislava,2026-06-01T04:52:47.566135
2026-06-01T11:00,21.6,53,11.7,18.8,25,0.0,0.0,0.0,0.0,0.0,3,1012.9,995.6,100,40560.0,22.9,47.5,bratislava,2026-06-01T04:52:47.566135
2026-06-01T12:00,20.4,59,12.1,17.3,30,0.0,0.0,0.0,0.0,0.0,3,1013.0,995.6,95,39300.0,25.6,53.3,bratislava,2026-06-01T04:52:47.566135
2026-06-01T13:00,20.2,57,11.5,17.2,45,0.0,0.0,0.0,0.0,0.0,3,1012.8,995.4,88,39940.0,23.8,56.5,bratislava,2026-06-01T04:52:47.566135
2026-06-01T14:00,19.7,60,11.7,17.3,45,0.0,0.0,0.0,0.0,0.0,3,1013.0,995.6,91,39160.0,20.4,51.8,bratislava,2026-06-01T04:52:47.566135
2026-06-01T15:00,19.2,63,12.0,17.9,63,0.0,0.0,0.0,0.0,0.0,3,1013.2,995.7,100,38920.0,13.7,43.9,bratislava,2026-06-01T04:52:47.566135
2026-06-01T16:00,19.6,61,11.9,18.2,55,0.0,0.0,0.0,0.0,0.0,3,1013.4,996.0,100,39360.0,13.7,29.9,bratislava,2026-06-01T04:52:47.566135
2026-06-01T17:00,19.1,65,12.4,18.6,45,0.0,0.0,0.0,0.0,0.0,3,1013.6,996.1,100,38460.0,9.0,32.4,bratislava,2026-06-01T04:52:47.566135
2026-06-01T18:00,18.8,66,12.4,18.3,25,0.0,0.0,0.0,0.0,0.0,3,1013.9,996.4,100,38180.0,8.8,18.0,bratislava,2026-06-01T04:52:47.566135
2026-06-01T19:00,18.6,66,12.2,17.4,8,0.0,0.0,0.0,0.0,0.0,3,1014.2,996.7,89,38220.0,13.0,27.0,bratislava,2026-06-01T04:52:47.566135
2026-06-01T20:00,18.2,69,12.5,17.6,3,0.0,0.0,0.0,0.0,0.0,2,1014.4,996.9,69,37600.0,9.5,26.6,bratislava,2026-06-01T04:52:47.566135
2026-06-01T21:00,17.8,68,11.9,17.3,0,0.0,0.0,0.0,0.0,0.0,1,1014.6,997.0,8,38180.0,7.7,18.0,bratislava,2026-06-01T04:52:47.566135
2026-06-01T22:00,17.5,68,11.5,16.7,0,0.0,0.0,0.0,0.0,0.0,0,1014.9,997.3,0,38240.0,8.7,17.6,bratislava,2026-06-01T04:52:47.566135
2026-06-01T23:00,17.1,69,11.4,16.4,0,0.0,0.0,0.0,0.0,0.0,0,1014.9,997.3,0,38180.0,7.4,16.9,bratislava,2026-06-01T04:52:47.566135
2026-06-01T00:00,10.9,97,10.5,10.7,0,0.0,0.0,0.0,0.0,0.0,2,1016.8,1015.0,75,180.0,2.7,17.6,cape_town,2026-06-01T04:53:25.366526
2026-06-01T01:00,11.0,97,10.5,10.8,0,0.0,0.0,0.0,0.0,0.0,3,1016.6,1014.8,88,180.0,2.3,18.4,cape_town,2026-06-01T04:53:25.366526
2026-06-01T02:00,10.9,96,10.3,10.7,0,0.0,0.0,0.0,0.0,0.0,3,1016.2,1014.4,98,200.0,2.5,21.6,cape_town,2026-06-01T04:53:25.366526
2026-06-01T03:00,10.8,95,10.1,10.0,0,0.0,0.0,0.0,0.0,0.0,3,1015.7,1013.9,99,220.0,6.1,28.1,cape_town,2026-06-01T04:53:25.366526
2026-06-01T04:00,10.9,96,10.2,10.3,0,0.0,0.0,0.0,0.0,0.0,3,1015.3,1013.5,98,240.0,4.2,28.8,cape_town,2026-06-01T04:53:25.366526
2026-06-01T05:00,11.2,94,10.3,11.2,0,0.0,0.0,0.0,0.0,0.0,3,1015.6,1013.8,95,260.0,1.2,28.1,cape_town,2026-06-01T04:53:25.366526
2026-06-01T06:00,11.8,95,11.0,11.6,0,0.0,0.0,0.0,0.0,0.0,3,1016.4,1014.6,99,320.0,3.6,23.8,cape_town,2026-06-01T04:53:25.366526
2026-06-01T07:00,13.6,93,12.5,13.9,0,0.0,0.0,0.0,0.0,0.0,3,1017.2,1015.4,84,520.0,3.4,24.5,cape_town,2026-06-01T04:53:25.366526
2026-06-01T08:00,15.7,88,13.8,16.7,0,0.0,0.0,0.0,0.0,0.0,3,1017.4,1015.6,88,1540.0,1.6,22.3,cape_town,2026-06-01T04:53:25.366526
2026-06-01T09:00,17.5,80,14.0,18.6,0,0.0,0.0,0.0,0.0,0.0,3,1017.7,1015.9,83,39160.0,1.5,19.8,cape_town,2026-06-01T04:53:25.366526
2026-06-01T10:00,18.1,77,14.1,18.9,0,0.0,0.0,0.0,0.0,0.0,3,1017.4,1015.6,100,37740.0,3.7,23.0,cape_town,2026-06-01T04:53:25.366526
2026-06-01T11:00,18.0,81,14.6,18.9,0,0.0,0.0,0.0,0.0,0.0,3,1016.6,1014.8,98,2140.0,4.1,24.1,cape_town,2026-06-01T04:53:25.366526
2026-06-01T12:00,18.3,82,15.1,19.3,0,0.0,0.0,0.0,0.0,0.0,3,1016.2,1014.4,97,860.0,5.1,24.8,cape_town,2026-06-01T04:53:25.366526
2026-06-01T13:00,18.2,83,15.3,19.3,0,0.0,0.0,0.0,0.0,0.0,3,1016.1,1014.3,100,380.0,5.1,24.8,cape_town,2026-06-01T04:53:25.366526
2026-06-01T14:00,17.4,87,15.2,18.3,0,0.0,0.0,0.0,0.0,0.0,3,1016.5,1014.7,98,320.0,5.8,23.4,cape_town,2026-06-01T04:53:25.366526
2026-06-01T15:00,16.6,91,15.1,17.6,0,0.0,0.0,0.0,0.0,0.0,3,1016.8,1015.0,92,320.0,5.1,22.3,cape_town,2026-06-01T04:53:25.366526
2026-06-01T16:00,15.2,97,14.7,16.3,0,0.0,0.0,0.0,0.0,0.0,2,1017.1,1015.3,73,360.0,3.6,19.8,cape_town,2026-06-01T04:53:25.366526
2026-06-01T17:00,14.3,99,14.2,15.2,0,0.0,0.0,0.0,0.0,0.0,3,1017.4,1015.6,87,440.0,3.3,16.2,cape_town,2026-06-01T04:53:25.366526
2026-06-01T18:00,13.9,100,13.9,14.7,0,0.0,0.0,0.0,0.0,0.0,3,1017.8,1016.0,100,400.0,2.9,15.5,cape_town,2026-06-01T04:53:25.366526
2026-06-01T19:00,14.2,98,14.0,15.1,1,0.0,0.0,0.0,0.0,0.0,3,1018.3,1016.5,97,740.0,2.8,14.8,cape_town,2026-06-01T04:53:25.366526
2026-06-01T20:00,14.0,98,13.7,14.9,3,0.0,0.0,0.0,0.0,0.0,3,1018.8,1017.0,91,19900.0,2.1,15.1,cape_town,2026-06-01T04:53:25.366526
2026-06-01T21:00,13.9,99,13.7,14.9,4,0.0,0.0,0.0,0.0,0.0,3,1018.9,1017.1,92,19900.0,1.5,14.0,cape_town,2026-06-01T04:53:25.366526
2026-06-01T22:00,13.6,100,13.5,14.6,2,0.0,0.0,0.0,0.0,0.0,3,1019.1,1017.3,100,360.0,0.9,13.0,cape_town,2026-06-01T04:53:25.366526
2026-06-01T23:00,13.4,100,13.4,14.3,0,0.0,0.0,0.0,0.0,0.0,3,1019.3,1017.5,100,180.0,1.8,12.2,cape_town,2026-06-01T04:53:25.366526
2026-06-01T00:00,10.0,80,6.8,8.5,0,0.0,0.0,0.0,0.0,0.0,0,1026.0,835.1,0,34380.0,4.4,10.8,johannesburg,2026-06-01T04:54:03.189675
2026-06-01T01:00,9.6,80,6.3,8.1,0,0.0,0.0,0.0,0.0,0.0,0,1025.9,834.8,0,34400.0,4.6,7.2,johannesburg,2026-06-01T04:54:03.189675
2026-06-01T02:00,9.2,81,6.2,7.7,0,0.0,0.0,0.0,0.0,0.0,0,1025.7,834.4,0,34440.0,4.0,8.6,johannesburg,2026-06-01T04:54:03.189675
2026-06-01T03:00,8.9,81,5.9,7.4,0,0.0,0.0,0.0,0.0,0.0,0,1025.6,834.2,0,34460.0,3.5,6.8,johannesburg,2026-06-01T04:54:03.189675
2026-06-01T04:00,8.5,83,5.8,7.0,0,0.0,0.0,0.0,0.0,0.0,0,1025.9,834.1,0,34440.0,3.2,5.8,johannesburg,2026-06-01T04:54:03.189675
2026-06-01T05:00,7.9,86,5.7,6.4,0,0.0,0.0,0.0,0.0,0.0,0,1026.1,834.0,0,30540.0,3.1,5.8,johannesburg,2026-06-01T04:54:03.189675
2026-06-01T06:00,9.6,84,6.9,8.2,0,0.0,0.0,0.0,0.0,0.0,0,1026.7,835.4,0,30500.0,4.4,9.0,johannesburg,2026-06-01T04:54:03.189675
2026-06-01T07:00,12.2,73,7.5,11.2,0,0.0,0.0,0.0,0.0,0.0,0,1027.2,837.4,0,34300.0,2.3,10.8,johannesburg,2026-06-01T04:54:03.189675
2026-06-01T08:00,14.4,57,6.0,13.0,0,0.0,0.0,0.0,0.0,0.0,0,1026.9,838.5,0,40360.0,3.1,13.7,johannesburg,2026-06-01T04:54:03.189675
2026-06-01T09:00,16.0,44,3.8,14.3,0,0.0,0.0,0.0,0.0,0.0,0,1026.0,838.6,0,44440.0,4.0,16.6,johannesburg,2026-06-01T04:54:03.189675
2026-06-01T10:00,16.9,37,2.2,15.3,0,0.0,0.0,0.0,0.0,0.0,0,1024.9,838.2,0,47700.0,4.0,17.3,johannesburg,2026-06-01T04:54:03.189675
2026-06-01T11:00,17.4,35,1.7,15.9,0,0.0,0.0,0.0,0.0,0.0,0,1023.7,837.5,0,47840.0,3.3,16.9,johannesburg,2026-06-01T04:54:03.189675
2026-06-01T12:00,17.7,33,1.2,15.9,0,0.0,0.0,0.0,0.0,0.0,0,1022.5,836.7,0,47980.0,2.8,15.5,johannesburg,2026-06-01T04:54:03.189675
2026-06-01T13:00,17.7,32,1.0,15.4,0,0.0,0.0,0.0,0.0,0.0,0,1022.0,836.3,0,48040.0,2.5,13.7,johannesburg,2026-06-01T04:54:03.189675
2026-06-01T14:00,17.3,33,0.9,14.9,0,0.0,0.0,0.0,0.0,0.0,0,1022.2,836.3,2,48000.0,3.1,11.9,johannesburg,2026-06-01T04:54:03.189675
2026-06-01T15:00,15.7,46,4.1,13.7,0,0.0,0.0,0.0,0.0,0.0,0,1022.5,835.6,1,47960.0,3.9,9.7,johannesburg,2026-06-01T04:54:03.189675
2026-06-01T16:00,13.8,51,3.7,11.6,0,0.0,0.0,0.0,0.0,0.0,0,1023.2,835.0,0,44760.0,4.7,10.8,johannesburg,2026-06-01T04:54:03.189675
2026-06-01T17:00,13.1,54,4.1,11.6,0,0.0,0.0,0.0,0.0,0.0,0,1024.0,835.3,0,44700.0,0.7,9.4,johannesburg,2026-06-01T04:54:03.189675
2026-06-01T18:00,12.1,59,4.3,10.2,0,0.0,0.0,0.0,0.0,0.0,0,1024.2,834.9,0,40660.0,4.0,7.6,johannesburg,2026-06-01T04:54:03.189675
2026-06-01T19:00,11.4,67,5.5,9.6,0,0.0,0.0,0.0,0.0,0.0,0,1024.4,834.7,0,40660.0,5.0,9.4,johannesburg,2026-06-01T04:54:03.189675
2026-06-01T20:00,10.9,70,5.7,9.4,0,0.0,0.0,0.0,0.0,0.0,0,1024.6,834.5,0,37760.0,3.2,8.6,johannesburg,2026-06-01T04:54:03.189675
2026-06-01T21:00,10.2,71,5.2,8.4,0,0.0,0.0,0.0,0.0,0.0,0,1024.6,834.1,0,37760.0,4.4,7.9,johannesburg,2026-06-01T04:54:03.189675
2026-06-01T22:00,9.9,66,3.8,7.6,0,0.0,0.0,0.0,0.0,0.0,0,1024.5,833.8,0,40700.0,5.5,10.4,johannesburg,2026-06-01T04:54:03.189675
2026-06-01T23:00,9.7,65,3.4,7.3,0,0.0,0.0,0.0,0.0,0.0,0,1024.0,833.3,0,40760.0,5.6,10.8,johannesburg,2026-06-01T04:54:03.189675
2026-06-01T00:00,20.7,57,11.9,21.0,0,0.0,0.0,0.0,0.0,0.0,1,1014.6,1010.7,47,25600.0,1.9,14.4,seoul,2026-06-01T04:55:21.168725
2026-06-01T01:00,23.3,51,12.6,24.0,0,0.0,0.0,0.0,0.0,0.0,1,1014.5,1010.7,36,25620.0,1.8,21.2,seoul,2026-06-01T04:55:21.168725
2026-06-01T02:00,25.5,45,12.7,26.9,0,0.0,0.0,0.0,0.0,0.0,2,1014.4,1010.6,53,25640.0,2.2,28.4,seoul,2026-06-01T04:55:21.168725
2026-06-01T03:00,26.7,41,12.4,27.4,0,0.0,0.0,0.0,0.0,0.0,2,1014.0,1010.2,59,25640.0,3.8,34.6,seoul,2026-06-01T04:55:21.168725
2026-06-01T04:00,27.7,41,13.3,29.2,0,0.0,0.0,0.0,0.0,0.0,1,1013.7,1009.9,40,25640.0,4.4,36.7,seoul,2026-06-01T04:55:21.168725
2026-06-01T05:00,27.8,43,14.1,29.5,0,0.0,0.0,0.0,0.0,0.0,2,1013.2,1009.4,70,25620.0,6.3,34.9,seoul,2026-06-01T04:55:21.168725
2026-06-01T06:00,26.7,47,14.5,27.8,0,0.0,0.0,0.0,0.0,0.0,3,1012.9,1009.1,88,25620.0,6.2,33.5,seoul,2026-06-01T04:55:21.168725
2026-06-01T07:00,26.0,45,13.1,26.1,0,0.0,0.0,0.0,0.0,0.0,2,1012.7,1008.9,70,25620.0,6.3,34.2,seoul,2026-06-01T04:55:21.168725
2026-06-01T08:00,24.9,46,12.5,25.0,0,0.0,0.0,0.0,0.0,0.0,2,1012.7,1008.9,61,25620.0,5.2,33.8,seoul,2026-06-01T04:55:21.168725
2026-06-01T09:00,23.6,48,12.0,23.7,0,0.0,0.0,0.0,0.0,0.0,3,1012.4,1008.6,82,25620.0,4.0,29.5,seoul,2026-06-01T04:55:21.168725
2026-06-01T10:00,22.4,54,12.7,22.9,0,0.0,0.0,0.0,0.0,0.0,1,1012.0,1008.1,26,22380.0,3.0,23.0,seoul,2026-06-01T04:55:21.168725
2026-06-01T11:00,21.0,61,13.2,21.7,0,0.0,0.0,0.0,0.0,0.0,2,1012.3,1008.4,72,22380.0,1.8,14.0,seoul,2026-06-01T04:55:21.168725
2026-06-01T12:00,19.9,70,14.3,21.1,0,0.0,0.0,0.0,0.0,0.0,1,1012.6,1008.7,46,19520.0,1.8,11.9,seoul,2026-06-01T04:55:21.168725
2026-06-01T13:00,19.1,71,13.8,20.1,0,0.0,0.0,0.0,0.0,0.0,3,1012.9,1009.0,96,19520.0,2.1,6.5,seoul,2026-06-01T04:55:21.168725
2026-06-01T14:00,18.4,78,14.5,19.7,0,0.0,0.0,0.0,0.0,0.0,1,1012.7,1008.8,40,17680.0,1.0,11.5,seoul,2026-06-01T04:55:21.168725
2026-06-01T15:00,17.8,75,13.3,18.4,0,0.0,0.0,0.0,0.0,0.0,0,1012.3,1008.4,0,17680.0,3.1,11.9,seoul,2026-06-01T04:55:21.168725
2026-06-01T16:00,16.9,80,13.5,17.5,0,0.0,0.0,0.0,0.0,0.0,0,1012.0,1008.1,0,15780.0,4.0,8.6,seoul,2026-06-01T04:55:21.168725
2026-06-01T17:00,16.6,78,12.8,17.0,0,0.0,0.0,0.0,0.0,0.0,0,1011.5,1007.6,0,15780.0,3.4,8.3,seoul,2026-06-01T04:55:21.168725
2026-06-01T18:00,16.4,76,12.2,16.6,0,0.0,0.0,0.0,0.0,0.0,0,1011.0,1007.1,0,15780.0,3.4,6.5,seoul,2026-06-01T04:55:21.168725
2026-06-01T19:00,15.7,78,11.9,15.8,0,0.0,0.0,0.0,0.0,0.0,0,1010.5,1006.6,0,15780.0,3.6,8.6,seoul,2026-06-01T04:55:21.168725
2026-06-01T20:00,15.2,78,11.4,15.1,0,0.0,0.0,0.0,0.0,0.0,0,1010.2,1006.3,0,15780.0,3.7,8.6,seoul,2026-06-01T04:55:21.168725
2026-06-01T21:00,15.3,76,11.1,15.2,0,0.0,0.0,0.0,0.0,0.0,0,1010.5,1006.6,0,15780.0,3.7,7.2,seoul,2026-06-01T04:55:21.168725
2026-06-01T22:00,16.7,71,11.4,16.5,0,0.0,0.0,0.0,0.0,0.0,0,1010.0,1006.1,0,17700.0,4.1,10.4,seoul,2026-06-01T04:55:21.168725
2026-06-01T23:00,18.8,67,12.6,19.2,0,0.0,0.0,0.0,0.0,0.0,0,1009.6,1005.7,0,22400.0,2.9,14.0,seoul,2026-06-01T04:55:21.168725
2026-06-01T00:00,21.4,91,19.9,24.9,0,0.0,0.0,0.0,0.0,0.0,2,1017.9,1015.5,86,19420.0,2.1,6.1,barcelona,2026-06-01T04:55:23.747244
2026-06-01T01:00,21.1,93,20.0,24.5,0,0.0,0.0,0.0,0.0,0.0,3,1017.9,1015.5,89,15780.0,2.9,7.9,barcelona,2026-06-01T04:55:23.747244
2026-06-01T02:00,21.1,95,20.3,24.6,0,0.0,0.0,0.0,0.0,0.0,3,1017.7,1015.3,86,9600.0,3.5,9.0,barcelona,2026-06-01T04:55:23.747244
2026-06-01T03:00,21.0,95,20.2,24.5,0,0.0,0.0,0.0,0.0,0.0,3,1017.2,1014.8,80,9880.0,3.2,9.4,barcelona,2026-06-01T04:55:23.747244
2026-06-01T04:00,20.8,96,20.2,24.3,0,0.0,0.0,0.0,0.0,0.0,2,1017.1,1014.7,77,7520.0,3.6,8.6,barcelona,2026-06-01T04:55:23.747244
2026-06-01T05:00,20.8,96,20.2,24.3,0,0.0,0.0,0.0,0.0,0.0,45,1017.4,1015.0,85,5580.0,3.4,8.6,barcelona,2026-06-01T04:55:23.747244
2026-06-01T06:00,21.3,91,19.8,24.6,0,0.0,0.0,0.0,0.0,0.0,2,1017.7,1015.3,70,15620.0,3.7,10.8,barcelona,2026-06-01T04:55:23.747244
2026-06-01T07:00,22.3,82,19.1,24.9,0,0.0,0.0,0.0,0.0,0.0,2,1018.0,1015.6,67,26540.0,5.4,14.8,barcelona,2026-06-01T04:55:23.747244
2026-06-01T08:00,23.2,77,19.0,25.5,0,0.0,0.0,0.0,0.0,0.0,2,1018.4,1016.1,75,30580.0,7.5,18.7,barcelona,2026-06-01T04:55:23.747244
2026-06-01T09:00,24.1,73,19.0,26.1,0,0.0,0.0,0.0,0.0,0.0,2,1018.6,1016.3,74,33420.0,9.2,23.4,barcelona,2026-06-01T04:55:23.747244
2026-06-01T10:00,24.8,70,18.9,27.1,0,0.0,0.0,0.0,0.0,0.0,2,1018.4,1016.1,68,35020.0,10.6,26.6,barcelona,2026-06-01T04:55:23.747244
2026-06-01T11:00,25.4,67,18.8,27.9,0,0.0,0.0,0.0,0.0,0.0,2,1018.0,1015.7,58,36240.0,12.4,30.6,barcelona,2026-06-01T04:55:23.747244
2026-06-01T12:00,25.6,67,19.0,28.4,0,0.0,0.0,0.0,0.0,0.0,2,1017.4,1015.1,51,35660.0,14.0,34.6,barcelona,2026-06-01T04:55:23.747244
2026-06-01T13:00,25.7,67,19.1,28.5,0,0.0,0.0,0.0,0.0,0.0,2,1016.5,1014.2,44,35480.0,15.3,37.1,barcelona,2026-06-01T04:55:23.747244
2026-06-01T14:00,25.8,68,19.5,28.2,0,0.0,0.0,0.0,0.0,0.0,2,1015.7,1013.4,63,34960.0,16.9,39.6,barcelona,2026-06-01T04:55:23.747244
2026-06-01T15:00,25.6,68,19.2,27.2,0,0.0,0.0,0.0,0.0,0.0,2,1014.9,1012.6,56,35380.0,17.7,42.8,barcelona,2026-06-01T04:55:23.747244
2026-06-01T16:00,25.3,69,19.2,26.2,0,0.0,0.0,0.0,0.0,0.0,1,1014.6,1012.3,34,35220.0,17.6,41.4,barcelona,2026-06-01T04:55:23.747244
2026-06-01T17:00,24.8,71,19.2,25.9,0,0.0,0.0,0.0,0.0,0.0,1,1014.1,1011.8,33,34560.0,15.6,41.0,barcelona,2026-06-01T04:55:23.747244
2026-06-01T18:00,24.0,81,20.5,26.2,0,0.0,0.0,0.0,0.0,0.0,3,1014.1,1011.8,98,26900.0,13.1,36.4,barcelona,2026-06-01T04:55:23.747244
2026-06-01T19:00,23.3,82,20.0,25.9,0,0.0,0.0,0.0,0.0,0.0,3,1014.0,1011.7,100,27280.0,8.8,30.6,barcelona,2026-06-01T04:55:23.747244
2026-06-01T20:00,22.8,85,20.1,26.0,0,0.0,0.0,0.0,0.0,0.0,3,1014.2,1011.9,100,25420.0,5.1,19.4,barcelona,2026-06-01T04:55:23.747244
2026-06-01T21:00,22.4,88,20.3,26.1,0,0.0,0.0,0.0,0.0,0.0,2,1014.8,1012.5,72,22380.0,2.3,13.3,barcelona,2026-06-01T04:55:23.747244
2026-06-01T22:00,21.9,92,20.6,25.8,0,0.0,0.0,0.0,0.0,0.0,3,1014.9,1012.6,87,17760.0,1.6,6.1,barcelona,2026-06-01T04:55:23.747244
2026-06-01T23:00,21.7,94,20.7,25.6,0,0.0,0.0,0.0,0.0,0.0,3,1014.8,1012.5,86,14020.0,1.6,7.2,barcelona,2026-06-01T04:55:23.747244
2026-06-01T00:00,16.8,78,12.9,15.9,0,0.0,0.0,0.0,0.0,0.0,0,1022.7,1020.4,0,30600.0,3.8,7.9,bilbao,2026-06-01T04:55:26.305543
2026-06-01T01:00,15.9,71,10.7,14.9,0,0.0,0.0,0.0,0.0,0.0,2,1022.2,1019.9,57,30600.0,2.3,8.6,bilbao,2026-06-01T04:55:26.305543
2026-06-01T02:00,15.4,70,10.0,14.8,0,0.0,0.0,0.0,0.0,0.0,3,1021.8,1019.5,100,25900.0,3.1,9.0,bilbao,2026-06-01T04:55:26.305543
2026-06-01T03:00,14.9,70,9.5,13.8,0,0.0,0.0,0.0,0.0,0.0,3,1021.4,1019.1,100,25900.0,4.5,13.3,bilbao,2026-06-01T04:55:26.305543
2026-06-01T04:00,14.7,69,9.1,13.5,0,0.0,0.0,0.0,0.0,0.0,3,1021.1,1018.8,100,25900.0,4.3,13.3,bilbao,2026-06-01T04:55:26.305543
2026-06-01T05:00,14.2,71,9.0,13.5,0,0.0,0.0,0.0,0.0,0.0,1,1020.8,1018.5,23,25900.0,3.3,11.9,bilbao,2026-06-01T04:55:26.305543
2026-06-01T06:00,15.1,65,8.5,14.6,0,0.0,0.0,0.0,0.0,0.0,3,1021.0,1018.7,84,38420.0,0.4,7.6,bilbao,2026-06-01T04:55:26.305543
2026-06-01T07:00,17.2,56,8.4,17.0,0,0.0,0.0,0.0,0.0,0.0,3,1021.0,1018.7,100,38420.0,0.5,6.5,bilbao,2026-06-01T04:55:26.305543
2026-06-01T08:00,18.9,55,9.6,19.1,0,0.0,0.0,0.0,0.0,0.0,2,1020.6,1018.3,56,41880.0,2.5,10.6,bilbao,2026-06-01T04:55:26.305543
2026-06-01T09:00,20.6,59,12.3,21.4,0,0.0,0.0,0.0,0.0,0.0,3,1019.9,1017.7,100,41880.0,2.5,11.0,bilbao,2026-06-01T04:55:26.305543
2026-06-01T10:00,22.4,58,13.7,23.5,0,0.0,0.0,0.0,0.0,0.0,3,1019.3,1017.1,100,44980.0,2.5,13.7,bilbao,2026-06-01T04:55:26.305543
2026-06-01T11:00,24.3,54,14.4,25.1,0,0.0,0.0,0.0,0.0,0.0,3,1018.5,1016.3,95,44980.0,4.2,17.6,bilbao,2026-06-01T04:55:26.305543
2026-06-01T12:00,25.5,51,14.6,26.2,0,0.0,0.0,0.0,0.0,0.0,3,1017.8,1015.6,100,44980.0,6.0,20.2,bilbao,2026-06-01T04:55:26.305543
2026-06-01T13:00,26.4,50,15.1,26.8,0,0.0,0.0,0.0,0.0,0.0,3,1017.2,1015.0,99,44980.0,8.9,22.3,bilbao,2026-06-01T04:55:26.305543
2026-06-01T14:00,26.7,51,15.7,27.0,0,0.0,0.0,0.0,0.0,0.0,2,1016.8,1014.6,78,41860.0,10.9,27.7,bilbao,2026-06-01T04:55:26.305543
2026-06-01T15:00,25.2,54,15.2,25.1,0,0.0,0.0,0.0,0.0,0.0,1,1016.7,1014.5,22,41860.0,12.6,28.1,bilbao,2026-06-01T04:55:26.305543
2026-06-01T16:00,24.5,55,14.9,24.3,0,0.0,0.0,0.0,0.0,0.0,3,1016.7,1014.5,98,41860.0,12.8,28.4,bilbao,2026-06-01T04:55:26.305543
2026-06-01T17:00,23.0,61,15.1,22.9,0,0.0,0.0,0.0,0.0,0.0,3,1017.0,1014.8,84,27780.0,12.3,30.6,bilbao,2026-06-01T04:55:26.305543
2026-06-01T18:00,22.1,64,15.0,22.4,0,0.0,0.0,0.0,0.0,0.0,0,1016.4,1014.2,0,23200.0,9.2,27.4,bilbao,2026-06-01T04:55:26.305543
2026-06-01T19:00,21.2,69,15.2,21.8,0,0.0,0.0,0.0,0.0,0.0,0,1016.3,1014.1,2,17940.0,7.9,20.5,bilbao,2026-06-01T04:55:26.305543
2026-06-01T20:00,19.9,76,15.5,20.5,0,0.0,0.0,0.0,0.0,0.0,0,1016.9,1014.6,6,14400.0,8.5,18.7,bilbao,2026-06-01T04:55:26.305543
2026-06-01T21:00,19.1,80,15.5,20.2,0,0.0,0.0,0.0,0.0,0.0,1,1017.2,1014.9,27,13320.0,5.0,17.3,bilbao,2026-06-01T04:55:26.305543
2026-06-01T22:00,18.8,81,15.4,20.2,0,0.0,0.0,0.0,0.0,0.0,3,1016.7,1014.4,100,14080.0,2.5,10.4,bilbao,2026-06-01T04:55:26.305543
2026-06-01T23:00,18.5,82,15.4,19.8,0,0.0,0.0,0.0,0.0,0.0,3,1016.5,1014.2,100,25880.0,3.8,7.9,bilbao,2026-06-01T04:55:26.305543
2026-06-01T00:00,15.8,90,14.1,16.0,0,0.0,0.0,0.0,0.0,0.0,2,1019.1,972.8,59,42840.0,7.6,16.9,cordoba,2026-06-01T04:55:28.924141
2026-06-01T01:00,15.4,92,14.1,15.7,0,0.0,0.0,0.0,0.0,0.0,3,1020.0,973.6,87,38880.0,7.4,13.7,cordoba,2026-06-01T04:55:28.924141
2026-06-01T02:00,15.6,91,14.2,15.9,0,0.0,0.0,0.0,0.0,0.0,3,1020.0,973.6,93,39220.0,7.9,14.8,cordoba,2026-06-01T04:55:28.924141
2026-06-01T03:00,15.9,90,14.2,16.1,0,0.0,0.0,0.0,0.0,0.0,3,1020.4,974.1,91,18860.0,7.7,14.4,cordoba,2026-06-01T04:55:28.924141
2026-06-01T04:00,15.9,90,14.2,16.1,7,0.0,0.0,0.0,0.0,0.0,3,1020.5,974.2,100,29900.0,8.1,15.1,cordoba,2026-06-01T04:55:28.924141
2026-06-01T05:00,15.8,91,14.2,15.9,17,0.0,0.0,0.0,0.0,0.0,3,1020.3,973.9,100,21600.0,8.3,15.8,cordoba,2026-06-01T04:55:28.924141
2026-06-01T06:00,15.6,92,14.2,15.7,24,0.0,0.0,0.0,0.0,0.0,3,1020.0,973.6,97,22560.0,8.6,16.6,cordoba,2026-06-01T04:55:28.924141
2026-06-01T07:00,14.8,96,14.1,14.9,24,0.0,0.0,0.0,0.0,0.0,3,1019.6,973.1,99,29460.0,8.0,16.6,cordoba,2026-06-01T04:55:28.924141
2026-06-01T08:00,14.4,98,14.1,14.5,21,0.0,0.0,0.0,0.0,0.0,3,1019.7,973.2,100,6220.0,8.7,17.6,cordoba,2026-06-01T04:55:28.924141
2026-06-01T09:00,14.4,98,14.1,14.6,20,0.5,0.5,0.0,0.0,0.0,53,1019.8,973.3,100,6640.0,7.7,18.0,cordoba,2026-06-01T04:55:28.924141
2026-06-01T10:00,14.4,99,14.2,14.7,23,0.2,0.2,0.0,0.0,0.0,51,1020.0,973.4,100,9680.0,7.2,14.4,cordoba,2026-06-01T04:55:28.924141
2026-06-01T11:00,14.4,99,14.2,14.8,27,0.0,0.0,0.0,0.0,0.0,3,1020.4,973.8,100,26440.0,7.1,13.3,cordoba,2026-06-01T04:55:28.924141
2026-06-01T12:00,14.6,99,14.5,15.0,33,0.0,0.0,0.0,0.0,0.0,3,1021.0,974.4,100,27320.0,7.8,15.5,cordoba,2026-06-01T04:55:28.924141
2026-06-01T13:00,15.2,97,14.7,15.5,42,0.0,0.0,0.0,0.0,0.0,3,1021.7,975.2,100,1840.0,8.8,20.5,cordoba,2026-06-01T04:55:28.924141
2026-06-01T14:00,15.9,91,14.5,16.3,53,0.0,0.0,0.0,0.0,0.0,3,1022.2,975.8,100,12900.0,7.7,20.5,cordoba,2026-06-01T04:55:28.924141
2026-06-01T15:00,16.0,91,14.6,16.3,61,0.1,0.1,0.0,0.0,0.0,51,1022.1,975.7,100,10840.0,8.8,20.5,cordoba,2026-06-01T04:55:28.924141
2026-06-01T16:00,16.4,89,14.6,16.4,65,0.1,0.1,0.0,0.0,0.0,51,1021.3,975.0,100,14080.0,10.6,24.8,cordoba,2026-06-01T04:55:28.924141
2026-06-01T17:00,17.2,84,14.6,17.1,65,0.1,0.1,0.0,0.0,0.0,51,1020.4,974.3,98,22480.0,10.8,27.0,cordoba,2026-06-01T04:55:28.924141
2026-06-01T18:00,18.5,76,14.3,18.1,61,0.1,0.0,0.1,0.0,0.0,51,1019.5,973.6,92,31580.0,12.7,30.2,cordoba,2026-06-01T04:55:28.924141
2026-06-01T19:00,18.8,74,13.9,18.0,48,0.0,0.0,0.0,0.0,0.0,3,1019.0,973.2,98,53600.0,14.1,32.4,cordoba,2026-06-01T04:55:28.924141
2026-06-01T20:00,18.4,73,13.5,17.6,30,0.0,0.0,0.0,0.0,0.0,3,1018.8,972.9,98,22440.0,12.9,32.4,cordoba,2026-06-01T04:55:28.924141
2026-06-01T21:00,17.5,79,13.9,17.0,22,0.0,0.0,0.0,0.0,0.0,3,1018.9,972.9,80,18580.0,11.7,28.1,cordoba,2026-06-01T04:55:28.924141
2026-06-01T22:00,16.3,87,14.1,15.8,34,0.1,0.0,0.1,0.0,0.0,51,1019.6,973.4,88,11040.0,12.5,24.5,cordoba,2026-06-01T04:55:28.924141
2026-06-01T23:00,15.7,91,14.1,15.1,55,0.1,0.1,0.0,0.0,0.0,51,1020.5,974.1,100,11960.0,13.7,27.0,cordoba,2026-06-01T04:55:28.924141
2026-06-01T00:00,16.5,82,13.4,16.3,0,0.0,0.0,0.0,0.0,0.0,3,1022.6,1020.1,98,29980.0,10.0,14.4,donostia-san_sebastian,2026-06-01T04:55:31.493429
2026-06-01T01:00,16.1,83,13.2,16.3,0,0.0,0.0,0.0,0.0,0.0,2,1022.0,1019.5,69,25280.0,9.2,13.0,donostia-san_sebastian,2026-06-01T04:55:31.493429
2026-06-01T02:00,15.7,84,13.0,15.8,0,0.0,0.0,0.0,0.0,0.0,3,1021.7,1019.2,100,1600.0,9.2,14.0,donostia-san_sebastian,2026-06-01T04:55:31.493429
2026-06-01T03:00,15.5,83,12.7,15.5,0,0.0,0.0,0.0,0.0,0.0,3,1021.5,1019.0,100,24080.0,9.0,14.0,donostia-san_sebastian,2026-06-01T04:55:31.493429
2026-06-01T04:00,15.5,81,12.2,15.3,0,0.0,0.0,0.0,0.0,0.0,3,1021.1,1018.6,100,3440.0,10.7,16.6,donostia-san_sebastian,2026-06-01T04:55:31.493429
2026-06-01T05:00,15.3,83,12.4,15.5,0,0.0,0.0,0.0,0.0,0.0,3,1020.7,1018.2,100,3000.0,7.6,14.4,donostia-san_sebastian,2026-06-01T04:55:31.493429
2026-06-01T06:00,16.1,78,12.3,16.6,0,0.0,0.0,0.0,0.0,0.0,3,1020.7,1018.2,98,20260.0,5.1,11.5,donostia-san_sebastian,2026-06-01T04:55:31.493429
2026-06-01T07:00,17.4,75,12.9,18.5,0,0.0,0.0,0.0,0.0,0.0,3,1020.6,1018.1,100,34440.0,2.4,8.6,donostia-san_sebastian,2026-06-01T04:55:31.493429
2026-06-01T08:00,17.9,78,13.9,19.0,0,0.0,0.0,0.0,0.0,0.0,3,1020.5,1018.0,100,38540.0,5.6,12.5,donostia-san_sebastian,2026-06-01T04:55:31.493429
2026-06-01T09:00,18.4,78,14.4,19.3,0,0.0,0.0,0.0,0.0,0.0,3,1020.1,1017.6,100,17320.0,6.0,13.5,donostia-san_sebastian,2026-06-01T04:55:31.493429
2026-06-01T10:00,19.1,76,14.8,19.8,0,0.0,0.0,0.0,0.0,0.0,3,1019.8,1017.3,100,18540.0,7.8,16.0,donostia-san_sebastian,2026-06-01T04:55:31.493429
2026-06-01T11:00,19.6,75,15.1,20.0,0,0.0,0.0,0.0,0.0,0.0,3,1019.3,1016.8,100,13400.0,9.0,17.6,donostia-san_sebastian,2026-06-01T04:55:31.493429
2026-06-01T12:00,20.0,74,15.3,20.3,0,0.0,0.0,0.0,0.0,0.0,3,1018.6,1016.1,100,13820.0,10.4,20.2,donostia-san_sebastian,2026-06-01T04:55:31.493429
2026-06-01T13:00,20.2,74,15.5,20.5,0,0.0,0.0,0.0,0.0,0.0,3,1018.0,1015.5,100,15640.0,10.9,20.5,donostia-san_sebastian,2026-06-01T04:55:31.493429
2026-06-01T14:00,20.3,74,15.5,20.7,0,0.0,0.0,0.0,0.0,0.0,3,1017.7,1015.2,100,20880.0,10.5,20.2,donostia-san_sebastian,2026-06-01T04:55:31.493429
2026-06-01T15:00,20.4,75,15.8,20.9,0,0.0,0.0,0.0,0.0,0.0,3,1017.3,1014.8,100,21580.0,10.1,19.8,donostia-san_sebastian,2026-06-01T04:55:31.493429
2026-06-01T16:00,20.3,75,15.8,20.9,0,0.0,0.0,0.0,0.0,0.0,3,1016.9,1014.4,100,38520.0,9.7,19.4,donostia-san_sebastian,2026-06-01T04:55:31.493429
2026-06-01T17:00,20.2,77,16.1,21.0,0,0.0,0.0,0.0,0.0,0.0,3,1017.1,1014.6,95,38520.0,8.9,18.4,donostia-san_sebastian,2026-06-01T04:55:31.493429
2026-06-01T18:00,20.1,77,15.9,21.2,0,0.0,0.0,0.0,0.0,0.0,3,1016.6,1014.1,100,12100.0,6.0,16.2,donostia-san_sebastian,2026-06-01T04:55:31.493429
2026-06-01T19:00,19.9,78,15.9,21.1,0,0.0,0.0,0.0,0.0,0.0,3,1016.2,1013.7,100,8560.0,5.4,12.2,donostia-san_sebastian,2026-06-01T04:55:31.493429
2026-06-01T20:00,19.7,79,15.9,20.5,0,0.0,0.0,0.0,0.0,0.0,3,1016.5,1014.0,100,11380.0,8.2,13.0,donostia-san_sebastian,2026-06-01T04:55:31.493429
2026-06-01T21:00,19.7,79,15.9,20.6,0,0.0,0.0,0.0,0.0,0.0,3,1017.0,1014.5,100,13940.0,7.9,14.0,donostia-san_sebastian,2026-06-01T04:55:31.493429
2026-06-01T22:00,19.6,78,15.7,21.0,0,0.0,0.0,0.0,0.0,0.0,3,1016.5,1014.0,100,17380.0,3.7,14.4,donostia-san_sebastian,2026-06-01T04:55:31.493429
2026-06-01T23:00,19.5,78,15.5,20.7,0,0.0,0.0,0.0,0.0,0.0,3,1015.8,1013.3,100,17720.0,4.7,9.0,donostia-san_sebastian,2026-06-01T04:55:31.493429
2026-06-01T00:00,20.3,91,18.8,23.1,0,0.0,0.0,0.0,0.0,0.0,2,1018.4,1009.2,90,19860.0,3.9,7.9,girona,2026-06-01T04:55:34.119355
2026-06-01T01:00,19.9,94,18.9,22.8,0,0.0,0.0,0.0,0.0,0.0,3,1018.3,1009.1,85,16100.0,3.0,6.8,girona,2026-06-01T04:55:34.119355
2026-06-01T02:00,19.5,95,18.7,22.5,0,0.0,0.0,0.0,0.0,0.0,3,1018.0,1008.8,98,10800.0,2.2,5.0,girona,2026-06-01T04:55:34.119355
2026-06-01T03:00,19.2,96,18.5,22.2,0,0.0,0.0,0.0,0.0,0.0,3,1017.3,1008.1,86,9320.0,1.1,3.6,girona,2026-06-01T04:55:34.119355
2026-06-01T04:00,18.7,98,18.4,21.6,0,0.0,0.0,0.0,0.0,0.0,1,1017.2,1008.0,58,5760.0,1.3,2.2,girona,2026-06-01T04:55:34.119355
2026-06-01T05:00,18.5,99,18.3,21.3,0,0.0,0.0,0.0,0.0,0.0,45,1017.3,1008.1,73,2360.0,1.8,2.9,girona,2026-06-01T04:55:34.119355
2026-06-01T06:00,20.1,94,19.1,23.3,0,0.0,0.0,0.0,0.0,0.0,2,1017.7,1008.5,60,7240.0,1.5,4.0,girona,2026-06-01T04:55:34.119355
2026-06-01T07:00,22.0,84,19.2,25.0,0,0.0,0.0,0.0,0.0,0.0,1,1018.0,1008.9,31,26780.0,3.1,6.8,girona,2026-06-01T04:55:34.119355
2026-06-01T08:00,23.6,69,17.6,25.5,0,0.0,0.0,0.0,0.0,0.0,1,1018.2,1009.1,25,37860.0,6.3,12.6,girona,2026-06-01T04:55:34.119355
2026-06-01T09:00,25.1,66,18.3,27.5,0,0.0,0.0,0.0,0.0,0.0,3,1018.2,1009.2,77,38440.0,8.4,16.6,girona,2026-06-01T04:55:34.119355
2026-06-01T10:00,25.8,60,17.4,27.2,0,0.0,0.0,0.0,0.0,0.0,3,1017.7,1008.7,95,40200.0,8.8,17.6,girona,2026-06-01T04:55:34.119355
2026-06-01T11:00,26.4,57,17.2,26.8,0,0.0,0.0,0.0,0.0,0.0,2,1017.1,1008.1,77,40620.0,15.0,28.1,girona,2026-06-01T04:55:34.119355
2026-06-01T12:00,27.6,51,16.6,28.4,0,0.0,0.0,0.0,0.0,0.0,1,1016.3,1007.3,40,41080.0,18.5,34.6,girona,2026-06-01T04:55:34.119355
2026-06-01T13:00,27.9,50,16.6,28.9,0,0.0,0.0,0.0,0.0,0.0,1,1015.3,1006.4,38,41100.0,20.4,38.5,girona,2026-06-01T04:55:34.119355
2026-06-01T14:00,27.8,50,16.5,28.3,0,0.0,0.0,0.0,0.0,0.0,1,1014.6,1005.7,8,41120.0,21.5,40.0,girona,2026-06-01T04:55:34.119355
2026-06-01T15:00,27.2,54,17.1,27.2,0,0.0,0.0,0.0,0.0,0.0,1,1013.8,1004.9,44,40580.0,23.1,42.8,girona,2026-06-01T04:55:34.119355
2026-06-01T16:00,26.4,60,18.0,26.1,0,0.0,0.0,0.0,0.0,0.0,2,1013.8,1004.8,73,39720.0,22.5,43.2,girona,2026-06-01T04:55:34.119355
2026-06-01T17:00,25.5,63,17.9,25.5,0,0.0,0.0,0.0,0.0,0.0,3,1013.4,1004.4,100,38880.0,19.7,41.8,girona,2026-06-01T04:55:34.119355
2026-06-01T18:00,24.5,66,17.7,25.0,0,0.0,0.0,0.0,0.0,0.0,3,1013.6,1004.6,100,38300.0,15.4,35.6,girona,2026-06-01T04:55:34.119355
2026-06-01T19:00,23.3,71,17.7,24.5,0,0.0,0.0,0.0,0.0,0.0,3,1013.7,1004.6,100,37120.0,10.9,27.7,girona,2026-06-01T04:55:34.119355
2026-06-01T20:00,22.1,74,17.3,23.7,0,0.0,0.0,0.0,0.0,0.0,3,1014.0,1004.9,100,35800.0,7.0,18.7,girona,2026-06-01T04:55:34.119355
2026-06-01T21:00,21.3,80,17.7,23.4,0,0.0,0.0,0.0,0.0,0.0,3,1014.6,1005.5,94,32760.0,4.7,11.2,girona,2026-06-01T04:55:34.119355
2026-06-01T22:00,20.6,84,17.8,23.0,0,0.0,0.0,0.0,0.0,0.0,2,1014.7,1005.5,66,28940.0,3.7,6.8,girona,2026-06-01T04:55:34.119355
2026-06-01T23:00,20.0,88,18.0,22.4,0,0.0,0.0,0.0,0.0,0.0,3,1014.6,1005.4,94,24600.0,3.6,6.5,girona,2026-06-01T04:55:34.119355
2026-06-01T00:00,18.9,89,17.1,19.3,0,0.0,0.0,0.0,0.0,0.0,2,1021.0,1013.6,78,240.0,14.7,27.7,las_palmas_de_gran_canaria,2026-06-01T04:57:37.337755
2026-06-01T01:00,18.7,91,17.2,19.2,0,0.0,0.0,0.0,0.0,0.0,2,1020.4,1013.0,74,260.0,13.7,27.0,las_palmas_de_gran_canaria,2026-06-01T04:57:37.337755
2026-06-01T02:00,18.4,93,17.2,19.1,0,0.0,0.0,0.0,0.0,0.0,2,1019.7,1012.3,66,340.0,13.4,24.8,las_palmas_de_gran_canaria,2026-06-01T04:57:37.337755
2026-06-01T03:00,18.5,91,17.1,19.1,0,0.0,0.0,0.0,0.0,0.0,2,1019.2,1011.8,73,400.0,13.2,23.4,las_palmas_de_gran_canaria,2026-06-01T04:57:37.337755
2026-06-01T04:00,18.5,91,17.0,19.1,0,0.0,0.0,0.0,0.0,0.0,2,1018.9,1011.5,65,420.0,13.2,23.4,las_palmas_de_gran_canaria,2026-06-01T04:57:37.337755
2026-06-01T05:00,18.5,91,17.0,19.1,0,0.0,0.0,0.0,0.0,0.0,2,1018.9,1011.5,58,740.0,13.2,23.0,las_palmas_de_gran_canaria,2026-06-01T04:57:37.337755
2026-06-01T06:00,18.4,90,16.8,18.7,0,0.0,0.0,0.0,0.0,0.0,2,1019.1,1011.7,70,660.0,14.0,23.8,las_palmas_de_gran_canaria,2026-06-01T04:57:37.337755
2026-06-01T07:00,19.0,87,16.7,19.2,0,0.0,0.0,0.0,0.0,0.0,3,1019.6,1012.2,84,2140.0,15.2,27.7,las_palmas_de_gran_canaria,2026-06-01T04:57:37.337755
2026-06-01T08:00,19.8,83,16.7,19.8,0,0.0,0.0,0.0,0.0,0.0,2,1020.2,1012.9,70,10180.0,15.9,31.0,las_palmas_de_gran_canaria,2026-06-01T04:57:37.337755
2026-06-01T09:00,20.5,80,16.8,20.4,0,0.0,0.0,0.0,0.0,0.0,2,1020.6,1013.3,66,19880.0,17.1,34.2,las_palmas_de_gran_canaria,2026-06-01T04:57:37.337755
2026-06-01T10:00,21.3,77,17.1,21.0,0,0.0,0.0,0.0,0.0,0.0,2,1020.9,1013.6,59,28200.0,18.8,37.8,las_palmas_de_gran_canaria,2026-06-01T04:57:37.337755
2026-06-01T11:00,22.1,74,17.1,22.7,0,0.0,0.0,0.0,0.0,0.0,1,1021.0,1013.7,38,30620.0,18.5,38.9,las_palmas_de_gran_canaria,2026-06-01T04:57:37.337755
2026-06-01T12:00,22.7,71,17.2,24.2,0,0.0,0.0,0.0,0.0,0.0,1,1021.0,1013.7,43,30620.0,18.5,39.6,las_palmas_de_gran_canaria,2026-06-01T04:57:37.337755
2026-06-01T13:00,23.0,71,17.3,24.9,0,0.0,0.0,0.0,0.0,0.0,1,1020.9,1013.6,45,30640.0,19.3,41.4,las_palmas_de_gran_canaria,2026-06-01T04:57:37.337755
2026-06-01T14:00,22.9,71,17.4,24.8,0,0.0,0.0,0.0,0.0,0.0,2,1020.6,1013.3,63,30680.0,18.8,41.4,las_palmas_de_gran_canaria,2026-06-01T04:57:37.337755
2026-06-01T15:00,22.9,71,17.4,24.4,0,0.0,0.0,0.0,0.0,0.0,2,1020.3,1013.0,53,23680.0,18.3,40.7,las_palmas_de_gran_canaria,2026-06-01T04:57:37.337755
2026-06-01T16:00,22.7,72,17.3,23.9,0,0.0,0.0,0.0,0.0,0.0,2,1020.1,1012.8,56,22980.0,17.4,39.6,las_palmas_de_gran_canaria,2026-06-01T04:57:37.337755
2026-06-01T17:00,22.2,73,17.1,22.7,0,0.0,0.0,0.0,0.0,0.0,1,1019.8,1012.5,31,20060.0,16.1,37.8,las_palmas_de_gran_canaria,2026-06-01T04:57:37.337755
2026-06-01T18:00,21.7,75,17.1,22.0,0,0.0,0.0,0.0,0.0,0.0,1,1019.7,1012.4,25,16300.0,14.9,34.9,las_palmas_de_gran_canaria,2026-06-01T04:57:37.337755
2026-06-01T19:00,21.1,76,16.8,21.5,0,0.0,0.0,0.0,0.0,0.0,1,1020.0,1012.7,25,16360.0,13.1,31.3,las_palmas_de_gran_canaria,2026-06-01T04:57:37.337755
2026-06-01T20:00,20.5,77,16.4,20.9,0,0.0,0.0,0.0,0.0,0.0,1,1020.4,1013.1,30,15740.0,12.0,26.3,las_palmas_de_gran_canaria,2026-06-01T04:57:37.337755
2026-06-01T21:00,20.4,75,15.9,20.6,0,0.0,0.0,0.0,0.0,0.0,0,1021.1,1013.8,9,16400.0,12.5,22.0,las_palmas_de_gran_canaria,2026-06-01T04:57:37.337755
2026-06-01T22:00,20.0,78,16.0,20.3,0,0.0,0.0,0.0,0.0,0.0,1,1021.9,1014.5,27,14640.0,12.3,21.6,las_palmas_de_gran_canaria,2026-06-01T04:57:37.337755
2026-06-01T23:00,19.8,82,16.6,20.3,0,0.0,0.0,0.0,0.0,0.0,2,1022.6,1015.2,56,11920.0,12.2,21.6,las_palmas_de_gran_canaria,2026-06-01T04:57:37.337755
2026-06-01T00:00,23.0,42,9.4,21.5,0,0.0,0.0,0.0,0.0,0.0,2,1016.5,942.5,45,42940.0,8.5,20.2,madrid,2026-06-01T04:57:39.920292
2026-06-01T01:00,22.4,46,10.2,21.2,0,0.0,0.0,0.0,0.0,0.0,2,1016.5,942.3,50,42140.0,8.7,21.2,madrid,2026-06-01T04:57:39.920292
2026-06-01T02:00,21.9,47,10.0,20.5,0,0.0,0.0,0.0,0.0,0.0,2,1016.1,941.9,40,41980.0,9.7,23.4,madrid,2026-06-01T04:57:39.920292
2026-06-01T03:00,21.0,50,10.2,20.0,0,0.0,0.0,0.0,0.0,0.0,3,1016.1,941.6,80,40440.0,7.4,23.0,madrid,2026-06-01T04:57:39.920292
2026-06-01T04:00,20.3,54,10.6,19.6,0,0.0,0.0,0.0,0.0,0.0,2,1016.2,941.6,72,39660.0,6.0,18.7,madrid,2026-06-01T04:57:39.920292
2026-06-01T05:00,19.9,56,10.8,19.2,0,0.0,0.0,0.0,0.0,0.0,0,1016.6,941.8,8,38240.0,6.3,15.5,madrid,2026-06-01T04:57:39.920292
2026-06-01T06:00,20.2,56,11.1,19.6,0,0.0,0.0,0.0,0.0,0.0,0,1016.8,942.1,6,37760.0,6.0,15.5,madrid,2026-06-01T04:57:39.920292
2026-06-01T07:00,21.9,54,12.1,21.4,0,0.0,0.0,0.0,0.0,0.0,0,1017.1,942.8,3,39440.0,7.4,18.4,madrid,2026-06-01T04:57:39.920292
2026-06-01T08:00,23.7,51,13.0,23.6,0,0.0,0.0,0.0,0.0,0.0,0,1017.2,943.3,0,40960.0,7.1,20.5,madrid,2026-06-01T04:57:39.920292
2026-06-01T09:00,25.7,45,12.9,26.2,0,0.0,0.0,0.0,0.0,0.0,0,1017.1,943.7,3,41780.0,6.0,19.4,madrid,2026-06-01T04:57:39.920292
2026-06-01T10:00,28.0,38,12.3,29.8,0,0.0,0.0,0.0,0.0,0.0,0,1016.5,943.7,5,43040.0,2.7,16.2,madrid,2026-06-01T04:57:39.920292
2026-06-01T11:00,30.0,32,11.5,32.1,0,0.0,0.0,0.0,0.0,0.0,0,1015.5,943.2,3,45360.0,4.2,14.0,madrid,2026-06-01T04:57:39.920292
2026-06-01T12:00,31.6,26,9.7,32.6,0,0.0,0.0,0.0,0.0,0.0,0,1014.6,942.7,0,47980.0,9.4,25.9,madrid,2026-06-01T04:57:39.920292
2026-06-01T13:00,32.6,22,8.1,32.7,0,0.0,0.0,0.0,0.0,0.0,1,1013.5,941.9,6,51360.0,12.3,32.4,madrid,2026-06-01T04:57:39.920292
2026-06-01T14:00,33.3,19,6.5,32.5,0,0.0,0.0,0.0,0.0,0.0,1,1012.6,941.2,18,54440.0,13.7,35.6,madrid,2026-06-01T04:57:39.920292
2026-06-01T15:00,33.7,15,3.4,31.4,0,0.0,0.0,0.0,0.0,0.0,0,1011.8,940.6,11,59600.0,15.7,39.2,madrid,2026-06-01T04:57:39.920292
2026-06-01T16:00,33.6,16,4.3,30.6,0,0.0,0.0,0.0,0.0,0.0,1,1011.5,940.3,49,59500.0,15.8,40.0,madrid,2026-06-01T04:57:39.920292
2026-06-01T17:00,33.1,15,3.0,29.0,0,0.0,0.0,0.0,0.0,0.0,3,1011.2,939.9,99,60720.0,16.8,40.0,madrid,2026-06-01T04:57:39.920292
2026-06-01T18:00,32.1,19,5.6,28.7,0,0.0,0.0,0.0,0.0,0.0,3,1011.3,939.8,100,56480.0,15.5,40.7,madrid,2026-06-01T04:57:39.920292
2026-06-01T19:00,30.8,26,9.0,28.5,0,0.0,0.0,0.0,0.0,0.0,2,1011.6,939.8,66,49980.0,13.8,36.4,madrid,2026-06-01T04:57:39.920292
2026-06-01T20:00,29.1,29,9.2,27.7,0,0.0,0.0,0.0,0.0,0.0,2,1012.2,939.9,48,48040.0,7.6,32.0,madrid,2026-06-01T04:57:39.920292
2026-06-01T21:00,27.3,32,9.2,26.1,0,0.0,0.0,0.0,0.0,0.0,1,1013.4,940.6,8,46460.0,6.7,18.0,madrid,2026-06-01T04:57:39.920292
2026-06-01T22:00,25.9,34,8.8,24.6,0,0.0,0.0,0.0,0.0,0.0,3,1014.2,941.0,81,45540.0,6.8,17.3,madrid,2026-06-01T04:57:39.920292
2026-06-01T23:00,24.8,34,7.8,23.4,0,0.0,0.0,0.0,0.0,0.0,3,1014.6,941.2,93,45560.0,5.5,15.8,madrid,2026-06-01T04:57:39.920292
2026-06-01T00:00,22.6,50,11.7,22.6,0,0.0,0.0,0.0,0.0,0.0,2,1017.1,1015.0,14,42860.0,3.9,10.4,malaga,2026-06-01T04:57:42.464260
2026-06-01T01:00,22.2,50,11.3,22.0,0,0.0,0.0,0.0,0.0,0.0,1,1017.0,1014.9,11,41900.0,4.2,8.6,malaga,2026-06-01T04:57:42.464260
2026-06-01T02:00,21.2,48,9.7,20.3,0,0.0,0.0,0.0,0.0,0.0,1,1016.5,1014.4,8,41960.0,5.9,11.5,malaga,2026-06-01T04:57:42.464260
2026-06-01T03:00,20.5,47,8.8,19.3,0,0.0,0.0,0.0,0.0,0.0,1,1016.1,1014.0,13,42020.0,6.2,12.2,malaga,2026-06-01T04:57:42.464260
2026-06-01T04:00,20.3,47,8.7,19.0,0,0.0,0.0,0.0,0.0,0.0,1,1015.7,1013.6,13,42080.0,6.5,13.3,malaga,2026-06-01T04:57:42.464260
2026-06-01T05:00,20.3,46,8.3,18.8,0,0.0,0.0,0.0,0.0,0.0,1,1016.0,1013.9,12,42100.0,7.3,14.4,malaga,2026-06-01T04:57:42.464260
2026-06-01T06:00,20.7,48,9.3,19.5,0,0.0,0.0,0.0,0.0,0.0,2,1016.3,1014.2,70,41940.0,7.2,14.8,malaga,2026-06-01T04:57:42.464260
2026-06-01T07:00,23.2,52,12.8,23.4,0,0.0,0.0,0.0,0.0,0.0,1,1016.7,1014.6,34,41480.0,4.7,14.0,malaga,2026-06-01T04:57:42.464260
2026-06-01T08:00,26.8,38,11.3,26.8,0,0.0,0.0,0.0,0.0,0.0,1,1016.7,1014.6,14,43960.0,2.9,9.0,malaga,2026-06-01T04:57:42.464260
2026-06-01T09:00,28.8,36,12.3,29.3,0,0.0,0.0,0.0,0.0,0.0,1,1017.0,1014.9,23,44420.0,3.7,10.4,malaga,2026-06-01T04:57:42.464260
2026-06-01T10:00,30.4,31,11.4,31.1,0,0.0,0.0,0.0,0.0,0.0,1,1017.0,1014.9,17,45760.0,6.8,17.6,malaga,2026-06-01T04:57:42.464260
2026-06-01T11:00,30.4,32,11.8,31.7,0,0.0,0.0,0.0,0.0,0.0,0,1016.9,1014.8,0,45920.0,8.8,22.0,malaga,2026-06-01T04:57:42.464260
2026-06-01T12:00,30.2,30,10.7,31.5,0,0.0,0.0,0.0,0.0,0.0,0,1016.8,1014.7,0,45980.0,9.6,24.1,malaga,2026-06-01T04:57:42.464260
2026-06-01T13:00,30.1,31,11.1,31.5,0,0.0,0.0,0.0,0.0,0.0,0,1016.5,1014.4,4,44820.0,9.7,24.1,malaga,2026-06-01T04:57:42.464260
2026-06-01T14:00,30.1,30,10.7,31.2,0,0.0,0.0,0.0,0.0,0.0,1,1015.7,1013.6,9,45180.0,9.5,24.1,malaga,2026-06-01T04:57:42.464260
2026-06-01T15:00,29.9,30,10.5,30.6,0,0.0,0.0,0.0,0.0,0.0,1,1015.4,1013.3,31,45360.0,8.2,24.1,malaga,2026-06-01T04:57:42.464260
2026-06-01T16:00,29.8,29,9.9,29.6,0,0.0,0.0,0.0,0.0,0.0,2,1015.0,1012.9,70,46600.0,6.9,20.9,malaga,2026-06-01T04:57:42.464260
2026-06-01T17:00,29.5,28,9.1,28.3,0,0.0,0.0,0.0,0.0,0.0,1,1014.8,1012.7,11,47080.0,6.3,18.7,malaga,2026-06-01T04:57:42.464260
2026-06-01T18:00,28.3,33,10.5,27.7,0,0.0,0.0,0.0,0.0,0.0,0,1014.5,1012.4,0,45120.0,5.8,16.6,malaga,2026-06-01T04:57:42.464260
2026-06-01T19:00,26.8,38,11.3,26.6,0,0.0,0.0,0.0,0.0,0.0,0,1014.6,1012.5,0,43480.0,4.0,14.4,malaga,2026-06-01T04:57:42.464260
2026-06-01T20:00,25.4,47,13.3,26.2,0,0.0,0.0,0.0,0.0,0.0,0,1014.9,1012.8,0,40540.0,2.2,10.4,malaga,2026-06-01T04:57:42.464260
2026-06-01T21:00,24.9,48,13.2,25.3,0,0.0,0.0,0.0,0.0,0.0,0,1015.7,1013.6,0,41600.0,4.1,7.2,malaga,2026-06-01T04:57:42.464260
2026-06-01T22:00,23.7,46,11.4,23.4,0,0.0,0.0,0.0,0.0,0.0,0,1016.1,1014.0,0,43400.0,5.2,10.4,malaga,2026-06-01T04:57:42.464260
2026-06-01T23:00,23.2,41,9.3,22.1,0,0.0,0.0,0.0,0.0,0.0,1,1016.0,1013.9,10,43860.0,6.2,13.0,malaga,2026-06-01T04:57:42.464260
2026-06-01T00:00,21.6,68,15.5,23.1,0,0.0,0.0,0.0,0.0,0.0,3,1016.8,1008.5,23,39020.0,2.9,4.7,marbella,2026-06-01T04:58:20.224719
2026-06-01T01:00,21.6,66,15.0,22.8,0,0.0,0.0,0.0,0.0,0.0,1,1016.5,1008.2,40,39360.0,3.7,6.5,marbella,2026-06-01T04:58:20.224719
2026-06-01T02:00,21.4,56,12.3,21.2,0,0.0,0.0,0.0,0.0,0.0,0,1016.0,1007.7,5,40740.0,6.6,11.9,marbella,2026-06-01T04:58:20.224719
2026-06-01T03:00,21.2,52,11.0,20.6,0,0.0,0.0,0.0,0.0,0.0,1,1015.5,1007.2,13,41100.0,6.5,11.9,marbella,2026-06-01T04:58:20.224719
2026-06-01T04:00,21.1,51,10.6,20.4,0,0.0,0.0,0.0,0.0,0.0,1,1015.3,1007.0,31,41120.0,6.5,11.2,marbella,2026-06-01T04:58:20.224719
2026-06-01T05:00,21.5,49,10.3,20.9,0,0.0,0.0,0.0,0.0,0.0,1,1015.6,1007.3,8,40700.0,5.1,11.2,marbella,2026-06-01T04:58:20.224719
2026-06-01T06:00,21.6,54,11.9,21.6,0,0.0,0.0,0.0,0.0,0.0,2,1016.1,1007.8,50,39320.0,4.2,9.0,marbella,2026-06-01T04:58:20.224719
2026-06-01T07:00,22.3,57,13.4,23.0,0,0.0,0.0,0.0,0.0,0.0,1,1016.5,1008.2,12,40040.0,2.6,7.2,marbella,2026-06-01T04:58:20.224719
2026-06-01T08:00,22.6,65,15.7,24.1,0,0.0,0.0,0.0,0.0,0.0,0,1016.8,1008.5,4,33000.0,3.1,7.6,marbella,2026-06-01T04:58:20.224719
2026-06-01T09:00,23.4,62,15.7,25.2,0,0.0,0.0,0.0,0.0,0.0,0,1017.1,1008.8,0,33580.0,3.2,9.0,marbella,2026-06-01T04:58:20.224719
2026-06-01T10:00,24.0,54,14.1,26.1,0,0.0,0.0,0.0,0.0,0.0,0,1017.2,1008.9,0,33780.0,4.5,10.8,marbella,2026-06-01T04:58:20.224719
2026-06-01T11:00,24.5,52,14.0,27.3,0,0.0,0.0,0.0,0.0,0.0,0,1017.1,1008.9,0,34900.0,5.2,12.2,marbella,2026-06-01T04:58:20.224719
2026-06-01T12:00,25.1,49,13.6,28.2,0,0.0,0.0,0.0,0.0,0.0,1,1016.9,1008.7,14,39420.0,5.2,12.2,marbella,2026-06-01T04:58:20.224719
2026-06-01T13:00,25.4,48,13.6,28.5,0,0.0,0.0,0.0,0.0,0.0,0,1016.5,1008.3,0,41240.0,5.6,13.3,marbella,2026-06-01T04:58:20.224719
2026-06-01T14:00,25.5,47,13.4,28.2,0,0.0,0.0,0.0,0.0,0.0,0,1015.9,1007.7,0,41360.0,6.0,13.7,marbella,2026-06-01T04:58:20.224719
2026-06-01T15:00,25.9,46,13.4,28.0,0,0.0,0.0,0.0,0.0,0.0,1,1015.4,1007.2,27,41980.0,5.9,13.7,marbella,2026-06-01T04:58:20.224719
2026-06-01T16:00,25.8,48,14.0,27.1,0,0.0,0.0,0.0,0.0,0.0,2,1014.9,1006.7,48,42620.0,6.0,13.7,marbella,2026-06-01T04:58:20.224719
2026-06-01T17:00,25.4,49,13.9,26.0,0,0.0,0.0,0.0,0.0,0.0,0,1014.7,1006.5,3,39740.0,4.6,13.3,marbella,2026-06-01T04:58:20.224719
2026-06-01T18:00,24.8,53,14.6,25.8,0,0.0,0.0,0.0,0.0,0.0,1,1014.5,1006.3,8,38540.0,4.1,11.5,marbella,2026-06-01T04:58:20.224719
2026-06-01T19:00,23.8,60,15.6,25.2,0,0.0,0.0,0.0,0.0,0.0,0,1014.5,1006.3,0,36920.0,3.5,10.4,marbella,2026-06-01T04:58:20.224719
2026-06-01T20:00,22.8,64,15.7,24.5,0,0.0,0.0,0.0,0.0,0.0,0,1014.7,1006.4,0,37880.0,1.9,8.3,marbella,2026-06-01T04:58:20.224719
2026-06-01T21:00,22.8,60,14.7,23.9,0,0.0,0.0,0.0,0.0,0.0,0,1015.5,1007.2,0,39500.0,3.6,6.1,marbella,2026-06-01T04:58:20.224719
2026-06-01T22:00,22.9,54,13.1,23.5,0,0.0,0.0,0.0,0.0,0.0,0,1016.0,1007.7,0,39860.0,3.0,7.6,marbella,2026-06-01T04:58:20.224719
2026-06-01T23:00,22.6,53,12.5,22.9,0,0.0,0.0,0.0,0.0,0.0,0,1015.9,1007.6,0,41840.0,3.4,5.0,marbella,2026-06-01T04:58:20.224719
2026-06-01T00:00,21.5,90,19.8,24.9,0,0.0,0.0,0.0,0.0,0.0,3,1017.9,1012.0,100,20720.0,2.9,3.2,palma_de_mallorca,2026-06-01T04:58:58.002976
2026-06-01T01:00,21.4,90,19.7,25.0,0,0.0,0.0,0.0,0.0,0.0,3,1017.6,1011.7,99,21600.0,1.0,4.3,palma_de_mallorca,2026-06-01T04:58:58.002976
2026-06-01T02:00,21.2,91,19.7,24.9,0,0.0,0.0,0.0,0.0,0.0,3,1017.4,1011.5,97,19480.0,0.5,1.4,palma_de_mallorca,2026-06-01T04:58:58.002976
2026-06-01T03:00,20.9,94,19.9,24.5,0,0.0,0.0,0.0,0.0,0.0,3,1016.8,1010.9,90,16260.0,1.0,2.2,palma_de_mallorca,2026-06-01T04:58:58.002976
2026-06-01T04:00,20.4,98,20.1,23.9,0,0.0,0.0,0.0,0.0,0.0,45,1016.7,1010.8,74,6000.0,2.8,5.0,palma_de_mallorca,2026-06-01T04:58:58.002976
2026-06-01T05:00,20.0,100,20.0,23.2,0,0.0,0.0,0.0,0.0,0.0,45,1017.0,1011.1,76,360.0,4.3,7.9,palma_de_mallorca,2026-06-01T04:58:58.002976
2026-06-01T06:00,20.3,93,19.1,23.0,0,0.0,0.0,0.0,0.0,0.0,2,1017.4,1011.5,59,440.0,4.7,8.3,palma_de_mallorca,2026-06-01T04:58:58.002976
2026-06-01T07:00,21.3,87,19.0,24.4,0,0.0,0.0,0.0,0.0,0.0,2,1017.8,1011.9,57,19100.0,2.2,9.4,palma_de_mallorca,2026-06-01T04:58:58.002976
2026-06-01T08:00,22.7,75,18.1,25.5,0,0.0,0.0,0.0,0.0,0.0,2,1018.0,1012.1,52,33260.0,1.0,6.5,palma_de_mallorca,2026-06-01T04:58:58.002976
2026-06-01T09:00,23.8,72,18.5,26.8,0,0.0,0.0,0.0,0.0,0.0,0,1018.3,1012.5,10,34980.0,4.0,11.2,palma_de_mallorca,2026-06-01T04:58:58.002976
2026-06-01T10:00,24.6,73,19.4,28.5,0,0.0,0.0,0.0,0.0,0.0,1,1018.2,1012.4,19,33060.0,7.9,17.6,palma_de_mallorca,2026-06-01T04:58:58.002976
2026-06-01T11:00,25.0,71,19.4,28.9,0,0.0,0.0,0.0,0.0,0.0,1,1018.0,1012.2,27,34340.0,10.8,22.0,palma_de_mallorca,2026-06-01T04:58:58.002976
2026-06-01T12:00,25.3,70,19.5,29.2,0,0.0,0.0,0.0,0.0,0.0,1,1017.6,1011.8,30,34780.0,13.0,26.3,palma_de_mallorca,2026-06-01T04:58:58.002976
2026-06-01T13:00,25.5,69,19.4,29.1,0,0.0,0.0,0.0,0.0,0.0,0,1016.8,1011.0,4,35400.0,13.7,27.4,palma_de_mallorca,2026-06-01T04:58:58.002976
2026-06-01T14:00,25.3,72,19.9,28.7,0,0.0,0.0,0.0,0.0,0.0,0,1016.1,1010.3,4,33520.0,14.7,28.8,palma_de_mallorca,2026-06-01T04:58:58.002976
2026-06-01T15:00,25.1,73,19.9,28.0,0,0.0,0.0,0.0,0.0,0.0,0,1015.6,1009.8,2,32680.0,13.6,28.8,palma_de_mallorca,2026-06-01T04:58:58.002976
2026-06-01T16:00,24.8,76,20.3,27.2,0,0.0,0.0,0.0,0.0,0.0,1,1015.4,1009.6,10,31380.0,12.8,27.0,palma_de_mallorca,2026-06-01T04:58:58.002976
2026-06-01T17:00,24.2,82,21.0,26.9,0,0.0,0.0,0.0,0.0,0.0,2,1014.9,1009.1,47,29100.0,11.5,25.2,palma_de_mallorca,2026-06-01T04:58:58.002976
2026-06-01T18:00,23.7,79,19.8,26.1,0,0.0,0.0,0.0,0.0,0.0,1,1014.7,1008.9,23,31480.0,9.1,22.7,palma_de_mallorca,2026-06-01T04:58:58.002976
2026-06-01T19:00,23.2,78,19.1,25.7,0,0.0,0.0,0.0,0.0,0.0,1,1014.4,1008.6,18,32920.0,6.4,18.0,palma_de_mallorca,2026-06-01T04:58:58.002976
2026-06-01T20:00,22.7,82,19.5,26.0,0,0.0,0.0,0.0,0.0,0.0,1,1014.6,1008.8,43,30400.0,2.6,12.2,palma_de_mallorca,2026-06-01T04:58:58.002976
2026-06-01T21:00,22.5,85,19.8,26.0,0,0.0,0.0,0.0,0.0,0.0,3,1015.2,1009.4,100,28220.0,1.5,3.6,palma_de_mallorca,2026-06-01T04:58:58.002976
2026-06-01T22:00,22.2,85,19.5,25.4,0,0.0,0.0,0.0,0.0,0.0,3,1015.4,1009.5,100,28120.0,2.7,2.5,palma_de_mallorca,2026-06-01T04:58:58.002976
2026-06-01T23:00,21.6,89,19.7,24.8,0,0.0,0.0,0.0,0.0,0.0,1,1015.5,1009.6,19,22460.0,3.4,4.7,palma_de_mallorca,2026-06-01T04:58:58.002976
2026-06-01T00:00,19.5,88,17.5,21.9,0,0.0,0.0,0.0,0.0,0.0,2,1018.1,994.8,86,25360.0,2.5,4.7,sabadell,2026-06-01T04:59:00.616925
2026-06-01T01:00,19.2,88,17.2,21.4,0,0.0,0.0,0.0,0.0,0.0,3,1018.1,994.7,93,25740.0,2.2,4.0,sabadell,2026-06-01T04:59:00.616925
2026-06-01T02:00,19.0,88,17.0,21.0,0,0.0,0.0,0.0,0.0,0.0,3,1018.0,994.6,83,25440.0,3.3,4.3,sabadell,2026-06-01T04:59:00.616925
2026-06-01T03:00,19.0,90,17.4,21.3,0,0.0,0.0,0.0,0.0,0.0,2,1017.4,994.1,73,23160.0,2.6,4.3,sabadell,2026-06-01T04:59:00.616925
2026-06-01T04:00,18.9,92,17.6,21.2,0,0.0,0.0,0.0,0.0,0.0,2,1017.3,993.9,74,19460.0,2.6,4.3,sabadell,2026-06-01T04:59:00.616925
2026-06-01T05:00,18.9,93,17.8,21.4,0,0.0,0.0,0.0,0.0,0.0,2,1017.6,994.2,78,16160.0,2.7,4.0,sabadell,2026-06-01T04:59:00.616925
2026-06-01T06:00,20.1,91,18.6,23.1,0,0.0,0.0,0.0,0.0,0.0,2,1017.9,994.6,59,18540.0,0.8,4.3,sabadell,2026-06-01T04:59:00.616925
2026-06-01T07:00,21.4,79,17.6,23.4,0,0.0,0.0,0.0,0.0,0.0,2,1018.2,995.0,56,29140.0,4.7,8.6,sabadell,2026-06-01T04:59:00.616925
2026-06-01T08:00,22.5,75,17.8,24.3,0,0.0,0.0,0.0,0.0,0.0,2,1018.6,995.5,63,32160.0,6.9,16.6,sabadell,2026-06-01T04:59:00.616925
2026-06-01T09:00,23.8,65,16.9,25.1,0,0.0,0.0,0.0,0.0,0.0,2,1018.6,995.6,68,37420.0,8.9,21.6,sabadell,2026-06-01T04:59:00.616925
2026-06-01T10:00,24.9,58,16.1,26.2,0,0.0,0.0,0.0,0.0,0.0,3,1018.3,995.4,90,39580.0,9.8,23.8,sabadell,2026-06-01T04:59:00.616925
2026-06-01T11:00,25.4,58,16.5,26.5,0,0.0,0.0,0.0,0.0,0.0,2,1017.8,994.9,72,39460.0,11.8,28.1,sabadell,2026-06-01T04:59:00.616925
2026-06-01T12:00,25.7,58,16.9,27.0,0,0.0,0.0,0.0,0.0,0.0,2,1017.2,994.4,76,39480.0,12.3,28.8,sabadell,2026-06-01T04:59:00.616925
2026-06-01T13:00,26.1,57,16.9,27.4,0,0.0,0.0,0.0,0.0,0.0,2,1016.3,993.5,60,39420.0,13.0,30.6,sabadell,2026-06-01T04:59:00.616925
2026-06-01T14:00,26.5,57,17.3,28.2,0,0.0,0.0,0.0,0.0,0.0,2,1015.4,992.7,63,39480.0,13.9,32.8,sabadell,2026-06-01T04:59:00.616925
2026-06-01T15:00,26.2,61,18.1,27.7,0,0.0,0.0,0.0,0.0,0.0,2,1014.7,992.0,74,38360.0,14.0,33.5,sabadell,2026-06-01T04:59:00.616925
2026-06-01T16:00,25.6,61,17.6,26.3,0,0.0,0.0,0.0,0.0,0.0,1,1014.5,991.7,41,38720.0,14.0,34.6,sabadell,2026-06-01T04:59:00.616925
2026-06-01T17:00,24.8,65,17.8,25.9,0,0.0,0.0,0.0,0.0,0.0,2,1014.1,991.3,48,37460.0,12.3,32.4,sabadell,2026-06-01T04:59:00.616925
2026-06-01T18:00,23.9,68,17.6,25.2,0,0.0,0.0,0.0,0.0,0.0,3,1014.1,991.2,100,37260.0,9.8,28.4,sabadell,2026-06-01T04:59:00.616925
2026-06-01T19:00,22.8,76,18.3,24.8,0,0.0,0.0,0.0,0.0,0.0,3,1014.1,991.1,100,33360.0,7.0,22.3,sabadell,2026-06-01T04:59:00.616925
2026-06-01T20:00,21.5,87,19.3,24.5,0,0.0,0.0,0.0,0.0,0.0,3,1014.5,991.4,100,24660.0,4.1,14.8,sabadell,2026-06-01T04:59:00.616925
2026-06-01T21:00,20.8,94,19.8,24.2,0,0.0,0.0,0.0,0.0,0.0,2,1015.1,991.9,49,15840.0,2.2,7.9,sabadell,2026-06-01T04:59:00.616925
2026-06-01T22:00,20.1,95,19.3,23.4,0,0.0,0.0,0.0,0.0,0.0,2,1015.1,991.9,76,11260.0,1.6,2.2,sabadell,2026-06-01T04:59:00.616925
2026-06-01T23:00,19.7,96,19.1,22.8,0,0.0,0.0,0.0,0.0,0.0,45,1015.0,991.8,99,10980.0,2.3,4.3,sabadell,2026-06-01T04:59:00.616925
2026-06-01T00:00,30.6,16,2.2,26.9,2,0.0,0.0,0.0,0.0,0.0,3,1005.7,832.2,96,33940.0,12.9,31.0,salamanca,2026-06-01T04:59:03.200161
2026-06-01T01:00,29.8,18,3.2,26.4,3,0.0,0.0,0.0,0.0,0.0,3,1006.7,832.7,97,33940.0,12.4,29.2,salamanca,2026-06-01T04:59:03.200161
2026-06-01T02:00,24.5,48,12.8,22.8,4,0.0,0.0,0.0,0.0,0.0,3,1010.9,833.3,89,13120.0,17.3,54.4,salamanca,2026-06-01T04:59:03.200161
2026-06-01T03:00,24.4,48,12.6,22.6,6,0.0,0.0,0.0,0.0,0.0,3,1012.2,834.4,98,31360.0,17.7,44.3,salamanca,2026-06-01T04:59:03.200161
2026-06-01T04:00,24.0,51,13.3,23.9,9,0.0,0.0,0.0,0.0,0.0,3,1013.5,835.3,99,27480.0,7.9,32.4,salamanca,2026-06-01T04:59:03.200161
2026-06-01T05:00,23.0,56,13.7,23.7,11,0.0,0.0,0.0,0.0,0.0,3,1014.4,835.5,93,27480.0,3.8,13.0,salamanca,2026-06-01T04:59:03.200161
2026-06-01T06:00,22.4,53,12.3,21.8,12,0.0,0.0,0.0,0.0,0.0,2,1014.6,835.3,77,27500.0,9.1,16.2,salamanca,2026-06-01T04:59:03.200161
2026-06-01T07:00,21.5,52,11.4,20.3,9,0.0,0.0,0.0,0.0,0.0,3,1014.4,834.7,80,27500.0,11.4,22.7,salamanca,2026-06-01T04:59:03.200161
2026-06-01T08:00,20.8,55,11.4,19.4,4,0.0,0.0,0.0,0.0,0.0,0,1014.4,834.2,2,27520.0,12.0,24.5,salamanca,2026-06-01T04:59:03.200161
2026-06-01T09:00,19.7,59,11.5,18.4,0,0.0,0.0,0.0,0.0,0.0,1,1014.4,833.7,24,27540.0,11.9,23.4,salamanca,2026-06-01T04:59:03.200161
2026-06-01T10:00,19.0,63,11.8,17.9,0,0.0,0.0,0.0,0.0,0.0,1,1014.7,833.5,25,25080.0,11.8,23.4,salamanca,2026-06-01T04:59:03.200161
2026-06-01T11:00,18.4,67,12.1,17.4,0,0.0,0.0,0.0,0.0,0.0,0,1015.0,833.4,9,25080.0,11.2,23.0,salamanca,2026-06-01T04:59:03.200161
2026-06-01T12:00,17.9,70,12.4,17.1,0,0.0,0.0,0.0,0.0,0.0,0,1015.5,833.6,2,25100.0,10.3,21.6,salamanca,2026-06-01T04:59:03.200161
2026-06-01T13:00,18.8,66,12.3,18.3,0,0.0,0.0,0.0,0.0,0.0,0,1016.2,834.6,2,25100.0,8.3,19.4,salamanca,2026-06-01T04:59:03.200161
2026-06-01T14:00,20.9,57,12.1,20.1,0,0.0,0.0,0.0,0.0,0.0,0,1016.5,836.0,0,27600.0,9.7,25.2,salamanca,2026-06-01T04:59:03.200161
2026-06-01T15:00,23.2,49,11.9,22.7,0,0.0,0.0,0.0,0.0,0.0,0,1015.8,836.7,0,27600.0,8.0,25.9,salamanca,2026-06-01T04:59:03.200161
2026-06-01T16:00,25.8,37,10.1,25.9,0,0.0,0.0,0.0,0.0,0.0,0,1014.6,837.1,0,34160.0,5.7,24.5,salamanca,2026-06-01T04:59:03.200161
2026-06-01T17:00,28.0,29,8.5,28.7,0,0.0,0.0,0.0,0.0,0.0,0,1013.4,837.3,0,34180.0,5.8,23.4,salamanca,2026-06-01T04:59:03.200161
2026-06-01T18:00,29.9,26,8.2,31.3,0,0.0,0.0,0.0,0.0,0.0,0,1011.9,837.0,5,34200.0,5.5,23.8,salamanca,2026-06-01T04:59:03.200161
2026-06-01T19:00,31.6,23,8.0,33.2,0,0.0,0.0,0.0,0.0,0.0,0,1010.2,836.5,13,34220.0,5.8,25.2,salamanca,2026-06-01T04:59:03.200161
2026-06-01T20:00,33.0,21,7.9,34.3,0,0.0,0.0,0.0,0.0,0.0,2,1008.3,835.6,64,34220.0,6.1,25.2,salamanca,2026-06-01T04:59:03.200161
2026-06-01T21:00,33.4,21,8.1,34.6,0,0.0,0.0,0.0,0.0,0.0,3,1006.8,834.6,95,34240.0,2.5,24.5,salamanca,2026-06-01T04:59:03.200161
2026-06-01T22:00,32.5,21,7.2,31.4,10,0.0,0.0,0.0,0.0,0.0,3,1005.9,833.4,100,34260.0,2.8,19.8,salamanca,2026-06-01T04:59:03.200161
2026-06-01T23:00,31.9,21,6.8,29.9,25,0.0,0.0,0.0,0.0,0.0,3,1005.9,833.1,100,34280.0,8.3,22.3,salamanca,2026-06-01T04:59:03.200161
2026-06-01T00:00,23.4,64,16.2,25.0,0,0.0,0.0,0.0,0.0,0.0,3,1014.9,1012.8,68,33580.0,3.3,9.0,seville,2026-06-01T05:00:26.418508
2026-06-01T01:00,22.3,68,16.1,23.9,0,0.0,0.0,0.0,0.0,0.0,3,1015.0,1012.9,98,30000.0,3.7,7.9,seville,2026-06-01T05:00:26.418508
2026-06-01T02:00,21.9,70,16.2,23.7,0,0.0,0.0,0.0,0.0,0.0,3,1014.6,1012.5,94,30060.0,2.3,7.6,seville,2026-06-01T05:00:26.418508
2026-06-01T03:00,21.8,71,16.3,23.8,0,0.0,0.0,0.0,0.0,0.0,1,1014.3,1012.2,12,29680.0,1.0,4.3,seville,2026-06-01T05:00:26.418508
2026-06-01T04:00,21.6,69,15.6,23.2,0,0.0,0.0,0.0,0.0,0.0,2,1014.2,1012.1,51,29000.0,1.6,1.8,seville,2026-06-01T05:00:26.418508
2026-06-01T05:00,20.7,73,15.7,22.1,0,0.0,0.0,0.0,0.0,0.0,2,1014.7,1012.6,63,24960.0,3.3,6.5,seville,2026-06-01T05:00:26.418508
2026-06-01T06:00,20.5,77,16.3,22.2,0,0.0,0.0,0.0,0.0,0.0,2,1015.2,1013.1,63,21520.0,3.2,7.2,seville,2026-06-01T05:00:26.418508
2026-06-01T07:00,21.7,73,16.6,23.6,0,0.0,0.0,0.0,0.0,0.0,0,1015.8,1013.7,4,22120.0,2.3,7.6,seville,2026-06-01T05:00:26.418508
2026-06-01T08:00,24.3,58,15.5,26.0,0,0.0,0.0,0.0,0.0,0.0,0,1016.1,1014.0,5,25960.0,1.6,6.5,seville,2026-06-01T05:00:26.418508
2026-06-01T09:00,27.2,48,15.2,29.1,0,0.0,0.0,0.0,0.0,0.0,0,1016.4,1014.3,0,41400.0,0.4,6.5,seville,2026-06-01T05:00:26.418508
2026-06-01T10:00,29.8,41,15.2,32.4,0,0.0,0.0,0.0,0.0,0.0,0,1016.2,1014.1,0,42580.0,3.2,10.1,seville,2026-06-01T05:00:26.418508
2026-06-01T11:00,32.0,37,15.5,35.0,0,0.0,0.0,0.0,0.0,0.0,0,1015.8,1013.8,0,43740.0,6.2,16.6,seville,2026-06-01T05:00:26.418508
2026-06-01T12:00,33.9,32,14.9,36.7,0,0.0,0.0,0.0,0.0,0.0,0,1015.2,1013.2,0,45320.0,8.4,22.0,seville,2026-06-01T05:00:26.418508
2026-06-01T13:00,35.5,26,13.0,37.5,0,0.0,0.0,0.0,0.0,0.0,0,1014.4,1012.4,1,49020.0,10.2,25.2,seville,2026-06-01T05:00:26.418508
2026-06-01T14:00,36.4,23,12.0,37.7,0,0.0,0.0,0.0,0.0,0.0,1,1013.6,1011.6,42,51420.0,11.1,27.7,seville,2026-06-01T05:00:26.418508
2026-06-01T15:00,36.8,23,12.3,37.4,0,0.0,0.0,0.0,0.0,0.0,2,1013.1,1011.1,62,52080.0,12.6,29.9,seville,2026-06-01T05:00:26.418508
2026-06-01T16:00,36.5,24,12.7,36.1,0,0.0,0.0,0.0,0.0,0.0,2,1012.8,1010.8,42,50920.0,14.5,33.8,seville,2026-06-01T05:00:26.418508
2026-06-01T17:00,35.6,27,13.7,34.4,0,0.0,0.0,0.0,0.0,0.0,1,1012.9,1010.9,26,48880.0,16.1,36.7,seville,2026-06-01T05:00:26.418508
2026-06-01T18:00,34.1,28,13.0,32.9,0,0.0,0.0,0.0,0.0,0.0,0,1013.0,1011.0,4,48560.0,14.5,36.7,seville,2026-06-01T05:00:26.418508
2026-06-01T19:00,31.3,38,15.3,31.3,0,0.0,0.0,0.0,0.0,0.0,0,1013.3,1011.3,6,44080.0,12.3,33.1,seville,2026-06-01T05:00:26.418508
2026-06-01T20:00,28.2,46,15.5,28.5,0,0.0,0.0,0.0,0.0,0.0,0,1013.7,1011.6,24,40400.0,10.5,28.1,seville,2026-06-01T05:00:26.418508
2026-06-01T21:00,26.1,52,15.4,26.5,0,0.0,0.0,0.0,0.0,0.0,0,1014.7,1012.6,0,30480.0,9.5,24.1,seville,2026-06-01T05:00:26.418508
2026-06-01T22:00,24.5,61,16.5,25.7,0,0.0,0.0,0.0,0.0,0.0,0,1015.6,1013.5,0,33960.0,6.7,21.6,seville,2026-06-01T05:00:26.418508
2026-06-01T23:00,23.1,73,18.0,25.1,0,0.0,0.0,0.0,0.0,0.0,0,1015.8,1013.7,0,31500.0,6.1,15.8,seville,2026-06-01T05:00:26.418508
2026-06-01T00:00,27.4,63,19.8,30.2,35,0.0,0.0,0.0,0.0,0.0,2,1013.6,961.1,57,24840.0,6.3,16.6,valencia,2026-06-01T05:01:05.613428
2026-06-01T01:00,26.8,67,20.0,29.9,22,0.0,0.0,0.0,0.0,0.0,2,1014.7,962.1,61,15620.0,5.2,16.9,valencia,2026-06-01T05:01:05.613428
2026-06-01T02:00,26.4,69,20.2,29.8,11,0.1,0.1,0.0,0.0,0.0,51,1015.7,963.0,50,13900.0,3.9,13.3,valencia,2026-06-01T05:01:05.613428
2026-06-01T03:00,26.0,70,20.1,29.2,4,0.0,0.0,0.0,0.0,0.0,2,1015.8,963.0,55,30740.0,4.9,11.5,valencia,2026-06-01T05:01:05.613428
2026-06-01T04:00,25.5,72,20.0,28.6,1,0.0,0.0,0.0,0.0,0.0,2,1015.5,962.6,52,35760.0,5.8,13.0,valencia,2026-06-01T05:01:05.613428
2026-06-01T05:00,25.0,75,20.2,28.0,2,0.0,0.0,0.0,0.0,0.0,2,1015.5,962.5,67,23600.0,6.4,14.8,valencia,2026-06-01T05:01:05.613428
2026-06-01T06:00,24.4,80,20.7,27.8,4,0.1,0.1,0.0,0.0,0.0,51,1015.0,961.9,68,12480.0,5.2,14.8,valencia,2026-06-01T05:01:05.613428
2026-06-01T07:00,24.0,84,21.0,27.7,6,0.1,0.1,0.0,0.0,0.0,51,1014.5,961.4,29,11060.0,4.8,12.6,valencia,2026-06-01T05:01:05.613428
2026-06-01T08:00,23.7,86,21.2,27.4,9,0.1,0.1,0.0,0.0,0.0,51,1014.6,961.4,37,11540.0,5.7,12.2,valencia,2026-06-01T05:01:05.613428
2026-06-01T09:00,23.6,86,21.1,27.4,14,0.1,0.1,0.0,0.0,0.0,51,1014.9,961.7,55,10480.0,5.2,13.3,valencia,2026-06-01T05:01:05.613428
2026-06-01T10:00,23.1,87,20.9,26.9,20,0.2,0.1,0.1,0.0,0.0,51,1015.5,962.2,88,4560.0,3.6,16.2,valencia,2026-06-01T05:01:05.613428
2026-06-01T11:00,22.8,90,21.1,26.6,27,1.0,0.8,0.2,0.0,0.0,55,1016.4,963.0,71,5400.0,4.4,15.1,valencia,2026-06-01T05:01:05.613428
2026-06-01T12:00,23.4,88,21.2,27.1,35,0.8,0.6,0.2,0.0,0.0,53,1016.5,963.2,16,4480.0,5.8,17.3,valencia,2026-06-01T05:01:05.613428
2026-06-01T13:00,24.8,78,20.5,27.9,43,0.4,0.4,0.0,0.0,0.0,51,1017.0,963.9,89,13040.0,7.1,23.0,valencia,2026-06-01T05:01:05.613428
2026-06-01T14:00,26.5,71,20.8,30.3,52,0.0,0.0,0.0,0.0,0.0,3,1016.8,964.0,88,23660.0,4.5,22.0,valencia,2026-06-01T05:01:05.613428
2026-06-01T15:00,28.0,63,20.4,32.3,61,0.1,0.1,0.0,0.0,0.0,51,1016.1,963.6,43,7180.0,2.6,18.4,valencia,2026-06-01T05:01:05.613428
2026-06-01T16:00,30.0,58,20.8,35.1,72,0.1,0.1,0.0,0.0,0.0,51,1015.1,963.0,80,43200.0,4.7,26.3,valencia,2026-06-01T05:01:05.613428
2026-06-01T17:00,30.8,55,20.5,35.8,83,0.1,0.1,0.0,0.0,0.0,51,1013.9,962.0,97,43320.0,5.5,28.4,valencia,2026-06-01T05:01:05.613428
2026-06-01T18:00,29.5,56,20.0,32.9,92,0.1,0.1,0.0,0.0,0.0,51,1013.3,961.2,81,3840.0,11.0,33.1,valencia,2026-06-01T05:01:05.613428
2026-06-01T19:00,29.0,59,20.2,32.4,97,0.5,0.4,0.1,0.0,0.0,53,1011.9,959.8,27,21840.0,6.0,34.2,valencia,2026-06-01T05:01:05.613428
2026-06-01T20:00,29.5,58,20.3,32.8,100,0.2,0.1,0.1,0.0,0.0,51,1010.9,958.9,21,7360.0,8.5,29.5,valencia,2026-06-01T05:01:05.613428
2026-06-01T21:00,29.1,59,20.4,32.2,100,0.5,0.5,0.0,0.0,0.0,53,1010.6,958.6,44,5600.0,6.8,27.4,valencia,2026-06-01T05:01:05.613428
2026-06-01T22:00,28.4,63,20.8,31.9,94,0.2,0.2,0.0,0.0,0.0,51,1010.7,958.5,23,14060.0,5.1,22.7,valencia,2026-06-01T05:01:05.613428
2026-06-01T23:00,27.5,68,21.0,31.2,85,0.0,0.0,0.0,0.0,0.0,2,1011.9,959.5,54,16400.0,4.5,16.9,valencia,2026-06-01T05:01:05.613428
2026-06-01T00:00,26.6,88,24.4,32.0,31,0.1,0.1,0.0,0.0,0.0,51,1011.2,1011.2,20,11300.0,6.3,11.5,colombo,2026-06-01T05:01:09.215637
2026-06-01T01:00,26.7,89,24.6,32.3,29,0.1,0.1,0.0,0.0,0.0,51,1011.6,1011.6,19,10680.0,5.9,11.5,colombo,2026-06-01T05:01:09.215637
2026-06-01T02:00,27.8,86,25.2,33.8,34,0.1,0.1,0.0,0.0,0.0,51,1012.0,1012.0,16,9800.0,6.1,14.4,colombo,2026-06-01T05:01:09.215637
2026-06-01T03:00,28.9,76,24.2,33.4,43,0.2,0.0,0.2,0.0,0.0,51,1012.1,1012.1,22,9380.0,11.9,28.4,colombo,2026-06-01T05:01:09.215637
2026-06-01T04:00,29.3,73,24.0,33.3,60,0.1,0.0,0.1,0.0,0.0,51,1012.5,1012.5,24,9560.0,14.7,36.4,colombo,2026-06-01T05:01:09.215637
2026-06-01T05:00,29.6,73,24.4,34.7,81,0.5,0.1,0.4,0.0,0.0,53,1012.5,1012.5,28,8540.0,15.1,37.8,colombo,2026-06-01T05:01:09.215637
2026-06-01T06:00,29.9,74,24.7,35.8,94,0.0,0.0,0.0,0.0,0.0,0,1012.1,1012.1,16,16660.0,14.7,38.9,colombo,2026-06-01T05:01:09.215637
2026-06-01T07:00,30.0,73,24.7,36.1,91,0.1,0.0,0.1,0.0,0.0,51,1011.4,1011.4,18,12680.0,14.9,39.6,colombo,2026-06-01T05:01:09.215637
2026-06-01T08:00,30.0,72,24.5,35.8,81,0.1,0.0,0.1,0.0,0.0,51,1010.5,1010.5,13,14200.0,15.9,40.0,colombo,2026-06-01T05:01:09.215637
2026-06-01T09:00,29.7,73,24.4,34.7,73,0.1,0.0,0.1,0.0,0.0,51,1009.6,1009.6,25,9360.0,17.7,43.6,colombo,2026-06-01T05:01:09.215637
2026-06-01T10:00,29.3,75,24.4,33.5,73,0.3,0.0,0.3,0.0,0.0,51,1009.0,1009.0,24,7100.0,17.8,43.9,colombo,2026-06-01T05:01:09.215637
2026-06-01T11:00,28.9,76,24.3,32.6,76,0.2,0.0,0.2,0.0,0.0,51,1009.2,1009.2,24,9740.0,17.5,43.6,colombo,2026-06-01T05:01:09.215637
2026-06-01T12:00,28.3,79,24.4,32.5,75,0.1,0.0,0.1,0.0,0.0,51,1009.5,1009.5,27,9420.0,14.2,41.8,colombo,2026-06-01T05:01:09.215637
2026-06-01T13:00,27.9,82,24.5,32.5,67,0.2,0.1,0.1,0.0,0.0,51,1010.1,1010.1,32,8380.0,12.8,29.5,colombo,2026-06-01T05:01:09.215637
2026-06-01T14:00,27.9,82,24.6,32.5,55,0.1,0.1,0.0,0.0,0.0,51,1010.9,1010.9,27,10860.0,12.9,25.9,colombo,2026-06-01T05:01:09.215637
2026-06-01T15:00,27.8,83,24.7,32.4,49,0.1,0.1,0.0,0.0,0.0,51,1011.8,1011.8,27,10740.0,13.2,27.0,colombo,2026-06-01T05:01:09.215637
2026-06-01T16:00,27.7,84,24.8,32.6,54,0.1,0.0,0.1,0.0,0.0,51,1012.5,1012.5,35,11940.0,11.4,26.6,colombo,2026-06-01T05:01:09.215637
2026-06-01T17:00,27.2,85,24.5,32.2,64,0.5,0.3,0.2,0.0,0.0,53,1012.5,1012.5,41,7960.0,9.8,24.1,colombo,2026-06-01T05:01:09.215637
2026-06-01T18:00,26.9,86,24.5,32.0,73,0.4,0.2,0.2,0.0,0.0,51,1012.1,1012.1,66,5420.0,9.2,21.2,colombo,2026-06-01T05:01:09.215637
2026-06-01T19:00,26.6,89,24.6,32.0,79,0.3,0.1,0.2,0.0,0.0,51,1011.5,1011.5,68,6880.0,7.5,19.8,colombo,2026-06-01T05:01:09.215637
2026-06-01T20:00,26.2,92,24.8,31.9,84,0.5,0.3,0.2,0.0,0.0,53,1010.7,1010.7,47,5980.0,6.7,15.5,colombo,2026-06-01T05:01:09.215637
2026-06-01T21:00,26.1,93,24.9,31.9,88,0.3,0.2,0.1,0.0,0.0,51,1009.9,1009.9,93,5480.0,6.1,14.4,colombo,2026-06-01T05:01:09.215637
2026-06-01T22:00,25.7,93,24.5,30.6,90,0.8,0.7,0.1,0.0,0.0,53,1010.0,1010.0,72,6280.0,10.2,21.2,colombo,2026-06-01T05:01:09.215637
2026-06-01T23:00,25.2,94,24.2,30.1,91,0.4,0.3,0.1,0.0,0.0,51,1010.3,1010.3,97,3140.0,9.1,19.4,colombo,2026-06-01T05:01:09.215637
2026-06-01T00:00,11.9,81,8.7,10.2,0,0.0,0.0,0.0,0.0,0.0,2,1012.5,1011.5,65,38600.0,9.4,16.2,stockholm,2026-06-01T05:02:27.212567
2026-06-01T01:00,11.5,84,8.9,9.9,0,0.0,0.0,0.0,0.0,0.0,1,1012.6,1011.6,44,38600.0,9.4,16.9,stockholm,2026-06-01T05:02:27.212567
2026-06-01T02:00,11.5,86,9.2,9.9,0,0.0,0.0,0.0,0.0,0.0,2,1012.8,1011.8,62,38600.0,9.4,16.6,stockholm,2026-06-01T05:02:27.212567
2026-06-01T03:00,12.0,84,9.4,10.4,0,0.0,0.0,0.0,0.0,0.0,2,1012.9,1011.9,77,38600.0,10.1,19.8,stockholm,2026-06-01T05:02:27.212567
2026-06-01T04:00,12.9,82,9.9,11.3,0,0.0,0.0,0.0,0.0,0.0,3,1013.0,1012.0,87,42740.0,10.8,20.9,stockholm,2026-06-01T05:02:27.212567
2026-06-01T05:00,13.8,76,9.6,12.2,0,0.0,0.0,0.0,0.0,0.0,3,1013.0,1012.0,94,47160.0,10.1,21.2,stockholm,2026-06-01T05:02:27.212567
2026-06-01T06:00,14.9,64,8.2,13.2,0,0.0,0.0,0.0,0.0,0.0,3,1013.0,1012.0,88,53980.0,9.0,20.5,stockholm,2026-06-01T05:02:27.212567
2026-06-01T07:00,16.4,51,6.3,14.2,0,0.0,0.0,0.0,0.0,0.0,2,1013.1,1012.1,69,58200.0,9.0,20.5,stockholm,2026-06-01T05:02:27.212567
2026-06-01T08:00,18.0,42,4.9,15.3,0,0.0,0.0,0.0,0.0,0.0,1,1012.8,1011.8,40,58200.0,10.1,24.1,stockholm,2026-06-01T05:02:27.212567
2026-06-01T09:00,19.4,47,7.8,17.7,0,0.0,0.0,0.0,0.0,0.0,1,1012.4,1011.5,20,64620.0,12.6,29.2,stockholm,2026-06-01T05:02:27.212567
2026-06-01T10:00,20.3,43,7.3,18.2,0,0.0,0.0,0.0,0.0,0.0,0,1012.4,1011.5,17,64620.0,16.6,36.0,stockholm,2026-06-01T05:02:27.212567
2026-06-01T11:00,21.0,44,8.3,19.3,0,0.0,0.0,0.0,0.0,0.0,1,1012.6,1011.7,21,58200.0,16.2,36.4,stockholm,2026-06-01T05:02:27.212567
2026-06-01T12:00,21.0,45,8.6,19.0,0,0.0,0.0,0.0,0.0,0.0,1,1012.9,1012.0,35,58200.0,17.3,37.4,stockholm,2026-06-01T05:02:27.212567
2026-06-01T13:00,20.8,45,8.4,18.4,0,0.0,0.0,0.0,0.0,0.0,2,1012.8,1011.9,65,58200.0,17.3,37.4,stockholm,2026-06-01T05:02:27.212567
2026-06-01T14:00,20.4,45,8.1,17.6,0,0.0,0.0,0.0,0.0,0.0,3,1012.4,1011.5,92,58200.0,15.8,37.4,stockholm,2026-06-01T05:02:27.212567
2026-06-01T15:00,20.3,51,9.9,18.2,0,0.0,0.0,0.0,0.0,0.0,1,1012.2,1011.3,40,58280.0,14.8,33.5,stockholm,2026-06-01T05:02:27.212567
2026-06-01T16:00,19.9,49,8.9,17.5,0,0.0,0.0,0.0,0.0,0.0,2,1011.8,1010.9,55,58400.0,14.4,32.4,stockholm,2026-06-01T05:02:27.212567
2026-06-01T17:00,19.0,53,9.2,16.9,0,0.0,0.0,0.0,0.0,0.0,2,1011.6,1010.7,63,58460.0,13.3,30.6,stockholm,2026-06-01T05:02:27.212567
2026-06-01T18:00,18.0,56,9.1,15.7,0,0.0,0.0,0.0,0.0,0.0,3,1011.6,1010.7,92,54200.0,14.0,28.1,stockholm,2026-06-01T05:02:27.212567
2026-06-01T19:00,17.0,55,7.9,14.7,0,0.0,0.0,0.0,0.0,0.0,3,1011.5,1010.5,81,50960.0,12.2,27.4,stockholm,2026-06-01T05:02:27.212567
2026-06-01T20:00,15.9,52,6.0,13.4,0,0.0,0.0,0.0,0.0,0.0,3,1011.4,1010.4,91,50980.0,10.4,22.7,stockholm,2026-06-01T05:02:27.212567
2026-06-01T21:00,15.2,55,6.2,12.8,0,0.0,0.0,0.0,0.0,0.0,3,1011.5,1010.5,86,50980.0,9.7,19.4,stockholm,2026-06-01T05:02:27.212567
2026-06-01T22:00,14.7,60,7.0,12.6,1,0.0,0.0,0.0,0.0,0.0,2,1011.9,1010.9,76,50960.0,9.0,18.7,stockholm,2026-06-01T05:02:27.212567
2026-06-01T23:00,14.4,64,7.7,12.7,3,0.0,0.0,0.0,0.0,0.0,2,1012.0,1011.0,51,47380.0,7.6,16.2,stockholm,2026-06-01T05:02:27.212567
2026-06-01T00:00,18.1,86,15.7,19.6,5,0.0,0.0,0.0,0.0,0.0,2,1018.4,972.4,94,24880.0,2.9,17.6,geneva,2026-06-01T05:02:29.820643
2026-06-01T01:00,17.7,85,15.1,18.6,0,0.0,0.0,0.0,0.0,0.0,3,1018.6,972.5,80,25540.0,5.0,15.8,geneva,2026-06-01T05:02:29.820643
2026-06-01T02:00,17.5,87,15.3,19.0,0,0.0,0.0,0.0,0.0,0.0,3,1018.6,972.5,93,22780.0,1.8,10.1,geneva,2026-06-01T05:02:29.820643
2026-06-01T03:00,17.2,90,15.6,18.7,0,0.0,0.0,0.0,0.0,0.0,1,1018.1,972.0,28,20280.0,2.6,6.5,geneva,2026-06-01T05:02:29.820643
2026-06-01T04:00,16.9,94,15.9,18.6,0,0.0,0.0,0.0,0.0,0.0,2,1018.1,971.9,53,15400.0,1.8,4.0,geneva,2026-06-01T05:02:29.820643
2026-06-01T05:00,17.0,94,16.0,18.6,0,0.0,0.0,0.0,0.0,0.0,2,1018.2,972.0,42,11800.0,2.6,6.1,geneva,2026-06-01T05:02:29.820643
2026-06-01T06:00,17.9,88,15.9,19.9,0,0.0,0.0,0.0,0.0,0.0,2,1018.5,972.4,46,20500.0,0.4,6.5,geneva,2026-06-01T05:02:29.820643
2026-06-01T07:00,19.4,61,11.7,19.4,0,0.0,0.0,0.0,0.0,0.0,1,1018.5,972.7,16,40020.0,3.4,8.6,geneva,2026-06-01T05:02:29.820643
2026-06-01T08:00,20.5,64,13.4,20.7,0,0.0,0.0,0.0,0.0,0.0,2,1018.5,972.8,94,39060.0,5.8,11.9,geneva,2026-06-01T05:02:29.820643
2026-06-01T09:00,21.1,57,12.3,20.8,0,0.0,0.0,0.0,0.0,0.0,3,1018.4,972.8,100,40400.0,7.0,10.8,geneva,2026-06-01T05:02:29.820643
2026-06-01T10:00,22.2,51,11.5,22.5,0,0.0,0.0,0.0,0.0,0.0,3,1017.9,972.5,100,41220.0,7.5,11.5,geneva,2026-06-01T05:02:29.820643
2026-06-01T11:00,22.8,50,11.8,23.5,0,0.0,0.0,0.0,0.0,0.0,3,1017.2,971.9,98,41200.0,10.2,16.6,geneva,2026-06-01T05:02:29.820643
2026-06-01T12:00,23.4,47,11.4,24.3,0,0.0,0.0,0.0,0.0,0.0,2,1016.5,971.4,67,41640.0,10.0,17.3,geneva,2026-06-01T05:02:29.820643
2026-06-01T13:00,24.3,43,10.9,25.1,0,0.0,0.0,0.0,0.0,0.0,1,1015.4,970.4,39,42180.0,9.6,17.3,geneva,2026-06-01T05:02:29.820643
2026-06-01T14:00,25.0,40,10.4,25.3,0,0.0,0.0,0.0,0.0,0.0,2,1014.5,969.7,46,42800.0,9.0,16.6,geneva,2026-06-01T05:02:29.820643
2026-06-01T15:00,25.6,38,10.2,25.1,0,0.0,0.0,0.0,0.0,0.0,0,1013.7,969.0,5,43620.0,9.4,16.9,geneva,2026-06-01T05:02:29.820643
2026-06-01T16:00,25.7,37,9.9,24.2,0,0.0,0.0,0.0,0.0,0.0,0,1013.5,968.8,1,44000.0,9.8,18.4,geneva,2026-06-01T05:02:29.820643
2026-06-01T17:00,25.4,36,9.3,23.9,0,0.0,0.0,0.0,0.0,0.0,0,1013.3,968.6,0,44460.0,9.0,21.2,geneva,2026-06-01T05:02:29.820643
2026-06-01T18:00,24.8,38,9.5,23.4,0,0.0,0.0,0.0,0.0,0.0,1,1013.2,968.4,40,43900.0,8.8,21.6,geneva,2026-06-01T05:02:29.820643
2026-06-01T19:00,23.5,45,10.8,22.6,0,0.0,0.0,0.0,0.0,0.0,3,1013.3,968.3,100,42320.0,7.9,18.4,geneva,2026-06-01T05:02:29.820643
2026-06-01T20:00,22.1,54,12.3,22.2,0,0.0,0.0,0.0,0.0,0.0,3,1013.8,968.6,92,41140.0,4.1,16.2,geneva,2026-06-01T05:02:29.820643
2026-06-01T21:00,20.9,63,13.6,21.5,0,0.0,0.0,0.0,0.0,0.0,2,1014.1,968.7,71,39800.0,4.0,9.0,geneva,2026-06-01T05:02:29.820643
2026-06-01T22:00,20.3,62,12.8,21.0,0,0.0,0.0,0.0,0.0,0.0,3,1014.0,968.5,100,40180.0,1.6,7.6,geneva,2026-06-01T05:02:29.820643
2026-06-01T23:00,19.2,71,13.8,20.0,0,0.0,0.0,0.0,0.0,0.0,3,1013.8,968.1,100,37780.0,2.9,5.8,geneva,2026-06-01T05:02:29.820643
2026-06-01T00:00,18.0,77,13.9,18.4,70,0.0,0.0,0.0,0.0,0.0,3,1018.2,961.2,100,34640.0,5.4,21.2,lausanne,2026-06-01T05:02:32.482262
2026-06-01T01:00,17.7,80,14.2,18.4,73,0.0,0.0,0.0,0.0,0.0,3,1018.4,961.3,96,32060.0,4.5,12.6,lausanne,2026-06-01T05:02:32.482262
2026-06-01T02:00,17.0,80,13.5,17.3,75,0.1,0.0,0.1,0.0,0.0,80,1018.4,961.2,87,31680.0,5.3,14.4,lausanne,2026-06-01T05:02:32.482262
2026-06-01T03:00,17.2,68,11.2,16.5,58,0.0,0.0,0.0,0.0,0.0,3,1018.2,961.0,96,38260.0,7.3,12.6,lausanne,2026-06-01T05:02:32.482262
2026-06-01T04:00,17.3,68,11.3,15.9,28,0.0,0.0,0.0,0.0,0.0,2,1018.0,960.8,68,38240.0,11.9,25.2,lausanne,2026-06-01T05:02:32.482262
2026-06-01T05:00,17.3,64,10.4,15.8,3,0.0,0.0,0.0,0.0,0.0,2,1018.2,961.0,82,39400.0,11.2,27.4,lausanne,2026-06-01T05:02:32.482262
2026-06-01T06:00,17.7,63,10.6,16.2,3,0.0,0.0,0.0,0.0,0.0,2,1018.6,961.5,73,39460.0,11.9,27.0,lausanne,2026-06-01T05:02:32.482262
2026-06-01T07:00,18.7,59,10.5,17.1,0,0.0,0.0,0.0,0.0,0.0,1,1018.6,961.7,46,40220.0,12.2,27.7,lausanne,2026-06-01T05:02:32.482262
2026-06-01T08:00,19.6,56,10.6,18.1,0,0.0,0.0,0.0,0.0,0.0,1,1018.8,962.0,33,40480.0,11.5,27.0,lausanne,2026-06-01T05:02:32.482262
2026-06-01T09:00,20.6,53,10.6,20.3,0,0.0,0.0,0.0,0.0,0.0,3,1018.8,962.2,100,40920.0,7.6,23.4,lausanne,2026-06-01T05:02:32.482262
2026-06-01T10:00,21.8,49,10.6,22.9,0,0.0,0.0,0.0,0.0,0.0,3,1018.2,961.9,100,41320.0,4.1,13.3,lausanne,2026-06-01T05:02:32.482262
2026-06-01T11:00,22.8,45,10.3,24.1,0,0.0,0.0,0.0,0.0,0.0,3,1017.4,961.3,98,41900.0,5.0,12.2,lausanne,2026-06-01T05:02:32.482262
2026-06-01T12:00,23.2,47,11.2,23.9,0,0.0,0.0,0.0,0.0,0.0,3,1016.6,960.6,85,41520.0,8.5,12.2,lausanne,2026-06-01T05:02:32.482262
2026-06-01T13:00,23.5,46,11.2,24.3,0,0.0,0.0,0.0,0.0,0.0,1,1015.6,959.7,29,41620.0,9.1,13.0,lausanne,2026-06-01T05:02:32.482262
2026-06-01T14:00,24.0,42,10.3,24.5,0,0.0,0.0,0.0,0.0,0.0,3,1014.9,959.2,96,42440.0,7.6,11.5,lausanne,2026-06-01T05:02:32.482262
2026-06-01T15:00,24.4,42,10.7,24.7,0,0.0,0.0,0.0,0.0,0.0,2,1014.2,958.6,84,42420.0,4.4,16.2,lausanne,2026-06-01T05:02:32.482262
2026-06-01T16:00,24.9,36,8.8,23.5,0,0.0,0.0,0.0,0.0,0.0,2,1013.8,958.3,57,44200.0,7.4,17.3,lausanne,2026-06-01T05:02:32.482262
2026-06-01T17:00,24.2,38,8.9,22.3,0,0.0,0.0,0.0,0.0,0.0,0,1013.6,958.0,0,43700.0,10.6,22.3,lausanne,2026-06-01T05:02:32.482262
2026-06-01T18:00,23.2,41,9.2,21.4,0,0.0,0.0,0.0,0.0,0.0,0,1013.6,957.8,0,43060.0,10.7,24.1,lausanne,2026-06-01T05:02:32.482262
2026-06-01T19:00,21.6,49,10.4,20.0,0,0.0,0.0,0.0,0.0,0.0,2,1013.7,957.6,72,41580.0,12.0,25.6,lausanne,2026-06-01T05:02:32.482262
2026-06-01T20:00,20.3,55,11.0,18.6,0,0.0,0.0,0.0,0.0,0.0,3,1013.9,957.5,100,40880.0,13.6,29.2,lausanne,2026-06-01T05:02:32.482262
2026-06-01T21:00,19.6,56,10.6,17.7,0,0.0,0.0,0.0,0.0,0.0,3,1014.1,957.6,90,40700.0,14.6,31.3,lausanne,2026-06-01T05:02:32.482262
2026-06-01T22:00,19.3,56,10.3,17.8,0,0.0,0.0,0.0,0.0,0.0,2,1014.1,957.5,46,40760.0,10.7,31.3,lausanne,2026-06-01T05:02:32.482262
2026-06-01T23:00,18.7,57,10.0,17.6,0,0.0,0.0,0.0,0.0,0.0,2,1013.7,957.0,51,40760.0,7.2,20.9,lausanne,2026-06-01T05:02:32.482262
2026-06-01T00:00,17.5,85,14.9,18.7,73,0.1,0.0,0.1,0.0,0.0,61,1019.1,970.7,99,25560.0,3.0,16.2,zurich,2026-06-01T05:03:50.471169
2026-06-01T01:00,17.5,83,14.6,18.9,88,0.1,0.0,0.1,0.0,0.0,80,1018.1,969.7,91,28240.0,1.3,7.2,zurich,2026-06-01T05:03:50.471169
2026-06-01T02:00,17.3,84,14.6,18.6,83,0.0,0.0,0.0,0.0,0.0,80,1017.8,969.4,86,27020.0,1.5,5.4,zurich,2026-06-01T05:03:50.471169
2026-06-01T03:00,17.2,87,15.1,18.6,60,0.1,0.0,0.1,0.0,0.0,80,1018.8,970.4,97,23440.0,2.5,7.2,zurich,2026-06-01T05:03:50.471169
2026-06-01T04:00,17.0,87,14.8,18.1,65,0.0,0.0,0.0,0.0,0.0,3,1017.8,969.4,87,23600.0,3.1,8.3,zurich,2026-06-01T05:03:50.471169
2026-06-01T05:00,17.0,82,13.9,17.6,78,0.0,0.0,0.0,0.0,0.0,3,1018.2,969.7,100,29140.0,4.5,10.8,zurich,2026-06-01T05:03:50.471169
2026-06-01T06:00,17.0,80,13.5,17.2,63,0.0,0.0,0.0,0.0,0.0,3,1018.6,970.1,88,30500.0,6.6,16.2,zurich,2026-06-01T05:03:50.471169
2026-06-01T07:00,17.1,77,13.0,17.0,45,0.0,0.0,0.0,0.0,0.0,3,1018.8,970.3,84,32400.0,7.2,19.1,zurich,2026-06-01T05:03:50.471169
2026-06-01T08:00,18.0,73,13.1,17.9,23,0.0,0.0,0.0,0.0,0.0,3,1019.2,970.9,90,34900.0,7.9,22.3,zurich,2026-06-01T05:03:50.471169
2026-06-01T09:00,19.1,68,13.1,19.1,8,0.0,0.0,0.0,0.0,0.0,3,1019.3,971.1,84,36920.0,7.2,19.8,zurich,2026-06-01T05:03:50.471169
2026-06-01T10:00,20.2,62,12.7,20.4,3,0.0,0.0,0.0,0.0,0.0,2,1018.9,970.9,92,39100.0,6.3,19.1,zurich,2026-06-01T05:03:50.471169
2026-06-01T11:00,21.0,55,11.6,20.8,0,0.0,0.0,0.0,0.0,0.0,3,1018.2,970.4,92,40460.0,7.3,19.4,zurich,2026-06-01T05:03:50.471169
2026-06-01T12:00,21.7,52,11.5,22.3,0,0.0,0.0,0.0,0.0,0.0,2,1017.6,969.9,63,40880.0,6.6,20.5,zurich,2026-06-01T05:03:50.471169
2026-06-01T13:00,22.7,47,10.8,22.8,0,0.0,0.0,0.0,0.0,0.0,2,1016.6,969.1,85,41540.0,6.5,17.3,zurich,2026-06-01T05:03:50.471169
2026-06-01T14:00,23.7,43,10.4,24.8,0,0.0,0.0,0.0,0.0,0.0,1,1015.8,968.5,3,42240.0,2.9,16.6,zurich,2026-06-01T05:03:50.471169
2026-06-01T15:00,23.6,40,9.2,22.0,0,0.0,0.0,0.0,0.0,0.0,3,1015.3,968.0,99,42960.0,9.2,16.6,zurich,2026-06-01T05:03:50.471169
2026-06-01T16:00,23.8,39,9.0,22.9,0,0.0,0.0,0.0,0.0,0.0,3,1015.0,967.8,100,43280.0,5.0,16.9,zurich,2026-06-01T05:03:50.471169
2026-06-01T17:00,23.7,40,9.3,22.8,0,0.0,0.0,0.0,0.0,0.0,2,1014.6,967.4,63,43200.0,4.8,8.3,zurich,2026-06-01T05:03:50.471169
2026-06-01T18:00,23.1,42,9.5,22.4,0,0.0,0.0,0.0,0.0,0.0,2,1014.4,967.1,44,42740.0,4.3,8.6,zurich,2026-06-01T05:03:50.471169
2026-06-01T19:00,21.2,63,13.9,21.7,0,0.0,0.0,0.0,0.0,0.0,2,1014.3,966.7,59,39240.0,5.7,18.0,zurich,2026-06-01T05:03:50.471169
2026-06-01T20:00,19.8,73,14.9,20.8,0,0.0,0.0,0.0,0.0,0.0,1,1014.4,966.6,63,36000.0,4.7,13.7,zurich,2026-06-01T05:03:50.471169
2026-06-01T21:00,18.5,81,15.2,19.8,0,0.0,0.0,0.0,0.0,0.0,2,1014.5,966.5,68,30840.0,2.6,9.7,zurich,2026-06-01T05:03:50.471169
2026-06-01T22:00,17.6,87,15.4,19.0,0,0.0,0.0,0.0,0.0,0.0,3,1014.5,966.3,99,24180.0,2.6,6.5,zurich,2026-06-01T05:03:50.471169
2026-06-01T23:00,17.4,87,15.3,18.9,0,0.0,0.0,0.0,0.0,0.0,3,1014.3,966.1,100,24740.0,2.1,5.8,zurich,2026-06-01T05:03:50.471169
2026-06-01T00:00,24.1,80,20.4,27.1,0,0.1,0.1,0.0,0.0,0.0,51,1009.3,1008.3,100,6020.0,7.8,18.7,taipei,2026-06-01T05:04:28.214041
2026-06-01T01:00,25.0,81,21.6,28.5,22,0.3,0.3,0.0,0.0,0.0,51,1009.1,1008.1,100,5240.0,7.9,19.4,taipei,2026-06-01T05:04:28.214041
2026-06-01T02:00,25.7,84,22.8,29.7,53,0.4,0.4,0.0,0.0,0.0,51,1009.3,1008.3,86,5780.0,9.3,22.3,taipei,2026-06-01T05:04:28.214041
2026-06-01T03:00,27.1,76,22.6,30.5,71,0.2,0.1,0.1,0.0,0.0,51,1009.0,1008.0,68,11820.0,12.6,30.6,taipei,2026-06-01T05:04:28.214041
2026-06-01T04:00,28.0,71,22.4,31.2,66,0.0,0.0,0.0,0.0,0.0,1,1008.5,1007.5,47,14940.0,13.4,32.8,taipei,2026-06-01T05:04:28.214041
2026-06-01T05:00,29.0,66,22.0,32.9,49,0.1,0.1,0.0,0.0,0.0,51,1007.6,1006.6,52,14420.0,12.5,33.1,taipei,2026-06-01T05:04:28.214041
2026-06-01T06:00,29.2,65,21.9,33.0,33,0.0,0.0,0.0,0.0,0.0,1,1006.9,1005.9,39,27920.0,12.6,32.0,taipei,2026-06-01T05:04:28.214041
2026-06-01T07:00,28.8,66,21.8,32.3,22,0.0,0.0,0.0,0.0,0.0,1,1006.6,1005.6,29,27940.0,11.7,32.0,taipei,2026-06-01T05:04:28.214041
2026-06-01T08:00,28.9,64,21.4,32.1,11,0.0,0.0,0.0,0.0,0.0,1,1006.6,1005.6,38,23520.0,9.1,29.2,taipei,2026-06-01T05:04:28.214041
2026-06-01T09:00,28.4,65,21.2,31.9,4,0.0,0.0,0.0,0.0,0.0,2,1006.7,1005.7,56,27660.0,6.9,23.4,taipei,2026-06-01T05:04:28.214041
2026-06-01T10:00,27.4,70,21.5,31.4,1,0.0,0.0,0.0,0.0,0.0,1,1006.6,1005.6,42,27960.0,4.8,17.3,taipei,2026-06-01T05:04:28.214041
2026-06-01T11:00,26.0,82,22.6,30.8,0,0.0,0.0,0.0,0.0,0.0,0,1006.9,1005.9,7,21740.0,2.8,11.2,taipei,2026-06-01T05:04:28.214041
2026-06-01T12:00,25.2,89,23.2,30.7,0,0.0,0.0,0.0,0.0,0.0,0,1007.2,1006.2,3,19120.0,1.0,6.1,taipei,2026-06-01T05:04:28.214041
2026-06-01T13:00,24.8,91,23.1,30.2,0,0.0,0.0,0.0,0.0,0.0,0,1007.7,1006.7,2,19340.0,1.2,2.9,taipei,2026-06-01T05:04:28.214041
2026-06-01T14:00,24.2,94,23.2,29.5,0,0.0,0.0,0.0,0.0,0.0,0,1008.0,1007.0,1,16180.0,2.1,5.0,taipei,2026-06-01T05:04:28.214041
2026-06-01T15:00,23.8,97,23.3,29.1,0,0.0,0.0,0.0,0.0,0.0,0,1007.9,1006.9,1,11360.0,2.2,5.0,taipei,2026-06-01T05:04:28.214041
2026-06-01T16:00,23.4,100,23.3,28.8,0,0.0,0.0,0.0,0.0,0.0,0,1007.6,1006.6,1,11380.0,1.7,5.8,taipei,2026-06-01T05:04:28.214041
2026-06-01T17:00,23.2,100,23.1,28.6,0,0.0,0.0,0.0,0.0,0.0,3,1007.3,1006.3,98,280.0,1.2,4.0,taipei,2026-06-01T05:04:28.214041
2026-06-01T18:00,23.0,98,22.8,28.0,0,0.0,0.0,0.0,0.0,0.0,2,1007.1,1006.1,70,380.0,2.8,5.8,taipei,2026-06-01T05:04:28.214041
2026-06-01T19:00,23.0,96,22.4,27.8,0,0.0,0.0,0.0,0.0,0.0,2,1007.1,1006.1,63,560.0,1.7,6.5,taipei,2026-06-01T05:04:28.214041
2026-06-01T20:00,22.7,96,22.1,27.5,0,0.0,0.0,0.0,0.0,0.0,3,1007.0,1006.0,100,780.0,1.3,4.3,taipei,2026-06-01T05:04:28.214041
2026-06-01T21:00,23.0,94,22.0,27.7,0,0.0,0.0,0.0,0.0,0.0,3,1007.4,1006.4,100,3920.0,2.0,5.0,taipei,2026-06-01T05:04:28.214041
2026-06-01T22:00,23.6,89,21.8,27.9,0,0.0,0.0,0.0,0.0,0.0,3,1008.1,1007.1,100,14040.0,3.1,8.6,taipei,2026-06-01T05:04:28.214041
2026-06-01T23:00,25.1,83,22.0,29.6,0,0.0,0.0,0.0,0.0,0.0,1,1008.7,1007.7,44,14260.0,3.0,11.2,taipei,2026-06-01T05:04:28.214041
2026-06-01T00:00,26.3,86,23.8,32.1,10,0.0,0.0,0.0,0.0,0.0,1,1009.1,1008.6,46,23040.0,0.8,5.4,bangkok,2026-06-01T05:04:30.749982
2026-06-01T01:00,27.4,82,24.0,33.4,5,0.0,0.0,0.0,0.0,0.0,1,1009.8,1009.3,30,24040.0,1.1,9.0,bangkok,2026-06-01T05:04:30.749982
2026-06-01T02:00,28.9,76,24.2,35.1,1,0.0,0.0,0.0,0.0,0.0,2,1010.3,1009.8,63,29220.0,0.4,10.1,bangkok,2026-06-01T05:04:30.749982
2026-06-01T03:00,30.4,68,23.9,37.1,0,0.0,0.0,0.0,0.0,0.0,2,1010.3,1009.8,70,32760.0,1.5,11.9,bangkok,2026-06-01T05:04:30.749982
2026-06-01T04:00,31.5,62,23.4,38.9,2,0.0,0.0,0.0,0.0,0.0,3,1010.0,1009.5,90,32780.0,1.9,13.0,bangkok,2026-06-01T05:04:30.749982
2026-06-01T05:00,32.1,61,23.5,39.8,8,0.0,0.0,0.0,0.0,0.0,3,1009.2,1008.7,90,35740.0,4.0,17.3,bangkok,2026-06-01T05:04:30.749982
2026-06-01T06:00,32.1,61,23.6,39.4,16,0.0,0.0,0.0,0.0,0.0,3,1008.0,1007.5,94,18220.0,7.1,22.7,bangkok,2026-06-01T05:04:30.749982
2026-06-01T07:00,32.0,60,23.4,38.4,30,0.0,0.0,0.0,0.0,0.0,3,1007.2,1006.7,91,35780.0,9.2,26.6,bangkok,2026-06-01T05:04:30.749982
2026-06-01T08:00,31.2,64,23.8,36.9,48,0.0,0.0,0.0,0.0,0.0,1,1006.8,1006.3,39,32820.0,10.8,29.5,bangkok,2026-06-01T05:04:30.749982
2026-06-01T09:00,30.5,71,24.5,35.5,57,0.0,0.0,0.0,0.0,0.0,2,1006.6,1006.1,66,29720.0,11.0,29.5,bangkok,2026-06-01T05:04:30.749982
2026-06-01T10:00,30.2,73,24.8,35.2,51,0.0,0.0,0.0,0.0,0.0,2,1006.3,1005.8,73,19440.0,10.7,28.4,bangkok,2026-06-01T05:04:30.749982
2026-06-01T11:00,29.4,75,24.5,34.3,38,0.0,0.0,0.0,0.0,0.0,3,1006.8,1006.3,90,26640.0,10.4,26.6,bangkok,2026-06-01T05:04:30.749982
2026-06-01T12:00,28.4,79,24.4,33.5,27,0.0,0.0,0.0,0.0,0.0,3,1007.1,1006.6,94,17780.0,8.2,24.1,bangkok,2026-06-01T05:04:30.749982
2026-06-01T13:00,28.0,83,25.0,33.9,23,0.0,0.0,0.0,0.0,0.0,2,1008.3,1007.8,76,20020.0,5.9,18.4,bangkok,2026-06-01T05:04:30.749982
2026-06-01T14:00,28.0,86,25.5,34.3,21,0.0,0.0,0.0,0.0,0.0,3,1009.1,1008.6,93,19520.0,4.4,13.0,bangkok,2026-06-01T05:04:30.749982
2026-06-01T15:00,27.6,90,25.8,34.3,20,0.0,0.0,0.0,0.0,0.0,2,1009.6,1009.1,77,12580.0,4.2,9.0,bangkok,2026-06-01T05:04:30.749982
2026-06-01T16:00,27.5,89,25.5,33.8,18,0.0,0.0,0.0,0.0,0.0,2,1009.7,1009.2,77,13000.0,5.1,14.0,bangkok,2026-06-01T05:04:30.749982
2026-06-01T17:00,27.2,90,25.5,34.0,16,0.0,0.0,0.0,0.0,0.0,3,1009.3,1008.8,90,14140.0,2.7,10.4,bangkok,2026-06-01T05:04:30.749982
2026-06-01T18:00,27.1,91,25.6,34.2,14,0.0,0.0,0.0,0.0,0.0,3,1008.3,1007.8,80,15320.0,0.8,5.0,bangkok,2026-06-01T05:04:30.749982
2026-06-01T19:00,27.0,92,25.6,34.1,12,0.0,0.0,0.0,0.0,0.0,3,1007.7,1007.2,89,17400.0,0.6,2.5,bangkok,2026-06-01T05:04:30.749982
2026-06-01T20:00,26.9,93,25.6,33.9,10,0.0,0.0,0.0,0.0,0.0,3,1006.9,1006.4,89,18280.0,0.6,2.5,bangkok,2026-06-01T05:04:30.749982
2026-06-01T21:00,26.6,94,25.5,33.6,8,0.0,0.0,0.0,0.0,0.0,3,1006.6,1006.1,91,18800.0,0.8,3.2,bangkok,2026-06-01T05:04:30.749982
2026-06-01T22:00,26.6,93,25.5,33.6,6,0.0,0.0,0.0,0.0,0.0,3,1007.1,1006.6,91,18840.0,0.3,2.2,bangkok,2026-06-01T05:04:30.749982
2026-06-01T23:00,26.5,94,25.5,33.5,4,0.0,0.0,0.0,0.0,0.0,3,1007.4,1006.9,87,19100.0,0.3,2.5,bangkok,2026-06-01T05:04:30.749982
2026-06-01T00:00,18.6,83,15.6,19.9,0,0.0,0.0,0.0,0.0,0.0,1,1012.1,1007.3,48,30580.0,3.9,6.1,istanbul,2026-06-01T05:04:33.319730
2026-06-01T01:00,18.2,88,16.2,19.8,0,0.0,0.0,0.0,0.0,0.0,1,1012.2,1007.3,37,25380.0,3.9,6.1,istanbul,2026-06-01T05:04:33.319730
2026-06-01T02:00,18.1,89,16.3,19.8,0,0.0,0.0,0.0,0.0,0.0,0,1012.1,1007.2,0,22560.0,3.6,6.1,istanbul,2026-06-01T05:04:33.319730
2026-06-01T03:00,18.1,89,16.3,19.8,0,0.0,0.0,0.0,0.0,0.0,1,1012.3,1007.4,19,23600.0,3.9,6.1,istanbul,2026-06-01T05:04:33.319730
2026-06-01T04:00,18.5,87,16.3,20.2,0,0.0,0.0,0.0,0.0,0.0,2,1012.7,1007.9,63,24820.0,3.4,6.1,istanbul,2026-06-01T05:04:33.319730
2026-06-01T05:00,19.4,84,16.6,20.7,0,0.0,0.0,0.0,0.0,0.0,2,1013.3,1008.5,73,26800.0,6.6,11.5,istanbul,2026-06-01T05:04:33.319730
2026-06-01T06:00,20.4,77,16.2,21.2,0,0.0,0.0,0.0,0.0,0.0,3,1013.8,1009.0,83,31640.0,9.4,15.1,istanbul,2026-06-01T05:04:33.319730
2026-06-01T07:00,21.5,70,15.8,21.7,0,0.0,0.0,0.0,0.0,0.0,2,1014.2,1009.4,44,35900.0,12.5,19.4,istanbul,2026-06-01T05:04:33.319730
2026-06-01T08:00,22.5,62,14.9,22.7,0,0.0,0.0,0.0,0.0,0.0,2,1014.3,1009.5,51,39100.0,15.3,23.8,istanbul,2026-06-01T05:04:33.319730
2026-06-01T09:00,23.1,58,14.4,23.7,3,0.0,0.0,0.0,0.0,0.0,2,1014.5,1009.7,63,39860.0,16.0,24.8,istanbul,2026-06-01T05:04:33.319730
2026-06-01T10:00,23.8,54,13.9,24.5,0,0.0,0.0,0.0,0.0,0.0,2,1014.6,1009.8,86,40520.0,16.3,25.9,istanbul,2026-06-01T05:04:33.319730
2026-06-01T11:00,24.4,49,13.0,25.1,0,0.0,0.0,0.0,0.0,0.0,2,1014.7,1009.9,88,41220.0,15.0,25.6,istanbul,2026-06-01T05:04:33.319730
2026-06-01T12:00,24.9,47,12.8,25.3,3,0.0,0.0,0.0,0.0,0.0,3,1014.4,1009.6,100,41620.0,14.3,23.4,istanbul,2026-06-01T05:04:33.319730
2026-06-01T13:00,25.2,46,12.8,25.2,0,0.0,0.0,0.0,0.0,0.0,1,1014.0,1009.3,27,41740.0,12.0,22.0,istanbul,2026-06-01T05:04:33.319730
2026-06-01T14:00,25.0,47,12.9,24.8,0,0.0,0.0,0.0,0.0,0.0,2,1013.7,1009.0,55,41700.0,10.0,18.7,istanbul,2026-06-01T05:04:33.319730
2026-06-01T15:00,24.3,50,13.2,24.3,0,0.0,0.0,0.0,0.0,0.0,3,1013.5,1008.7,100,41160.0,7.2,16.2,istanbul,2026-06-01T05:04:33.319730
2026-06-01T16:00,23.6,55,14.1,24.4,0,0.0,0.0,0.0,0.0,0.0,2,1013.6,1008.8,59,40560.0,4.0,14.8,istanbul,2026-06-01T05:04:33.319730
2026-06-01T17:00,23.2,52,12.8,23.5,0,0.0,0.0,0.0,0.0,0.0,1,1013.9,1009.1,27,41040.0,4.0,5.8,istanbul,2026-06-01T05:04:33.319730
2026-06-01T18:00,22.0,65,15.2,22.2,0,0.0,0.0,0.0,0.0,0.0,2,1014.3,1009.5,66,39080.0,11.1,17.6,istanbul,2026-06-01T05:04:33.319730
2026-06-01T19:00,21.3,65,14.5,21.8,0,0.0,0.0,0.0,0.0,0.0,2,1014.7,1009.9,70,39220.0,7.1,17.6,istanbul,2026-06-01T05:04:33.319730
2026-06-01T20:00,20.9,68,14.8,21.7,0,0.0,0.0,0.0,0.0,0.0,2,1014.9,1010.1,77,38540.0,5.5,10.8,istanbul,2026-06-01T05:04:33.319730
2026-06-01T21:00,20.6,69,14.7,21.4,0,0.0,0.0,0.0,0.0,0.0,2,1015.1,1010.3,57,38100.0,5.5,8.6,istanbul,2026-06-01T05:04:33.319730
2026-06-01T22:00,20.2,72,15.0,21.2,0,0.0,0.0,0.0,0.0,0.0,1,1015.1,1010.3,32,37320.0,4.8,8.3,istanbul,2026-06-01T05:04:33.319730
2026-06-01T23:00,19.6,76,15.3,20.9,0,0.0,0.0,0.0,0.0,0.0,1,1015.0,1010.2,11,35480.0,3.5,7.2,istanbul,2026-06-01T05:04:33.319730
2026-06-01T00:00,29.8,75,24.8,33.9,0,0.0,0.0,0.0,0.0,0.0,0,1004.0,1003.3,0,13940.0,16.5,29.2,abu_dhabi,2026-06-01T05:05:11.169874
2026-06-01T01:00,30.2,69,24.0,33.8,0,0.0,0.0,0.0,0.0,0.0,0,1004.6,1003.9,0,15320.0,17.8,31.7,abu_dhabi,2026-06-01T05:05:11.169874
2026-06-01T02:00,30.5,66,23.4,33.6,0,0.0,0.0,0.0,0.0,0.0,0,1004.9,1004.2,0,15320.0,17.9,32.0,abu_dhabi,2026-06-01T05:05:11.169874
2026-06-01T03:00,31.2,65,23.8,34.8,0,0.0,0.0,0.0,0.0,0.0,0,1005.5,1004.8,0,15320.0,16.5,32.0,abu_dhabi,2026-06-01T05:05:11.169874
2026-06-01T04:00,32.5,61,24.0,36.3,0,0.0,0.0,0.0,0.0,0.0,0,1005.8,1005.1,0,16540.0,16.1,33.1,abu_dhabi,2026-06-01T05:05:11.169874
2026-06-01T05:00,34.0,51,22.5,36.7,0,0.0,0.0,0.0,0.0,0.0,0,1006.2,1005.5,0,18120.0,17.0,36.0,abu_dhabi,2026-06-01T05:05:11.169874
2026-06-01T06:00,35.2,44,21.0,37.7,0,0.0,0.0,0.0,0.0,0.0,0,1006.4,1005.7,0,18100.0,17.9,37.8,abu_dhabi,2026-06-01T05:05:11.169874
2026-06-01T07:00,35.0,48,22.2,38.7,0,0.0,0.0,0.0,0.0,0.0,0,1006.8,1006.1,0,18100.0,20.2,44.3,abu_dhabi,2026-06-01T05:05:11.169874
2026-06-01T08:00,35.5,47,22.4,39.9,0,0.0,0.0,0.0,0.0,0.0,0,1006.5,1005.8,0,18100.0,19.0,43.6,abu_dhabi,2026-06-01T05:05:11.169874
2026-06-01T09:00,35.5,48,22.9,40.0,0,0.0,0.0,0.0,0.0,0.0,0,1006.1,1005.4,0,18100.0,19.9,43.9,abu_dhabi,2026-06-01T05:05:11.169874
2026-06-01T10:00,35.0,52,23.8,39.6,0,0.0,0.0,0.0,0.0,0.0,0,1005.8,1005.1,0,16540.0,21.2,45.7,abu_dhabi,2026-06-01T05:05:11.169874
2026-06-01T11:00,34.6,54,24.0,39.0,0,0.0,0.0,0.0,0.0,0.0,0,1005.5,1004.8,0,16540.0,20.7,46.1,abu_dhabi,2026-06-01T05:05:11.169874
2026-06-01T12:00,34.0,57,24.2,37.9,0,0.0,0.0,0.0,0.0,0.0,0,1005.1,1004.4,0,16540.0,19.4,43.9,abu_dhabi,2026-06-01T05:05:11.169874
2026-06-01T13:00,33.5,59,24.4,37.2,0,0.0,0.0,0.0,0.0,0.0,0,1005.0,1004.3,0,16540.0,17.4,41.0,abu_dhabi,2026-06-01T05:05:11.169874
2026-06-01T14:00,32.7,62,24.4,36.8,0,0.0,0.0,0.0,0.0,0.0,0,1004.9,1004.2,0,15300.0,14.7,36.4,abu_dhabi,2026-06-01T05:05:11.169874
2026-06-01T15:00,31.6,67,24.8,36.6,0,0.0,0.0,0.0,0.0,0.0,95,1005.2,1004.5,0,15300.0,11.5,29.9,abu_dhabi,2026-06-01T05:05:11.169874
2026-06-01T16:00,31.3,65,24.0,35.5,0,0.0,0.0,0.0,0.0,0.0,0,1005.5,1004.8,0,15300.0,12.9,23.4,abu_dhabi,2026-06-01T05:05:11.169874
2026-06-01T17:00,31.0,65,23.8,35.2,0,0.0,0.0,0.0,0.0,0.0,0,1006.0,1005.3,0,15300.0,12.7,23.4,abu_dhabi,2026-06-01T05:05:11.169874
2026-06-01T18:00,30.9,64,23.4,34.8,0,0.0,0.0,0.0,0.0,0.0,0,1006.4,1005.7,0,15300.0,12.6,23.0,abu_dhabi,2026-06-01T05:05:11.169874
2026-06-01T19:00,30.6,65,23.2,34.4,0,0.0,0.0,0.0,0.0,0.0,0,1006.3,1005.6,0,15300.0,13.1,23.0,abu_dhabi,2026-06-01T05:05:11.169874
2026-06-01T20:00,30.5,65,23.1,34.1,0,0.0,0.0,0.0,0.0,0.0,0,1006.0,1005.3,0,15300.0,12.8,23.4,abu_dhabi,2026-06-01T05:05:11.169874
2026-06-01T21:00,30.4,64,22.7,33.8,0,0.0,0.0,0.0,0.0,0.0,0,1005.4,1004.7,0,15300.0,12.9,23.0,abu_dhabi,2026-06-01T05:05:11.169874
2026-06-01T22:00,30.2,64,22.6,33.5,0,0.0,0.0,0.0,0.0,0.0,0,1004.9,1004.2,0,15300.0,13.8,24.5,abu_dhabi,2026-06-01T05:05:11.169874
2026-06-01T23:00,30.2,65,23.0,33.8,0,0.0,0.0,0.0,0.0,0.0,0,1004.6,1003.9,0,15300.0,13.3,24.8,abu_dhabi,2026-06-01T05:05:11.169874
2026-06-01T00:00,27.8,68,21.5,30.5,0,0.0,0.0,0.0,0.0,0.0,0,1003.5,1002.4,0,16340.0,13.7,25.9,dubai,2026-06-01T05:05:13.733229
2026-06-01T01:00,27.7,69,21.4,30.2,0,0.0,0.0,0.0,0.0,0.0,0,1004.0,1002.9,0,16340.0,14.4,27.4,dubai,2026-06-01T05:05:13.733229
2026-06-01T02:00,27.8,67,21.2,30.1,0,0.0,0.0,0.0,0.0,0.0,0,1004.4,1003.3,0,16340.0,15.2,29.2,dubai,2026-06-01T05:05:13.733229
2026-06-01T03:00,29.3,61,20.9,31.5,0,0.0,0.0,0.0,0.0,0.0,0,1004.9,1003.8,0,17640.0,14.6,29.5,dubai,2026-06-01T05:05:13.733229
2026-06-01T04:00,31.9,53,21.2,34.3,0,0.0,0.0,0.0,0.0,0.0,0,1005.2,1004.1,0,17640.0,14.4,31.7,dubai,2026-06-01T05:05:13.733229
2026-06-01T05:00,34.2,48,21.6,36.6,0,0.0,0.0,0.0,0.0,0.0,0,1005.4,1004.3,0,19220.0,15.7,36.7,dubai,2026-06-01T05:05:13.733229
2026-06-01T06:00,35.8,44,21.5,39.0,0,0.0,0.0,0.0,0.0,0.0,0,1005.4,1004.3,0,19220.0,16.1,38.5,dubai,2026-06-01T05:05:13.733229
2026-06-01T07:00,36.5,43,21.9,40.5,0,0.0,0.0,0.0,0.0,0.0,0,1005.6,1004.5,0,19220.0,17.1,40.7,dubai,2026-06-01T05:05:13.733229
2026-06-01T08:00,35.8,47,22.9,40.3,0,0.0,0.0,0.0,0.0,0.0,0,1005.4,1004.3,0,19220.0,20.1,47.5,dubai,2026-06-01T05:05:13.733229
2026-06-01T09:00,35.6,49,23.2,40.5,0,0.0,0.0,0.0,0.0,0.0,0,1004.9,1003.8,0,19220.0,19.4,47.2,dubai,2026-06-01T05:05:13.733229
2026-06-01T10:00,35.1,51,23.6,40.0,0,0.0,0.0,0.0,0.0,0.0,0,1004.6,1003.5,0,19220.0,19.2,46.1,dubai,2026-06-01T05:05:13.733229
2026-06-01T11:00,34.6,53,23.5,39.1,0,0.0,0.0,0.0,0.0,0.0,0,1004.2,1003.1,0,17640.0,18.3,45.4,dubai,2026-06-01T05:05:13.733229
2026-06-01T12:00,33.9,57,24.3,38.3,0,0.0,0.0,0.0,0.0,0.0,95,1003.9,1002.8,0,17640.0,16.6,43.2,dubai,2026-06-01T05:05:13.733229
2026-06-01T13:00,33.4,59,24.4,37.4,0,0.0,0.0,0.0,0.0,0.0,95,1003.7,1002.6,0,17640.0,15.7,39.2,dubai,2026-06-01T05:05:13.733229
2026-06-01T14:00,32.6,62,24.4,36.8,0,0.0,0.0,0.0,0.0,0.0,95,1003.8,1002.7,0,16340.0,14.3,36.0,dubai,2026-06-01T05:05:13.733229
2026-06-01T15:00,31.6,68,24.8,36.3,0,0.0,0.0,0.0,0.0,0.0,95,1004.2,1003.1,0,16340.0,12.8,31.3,dubai,2026-06-01T05:05:13.733229
2026-06-01T16:00,31.0,69,24.7,35.7,0,0.0,0.0,0.0,0.0,0.0,95,1004.6,1003.5,0,16340.0,12.7,26.3,dubai,2026-06-01T05:05:13.733229
2026-06-01T17:00,30.8,68,24.1,35.2,0,0.0,0.0,0.0,0.0,0.0,0,1005.1,1004.0,0,16340.0,12.2,24.8,dubai,2026-06-01T05:05:13.733229
2026-06-01T18:00,30.5,65,23.2,34.3,0,0.0,0.0,0.0,0.0,0.0,0,1005.5,1004.4,0,16340.0,12.4,23.8,dubai,2026-06-01T05:05:13.733229
2026-06-01T19:00,30.0,63,22.3,33.1,0,0.0,0.0,0.0,0.0,0.0,0,1005.5,1004.4,0,16340.0,13.5,25.6,dubai,2026-06-01T05:05:13.733229
2026-06-01T20:00,29.6,61,21.4,32.1,0,0.0,0.0,0.0,0.0,0.0,0,1005.3,1004.2,0,16340.0,14.2,27.4,dubai,2026-06-01T05:05:13.733229
2026-06-01T21:00,29.2,60,20.7,31.3,0,0.0,0.0,0.0,0.0,0.0,0,1004.7,1003.6,0,17620.0,14.8,28.1,dubai,2026-06-01T05:05:13.733229
2026-06-01T22:00,28.8,59,19.9,30.5,0,0.0,0.0,0.0,0.0,0.0,0,1004.4,1003.3,0,17620.0,14.9,28.8,dubai,2026-06-01T05:05:13.733229
2026-06-01T23:00,28.6,56,19.0,29.8,0,0.0,0.0,0.0,0.0,0.0,0,1004.1,1003.0,0,17620.0,14.7,28.8,dubai,2026-06-01T05:05:13.733229
2026-06-01T00:00,14.0,85,11.6,11.7,18,0.0,0.0,0.0,0.0,0.0,3,1014.7,1012.3,100,14840.0,19.1,41.0,bangor_(north_wales),2026-06-01T05:05:16.282653
2026-06-01T01:00,13.9,84,11.3,11.6,38,0.0,0.0,0.0,0.0,0.0,3,1014.4,1012.0,100,15060.0,19.1,41.0,bangor_(north_wales),2026-06-01T05:05:16.282653
2026-06-01T02:00,13.8,83,11.0,11.4,62,0.1,0.1,0.0,0.0,0.0,51,1013.5,1011.1,100,16860.0,18.7,40.7,bangor_(north_wales),2026-06-01T05:05:16.282653
2026-06-01T03:00,13.6,84,10.9,11.2,82,0.1,0.1,0.0,0.0,0.0,51,1012.7,1010.3,100,11280.0,18.4,40.0,bangor_(north_wales),2026-06-01T05:05:16.282653
2026-06-01T04:00,13.0,95,12.3,11.1,92,1.4,1.4,0.0,0.0,0.0,61,1012.0,1009.6,100,9740.0,18.4,40.0,bangor_(north_wales),2026-06-01T05:05:16.282653
2026-06-01T05:00,13.0,95,12.3,11.6,97,2.7,2.7,0.0,0.0,0.0,63,1011.2,1008.8,100,8920.0,14.8,32.8,bangor_(north_wales),2026-06-01T05:05:16.282653
2026-06-01T06:00,13.4,93,12.3,11.3,100,1.8,1.8,0.0,0.0,0.0,61,1010.8,1008.4,100,13360.0,19.4,43.6,bangor_(north_wales),2026-06-01T05:05:16.282653
2026-06-01T07:00,14.0,94,13.0,12.3,100,0.5,0.5,0.0,0.0,0.0,53,1010.7,1008.3,100,9620.0,18.4,42.1,bangor_(north_wales),2026-06-01T05:05:16.282653
2026-06-01T08:00,14.5,94,13.5,13.1,100,0.4,0.4,0.0,0.0,0.0,51,1010.1,1007.7,100,8060.0,17.3,38.9,bangor_(north_wales),2026-06-01T05:05:16.282653
2026-06-01T09:00,14.7,95,13.9,13.4,100,0.8,0.8,0.0,0.0,0.0,53,1009.9,1007.5,100,5100.0,18.0,40.0,bangor_(north_wales),2026-06-01T05:05:16.282653
2026-06-01T10:00,16.3,93,15.2,15.3,100,0.3,0.3,0.0,0.0,0.0,51,1009.3,1006.9,100,16140.0,18.4,38.9,bangor_(north_wales),2026-06-01T05:05:16.282653
2026-06-01T11:00,15.3,95,14.5,14.0,100,1.0,1.0,0.1,0.0,0.0,55,1009.3,1006.9,100,7040.0,19.1,40.7,bangor_(north_wales),2026-06-01T05:05:16.282653
2026-06-01T12:00,16.1,94,15.2,15.1,100,1.6,1.6,0.0,0.0,0.0,61,1008.8,1006.4,100,15580.0,19.1,41.0,bangor_(north_wales),2026-06-01T05:05:16.282653
2026-06-01T13:00,16.3,93,15.2,15.6,100,0.8,0.8,0.0,0.0,0.0,53,1008.3,1005.9,100,10800.0,16.9,35.6,bangor_(north_wales),2026-06-01T05:05:16.282653
2026-06-01T14:00,15.7,96,15.1,15.3,100,2.5,2.5,0.0,0.0,0.0,63,1007.6,1005.2,100,8760.0,14.4,31.0,bangor_(north_wales),2026-06-01T05:05:16.282653
2026-06-01T15:00,15.4,95,14.6,15.0,100,3.6,3.6,0.0,0.0,0.0,63,1006.9,1004.5,100,11560.0,13.7,29.9,bangor_(north_wales),2026-06-01T05:05:16.282653
2026-06-01T16:00,15.5,96,14.9,14.6,97,3.2,3.2,0.1,0.0,0.0,63,1006.2,1003.8,100,8040.0,17.3,37.4,bangor_(north_wales),2026-06-01T05:05:16.282653
2026-06-01T17:00,15.4,94,14.4,14.4,91,2.8,2.8,0.0,0.0,0.0,63,1005.6,1003.2,100,17880.0,16.6,36.0,bangor_(north_wales),2026-06-01T05:05:16.282653
2026-06-01T18:00,15.6,94,14.6,14.8,84,0.8,0.8,0.0,0.0,0.0,53,1005.0,1002.6,100,16960.0,16.2,35.3,bangor_(north_wales),2026-06-01T05:05:16.282653
2026-06-01T19:00,15.1,94,14.2,14.4,73,0.3,0.3,0.0,0.0,0.0,51,1004.4,1002.0,100,19460.0,14.8,32.0,bangor_(north_wales),2026-06-01T05:05:16.282653
2026-06-01T20:00,14.7,95,13.9,14.0,61,0.0,0.0,0.0,0.0,0.0,3,1004.3,1001.9,100,17500.0,14.0,31.0,bangor_(north_wales),2026-06-01T05:05:16.282653
2026-06-01T21:00,14.4,93,13.3,13.5,49,0.0,0.0,0.0,0.0,0.0,3,1004.4,1002.0,100,22420.0,13.7,29.9,bangor_(north_wales),2026-06-01T05:05:16.282653
2026-06-01T22:00,13.9,90,12.3,12.4,38,0.0,0.0,0.0,0.0,0.0,3,1003.5,1001.1,100,25100.0,15.1,33.1,bangor_(north_wales),2026-06-01T05:05:16.282653
2026-06-01T23:00,13.6,89,11.9,11.9,28,0.0,0.0,0.0,0.0,0.0,3,1003.4,1001.0,99,26160.0,15.8,35.6,bangor_(north_wales),2026-06-01T05:05:16.282653
2026-06-01T00:00,15.0,70,9.6,13.7,0,0.0,0.0,0.0,0.0,0.0,3,1016.2,998.6,81,26600.0,8.3,17.3,birmingham,2026-06-01T05:07:19.587502
2026-06-01T01:00,14.4,78,10.6,13.1,1,0.0,0.0,0.0,0.0,0.0,3,1016.1,998.4,100,22060.0,10.4,22.3,birmingham,2026-06-01T05:07:19.587502
2026-06-01T02:00,13.7,80,10.3,12.2,2,0.0,0.0,0.0,0.0,0.0,3,1016.2,998.5,100,21400.0,11.2,22.7,birmingham,2026-06-01T05:07:19.587502
2026-06-01T03:00,13.5,80,10.1,11.9,2,0.0,0.0,0.0,0.0,0.0,3,1015.7,998.0,100,21400.0,11.5,23.4,birmingham,2026-06-01T05:07:19.587502
2026-06-01T04:00,13.3,81,10.1,11.9,0,0.0,0.0,0.0,0.0,0.0,3,1014.9,997.2,100,18200.0,9.7,20.2,birmingham,2026-06-01T05:07:19.587502
2026-06-01T05:00,13.6,82,10.5,11.9,0,0.0,0.0,0.0,0.0,0.0,3,1014.7,997.0,100,17200.0,12.2,24.8,birmingham,2026-06-01T05:07:19.587502
2026-06-01T06:00,14.1,78,10.3,12.2,0,0.0,0.0,0.0,0.0,0.0,3,1014.5,996.8,100,18260.0,14.0,28.8,birmingham,2026-06-01T05:07:19.587502
2026-06-01T07:00,14.0,78,10.2,11.7,12,0.2,0.2,0.0,0.0,0.0,51,1014.0,996.3,100,17660.0,16.6,33.8,birmingham,2026-06-01T05:07:19.587502
2026-06-01T08:00,14.1,84,11.4,12.2,30,0.2,0.2,0.0,0.0,0.0,51,1013.5,995.8,100,14920.0,15.8,33.5,birmingham,2026-06-01T05:07:19.587502
2026-06-01T09:00,13.5,93,12.4,11.9,43,1.3,1.3,0.0,0.0,0.0,61,1013.1,995.4,100,6840.0,15.8,32.4,birmingham,2026-06-01T05:07:19.587502
2026-06-01T10:00,13.8,90,12.2,11.4,47,0.5,0.5,0.0,0.0,0.0,53,1012.7,995.0,100,16880.0,20.9,42.5,birmingham,2026-06-01T05:07:19.587502
2026-06-01T11:00,14.0,92,12.7,12.2,47,0.9,0.9,0.2,0.0,0.0,53,1012.2,994.6,100,14240.0,17.6,36.4,birmingham,2026-06-01T05:07:19.587502
2026-06-01T12:00,14.5,92,13.2,12.6,51,0.4,0.4,0.0,0.0,0.0,51,1011.6,994.0,100,13680.0,19.8,40.7,birmingham,2026-06-01T05:07:19.587502
2026-06-01T13:00,15.9,87,13.7,14.0,63,0.0,0.0,0.0,0.0,0.0,3,1010.9,993.4,100,17600.0,21.6,44.6,birmingham,2026-06-01T05:07:19.587502
2026-06-01T14:00,16.5,85,13.9,14.7,78,0.0,0.0,0.0,0.0,0.0,3,1010.1,992.6,100,18040.0,20.9,42.8,birmingham,2026-06-01T05:07:19.587502
2026-06-01T15:00,17.0,83,14.0,15.2,90,0.0,0.0,0.0,0.0,0.0,3,1009.2,991.8,100,19040.0,21.2,43.6,birmingham,2026-06-01T05:07:19.587502
2026-06-01T16:00,16.9,83,14.0,14.9,97,0.0,0.0,0.1,0.0,0.0,3,1008.5,991.1,100,17020.0,22.7,46.8,birmingham,2026-06-01T05:07:19.587502
2026-06-01T17:00,16.5,93,15.3,15.8,100,0.6,0.6,0.3,0.0,0.0,53,1008.1,990.7,100,6080.0,16.6,33.8,birmingham,2026-06-01T05:07:19.587502
2026-06-01T18:00,16.2,94,15.2,16.0,100,1.7,1.7,0.1,0.0,0.0,61,1007.5,990.1,100,6600.0,13.3,27.4,birmingham,2026-06-01T05:07:19.587502
2026-06-01T19:00,15.9,94,14.9,16.0,94,2.7,2.7,0.3,0.0,0.0,63,1006.7,989.3,100,9360.0,10.8,22.3,birmingham,2026-06-01T05:07:19.587502
2026-06-01T20:00,15.7,94,14.7,15.4,85,1.4,1.4,0.2,0.0,0.0,61,1006.1,988.7,100,9440.0,12.2,24.8,birmingham,2026-06-01T05:07:19.587502
2026-06-01T21:00,15.4,94,14.4,14.6,80,1.4,1.4,0.7,0.0,0.0,61,1005.7,988.3,100,8420.0,15.5,31.7,birmingham,2026-06-01T05:07:19.587502
2026-06-01T22:00,15.3,94,14.3,14.7,84,0.4,0.4,1.2,0.0,0.0,51,1005.4,988.0,100,16240.0,13.7,27.7,birmingham,2026-06-01T05:07:19.587502
2026-06-01T23:00,15.1,94,14.1,14.3,93,1.1,1.1,0.9,0.0,0.0,55,1004.7,987.3,100,12360.0,14.8,30.6,birmingham,2026-06-01T05:07:19.587502
2026-06-01T00:00,15.5,67,9.4,13.7,0,0.0,0.0,0.0,0.0,0.0,3,1018.2,1016.9,100,39960.0,11.2,23.0,brighton,2026-06-01T05:07:22.217443
2026-06-01T01:00,15.0,70,9.6,13.4,0,0.0,0.0,0.0,0.0,0.0,3,1017.8,1016.5,100,35860.0,10.4,21.2,brighton,2026-06-01T05:07:22.217443
2026-06-01T02:00,14.9,72,9.9,13.9,0,0.0,0.0,0.0,0.0,0.0,3,1018.0,1016.7,100,29820.0,6.1,13.0,brighton,2026-06-01T05:07:22.217443
2026-06-01T03:00,14.6,73,9.8,13.8,0,0.0,0.0,0.0,0.0,0.0,3,1017.8,1016.5,100,23860.0,5.4,11.9,brighton,2026-06-01T05:07:22.217443
2026-06-01T04:00,14.7,74,10.1,13.9,0,0.0,0.0,0.0,0.0,0.0,2,1017.9,1016.6,57,20880.0,5.8,12.6,brighton,2026-06-01T05:07:22.217443
2026-06-01T05:00,14.9,77,10.9,14.6,0,0.0,0.0,0.0,0.0,0.0,2,1017.6,1016.3,54,17080.0,4.0,8.3,brighton,2026-06-01T05:07:22.217443
2026-06-01T06:00,15.5,84,12.8,15.1,0,0.0,0.0,0.0,0.0,0.0,3,1017.2,1015.9,93,22960.0,8.6,17.6,brighton,2026-06-01T05:07:22.217443
2026-06-01T07:00,15.5,86,13.2,14.2,0,0.0,0.0,0.0,0.0,0.0,3,1017.3,1016.0,88,22300.0,15.8,32.8,brighton,2026-06-01T05:07:22.217443
2026-06-01T08:00,16.0,79,12.3,14.2,0,0.0,0.0,0.0,0.0,0.0,3,1017.1,1015.8,99,23380.0,17.3,35.6,brighton,2026-06-01T05:07:22.217443
2026-06-01T09:00,16.6,74,11.9,14.3,0,0.0,0.0,0.0,0.0,0.0,2,1017.1,1015.8,66,27040.0,19.4,40.7,brighton,2026-06-01T05:07:22.217443
2026-06-01T10:00,16.6,75,12.2,14.8,1,0.0,0.0,0.0,0.0,0.0,1,1016.9,1015.6,41,24620.0,19.4,40.7,brighton,2026-06-01T05:07:22.217443
2026-06-01T11:00,16.5,80,13.0,14.7,2,0.0,0.0,0.0,0.0,0.0,3,1016.5,1015.2,91,22520.0,19.4,40.0,brighton,2026-06-01T05:07:22.217443
2026-06-01T12:00,16.6,80,13.1,14.7,4,0.0,0.0,0.1,0.0,0.0,3,1016.3,1015.0,100,24360.0,19.8,40.3,brighton,2026-06-01T05:07:22.217443
2026-06-01T13:00,16.8,78,12.9,14.9,4,0.0,0.0,0.0,0.0,0.0,3,1015.8,1014.5,100,24200.0,19.1,38.9,brighton,2026-06-01T05:07:22.217443
2026-06-01T14:00,16.8,73,11.9,14.7,5,0.0,0.0,0.0,0.0,0.0,3,1014.9,1013.6,100,27900.0,19.1,39.6,brighton,2026-06-01T05:07:22.217443
2026-06-01T15:00,16.4,75,12.0,14.4,12,0.1,0.1,0.0,0.0,0.0,51,1014.1,1012.8,100,19660.0,17.6,36.4,brighton,2026-06-01T05:07:22.217443
2026-06-01T16:00,16.0,79,12.3,14.5,29,0.1,0.1,0.0,0.0,0.0,51,1013.5,1012.2,100,23240.0,14.8,29.9,brighton,2026-06-01T05:07:22.217443
2026-06-01T17:00,16.1,77,12.0,14.7,53,0.0,0.0,0.0,0.0,0.0,3,1012.7,1011.4,100,23660.0,13.3,26.6,brighton,2026-06-01T05:07:22.217443
2026-06-01T18:00,14.8,95,14.0,14.2,71,1.0,1.0,0.0,0.0,0.0,55,1011.9,1010.6,100,11240.0,13.0,25.6,brighton,2026-06-01T05:07:22.217443
2026-06-01T19:00,15.0,95,14.2,14.4,80,0.1,0.1,0.0,0.0,0.0,51,1011.2,1009.9,100,13740.0,13.0,25.6,brighton,2026-06-01T05:07:22.217443
2026-06-01T20:00,14.9,98,14.5,13.8,84,3.4,3.4,0.3,0.0,0.0,63,1010.8,1009.5,100,6640.0,17.3,34.2,brighton,2026-06-01T05:07:22.217443
2026-06-01T21:00,15.1,98,14.7,14.0,88,6.6,6.6,0.5,0.0,0.0,63,1010.4,1009.1,100,7340.0,18.4,37.1,brighton,2026-06-01T05:07:22.217443
2026-06-01T22:00,14.9,99,14.8,14.0,93,4.5,4.5,0.2,0.0,0.0,63,1009.7,1008.4,100,9860.0,17.3,34.6,brighton,2026-06-01T05:07:22.217443
2026-06-01T23:00,14.8,98,14.4,13.4,97,1.0,1.0,0.5,0.0,0.0,55,1008.8,1007.5,100,7980.0,19.1,37.1,brighton,2026-06-01T05:07:22.217443
2026-06-01T00:00,14.0,75,9.6,13.5,2,0.0,0.0,0.0,0.0,0.0,2,1012.0,1003.5,73,30160.0,2.9,7.6,edinburgh,2026-06-01T05:07:24.796913
2026-06-01T01:00,14.2,73,9.5,13.5,0,0.0,0.0,0.0,0.0,0.0,3,1012.0,1003.5,100,29560.0,4.0,8.6,edinburgh,2026-06-01T05:07:24.796913
2026-06-01T02:00,14.0,73,9.2,13.1,0,0.0,0.0,0.0,0.0,0.0,3,1011.4,1002.9,100,24840.0,5.0,10.1,edinburgh,2026-06-01T05:07:24.796913
2026-06-01T03:00,14.1,78,10.3,13.6,6,0.0,0.0,0.0,0.0,0.0,3,1010.5,1002.0,100,26560.0,4.3,9.4,edinburgh,2026-06-01T05:07:24.796913
2026-06-01T04:00,13.8,83,11.0,13.6,34,0.2,0.2,0.0,0.0,0.0,51,1009.9,1001.4,100,20020.0,4.0,9.0,edinburgh,2026-06-01T05:07:24.796913
2026-06-01T05:00,13.3,90,11.7,12.9,71,0.5,0.5,0.5,0.0,0.0,53,1009.1,1000.6,100,13360.0,6.8,14.8,edinburgh,2026-06-01T05:07:24.796913
2026-06-01T06:00,13.3,93,12.2,13.4,94,0.5,0.5,0.0,0.0,0.0,53,1008.7,1000.2,100,8560.0,4.3,9.4,edinburgh,2026-06-01T05:07:24.796913
2026-06-01T07:00,13.7,91,12.2,13.1,90,1.5,1.5,0.0,0.0,0.0,61,1008.0,999.5,100,7220.0,8.6,17.3,edinburgh,2026-06-01T05:07:24.796913
2026-06-01T08:00,13.9,90,12.3,13.7,71,1.3,1.3,0.0,0.0,0.0,61,1007.4,998.9,100,14940.0,6.8,14.0,edinburgh,2026-06-01T05:07:24.796913
2026-06-01T09:00,14.3,86,12.0,14.1,59,0.0,0.0,0.6,0.0,0.0,3,1006.7,998.2,100,20020.0,5.8,11.9,edinburgh,2026-06-01T05:07:24.796913
2026-06-01T10:00,15.2,84,12.5,14.7,61,0.0,0.0,0.0,0.0,0.0,3,1005.9,997.5,100,22380.0,9.0,18.4,edinburgh,2026-06-01T05:07:24.796913
2026-06-01T11:00,15.9,79,12.3,15.5,68,0.0,0.0,0.0,0.0,0.0,3,1005.4,997.0,100,25560.0,7.6,15.5,edinburgh,2026-06-01T05:07:24.796913
2026-06-01T12:00,15.8,83,12.9,15.3,76,0.1,0.1,0.1,0.0,0.0,51,1005.1,996.7,100,19560.0,9.4,19.1,edinburgh,2026-06-01T05:07:24.796913
2026-06-01T13:00,16.1,86,13.8,16.0,84,0.8,0.8,0.2,0.0,0.0,53,1004.5,996.1,100,13380.0,9.4,19.1,edinburgh,2026-06-01T05:07:24.796913
2026-06-01T14:00,16.7,83,13.8,16.4,92,0.1,0.1,0.1,0.0,0.0,51,1004.0,995.6,100,21060.0,11.2,23.0,edinburgh,2026-06-01T05:07:24.796913
2026-06-01T15:00,16.4,85,13.9,15.9,96,0.0,0.0,0.3,0.0,0.0,3,1003.6,995.2,100,15140.0,12.2,24.5,edinburgh,2026-06-01T05:07:24.796913
2026-06-01T16:00,15.7,90,14.1,15.6,95,0.2,0.2,0.1,0.0,0.0,51,1003.3,994.9,100,12040.0,10.1,20.2,edinburgh,2026-06-01T05:07:24.796913
2026-06-01T17:00,15.4,93,14.3,16.1,91,0.6,0.6,0.0,0.0,0.0,53,1002.8,994.4,100,4780.0,5.0,10.1,edinburgh,2026-06-01T05:07:24.796913
2026-06-01T18:00,15.5,96,14.9,16.6,82,1.8,1.8,0.3,0.0,0.0,61,1002.4,994.0,100,8840.0,3.2,6.8,edinburgh,2026-06-01T05:07:24.796913
2026-06-01T19:00,15.3,98,15.0,16.5,64,3.9,3.9,0.1,0.0,0.0,63,1002.1,993.7,100,4760.0,3.6,7.2,edinburgh,2026-06-01T05:07:24.796913
2026-06-01T20:00,15.8,94,14.8,16.9,42,0.1,0.1,0.0,0.0,0.0,51,1001.7,993.3,100,10720.0,3.2,7.6,edinburgh,2026-06-01T05:07:24.796913
2026-06-01T21:00,15.5,91,14.0,15.9,25,0.4,0.4,0.0,0.0,0.0,51,1001.8,993.4,100,22700.0,6.1,13.0,edinburgh,2026-06-01T05:07:24.796913
2026-06-01T22:00,15.0,90,13.4,15.0,19,0.0,0.0,0.0,0.0,0.0,3,1001.4,993.0,100,23040.0,7.6,15.8,edinburgh,2026-06-01T05:07:24.796913
2026-06-01T23:00,14.3,92,13.1,14.8,19,0.0,0.0,0.0,0.0,0.0,3,1001.1,992.7,100,19080.0,3.6,9.0,edinburgh,2026-06-01T05:07:24.796913
2026-06-01T00:00,13.8,71,8.6,13.2,4,0.0,0.0,0.0,0.0,0.0,3,1011.9,1009.9,100,26580.0,1.4,4.3,glasgow,2026-06-01T05:07:27.381273
2026-06-01T01:00,14.0,74,9.4,13.4,18,0.0,0.0,0.1,0.0,0.0,3,1011.6,1009.6,100,24360.0,2.9,6.1,glasgow,2026-06-01T05:07:27.381273
2026-06-01T02:00,14.0,80,10.6,13.5,37,0.1,0.1,0.1,0.0,0.0,51,1010.7,1008.7,100,18060.0,5.0,10.4,glasgow,2026-06-01T05:07:27.381273
2026-06-01T03:00,13.7,89,11.9,13.4,55,0.4,0.4,0.0,0.0,0.0,51,1009.9,1007.9,100,12040.0,5.8,11.9,glasgow,2026-06-01T05:07:27.381273
2026-06-01T04:00,13.7,92,12.4,13.2,72,0.7,0.7,0.0,0.0,0.0,53,1008.7,1006.7,100,11760.0,8.3,17.3,glasgow,2026-06-01T05:07:27.381273
2026-06-01T05:00,13.6,92,12.3,13.0,89,0.3,0.3,0.1,0.0,0.0,51,1008.1,1006.1,100,10860.0,9.4,19.8,glasgow,2026-06-01T05:07:27.381273
2026-06-01T06:00,13.6,95,12.8,13.2,100,0.5,0.5,0.0,0.0,0.0,53,1007.5,1005.5,100,7720.0,8.3,17.3,glasgow,2026-06-01T05:07:27.381273
2026-06-01T07:00,13.8,94,12.9,13.9,100,1.8,1.8,0.0,0.0,0.0,61,1007.1,1005.1,100,7860.0,5.8,11.9,glasgow,2026-06-01T05:07:27.381273
2026-06-01T08:00,14.0,93,12.8,13.6,99,2.8,2.8,0.0,0.0,0.0,63,1006.4,1004.4,100,4080.0,8.3,17.3,glasgow,2026-06-01T05:07:27.381273
2026-06-01T09:00,14.7,89,12.9,14.2,96,0.5,0.5,0.0,0.0,0.0,53,1006.0,1004.0,100,14320.0,9.0,18.4,glasgow,2026-06-01T05:07:27.381273
2026-06-01T10:00,14.7,91,13.2,14.3,96,0.0,0.0,0.2,0.0,0.0,3,1005.6,1003.6,100,10200.0,10.1,20.9,glasgow,2026-06-01T05:07:27.381273
2026-06-01T11:00,14.6,96,14.0,15.1,97,2.3,2.3,0.2,0.0,0.0,61,1005.1,1003.1,100,4920.0,5.8,11.9,glasgow,2026-06-01T05:07:27.381273
2026-06-01T12:00,15.3,94,14.3,15.1,98,3.7,3.7,0.2,0.0,0.0,63,1004.9,1002.9,100,6460.0,10.4,20.9,glasgow,2026-06-01T05:07:27.381273
2026-06-01T13:00,15.5,94,14.5,15.0,97,1.1,1.1,0.0,0.0,0.0,55,1004.6,1002.6,100,6000.0,13.7,27.4,glasgow,2026-06-01T05:07:27.381273
2026-06-01T14:00,16.1,87,13.9,15.9,97,1.0,1.0,0.1,0.0,0.0,55,1004.0,1002.0,100,17000.0,10.4,21.6,glasgow,2026-06-01T05:07:27.381273
2026-06-01T15:00,16.3,85,13.8,16.0,96,0.0,0.0,0.2,0.0,0.0,3,1003.6,1001.6,100,10500.0,10.4,20.9,glasgow,2026-06-01T05:07:27.381273
2026-06-01T16:00,15.9,88,13.9,16.1,98,0.1,0.1,0.1,0.0,0.0,51,1002.9,1000.9,100,10260.0,7.2,14.8,glasgow,2026-06-01T05:07:27.381273
2026-06-01T17:00,15.7,92,14.4,16.5,100,0.4,0.4,0.0,0.0,0.0,51,1002.5,1000.5,100,11580.0,4.7,10.1,glasgow,2026-06-01T05:07:27.381273
2026-06-01T18:00,16.0,95,15.2,16.8,98,0.0,0.0,0.0,0.0,0.0,3,1002.0,1000.0,99,9160.0,6.1,11.5,glasgow,2026-06-01T05:07:27.381273
2026-06-01T19:00,16.4,93,15.2,17.4,88,0.0,0.0,0.1,0.0,0.0,3,1001.6,999.6,100,9380.0,4.7,9.4,glasgow,2026-06-01T05:07:27.381273
2026-06-01T20:00,16.2,90,14.6,16.7,75,0.2,0.2,0.0,0.0,0.0,51,1001.2,999.2,100,19320.0,7.2,14.4,glasgow,2026-06-01T05:07:27.381273
2026-06-01T21:00,15.7,91,14.2,16.0,61,0.0,0.0,0.0,0.0,0.0,3,1001.6,999.6,95,16040.0,7.6,15.5,glasgow,2026-06-01T05:07:27.381273
2026-06-01T22:00,15.7,91,14.2,15.9,49,0.0,0.0,0.0,0.0,0.0,3,1001.3,999.3,97,16220.0,7.6,15.5,glasgow,2026-06-01T05:07:27.381273
2026-06-01T23:00,15.1,92,13.8,15.3,36,0.0,0.0,0.0,0.0,0.0,3,1001.1,999.1,100,15800.0,6.8,13.7,glasgow,2026-06-01T05:07:27.381273
2026-06-01T00:00,16.8,65,10.2,15.2,0,0.0,0.0,0.0,0.0,0.0,0,1017.2,1016.0,0,27240.0,11.5,24.8,london,2026-06-01T05:08:45.406741
2026-06-01T01:00,16.2,67,10.1,14.5,0,0.0,0.0,0.0,0.0,0.0,3,1016.8,1015.6,88,24880.0,11.9,25.6,london,2026-06-01T05:08:45.406741
2026-06-01T02:00,15.7,69,10.0,14.2,0,0.0,0.0,0.0,0.0,0.0,3,1017.3,1016.1,100,22700.0,10.4,23.0,london,2026-06-01T05:08:45.406741
2026-06-01T03:00,15.4,70,10.0,14.0,0,0.0,0.0,0.0,0.0,0.0,3,1017.2,1016.0,100,20140.0,9.7,21.2,london,2026-06-01T05:08:45.406741
2026-06-01T04:00,14.9,72,9.9,13.5,0,0.0,0.0,0.0,0.0,0.0,3,1017.2,1016.0,100,18420.0,9.7,20.9,london,2026-06-01T05:08:45.406741
2026-06-01T05:00,14.8,73,10.0,14.0,0,0.0,0.0,0.0,0.0,0.0,0,1016.7,1015.5,3,14840.0,6.1,13.0,london,2026-06-01T05:08:45.406741
2026-06-01T06:00,15.1,73,10.3,14.3,0,0.0,0.0,0.0,0.0,0.0,3,1016.1,1014.9,100,14040.0,6.1,13.3,london,2026-06-01T05:08:45.406741
2026-06-01T07:00,15.9,71,10.7,14.8,0,0.0,0.0,0.0,0.0,0.0,2,1016.4,1015.2,75,14900.0,9.4,20.2,london,2026-06-01T05:08:45.406741
2026-06-01T08:00,17.1,67,10.9,15.7,0,0.0,0.0,0.0,0.0,0.0,3,1016.1,1014.9,94,18520.0,11.5,25.6,london,2026-06-01T05:08:45.406741
2026-06-01T09:00,18.3,61,10.6,16.7,0,0.0,0.0,0.0,0.0,0.0,3,1015.6,1014.4,100,20360.0,12.2,28.1,london,2026-06-01T05:08:45.406741
2026-06-01T10:00,19.6,53,9.8,17.6,0,0.0,0.0,0.0,0.0,0.0,3,1015.0,1013.8,98,20740.0,14.8,32.8,london,2026-06-01T05:08:45.406741
2026-06-01T11:00,20.8,48,9.4,18.4,0,0.0,0.0,0.0,0.0,0.0,3,1014.4,1013.2,100,21320.0,15.8,36.4,london,2026-06-01T05:08:45.406741
2026-06-01T12:00,21.4,43,8.3,18.5,2,0.0,0.0,0.1,0.0,0.0,3,1014.0,1012.8,100,24840.0,17.3,38.5,london,2026-06-01T05:08:45.406741
2026-06-01T13:00,21.6,45,9.1,19.4,6,0.0,0.0,0.0,0.0,0.0,3,1013.4,1012.2,100,23760.0,16.6,37.4,london,2026-06-01T05:08:45.406741
2026-06-01T14:00,20.7,52,10.5,18.0,11,0.0,0.0,0.0,0.0,0.0,3,1012.6,1011.4,100,23560.0,19.4,42.5,london,2026-06-01T05:08:45.406741
2026-06-01T15:00,19.3,61,11.6,17.0,20,0.0,0.0,0.0,0.0,0.0,3,1012.3,1011.1,100,23380.0,19.1,41.4,london,2026-06-01T05:08:45.406741
2026-06-01T16:00,17.8,73,12.9,16.1,34,0.3,0.3,0.0,0.0,0.0,51,1011.8,1010.6,100,11180.0,18.4,40.0,london,2026-06-01T05:08:45.406741
2026-06-01T17:00,16.3,89,14.5,15.4,52,1.5,1.5,0.0,0.0,0.0,61,1011.3,1010.1,100,12540.0,16.2,34.6,london,2026-06-01T05:08:45.406741
2026-06-01T18:00,16.4,87,14.2,15.4,67,0.0,0.0,0.7,0.0,0.0,3,1010.4,1009.2,100,17640.0,16.2,34.9,london,2026-06-01T05:08:45.406741
2026-06-01T19:00,16.3,89,14.5,15.4,76,0.0,0.0,1.2,0.0,0.0,3,1009.7,1008.5,100,17660.0,15.8,34.6,london,2026-06-01T05:08:45.406741
2026-06-01T20:00,16.0,95,15.2,15.7,83,1.4,1.4,1.1,0.0,0.0,61,1009.1,1007.9,100,5920.0,13.7,29.2,london,2026-06-01T05:08:45.406741
2026-06-01T21:00,15.9,95,15.1,15.5,88,5.1,5.1,0.9,0.0,0.0,63,1008.8,1007.6,100,8320.0,14.0,30.2,london,2026-06-01T05:08:45.406741
2026-06-01T22:00,15.9,95,15.1,15.8,93,2.6,2.6,0.9,0.0,0.0,63,1008.3,1007.1,100,10480.0,13.0,28.1,london,2026-06-01T05:08:45.406741
2026-06-01T23:00,15.9,95,15.1,15.8,97,2.1,2.1,0.9,0.0,0.0,61,1007.4,1006.2,100,17320.0,13.0,27.4,london,2026-06-01T05:08:45.406741
2026-06-01T00:00,14.8,73,10.0,13.8,0,0.0,0.0,0.0,0.0,0.0,0,1015.2,1009.4,5,24900.0,6.8,14.0,manchester,2026-06-01T05:08:47.999556
2026-06-01T01:00,14.0,77,10.0,12.7,14,0.0,0.0,0.0,0.0,0.0,3,1015.3,1009.5,100,21720.0,8.6,17.3,manchester,2026-06-01T05:08:47.999556
2026-06-01T02:00,13.9,79,10.3,12.7,35,0.0,0.0,0.0,0.0,0.0,3,1014.8,1009.0,100,20660.0,9.0,18.4,manchester,2026-06-01T05:08:47.999556
2026-06-01T03:00,13.9,82,10.9,12.6,51,0.0,0.0,0.3,0.0,0.0,3,1014.1,1008.3,100,18740.0,10.8,22.0,manchester,2026-06-01T05:08:47.999556
2026-06-01T04:00,13.8,80,10.4,12.5,59,0.0,0.0,0.0,0.0,0.0,3,1013.3,1007.5,100,18880.0,9.4,19.1,manchester,2026-06-01T05:08:47.999556
2026-06-01T05:00,14.2,78,10.4,12.5,64,0.0,0.0,0.0,0.0,0.0,3,1013.1,1007.3,96,19160.0,12.6,25.9,manchester,2026-06-01T05:08:47.999556
2026-06-01T06:00,13.9,87,11.8,12.5,69,0.7,0.7,0.0,0.0,0.0,53,1012.8,1007.0,100,9880.0,13.3,26.6,manchester,2026-06-01T05:08:47.999556
2026-06-01T07:00,13.0,93,11.9,11.6,78,2.4,2.4,0.0,0.0,0.0,61,1012.5,1006.7,100,6940.0,13.7,27.7,manchester,2026-06-01T05:08:47.999556
2026-06-01T08:00,13.0,95,12.2,11.6,88,3.2,3.2,0.0,0.0,0.0,63,1011.8,1006.0,100,5340.0,14.4,29.9,manchester,2026-06-01T05:08:47.999556
2026-06-01T09:00,13.4,93,12.3,12.2,96,2.2,2.2,0.2,0.0,0.0,61,1011.1,1005.3,100,12400.0,13.7,28.1,manchester,2026-06-01T05:08:47.999556
2026-06-01T10:00,14.3,91,12.9,13.0,99,0.2,0.2,0.0,0.0,0.0,51,1010.6,1004.9,100,14720.0,15.5,31.7,manchester,2026-06-01T05:08:47.999556
2026-06-01T11:00,14.8,92,13.5,13.6,100,0.3,0.3,0.1,0.0,0.0,51,1009.9,1004.2,100,7720.0,15.5,31.7,manchester,2026-06-01T05:08:47.999556
2026-06-01T12:00,15.4,91,14.0,14.2,100,0.2,0.2,0.5,0.0,0.0,51,1009.7,1004.0,100,12580.0,17.3,35.3,manchester,2026-06-01T05:08:47.999556
2026-06-01T13:00,16.2,92,14.9,15.3,100,1.1,1.1,0.1,0.0,0.0,55,1009.1,1003.4,100,10240.0,17.3,35.3,manchester,2026-06-01T05:08:47.999556
2026-06-01T14:00,16.8,91,15.4,16.2,100,0.3,0.3,0.3,0.0,0.0,51,1008.3,1002.6,100,15920.0,16.6,33.5,manchester,2026-06-01T05:08:47.999556
2026-06-01T15:00,17.6,87,15.4,17.7,100,0.1,0.1,0.4,0.0,0.0,51,1007.5,1001.8,100,16760.0,11.9,24.1,manchester,2026-06-01T05:08:47.999556
2026-06-01T16:00,17.3,91,15.8,17.1,100,0.5,0.5,1.3,0.0,0.0,53,1006.8,1001.1,100,12360.0,14.8,27.7,manchester,2026-06-01T05:08:47.999556
2026-06-01T17:00,16.8,95,16.0,16.8,100,3.2,3.2,0.6,0.0,0.0,63,1006.5,1000.8,100,6000.0,14.0,27.4,manchester,2026-06-01T05:08:47.999556
2026-06-01T18:00,16.7,94,15.8,16.9,100,2.6,2.6,0.0,0.0,0.0,63,1005.8,1000.1,100,9880.0,12.2,23.4,manchester,2026-06-01T05:08:47.999556
2026-06-01T19:00,16.6,93,15.4,16.8,100,0.3,0.3,0.1,0.0,0.0,51,1005.2,999.5,100,10880.0,11.2,22.7,manchester,2026-06-01T05:08:47.999556
2026-06-01T20:00,16.6,94,15.6,17.2,100,0.3,0.3,0.2,0.0,0.0,51,1004.8,999.1,100,7800.0,8.6,18.4,manchester,2026-06-01T05:08:47.999556
2026-06-01T21:00,16.1,95,15.3,16.3,100,1.2,1.2,0.0,0.0,0.0,55,1004.6,998.9,100,7300.0,10.4,20.2,manchester,2026-06-01T05:08:47.999556
2026-06-01T22:00,15.9,96,15.2,16.2,99,2.4,2.4,0.0,0.0,0.0,61,1004.0,998.3,100,7500.0,10.1,19.1,manchester,2026-06-01T05:08:47.999556
2026-06-01T23:00,15.6,95,14.8,16.2,97,1.3,1.3,0.9,0.0,0.0,61,1003.3,997.6,100,15860.0,7.2,14.8,manchester,2026-06-01T05:08:47.999556
2026-06-01T00:00,8.2,93,7.1,6.9,0,0.0,0.0,0.0,0.0,0.0,0,1014.1,995.1,12,17560.0,3.4,9.4,kiev,2026-06-01T05:08:50.558863
2026-06-01T01:00,7.9,93,6.8,6.6,0,0.0,0.0,0.0,0.0,0.0,1,1014.0,995.0,16,17280.0,3.4,9.0,kiev,2026-06-01T05:08:50.558863
2026-06-01T02:00,7.6,93,6.5,6.2,0,0.0,0.0,0.0,0.0,0.0,1,1013.9,994.9,15,17400.0,3.2,8.6,kiev,2026-06-01T05:08:50.558863
2026-06-01T03:00,7.8,92,6.5,6.4,0,0.0,0.0,0.0,0.0,0.0,0,1013.9,994.9,1,19260.0,3.1,8.6,kiev,2026-06-01T05:08:50.558863
2026-06-01T04:00,9.3,86,7.1,8.2,0,0.0,0.0,0.0,0.0,0.0,0,1014.3,995.4,0,25500.0,2.3,8.6,kiev,2026-06-01T05:08:50.558863
2026-06-01T05:00,11.6,78,7.9,10.6,0,0.0,0.0,0.0,0.0,0.0,0,1014.6,995.8,0,31280.0,2.9,10.4,kiev,2026-06-01T05:08:50.558863
2026-06-01T06:00,13.8,69,8.2,12.6,0,0.0,0.0,0.0,0.0,0.0,0,1015.0,996.4,3,36060.0,4.6,14.4,kiev,2026-06-01T05:08:50.558863
2026-06-01T07:00,15.6,58,7.3,14.5,0,0.0,0.0,0.0,0.0,0.0,1,1015.0,996.5,42,39840.0,5.7,18.0,kiev,2026-06-01T05:08:50.558863
2026-06-01T08:00,16.8,48,5.7,15.5,0,0.0,0.0,0.0,0.0,0.0,2,1015.3,996.8,64,41400.0,6.4,20.2,kiev,2026-06-01T05:08:50.558863
2026-06-01T09:00,17.6,41,4.2,16.2,0,0.0,0.0,0.0,0.0,0.0,3,1015.6,997.2,79,42680.0,5.4,20.2,kiev,2026-06-01T05:08:50.558863
2026-06-01T10:00,18.4,38,3.8,16.7,0,0.0,0.0,0.0,0.0,0.0,3,1015.6,997.2,85,43520.0,5.9,18.4,kiev,2026-06-01T05:08:50.558863
2026-06-01T11:00,18.9,36,3.5,17.0,0,0.0,0.0,0.0,0.0,0.0,3,1015.7,997.4,81,44120.0,5.6,19.1,kiev,2026-06-01T05:08:50.558863
2026-06-01T12:00,19.3,35,3.5,17.7,0,0.0,0.0,0.0,0.0,0.0,2,1015.6,997.3,59,44440.0,4.0,17.6,kiev,2026-06-01T05:08:50.558863
2026-06-01T13:00,19.7,33,3.0,17.8,0,0.0,0.0,0.0,0.0,0.0,2,1015.4,997.1,65,45480.0,4.2,13.7,kiev,2026-06-01T05:08:50.558863
2026-06-01T14:00,19.8,32,2.6,17.5,0,0.0,0.0,0.0,0.0,0.0,3,1015.4,997.1,87,46160.0,4.2,14.4,kiev,2026-06-01T05:08:50.558863
2026-06-01T15:00,19.6,34,3.3,17.4,0,0.0,0.0,0.0,0.0,0.0,2,1015.2,996.9,73,45780.0,4.6,14.0,kiev,2026-06-01T05:08:50.558863
2026-06-01T16:00,19.2,36,3.8,17.0,0,0.0,0.0,0.0,0.0,0.0,2,1015.7,997.4,42,44800.0,5.2,15.5,kiev,2026-06-01T05:08:50.558863
2026-06-01T17:00,18.3,39,4.1,16.3,0,0.0,0.0,0.0,0.0,0.0,0,1016.0,997.6,2,44020.0,4.0,15.5,kiev,2026-06-01T05:08:50.558863
2026-06-01T18:00,17.2,46,5.4,15.8,0,0.0,0.0,0.0,0.0,0.0,0,1016.7,998.2,0,42900.0,1.5,10.4,kiev,2026-06-01T05:08:50.558863
2026-06-01T19:00,16.2,46,4.5,14.5,0,0.0,0.0,0.0,0.0,0.0,0,1017.0,998.5,0,43200.0,2.2,2.9,kiev,2026-06-01T05:08:50.558863
2026-06-01T20:00,15.4,46,3.8,13.5,0,0.0,0.0,0.0,0.0,0.0,0,1017.3,998.7,0,43340.0,3.1,4.0,kiev,2026-06-01T05:08:50.558863
2026-06-01T21:00,14.9,47,3.7,12.9,0,0.0,0.0,0.0,0.0,0.0,0,1017.6,999.0,0,42860.0,3.7,5.0,kiev,2026-06-01T05:08:50.558863
2026-06-01T22:00,13.7,55,4.8,11.9,0,0.0,0.0,0.0,0.0,0.0,0,1018.0,999.3,0,41500.0,3.2,5.8,kiev,2026-06-01T05:08:50.558863
2026-06-01T23:00,12.8,60,5.2,11.1,0,0.0,0.0,0.0,0.0,0.0,0,1018.3,999.5,0,40900.0,3.4,5.4,kiev,2026-06-01T05:08:50.558863
2026-06-01T00:00,11.9,91,10.4,11.1,0,0.0,0.0,0.0,0.0,0.0,3,1022.3,1016.9,100,11520.0,6.4,11.5,montevideo,2026-06-01T05:08:53.116553
2026-06-01T01:00,12.1,90,10.6,11.5,0,0.0,0.0,0.0,0.0,0.0,3,1022.3,1016.9,98,12660.0,5.5,10.1,montevideo,2026-06-01T05:08:53.116553
2026-06-01T02:00,12.3,91,10.8,11.9,0,0.0,0.0,0.0,0.0,0.0,3,1022.6,1017.2,98,12060.0,4.8,9.0,montevideo,2026-06-01T05:08:53.116553
2026-06-01T03:00,12.3,91,10.9,12.0,0,0.0,0.0,0.0,0.0,0.0,3,1022.8,1017.4,97,9200.0,4.0,8.3,montevideo,2026-06-01T05:08:53.116553
2026-06-01T04:00,12.3,93,11.2,11.9,0,0.0,0.0,0.0,0.0,0.0,3,1023.0,1017.6,100,10380.0,5.1,8.3,montevideo,2026-06-01T05:08:53.116553
2026-06-01T05:00,12.4,94,11.5,12.0,0,0.0,0.0,0.0,0.0,0.0,3,1023.0,1017.6,100,11280.0,6.5,9.7,montevideo,2026-06-01T05:08:53.116553
2026-06-01T06:00,12.6,94,11.7,12.4,0,0.0,0.0,0.0,0.0,0.0,3,1023.0,1017.6,100,30740.0,5.5,10.1,montevideo,2026-06-01T05:08:53.116553
2026-06-01T07:00,12.9,93,11.8,12.3,0,0.0,0.0,0.0,0.0,0.0,3,1023.0,1017.6,100,13460.0,7.7,10.1,montevideo,2026-06-01T05:08:53.116553
2026-06-01T08:00,13.2,86,10.9,11.4,0,0.1,0.1,0.0,0.0,0.0,51,1022.9,1017.5,100,22560.0,14.1,17.6,montevideo,2026-06-01T05:08:53.116553
2026-06-01T09:00,13.1,81,10.1,10.4,0,0.0,0.0,0.0,0.0,0.0,3,1023.3,1017.9,100,40020.0,19.3,24.5,montevideo,2026-06-01T05:08:53.116553
2026-06-01T10:00,12.7,80,9.2,9.6,0,0.0,0.0,0.0,0.0,0.0,3,1024.2,1018.8,97,44380.0,19.7,26.6,montevideo,2026-06-01T05:08:53.116553
2026-06-01T11:00,12.2,80,8.9,9.4,0,0.0,0.0,0.0,0.0,0.0,3,1024.8,1019.4,100,29400.0,17.8,25.9,montevideo,2026-06-01T05:08:53.116553
2026-06-01T12:00,12.0,81,8.8,9.1,0,0.0,0.0,0.0,0.0,0.0,3,1025.7,1020.3,100,19340.0,17.6,24.1,montevideo,2026-06-01T05:08:53.116553
2026-06-01T13:00,11.9,81,8.8,9.1,0,0.0,0.0,0.0,0.0,0.0,3,1026.3,1020.9,100,27220.0,17.1,24.5,montevideo,2026-06-01T05:08:53.116553
2026-06-01T14:00,11.9,80,8.6,9.2,0,0.0,0.0,0.0,0.0,0.0,3,1026.9,1021.5,100,44380.0,16.3,23.4,montevideo,2026-06-01T05:08:53.116553
2026-06-01T15:00,12.0,79,8.4,9.2,0,0.0,0.0,0.0,0.0,0.0,3,1026.9,1021.5,100,44380.0,16.4,22.7,montevideo,2026-06-01T05:08:53.116553
2026-06-01T16:00,12.0,79,8.4,9.2,0,0.0,0.0,0.0,0.0,0.0,3,1026.4,1021.0,100,21320.0,16.1,22.7,montevideo,2026-06-01T05:08:53.116553
2026-06-01T17:00,12.1,80,8.8,9.4,0,0.0,0.0,0.0,0.0,0.0,3,1025.9,1020.5,100,44380.0,15.9,22.3,montevideo,2026-06-01T05:08:53.116553
2026-06-01T18:00,12.3,79,8.7,9.8,0,0.0,0.0,0.0,0.0,0.0,3,1025.7,1020.3,98,44380.0,15.1,21.6,montevideo,2026-06-01T05:08:53.116553
2026-06-01T19:00,12.4,76,8.2,9.8,0,0.0,0.0,0.0,0.0,0.0,3,1025.9,1020.5,100,44380.0,15.3,20.9,montevideo,2026-06-01T05:08:53.116553
2026-06-01T20:00,12.3,78,8.6,9.8,0,0.0,0.0,0.0,0.0,0.0,3,1026.2,1020.8,100,26460.0,14.8,21.6,montevideo,2026-06-01T05:08:53.116553
2026-06-01T21:00,12.4,77,8.4,10.0,0,0.0,0.0,0.0,0.0,0.0,3,1026.3,1020.9,100,44380.0,13.5,20.5,montevideo,2026-06-01T05:08:53.116553
2026-06-01T22:00,12.6,73,8.0,10.0,0,0.0,0.0,0.0,0.0,0.0,3,1026.4,1021.0,100,44380.0,14.3,19.4,montevideo,2026-06-01T05:08:53.116553
2026-06-01T23:00,12.9,71,7.7,10.2,0,0.0,0.0,0.0,0.0,0.0,3,1026.8,1021.4,100,48000.0,13.8,19.4,montevideo,2026-06-01T05:08:53.116553
2026-06-01T00:00,19.2,86,16.8,20.0,3,0.0,0.0,0.0,0.0,0.0,3,1015.3,981.0,100,15900.0,11.6,16.9,atlanta,2026-06-01T05:09:30.889191
2026-06-01T01:00,19.0,87,16.8,20.2,12,0.0,0.0,0.0,0.0,0.0,3,1015.6,981.3,100,15200.0,8.3,17.6,atlanta,2026-06-01T05:09:30.889191
2026-06-01T02:00,18.5,92,17.2,19.8,1,0.0,0.0,0.0,0.0,0.0,3,1016.2,981.8,100,13300.0,8.7,19.8,atlanta,2026-06-01T05:09:30.889191
2026-06-01T03:00,18.5,94,17.5,20.4,3,0.0,0.0,0.0,0.0,0.0,3,1017.3,982.9,100,12700.0,5.4,13.3,atlanta,2026-06-01T05:09:30.889191
2026-06-01T04:00,17.8,94,16.9,18.9,10,0.0,0.0,0.0,0.0,0.0,3,1017.0,982.5,100,12500.0,9.3,13.3,atlanta,2026-06-01T05:09:30.889191
2026-06-01T05:00,17.8,94,16.9,18.9,28,0.0,0.0,0.0,0.0,0.0,2,1016.2,981.7,58,12300.0,9.2,16.2,atlanta,2026-06-01T05:09:30.889191
2026-06-01T06:00,17.7,95,16.9,19.4,14,0.0,0.0,0.0,0.0,0.0,3,1015.3,980.8,100,12200.0,4.8,13.7,atlanta,2026-06-01T05:09:30.889191
2026-06-01T07:00,17.8,94,16.8,19.5,8,0.0,0.0,0.0,0.0,0.0,3,1015.6,981.1,100,12200.0,4.3,10.8,atlanta,2026-06-01T05:09:30.889191
2026-06-01T08:00,18.0,94,17.0,19.8,5,0.0,0.0,0.0,0.0,0.0,3,1015.7,981.3,100,12400.0,4.5,11.5,atlanta,2026-06-01T05:09:30.889191
2026-06-01T09:00,18.0,94,17.0,20.1,3,0.0,0.0,0.0,0.0,0.0,3,1015.6,981.2,100,12200.0,2.5,7.6,atlanta,2026-06-01T05:09:30.889191
2026-06-01T10:00,18.1,95,17.3,20.4,1,0.0,0.0,0.0,0.0,0.0,3,1016.5,982.0,100,12200.0,1.8,2.9,atlanta,2026-06-01T05:09:30.889191
2026-06-01T11:00,18.1,95,17.3,20.3,1,0.0,0.0,0.0,0.0,0.0,3,1016.2,981.8,100,12200.0,2.8,6.5,atlanta,2026-06-01T05:09:30.889191
2026-06-01T12:00,18.4,95,17.6,20.6,0,0.0,0.0,0.0,0.0,0.0,3,1016.8,982.4,100,12200.0,3.3,7.9,atlanta,2026-06-01T05:09:30.889191
2026-06-01T13:00,19.2,94,18.2,21.4,0,0.0,0.0,0.0,0.0,0.0,3,1017.1,982.7,100,12500.0,5.6,19.4,atlanta,2026-06-01T05:09:30.889191
2026-06-01T14:00,20.7,90,19.0,22.7,0,0.0,0.0,0.0,0.0,0.0,2,1016.5,982.3,77,14000.0,9.5,25.6,atlanta,2026-06-01T05:09:30.889191
2026-06-01T15:00,22.3,86,19.9,24.5,0,0.0,0.0,0.0,0.0,0.0,2,1016.1,982.1,63,16000.0,11.5,23.8,atlanta,2026-06-01T05:09:30.889191
2026-06-01T16:00,23.9,79,20.1,26.5,0,0.0,0.0,0.0,0.0,0.0,2,1016.0,982.2,77,19000.0,13.5,22.7,atlanta,2026-06-01T05:09:30.889191
2026-06-01T17:00,25.2,75,20.5,29.6,0,0.0,0.0,0.0,0.0,0.0,1,1015.8,982.2,42,20800.0,12.8,21.6,atlanta,2026-06-01T05:09:30.889191
2026-06-01T18:00,26.9,67,20.2,31.2,0,0.0,0.0,0.0,0.0,0.0,1,1015.4,982.0,27,24300.0,13.1,19.4,atlanta,2026-06-01T05:09:30.889191
2026-06-01T19:00,28.2,61,20.0,32.2,1,0.0,0.0,0.0,0.0,0.0,1,1015.2,981.9,22,28300.0,14.6,23.8,atlanta,2026-06-01T05:09:30.889191
2026-06-01T20:00,28.2,59,19.5,29.7,2,0.0,0.0,0.0,0.0,0.0,1,1015.0,981.7,25,29500.0,17.1,24.8,atlanta,2026-06-01T05:09:30.889191
2026-06-01T21:00,29.1,54,18.9,31.2,6,0.0,0.0,0.0,0.0,0.0,0,1014.6,981.4,0,33200.0,15.0,25.6,atlanta,2026-06-01T05:09:30.889191
2026-06-01T22:00,28.3,59,19.5,28.9,4,0.0,0.0,0.0,0.0,0.0,3,1015.7,982.4,100,29500.0,20.3,38.2,atlanta,2026-06-01T05:09:30.889191
2026-06-01T23:00,20.9,84,18.1,21.8,16,0.0,0.0,0.0,0.0,0.0,3,1014.3,980.2,100,17100.0,14.1,23.8,atlanta,2026-06-01T05:09:30.889191
2026-06-01T00:00,13.0,90,11.4,12.7,33,2.5,2.5,0.0,0.0,0.0,63,1012.5,1009.4,100,5700.0,4.8,25.9,boston,2026-06-01T05:10:48.830548
2026-06-01T01:00,12.6,85,10.2,10.3,47,0.0,0.0,0.0,0.0,0.0,3,1012.1,1009.0,99,16400.0,16.3,29.5,boston,2026-06-01T05:10:48.830548
2026-06-01T02:00,12.8,79,9.2,9.3,32,0.0,0.0,0.0,0.0,0.0,3,1012.4,1009.3,100,19100.0,22.5,37.8,boston,2026-06-01T05:10:48.830548
2026-06-01T03:00,11.6,84,9.0,10.2,22,0.0,0.0,0.0,0.0,0.0,1,1012.3,1009.1,20,16800.0,8.2,20.2,boston,2026-06-01T05:10:48.830548
2026-06-01T04:00,11.0,86,8.8,9.5,23,0.0,0.0,0.0,0.0,0.0,0,1012.9,1009.7,11,15800.0,8.0,16.9,boston,2026-06-01T05:10:48.830548
2026-06-01T05:00,10.4,88,8.5,8.7,6,0.0,0.0,0.0,0.0,0.0,0,1013.3,1010.1,0,14500.0,8.6,17.3,boston,2026-06-01T05:10:48.830548
2026-06-01T06:00,9.7,90,8.1,8.3,8,0.0,0.0,0.0,0.0,0.0,0,1012.8,1009.6,0,13800.0,6.1,11.9,boston,2026-06-01T05:10:48.830548
2026-06-01T07:00,9.1,88,7.2,7.3,3,0.0,0.0,0.0,0.0,0.0,0,1013.3,1010.1,0,14600.0,7.6,12.6,boston,2026-06-01T05:10:48.830548
2026-06-01T08:00,8.6,89,6.9,6.7,1,0.0,0.0,0.0,0.0,0.0,0,1013.5,1010.3,0,14500.0,7.4,17.3,boston,2026-06-01T05:10:48.830548
2026-06-01T09:00,8.7,92,7.4,6.9,1,0.0,0.0,0.0,0.0,0.0,3,1014.2,1011.0,100,13300.0,7.5,25.2,boston,2026-06-01T05:10:48.830548
2026-06-01T10:00,9.4,94,8.5,7.9,1,0.0,0.0,0.0,0.0,0.0,2,1014.6,1011.4,61,12700.0,7.6,21.2,boston,2026-06-01T05:10:48.830548
2026-06-01T11:00,9.9,90,8.3,7.6,2,0.0,0.0,0.0,0.0,0.0,3,1015.3,1012.1,100,14300.0,12.2,24.5,boston,2026-06-01T05:10:48.830548
2026-06-01T12:00,10.0,89,8.2,7.7,1,0.0,0.0,0.0,0.0,0.0,3,1016.3,1013.1,100,14400.0,12.3,24.5,boston,2026-06-01T05:10:48.830548
2026-06-01T13:00,10.2,87,8.2,7.7,6,0.0,0.0,0.0,0.0,0.0,3,1017.4,1014.2,100,15300.0,13.8,23.4,boston,2026-06-01T05:10:48.830548
2026-06-01T14:00,9.9,87,7.9,7.0,12,0.0,0.0,0.0,0.0,0.0,3,1017.8,1014.6,100,15300.0,16.1,26.3,boston,2026-06-01T05:10:48.830548
2026-06-01T15:00,9.8,87,7.7,6.7,4,0.0,0.0,0.0,0.0,0.0,3,1018.7,1015.5,100,15500.0,17.3,29.5,boston,2026-06-01T05:10:48.830548
2026-06-01T16:00,10.1,81,7.0,7.3,2,0.0,0.0,0.0,0.0,0.0,3,1019.1,1015.9,100,18600.0,14.0,22.7,boston,2026-06-01T05:10:48.830548
2026-06-01T17:00,11.8,80,8.5,9.9,1,0.0,0.0,0.0,0.0,0.0,2,1019.3,1016.1,62,19100.0,10.7,20.2,boston,2026-06-01T05:10:48.830548
2026-06-01T18:00,13.1,76,8.9,13.5,1,0.0,0.0,0.0,0.0,0.0,0,1019.3,1016.1,5,21000.0,10.8,20.2,boston,2026-06-01T05:10:48.830548
2026-06-01T19:00,13.3,72,8.3,12.7,0,0.0,0.0,0.0,0.0,0.0,0,1019.3,1016.1,6,22900.0,13.2,20.2,boston,2026-06-01T05:10:48.830548
2026-06-01T20:00,13.0,68,7.2,11.1,0,0.0,0.0,0.0,0.0,0.0,0,1019.7,1016.5,5,24000.0,14.3,18.0,boston,2026-06-01T05:10:48.830548
2026-06-01T21:00,12.7,66,6.5,10.1,0,0.0,0.0,0.0,0.0,0.0,0,1019.7,1016.5,0,24800.0,13.8,20.5,boston,2026-06-01T05:10:48.830548
2026-06-01T22:00,13.6,63,6.7,11.2,0,0.0,0.0,0.0,0.0,0.0,0,1019.7,1016.5,0,27400.0,10.4,17.6,boston,2026-06-01T05:10:48.830548
2026-06-01T23:00,13.1,60,5.5,10.9,0,0.0,0.0,0.0,0.0,0.0,0,1019.8,1016.6,0,29800.0,7.5,13.3,boston,2026-06-01T05:10:48.830548
2026-06-01T00:00,18.5,63,11.3,17.4,1,0.0,0.0,0.0,0.0,0.0,2,1015.0,993.4,54,27700.0,10.6,11.5,chicago,2026-06-01T05:11:26.615748
2026-06-01T01:00,18.0,53,8.3,16.4,3,0.0,0.0,0.0,0.0,0.0,0,1015.2,993.6,3,36000.0,8.1,11.5,chicago,2026-06-01T05:11:26.615748
2026-06-01T02:00,16.1,57,7.6,14.3,9,0.0,0.0,0.0,0.0,0.0,2,1015.4,993.6,61,32400.0,8.7,15.8,chicago,2026-06-01T05:11:26.615748
2026-06-01T03:00,16.0,60,8.2,14.6,3,0.0,0.0,0.0,0.0,0.0,0,1016.1,994.3,16,30500.0,6.6,16.2,chicago,2026-06-01T05:11:26.615748
2026-06-01T04:00,14.6,84,11.9,14.5,2,0.0,0.0,0.0,0.0,0.0,1,1016.2,994.3,20,16100.0,4.6,16.9,chicago,2026-06-01T05:11:26.615748
2026-06-01T05:00,14.7,86,12.4,14.2,2,0.0,0.0,0.0,0.0,0.0,2,1016.4,994.5,62,15700.0,8.8,19.8,chicago,2026-06-01T05:11:26.615748
2026-06-01T06:00,14.4,82,11.4,13.9,6,0.0,0.0,0.0,0.0,0.0,3,1016.0,994.1,100,17300.0,6.6,17.6,chicago,2026-06-01T05:11:26.615748
2026-06-01T07:00,15.0,83,12.2,15.2,8,0.0,0.0,0.0,0.0,0.0,3,1016.1,994.2,100,17300.0,3.8,14.8,chicago,2026-06-01T05:11:26.615748
2026-06-01T08:00,15.0,84,12.3,15.0,7,0.0,0.0,0.0,0.0,0.0,2,1016.4,994.5,66,16700.0,5.2,13.3,chicago,2026-06-01T05:11:26.615748
2026-06-01T09:00,14.4,83,11.6,14.2,7,0.0,0.0,0.0,0.0,0.0,3,1016.9,995.0,100,17400.0,5.2,11.9,chicago,2026-06-01T05:11:26.615748
2026-06-01T10:00,14.8,85,12.3,15.2,7,0.0,0.0,0.0,0.0,0.0,3,1016.9,995.0,100,17000.0,2.7,9.7,chicago,2026-06-01T05:11:26.615748
2026-06-01T11:00,14.9,84,12.3,14.7,8,0.0,0.0,0.0,0.0,0.0,3,1016.9,995.0,86,16600.0,6.2,11.9,chicago,2026-06-01T05:11:26.615748
2026-06-01T12:00,16.2,81,13.0,15.9,8,0.0,0.0,0.0,0.0,0.0,1,1017.5,995.7,41,18300.0,8.9,18.7,chicago,2026-06-01T05:11:26.615748
2026-06-01T13:00,16.9,74,12.3,16.2,9,0.0,0.0,0.0,0.0,0.0,3,1017.8,996.0,100,21700.0,9.7,19.8,chicago,2026-06-01T05:11:26.615748
2026-06-01T14:00,18.1,71,12.8,17.3,10,0.0,0.0,0.0,0.0,0.0,3,1017.8,996.1,100,22800.0,11.9,17.3,chicago,2026-06-01T05:11:26.615748
2026-06-01T15:00,17.1,74,12.5,16.4,10,0.0,0.0,0.0,0.0,0.0,3,1017.7,995.9,99,21400.0,10.7,16.6,chicago,2026-06-01T05:11:26.615748
2026-06-01T16:00,18.7,57,10.0,16.9,9,0.0,0.0,0.0,0.0,0.0,3,1018.4,996.7,100,32200.0,13.0,16.9,chicago,2026-06-01T05:11:26.615748
2026-06-01T17:00,17.4,61,9.8,16.2,10,0.0,0.0,0.0,0.0,0.0,3,1018.7,996.9,100,29000.0,8.4,17.3,chicago,2026-06-01T05:11:26.615748
2026-06-01T18:00,16.9,62,9.6,15.5,11,0.0,0.0,0.0,0.0,0.0,3,1019.1,997.3,100,28700.0,8.7,14.8,chicago,2026-06-01T05:11:26.615748
2026-06-01T19:00,18.9,53,9.2,17.6,9,0.0,0.0,0.0,0.0,0.0,3,1019.3,997.6,100,35300.0,7.7,10.4,chicago,2026-06-01T05:11:26.615748
2026-06-01T20:00,19.8,49,8.8,18.3,7,0.0,0.0,0.0,0.0,0.0,3,1019.1,997.5,100,38500.0,10.4,13.0,chicago,2026-06-01T05:11:26.615748
2026-06-01T21:00,21.2,40,7.1,19.8,5,0.0,0.0,0.0,0.0,0.0,3,1018.9,997.4,100,48400.0,10.4,13.0,chicago,2026-06-01T05:11:26.615748
2026-06-01T22:00,21.4,36,5.7,18.4,2,0.0,0.0,0.0,0.0,0.0,3,1018.9,997.4,100,52800.0,14.2,19.1,chicago,2026-06-01T05:11:26.615748
2026-06-01T23:00,20.5,38,5.7,17.4,1,0.0,0.0,0.0,0.0,0.0,3,1019.3,997.8,100,51100.0,14.2,22.3,chicago,2026-06-01T05:11:26.615748
2026-06-01T00:00,18.9,37,3.9,16.8,0,0.0,0.0,0.0,0.0,0.0,1,1014.6,991.2,33,53600.0,4.8,8.6,cleveland,2026-06-01T05:11:29.175972
2026-06-01T01:00,16.7,45,4.7,14.9,0,0.0,0.0,0.0,0.0,0.0,0,1014.8,991.2,4,43800.0,3.7,3.6,cleveland,2026-06-01T05:11:29.175972
2026-06-01T02:00,14.6,53,5.1,12.9,0,0.0,0.0,0.0,0.0,0.0,0,1015.1,991.3,0,36200.0,3.7,3.6,cleveland,2026-06-01T05:11:29.175972
2026-06-01T03:00,12.9,58,4.9,11.6,0,0.0,0.0,0.0,0.0,0.0,0,1015.2,991.3,1,32000.0,0.7,2.2,cleveland,2026-06-01T05:11:29.175972
2026-06-01T04:00,12.4,58,4.4,10.3,0,0.0,0.0,0.0,0.0,0.0,0,1015.8,991.8,0,32000.0,5.1,5.0,cleveland,2026-06-01T05:11:29.175972
2026-06-01T05:00,11.1,68,5.5,9.1,0,0.0,0.0,0.0,0.0,0.0,0,1015.4,991.3,0,25800.0,6.0,9.4,cleveland,2026-06-01T05:11:29.175972
2026-06-01T06:00,10.5,73,5.9,8.8,0,0.0,0.0,0.0,0.0,0.0,0,1015.3,991.2,0,22500.0,4.7,9.0,cleveland,2026-06-01T05:11:29.175972
2026-06-01T07:00,10.1,74,5.7,8.5,0,0.0,0.0,0.0,0.0,0.0,0,1015.4,991.3,0,21700.0,3.7,9.4,cleveland,2026-06-01T05:11:29.175972
2026-06-01T08:00,9.8,72,5.0,8.4,0,0.0,0.0,0.0,0.0,0.0,3,1015.6,991.4,97,22500.0,1.4,7.2,cleveland,2026-06-01T05:11:29.175972
2026-06-01T09:00,9.6,70,4.4,7.9,0,0.0,0.0,0.0,0.0,0.0,1,1016.2,992.0,25,23700.0,2.5,5.8,cleveland,2026-06-01T05:11:29.175972
2026-06-01T10:00,9.4,69,4.0,7.6,0,0.0,0.0,0.0,0.0,0.0,0,1016.3,992.1,9,24300.0,2.6,3.6,cleveland,2026-06-01T05:11:29.175972
2026-06-01T11:00,10.0,77,6.1,8.4,0,0.0,0.0,0.0,0.0,0.0,3,1016.6,992.4,100,20900.0,4.4,7.2,cleveland,2026-06-01T05:11:29.175972
2026-06-01T12:00,12.7,81,9.6,12.0,0,0.0,0.0,0.0,0.0,0.0,3,1017.6,993.6,100,17700.0,4.1,9.0,cleveland,2026-06-01T05:11:29.175972
2026-06-01T13:00,15.7,69,10.0,15.0,0,0.0,0.0,0.0,0.0,0.0,3,1018.2,994.4,100,25000.0,4.7,11.2,cleveland,2026-06-01T05:11:29.175972
2026-06-01T14:00,17.6,58,9.2,16.8,0,0.0,0.0,0.0,0.0,0.0,3,1018.0,994.4,100,32700.0,6.4,8.6,cleveland,2026-06-01T05:11:29.175972
2026-06-01T15:00,19.3,43,6.4,18.3,0,0.0,0.0,0.0,0.0,0.0,3,1017.7,994.2,100,46500.0,9.0,17.3,cleveland,2026-06-01T05:11:29.175972
2026-06-01T16:00,19.6,43,6.7,18.5,0,0.0,0.0,0.0,0.0,0.0,3,1018.1,994.7,100,45400.0,14.1,20.5,cleveland,2026-06-01T05:11:29.175972
2026-06-01T17:00,20.9,33,4.1,19.7,0,0.0,0.0,0.0,0.0,0.0,3,1018.3,995.0,100,57600.0,13.8,20.5,cleveland,2026-06-01T05:11:29.175972
2026-06-01T18:00,21.6,39,7.0,20.5,0,0.0,0.0,0.0,0.0,0.0,3,1018.2,994.9,100,49100.0,17.3,22.7,cleveland,2026-06-01T05:11:29.175972
2026-06-01T19:00,22.5,32,5.0,20.7,0,0.0,0.0,0.0,0.0,0.0,1,1018.5,995.3,35,59600.0,18.1,24.1,cleveland,2026-06-01T05:11:29.175972
2026-06-01T20:00,22.5,25,1.5,19.3,0,0.0,0.0,0.0,0.0,0.0,0,1018.8,995.6,2,71400.0,19.9,27.0,cleveland,2026-06-01T05:11:29.175972
2026-06-01T21:00,22.2,22,-0.5,18.1,0,0.0,0.0,0.0,0.0,0.0,0,1018.9,995.6,2,77900.0,19.0,27.4,cleveland,2026-06-01T05:11:29.175972
2026-06-01T22:00,22.0,25,1.1,17.8,0,0.0,0.0,0.0,0.0,0.0,0,1019.2,995.9,0,71000.0,15.7,25.9,cleveland,2026-06-01T05:11:29.175972
2026-06-01T23:00,21.5,27,1.7,17.4,0,0.0,0.0,0.0,0.0,0.0,0,1019.4,996.1,0,67400.0,15.3,25.6,cleveland,2026-06-01T05:11:29.175972
2026-06-01T00:00,34.2,43,19.9,36.0,0,0.0,0.0,0.0,0.0,0.0,0,1009.9,993.2,6,43500.0,14.1,18.7,dallas,2026-06-01T05:11:31.753657
2026-06-01T01:00,32.4,52,21.3,35.1,0,0.0,0.0,0.0,0.0,0.0,0,1010.0,993.2,4,35200.0,12.2,21.2,dallas,2026-06-01T05:11:31.753657
2026-06-01T02:00,31.0,54,20.6,34.1,0,0.0,0.0,0.0,0.0,0.0,0,1010.4,993.5,4,33600.0,7.5,19.4,dallas,2026-06-01T05:11:31.753657
2026-06-01T03:00,29.0,68,22.5,33.2,0,0.0,0.0,0.0,0.0,0.0,0,1011.7,994.7,16,23300.0,7.5,22.7,dallas,2026-06-01T05:11:31.753657
2026-06-01T04:00,28.3,72,22.8,32.4,0,0.0,0.0,0.0,0.0,0.0,0,1011.9,994.9,0,21400.0,8.7,18.7,dallas,2026-06-01T05:11:31.753657
2026-06-01T05:00,27.6,73,22.3,31.3,0,0.0,0.0,0.0,0.0,0.0,0,1012.9,995.8,0,20700.0,9.7,15.8,dallas,2026-06-01T05:11:31.753657
2026-06-01T06:00,26.9,75,22.1,30.5,0,0.0,0.0,0.0,0.0,0.0,0,1013.1,996.0,0,20200.0,10.0,18.0,dallas,2026-06-01T05:11:31.753657
2026-06-01T07:00,26.5,75,21.7,29.7,0,0.0,0.0,0.0,0.0,0.0,0,1013.1,995.9,0,20200.0,10.9,20.9,dallas,2026-06-01T05:11:31.753657
2026-06-01T08:00,25.8,78,21.7,29.5,0,0.0,0.0,0.0,0.0,0.0,3,1012.8,995.6,100,18400.0,7.6,17.6,dallas,2026-06-01T05:11:31.753657
2026-06-01T09:00,25.3,81,21.8,28.8,1,0.0,0.0,0.0,0.0,0.0,2,1013.6,996.4,58,17100.0,9.0,18.7,dallas,2026-06-01T05:11:31.753657
2026-06-01T10:00,24.8,83,21.8,28.6,1,0.0,0.0,0.0,0.0,0.0,0,1013.5,996.2,2,16500.0,7.2,17.3,dallas,2026-06-01T05:11:31.753657
2026-06-01T11:00,24.3,85,21.6,28.0,1,0.0,0.0,0.0,0.0,0.0,0,1013.7,996.4,0,15500.0,6.6,14.4,dallas,2026-06-01T05:11:31.753657
2026-06-01T12:00,24.3,86,21.8,28.2,1,0.0,0.0,0.0,0.0,0.0,1,1013.9,996.6,43,14900.0,6.5,10.1,dallas,2026-06-01T05:11:31.753657
2026-06-01T13:00,25.9,81,22.4,29.8,1,0.0,0.0,0.0,0.0,0.0,3,1014.5,997.3,86,16600.0,9.0,20.5,dallas,2026-06-01T05:11:31.753657
2026-06-01T14:00,28.0,75,23.2,31.9,1,0.0,0.0,0.0,0.0,0.0,3,1014.6,997.5,94,19100.0,12.2,22.7,dallas,2026-06-01T05:11:31.753657
2026-06-01T15:00,29.8,68,23.3,33.5,1,0.0,0.0,0.0,0.0,0.0,2,1014.1,997.1,66,22600.0,14.4,22.3,dallas,2026-06-01T05:11:31.753657
2026-06-01T16:00,31.3,60,22.6,35.5,1,0.0,0.0,0.0,0.0,0.0,3,1014.2,997.3,100,27300.0,14.8,20.5,dallas,2026-06-01T05:11:31.753657
2026-06-01T17:00,32.5,56,22.6,37.4,0,0.0,0.0,0.0,0.0,0.0,3,1014.0,997.2,100,30000.0,15.2,19.8,dallas,2026-06-01T05:11:31.753657
2026-06-01T18:00,33.5,52,22.3,38.8,0,0.0,0.0,0.0,0.0,0.0,3,1014.0,997.2,96,33300.0,13.7,16.9,dallas,2026-06-01T05:11:31.753657
2026-06-01T19:00,34.5,50,22.6,40.6,0,0.0,0.0,0.0,0.0,0.0,0,1013.8,997.1,2,35900.0,11.5,14.0,dallas,2026-06-01T05:11:31.753657
2026-06-01T20:00,35.1,46,21.7,40.5,0,0.0,0.0,0.0,0.0,0.0,0,1013.5,996.8,9,39700.0,11.4,13.7,dallas,2026-06-01T05:11:31.753657
2026-06-01T21:00,35.3,43,20.8,39.5,0,0.0,0.0,0.0,0.0,0.0,0,1013.2,996.5,2,43000.0,12.2,14.8,dallas,2026-06-01T05:11:31.753657
2026-06-01T22:00,34.8,44,20.8,38.1,1,0.0,0.0,0.0,0.0,0.0,0,1013.1,996.4,13,42000.0,13.1,16.2,dallas,2026-06-01T05:11:31.753657
2026-06-01T23:00,34.5,42,19.8,36.5,1,0.0,0.0,0.0,0.0,0.0,0,1012.9,996.2,1,44400.0,12.1,15.8,dallas,2026-06-01T05:11:31.753657
2026-06-01T00:00,25.3,17,-1.5,22.0,1,0.0,0.0,0.0,0.0,0.0,0,1006.3,839.9,8,86900.0,6.7,19.4,denver,2026-06-01T05:12:09.557415
2026-06-01T01:00,24.9,18,-1.0,20.3,1,0.0,0.0,0.0,0.0,0.0,0,1006.3,839.7,9,85200.0,16.0,22.0,denver,2026-06-01T05:12:09.557415
2026-06-01T02:00,23.6,15,-4.5,19.5,1,0.0,0.0,0.0,0.0,0.0,0,1007.5,840.0,9,90000.0,10.0,20.2,denver,2026-06-01T05:12:09.557415
2026-06-01T03:00,19.8,23,-1.9,16.4,1,0.0,0.0,0.0,0.0,0.0,2,1008.4,838.8,55,74700.0,6.5,11.5,denver,2026-06-01T05:12:09.557415
2026-06-01T04:00,19.7,22,-2.6,15.9,4,0.0,0.0,0.0,0.0,0.0,3,1009.4,839.6,100,76400.0,9.2,22.3,denver,2026-06-01T05:12:09.557415
2026-06-01T05:00,18.9,20,-4.5,15.1,5,0.0,0.0,0.0,0.0,0.0,3,1010.0,839.7,100,80100.0,7.4,18.0,denver,2026-06-01T05:12:09.557415
2026-06-01T06:00,18.2,22,-3.8,14.3,3,0.0,0.0,0.0,0.0,0.0,3,1010.7,839.9,100,76500.0,8.7,17.6,denver,2026-06-01T05:12:09.557415
2026-06-01T07:00,17.8,25,-2.5,14.2,4,0.0,0.0,0.0,0.0,0.0,3,1012.0,840.8,100,71500.0,7.7,7.6,denver,2026-06-01T05:12:09.557415
2026-06-01T08:00,17.6,30,-0.2,14.3,8,0.0,0.0,0.0,0.0,0.0,3,1012.4,841.0,100,62200.0,8.1,15.1,denver,2026-06-01T05:12:09.557415
2026-06-01T09:00,17.5,33,1.1,14.3,12,0.0,0.0,0.0,0.0,0.0,3,1013.4,841.8,100,58200.0,8.8,15.8,denver,2026-06-01T05:12:09.557415
2026-06-01T10:00,17.2,37,2.4,14.0,1,0.0,0.0,0.0,0.0,0.0,3,1013.3,841.5,100,52400.0,10.4,21.2,denver,2026-06-01T05:12:09.557415
2026-06-01T11:00,16.8,40,3.2,14.4,1,0.0,0.0,0.0,0.0,0.0,3,1013.8,841.7,100,47900.0,5.8,18.4,denver,2026-06-01T05:12:09.557415
2026-06-01T12:00,16.5,44,4.2,13.7,3,0.0,0.0,0.0,0.0,0.0,2,1014.9,842.5,73,43800.0,9.8,22.3,denver,2026-06-01T05:12:09.557415
2026-06-01T13:00,16.8,42,3.8,14.5,2,0.0,0.0,0.0,0.0,0.0,3,1015.6,843.2,100,46400.0,5.9,9.0,denver,2026-06-01T05:12:09.557415
2026-06-01T14:00,17.0,42,4.0,14.7,1,0.0,0.0,0.0,0.0,0.0,3,1016.0,843.7,100,46100.0,5.8,18.0,denver,2026-06-01T05:12:09.557415
2026-06-01T15:00,19.1,37,4.1,15.7,0,0.0,0.0,0.0,0.0,0.0,2,1016.0,844.8,69,51100.0,13.7,19.1,denver,2026-06-01T05:12:09.557415
2026-06-01T16:00,21.4,35,5.3,19.4,0,0.0,0.0,0.0,0.0,0.0,0,1015.0,845.1,12,52700.0,12.3,15.8,denver,2026-06-01T05:12:09.557415
2026-06-01T17:00,23.1,36,7.2,22.3,0,0.0,0.0,0.0,0.0,0.0,0,1013.5,844.8,1,51500.0,12.2,14.4,denver,2026-06-01T05:12:09.557415
2026-06-01T18:00,24.7,32,6.9,24.1,0,0.0,0.0,0.0,0.0,0.0,0,1012.3,844.6,0,57300.0,14.6,17.6,denver,2026-06-01T05:12:09.557415
2026-06-01T19:00,26.3,27,5.8,25.2,3,0.0,0.0,0.0,0.0,0.0,3,1010.6,843.9,100,64900.0,16.9,22.0,denver,2026-06-01T05:12:09.557415
2026-06-01T20:00,27.1,25,5.4,25.8,8,0.0,0.0,0.0,0.0,0.0,3,1009.4,843.4,100,69200.0,17.4,32.0,denver,2026-06-01T05:12:09.557415
2026-06-01T21:00,27.0,24,4.7,24.2,19,0.0,0.0,0.0,0.0,0.0,2,1008.6,842.6,53,70600.0,19.6,28.1,denver,2026-06-01T05:12:09.557415
2026-06-01T22:00,23.2,46,10.9,21.0,9,0.0,0.0,0.0,0.0,0.0,0,1007.8,840.1,4,41000.0,24.2,35.6,denver,2026-06-01T05:12:09.557415
2026-06-01T23:00,24.5,35,8.0,20.6,10,0.0,0.0,0.0,0.0,0.0,0,1007.7,840.6,15,53900.0,26.3,39.2,denver,2026-06-01T05:12:09.557415
2026-06-01T00:00,29.0,77,24.5,34.5,1,0.0,0.0,0.0,0.0,0.0,95,1011.5,1009.3,24,20800.0,6.0,17.6,houston,2026-06-01T05:12:12.115226
2026-06-01T01:00,27.6,82,24.3,32.5,0,0.0,0.0,0.0,0.0,0.0,95,1011.4,1009.2,70,18300.0,9.4,22.3,houston,2026-06-01T05:12:12.115226
2026-06-01T02:00,26.9,89,24.9,32.3,0,0.0,0.0,0.0,0.0,0.0,95,1011.8,1009.6,47,15100.0,8.1,20.9,houston,2026-06-01T05:12:12.115226
2026-06-01T03:00,26.2,90,24.4,31.4,0,0.0,0.0,0.0,0.0,0.0,95,1012.4,1010.2,16,14000.0,7.4,19.8,houston,2026-06-01T05:12:12.115226
2026-06-01T04:00,26.0,91,24.4,31.5,0,0.0,0.0,0.0,0.0,0.0,0,1012.6,1010.4,1,13800.0,5.5,17.6,houston,2026-06-01T05:12:12.115226
2026-06-01T05:00,25.6,90,23.8,30.7,0,0.0,0.0,0.0,0.0,0.0,0,1013.7,1011.5,0,14400.0,5.8,15.1,houston,2026-06-01T05:12:12.115226
2026-06-01T06:00,25.2,90,23.4,30.2,0,0.0,0.0,0.0,0.0,0.0,0,1014.5,1012.3,2,14100.0,4.6,10.4,houston,2026-06-01T05:12:12.115226
2026-06-01T07:00,25.0,92,23.6,30.3,1,0.0,0.0,0.0,0.0,0.0,3,1014.0,1011.8,98,13400.0,3.9,10.8,houston,2026-06-01T05:12:12.115226
2026-06-01T08:00,24.9,94,23.8,30.3,1,0.0,0.0,0.0,0.0,0.0,1,1014.4,1012.2,32,12800.0,4.0,13.0,houston,2026-06-01T05:12:12.115226
2026-06-01T09:00,24.8,94,23.7,30.1,2,0.0,0.0,0.0,0.0,0.0,1,1014.9,1012.7,22,12600.0,4.0,10.4,houston,2026-06-01T05:12:12.115226
2026-06-01T10:00,24.7,95,23.9,30.1,2,0.0,0.0,0.0,0.0,0.0,1,1014.3,1012.1,37,12300.0,4.0,10.4,houston,2026-06-01T05:12:12.115226
2026-06-01T11:00,24.7,95,23.8,30.0,4,0.0,0.0,0.0,0.0,0.0,1,1014.5,1012.3,26,12200.0,4.3,14.4,houston,2026-06-01T05:12:12.115226
2026-06-01T12:00,24.8,96,24.1,30.4,3,0.0,0.0,0.0,0.0,0.0,1,1014.9,1012.7,46,12200.0,3.2,12.2,houston,2026-06-01T05:12:12.115226
2026-06-01T13:00,25.8,94,24.8,31.7,4,0.0,0.0,0.0,0.0,0.0,3,1015.3,1013.1,98,12600.0,4.7,14.0,houston,2026-06-01T05:12:12.115226
2026-06-01T14:00,26.8,88,24.6,32.5,3,0.0,0.0,0.0,0.0,0.0,2,1015.3,1013.1,72,15000.0,5.1,11.2,houston,2026-06-01T05:12:12.115226
2026-06-01T15:00,27.6,83,24.5,33.9,2,0.0,0.0,0.0,0.0,0.0,2,1015.1,1012.9,72,17400.0,0.8,8.6,houston,2026-06-01T05:12:12.115226
2026-06-01T16:00,28.3,81,24.7,34.5,3,0.0,0.0,0.0,0.0,0.0,1,1015.2,1013.0,26,18700.0,2.2,8.6,houston,2026-06-01T05:12:12.115226
2026-06-01T17:00,29.5,76,24.8,37.9,6,0.0,0.0,0.0,0.0,0.0,0,1015.0,1012.8,8,21500.0,2.3,8.3,houston,2026-06-01T05:12:12.115226
2026-06-01T18:00,30.4,73,25.0,39.1,12,0.0,0.0,0.0,0.0,0.0,95,1014.8,1012.6,19,23100.0,5.1,8.6,houston,2026-06-01T05:12:12.115226
2026-06-01T19:00,31.0,68,24.4,38.8,16,0.0,0.0,0.0,0.0,0.0,95,1014.4,1012.2,5,25700.0,7.6,9.7,houston,2026-06-01T05:12:12.115226
2026-06-01T20:00,31.5,63,23.6,38.2,19,0.0,0.0,0.0,0.0,0.0,0,1014.0,1011.8,0,29000.0,9.7,13.0,houston,2026-06-01T05:12:12.115226
2026-06-01T21:00,31.6,60,22.8,37.2,17,0.0,0.0,0.0,0.0,0.0,3,1013.7,1011.5,100,31300.0,10.0,13.3,houston,2026-06-01T05:12:12.115226
2026-06-01T22:00,30.4,76,25.7,36.8,18,0.0,0.0,0.0,0.0,0.0,95,1014.1,1011.9,2,21300.0,10.0,18.4,houston,2026-06-01T05:12:12.115226
2026-06-01T23:00,29.0,75,24.1,33.6,12,0.0,0.0,0.0,0.0,0.0,95,1013.8,1011.6,95,22000.0,10.2,22.0,houston,2026-06-01T05:12:12.115226
2026-06-01T00:00,21.8,70,16.1,22.3,0,0.0,0.0,0.0,0.0,0.0,0,1010.7,970.3,5,21600.0,14.8,15.8,los_angeles,2026-06-01T05:12:49.945092
2026-06-01T01:00,20.4,78,16.4,20.6,0,0.0,0.0,0.0,0.0,0.0,0,1010.3,969.7,7,17900.0,14.0,15.1,los_angeles,2026-06-01T05:12:49.945092
2026-06-01T02:00,18.3,87,16.1,18.9,0,0.0,0.0,0.0,0.0,0.0,0,1010.2,969.3,9,14100.0,10.0,11.2,los_angeles,2026-06-01T05:12:49.945092
2026-06-01T03:00,17.0,91,15.6,18.2,0,0.0,0.0,0.0,0.0,0.0,0,1010.4,969.3,5,13400.0,4.9,5.8,los_angeles,2026-06-01T05:12:49.945092
2026-06-01T04:00,15.9,91,14.4,16.9,0,0.0,0.0,0.0,0.0,0.0,0,1011.7,970.4,2,13500.0,3.4,6.5,los_angeles,2026-06-01T05:12:49.945092
2026-06-01T05:00,15.0,86,12.7,14.9,0,0.0,0.0,0.0,0.0,0.0,0,1011.0,969.6,1,15100.0,6.3,6.5,los_angeles,2026-06-01T05:12:49.945092
2026-06-01T06:00,13.8,91,12.3,14.0,0,0.0,0.0,0.0,0.0,0.0,1,1010.7,969.2,21,12200.0,3.6,4.7,los_angeles,2026-06-01T05:12:49.945092
2026-06-01T07:00,13.1,91,11.7,12.9,0,0.0,0.0,0.0,0.0,0.0,1,1010.8,969.1,24,12200.0,4.7,6.5,los_angeles,2026-06-01T05:12:49.945092
2026-06-01T08:00,12.8,91,11.4,12.1,0,0.0,0.0,0.0,0.0,0.0,0,1011.0,969.3,7,12300.0,8.2,10.1,los_angeles,2026-06-01T05:12:49.945092
2026-06-01T09:00,12.6,95,11.9,12.1,0,0.0,0.0,0.0,0.0,0.0,1,1011.5,969.8,20,12200.0,7.5,12.2,los_angeles,2026-06-01T05:12:49.945092
2026-06-01T10:00,12.4,93,11.3,11.8,0,0.0,0.0,0.0,0.0,0.0,0,1011.9,970.1,7,12200.0,7.3,14.4,los_angeles,2026-06-01T05:12:49.945092
2026-06-01T11:00,12.1,92,10.8,11.1,0,0.0,0.0,0.0,0.0,0.0,0,1011.7,969.9,4,12200.0,8.4,14.0,los_angeles,2026-06-01T05:12:49.945092
2026-06-01T12:00,11.8,91,10.4,10.8,0,0.0,0.0,0.0,0.0,0.0,0,1012.1,970.2,9,12200.0,7.9,12.6,los_angeles,2026-06-01T05:12:49.945092
2026-06-01T13:00,11.4,94,10.5,10.4,0,0.0,0.0,0.0,0.0,0.0,45,1012.2,970.3,100,300.0,8.2,12.6,los_angeles,2026-06-01T05:12:49.945092
2026-06-01T14:00,13.1,100,13.1,13.2,0,0.0,0.0,0.0,0.0,0.0,3,1012.9,971.2,93,2000.0,5.9,10.8,los_angeles,2026-06-01T05:12:49.945092
2026-06-01T15:00,14.7,92,13.4,14.8,0,0.0,0.0,0.0,0.0,0.0,1,1012.8,971.3,43,12800.0,6.8,8.6,los_angeles,2026-06-01T05:12:49.945092
2026-06-01T16:00,16.9,78,13.1,16.8,0,0.0,0.0,0.0,0.0,0.0,0,1012.9,971.7,7,17700.0,7.8,8.3,los_angeles,2026-06-01T05:12:49.945092
2026-06-01T17:00,19.4,68,13.3,20.1,0,0.0,0.0,0.0,0.0,0.0,0,1013.1,972.2,3,22600.0,10.1,10.4,los_angeles,2026-06-01T05:12:49.945092
2026-06-01T18:00,21.9,57,13.0,23.1,0,0.0,0.0,0.0,0.0,0.0,0,1013.1,972.6,2,29900.0,11.6,12.2,los_angeles,2026-06-01T05:12:49.945092
2026-06-01T19:00,23.4,53,13.3,24.9,0,0.0,0.0,0.0,0.0,0.0,0,1012.8,972.5,3,32800.0,13.7,14.8,los_angeles,2026-06-01T05:12:49.945092
2026-06-01T20:00,23.6,50,12.6,24.8,0,0.0,0.0,0.0,0.0,0.0,0,1012.4,972.1,1,35700.0,15.5,16.9,los_angeles,2026-06-01T05:12:49.945092
2026-06-01T21:00,23.2,50,12.2,24.0,0,0.0,0.0,0.0,0.0,0.0,0,1012.7,972.4,1,35100.0,16.6,18.7,los_angeles,2026-06-01T05:12:49.945092
2026-06-01T22:00,21.5,57,12.6,21.9,0,0.0,0.0,0.0,0.0,0.0,0,1013.7,973.1,1,29800.0,17.5,19.8,los_angeles,2026-06-01T05:12:49.945092
2026-06-01T23:00,20.5,60,12.5,20.2,0,0.0,0.0,0.0,0.0,0.0,0,1013.2,972.5,1,27700.0,17.3,19.8,los_angeles,2026-06-01T05:12:49.945092
2026-06-01T00:00,26.7,83,23.6,31.4,57,0.0,0.0,0.0,0.0,0.0,3,1015.1,1014.6,86,17100.0,7.9,17.6,miami,2026-06-01T05:14:53.176126
2026-06-01T01:00,26.3,92,24.9,30.5,55,0.0,0.0,0.0,0.0,0.0,95,1016.0,1015.5,100,13200.0,17.0,25.2,miami,2026-06-01T05:14:53.176126
2026-06-01T02:00,25.7,92,24.3,31.3,40,0.0,0.0,0.0,0.0,0.0,3,1016.5,1016.0,100,4400.0,4.7,5.0,miami,2026-06-01T05:14:53.176126
2026-06-01T03:00,24.9,89,23.0,29.5,40,0.4,0.4,0.0,0.0,0.0,51,1016.6,1016.1,95,15000.0,6.1,10.8,miami,2026-06-01T05:14:53.176126
2026-06-01T04:00,25.1,86,22.6,30.1,25,0.0,0.0,0.0,0.0,0.0,0,1016.5,1016.0,14,16200.0,1.5,10.8,miami,2026-06-01T05:14:53.176126
2026-06-01T05:00,25.0,86,22.5,29.6,6,0.0,0.0,0.0,0.0,0.0,0,1016.1,1015.6,2,15900.0,4.1,8.6,miami,2026-06-01T05:14:53.176126
2026-06-01T06:00,24.8,86,22.3,29.1,5,0.0,0.0,0.0,0.0,0.0,0,1016.7,1016.2,3,15700.0,5.8,9.0,miami,2026-06-01T05:14:53.176126
2026-06-01T07:00,24.2,90,22.5,28.5,3,0.0,0.0,0.0,0.0,0.0,0,1016.0,1015.5,15,14000.0,6.2,8.3,miami,2026-06-01T05:14:53.176126
2026-06-01T08:00,24.3,91,22.7,28.9,2,0.0,0.0,0.0,0.0,0.0,3,1015.8,1015.3,92,13800.0,4.7,12.2,miami,2026-06-01T05:14:53.176126
2026-06-01T09:00,24.3,91,22.8,28.9,1,0.0,0.0,0.0,0.0,0.0,3,1015.2,1014.7,90,13500.0,5.2,13.0,miami,2026-06-01T05:14:53.176126
2026-06-01T10:00,24.3,88,22.2,28.7,1,0.0,0.0,0.0,0.0,0.0,3,1015.2,1014.7,99,14100.0,4.6,13.3,miami,2026-06-01T05:14:53.176126
2026-06-01T11:00,24.4,89,22.5,29.0,1,0.0,0.0,0.0,0.0,0.0,3,1015.8,1015.3,100,14000.0,4.6,11.5,miami,2026-06-01T05:14:53.176126
2026-06-01T12:00,25.9,90,24.2,31.7,2,0.0,0.0,0.0,0.0,0.0,3,1016.4,1015.9,100,14200.0,3.3,13.3,miami,2026-06-01T05:14:53.176126
2026-06-01T13:00,27.5,86,25.0,33.2,4,0.0,0.0,0.0,0.0,0.0,95,1016.6,1016.1,100,15800.0,7.0,14.0,miami,2026-06-01T05:14:53.176126
2026-06-01T14:00,28.7,80,24.9,34.2,5,0.0,0.0,0.0,0.0,0.0,3,1016.2,1015.7,100,19000.0,8.1,13.0,miami,2026-06-01T05:14:53.176126
2026-06-01T15:00,29.8,75,24.9,36.7,3,0.0,0.0,0.0,0.0,0.0,3,1016.3,1015.8,100,22000.0,7.6,13.7,miami,2026-06-01T05:14:53.176126
2026-06-01T16:00,30.5,73,25.1,38.3,5,0.0,0.0,0.0,0.0,0.0,95,1016.3,1015.8,75,22900.0,4.5,11.2,miami,2026-06-01T05:14:53.176126
2026-06-01T17:00,30.8,76,26.1,39.0,9,0.0,0.0,0.0,0.0,0.0,95,1016.0,1015.5,100,21300.0,7.6,9.0,miami,2026-06-01T05:14:53.176126
2026-06-01T18:00,30.7,77,26.2,39.5,27,0.0,0.0,0.0,0.0,0.0,95,1015.7,1015.2,100,20600.0,8.7,10.4,miami,2026-06-01T05:14:53.176126
2026-06-01T19:00,30.1,76,25.4,36.5,37,0.0,0.0,0.0,0.0,0.0,95,1015.4,1014.9,100,21100.0,17.5,21.6,miami,2026-06-01T05:14:53.176126
2026-06-01T20:00,28.8,80,25.0,33.7,43,0.0,0.0,0.0,0.0,0.0,3,1014.6,1014.1,100,18600.0,21.3,27.0,miami,2026-06-01T05:14:53.176126
2026-06-01T21:00,24.0,85,21.3,27.7,52,3.6,3.6,0.0,0.0,0.0,63,1015.1,1014.6,100,4600.0,5.9,6.8,miami,2026-06-01T05:14:53.176126
2026-06-01T22:00,26.9,86,24.3,30.1,45,0.0,0.0,0.0,0.0,0.0,3,1014.8,1014.3,100,16000.0,21.2,31.7,miami,2026-06-01T05:14:53.176126
2026-06-01T23:00,26.4,86,23.9,29.9,36,0.0,0.0,0.0,0.0,0.0,3,1015.3,1014.8,100,15900.0,17.2,31.0,miami,2026-06-01T05:14:53.176126
2026-06-01T00:00,19.6,75,15.1,20.9,19,0.4,0.4,0.0,0.0,0.0,51,1014.6,984.0,100,21700.0,2.7,15.1,minneapolis,2026-06-01T05:14:55.779526
2026-06-01T01:00,18.6,84,15.8,19.3,24,0.0,0.0,0.0,0.0,0.0,3,1014.9,984.2,100,16600.0,8.9,19.4,minneapolis,2026-06-01T05:14:55.779526
2026-06-01T02:00,17.6,95,16.8,19.4,29,0.0,0.0,0.0,0.0,0.0,3,1015.2,984.4,100,12500.0,4.4,13.3,minneapolis,2026-06-01T05:14:55.779526
2026-06-01T03:00,16.6,96,16.0,17.6,50,1.1,1.1,0.0,0.0,0.0,55,1015.7,984.8,100,7900.0,7.0,18.4,minneapolis,2026-06-01T05:14:55.779526
2026-06-01T04:00,16.9,95,16.1,18.1,44,0.7,0.7,0.0,0.0,0.0,53,1016.7,985.8,100,12200.0,6.8,22.0,minneapolis,2026-06-01T05:14:55.779526
2026-06-01T05:00,17.0,95,16.2,18.4,57,0.0,0.0,0.0,0.0,0.0,3,1016.5,985.6,100,12200.0,5.5,17.6,minneapolis,2026-06-01T05:14:55.779526
2026-06-01T06:00,16.8,95,16.0,17.9,43,0.0,0.0,0.0,0.0,0.0,3,1016.1,985.2,100,12200.0,6.4,19.8,minneapolis,2026-06-01T05:14:55.779526
2026-06-01T07:00,16.5,95,15.7,17.4,25,0.0,0.0,0.0,0.0,0.0,3,1015.7,984.8,100,12200.0,6.9,20.2,minneapolis,2026-06-01T05:14:55.779526
2026-06-01T08:00,16.2,96,15.6,17.4,27,0.0,0.0,0.0,0.0,0.0,3,1016.2,985.2,100,12200.0,4.8,19.8,minneapolis,2026-06-01T05:14:55.779526
2026-06-01T09:00,15.9,96,15.3,17.0,18,0.0,0.0,0.0,0.0,0.0,3,1016.2,985.2,100,12200.0,5.1,16.6,minneapolis,2026-06-01T05:14:55.779526
2026-06-01T10:00,16.1,96,15.5,17.2,20,0.0,0.0,0.0,0.0,0.0,3,1016.3,985.3,100,12200.0,5.1,22.0,minneapolis,2026-06-01T05:14:55.779526
2026-06-01T11:00,15.7,96,15.1,16.7,13,0.0,0.0,0.0,0.0,0.0,3,1016.5,985.5,100,12200.0,5.2,14.4,minneapolis,2026-06-01T05:14:55.779526
2026-06-01T12:00,17.1,95,16.3,18.3,8,0.0,0.0,0.0,0.0,0.0,3,1017.1,986.2,100,12600.0,6.6,20.2,minneapolis,2026-06-01T05:14:55.779526
2026-06-01T13:00,18.3,91,16.8,19.2,6,0.0,0.0,0.0,0.0,0.0,3,1017.4,986.6,100,14200.0,10.3,19.8,minneapolis,2026-06-01T05:14:55.779526
2026-06-01T14:00,19.2,88,17.2,20.5,5,0.0,0.0,0.0,0.0,0.0,3,1017.8,987.1,100,15300.0,9.0,15.8,minneapolis,2026-06-01T05:14:55.779526
2026-06-01T15:00,20.7,85,18.1,22.8,5,0.0,0.0,0.0,0.0,0.0,3,1017.7,987.1,97,17100.0,8.0,10.8,minneapolis,2026-06-01T05:14:55.779526
2026-06-01T16:00,22.1,79,18.3,25.1,4,0.0,0.0,0.0,0.0,0.0,3,1017.9,987.5,100,19800.0,8.7,11.2,minneapolis,2026-06-01T05:14:55.779526
2026-06-01T17:00,23.5,73,18.4,26.9,3,0.0,0.0,0.0,0.0,0.0,2,1018.0,987.7,54,22500.0,7.4,9.4,minneapolis,2026-06-01T05:14:55.779526
2026-06-01T18:00,24.7,63,17.2,27.0,3,0.0,0.0,0.0,0.0,0.0,1,1018.4,988.2,40,27400.0,5.5,6.1,minneapolis,2026-06-01T05:14:55.779526
2026-06-01T19:00,26.1,57,17.0,29.5,2,0.0,0.0,0.0,0.0,0.0,1,1018.4,988.4,25,31400.0,7.4,8.6,minneapolis,2026-06-01T05:14:55.779526
2026-06-01T20:00,27.0,53,16.6,30.5,3,0.0,0.0,0.0,0.0,0.0,1,1018.1,988.2,28,34700.0,3.2,5.0,minneapolis,2026-06-01T05:14:55.779526
2026-06-01T21:00,27.4,51,16.4,29.5,3,0.0,0.0,0.0,0.0,0.0,1,1017.7,987.8,23,37000.0,3.3,5.0,minneapolis,2026-06-01T05:14:55.779526
2026-06-01T22:00,28.5,45,15.4,30.1,4,0.0,0.0,0.0,0.0,0.0,1,1018.1,988.3,20,42400.0,1.4,5.8,minneapolis,2026-06-01T05:14:55.779526
2026-06-01T23:00,28.5,45,15.4,29.7,3,0.0,0.0,0.0,0.0,0.0,1,1018.1,988.3,21,42700.0,4.1,5.8,minneapolis,2026-06-01T05:14:55.779526
2026-06-01T00:00,28.1,82,24.7,33.3,16,0.0,0.0,0.0,0.0,0.0,95,1013.1,1012.9,100,17400.0,8.9,16.9,new_orleans,2026-06-01T05:14:58.339119
2026-06-01T01:00,27.6,76,22.9,32.3,3,0.0,0.0,0.0,0.0,0.0,2,1013.1,1012.9,69,20700.0,5.1,21.6,new_orleans,2026-06-01T05:14:58.339119
2026-06-01T02:00,26.7,77,22.3,30.9,1,0.0,0.0,0.0,0.0,0.0,1,1013.6,1013.4,47,20600.0,6.1,15.5,new_orleans,2026-06-01T05:14:58.339119
2026-06-01T03:00,26.1,79,22.1,30.3,0,0.0,0.0,0.0,0.0,0.0,0,1014.4,1014.2,7,19400.0,5.4,12.6,new_orleans,2026-06-01T05:14:58.339119
2026-06-01T04:00,25.5,87,23.2,30.2,1,0.0,0.0,0.0,0.0,0.0,2,1014.5,1014.3,73,15300.0,6.4,12.2,new_orleans,2026-06-01T05:14:58.339119
2026-06-01T05:00,25.2,86,22.7,29.5,1,0.0,0.0,0.0,0.0,0.0,0,1015.3,1015.1,18,15600.0,6.8,10.4,new_orleans,2026-06-01T05:14:58.339119
2026-06-01T06:00,24.9,84,22.0,28.3,1,0.0,0.0,0.0,0.0,0.0,3,1014.6,1014.4,100,16600.0,10.1,17.3,new_orleans,2026-06-01T05:14:58.339119
2026-06-01T07:00,24.3,85,21.6,28.6,1,0.0,0.0,0.0,0.0,0.0,3,1014.5,1014.3,92,15900.0,3.0,13.7,new_orleans,2026-06-01T05:14:58.339119
2026-06-01T08:00,24.0,86,21.5,28.3,1,0.0,0.0,0.0,0.0,0.0,0,1015.4,1015.2,1,15300.0,2.2,9.4,new_orleans,2026-06-01T05:14:58.339119
2026-06-01T09:00,23.7,87,21.4,27.3,1,0.0,0.0,0.0,0.0,0.0,0,1015.2,1015.0,5,14900.0,6.8,14.0,new_orleans,2026-06-01T05:14:58.339119
2026-06-01T10:00,23.6,89,21.6,27.1,1,0.0,0.0,0.0,0.0,0.0,0,1015.1,1014.9,1,13700.0,8.4,15.5,new_orleans,2026-06-01T05:14:58.339119
2026-06-01T11:00,23.4,90,21.7,27.1,1,0.0,0.0,0.0,0.0,0.0,0,1015.6,1015.4,0,13200.0,7.5,13.7,new_orleans,2026-06-01T05:14:58.339119
2026-06-01T12:00,24.3,94,23.2,29.3,2,0.0,0.0,0.0,0.0,0.0,0,1016.4,1016.2,0,12800.0,4.1,13.3,new_orleans,2026-06-01T05:14:58.339119
2026-06-01T13:00,25.8,91,24.2,31.0,2,0.0,0.0,0.0,0.0,0.0,0,1016.5,1016.3,3,13800.0,6.5,12.6,new_orleans,2026-06-01T05:14:58.339119
2026-06-01T14:00,26.2,90,24.4,31.6,2,0.0,0.0,0.0,0.0,0.0,0,1016.5,1016.3,5,14300.0,6.8,10.1,new_orleans,2026-06-01T05:14:58.339119
2026-06-01T15:00,27.0,87,24.7,33.2,4,0.0,0.0,0.0,0.0,0.0,0,1016.3,1016.1,1,15900.0,7.1,9.4,new_orleans,2026-06-01T05:14:58.339119
2026-06-01T16:00,27.6,83,24.4,34.2,5,0.0,0.0,0.0,0.0,0.0,0,1016.5,1016.3,1,17800.0,8.9,10.1,new_orleans,2026-06-01T05:14:58.339119
2026-06-01T17:00,28.2,80,24.4,35.1,5,0.0,0.0,0.0,0.0,0.0,0,1016.1,1015.9,0,19200.0,11.0,11.5,new_orleans,2026-06-01T05:14:58.339119
2026-06-01T18:00,28.8,77,24.4,36.1,9,0.0,0.0,0.0,0.0,0.0,0,1015.7,1015.5,0,21000.0,10.6,11.5,new_orleans,2026-06-01T05:14:58.339119
2026-06-01T19:00,29.3,72,23.7,36.0,14,0.0,0.0,0.0,0.0,0.0,0,1015.6,1015.4,0,23600.0,10.9,11.9,new_orleans,2026-06-01T05:14:58.339119
2026-06-01T20:00,29.6,68,23.1,36.0,13,0.0,0.0,0.0,0.0,0.0,3,1015.2,1015.0,100,25700.0,9.0,10.1,new_orleans,2026-06-01T05:14:58.339119
2026-06-01T21:00,30.5,62,22.4,37.1,15,0.0,0.0,0.0,0.0,0.0,3,1015.1,1014.9,100,29500.0,0.7,2.9,new_orleans,2026-06-01T05:14:58.339119
2026-06-01T22:00,30.1,70,24.0,34.0,16,0.0,0.0,0.0,0.0,0.0,3,1015.2,1015.0,100,24900.0,15.5,20.5,new_orleans,2026-06-01T05:14:58.339119
2026-06-01T23:00,28.6,76,23.9,32.6,15,0.0,0.0,0.0,0.0,0.0,2,1015.1,1014.9,73,21000.0,13.7,19.8,new_orleans,2026-06-01T05:14:58.339119
2026-06-01T00:00,23.1,26,2.5,19.7,0,0.0,0.0,0.0,0.0,0.0,0,1011.2,1009.0,7,69700.0,11.0,19.1,new_york,2026-06-01T05:15:01.084112
2026-06-01T01:00,21.2,29,2.4,18.1,1,0.0,0.0,0.0,0.0,0.0,2,1011.5,1009.3,69,64600.0,9.4,13.7,new_york,2026-06-01T05:15:01.084112
2026-06-01T02:00,21.0,31,3.2,18.6,1,0.0,0.0,0.0,0.0,0.0,3,1012.2,1010.0,100,62100.0,5.4,11.5,new_york,2026-06-01T05:15:01.084112
2026-06-01T03:00,19.5,33,2.8,17.1,1,0.0,0.0,0.0,0.0,0.0,3,1012.6,1010.4,99,59200.0,4.9,14.8,new_york,2026-06-01T05:15:01.084112
2026-06-01T04:00,19.3,36,3.8,16.7,1,0.0,0.0,0.0,0.0,0.0,3,1013.1,1010.9,92,54400.0,7.7,18.4,new_york,2026-06-01T05:15:01.084112
2026-06-01T05:00,17.6,55,8.4,15.5,3,0.0,0.0,0.0,0.0,0.0,3,1013.4,1011.1,100,33500.0,11.2,33.1,new_york,2026-06-01T05:15:01.084112
2026-06-01T06:00,16.7,58,8.4,14.5,7,0.0,0.0,0.0,0.0,0.0,3,1013.5,1011.2,100,31500.0,11.8,28.4,new_york,2026-06-01T05:15:01.084112
2026-06-01T07:00,16.2,61,8.7,14.9,4,0.0,0.0,0.0,0.0,0.0,3,1013.5,1011.2,100,29000.0,6.6,20.2,new_york,2026-06-01T05:15:01.084112
2026-06-01T08:00,15.8,63,8.7,14.6,4,0.0,0.0,0.0,0.0,0.0,3,1013.7,1011.4,100,27600.0,5.8,19.1,new_york,2026-06-01T05:15:01.084112
2026-06-01T09:00,14.8,68,9.0,13.8,3,0.0,0.0,0.0,0.0,0.0,3,1013.4,1011.1,100,24700.0,5.2,17.6,new_york,2026-06-01T05:15:01.084112
2026-06-01T10:00,14.6,72,9.6,13.9,1,0.0,0.0,0.0,0.0,0.0,3,1013.1,1010.8,100,22400.0,3.9,16.9,new_york,2026-06-01T05:15:01.084112
2026-06-01T11:00,15.5,69,9.8,14.5,2,0.0,0.0,0.0,0.0,0.0,1,1014.2,1011.9,42,23700.0,6.3,14.4,new_york,2026-06-01T05:15:01.084112
2026-06-01T12:00,16.7,69,11.0,16.3,1,0.0,0.0,0.0,0.0,0.0,0,1014.9,1012.6,4,23600.0,5.0,13.3,new_york,2026-06-01T05:15:01.084112
2026-06-01T13:00,18.8,59,10.6,18.3,0,0.0,0.0,0.0,0.0,0.0,0,1015.4,1013.1,1,30300.0,4.7,13.7,new_york,2026-06-01T05:15:01.084112
2026-06-01T14:00,20.4,50,9.6,20.3,0,0.0,0.0,0.0,0.0,0.0,0,1015.6,1013.4,12,37700.0,6.2,14.4,new_york,2026-06-01T05:15:01.084112
2026-06-01T15:00,21.0,47,9.3,19.6,0,0.0,0.0,0.0,0.0,0.0,1,1015.7,1013.5,35,40600.0,8.7,16.2,new_york,2026-06-01T05:15:01.084112
2026-06-01T16:00,21.4,43,8.3,19.7,0,0.0,0.0,0.0,0.0,0.0,1,1015.9,1013.7,40,45100.0,8.9,15.8,new_york,2026-06-01T05:15:01.084112
2026-06-01T17:00,21.3,42,7.9,19.4,0,0.0,0.0,0.0,0.0,0.0,3,1016.3,1014.1,100,45400.0,9.2,13.7,new_york,2026-06-01T05:15:01.084112
2026-06-01T18:00,21.4,46,9.3,21.2,0,0.0,0.0,0.0,0.0,0.0,2,1016.5,1014.3,63,40900.0,8.3,14.0,new_york,2026-06-01T05:15:01.084112
2026-06-01T19:00,21.0,45,8.6,19.5,1,0.0,0.0,0.0,0.0,0.0,3,1016.9,1014.7,87,42200.0,7.6,13.3,new_york,2026-06-01T05:15:01.084112
2026-06-01T20:00,20.3,51,9.8,18.4,3,0.0,0.0,0.0,0.0,0.0,1,1017.6,1015.4,46,35400.0,15.9,20.2,new_york,2026-06-01T05:15:01.084112
2026-06-01T21:00,17.9,64,11.0,15.6,4,0.0,0.0,0.0,0.0,0.0,0,1018.1,1015.8,14,25300.0,21.0,29.2,new_york,2026-06-01T05:15:01.084112
2026-06-01T22:00,17.4,66,11.0,15.1,6,0.0,0.0,0.0,0.0,0.0,0,1018.3,1016.0,12,24400.0,17.9,24.5,new_york,2026-06-01T05:15:01.084112
2026-06-01T23:00,16.7,67,10.5,14.4,2,0.0,0.0,0.0,0.0,0.0,0,1019.1,1016.8,19,23800.0,16.4,24.1,new_york,2026-06-01T05:15:01.084112
2026-06-01T00:00,22.6,29,3.6,18.9,0,0.0,0.0,0.0,0.0,0.0,0,1012.8,1009.2,1,63700.0,15.1,29.5,philadelphia,2026-06-01T05:16:19.092321
2026-06-01T01:00,20.3,35,4.3,17.7,0,0.0,0.0,0.0,0.0,0.0,0,1013.0,1009.4,12,55000.0,8.4,18.0,philadelphia,2026-06-01T05:16:19.092321
2026-06-01T02:00,19.2,41,5.6,16.6,0,0.0,0.0,0.0,0.0,0.0,0,1013.6,1009.9,1,47600.0,10.2,22.0,philadelphia,2026-06-01T05:16:19.092321
2026-06-01T03:00,17.7,53,8.0,15.4,0,0.0,0.0,0.0,0.0,0.0,0,1013.9,1010.2,9,34900.0,12.2,28.1,philadelphia,2026-06-01T05:16:19.092321
2026-06-01T04:00,17.4,59,9.3,15.6,0,0.0,0.0,0.0,0.0,0.0,3,1012.9,1009.2,81,30400.0,10.8,25.2,philadelphia,2026-06-01T05:16:19.092321
2026-06-01T05:00,17.4,64,10.5,15.6,0,0.0,0.0,0.0,0.0,0.0,3,1013.3,1009.6,98,26400.0,13.1,24.5,philadelphia,2026-06-01T05:16:19.092321
2026-06-01T06:00,17.2,61,9.6,16.0,1,0.0,0.0,0.0,0.0,0.0,3,1013.1,1009.4,100,29400.0,7.6,22.7,philadelphia,2026-06-01T05:16:19.092321
2026-06-01T07:00,17.0,58,8.7,15.7,0,0.0,0.0,0.0,0.0,0.0,3,1013.3,1009.6,100,31900.0,6.6,11.9,philadelphia,2026-06-01T05:16:19.092321
2026-06-01T08:00,15.6,61,8.1,14.5,0,0.0,0.0,0.0,0.0,0.0,0,1013.0,1009.3,7,29900.0,4.1,7.6,philadelphia,2026-06-01T05:16:19.092321
2026-06-01T09:00,14.8,63,7.8,13.3,1,0.0,0.0,0.0,0.0,0.0,0,1013.0,1009.3,0,28400.0,6.6,7.9,philadelphia,2026-06-01T05:16:19.092321
2026-06-01T10:00,13.7,75,9.3,11.9,0,0.0,0.0,0.0,0.0,0.0,0,1012.6,1008.9,0,20800.0,10.7,23.8,philadelphia,2026-06-01T05:16:19.092321
2026-06-01T11:00,15.3,74,10.7,14.0,0,0.0,0.0,0.0,0.0,0.0,0,1013.6,1009.9,0,21600.0,10.1,25.9,philadelphia,2026-06-01T05:16:19.092321
2026-06-01T12:00,17.1,69,11.3,15.7,0,0.0,0.0,0.0,0.0,0.0,0,1014.1,1010.4,2,24500.0,12.1,22.0,philadelphia,2026-06-01T05:16:19.092321
2026-06-01T13:00,19.1,59,10.9,17.3,0,0.0,0.0,0.0,0.0,0.0,0,1015.0,1011.3,0,31200.0,14.2,23.4,philadelphia,2026-06-01T05:16:19.092321
2026-06-01T14:00,21.3,44,8.5,19.3,0,0.0,0.0,0.0,0.0,0.0,0,1015.0,1011.4,0,44700.0,15.5,22.0,philadelphia,2026-06-01T05:16:19.092321
2026-06-01T15:00,22.6,38,7.6,21.2,0,0.0,0.0,0.0,0.0,0.0,0,1015.0,1011.4,0,51100.0,15.7,24.1,philadelphia,2026-06-01T05:16:19.092321
2026-06-01T16:00,23.7,36,7.7,23.0,0,0.0,0.0,0.0,0.0,0.0,1,1015.1,1011.5,20,53300.0,14.8,23.4,philadelphia,2026-06-01T05:16:19.092321
2026-06-01T17:00,24.3,33,7.0,23.6,0,0.0,0.0,0.0,0.0,0.0,1,1015.1,1011.5,25,57600.0,13.3,19.1,philadelphia,2026-06-01T05:16:19.092321
2026-06-01T18:00,24.8,29,5.6,23.2,0,0.0,0.0,0.0,0.0,0.0,1,1014.9,1011.3,25,64500.0,14.1,21.2,philadelphia,2026-06-01T05:16:19.092321
2026-06-01T19:00,25.1,27,4.8,23.2,1,0.0,0.0,0.0,0.0,0.0,1,1015.2,1011.6,34,67800.0,12.7,16.9,philadelphia,2026-06-01T05:16:19.092321
2026-06-01T20:00,25.0,25,3.6,21.7,1,0.0,0.0,0.0,0.0,0.0,1,1015.8,1012.2,33,72000.0,18.4,23.4,philadelphia,2026-06-01T05:16:19.092321
2026-06-01T21:00,21.5,45,9.0,17.7,5,0.0,0.0,0.0,0.0,0.0,2,1016.4,1012.8,75,42400.0,24.0,34.6,philadelphia,2026-06-01T05:16:19.092321
2026-06-01T22:00,21.2,47,9.4,17.9,4,0.0,0.0,0.0,0.0,0.0,1,1016.8,1013.1,28,39900.0,21.0,30.6,philadelphia,2026-06-01T05:16:19.092321
2026-06-01T23:00,19.4,53,9.6,16.4,2,0.0,0.0,0.0,0.0,0.0,0,1017.8,1014.1,8,34800.0,19.8,30.2,philadelphia,2026-06-01T05:16:19.092321
2026-06-01T00:00,22.9,29,3.9,20.0,0,0.0,0.0,0.0,0.0,0.0,0,1013.1,979.0,4,65400.0,9.9,15.1,pittsburgh,2026-06-01T05:16:21.690201
2026-06-01T01:00,20.0,38,5.3,18.0,0,0.0,0.0,0.0,0.0,0.0,2,1013.5,979.0,65,52500.0,5.8,9.7,pittsburgh,2026-06-01T05:16:21.690201
2026-06-01T02:00,17.8,46,6.0,16.0,0,0.0,0.0,0.0,0.0,0.0,1,1014.1,979.3,43,42000.0,5.5,9.0,pittsburgh,2026-06-01T05:16:21.690201
2026-06-01T03:00,16.1,53,6.5,14.4,0,0.0,0.0,0.0,0.0,0.0,0,1015.0,980.0,0,35500.0,5.1,11.5,pittsburgh,2026-06-01T05:16:21.690201
2026-06-01T04:00,15.2,49,4.5,13.8,0,0.0,0.0,0.0,0.0,0.0,0,1014.7,979.6,0,38700.0,0.7,8.3,pittsburgh,2026-06-01T05:16:21.690201
2026-06-01T05:00,14.4,47,3.2,12.4,0,0.0,0.0,0.0,0.0,0.0,0,1014.6,979.4,0,40600.0,2.8,5.4,pittsburgh,2026-06-01T05:16:21.690201
2026-06-01T06:00,13.6,46,2.2,11.4,0,0.0,0.0,0.0,0.0,0.0,0,1014.3,979.0,0,42100.0,2.7,2.9,pittsburgh,2026-06-01T05:16:21.690201
2026-06-01T07:00,12.6,48,1.9,10.0,0,0.0,0.0,0.0,0.0,0.0,0,1014.5,979.1,8,40300.0,5.6,6.5,pittsburgh,2026-06-01T05:16:21.690201
2026-06-01T08:00,11.7,51,1.9,9.3,0,0.0,0.0,0.0,0.0,0.0,0,1014.4,978.9,0,37500.0,4.4,6.1,pittsburgh,2026-06-01T05:16:21.690201
2026-06-01T09:00,11.1,53,1.8,8.6,0,0.0,0.0,0.0,0.0,0.0,0,1014.9,979.3,14,35300.0,4.3,6.5,pittsburgh,2026-06-01T05:16:21.690201
2026-06-01T10:00,10.5,55,1.9,8.2,0,0.0,0.0,0.0,0.0,0.0,0,1015.4,979.7,18,33500.0,3.5,4.7,pittsburgh,2026-06-01T05:16:21.690201
2026-06-01T11:00,12.1,57,3.9,10.2,0,0.0,0.0,0.0,0.0,0.0,1,1015.5,980.0,30,33400.0,3.3,4.3,pittsburgh,2026-06-01T05:16:21.690201
2026-06-01T12:00,14.6,54,5.4,12.8,0,0.0,0.0,0.0,0.0,0.0,3,1017.0,981.8,100,34700.0,4.6,12.6,pittsburgh,2026-06-01T05:16:21.690201
2026-06-01T13:00,16.9,48,5.8,15.3,0,0.0,0.0,0.0,0.0,0.0,2,1017.4,982.4,64,39700.0,3.6,13.0,pittsburgh,2026-06-01T05:16:21.690201
2026-06-01T14:00,19.5,39,5.2,17.8,0,0.0,0.0,0.0,0.0,0.0,3,1016.7,982.0,81,50800.0,6.7,13.0,pittsburgh,2026-06-01T05:16:21.690201
2026-06-01T15:00,21.7,27,1.9,19.5,0,0.0,0.0,0.0,0.0,0.0,3,1016.7,982.3,100,67000.0,11.9,16.6,pittsburgh,2026-06-01T05:16:21.690201
2026-06-01T16:00,22.7,28,3.3,21.1,0,0.0,0.0,0.0,0.0,0.0,3,1016.6,982.3,100,65400.0,13.6,24.1,pittsburgh,2026-06-01T05:16:21.690201
2026-06-01T17:00,23.7,28,4.1,22.6,0,0.0,0.0,0.0,0.0,0.0,3,1016.7,982.5,100,64700.0,13.8,24.5,pittsburgh,2026-06-01T05:16:21.690201
2026-06-01T18:00,24.3,27,4.1,23.2,0,0.0,0.0,0.0,0.0,0.0,3,1016.4,982.3,100,66900.0,14.3,23.8,pittsburgh,2026-06-01T05:16:21.690201
2026-06-01T19:00,24.6,26,3.8,22.9,0,0.0,0.0,0.0,0.0,0.0,3,1016.5,982.4,100,68600.0,15.3,25.2,pittsburgh,2026-06-01T05:16:21.690201
2026-06-01T20:00,24.6,26,3.8,22.5,1,0.0,0.0,0.0,0.0,0.0,3,1016.7,982.6,100,67900.0,14.8,23.0,pittsburgh,2026-06-01T05:16:21.690201
2026-06-01T21:00,24.2,26,3.5,21.1,2,0.0,0.0,0.0,0.0,0.0,3,1016.6,982.5,100,67700.0,15.2,20.9,pittsburgh,2026-06-01T05:16:21.690201
2026-06-01T22:00,24.1,26,3.4,20.6,2,0.0,0.0,0.0,0.0,0.0,0,1017.0,982.9,1,68400.0,13.7,17.6,pittsburgh,2026-06-01T05:16:21.690201
2026-06-01T23:00,23.4,24,1.7,19.7,2,0.0,0.0,0.0,0.0,0.0,0,1017.3,983.1,0,71800.0,12.3,15.8,pittsburgh,2026-06-01T05:16:21.690201
2026-06-01T00:00,21.9,33,4.9,18.6,0,0.0,0.0,0.0,0.0,0.0,0,1022.6,1016.7,3,59400.0,18.6,24.8,portland,2026-06-01T05:16:24.247465
2026-06-01T01:00,21.5,36,5.8,17.7,0,0.0,0.0,0.0,0.0,0.0,0,1022.5,1016.6,0,55100.0,18.8,27.4,portland,2026-06-01T05:16:24.247465
2026-06-01T02:00,20.6,41,6.9,17.2,0,0.0,0.0,0.0,0.0,0.0,0,1022.1,1016.2,0,49100.0,18.4,27.7,portland,2026-06-01T05:16:24.247465
2026-06-01T03:00,19.5,43,6.6,16.0,0,0.0,0.0,0.0,0.0,0.0,0,1022.0,1016.1,0,46200.0,17.9,31.0,portland,2026-06-01T05:16:24.247465
2026-06-01T04:00,17.0,49,6.2,13.8,0,0.0,0.0,0.0,0.0,0.0,0,1022.1,1016.1,0,38500.0,15.2,35.6,portland,2026-06-01T05:16:24.247465
2026-06-01T05:00,15.4,62,8.2,12.7,0,0.0,0.0,0.0,0.0,0.0,0,1022.4,1016.4,0,28100.0,15.2,34.9,portland,2026-06-01T05:16:24.247465
2026-06-01T06:00,14.4,64,7.7,11.3,0,0.0,0.0,0.0,0.0,0.0,0,1022.2,1016.1,0,26600.0,17.5,31.7,portland,2026-06-01T05:16:24.247465
2026-06-01T07:00,13.6,65,7.2,10.5,0,0.0,0.0,0.0,0.0,0.0,0,1022.3,1016.2,0,26100.0,16.6,31.3,portland,2026-06-01T05:16:24.247465
2026-06-01T08:00,12.8,66,6.6,9.9,0,0.0,0.0,0.0,0.0,0.0,0,1021.9,1015.8,0,25500.0,14.3,28.1,portland,2026-06-01T05:16:24.247465
2026-06-01T09:00,12.2,67,6.2,9.7,0,0.0,0.0,0.0,0.0,0.0,0,1022.0,1015.9,0,25100.0,10.4,24.8,portland,2026-06-01T05:16:24.247465
2026-06-01T10:00,11.4,69,5.9,9.2,0,0.0,0.0,0.0,0.0,0.0,0,1021.6,1015.5,0,24600.0,7.9,16.2,portland,2026-06-01T05:16:24.247465
2026-06-01T11:00,10.9,69,5.4,8.6,0,0.0,0.0,0.0,0.0,0.0,0,1021.4,1015.3,0,24500.0,8.1,14.0,portland,2026-06-01T05:16:24.247465
2026-06-01T12:00,10.4,71,5.3,8.2,0,0.0,0.0,0.0,0.0,0.0,0,1021.2,1015.1,0,23900.0,7.3,13.3,portland,2026-06-01T05:16:24.247465
2026-06-01T13:00,10.2,72,5.4,7.9,0,0.0,0.0,0.0,0.0,0.0,0,1021.2,1015.1,0,23200.0,8.0,13.3,portland,2026-06-01T05:16:24.247465
2026-06-01T14:00,12.1,70,6.8,10.1,0,0.0,0.0,0.0,0.0,0.0,0,1021.1,1015.0,0,24200.0,8.4,16.6,portland,2026-06-01T05:16:24.247465
2026-06-01T15:00,13.7,69,8.1,11.9,0,0.0,0.0,0.0,0.0,0.0,0,1020.9,1014.8,0,25200.0,9.0,15.8,portland,2026-06-01T05:16:24.247465
2026-06-01T16:00,15.7,66,9.4,14.4,0,0.0,0.0,0.0,0.0,0.0,0,1020.4,1014.4,0,27100.0,8.3,13.7,portland,2026-06-01T05:16:24.247465
2026-06-01T17:00,18.5,55,9.3,17.6,0,0.0,0.0,0.0,0.0,0.0,0,1020.1,1014.1,0,34800.0,9.0,13.0,portland,2026-06-01T05:16:24.247465
2026-06-01T18:00,21.3,46,9.2,21.1,0,0.0,0.0,0.0,0.0,0.0,0,1019.7,1013.8,0,42600.0,10.1,18.7,portland,2026-06-01T05:16:24.247465
2026-06-01T19:00,24.1,39,9.3,24.3,0,0.0,0.0,0.0,0.0,0.0,0,1018.9,1013.1,0,50400.0,11.3,20.2,portland,2026-06-01T05:16:24.247465
2026-06-01T20:00,26.2,34,9.1,26.7,0,0.0,0.0,0.0,0.0,0.0,2,1018.2,1012.4,78,56800.0,11.2,17.6,portland,2026-06-01T05:16:24.247465
2026-06-01T21:00,27.5,31,8.8,28.0,0,0.0,0.0,0.0,0.0,0.0,3,1017.7,1011.9,87,61100.0,10.3,14.4,portland,2026-06-01T05:16:24.247465
2026-06-01T22:00,28.3,25,6.4,27.7,0,0.0,0.0,0.0,0.0,0.0,1,1017.3,1011.6,39,72100.0,11.5,14.8,portland,2026-06-01T05:16:24.247465
2026-06-01T23:00,28.4,24,5.9,27.1,0,0.0,0.0,0.0,0.0,0.0,0,1016.7,1011.0,4,72900.0,12.2,16.2,portland,2026-06-01T05:16:24.247465
2026-06-01T00:00,24.8,69,18.8,27.5,3,0.0,0.0,0.0,0.0,0.0,3,1012.6,995.8,96,25200.0,4.3,15.8,saint_louis,2026-06-01T05:16:26.829583
2026-06-01T01:00,23.6,70,17.8,25.5,3,0.0,0.0,0.0,0.0,0.0,0,1012.7,995.8,12,24900.0,6.5,18.7,saint_louis,2026-06-01T05:16:26.829583
2026-06-01T02:00,22.2,80,18.6,24.6,2,0.0,0.0,0.0,0.0,0.0,0,1012.9,996.0,3,19100.0,5.6,6.8,saint_louis,2026-06-01T05:16:26.829583
2026-06-01T03:00,22.0,77,17.8,24.0,9,0.0,0.0,0.0,0.0,0.0,3,1013.4,996.4,85,20700.0,5.4,9.7,saint_louis,2026-06-01T05:16:26.829583
2026-06-01T04:00,21.5,81,18.1,23.5,12,0.0,0.0,0.0,0.0,0.0,3,1013.0,996.0,100,18500.0,6.2,10.4,saint_louis,2026-06-01T05:16:26.829583
2026-06-01T05:00,20.9,86,18.5,23.2,11,0.0,0.0,0.0,0.0,0.0,2,1013.7,996.7,74,16000.0,6.2,13.3,saint_louis,2026-06-01T05:16:26.829583
2026-06-01T06:00,21.0,91,19.5,23.9,16,0.0,0.0,0.0,0.0,0.0,3,1013.5,996.5,95,14000.0,4.6,9.0,saint_louis,2026-06-01T05:16:26.829583
2026-06-01T07:00,20.6,92,19.2,23.6,18,0.0,0.0,0.0,0.0,0.0,1,1013.0,996.0,36,13200.0,3.6,10.4,saint_louis,2026-06-01T05:16:26.829583
2026-06-01T08:00,20.7,93,19.6,23.5,26,0.4,0.4,0.0,0.0,0.0,51,1014.3,997.3,100,12900.0,6.3,6.5,saint_louis,2026-06-01T05:16:26.829583
2026-06-01T09:00,20.4,94,19.4,23.8,39,1.4,1.4,0.0,0.0,0.0,61,1014.5,997.4,100,10900.0,1.8,9.7,saint_louis,2026-06-01T05:16:26.829583
2026-06-01T10:00,20.3,92,19.0,22.2,41,0.0,0.0,0.0,0.0,0.0,3,1014.2,997.1,100,13100.0,10.5,18.4,saint_louis,2026-06-01T05:16:26.829583
2026-06-01T11:00,20.0,94,19.0,22.5,58,0.0,0.0,0.0,0.0,0.0,3,1014.8,997.7,100,12400.0,6.3,10.4,saint_louis,2026-06-01T05:16:26.829583
2026-06-01T12:00,20.3,94,19.3,23.1,55,4.0,4.0,0.0,0.0,0.0,63,1016.0,998.9,100,4800.0,5.5,13.3,saint_louis,2026-06-01T05:16:26.829583
2026-06-01T13:00,20.8,91,19.3,23.6,40,0.0,0.0,0.0,0.0,0.0,3,1014.2,997.2,98,13900.0,5.4,11.5,saint_louis,2026-06-01T05:16:26.829583
2026-06-01T14:00,21.7,89,19.8,23.6,37,0.0,0.0,0.0,0.0,0.0,3,1014.7,997.7,99,14600.0,12.7,19.4,saint_louis,2026-06-01T05:16:26.829583
2026-06-01T15:00,22.2,82,19.0,25.1,26,0.0,0.0,0.0,0.0,0.0,3,1015.1,998.1,100,17800.0,2.9,10.8,saint_louis,2026-06-01T05:16:26.829583
2026-06-01T16:00,23.6,79,19.7,26.4,19,0.0,0.0,0.0,0.0,0.0,2,1014.8,997.9,67,20000.0,7.8,10.1,saint_louis,2026-06-01T05:16:26.829583
2026-06-01T17:00,25.0,78,20.9,30.3,14,0.0,0.0,0.0,0.0,0.0,3,1014.7,997.9,88,20100.0,7.1,9.4,saint_louis,2026-06-01T05:16:26.829583
2026-06-01T18:00,26.0,75,21.3,32.1,10,0.0,0.0,0.0,0.0,0.0,0,1014.7,998.0,15,21800.0,6.1,8.3,saint_louis,2026-06-01T05:16:26.829583
2026-06-01T19:00,26.8,69,20.7,33.6,9,0.0,0.0,0.0,0.0,0.0,0,1015.0,998.3,11,24900.0,1.8,5.8,saint_louis,2026-06-01T05:16:26.829583
2026-06-01T20:00,27.5,66,20.6,34.1,9,0.0,0.0,0.0,0.0,0.0,0,1014.8,998.1,0,27000.0,0.4,10.4,saint_louis,2026-06-01T05:16:26.829583
2026-06-01T21:00,27.8,63,20.1,31.3,8,0.0,0.0,0.0,0.0,0.0,3,1014.2,997.6,94,29300.0,2.6,14.0,saint_louis,2026-06-01T05:16:26.829583
2026-06-01T22:00,28.6,53,18.1,30.5,5,0.0,0.0,0.0,0.0,0.0,2,1015.5,998.9,77,36900.0,7.3,15.8,saint_louis,2026-06-01T05:16:26.829583
2026-06-01T23:00,28.9,55,18.9,31.7,3,0.0,0.0,0.0,0.0,0.0,0,1015.6,999.0,12,35100.0,3.3,14.4,saint_louis,2026-06-01T05:16:26.829583
2026-06-01T00:00,16.7,68,10.8,14.0,0,0.0,0.0,0.0,0.0,0.0,0,1014.8,990.2,2,22700.0,24.8,30.2,san_francisco,2026-06-01T05:17:44.795294
2026-06-01T01:00,16.1,67,9.9,12.3,0,0.0,0.0,0.0,0.0,0.0,0,1014.4,989.7,2,23800.0,25.9,32.4,san_francisco,2026-06-01T05:17:44.795294
2026-06-01T02:00,14.2,76,10.1,10.7,0,0.0,0.0,0.0,0.0,0.0,0,1014.0,989.2,4,19400.0,24.6,30.6,san_francisco,2026-06-01T05:17:44.795294
2026-06-01T03:00,12.8,82,9.8,9.3,1,0.0,0.0,0.0,0.0,0.0,0,1013.9,989.0,4,17000.0,23.7,28.4,san_francisco,2026-06-01T05:17:44.795294
2026-06-01T04:00,11.7,81,8.6,9.4,0,0.0,0.0,0.0,0.0,0.0,0,1014.7,989.6,3,17200.0,13.3,21.6,san_francisco,2026-06-01T05:17:44.795294
2026-06-01T05:00,11.3,82,8.3,9.0,0,0.0,0.0,0.0,0.0,0.0,0,1013.8,988.7,3,17000.0,12.4,22.3,san_francisco,2026-06-01T05:17:44.795294
2026-06-01T06:00,10.8,84,8.2,8.9,0,0.0,0.0,0.0,0.0,0.0,0,1013.2,988.1,5,16300.0,9.7,20.2,san_francisco,2026-06-01T05:17:44.795294
2026-06-01T07:00,10.6,81,7.5,8.8,0,0.0,0.0,0.0,0.0,0.0,0,1013.3,988.2,4,17600.0,8.3,18.0,san_francisco,2026-06-01T05:17:44.795294
2026-06-01T08:00,10.3,84,7.7,8.1,0,0.0,0.0,0.0,0.0,0.0,0,1013.6,988.4,6,16200.0,10.6,16.9,san_francisco,2026-06-01T05:17:44.795294
2026-06-01T09:00,9.9,88,8.0,7.9,0,0.0,0.0,0.0,0.0,0.0,0,1013.4,988.2,6,14600.0,9.7,19.4,san_francisco,2026-06-01T05:17:44.795294
2026-06-01T10:00,9.8,87,7.7,7.5,1,0.0,0.0,0.0,0.0,0.0,0,1013.2,988.0,6,14900.0,11.3,19.4,san_francisco,2026-06-01T05:17:44.795294
2026-06-01T11:00,9.6,87,7.6,7.3,1,0.0,0.0,0.0,0.0,0.0,0,1013.3,988.1,6,15000.0,11.4,21.6,san_francisco,2026-06-01T05:17:44.795294
2026-06-01T12:00,9.4,92,8.1,7.6,1,0.0,0.0,0.0,0.0,0.0,0,1013.3,988.1,8,13300.0,9.1,21.2,san_francisco,2026-06-01T05:17:44.795294
2026-06-01T13:00,9.4,92,8.1,7.2,2,0.0,0.0,0.0,0.0,0.0,0,1013.4,988.2,9,13000.0,11.8,20.5,san_francisco,2026-06-01T05:17:44.795294
2026-06-01T14:00,10.9,91,9.5,9.5,2,0.0,0.0,0.0,0.0,0.0,0,1013.5,988.4,8,13700.0,8.8,16.6,san_francisco,2026-06-01T05:17:44.795294
2026-06-01T15:00,13.0,84,10.3,11.5,2,0.0,0.0,0.0,0.0,0.0,0,1013.5,988.6,1,16600.0,11.1,13.0,san_francisco,2026-06-01T05:17:44.795294
2026-06-01T16:00,14.9,78,11.1,13.6,1,0.0,0.0,0.0,0.0,0.0,0,1013.4,988.6,3,19300.0,10.7,12.2,san_francisco,2026-06-01T05:17:44.795294
2026-06-01T17:00,16.1,74,11.5,15.5,1,0.0,0.0,0.0,0.0,0.0,0,1013.6,988.9,1,20900.0,12.0,13.7,san_francisco,2026-06-01T05:17:44.795294
2026-06-01T18:00,17.7,67,11.5,17.7,1,0.0,0.0,0.0,0.0,0.0,0,1013.8,989.3,1,23900.0,13.9,15.1,san_francisco,2026-06-01T05:17:44.795294
2026-06-01T19:00,18.2,64,11.3,18.1,0,0.0,0.0,0.0,0.0,0.0,0,1013.9,989.4,1,25300.0,17.4,19.8,san_francisco,2026-06-01T05:17:44.795294
2026-06-01T20:00,18.1,65,11.4,17.9,0,0.0,0.0,0.0,0.0,0.0,2,1013.6,989.1,51,24600.0,20.8,24.8,san_francisco,2026-06-01T05:17:44.795294
2026-06-01T21:00,17.5,67,11.3,16.7,0,0.0,0.0,0.0,0.0,0.0,3,1013.6,989.1,100,22900.0,23.3,29.2,san_francisco,2026-06-01T05:17:44.795294
2026-06-01T22:00,16.3,71,11.1,14.7,0,0.0,0.0,0.0,0.0,0.0,3,1014.3,989.6,86,20600.0,26.6,33.5,san_francisco,2026-06-01T05:17:44.795294
2026-06-01T23:00,16.0,71,10.8,13.6,1,0.0,0.0,0.0,0.0,0.0,2,1013.9,989.2,72,20700.0,27.8,35.3,san_francisco,2026-06-01T05:17:44.795294
2026-06-01T00:00,27.4,39,12.3,25.8,0,0.0,0.0,0.0,0.0,0.0,0,1013.4,1008.9,0,50200.0,20.5,26.3,san_jose,2026-06-01T05:17:47.375860
2026-06-01T01:00,25.3,45,12.6,23.4,0,0.0,0.0,0.0,0.0,0.0,0,1013.0,1008.5,0,43500.0,18.9,25.9,san_jose,2026-06-01T05:17:47.375860
2026-06-01T02:00,22.9,45,10.4,20.3,0,0.0,0.0,0.0,0.0,0.0,0,1012.9,1008.4,0,43000.0,19.2,26.6,san_jose,2026-06-01T05:17:47.375860
2026-06-01T03:00,20.7,46,8.7,18.6,0,0.0,0.0,0.0,0.0,0.0,0,1012.9,1008.3,0,41800.0,12.6,24.5,san_jose,2026-06-01T05:17:47.375860
2026-06-01T04:00,18.8,52,8.7,17.0,0,0.0,0.0,0.0,0.0,0.0,0,1013.7,1009.1,0,35700.0,9.9,20.2,san_jose,2026-06-01T05:17:47.375860
2026-06-01T05:00,16.9,60,9.1,15.6,0,0.0,0.0,0.0,0.0,0.0,0,1013.3,1008.7,0,28900.0,7.0,15.8,san_jose,2026-06-01T05:17:47.375860
2026-06-01T06:00,15.9,65,9.4,15.3,0,0.0,0.0,0.0,0.0,0.0,0,1012.7,1008.0,0,26500.0,3.4,6.1,san_jose,2026-06-01T05:17:47.375860
2026-06-01T07:00,15.3,65,8.8,14.5,0,0.0,0.0,0.0,0.0,0.0,0,1013.0,1008.3,0,26000.0,3.1,3.2,san_jose,2026-06-01T05:17:47.375860
2026-06-01T08:00,14.7,66,8.5,14.1,0,0.0,0.0,0.0,0.0,0.0,0,1012.7,1008.0,0,25700.0,1.6,1.8,san_jose,2026-06-01T05:17:47.375860
2026-06-01T09:00,14.1,67,8.1,13.1,0,0.0,0.0,0.0,0.0,0.0,0,1012.7,1008.0,0,24900.0,3.5,3.6,san_jose,2026-06-01T05:17:47.375860
2026-06-01T10:00,13.7,64,7.1,12.5,0,0.0,0.0,0.0,0.0,0.0,0,1012.6,1007.9,0,27200.0,3.6,5.0,san_jose,2026-06-01T05:17:47.375860
2026-06-01T11:00,13.1,64,6.4,12.1,0,0.0,0.0,0.0,0.0,0.0,0,1012.6,1007.9,0,26800.0,0.8,3.6,san_jose,2026-06-01T05:17:47.375860
2026-06-01T12:00,12.3,72,7.4,11.2,0,0.0,0.0,0.0,0.0,0.0,0,1012.4,1007.7,0,21900.0,2.6,2.9,san_jose,2026-06-01T05:17:47.375860
2026-06-01T13:00,11.7,78,8.0,10.7,0,0.0,0.0,0.0,0.0,0.0,0,1012.5,1007.8,0,19100.0,3.3,3.6,san_jose,2026-06-01T05:17:47.375860
2026-06-01T14:00,13.1,84,10.5,13.0,0,0.0,0.0,0.0,0.0,0.0,0,1012.7,1008.0,0,16400.0,1.9,5.4,san_jose,2026-06-01T05:17:47.375860
2026-06-01T15:00,15.9,72,10.9,15.8,0,0.0,0.0,0.0,0.0,0.0,0,1012.7,1008.0,0,22400.0,2.2,2.2,san_jose,2026-06-01T05:17:47.375860
2026-06-01T16:00,18.8,62,11.4,18.7,0,0.0,0.0,0.0,0.0,0.0,0,1012.6,1008.0,0,28800.0,3.3,4.0,san_jose,2026-06-01T05:17:47.375860
2026-06-01T17:00,21.7,53,11.7,22.8,0,0.0,0.0,0.0,0.0,0.0,0,1012.6,1008.0,0,35700.0,2.3,4.0,san_jose,2026-06-01T05:17:47.375860
2026-06-01T18:00,25.3,40,10.8,26.9,0,0.0,0.0,0.0,0.0,0.0,0,1012.8,1008.3,0,49500.0,4.1,4.7,san_jose,2026-06-01T05:17:47.375860
2026-06-01T19:00,28.1,35,11.2,30.0,0,0.0,0.0,0.0,0.0,0.0,0,1012.6,1008.1,18,55700.0,6.7,7.6,san_jose,2026-06-01T05:17:47.375860
2026-06-01T20:00,29.8,29,9.9,31.0,0,0.0,0.0,0.0,0.0,0.0,3,1012.2,1007.8,100,64100.0,10.0,11.2,san_jose,2026-06-01T05:17:47.375860
2026-06-01T21:00,30.3,26,8.7,30.7,0,0.0,0.0,0.0,0.0,0.0,3,1012.2,1007.8,100,69200.0,13.3,14.8,san_jose,2026-06-01T05:17:47.375860
2026-06-01T22:00,29.2,32,10.9,29.0,0,0.0,0.0,0.0,0.0,0.0,3,1012.8,1008.3,94,59300.0,17.6,22.0,san_jose,2026-06-01T05:17:47.375860
2026-06-01T23:00,28.6,34,11.2,27.7,0,0.0,0.0,0.0,0.0,0.0,3,1012.5,1008.0,82,56800.0,19.0,24.8,san_jose,2026-06-01T05:17:47.375860
2026-06-01T00:00,15.5,80,12.1,15.1,0,0.0,0.0,0.0,0.0,0.0,3,1021.0,1018.5,98,22560.0,7.3,12.6,santa_fe,2026-06-01T05:19:50.627283
2026-06-01T01:00,15.5,76,11.2,14.3,0,0.0,0.0,0.0,0.0,0.0,3,1021.4,1018.9,100,13400.0,11.0,19.8,santa_fe,2026-06-01T05:19:50.627283
2026-06-01T02:00,14.7,78,10.9,13.4,0,0.0,0.0,0.0,0.0,0.0,3,1021.8,1019.3,100,10360.0,11.1,20.9,santa_fe,2026-06-01T05:19:50.627283
2026-06-01T03:00,14.2,82,11.1,13.0,0,0.0,0.0,0.0,0.0,0.0,3,1021.9,1019.4,100,8620.0,11.2,21.6,santa_fe,2026-06-01T05:19:50.627283
2026-06-01T04:00,13.8,85,11.3,13.0,0,0.0,0.0,0.0,0.0,0.0,3,1022.3,1019.7,100,7200.0,8.3,20.9,santa_fe,2026-06-01T05:19:50.627283
2026-06-01T05:00,13.8,86,11.4,13.1,0,0.0,0.0,0.0,0.0,0.0,3,1022.2,1019.6,100,6440.0,7.7,15.1,santa_fe,2026-06-01T05:19:50.627283
2026-06-01T06:00,13.4,87,11.2,12.3,0,0.0,0.0,0.0,0.0,0.0,3,1021.9,1019.3,100,5900.0,9.9,18.4,santa_fe,2026-06-01T05:19:50.627283
2026-06-01T07:00,13.1,88,11.1,11.9,0,0.0,0.0,0.0,0.0,0.0,3,1021.4,1018.8,99,5640.0,10.8,20.5,santa_fe,2026-06-01T05:19:50.627283
2026-06-01T08:00,13.1,87,11.1,11.9,0,0.0,0.0,0.0,0.0,0.0,3,1021.4,1018.8,100,5720.0,10.4,22.7,santa_fe,2026-06-01T05:19:50.627283
2026-06-01T09:00,12.9,88,11.1,12.3,0,0.0,0.0,0.0,0.0,0.0,3,1021.7,1019.1,98,5480.0,6.7,19.4,santa_fe,2026-06-01T05:19:50.627283
2026-06-01T10:00,12.9,89,11.0,12.1,0,0.0,0.0,0.0,0.0,0.0,3,1022.1,1019.5,100,5280.0,7.6,14.8,santa_fe,2026-06-01T05:19:50.627283
2026-06-01T11:00,12.6,90,11.0,11.9,0,0.0,0.0,0.0,0.0,0.0,3,1022.9,1020.3,100,5360.0,7.2,14.8,santa_fe,2026-06-01T05:19:50.627283
2026-06-01T12:00,12.9,89,11.1,12.0,0,0.0,0.0,0.0,0.0,0.0,3,1023.6,1021.0,100,5660.0,8.0,13.7,santa_fe,2026-06-01T05:19:50.627283
2026-06-01T13:00,13.4,85,11.0,12.5,0,0.0,0.0,0.0,0.0,0.0,3,1024.1,1021.5,100,6660.0,8.8,19.4,santa_fe,2026-06-01T05:19:50.627283
2026-06-01T14:00,14.2,81,11.1,13.2,0,0.0,0.0,0.0,0.0,0.0,3,1024.6,1022.0,98,7500.0,9.4,21.2,santa_fe,2026-06-01T05:19:50.627283
2026-06-01T15:00,15.2,77,11.1,14.1,0,0.0,0.0,0.0,0.0,0.0,2,1024.4,1021.9,78,9000.0,9.7,23.0,santa_fe,2026-06-01T05:19:50.627283
2026-06-01T16:00,16.4,71,11.2,15.3,0,0.0,0.0,0.0,0.0,0.0,3,1023.7,1021.2,90,11200.0,10.3,24.8,santa_fe,2026-06-01T05:19:50.627283
2026-06-01T17:00,17.0,67,10.9,15.8,0,0.0,0.0,0.0,0.0,0.0,3,1023.0,1020.5,98,13520.0,10.5,24.8,santa_fe,2026-06-01T05:19:50.627283
2026-06-01T18:00,17.6,63,10.6,16.2,0,0.0,0.0,0.0,0.0,0.0,0,1022.3,1019.8,15,15680.0,11.3,25.6,santa_fe,2026-06-01T05:19:50.627283
2026-06-01T19:00,17.7,63,10.4,16.0,0,0.0,0.0,0.0,0.0,0.0,0,1022.1,1019.6,12,52340.0,12.4,27.0,santa_fe,2026-06-01T05:19:50.627283
2026-06-01T20:00,17.1,66,10.8,15.6,0,0.0,0.0,0.0,0.0,0.0,0,1022.2,1019.7,7,52340.0,11.7,27.0,santa_fe,2026-06-01T05:19:50.627283
2026-06-01T21:00,15.6,73,10.9,14.5,0,0.0,0.0,0.0,0.0,0.0,1,1022.2,1019.7,20,49020.0,9.9,23.0,santa_fe,2026-06-01T05:19:50.627283
2026-06-01T22:00,14.5,79,10.9,13.1,0,0.0,0.0,0.0,0.0,0.0,3,1022.4,1019.9,95,49020.0,11.7,21.2,santa_fe,2026-06-01T05:19:50.627283
2026-06-01T23:00,13.9,81,10.6,12.4,0,0.0,0.0,0.0,0.0,0.0,3,1022.9,1020.3,97,49020.0,11.4,22.0,santa_fe,2026-06-01T05:19:50.627283
2026-06-01T00:00,19.3,40,5.4,16.8,0,0.0,0.0,0.0,0.0,0.0,0,1024.9,1014.5,0,48100.0,13.5,17.3,seattle,2026-06-01T05:19:53.186869
2026-06-01T01:00,18.8,45,6.6,16.1,0,0.0,0.0,0.0,0.0,0.0,0,1024.5,1014.1,0,42600.0,12.7,16.2,seattle,2026-06-01T05:19:53.186869
2026-06-01T02:00,18.2,48,7.0,15.9,0,0.0,0.0,0.0,0.0,0.0,0,1024.3,1013.9,0,39900.0,10.1,13.0,seattle,2026-06-01T05:19:53.186869
2026-06-01T03:00,16.8,47,5.4,14.0,0,0.0,0.0,0.0,0.0,0.0,0,1024.2,1013.8,0,41300.0,11.2,17.3,seattle,2026-06-01T05:19:53.186869
2026-06-01T04:00,13.8,53,4.4,11.4,0,0.0,0.0,0.0,0.0,0.0,0,1023.1,1012.6,0,37000.0,7.8,18.7,seattle,2026-06-01T05:19:53.186869
2026-06-01T05:00,12.6,55,3.8,10.2,0,0.0,0.0,0.0,0.0,0.0,0,1024.5,1013.9,0,35500.0,6.6,14.0,seattle,2026-06-01T05:19:53.186869
2026-06-01T06:00,11.8,57,3.6,9.4,0,0.0,0.0,0.0,0.0,0.0,0,1024.7,1014.1,0,33300.0,6.5,9.4,seattle,2026-06-01T05:19:53.186869
2026-06-01T07:00,10.7,67,4.9,8.3,0,0.0,0.0,0.0,0.0,0.0,0,1024.6,1013.9,0,26100.0,8.4,13.0,seattle,2026-06-01T05:19:53.186869
2026-06-01T08:00,10.2,66,4.2,7.8,0,0.0,0.0,0.0,0.0,0.0,0,1024.2,1013.5,0,27200.0,7.2,10.8,seattle,2026-06-01T05:19:53.186869
2026-06-01T09:00,9.8,66,3.7,7.3,0,0.0,0.0,0.0,0.0,0.0,0,1023.9,1013.2,0,27000.0,6.8,9.7,seattle,2026-06-01T05:19:53.186869
2026-06-01T10:00,9.4,66,3.4,6.9,0,0.0,0.0,0.0,0.0,0.0,0,1023.8,1013.1,0,27000.0,6.9,10.1,seattle,2026-06-01T05:19:53.186869
2026-06-01T11:00,9.2,64,2.7,6.8,0,0.0,0.0,0.0,0.0,0.0,0,1023.5,1012.8,0,28100.0,5.1,7.9,seattle,2026-06-01T05:19:53.186869
2026-06-01T12:00,8.8,65,2.6,6.5,0,0.0,0.0,0.0,0.0,0.0,0,1023.3,1012.6,0,27900.0,4.4,6.1,seattle,2026-06-01T05:19:53.186869
2026-06-01T13:00,9.0,65,2.8,6.7,0,0.0,0.0,0.0,0.0,0.0,0,1023.3,1012.6,0,28100.0,5.1,7.9,seattle,2026-06-01T05:19:53.186869
2026-06-01T14:00,11.4,69,6.0,9.4,0,0.0,0.0,0.0,0.0,0.0,1,1023.2,1012.6,39,25000.0,7.3,19.4,seattle,2026-06-01T05:19:53.186869
2026-06-01T15:00,13.9,71,8.8,11.8,0,0.0,0.0,0.0,0.0,0.0,3,1023.1,1012.6,85,23600.0,12.4,26.6,seattle,2026-06-01T05:19:53.186869
2026-06-01T16:00,15.5,70,10.1,13.9,0,0.0,0.0,0.0,0.0,0.0,3,1022.8,1012.3,98,24100.0,11.8,19.1,seattle,2026-06-01T05:19:53.186869
2026-06-01T17:00,17.2,64,10.4,16.1,0,0.0,0.0,0.0,0.0,0.0,3,1022.5,1012.1,96,28100.0,11.6,18.0,seattle,2026-06-01T05:19:53.186869
2026-06-01T18:00,19.0,56,10.1,18.9,0,0.0,0.0,0.0,0.0,0.0,3,1022.1,1011.8,99,33600.0,10.5,14.4,seattle,2026-06-01T05:19:53.186869
2026-06-01T19:00,20.6,51,10.1,20.8,0,0.0,0.0,0.0,0.0,0.0,3,1021.3,1011.0,94,38000.0,11.2,13.7,seattle,2026-06-01T05:19:53.186869
2026-06-01T20:00,22.0,46,9.8,22.3,0,0.0,0.0,0.0,0.0,0.0,3,1020.8,1010.6,100,42500.0,11.9,14.8,seattle,2026-06-01T05:19:53.186869
2026-06-01T21:00,22.8,43,9.6,22.8,0,0.0,0.0,0.0,0.0,0.0,3,1020.3,1010.1,100,45600.0,13.4,16.6,seattle,2026-06-01T05:19:53.186869
2026-06-01T22:00,23.2,43,9.9,22.9,0,0.0,0.0,0.0,0.0,0.0,3,1020.0,1009.8,100,45700.0,14.0,17.6,seattle,2026-06-01T05:19:53.186869
2026-06-01T23:00,23.4,41,9.4,22.4,0,0.0,0.0,0.0,0.0,0.0,3,1019.5,1009.3,100,47500.0,14.1,18.4,seattle,2026-06-01T05:19:53.186869
2026-06-01T00:00,22.6,33,5.5,20.0,0,0.0,0.0,0.0,0.0,0.0,0,1013.5,1010.7,0,59500.0,10.2,19.4,washington,2026-06-01T05:19:55.737196
2026-06-01T01:00,20.9,36,5.3,18.9,0,0.0,0.0,0.0,0.0,0.0,0,1013.9,1011.1,0,54400.0,6.4,15.8,washington,2026-06-01T05:19:55.737196
2026-06-01T02:00,19.0,44,6.5,17.5,0,0.0,0.0,0.0,0.0,0.0,0,1014.4,1011.6,0,44200.0,4.4,9.0,washington,2026-06-01T05:19:55.737196
2026-06-01T03:00,17.4,53,7.7,16.4,0,0.0,0.0,0.0,0.0,0.0,0,1014.4,1011.5,1,35500.0,2.5,7.2,washington,2026-06-01T05:19:55.737196
2026-06-01T04:00,16.9,55,7.8,15.8,0,0.0,0.0,0.0,0.0,0.0,1,1013.9,1011.0,33,32500.0,4.0,4.3,washington,2026-06-01T05:19:55.737196
2026-06-01T05:00,17.1,60,9.3,16.2,0,0.0,0.0,0.0,0.0,0.0,2,1013.7,1010.8,76,27600.0,5.4,8.6,washington,2026-06-01T05:19:55.737196
2026-06-01T06:00,17.7,67,11.5,17.3,0,0.0,0.0,0.0,0.0,0.0,3,1013.4,1010.5,83,24800.0,6.5,13.3,washington,2026-06-01T05:19:55.737196
2026-06-01T07:00,16.5,72,11.5,16.0,0,0.0,0.0,0.0,0.0,0.0,1,1012.7,1009.8,37,21800.0,6.8,13.0,washington,2026-06-01T05:19:55.737196
2026-06-01T08:00,15.9,74,11.3,15.4,0,0.0,0.0,0.0,0.0,0.0,0,1012.2,1009.3,0,20800.0,6.4,12.2,washington,2026-06-01T05:19:55.737196
2026-06-01T09:00,15.2,75,10.8,14.6,0,0.0,0.0,0.0,0.0,0.0,0,1012.8,1009.9,15,20000.0,6.2,9.0,washington,2026-06-01T05:19:55.737196
2026-06-01T10:00,14.6,76,10.5,13.9,0,0.0,0.0,0.0,0.0,0.0,0,1012.7,1009.8,0,19600.0,6.5,6.8,washington,2026-06-01T05:19:55.737196
2026-06-01T11:00,16.0,75,11.6,15.8,0,0.0,0.0,0.0,0.0,0.0,0,1013.0,1010.1,2,20500.0,5.0,7.9,washington,2026-06-01T05:19:55.737196
2026-06-01T12:00,19.0,47,7.5,15.9,0,0.0,0.0,0.0,0.0,0.0,0,1013.9,1011.1,4,40300.0,17.0,37.1,washington,2026-06-01T05:19:55.737196
2026-06-01T13:00,20.8,45,8.5,18.3,0,0.0,0.0,0.0,0.0,0.0,0,1014.7,1011.9,9,42800.0,14.5,28.4,washington,2026-06-01T05:19:55.737196
2026-06-01T14:00,23.1,37,7.6,20.9,0,0.0,0.0,0.0,0.0,0.0,3,1014.5,1011.7,100,52300.0,15.2,25.2,washington,2026-06-01T05:19:55.737196
2026-06-01T15:00,24.6,34,7.7,23.0,0,0.0,0.0,0.0,0.0,0.0,3,1014.3,1011.5,96,56500.0,16.3,23.8,washington,2026-06-01T05:19:55.737196
2026-06-01T16:00,25.6,30,6.8,24.1,0,0.0,0.0,0.0,0.0,0.0,3,1014.5,1011.7,100,62500.0,17.7,24.5,washington,2026-06-01T05:19:55.737196
2026-06-01T17:00,26.2,27,5.7,24.6,0,0.0,0.0,0.0,0.0,0.0,3,1014.4,1011.6,96,66500.0,18.3,24.5,washington,2026-06-01T05:19:55.737196
2026-06-01T18:00,26.5,27,6.0,25.2,0,0.0,0.0,0.0,0.0,0.0,2,1014.4,1011.6,60,67100.0,17.2,22.7,washington,2026-06-01T05:19:55.737196
2026-06-01T19:00,26.7,26,5.6,25.4,1,0.0,0.0,0.0,0.0,0.0,3,1014.6,1011.8,100,68000.0,15.3,25.9,washington,2026-06-01T05:19:55.737196
2026-06-01T20:00,26.8,26,5.7,24.7,1,0.0,0.0,0.0,0.0,0.0,3,1014.9,1012.1,100,69200.0,14.6,21.2,washington,2026-06-01T05:19:55.737196
2026-06-01T21:00,26.6,26,5.6,24.1,2,0.0,0.0,0.0,0.0,0.0,2,1015.0,1012.2,70,69600.0,13.0,16.6,washington,2026-06-01T05:19:55.737196
2026-06-01T22:00,25.9,31,7.5,23.1,2,0.0,0.0,0.0,0.0,0.0,3,1015.3,1012.5,100,61500.0,15.2,19.4,washington,2026-06-01T05:19:55.737196
2026-06-01T23:00,24.9,31,6.7,22.3,3,0.0,0.0,0.0,0.0,0.0,3,1015.7,1012.9,100,61000.0,12.5,18.0,washington,2026-06-01T05:19:55.737196
2026-06-01T00:00,24.1,76,19.7,27.1,10,0.0,0.0,0.0,0.0,0.0,2,1015.6,918.6,57,24940.0,5.0,17.3,caracas,2026-06-01T05:19:58.328324
2026-06-01T01:00,23.3,82,20.1,26.4,1,0.0,0.0,0.0,0.0,0.0,1,1016.6,919.2,32,12180.0,5.7,18.7,caracas,2026-06-01T05:19:58.328324
2026-06-01T02:00,22.8,87,20.4,25.8,0,0.0,0.0,0.0,0.0,0.0,0,1017.2,919.6,17,5860.0,7.3,21.2,caracas,2026-06-01T05:19:58.328324
2026-06-01T03:00,21.9,91,20.4,24.7,0,0.0,0.0,0.0,0.0,0.0,2,1017.3,919.4,62,1660.0,8.7,24.8,caracas,2026-06-01T05:19:58.328324
2026-06-01T04:00,22.0,90,20.3,24.7,0,0.0,0.0,0.0,0.0,0.0,3,1017.0,919.2,98,1220.0,8.8,26.6,caracas,2026-06-01T05:19:58.328324
2026-06-01T05:00,22.2,89,20.4,24.9,0,0.0,0.0,0.0,0.0,0.0,3,1017.1,919.4,99,960.0,9.3,29.9,caracas,2026-06-01T05:19:58.328324
2026-06-01T06:00,22.3,88,20.3,25.2,0,0.0,0.0,0.0,0.0,0.0,3,1016.2,918.6,88,860.0,7.9,29.9,caracas,2026-06-01T05:19:58.328324
2026-06-01T07:00,22.0,89,20.2,24.9,0,0.0,0.0,0.0,0.0,0.0,2,1015.9,918.2,75,980.0,7.1,26.3,caracas,2026-06-01T05:19:58.328324
2026-06-01T08:00,21.9,90,20.1,24.9,0,0.0,0.0,0.0,0.0,0.0,2,1016.0,918.3,70,4020.0,6.2,23.8,caracas,2026-06-01T05:19:58.328324
2026-06-01T09:00,21.9,90,20.2,24.9,0,0.0,0.0,0.0,0.0,0.0,2,1016.4,918.6,66,2260.0,6.0,20.9,caracas,2026-06-01T05:19:58.328324
2026-06-01T10:00,22.0,90,20.3,25.3,1,0.0,0.0,0.0,0.0,0.0,2,1016.6,918.8,62,1620.0,5.1,21.2,caracas,2026-06-01T05:19:58.328324
2026-06-01T11:00,22.6,87,20.4,26.1,2,0.0,0.0,0.0,0.0,0.0,1,1017.3,919.7,48,20180.0,3.8,18.4,caracas,2026-06-01T05:19:58.328324
2026-06-01T12:00,24.0,78,19.9,27.3,10,0.1,0.1,0.0,0.0,0.0,51,1017.8,920.5,27,10440.0,3.6,18.7,caracas,2026-06-01T05:19:58.328324
2026-06-01T13:00,25.6,68,19.4,28.5,30,0.2,0.1,0.1,0.0,0.0,51,1017.8,921.0,33,7640.0,4.4,22.0,caracas,2026-06-01T05:19:58.328324
2026-06-01T14:00,26.9,60,18.5,29.7,56,0.3,0.1,0.2,0.0,0.0,51,1017.9,921.5,56,8460.0,6.2,28.4,caracas,2026-06-01T05:19:58.328324
2026-06-01T15:00,27.3,60,18.8,29.9,76,0.3,0.1,0.2,0.0,0.0,51,1017.2,921.0,79,11180.0,7.6,32.8,caracas,2026-06-01T05:19:58.328324
2026-06-01T16:00,28.4,56,18.7,31.8,85,0.4,0.1,0.3,0.0,0.0,51,1016.3,920.5,38,6400.0,8.2,34.2,caracas,2026-06-01T05:19:58.328324
2026-06-01T17:00,29.0,54,18.7,33.5,88,0.4,0.1,0.3,0.0,0.0,51,1015.3,919.8,23,8060.0,6.9,36.0,caracas,2026-06-01T05:19:58.328324
2026-06-01T18:00,28.4,55,18.5,32.6,90,0.6,0.3,0.3,0.0,0.0,53,1014.4,918.8,41,4080.0,5.6,33.5,caracas,2026-06-01T05:19:58.328324
2026-06-01T19:00,27.4,61,19.2,30.9,96,0.9,0.5,0.4,0.0,0.0,53,1013.4,917.6,34,4920.0,5.2,31.0,caracas,2026-06-01T05:19:58.328324
2026-06-01T20:00,26.7,65,19.6,29.7,100,0.8,0.6,0.2,0.0,0.0,53,1013.0,917.0,44,4800.0,4.7,28.1,caracas,2026-06-01T05:19:58.328324
2026-06-01T21:00,26.1,68,19.8,29.0,98,0.6,0.5,0.1,0.0,0.0,53,1012.9,916.8,30,7740.0,5.8,26.6,caracas,2026-06-01T05:19:58.328324
2026-06-01T22:00,25.4,71,19.8,28.5,79,0.1,0.1,0.0,0.0,0.0,51,1013.0,916.6,24,16540.0,5.0,24.8,caracas,2026-06-01T05:19:58.328324
2026-06-01T23:00,23.8,81,20.2,26.7,52,0.0,0.0,0.0,0.0,0.0,2,1014.0,917.0,57,22880.0,7.1,25.2,caracas,2026-06-01T05:19:58.328324
2026-06-01T00:00,28.2,87,25.9,34.1,0,0.0,0.0,0.0,0.0,0.0,0,1008.4,1006.6,1,12760.0,10.2,22.0,hanoi,2026-06-01T05:20:36.163290
2026-06-01T01:00,29.8,78,25.5,35.0,0,0.0,0.0,0.0,0.0,0.0,0,1008.8,1007.0,0,16820.0,12.6,28.1,hanoi,2026-06-01T05:20:36.163290
2026-06-01T02:00,30.9,73,25.4,36.1,0,0.0,0.0,0.0,0.0,0.0,0,1009.1,1007.3,0,16820.0,13.2,30.2,hanoi,2026-06-01T05:20:36.163290
2026-06-01T03:00,31.9,70,25.6,38.3,0,0.0,0.0,0.0,0.0,0.0,0,1008.8,1007.0,2,18900.0,12.2,30.2,hanoi,2026-06-01T05:20:36.163290
2026-06-01T04:00,32.7,68,25.9,40.3,0,0.0,0.0,0.0,0.0,0.0,95,1008.3,1006.5,8,18900.0,10.3,28.8,hanoi,2026-06-01T05:20:36.163290
2026-06-01T05:00,33.4,65,26.0,41.4,0,0.0,0.0,0.0,0.0,0.0,95,1007.4,1005.6,16,12400.0,9.7,25.9,hanoi,2026-06-01T05:20:36.163290
2026-06-01T06:00,33.7,64,26.0,41.6,2,0.0,0.0,0.0,0.0,0.0,95,1006.2,1004.4,23,10780.0,10.7,26.6,hanoi,2026-06-01T05:20:36.163290
2026-06-01T07:00,34.0,63,25.9,41.2,7,0.0,0.0,0.0,0.0,0.0,95,1005.3,1003.5,10,14180.0,11.5,27.7,hanoi,2026-06-01T05:20:36.163290
2026-06-01T08:00,34.1,62,25.8,40.4,14,0.0,0.0,0.0,0.0,0.0,95,1004.7,1002.9,3,18940.0,12.4,28.8,hanoi,2026-06-01T05:20:36.163290
2026-06-01T09:00,33.5,64,25.6,38.6,18,0.0,0.0,0.0,0.0,0.0,95,1004.1,1002.3,7,18940.0,13.8,30.2,hanoi,2026-06-01T05:20:36.163290
2026-06-01T10:00,32.8,67,25.8,38.0,17,0.0,0.0,0.0,0.0,0.0,95,1003.4,1001.6,3,18960.0,13.7,29.9,hanoi,2026-06-01T05:20:36.163290
2026-06-01T11:00,31.5,74,26.1,37.0,12,0.0,0.0,0.0,0.0,0.0,95,1003.7,1001.9,5,16880.0,13.2,28.1,hanoi,2026-06-01T05:20:36.163290
2026-06-01T12:00,30.2,77,25.9,35.6,8,0.0,0.0,0.0,0.0,0.0,95,1004.5,1002.7,3,16880.0,13.2,26.3,hanoi,2026-06-01T05:20:36.163290
2026-06-01T13:00,29.5,79,25.5,34.6,5,0.0,0.0,0.0,0.0,0.0,0,1005.7,1003.9,2,16900.0,13.1,25.9,hanoi,2026-06-01T05:20:36.163290
2026-06-01T14:00,28.8,82,25.4,34.1,2,0.0,0.0,0.0,0.0,0.0,0,1007.1,1005.3,2,14740.0,11.9,25.9,hanoi,2026-06-01T05:20:36.163290
2026-06-01T15:00,28.4,85,25.6,33.9,0,0.0,0.0,0.0,0.0,0.0,0,1007.8,1006.0,1,14740.0,10.9,23.4,hanoi,2026-06-01T05:20:36.163290
2026-06-01T16:00,28.0,89,26.0,33.9,0,0.0,0.0,0.0,0.0,0.0,0,1008.0,1006.2,5,12840.0,10.1,21.2,hanoi,2026-06-01T05:20:36.163290
2026-06-01T17:00,27.8,91,26.1,33.8,0,0.0,0.0,0.0,0.0,0.0,1,1007.6,1005.8,29,10760.0,10.0,20.5,hanoi,2026-06-01T05:20:36.163290
2026-06-01T18:00,27.5,92,26.1,33.6,0,0.0,0.0,0.0,0.0,0.0,1,1006.9,1005.1,34,10780.0,9.5,19.4,hanoi,2026-06-01T05:20:36.163290
2026-06-01T19:00,27.4,93,26.2,34.0,4,0.0,0.0,0.0,0.0,0.0,1,1006.7,1004.9,37,10780.0,6.2,18.0,hanoi,2026-06-01T05:20:36.163290
2026-06-01T20:00,27.2,94,26.2,34.1,9,0.0,0.0,0.0,0.0,0.0,95,1006.3,1004.5,62,9000.0,5.0,13.7,hanoi,2026-06-01T05:20:36.163290
2026-06-01T21:00,27.2,94,26.1,33.6,12,0.0,0.0,0.0,0.0,0.0,95,1005.8,1004.0,77,10340.0,8.3,16.6,hanoi,2026-06-01T05:20:36.163290
2026-06-01T22:00,27.0,95,26.1,33.4,11,0.0,0.0,0.0,0.0,0.0,95,1006.1,1004.3,47,10800.0,8.0,16.2,hanoi,2026-06-01T05:20:36.163290
2026-06-01T23:00,27.4,94,26.4,34.4,9,0.0,0.0,0.0,0.0,0.0,95,1006.7,1004.9,16,10800.0,4.3,15.1,hanoi,2026-06-01T05:20:36.163290
2026-06-01T00:00,25.6,92,24.2,31.2,37,0.0,0.0,0.0,0.0,0.0,3,1010.3,1009.6,91,17900.0,4.7,12.6,ho_chi_minh,2026-06-01T05:21:13.883966
2026-06-01T01:00,27.0,83,23.9,32.2,39,0.0,0.0,0.0,0.0,0.0,3,1010.5,1009.8,100,24260.0,5.3,14.8,ho_chi_minh,2026-06-01T05:21:13.883966
2026-06-01T02:00,27.5,75,22.8,32.0,40,0.0,0.0,0.0,0.0,0.0,3,1010.4,1009.7,100,27540.0,6.6,17.6,ho_chi_minh,2026-06-01T05:21:13.883966
2026-06-01T03:00,27.6,74,22.6,32.3,39,0.0,0.0,0.0,0.0,0.0,3,1010.5,1009.8,100,27540.0,4.0,17.6,ho_chi_minh,2026-06-01T05:21:13.883966
2026-06-01T04:00,28.9,70,23.0,34.0,34,0.0,0.0,0.0,0.0,0.0,3,1010.1,1009.4,100,30540.0,2.4,12.6,ho_chi_minh,2026-06-01T05:21:13.883966
2026-06-01T05:00,29.4,69,23.2,34.6,26,0.0,0.0,0.0,0.0,0.0,3,1009.9,1009.2,99,30540.0,2.6,11.2,ho_chi_minh,2026-06-01T05:21:13.883966
2026-06-01T06:00,30.3,67,23.5,35.5,22,0.0,0.0,0.0,0.0,0.0,3,1008.6,1007.9,99,30540.0,4.5,14.8,ho_chi_minh,2026-06-01T05:21:13.883966
2026-06-01T07:00,31.0,64,23.5,36.9,25,0.1,0.0,0.1,0.0,0.0,51,1007.7,1007.0,100,14320.0,4.7,16.6,ho_chi_minh,2026-06-01T05:21:13.883966
2026-06-01T08:00,31.0,65,23.7,36.6,31,0.0,0.0,0.0,0.0,0.0,3,1007.2,1006.5,97,30540.0,1.5,15.8,ho_chi_minh,2026-06-01T05:21:13.883966
2026-06-01T09:00,28.0,81,24.5,32.7,37,1.6,0.0,1.6,0.0,0.0,80,1007.4,1006.7,100,2520.0,11.5,25.2,ho_chi_minh,2026-06-01T05:21:13.883966
2026-06-01T10:00,26.4,91,24.9,32.0,43,1.2,1.2,0.0,0.0,0.0,55,1007.6,1006.9,88,4360.0,7.5,28.1,ho_chi_minh,2026-06-01T05:21:13.883966
2026-06-01T11:00,26.4,93,25.2,32.1,50,0.3,0.3,0.0,0.0,0.0,51,1007.8,1007.1,97,7560.0,7.8,18.0,ho_chi_minh,2026-06-01T05:21:13.883966
2026-06-01T12:00,26.1,94,25.0,32.0,51,0.1,0.1,0.0,0.0,0.0,51,1008.3,1007.6,98,12180.0,5.7,16.6,ho_chi_minh,2026-06-01T05:21:13.883966
2026-06-01T13:00,26.0,95,25.1,32.0,43,0.0,0.0,0.0,0.0,0.0,3,1009.0,1008.3,98,17220.0,4.8,11.2,ho_chi_minh,2026-06-01T05:21:13.883966
2026-06-01T14:00,25.9,95,25.0,31.7,29,0.0,0.0,0.0,0.0,0.0,3,1009.4,1008.7,99,18480.0,6.0,11.5,ho_chi_minh,2026-06-01T05:21:13.883966
2026-06-01T15:00,25.8,95,24.9,31.8,18,0.0,0.0,0.0,0.0,0.0,3,1010.2,1009.5,80,17580.0,4.8,11.9,ho_chi_minh,2026-06-01T05:21:13.883966
2026-06-01T16:00,25.6,96,24.9,31.6,12,0.0,0.0,0.0,0.0,0.0,3,1010.5,1009.8,92,13180.0,5.0,9.0,ho_chi_minh,2026-06-01T05:21:13.883966
2026-06-01T17:00,25.5,96,24.9,31.5,10,0.0,0.0,0.0,0.0,0.0,2,1009.8,1009.1,69,10120.0,4.8,10.8,ho_chi_minh,2026-06-01T05:21:13.883966
2026-06-01T18:00,25.3,97,24.9,31.4,10,0.0,0.0,0.0,0.0,0.0,2,1008.9,1008.2,77,10720.0,3.5,8.6,ho_chi_minh,2026-06-01T05:21:13.883966
2026-06-01T19:00,25.2,98,24.8,31.4,16,0.0,0.0,0.0,0.0,0.0,3,1008.2,1007.5,98,10560.0,3.0,7.2,ho_chi_minh,2026-06-01T05:21:13.883966
2026-06-01T20:00,25.1,94,24.2,30.6,25,0.1,0.0,0.1,0.0,0.0,51,1007.9,1007.2,88,5620.0,5.4,9.7,ho_chi_minh,2026-06-01T05:21:13.883966
2026-06-01T21:00,25.0,96,24.3,30.3,31,0.9,0.4,0.5,0.0,0.0,53,1007.7,1007.0,74,5000.0,6.8,14.4,ho_chi_minh,2026-06-01T05:21:13.883966
2026-06-01T22:00,24.9,96,24.2,30.1,29,0.3,0.2,0.1,0.0,0.0,51,1008.0,1007.3,98,4440.0,7.0,13.0,ho_chi_minh,2026-06-01T05:21:13.883966
2026-06-01T23:00,24.9,97,24.4,30.0,23,0.5,0.4,0.1,0.0,0.0,53,1008.7,1008.0,100,6500.0,8.3,14.8,ho_chi_minh,2026-06-01T05:21:13.883966
