time,temperature_2m,relative_humidity_2m,dew_point_2m,apparent_temperature,precipitation_probability,precipitation,rain,showers,snowfall,snow_depth,weather_code,pressure_msl,surface_pressure,cloud_cover,visibility,wind_speed_10m,wind_gusts_10m,city,retrieved_at
2026-07-01T00:00,23.6,73,18.5,26.5,0,0.0,0.0,0.0,0.0,0.0,3,1013.3,1000.6,100,37460.0,1.5,5.4,tirana,2026-07-01T03:31:54.246708
2026-07-01T01:00,22.7,73,17.7,24.8,0,0.0,0.0,0.0,0.0,0.0,3,1012.9,1000.1,100,36500.0,4.7,8.3,tirana,2026-07-01T03:31:54.246708
2026-07-01T02:00,21.7,74,16.9,23.3,0,0.0,0.0,0.0,0.0,0.0,2,1012.0,999.2,80,36020.0,5.4,11.2,tirana,2026-07-01T03:31:54.246708
2026-07-01T03:00,20.8,75,16.2,22.3,0,0.0,0.0,0.0,0.0,0.0,0,1012.0,999.2,7,35200.0,4.3,9.7,tirana,2026-07-01T03:31:54.246708
2026-07-01T04:00,20.9,75,16.3,22.4,0,0.0,0.0,0.0,0.0,0.0,1,1012.0,999.2,35,34940.0,4.8,9.4,tirana,2026-07-01T03:31:54.246708
2026-07-01T05:00,23.0,73,17.9,25.5,0,0.0,0.0,0.0,0.0,0.0,2,1012.0,999.3,56,36360.0,3.3,9.4,tirana,2026-07-01T03:31:54.246708
2026-07-01T06:00,26.6,56,17.1,28.7,0,0.0,0.0,0.0,0.0,0.0,2,1012.0,999.4,51,40780.0,2.5,6.5,tirana,2026-07-01T03:31:54.246708
2026-07-01T07:00,28.2,54,18.1,30.8,0,0.0,0.0,0.0,0.0,0.0,2,1011.7,999.2,49,40800.0,2.3,6.5,tirana,2026-07-01T03:31:54.246708
2026-07-01T08:00,30.6,44,17.0,32.7,0,0.0,0.0,0.0,0.0,0.0,1,1011.7,999.3,35,41900.0,5.3,11.5,tirana,2026-07-01T03:31:54.246708
2026-07-01T09:00,32.9,36,15.9,35.2,0,0.0,0.0,0.0,0.0,0.0,1,1011.3,999.0,27,43700.0,7.7,16.6,tirana,2026-07-01T03:31:54.246708
2026-07-01T10:00,34.3,33,15.7,37.1,0,0.0,0.0,0.0,0.0,0.0,3,1010.9,998.6,100,44700.0,6.8,18.0,tirana,2026-07-01T03:31:54.246708
2026-07-01T11:00,34.9,31,15.3,36.7,5,0.0,0.0,0.0,0.0,0.0,3,1010.2,998.0,100,46000.0,9.0,17.6,tirana,2026-07-01T03:31:54.246708
2026-07-01T12:00,33.1,35,15.6,33.0,13,0.3,0.0,0.3,0.0,0.0,80,1010.3,998.0,100,44640.0,15.6,31.7,tirana,2026-07-01T03:31:54.246708
2026-07-01T13:00,33.4,36,16.3,34.6,3,0.0,0.0,0.0,0.0,0.0,3,1009.8,997.5,100,44120.0,6.6,27.4,tirana,2026-07-01T03:31:54.246708
2026-07-01T14:00,33.6,35,16.0,34.9,10,0.0,0.0,0.0,0.0,0.0,3,1009.2,996.9,100,44400.0,5.2,13.0,tirana,2026-07-01T03:31:54.246708
2026-07-01T15:00,32.5,36,15.5,33.3,13,0.1,0.0,0.1,0.0,0.0,3,1009.1,996.8,100,44320.0,7.6,15.1,tirana,2026-07-01T03:31:54.246708
2026-07-01T16:00,32.2,35,14.9,33.0,8,0.0,0.0,0.0,0.0,0.0,3,1008.8,996.5,100,44640.0,6.1,14.4,tirana,2026-07-01T03:31:54.246708
2026-07-01T17:00,31.1,45,17.8,32.9,3,0.0,0.0,0.0,0.0,0.0,3,1009.0,996.6,100,42240.0,7.3,14.0,tirana,2026-07-01T03:31:54.246708
2026-07-01T18:00,29.0,55,19.1,31.8,0,0.0,0.0,0.0,0.0,0.0,3,1009.4,996.9,95,40960.0,4.2,13.3,tirana,2026-07-01T03:31:54.246708
2026-07-01T19:00,27.2,64,19.8,30.8,0,0.0,0.0,0.0,0.0,0.0,3,1009.7,997.2,89,40260.0,1.3,7.9,tirana,2026-07-01T03:31:54.246708
2026-07-01T20:00,25.3,68,19.0,28.1,0,0.0,0.0,0.0,0.0,0.0,2,1009.9,997.3,63,38340.0,4.1,7.2,tirana,2026-07-01T03:31:54.246708
2026-07-01T21:00,23.9,70,18.1,26.3,0,0.0,0.0,0.0,0.0,0.0,1,1009.7,997.0,23,38300.0,4.3,7.9,tirana,2026-07-01T03:31:54.246708
2026-07-01T22:00,23.0,74,18.1,25.3,0,0.0,0.0,0.0,0.0,0.0,2,1009.6,996.9,72,35720.0,4.3,7.9,tirana,2026-07-01T03:31:54.246708
2026-07-01T23:00,22.6,74,17.7,24.7,0,0.0,0.0,0.0,0.0,0.0,1,1009.3,996.6,45,36000.0,4.8,9.0,tirana,2026-07-01T03:31:54.246708
2026-07-01T00:00,24.0,97,23.5,29.3,0,0.0,0.0,0.0,0.0,0.0,2,1019.4,1005.9,57,6820.0,2.9,24.5,algiers,2026-07-01T03:31:56.739416
2026-07-01T01:00,23.8,97,23.3,29.4,0,0.0,0.0,0.0,0.0,0.0,2,1019.0,1005.5,58,3780.0,0.8,22.0,algiers,2026-07-01T03:31:56.739416
2026-07-01T02:00,23.5,98,23.2,28.9,0,0.0,0.0,0.0,0.0,0.0,45,1018.5,1005.0,56,1120.0,1.3,19.4,algiers,2026-07-01T03:31:56.739416
2026-07-01T03:00,23.3,98,23.0,28.7,0,0.0,0.0,0.0,0.0,0.0,45,1018.6,1005.1,62,3100.0,0.8,17.6,algiers,2026-07-01T03:31:56.739416
2026-07-01T04:00,23.2,98,22.9,28.4,0,0.0,0.0,0.0,0.0,0.0,45,1018.8,1005.3,70,3000.0,1.9,14.4,algiers,2026-07-01T03:31:56.739416
2026-07-01T05:00,23.2,98,22.8,28.3,0,0.0,0.0,0.0,0.0,0.0,45,1019.2,1005.7,65,2860.0,2.1,15.5,algiers,2026-07-01T03:31:56.739416
2026-07-01T06:00,23.5,95,22.7,28.4,0,0.0,0.0,0.0,0.0,0.0,2,1019.3,1005.8,67,2300.0,2.6,21.6,algiers,2026-07-01T03:31:56.739416
2026-07-01T07:00,24.1,91,22.5,28.9,0,0.0,0.0,0.0,0.0,0.0,2,1019.6,1006.1,60,6680.0,3.3,24.8,algiers,2026-07-01T03:31:56.739416
2026-07-01T08:00,25.0,86,22.5,29.7,0,0.0,0.0,0.0,0.0,0.0,2,1020.1,1006.6,55,18620.0,3.9,27.7,algiers,2026-07-01T03:31:56.739416
2026-07-01T09:00,25.9,81,22.3,30.4,0,0.0,0.0,0.0,0.0,0.0,2,1020.5,1007.1,50,23640.0,5.4,33.1,algiers,2026-07-01T03:31:56.739416
2026-07-01T10:00,26.6,78,22.4,31.9,0,0.0,0.0,0.0,0.0,0.0,1,1020.4,1007.0,23,27220.0,6.9,30.2,algiers,2026-07-01T03:31:56.739416
2026-07-01T11:00,27.3,72,21.8,32.9,0,0.0,0.0,0.0,0.0,0.0,0,1020.1,1006.8,11,31700.0,8.1,41.8,algiers,2026-07-01T03:31:56.739416
2026-07-01T12:00,27.6,70,21.6,32.9,0,0.0,0.0,0.0,0.0,0.0,0,1019.8,1006.5,8,32240.0,10.2,50.0,algiers,2026-07-01T03:31:56.739416
2026-07-01T13:00,27.7,72,22.2,33.3,0,0.0,0.0,0.0,0.0,0.0,3,1019.5,1006.2,62,31840.0,10.3,52.6,algiers,2026-07-01T03:31:56.739416
2026-07-01T14:00,28.0,69,21.7,33.1,0,0.0,0.0,0.0,0.0,0.0,1,1018.8,1005.5,27,34460.0,9.7,52.2,algiers,2026-07-01T03:31:56.739416
2026-07-01T15:00,27.6,70,21.6,32.0,0,0.0,0.0,0.0,0.0,0.0,1,1018.2,1004.9,42,33960.0,9.9,50.4,algiers,2026-07-01T03:31:56.739416
2026-07-01T16:00,27.1,73,21.9,30.7,0,0.0,0.0,0.0,0.0,0.0,1,1018.1,1004.8,28,32820.0,9.7,48.6,algiers,2026-07-01T03:31:56.739416
2026-07-01T17:00,26.5,79,22.5,30.3,0,0.0,0.0,0.0,0.0,0.0,2,1018.0,1004.6,57,28720.0,9.2,46.8,algiers,2026-07-01T03:31:56.739416
2026-07-01T18:00,25.8,82,22.5,29.8,0,0.0,0.0,0.0,0.0,0.0,3,1018.2,1004.8,96,27080.0,8.6,42.8,algiers,2026-07-01T03:31:56.739416
2026-07-01T19:00,25.1,86,22.6,29.2,0,0.0,0.0,0.0,0.0,0.0,1,1018.3,1004.9,16,24600.0,7.8,40.7,algiers,2026-07-01T03:31:56.739416
2026-07-01T20:00,24.5,90,22.7,28.8,0,0.0,0.0,0.0,0.0,0.0,1,1018.5,1005.0,20,19880.0,6.7,37.8,algiers,2026-07-01T03:31:56.739416
2026-07-01T21:00,24.2,91,22.6,28.6,0,0.0,0.0,0.0,0.0,0.0,1,1019.0,1005.5,22,18600.0,5.6,36.7,algiers,2026-07-01T03:31:56.739416
2026-07-01T22:00,23.9,92,22.5,28.2,0,0.0,0.0,0.0,0.0,0.0,1,1018.7,1005.2,32,5140.0,5.6,32.0,algiers,2026-07-01T03:31:56.739416
2026-07-01T23:00,23.7,93,22.5,28.1,0,0.0,0.0,0.0,0.0,0.0,2,1018.7,1005.2,43,2760.0,5.2,30.2,algiers,2026-07-01T03:31:56.739416
2026-07-01T00:00,19.9,81,16.6,21.2,0,0.0,0.0,0.0,0.0,0.0,3,1016.5,1007.7,80,13560.0,7.1,18.0,luanda,2026-07-01T03:31:59.295152
2026-07-01T01:00,19.9,81,16.6,21.3,0,0.0,0.0,0.0,0.0,0.0,3,1016.1,1007.3,100,13680.0,6.3,15.1,luanda,2026-07-01T03:31:59.295152
2026-07-01T02:00,20.0,81,16.7,21.5,0,0.0,0.0,0.0,0.0,0.0,3,1015.6,1006.8,100,13680.0,5.5,13.0,luanda,2026-07-01T03:31:59.295152
2026-07-01T03:00,20.2,81,16.7,21.8,0,0.0,0.0,0.0,0.0,0.0,3,1015.2,1006.4,100,13660.0,4.9,11.2,luanda,2026-07-01T03:31:59.295152
2026-07-01T04:00,20.3,80,16.7,22.0,0,0.0,0.0,0.0,0.0,0.0,3,1015.4,1006.6,100,15280.0,4.5,10.1,luanda,2026-07-01T03:31:59.295152
2026-07-01T05:00,20.2,80,16.7,22.1,0,0.0,0.0,0.0,0.0,0.0,3,1015.5,1006.7,98,15280.0,3.5,8.6,luanda,2026-07-01T03:31:59.295152
2026-07-01T06:00,20.4,80,16.7,22.4,0,0.0,0.0,0.0,0.0,0.0,3,1015.8,1007.0,100,15220.0,2.3,6.5,luanda,2026-07-01T03:31:59.295152
2026-07-01T07:00,20.9,77,16.7,23.1,0,0.0,0.0,0.0,0.0,0.0,3,1016.4,1007.6,100,15260.0,1.3,6.8,luanda,2026-07-01T03:31:59.295152
2026-07-01T08:00,21.5,74,16.7,23.6,0,0.0,0.0,0.0,0.0,0.0,3,1017.1,1008.3,100,15160.0,1.6,9.0,luanda,2026-07-01T03:31:59.295152
2026-07-01T09:00,22.2,71,16.8,24.1,0,0.0,0.0,0.0,0.0,0.0,3,1017.1,1008.3,100,15140.0,3.7,14.0,luanda,2026-07-01T03:31:59.295152
2026-07-01T10:00,22.7,70,17.0,24.2,0,0.0,0.0,0.0,0.0,0.0,3,1016.7,1007.9,100,16740.0,6.7,20.5,luanda,2026-07-01T03:31:59.295152
2026-07-01T11:00,23.3,68,17.1,24.3,0,0.0,0.0,0.0,0.0,0.0,3,1015.6,1006.9,100,16740.0,10.2,28.4,luanda,2026-07-01T03:31:59.295152
2026-07-01T12:00,23.6,66,16.9,24.1,0,0.0,0.0,0.0,0.0,0.0,1,1014.5,1005.8,46,16740.0,14.4,37.4,luanda,2026-07-01T03:31:59.295152
2026-07-01T13:00,23.3,66,16.7,23.1,0,0.0,0.0,0.0,0.0,0.0,0,1013.5,1004.8,6,16740.0,18.2,46.1,luanda,2026-07-01T03:31:59.295152
2026-07-01T14:00,22.7,68,16.5,22.1,0,0.0,0.0,0.0,0.0,0.0,0,1013.1,1004.4,1,16740.0,19.1,48.6,luanda,2026-07-01T03:31:59.295152
2026-07-01T15:00,22.0,70,16.3,21.6,0,0.0,0.0,0.0,0.0,0.0,0,1013.1,1004.4,3,16480.0,17.9,48.2,luanda,2026-07-01T03:31:59.295152
2026-07-01T16:00,21.5,73,16.5,21.2,0,0.0,0.0,0.0,0.0,0.0,0,1013.4,1004.6,9,14960.0,17.1,45.4,luanda,2026-07-01T03:31:59.295152
2026-07-01T17:00,20.9,76,16.5,21.0,0,0.0,0.0,0.0,0.0,0.0,0,1013.8,1005.0,7,15240.0,14.9,42.5,luanda,2026-07-01T03:31:59.295152
2026-07-01T18:00,20.7,77,16.5,20.8,0,0.0,0.0,0.0,0.0,0.0,0,1014.6,1005.8,18,15240.0,14.4,36.4,luanda,2026-07-01T03:31:59.295152
2026-07-01T19:00,20.3,79,16.6,20.8,0,0.0,0.0,0.0,0.0,0.0,1,1015.3,1006.5,23,15060.0,12.4,36.4,luanda,2026-07-01T03:31:59.295152
2026-07-01T20:00,20.4,78,16.5,20.8,0,0.0,0.0,0.0,0.0,0.0,3,1015.9,1007.1,100,15220.0,12.1,30.2,luanda,2026-07-01T03:31:59.295152
2026-07-01T21:00,20.3,79,16.5,20.9,0,0.0,0.0,0.0,0.0,0.0,3,1016.2,1007.4,100,15220.0,11.1,30.2,luanda,2026-07-01T03:31:59.295152
2026-07-01T22:00,20.2,79,16.4,21.0,0,0.0,0.0,0.0,0.0,0.0,3,1016.1,1007.3,100,15220.0,9.9,27.4,luanda,2026-07-01T03:31:59.295152
2026-07-01T23:00,20.0,79,16.3,21.1,0,0.0,0.0,0.0,0.0,0.0,3,1016.2,1007.4,100,15220.0,7.5,24.5,luanda,2026-07-01T03:31:59.295152
2026-07-01T00:00,10.1,81,7.0,8.3,0,0.0,0.0,0.0,0.0,0.0,0,1017.4,1015.2,0,48440.0,7.2,13.7,buenos_aires,2026-07-01T03:34:02.406252
2026-07-01T01:00,10.0,80,6.8,8.0,0,0.0,0.0,0.0,0.0,0.0,0,1017.8,1015.6,0,48440.0,7.8,14.0,buenos_aires,2026-07-01T03:34:02.406252
2026-07-01T02:00,9.9,84,7.3,8.0,0,0.0,0.0,0.0,0.0,0.0,0,1018.1,1015.9,0,44500.0,7.9,14.8,buenos_aires,2026-07-01T03:34:02.406252
2026-07-01T03:00,9.5,89,7.7,7.6,0,0.0,0.0,0.0,0.0,0.0,0,1018.5,1016.3,0,40300.0,8.9,16.6,buenos_aires,2026-07-01T03:34:02.406252
2026-07-01T04:00,9.1,89,7.4,7.3,0,0.0,0.0,0.0,0.0,0.0,1,1018.7,1016.5,49,40300.0,7.9,17.3,buenos_aires,2026-07-01T03:34:02.406252
2026-07-01T05:00,8.4,90,6.9,6.9,0,0.0,0.0,0.0,0.0,0.0,2,1019.0,1016.8,52,40300.0,5.1,15.1,buenos_aires,2026-07-01T03:34:02.406252
2026-07-01T06:00,7.7,91,6.3,6.2,0,0.0,0.0,0.0,0.0,0.0,0,1019.3,1017.1,14,40300.0,3.6,9.4,buenos_aires,2026-07-01T03:34:02.406252
2026-07-01T07:00,6.9,92,5.7,5.5,0,0.0,0.0,0.0,0.0,0.0,0,1019.2,1017.0,2,40300.0,2.2,6.5,buenos_aires,2026-07-01T03:34:02.406252
2026-07-01T08:00,6.4,93,5.3,5.0,0,0.0,0.0,0.0,0.0,0.0,1,1019.1,1016.9,22,1880.0,1.3,3.6,buenos_aires,2026-07-01T03:34:02.406252
2026-07-01T09:00,5.9,93,4.9,4.6,0,0.0,0.0,0.0,0.0,0.0,2,1019.5,1017.3,66,660.0,0.6,2.2,buenos_aires,2026-07-01T03:34:02.406252
2026-07-01T10:00,4.8,97,4.3,3.1,0,0.0,0.0,0.0,0.0,0.0,3,1020.4,1018.1,83,240.0,2.3,5.8,buenos_aires,2026-07-01T03:34:02.406252
2026-07-01T11:00,4.5,96,3.8,2.2,0,0.0,0.0,0.0,0.0,0.0,3,1021.2,1018.9,98,140.0,5.3,10.1,buenos_aires,2026-07-01T03:34:02.406252
2026-07-01T12:00,4.7,99,4.5,2.3,0,0.0,0.0,0.0,0.0,0.0,3,1022.1,1019.8,100,160.0,7.2,14.8,buenos_aires,2026-07-01T03:34:02.406252
2026-07-01T13:00,6.1,98,5.9,3.8,0,0.0,0.0,0.0,0.0,0.0,3,1023.2,1020.9,100,200.0,8.8,18.0,buenos_aires,2026-07-01T03:34:02.406252
2026-07-01T14:00,7.7,92,6.5,5.5,0,0.0,0.0,0.0,0.0,0.0,3,1024.1,1021.9,96,160.0,9.3,20.2,buenos_aires,2026-07-01T03:34:02.406252
2026-07-01T15:00,9.2,85,6.9,7.5,0,0.0,0.0,0.0,0.0,0.0,1,1024.4,1022.2,30,400.0,6.4,19.8,buenos_aires,2026-07-01T03:34:02.406252
2026-07-01T16:00,11.5,71,6.4,9.6,0,0.0,0.0,0.0,0.0,0.0,0,1024.2,1022.0,13,940.0,6.5,19.1,buenos_aires,2026-07-01T03:34:02.406252
2026-07-01T17:00,13.0,62,5.8,10.4,0,0.0,0.0,0.0,0.0,0.0,1,1023.6,1021.4,20,1840.0,10.6,27.0,buenos_aires,2026-07-01T03:34:02.406252
2026-07-01T18:00,13.4,56,4.7,9.9,0,0.0,0.0,0.0,0.0,0.0,0,1023.6,1021.4,10,54720.0,14.6,35.3,buenos_aires,2026-07-01T03:34:02.406252
2026-07-01T19:00,12.6,61,5.2,9.0,0,0.0,0.0,0.0,0.0,0.0,1,1024.4,1022.2,38,3960.0,16.3,40.0,buenos_aires,2026-07-01T03:34:02.406252
2026-07-01T20:00,12.2,62,5.1,8.6,0,0.0,0.0,0.0,0.0,0.0,3,1025.3,1023.1,100,6020.0,15.9,42.1,buenos_aires,2026-07-01T03:34:02.406252
2026-07-01T21:00,11.1,67,5.3,7.6,0,0.0,0.0,0.0,0.0,0.0,3,1026.4,1024.2,100,23340.0,16.2,38.5,buenos_aires,2026-07-01T03:34:02.406252
2026-07-01T22:00,10.7,67,4.8,7.0,0,0.0,0.0,0.0,0.0,0.0,3,1027.5,1025.3,100,51740.0,16.9,37.8,buenos_aires,2026-07-01T03:34:02.406252
2026-07-01T23:00,10.2,66,4.2,6.3,0,0.0,0.0,0.0,0.0,0.0,3,1028.6,1026.4,100,51740.0,17.5,38.9,buenos_aires,2026-07-01T03:34:02.406252
2026-07-01T00:00,28.1,82,24.8,29.5,0,0.0,0.0,0.0,0.0,0.0,2,1010.0,1009.4,77,28820.0,36.4,64.8,oranjestad,2026-07-01T03:34:04.873612
2026-07-01T01:00,28.0,84,24.9,29.7,0,0.0,0.0,0.0,0.0,0.0,2,1010.7,1010.1,74,28820.0,34.4,64.8,oranjestad,2026-07-01T03:34:04.873612
2026-07-01T02:00,28.0,84,25.0,30.0,0,0.0,0.0,0.0,0.0,0.0,95,1011.3,1010.7,93,28820.0,33.3,61.2,oranjestad,2026-07-01T03:34:04.873612
2026-07-01T03:00,27.9,85,25.1,29.9,0,0.0,0.0,0.0,0.0,0.0,95,1011.5,1010.9,100,28840.0,32.9,56.5,oranjestad,2026-07-01T03:34:04.873612
2026-07-01T04:00,27.9,85,25.1,30.0,0,0.0,0.0,0.0,0.0,0.0,95,1011.5,1010.9,99,28640.0,32.6,55.8,oranjestad,2026-07-01T03:34:04.873612
2026-07-01T05:00,27.8,85,25.0,29.7,0,0.0,0.0,0.0,0.0,0.0,95,1011.0,1010.4,98,28840.0,33.6,56.9,oranjestad,2026-07-01T03:34:04.873612
2026-07-01T06:00,27.7,86,25.1,29.7,0,0.0,0.0,0.0,0.0,0.0,95,1010.5,1009.9,85,14080.0,32.7,57.2,oranjestad,2026-07-01T03:34:04.873612
2026-07-01T07:00,27.4,87,25.1,29.7,1,0.0,0.0,0.0,0.0,0.0,95,1010.1,1009.5,73,14940.0,31.1,55.1,oranjestad,2026-07-01T03:34:04.873612
2026-07-01T08:00,27.4,86,24.8,29.4,3,0.0,0.0,0.0,0.0,0.0,3,1009.9,1009.3,80,13500.0,32.1,54.7,oranjestad,2026-07-01T03:34:04.873612
2026-07-01T09:00,27.4,85,24.6,29.1,4,0.0,0.0,0.0,0.0,0.0,3,1010.1,1009.5,95,19160.0,32.5,55.4,oranjestad,2026-07-01T03:34:04.873612
2026-07-01T10:00,27.4,84,24.4,29.0,4,0.0,0.0,0.0,0.0,0.0,2,1010.1,1009.5,59,22280.0,32.9,55.8,oranjestad,2026-07-01T03:34:04.873612
2026-07-01T11:00,27.7,81,24.2,28.9,2,0.0,0.0,0.0,0.0,0.0,2,1010.4,1009.8,76,23700.0,34.1,60.1,oranjestad,2026-07-01T03:34:04.873612
2026-07-01T12:00,28.4,78,24.2,29.6,2,0.0,0.0,0.0,0.0,0.0,3,1011.0,1010.4,92,27560.0,34.1,61.6,oranjestad,2026-07-01T03:34:04.873612
2026-07-01T13:00,29.2,74,24.1,30.5,2,0.0,0.0,0.0,0.0,0.0,3,1011.1,1010.5,88,30100.0,33.5,63.0,oranjestad,2026-07-01T03:34:04.873612
2026-07-01T14:00,30.1,69,23.7,31.1,3,0.0,0.0,0.0,0.0,0.0,3,1011.5,1010.9,99,36720.0,35.2,65.9,oranjestad,2026-07-01T03:34:04.873612
2026-07-01T15:00,30.6,66,23.5,31.8,6,0.0,0.0,0.0,0.0,0.0,3,1011.7,1011.1,97,27140.0,36.5,69.1,oranjestad,2026-07-01T03:34:04.873612
2026-07-01T16:00,30.5,67,23.6,31.8,12,0.0,0.0,0.0,0.0,0.0,3,1011.4,1010.8,95,34800.0,35.4,69.1,oranjestad,2026-07-01T03:34:04.873612
2026-07-01T17:00,30.7,67,23.7,32.3,20,0.0,0.0,0.0,0.0,0.0,3,1011.1,1010.5,96,35820.0,35.3,67.3,oranjestad,2026-07-01T03:34:04.873612
2026-07-01T18:00,30.4,70,24.2,32.3,24,0.0,0.0,0.0,0.0,0.0,3,1010.4,1009.8,98,32200.0,36.0,68.4,oranjestad,2026-07-01T03:34:04.873612
2026-07-01T19:00,30.1,71,24.3,31.6,19,0.0,0.0,0.0,0.0,0.0,3,1009.4,1008.8,98,36020.0,36.0,68.4,oranjestad,2026-07-01T03:34:04.873612
2026-07-01T20:00,29.7,73,24.4,31.0,9,0.0,0.0,0.0,0.0,0.0,3,1008.7,1008.1,87,33120.0,36.4,68.0,oranjestad,2026-07-01T03:34:04.873612
2026-07-01T21:00,29.2,73,23.8,29.7,2,0.0,0.0,0.0,0.0,0.0,2,1008.6,1008.0,56,36720.0,37.1,68.0,oranjestad,2026-07-01T03:34:04.873612
2026-07-01T22:00,28.4,77,23.9,29.0,0,0.0,0.0,0.0,0.0,0.0,1,1008.8,1008.2,34,33120.0,37.5,68.8,oranjestad,2026-07-01T03:34:04.873612
2026-07-01T23:00,27.9,79,24.0,28.4,0,0.0,0.0,0.0,0.0,0.0,1,1009.6,1009.0,33,32840.0,38.3,68.4,oranjestad,2026-07-01T03:34:04.873612
2026-07-01T00:00,18.6,82,15.5,19.8,0,0.0,0.0,0.0,0.0,0.0,0,1023.0,1019.8,5,44540.0,3.9,15.1,brisbane,2026-07-01T03:34:07.365388
2026-07-01T01:00,20.1,74,15.4,21.8,4,0.0,0.0,0.0,0.0,0.0,0,1022.3,1019.1,1,49680.0,0.7,14.8,brisbane,2026-07-01T03:34:07.365388
2026-07-01T02:00,21.5,65,14.7,22.3,9,0.1,0.0,0.1,0.0,0.0,51,1021.5,1018.3,23,11280.0,7.1,19.8,brisbane,2026-07-01T03:34:07.365388
2026-07-01T03:00,21.9,63,14.5,21.9,12,0.1,0.1,0.0,0.0,0.0,51,1020.6,1017.4,16,18260.0,9.4,24.1,brisbane,2026-07-01T03:34:07.365388
2026-07-01T04:00,21.8,62,14.1,21.6,12,0.0,0.0,0.0,0.0,0.0,1,1020.1,1016.9,23,54500.0,10.1,25.2,brisbane,2026-07-01T03:34:07.365388
2026-07-01T05:00,21.6,61,13.8,21.5,10,0.0,0.0,0.0,0.0,0.0,0,1019.9,1016.7,16,46640.0,8.7,24.8,brisbane,2026-07-01T03:34:07.365388
2026-07-01T06:00,20.8,66,14.2,21.1,8,0.0,0.0,0.0,0.0,0.0,0,1019.8,1016.6,16,22440.0,7.5,20.5,brisbane,2026-07-01T03:34:07.365388
2026-07-01T07:00,18.8,78,14.9,19.5,5,0.0,0.0,0.0,0.0,0.0,1,1020.1,1016.9,29,34360.0,6.2,16.9,brisbane,2026-07-01T03:34:07.365388
2026-07-01T08:00,17.5,87,15.4,18.4,2,0.0,0.0,0.0,0.0,0.0,0,1020.4,1017.2,6,39440.0,6.5,14.0,brisbane,2026-07-01T03:34:07.365388
2026-07-01T09:00,17.1,91,15.6,18.1,0,0.0,0.0,0.0,0.0,0.0,0,1021.0,1017.8,5,41340.0,5.6,12.6,brisbane,2026-07-01T03:34:07.365388
2026-07-01T10:00,16.5,94,15.5,17.6,0,0.0,0.0,0.0,0.0,0.0,0,1021.4,1018.2,2,35540.0,5.4,11.2,brisbane,2026-07-01T03:34:07.365388
2026-07-01T11:00,15.8,97,15.3,16.9,0,0.0,0.0,0.0,0.0,0.0,0,1021.9,1018.6,5,37020.0,4.7,10.4,brisbane,2026-07-01T03:34:07.365388
2026-07-01T12:00,15.6,97,15.2,16.4,0,0.0,0.0,0.0,0.0,0.0,0,1021.8,1018.5,16,28660.0,5.9,11.5,brisbane,2026-07-01T03:34:07.365388
2026-07-01T13:00,15.4,96,14.8,16.1,0,0.0,0.0,0.0,0.0,0.0,1,1021.6,1018.3,22,33400.0,5.9,12.6,brisbane,2026-07-01T03:34:07.365388
2026-07-01T14:00,14.9,97,14.4,15.6,0,0.0,0.0,0.0,0.0,0.0,0,1021.6,1018.3,9,35140.0,5.0,11.2,brisbane,2026-07-01T03:34:07.365388
2026-07-01T15:00,14.8,98,14.4,15.4,0,0.0,0.0,0.0,0.0,0.0,0,1021.4,1018.1,12,28440.0,5.6,10.4,brisbane,2026-07-01T03:34:07.365388
2026-07-01T16:00,14.7,97,14.2,15.3,0,0.0,0.0,0.0,0.0,0.0,0,1020.9,1017.6,13,37000.0,5.4,11.2,brisbane,2026-07-01T03:34:07.365388
2026-07-01T17:00,14.5,97,13.9,15.0,0,0.0,0.0,0.0,0.0,0.0,0,1020.4,1017.1,14,37000.0,4.9,9.7,brisbane,2026-07-01T03:34:07.365388
2026-07-01T18:00,14.0,97,13.6,14.6,0,0.0,0.0,0.0,0.0,0.0,1,1020.4,1017.1,40,28660.0,3.7,8.6,brisbane,2026-07-01T03:34:07.365388
2026-07-01T19:00,13.8,98,13.6,14.6,0,0.0,0.0,0.0,0.0,0.0,2,1020.6,1017.3,70,28660.0,2.1,6.8,brisbane,2026-07-01T03:34:07.365388
2026-07-01T20:00,13.7,98,13.4,14.4,0,0.0,0.0,0.0,0.0,0.0,0,1021.5,1018.2,14,2400.0,2.1,4.7,brisbane,2026-07-01T03:34:07.365388
2026-07-01T21:00,13.5,98,13.3,14.2,0,0.0,0.0,0.0,0.0,0.0,1,1022.3,1019.0,38,600.0,2.0,5.8,brisbane,2026-07-01T03:34:07.365388
2026-07-01T22:00,15.1,96,14.5,16.2,0,0.0,0.0,0.0,0.0,0.0,1,1022.8,1019.5,25,840.0,1.9,7.9,brisbane,2026-07-01T03:34:07.365388
2026-07-01T23:00,17.4,89,15.7,18.9,0,0.0,0.0,0.0,0.0,0.0,0,1023.1,1019.9,13,2600.0,3.1,11.5,brisbane,2026-07-01T03:34:07.365388
2026-07-01T00:00,10.8,94,9.9,8.6,33,0.1,0.0,0.1,0.0,0.0,51,1018.1,952.6,100,11540.0,14.5,34.2,canberra,2026-07-01T03:36:10.382687
2026-07-01T01:00,12.0,85,9.5,9.8,36,0.2,0.0,0.2,0.0,0.0,51,1017.3,952.1,100,24040.0,13.7,32.0,canberra,2026-07-01T03:36:10.382687
2026-07-01T02:00,12.2,82,9.3,9.9,43,0.0,0.0,0.0,0.0,0.0,3,1015.9,950.9,100,58740.0,14.6,32.4,canberra,2026-07-01T03:36:10.382687
2026-07-01T03:00,12.6,78,8.9,10.1,49,0.0,0.0,0.0,0.0,0.0,3,1014.9,950.0,100,12020.0,15.2,35.3,canberra,2026-07-01T03:36:10.382687
2026-07-01T04:00,12.8,76,8.6,10.1,50,0.1,0.1,0.0,0.0,0.0,51,1014.1,949.3,100,12240.0,15.7,35.6,canberra,2026-07-01T03:36:10.382687
2026-07-01T05:00,12.7,77,8.8,10.1,51,0.1,0.1,0.0,0.0,0.0,51,1013.7,948.9,100,23980.0,14.9,35.6,canberra,2026-07-01T03:36:10.382687
2026-07-01T06:00,12.4,81,9.2,10.4,55,0.0,0.0,0.0,0.0,0.0,3,1013.3,948.5,100,44180.0,11.5,32.8,canberra,2026-07-01T03:36:10.382687
2026-07-01T07:00,11.8,84,9.2,10.2,67,0.0,0.0,0.0,0.0,0.0,3,1013.0,948.1,99,33200.0,8.9,24.5,canberra,2026-07-01T03:36:10.382687
2026-07-01T08:00,11.0,89,9.2,9.6,84,0.1,0.1,0.0,0.0,0.0,51,1012.8,947.7,100,4680.0,8.1,18.4,canberra,2026-07-01T03:36:10.382687
2026-07-01T09:00,10.9,91,9.6,9.7,96,2.0,2.0,0.0,0.0,0.0,61,1012.7,947.6,100,2020.0,7.8,17.3,canberra,2026-07-01T03:36:10.382687
2026-07-01T10:00,11.1,91,9.7,9.8,100,3.4,3.4,0.0,0.0,0.0,63,1011.9,946.9,100,1860.0,8.0,15.8,canberra,2026-07-01T03:36:10.382687
2026-07-01T11:00,11.6,89,9.8,8.7,100,3.6,1.9,1.7,0.0,0.0,95,1010.6,945.8,100,1920.0,19.3,45.0,canberra,2026-07-01T03:36:10.382687
2026-07-01T12:00,12.2,90,10.5,9.0,100,5.1,2.2,2.9,0.0,0.0,95,1009.9,945.2,100,1440.0,22.7,59.4,canberra,2026-07-01T03:36:10.382687
2026-07-01T13:00,12.4,89,10.7,9.1,100,5.0,3.4,1.6,0.0,0.0,81,1007.2,942.8,100,2000.0,23.7,56.2,canberra,2026-07-01T03:36:10.382687
2026-07-01T14:00,12.3,91,10.9,7.0,100,2.7,2.2,0.5,0.0,0.0,81,1008.1,943.6,100,2500.0,38.5,92.9,canberra,2026-07-01T03:36:10.382687
2026-07-01T15:00,11.6,94,10.6,8.4,100,1.6,0.8,0.8,0.0,0.0,80,1008.9,944.2,100,6820.0,23.3,77.8,canberra,2026-07-01T03:36:10.382687
2026-07-01T16:00,10.9,94,10.0,7.8,100,0.8,0.2,0.6,0.0,0.0,53,1009.6,944.7,77,5080.0,20.6,54.4,canberra,2026-07-01T03:36:10.382687
2026-07-01T17:00,10.3,92,9.1,7.6,100,0.7,0.1,0.6,0.0,0.0,53,1009.6,944.6,48,42160.0,17.0,51.8,canberra,2026-07-01T03:36:10.382687
2026-07-01T18:00,9.7,89,8.1,6.3,98,0.0,0.0,0.0,0.0,0.0,2,1010.4,945.2,51,50480.0,19.5,39.6,canberra,2026-07-01T03:36:10.382687
2026-07-01T19:00,9.1,90,7.5,5.7,70,0.0,0.0,0.0,0.0,0.0,1,1011.3,945.9,30,54420.0,18.7,41.0,canberra,2026-07-01T03:36:10.382687
2026-07-01T20:00,8.7,90,7.2,5.3,32,0.0,0.0,0.0,0.0,0.0,1,1012.2,946.6,38,53200.0,18.3,39.6,canberra,2026-07-01T03:36:10.382687
2026-07-01T21:00,8.3,92,7.2,4.9,4,0.0,0.0,0.0,0.0,0.0,2,1013.2,947.5,53,42880.0,18.2,38.5,canberra,2026-07-01T03:36:10.382687
2026-07-01T22:00,8.4,91,7.0,4.8,0,0.0,0.0,0.0,0.0,0.0,1,1014.0,948.2,45,46940.0,19.1,40.7,canberra,2026-07-01T03:36:10.382687
2026-07-01T23:00,8.9,87,6.9,5.0,0,0.0,0.0,0.0,0.0,0.0,2,1014.6,948.9,59,34380.0,21.5,47.5,canberra,2026-07-01T03:36:10.382687
2026-07-01T00:00,13.2,82,10.2,11.1,2,0.0,0.0,0.0,0.0,0.0,1,1010.8,1008.6,34,20020.0,14.9,41.0,melbourne,2026-07-01T03:36:12.885757
2026-07-01T01:00,14.4,77,10.4,11.6,1,0.0,0.0,0.0,0.0,0.0,1,1010.1,1007.9,35,52000.0,20.1,45.4,melbourne,2026-07-01T03:36:12.885757
2026-07-01T02:00,15.3,71,10.0,11.8,0,0.0,0.0,0.0,0.0,0.0,2,1008.8,1006.7,70,53180.0,24.0,54.0,melbourne,2026-07-01T03:36:12.885757
2026-07-01T03:00,15.5,70,10.1,12.3,0,0.0,0.0,0.0,0.0,0.0,3,1007.5,1005.4,98,29520.0,22.1,60.5,melbourne,2026-07-01T03:36:12.885757
2026-07-01T04:00,15.4,75,11.0,13.0,0,0.0,0.0,0.0,0.0,0.0,3,1005.6,1003.5,97,17780.0,18.4,49.0,melbourne,2026-07-01T03:36:12.885757
2026-07-01T05:00,15.5,74,10.9,12.2,0,0.0,0.0,0.0,0.0,0.0,3,1004.6,1002.5,99,24620.0,24.7,50.4,melbourne,2026-07-01T03:36:12.885757
2026-07-01T06:00,14.9,75,10.6,12.0,4,0.0,0.0,0.0,0.0,0.0,3,1004.0,1001.9,100,13580.0,20.6,56.5,melbourne,2026-07-01T03:36:12.885757
2026-07-01T07:00,14.5,77,10.5,11.4,33,0.1,0.1,0.0,0.0,0.0,51,1002.9,1000.8,100,8800.0,22.1,48.2,melbourne,2026-07-01T03:36:12.885757
2026-07-01T08:00,13.4,78,9.5,9.0,72,0.8,0.8,0.0,0.0,0.0,53,1001.9,999.8,100,3120.0,28.9,61.9,melbourne,2026-07-01T03:36:12.885757
2026-07-01T09:00,12.3,85,9.8,9.3,100,1.9,0.8,1.1,0.0,0.0,80,1000.3,998.1,99,6200.0,20.0,61.9,melbourne,2026-07-01T03:36:12.885757
2026-07-01T10:00,12.4,83,9.7,9.4,100,0.3,0.3,0.0,0.0,0.0,51,998.3,996.2,96,6640.0,20.1,42.5,melbourne,2026-07-01T03:36:12.885757
2026-07-01T11:00,12.5,85,10.1,9.7,100,1.5,0.4,1.1,0.0,0.0,80,997.6,995.5,99,3600.0,19.1,50.4,melbourne,2026-07-01T03:36:12.885757
2026-07-01T12:00,13.6,86,11.3,9.6,100,0.5,0.4,0.1,0.0,0.0,53,997.3,995.2,90,10120.0,29.8,63.0,melbourne,2026-07-01T03:36:12.885757
2026-07-01T13:00,13.4,72,8.4,9.0,90,0.1,0.1,0.0,0.0,0.0,51,998.6,996.5,61,14600.0,27.3,64.4,melbourne,2026-07-01T03:36:12.885757
2026-07-01T14:00,11.9,74,7.4,8.3,76,0.1,0.1,0.0,0.0,0.0,51,999.7,997.5,85,39040.0,20.1,60.5,melbourne,2026-07-01T03:36:12.885757
2026-07-01T15:00,11.6,77,7.8,8.2,63,0.3,0.0,0.3,0.0,0.0,51,1000.1,997.9,97,53420.0,19.0,43.2,melbourne,2026-07-01T03:36:12.885757
2026-07-01T16:00,12.0,74,7.6,8.3,52,0.4,0.0,0.4,0.0,0.0,51,1000.4,998.2,96,53380.0,21.3,46.4,melbourne,2026-07-01T03:36:12.885757
2026-07-01T17:00,12.2,73,7.5,8.5,43,0.0,0.0,0.0,0.0,0.0,3,1000.7,998.5,81,53340.0,20.6,47.9,melbourne,2026-07-01T03:36:12.885757
2026-07-01T18:00,11.9,74,7.3,8.2,35,0.0,0.0,0.0,0.0,0.0,3,1001.0,998.8,91,53320.0,20.3,45.4,melbourne,2026-07-01T03:36:12.885757
2026-07-01T19:00,11.8,73,7.1,7.7,27,0.0,0.0,0.0,0.0,0.0,3,1001.7,999.5,94,53240.0,23.0,51.5,melbourne,2026-07-01T03:36:12.885757
2026-07-01T20:00,11.6,73,6.9,7.6,20,0.0,0.0,0.0,0.0,0.0,3,1002.3,1000.1,98,53240.0,22.0,51.8,melbourne,2026-07-01T03:36:12.885757
2026-07-01T21:00,11.6,73,6.9,7.2,22,0.0,0.0,0.0,0.0,0.0,3,1002.7,1000.5,100,53240.0,24.5,53.6,melbourne,2026-07-01T03:36:12.885757
2026-07-01T22:00,11.1,76,7.1,6.3,40,0.0,0.0,0.0,0.0,0.0,3,1003.1,1000.9,98,23200.0,27.6,63.0,melbourne,2026-07-01T03:36:12.885757
2026-07-01T23:00,11.0,77,7.2,6.3,66,0.1,0.1,0.0,0.0,0.0,51,1004.4,1002.2,100,17320.0,27.2,61.9,melbourne,2026-07-01T03:36:12.885757
2026-07-01T00:00,14.9,78,11.2,12.1,76,0.4,0.4,0.0,0.0,0.0,51,1015.3,1012.4,63,7120.0,21.6,51.8,perth,2026-07-01T03:36:15.355780
2026-07-01T01:00,16.2,70,10.8,13.1,81,0.2,0.2,0.0,0.0,0.0,51,1015.7,1012.8,48,9020.0,23.1,46.4,perth,2026-07-01T03:36:15.355780
2026-07-01T02:00,16.9,67,10.8,14.0,84,0.2,0.1,0.1,0.0,0.0,51,1016.2,1013.3,47,8760.0,20.9,50.0,perth,2026-07-01T03:36:15.355780
2026-07-01T03:00,17.3,64,10.5,14.0,88,0.3,0.1,0.2,0.0,0.0,51,1016.1,1013.2,37,10180.0,23.2,50.0,perth,2026-07-01T03:36:15.355780
2026-07-01T04:00,17.4,66,11.0,14.1,94,0.3,0.1,0.2,0.0,0.0,51,1015.9,1013.0,50,9340.0,24.5,54.0,perth,2026-07-01T03:36:15.355780
2026-07-01T05:00,16.7,69,11.0,13.5,100,0.3,0.3,0.0,0.0,0.0,51,1015.6,1012.7,79,5060.0,24.0,55.4,perth,2026-07-01T03:36:15.355780
2026-07-01T06:00,17.1,69,11.4,14.5,98,0.4,0.2,0.2,0.0,0.0,51,1015.3,1012.4,23,11900.0,20.8,51.5,perth,2026-07-01T03:36:15.355780
2026-07-01T07:00,17.5,65,10.8,14.7,79,0.1,0.0,0.1,0.0,0.0,51,1015.4,1012.5,23,20700.0,20.5,50.8,perth,2026-07-01T03:36:15.355780
2026-07-01T08:00,17.6,63,10.4,15.1,53,0.0,0.0,0.0,0.0,0.0,1,1015.5,1012.6,38,55220.0,17.8,44.3,perth,2026-07-01T03:36:15.355780
2026-07-01T09:00,16.8,67,10.7,14.6,39,0.0,0.0,0.0,0.0,0.0,2,1016.0,1013.1,60,13060.0,16.2,36.4,perth,2026-07-01T03:36:15.355780
2026-07-01T10:00,16.0,75,11.5,14.2,51,0.3,0.2,0.1,0.0,0.0,51,1016.3,1013.4,88,4640.0,15.2,32.8,perth,2026-07-01T03:36:15.355780
2026-07-01T11:00,16.1,75,11.7,14.0,75,0.6,0.1,0.5,0.0,0.0,53,1016.8,1013.9,81,4720.0,17.9,34.6,perth,2026-07-01T03:36:15.355780
2026-07-01T12:00,15.6,82,12.4,14.3,94,0.7,0.4,0.3,0.0,0.0,53,1017.2,1014.3,100,5180.0,13.9,34.6,perth,2026-07-01T03:36:15.355780
2026-07-01T13:00,15.2,85,12.7,13.7,100,0.7,0.5,0.2,0.0,0.0,53,1017.6,1014.7,97,5060.0,16.0,31.0,perth,2026-07-01T03:36:15.355780
2026-07-01T14:00,15.2,88,13.2,14.1,100,0.4,0.2,0.2,0.0,0.0,51,1017.7,1014.8,77,3860.0,14.3,29.5,perth,2026-07-01T03:36:15.355780
2026-07-01T15:00,14.6,90,13.1,13.9,100,0.6,0.2,0.4,0.0,0.0,53,1017.7,1014.8,70,8020.0,11.3,28.1,perth,2026-07-01T03:36:15.355780
2026-07-01T16:00,13.8,95,13.0,13.5,78,0.3,0.3,0.0,0.0,0.0,51,1018.0,1015.1,100,6800.0,8.2,20.2,perth,2026-07-01T03:36:15.355780
2026-07-01T17:00,13.6,95,12.7,13.0,47,0.1,0.1,0.0,0.0,0.0,51,1018.4,1015.5,100,29280.0,9.4,16.2,perth,2026-07-01T03:36:15.355780
2026-07-01T18:00,13.4,91,12.0,12.6,22,0.0,0.0,0.0,0.0,0.0,3,1018.7,1015.8,80,41760.0,9.9,18.4,perth,2026-07-01T03:36:15.355780
2026-07-01T19:00,12.9,92,11.7,12.3,10,0.0,0.0,0.0,0.0,0.0,3,1018.9,1016.0,95,41760.0,7.8,17.6,perth,2026-07-01T03:36:15.355780
2026-07-01T20:00,12.8,92,11.5,11.7,4,0.0,0.0,0.0,0.0,0.0,3,1019.3,1016.4,99,36460.0,10.3,19.4,perth,2026-07-01T03:36:15.355780
2026-07-01T21:00,12.7,91,11.2,11.5,0,0.0,0.0,0.0,0.0,0.0,3,1019.7,1016.8,100,41760.0,10.4,20.9,perth,2026-07-01T03:36:15.355780
2026-07-01T22:00,12.3,89,10.6,11.1,0,0.0,0.0,0.0,0.0,0.0,2,1020.5,1017.6,69,41740.0,9.6,19.8,perth,2026-07-01T03:36:15.355780
2026-07-01T23:00,11.6,88,9.7,10.0,0,0.0,0.0,0.0,0.0,0.0,0,1021.6,1018.7,18,41740.0,10.2,19.8,perth,2026-07-01T03:36:15.355780
2026-07-01T00:00,17.4,73,12.5,16.4,6,0.0,0.0,0.0,0.0,0.0,3,1019.0,1019.0,93,51180.0,12.0,28.8,sydney,2026-07-01T03:38:18.367614
2026-07-01T01:00,18.3,71,13.1,17.8,5,0.0,0.0,0.0,0.0,0.0,2,1018.3,1018.3,68,55160.0,10.3,24.1,sydney,2026-07-01T03:38:18.367614
2026-07-01T02:00,19.4,66,13.0,18.8,2,0.0,0.0,0.0,0.0,0.0,3,1017.1,1017.1,80,55160.0,10.5,25.9,sydney,2026-07-01T03:38:18.367614
2026-07-01T03:00,20.2,62,12.8,19.6,0,0.0,0.0,0.0,0.0,0.0,2,1015.7,1015.7,67,55160.0,10.4,24.5,sydney,2026-07-01T03:38:18.367614
2026-07-01T04:00,21.0,57,12.2,19.9,0,0.0,0.0,0.0,0.0,0.0,3,1014.6,1014.6,96,58640.0,12.3,27.0,sydney,2026-07-01T03:38:18.367614
2026-07-01T05:00,20.4,62,13.0,19.9,0,0.0,0.0,0.0,0.0,0.0,3,1014.3,1014.3,93,55160.0,10.0,28.4,sydney,2026-07-01T03:38:18.367614
2026-07-01T06:00,19.6,69,13.7,18.9,0,0.0,0.0,0.0,0.0,0.0,3,1014.1,1014.1,98,55160.0,13.1,25.6,sydney,2026-07-01T03:38:18.367614
2026-07-01T07:00,18.3,75,13.8,17.2,0,0.0,0.0,0.0,0.0,0.0,2,1014.2,1014.2,77,51200.0,15.9,31.3,sydney,2026-07-01T03:38:18.367614
2026-07-01T08:00,17.5,80,13.9,16.2,0,0.0,0.0,0.0,0.0,0.0,3,1014.4,1014.4,88,51200.0,17.3,34.9,sydney,2026-07-01T03:38:18.367614
2026-07-01T09:00,17.1,80,13.6,15.7,0,0.0,0.0,0.0,0.0,0.0,3,1014.3,1014.3,96,51200.0,17.4,35.3,sydney,2026-07-01T03:38:18.367614
2026-07-01T10:00,17.1,78,13.2,15.8,0,0.0,0.0,0.0,0.0,0.0,3,1014.2,1014.2,99,51220.0,15.9,35.3,sydney,2026-07-01T03:38:18.367614
2026-07-01T11:00,17.0,78,13.1,15.6,0,0.0,0.0,0.0,0.0,0.0,3,1014.4,1014.4,88,51220.0,15.7,31.7,sydney,2026-07-01T03:38:18.367614
2026-07-01T12:00,17.1,74,12.5,15.5,2,0.0,0.0,0.0,0.0,0.0,3,1014.4,1014.4,92,51220.0,16.0,31.7,sydney,2026-07-01T03:38:18.367614
2026-07-01T13:00,17.4,68,11.4,15.1,15,0.0,0.0,0.0,0.0,0.0,3,1013.6,1013.6,93,55180.0,18.7,36.4,sydney,2026-07-01T03:38:18.367614
2026-07-01T14:00,17.3,67,11.1,14.8,33,0.0,0.0,0.0,0.0,0.0,3,1012.4,1012.4,98,55180.0,19.6,45.0,sydney,2026-07-01T03:38:18.367614
2026-07-01T15:00,17.0,69,11.3,14.4,51,0.1,0.1,0.0,0.0,0.0,51,1011.9,1011.9,100,7140.0,20.3,43.6,sydney,2026-07-01T03:38:18.367614
2026-07-01T16:00,16.1,79,12.4,13.6,72,0.7,0.7,0.0,0.0,0.0,53,1011.3,1011.3,96,4720.0,21.9,43.9,sydney,2026-07-01T03:38:18.367614
2026-07-01T17:00,15.4,84,12.8,13.3,93,0.3,0.2,0.1,0.0,0.0,51,1012.0,1012.0,96,7700.0,20.2,45.4,sydney,2026-07-01T03:38:18.367614
2026-07-01T18:00,15.1,87,13.0,13.2,100,0.4,0.4,0.0,0.0,0.0,51,1011.3,1011.3,98,9640.0,19.4,41.8,sydney,2026-07-01T03:38:18.367614
2026-07-01T19:00,15.1,88,13.0,13.2,80,0.0,0.0,0.0,0.0,0.0,1,1011.8,1011.8,28,34460.0,19.3,38.2,sydney,2026-07-01T03:38:18.367614
2026-07-01T20:00,15.0,87,12.9,12.9,45,0.0,0.0,0.0,0.0,0.0,0,1012.5,1012.5,5,42440.0,20.4,41.0,sydney,2026-07-01T03:38:18.367614
2026-07-01T21:00,15.0,86,12.7,13.2,18,0.0,0.0,0.0,0.0,0.0,0,1013.0,1013.0,4,44720.0,18.3,41.0,sydney,2026-07-01T03:38:18.367614
2026-07-01T22:00,15.8,81,12.6,14.1,7,0.0,0.0,0.0,0.0,0.0,0,1013.4,1013.4,9,49340.0,16.7,37.1,sydney,2026-07-01T03:38:18.367614
2026-07-01T23:00,17.2,70,11.7,14.8,2,0.0,0.0,0.0,0.0,0.0,0,1013.7,1013.7,1,55200.0,19.3,40.3,sydney,2026-07-01T03:38:18.367614
2026-07-01T00:00,21.9,74,17.0,23.7,0,0.0,0.0,0.0,0.0,0.0,1,1016.1,974.8,0,37420.0,4.7,12.2,graz,2026-07-01T03:38:20.860174
2026-07-01T01:00,21.7,72,16.4,23.7,0,0.0,0.0,0.0,0.0,0.0,1,1015.8,974.5,13,38840.0,1.4,13.7,graz,2026-07-01T03:38:20.860174
2026-07-01T02:00,21.2,72,15.9,22.3,0,0.0,0.0,0.0,0.0,0.0,0,1015.9,974.5,0,35120.0,6.2,8.6,graz,2026-07-01T03:38:20.860174
2026-07-01T03:00,20.5,73,15.5,21.5,0,0.0,0.0,0.0,0.0,0.0,0,1015.2,973.7,0,34780.0,5.8,12.2,graz,2026-07-01T03:38:20.860174
2026-07-01T04:00,21.6,69,15.7,23.3,0,0.0,0.0,0.0,0.0,0.0,2,1015.6,974.3,60,34540.0,1.8,10.1,graz,2026-07-01T03:38:20.860174
2026-07-01T05:00,21.8,75,17.2,23.7,0,0.0,0.0,0.0,0.0,0.0,0,1015.7,974.4,0,35540.0,4.3,10.8,graz,2026-07-01T03:38:20.860174
2026-07-01T06:00,24.6,66,17.8,27.2,0,0.0,0.0,0.0,0.0,0.0,1,1015.0,974.1,0,38700.0,1.5,10.4,graz,2026-07-01T03:38:20.860174
2026-07-01T07:00,27.0,57,17.7,28.9,0,0.0,0.0,0.0,0.0,0.0,1,1014.3,973.7,22,40520.0,5.9,14.4,graz,2026-07-01T03:38:20.860174
2026-07-01T08:00,28.0,55,18.1,29.7,0,0.0,0.0,0.0,0.0,0.0,2,1013.9,973.5,51,40600.0,8.3,20.5,graz,2026-07-01T03:38:20.860174
2026-07-01T09:00,28.5,56,18.9,30.6,0,0.0,0.0,0.0,0.0,0.0,3,1013.9,973.5,96,40360.0,8.4,16.9,graz,2026-07-01T03:38:20.860174
2026-07-01T10:00,28.7,56,19.1,31.1,0,0.0,0.0,0.0,0.0,0.0,80,1013.9,973.6,83,40240.0,7.1,17.6,graz,2026-07-01T03:38:20.860174
2026-07-01T11:00,30.6,52,19.7,34.0,0,0.0,0.0,0.0,0.0,0.0,2,1013.1,973.1,47,40700.0,7.1,15.8,graz,2026-07-01T03:38:20.860174
2026-07-01T12:00,31.5,46,18.5,34.6,5,0.0,0.0,0.0,0.0,0.0,2,1012.2,972.3,41,41320.0,11.4,18.0,graz,2026-07-01T03:38:20.860174
2026-07-01T13:00,32.3,44,18.5,35.5,23,0.0,0.0,0.0,0.0,0.0,2,1011.1,971.3,52,41820.0,8.6,23.8,graz,2026-07-01T03:38:20.860174
2026-07-01T14:00,31.6,44,17.9,32.8,68,0.0,0.0,0.0,0.0,0.0,3,1010.3,970.5,100,42040.0,11.1,24.8,graz,2026-07-01T03:38:20.860174
2026-07-01T15:00,31.0,47,18.4,32.8,98,0.0,0.0,0.0,0.0,0.0,3,1010.5,970.6,100,41740.0,8.4,28.8,graz,2026-07-01T03:38:20.860174
2026-07-01T16:00,20.2,68,14.1,17.4,90,6.3,6.2,0.1,0.0,0.0,96,1014.9,973.4,100,12720.0,28.8,79.2,graz,2026-07-01T03:38:20.860174
2026-07-01T17:00,21.4,62,13.9,21.1,85,5.1,5.0,0.1,0.0,0.0,96,1014.2,972.9,100,40100.0,10.6,70.6,graz,2026-07-01T03:38:20.860174
2026-07-01T18:00,21.4,62,13.9,19.6,63,0.0,0.0,0.0,0.0,0.0,3,1013.6,972.3,100,39820.0,20.9,48.2,graz,2026-07-01T03:38:20.860174
2026-07-01T19:00,21.8,53,11.8,20.1,53,0.0,0.0,0.0,0.0,0.0,3,1013.9,972.7,100,41180.0,15.7,47.2,graz,2026-07-01T03:38:20.860174
2026-07-01T20:00,21.3,53,11.3,20.4,45,0.0,0.0,0.0,0.0,0.0,3,1014.5,973.2,100,41260.0,9.1,36.0,graz,2026-07-01T03:38:20.860174
2026-07-01T21:00,20.9,60,12.8,21.3,40,0.0,0.0,0.0,0.0,0.0,3,1015.7,974.3,100,41300.0,3.5,18.0,graz,2026-07-01T03:38:20.860174
2026-07-01T22:00,20.3,56,11.2,19.6,33,0.0,0.0,0.0,0.0,0.0,3,1016.4,974.8,100,41080.0,7.4,14.4,graz,2026-07-01T03:38:20.860174
2026-07-01T23:00,20.4,61,12.6,19.1,20,0.0,0.0,0.0,0.0,0.0,3,1016.5,975.0,100,40220.0,14.4,29.9,graz,2026-07-01T03:38:20.860174
2026-07-01T00:00,26.1,61,18.0,28.2,0,0.7,0.7,0.0,0.0,0.0,80,1015.5,993.5,51,39520.0,5.1,37.4,vienna,2026-07-01T03:38:23.353993
2026-07-01T01:00,25.3,60,17.0,27.4,0,0.0,0.0,0.0,0.0,0.0,1,1015.8,993.8,31,39800.0,2.6,19.1,vienna,2026-07-01T03:38:23.353993
2026-07-01T02:00,24.9,59,16.3,26.7,0,0.0,0.0,0.0,0.0,0.0,1,1016.1,994.0,15,39860.0,2.9,11.5,vienna,2026-07-01T03:38:23.353993
2026-07-01T03:00,24.2,59,15.7,25.3,0,0.0,0.0,0.0,0.0,0.0,1,1015.7,993.6,6,39920.0,6.1,20.5,vienna,2026-07-01T03:38:23.353993
2026-07-01T04:00,24.5,58,15.7,25.6,0,0.0,0.0,0.0,0.0,0.0,0,1015.3,993.2,0,40180.0,6.4,15.1,vienna,2026-07-01T03:38:23.353993
2026-07-01T05:00,23.9,65,17.0,25.3,0,0.0,0.0,0.0,0.0,0.0,2,1015.6,993.5,47,38120.0,7.7,18.7,vienna,2026-07-01T03:38:23.353993
2026-07-01T06:00,24.1,65,17.1,26.1,0,0.0,0.0,0.0,0.0,0.0,1,1015.3,993.2,59,37940.0,3.9,18.4,vienna,2026-07-01T03:38:23.353993
2026-07-01T07:00,25.8,59,17.2,28.0,0,0.0,0.0,0.0,0.0,0.0,1,1014.8,992.8,7,39400.0,3.0,10.8,vienna,2026-07-01T03:38:23.353993
2026-07-01T08:00,27.4,52,16.7,29.2,0,0.0,0.0,0.0,0.0,0.0,3,1014.3,992.4,100,40560.0,4.9,15.1,vienna,2026-07-01T03:38:23.353993
2026-07-01T09:00,28.9,50,17.4,31.2,0,0.0,0.0,0.0,0.0,0.0,3,1014.2,992.5,100,40820.0,5.2,15.1,vienna,2026-07-01T03:38:23.353993
2026-07-01T10:00,31.0,44,17.3,33.7,0,0.0,0.0,0.0,0.0,0.0,3,1013.6,992.0,100,41580.0,6.1,18.0,vienna,2026-07-01T03:38:23.353993
2026-07-01T11:00,32.2,39,16.5,34.7,0,0.0,0.0,0.0,0.0,0.0,2,1012.7,991.2,26,42500.0,9.3,25.6,vienna,2026-07-01T03:38:23.353993
2026-07-01T12:00,32.7,37,16.1,34.6,30,0.0,0.0,0.0,0.0,0.0,3,1012.7,991.3,100,42960.0,6.6,27.0,vienna,2026-07-01T03:38:23.353993
2026-07-01T13:00,28.3,42,14.2,27.9,60,0.0,0.0,0.0,0.0,0.0,3,1013.5,991.7,100,42160.0,12.3,52.2,vienna,2026-07-01T03:38:23.353993
2026-07-01T14:00,25.9,65,18.8,27.3,55,0.1,0.1,0.0,0.0,0.0,61,1013.8,991.9,100,26060.0,12.9,35.6,vienna,2026-07-01T03:38:23.353993
2026-07-01T15:00,24.5,62,16.8,25.8,53,2.4,2.4,0.0,0.0,0.0,95,1012.8,990.8,100,11820.0,7.9,29.9,vienna,2026-07-01T03:38:23.353993
2026-07-01T16:00,22.3,81,18.9,22.7,43,2.3,2.3,0.0,0.0,0.0,95,1013.9,991.7,100,26900.0,19.9,55.8,vienna,2026-07-01T03:38:23.353993
2026-07-01T17:00,21.7,77,17.5,22.1,35,0.3,0.3,0.0,0.0,0.0,61,1015.1,992.8,100,31280.0,16.2,54.0,vienna,2026-07-01T03:38:23.353993
2026-07-01T18:00,21.5,74,16.7,21.6,33,0.0,0.0,0.0,0.0,0.0,61,1015.2,992.9,100,33900.0,15.8,39.2,vienna,2026-07-01T03:38:23.353993
2026-07-01T19:00,21.2,71,15.8,21.2,23,0.4,0.4,0.0,0.0,0.0,61,1016.5,994.1,100,33820.0,14.0,37.8,vienna,2026-07-01T03:38:23.353993
2026-07-01T20:00,20.8,73,15.8,20.7,25,0.7,0.7,0.0,0.0,0.0,61,1016.3,993.9,100,34740.0,14.6,35.3,vienna,2026-07-01T03:38:23.353993
2026-07-01T21:00,21.0,73,16.0,21.2,20,0.1,0.1,0.0,0.0,0.0,80,1016.7,994.3,100,34940.0,12.6,34.9,vienna,2026-07-01T03:38:23.353993
2026-07-01T22:00,20.9,72,15.7,21.2,13,0.0,0.0,0.0,0.0,0.0,3,1017.2,994.8,100,35260.0,11.2,29.5,vienna,2026-07-01T03:38:23.353993
2026-07-01T23:00,20.8,65,14.0,20.1,8,0.0,0.0,0.0,0.0,0.0,3,1017.6,995.2,100,38400.0,14.1,33.8,vienna,2026-07-01T03:38:23.353993
2026-07-01T00:00,18.3,77,14.2,19.2,0,0.0,0.0,0.0,0.0,0.0,0,1021.6,1020.0,0,50000.0,2.9,4.0,antwerp,2026-07-01T03:39:41.215381
2026-07-01T01:00,17.8,78,14.0,18.6,0,0.0,0.0,0.0,0.0,0.0,0,1021.3,1019.7,0,15720.0,4.0,4.7,antwerp,2026-07-01T03:39:41.215381
2026-07-01T02:00,17.3,79,13.6,17.6,0,0.0,0.0,0.0,0.0,0.0,0,1020.9,1019.3,0,14820.0,5.8,8.3,antwerp,2026-07-01T03:39:41.215381
2026-07-01T03:00,15.5,88,13.5,15.4,0,0.0,0.0,0.0,0.0,0.0,0,1020.8,1019.2,0,50000.0,8.6,18.4,antwerp,2026-07-01T03:39:41.215381
2026-07-01T04:00,14.9,84,12.2,14.2,0,0.0,0.0,0.0,0.0,0.0,0,1020.9,1019.3,0,12220.0,9.4,17.6,antwerp,2026-07-01T03:39:41.215381
2026-07-01T05:00,15.1,85,12.6,14.8,0,0.0,0.0,0.0,0.0,0.0,0,1021.0,1019.4,0,50000.0,7.9,18.4,antwerp,2026-07-01T03:39:41.215381
2026-07-01T06:00,16.2,82,13.2,16.3,0,0.0,0.0,0.0,0.0,0.0,0,1021.4,1019.8,0,13280.0,6.8,15.8,antwerp,2026-07-01T03:39:41.215381
2026-07-01T07:00,17.9,78,14.1,18.4,0,0.0,0.0,0.0,0.0,0.0,0,1021.8,1020.2,2,50000.0,5.8,15.1,antwerp,2026-07-01T03:39:41.215381
2026-07-01T08:00,20.0,67,13.7,20.3,0,0.0,0.0,0.0,0.0,0.0,0,1022.1,1020.5,0,21280.0,5.8,15.5,antwerp,2026-07-01T03:39:41.215381
2026-07-01T09:00,21.9,63,14.6,23.0,0,0.0,0.0,0.0,0.0,0.0,0,1022.2,1020.7,0,23700.0,7.2,19.1,antwerp,2026-07-01T03:39:41.215381
2026-07-01T10:00,23.6,56,14.3,25.2,24,0.0,0.0,0.0,0.0,0.0,0,1022.1,1020.6,4,27300.0,7.6,20.2,antwerp,2026-07-01T03:39:41.215381
2026-07-01T11:00,25.0,47,12.9,25.9,56,0.0,0.0,0.0,0.0,0.0,1,1022.1,1020.6,41,32460.0,10.1,24.5,antwerp,2026-07-01T03:39:41.215381
2026-07-01T12:00,24.4,49,13.0,23.5,76,0.0,0.0,0.0,0.0,0.0,0,1022.1,1020.6,2,31220.0,13.7,28.8,antwerp,2026-07-01T03:39:41.215381
2026-07-01T13:00,25.8,43,12.3,25.8,73,0.0,0.0,0.0,0.0,0.0,0,1022.4,1020.9,2,50000.0,16.2,35.3,antwerp,2026-07-01T03:39:41.215381
2026-07-01T14:00,25.9,44,12.8,25.6,58,0.0,0.0,0.0,0.0,0.0,0,1022.1,1020.6,0,50000.0,17.3,36.0,antwerp,2026-07-01T03:39:41.215381
2026-07-01T15:00,25.6,47,13.5,24.9,43,0.0,0.0,0.0,0.0,0.0,0,1022.1,1020.6,0,32380.0,18.7,37.8,antwerp,2026-07-01T03:39:41.215381
2026-07-01T16:00,24.9,49,13.5,23.4,29,0.0,0.0,0.0,0.0,0.0,0,1022.1,1020.6,0,31080.0,19.4,39.2,antwerp,2026-07-01T03:39:41.215381
2026-07-01T17:00,24.5,51,13.7,23.3,15,0.0,0.0,0.0,0.0,0.0,0,1022.1,1020.6,0,50000.0,16.6,39.2,antwerp,2026-07-01T03:39:41.215381
2026-07-01T18:00,23.6,54,13.8,22.6,4,0.0,0.0,0.0,0.0,0.0,0,1022.2,1020.7,0,50000.0,15.8,33.5,antwerp,2026-07-01T03:39:41.215381
2026-07-01T19:00,22.7,57,13.7,21.9,0,0.0,0.0,0.0,0.0,0.0,0,1022.6,1021.1,0,26480.0,13.7,31.0,antwerp,2026-07-01T03:39:41.215381
2026-07-01T20:00,22.1,61,14.2,22.1,0,0.0,0.0,0.0,0.0,0.0,0,1023.1,1021.5,0,24780.0,9.7,26.3,antwerp,2026-07-01T03:39:41.215381
2026-07-01T21:00,21.3,68,15.2,21.7,0,0.0,0.0,0.0,0.0,0.0,0,1023.3,1021.7,0,20920.0,9.0,17.6,antwerp,2026-07-01T03:39:41.215381
2026-07-01T22:00,20.4,71,15.0,20.7,0,0.0,0.0,0.0,0.0,0.0,0,1023.5,1021.9,0,19360.0,9.0,18.0,antwerp,2026-07-01T03:39:41.215381
2026-07-01T23:00,20.1,70,14.5,20.7,0,0.0,0.0,0.0,0.0,0.0,0,1023.0,1021.4,0,50000.0,6.5,15.8,antwerp,2026-07-01T03:39:41.215381
2026-07-01T00:00,18.4,63,11.3,18.5,0,0.0,0.0,0.0,0.0,0.0,0,1021.6,1018.2,0,50000.0,2.5,5.0,brussels,2026-07-01T03:39:43.670049
2026-07-01T01:00,17.9,64,11.0,17.8,0,0.0,0.0,0.0,0.0,0.0,0,1021.5,1018.1,0,23140.0,2.9,5.8,brussels,2026-07-01T03:39:43.670049
2026-07-01T02:00,16.6,71,11.3,15.8,0,0.0,0.0,0.0,0.0,0.0,0,1021.3,1017.9,0,19460.0,8.3,13.7,brussels,2026-07-01T03:39:43.670049
2026-07-01T03:00,15.7,75,11.3,14.6,0,0.0,0.0,0.0,0.0,0.0,0,1021.1,1017.7,0,50000.0,10.1,22.0,brussels,2026-07-01T03:39:43.670049
2026-07-01T04:00,15.3,77,11.3,14.6,0,0.0,0.0,0.0,0.0,0.0,0,1021.3,1017.9,0,16160.0,7.6,18.7,brussels,2026-07-01T03:39:43.670049
2026-07-01T05:00,15.3,78,11.5,14.7,0,0.0,0.0,0.0,0.0,0.0,0,1021.4,1018.0,7,50000.0,7.2,15.1,brussels,2026-07-01T03:39:43.670049
2026-07-01T06:00,16.3,79,12.6,16.0,0,0.0,0.0,0.0,0.0,0.0,3,1021.8,1018.4,85,14960.0,7.9,17.6,brussels,2026-07-01T03:39:43.670049
2026-07-01T07:00,17.5,78,13.7,17.8,0,0.0,0.0,0.0,0.0,0.0,1,1022.2,1018.8,36,50000.0,6.1,17.6,brussels,2026-07-01T03:39:43.670049
2026-07-01T08:00,19.7,69,13.8,19.9,0,0.0,0.0,0.0,0.0,0.0,0,1022.3,1019.0,0,20240.0,7.2,18.7,brussels,2026-07-01T03:39:43.670049
2026-07-01T09:00,22.2,59,13.8,22.8,6,0.0,0.0,0.0,0.0,0.0,0,1022.5,1019.2,6,25620.0,8.6,22.0,brussels,2026-07-01T03:39:43.670049
2026-07-01T10:00,23.6,54,13.8,24.6,28,0.0,0.0,0.0,0.0,0.0,0,1022.4,1019.1,16,28340.0,8.3,22.7,brussels,2026-07-01T03:39:43.670049
2026-07-01T11:00,25.2,45,12.4,26.2,58,0.0,0.0,0.0,0.0,0.0,1,1022.4,1019.1,34,33660.0,8.6,23.8,brussels,2026-07-01T03:39:43.670049
2026-07-01T12:00,24.2,49,12.8,23.6,80,0.0,0.0,0.0,0.0,0.0,0,1022.3,1019.0,0,31540.0,13.0,31.0,brussels,2026-07-01T03:39:43.670049
2026-07-01T13:00,26.0,42,12.1,26.4,87,0.0,0.0,0.0,0.0,0.0,2,1022.3,1019.0,62,50000.0,9.7,32.0,brussels,2026-07-01T03:39:43.670049
2026-07-01T14:00,26.7,39,11.6,25.5,85,0.0,0.0,0.0,0.0,0.0,2,1022.1,1018.8,63,50000.0,11.9,28.4,brussels,2026-07-01T03:39:43.670049
2026-07-01T15:00,26.1,42,12.2,24.7,80,0.0,0.0,0.0,0.0,0.0,3,1022.0,1018.7,95,35920.0,14.0,30.2,brussels,2026-07-01T03:39:43.670049
2026-07-01T16:00,25.9,43,12.4,24.5,73,0.0,0.0,0.0,0.0,0.0,3,1022.1,1018.8,81,35180.0,14.8,31.3,brussels,2026-07-01T03:39:43.670049
2026-07-01T17:00,25.4,45,12.6,24.1,62,0.0,0.0,0.0,0.0,0.0,2,1022.1,1018.8,55,50000.0,14.8,32.0,brussels,2026-07-01T03:39:43.670049
2026-07-01T18:00,24.5,48,12.8,23.3,49,0.0,0.0,0.0,0.0,0.0,0,1022.3,1019.0,0,50000.0,14.4,30.6,brussels,2026-07-01T03:39:43.670049
2026-07-01T19:00,23.3,52,12.9,22.4,33,0.0,0.0,0.0,0.0,0.0,0,1022.7,1019.4,0,29480.0,12.6,29.2,brussels,2026-07-01T03:39:43.670049
2026-07-01T20:00,22.4,55,12.9,21.9,15,0.0,0.0,0.0,0.0,0.0,0,1023.3,1020.0,0,27680.0,9.4,24.5,brussels,2026-07-01T03:39:43.670049
2026-07-01T21:00,21.9,57,13.0,21.9,2,0.0,0.0,0.0,0.0,0.0,0,1023.5,1020.2,0,26560.0,6.5,17.3,brussels,2026-07-01T03:39:43.670049
2026-07-01T22:00,21.5,59,13.1,21.6,0,0.0,0.0,0.0,0.0,0.0,0,1023.8,1020.4,0,25360.0,6.1,11.5,brussels,2026-07-01T03:39:43.670049
2026-07-01T23:00,20.8,63,13.5,21.1,0,0.0,0.0,0.0,0.0,0.0,0,1023.5,1020.1,0,50000.0,6.1,10.4,brussels,2026-07-01T03:39:43.670049
2026-07-01T00:00,9.3,35,-5.5,6.1,0,0.0,0.0,0.0,0.0,0.0,0,1014.9,664.6,0,73460.0,3.0,26.6,la_paz,2026-07-01T03:39:46.124393
2026-07-01T01:00,8.1,37,-5.6,4.6,0,0.0,0.0,0.0,0.0,0.0,0,1016.6,664.5,0,73400.0,5.0,13.3,la_paz,2026-07-01T03:39:46.124393
2026-07-01T02:00,6.4,55,-2.1,3.5,0,0.0,0.0,0.0,0.0,0.0,0,1018.9,664.3,0,70360.0,3.5,12.6,la_paz,2026-07-01T03:39:46.124393
2026-07-01T03:00,5.8,61,-1.2,3.3,0,0.0,0.0,0.0,0.0,0.0,0,1019.8,664.4,0,65040.0,1.7,8.6,la_paz,2026-07-01T03:39:46.124393
2026-07-01T04:00,5.4,53,-3.5,2.4,0,0.0,0.0,0.0,0.0,0.0,0,1019.9,664.0,15,21460.0,2.8,5.4,la_paz,2026-07-01T03:39:46.124393
2026-07-01T05:00,4.8,41,-7.2,1.2,0,0.0,0.0,0.0,0.0,0.0,0,1019.1,662.9,5,14080.0,4.0,10.4,la_paz,2026-07-01T03:39:46.124393
2026-07-01T06:00,3.9,41,-8.1,0.4,0,0.0,0.0,0.0,0.0,0.0,0,1018.7,661.8,2,12240.0,3.4,10.8,la_paz,2026-07-01T03:39:46.124393
2026-07-01T07:00,3.4,45,-7.5,-0.0,0,0.0,0.0,0.0,0.0,0.0,0,1018.4,661.1,0,13000.0,2.9,10.4,la_paz,2026-07-01T03:39:46.124393
2026-07-01T08:00,3.3,48,-6.8,-0.2,0,0.0,0.0,0.0,0.0,0.0,0,1018.5,661.0,1,15920.0,3.9,11.9,la_paz,2026-07-01T03:39:46.124393
2026-07-01T09:00,2.9,52,-6.0,-0.5,0,0.0,0.0,0.0,0.0,0.0,0,1018.5,660.7,1,70340.0,3.7,11.9,la_paz,2026-07-01T03:39:46.124393
2026-07-01T10:00,2.6,56,-5.4,-0.7,0,0.0,0.0,0.0,0.0,0.0,0,1019.3,660.9,2,70320.0,3.9,12.6,la_paz,2026-07-01T03:39:46.124393
2026-07-01T11:00,2.2,60,-4.7,-1.1,0,0.0,0.0,0.0,0.0,0.0,0,1019.9,660.9,1,65000.0,3.9,13.0,la_paz,2026-07-01T03:39:46.124393
2026-07-01T12:00,4.8,54,-3.7,1.6,0,0.0,0.0,0.0,0.0,0.0,0,1020.6,663.9,1,27840.0,4.0,13.7,la_paz,2026-07-01T03:39:46.124393
2026-07-01T13:00,8.6,43,-3.4,5.6,0,0.0,0.0,0.0,0.0,0.0,0,1020.9,667.8,1,70200.0,3.2,13.3,la_paz,2026-07-01T03:39:46.124393
2026-07-01T14:00,10.9,37,-3.4,7.3,0,0.0,0.0,0.0,0.0,0.0,0,1020.1,669.5,4,73120.0,7.1,24.1,la_paz,2026-07-01T03:39:46.124393
2026-07-01T15:00,12.8,33,-3.2,9.7,0,0.0,0.0,0.0,0.0,0.0,0,1018.8,670.5,13,52820.0,9.0,30.6,la_paz,2026-07-01T03:39:46.124393
2026-07-01T16:00,14.3,30,-2.9,12.1,17,0.0,0.0,0.0,0.0,0.0,1,1017.2,670.8,26,12660.0,5.2,31.0,la_paz,2026-07-01T03:39:46.124393
2026-07-01T17:00,15.5,28,-3.1,13.9,40,0.1,0.1,0.0,0.0,0.0,51,1015.3,670.7,41,62520.0,3.0,24.5,la_paz,2026-07-01T03:39:46.124393
2026-07-01T18:00,15.9,26,-3.7,13.6,53,0.0,0.0,0.0,0.0,0.0,1,1013.8,670.0,36,73340.0,4.5,20.5,la_paz,2026-07-01T03:39:46.124393
2026-07-01T19:00,15.7,26,-4.0,13.1,45,0.2,0.0,0.2,0.0,0.0,51,1012.4,668.9,41,73400.0,4.0,23.4,la_paz,2026-07-01T03:39:46.124393
2026-07-01T20:00,15.0,31,-1.8,12.3,27,0.2,0.0,0.2,0.0,0.0,51,1012.7,668.5,39,26120.0,2.6,20.5,la_paz,2026-07-01T03:39:46.124393
2026-07-01T21:00,12.0,41,-0.9,8.3,12,0.0,0.0,0.0,0.0,0.0,1,1015.6,667.6,37,36980.0,10.0,28.4,la_paz,2026-07-01T03:39:46.124393
2026-07-01T22:00,10.3,50,0.3,6.4,6,0.0,0.0,0.0,0.0,0.0,1,1017.1,666.9,22,35620.0,12.3,36.0,la_paz,2026-07-01T03:39:46.124393
2026-07-01T23:00,8.7,56,0.5,6.3,4,0.0,0.0,0.0,0.0,0.0,0,1018.7,666.5,19,64940.0,2.8,30.6,la_paz,2026-07-01T03:39:46.124393
2026-07-01T00:00,13.2,52,3.6,11.2,0,0.0,0.0,0.0,0.0,0.0,0,1010.1,730.8,0,68120.0,3.6,14.0,sucre,2026-07-01T03:39:48.592665
2026-07-01T01:00,13.0,53,3.7,11.1,0,0.0,0.0,0.0,0.0,0.0,0,1010.8,731.1,0,68060.0,3.4,8.6,sucre,2026-07-01T03:39:48.592665
2026-07-01T02:00,12.8,54,3.7,11.2,0,0.0,0.0,0.0,0.0,0.0,0,1011.8,731.7,0,68040.0,1.1,8.6,sucre,2026-07-01T03:39:48.592665
2026-07-01T03:00,12.1,56,3.6,10.5,0,0.0,0.0,0.0,0.0,0.0,0,1011.9,731.2,0,68020.0,1.1,4.7,sucre,2026-07-01T03:39:48.592665
2026-07-01T04:00,10.7,61,3.5,8.8,0,0.0,0.0,0.0,0.0,0.0,0,1012.0,730.1,0,61960.0,2.7,5.4,sucre,2026-07-01T03:39:48.592665
2026-07-01T05:00,9.2,65,3.0,7.1,0,0.0,0.0,0.0,0.0,0.0,0,1011.6,728.6,0,61960.0,3.3,7.6,sucre,2026-07-01T03:39:48.592665
2026-07-01T06:00,8.0,65,1.8,5.4,0,0.0,0.0,0.0,0.0,0.0,0,1011.5,727.5,0,58180.0,5.3,11.9,sucre,2026-07-01T03:39:48.592665
2026-07-01T07:00,7.1,62,0.4,4.1,0,0.0,0.0,0.0,0.0,0.0,0,1010.6,726.1,0,58180.0,6.5,15.1,sucre,2026-07-01T03:39:48.592665
2026-07-01T08:00,6.8,57,-1.2,3.5,0,0.0,0.0,0.0,0.0,0.0,0,1010.7,725.9,0,61960.0,6.9,16.2,sucre,2026-07-01T03:39:48.592665
2026-07-01T09:00,6.6,48,-3.7,3.0,0,0.0,0.0,0.0,0.0,0.0,0,1011.4,726.3,0,68000.0,6.2,16.6,sucre,2026-07-01T03:39:48.592665
2026-07-01T10:00,6.3,42,-5.6,2.8,0,0.0,0.0,0.0,0.0,0.0,0,1012.3,726.7,0,67960.0,4.9,14.8,sucre,2026-07-01T03:39:48.592665
2026-07-01T11:00,6.4,39,-6.6,2.6,0,0.0,0.0,0.0,0.0,0.0,0,1012.8,727.1,0,69700.0,6.0,14.0,sucre,2026-07-01T03:39:48.592665
2026-07-01T12:00,10.2,31,-6.4,6.0,0,0.0,0.0,0.0,0.0,0.0,0,1013.8,731.0,0,69640.0,8.8,17.3,sucre,2026-07-01T03:39:48.592665
2026-07-01T13:00,16.4,22,-5.7,13.0,0,0.0,0.0,0.0,0.0,0.0,0,1014.5,736.5,0,69580.0,4.3,17.3,sucre,2026-07-01T03:39:48.592665
2026-07-01T14:00,18.7,18,-5.8,15.5,0,0.0,0.0,0.0,0.0,0.0,0,1014.4,738.2,0,69540.0,2.6,14.8,sucre,2026-07-01T03:39:48.592665
2026-07-01T15:00,20.3,17,-6.0,17.7,0,0.0,0.0,0.0,0.0,0.0,0,1013.6,738.9,0,69540.0,3.3,16.6,sucre,2026-07-01T03:39:48.592665
2026-07-01T16:00,21.5,16,-5.8,18.9,0,0.0,0.0,0.0,0.0,0.0,0,1012.3,738.8,0,69600.0,6.9,22.7,sucre,2026-07-01T03:39:48.592665
2026-07-01T17:00,21.9,16,-4.9,19.0,0,0.0,0.0,0.0,0.0,0.0,1,1011.1,738.3,22,69660.0,10.1,27.4,sucre,2026-07-01T03:39:48.592665
2026-07-01T18:00,22.0,17,-3.9,18.1,0,0.0,0.0,0.0,0.0,0.0,1,1010.0,737.5,46,69700.0,14.3,33.5,sucre,2026-07-01T03:39:48.592665
2026-07-01T19:00,21.6,20,-2.6,16.9,0,0.0,0.0,0.0,0.0,0.0,1,1009.5,736.9,41,24020.0,15.1,34.9,sucre,2026-07-01T03:39:48.592665
2026-07-01T20:00,21.3,19,-2.9,16.1,0,0.0,0.0,0.0,0.0,0.0,1,1008.9,736.2,20,69700.0,18.7,38.9,sucre,2026-07-01T03:39:48.592665
2026-07-01T21:00,20.8,19,-3.8,15.8,0,0.0,0.0,0.0,0.0,0.0,0,1009.1,736.0,18,69640.0,16.2,39.2,sucre,2026-07-01T03:39:48.592665
2026-07-01T22:00,18.8,23,-2.9,14.6,0,0.0,0.0,0.0,0.0,0.0,2,1010.4,735.4,51,69560.0,11.0,32.4,sucre,2026-07-01T03:39:48.592665
2026-07-01T23:00,17.2,34,1.1,14.0,0,0.0,0.0,0.0,0.0,0.0,0,1012.4,735.6,16,69500.0,8.8,22.7,sucre,2026-07-01T03:39:48.592665
2026-07-01T00:00,19.1,61,11.5,18.0,0,0.0,0.0,0.0,0.0,0.0,0,1018.5,893.5,0,60740.0,10.4,19.1,brasília ,2026-07-01T03:40:26.237609
2026-07-01T01:00,18.2,66,11.7,17.2,0,0.0,0.0,0.0,0.0,0.0,0,1019.1,893.7,0,57160.0,10.2,21.2,brasília ,2026-07-01T03:40:26.237609
2026-07-01T02:00,17.5,69,11.7,16.7,0,0.0,0.0,0.0,0.0,0.0,0,1019.3,893.6,0,57160.0,9.1,19.1,brasília ,2026-07-01T03:40:26.237609
2026-07-01T03:00,17.1,71,11.7,16.2,0,0.0,0.0,0.0,0.0,0.0,0,1019.1,893.3,0,57180.0,10.0,18.7,brasília ,2026-07-01T03:40:26.237609
2026-07-01T04:00,16.7,73,11.8,15.9,0,0.0,0.0,0.0,0.0,0.0,0,1018.9,892.9,0,53280.0,9.5,18.7,brasília ,2026-07-01T03:40:26.237609
2026-07-01T05:00,16.2,75,11.7,15.4,0,0.0,0.0,0.0,0.0,0.0,0,1018.4,892.3,0,53320.0,8.4,18.0,brasília ,2026-07-01T03:40:26.237609
2026-07-01T06:00,15.7,76,11.5,15.1,0,0.0,0.0,0.0,0.0,0.0,0,1017.8,891.5,0,53340.0,7.1,15.1,brasília ,2026-07-01T03:40:26.237609
2026-07-01T07:00,15.2,77,11.1,14.6,0,0.0,0.0,0.0,0.0,0.0,0,1017.5,891.1,0,53340.0,6.2,12.6,brasília ,2026-07-01T03:40:26.237609
2026-07-01T08:00,14.8,76,10.6,14.1,0,0.0,0.0,0.0,0.0,0.0,0,1017.9,891.3,0,57260.0,5.8,10.8,brasília ,2026-07-01T03:40:26.237609
2026-07-01T09:00,14.5,75,10.1,13.7,0,0.0,0.0,0.0,0.0,0.0,0,1018.4,891.6,0,57240.0,5.9,9.7,brasília ,2026-07-01T03:40:26.237609
2026-07-01T10:00,14.9,72,10.0,13.9,0,0.0,0.0,0.0,0.0,0.0,0,1019.2,892.5,0,57180.0,6.7,10.8,brasília ,2026-07-01T03:40:26.237609
2026-07-01T11:00,16.9,65,10.3,15.8,0,0.0,0.0,0.0,0.0,0.0,0,1020.4,894.3,0,57100.0,8.1,17.3,brasília ,2026-07-01T03:40:26.237609
2026-07-01T12:00,19.0,58,10.7,17.7,0,0.0,0.0,0.0,0.0,0.0,0,1021.1,895.8,0,60580.0,10.4,25.2,brasília ,2026-07-01T03:40:26.237609
2026-07-01T13:00,20.9,54,11.3,19.0,0,0.0,0.0,0.0,0.0,0.0,0,1021.1,896.5,0,60560.0,15.5,36.7,brasília ,2026-07-01T03:40:26.237609
2026-07-01T14:00,22.2,47,10.3,20.9,0,0.0,0.0,0.0,0.0,0.0,0,1020.9,896.8,0,65800.0,15.2,38.2,brasília ,2026-07-01T03:40:26.237609
2026-07-01T15:00,23.3,41,9.4,22.3,0,0.0,0.0,0.0,0.0,0.0,0,1020.1,896.5,0,65860.0,14.5,37.8,brasília ,2026-07-01T03:40:26.237609
2026-07-01T16:00,23.9,37,8.5,22.8,0,0.0,0.0,0.0,0.0,0.0,0,1019.2,896.0,0,69640.0,14.2,36.7,brasília ,2026-07-01T03:40:26.237609
2026-07-01T17:00,24.2,34,7.3,22.6,0,0.0,0.0,0.0,0.0,0.0,0,1018.1,895.2,0,69720.0,13.9,36.4,brasília ,2026-07-01T03:40:26.237609
2026-07-01T18:00,24.3,31,6.2,21.8,0,0.0,0.0,0.0,0.0,0.0,0,1017.5,894.6,0,69740.0,13.3,35.3,brasília ,2026-07-01T03:40:26.237609
2026-07-01T19:00,24.0,30,5.3,20.9,0,0.0,0.0,0.0,0.0,0.0,0,1017.4,894.4,0,69740.0,13.2,33.5,brasília ,2026-07-01T03:40:26.237609
2026-07-01T20:00,23.1,31,5.2,20.0,0,0.0,0.0,0.0,0.0,0.0,0,1017.7,894.4,0,69740.0,13.2,31.3,brasília ,2026-07-01T03:40:26.237609
2026-07-01T21:00,21.2,40,7.0,18.9,0,0.0,0.0,0.0,0.0,0.0,0,1018.4,894.2,0,69680.0,10.1,28.4,brasília ,2026-07-01T03:40:26.237609
2026-07-01T22:00,20.0,48,8.8,18.5,0,0.0,0.0,0.0,0.0,0.0,0,1018.9,894.2,0,65920.0,8.3,19.4,brasília ,2026-07-01T03:40:26.237609
2026-07-01T23:00,19.1,53,9.2,17.8,0,0.0,0.0,0.0,0.0,0.0,0,1019.5,894.4,0,65880.0,6.8,14.8,brasília ,2026-07-01T03:40:26.237609
2026-07-01T00:00,18.2,86,15.8,18.3,12,0.0,0.0,0.0,0.0,0.0,3,1016.5,914.3,88,32360.0,12.5,25.6,curitiba,2026-07-01T03:41:44.119282
2026-07-01T01:00,17.9,88,15.9,17.9,7,0.0,0.0,0.0,0.0,0.0,3,1016.3,914.0,99,28780.0,13.7,28.4,curitiba,2026-07-01T03:41:44.119282
2026-07-01T02:00,18.2,85,15.7,17.9,4,0.0,0.0,0.0,0.0,0.0,3,1016.4,914.2,98,32380.0,14.8,31.3,curitiba,2026-07-01T03:41:44.119282
2026-07-01T03:00,18.1,85,15.5,17.8,2,0.0,0.0,0.0,0.0,0.0,3,1016.3,914.1,87,32380.0,14.4,31.3,curitiba,2026-07-01T03:41:44.119282
2026-07-01T04:00,18.0,83,15.1,17.6,2,0.0,0.0,0.0,0.0,0.0,3,1016.5,914.2,98,32360.0,14.6,31.7,curitiba,2026-07-01T03:41:44.119282
2026-07-01T05:00,17.7,82,14.7,17.3,4,0.0,0.0,0.0,0.0,0.0,2,1016.4,914.0,73,32380.0,13.4,31.0,curitiba,2026-07-01T03:41:44.119282
2026-07-01T06:00,17.1,84,14.4,16.9,6,0.0,0.0,0.0,0.0,0.0,1,1016.4,913.8,46,32380.0,11.1,28.4,curitiba,2026-07-01T03:41:44.119282
2026-07-01T07:00,16.5,85,14.0,16.4,6,0.0,0.0,0.0,0.0,0.0,1,1016.3,913.5,22,32380.0,9.4,22.7,curitiba,2026-07-01T03:41:44.119282
2026-07-01T08:00,16.2,85,13.7,15.8,6,0.0,0.0,0.0,0.0,0.0,0,1016.4,913.5,15,32380.0,10.5,20.5,curitiba,2026-07-01T03:41:44.119282
2026-07-01T09:00,16.3,82,13.3,15.7,6,0.0,0.0,0.0,0.0,0.0,0,1016.9,914.0,19,27680.0,11.3,22.7,curitiba,2026-07-01T03:41:44.119282
2026-07-01T10:00,16.1,82,13.0,15.4,5,0.0,0.0,0.0,0.0,0.0,0,1018.0,914.9,19,14520.0,11.0,23.0,curitiba,2026-07-01T03:41:44.119282
2026-07-01T11:00,16.8,80,13.4,16.5,3,0.0,0.0,0.0,0.0,0.0,0,1019.0,916.1,11,15580.0,9.7,22.3,curitiba,2026-07-01T03:41:44.119282
2026-07-01T12:00,18.7,75,14.1,19.2,2,0.0,0.0,0.0,0.0,0.0,0,1019.6,917.2,2,18860.0,5.2,19.8,curitiba,2026-07-01T03:41:44.119282
2026-07-01T13:00,20.4,69,14.5,21.1,1,0.0,0.0,0.0,0.0,0.0,0,1020.3,918.4,0,38740.0,5.1,15.1,curitiba,2026-07-01T03:41:44.119282
2026-07-01T14:00,21.9,62,14.3,22.3,0,0.0,0.0,0.0,0.0,0.0,0,1020.1,918.7,0,38760.0,7.0,19.8,curitiba,2026-07-01T03:41:44.119282
2026-07-01T15:00,23.2,56,13.9,23.6,0,0.0,0.0,0.0,0.0,0.0,0,1019.3,918.4,0,41880.0,8.7,23.0,curitiba,2026-07-01T03:41:44.119282
2026-07-01T16:00,24.0,53,13.8,24.1,0,0.0,0.0,0.0,0.0,0.0,0,1018.2,917.7,1,42040.0,10.9,27.4,curitiba,2026-07-01T03:41:44.119282
2026-07-01T17:00,24.2,53,14.0,24.0,0,0.0,0.0,0.0,0.0,0.0,0,1017.2,916.8,1,42180.0,12.0,29.5,curitiba,2026-07-01T03:41:44.119282
2026-07-01T18:00,24.1,54,14.2,23.9,0,0.0,0.0,0.0,0.0,0.0,0,1017.1,916.7,12,42160.0,10.4,29.2,curitiba,2026-07-01T03:41:44.119282
2026-07-01T19:00,23.6,57,14.6,23.7,0,0.0,0.0,0.0,0.0,0.0,0,1017.2,916.7,2,42140.0,9.5,24.8,curitiba,2026-07-01T03:41:44.119282
2026-07-01T20:00,22.1,65,15.3,22.9,0,0.0,0.0,0.0,0.0,0.0,0,1017.8,916.7,8,39020.0,6.5,20.5,curitiba,2026-07-01T03:41:44.119282
2026-07-01T21:00,19.6,75,15.1,20.4,0,0.0,0.0,0.0,0.0,0.0,0,1018.5,916.5,18,35680.0,5.8,13.3,curitiba,2026-07-01T03:41:44.119282
2026-07-01T22:00,18.8,78,14.9,19.4,0,0.0,0.0,0.0,0.0,0.0,2,1019.0,916.7,59,35620.0,7.0,14.0,curitiba,2026-07-01T03:41:44.119282
2026-07-01T23:00,18.2,79,14.5,18.4,0,0.0,0.0,0.0,0.0,0.0,0,1019.4,916.9,13,35580.0,8.4,16.6,curitiba,2026-07-01T03:41:44.119282
2026-07-01T00:00,24.9,80,21.2,27.3,31,0.0,0.0,0.0,0.0,0.0,2,1014.8,1011.5,52,14940.0,14.5,27.7,natal,2026-07-01T03:42:21.808240
2026-07-01T01:00,24.2,84,21.4,26.6,46,0.2,0.2,0.0,0.0,0.0,51,1015.0,1011.7,97,10620.0,15.1,27.7,natal,2026-07-01T03:42:21.808240
2026-07-01T02:00,24.2,85,21.5,26.6,64,0.1,0.1,0.0,0.0,0.0,51,1015.0,1011.7,99,13220.0,15.3,29.9,natal,2026-07-01T03:42:21.808240
2026-07-01T03:00,23.7,87,21.5,26.1,80,0.2,0.2,0.0,0.0,0.0,51,1014.8,1011.5,94,5000.0,15.6,29.2,natal,2026-07-01T03:42:21.808240
2026-07-01T04:00,23.0,94,22.0,26.0,90,0.5,0.5,0.0,0.0,0.0,53,1014.1,1010.8,77,7100.0,13.2,28.1,natal,2026-07-01T03:42:21.808240
2026-07-01T05:00,22.9,96,22.2,26.2,97,0.6,0.3,0.3,0.0,0.0,53,1013.9,1010.6,100,4200.0,12.0,23.0,natal,2026-07-01T03:42:21.808240
2026-07-01T06:00,22.7,97,22.2,25.5,100,0.6,0.3,0.3,0.0,0.0,53,1013.6,1010.3,100,5480.0,15.4,27.4,natal,2026-07-01T03:42:21.808240
2026-07-01T07:00,22.5,97,22.0,25.2,99,0.6,0.3,0.3,0.0,0.0,53,1013.4,1010.1,22,9420.0,15.4,27.4,natal,2026-07-01T03:42:21.808240
2026-07-01T08:00,22.3,97,21.8,24.7,94,0.1,0.1,0.0,0.0,0.0,51,1013.7,1010.4,59,7180.0,16.3,29.5,natal,2026-07-01T03:42:21.808240
2026-07-01T09:00,22.1,98,21.7,24.6,88,0.1,0.1,0.0,0.0,0.0,51,1014.1,1010.8,27,9080.0,15.5,28.8,natal,2026-07-01T03:42:21.808240
2026-07-01T10:00,23.3,92,21.9,25.3,80,0.0,0.0,0.0,0.0,0.0,1,1014.6,1011.3,25,15740.0,19.6,36.7,natal,2026-07-01T03:42:21.808240
2026-07-01T11:00,25.1,85,22.4,28.0,70,0.0,0.0,0.0,0.0,0.0,0,1015.1,1011.9,10,19740.0,15.5,40.3,natal,2026-07-01T03:42:21.808240
2026-07-01T12:00,27.0,73,21.9,28.4,59,0.1,0.1,0.0,0.0,0.0,51,1015.2,1012.0,19,26120.0,24.1,49.3,natal,2026-07-01T03:42:21.808240
2026-07-01T13:00,28.0,67,21.3,29.4,48,0.0,0.0,0.0,0.0,0.0,1,1015.0,1011.8,23,44960.0,26.6,55.1,natal,2026-07-01T03:42:21.808240
2026-07-01T14:00,28.2,66,21.2,29.6,37,0.0,0.0,0.0,0.0,0.0,1,1014.5,1011.3,25,37720.0,27.9,57.6,natal,2026-07-01T03:42:21.808240
2026-07-01T15:00,28.3,65,21.2,30.1,27,0.0,0.0,0.0,0.0,0.0,1,1014.3,1011.1,23,44960.0,27.0,58.0,natal,2026-07-01T03:42:21.808240
2026-07-01T16:00,28.2,65,21.1,30.0,17,0.0,0.0,0.0,0.0,0.0,0,1013.7,1010.5,6,44960.0,25.4,56.5,natal,2026-07-01T03:42:21.808240
2026-07-01T17:00,28.0,64,20.5,29.2,8,0.0,0.0,0.0,0.0,0.0,0,1013.2,1010.0,2,44960.0,24.6,52.9,natal,2026-07-01T03:42:21.808240
2026-07-01T18:00,27.6,63,19.8,28.0,2,0.0,0.0,0.0,0.0,0.0,1,1013.0,1009.8,28,44960.0,23.4,50.8,natal,2026-07-01T03:42:21.808240
2026-07-01T19:00,27.0,66,20.1,27.9,0,0.0,0.0,0.0,0.0,0.0,2,1013.4,1010.2,52,44960.0,20.5,47.2,natal,2026-07-01T03:42:21.808240
2026-07-01T20:00,26.3,71,20.7,27.7,0,0.0,0.0,0.0,0.0,0.0,3,1013.9,1010.7,82,40860.0,18.7,39.6,natal,2026-07-01T03:42:21.808240
2026-07-01T21:00,25.9,73,20.8,27.1,2,0.0,0.0,0.0,0.0,0.0,1,1014.5,1011.3,22,20080.0,20.7,40.0,natal,2026-07-01T03:42:21.808240
2026-07-01T22:00,25.3,77,20.9,26.9,8,0.0,0.0,0.0,0.0,0.0,1,1015.1,1011.9,21,16720.0,18.0,39.6,natal,2026-07-01T03:42:21.808240
2026-07-01T23:00,25.1,78,20.9,27.0,17,0.0,0.0,0.0,0.0,0.0,1,1015.8,1012.5,38,17420.0,16.4,34.2,natal,2026-07-01T03:42:21.808240
2026-07-01T00:00,22.3,84,19.6,24.5,0,0.0,0.0,0.0,0.0,0.0,0,1017.4,1016.8,1,26320.0,10.2,24.8,rio_de_janeiro,2026-07-01T03:42:59.592349
2026-07-01T01:00,22.0,83,19.1,24.0,0,0.0,0.0,0.0,0.0,0.0,0,1017.3,1016.7,3,26340.0,9.3,24.1,rio_de_janeiro,2026-07-01T03:42:59.592349
2026-07-01T02:00,21.6,85,18.9,23.9,0,0.0,0.0,0.0,0.0,0.0,0,1017.5,1016.9,1,26320.0,7.4,22.3,rio_de_janeiro,2026-07-01T03:42:59.592349
2026-07-01T03:00,21.5,85,18.8,23.8,0,0.0,0.0,0.0,0.0,0.0,0,1017.2,1016.6,0,26340.0,6.9,18.4,rio_de_janeiro,2026-07-01T03:42:59.592349
2026-07-01T04:00,21.2,86,18.7,23.6,0,0.0,0.0,0.0,0.0,0.0,0,1016.9,1016.3,0,26340.0,5.5,17.3,rio_de_janeiro,2026-07-01T03:42:59.592349
2026-07-01T05:00,20.9,88,18.7,23.1,0,0.0,0.0,0.0,0.0,0.0,0,1016.5,1015.9,9,23440.0,6.9,16.9,rio_de_janeiro,2026-07-01T03:42:59.592349
2026-07-01T06:00,20.8,88,18.7,22.8,0,0.0,0.0,0.0,0.0,0.0,0,1015.8,1015.2,16,23440.0,7.8,18.7,rio_de_janeiro,2026-07-01T03:42:59.592349
2026-07-01T07:00,20.7,88,18.6,22.6,0,0.0,0.0,0.0,0.0,0.0,0,1015.5,1014.9,2,23440.0,8.8,20.5,rio_de_janeiro,2026-07-01T03:42:59.592349
2026-07-01T08:00,20.9,86,18.5,22.6,0,0.0,0.0,0.0,0.0,0.0,0,1015.7,1015.1,3,23440.0,9.4,22.0,rio_de_janeiro,2026-07-01T03:42:59.592349
2026-07-01T09:00,20.8,86,18.3,22.6,0,0.0,0.0,0.0,0.0,0.0,0,1015.9,1015.3,0,26340.0,8.5,22.3,rio_de_janeiro,2026-07-01T03:42:59.592349
2026-07-01T10:00,20.9,84,18.1,22.7,0,0.0,0.0,0.0,0.0,0.0,0,1016.5,1015.9,0,26340.0,7.4,21.2,rio_de_janeiro,2026-07-01T03:42:59.592349
2026-07-01T11:00,22.7,80,19.0,24.9,0,0.0,0.0,0.0,0.0,0.0,0,1017.3,1016.7,0,29840.0,7.6,19.4,rio_de_janeiro,2026-07-01T03:42:59.592349
2026-07-01T12:00,24.2,75,19.4,26.8,0,0.0,0.0,0.0,0.0,0.0,0,1018.0,1017.4,1,29840.0,5.9,19.8,rio_de_janeiro,2026-07-01T03:42:59.592349
2026-07-01T13:00,25.8,70,19.9,28.8,0,0.0,0.0,0.0,0.0,0.0,0,1018.8,1018.2,0,32920.0,5.1,18.7,rio_de_janeiro,2026-07-01T03:42:59.592349
2026-07-01T14:00,27.1,64,19.6,30.2,0,0.0,0.0,0.0,0.0,0.0,0,1018.9,1018.3,0,32920.0,5.2,20.2,rio_de_janeiro,2026-07-01T03:42:59.592349
2026-07-01T15:00,27.8,61,19.6,31.3,0,0.0,0.0,0.0,0.0,0.0,0,1018.5,1017.9,0,35820.0,5.4,20.5,rio_de_janeiro,2026-07-01T03:42:59.592349
2026-07-01T16:00,28.5,60,19.9,32.2,0,0.0,0.0,0.0,0.0,0.0,0,1018.0,1017.4,0,35820.0,4.8,20.5,rio_de_janeiro,2026-07-01T03:42:59.592349
2026-07-01T17:00,28.2,62,20.3,32.1,0,0.0,0.0,0.0,0.0,0.0,0,1017.5,1016.9,0,32920.0,2.2,18.7,rio_de_janeiro,2026-07-01T03:42:59.592349
2026-07-01T18:00,26.9,73,21.6,30.6,0,0.0,0.0,0.0,0.0,0.0,0,1017.6,1017.0,0,29840.0,6.7,16.2,rio_de_janeiro,2026-07-01T03:42:59.592349
2026-07-01T19:00,25.2,78,21.1,28.3,0,0.0,0.0,0.0,0.0,0.0,0,1017.9,1017.3,0,29840.0,9.0,20.2,rio_de_janeiro,2026-07-01T03:42:59.592349
2026-07-01T20:00,23.5,82,20.2,26.3,0,0.0,0.0,0.0,0.0,0.0,0,1018.5,1017.9,0,26340.0,7.6,20.2,rio_de_janeiro,2026-07-01T03:42:59.592349
2026-07-01T21:00,22.2,86,19.7,25.4,0,0.0,0.0,0.0,0.0,0.0,0,1018.9,1018.3,1,26340.0,3.2,16.2,rio_de_janeiro,2026-07-01T03:42:59.592349
2026-07-01T22:00,21.9,87,19.6,25.1,0,0.0,0.0,0.0,0.0,0.0,0,1019.4,1018.8,1,26340.0,2.7,7.6,rio_de_janeiro,2026-07-01T03:42:59.592349
2026-07-01T23:00,21.6,87,19.3,24.6,0,0.0,0.0,0.0,0.0,0.0,0,1019.7,1019.1,1,26340.0,3.2,6.8,rio_de_janeiro,2026-07-01T03:42:59.592349
2026-07-01T00:00,19.8,75,15.2,21.0,0,0.0,0.0,0.0,0.0,0.0,0,1018.4,931.6,5,32820.0,3.4,5.0,São Paulo,2026-07-01T03:43:02.066178
2026-07-01T01:00,19.3,75,14.8,19.8,0,0.0,0.0,0.0,0.0,0.0,0,1018.5,931.6,6,32840.0,7.4,13.3,São Paulo,2026-07-01T03:43:02.066178
2026-07-01T02:00,19.1,70,13.5,18.8,0,0.0,0.0,0.0,0.0,0.0,0,1018.5,931.5,7,32860.0,9.2,18.4,São Paulo,2026-07-01T03:43:02.066178
2026-07-01T03:00,18.5,69,12.6,18.0,0,0.0,0.0,0.0,0.0,0.0,0,1018.6,931.5,5,32860.0,9.0,18.4,São Paulo,2026-07-01T03:43:02.066178
2026-07-01T04:00,18.2,67,12.0,17.2,0,0.0,0.0,0.0,0.0,0.0,0,1018.2,931.0,17,32940.0,10.3,21.2,São Paulo,2026-07-01T03:43:02.066178
2026-07-01T05:00,18.0,65,11.3,16.8,0,0.0,0.0,0.0,0.0,0.0,0,1017.8,930.6,5,33020.0,10.8,22.0,São Paulo,2026-07-01T03:43:02.066178
2026-07-01T06:00,17.8,66,11.3,16.4,0,0.0,0.0,0.0,0.0,0.0,0,1017.4,930.2,0,33100.0,12.1,25.6,São Paulo,2026-07-01T03:43:02.066178
2026-07-01T07:00,17.5,68,11.5,16.2,0,0.0,0.0,0.0,0.0,0.0,0,1017.1,929.8,0,33160.0,11.9,25.6,São Paulo,2026-07-01T03:43:02.066178
2026-07-01T08:00,17.3,69,11.6,16.0,0,0.0,0.0,0.0,0.0,0.0,0,1017.3,929.9,0,33140.0,11.7,24.8,São Paulo,2026-07-01T03:43:02.066178
2026-07-01T09:00,17.0,71,11.7,15.7,0,0.0,0.0,0.0,0.0,0.0,0,1017.7,930.2,0,33060.0,12.2,25.6,São Paulo,2026-07-01T03:43:02.066178
2026-07-01T10:00,16.9,71,11.7,15.7,0,0.0,0.0,0.0,0.0,0.0,0,1018.4,930.8,0,32920.0,11.6,25.6,São Paulo,2026-07-01T03:43:02.066178
2026-07-01T11:00,18.2,68,12.3,17.7,0,0.0,0.0,0.0,0.0,0.0,0,1019.5,932.2,0,32720.0,8.3,23.8,São Paulo,2026-07-01T03:43:02.066178
2026-07-01T12:00,20.3,65,13.4,20.9,0,0.0,0.0,0.0,0.0,0.0,0,1020.4,933.6,0,32560.0,3.0,18.0,São Paulo,2026-07-01T03:43:02.066178
2026-07-01T13:00,22.3,60,14.1,23.3,0,0.0,0.0,0.0,0.0,0.0,0,1021.1,934.8,0,35120.0,2.3,9.7,São Paulo,2026-07-01T03:43:02.066178
2026-07-01T14:00,24.2,54,14.3,25.2,0,0.0,0.0,0.0,0.0,0.0,0,1020.9,935.2,0,35120.0,4.5,14.8,São Paulo,2026-07-01T03:43:02.066178
2026-07-01T15:00,25.5,48,13.8,26.1,0,0.0,0.0,0.0,0.0,0.0,0,1020.3,935.0,0,39460.0,8.7,24.5,São Paulo,2026-07-01T03:43:02.066178
2026-07-01T16:00,25.9,48,14.0,26.5,0,0.0,0.0,0.0,0.0,0.0,0,1019.6,934.4,0,39600.0,9.2,26.3,São Paulo,2026-07-01T03:43:02.066178
2026-07-01T17:00,26.2,46,13.7,26.4,0,0.0,0.0,0.0,0.0,0.0,0,1018.5,933.5,0,39800.0,9.2,26.3,São Paulo,2026-07-01T03:43:02.066178
2026-07-01T18:00,26.1,46,13.5,25.9,0,0.0,0.0,0.0,0.0,0.0,0,1018.2,933.2,0,39840.0,8.6,25.9,São Paulo,2026-07-01T03:43:02.066178
2026-07-01T19:00,25.6,47,13.3,25.4,0,0.0,0.0,0.0,0.0,0.0,0,1018.2,933.0,0,39820.0,8.3,23.4,São Paulo,2026-07-01T03:43:02.066178
2026-07-01T20:00,24.4,52,14.0,24.5,0,0.0,0.0,0.0,0.0,0.0,0,1018.8,933.3,0,35460.0,7.8,20.5,São Paulo,2026-07-01T03:43:02.066178
2026-07-01T21:00,22.5,62,15.0,23.1,0,0.0,0.0,0.0,0.0,0.0,0,1019.2,933.1,0,35380.0,6.9,16.9,São Paulo,2026-07-01T03:43:02.066178
2026-07-01T22:00,21.7,68,15.7,22.9,0,0.0,0.0,0.0,0.0,0.0,0,1019.8,933.5,0,32560.0,4.8,12.6,São Paulo,2026-07-01T03:43:02.066178
2026-07-01T23:00,21.2,72,15.9,23.1,0,0.0,0.0,0.0,0.0,0.0,0,1020.2,933.7,0,32480.0,0.8,8.3,São Paulo,2026-07-01T03:43:02.066178
2026-07-01T00:00,21.5,71,16.1,23.3,0,0.0,0.0,0.0,0.0,0.0,0,1016.2,954.0,0,39880.0,2.5,4.7,sofia,2026-07-01T03:43:04.562740
2026-07-01T01:00,21.0,73,16.0,22.7,0,0.0,0.0,0.0,0.0,0.0,0,1015.9,953.6,1,40460.0,2.5,5.0,sofia,2026-07-01T03:43:04.562740
2026-07-01T02:00,20.4,74,15.6,22.0,0,0.0,0.0,0.0,0.0,0.0,0,1015.4,953.0,0,40460.0,2.1,5.8,sofia,2026-07-01T03:43:04.562740
2026-07-01T03:00,19.9,77,15.7,21.5,0,0.0,0.0,0.0,0.0,0.0,0,1015.4,952.9,0,35840.0,2.4,4.7,sofia,2026-07-01T03:43:04.562740
2026-07-01T04:00,20.1,75,15.5,21.6,8,0.0,0.0,0.0,0.0,0.0,0,1014.8,952.4,1,36780.0,2.3,5.8,sofia,2026-07-01T03:43:04.562740
2026-07-01T05:00,21.4,81,18.0,23.9,10,0.0,0.0,0.0,0.0,0.0,1,1015.0,952.9,20,23660.0,3.4,14.4,sofia,2026-07-01T03:43:04.562740
2026-07-01T06:00,21.0,79,17.2,23.0,23,0.7,0.0,0.7,0.0,0.0,95,1016.4,954.1,100,30020.0,4.0,28.4,sofia,2026-07-01T03:43:04.562740
2026-07-01T07:00,21.6,72,16.3,22.8,25,0.2,0.0,0.2,0.0,0.0,80,1016.2,954.0,99,33640.0,6.6,17.3,sofia,2026-07-01T03:43:04.562740
2026-07-01T08:00,22.3,71,16.8,23.8,25,0.4,0.0,0.4,0.0,0.0,3,1015.9,953.9,100,34460.0,6.1,18.4,sofia,2026-07-01T03:43:04.562740
2026-07-01T09:00,23.6,65,16.6,24.8,20,0.0,0.0,0.0,0.0,0.0,3,1015.4,953.7,100,36980.0,7.3,27.7,sofia,2026-07-01T03:43:04.562740
2026-07-01T10:00,25.4,59,16.8,27.5,48,0.0,0.0,0.0,0.0,0.0,3,1014.7,953.4,98,38720.0,9.0,24.1,sofia,2026-07-01T03:43:04.562740
2026-07-01T11:00,26.8,56,17.3,29.6,60,0.1,0.0,0.1,0.0,0.0,3,1013.8,952.8,95,39440.0,8.8,28.1,sofia,2026-07-01T03:43:04.562740
2026-07-01T12:00,26.5,59,17.8,28.5,35,0.3,0.0,0.3,0.0,0.0,80,1013.1,952.1,100,39240.0,10.6,34.9,sofia,2026-07-01T03:43:04.562740
2026-07-01T13:00,27.2,55,17.4,28.6,38,0.0,0.0,0.0,0.0,0.0,3,1012.2,951.4,100,39960.0,11.2,33.8,sofia,2026-07-01T03:43:04.562740
2026-07-01T14:00,27.2,55,17.4,28.5,40,0.1,0.0,0.1,0.0,0.0,3,1011.4,950.6,100,40180.0,9.4,34.2,sofia,2026-07-01T03:43:04.562740
2026-07-01T15:00,26.8,52,16.2,28.0,58,0.1,0.0,0.1,0.0,0.0,3,1011.3,950.5,100,40600.0,6.8,29.2,sofia,2026-07-01T03:43:04.562740
2026-07-01T16:00,22.9,72,17.6,23.7,70,1.0,0.0,1.0,0.0,0.0,95,1012.9,951.2,100,34480.0,13.6,36.4,sofia,2026-07-01T03:43:04.562740
2026-07-01T17:00,21.4,80,17.8,23.7,53,0.8,0.0,0.8,0.0,0.0,3,1012.5,950.5,100,29820.0,3.2,36.4,sofia,2026-07-01T03:43:04.562740
2026-07-01T18:00,21.1,82,17.9,23.5,23,0.0,0.0,0.0,0.0,0.0,2,1012.5,950.4,61,27260.0,3.1,13.3,sofia,2026-07-01T03:43:04.562740
2026-07-01T19:00,21.0,84,18.2,23.4,8,0.0,0.0,0.0,0.0,0.0,3,1012.8,950.7,100,31500.0,3.9,13.0,sofia,2026-07-01T03:43:04.562740
2026-07-01T20:00,20.6,83,17.7,23.3,3,0.2,0.0,0.2,0.0,0.0,3,1012.6,950.5,100,31760.0,1.0,13.7,sofia,2026-07-01T03:43:04.562740
2026-07-01T21:00,20.2,87,18.0,22.6,10,0.0,0.0,0.0,0.0,0.0,3,1012.2,950.0,100,23140.0,3.9,9.0,sofia,2026-07-01T03:43:04.562740
2026-07-01T22:00,19.7,93,18.6,22.4,8,0.0,0.0,0.0,0.0,0.0,45,1012.1,949.8,100,10700.0,3.9,11.2,sofia,2026-07-01T03:43:04.562740
2026-07-01T23:00,19.5,95,18.7,22.3,5,0.0,0.0,0.0,0.0,0.0,45,1011.8,949.5,99,4380.0,2.6,12.2,sofia,2026-07-01T03:43:04.562740
2026-07-01T00:00,27.9,76,23.3,32.3,16,0.0,0.0,0.0,0.0,0.0,3,1007.3,1005.7,95,23220.0,8.7,19.1,phnom_penh,2026-07-01T03:43:07.161561
2026-07-01T01:00,29.4,68,23.0,32.8,9,0.0,0.0,0.0,0.0,0.0,3,1008.0,1006.4,97,33220.0,14.4,33.1,phnom_penh,2026-07-01T03:43:07.161561
2026-07-01T02:00,30.8,63,23.0,34.1,5,0.0,0.0,0.0,0.0,0.0,3,1008.3,1006.7,97,33220.0,15.2,35.6,phnom_penh,2026-07-01T03:43:07.161561
2026-07-01T03:00,32.3,58,23.0,35.9,10,0.0,0.0,0.0,0.0,0.0,3,1008.6,1007.0,96,36220.0,17.5,41.4,phnom_penh,2026-07-01T03:43:07.161561
2026-07-01T04:00,32.4,58,23.1,36.7,34,0.0,0.0,0.0,0.0,0.0,3,1008.2,1006.6,99,36220.0,16.1,45.0,phnom_penh,2026-07-01T03:43:07.161561
2026-07-01T05:00,32.5,57,22.9,36.6,67,0.5,0.3,0.2,0.0,0.0,53,1007.4,1005.8,98,8340.0,15.7,43.9,phnom_penh,2026-07-01T03:43:07.161561
2026-07-01T06:00,33.8,54,23.2,38.8,92,0.1,0.1,0.0,0.0,0.0,51,1005.9,1004.3,95,13320.0,15.4,42.5,phnom_penh,2026-07-01T03:43:07.161561
2026-07-01T07:00,33.8,54,23.1,37.8,100,0.1,0.1,0.0,0.0,0.0,51,1005.2,1003.6,100,36240.0,17.1,43.6,phnom_penh,2026-07-01T03:43:07.161561
2026-07-01T08:00,28.4,82,25.1,33.4,100,6.0,0.4,5.6,0.0,0.0,96,1005.4,1003.8,100,3820.0,11.9,43.6,phnom_penh,2026-07-01T03:43:07.161561
2026-07-01T09:00,26.7,89,24.8,30.5,100,4.8,0.7,4.1,0.0,0.0,96,1005.4,1003.8,100,1740.0,19.1,37.4,phnom_penh,2026-07-01T03:43:07.161561
2026-07-01T10:00,27.0,91,25.4,32.2,97,2.7,2.1,0.6,0.0,0.0,81,1005.0,1003.4,98,5900.0,12.0,35.3,phnom_penh,2026-07-01T03:43:07.161561
2026-07-01T11:00,27.3,87,24.9,31.8,92,0.1,0.1,0.0,0.0,0.0,51,1005.4,1003.8,100,26400.0,14.7,27.0,phnom_penh,2026-07-01T03:43:07.161561
2026-07-01T12:00,27.2,84,24.3,31.1,84,0.0,0.0,0.0,0.0,0.0,3,1006.0,1004.4,100,26140.0,15.8,31.3,phnom_penh,2026-07-01T03:43:07.161561
2026-07-01T13:00,27.2,84,24.2,31.4,72,0.0,0.0,0.0,0.0,0.0,3,1007.1,1005.5,100,26660.0,13.2,30.2,phnom_penh,2026-07-01T03:43:07.161561
2026-07-01T14:00,27.0,85,24.3,31.5,58,0.0,0.0,0.0,0.0,0.0,3,1007.9,1006.3,99,19120.0,12.2,25.2,phnom_penh,2026-07-01T03:43:07.161561
2026-07-01T15:00,26.8,86,24.2,31.1,47,0.0,0.0,0.0,0.0,0.0,3,1008.5,1006.9,100,17900.0,12.8,24.8,phnom_penh,2026-07-01T03:43:07.161561
2026-07-01T16:00,26.4,86,23.9,30.6,41,0.3,0.0,0.3,0.0,0.0,51,1009.0,1007.4,100,22800.0,12.0,25.2,phnom_penh,2026-07-01T03:43:07.161561
2026-07-01T17:00,26.0,88,23.9,30.3,37,0.1,0.0,0.1,0.0,0.0,51,1008.3,1006.7,100,23980.0,11.1,23.8,phnom_penh,2026-07-01T03:43:07.161561
2026-07-01T18:00,25.7,89,23.7,29.8,35,0.0,0.0,0.0,0.0,0.0,3,1007.7,1006.1,100,13320.0,12.6,23.8,phnom_penh,2026-07-01T03:43:07.161561
2026-07-01T19:00,25.5,90,23.7,29.3,34,0.1,0.1,0.0,0.0,0.0,51,1007.1,1005.5,100,10220.0,14.2,27.7,phnom_penh,2026-07-01T03:43:07.161561
2026-07-01T20:00,25.2,93,23.9,29.2,34,0.7,0.1,0.6,0.0,0.0,53,1006.5,1004.9,100,7120.0,13.6,27.7,phnom_penh,2026-07-01T03:43:07.161561
2026-07-01T21:00,25.2,93,24.0,29.5,35,0.2,0.2,0.0,0.0,0.0,51,1006.0,1004.4,100,8600.0,11.9,25.2,phnom_penh,2026-07-01T03:43:07.161561
2026-07-01T22:00,25.1,93,24.0,29.6,36,0.1,0.1,0.0,0.0,0.0,51,1006.3,1004.7,100,17540.0,10.9,21.6,phnom_penh,2026-07-01T03:43:07.161561
2026-07-01T23:00,25.2,92,23.8,29.7,37,0.0,0.0,0.0,0.0,0.0,3,1006.8,1005.2,100,20680.0,10.0,20.2,phnom_penh,2026-07-01T03:43:07.161561
2026-07-01T00:00,17.2,68,11.2,16.0,57,0.0,0.0,0.0,0.0,0.0,3,1006.0,890.8,100,26200.0,10.3,19.4,calgary,2026-07-01T03:43:44.955480
2026-07-01T01:00,17.3,70,11.8,17.2,47,0.0,0.0,0.0,0.0,0.0,3,1006.3,891.1,99,24500.0,4.6,6.8,calgary,2026-07-01T03:43:44.955480
2026-07-01T02:00,16.7,74,12.1,16.5,36,0.0,0.0,0.0,0.0,0.0,3,1006.5,891.0,83,22500.0,5.8,6.8,calgary,2026-07-01T03:43:44.955480
2026-07-01T03:00,15.4,84,12.7,15.6,16,0.0,0.0,0.0,0.0,0.0,2,1006.7,890.7,69,17300.0,4.3,7.6,calgary,2026-07-01T03:43:44.955480
2026-07-01T04:00,14.5,86,12.2,14.6,8,0.0,0.0,0.0,0.0,0.0,0,1007.0,890.7,13,16100.0,4.4,7.6,calgary,2026-07-01T03:43:44.955480
2026-07-01T05:00,13.6,89,11.8,13.3,6,0.0,0.0,0.0,0.0,0.0,0,1006.5,889.9,0,14500.0,5.4,6.1,calgary,2026-07-01T03:43:44.955480
2026-07-01T06:00,13.0,89,11.2,12.6,6,0.0,0.0,0.0,0.0,0.0,0,1006.4,889.6,7,14600.0,5.5,5.8,calgary,2026-07-01T03:43:44.955480
2026-07-01T07:00,12.6,87,10.5,11.9,6,0.0,0.0,0.0,0.0,0.0,1,1006.3,889.3,41,15300.0,5.7,5.8,calgary,2026-07-01T03:43:44.955480
2026-07-01T08:00,11.9,94,11.0,11.4,6,0.0,0.0,0.0,0.0,0.0,1,1006.3,889.0,23,12300.0,5.4,9.7,calgary,2026-07-01T03:43:44.955480
2026-07-01T09:00,11.3,93,10.2,10.8,5,0.0,0.0,0.0,0.0,0.0,0,1006.5,889.0,5,12200.0,3.9,7.2,calgary,2026-07-01T03:43:44.955480
2026-07-01T10:00,10.9,92,9.7,10.2,5,0.0,0.0,0.0,0.0,0.0,0,1007.0,889.3,6,12200.0,4.6,5.4,calgary,2026-07-01T03:43:44.955480
2026-07-01T11:00,10.8,94,9.8,9.9,4,0.0,0.0,0.0,0.0,0.0,45,1007.1,889.3,100,100.0,5.5,5.0,calgary,2026-07-01T03:43:44.955480
2026-07-01T12:00,11.5,100,11.5,11.6,4,0.0,0.0,0.0,0.0,0.0,45,1007.1,889.6,100,100.0,2.0,1.8,calgary,2026-07-01T03:43:44.955480
2026-07-01T13:00,11.7,100,11.7,11.8,4,0.0,0.0,0.0,0.0,0.0,45,1007.3,889.8,100,100.0,2.9,4.3,calgary,2026-07-01T03:43:44.955480
2026-07-01T14:00,13.4,91,12.0,13.4,2,0.0,0.0,0.0,0.0,0.0,2,1007.5,890.7,63,14000.0,4.5,12.6,calgary,2026-07-01T03:43:44.955480
2026-07-01T15:00,15.9,70,10.4,14.7,1,0.0,0.0,0.0,0.0,0.0,0,1007.8,891.9,13,24900.0,8.7,23.0,calgary,2026-07-01T03:43:44.955480
2026-07-01T16:00,16.9,62,9.5,15.2,1,0.0,0.0,0.0,0.0,0.0,0,1008.0,892.4,7,29700.0,11.2,19.8,calgary,2026-07-01T03:43:44.955480
2026-07-01T17:00,17.9,56,9.0,16.9,2,0.0,0.0,0.0,0.0,0.0,0,1008.2,893.0,16,34900.0,10.8,17.3,calgary,2026-07-01T03:43:44.955480
2026-07-01T18:00,18.7,51,8.3,17.8,4,0.0,0.0,0.0,0.0,0.0,1,1008.4,893.4,20,38600.0,9.7,13.7,calgary,2026-07-01T03:43:44.955480
2026-07-01T19:00,19.4,49,8.4,19.4,6,0.0,0.0,0.0,0.0,0.0,3,1008.3,893.6,82,40500.0,5.2,10.8,calgary,2026-07-01T03:43:44.955480
2026-07-01T20:00,18.3,60,10.4,18.0,22,0.0,0.0,0.0,0.0,0.0,3,1008.3,893.2,100,31400.0,4.6,9.7,calgary,2026-07-01T03:43:44.955480
2026-07-01T21:00,18.7,60,10.8,20.5,19,0.0,0.0,0.0,0.0,0.0,3,1008.2,893.3,81,31700.0,3.9,9.0,calgary,2026-07-01T03:43:44.955480
2026-07-01T22:00,19.5,52,9.3,19.2,18,0.0,0.0,0.0,0.0,0.0,1,1007.9,893.3,36,37800.0,8.6,11.5,calgary,2026-07-01T03:43:44.955480
2026-07-01T23:00,13.5,76,9.4,10.1,31,3.6,3.6,0.0,0.0,0.0,63,1008.8,891.9,100,6600.0,22.6,46.8,calgary,2026-07-01T03:43:44.955480
2026-07-01T00:00,21.0,64,13.9,21.2,65,0.1,0.0,0.1,0.0,0.0,51,1005.0,935.0,27,15420.0,6.9,23.8,edmonton,2026-07-01T03:44:22.678863
2026-07-01T01:00,17.3,81,14.0,16.9,59,1.5,0.0,1.5,0.0,0.0,95,1006.1,935.1,98,2980.0,11.2,25.6,edmonton,2026-07-01T03:44:22.678863
2026-07-01T02:00,17.0,87,14.8,18.2,49,1.3,0.7,0.6,0.0,0.0,80,1006.2,935.2,34,6640.0,2.3,27.0,edmonton,2026-07-01T03:44:22.678863
2026-07-01T03:00,16.8,89,14.9,17.9,39,0.1,0.1,0.0,0.0,0.0,51,1006.4,935.3,23,12060.0,3.3,13.0,edmonton,2026-07-01T03:44:22.678863
2026-07-01T04:00,15.9,94,15.0,17.0,28,0.1,0.1,0.0,0.0,0.0,51,1006.7,935.4,18,11860.0,3.5,7.6,edmonton,2026-07-01T03:44:22.678863
2026-07-01T05:00,15.4,94,14.5,16.6,17,0.0,0.0,0.0,0.0,0.0,1,1006.9,935.4,38,23360.0,1.6,7.6,edmonton,2026-07-01T03:44:22.678863
2026-07-01T06:00,15.2,94,14.3,16.3,8,0.0,0.0,0.0,0.0,0.0,2,1007.0,935.5,65,26560.0,1.7,3.2,edmonton,2026-07-01T03:44:22.678863
2026-07-01T07:00,14.9,95,14.1,15.6,4,0.0,0.0,0.0,0.0,0.0,1,1007.0,935.4,28,26560.0,3.6,5.8,edmonton,2026-07-01T03:44:22.678863
2026-07-01T08:00,14.5,96,13.8,15.1,3,0.0,0.0,0.0,0.0,0.0,1,1006.7,935.1,24,26540.0,4.4,7.6,edmonton,2026-07-01T03:44:22.678863
2026-07-01T09:00,14.2,95,13.3,14.7,2,0.0,0.0,0.0,0.0,0.0,0,1006.5,934.8,1,26540.0,3.2,7.9,edmonton,2026-07-01T03:44:22.678863
2026-07-01T10:00,13.6,95,12.8,14.0,0,0.0,0.0,0.0,0.0,0.0,0,1006.6,934.7,0,26520.0,2.7,5.0,edmonton,2026-07-01T03:44:22.678863
2026-07-01T11:00,12.9,97,12.5,13.3,0,0.0,0.0,0.0,0.0,0.0,0,1007.0,935.0,2,20300.0,2.3,4.3,edmonton,2026-07-01T03:44:22.678863
2026-07-01T12:00,12.9,99,12.7,13.3,2,0.0,0.0,0.0,0.0,0.0,0,1007.6,935.5,4,20300.0,2.9,5.8,edmonton,2026-07-01T03:44:22.678863
2026-07-01T13:00,13.8,98,13.4,14.5,9,0.0,0.0,0.0,0.0,0.0,3,1007.8,935.9,98,10780.0,2.5,9.0,edmonton,2026-07-01T03:44:22.678863
2026-07-01T14:00,15.0,95,14.2,16.0,20,0.0,0.0,0.0,0.0,0.0,1,1007.9,936.3,46,20280.0,2.6,10.4,edmonton,2026-07-01T03:44:22.678863
2026-07-01T15:00,16.2,88,14.1,16.8,31,0.2,0.1,0.1,0.0,0.0,51,1008.0,936.7,73,4740.0,4.4,16.6,edmonton,2026-07-01T03:44:22.678863
2026-07-01T16:00,16.6,84,13.8,16.9,43,0.4,0.4,0.0,0.0,0.0,51,1008.1,936.9,46,11580.0,6.1,19.1,edmonton,2026-07-01T03:44:22.678863
2026-07-01T17:00,18.5,76,14.1,19.1,57,0.0,0.0,0.0,0.0,0.0,2,1007.9,937.1,57,32100.0,4.9,17.3,edmonton,2026-07-01T03:44:22.678863
2026-07-01T18:00,19.4,74,14.7,20.1,69,0.0,0.0,0.0,0.0,0.0,3,1007.7,937.1,93,17980.0,6.7,23.0,edmonton,2026-07-01T03:44:22.678863
2026-07-01T19:00,19.1,74,14.3,19.2,79,0.1,0.0,0.1,0.0,0.0,51,1007.5,936.9,100,9940.0,9.0,25.2,edmonton,2026-07-01T03:44:22.678863
2026-07-01T20:00,19.7,74,14.9,20.5,88,0.2,0.0,0.2,0.0,0.0,51,1007.1,936.6,95,9480.0,5.3,27.7,edmonton,2026-07-01T03:44:22.678863
2026-07-01T21:00,21.4,64,14.2,22.7,94,0.4,0.1,0.3,0.0,0.0,95,1006.2,936.2,100,8300.0,6.1,22.0,edmonton,2026-07-01T03:44:22.678863
2026-07-01T22:00,22.0,58,13.3,22.2,95,0.1,0.0,0.1,0.0,0.0,51,1005.9,936.0,100,42580.0,8.3,23.4,edmonton,2026-07-01T03:44:22.678863
2026-07-01T23:00,18.3,79,14.5,18.1,93,1.5,0.0,1.5,0.0,0.0,95,1006.9,936.1,96,2740.0,11.0,25.2,edmonton,2026-07-01T03:44:22.678863
2026-07-01T00:00,26.3,63,18.7,28.4,12,0.0,0.0,0.0,0.0,0.0,3,1011.4,1008.1,98,27300.0,7.6,15.8,montreal,2026-07-01T03:44:25.150396
2026-07-01T01:00,24.4,76,19.9,27.0,13,0.0,0.0,0.0,0.0,0.0,3,1011.6,1008.2,83,19900.0,8.2,16.2,montreal,2026-07-01T03:44:25.150396
2026-07-01T02:00,23.7,83,20.6,26.5,18,0.0,0.0,0.0,0.0,0.0,3,1010.3,1006.9,100,16700.0,9.0,16.6,montreal,2026-07-01T03:44:25.150396
2026-07-01T03:00,22.9,89,21.0,25.8,37,0.0,0.0,0.0,0.0,0.0,3,1010.1,1006.7,100,14200.0,10.1,25.9,montreal,2026-07-01T03:44:25.150396
2026-07-01T04:00,22.9,90,21.1,26.5,38,1.1,1.1,0.0,0.0,0.0,55,1011.8,1008.4,100,11200.0,5.5,15.5,montreal,2026-07-01T03:44:25.150396
2026-07-01T05:00,22.7,92,21.3,26.6,26,1.1,1.1,0.0,0.0,0.0,55,1012.2,1008.8,89,10000.0,4.2,10.8,montreal,2026-07-01T03:44:25.150396
2026-07-01T06:00,22.6,92,21.2,26.2,23,0.0,0.0,0.0,0.0,0.0,3,1011.1,1007.7,100,13200.0,5.4,26.3,montreal,2026-07-01T03:44:25.150396
2026-07-01T07:00,22.5,94,21.5,26.1,23,3.6,3.6,0.0,0.0,0.0,63,1010.6,1007.2,100,4200.0,7.0,24.1,montreal,2026-07-01T03:44:25.150396
2026-07-01T08:00,22.3,92,20.9,26.1,26,0.0,0.0,0.0,0.0,0.0,3,1010.6,1007.2,100,13300.0,3.7,14.0,montreal,2026-07-01T03:44:25.150396
2026-07-01T09:00,22.5,95,21.7,26.8,14,0.0,0.0,0.0,0.0,0.0,3,1010.7,1007.3,100,12500.0,3.2,10.8,montreal,2026-07-01T03:44:25.150396
2026-07-01T10:00,22.5,95,21.6,26.1,6,0.0,0.0,0.0,0.0,0.0,3,1011.1,1007.7,100,12200.0,7.6,11.2,montreal,2026-07-01T03:44:25.150396
2026-07-01T11:00,23.0,94,21.9,26.7,2,0.0,0.0,0.0,0.0,0.0,3,1011.3,1007.9,88,12500.0,7.9,10.1,montreal,2026-07-01T03:44:25.150396
2026-07-01T12:00,23.8,93,22.6,27.8,6,0.0,0.0,0.0,0.0,0.0,1,1011.4,1008.0,46,13300.0,9.0,11.5,montreal,2026-07-01T03:44:25.150396
2026-07-01T13:00,24.9,88,22.7,28.7,3,0.0,0.0,0.0,0.0,0.0,2,1011.7,1008.3,72,15300.0,10.3,13.7,montreal,2026-07-01T03:44:25.150396
2026-07-01T14:00,25.1,87,22.8,28.9,2,0.0,0.0,0.0,0.0,0.0,3,1012.0,1008.6,100,15600.0,10.8,14.0,montreal,2026-07-01T03:44:25.150396
2026-07-01T15:00,25.1,87,22.8,28.7,5,0.0,0.0,0.0,0.0,0.0,2,1012.3,1008.9,76,15500.0,12.5,17.3,montreal,2026-07-01T03:44:25.150396
2026-07-01T16:00,26.3,86,23.7,31.4,7,0.0,0.0,0.0,0.0,0.0,1,1012.2,1008.9,33,16400.0,11.0,18.0,montreal,2026-07-01T03:44:25.150396
2026-07-01T17:00,27.8,80,24.0,34.0,4,0.0,0.0,0.0,0.0,0.0,0,1011.6,1008.3,12,19400.0,11.0,17.6,montreal,2026-07-01T03:44:25.150396
2026-07-01T18:00,29.2,72,23.6,34.9,6,0.0,0.0,0.0,0.0,0.0,0,1011.3,1008.0,2,23400.0,12.8,22.0,montreal,2026-07-01T03:44:25.150396
2026-07-01T19:00,30.5,65,23.2,35.3,6,0.0,0.0,0.0,0.0,0.0,95,1011.0,1007.7,100,27300.0,15.3,25.6,montreal,2026-07-01T03:44:25.150396
2026-07-01T20:00,32.6,63,24.6,36.5,8,0.0,0.0,0.0,0.0,0.0,95,1010.2,1006.9,99,26700.0,17.8,29.9,montreal,2026-07-01T03:44:25.150396
2026-07-01T21:00,33.2,61,24.6,37.1,17,0.0,0.0,0.0,0.0,0.0,95,1009.6,1006.3,97,28200.0,18.4,27.4,montreal,2026-07-01T03:44:25.150396
2026-07-01T22:00,32.8,61,24.3,36.5,27,0.0,0.0,0.0,0.0,0.0,95,1009.0,1005.7,100,28400.0,17.8,28.4,montreal,2026-07-01T03:44:25.150396
2026-07-01T23:00,31.4,66,24.2,35.6,26,0.0,0.0,0.0,0.0,0.0,95,1008.9,1005.6,94,25400.0,13.9,32.8,montreal,2026-07-01T03:44:25.150396
2026-07-01T00:00,23.9,87,21.6,28.0,5,0.0,0.0,0.0,0.0,0.0,0,1011.3,1002.9,1,15500.0,4.0,11.5,ottawa,2026-07-01T03:44:27.618025
2026-07-01T01:00,22.7,90,21.0,26.2,15,0.0,0.0,0.0,0.0,0.0,3,1011.9,1003.4,99,13800.0,6.4,8.6,ottawa,2026-07-01T03:44:27.618025
2026-07-01T02:00,22.2,94,21.2,25.8,38,6.8,6.8,0.0,0.0,0.0,63,1011.3,1002.8,98,3100.0,5.8,8.6,ottawa,2026-07-01T03:44:27.618025
2026-07-01T03:00,21.9,98,21.6,26.0,56,78.5,78.5,0.0,0.0,0.0,65,1011.4,1002.9,100,500.0,3.6,4.0,ottawa,2026-07-01T03:44:27.618025
2026-07-01T04:00,22.7,91,21.2,24.3,38,0.0,0.0,0.0,0.0,0.0,3,1011.0,1002.5,100,13300.0,19.7,42.5,ottawa,2026-07-01T03:44:27.618025
2026-07-01T05:00,22.1,93,20.9,24.9,15,0.0,0.0,0.0,0.0,0.0,3,1010.2,1001.7,100,12700.0,11.1,11.2,ottawa,2026-07-01T03:44:27.618025
2026-07-01T06:00,21.8,95,21.0,25.5,9,0.0,0.0,0.0,0.0,0.0,3,1011.1,1002.6,100,12200.0,4.6,7.2,ottawa,2026-07-01T03:44:27.618025
2026-07-01T07:00,21.4,95,20.5,25.0,6,0.0,0.0,0.0,0.0,0.0,3,1010.8,1002.3,87,12200.0,3.6,5.4,ottawa,2026-07-01T03:44:27.618025
2026-07-01T08:00,20.8,94,19.8,24.0,7,0.0,0.0,0.0,0.0,0.0,1,1010.5,1002.0,28,12200.0,4.2,5.8,ottawa,2026-07-01T03:44:27.618025
2026-07-01T09:00,20.3,95,19.5,23.1,5,0.0,0.0,0.0,0.0,0.0,1,1010.0,1001.5,32,12200.0,5.7,7.2,ottawa,2026-07-01T03:44:27.618025
2026-07-01T10:00,20.5,96,19.8,23.5,4,0.0,0.0,0.0,0.0,0.0,3,1010.6,1002.1,100,12200.0,5.5,12.6,ottawa,2026-07-01T03:44:27.618025
2026-07-01T11:00,21.6,96,21.0,25.2,4,0.0,0.0,0.0,0.0,0.0,1,1010.8,1002.3,41,12200.0,5.7,13.7,ottawa,2026-07-01T03:44:27.618025
2026-07-01T12:00,23.0,95,22.2,27.3,7,0.0,0.0,0.0,0.0,0.0,3,1011.2,1002.7,100,12400.0,5.1,10.8,ottawa,2026-07-01T03:44:27.618025
2026-07-01T13:00,24.4,92,23.0,29.0,4,0.0,0.0,0.0,0.0,0.0,0,1011.7,1003.3,10,13800.0,6.1,10.4,ottawa,2026-07-01T03:44:27.618025
2026-07-01T14:00,25.8,88,23.7,31.0,3,0.0,0.0,0.0,0.0,0.0,0,1011.8,1003.4,7,15700.0,6.0,13.3,ottawa,2026-07-01T03:44:27.618025
2026-07-01T15:00,27.1,86,24.6,33.6,5,0.0,0.0,0.0,0.0,0.0,95,1011.9,1003.5,6,16700.0,7.8,11.2,ottawa,2026-07-01T03:44:27.618025
2026-07-01T16:00,28.4,83,25.3,35.9,6,0.0,0.0,0.0,0.0,0.0,95,1011.5,1003.2,74,17900.0,8.0,13.7,ottawa,2026-07-01T03:44:27.618025
2026-07-01T17:00,29.7,80,25.9,37.4,8,0.0,0.0,0.0,0.0,0.0,95,1011.0,1002.7,9,19400.0,10.5,17.6,ottawa,2026-07-01T03:44:27.618025
2026-07-01T18:00,31.0,75,26.1,38.8,12,0.0,0.0,0.0,0.0,0.0,95,1010.8,1002.6,35,21700.0,10.2,19.1,ottawa,2026-07-01T03:44:27.618025
2026-07-01T19:00,31.8,72,26.2,39.0,28,0.0,0.0,0.0,0.0,0.0,95,1010.6,1002.4,100,23800.0,12.1,24.5,ottawa,2026-07-01T03:44:27.618025
2026-07-01T20:00,33.9,59,24.8,38.8,25,0.0,0.0,0.0,0.0,0.0,95,1009.6,1001.4,88,30500.0,14.6,26.3,ottawa,2026-07-01T03:44:27.618025
2026-07-01T21:00,34.3,56,24.2,38.3,27,0.0,0.0,0.0,0.0,0.0,95,1009.0,1000.9,24,32900.0,16.9,29.2,ottawa,2026-07-01T03:44:27.618025
2026-07-01T22:00,33.0,58,23.6,36.7,22,0.0,0.0,0.0,0.0,0.0,95,1008.4,1000.2,100,31400.0,14.5,32.0,ottawa,2026-07-01T03:44:27.618025
2026-07-01T23:00,27.5,80,23.7,30.5,18,0.0,0.0,0.0,0.0,0.0,3,1008.1,999.8,100,17300.0,20.1,27.4,ottawa,2026-07-01T03:44:27.618025
2026-07-01T00:00,23.1,75,18.5,26.1,1,0.0,0.0,0.0,0.0,0.0,0,1011.6,1005.7,3,21800.0,1.4,4.0,quebec_city,2026-07-01T03:45:05.255907
2026-07-01T01:00,21.4,81,18.0,23.9,1,0.0,0.0,0.0,0.0,0.0,0,1011.6,1005.6,3,17700.0,2.7,2.9,quebec_city,2026-07-01T03:45:05.255907
2026-07-01T02:00,20.4,80,16.9,22.3,2,0.0,0.0,0.0,0.0,0.0,3,1010.8,1004.8,100,18000.0,3.9,5.0,quebec_city,2026-07-01T03:45:05.255907
2026-07-01T03:00,20.0,82,16.9,21.5,2,0.0,0.0,0.0,0.0,0.0,3,1009.9,1003.9,98,17400.0,7.0,6.8,quebec_city,2026-07-01T03:45:05.255907
2026-07-01T04:00,19.4,80,15.9,21.0,9,0.0,0.0,0.0,0.0,0.0,3,1010.1,1004.1,100,18000.0,2.5,2.5,quebec_city,2026-07-01T03:45:05.255907
2026-07-01T05:00,18.9,80,15.4,20.2,14,0.0,0.0,0.0,0.0,0.0,0,1010.9,1004.9,13,18300.0,3.5,3.6,quebec_city,2026-07-01T03:45:05.255907
2026-07-01T06:00,18.8,81,15.5,19.9,14,0.0,0.0,0.0,0.0,0.0,3,1010.6,1004.6,100,18400.0,5.5,8.6,quebec_city,2026-07-01T03:45:05.255907
2026-07-01T07:00,18.7,84,16.0,20.1,20,0.0,0.0,0.0,0.0,0.0,3,1010.0,1004.0,100,17000.0,4.8,8.6,quebec_city,2026-07-01T03:45:05.255907
2026-07-01T08:00,18.4,87,16.2,19.7,10,0.0,0.0,0.0,0.0,0.0,3,1010.1,1004.1,100,15400.0,5.9,13.0,quebec_city,2026-07-01T03:45:05.255907
2026-07-01T09:00,17.9,90,16.2,19.3,11,0.0,0.0,0.0,0.0,0.0,3,1009.9,1003.9,100,13200.0,5.3,10.4,quebec_city,2026-07-01T03:45:05.255907
2026-07-01T10:00,18.3,94,17.4,20.8,14,0.0,0.0,0.0,0.0,0.0,3,1009.5,1003.5,95,12200.0,1.5,5.4,quebec_city,2026-07-01T03:45:05.255907
2026-07-01T11:00,20.3,95,19.5,22.7,10,0.0,0.0,0.0,0.0,0.0,3,1010.0,1004.0,97,12200.0,7.9,22.7,quebec_city,2026-07-01T03:45:05.255907
2026-07-01T12:00,21.9,93,20.7,24.0,3,0.0,0.0,0.0,0.0,0.0,1,1009.9,1004.0,49,12800.0,14.3,24.8,quebec_city,2026-07-01T03:45:05.255907
2026-07-01T13:00,23.4,88,21.3,25.9,1,0.0,0.0,0.0,0.0,0.0,1,1010.0,1004.1,29,15000.0,14.8,23.8,quebec_city,2026-07-01T03:45:05.255907
2026-07-01T14:00,24.9,81,21.4,27.5,1,0.0,0.0,0.0,0.0,0.0,1,1010.4,1004.5,23,18300.0,15.6,24.5,quebec_city,2026-07-01T03:45:05.255907
2026-07-01T15:00,26.2,75,21.4,29.3,0,0.0,0.0,0.0,0.0,0.0,1,1010.4,1004.5,25,21900.0,16.6,24.8,quebec_city,2026-07-01T03:45:05.255907
2026-07-01T16:00,26.9,72,21.5,30.1,1,0.0,0.0,0.0,0.0,0.0,3,1010.0,1004.2,91,23500.0,18.8,28.4,quebec_city,2026-07-01T03:45:05.255907
2026-07-01T17:00,28.0,68,21.5,31.2,2,0.0,0.0,0.0,0.0,0.0,3,1009.7,1003.9,99,25200.0,20.5,32.4,quebec_city,2026-07-01T03:45:05.255907
2026-07-01T18:00,29.1,65,21.8,32.2,3,0.0,0.0,0.0,0.0,0.0,0,1009.8,1004.0,5,26600.0,21.7,34.2,quebec_city,2026-07-01T03:45:05.255907
2026-07-01T19:00,29.8,62,21.8,32.5,4,0.0,0.0,0.0,0.0,0.0,0,1009.4,1003.6,6,28000.0,21.9,33.8,quebec_city,2026-07-01T03:45:05.255907
2026-07-01T20:00,30.1,64,22.6,32.9,5,0.0,0.0,0.0,0.0,0.0,95,1008.7,1002.9,93,26600.0,21.9,36.4,quebec_city,2026-07-01T03:45:05.255907
2026-07-01T21:00,30.3,65,23.0,32.9,9,0.0,0.0,0.0,0.0,0.0,95,1008.3,1002.5,89,26000.0,20.2,34.6,quebec_city,2026-07-01T03:45:05.255907
2026-07-01T22:00,30.3,68,23.8,33.8,10,0.0,0.0,0.0,0.0,0.0,95,1008.0,1002.2,16,24700.0,17.5,33.5,quebec_city,2026-07-01T03:45:05.255907
2026-07-01T23:00,29.5,71,23.7,33.0,13,0.0,0.0,0.0,0.0,0.0,95,1007.6,1001.8,100,22800.0,16.5,37.4,quebec_city,2026-07-01T03:45:05.255907
2026-07-01T00:00,29.9,65,22.6,33.8,0,0.0,0.0,0.0,0.0,0.0,95,1010.3,992.4,14,26500.0,9.2,23.0,toronto,2026-07-01T03:46:23.062452
2026-07-01T01:00,29.0,69,22.8,33.3,0,0.0,0.0,0.0,0.0,0.0,95,1010.8,992.8,3,23800.0,7.2,25.6,toronto,2026-07-01T03:46:23.062452
2026-07-01T02:00,27.0,84,24.1,32.2,0,0.0,0.0,0.0,0.0,0.0,95,1010.6,992.5,13,16100.0,6.6,14.8,toronto,2026-07-01T03:46:23.062452
2026-07-01T03:00,26.0,85,23.2,30.5,9,0.0,0.0,0.0,0.0,0.0,95,1011.0,992.8,31,16100.0,7.8,19.4,toronto,2026-07-01T03:46:23.062452
2026-07-01T04:00,26.0,82,22.7,29.9,6,0.0,0.0,0.0,0.0,0.0,95,1011.2,993.0,25,17200.0,9.2,22.0,toronto,2026-07-01T03:46:23.062452
2026-07-01T05:00,25.3,90,23.6,30.5,12,0.0,0.0,0.0,0.0,0.0,2,1011.9,993.7,69,14000.0,4.6,6.8,toronto,2026-07-01T03:46:23.062452
2026-07-01T06:00,24.6,92,23.2,29.5,9,0.0,0.0,0.0,0.0,0.0,0,1011.4,993.1,1,13300.0,5.2,9.4,toronto,2026-07-01T03:46:23.062452
2026-07-01T07:00,23.9,94,22.8,28.8,2,0.0,0.0,0.0,0.0,0.0,0,1010.8,992.5,1,12800.0,3.4,6.1,toronto,2026-07-01T03:46:23.062452
2026-07-01T08:00,23.1,94,22.1,27.4,1,0.0,0.0,0.0,0.0,0.0,3,1011.1,992.8,100,12500.0,5.1,7.6,toronto,2026-07-01T03:46:23.062452
2026-07-01T09:00,22.8,94,21.7,27.1,1,0.0,0.0,0.0,0.0,0.0,3,1011.5,993.1,100,12600.0,3.0,7.6,toronto,2026-07-01T03:46:23.062452
2026-07-01T10:00,22.8,92,21.4,27.3,3,0.0,0.0,0.0,0.0,0.0,3,1012.0,993.6,100,13300.0,0.5,12.2,toronto,2026-07-01T03:46:23.062452
2026-07-01T11:00,24.3,91,22.7,29.4,1,0.0,0.0,0.0,0.0,0.0,3,1011.7,993.4,100,13700.0,1.5,10.4,toronto,2026-07-01T03:46:23.062452
2026-07-01T12:00,27.5,82,24.1,32.3,1,0.0,0.0,0.0,0.0,0.0,95,1012.1,994.0,1,17700.0,9.2,25.9,toronto,2026-07-01T03:46:23.062452
2026-07-01T13:00,29.6,75,24.7,34.7,1,0.0,0.0,0.0,0.0,0.0,95,1012.3,994.3,7,21400.0,10.1,23.0,toronto,2026-07-01T03:46:23.062452
2026-07-01T14:00,30.9,71,25.0,36.1,1,0.0,0.0,0.0,0.0,0.0,95,1012.6,994.7,0,23600.0,11.8,23.4,toronto,2026-07-01T03:46:23.062452
2026-07-01T15:00,32.6,65,25.2,37.8,1,0.0,0.0,0.0,0.0,0.0,95,1012.6,994.8,31,26300.0,14.3,23.0,toronto,2026-07-01T03:46:23.062452
2026-07-01T16:00,34.1,57,24.3,38.8,2,0.0,0.0,0.0,0.0,0.0,95,1012.2,994.5,19,31700.0,17.1,24.1,toronto,2026-07-01T03:46:23.062452
2026-07-01T17:00,35.4,52,24.1,40.7,3,0.0,0.0,0.0,0.0,0.0,95,1011.9,994.3,14,35400.0,18.2,25.2,toronto,2026-07-01T03:46:23.062452
2026-07-01T18:00,35.6,51,23.9,39.5,5,0.0,0.0,0.0,0.0,0.0,95,1012.1,994.5,25,36400.0,20.8,29.9,toronto,2026-07-01T03:46:23.062452
2026-07-01T19:00,35.7,49,23.3,39.0,3,0.0,0.0,0.0,0.0,0.0,95,1011.7,994.1,26,37600.0,20.0,29.9,toronto,2026-07-01T03:46:23.062452
2026-07-01T20:00,36.1,48,23.3,39.5,5,0.0,0.0,0.0,0.0,0.0,95,1011.2,993.6,12,39700.0,19.8,28.8,toronto,2026-07-01T03:46:23.062452
2026-07-01T21:00,36.2,47,23.1,39.4,6,0.0,0.0,0.0,0.0,0.0,95,1011.0,993.4,0,40300.0,19.6,28.1,toronto,2026-07-01T03:46:23.062452
2026-07-01T22:00,35.6,49,23.2,38.3,6,0.0,0.0,0.0,0.0,0.0,95,1011.2,993.6,0,39000.0,19.8,31.3,toronto,2026-07-01T03:46:23.062452
2026-07-01T23:00,34.8,50,22.8,37.2,11,0.0,0.0,0.0,0.0,0.0,95,1011.1,993.4,0,38400.0,20.0,34.2,toronto,2026-07-01T03:46:23.062452
2026-07-01T00:00,19.2,60,11.2,18.7,1,0.0,0.0,0.0,0.0,0.0,0,1016.5,1008.1,10,29200.0,11.1,13.3,vancouver,2026-07-01T03:46:25.579779
2026-07-01T01:00,18.6,61,10.9,17.5,0,0.0,0.0,0.0,0.0,0.0,2,1016.8,1008.4,51,28600.0,9.4,14.0,vancouver,2026-07-01T03:46:25.579779
2026-07-01T02:00,17.7,63,10.6,16.0,0,0.0,0.0,0.0,0.0,0.0,1,1016.2,1007.8,27,27300.0,12.8,16.6,vancouver,2026-07-01T03:46:25.579779
2026-07-01T03:00,16.8,67,10.7,15.4,0,0.0,0.0,0.0,0.0,0.0,1,1016.1,1007.6,36,24600.0,11.2,15.1,vancouver,2026-07-01T03:46:25.579779
2026-07-01T04:00,16.1,72,11.1,15.3,1,0.0,0.0,0.0,0.0,0.0,2,1016.3,1007.8,75,21900.0,8.2,13.0,vancouver,2026-07-01T03:46:25.579779
2026-07-01T05:00,15.7,76,11.5,15.0,1,0.0,0.0,0.0,0.0,0.0,3,1016.2,1007.7,100,20100.0,8.5,14.8,vancouver,2026-07-01T03:46:25.579779
2026-07-01T06:00,14.7,81,11.5,14.1,1,0.0,0.0,0.0,0.0,0.0,1,1015.9,1007.4,49,17900.0,7.5,15.8,vancouver,2026-07-01T03:46:25.579779
2026-07-01T07:00,13.6,85,11.2,12.7,0,0.0,0.0,0.0,0.0,0.0,0,1015.7,1007.2,14,16200.0,8.6,14.0,vancouver,2026-07-01T03:46:25.579779
2026-07-01T08:00,13.1,88,11.2,12.4,0,0.0,0.0,0.0,0.0,0.0,1,1016.0,1007.4,21,15000.0,7.7,13.0,vancouver,2026-07-01T03:46:25.579779
2026-07-01T09:00,12.4,91,11.0,11.9,1,0.0,0.0,0.0,0.0,0.0,0,1015.7,1007.1,11,13600.0,5.7,9.0,vancouver,2026-07-01T03:46:25.579779
2026-07-01T10:00,12.3,92,11.0,11.9,0,0.0,0.0,0.0,0.0,0.0,1,1015.8,1007.2,36,13500.0,4.8,10.1,vancouver,2026-07-01T03:46:25.579779
2026-07-01T11:00,12.5,91,11.1,12.4,0,0.0,0.0,0.0,0.0,0.0,3,1015.8,1007.2,100,14000.0,2.8,8.3,vancouver,2026-07-01T03:46:25.579779
2026-07-01T12:00,12.8,90,11.2,13.0,1,0.0,0.0,0.0,0.0,0.0,3,1015.9,1007.3,100,14300.0,1.8,9.4,vancouver,2026-07-01T03:46:25.579779
2026-07-01T13:00,13.1,90,11.5,13.4,1,0.0,0.0,0.0,0.0,0.0,3,1015.9,1007.3,100,14300.0,1.3,13.0,vancouver,2026-07-01T03:46:25.579779
2026-07-01T14:00,13.4,88,11.4,13.0,2,0.0,0.0,0.0,0.0,0.0,3,1016.1,1007.5,100,15000.0,5.9,16.6,vancouver,2026-07-01T03:46:25.579779
2026-07-01T15:00,13.7,85,11.3,12.8,2,0.0,0.0,0.0,0.0,0.0,3,1016.4,1007.8,100,16300.0,9.0,15.5,vancouver,2026-07-01T03:46:25.579779
2026-07-01T16:00,13.7,84,11.0,12.8,4,0.0,0.0,0.0,0.0,0.0,3,1016.8,1008.2,100,16700.0,8.2,13.7,vancouver,2026-07-01T03:46:25.579779
2026-07-01T17:00,14.5,80,11.1,13.6,4,0.0,0.0,0.0,0.0,0.0,3,1016.9,1008.4,100,18600.0,9.0,14.4,vancouver,2026-07-01T03:46:25.579779
2026-07-01T18:00,15.3,75,10.9,14.6,5,0.0,0.0,0.0,0.0,0.0,3,1017.2,1008.7,100,21100.0,7.1,14.8,vancouver,2026-07-01T03:46:25.579779
2026-07-01T19:00,16.5,70,11.1,16.8,3,0.0,0.0,0.0,0.0,0.0,1,1017.2,1008.7,36,24000.0,7.2,13.3,vancouver,2026-07-01T03:46:25.579779
2026-07-01T20:00,17.2,66,10.8,16.7,4,0.0,0.0,0.0,0.0,0.0,1,1017.5,1009.0,30,25900.0,8.7,10.8,vancouver,2026-07-01T03:46:25.579779
2026-07-01T21:00,18.5,61,10.8,18.8,4,0.0,0.0,0.0,0.0,0.0,1,1017.5,1009.1,25,29000.0,8.8,10.4,vancouver,2026-07-01T03:46:25.579779
2026-07-01T22:00,19.0,58,10.6,19.1,4,0.0,0.0,0.0,0.0,0.0,1,1017.5,1009.1,36,30600.0,8.8,10.1,vancouver,2026-07-01T03:46:25.579779
2026-07-01T23:00,19.5,55,10.3,19.3,4,0.0,0.0,0.0,0.0,0.0,3,1017.2,1008.8,95,33200.0,9.0,10.4,vancouver,2026-07-01T03:46:25.579779
2026-07-01T00:00,7.6,67,1.8,5.3,0,0.0,0.0,0.0,0.0,0.0,0,1015.5,947.9,0,33760.0,3.1,9.7,santiago,2026-07-01T03:46:28.045016
2026-07-01T01:00,6.6,74,2.3,4.7,0,0.0,0.0,0.0,0.0,0.0,0,1015.7,947.8,1,31080.0,0.8,8.6,santiago,2026-07-01T03:46:28.045016
2026-07-01T02:00,5.7,80,2.5,3.9,0,0.0,0.0,0.0,0.0,0.0,0,1015.7,947.6,5,31080.0,0.5,4.0,santiago,2026-07-01T03:46:28.045016
2026-07-01T03:00,5.0,85,2.7,3.2,0,0.0,0.0,0.0,0.0,0.0,0,1015.8,947.5,13,28020.0,0.5,2.9,santiago,2026-07-01T03:46:28.045016
2026-07-01T04:00,4.4,88,2.6,2.6,0,0.0,0.0,0.0,0.0,0.0,0,1015.9,947.5,13,25000.0,0.3,2.5,santiago,2026-07-01T03:46:28.045016
2026-07-01T05:00,3.8,90,2.3,2.0,0,0.0,0.0,0.0,0.0,0.0,0,1015.6,947.1,10,25000.0,0.2,1.8,santiago,2026-07-01T03:46:28.045016
2026-07-01T06:00,3.3,89,1.7,1.4,0,0.0,0.0,0.0,0.0,0.0,0,1015.3,946.7,6,25000.0,0.6,1.8,santiago,2026-07-01T03:46:28.045016
2026-07-01T07:00,3.0,84,0.6,0.9,0,0.0,0.0,0.0,0.0,0.0,0,1015.0,946.3,4,28000.0,0.8,2.2,santiago,2026-07-01T03:46:28.045016
2026-07-01T08:00,2.7,79,-0.6,0.3,0,0.0,0.0,0.0,0.0,0.0,0,1014.7,946.0,3,31060.0,1.0,2.5,santiago,2026-07-01T03:46:28.045016
2026-07-01T09:00,2.7,69,-2.4,0.0,0,0.0,0.0,0.0,0.0,0.0,0,1014.4,945.7,6,33760.0,1.5,2.9,santiago,2026-07-01T03:46:28.045016
2026-07-01T10:00,2.7,62,-4.0,-0.2,0,0.0,0.0,0.0,0.0,0.0,0,1014.6,945.9,8,36260.0,1.2,3.2,santiago,2026-07-01T03:46:28.045016
2026-07-01T11:00,2.6,58,-5.0,-0.4,0,0.0,0.0,0.0,0.0,0.0,0,1014.7,945.9,10,36260.0,1.0,3.2,santiago,2026-07-01T03:46:28.045016
2026-07-01T12:00,2.7,51,-6.5,-0.5,0,0.0,0.0,0.0,0.0,0.0,0,1015.2,946.4,4,40140.0,1.3,3.2,santiago,2026-07-01T03:46:28.045016
2026-07-01T13:00,4.3,42,-7.6,0.9,0,0.0,0.0,0.0,0.0,0.0,0,1015.6,947.2,3,40140.0,1.9,3.6,santiago,2026-07-01T03:46:28.045016
2026-07-01T14:00,5.8,38,-7.4,2.5,0,0.0,0.0,0.0,0.0,0.0,0,1015.9,947.8,6,44360.0,1.8,10.4,santiago,2026-07-01T03:46:28.045016
2026-07-01T15:00,7.7,38,-5.9,4.6,0,0.0,0.0,0.0,0.0,0.0,1,1016.0,948.4,23,44360.0,1.5,13.3,santiago,2026-07-01T03:46:28.045016
2026-07-01T16:00,9.4,38,-4.3,6.4,0,0.0,0.0,0.0,0.0,0.0,1,1015.4,948.2,32,12480.0,2.1,15.8,santiago,2026-07-01T03:46:28.045016
2026-07-01T17:00,10.6,39,-3.0,7.4,0,0.0,0.0,0.0,0.0,0.0,1,1015.0,948.1,27,6540.0,4.4,20.2,santiago,2026-07-01T03:46:28.045016
2026-07-01T18:00,11.2,38,-2.8,7.8,0,0.0,0.0,0.0,0.0,0.0,0,1014.6,947.9,17,5320.0,5.9,22.7,santiago,2026-07-01T03:46:28.045016
2026-07-01T19:00,11.4,38,-2.5,7.9,0,0.0,0.0,0.0,0.0,0.0,0,1014.7,948.0,15,4780.0,6.8,23.4,santiago,2026-07-01T03:46:28.045016
2026-07-01T20:00,10.8,43,-1.4,7.4,0,0.0,0.0,0.0,0.0,0.0,0,1015.3,948.4,8,4480.0,7.0,23.4,santiago,2026-07-01T03:46:28.045016
2026-07-01T21:00,9.7,50,-0.2,6.4,0,0.0,0.0,0.0,0.0,0.0,0,1016.1,948.9,2,4320.0,7.2,22.3,santiago,2026-07-01T03:46:28.045016
2026-07-01T22:00,8.1,59,0.6,5.2,0,0.0,0.0,0.0,0.0,0.0,0,1016.8,949.2,1,4240.0,5.4,19.4,santiago,2026-07-01T03:46:28.045016
2026-07-01T23:00,7.1,66,1.2,4.7,0,0.0,0.0,0.0,0.0,0.0,0,1017.4,949.5,1,4160.0,3.1,13.0,santiago,2026-07-01T03:46:28.045016
2026-07-01T00:00,24.5,77,20.2,28.0,0,0.0,0.0,0.0,0.0,0.0,1,1006.6,1001.2,45,8260.0,3.0,12.6,beijing,2026-07-01T03:47:05.834945
2026-07-01T01:00,26.1,67,19.5,29.3,0,0.0,0.0,0.0,0.0,0.0,2,1006.6,1001.2,51,10360.0,2.5,13.0,beijing,2026-07-01T03:47:05.834945
2026-07-01T02:00,28.0,57,18.8,31.2,0,0.0,0.0,0.0,0.0,0.0,1,1006.7,1001.3,41,11500.0,1.2,13.0,beijing,2026-07-01T03:47:05.834945
2026-07-01T03:00,29.2,51,18.1,32.0,2,0.0,0.0,0.0,0.0,0.0,1,1006.3,1001.0,46,11500.0,1.8,12.6,beijing,2026-07-01T03:47:05.834945
2026-07-01T04:00,30.6,46,17.8,34.2,7,0.0,0.0,0.0,0.0,0.0,2,1005.6,1000.3,63,13460.0,2.2,15.1,beijing,2026-07-01T03:47:05.834945
2026-07-01T05:00,31.9,42,17.5,35.8,13,0.0,0.0,0.0,0.0,0.0,2,1005.1,999.8,75,13460.0,2.6,19.4,beijing,2026-07-01T03:47:05.834945
2026-07-01T06:00,32.5,40,17.3,35.8,18,0.0,0.0,0.0,0.0,0.0,2,1004.6,999.3,78,13440.0,2.4,19.1,beijing,2026-07-01T03:47:05.834945
2026-07-01T07:00,32.6,40,17.3,34.9,23,0.0,0.0,0.0,0.0,0.0,3,1004.0,998.7,98,7660.0,1.5,18.7,beijing,2026-07-01T03:47:05.834945
2026-07-01T08:00,32.3,40,16.9,34.4,27,0.1,0.0,0.1,0.0,0.0,51,1003.9,998.6,95,9100.0,2.0,15.5,beijing,2026-07-01T03:47:05.834945
2026-07-01T09:00,32.3,39,16.7,34.6,27,0.0,0.0,0.0,0.0,0.0,2,1003.2,997.9,72,15100.0,0.4,14.0,beijing,2026-07-01T03:47:05.834945
2026-07-01T10:00,32.3,39,16.7,34.4,20,0.0,0.0,0.0,0.0,0.0,3,1003.2,997.9,94,15100.0,1.5,10.1,beijing,2026-07-01T03:47:05.834945
2026-07-01T11:00,31.8,41,17.0,33.7,8,0.0,0.0,0.0,0.0,0.0,3,1003.2,997.9,80,13440.0,3.8,12.2,beijing,2026-07-01T03:47:05.834945
2026-07-01T12:00,30.8,47,18.1,32.7,0,0.0,0.0,0.0,0.0,0.0,1,1003.9,998.6,38,13440.0,6.5,16.2,beijing,2026-07-01T03:47:05.834945
2026-07-01T13:00,29.7,54,19.3,32.3,0,0.0,0.0,0.0,0.0,0.0,0,1004.6,999.3,5,11500.0,5.9,16.6,beijing,2026-07-01T03:47:05.834945
2026-07-01T14:00,28.8,58,19.8,31.9,0,0.0,0.0,0.0,0.0,0.0,0,1004.9,999.6,2,11500.0,4.0,14.8,beijing,2026-07-01T03:47:05.834945
2026-07-01T15:00,27.9,63,20.1,31.1,0,0.0,0.0,0.0,0.0,0.0,0,1005.6,1000.3,2,10360.0,4.3,11.2,beijing,2026-07-01T03:47:05.834945
2026-07-01T16:00,27.1,67,20.3,30.5,0,0.0,0.0,0.0,0.0,0.0,0,1005.4,1000.0,0,10360.0,3.6,11.2,beijing,2026-07-01T03:47:05.834945
2026-07-01T17:00,26.5,70,20.5,30.3,0,0.0,0.0,0.0,0.0,0.0,0,1005.3,999.9,0,10360.0,1.9,9.4,beijing,2026-07-01T03:47:05.834945
2026-07-01T18:00,26.0,72,20.6,29.9,0,0.0,0.0,0.0,0.0,0.0,0,1005.4,1000.0,1,9180.0,1.5,6.1,beijing,2026-07-01T03:47:05.834945
2026-07-01T19:00,25.5,74,20.6,29.3,0,0.0,0.0,0.0,0.0,0.0,0,1005.2,999.8,0,9180.0,2.0,6.1,beijing,2026-07-01T03:47:05.834945
2026-07-01T20:00,24.9,78,20.7,28.4,0,0.0,0.0,0.0,0.0,0.0,0,1005.0,999.6,2,9180.0,4.1,10.4,beijing,2026-07-01T03:47:05.834945
2026-07-01T21:00,24.1,83,21.1,27.6,0,0.0,0.0,0.0,0.0,0.0,0,1005.3,999.9,6,7940.0,5.6,15.1,beijing,2026-07-01T03:47:05.834945
2026-07-01T22:00,23.8,86,21.3,27.6,0,0.0,0.0,0.0,0.0,0.0,0,1005.4,1000.0,11,6760.0,5.2,14.8,beijing,2026-07-01T03:47:05.834945
2026-07-01T23:00,24.6,82,21.3,28.3,0,0.0,0.0,0.0,0.0,0.0,1,1005.7,1000.3,29,7920.0,5.8,17.3,beijing,2026-07-01T03:47:05.834945
2026-07-01T00:00,23.5,96,22.8,28.3,4,0.0,0.0,0.0,0.0,0.0,3,1008.2,981.1,100,3660.0,3.8,8.6,chongqing,2026-07-01T03:48:23.773517
2026-07-01T01:00,24.1,88,22.0,28.3,2,0.0,0.0,0.0,0.0,0.0,3,1008.7,981.7,100,7620.0,4.5,11.2,chongqing,2026-07-01T03:48:23.773517
2026-07-01T02:00,24.7,83,21.7,28.8,1,0.0,0.0,0.0,0.0,0.0,3,1008.7,981.7,100,9000.0,4.4,12.6,chongqing,2026-07-01T03:48:23.773517
2026-07-01T03:00,25.9,77,21.6,29.9,0,0.0,0.0,0.0,0.0,0.0,3,1008.6,981.7,100,10480.0,4.5,14.4,chongqing,2026-07-01T03:48:23.773517
2026-07-01T04:00,27.0,73,21.6,30.9,0,0.0,0.0,0.0,0.0,0.0,3,1008.3,981.5,100,10480.0,4.9,16.2,chongqing,2026-07-01T03:48:23.773517
2026-07-01T05:00,27.7,70,21.7,31.9,0,0.0,0.0,0.0,0.0,0.0,3,1007.9,981.2,95,11820.0,4.7,16.9,chongqing,2026-07-01T03:48:23.773517
2026-07-01T06:00,28.2,68,21.8,32.4,0,0.0,0.0,0.0,0.0,0.0,1,1007.2,980.6,32,11820.0,4.4,15.8,chongqing,2026-07-01T03:48:23.773517
2026-07-01T07:00,29.3,64,21.7,35.1,2,0.0,0.0,0.0,0.0,0.0,2,1006.4,979.9,55,11820.0,3.2,16.9,chongqing,2026-07-01T03:48:23.773517
2026-07-01T08:00,29.6,62,21.6,34.9,5,0.0,0.0,0.0,0.0,0.0,0,1005.4,978.9,13,7320.0,1.8,14.4,chongqing,2026-07-01T03:48:23.773517
2026-07-01T09:00,29.8,61,21.5,34.2,6,0.1,0.1,0.0,0.0,0.0,51,1004.7,978.3,0,9080.0,1.9,11.2,chongqing,2026-07-01T03:48:23.773517
2026-07-01T10:00,29.7,62,21.6,33.8,5,0.0,0.0,0.0,0.0,0.0,0,1004.1,977.7,5,13140.0,3.2,10.4,chongqing,2026-07-01T03:48:23.773517
2026-07-01T11:00,29.1,67,22.3,33.7,2,0.0,0.0,0.0,0.0,0.0,0,1004.4,977.9,13,11820.0,2.7,9.7,chongqing,2026-07-01T03:48:23.773517
2026-07-01T12:00,27.7,77,23.2,32.9,0,0.0,0.0,0.0,0.0,0.0,1,1005.1,978.5,22,10500.0,2.6,5.4,chongqing,2026-07-01T03:48:23.773517
2026-07-01T13:00,26.7,83,23.5,32.2,0,0.0,0.0,0.0,0.0,0.0,1,1005.9,979.2,30,10500.0,2.3,5.4,chongqing,2026-07-01T03:48:23.773517
2026-07-01T14:00,26.1,87,23.8,31.8,0,0.0,0.0,0.0,0.0,0.0,1,1007.0,980.2,34,9080.0,1.8,4.7,chongqing,2026-07-01T03:48:23.773517
2026-07-01T15:00,25.6,90,23.9,31.4,2,0.0,0.0,0.0,0.0,0.0,1,1007.2,980.3,20,7720.0,1.9,4.7,chongqing,2026-07-01T03:48:23.773517
2026-07-01T16:00,25.2,93,23.9,31.1,6,0.0,0.0,0.0,0.0,0.0,3,1007.2,980.3,98,6220.0,0.5,4.7,chongqing,2026-07-01T03:48:23.773517
2026-07-01T17:00,24.8,94,23.8,30.7,13,0.0,0.0,0.0,0.0,0.0,2,1007.2,980.3,75,6220.0,0.5,4.0,chongqing,2026-07-01T03:48:23.773517
2026-07-01T18:00,24.6,96,24.0,30.3,20,0.0,0.0,0.0,0.0,0.0,3,1006.8,979.9,92,3140.0,2.4,5.8,chongqing,2026-07-01T03:48:23.773517
2026-07-01T19:00,24.4,96,23.6,29.4,29,0.1,0.1,0.0,0.0,0.0,51,1006.5,979.5,88,4340.0,5.3,11.2,chongqing,2026-07-01T03:48:23.773517
2026-07-01T20:00,24.1,93,22.9,28.7,39,0.1,0.1,0.0,0.0,0.0,51,1006.2,979.2,98,3640.0,5.6,10.4,chongqing,2026-07-01T03:48:23.773517
2026-07-01T21:00,23.6,92,22.2,27.7,49,0.3,0.3,0.0,0.0,0.0,51,1006.3,979.3,90,4400.0,6.5,19.4,chongqing,2026-07-01T03:48:23.773517
2026-07-01T22:00,23.4,94,22.3,28.0,58,0.1,0.1,0.0,0.0,0.0,51,1006.9,979.9,100,3380.0,3.3,11.5,chongqing,2026-07-01T03:48:23.773517
2026-07-01T23:00,23.7,94,22.6,28.2,67,0.2,0.2,0.0,0.0,0.0,51,1007.1,980.1,100,5120.0,4.8,10.4,chongqing,2026-07-01T03:48:23.773517
2026-07-01T00:00,28.2,85,25.5,34.4,24,0.0,0.0,0.0,0.0,0.0,3,1008.6,1006.2,98,16640.0,5.9,15.5,guangzhou,2026-07-01T03:48:26.281518
2026-07-01T01:00,29.4,79,25.4,35.3,31,0.0,0.0,0.0,0.0,0.0,3,1008.8,1006.4,100,9680.0,6.7,19.8,guangzhou,2026-07-01T03:48:26.281518
2026-07-01T02:00,30.3,76,25.6,36.9,37,0.1,0.1,0.0,0.0,0.0,95,1009.1,1006.7,100,9460.0,7.0,23.0,guangzhou,2026-07-01T03:48:26.281518
2026-07-01T03:00,31.2,72,25.6,38.4,43,0.1,0.1,0.0,0.0,0.0,95,1009.1,1006.7,98,13160.0,7.1,24.8,guangzhou,2026-07-01T03:48:26.281518
2026-07-01T04:00,32.0,69,25.5,39.7,49,0.0,0.0,0.0,0.0,0.0,95,1008.7,1006.3,85,13680.0,7.2,25.9,guangzhou,2026-07-01T03:48:26.281518
2026-07-01T05:00,32.4,67,25.5,40.5,53,0.1,0.1,0.0,0.0,0.0,95,1008.1,1005.7,88,8380.0,7.0,26.3,guangzhou,2026-07-01T03:48:26.281518
2026-07-01T06:00,32.5,66,25.3,40.1,55,0.2,0.1,0.1,0.0,0.0,95,1007.4,1005.0,98,9360.0,7.0,24.8,guangzhou,2026-07-01T03:48:26.281518
2026-07-01T07:00,32.9,63,25.0,39.6,51,0.1,0.1,0.0,0.0,0.0,95,1006.1,1003.7,90,13920.0,8.9,23.4,guangzhou,2026-07-01T03:48:26.281518
2026-07-01T08:00,33.0,62,24.7,38.6,44,0.0,0.0,0.0,0.0,0.0,95,1005.4,1003.0,59,24480.0,9.0,24.5,guangzhou,2026-07-01T03:48:26.281518
2026-07-01T09:00,32.7,63,24.7,37.5,39,0.0,0.0,0.0,0.0,0.0,95,1005.3,1002.9,66,15920.0,11.0,25.2,guangzhou,2026-07-01T03:48:26.281518
2026-07-01T10:00,31.5,69,25.1,36.7,38,0.0,0.0,0.0,0.0,0.0,95,1005.5,1003.1,95,12620.0,10.9,25.2,guangzhou,2026-07-01T03:48:26.281518
2026-07-01T11:00,30.5,77,26.0,37.1,37,0.0,0.0,0.0,0.0,0.0,95,1006.3,1003.9,93,19800.0,4.8,23.4,guangzhou,2026-07-01T03:48:26.281518
2026-07-01T12:00,29.6,82,26.3,36.6,35,0.0,0.0,0.0,0.0,0.0,95,1007.0,1004.6,88,18120.0,4.3,9.7,guangzhou,2026-07-01T03:48:26.281518
2026-07-01T13:00,29.3,85,26.4,36.2,28,0.0,0.0,0.0,0.0,0.0,95,1008.1,1005.7,91,16480.0,4.9,8.6,guangzhou,2026-07-01T03:48:26.281518
2026-07-01T14:00,29.1,84,26.0,35.1,18,0.0,0.0,0.0,0.0,0.0,95,1008.9,1006.5,93,17160.0,9.4,19.1,guangzhou,2026-07-01T03:48:26.281518
2026-07-01T15:00,28.4,86,25.9,34.4,10,0.0,0.0,0.0,0.0,0.0,95,1009.2,1006.8,91,15040.0,8.5,19.4,guangzhou,2026-07-01T03:48:26.281518
2026-07-01T16:00,27.8,89,25.9,34.0,5,0.0,0.0,0.0,0.0,0.0,95,1009.2,1006.8,96,15040.0,7.9,17.3,guangzhou,2026-07-01T03:48:26.281518
2026-07-01T17:00,27.5,91,25.9,33.7,1,0.0,0.0,0.0,0.0,0.0,95,1008.9,1006.5,98,15040.0,7.1,16.2,guangzhou,2026-07-01T03:48:26.281518
2026-07-01T18:00,27.2,93,25.9,33.7,0,0.0,0.0,0.0,0.0,0.0,3,1008.3,1005.9,98,12280.0,5.1,14.4,guangzhou,2026-07-01T03:48:26.281518
2026-07-01T19:00,27.0,94,25.9,33.5,3,0.0,0.0,0.0,0.0,0.0,3,1007.7,1005.3,98,11600.0,5.5,10.8,guangzhou,2026-07-01T03:48:26.281518
2026-07-01T20:00,27.0,93,25.8,33.0,7,0.0,0.0,0.0,0.0,0.0,3,1007.6,1005.2,100,9840.0,8.1,16.2,guangzhou,2026-07-01T03:48:26.281518
2026-07-01T21:00,27.1,92,25.6,32.7,12,0.0,0.0,0.0,0.0,0.0,3,1007.4,1005.0,84,12200.0,10.0,20.9,guangzhou,2026-07-01T03:48:26.281518
2026-07-01T22:00,27.0,91,25.4,32.6,13,0.0,0.0,0.0,0.0,0.0,3,1007.7,1005.3,86,12360.0,9.3,21.2,guangzhou,2026-07-01T03:48:26.281518
2026-07-01T23:00,27.7,87,25.3,33.1,14,0.0,0.0,0.0,0.0,0.0,3,1008.2,1005.8,95,8920.0,10.0,25.6,guangzhou,2026-07-01T03:48:26.281518
2026-07-01T00:00,30.0,74,24.7,35.0,37,0.0,0.0,0.0,0.0,0.0,3,1008.8,1008.8,92,15980.0,10.3,25.9,hong_kong,2026-07-01T03:48:28.745052
2026-07-01T01:00,30.6,71,24.8,35.4,30,0.0,0.0,0.0,0.0,0.0,3,1009.1,1009.1,92,12460.0,11.8,30.2,hong_kong,2026-07-01T03:48:28.745052
2026-07-01T02:00,31.1,70,25.0,36.5,19,0.0,0.0,0.0,0.0,0.0,3,1009.5,1009.5,97,12520.0,12.9,33.5,hong_kong,2026-07-01T03:48:28.745052
2026-07-01T03:00,31.2,70,25.0,37.0,12,0.1,0.0,0.1,0.0,0.0,51,1009.3,1009.3,98,9000.0,13.7,35.6,hong_kong,2026-07-01T03:48:28.745052
2026-07-01T04:00,31.3,71,25.3,37.5,11,0.1,0.1,0.0,0.0,0.0,51,1009.2,1009.2,98,11880.0,14.1,37.1,hong_kong,2026-07-01T03:48:28.745052
2026-07-01T05:00,31.3,72,25.6,37.9,13,0.0,0.0,0.0,0.0,0.0,95,1008.6,1008.6,95,14160.0,13.4,37.1,hong_kong,2026-07-01T03:48:28.745052
2026-07-01T06:00,31.3,73,25.8,38.2,14,0.0,0.0,0.0,0.0,0.0,95,1008.3,1008.3,74,19620.0,15.7,40.7,hong_kong,2026-07-01T03:48:28.745052
2026-07-01T07:00,31.1,74,25.8,37.4,12,0.1,0.1,0.0,0.0,0.0,95,1007.3,1007.3,38,9680.0,14.8,40.7,hong_kong,2026-07-01T03:48:28.745052
2026-07-01T08:00,30.7,76,25.9,36.0,9,0.2,0.1,0.1,0.0,0.0,95,1006.6,1006.6,21,8800.0,16.7,41.8,hong_kong,2026-07-01T03:48:28.745052
2026-07-01T09:00,30.3,77,25.8,35.3,6,0.1,0.0,0.1,0.0,0.0,95,1006.3,1006.3,41,18560.0,15.5,42.1,hong_kong,2026-07-01T03:48:28.745052
2026-07-01T10:00,29.8,78,25.6,34.7,4,0.0,0.0,0.0,0.0,0.0,95,1006.3,1006.3,51,13340.0,15.5,38.9,hong_kong,2026-07-01T03:48:28.745052
2026-07-01T11:00,29.1,85,26.3,34.6,2,0.0,0.0,0.0,0.0,0.0,95,1006.8,1006.8,17,13500.0,14.5,37.8,hong_kong,2026-07-01T03:48:28.745052
2026-07-01T12:00,28.6,87,26.2,33.9,2,0.0,0.0,0.0,0.0,0.0,95,1007.6,1007.6,25,10740.0,15.0,33.5,hong_kong,2026-07-01T03:48:28.745052
2026-07-01T13:00,28.5,87,26.2,33.7,4,0.0,0.0,0.0,0.0,0.0,95,1008.7,1008.7,34,9060.0,15.7,34.2,hong_kong,2026-07-01T03:48:28.745052
2026-07-01T14:00,28.6,87,26.2,33.7,8,0.1,0.1,0.0,0.0,0.0,95,1009.2,1009.2,44,8860.0,16.8,37.1,hong_kong,2026-07-01T03:48:28.745052
2026-07-01T15:00,28.4,87,26.1,33.3,12,0.1,0.1,0.0,0.0,0.0,95,1009.6,1009.6,64,11040.0,17.7,41.0,hong_kong,2026-07-01T03:48:28.745052
2026-07-01T16:00,28.2,87,25.9,33.0,16,0.0,0.0,0.0,0.0,0.0,95,1009.5,1009.5,77,7040.0,16.9,40.0,hong_kong,2026-07-01T03:48:28.745052
2026-07-01T17:00,27.7,89,25.7,32.6,20,0.2,0.2,0.0,0.0,0.0,51,1008.8,1008.8,49,10220.0,15.7,40.0,hong_kong,2026-07-01T03:48:28.745052
2026-07-01T18:00,27.4,92,26.0,32.7,27,0.0,0.0,0.0,0.0,0.0,1,1007.8,1007.8,20,13460.0,14.1,33.5,hong_kong,2026-07-01T03:48:28.745052
2026-07-01T19:00,27.3,92,25.9,32.6,39,0.0,0.0,0.0,0.0,0.0,3,1007.5,1007.5,84,7260.0,13.9,32.8,hong_kong,2026-07-01T03:48:28.745052
2026-07-01T20:00,27.0,94,25.9,32.2,53,0.3,0.3,0.0,0.0,0.0,51,1007.6,1007.6,95,4520.0,14.6,30.6,hong_kong,2026-07-01T03:48:28.745052
2026-07-01T21:00,26.6,94,25.6,31.7,65,0.7,0.6,0.1,0.0,0.0,53,1007.5,1007.5,81,4540.0,13.8,33.1,hong_kong,2026-07-01T03:48:28.745052
2026-07-01T22:00,26.8,94,25.8,32.6,72,0.1,0.1,0.0,0.0,0.0,51,1007.6,1007.6,44,7940.0,10.4,28.8,hong_kong,2026-07-01T03:48:28.745052
2026-07-01T23:00,27.0,94,26.0,32.4,77,1.2,0.3,0.9,0.0,0.0,95,1008.4,1008.4,77,3800.0,13.2,27.7,hong_kong,2026-07-01T03:48:28.745052
2026-07-01T00:00,29.0,77,24.6,34.7,63,0.2,0.2,0.0,0.0,0.0,51,1008.5,1005.9,100,12800.0,5.2,18.0,macau,2026-07-01T03:49:46.557976
2026-07-01T01:00,29.7,73,24.4,34.7,67,0.2,0.1,0.1,0.0,0.0,51,1008.8,1006.2,98,7160.0,9.8,23.4,macau,2026-07-01T03:49:46.557976
2026-07-01T02:00,30.6,70,24.4,35.2,64,0.2,0.1,0.1,0.0,0.0,51,1009.0,1006.4,97,6600.0,12.9,30.2,macau,2026-07-01T03:49:46.557976
2026-07-01T03:00,31.0,69,24.6,37.0,57,0.2,0.1,0.1,0.0,0.0,51,1008.9,1006.3,84,15440.0,12.0,32.0,macau,2026-07-01T03:49:46.557976
2026-07-01T04:00,31.4,69,24.9,38.5,43,0.0,0.0,0.0,0.0,0.0,3,1008.7,1006.1,98,20020.0,11.1,30.2,macau,2026-07-01T03:49:46.557976
2026-07-01T05:00,31.4,69,25.1,38.9,25,0.0,0.0,0.0,0.0,0.0,3,1008.2,1005.6,98,19220.0,11.1,29.9,macau,2026-07-01T03:49:46.557976
2026-07-01T06:00,31.3,71,25.3,38.5,12,0.0,0.0,0.0,0.0,0.0,95,1007.8,1005.2,84,16960.0,11.9,30.6,macau,2026-07-01T03:49:46.557976
2026-07-01T07:00,30.9,74,25.6,37.4,11,0.0,0.0,0.0,0.0,0.0,95,1006.6,1004.0,62,17840.0,14.0,33.8,macau,2026-07-01T03:49:46.557976
2026-07-01T08:00,30.5,77,25.9,36.1,15,0.0,0.0,0.0,0.0,0.0,95,1006.1,1003.5,58,16220.0,15.7,37.1,macau,2026-07-01T03:49:46.557976
2026-07-01T09:00,30.1,79,26.0,35.2,18,0.0,0.0,0.0,0.0,0.0,95,1005.8,1003.2,30,20840.0,15.8,37.4,macau,2026-07-01T03:49:46.557976
2026-07-01T10:00,29.7,80,25.9,35.0,15,0.0,0.0,0.0,0.0,0.0,95,1005.8,1003.2,20,21400.0,14.3,36.0,macau,2026-07-01T03:49:46.557976
2026-07-01T11:00,29.1,83,26.0,34.7,9,0.0,0.0,0.0,0.0,0.0,95,1006.2,1003.6,16,17380.0,12.5,32.0,macau,2026-07-01T03:49:46.557976
2026-07-01T12:00,29.1,82,25.7,34.4,6,0.0,0.0,0.0,0.0,0.0,95,1007.0,1004.4,22,14120.0,13.4,27.0,macau,2026-07-01T03:49:46.557976
2026-07-01T13:00,29.0,82,25.6,34.1,7,0.0,0.0,0.0,0.0,0.0,95,1008.2,1005.6,31,13700.0,14.1,28.8,macau,2026-07-01T03:49:46.557976
2026-07-01T14:00,28.7,84,25.7,34.0,9,0.0,0.0,0.0,0.0,0.0,95,1008.8,1006.2,34,12900.0,13.9,28.4,macau,2026-07-01T03:49:46.557976
2026-07-01T15:00,28.6,85,25.8,33.8,14,0.0,0.0,0.0,0.0,0.0,95,1009.0,1006.4,66,12360.0,14.6,28.8,macau,2026-07-01T03:49:46.557976
2026-07-01T16:00,28.6,85,25.9,33.6,20,0.1,0.1,0.0,0.0,0.0,95,1008.8,1006.2,89,10020.0,16.2,32.4,macau,2026-07-01T03:49:46.557976
2026-07-01T17:00,27.7,88,25.5,32.1,27,0.4,0.4,0.0,0.0,0.0,51,1008.5,1005.9,88,6380.0,18.9,37.4,macau,2026-07-01T03:49:46.557976
2026-07-01T18:00,27.3,90,25.5,32.6,37,0.0,0.0,0.0,0.0,0.0,2,1007.4,1004.8,73,13240.0,12.4,37.8,macau,2026-07-01T03:49:46.557976
2026-07-01T19:00,27.3,91,25.7,33.1,52,0.1,0.1,0.0,0.0,0.0,51,1007.2,1004.6,78,4600.0,9.7,24.5,macau,2026-07-01T03:49:46.557976
2026-07-01T20:00,27.0,92,25.5,32.3,69,0.5,0.3,0.2,0.0,0.0,95,1007.2,1004.6,92,4840.0,11.9,24.1,macau,2026-07-01T03:49:46.557976
2026-07-01T21:00,26.5,94,25.4,31.5,82,0.5,0.2,0.3,0.0,0.0,95,1007.1,1004.5,100,2580.0,14.1,25.6,macau,2026-07-01T03:49:46.557976
2026-07-01T22:00,26.5,94,25.4,31.9,88,0.9,0.9,0.0,0.0,0.0,53,1007.2,1004.6,77,7700.0,11.0,29.2,macau,2026-07-01T03:49:46.557976
2026-07-01T23:00,27.0,93,25.8,32.1,89,0.5,0.4,0.1,0.0,0.0,53,1007.8,1005.2,96,4500.0,14.8,27.7,macau,2026-07-01T03:49:46.557976
2026-07-01T00:00,24.2,94,23.2,29.7,100,1.8,0.8,1.0,0.0,0.0,95,1007.2,1006.9,100,2160.0,0.8,9.4,shanghai,2026-07-01T03:49:49.002131
2026-07-01T01:00,24.2,95,23.3,29.4,100,2.5,1.4,1.1,0.0,0.0,95,1007.3,1007.0,100,1720.0,3.0,14.4,shanghai,2026-07-01T03:49:49.002131
2026-07-01T02:00,24.3,96,23.6,29.3,100,3.7,2.4,1.3,0.0,0.0,81,1006.9,1006.6,100,2040.0,5.9,16.9,shanghai,2026-07-01T03:49:49.002131
2026-07-01T03:00,24.2,93,23.0,28.2,100,5.6,4.3,1.3,0.0,0.0,95,1006.6,1006.3,100,860.0,10.1,23.0,shanghai,2026-07-01T03:49:49.002131
2026-07-01T04:00,23.5,95,22.6,27.5,98,19.8,14.4,5.4,0.0,0.0,82,1007.3,1007.0,100,960.0,8.4,23.8,shanghai,2026-07-01T03:49:49.002131
2026-07-01T05:00,23.3,91,21.8,26.9,95,3.5,2.7,0.8,0.0,0.0,81,1007.4,1007.1,99,8700.0,7.9,22.0,shanghai,2026-07-01T03:49:49.002131
2026-07-01T06:00,26.1,72,20.7,30.2,88,0.0,0.0,0.0,0.0,0.0,3,1006.9,1006.6,100,14700.0,2.9,23.0,shanghai,2026-07-01T03:49:49.002131
2026-07-01T07:00,26.0,71,20.4,29.7,73,0.0,0.0,0.0,0.0,0.0,3,1007.2,1006.9,100,16480.0,1.7,12.6,shanghai,2026-07-01T03:49:49.002131
2026-07-01T08:00,26.7,70,20.7,30.6,53,0.0,0.0,0.0,0.0,0.0,3,1007.1,1006.8,100,16480.0,1.9,10.1,shanghai,2026-07-01T03:49:49.002131
2026-07-01T09:00,25.8,75,21.1,29.5,37,0.0,0.0,0.0,0.0,0.0,3,1007.0,1006.7,100,14700.0,4.5,9.7,shanghai,2026-07-01T03:49:49.002131
2026-07-01T10:00,25.5,79,21.6,29.4,27,0.0,0.0,0.0,0.0,0.0,3,1007.3,1007.0,100,14700.0,5.4,13.3,shanghai,2026-07-01T03:49:49.002131
2026-07-01T11:00,24.7,85,22.0,29.0,20,0.0,0.0,0.0,0.0,0.0,3,1007.8,1007.5,98,12760.0,4.0,12.2,shanghai,2026-07-01T03:49:49.002131
2026-07-01T12:00,24.1,89,22.1,28.0,14,0.0,0.0,0.0,0.0,0.0,3,1008.2,1007.9,96,11120.0,7.2,13.7,shanghai,2026-07-01T03:49:49.002131
2026-07-01T13:00,23.8,93,22.6,28.1,8,0.0,0.0,0.0,0.0,0.0,3,1008.8,1008.5,98,9260.0,6.0,14.0,shanghai,2026-07-01T03:49:49.002131
2026-07-01T14:00,23.6,96,22.9,28.2,3,0.0,0.0,0.0,0.0,0.0,3,1009.1,1008.8,100,9260.0,5.4,11.2,shanghai,2026-07-01T03:49:49.002131
2026-07-01T15:00,23.5,97,23.0,28.2,0,0.0,0.0,0.0,0.0,0.0,3,1009.3,1009.0,100,6520.0,5.1,9.7,shanghai,2026-07-01T03:49:49.002131
2026-07-01T16:00,23.6,97,23.1,28.1,0,0.0,0.0,0.0,0.0,0.0,3,1009.4,1009.1,99,6520.0,6.5,13.0,shanghai,2026-07-01T03:49:49.002131
2026-07-01T17:00,23.4,97,22.9,28.1,3,0.0,0.0,0.0,0.0,0.0,3,1009.4,1009.1,98,6520.0,5.2,12.6,shanghai,2026-07-01T03:49:49.002131
2026-07-01T18:00,23.3,97,22.8,27.9,6,0.0,0.0,0.0,0.0,0.0,3,1009.0,1008.7,98,6420.0,5.5,10.8,shanghai,2026-07-01T03:49:49.002131
2026-07-01T19:00,23.2,96,22.6,27.4,10,0.0,0.0,0.0,0.0,0.0,3,1008.7,1008.4,100,6400.0,7.0,14.8,shanghai,2026-07-01T03:49:49.002131
2026-07-01T20:00,23.2,96,22.6,27.5,15,0.0,0.0,0.0,0.0,0.0,3,1008.9,1008.6,100,6520.0,5.9,13.3,shanghai,2026-07-01T03:49:49.002131
2026-07-01T21:00,23.2,97,22.7,27.6,20,0.2,0.1,0.1,0.0,0.0,51,1009.2,1008.9,100,4560.0,5.8,11.2,shanghai,2026-07-01T03:49:49.002131
2026-07-01T22:00,23.4,97,23.0,28.2,25,0.3,0.1,0.2,0.0,0.0,51,1009.2,1008.9,100,4260.0,4.7,10.1,shanghai,2026-07-01T03:49:49.002131
2026-07-01T23:00,23.9,97,23.4,29.0,30,0.1,0.1,0.0,0.0,0.0,51,1009.5,1009.2,98,5880.0,4.5,9.4,shanghai,2026-07-01T03:49:49.002131
2026-07-01T00:00,29.0,79,25.1,34.9,4,0.0,0.0,0.0,0.0,0.0,3,1008.7,1007.9,98,9780.0,6.0,15.8,shenzhen,2026-07-01T03:50:26.695132
2026-07-01T01:00,30.1,72,24.4,34.9,11,0.1,0.0,0.1,0.0,0.0,51,1008.9,1008.1,77,10200.0,10.5,26.3,shenzhen,2026-07-01T03:50:26.695132
2026-07-01T02:00,31.2,66,24.1,36.4,21,0.1,0.1,0.0,0.0,0.0,51,1009.2,1008.4,61,12940.0,10.2,27.0,shenzhen,2026-07-01T03:50:26.695132
2026-07-01T03:00,32.1,61,23.8,38.1,33,0.0,0.0,0.0,0.0,0.0,3,1009.0,1008.2,88,10420.0,10.0,27.4,shenzhen,2026-07-01T03:50:26.695132
2026-07-01T04:00,32.5,60,23.6,38.8,48,0.1,0.1,0.0,0.0,0.0,51,1008.8,1008.0,99,6100.0,10.7,28.4,shenzhen,2026-07-01T03:50:26.695132
2026-07-01T05:00,32.7,59,23.7,38.9,65,0.4,0.4,0.0,0.0,0.0,51,1008.2,1007.4,98,5560.0,10.4,28.4,shenzhen,2026-07-01T03:50:26.695132
2026-07-01T06:00,32.7,59,23.7,38.5,73,0.5,0.2,0.3,0.0,0.0,95,1007.7,1006.9,80,4820.0,11.9,30.2,shenzhen,2026-07-01T03:50:26.695132
2026-07-01T07:00,32.1,65,24.6,37.8,67,0.3,0.1,0.2,0.0,0.0,96,1006.9,1006.1,22,15320.0,12.9,33.1,shenzhen,2026-07-01T03:50:26.695132
2026-07-01T08:00,31.5,66,24.5,36.1,52,0.0,0.0,0.0,0.0,0.0,0,1006.1,1005.3,18,10660.0,14.0,33.8,shenzhen,2026-07-01T03:50:26.695132
2026-07-01T09:00,30.7,71,24.8,35.2,37,0.1,0.1,0.0,0.0,0.0,95,1006.0,1005.2,13,12900.0,13.8,34.9,shenzhen,2026-07-01T03:50:26.695132
2026-07-01T10:00,29.7,77,25.3,34.5,23,0.0,0.0,0.0,0.0,0.0,95,1006.2,1005.4,30,20140.0,13.8,32.8,shenzhen,2026-07-01T03:50:26.695132
2026-07-01T11:00,28.5,84,25.5,33.8,10,0.0,0.0,0.0,0.0,0.0,95,1006.8,1006.0,20,18040.0,11.6,31.7,shenzhen,2026-07-01T03:50:26.695132
2026-07-01T12:00,27.8,88,25.7,33.4,0,0.0,0.0,0.0,0.0,0.0,95,1007.6,1006.8,24,16340.0,10.8,25.2,shenzhen,2026-07-01T03:50:26.695132
2026-07-01T13:00,27.7,88,25.6,33.1,0,0.0,0.0,0.0,0.0,0.0,95,1008.6,1007.8,37,14380.0,11.4,24.1,shenzhen,2026-07-01T03:50:26.695132
2026-07-01T14:00,27.5,89,25.5,32.8,0,0.0,0.0,0.0,0.0,0.0,95,1009.2,1008.4,51,14420.0,12.2,26.3,shenzhen,2026-07-01T03:50:26.695132
2026-07-01T15:00,27.4,90,25.6,32.5,0,0.0,0.0,0.0,0.0,0.0,95,1009.5,1008.7,69,12280.0,13.7,28.8,shenzhen,2026-07-01T03:50:26.695132
2026-07-01T16:00,27.1,91,25.4,31.9,0,0.0,0.0,0.0,0.0,0.0,3,1009.4,1008.6,90,13760.0,14.6,31.7,shenzhen,2026-07-01T03:50:26.695132
2026-07-01T17:00,27.0,90,25.1,31.9,0,0.0,0.0,0.0,0.0,0.0,3,1008.8,1008.0,95,9320.0,12.7,31.7,shenzhen,2026-07-01T03:50:26.695132
2026-07-01T18:00,26.8,90,25.1,31.9,2,0.0,0.0,0.0,0.0,0.0,1,1007.7,1006.9,41,15800.0,11.2,27.4,shenzhen,2026-07-01T03:50:26.695132
2026-07-01T19:00,26.7,91,25.1,32.1,6,0.0,0.0,0.0,0.0,0.0,2,1007.4,1006.6,61,9780.0,10.0,24.8,shenzhen,2026-07-01T03:50:26.695132
2026-07-01T20:00,26.8,92,25.4,32.6,11,0.1,0.1,0.0,0.0,0.0,51,1007.6,1006.8,100,6160.0,7.9,21.6,shenzhen,2026-07-01T03:50:26.695132
2026-07-01T21:00,26.3,93,25.0,31.1,16,0.4,0.1,0.3,0.0,0.0,95,1007.6,1006.8,96,7080.0,12.6,27.0,shenzhen,2026-07-01T03:50:26.695132
2026-07-01T22:00,26.0,95,25.1,31.4,21,0.1,0.1,0.0,0.0,0.0,51,1007.7,1006.9,85,10900.0,9.4,26.3,shenzhen,2026-07-01T03:50:26.695132
2026-07-01T23:00,27.0,90,25.2,32.5,26,0.0,0.0,0.0,0.0,0.0,3,1008.2,1007.4,93,8940.0,9.0,23.0,shenzhen,2026-07-01T03:50:26.695132
2026-07-01T00:00,13.7,95,12.8,13.9,76,2.2,0.0,2.2,0.0,0.0,80,1016.6,756.1,100,5360.0,4.5,15.5,bogota,2026-07-01T03:51:04.336528
2026-07-01T01:00,13.6,95,12.8,13.7,67,0.7,0.0,0.7,0.0,0.0,53,1017.8,756.9,100,6400.0,5.2,17.6,bogota,2026-07-01T03:51:04.336528
2026-07-01T02:00,13.5,95,12.7,13.6,57,0.1,0.0,0.1,0.0,0.0,51,1018.5,757.4,100,21260.0,4.8,18.0,bogota,2026-07-01T03:51:04.336528
2026-07-01T03:00,13.1,96,12.5,13.5,49,0.0,0.0,0.0,0.0,0.0,3,1018.7,757.2,100,27560.0,2.7,11.2,bogota,2026-07-01T03:51:04.336528
2026-07-01T04:00,12.9,96,12.4,13.0,44,0.0,0.0,0.0,0.0,0.0,3,1018.6,757.0,99,29760.0,4.3,10.1,bogota,2026-07-01T03:51:04.336528
2026-07-01T05:00,12.5,97,12.1,12.5,41,0.0,0.0,0.0,0.0,0.0,3,1018.0,756.2,97,27500.0,4.1,10.4,bogota,2026-07-01T03:51:04.336528
2026-07-01T06:00,12.3,96,11.7,12.2,39,0.0,0.0,0.0,0.0,0.0,3,1017.4,755.6,100,16420.0,4.2,9.7,bogota,2026-07-01T03:51:04.336528
2026-07-01T07:00,12.1,96,11.5,11.9,39,0.1,0.1,0.0,0.0,0.0,51,1016.5,754.8,98,11480.0,3.9,10.1,bogota,2026-07-01T03:51:04.336528
2026-07-01T08:00,11.8,96,11.1,11.6,40,0.1,0.1,0.0,0.0,0.0,51,1016.3,754.4,100,11500.0,3.1,9.7,bogota,2026-07-01T03:51:04.336528
2026-07-01T09:00,11.6,96,11.0,11.5,41,0.1,0.1,0.0,0.0,0.0,51,1016.7,754.5,99,11860.0,2.6,7.9,bogota,2026-07-01T03:51:04.336528
2026-07-01T10:00,11.4,97,10.9,11.0,41,0.3,0.3,0.0,0.0,0.0,51,1016.6,754.3,100,5980.0,4.5,9.7,bogota,2026-07-01T03:51:04.336528
2026-07-01T11:00,11.7,96,11.2,11.8,42,0.6,0.2,0.4,0.0,0.0,53,1017.2,755.0,100,6580.0,1.8,10.4,bogota,2026-07-01T03:51:04.336528
2026-07-01T12:00,12.0,96,11.4,12.1,45,0.4,0.1,0.3,0.0,0.0,51,1017.9,755.8,95,16340.0,2.6,8.6,bogota,2026-07-01T03:51:04.336528
2026-07-01T13:00,13.2,93,12.1,13.3,52,0.0,0.0,0.0,0.0,0.0,3,1018.0,756.7,84,29500.0,3.7,13.7,bogota,2026-07-01T03:51:04.336528
2026-07-01T14:00,15.5,79,11.9,15.3,60,0.1,0.1,0.0,0.0,0.0,51,1017.2,757.9,91,14060.0,5.3,18.4,bogota,2026-07-01T03:51:04.336528
2026-07-01T15:00,17.6,66,11.1,17.5,69,0.1,0.1,0.0,0.0,0.0,51,1016.1,758.6,71,10300.0,6.4,21.2,bogota,2026-07-01T03:51:04.336528
2026-07-01T16:00,18.2,64,11.2,18.7,78,0.4,0.4,0.0,0.0,0.0,51,1015.7,758.8,84,8500.0,8.5,25.2,bogota,2026-07-01T03:51:04.336528
2026-07-01T17:00,18.7,61,11.1,18.8,86,0.2,0.2,0.0,0.0,0.0,51,1015.0,758.6,84,7860.0,11.6,31.7,bogota,2026-07-01T03:51:04.336528
2026-07-01T18:00,19.3,58,10.9,19.5,92,0.3,0.3,0.0,0.0,0.0,51,1013.6,758.0,79,10340.0,11.8,32.8,bogota,2026-07-01T03:51:04.336528
2026-07-01T19:00,19.9,55,10.7,20.4,95,0.2,0.1,0.1,0.0,0.0,51,1012.2,757.4,94,7440.0,10.8,32.4,bogota,2026-07-01T03:51:04.336528
2026-07-01T20:00,19.6,56,10.7,19.1,95,0.3,0.3,0.0,0.0,0.0,51,1011.4,756.6,95,8000.0,11.0,29.9,bogota,2026-07-01T03:51:04.336528
2026-07-01T21:00,18.3,62,10.9,16.7,90,0.2,0.2,0.0,0.0,0.0,51,1011.5,755.7,99,12900.0,12.8,31.3,bogota,2026-07-01T03:51:04.336528
2026-07-01T22:00,17.1,64,10.3,15.2,76,0.1,0.1,0.0,0.0,0.0,51,1012.3,755.4,100,24320.0,13.4,32.0,bogota,2026-07-01T03:51:04.336528
2026-07-01T23:00,15.4,72,10.5,14.0,55,0.0,0.0,0.0,0.0,0.0,3,1013.6,755.2,99,47200.0,10.4,30.6,bogota,2026-07-01T03:51:04.336528
2026-07-01T00:00,20.2,84,17.5,22.3,35,0.0,0.0,0.0,0.0,0.0,3,1011.5,852.2,99,46400.0,4.2,25.9,medellin,2026-07-01T03:51:06.920796
2026-07-01T01:00,19.4,90,17.7,21.3,23,0.0,0.0,0.0,0.0,0.0,3,1012.0,852.2,100,37640.0,5.6,27.0,medellin,2026-07-01T03:51:06.920796
2026-07-01T02:00,18.7,95,17.8,20.8,13,0.0,0.0,0.0,0.0,0.0,3,1012.9,852.6,98,32800.0,5.1,26.6,medellin,2026-07-01T03:51:06.920796
2026-07-01T03:00,18.6,95,17.8,20.7,6,0.0,0.0,0.0,0.0,0.0,3,1013.2,852.8,99,12260.0,5.3,22.7,medellin,2026-07-01T03:51:06.920796
2026-07-01T04:00,18.2,96,17.5,20.0,2,0.0,0.0,0.0,0.0,0.0,3,1013.3,852.7,99,660.0,5.8,24.1,medellin,2026-07-01T03:51:06.920796
2026-07-01T05:00,17.7,96,17.0,19.2,1,0.0,0.0,0.0,0.0,0.0,3,1012.6,851.9,99,260.0,7.0,25.9,medellin,2026-07-01T03:51:06.920796
2026-07-01T06:00,17.2,97,16.7,18.5,0,0.0,0.0,0.0,0.0,0.0,3,1011.6,850.8,93,220.0,7.4,26.6,medellin,2026-07-01T03:51:06.920796
2026-07-01T07:00,16.9,99,16.7,18.2,0,0.0,0.0,0.0,0.0,0.0,3,1011.2,850.3,100,380.0,7.7,27.4,medellin,2026-07-01T03:51:06.920796
2026-07-01T08:00,16.3,100,16.3,17.5,0,0.0,0.0,0.0,0.0,0.0,3,1011.8,850.5,100,200.0,6.5,26.3,medellin,2026-07-01T03:51:06.920796
2026-07-01T09:00,15.9,100,15.9,16.8,0,0.0,0.0,0.0,0.0,0.0,3,1011.4,850.0,100,280.0,7.4,24.5,medellin,2026-07-01T03:51:06.920796
2026-07-01T10:00,16.2,99,16.1,17.3,0,0.0,0.0,0.0,0.0,0.0,3,1011.0,849.8,100,1120.0,7.0,26.3,medellin,2026-07-01T03:51:06.920796
2026-07-01T11:00,16.0,99,15.8,17.2,0,0.0,0.0,0.0,0.0,0.0,3,1011.8,850.3,99,320.0,5.6,24.8,medellin,2026-07-01T03:51:06.920796
2026-07-01T12:00,18.4,90,16.8,20.0,0,0.0,0.0,0.0,0.0,0.0,3,1012.2,851.9,97,4580.0,6.1,21.2,medellin,2026-07-01T03:51:06.920796
2026-07-01T13:00,21.7,73,16.7,23.7,0,0.0,0.0,0.0,0.0,0.0,3,1012.4,853.7,98,16020.0,2.9,21.2,medellin,2026-07-01T03:51:06.920796
2026-07-01T14:00,24.5,57,15.4,26.2,0,0.0,0.0,0.0,0.0,0.0,3,1011.8,854.5,99,54340.0,0.7,19.4,medellin,2026-07-01T03:51:06.920796
2026-07-01T15:00,26.4,48,14.4,28.2,0,0.0,0.0,0.0,0.0,0.0,3,1011.2,854.9,99,60380.0,0.8,24.1,medellin,2026-07-01T03:51:06.920796
2026-07-01T16:00,27.9,43,14.0,30.0,2,0.0,0.0,0.0,0.0,0.0,3,1010.6,855.1,100,60400.0,2.2,23.8,medellin,2026-07-01T03:51:06.920796
2026-07-01T17:00,28.8,39,13.5,30.5,5,0.0,0.0,0.0,0.0,0.0,3,1009.7,854.8,100,63440.0,2.7,25.2,medellin,2026-07-01T03:51:06.920796
2026-07-01T18:00,28.6,39,13.4,29.5,8,0.0,0.0,0.0,0.0,0.0,3,1009.3,854.3,98,25520.0,5.6,25.9,medellin,2026-07-01T03:51:06.920796
2026-07-01T19:00,28.1,40,13.3,28.5,10,0.0,0.0,0.0,0.0,0.0,3,1008.3,853.3,99,63540.0,4.7,26.3,medellin,2026-07-01T03:51:06.920796
2026-07-01T20:00,28.5,38,12.8,28.9,12,0.0,0.0,0.0,0.0,0.0,3,1006.9,852.3,99,63620.0,3.6,23.4,medellin,2026-07-01T03:51:06.920796
2026-07-01T21:00,28.4,37,12.5,28.9,12,0.0,0.0,0.0,0.0,0.0,3,1006.5,851.9,99,63640.0,2.0,20.5,medellin,2026-07-01T03:51:06.920796
2026-07-01T22:00,27.0,42,13.0,27.6,9,0.0,0.0,0.0,0.0,0.0,3,1007.1,851.7,99,60640.0,2.4,15.5,medellin,2026-07-01T03:51:06.920796
2026-07-01T23:00,23.5,65,16.6,25.3,4,0.0,0.0,0.0,0.0,0.0,3,1009.0,851.7,100,54440.0,4.0,15.5,medellin,2026-07-01T03:51:06.920796
2026-07-01T00:00,27.4,49,15.7,28.4,0,0.0,0.0,0.0,0.0,0.0,0,1011.0,1006.5,1,38500.0,12.4,12.6,san_jose,2026-07-01T03:51:44.565535
2026-07-01T01:00,26.3,49,14.8,26.2,0,0.0,0.0,0.0,0.0,0.0,0,1010.6,1006.1,6,37700.0,11.8,11.9,san_jose,2026-07-01T03:51:44.565535
2026-07-01T02:00,23.6,50,12.6,23.2,0,0.0,0.0,0.0,0.0,0.0,0,1010.1,1005.6,4,37700.0,8.8,10.1,san_jose,2026-07-01T03:51:44.565535
2026-07-01T03:00,21.5,50,10.7,21.3,0,0.0,0.0,0.0,0.0,0.0,0,1011.6,1007.0,1,38000.0,3.0,3.2,san_jose,2026-07-01T03:51:44.565535
2026-07-01T04:00,18.9,59,10.7,18.1,0,0.0,0.0,0.0,0.0,0.0,0,1011.1,1006.5,0,29800.0,7.2,12.6,san_jose,2026-07-01T03:51:44.565535
2026-07-01T05:00,16.6,70,11.1,15.5,0,0.0,0.0,0.0,0.0,0.0,0,1011.4,1006.8,0,22500.0,10.4,22.0,san_jose,2026-07-01T03:51:44.565535
2026-07-01T06:00,15.4,77,11.4,14.1,0,0.0,0.0,0.0,0.0,0.0,0,1010.9,1006.2,1,18800.0,12.4,23.4,san_jose,2026-07-01T03:51:44.565535
2026-07-01T07:00,14.5,83,11.7,13.2,0,0.0,0.0,0.0,0.0,0.0,0,1010.5,1005.8,1,16400.0,12.8,24.8,san_jose,2026-07-01T03:51:44.565535
2026-07-01T08:00,13.9,87,11.8,12.6,0,0.0,0.0,0.0,0.0,0.0,0,1009.8,1005.1,3,14700.0,12.3,24.8,san_jose,2026-07-01T03:51:44.565535
2026-07-01T09:00,13.4,88,11.5,11.9,0,0.0,0.0,0.0,0.0,0.0,0,1010.0,1005.3,6,14400.0,13.7,27.4,san_jose,2026-07-01T03:51:44.565535
2026-07-01T10:00,13.0,89,11.3,11.3,0,0.0,0.0,0.0,0.0,0.0,0,1009.6,1004.9,7,14300.0,14.7,29.2,san_jose,2026-07-01T03:51:44.565535
2026-07-01T11:00,12.5,88,10.6,10.6,0,0.0,0.0,0.0,0.0,0.0,0,1009.6,1004.9,5,14700.0,14.6,29.5,san_jose,2026-07-01T03:51:44.565535
2026-07-01T12:00,12.0,86,9.7,9.8,0,0.0,0.0,0.0,0.0,0.0,0,1009.9,1005.2,3,15300.0,14.4,29.5,san_jose,2026-07-01T03:51:44.565535
2026-07-01T13:00,11.6,87,9.5,9.2,0,0.0,0.0,0.0,0.0,0.0,0,1010.1,1005.4,5,14900.0,15.3,30.2,san_jose,2026-07-01T03:51:44.565535
2026-07-01T14:00,12.7,88,10.8,10.4,0,0.0,0.0,0.0,0.0,0.0,0,1010.6,1005.9,8,14900.0,17.1,32.8,san_jose,2026-07-01T03:51:44.565535
2026-07-01T15:00,14.3,81,11.1,11.9,0,0.0,0.0,0.0,0.0,0.0,0,1010.7,1006.0,4,17600.0,18.6,30.6,san_jose,2026-07-01T03:51:44.565535
2026-07-01T16:00,16.4,72,11.3,14.1,0,0.0,0.0,0.0,0.0,0.0,0,1010.7,1006.1,1,22000.0,18.4,27.7,san_jose,2026-07-01T03:51:44.565535
2026-07-01T17:00,19.0,61,11.3,17.5,0,0.0,0.0,0.0,0.0,0.0,0,1011.0,1006.4,1,28700.0,17.2,23.0,san_jose,2026-07-01T03:51:44.565535
2026-07-01T18:00,21.3,53,11.3,20.8,0,0.0,0.0,0.0,0.0,0.0,0,1011.2,1006.6,3,34900.0,15.9,20.2,san_jose,2026-07-01T03:51:44.565535
2026-07-01T19:00,23.4,46,11.2,24.3,0,0.0,0.0,0.0,0.0,0.0,0,1011.2,1006.7,2,41100.0,11.8,13.7,san_jose,2026-07-01T03:51:44.565535
2026-07-01T20:00,25.1,43,11.7,26.9,0,0.0,0.0,0.0,0.0,0.0,0,1010.9,1006.4,2,44600.0,9.7,10.8,san_jose,2026-07-01T03:51:44.565535
2026-07-01T21:00,26.6,40,11.9,29.1,0,0.0,0.0,0.0,0.0,0.0,0,1011.0,1006.5,0,48800.0,6.6,7.2,san_jose,2026-07-01T03:51:44.565535
2026-07-01T22:00,27.8,37,11.8,30.4,0,0.0,0.0,0.0,0.0,0.0,0,1010.9,1006.4,0,52000.0,4.0,4.7,san_jose,2026-07-01T03:51:44.565535
2026-07-01T23:00,28.1,37,12.0,29.1,0,0.0,0.0,0.0,0.0,0.0,0,1010.6,1006.1,0,52600.0,9.8,10.8,san_jose,2026-07-01T03:51:44.565535
2026-07-01T00:00,29.2,75,24.2,33.7,47,0.0,0.0,0.0,0.0,0.0,95,1014.6,1012.9,39,15160.0,12.2,31.0,havana,2026-07-01T03:52:22.226425
2026-07-01T01:00,28.4,78,24.1,32.8,31,0.0,0.0,0.0,0.0,0.0,95,1015.0,1013.3,30,15880.0,12.2,25.2,havana,2026-07-01T03:52:22.226425
2026-07-01T02:00,27.9,81,24.2,32.6,13,0.0,0.0,0.0,0.0,0.0,95,1015.4,1013.7,18,37640.0,10.4,24.8,havana,2026-07-01T03:52:22.226425
2026-07-01T03:00,27.6,82,24.3,32.5,0,0.0,0.0,0.0,0.0,0.0,95,1015.7,1014.0,13,33120.0,9.3,20.5,havana,2026-07-01T03:52:22.226425
2026-07-01T04:00,27.1,84,24.3,32.2,0,0.0,0.0,0.0,0.0,0.0,0,1015.9,1014.2,6,34380.0,8.3,18.4,havana,2026-07-01T03:52:22.226425
2026-07-01T05:00,26.9,85,24.2,32.0,0,0.0,0.0,0.0,0.0,0.0,0,1015.3,1013.6,4,32540.0,8.1,16.2,havana,2026-07-01T03:52:22.226425
2026-07-01T06:00,26.7,86,24.2,32.1,0,0.0,0.0,0.0,0.0,0.0,0,1014.8,1013.1,2,31840.0,6.0,15.5,havana,2026-07-01T03:52:22.226425
2026-07-01T07:00,26.3,88,24.2,31.8,0,0.0,0.0,0.0,0.0,0.0,0,1014.3,1012.6,2,33000.0,4.8,11.2,havana,2026-07-01T03:52:22.226425
2026-07-01T08:00,26.0,89,24.0,31.2,0,0.0,0.0,0.0,0.0,0.0,0,1013.9,1012.2,1,33040.0,5.9,11.2,havana,2026-07-01T03:52:22.226425
2026-07-01T09:00,25.7,89,23.8,30.7,0,0.0,0.0,0.0,0.0,0.0,0,1014.0,1012.3,1,33020.0,6.7,12.2,havana,2026-07-01T03:52:22.226425
2026-07-01T10:00,25.5,89,23.5,30.3,0,0.0,0.0,0.0,0.0,0.0,0,1014.0,1012.3,1,33020.0,7.4,14.0,havana,2026-07-01T03:52:22.226425
2026-07-01T11:00,25.4,88,23.3,30.0,0,0.0,0.0,0.0,0.0,0.0,0,1014.3,1012.6,0,33020.0,7.3,13.7,havana,2026-07-01T03:52:22.226425
2026-07-01T12:00,26.5,85,23.7,31.5,0,0.0,0.0,0.0,0.0,0.0,0,1014.7,1013.0,0,36160.0,6.9,14.8,havana,2026-07-01T03:52:22.226425
2026-07-01T13:00,28.5,74,23.5,33.4,0,0.0,0.0,0.0,0.0,0.0,0,1015.0,1013.3,0,40860.0,6.0,16.2,havana,2026-07-01T03:52:22.226425
2026-07-01T14:00,30.2,63,22.5,34.5,0,0.0,0.0,0.0,0.0,0.0,0,1015.2,1013.5,0,44560.0,6.8,19.8,havana,2026-07-01T03:52:22.226425
2026-07-01T15:00,31.5,58,22.3,36.5,0,0.0,0.0,0.0,0.0,0.0,0,1015.3,1013.6,0,47780.0,6.9,21.6,havana,2026-07-01T03:52:22.226425
2026-07-01T16:00,32.1,57,22.4,37.6,16,0.0,0.0,0.0,0.0,0.0,0,1015.4,1013.7,18,10000.0,9.6,27.0,havana,2026-07-01T03:52:22.226425
2026-07-01T17:00,31.8,60,23.1,37.4,39,0.2,0.1,0.1,0.0,0.0,95,1015.1,1013.4,32,9600.0,13.4,34.9,havana,2026-07-01T03:52:22.226425
2026-07-01T18:00,31.9,60,23.2,37.0,57,0.1,0.1,0.0,0.0,0.0,95,1015.0,1013.3,16,21580.0,14.9,38.2,havana,2026-07-01T03:52:22.226425
2026-07-01T19:00,31.2,61,22.7,36.0,70,0.8,0.0,0.8,0.0,0.0,96,1014.5,1012.8,49,4400.0,15.2,39.2,havana,2026-07-01T03:52:22.226425
2026-07-01T20:00,31.3,62,23.1,35.7,78,0.3,0.3,0.0,0.0,0.0,51,1014.1,1012.4,53,9380.0,13.3,37.8,havana,2026-07-01T03:52:22.226425
2026-07-01T21:00,31.3,62,23.0,35.3,78,0.2,0.1,0.1,0.0,0.0,95,1013.6,1011.9,28,11640.0,13.5,33.8,havana,2026-07-01T03:52:22.226425
2026-07-01T22:00,30.5,66,23.3,34.3,63,0.4,0.1,0.3,0.0,0.0,96,1013.8,1012.1,51,16820.0,12.6,34.2,havana,2026-07-01T03:52:22.226425
2026-07-01T23:00,29.8,69,23.6,33.5,39,0.0,0.0,0.0,0.0,0.0,95,1013.6,1011.9,37,39120.0,14.8,36.0,havana,2026-07-01T03:52:22.226425
2026-07-01T00:00,24.6,61,16.5,26.3,0,0.0,0.0,0.0,0.0,0.0,0,1007.0,1006.2,0,35240.0,3.9,7.6,larnaca,2026-07-01T03:52:59.921339
2026-07-01T01:00,24.3,60,16.0,25.7,0,0.0,0.0,0.0,0.0,0.0,0,1007.0,1006.2,0,36940.0,4.1,7.6,larnaca,2026-07-01T03:52:59.921339
2026-07-01T02:00,24.0,63,16.5,25.5,0,0.0,0.0,0.0,0.0,0.0,0,1007.1,1006.3,0,37640.0,4.6,7.9,larnaca,2026-07-01T03:52:59.921339
2026-07-01T03:00,23.6,67,17.1,25.5,0,0.0,0.0,0.0,0.0,0.0,0,1007.2,1006.4,0,36520.0,4.6,9.0,larnaca,2026-07-01T03:52:59.921339
2026-07-01T04:00,24.4,67,17.9,26.6,0,0.0,0.0,0.0,0.0,0.0,0,1007.3,1006.5,0,35720.0,4.3,9.0,larnaca,2026-07-01T03:52:59.921339
2026-07-01T05:00,26.8,66,19.9,30.4,0,0.0,0.0,0.0,0.0,0.0,0,1007.7,1006.9,0,37700.0,1.3,8.6,larnaca,2026-07-01T03:52:59.921339
2026-07-01T06:00,28.6,62,20.6,32.2,0,0.0,0.0,0.0,0.0,0.0,0,1007.8,1007.0,0,38300.0,3.6,8.6,larnaca,2026-07-01T03:52:59.921339
2026-07-01T07:00,30.0,57,20.5,33.6,0,0.0,0.0,0.0,0.0,0.0,0,1007.8,1007.0,0,39460.0,7.9,16.6,larnaca,2026-07-01T03:52:59.921339
2026-07-01T08:00,30.7,56,20.9,35.0,0,0.0,0.0,0.0,0.0,0.0,0,1007.6,1006.8,0,39280.0,11.1,22.3,larnaca,2026-07-01T03:52:59.921339
2026-07-01T09:00,31.7,49,19.7,35.6,0,0.0,0.0,0.0,0.0,0.0,0,1007.2,1006.4,0,40640.0,13.0,25.6,larnaca,2026-07-01T03:52:59.921339
2026-07-01T10:00,32.6,43,18.4,36.0,0,0.0,0.0,0.0,0.0,0.0,0,1007.2,1006.4,0,41520.0,13.8,29.5,larnaca,2026-07-01T03:52:59.921339
2026-07-01T11:00,33.4,38,17.1,35.8,0,0.0,0.0,0.0,0.0,0.0,0,1006.9,1006.1,0,42600.0,15.6,33.8,larnaca,2026-07-01T03:52:59.921339
2026-07-01T12:00,33.6,40,18.1,36.0,0,0.0,0.0,0.0,0.0,0.0,0,1006.6,1005.8,0,42260.0,16.6,34.9,larnaca,2026-07-01T03:52:59.921339
2026-07-01T13:00,34.3,38,17.9,35.8,0,0.0,0.0,0.0,0.0,0.0,0,1006.2,1005.4,4,42800.0,16.7,33.8,larnaca,2026-07-01T03:52:59.921339
2026-07-01T14:00,34.7,38,18.3,35.4,0,0.0,0.0,0.0,0.0,0.0,1,1005.6,1004.8,16,42780.0,18.1,36.4,larnaca,2026-07-01T03:52:59.921339
2026-07-01T15:00,35.7,32,16.4,36.7,0,0.0,0.0,0.0,0.0,0.0,1,1005.0,1004.2,37,45800.0,8.3,25.2,larnaca,2026-07-01T03:52:59.921339
2026-07-01T16:00,33.9,36,16.7,33.9,0,0.0,0.0,0.0,0.0,0.0,0,1005.4,1004.6,7,44020.0,15.5,38.9,larnaca,2026-07-01T03:52:59.921339
2026-07-01T17:00,32.0,34,14.2,31.3,0,0.0,0.0,0.0,0.0,0.0,0,1005.9,1005.1,9,45300.0,14.2,35.3,larnaca,2026-07-01T03:52:59.921339
2026-07-01T18:00,29.6,46,16.8,30.2,0,0.0,0.0,0.0,0.0,0.0,0,1006.5,1005.7,0,41860.0,12.4,31.3,larnaca,2026-07-01T03:52:59.921339
2026-07-01T19:00,27.9,58,18.9,29.8,0,0.0,0.0,0.0,0.0,0.0,0,1006.7,1005.9,0,40280.0,9.9,28.8,larnaca,2026-07-01T03:52:59.921339
2026-07-01T20:00,27.0,66,20.1,29.9,0,0.0,0.0,0.0,0.0,0.0,0,1006.6,1005.8,0,38980.0,7.0,22.0,larnaca,2026-07-01T03:52:59.921339
2026-07-01T21:00,26.5,70,20.6,30.0,0,0.0,0.0,0.0,0.0,0.0,0,1006.5,1005.7,0,37620.0,4.3,14.0,larnaca,2026-07-01T03:52:59.921339
2026-07-01T22:00,25.9,74,20.9,29.6,0,0.0,0.0,0.0,0.0,0.0,0,1006.5,1005.7,0,35740.0,4.0,8.6,larnaca,2026-07-01T03:52:59.921339
2026-07-01T23:00,25.2,77,20.9,29.0,0,0.0,0.0,0.0,0.0,0.0,0,1006.8,1006.0,0,33480.0,3.6,7.6,larnaca,2026-07-01T03:52:59.921339
2026-07-01T00:00,24.4,53,14.2,25.1,0,0.0,0.0,0.0,0.0,0.0,0,1007.0,1005.8,0,41620.0,4.2,7.9,limassol,2026-07-01T03:53:37.593722
2026-07-01T01:00,24.2,54,14.3,24.9,0,0.0,0.0,0.0,0.0,0.0,0,1006.9,1005.7,0,41460.0,4.5,7.6,limassol,2026-07-01T03:53:37.593722
2026-07-01T02:00,24.0,55,14.4,24.8,0,0.0,0.0,0.0,0.0,0.0,0,1007.0,1005.8,0,38160.0,4.4,8.3,limassol,2026-07-01T03:53:37.593722
2026-07-01T03:00,23.9,57,14.9,24.9,0,0.0,0.0,0.0,0.0,0.0,0,1007.0,1005.8,0,38600.0,4.4,8.6,limassol,2026-07-01T03:53:37.593722
2026-07-01T04:00,25.0,54,15.1,26.3,0,0.0,0.0,0.0,0.0,0.0,0,1007.2,1006.0,0,41200.0,2.9,8.3,limassol,2026-07-01T03:53:37.593722
2026-07-01T05:00,26.7,48,14.8,28.0,0,0.0,0.0,0.0,0.0,0.0,0,1007.7,1006.6,0,41720.0,1.9,5.8,limassol,2026-07-01T03:53:37.593722
2026-07-01T06:00,28.3,48,16.2,30.0,0,0.0,0.0,0.0,0.0,0.0,0,1008.0,1006.9,0,41640.0,2.6,8.3,limassol,2026-07-01T03:53:37.593722
2026-07-01T07:00,29.6,48,17.4,32.2,0,0.0,0.0,0.0,0.0,0.0,0,1008.1,1007.0,0,41460.0,5.1,12.6,limassol,2026-07-01T03:53:37.593722
2026-07-01T08:00,30.9,46,17.9,34.3,0,0.0,0.0,0.0,0.0,0.0,0,1007.7,1006.6,0,41660.0,7.2,16.6,limassol,2026-07-01T03:53:37.593722
2026-07-01T09:00,31.7,52,20.7,36.6,0,0.0,0.0,0.0,0.0,0.0,0,1007.3,1006.2,0,40800.0,9.8,22.0,limassol,2026-07-01T03:53:37.593722
2026-07-01T10:00,32.7,47,19.9,36.8,0,0.0,0.0,0.0,0.0,0.0,0,1007.2,1006.1,0,41460.0,13.8,29.9,limassol,2026-07-01T03:53:37.593722
2026-07-01T11:00,33.1,48,20.6,36.6,0,0.0,0.0,0.0,0.0,0.0,0,1007.0,1005.9,0,41220.0,18.5,38.9,limassol,2026-07-01T03:53:37.593722
2026-07-01T12:00,33.4,45,19.9,35.6,0,0.0,0.0,0.0,0.0,0.0,0,1006.8,1005.7,0,41760.0,22.0,44.6,limassol,2026-07-01T03:53:37.593722
2026-07-01T13:00,33.8,41,18.7,34.7,0,0.0,0.0,0.0,0.0,0.0,0,1006.3,1005.2,0,42540.0,23.4,46.8,limassol,2026-07-01T03:53:37.593722
2026-07-01T14:00,33.6,39,17.8,33.3,0,0.0,0.0,0.0,0.0,0.0,0,1005.9,1004.8,0,43140.0,22.9,46.8,limassol,2026-07-01T03:53:37.593722
2026-07-01T15:00,33.2,37,16.6,32.4,0,0.0,0.0,0.0,0.0,0.0,0,1005.5,1004.4,0,43940.0,21.5,45.0,limassol,2026-07-01T03:53:37.593722
2026-07-01T16:00,32.3,38,16.2,31.6,0,0.0,0.0,0.0,0.0,0.0,0,1005.5,1004.4,2,43960.0,18.8,42.1,limassol,2026-07-01T03:53:37.593722
2026-07-01T17:00,30.5,44,16.8,30.8,0,0.0,0.0,0.0,0.0,0.0,0,1005.7,1004.6,0,42540.0,14.4,36.4,limassol,2026-07-01T03:53:37.593722
2026-07-01T18:00,29.2,47,16.7,30.0,0,0.0,0.0,0.0,0.0,0.0,1,1006.1,1005.0,12,42000.0,10.7,28.1,limassol,2026-07-01T03:53:37.593722
2026-07-01T19:00,27.8,50,16.4,29.1,0,0.0,0.0,0.0,0.0,0.0,0,1006.5,1005.4,0,41560.0,6.8,21.2,limassol,2026-07-01T03:53:37.593722
2026-07-01T20:00,26.3,58,17.4,28.2,0,0.0,0.0,0.0,0.0,0.0,0,1006.6,1005.5,0,40660.0,4.9,13.0,limassol,2026-07-01T03:53:37.593722
2026-07-01T21:00,25.3,64,18.0,27.6,0,0.0,0.0,0.0,0.0,0.0,0,1006.6,1005.4,0,39580.0,4.2,8.6,limassol,2026-07-01T03:53:37.593722
2026-07-01T22:00,24.7,68,18.4,27.2,0,0.0,0.0,0.0,0.0,0.0,0,1006.5,1005.3,0,38560.0,4.6,8.3,limassol,2026-07-01T03:53:37.593722
2026-07-01T23:00,24.3,72,18.9,26.9,0,0.0,0.0,0.0,0.0,0.0,0,1006.7,1005.5,0,37440.0,4.6,7.9,limassol,2026-07-01T03:53:37.593722
2026-07-01T00:00,24.7,76,20.2,27.7,0,0.0,0.0,0.0,0.0,0.0,0,1007.2,990.3,0,34380.0,6.1,18.7,nicosia,2026-07-01T03:53:40.191440
2026-07-01T01:00,24.3,70,18.5,26.7,0,0.0,0.0,0.0,0.0,0.0,0,1007.2,990.3,0,37840.0,4.7,14.4,nicosia,2026-07-01T03:53:40.191440
2026-07-01T02:00,23.6,69,17.6,26.0,0,0.0,0.0,0.0,0.0,0.0,0,1007.3,990.3,0,38800.0,2.4,9.7,nicosia,2026-07-01T03:53:40.191440
2026-07-01T03:00,22.9,67,16.5,24.9,0,0.0,0.0,0.0,0.0,0.0,0,1007.5,990.5,0,39340.0,1.8,5.0,nicosia,2026-07-01T03:53:40.191440
2026-07-01T04:00,23.6,57,14.6,24.8,0,0.0,0.0,0.0,0.0,0.0,0,1007.7,990.7,0,40300.0,2.3,7.2,nicosia,2026-07-01T03:53:40.191440
2026-07-01T05:00,26.9,43,13.3,27.6,0,0.0,0.0,0.0,0.0,0.0,0,1008.0,991.2,0,41960.0,1.9,7.6,nicosia,2026-07-01T03:53:40.191440
2026-07-01T06:00,29.8,37,13.5,30.8,0,0.0,0.0,0.0,0.0,0.0,0,1008.0,991.3,0,43320.0,1.0,7.6,nicosia,2026-07-01T03:53:40.191440
2026-07-01T07:00,32.4,31,13.1,33.9,0,0.0,0.0,0.0,0.0,0.0,0,1007.8,991.3,0,45120.0,2.5,10.1,nicosia,2026-07-01T03:53:40.191440
2026-07-01T08:00,34.6,28,13.5,36.9,0,0.0,0.0,0.0,0.0,0.0,0,1007.2,990.8,0,46760.0,4.7,14.8,nicosia,2026-07-01T03:53:40.191440
2026-07-01T09:00,36.1,30,15.8,39.7,0,0.0,0.0,0.0,0.0,0.0,0,1006.6,990.3,0,45400.0,5.8,17.3,nicosia,2026-07-01T03:53:40.191440
2026-07-01T10:00,36.5,35,18.6,40.2,0,0.0,0.0,0.0,0.0,0.0,1,1006.5,990.2,16,42300.0,12.3,30.6,nicosia,2026-07-01T03:53:40.191440
2026-07-01T11:00,35.7,39,19.6,38.3,0,0.0,0.0,0.0,0.0,0.0,3,1006.6,990.3,47,41760.0,18.4,41.8,nicosia,2026-07-01T03:53:40.191440
2026-07-01T12:00,35.4,37,18.5,36.5,0,0.0,0.0,0.0,0.0,0.0,2,1006.5,990.2,49,42820.0,18.6,41.0,nicosia,2026-07-01T03:53:40.191440
2026-07-01T13:00,34.9,31,15.3,35.1,0,0.0,0.0,0.0,0.0,0.0,1,1006.6,990.2,27,44760.0,14.5,39.6,nicosia,2026-07-01T03:53:40.191440
2026-07-01T14:00,34.1,35,16.5,34.4,0,0.0,0.0,0.0,0.0,0.0,1,1006.5,990.1,13,43200.0,15.1,40.3,nicosia,2026-07-01T03:53:40.191440
2026-07-01T15:00,32.5,40,17.2,33.0,0,0.0,0.0,0.0,0.0,0.0,0,1006.4,989.9,2,42240.0,14.5,38.2,nicosia,2026-07-01T03:53:40.191440
2026-07-01T16:00,30.5,46,17.6,31.2,0,0.0,0.0,0.0,0.0,0.0,0,1006.5,989.9,0,41500.0,14.1,36.0,nicosia,2026-07-01T03:53:40.191440
2026-07-01T17:00,28.4,53,17.9,29.4,0,0.0,0.0,0.0,0.0,0.0,0,1006.9,990.2,0,40820.0,12.5,34.2,nicosia,2026-07-01T03:53:40.191440
2026-07-01T18:00,26.8,64,19.4,28.7,0,0.0,0.0,0.0,0.0,0.0,0,1007.2,990.4,0,38780.0,11.3,30.2,nicosia,2026-07-01T03:53:40.191440
2026-07-01T19:00,25.9,72,20.4,28.5,0,0.0,0.0,0.0,0.0,0.0,0,1007.4,990.5,0,35820.0,10.1,27.0,nicosia,2026-07-01T03:53:40.191440
2026-07-01T20:00,25.2,78,21.1,28.1,0,0.0,0.0,0.0,0.0,0.0,0,1007.2,990.3,14,31240.0,10.1,24.5,nicosia,2026-07-01T03:53:40.191440
2026-07-01T21:00,24.6,82,21.3,27.7,0,0.0,0.0,0.0,0.0,0.0,1,1007.1,990.2,7,28400.0,9.7,24.5,nicosia,2026-07-01T03:53:40.191440
2026-07-01T22:00,24.1,86,21.6,27.4,0,0.0,0.0,0.0,0.0,0.0,1,1006.9,989.9,12,22820.0,9.4,23.8,nicosia,2026-07-01T03:53:40.191440
2026-07-01T23:00,23.6,90,21.9,27.5,0,0.0,0.0,0.0,0.0,0.0,1,1007.1,990.1,12,17720.0,6.9,22.7,nicosia,2026-07-01T03:53:40.191440
2026-07-01T00:00,22.1,83,19.1,25.1,65,0.0,0.0,0.0,0.0,0.0,3,1017.3,994.2,87,26160.0,2.6,9.4,prague,2026-07-01T03:53:42.709313
2026-07-01T01:00,21.4,88,19.3,24.1,83,0.0,0.0,0.0,0.0,0.0,3,1017.0,993.8,100,20140.0,5.7,20.9,prague,2026-07-01T03:53:42.709313
2026-07-01T02:00,21.4,87,19.2,24.0,80,0.4,0.0,0.4,0.0,0.0,95,1017.1,993.9,100,21380.0,6.4,13.7,prague,2026-07-01T03:53:42.709313
2026-07-01T03:00,20.3,85,17.7,23.1,70,0.1,0.0,0.1,0.0,0.0,95,1016.3,993.1,100,23880.0,0.4,19.1,prague,2026-07-01T03:53:42.709313
2026-07-01T04:00,20.7,86,18.3,22.1,60,0.0,0.0,0.0,0.0,0.0,3,1015.4,992.2,100,22300.0,11.3,21.2,prague,2026-07-01T03:53:42.709313
2026-07-01T05:00,20.5,90,18.8,22.6,43,0.0,0.0,0.0,0.0,0.0,3,1015.8,992.6,100,16140.0,8.3,27.0,prague,2026-07-01T03:53:42.709313
2026-07-01T06:00,20.8,87,18.6,23.0,58,0.0,0.0,0.0,0.0,0.0,3,1015.4,992.2,100,20600.0,7.1,16.2,prague,2026-07-01T03:53:42.709313
2026-07-01T07:00,21.3,86,18.9,23.9,68,0.3,0.2,0.1,0.0,0.0,95,1015.1,992.0,100,6280.0,5.2,15.8,prague,2026-07-01T03:53:42.709313
2026-07-01T08:00,18.4,93,17.3,20.2,73,20.7,20.3,0.4,0.0,0.0,96,1015.9,992.5,100,1700.0,5.5,43.2,prague,2026-07-01T03:53:42.709313
2026-07-01T09:00,19.0,89,17.1,21.1,85,14.4,14.4,0.0,0.0,0.0,96,1016.1,992.8,100,4760.0,3.1,14.4,prague,2026-07-01T03:53:42.709313
2026-07-01T10:00,20.6,88,18.5,22.0,93,3.2,3.2,0.0,0.0,0.0,63,1015.7,992.5,100,10140.0,12.2,23.0,prague,2026-07-01T03:53:42.709313
2026-07-01T11:00,21.0,90,19.3,22.6,100,0.7,0.7,0.0,0.0,0.0,61,1016.3,993.1,100,5960.0,12.7,25.6,prague,2026-07-01T03:53:42.709313
2026-07-01T12:00,19.7,90,18.0,20.0,100,6.6,6.6,0.0,0.0,0.0,63,1017.1,993.8,100,2520.0,18.3,35.6,prague,2026-07-01T03:53:42.709313
2026-07-01T13:00,20.1,87,17.9,20.5,100,5.5,5.5,0.0,0.0,0.0,63,1017.2,993.9,100,8560.0,17.3,33.8,prague,2026-07-01T03:53:42.709313
2026-07-01T14:00,20.2,81,16.9,20.4,95,1.2,1.2,0.0,0.0,0.0,61,1017.6,994.3,100,20300.0,15.6,34.6,prague,2026-07-01T03:53:42.709313
2026-07-01T15:00,19.9,73,14.9,19.4,88,0.8,0.8,0.0,0.0,0.0,61,1017.7,994.4,100,16500.0,14.5,31.3,prague,2026-07-01T03:53:42.709313
2026-07-01T16:00,20.0,75,15.5,20.1,33,0.2,0.2,0.0,0.0,0.0,61,1017.6,994.3,93,33760.0,12.4,29.5,prague,2026-07-01T03:53:42.709313
2026-07-01T17:00,20.6,67,14.2,20.4,8,0.0,0.0,0.0,0.0,0.0,3,1018.1,994.9,97,37940.0,11.0,24.8,prague,2026-07-01T03:53:42.709313
2026-07-01T18:00,20.4,68,14.3,20.5,5,0.0,0.0,0.0,0.0,0.0,3,1018.4,995.1,99,37560.0,9.5,24.1,prague,2026-07-01T03:53:42.709313
2026-07-01T19:00,20.2,74,15.5,20.9,5,0.0,0.0,0.0,0.0,0.0,3,1018.8,995.5,100,34860.0,8.2,20.2,prague,2026-07-01T03:53:42.709313
2026-07-01T20:00,20.0,62,12.5,19.8,5,0.0,0.0,0.0,0.0,0.0,3,1018.9,995.6,100,39640.0,7.0,15.5,prague,2026-07-01T03:53:42.709313
2026-07-01T21:00,19.7,62,12.2,19.5,8,0.0,0.0,0.0,0.0,0.0,3,1018.9,995.6,100,39700.0,6.1,12.6,prague,2026-07-01T03:53:42.709313
2026-07-01T22:00,18.8,77,14.7,19.4,0,0.0,0.0,0.0,0.0,0.0,3,1019.5,996.1,94,33360.0,6.5,12.6,prague,2026-07-01T03:53:42.709313
2026-07-01T23:00,18.3,80,14.8,19.4,0,0.0,0.0,0.0,0.0,0.0,3,1019.4,996.0,100,31560.0,4.0,13.0,prague,2026-07-01T03:53:42.709313
2026-07-01T00:00,19.6,64,12.6,19.4,0,0.0,0.0,0.0,0.0,0.0,3,1020.0,1019.0,90,36640.0,7.2,13.3,copenhagen,2026-07-01T03:53:45.244228
2026-07-01T01:00,19.6,64,12.6,19.4,1,0.0,0.0,0.0,0.0,0.0,3,1019.9,1018.9,99,36620.0,6.5,14.8,copenhagen,2026-07-01T03:53:45.244228
2026-07-01T02:00,19.3,68,13.3,19.3,3,0.0,0.0,0.0,0.0,0.0,3,1019.6,1018.6,100,36620.0,7.2,14.4,copenhagen,2026-07-01T03:53:45.244228
2026-07-01T03:00,18.7,70,13.1,18.6,4,0.0,0.0,0.0,0.0,0.0,3,1019.3,1018.3,84,13740.0,6.8,14.0,copenhagen,2026-07-01T03:53:45.244228
2026-07-01T04:00,18.5,69,12.7,18.4,4,0.0,0.0,0.0,0.0,0.0,2,1019.3,1018.3,71,28260.0,6.8,14.8,copenhagen,2026-07-01T03:53:45.244228
2026-07-01T05:00,18.9,65,12.1,18.6,4,0.0,0.0,0.0,0.0,0.0,2,1019.2,1018.2,63,39760.0,6.1,14.0,copenhagen,2026-07-01T03:53:45.244228
2026-07-01T06:00,19.5,64,12.5,19.3,4,0.0,0.0,0.0,0.0,0.0,0,1019.4,1018.4,15,39760.0,6.5,17.3,copenhagen,2026-07-01T03:53:45.244228
2026-07-01T07:00,20.3,61,12.5,19.9,3,0.0,0.0,0.0,0.0,0.0,2,1019.2,1018.3,71,39760.0,7.6,20.2,copenhagen,2026-07-01T03:53:45.244228
2026-07-01T08:00,21.1,58,12.5,20.6,1,0.0,0.0,0.0,0.0,0.0,3,1019.2,1018.3,98,42620.0,9.0,23.0,copenhagen,2026-07-01T03:53:45.244228
2026-07-01T09:00,22.3,49,11.1,21.0,0,0.0,0.0,0.0,0.0,0.0,2,1018.9,1018.0,78,42620.0,11.2,27.7,copenhagen,2026-07-01T03:53:45.244228
2026-07-01T10:00,23.2,46,10.9,22.1,1,0.0,0.0,0.0,0.0,0.0,3,1018.7,1017.8,100,42620.0,10.8,28.4,copenhagen,2026-07-01T03:53:45.244228
2026-07-01T11:00,24.1,44,11.0,23.3,2,0.0,0.0,0.0,0.0,0.0,3,1018.6,1017.7,100,46880.0,9.4,27.4,copenhagen,2026-07-01T03:53:45.244228
2026-07-01T12:00,24.6,42,10.8,23.6,4,0.0,0.0,0.0,0.0,0.0,3,1018.4,1017.5,100,46880.0,9.7,25.9,copenhagen,2026-07-01T03:53:45.244228
2026-07-01T13:00,25.2,40,10.6,23.9,6,0.0,0.0,0.0,0.0,0.0,3,1018.3,1017.4,91,46880.0,10.8,28.1,copenhagen,2026-07-01T03:53:45.244228
2026-07-01T14:00,25.2,39,10.3,24.4,7,0.0,0.0,0.0,0.0,0.0,3,1018.1,1017.2,90,46880.0,11.2,29.2,copenhagen,2026-07-01T03:53:45.244228
2026-07-01T15:00,24.5,43,11.1,23.2,8,0.0,0.0,0.0,0.0,0.0,3,1017.7,1016.8,86,15320.0,11.2,28.8,copenhagen,2026-07-01T03:53:45.244228
2026-07-01T16:00,24.5,43,11.1,22.9,7,0.0,0.0,0.0,0.0,0.0,2,1017.4,1016.5,62,46880.0,13.3,31.3,copenhagen,2026-07-01T03:53:45.244228
2026-07-01T17:00,24.3,43,10.9,22.7,4,0.0,0.0,0.0,0.0,0.0,0,1017.3,1016.4,6,42600.0,13.0,32.8,copenhagen,2026-07-01T03:53:45.244228
2026-07-01T18:00,23.7,43,10.4,22.1,2,0.0,0.0,0.0,0.0,0.0,0,1017.3,1016.4,2,42600.0,11.9,29.5,copenhagen,2026-07-01T03:53:45.244228
2026-07-01T19:00,22.8,46,10.5,21.2,2,0.0,0.0,0.0,0.0,0.0,1,1017.6,1016.7,22,39740.0,11.9,26.3,copenhagen,2026-07-01T03:53:45.244228
2026-07-01T20:00,21.6,50,10.7,20.3,2,0.0,0.0,0.0,0.0,0.0,1,1017.7,1016.8,24,39740.0,10.4,24.1,copenhagen,2026-07-01T03:53:45.244228
2026-07-01T21:00,20.8,53,10.8,19.5,2,0.0,0.0,0.0,0.0,0.0,0,1018.0,1017.1,5,36580.0,10.4,19.4,copenhagen,2026-07-01T03:53:45.244228
2026-07-01T22:00,20.0,64,12.9,19.5,1,0.0,0.0,0.0,0.0,0.0,0,1017.8,1016.9,0,36580.0,9.7,18.7,copenhagen,2026-07-01T03:53:45.244228
2026-07-01T23:00,19.4,70,13.7,19.2,1,0.0,0.0,0.0,0.0,0.0,0,1017.6,1016.6,0,36580.0,9.4,16.9,copenhagen,2026-07-01T03:53:45.244228
2026-07-01T00:00,22.7,79,19.0,25.0,0,0.0,0.0,0.0,0.0,0.0,0,1014.5,982.4,5,9700.0,6.9,15.1,kinshasa,2026-07-01T03:55:48.239728
2026-07-01T01:00,22.3,81,19.0,24.7,0,0.0,0.0,0.0,0.0,0.0,0,1014.4,982.3,6,8720.0,6.3,15.5,kinshasa,2026-07-01T03:55:48.239728
2026-07-01T02:00,21.9,84,19.0,24.4,0,0.0,0.0,0.0,0.0,0.0,0,1014.4,982.3,6,8720.0,5.9,14.0,kinshasa,2026-07-01T03:55:48.239728
2026-07-01T03:00,21.6,85,19.0,24.1,0,0.0,0.0,0.0,0.0,0.0,0,1014.6,982.4,7,7800.0,6.1,13.7,kinshasa,2026-07-01T03:55:48.239728
2026-07-01T04:00,21.3,87,19.0,23.7,0,0.0,0.0,0.0,0.0,0.0,1,1014.9,982.7,28,7800.0,6.7,15.1,kinshasa,2026-07-01T03:55:48.239728
2026-07-01T05:00,21.0,87,18.7,23.2,0,0.0,0.0,0.0,0.0,0.0,2,1015.3,983.0,59,7800.0,7.4,16.6,kinshasa,2026-07-01T03:55:48.239728
2026-07-01T06:00,21.1,84,18.3,23.1,0,0.0,0.0,0.0,0.0,0.0,2,1015.5,983.2,79,8720.0,7.0,18.0,kinshasa,2026-07-01T03:55:48.239728
2026-07-01T07:00,21.8,79,17.9,23.7,0,0.0,0.0,0.0,0.0,0.0,3,1016.0,983.8,94,9680.0,6.4,18.7,kinshasa,2026-07-01T03:55:48.239728
2026-07-01T08:00,23.1,71,17.6,24.9,0,0.0,0.0,0.0,0.0,0.0,3,1016.2,984.1,98,9680.0,6.1,20.2,kinshasa,2026-07-01T03:55:48.239728
2026-07-01T09:00,24.7,64,17.5,26.6,0,0.0,0.0,0.0,0.0,0.0,3,1015.9,984.0,99,10640.0,5.1,20.2,kinshasa,2026-07-01T03:55:48.239728
2026-07-01T10:00,26.4,58,17.5,28.6,0,0.0,0.0,0.0,0.0,0.0,3,1015.0,983.3,99,11600.0,5.8,22.0,kinshasa,2026-07-01T03:55:48.239728
2026-07-01T11:00,27.7,55,17.7,30.2,0,0.0,0.0,0.0,0.0,0.0,3,1013.8,982.3,100,11600.0,6.4,23.4,kinshasa,2026-07-01T03:55:48.239728
2026-07-01T12:00,29.0,51,17.9,31.7,0,0.0,0.0,0.0,0.0,0.0,3,1012.5,981.1,99,11600.0,6.6,23.8,kinshasa,2026-07-01T03:55:48.239728
2026-07-01T13:00,29.8,49,18.1,32.1,0,0.0,0.0,0.0,0.0,0.0,3,1011.4,980.2,100,11600.0,7.3,24.5,kinshasa,2026-07-01T03:55:48.239728
2026-07-01T14:00,30.1,49,18.2,31.8,0,0.0,0.0,0.0,0.0,0.0,3,1010.4,979.2,100,13520.0,8.3,25.6,kinshasa,2026-07-01T03:55:48.239728
2026-07-01T15:00,30.0,49,18.2,31.6,0,0.0,0.0,0.0,0.0,0.0,3,1010.0,978.8,98,13520.0,8.9,25.6,kinshasa,2026-07-01T03:55:48.239728
2026-07-01T16:00,29.5,51,18.3,31.2,0,0.0,0.0,0.0,0.0,0.0,2,1010.1,978.9,74,11600.0,9.2,24.8,kinshasa,2026-07-01T03:55:48.239728
2026-07-01T17:00,28.7,55,18.7,30.6,0,0.0,0.0,0.0,0.0,0.0,2,1010.7,979.4,76,11600.0,8.9,23.0,kinshasa,2026-07-01T03:55:48.239728
2026-07-01T18:00,27.7,60,19.2,29.8,0,0.0,0.0,0.0,0.0,0.0,3,1011.3,979.9,86,11580.0,8.9,21.2,kinshasa,2026-07-01T03:55:48.239728
2026-07-01T19:00,26.8,64,19.3,29.0,0,0.0,0.0,0.0,0.0,0.0,2,1012.4,980.8,54,10620.0,8.9,21.2,kinshasa,2026-07-01T03:55:48.239728
2026-07-01T20:00,26.0,66,19.1,28.1,0,0.0,0.0,0.0,0.0,0.0,0,1013.4,981.7,10,10620.0,9.0,20.9,kinshasa,2026-07-01T03:55:48.239728
2026-07-01T21:00,25.4,67,18.9,27.5,0,0.0,0.0,0.0,0.0,0.0,0,1014.1,982.3,8,10620.0,8.1,20.5,kinshasa,2026-07-01T03:55:48.239728
2026-07-01T22:00,24.6,71,19.1,26.9,0,0.0,0.0,0.0,0.0,0.0,0,1014.4,982.5,2,9660.0,7.6,18.7,kinshasa,2026-07-01T03:55:48.239728
2026-07-01T23:00,24.0,74,19.1,26.1,0,0.0,0.0,0.0,0.0,0.0,0,1014.5,982.6,2,9660.0,9.1,20.9,kinshasa,2026-07-01T03:55:48.239728
2026-07-01T00:00,13.4,93,12.3,13.8,57,0.5,0.0,0.5,0.0,0.0,53,1015.3,755.5,97,7060.0,2.2,9.7,cuenca,2026-07-01T03:55:50.701117
2026-07-01T01:00,12.9,95,12.0,13.1,57,0.5,0.0,0.5,0.0,0.0,53,1017.1,756.5,66,7800.0,2.8,9.7,cuenca,2026-07-01T03:55:50.701117
2026-07-01T02:00,13.1,92,11.8,13.1,62,0.0,0.0,0.0,0.0,0.0,2,1018.2,757.4,63,22620.0,3.6,10.8,cuenca,2026-07-01T03:55:50.701117
2026-07-01T03:00,12.9,91,11.5,12.9,65,0.0,0.0,0.0,0.0,0.0,1,1018.4,757.4,32,37300.0,3.0,10.8,cuenca,2026-07-01T03:55:50.701117
2026-07-01T04:00,11.6,94,10.7,11.5,62,0.0,0.0,0.0,0.0,0.0,1,1018.4,756.5,44,16740.0,2.3,8.6,cuenca,2026-07-01T03:55:50.701117
2026-07-01T05:00,12.3,94,11.4,12.5,57,0.0,0.0,0.0,0.0,0.0,3,1018.2,756.8,97,40020.0,1.4,7.9,cuenca,2026-07-01T03:55:50.701117
2026-07-01T06:00,12.0,94,11.1,12.2,53,0.0,0.0,0.0,0.0,0.0,3,1017.7,756.3,100,40820.0,1.3,6.8,cuenca,2026-07-01T03:55:50.701117
2026-07-01T07:00,12.0,92,10.7,12.2,50,0.0,0.0,0.0,0.0,0.0,2,1017.4,756.0,59,10620.0,0.6,6.5,cuenca,2026-07-01T03:55:50.701117
2026-07-01T08:00,12.0,92,10.7,12.1,47,0.1,0.1,0.0,0.0,0.0,51,1017.1,755.8,66,6260.0,0.6,6.1,cuenca,2026-07-01T03:55:50.701117
2026-07-01T09:00,11.8,92,10.6,11.8,45,0.1,0.1,0.0,0.0,0.0,51,1016.9,755.5,48,15120.0,1.5,6.5,cuenca,2026-07-01T03:55:50.701117
2026-07-01T10:00,11.9,92,10.7,11.8,41,0.1,0.1,0.0,0.0,0.0,51,1016.6,755.4,47,7620.0,2.2,6.8,cuenca,2026-07-01T03:55:50.701117
2026-07-01T11:00,11.5,93,10.3,11.3,37,0.0,0.0,0.0,0.0,0.0,1,1016.9,755.2,46,2140.0,2.1,7.2,cuenca,2026-07-01T03:55:50.701117
2026-07-01T12:00,12.0,92,10.8,11.9,39,0.0,0.0,0.0,0.0,0.0,3,1017.4,756.0,100,980.0,2.8,8.6,cuenca,2026-07-01T03:55:50.701117
2026-07-01T13:00,13.5,88,11.5,13.4,53,0.0,0.0,0.0,0.0,0.0,2,1018.3,757.9,65,24880.0,4.4,13.7,cuenca,2026-07-01T03:55:50.701117
2026-07-01T14:00,15.2,79,11.6,14.5,74,0.1,0.0,0.1,0.0,0.0,51,1018.3,759.1,54,11560.0,8.2,22.3,cuenca,2026-07-01T03:55:50.701117
2026-07-01T15:00,17.1,70,11.6,16.0,90,0.1,0.0,0.1,0.0,0.0,51,1017.6,760.0,40,12000.0,10.8,32.8,cuenca,2026-07-01T03:55:50.701117
2026-07-01T16:00,18.1,65,11.4,17.3,97,0.1,0.0,0.1,0.0,0.0,51,1017.1,760.4,37,8600.0,12.5,39.2,cuenca,2026-07-01T03:55:50.701117
2026-07-01T17:00,18.9,60,11.0,18.4,99,0.2,0.1,0.1,0.0,0.0,51,1016.3,760.4,41,10780.0,13.8,35.6,cuenca,2026-07-01T03:55:50.701117
2026-07-01T18:00,19.1,58,10.8,19.1,98,0.3,0.2,0.1,0.0,0.0,51,1015.1,759.6,37,9220.0,13.2,37.1,cuenca,2026-07-01T03:55:50.701117
2026-07-01T19:00,18.9,59,10.6,18.7,93,0.5,0.2,0.3,0.0,0.0,53,1014.0,758.6,38,6080.0,11.7,34.6,cuenca,2026-07-01T03:55:50.701117
2026-07-01T20:00,18.5,60,10.6,18.2,84,0.6,0.3,0.3,0.0,0.0,53,1013.0,757.6,53,5660.0,10.0,31.7,cuenca,2026-07-01T03:55:50.701117
2026-07-01T21:00,18.5,60,10.5,17.2,73,0.6,0.3,0.3,0.0,0.0,53,1012.2,757.0,40,6880.0,10.2,26.3,cuenca,2026-07-01T03:55:50.701117
2026-07-01T22:00,17.6,65,10.8,16.5,59,0.5,0.1,0.4,0.0,0.0,53,1012.6,756.6,29,11360.0,9.3,26.3,cuenca,2026-07-01T03:55:50.701117
2026-07-01T23:00,16.0,75,11.6,15.7,42,0.2,0.0,0.2,0.0,0.0,51,1013.6,756.2,34,63820.0,5.2,22.3,cuenca,2026-07-01T03:55:50.701117
2026-07-01T00:00,15.6,68,9.6,13.7,8,0.0,0.0,0.0,0.0,0.0,2,1012.2,731.5,69,71320.0,12.0,34.9,quito,2026-07-01T03:55:53.186099
2026-07-01T01:00,14.0,78,10.2,12.8,4,0.0,0.0,0.0,0.0,0.0,2,1014.0,731.6,68,46020.0,9.0,31.0,quito,2026-07-01T03:55:53.186099
2026-07-01T02:00,13.5,81,10.2,13.0,2,0.0,0.0,0.0,0.0,0.0,1,1015.1,731.9,49,57740.0,3.9,23.0,quito,2026-07-01T03:55:53.186099
2026-07-01T03:00,13.0,80,9.7,12.8,0,0.0,0.0,0.0,0.0,0.0,2,1015.3,731.7,64,67440.0,0.4,13.0,quito,2026-07-01T03:55:53.186099
2026-07-01T04:00,12.4,72,7.5,11.7,0,0.0,0.0,0.0,0.0,0.0,3,1015.6,731.4,88,71220.0,0.2,6.5,quito,2026-07-01T03:55:53.186099
2026-07-01T05:00,11.8,70,6.4,10.8,0,0.0,0.0,0.0,0.0,0.0,3,1015.4,730.8,82,13060.0,0.7,6.8,quito,2026-07-01T03:55:53.186099
2026-07-01T06:00,11.0,70,5.8,9.8,0,0.0,0.0,0.0,0.0,0.0,3,1015.0,729.9,87,71240.0,1.4,7.2,quito,2026-07-01T03:55:53.186099
2026-07-01T07:00,10.9,69,5.4,9.5,0,0.0,0.0,0.0,0.0,0.0,3,1014.4,729.3,87,71320.0,1.8,8.3,quito,2026-07-01T03:55:53.186099
2026-07-01T08:00,10.5,69,5.1,8.9,0,0.0,0.0,0.0,0.0,0.0,3,1014.1,728.8,89,71320.0,2.5,7.9,quito,2026-07-01T03:55:53.186099
2026-07-01T09:00,10.6,69,5.1,8.8,0,0.0,0.0,0.0,0.0,0.0,3,1013.7,728.6,96,31240.0,4.0,9.0,quito,2026-07-01T03:55:53.186099
2026-07-01T10:00,10.4,70,5.2,8.8,1,0.0,0.0,0.0,0.0,0.0,3,1013.7,728.4,90,16800.0,2.7,8.6,quito,2026-07-01T03:55:53.186099
2026-07-01T11:00,10.1,71,5.2,8.5,2,0.0,0.0,0.0,0.0,0.0,3,1014.1,728.5,95,7800.0,3.1,7.6,quito,2026-07-01T03:55:53.186099
2026-07-01T12:00,11.1,66,5.1,9.4,2,0.0,0.0,0.0,0.0,0.0,3,1014.5,729.6,91,18900.0,3.3,9.7,quito,2026-07-01T03:55:53.186099
2026-07-01T13:00,13.2,57,4.8,11.6,1,0.0,0.0,0.0,0.0,0.0,2,1015.3,731.9,73,29760.0,2.3,14.4,quito,2026-07-01T03:55:53.186099
2026-07-01T14:00,15.8,48,4.7,14.0,1,0.0,0.0,0.0,0.0,0.0,3,1014.7,733.5,96,47640.0,3.2,20.5,quito,2026-07-01T03:55:53.186099
2026-07-01T15:00,17.0,45,4.9,15.4,0,0.0,0.0,0.0,0.0,0.0,3,1014.5,734.3,85,78820.0,4.8,25.6,quito,2026-07-01T03:55:53.186099
2026-07-01T16:00,17.8,42,4.8,17.1,0,0.0,0.0,0.0,0.0,0.0,3,1014.3,734.8,95,4260.0,2.0,25.6,quito,2026-07-01T03:55:53.186099
2026-07-01T17:00,18.7,40,4.8,18.3,1,0.0,0.0,0.0,0.0,0.0,3,1013.4,734.9,94,78860.0,2.5,24.5,quito,2026-07-01T03:55:53.186099
2026-07-01T18:00,20.2,37,4.9,19.7,2,0.0,0.0,0.0,0.0,0.0,3,1011.6,734.7,93,81540.0,6.8,32.0,quito,2026-07-01T03:55:53.186099
2026-07-01T19:00,19.9,37,4.6,18.3,2,0.0,0.0,0.0,0.0,0.0,3,1010.3,733.5,91,81620.0,7.4,33.8,quito,2026-07-01T03:55:53.186099
2026-07-01T20:00,19.9,36,4.5,17.4,1,0.0,0.0,0.0,0.0,0.0,3,1009.1,732.7,87,81660.0,8.4,32.0,quito,2026-07-01T03:55:53.186099
2026-07-01T21:00,19.8,36,4.4,17.0,2,0.0,0.0,0.0,0.0,0.0,3,1008.2,732.0,91,81640.0,10.2,34.9,quito,2026-07-01T03:55:53.186099
2026-07-01T22:00,19.0,38,4.2,16.2,5,0.0,0.0,0.0,0.0,0.0,3,1009.3,732.2,94,81580.0,9.6,35.3,quito,2026-07-01T03:55:53.186099
2026-07-01T23:00,17.0,44,4.7,14.2,8,0.0,0.0,0.0,0.0,0.0,3,1011.0,731.8,84,78940.0,10.4,32.0,quito,2026-07-01T03:55:53.186099
2026-07-01T00:00,23.9,74,19.0,26.6,0,0.0,0.0,0.0,0.0,0.0,0,1010.7,1008.1,0,35160.0,4.7,13.0,cairo,2026-07-01T03:55:55.663647
2026-07-01T01:00,23.3,77,19.1,26.1,0,0.0,0.0,0.0,0.0,0.0,0,1010.6,1008.0,0,33160.0,4.3,11.9,cairo,2026-07-01T03:55:55.663647
2026-07-01T02:00,22.9,79,19.0,25.7,0,0.0,0.0,0.0,0.0,0.0,0,1010.6,1008.0,0,31560.0,3.6,10.4,cairo,2026-07-01T03:55:55.663647
2026-07-01T03:00,22.5,82,19.3,25.6,0,0.0,0.0,0.0,0.0,0.0,1,1010.7,1008.1,12,29180.0,3.1,9.0,cairo,2026-07-01T03:55:55.663647
2026-07-01T04:00,22.8,82,19.5,25.9,0,0.0,0.0,0.0,0.0,0.0,1,1010.9,1008.3,16,27600.0,3.1,9.4,cairo,2026-07-01T03:55:55.663647
2026-07-01T05:00,24.0,79,20.1,27.3,0,0.0,0.0,0.0,0.0,0.0,1,1011.2,1008.6,20,29060.0,4.7,14.4,cairo,2026-07-01T03:55:55.663647
2026-07-01T06:00,25.9,70,20.0,28.9,0,0.0,0.0,0.0,0.0,0.0,1,1011.4,1008.9,18,34340.0,5.4,17.3,cairo,2026-07-01T03:55:55.663647
2026-07-01T07:00,28.1,61,19.8,31.5,0,0.0,0.0,0.0,0.0,0.0,0,1011.3,1008.8,2,38500.0,6.3,20.2,cairo,2026-07-01T03:55:55.663647
2026-07-01T08:00,30.6,49,18.6,34.2,0,0.0,0.0,0.0,0.0,0.0,0,1010.6,1008.1,0,40780.0,7.6,23.4,cairo,2026-07-01T03:55:55.663647
2026-07-01T09:00,32.8,40,17.4,36.5,0,0.0,0.0,0.0,0.0,0.0,0,1009.9,1007.4,0,42120.0,8.3,25.9,cairo,2026-07-01T03:55:55.663647
2026-07-01T10:00,34.8,33,16.1,38.2,0,0.0,0.0,0.0,0.0,0.0,0,1009.4,1006.9,0,43800.0,9.0,27.0,cairo,2026-07-01T03:55:55.663647
2026-07-01T11:00,36.4,27,14.4,38.8,0,0.0,0.0,0.0,0.0,0.0,0,1009.0,1006.6,0,46600.0,10.6,31.3,cairo,2026-07-01T03:55:55.663647
2026-07-01T12:00,37.4,25,14.0,39.0,0,0.0,0.0,0.0,0.0,0.0,1,1008.2,1005.8,28,48100.0,11.9,33.1,cairo,2026-07-01T03:55:55.663647
2026-07-01T13:00,37.9,23,13.2,38.2,0,0.0,0.0,0.0,0.0,0.0,1,1007.7,1005.3,33,49820.0,12.6,34.2,cairo,2026-07-01T03:55:55.663647
2026-07-01T14:00,37.8,24,13.8,37.4,0,0.0,0.0,0.0,0.0,0.0,2,1007.2,1004.8,45,49960.0,12.8,34.6,cairo,2026-07-01T03:55:55.663647
2026-07-01T15:00,37.1,25,13.8,36.3,0,0.0,0.0,0.0,0.0,0.0,2,1007.2,1004.8,47,49700.0,14.0,36.4,cairo,2026-07-01T03:55:55.663647
2026-07-01T16:00,35.9,24,12.2,34.4,0,0.0,0.0,0.0,0.0,0.0,1,1007.7,1005.3,41,50360.0,14.8,38.5,cairo,2026-07-01T03:55:55.663647
2026-07-01T17:00,33.9,24,10.5,32.0,0,0.0,0.0,0.0,0.0,0.0,0,1008.5,1006.0,0,51160.0,14.5,38.5,cairo,2026-07-01T03:55:55.663647
2026-07-01T18:00,31.8,29,11.6,30.4,0,0.0,0.0,0.0,0.0,0.0,0,1009.5,1007.0,0,47820.0,13.1,36.7,cairo,2026-07-01T03:55:55.663647
2026-07-01T19:00,29.9,39,14.5,29.8,0,0.0,0.0,0.0,0.0,0.0,0,1010.3,1007.8,0,43520.0,10.8,33.8,cairo,2026-07-01T03:55:55.663647
2026-07-01T20:00,28.2,49,16.5,29.2,0,0.0,0.0,0.0,0.0,0.0,0,1010.7,1008.2,4,41560.0,9.0,27.4,cairo,2026-07-01T03:55:55.663647
2026-07-01T21:00,26.8,58,17.8,28.4,0,0.0,0.0,0.0,0.0,0.0,1,1010.6,1008.1,26,40240.0,7.9,22.3,cairo,2026-07-01T03:55:55.663647
2026-07-01T22:00,25.6,67,19.0,28.0,0,0.0,0.0,0.0,0.0,0.0,1,1010.4,1007.9,24,37960.0,7.2,19.8,cairo,2026-07-01T03:55:55.663647
2026-07-01T23:00,24.8,72,19.4,27.4,0,0.0,0.0,0.0,0.0,0.0,1,1010.3,1007.8,21,35780.0,6.2,18.0,cairo,2026-07-01T03:55:55.663647
2026-07-01T00:00,18.5,65,11.8,17.6,0,0.0,0.0,0.0,0.0,0.0,3,1019.6,1017.0,98,50580.0,10.1,19.4,tallinn,2026-07-01T03:56:33.315180
2026-07-01T01:00,18.1,67,11.8,17.5,0,0.0,0.0,0.0,0.0,0.0,3,1019.3,1016.7,94,50560.0,7.6,17.3,tallinn,2026-07-01T03:56:33.315180
2026-07-01T02:00,17.9,70,12.3,17.8,0,0.0,0.0,0.0,0.0,0.0,3,1019.1,1016.5,90,46280.0,5.4,13.3,tallinn,2026-07-01T03:56:33.315180
2026-07-01T03:00,18.1,69,12.3,17.9,0,0.0,0.0,0.0,0.0,0.0,3,1018.9,1016.3,92,50560.0,5.8,11.5,tallinn,2026-07-01T03:56:33.315180
2026-07-01T04:00,18.8,65,12.0,18.4,0,0.0,0.0,0.0,0.0,0.0,3,1018.8,1016.2,97,50560.0,6.8,13.7,tallinn,2026-07-01T03:56:33.315180
2026-07-01T05:00,20.2,57,11.4,19.7,0,0.0,0.0,0.0,0.0,0.0,3,1018.6,1016.0,91,50560.0,6.5,14.4,tallinn,2026-07-01T03:56:33.315180
2026-07-01T06:00,21.8,50,10.9,21.4,0,0.0,0.0,0.0,0.0,0.0,2,1018.5,1015.9,70,54060.0,5.0,15.1,tallinn,2026-07-01T03:56:33.315180
2026-07-01T07:00,22.1,57,13.2,21.6,0,0.0,0.0,0.0,0.0,0.0,2,1018.5,1015.9,64,54060.0,10.8,22.7,tallinn,2026-07-01T03:56:33.315180
2026-07-01T08:00,22.4,59,14.0,22.7,0,0.0,0.0,0.0,0.0,0.0,1,1018.2,1015.6,27,54040.0,9.4,24.1,tallinn,2026-07-01T03:56:33.315180
2026-07-01T09:00,23.4,54,13.6,23.8,0,0.0,0.0,0.1,0.0,0.0,1,1018.1,1015.5,45,7960.0,11.9,25.9,tallinn,2026-07-01T03:56:33.315180
2026-07-01T10:00,24.3,46,12.0,24.2,6,0.0,0.0,0.2,0.0,0.0,3,1017.8,1015.2,86,7580.0,13.0,28.1,tallinn,2026-07-01T03:56:33.315180
2026-07-01T11:00,24.4,48,12.6,24.1,15,0.0,0.0,0.1,0.0,0.0,3,1017.5,1014.9,99,10620.0,13.7,29.9,tallinn,2026-07-01T03:56:33.315180
2026-07-01T12:00,23.9,50,12.9,23.1,20,0.0,0.0,0.1,0.0,0.0,3,1017.3,1014.7,100,8920.0,14.0,29.2,tallinn,2026-07-01T03:56:33.315180
2026-07-01T13:00,23.8,54,13.9,23.2,19,0.0,0.0,0.0,0.0,0.0,3,1016.9,1014.3,100,16040.0,12.6,29.2,tallinn,2026-07-01T03:56:33.315180
2026-07-01T14:00,23.7,60,15.4,23.9,14,0.0,0.0,0.0,0.0,0.0,3,1016.5,1013.9,100,57100.0,10.8,25.6,tallinn,2026-07-01T03:56:33.315180
2026-07-01T15:00,23.2,62,15.5,23.5,10,0.0,0.0,0.0,0.0,0.0,3,1016.0,1013.4,99,54020.0,11.2,22.3,tallinn,2026-07-01T03:56:33.315180
2026-07-01T16:00,23.1,60,14.9,23.2,6,0.0,0.0,0.0,0.0,0.0,3,1015.3,1012.7,98,38080.0,10.4,23.4,tallinn,2026-07-01T03:56:33.315180
2026-07-01T17:00,22.5,64,15.3,22.8,2,0.0,0.0,0.0,0.0,0.0,3,1015.0,1012.4,98,27540.0,10.1,20.2,tallinn,2026-07-01T03:56:33.315180
2026-07-01T18:00,21.8,70,16.1,22.4,0,0.0,0.0,0.0,0.0,0.0,2,1014.7,1012.1,64,50480.0,10.4,20.2,tallinn,2026-07-01T03:56:33.315180
2026-07-01T19:00,21.1,72,15.8,21.4,0,0.0,0.0,0.0,0.0,0.0,3,1014.6,1012.0,98,50480.0,11.2,21.2,tallinn,2026-07-01T03:56:33.315180
2026-07-01T20:00,20.3,72,15.1,21.0,1,0.0,0.0,0.0,0.0,0.0,3,1014.4,1011.8,99,46200.0,6.5,19.4,tallinn,2026-07-01T03:56:33.315180
2026-07-01T21:00,20.3,73,15.3,21.3,2,0.0,0.0,0.0,0.0,0.0,3,1014.1,1011.5,98,42040.0,5.0,10.4,tallinn,2026-07-01T03:56:33.315180
2026-07-01T22:00,20.0,75,15.4,20.5,3,0.0,0.0,0.0,0.0,0.0,3,1013.5,1010.9,96,42040.0,8.6,14.4,tallinn,2026-07-01T03:56:33.315180
2026-07-01T23:00,19.0,80,15.5,20.2,4,0.0,0.0,0.0,0.0,0.0,3,1013.3,1010.7,100,42040.0,4.7,19.1,tallinn,2026-07-01T03:56:33.315180
2026-07-01T00:00,20.1,51,9.6,18.2,0,0.0,0.0,0.0,0.0,0.0,3,1019.7,1018.6,100,58760.0,11.9,18.7,helsinki,2026-07-01T03:57:11.076555
2026-07-01T01:00,19.7,51,9.2,17.3,0,0.0,0.0,0.0,0.0,0.0,3,1019.5,1018.4,97,55680.0,15.1,23.8,helsinki,2026-07-01T03:57:11.076555
2026-07-01T02:00,19.1,53,9.3,16.7,0,0.0,0.0,0.0,0.0,0.0,3,1019.5,1018.4,97,55680.0,15.5,24.8,helsinki,2026-07-01T03:57:11.076555
2026-07-01T03:00,19.1,55,9.8,16.9,0,0.0,0.0,0.0,0.0,0.0,3,1019.3,1018.2,97,55660.0,14.8,25.6,helsinki,2026-07-01T03:57:11.076555
2026-07-01T04:00,18.9,57,10.2,16.9,0,0.0,0.0,0.0,0.0,0.0,3,1019.2,1018.1,100,55660.0,13.7,24.8,helsinki,2026-07-01T03:57:11.076555
2026-07-01T05:00,19.1,60,11.2,17.5,0,0.0,0.0,0.0,0.0,0.0,2,1019.2,1018.1,79,55660.0,13.7,23.0,helsinki,2026-07-01T03:57:11.076555
2026-07-01T06:00,20.0,60,12.0,18.2,0,0.0,0.0,0.0,0.0,0.0,3,1019.1,1018.0,83,58720.0,16.6,28.1,helsinki,2026-07-01T03:57:11.076555
2026-07-01T07:00,21.2,57,12.4,19.2,0,0.0,0.0,0.0,0.0,0.0,2,1019.3,1018.2,74,58720.0,18.7,32.0,helsinki,2026-07-01T03:57:11.076555
2026-07-01T08:00,21.9,55,12.4,19.9,0,0.0,0.0,0.0,0.0,0.0,1,1019.0,1017.9,34,58720.0,19.4,33.8,helsinki,2026-07-01T03:57:11.076555
2026-07-01T09:00,22.3,56,13.1,21.1,0,0.0,0.0,0.0,0.0,0.0,1,1019.0,1017.9,27,58720.0,19.1,34.2,helsinki,2026-07-01T03:57:11.076555
2026-07-01T10:00,22.9,57,13.9,22.4,1,0.0,0.0,0.0,0.0,0.0,3,1018.8,1017.7,85,58720.0,19.1,33.8,helsinki,2026-07-01T03:57:11.076555
2026-07-01T11:00,23.0,58,14.3,22.7,1,0.0,0.0,0.0,0.0,0.0,3,1018.6,1017.5,95,58700.0,17.6,33.8,helsinki,2026-07-01T03:57:11.076555
2026-07-01T12:00,22.6,60,14.4,21.4,2,0.0,0.0,0.0,0.0,0.0,3,1018.2,1017.1,99,58700.0,18.4,31.7,helsinki,2026-07-01T03:57:11.076555
2026-07-01T13:00,22.8,60,14.6,21.8,2,0.0,0.0,0.0,0.0,0.0,3,1017.9,1016.8,100,58700.0,17.3,31.3,helsinki,2026-07-01T03:57:11.076555
2026-07-01T14:00,22.6,59,14.2,21.5,2,0.0,0.0,0.0,0.0,0.0,3,1017.4,1016.3,100,58700.0,16.6,29.9,helsinki,2026-07-01T03:57:11.076555
2026-07-01T15:00,22.3,58,13.6,20.9,2,0.0,0.0,0.0,0.0,0.0,3,1016.9,1015.8,96,58680.0,17.6,29.9,helsinki,2026-07-01T03:57:11.076555
2026-07-01T16:00,21.7,62,14.1,20.5,1,0.0,0.0,0.0,0.0,0.0,3,1016.5,1015.4,96,58680.0,16.9,29.9,helsinki,2026-07-01T03:57:11.076555
2026-07-01T17:00,20.9,66,14.3,20.1,0,0.0,0.0,0.0,0.0,0.0,2,1016.0,1014.9,76,58680.0,15.1,28.8,helsinki,2026-07-01T03:57:11.076555
2026-07-01T18:00,20.4,70,14.8,19.9,0,0.0,0.0,0.0,0.0,0.0,3,1015.7,1014.6,91,58680.0,14.0,25.9,helsinki,2026-07-01T03:57:11.076555
2026-07-01T19:00,20.1,73,15.1,20.0,0,0.0,0.0,0.0,0.0,0.0,3,1015.6,1014.5,90,58680.0,12.2,23.0,helsinki,2026-07-01T03:57:11.076555
2026-07-01T20:00,19.8,71,14.4,19.3,1,0.0,0.0,0.0,0.0,0.0,3,1015.4,1014.3,95,55580.0,13.7,22.0,helsinki,2026-07-01T03:57:11.076555
2026-07-01T21:00,19.8,69,14.0,19.1,2,0.0,0.0,0.0,0.0,0.0,3,1015.1,1014.0,100,55580.0,14.0,22.0,helsinki,2026-07-01T03:57:11.076555
2026-07-01T22:00,19.6,73,14.6,18.6,3,0.0,0.0,0.0,0.0,0.0,3,1014.7,1013.6,100,55580.0,17.3,27.4,helsinki,2026-07-01T03:57:11.076555
2026-07-01T23:00,19.0,74,14.3,17.2,4,0.0,0.0,0.0,0.0,0.0,3,1014.0,1012.9,100,55580.0,22.0,34.6,helsinki,2026-07-01T03:57:11.076555
2026-07-01T00:00,24.2,74,19.3,26.8,0,0.0,0.0,0.0,0.0,0.0,0,1017.6,996.1,0,36260.0,6.2,9.4,aix-en-provence,2026-07-01T03:58:29.024591
2026-07-01T01:00,23.4,79,19.5,26.2,0,0.0,0.0,0.0,0.0,0.0,0,1017.5,996.0,0,33420.0,5.1,8.6,aix-en-provence,2026-07-01T03:58:29.024591
2026-07-01T02:00,22.6,83,19.6,25.5,0,0.0,0.0,0.0,0.0,0.0,0,1016.9,995.3,0,30100.0,5.1,8.3,aix-en-provence,2026-07-01T03:58:29.024591
2026-07-01T03:00,22.4,83,19.4,25.4,0,0.0,0.0,0.0,0.0,0.0,0,1016.8,995.2,0,30440.0,4.1,8.3,aix-en-provence,2026-07-01T03:58:29.024591
2026-07-01T04:00,22.4,82,19.2,25.3,0,0.0,0.0,0.0,0.0,0.0,0,1016.8,995.2,0,31340.0,3.8,8.3,aix-en-provence,2026-07-01T03:58:29.024591
2026-07-01T05:00,22.8,80,19.1,25.7,0,0.0,0.0,0.0,0.0,0.0,0,1017.0,995.4,0,32360.0,3.3,8.6,aix-en-provence,2026-07-01T03:58:29.024591
2026-07-01T06:00,24.6,71,19.0,27.3,0,0.0,0.0,0.0,0.0,0.0,0,1016.6,995.2,0,36580.0,5.0,11.2,aix-en-provence,2026-07-01T03:58:29.024591
2026-07-01T07:00,27.9,41,13.4,26.6,0,0.0,0.0,0.0,0.0,0.0,0,1016.6,995.4,0,42680.0,15.8,26.6,aix-en-provence,2026-07-01T03:58:29.024591
2026-07-01T08:00,29.6,35,12.5,26.6,0,0.0,0.0,0.0,0.0,0.0,0,1016.5,995.4,0,44120.0,25.8,43.9,aix-en-provence,2026-07-01T03:58:29.024591
2026-07-01T09:00,31.1,30,11.5,27.9,0,0.0,0.0,0.0,0.0,0.0,0,1016.4,995.4,0,45740.0,28.5,50.4,aix-en-provence,2026-07-01T03:58:29.024591
2026-07-01T10:00,32.5,26,10.5,29.0,0,0.0,0.0,0.0,0.0,0.0,0,1016.0,995.1,0,48040.0,32.3,57.6,aix-en-provence,2026-07-01T03:58:29.024591
2026-07-01T11:00,33.2,24,9.9,29.3,0,0.0,0.0,0.0,0.0,0.0,0,1015.5,994.7,0,49380.0,35.6,64.1,aix-en-provence,2026-07-01T03:58:29.024591
2026-07-01T12:00,33.8,22,9.1,29.6,0,0.0,0.0,0.0,0.0,0.0,0,1014.9,994.1,0,50840.0,37.0,66.6,aix-en-provence,2026-07-01T03:58:29.024591
2026-07-01T13:00,34.0,22,9.3,29.9,0,0.0,0.0,0.0,0.0,0.0,0,1014.3,993.6,0,51320.0,36.7,67.0,aix-en-provence,2026-07-01T03:58:29.024591
2026-07-01T14:00,34.0,21,8.6,29.0,0,0.0,0.0,0.0,0.0,0.0,0,1013.5,992.8,0,51660.0,39.6,72.0,aix-en-provence,2026-07-01T03:58:29.024591
2026-07-01T15:00,33.4,22,8.8,27.8,0,0.0,0.0,0.0,0.0,0.0,0,1012.8,992.1,0,51140.0,41.1,74.9,aix-en-provence,2026-07-01T03:58:29.024591
2026-07-01T16:00,32.4,24,9.3,26.4,0,0.0,0.0,0.0,0.0,0.0,0,1012.7,991.9,0,50060.0,41.4,76.0,aix-en-provence,2026-07-01T03:58:29.024591
2026-07-01T17:00,31.3,27,10.0,25.4,0,0.0,0.0,0.0,0.0,0.0,0,1013.0,992.1,0,48660.0,40.1,75.6,aix-en-provence,2026-07-01T03:58:29.024591
2026-07-01T18:00,30.2,27,9.2,24.5,0,0.0,0.0,0.0,0.0,0.0,0,1013.2,992.2,0,48880.0,37.9,72.4,aix-en-provence,2026-07-01T03:58:29.024591
2026-07-01T19:00,28.7,32,10.4,23.4,0,0.0,0.0,0.0,0.0,0.0,0,1013.6,992.5,0,46220.0,37.1,67.7,aix-en-provence,2026-07-01T03:58:29.024591
2026-07-01T20:00,27.3,34,10.1,22.1,0,0.0,0.0,0.0,0.0,0.0,0,1013.8,992.6,0,45160.0,36.1,65.9,aix-en-provence,2026-07-01T03:58:29.024591
2026-07-01T21:00,26.2,37,10.3,21.4,0,0.0,0.0,0.0,0.0,0.0,0,1014.5,993.2,0,44140.0,33.5,63.7,aix-en-provence,2026-07-01T03:58:29.024591
2026-07-01T22:00,25.3,38,9.9,20.9,0,0.0,0.0,0.0,0.0,0.0,0,1014.7,993.4,0,43760.0,29.6,58.0,aix-en-provence,2026-07-01T03:58:29.024591
2026-07-01T23:00,24.4,39,9.6,20.7,0,0.0,0.0,0.0,0.0,0.0,0,1015.0,993.6,0,43480.0,24.7,50.0,aix-en-provence,2026-07-01T03:58:29.024591
2026-07-01T00:00,18.7,75,14.1,18.9,0,0.0,0.0,0.0,0.0,0.0,1,1025.3,1022.7,11,34880.0,7.8,15.5,bordeaux,2026-07-01T03:59:06.728761
2026-07-01T01:00,18.4,76,14.1,18.7,0,0.0,0.0,0.0,0.0,0.0,3,1025.8,1023.2,93,34420.0,7.0,14.8,bordeaux,2026-07-01T03:59:06.728761
2026-07-01T02:00,18.2,78,14.3,18.8,0,0.0,0.0,0.0,0.0,0.0,2,1025.5,1022.9,59,33340.0,5.9,13.3,bordeaux,2026-07-01T03:59:06.728761
2026-07-01T03:00,18.1,80,14.6,18.8,0,0.0,0.0,0.0,0.0,0.0,3,1025.7,1023.1,100,31880.0,5.2,11.2,bordeaux,2026-07-01T03:59:06.728761
2026-07-01T04:00,17.9,81,14.6,18.8,0,0.0,0.0,0.0,0.0,0.0,3,1025.7,1023.1,92,31060.0,4.3,9.7,bordeaux,2026-07-01T03:59:06.728761
2026-07-01T05:00,17.8,82,14.6,18.6,0,0.0,0.0,0.0,0.0,0.0,2,1026.2,1023.6,62,30000.0,5.1,9.7,bordeaux,2026-07-01T03:59:06.728761
2026-07-01T06:00,18.6,79,14.8,19.3,0,0.0,0.0,0.0,0.0,0.0,3,1026.0,1023.4,94,31740.0,6.2,12.6,bordeaux,2026-07-01T03:59:06.728761
2026-07-01T07:00,20.0,73,15.0,20.3,0,0.0,0.0,0.0,0.0,0.0,3,1026.2,1023.6,95,34760.0,9.2,19.1,bordeaux,2026-07-01T03:59:06.728761
2026-07-01T08:00,21.4,65,14.5,21.0,0,0.0,0.0,0.0,0.0,0.0,2,1026.5,1023.9,55,38140.0,12.7,26.3,bordeaux,2026-07-01T03:59:06.728761
2026-07-01T09:00,22.5,60,14.3,22.1,0,0.0,0.0,0.0,0.0,0.0,2,1027.0,1024.4,46,39380.0,14.7,30.2,bordeaux,2026-07-01T03:59:06.728761
2026-07-01T10:00,23.6,52,13.2,23.7,0,0.0,0.0,0.0,0.0,0.0,1,1027.0,1024.4,32,40820.0,14.4,30.2,bordeaux,2026-07-01T03:59:06.728761
2026-07-01T11:00,24.6,46,12.2,24.9,0,0.0,0.0,0.0,0.0,0.0,2,1026.9,1024.3,37,41580.0,13.9,29.9,bordeaux,2026-07-01T03:59:06.728761
2026-07-01T12:00,25.5,42,11.7,26.1,0,0.0,0.0,0.0,0.0,0.0,2,1026.7,1024.1,62,42160.0,12.6,29.5,bordeaux,2026-07-01T03:59:06.728761
2026-07-01T13:00,26.3,40,11.6,26.9,0,0.0,0.0,0.0,0.0,0.0,3,1026.1,1023.5,81,42660.0,11.9,27.7,bordeaux,2026-07-01T03:59:06.728761
2026-07-01T14:00,26.4,40,11.7,26.4,0,0.0,0.0,0.0,0.0,0.0,3,1025.6,1023.0,84,42760.0,12.6,23.8,bordeaux,2026-07-01T03:59:06.728761
2026-07-01T15:00,26.4,40,11.7,25.8,0,0.0,0.0,0.0,0.0,0.0,2,1025.1,1022.5,72,42800.0,12.7,23.0,bordeaux,2026-07-01T03:59:06.728761
2026-07-01T16:00,26.1,41,11.8,24.8,0,0.0,0.0,0.0,0.0,0.0,2,1025.1,1022.5,47,42520.0,13.9,25.2,bordeaux,2026-07-01T03:59:06.728761
2026-07-01T17:00,25.3,46,12.8,23.9,0,0.0,0.0,0.0,0.0,0.0,2,1025.4,1022.8,82,41680.0,15.1,29.5,bordeaux,2026-07-01T03:59:06.728761
2026-07-01T18:00,24.2,48,12.5,22.8,0,0.0,0.0,0.0,0.0,0.0,3,1025.7,1023.1,100,41460.0,14.8,31.0,bordeaux,2026-07-01T03:59:06.728761
2026-07-01T19:00,22.7,56,13.5,21.8,0,0.0,0.0,0.0,0.0,0.0,0,1026.3,1023.7,0,40540.0,13.8,29.9,bordeaux,2026-07-01T03:59:06.728761
2026-07-01T20:00,21.3,64,14.2,21.0,0,0.0,0.0,0.0,0.0,0.0,0,1026.6,1024.0,0,39040.0,11.0,27.0,bordeaux,2026-07-01T03:59:06.728761
2026-07-01T21:00,20.0,70,14.4,20.2,0,0.0,0.0,0.0,0.0,0.0,0,1027.0,1024.4,0,36960.0,8.5,21.2,bordeaux,2026-07-01T03:59:06.728761
2026-07-01T22:00,19.2,77,15.0,19.7,0,0.0,0.0,0.0,0.0,0.0,0,1027.1,1024.5,0,33420.0,7.8,16.9,bordeaux,2026-07-01T03:59:06.728761
2026-07-01T23:00,18.7,81,15.3,19.5,0,0.0,0.0,0.0,0.0,0.0,0,1027.3,1024.7,0,30620.0,6.8,15.1,bordeaux,2026-07-01T03:59:06.728761
2026-07-01T00:00,27.1,65,20.0,29.4,0,0.0,0.0,0.0,0.0,0.0,1,1015.8,1014.5,37,36220.0,6.3,5.8,cannes,2026-07-01T03:59:09.205614
2026-07-01T01:00,26.8,60,18.4,28.6,0,0.0,0.0,0.0,0.0,0.0,0,1015.4,1014.1,0,36220.0,4.6,6.5,cannes,2026-07-01T03:59:09.205614
2026-07-01T02:00,25.8,69,19.6,29.3,0,0.0,0.0,0.0,0.0,0.0,0,1015.0,1013.7,0,36220.0,2.9,3.2,cannes,2026-07-01T03:59:09.205614
2026-07-01T03:00,25.1,72,19.7,28.5,0,0.0,0.0,0.0,0.0,0.0,3,1014.8,1013.5,100,36220.0,4.0,2.9,cannes,2026-07-01T03:59:09.205614
2026-07-01T04:00,24.3,74,19.4,27.6,0,0.0,0.0,0.0,0.0,0.0,3,1014.2,1012.9,100,36220.0,1.9,6.8,cannes,2026-07-01T03:59:09.205614
2026-07-01T05:00,24.9,72,19.5,28.1,0,0.0,0.0,0.0,0.0,0.0,0,1014.0,1012.7,0,36220.0,5.1,11.2,cannes,2026-07-01T03:59:09.205614
2026-07-01T06:00,26.9,62,19.0,30.1,0,0.0,0.0,0.0,0.0,0.0,0,1013.8,1012.5,0,40340.0,5.5,11.5,cannes,2026-07-01T03:59:09.205614
2026-07-01T07:00,28.9,52,18.0,31.4,0,0.0,0.0,0.0,0.0,0.0,0,1013.5,1012.2,0,40340.0,6.0,11.3,cannes,2026-07-01T03:59:09.205614
2026-07-01T08:00,29.6,49,17.7,31.6,0,0.0,0.0,0.0,0.0,0.0,0,1013.2,1011.9,0,40340.0,6.4,14.8,cannes,2026-07-01T03:59:09.205614
2026-07-01T09:00,31.4,38,15.4,32.1,0,0.0,0.0,0.0,0.0,0.0,0,1012.4,1011.2,0,40340.0,8.0,17.8,cannes,2026-07-01T03:59:09.205614
2026-07-01T10:00,33.0,33,14.6,32.4,0,0.0,0.0,0.0,0.0,0.0,0,1011.9,1010.7,0,40340.0,14.4,28.1,cannes,2026-07-01T03:59:09.205614
2026-07-01T11:00,33.9,32,14.9,33.2,0,0.0,0.0,0.0,0.0,0.0,0,1010.9,1009.7,0,30140.0,15.9,33.1,cannes,2026-07-01T03:59:09.205614
2026-07-01T12:00,35.0,31,15.4,34.7,0,0.0,0.0,0.0,0.0,0.0,0,1010.1,1008.9,0,23240.0,14.6,32.0,cannes,2026-07-01T03:59:09.205614
2026-07-01T13:00,34.7,35,17.0,34.8,0,0.0,0.0,0.0,0.0,0.0,0,1009.2,1008.0,0,40340.0,16.3,32.8,cannes,2026-07-01T03:59:09.205614
2026-07-01T14:00,34.0,41,18.9,35.2,3,0.0,0.0,0.0,0.0,0.0,0,1008.2,1007.0,0,27980.0,14.8,33.8,cannes,2026-07-01T03:59:09.205614
2026-07-01T15:00,33.3,47,20.5,35.5,3,0.0,0.0,0.0,0.0,0.0,0,1007.3,1006.1,0,5660.0,13.3,31.0,cannes,2026-07-01T03:59:09.205614
2026-07-01T16:00,31.7,55,21.6,33.1,13,0.0,0.0,0.0,0.0,0.0,0,1008.0,1006.8,0,8340.0,22.7,44.3,cannes,2026-07-01T03:59:09.205614
2026-07-01T17:00,29.9,51,18.7,28.6,5,0.0,0.0,0.0,0.0,0.0,0,1009.8,1008.5,0,20000.0,31.0,76.3,cannes,2026-07-01T03:59:09.205614
2026-07-01T18:00,29.8,48,17.6,30.1,5,0.0,0.0,0.0,0.0,0.0,0,1010.3,1009.0,0,33420.0,16.6,60.1,cannes,2026-07-01T03:59:09.205614
2026-07-01T19:00,28.7,50,17.2,30.1,3,0.0,0.0,0.0,0.0,0.0,0,1011.3,1010.0,0,33420.0,7.9,35.6,cannes,2026-07-01T03:59:09.205614
2026-07-01T20:00,27.9,53,17.4,29.7,3,0.0,0.0,0.0,0.0,0.0,0,1012.2,1010.9,0,30420.0,6.1,16.9,cannes,2026-07-01T03:59:09.205614
2026-07-01T21:00,27.7,52,17.0,28.5,0,0.0,0.0,0.0,0.0,0.0,0,1012.8,1011.5,0,33420.0,11.3,20.2,cannes,2026-07-01T03:59:09.205614
2026-07-01T22:00,27.5,53,17.1,28.4,0,0.0,0.0,0.0,0.0,0.0,0,1013.4,1012.1,0,33420.0,11.2,24.8,cannes,2026-07-01T03:59:09.205614
2026-07-01T23:00,26.9,56,17.4,28.1,0,0.0,0.0,0.0,0.0,0.0,0,1013.4,1012.1,0,33420.0,10.0,20.9,cannes,2026-07-01T03:59:09.205614
2026-07-01T00:00,25.5,45,12.7,25.6,0,0.0,0.0,0.0,0.0,0.0,1,1019.2,1000.6,27,42280.0,5.4,13.0,lyon,2026-07-01T03:59:11.703843
2026-07-01T01:00,25.1,47,13.0,25.8,0,0.0,0.0,0.0,0.0,0.0,1,1019.0,1000.4,29,42000.0,1.8,10.8,lyon,2026-07-01T03:59:11.703843
2026-07-01T02:00,24.6,49,13.1,24.5,0,0.0,0.0,0.0,0.0,0.0,1,1019.3,1000.7,48,41620.0,7.3,12.6,lyon,2026-07-01T03:59:11.703843
2026-07-01T03:00,23.6,51,12.8,22.7,0,0.0,0.0,0.0,0.0,0.0,1,1019.5,1000.8,19,41280.0,12.0,25.9,lyon,2026-07-01T03:59:11.703843
2026-07-01T04:00,23.1,52,12.7,22.5,0,0.0,0.0,0.0,0.0,0.0,1,1019.7,1001.0,4,41060.0,10.0,25.9,lyon,2026-07-01T03:59:11.703843
2026-07-01T05:00,23.2,52,12.8,23.5,0,0.0,0.0,0.0,0.0,0.0,3,1020.0,1001.3,100,41200.0,3.7,21.2,lyon,2026-07-01T03:59:11.703843
2026-07-01T06:00,23.6,52,13.2,24.1,0,0.0,0.0,0.0,0.0,0.0,3,1020.2,1001.5,100,41060.0,3.4,8.6,lyon,2026-07-01T03:59:11.703843
2026-07-01T07:00,23.6,56,14.3,24.2,0,0.0,0.0,0.0,0.0,0.0,2,1020.5,1001.8,55,40460.0,5.3,13.3,lyon,2026-07-01T03:59:11.703843
2026-07-01T08:00,24.8,52,14.2,25.0,0,0.0,0.0,0.0,0.0,0.0,2,1020.7,1002.1,50,40860.0,7.5,18.0,lyon,2026-07-01T03:59:11.703843
2026-07-01T09:00,26.4,47,14.2,26.7,0,0.0,0.0,0.0,0.0,0.0,1,1020.8,1002.3,28,41560.0,9.4,22.7,lyon,2026-07-01T03:59:11.703843
2026-07-01T10:00,28.0,41,13.5,28.4,0,0.0,0.0,0.0,0.0,0.0,1,1020.6,1002.2,8,42400.0,13.8,32.0,lyon,2026-07-01T03:59:11.703843
2026-07-01T11:00,28.5,42,14.3,29.1,0,0.0,0.0,0.0,0.0,0.0,1,1020.2,1001.8,2,42060.0,16.8,38.5,lyon,2026-07-01T03:59:11.703843
2026-07-01T12:00,29.1,39,13.7,29.3,0,0.0,0.0,0.0,0.0,0.0,1,1019.9,1001.5,64,42680.0,17.0,39.6,lyon,2026-07-01T03:59:11.703843
2026-07-01T13:00,29.7,37,13.4,29.2,0,0.0,0.0,0.0,0.0,0.0,1,1019.3,1001.0,0,43260.0,17.2,40.7,lyon,2026-07-01T03:59:11.703843
2026-07-01T14:00,29.1,33,11.2,28.2,0,0.0,0.0,0.0,0.0,0.0,2,1019.1,1000.8,73,44720.0,14.0,54.7,lyon,2026-07-01T03:59:11.703843
2026-07-01T15:00,29.2,35,12.2,27.2,0,0.0,0.0,0.0,0.0,0.0,2,1018.5,1000.2,86,44060.0,18.4,51.8,lyon,2026-07-01T03:59:11.703843
2026-07-01T16:00,29.5,31,10.6,26.5,0,0.0,0.0,0.0,0.0,0.0,2,1018.5,1000.2,49,46000.0,22.2,50.4,lyon,2026-07-01T03:59:11.703843
2026-07-01T17:00,29.1,31,10.3,26.3,0,0.0,0.0,0.0,0.0,0.0,1,1019.0,1000.7,45,46280.0,19.9,51.8,lyon,2026-07-01T03:59:11.703843
2026-07-01T18:00,28.2,29,8.5,24.9,0,0.0,0.0,0.0,0.0,0.0,0,1019.7,1001.3,0,47200.0,19.7,50.0,lyon,2026-07-01T03:59:11.703843
2026-07-01T19:00,27.0,28,6.9,23.7,0,0.0,0.0,0.0,0.0,0.0,0,1020.4,1001.9,0,47840.0,16.9,44.6,lyon,2026-07-01T03:59:11.703843
2026-07-01T20:00,25.4,31,7.1,22.4,0,0.0,0.0,0.0,0.0,0.0,0,1021.3,1002.7,0,46260.0,15.3,36.7,lyon,2026-07-01T03:59:11.703843
2026-07-01T21:00,24.2,36,8.2,21.7,0,0.0,0.0,0.0,0.0,0.0,0,1021.9,1003.2,0,44200.0,13.6,33.8,lyon,2026-07-01T03:59:11.703843
2026-07-01T22:00,23.2,39,8.5,20.8,0,0.0,0.0,0.0,0.0,0.0,0,1022.1,1003.3,1,43460.0,13.8,31.0,lyon,2026-07-01T03:59:11.703843
2026-07-01T23:00,22.6,40,8.3,20.4,0,0.0,0.0,0.0,0.0,0.0,1,1022.3,1003.5,14,43260.0,11.8,29.9,lyon,2026-07-01T03:59:11.703843
2026-07-01T00:00,29.4,47,16.9,30.6,0,0.0,0.0,0.0,0.0,0.0,0,1016.7,1016.4,0,38720.0,5.4,14.4,marseille,2026-07-01T04:01:14.731121
2026-07-01T01:00,28.1,59,19.4,31.1,0,0.0,0.0,0.0,0.0,0.0,3,1016.4,1016.1,99,38720.0,3.7,5.0,marseille,2026-07-01T04:01:14.731121
2026-07-01T02:00,27.8,60,19.4,30.1,0,0.0,0.0,0.0,0.0,0.0,3,1016.3,1016.0,100,38720.0,5.8,18.7,marseille,2026-07-01T04:01:14.731121
2026-07-01T03:00,27.0,64,19.6,29.8,0,0.0,0.0,0.0,0.0,0.0,3,1015.9,1015.6,100,35760.0,4.3,16.2,marseille,2026-07-01T04:01:14.731121
2026-07-01T04:00,26.5,63,18.9,29.0,0,0.0,0.0,0.0,0.0,0.0,2,1015.7,1015.4,59,35760.0,11.6,20.9,marseille,2026-07-01T04:01:14.731121
2026-07-01T05:00,26.0,65,18.9,28.1,0,0.0,0.0,0.0,0.0,0.0,0,1016.2,1015.9,0,38720.0,11.5,20.9,marseille,2026-07-01T04:01:14.731121
2026-07-01T06:00,27.4,47,15.1,26.3,0,0.0,0.0,0.0,0.0,0.0,0,1016.0,1015.7,1,42820.0,20.9,41.0,marseille,2026-07-01T04:01:14.731121
2026-07-01T07:00,28.8,39,13.4,26.4,0,0.0,0.0,0.0,0.0,0.0,0,1016.0,1015.7,0,48980.0,26.5,48.0,marseille,2026-07-01T04:01:14.731121
2026-07-01T08:00,29.9,37,13.6,27.4,0,0.0,0.0,0.0,0.0,0.0,0,1015.9,1015.6,0,48980.0,25.0,44.5,marseille,2026-07-01T04:01:14.731121
2026-07-01T09:00,30.3,39,14.8,27.8,0,0.0,0.0,0.0,0.0,0.0,0,1015.8,1015.5,0,48980.0,28.2,46.9,marseille,2026-07-01T04:01:14.731121
2026-07-01T10:00,31.1,36,14.3,28.3,0,0.0,0.0,0.0,0.0,0.0,0,1015.6,1015.3,0,49020.0,28.3,46.8,marseille,2026-07-01T04:01:14.731121
2026-07-01T11:00,30.4,48,18.1,29.4,0,0.0,0.0,0.0,0.0,0.0,0,1015.1,1014.8,0,48980.0,27.0,46.4,marseille,2026-07-01T04:01:14.731121
2026-07-01T12:00,31.1,43,17.1,29.1,0,0.0,0.0,0.0,0.0,0.0,0,1014.3,1014.0,0,48980.0,30.9,50.0,marseille,2026-07-01T04:01:14.731121
2026-07-01T13:00,28.6,58,19.5,26.7,0,0.0,0.0,0.0,0.0,0.0,0,1013.5,1013.2,0,48980.0,38.0,61.6,marseille,2026-07-01T04:01:14.731121
2026-07-01T14:00,30.8,47,18.2,29.8,0,0.0,0.0,0.0,0.0,0.0,0,1012.6,1012.3,0,49020.0,28.0,60.1,marseille,2026-07-01T04:01:14.731121
2026-07-01T15:00,34.1,25,11.3,28.8,0,0.0,0.0,0.0,0.0,0.0,0,1011.8,1011.5,0,49020.0,39.2,65.2,marseille,2026-07-01T04:01:14.731121
2026-07-01T16:00,33.8,24,10.4,27.9,0,0.0,0.0,0.0,0.0,0.0,0,1011.5,1011.2,0,49020.0,41.1,68.4,marseille,2026-07-01T04:01:14.731121
2026-07-01T17:00,33.5,24,10.2,27.8,0,0.0,0.0,0.0,0.0,0.0,0,1011.8,1011.5,0,49020.0,39.3,68.8,marseille,2026-07-01T04:01:14.731121
2026-07-01T18:00,33.0,24,9.8,27.9,0,0.0,0.0,0.0,0.0,0.0,0,1012.6,1012.3,0,48980.0,35.0,66.6,marseille,2026-07-01T04:01:14.731121
2026-07-01T19:00,31.7,26,9.8,26.4,0,0.0,0.0,0.0,0.0,0.0,0,1013.5,1013.2,0,48980.0,35.9,66.6,marseille,2026-07-01T04:01:14.731121
2026-07-01T20:00,30.6,29,10.5,26.0,0,0.0,0.0,0.0,0.0,0.0,0,1014.4,1014.1,0,48980.0,32.5,63.4,marseille,2026-07-01T04:01:14.731121
2026-07-01T21:00,29.8,31,10.9,25.5,0,0.0,0.0,0.0,0.0,0.0,0,1014.8,1014.5,0,42820.0,31.7,58.0,marseille,2026-07-01T04:01:14.731121
2026-07-01T22:00,29.5,28,9.1,24.5,0,0.0,0.0,0.0,0.0,0.0,0,1015.1,1014.8,0,48980.0,33.1,59.0,marseille,2026-07-01T04:01:14.731121
2026-07-01T23:00,29.0,29,9.2,24.5,0,0.0,0.0,0.0,0.0,0.0,0,1015.3,1015.0,0,48980.0,29.0,59.4,marseille,2026-07-01T04:01:14.731121
2026-07-01T00:00,25.7,76,21.2,29.5,0,0.0,0.0,0.0,0.0,0.0,0,1015.7,1013.6,1,34440.0,4.6,6.8,nice,2026-07-01T04:01:17.231952
2026-07-01T01:00,25.5,74,20.5,28.9,0,0.0,0.0,0.0,0.0,0.0,0,1015.5,1013.4,0,35680.0,4.8,7.9,nice,2026-07-01T04:01:17.231952
2026-07-01T02:00,25.4,72,20.0,28.6,0,0.0,0.0,0.0,0.0,0.0,0,1014.7,1012.6,0,36760.0,4.4,6.8,nice,2026-07-01T04:01:17.231952
2026-07-01T03:00,25.3,72,19.9,28.4,0,0.0,0.0,0.0,0.0,0.0,0,1014.7,1012.6,0,37120.0,5.1,7.9,nice,2026-07-01T04:01:17.231952
2026-07-01T04:00,25.3,70,19.4,28.2,0,0.0,0.0,0.0,0.0,0.0,0,1014.5,1012.4,0,37780.0,4.7,8.6,nice,2026-07-01T04:01:17.231952
2026-07-01T05:00,25.3,70,19.5,28.2,0,0.0,0.0,0.0,0.0,0.0,0,1014.5,1012.4,0,37920.0,5.1,8.3,nice,2026-07-01T04:01:17.231952
2026-07-01T06:00,26.9,64,19.5,30.1,0,0.0,0.0,0.0,0.0,0.0,0,1014.0,1011.9,0,39600.0,2.6,8.3,nice,2026-07-01T04:01:17.231952
2026-07-01T07:00,28.2,54,18.0,30.9,0,0.0,0.0,0.0,0.0,0.0,0,1013.7,1011.6,0,41020.0,1.5,4.3,nice,2026-07-01T04:01:17.231952
2026-07-01T08:00,28.9,52,18.1,31.1,0,0.0,0.0,0.0,0.0,0.0,0,1013.5,1011.4,0,41100.0,5.5,9.7,nice,2026-07-01T04:01:17.231952
2026-07-01T09:00,29.4,51,18.2,32.0,0,0.0,0.0,0.0,0.0,0.0,0,1013.4,1011.3,0,41220.0,7.6,10.8,nice,2026-07-01T04:01:17.231952
2026-07-01T10:00,29.6,56,19.9,33.6,0,0.0,0.0,0.0,0.0,0.0,0,1012.9,1010.8,0,40440.0,8.0,10.4,nice,2026-07-01T04:01:17.231952
2026-07-01T11:00,30.4,54,20.0,34.7,0,0.0,0.0,0.0,0.0,0.0,0,1012.2,1010.2,0,40660.0,9.2,13.3,nice,2026-07-01T04:01:17.231952
2026-07-01T12:00,30.4,56,20.7,34.7,0,0.0,0.0,0.0,0.0,0.0,0,1011.3,1009.3,0,40280.0,12.1,17.3,nice,2026-07-01T04:01:17.231952
2026-07-01T13:00,30.6,57,21.1,34.0,0,0.0,0.0,0.0,0.0,0.0,0,1010.6,1008.6,0,40040.0,17.8,27.4,nice,2026-07-01T04:01:17.231952
2026-07-01T14:00,31.2,55,21.1,34.3,3,0.0,0.0,0.0,0.0,0.0,0,1009.5,1007.5,0,40440.0,17.4,31.0,nice,2026-07-01T04:01:17.231952
2026-07-01T15:00,30.8,58,21.6,33.2,10,0.0,0.0,0.0,0.0,0.0,1,1008.9,1006.9,4,39840.0,19.6,34.2,nice,2026-07-01T04:01:17.231952
2026-07-01T16:00,30.2,65,22.9,33.1,20,0.0,0.0,0.0,0.0,0.0,1,1008.8,1006.8,6,38100.0,17.4,34.6,nice,2026-07-01T04:01:17.231952
2026-07-01T17:00,29.3,66,22.3,32.9,10,0.0,0.0,0.0,0.0,0.0,2,1009.3,1007.3,55,38080.0,9.7,29.2,nice,2026-07-01T04:01:17.231952
2026-07-01T18:00,28.1,72,22.6,32.0,5,0.0,0.0,0.0,0.0,0.0,0,1009.9,1007.8,0,35460.0,9.4,17.3,nice,2026-07-01T04:01:17.231952
2026-07-01T19:00,27.7,73,22.4,32.5,0,0.0,0.0,0.0,0.0,0.0,0,1010.1,1008.0,0,35000.0,2.3,16.2,nice,2026-07-01T04:01:17.231952
2026-07-01T20:00,27.3,77,22.9,32.2,0,0.0,0.0,0.0,0.0,0.0,0,1010.8,1008.7,0,32980.0,3.6,6.1,nice,2026-07-01T04:01:17.231952
2026-07-01T21:00,27.0,81,23.5,32.4,0,0.0,0.0,0.0,0.0,0.0,1,1011.4,1009.3,38,30700.0,2.5,6.5,nice,2026-07-01T04:01:17.231952
2026-07-01T22:00,26.7,82,23.4,32.3,0,0.0,0.0,0.0,0.0,0.0,0,1011.7,1009.6,0,28540.0,1.1,4.7,nice,2026-07-01T04:01:17.231952
2026-07-01T23:00,26.3,84,23.4,31.7,0,0.0,0.0,0.0,0.0,0.0,0,1011.9,1009.8,0,27280.0,2.5,4.3,nice,2026-07-01T04:01:17.231952
2026-07-01T00:00,19.8,51,9.4,18.5,0,0.0,0.0,0.0,0.0,0.0,1,1022.6,1017.8,62,41100.0,8.2,21.6,paris,2026-07-01T04:01:19.702703
2026-07-01T01:00,19.0,58,10.5,17.6,0,0.0,0.0,0.0,0.0,0.0,0,1022.4,1017.6,0,40200.0,10.4,22.3,paris,2026-07-01T04:01:19.702703
2026-07-01T02:00,18.2,61,10.5,17.1,0,0.0,0.0,0.0,0.0,0.0,0,1022.8,1018.0,0,39660.0,8.4,21.6,paris,2026-07-01T04:01:19.702703
2026-07-01T03:00,17.4,59,9.3,15.7,0,0.0,0.0,0.0,0.0,0.0,1,1023.1,1018.3,20,40000.0,10.2,20.5,paris,2026-07-01T04:01:19.702703
2026-07-01T04:00,16.6,61,9.1,15.0,0,0.0,0.0,0.0,0.0,0.0,1,1023.3,1018.5,33,39620.0,9.4,20.9,paris,2026-07-01T04:01:19.702703
2026-07-01T05:00,16.4,65,9.8,15.0,0,0.0,0.0,0.0,0.0,0.0,0,1023.7,1018.9,0,38580.0,9.2,19.8,paris,2026-07-01T04:01:19.702703
2026-07-01T06:00,16.9,68,11.0,15.8,0,0.0,0.0,0.0,0.0,0.0,1,1023.9,1019.1,5,37020.0,10.2,21.2,paris,2026-07-01T04:01:19.702703
2026-07-01T07:00,17.8,69,12.1,16.9,0,0.0,0.0,0.0,0.0,0.0,2,1024.3,1019.5,51,35920.0,10.7,23.0,paris,2026-07-01T04:01:19.702703
2026-07-01T08:00,19.3,62,11.9,18.1,0,0.0,0.0,0.0,0.0,0.0,2,1024.6,1019.8,26,38280.0,12.3,26.3,paris,2026-07-01T04:01:19.702703
2026-07-01T09:00,21.0,54,11.4,20.1,0,0.0,0.0,0.0,0.0,0.0,2,1024.9,1020.2,39,40220.0,11.2,27.0,paris,2026-07-01T04:01:19.702703
2026-07-01T10:00,22.3,49,11.1,21.4,0,0.0,0.0,0.0,0.0,0.0,1,1025.0,1020.3,44,40940.0,11.8,27.7,paris,2026-07-01T04:01:19.702703
2026-07-01T11:00,23.3,45,10.7,21.6,0,0.0,0.0,0.0,0.0,0.0,3,1024.8,1020.1,86,41500.0,14.3,31.0,paris,2026-07-01T04:01:19.702703
2026-07-01T12:00,24.2,42,10.5,22.6,0,0.0,0.0,0.0,0.0,0.0,2,1024.4,1019.7,91,42040.0,13.2,30.2,paris,2026-07-01T04:01:19.702703
2026-07-01T13:00,25.6,35,9.0,24.0,0,0.0,0.0,0.0,0.0,0.0,3,1023.9,1019.2,90,43680.0,14.3,31.7,paris,2026-07-01T04:01:19.702703
2026-07-01T14:00,26.1,35,9.5,23.8,0,0.0,0.0,0.0,0.0,0.0,2,1023.5,1018.8,98,43880.0,15.1,34.6,paris,2026-07-01T04:01:19.702703
2026-07-01T15:00,26.2,32,8.2,24.6,0,0.0,0.0,0.0,0.0,0.0,2,1023.1,1018.4,93,44760.0,9.2,36.7,paris,2026-07-01T04:01:19.702703
2026-07-01T16:00,26.0,34,9.0,23.9,0,0.0,0.0,0.0,0.0,0.0,2,1023.0,1018.3,80,44340.0,12.7,36.7,paris,2026-07-01T04:01:19.702703
2026-07-01T17:00,25.4,38,10.1,23.1,0,0.0,0.0,0.0,0.0,0.0,2,1023.3,1018.6,78,43180.0,16.3,36.4,paris,2026-07-01T04:01:19.702703
2026-07-01T18:00,24.8,41,10.6,22.7,0,0.0,0.0,0.0,0.0,0.0,1,1023.6,1018.9,21,42420.0,15.6,34.6,paris,2026-07-01T04:01:19.702703
2026-07-01T19:00,23.9,44,10.9,22.1,0,0.0,0.0,0.0,0.0,0.0,0,1024.1,1019.4,0,41940.0,13.8,30.6,paris,2026-07-01T04:01:19.702703
2026-07-01T20:00,22.9,47,11.0,21.4,0,0.0,0.0,0.0,0.0,0.0,0,1024.3,1019.6,0,41660.0,12.3,27.7,paris,2026-07-01T04:01:19.702703
2026-07-01T21:00,21.6,55,12.2,20.3,0,0.0,0.0,0.0,0.0,0.0,0,1024.7,1020.0,0,40620.0,13.2,28.1,paris,2026-07-01T04:01:19.702703
2026-07-01T22:00,20.3,62,12.8,19.6,0,0.0,0.0,0.0,0.0,0.0,0,1025.0,1020.2,0,39280.0,11.3,26.6,paris,2026-07-01T04:01:19.702703
2026-07-01T23:00,19.4,66,12.9,19.1,0,0.0,0.0,0.0,0.0,0.0,0,1025.3,1020.5,0,38280.0,8.5,22.3,paris,2026-07-01T04:01:19.702703
2026-07-01T00:00,23.0,72,17.7,25.3,38,0.0,0.0,0.0,0.0,0.0,80,1018.8,1001.4,97,35960.0,3.7,10.1,strasbourg,2026-07-01T04:01:57.364097
2026-07-01T01:00,22.1,80,18.5,24.0,35,0.0,0.0,0.0,0.0,0.0,3,1018.6,1001.1,100,29700.0,7.9,17.6,strasbourg,2026-07-01T04:01:57.364097
2026-07-01T02:00,21.4,80,17.8,23.0,15,0.0,0.0,0.0,0.0,0.0,3,1018.7,1001.2,100,29060.0,7.9,18.0,strasbourg,2026-07-01T04:01:57.364097
2026-07-01T03:00,20.7,82,17.5,22.3,0,0.0,0.0,0.0,0.0,0.0,3,1018.8,1001.2,100,27360.0,7.7,17.6,strasbourg,2026-07-01T04:01:57.364097
2026-07-01T04:00,20.7,76,16.3,21.6,0,0.1,0.0,0.1,0.0,0.0,61,1019.2,1001.6,100,33140.0,8.7,18.4,strasbourg,2026-07-01T04:01:57.364097
2026-07-01T05:00,20.6,76,16.2,21.9,3,0.1,0.0,0.1,0.0,0.0,61,1019.4,1001.8,100,33060.0,5.9,20.5,strasbourg,2026-07-01T04:01:57.364097
2026-07-01T06:00,20.5,77,16.4,21.6,3,0.1,0.0,0.1,0.0,0.0,61,1019.5,1001.9,100,32020.0,7.5,17.6,strasbourg,2026-07-01T04:01:57.364097
2026-07-01T07:00,21.4,72,16.2,22.0,3,0.0,0.0,0.0,0.0,0.0,3,1020.1,1002.5,79,35080.0,10.5,23.4,strasbourg,2026-07-01T04:01:57.364097
2026-07-01T08:00,22.8,66,16.1,23.4,10,0.0,0.0,0.0,0.0,0.0,2,1020.7,1003.2,62,37320.0,10.2,25.6,strasbourg,2026-07-01T04:01:57.364097
2026-07-01T09:00,24.0,57,14.9,24.3,3,0.0,0.0,0.0,0.0,0.0,3,1021.3,1003.9,98,39960.0,9.1,25.6,strasbourg,2026-07-01T04:01:57.364097
2026-07-01T10:00,24.6,53,14.4,24.8,5,0.0,0.0,0.0,0.0,0.0,2,1021.6,1004.2,64,40540.0,10.0,25.2,strasbourg,2026-07-01T04:01:57.364097
2026-07-01T11:00,25.7,46,13.2,26.8,0,0.0,0.0,0.0,0.0,0.0,3,1021.5,1004.2,82,41480.0,8.2,23.8,strasbourg,2026-07-01T04:01:57.364097
2026-07-01T12:00,27.2,36,10.8,27.0,0,0.0,0.0,0.0,0.0,0.0,2,1020.8,1003.6,28,43640.0,10.3,24.5,strasbourg,2026-07-01T04:01:57.364097
2026-07-01T13:00,27.5,34,10.2,26.2,0,0.0,0.0,0.0,0.0,0.0,2,1020.3,1003.1,0,44420.0,13.0,34.6,strasbourg,2026-07-01T04:01:57.364097
2026-07-01T14:00,28.6,27,7.8,26.5,0,0.0,0.0,0.0,0.0,0.0,3,1019.3,1002.2,94,47940.0,11.2,33.1,strasbourg,2026-07-01T04:01:57.364097
2026-07-01T15:00,28.0,26,6.7,24.5,0,0.0,0.0,0.0,0.0,0.0,1,1019.0,1001.8,0,48460.0,18.6,41.4,strasbourg,2026-07-01T04:01:57.364097
2026-07-01T16:00,28.1,24,5.6,24.3,0,0.0,0.0,0.0,0.0,0.0,0,1019.0,1001.8,0,50240.0,18.2,40.7,strasbourg,2026-07-01T04:01:57.364097
2026-07-01T17:00,27.6,22,3.9,24.2,0,0.0,0.0,0.0,0.0,0.0,0,1019.3,1002.1,0,52380.0,13.6,38.5,strasbourg,2026-07-01T04:01:57.364097
2026-07-01T18:00,27.1,27,6.5,24.9,0,0.0,0.0,0.0,0.0,0.0,0,1019.7,1002.5,0,48760.0,9.5,28.8,strasbourg,2026-07-01T04:01:57.364097
2026-07-01T19:00,25.9,33,8.4,23.6,0,0.0,0.0,0.0,0.0,0.0,0,1020.1,1002.8,0,45300.0,13.2,29.5,strasbourg,2026-07-01T04:01:57.364097
2026-07-01T20:00,24.2,38,9.0,22.2,0,0.0,0.0,0.0,0.0,0.0,0,1020.7,1003.3,0,43640.0,12.0,27.0,strasbourg,2026-07-01T04:01:57.364097
2026-07-01T21:00,22.5,44,9.7,20.7,0,0.0,0.0,0.0,0.0,0.0,1,1021.3,1003.8,41,42080.0,12.3,28.1,strasbourg,2026-07-01T04:01:57.364097
2026-07-01T22:00,21.7,46,9.6,20.1,0,0.0,0.0,0.0,0.0,0.0,2,1021.6,1004.0,57,41860.0,9.7,27.0,strasbourg,2026-07-01T04:01:57.364097
2026-07-01T23:00,20.8,50,10.0,19.9,0,0.0,0.0,0.0,0.0,0.0,2,1021.9,1004.3,51,41260.0,6.5,20.2,strasbourg,2026-07-01T04:01:57.364097
2026-07-01T00:00,29.4,46,16.5,31.2,0,0.0,0.0,0.0,0.0,0.0,0,1016.3,1015.0,0,38220.0,2.6,15.8,toulon,2026-07-01T04:01:59.839645
2026-07-01T01:00,27.7,60,19.2,30.9,0,0.0,0.0,0.0,0.0,0.0,0,1015.8,1014.5,0,38220.0,4.5,14.8,toulon,2026-07-01T04:01:59.839645
2026-07-01T02:00,26.6,69,20.5,30.3,0,0.0,0.0,0.0,0.0,0.0,0,1015.7,1014.4,14,38220.0,4.8,9.7,toulon,2026-07-01T04:01:59.839645
2026-07-01T03:00,26.7,59,18.0,29.0,0,0.0,0.0,0.0,0.0,0.0,2,1015.3,1014.0,65,38220.0,9.7,9.4,toulon,2026-07-01T04:01:59.839645
2026-07-01T04:00,25.4,70,19.5,29.0,0,0.0,0.0,0.0,0.0,0.0,3,1015.0,1013.7,99,38220.0,6.0,9.4,toulon,2026-07-01T04:01:59.839645
2026-07-01T05:00,25.7,66,18.9,29.8,0,0.0,0.0,0.0,0.0,0.0,0,1015.0,1013.7,3,38220.0,1.5,3.2,toulon,2026-07-01T04:01:59.839645
2026-07-01T06:00,27.3,59,18.6,30.4,0,0.0,0.0,0.0,0.0,0.0,0,1015.1,1013.8,0,42240.0,4.2,9.7,toulon,2026-07-01T04:01:59.839645
2026-07-01T07:00,30.9,40,15.5,31.5,0,0.0,0.0,0.0,0.0,0.0,0,1014.6,1013.3,0,42240.0,8.8,18.4,toulon,2026-07-01T04:01:59.839645
2026-07-01T08:00,32.9,30,13.1,31.1,0,0.0,0.0,0.0,0.0,0.0,0,1014.4,1013.2,0,48860.0,19.1,38.7,toulon,2026-07-01T04:01:59.839645
2026-07-01T09:00,34.0,24,10.7,30.7,0,0.0,0.0,0.0,0.0,0.0,0,1014.1,1012.9,0,48860.0,24.0,48.3,toulon,2026-07-01T04:01:59.839645
2026-07-01T10:00,35.0,22,10.1,31.5,0,0.0,0.0,0.0,0.0,0.0,0,1013.7,1012.5,0,48860.0,23.8,50.4,toulon,2026-07-01T04:01:59.839645
2026-07-01T11:00,32.9,37,16.3,30.4,0,0.0,0.0,0.0,0.0,0.0,0,1013.6,1012.4,0,42260.0,32.4,61.9,toulon,2026-07-01T04:01:59.839645
2026-07-01T12:00,31.7,43,17.6,29.5,0,0.0,0.0,0.0,0.0,0.0,0,1013.2,1011.9,0,42260.0,33.3,67.7,toulon,2026-07-01T04:01:59.839645
2026-07-01T13:00,32.0,41,17.1,29.4,0,0.0,0.0,0.0,0.0,0.0,0,1012.1,1010.9,0,48860.0,35.1,67.3,toulon,2026-07-01T04:01:59.839645
2026-07-01T14:00,31.8,42,17.3,29.3,0,0.0,0.0,0.0,0.0,0.0,0,1011.3,1010.1,0,48860.0,35.0,69.1,toulon,2026-07-01T04:01:59.839645
2026-07-01T15:00,31.8,42,17.3,29.6,0,0.0,0.0,0.0,0.0,0.0,0,1010.4,1009.2,0,42260.0,32.6,67.7,toulon,2026-07-01T04:01:59.839645
2026-07-01T16:00,36.0,19,8.8,31.6,0,0.0,0.0,0.0,0.0,0.0,0,1009.4,1008.2,0,48900.0,27.7,63.7,toulon,2026-07-01T04:01:59.839645
2026-07-01T17:00,35.3,20,9.0,31.2,0,0.0,0.0,0.0,0.0,0.0,0,1010.1,1008.9,0,48900.0,26.4,57.2,toulon,2026-07-01T04:01:59.839645
2026-07-01T18:00,34.5,18,6.7,30.8,0,0.0,0.0,0.0,0.0,0.0,0,1011.1,1009.9,0,48900.0,19.4,54.7,toulon,2026-07-01T04:01:59.839645
2026-07-01T19:00,33.2,21,8.0,31.1,0,0.0,0.0,0.0,0.0,0.0,0,1012.1,1010.9,0,48860.0,10.6,45.4,toulon,2026-07-01T04:01:59.839645
2026-07-01T20:00,31.2,26,9.4,29.2,0,0.0,0.0,0.0,0.0,0.0,0,1013.5,1012.3,0,48860.0,13.0,35.6,toulon,2026-07-01T04:01:59.839645
2026-07-01T21:00,30.1,27,9.1,28.8,0,0.0,0.0,0.0,0.0,0.0,0,1013.8,1012.5,0,48860.0,7.4,34.6,toulon,2026-07-01T04:01:59.839645
2026-07-01T22:00,29.2,29,9.4,28.4,0,0.0,0.0,0.0,0.0,0.0,0,1014.3,1013.0,0,48860.0,4.1,21.6,toulon,2026-07-01T04:01:59.839645
2026-07-01T23:00,28.5,29,8.7,27.2,0,0.0,0.0,0.0,0.0,0.0,0,1014.4,1013.1,0,48860.0,6.4,17.3,toulon,2026-07-01T04:01:59.839645
2026-07-01T00:00,21.7,66,15.1,21.7,0,0.0,0.0,0.0,0.0,0.0,3,1024.7,1007.2,86,38560.0,11.8,26.3,toulouse,2026-07-01T04:02:02.309236
2026-07-01T01:00,20.8,68,14.7,20.7,0,0.0,0.0,0.0,0.0,0.0,3,1025.4,1007.8,86,37680.0,11.0,24.5,toulouse,2026-07-01T04:02:02.309236
2026-07-01T02:00,20.0,71,14.6,19.8,0,0.0,0.0,0.0,0.0,0.0,3,1025.0,1007.4,98,36080.0,12.1,25.9,toulouse,2026-07-01T04:02:02.309236
2026-07-01T03:00,19.4,73,14.5,19.2,0,0.0,0.0,0.0,0.0,0.0,3,1025.4,1007.7,90,34820.0,12.1,25.9,toulouse,2026-07-01T04:02:02.309236
2026-07-01T04:00,18.8,76,14.5,18.6,0,0.0,0.0,0.0,0.0,0.0,3,1025.7,1008.0,91,33420.0,11.5,26.3,toulouse,2026-07-01T04:02:02.309236
2026-07-01T05:00,18.2,77,14.1,17.9,0,0.0,0.0,0.0,0.0,0.0,3,1026.3,1008.6,100,31820.0,11.1,24.5,toulouse,2026-07-01T04:02:02.309236
2026-07-01T06:00,18.1,77,14.0,17.7,0,0.0,0.0,0.0,0.0,0.0,2,1026.1,1008.4,49,31540.0,11.9,24.8,toulouse,2026-07-01T04:02:02.309236
2026-07-01T07:00,19.0,72,13.9,18.3,0,0.0,0.0,0.0,0.0,0.0,1,1026.2,1008.5,58,34760.0,13.6,28.8,toulouse,2026-07-01T04:02:02.309236
2026-07-01T08:00,20.1,65,13.4,19.1,0,0.0,0.0,0.0,0.0,0.0,3,1026.2,1008.6,86,37800.0,14.6,31.7,toulouse,2026-07-01T04:02:02.309236
2026-07-01T09:00,21.5,58,12.9,20.3,0,0.0,0.0,0.0,0.0,0.0,2,1026.5,1008.9,80,39680.0,15.8,34.2,toulouse,2026-07-01T04:02:02.309236
2026-07-01T10:00,23.0,50,12.1,22.2,0,0.0,0.0,0.0,0.0,0.0,3,1026.2,1008.7,85,40980.0,16.6,36.0,toulouse,2026-07-01T04:02:02.309236
2026-07-01T11:00,24.6,45,11.9,24.4,0,0.0,0.0,0.0,0.0,0.0,3,1025.8,1008.4,87,41760.0,17.0,36.7,toulouse,2026-07-01T04:02:02.309236
2026-07-01T12:00,25.7,42,11.9,25.7,0,0.0,0.0,0.0,0.0,0.0,2,1025.3,1008.0,75,42160.0,16.8,37.8,toulouse,2026-07-01T04:02:02.309236
2026-07-01T13:00,26.6,40,11.9,26.7,0,0.0,0.0,0.0,0.0,0.0,1,1024.6,1007.4,49,42660.0,16.3,38.9,toulouse,2026-07-01T04:02:02.309236
2026-07-01T14:00,27.4,37,11.5,26.6,0,0.0,0.0,0.0,0.0,0.0,1,1023.9,1006.7,57,43400.0,18.8,39.6,toulouse,2026-07-01T04:02:02.309236
2026-07-01T15:00,27.5,39,12.3,26.7,0,0.0,0.0,0.0,0.0,0.0,2,1023.2,1006.0,80,42960.0,15.0,39.2,toulouse,2026-07-01T04:02:02.309236
2026-07-01T16:00,27.4,33,9.7,25.1,0,0.0,0.0,0.0,0.0,0.0,0,1023.2,1006.0,2,44860.0,17.3,39.2,toulouse,2026-07-01T04:02:02.309236
2026-07-01T17:00,27.1,36,10.8,25.0,0,0.0,0.0,0.0,0.0,0.0,1,1023.3,1006.1,23,44100.0,16.1,40.0,toulouse,2026-07-01T04:02:02.309236
2026-07-01T18:00,26.7,30,7.7,24.1,0,0.0,0.0,0.0,0.0,0.0,1,1023.5,1006.3,37,47360.0,13.8,35.3,toulouse,2026-07-01T04:02:02.309236
2026-07-01T19:00,25.6,36,9.4,23.4,0,0.0,0.0,0.0,0.0,0.0,3,1024.0,1006.7,86,44500.0,13.9,32.8,toulouse,2026-07-01T04:02:02.309236
2026-07-01T20:00,24.0,45,11.4,22.7,0,0.0,0.0,0.0,0.0,0.0,2,1024.4,1007.0,56,42120.0,12.2,28.4,toulouse,2026-07-01T04:02:02.309236
2026-07-01T21:00,23.0,49,11.7,21.9,0,0.0,0.0,0.0,0.0,0.0,3,1025.1,1007.7,100,41620.0,11.3,25.6,toulouse,2026-07-01T04:02:02.309236
2026-07-01T22:00,21.9,54,12.2,21.1,0,0.0,0.0,0.0,0.0,0.0,3,1025.6,1008.1,100,40940.0,10.2,23.8,toulouse,2026-07-01T04:02:02.309236
2026-07-01T23:00,20.9,57,12.1,20.0,0,0.0,0.0,0.0,0.0,0.0,2,1026.1,1008.5,49,40520.0,11.2,23.4,toulouse,2026-07-01T04:02:02.309236
2026-07-01T00:00,19.9,68,13.8,19.5,0,0.0,0.0,0.0,0.0,0.0,2,1013.4,965.0,44,38280.0,11.4,23.0,tbilisi,2026-07-01T04:03:20.205105
2026-07-01T01:00,19.6,70,13.9,19.6,0,0.0,0.0,0.0,0.0,0.0,1,1013.7,965.2,42,37840.0,8.6,18.0,tbilisi,2026-07-01T04:03:20.205105
2026-07-01T02:00,19.0,73,14.1,19.5,0,0.0,0.0,0.0,0.0,0.0,1,1014.1,965.5,38,36740.0,5.9,14.0,tbilisi,2026-07-01T04:03:20.205105
2026-07-01T03:00,19.6,74,14.8,20.4,0,0.0,0.0,0.0,0.0,0.0,1,1014.1,965.6,36,36180.0,5.2,11.2,tbilisi,2026-07-01T04:03:20.205105
2026-07-01T04:00,21.1,65,14.3,21.3,0,0.0,0.0,0.0,0.0,0.0,1,1014.3,966.0,41,38660.0,8.4,14.0,tbilisi,2026-07-01T04:03:20.205105
2026-07-01T05:00,22.4,60,14.2,22.0,0,0.0,0.0,0.0,0.0,0.0,2,1014.0,965.9,42,39780.0,11.9,20.5,tbilisi,2026-07-01T04:03:20.205105
2026-07-01T06:00,23.8,55,14.2,22.9,0,0.0,0.0,0.0,0.0,0.0,1,1013.8,966.0,36,40500.0,15.1,26.3,tbilisi,2026-07-01T04:03:20.205105
2026-07-01T07:00,25.6,48,13.8,24.7,0,0.0,0.0,0.0,0.0,0.0,1,1013.2,965.7,27,41420.0,19.5,33.1,tbilisi,2026-07-01T04:03:20.205105
2026-07-01T08:00,27.3,42,13.2,26.7,0,0.0,0.0,0.0,0.0,0.0,0,1012.5,965.3,0,42200.0,20.8,35.3,tbilisi,2026-07-01T04:03:20.205105
2026-07-01T09:00,28.7,38,12.9,28.8,0,0.0,0.0,0.0,0.0,0.0,0,1011.5,964.5,0,43100.0,18.2,35.3,tbilisi,2026-07-01T04:03:20.205105
2026-07-01T10:00,29.9,34,12.3,30.2,0,0.0,0.0,0.0,0.0,0.0,0,1010.8,964.0,0,44460.0,16.5,31.3,tbilisi,2026-07-01T04:03:20.205105
2026-07-01T11:00,30.7,31,11.6,30.9,0,0.0,0.0,0.0,0.0,0.0,0,1010.4,963.8,0,46340.0,14.1,28.1,tbilisi,2026-07-01T04:03:20.205105
2026-07-01T12:00,31.1,29,10.9,30.7,0,0.0,0.0,0.0,0.0,0.0,0,1010.4,963.8,0,47260.0,12.5,23.8,tbilisi,2026-07-01T04:03:20.205105
2026-07-01T13:00,31.2,29,11.0,30.3,0,0.0,0.0,0.0,0.0,0.0,1,1010.0,963.5,13,47740.0,11.5,21.2,tbilisi,2026-07-01T04:03:20.205105
2026-07-01T14:00,30.9,28,10.3,29.3,0,0.0,0.0,0.0,0.0,0.0,0,1009.8,963.2,4,48760.0,11.5,19.4,tbilisi,2026-07-01T04:03:20.205105
2026-07-01T15:00,30.1,30,10.6,28.5,0,0.0,0.0,0.0,0.0,0.0,0,1009.8,963.1,0,47480.0,12.5,21.2,tbilisi,2026-07-01T04:03:20.205105
2026-07-01T16:00,28.4,38,12.7,27.8,0,0.0,0.0,0.0,0.0,0.0,0,1010.4,963.4,0,44360.0,9.7,20.9,tbilisi,2026-07-01T04:03:20.205105
2026-07-01T17:00,25.9,46,13.4,26.1,0,0.0,0.0,0.0,0.0,0.0,0,1011.4,964.0,0,42420.0,5.7,15.5,tbilisi,2026-07-01T04:03:20.205105
2026-07-01T18:00,23.8,58,15.0,24.2,0,0.0,0.0,0.0,0.0,0.0,2,1012.9,965.1,45,40720.0,8.7,14.8,tbilisi,2026-07-01T04:03:20.205105
2026-07-01T19:00,23.5,62,15.8,24.4,0,0.0,0.0,0.0,0.0,0.0,1,1013.4,965.5,22,39960.0,7.1,13.3,tbilisi,2026-07-01T04:03:20.205105
2026-07-01T20:00,22.6,66,15.9,23.8,0,0.0,0.0,0.0,0.0,0.0,1,1013.8,965.8,39,39400.0,5.1,11.5,tbilisi,2026-07-01T04:03:20.205105
2026-07-01T21:00,22.0,69,16.1,23.7,0,0.0,0.0,0.0,0.0,0.0,2,1013.7,965.6,59,38900.0,2.9,7.2,tbilisi,2026-07-01T04:03:20.205105
2026-07-01T22:00,21.5,72,16.2,23.3,0,0.0,0.0,0.0,0.0,0.0,2,1014.0,965.8,73,37820.0,2.6,3.6,tbilisi,2026-07-01T04:03:20.205105
2026-07-01T23:00,21.3,73,16.2,23.1,0,0.0,0.0,0.0,0.0,0.0,3,1014.0,965.8,83,37100.0,2.3,2.9,tbilisi,2026-07-01T04:03:20.205105
2026-07-01T00:00,20.7,78,16.7,22.3,0,0.0,0.0,0.0,0.0,0.0,3,1019.0,1014.6,100,31380.0,4.8,12.6,berlin,2026-07-01T04:03:22.671666
2026-07-01T01:00,20.2,79,16.4,21.5,0,0.0,0.0,0.0,0.0,0.0,3,1019.0,1014.6,97,30400.0,6.4,16.6,berlin,2026-07-01T04:03:22.671666
2026-07-01T02:00,19.9,81,16.5,21.1,0,0.0,0.0,0.0,0.0,0.0,3,1018.8,1014.4,100,27460.0,6.9,17.3,berlin,2026-07-01T04:03:22.671666
2026-07-01T03:00,19.5,83,16.5,20.6,0,0.0,0.0,0.0,0.0,0.0,3,1018.0,1013.6,100,26140.0,7.9,19.4,berlin,2026-07-01T04:03:22.671666
2026-07-01T04:00,19.4,79,15.7,20.5,3,0.0,0.0,0.0,0.0,0.0,3,1017.9,1013.5,100,29840.0,5.6,14.4,berlin,2026-07-01T04:03:22.671666
2026-07-01T05:00,19.3,79,15.5,20.1,13,0.0,0.0,0.0,0.0,0.0,3,1017.5,1013.1,100,29960.0,6.9,16.2,berlin,2026-07-01T04:03:22.671666
2026-07-01T06:00,19.1,79,15.4,19.9,35,0.0,0.0,0.0,0.0,0.0,61,1017.6,1013.2,100,29940.0,7.2,17.6,berlin,2026-07-01T04:03:22.671666
2026-07-01T07:00,19.5,77,15.3,20.1,30,0.1,0.1,0.0,0.0,0.0,61,1017.6,1013.2,100,30780.0,8.0,18.4,berlin,2026-07-01T04:03:22.671666
2026-07-01T08:00,19.8,78,15.8,20.9,45,0.1,0.1,0.0,0.0,0.0,61,1018.5,1014.1,100,30060.0,5.8,16.9,berlin,2026-07-01T04:03:22.671666
2026-07-01T09:00,20.2,76,15.8,21.2,50,0.3,0.3,0.0,0.0,0.0,61,1018.6,1014.2,100,31620.0,6.5,15.5,berlin,2026-07-01T04:03:22.671666
2026-07-01T10:00,21.3,62,13.7,21.2,38,0.0,0.0,0.0,0.0,0.0,3,1018.2,1013.8,100,39140.0,8.6,19.8,berlin,2026-07-01T04:03:22.671666
2026-07-01T11:00,22.5,49,11.3,21.5,18,0.0,0.0,0.0,0.0,0.0,3,1018.3,1014.0,100,41300.0,9.6,22.7,berlin,2026-07-01T04:03:22.671666
2026-07-01T12:00,23.4,44,10.5,22.1,18,0.0,0.0,0.0,0.0,0.0,3,1018.3,1014.0,100,42040.0,9.8,23.4,berlin,2026-07-01T04:03:22.671666
2026-07-01T13:00,23.8,47,11.8,23.1,10,0.0,0.0,0.0,0.0,0.0,3,1018.3,1014.0,100,41520.0,8.1,22.0,berlin,2026-07-01T04:03:22.671666
2026-07-01T14:00,24.2,50,13.1,24.4,10,0.0,0.0,0.0,0.0,0.0,3,1017.8,1013.5,100,41100.0,5.2,18.7,berlin,2026-07-01T04:03:22.671666
2026-07-01T15:00,24.2,51,13.4,24.3,13,0.0,0.0,0.0,0.0,0.0,3,1017.4,1013.1,100,41060.0,6.3,15.1,berlin,2026-07-01T04:03:22.671666
2026-07-01T16:00,24.3,49,12.9,24.0,18,0.0,0.0,0.0,0.0,0.0,3,1017.4,1013.1,100,41340.0,7.6,15.5,berlin,2026-07-01T04:03:22.671666
2026-07-01T17:00,20.6,71,15.2,20.5,18,1.1,1.1,0.0,0.0,0.0,61,1018.3,1013.9,100,14940.0,12.9,31.3,berlin,2026-07-01T04:03:22.671666
2026-07-01T18:00,19.7,75,15.1,20.5,15,1.3,1.3,0.0,0.0,0.0,61,1018.5,1014.1,100,18180.0,6.3,29.5,berlin,2026-07-01T04:03:22.671666
2026-07-01T19:00,19.9,73,14.9,21.1,8,0.5,0.5,0.0,0.0,0.0,61,1018.7,1014.3,100,35200.0,2.5,10.1,berlin,2026-07-01T04:03:22.671666
2026-07-01T20:00,19.8,75,15.2,20.6,5,0.0,0.0,0.0,0.0,0.0,3,1018.7,1014.3,100,34260.0,6.9,14.4,berlin,2026-07-01T04:03:22.671666
2026-07-01T21:00,19.4,76,15.0,20.1,3,0.0,0.0,0.0,0.0,0.0,3,1018.5,1014.1,100,33100.0,6.4,14.0,berlin,2026-07-01T04:03:22.671666
2026-07-01T22:00,19.1,78,15.1,20.4,3,0.0,0.0,0.0,0.0,0.0,0,1018.6,1014.2,0,32200.0,2.7,14.4,berlin,2026-07-01T04:03:22.671666
2026-07-01T23:00,18.8,78,14.8,19.6,0,0.0,0.0,0.0,0.0,0.0,1,1019.0,1014.6,28,32480.0,4.9,11.2,berlin,2026-07-01T04:03:22.671666
2026-07-01T00:00,21.5,51,10.9,20.2,2,0.0,0.0,0.0,0.0,0.0,3,1020.9,1016.4,85,50000.0,10.8,18.7,düsseldorf ,2026-07-01T04:04:00.288638
2026-07-01T01:00,20.2,66,13.6,20.7,7,0.0,0.0,0.0,0.0,0.0,0,1020.3,1015.8,12,50000.0,4.3,7.6,düsseldorf ,2026-07-01T04:04:00.288638
2026-07-01T02:00,20.2,63,12.9,19.9,15,0.0,0.0,0.0,0.0,0.0,3,1019.9,1015.4,85,21520.0,7.9,15.5,düsseldorf ,2026-07-01T04:04:00.288638
2026-07-01T03:00,19.4,60,11.4,18.4,18,0.0,0.0,0.0,0.0,0.0,0,1019.7,1015.2,0,23140.0,9.4,16.2,düsseldorf ,2026-07-01T04:04:00.288638
2026-07-01T04:00,18.8,63,11.6,17.9,14,0.0,0.0,0.0,0.0,0.0,0,1020.0,1015.4,0,21540.0,9.4,17.3,düsseldorf ,2026-07-01T04:04:00.288638
2026-07-01T05:00,19.0,66,12.5,18.5,6,0.0,0.0,0.0,0.0,0.0,0,1020.4,1015.9,0,20140.0,8.6,18.4,düsseldorf ,2026-07-01T04:04:00.288638
2026-07-01T06:00,20.0,63,12.7,19.6,0,0.0,0.0,0.0,0.0,0.0,0,1020.8,1016.3,0,21480.0,7.9,18.0,düsseldorf ,2026-07-01T04:04:00.288638
2026-07-01T07:00,21.1,49,9.9,19.5,0,0.0,0.0,0.0,0.0,0.0,0,1021.1,1016.6,0,50000.0,10.4,23.8,düsseldorf ,2026-07-01T04:04:00.288638
2026-07-01T08:00,22.1,49,10.9,20.9,0,0.0,0.0,0.0,0.0,0.0,0,1021.3,1016.8,0,28820.0,10.1,25.9,düsseldorf ,2026-07-01T04:04:00.288638
2026-07-01T09:00,23.5,44,10.5,22.8,0,0.0,0.0,0.0,0.0,0.0,1,1021.3,1016.8,27,31840.0,10.1,24.8,düsseldorf ,2026-07-01T04:04:00.288638
2026-07-01T10:00,24.5,41,10.3,23.6,1,0.0,0.0,0.0,0.0,0.0,1,1021.2,1016.7,49,33880.0,12.2,28.8,düsseldorf ,2026-07-01T04:04:00.288638
2026-07-01T11:00,25.4,37,9.6,24.6,1,0.0,0.0,0.0,0.0,0.0,1,1021.2,1016.7,39,36100.0,12.6,29.9,düsseldorf ,2026-07-01T04:04:00.288638
2026-07-01T12:00,26.4,32,8.4,25.7,2,0.0,0.0,0.0,0.0,0.0,0,1021.0,1016.6,14,39660.0,12.6,30.6,düsseldorf ,2026-07-01T04:04:00.288638
2026-07-01T13:00,27.1,31,8.5,26.3,3,0.0,0.0,0.0,0.0,0.0,1,1020.9,1016.5,39,50000.0,13.0,31.7,düsseldorf ,2026-07-01T04:04:00.288638
2026-07-01T14:00,27.5,29,7.9,26.0,3,0.0,0.0,0.0,0.0,0.0,2,1020.7,1016.3,51,50000.0,13.0,31.0,düsseldorf ,2026-07-01T04:04:00.288638
2026-07-01T15:00,27.7,31,9.0,25.7,4,0.0,0.0,0.0,0.0,0.0,1,1020.4,1016.0,37,40700.0,13.7,32.0,düsseldorf ,2026-07-01T04:04:00.288638
2026-07-01T16:00,27.8,29,8.1,25.3,4,0.0,0.0,0.0,0.0,0.0,1,1020.6,1016.2,40,41520.0,14.0,31.3,düsseldorf ,2026-07-01T04:04:00.288638
2026-07-01T17:00,27.6,30,8.5,25.1,4,0.0,0.0,0.0,0.0,0.0,2,1020.5,1016.1,57,40720.0,14.4,31.7,düsseldorf ,2026-07-01T04:04:00.288638
2026-07-01T18:00,26.9,33,9.2,24.4,4,0.0,0.0,0.0,0.0,0.0,0,1020.7,1016.3,11,38720.0,15.5,32.0,düsseldorf ,2026-07-01T04:04:00.288638
2026-07-01T19:00,26.3,33,8.7,23.7,3,0.0,0.0,0.0,0.0,0.0,1,1021.1,1016.6,41,38700.0,15.5,32.0,düsseldorf ,2026-07-01T04:04:00.288638
2026-07-01T20:00,25.5,37,9.7,23.0,1,0.0,0.0,0.0,0.0,0.0,0,1021.9,1017.4,1,36480.0,16.2,31.3,düsseldorf ,2026-07-01T04:04:00.288638
2026-07-01T21:00,24.7,38,9.4,23.1,0,0.0,0.0,0.0,0.0,0.0,0,1022.1,1017.6,0,50000.0,9.7,31.3,düsseldorf ,2026-07-01T04:04:00.288638
2026-07-01T22:00,23.7,43,10.3,22.2,0,0.0,0.0,0.0,0.0,0.0,0,1022.4,1017.9,0,32700.0,10.4,18.7,düsseldorf ,2026-07-01T04:04:00.288638
2026-07-01T23:00,22.4,46,10.2,20.9,0,0.0,0.0,0.0,0.0,0.0,0,1022.6,1018.1,0,50000.0,10.1,20.2,düsseldorf ,2026-07-01T04:04:00.288638
2026-07-01T00:00,21.5,73,16.4,21.9,33,0.7,0.7,0.0,0.0,0.0,61,1017.7,1005.6,100,34500.0,12.7,38.9,frankfurt,2026-07-01T04:04:37.932036
2026-07-01T01:00,20.8,76,16.4,21.3,73,0.0,0.0,0.0,0.0,0.0,61,1019.0,1006.9,100,32560.0,11.8,32.4,frankfurt,2026-07-01T04:04:37.932036
2026-07-01T02:00,19.3,85,16.8,20.0,100,7.3,7.2,0.1,0.0,0.0,95,1018.7,1006.5,100,23660.0,12.0,31.7,frankfurt,2026-07-01T04:04:37.932036
2026-07-01T03:00,19.3,85,16.7,20.3,95,0.5,0.5,0.0,0.0,0.0,61,1018.5,1006.3,100,24020.0,9.5,27.4,frankfurt,2026-07-01T04:04:37.932036
2026-07-01T04:00,19.2,85,16.7,20.3,40,0.0,0.0,0.0,0.0,0.0,3,1018.4,1006.2,100,24040.0,8.8,25.9,frankfurt,2026-07-01T04:04:37.932036
2026-07-01T05:00,19.6,83,16.6,21.0,10,0.0,0.0,0.0,0.0,0.0,3,1018.9,1006.7,100,27040.0,6.1,21.6,frankfurt,2026-07-01T04:04:37.932036
2026-07-01T06:00,20.3,77,16.2,21.4,3,0.0,0.0,0.0,0.0,0.0,3,1019.1,1007.0,100,31560.0,7.4,18.4,frankfurt,2026-07-01T04:04:37.932036
2026-07-01T07:00,21.0,73,16.0,21.9,3,0.0,0.0,0.0,0.0,0.0,3,1019.3,1007.2,100,34480.0,8.0,20.5,frankfurt,2026-07-01T04:04:37.932036
2026-07-01T08:00,22.2,65,15.3,22.5,3,0.0,0.0,0.0,0.0,0.0,3,1019.7,1007.6,99,37820.0,10.2,26.3,frankfurt,2026-07-01T04:04:37.932036
2026-07-01T09:00,23.1,60,14.9,23.6,0,0.0,0.0,0.0,0.0,0.0,3,1020.6,1008.6,100,39420.0,7.6,25.6,frankfurt,2026-07-01T04:04:37.932036
2026-07-01T10:00,23.7,59,15.3,24.1,0,0.0,0.0,0.0,0.0,0.0,2,1020.8,1008.8,80,39400.0,9.4,21.6,frankfurt,2026-07-01T04:04:37.932036
2026-07-01T11:00,25.7,42,11.8,26.1,0,0.0,0.0,0.0,0.0,0.0,2,1020.5,1008.6,90,42400.0,5.8,20.9,frankfurt,2026-07-01T04:04:37.932036
2026-07-01T12:00,26.7,36,10.4,27.7,0,0.0,0.0,0.0,0.0,0.0,2,1019.9,1008.0,94,43620.0,1.5,21.2,frankfurt,2026-07-01T04:04:37.932036
2026-07-01T13:00,27.2,35,10.5,26.9,0,0.0,0.0,0.0,0.0,0.0,1,1019.2,1007.3,0,44040.0,7.6,19.4,frankfurt,2026-07-01T04:04:37.932036
2026-07-01T14:00,28.6,27,7.8,27.1,0,0.0,0.0,0.0,0.0,0.0,2,1018.5,1006.7,95,48080.0,11.6,28.4,frankfurt,2026-07-01T04:04:37.932036
2026-07-01T15:00,27.9,30,8.8,26.2,0,0.0,0.0,0.0,0.0,0.0,2,1018.3,1006.5,11,46700.0,9.7,34.9,frankfurt,2026-07-01T04:04:37.932036
2026-07-01T16:00,27.4,29,7.8,25.1,0,0.0,0.0,0.0,0.0,0.0,2,1018.4,1006.6,32,46980.0,12.1,36.7,frankfurt,2026-07-01T04:04:37.932036
2026-07-01T17:00,26.9,31,8.3,24.6,0,0.0,0.0,0.0,0.0,0.0,1,1019.0,1007.1,34,46200.0,13.0,34.2,frankfurt,2026-07-01T04:04:37.932036
2026-07-01T18:00,26.1,29,6.7,23.5,0,0.0,0.0,0.0,0.0,0.0,1,1019.6,1007.7,44,47140.0,12.2,31.0,frankfurt,2026-07-01T04:04:37.932036
2026-07-01T19:00,24.9,33,7.6,22.9,0,0.0,0.0,0.0,0.0,0.0,2,1020.5,1008.5,75,45480.0,9.7,28.8,frankfurt,2026-07-01T04:04:37.932036
2026-07-01T20:00,23.6,38,8.5,22.0,0,0.0,0.0,0.0,0.0,0.0,1,1020.9,1008.9,45,43560.0,8.6,25.2,frankfurt,2026-07-01T04:04:37.932036
2026-07-01T21:00,22.0,42,8.5,20.9,0,0.0,0.0,0.0,0.0,0.0,0,1021.3,1009.2,0,42740.0,5.1,20.2,frankfurt,2026-07-01T04:04:37.932036
2026-07-01T22:00,21.2,45,8.8,20.3,0,0.0,0.0,0.0,0.0,0.0,0,1021.6,1009.5,0,42160.0,3.7,11.5,frankfurt,2026-07-01T04:04:37.932036
2026-07-01T23:00,20.6,49,9.5,20.2,0,0.0,0.0,0.0,0.0,0.0,0,1021.7,1009.5,0,41780.0,1.8,7.6,frankfurt,2026-07-01T04:04:37.932036
2026-07-01T00:00,17.2,85,14.7,18.6,13,0.0,0.0,0.0,0.0,0.0,3,1020.2,1017.0,99,25520.0,1.3,9.4,hamburg,2026-07-01T04:05:55.749328
2026-07-01T01:00,17.3,86,15.0,18.6,3,0.0,0.0,0.0,0.0,0.0,3,1019.8,1016.6,100,24440.0,2.5,7.6,hamburg,2026-07-01T04:05:55.749328
2026-07-01T02:00,17.3,89,15.5,18.7,0,0.0,0.0,0.0,0.0,0.0,3,1019.9,1016.7,100,20680.0,3.3,10.1,hamburg,2026-07-01T04:05:55.749328
2026-07-01T03:00,17.3,89,15.4,18.9,5,0.0,0.0,0.0,0.0,0.0,3,1019.2,1016.0,100,20480.0,1.5,7.6,hamburg,2026-07-01T04:05:55.749328
2026-07-01T04:00,17.4,89,15.5,18.8,0,0.0,0.0,0.0,0.0,0.0,3,1018.9,1015.7,97,20360.0,3.0,7.6,hamburg,2026-07-01T04:05:55.749328
2026-07-01T05:00,17.3,89,15.5,18.6,0,0.0,0.0,0.0,0.0,0.0,3,1018.7,1015.5,98,18700.0,4.0,9.7,hamburg,2026-07-01T04:05:55.749328
2026-07-01T06:00,17.7,86,15.3,18.9,0,0.0,0.0,0.0,0.0,0.0,3,1018.9,1015.7,100,23720.0,3.8,12.6,hamburg,2026-07-01T04:05:55.749328
2026-07-01T07:00,18.4,81,15.1,19.6,0,0.0,0.0,0.0,0.0,0.0,3,1018.7,1015.5,100,29120.0,3.3,12.6,hamburg,2026-07-01T04:05:55.749328
2026-07-01T08:00,19.6,74,14.9,20.9,3,0.0,0.0,0.0,0.0,0.0,3,1019.0,1015.8,100,34580.0,2.1,8.6,hamburg,2026-07-01T04:05:55.749328
2026-07-01T09:00,20.4,70,14.7,21.3,20,0.0,0.0,0.0,0.0,0.0,3,1019.3,1016.1,96,36500.0,4.4,11.9,hamburg,2026-07-01T04:05:55.749328
2026-07-01T10:00,21.5,67,15.1,22.5,25,0.0,0.0,0.0,0.0,0.0,3,1019.4,1016.2,91,37880.0,4.9,13.3,hamburg,2026-07-01T04:05:55.749328
2026-07-01T11:00,22.2,62,14.5,22.9,33,0.0,0.0,0.0,0.0,0.0,3,1019.5,1016.3,98,39400.0,6.7,15.8,hamburg,2026-07-01T04:05:55.749328
2026-07-01T12:00,22.9,60,14.7,24.5,45,0.0,0.0,0.0,0.0,0.0,2,1019.5,1016.3,87,39660.0,3.2,15.8,hamburg,2026-07-01T04:05:55.749328
2026-07-01T13:00,23.4,59,14.9,23.9,65,0.0,0.0,0.0,0.0,0.0,3,1019.0,1015.8,90,39800.0,7.9,22.7,hamburg,2026-07-01T04:05:55.749328
2026-07-01T14:00,21.4,73,16.4,21.8,83,0.4,0.4,0.0,0.0,0.0,80,1018.7,1015.5,92,34220.0,12.6,32.4,hamburg,2026-07-01T04:05:55.749328
2026-07-01T15:00,22.9,62,15.2,23.6,70,0.0,0.0,0.0,0.0,0.0,2,1018.7,1015.5,30,39340.0,6.9,24.8,hamburg,2026-07-01T04:05:55.749328
2026-07-01T16:00,22.5,57,13.6,22.0,60,0.0,0.0,0.0,0.0,0.0,3,1018.7,1015.5,95,40440.0,11.4,33.8,hamburg,2026-07-01T04:05:55.749328
2026-07-01T17:00,21.9,67,15.5,21.9,53,0.3,0.3,0.0,0.0,0.0,80,1019.2,1016.0,93,37860.0,12.6,27.7,hamburg,2026-07-01T04:05:55.749328
2026-07-01T18:00,20.6,70,15.0,21.5,45,0.0,0.0,0.0,0.0,0.0,2,1019.4,1016.2,32,36900.0,5.6,29.9,hamburg,2026-07-01T04:05:55.749328
2026-07-01T19:00,20.6,74,15.8,22.0,23,0.0,0.0,0.0,0.0,0.0,3,1019.8,1016.6,89,35220.0,4.1,14.0,hamburg,2026-07-01T04:05:55.749328
2026-07-01T20:00,19.9,78,16.0,20.9,0,0.0,0.0,0.0,0.0,0.0,1,1019.9,1016.7,29,32560.0,7.2,21.2,hamburg,2026-07-01T04:05:55.749328
2026-07-01T21:00,18.8,81,15.4,19.9,0,0.0,0.0,0.0,0.0,0.0,1,1020.0,1016.8,15,30220.0,5.2,18.0,hamburg,2026-07-01T04:05:55.749328
2026-07-01T22:00,18.1,86,15.7,19.4,0,0.0,0.0,0.0,0.0,0.0,1,1020.0,1016.8,14,26040.0,4.0,11.2,hamburg,2026-07-01T04:05:55.749328
2026-07-01T23:00,17.5,86,15.2,18.4,0,0.0,0.0,0.0,0.0,0.0,1,1020.1,1016.9,8,25000.0,5.8,13.3,hamburg,2026-07-01T04:05:55.749328
2026-07-01T00:00,21.9,81,18.5,24.0,8,0.0,0.0,0.0,0.0,0.0,3,1018.2,958.4,96,29440.0,7.8,28.4,munich,2026-07-01T04:05:58.221793
2026-07-01T01:00,21.3,78,17.3,23.2,3,0.0,0.0,0.0,0.0,0.0,3,1018.0,958.1,87,31320.0,5.4,22.7,munich,2026-07-01T04:05:58.221793
2026-07-01T02:00,20.8,84,18.0,22.8,0,0.0,0.0,0.0,0.0,0.0,3,1017.8,957.8,90,25600.0,6.4,14.0,munich,2026-07-01T04:05:58.221793
2026-07-01T03:00,20.3,77,16.2,20.8,15,0.0,0.0,0.0,0.0,0.0,3,1017.7,957.6,100,32300.0,11.2,25.6,munich,2026-07-01T04:05:58.221793
2026-07-01T04:00,20.0,81,16.6,20.8,45,0.0,0.0,0.0,0.0,0.0,3,1017.9,957.7,99,28360.0,10.1,24.1,munich,2026-07-01T04:05:58.221793
2026-07-01T05:00,20.1,84,17.3,21.4,85,0.1,0.0,0.0,0.0,0.0,61,1017.9,957.7,100,25000.0,9.1,22.7,munich,2026-07-01T04:05:58.221793
2026-07-01T06:00,19.9,86,17.5,21.1,93,1.4,1.3,0.0,0.0,0.0,61,1017.6,957.4,100,23900.0,10.0,26.6,munich,2026-07-01T04:05:58.221793
2026-07-01T07:00,19.5,88,17.5,20.7,100,0.3,0.3,0.1,0.0,0.0,61,1017.7,957.4,100,13360.0,10.5,24.1,munich,2026-07-01T04:05:58.221793
2026-07-01T08:00,19.1,91,17.6,19.8,100,5.6,5.6,0.0,0.0,0.0,95,1018.4,958.0,100,3340.0,13.7,34.9,munich,2026-07-01T04:05:58.221793
2026-07-01T09:00,19.5,87,17.3,19.3,100,7.7,7.7,0.0,0.0,0.0,63,1019.5,959.1,100,3720.0,19.2,39.6,munich,2026-07-01T04:05:58.221793
2026-07-01T10:00,18.6,88,16.6,19.2,100,11.1,10.9,0.1,0.0,0.0,96,1020.6,960.0,100,6880.0,11.8,47.9,munich,2026-07-01T04:05:58.221793
2026-07-01T11:00,18.4,83,15.4,18.2,95,3.3,3.3,0.0,0.0,0.0,63,1021.6,960.9,100,10140.0,14.2,36.0,munich,2026-07-01T04:05:58.221793
2026-07-01T12:00,18.6,82,15.5,19.0,98,2.7,2.7,0.0,0.0,0.0,63,1022.3,961.6,100,11220.0,10.4,32.4,munich,2026-07-01T04:05:58.221793
2026-07-01T13:00,19.0,77,14.9,19.0,95,0.8,0.8,0.0,0.0,0.0,61,1021.9,961.3,100,32160.0,11.0,24.8,munich,2026-07-01T04:05:58.221793
2026-07-01T14:00,19.0,74,14.3,18.9,78,0.6,0.6,0.0,0.0,0.0,61,1021.1,960.5,100,34020.0,10.4,26.3,munich,2026-07-01T04:05:58.221793
2026-07-01T15:00,19.4,72,14.2,18.9,63,0.0,0.0,0.0,0.0,0.0,61,1020.3,959.9,100,35340.0,12.7,30.2,munich,2026-07-01T04:05:58.221793
2026-07-01T16:00,19.6,70,14.0,19.4,38,0.0,0.0,0.0,0.0,0.0,3,1019.9,959.5,100,36320.0,10.2,28.8,munich,2026-07-01T04:05:58.221793
2026-07-01T17:00,20.0,70,14.4,20.2,43,0.0,0.0,0.0,0.0,0.0,3,1020.0,959.7,100,36580.0,8.4,22.0,munich,2026-07-01T04:05:58.221793
2026-07-01T18:00,19.9,72,14.7,20.5,50,0.0,0.0,0.0,0.0,0.0,3,1020.2,959.9,100,35880.0,7.1,19.4,munich,2026-07-01T04:05:58.221793
2026-07-01T19:00,19.8,71,14.4,20.6,38,0.0,0.0,0.0,0.0,0.0,3,1020.7,960.3,100,36560.0,4.6,14.8,munich,2026-07-01T04:05:58.221793
2026-07-01T20:00,18.1,66,11.6,18.0,20,0.2,0.2,0.0,0.0,0.0,61,1021.2,960.4,100,38340.0,4.1,25.2,munich,2026-07-01T04:05:58.221793
2026-07-01T21:00,17.8,70,12.3,17.8,18,0.0,0.0,0.0,0.0,0.0,3,1021.1,960.3,100,36980.0,5.4,11.9,munich,2026-07-01T04:05:58.221793
2026-07-01T22:00,17.4,71,12.1,17.1,10,0.0,0.0,0.0,0.0,0.0,3,1021.4,960.5,98,36800.0,6.1,13.7,munich,2026-07-01T04:05:58.221793
2026-07-01T23:00,16.9,74,12.2,17.0,3,0.0,0.0,0.0,0.0,0.0,2,1021.8,960.8,62,35720.0,3.8,11.9,munich,2026-07-01T04:05:58.221793
2026-07-01T00:00,21.6,85,19.0,23.7,98,0.1,0.0,0.1,0.0,0.0,61,1018.5,989.7,100,24100.0,8.7,24.8,stuttgart,2026-07-01T04:06:00.683089
2026-07-01T01:00,21.6,87,19.4,24.2,65,9.3,9.0,0.4,0.0,0.0,95,1018.2,989.4,85,22820.0,6.7,23.4,stuttgart,2026-07-01T04:06:00.683089
2026-07-01T02:00,21.3,77,17.1,21.7,43,0.0,0.0,0.0,0.0,0.0,3,1018.2,989.4,94,32720.0,14.5,32.4,stuttgart,2026-07-01T04:06:00.683089
2026-07-01T03:00,20.4,80,16.9,21.6,80,0.0,0.0,0.0,0.0,0.0,3,1018.3,989.4,88,29780.0,8.4,29.5,stuttgart,2026-07-01T04:06:00.683089
2026-07-01T04:00,20.0,82,16.8,21.0,70,0.0,0.0,0.0,0.0,0.0,3,1018.5,989.6,96,27620.0,9.2,20.2,stuttgart,2026-07-01T04:06:00.683089
2026-07-01T05:00,19.8,84,17.0,20.9,18,0.0,0.0,0.0,0.0,0.0,3,1018.8,989.8,100,25540.0,9.5,22.7,stuttgart,2026-07-01T04:06:00.683089
2026-07-01T06:00,20.2,82,17.0,21.1,3,0.0,0.0,0.0,0.0,0.0,3,1018.7,989.8,100,26260.0,10.9,24.5,stuttgart,2026-07-01T04:06:00.683089
2026-07-01T07:00,20.8,80,17.2,22.0,15,0.0,0.0,0.0,0.0,0.0,3,1019.3,990.4,100,28500.0,9.8,23.4,stuttgart,2026-07-01T04:06:00.683089
2026-07-01T08:00,21.3,76,16.9,21.8,3,0.0,0.0,0.0,0.0,0.0,3,1020.1,991.2,100,32520.0,12.9,28.4,stuttgart,2026-07-01T04:06:00.683089
2026-07-01T09:00,21.8,74,16.9,22.5,0,0.0,0.0,0.0,0.0,0.0,3,1020.8,992.0,100,32960.0,11.5,31.0,stuttgart,2026-07-01T04:06:00.683089
2026-07-01T10:00,23.2,64,16.0,23.5,0,0.0,0.0,0.0,0.0,0.0,3,1021.2,992.5,100,38120.0,12.0,28.1,stuttgart,2026-07-01T04:06:00.683089
2026-07-01T11:00,24.4,51,13.6,24.3,3,0.0,0.0,0.0,0.0,0.0,3,1021.1,992.5,95,40880.0,9.9,28.8,stuttgart,2026-07-01T04:06:00.683089
2026-07-01T12:00,25.8,43,12.3,25.6,5,0.0,0.0,0.0,0.0,0.0,2,1020.6,992.2,78,41860.0,11.5,30.2,stuttgart,2026-07-01T04:06:00.683089
2026-07-01T13:00,26.2,40,11.5,25.1,0,0.0,0.0,0.0,0.0,0.0,2,1020.0,991.6,78,42360.0,13.0,32.4,stuttgart,2026-07-01T04:06:00.683089
2026-07-01T14:00,26.6,39,11.5,26.1,0,0.0,0.0,0.0,0.0,0.0,2,1019.3,991.0,99,42760.0,8.9,28.1,stuttgart,2026-07-01T04:06:00.683089
2026-07-01T15:00,27.3,31,8.7,25.4,0,0.0,0.0,0.0,0.0,0.0,0,1018.5,990.3,0,45640.0,12.1,32.4,stuttgart,2026-07-01T04:06:00.683089
2026-07-01T16:00,27.3,28,7.2,24.6,0,0.0,0.0,0.0,0.0,0.0,1,1018.4,990.2,21,47680.0,13.8,33.1,stuttgart,2026-07-01T04:06:00.683089
2026-07-01T17:00,27.5,27,6.9,25.0,0,0.0,0.0,0.0,0.0,0.0,2,1018.5,990.3,92,48160.0,12.0,29.9,stuttgart,2026-07-01T04:06:00.683089
2026-07-01T18:00,26.7,30,7.7,24.7,3,0.0,0.0,0.0,0.0,0.0,2,1019.2,990.9,99,46920.0,9.6,27.7,stuttgart,2026-07-01T04:06:00.683089
2026-07-01T19:00,25.9,33,8.4,24.4,0,0.0,0.0,0.0,0.0,0.0,2,1019.6,991.2,58,45360.0,7.2,20.9,stuttgart,2026-07-01T04:06:00.683089
2026-07-01T20:00,23.8,41,9.7,22.6,0,0.0,0.0,0.0,0.0,0.0,1,1020.2,991.6,26,43000.0,7.7,15.8,stuttgart,2026-07-01T04:06:00.683089
2026-07-01T21:00,23.0,42,9.4,21.7,0,0.0,0.0,0.0,0.0,0.0,2,1020.7,992.0,39,42680.0,7.7,17.3,stuttgart,2026-07-01T04:06:00.683089
2026-07-01T22:00,21.8,47,10.0,20.7,0,0.0,0.0,0.0,0.0,0.0,1,1021.0,992.2,36,41800.0,7.1,18.7,stuttgart,2026-07-01T04:06:00.683089
2026-07-01T23:00,20.8,51,10.3,20.0,0,0.0,0.0,0.0,0.0,0.0,1,1021.3,992.4,45,41200.0,6.4,15.8,stuttgart,2026-07-01T04:06:00.683089
2026-07-01T00:00,24.8,84,22.0,28.4,0,0.0,0.0,0.0,0.0,0.0,3,1014.7,1013.0,84,19880.0,9.0,17.6,accra,2026-07-01T04:06:03.154192
2026-07-01T01:00,24.6,86,22.1,28.3,0,0.0,0.0,0.0,0.0,0.0,3,1013.9,1012.2,93,19340.0,8.8,17.6,accra,2026-07-01T04:06:03.154192
2026-07-01T02:00,24.5,87,22.1,28.1,0,0.0,0.0,0.0,0.0,0.0,2,1013.1,1011.4,64,14960.0,9.6,19.1,accra,2026-07-01T04:06:03.154192
2026-07-01T03:00,24.3,88,22.2,27.8,0,0.0,0.0,0.0,0.0,0.0,3,1012.8,1011.1,83,14700.0,10.0,20.2,accra,2026-07-01T04:06:03.154192
2026-07-01T04:00,24.2,89,22.3,27.9,0,0.0,0.0,0.0,0.0,0.0,3,1012.9,1011.2,93,12320.0,9.0,19.8,accra,2026-07-01T04:06:03.154192
2026-07-01T05:00,24.0,91,22.4,28.0,0,0.1,0.1,0.0,0.0,0.0,51,1013.4,1011.7,98,10620.0,7.9,18.0,accra,2026-07-01T04:06:03.154192
2026-07-01T06:00,23.9,92,22.5,27.9,0,0.0,0.0,0.0,0.0,0.0,2,1014.0,1012.3,70,12360.0,8.7,17.3,accra,2026-07-01T04:06:03.154192
2026-07-01T07:00,24.5,89,22.5,28.4,1,0.1,0.1,0.0,0.0,0.0,51,1014.6,1012.9,100,8960.0,8.8,19.1,accra,2026-07-01T04:06:03.154192
2026-07-01T08:00,24.7,87,22.5,28.4,3,0.2,0.0,0.2,0.0,0.0,51,1015.1,1013.4,100,6580.0,10.7,27.4,accra,2026-07-01T04:06:03.154192
2026-07-01T09:00,25.2,85,22.6,28.8,12,0.3,0.1,0.2,0.0,0.0,51,1015.6,1013.9,100,6100.0,11.3,28.8,accra,2026-07-01T04:06:03.154192
2026-07-01T10:00,25.2,85,22.6,28.9,35,0.6,0.1,0.5,0.0,0.0,53,1015.8,1014.1,100,6040.0,10.9,29.5,accra,2026-07-01T04:06:03.154192
2026-07-01T11:00,26.0,81,22.4,29.3,66,0.5,0.1,0.4,0.0,0.0,53,1015.6,1013.9,100,6080.0,12.8,31.7,accra,2026-07-01T04:06:03.154192
2026-07-01T12:00,26.1,80,22.3,29.4,88,0.4,0.2,0.2,0.0,0.0,51,1015.1,1013.4,100,5740.0,12.6,32.8,accra,2026-07-01T04:06:03.154192
2026-07-01T13:00,26.3,78,22.2,29.2,96,0.4,0.3,0.1,0.0,0.0,51,1014.2,1012.5,100,8120.0,14.5,36.0,accra,2026-07-01T04:06:03.154192
2026-07-01T14:00,26.4,78,22.2,29.3,96,0.1,0.1,0.0,0.0,0.0,51,1013.3,1011.6,73,21180.0,14.8,36.7,accra,2026-07-01T04:06:03.154192
2026-07-01T15:00,26.5,76,22.0,29.1,88,0.0,0.0,0.0,0.0,0.0,1,1012.5,1010.8,40,28900.0,15.4,37.4,accra,2026-07-01T04:06:03.154192
2026-07-01T16:00,26.5,76,22.0,29.1,69,0.0,0.0,0.0,0.0,0.0,1,1012.1,1010.4,34,28900.0,16.2,40.7,accra,2026-07-01T04:06:03.154192
2026-07-01T17:00,25.9,79,22.0,28.6,41,0.0,0.0,0.0,0.0,0.0,1,1012.1,1010.4,45,26440.0,15.1,41.4,accra,2026-07-01T04:06:03.154192
2026-07-01T18:00,25.3,82,22.1,28.3,20,0.0,0.0,0.0,0.0,0.0,1,1012.6,1010.9,40,23720.0,13.6,38.5,accra,2026-07-01T04:06:03.154192
2026-07-01T19:00,24.9,85,22.1,28.1,10,0.0,0.0,0.0,0.0,0.0,2,1013.4,1011.7,74,21900.0,12.5,28.4,accra,2026-07-01T04:06:03.154192
2026-07-01T20:00,25.0,84,22.1,28.3,5,0.0,0.0,0.0,0.0,0.0,3,1014.1,1012.4,83,25540.0,11.5,25.6,accra,2026-07-01T04:06:03.154192
2026-07-01T21:00,24.8,85,22.2,28.3,2,0.0,0.0,0.0,0.0,0.0,2,1014.8,1013.1,63,24140.0,10.8,23.4,accra,2026-07-01T04:06:03.154192
2026-07-01T22:00,24.8,85,22.1,28.2,1,0.0,0.0,0.0,0.0,0.0,2,1015.0,1013.3,77,25520.0,11.1,22.3,accra,2026-07-01T04:06:03.154192
2026-07-01T23:00,24.7,86,22.1,28.2,1,0.0,0.0,0.0,0.0,0.0,3,1015.3,1013.6,88,23120.0,9.8,22.3,accra,2026-07-01T04:06:03.154192
2026-07-01T00:00,24.9,57,15.8,26.5,0,0.0,0.0,0.0,0.0,0.0,0,1010.9,1000.3,0,41160.0,3.3,8.6,athens,2026-07-01T04:07:21.011320
2026-07-01T01:00,24.4,50,13.3,24.8,0,0.0,0.0,0.0,0.0,0.0,0,1010.2,999.6,0,41700.0,4.1,10.4,athens,2026-07-01T04:07:21.011320
2026-07-01T02:00,23.9,49,12.6,24.1,0,0.0,0.0,0.0,0.0,0.0,1,1010.0,999.4,4,41760.0,4.7,11.5,athens,2026-07-01T04:07:21.011320
2026-07-01T03:00,23.7,48,12.0,23.7,0,0.0,0.0,0.0,0.0,0.0,1,1009.8,999.2,8,41780.0,4.0,11.2,athens,2026-07-01T04:07:21.011320
2026-07-01T04:00,23.9,46,11.6,24.0,0,0.0,0.0,0.0,0.0,0.0,1,1010.1,999.5,4,42220.0,2.6,9.4,athens,2026-07-01T04:07:21.011320
2026-07-01T05:00,25.5,42,11.7,25.8,0,0.0,0.0,0.0,0.0,0.0,1,1010.3,999.7,17,42740.0,1.5,6.8,athens,2026-07-01T04:07:21.011320
2026-07-01T06:00,28.2,38,12.5,28.5,0,0.0,0.0,0.0,0.0,0.0,1,1010.5,1000.0,7,42940.0,3.6,10.1,athens,2026-07-01T04:07:21.011320
2026-07-01T07:00,30.1,37,13.9,30.7,0,0.0,0.0,0.0,0.0,0.0,0,1010.1,999.7,0,42840.0,4.9,12.6,athens,2026-07-01T04:07:21.011320
2026-07-01T08:00,31.8,36,14.9,33.7,0,0.0,0.0,0.0,0.0,0.0,0,1009.8,999.5,0,43260.0,6.1,15.5,athens,2026-07-01T04:07:21.011320
2026-07-01T09:00,33.3,30,13.4,35.1,0,0.0,0.0,0.0,0.0,0.0,0,1009.5,999.2,5,44840.0,8.0,22.0,athens,2026-07-01T04:07:21.011320
2026-07-01T10:00,34.1,26,11.9,35.0,0,0.0,0.0,0.0,0.0,0.0,0,1009.6,999.3,17,45960.0,12.7,33.8,athens,2026-07-01T04:07:21.011320
2026-07-01T11:00,34.4,26,12.1,35.1,0,0.0,0.0,0.0,0.0,0.0,0,1009.4,999.1,22,47520.0,13.9,40.3,athens,2026-07-01T04:07:21.011320
2026-07-01T12:00,34.2,28,13.1,35.4,0,0.0,0.0,0.0,0.0,0.0,0,1009.2,998.9,11,47460.0,11.1,40.3,athens,2026-07-01T04:07:21.011320
2026-07-01T13:00,34.2,30,14.2,35.2,0,0.0,0.0,0.0,0.0,0.0,0,1008.8,998.5,16,46440.0,11.4,35.6,athens,2026-07-01T04:07:21.011320
2026-07-01T14:00,33.2,34,15.3,33.9,0,0.0,0.0,0.0,0.0,0.0,0,1008.5,998.2,7,44000.0,11.0,31.3,athens,2026-07-01T04:07:21.011320
2026-07-01T15:00,32.3,34,14.4,32.1,0,0.0,0.0,0.0,0.0,0.0,0,1008.3,998.0,0,44380.0,11.2,32.4,athens,2026-07-01T04:07:21.011320
2026-07-01T16:00,31.4,38,15.4,32.0,0,0.0,0.0,0.0,0.0,0.0,0,1008.4,998.1,0,43040.0,8.4,32.0,athens,2026-07-01T04:07:21.011320
2026-07-01T17:00,30.6,38,14.7,31.0,0,0.0,0.0,0.0,0.0,0.0,0,1008.5,998.1,0,43600.0,7.4,23.8,athens,2026-07-01T04:07:21.011320
2026-07-01T18:00,29.4,38,13.6,30.1,0,0.0,0.0,0.0,0.0,0.0,0,1008.7,998.3,0,43720.0,3.6,20.5,athens,2026-07-01T04:07:21.011320
2026-07-01T19:00,28.2,40,13.4,28.9,0,0.0,0.0,0.0,0.0,0.0,1,1009.1,998.6,6,43260.0,2.5,10.8,athens,2026-07-01T04:07:21.011320
2026-07-01T20:00,27.1,47,14.9,28.3,0,0.0,0.0,0.0,0.0,0.0,0,1009.1,998.6,0,41460.0,3.0,5.4,athens,2026-07-01T04:07:21.011320
2026-07-01T21:00,26.4,50,15.2,28.0,0,0.0,0.0,0.0,0.0,0.0,0,1009.1,998.6,0,41240.0,1.0,4.0,athens,2026-07-01T04:07:21.011320
2026-07-01T22:00,25.9,52,15.3,27.6,0,0.0,0.0,0.0,0.0,0.0,0,1008.9,998.4,0,41940.0,1.1,1.8,athens,2026-07-01T04:07:21.011320
2026-07-01T23:00,25.5,52,14.9,26.8,0,0.0,0.0,0.0,0.0,0.0,0,1008.9,998.3,0,41520.0,2.2,4.3,athens,2026-07-01T04:07:21.011320
2026-07-01T00:00,23.2,85,20.6,26.6,0,0.0,0.0,0.0,0.0,0.0,0,1012.5,1011.7,0,27960.0,5.2,15.1,thessaloniki,2026-07-01T04:07:58.679803
2026-07-01T01:00,22.7,87,20.5,26.0,0,0.0,0.0,0.0,0.0,0.0,0,1012.1,1011.3,0,25420.0,5.6,16.9,thessaloniki,2026-07-01T04:07:58.679803
2026-07-01T02:00,22.5,85,19.8,25.3,0,0.0,0.0,0.0,0.0,0.0,0,1011.6,1010.8,0,28340.0,6.4,17.3,thessaloniki,2026-07-01T04:07:58.679803
2026-07-01T03:00,22.3,79,18.5,24.5,0,0.0,0.0,0.0,0.0,0.0,0,1011.4,1010.6,0,34040.0,6.8,18.4,thessaloniki,2026-07-01T04:07:58.679803
2026-07-01T04:00,22.5,75,17.8,24.3,0,0.0,0.0,0.0,0.0,0.0,0,1011.3,1010.5,0,36700.0,6.6,18.7,thessaloniki,2026-07-01T04:07:58.679803
2026-07-01T05:00,24.3,71,18.7,26.8,0,0.0,0.0,0.0,0.0,0.0,0,1011.4,1010.6,0,37620.0,4.8,15.8,thessaloniki,2026-07-01T04:07:58.679803
2026-07-01T06:00,27.0,57,17.7,29.3,0,0.0,0.0,0.0,0.0,0.0,0,1011.4,1010.6,0,40500.0,3.3,9.7,thessaloniki,2026-07-01T04:07:58.679803
2026-07-01T07:00,29.4,51,18.2,31.8,0,0.0,0.0,0.0,0.0,0.0,0,1011.1,1010.3,0,40840.0,3.6,10.8,thessaloniki,2026-07-01T04:07:58.679803
2026-07-01T08:00,31.7,38,15.6,34.1,0,0.0,0.0,0.0,0.0,0.0,0,1010.9,1010.1,0,43120.0,3.6,13.0,thessaloniki,2026-07-01T04:07:58.679803
2026-07-01T09:00,33.3,34,15.3,36.4,0,0.0,0.0,0.0,0.0,0.0,0,1010.6,1009.8,0,44080.0,3.6,15.5,thessaloniki,2026-07-01T04:07:58.679803
2026-07-01T10:00,34.4,29,13.8,37.8,0,0.0,0.0,0.0,0.0,0.0,2,1010.1,1009.3,25,45980.0,1.5,14.0,thessaloniki,2026-07-01T04:07:58.679803
2026-07-01T11:00,35.0,27,13.2,37.6,5,0.0,0.0,0.0,0.0,0.0,1,1009.4,1008.6,37,47540.0,1.5,12.2,thessaloniki,2026-07-01T04:07:58.679803
2026-07-01T12:00,35.3,28,14.1,37.4,10,0.0,0.0,0.0,0.0,0.0,2,1008.9,1008.1,54,46700.0,3.6,16.2,thessaloniki,2026-07-01T04:07:58.679803
2026-07-01T13:00,35.4,28,14.1,36.3,10,0.1,0.0,0.1,0.0,0.0,2,1008.6,1007.8,71,46360.0,9.5,23.4,thessaloniki,2026-07-01T04:07:58.679803
2026-07-01T14:00,33.1,36,16.1,33.0,8,0.5,0.0,0.5,0.0,0.0,80,1008.8,1008.0,100,44160.0,14.8,45.0,thessaloniki,2026-07-01T04:07:58.679803
2026-07-01T15:00,32.9,36,15.8,33.1,3,0.1,0.0,0.1,0.0,0.0,3,1008.3,1007.5,95,44060.0,12.3,37.1,thessaloniki,2026-07-01T04:07:58.679803
2026-07-01T16:00,32.7,36,15.7,33.1,3,0.0,0.0,0.0,0.0,0.0,1,1008.1,1007.3,4,44280.0,10.5,31.7,thessaloniki,2026-07-01T04:07:58.679803
2026-07-01T17:00,31.7,39,16.1,32.8,0,0.0,0.0,0.0,0.0,0.0,3,1008.4,1007.6,79,43520.0,6.8,26.3,thessaloniki,2026-07-01T04:07:58.679803
2026-07-01T18:00,29.5,50,18.0,31.8,0,0.0,0.0,0.0,0.0,0.0,0,1008.6,1007.8,7,41580.0,4.4,16.9,thessaloniki,2026-07-01T04:07:58.679803
2026-07-01T19:00,27.6,60,19.1,30.4,0,0.0,0.0,0.0,0.0,0.0,0,1008.8,1008.0,14,40440.0,4.1,14.4,thessaloniki,2026-07-01T04:07:58.679803
2026-07-01T20:00,26.2,66,19.4,29.1,0,0.0,0.0,0.0,0.0,0.0,2,1008.9,1008.1,77,39120.0,4.6,14.4,thessaloniki,2026-07-01T04:07:58.679803
2026-07-01T21:00,25.5,66,18.7,28.0,0,0.0,0.0,0.0,0.0,0.0,0,1008.8,1008.0,0,39200.0,4.7,16.9,thessaloniki,2026-07-01T04:07:58.679803
2026-07-01T22:00,25.0,68,18.7,27.4,0,0.0,0.0,0.0,0.0,0.0,0,1008.8,1008.0,0,38840.0,5.1,18.7,thessaloniki,2026-07-01T04:07:58.679803
2026-07-01T23:00,24.3,74,19.4,27.0,0,0.0,0.0,0.0,0.0,0.0,0,1008.7,1007.9,0,36680.0,6.0,18.7,thessaloniki,2026-07-01T04:07:58.679803
2026-07-01T00:00,29.3,53,18.8,32.1,0,0.0,0.0,0.0,0.0,0.0,0,1014.7,1001.8,2,50000.0,3.6,10.1,budapest,2026-07-01T04:08:01.148714
2026-07-01T01:00,30.5,47,17.9,32.8,0,0.0,0.0,0.0,0.0,0.0,0,1014.3,1001.5,1,24800.0,4.0,10.1,budapest,2026-07-01T04:08:01.148714
2026-07-01T02:00,30.6,44,17.0,32.2,0,0.0,0.0,0.0,0.0,0.0,3,1013.8,1001.0,88,26300.0,6.1,9.4,budapest,2026-07-01T04:08:01.148714
2026-07-01T03:00,29.0,54,18.8,30.8,0,0.0,0.0,0.0,0.0,0.0,1,1013.7,1000.8,41,50000.0,10.4,19.1,budapest,2026-07-01T04:08:01.148714
2026-07-01T04:00,29.3,51,18.1,31.4,0,0.0,0.0,0.0,0.0,0.0,3,1013.5,1000.7,87,22860.0,5.8,19.1,budapest,2026-07-01T04:08:01.148714
2026-07-01T05:00,30.7,42,16.3,31.9,0,0.0,0.0,0.0,0.0,0.0,3,1013.4,1000.6,98,50000.0,6.8,15.5,budapest,2026-07-01T04:08:01.148714
2026-07-01T06:00,31.6,39,16.0,33.0,0,0.0,0.0,0.0,0.0,0.0,0,1013.2,1000.5,18,28380.0,4.3,15.5,budapest,2026-07-01T04:08:01.148714
2026-07-01T07:00,32.9,36,15.9,34.1,0,0.0,0.0,0.0,0.0,0.0,1,1012.9,1000.2,30,50000.0,5.4,16.2,budapest,2026-07-01T04:08:01.148714
2026-07-01T08:00,34.0,34,16.0,35.2,0,0.0,0.0,0.0,0.0,0.0,2,1012.7,1000.1,60,31100.0,7.9,21.2,budapest,2026-07-01T04:08:01.148714
2026-07-01T09:00,33.9,34,15.9,34.3,0,0.0,0.0,0.0,0.0,0.0,3,1012.4,999.8,100,31260.0,11.2,24.8,budapest,2026-07-01T04:08:01.148714
2026-07-01T10:00,32.7,37,16.1,33.1,1,0.0,0.0,0.0,0.0,0.0,3,1012.4,999.7,100,29800.0,11.5,27.7,budapest,2026-07-01T04:08:01.148714
2026-07-01T11:00,33.0,37,16.4,34.6,3,0.0,0.0,0.0,0.0,0.0,3,1011.8,999.1,100,29760.0,4.0,23.4,budapest,2026-07-01T04:08:01.148714
2026-07-01T12:00,34.7,26,12.4,34.3,6,0.0,0.0,0.0,0.0,0.0,3,1010.9,998.3,86,36080.0,8.3,20.2,budapest,2026-07-01T04:08:01.148714
2026-07-01T13:00,35.4,26,13.0,35.5,12,0.0,0.0,0.0,0.0,0.0,1,1009.9,997.4,20,50000.0,5.8,21.6,budapest,2026-07-01T04:08:01.148714
2026-07-01T14:00,36.1,26,13.6,37.3,20,0.0,0.0,0.0,0.0,0.0,0,1008.5,996.0,0,50000.0,5.8,19.1,budapest,2026-07-01T04:08:01.148714
2026-07-01T15:00,36.6,25,13.4,36.7,27,0.0,0.0,0.0,0.0,0.0,3,1007.9,995.4,99,37040.0,7.2,22.7,budapest,2026-07-01T04:08:01.148714
2026-07-01T16:00,29.6,46,16.8,25.7,32,0.0,0.0,0.0,0.0,0.0,3,1009.2,996.4,99,25260.0,43.2,83.5,budapest,2026-07-01T04:08:01.148714
2026-07-01T17:00,24.8,80,21.1,25.8,35,17.8,17.8,0.0,0.0,0.0,65,1013.2,1000.2,100,2780.0,23.4,83.9,budapest,2026-07-01T04:08:01.148714
2026-07-01T18:00,23.7,75,19.0,24.0,37,2.2,2.2,0.0,0.0,0.0,61,1011.0,998.0,100,50000.0,21.6,68.4,budapest,2026-07-01T04:08:01.148714
2026-07-01T19:00,23.1,76,18.7,24.5,39,0.0,0.0,0.0,0.0,0.0,3,1014.6,1001.5,100,12600.0,13.0,43.2,budapest,2026-07-01T04:08:01.148714
2026-07-01T20:00,22.5,78,18.5,24.8,40,4.3,4.3,0.0,0.0,0.0,63,1014.0,1000.9,100,7880.0,6.1,30.6,budapest,2026-07-01T04:08:01.148714
2026-07-01T21:00,22.8,75,18.2,23.4,37,0.4,0.4,0.0,0.0,0.0,51,1012.2,999.1,100,12960.0,16.9,31.0,budapest,2026-07-01T04:08:01.148714
2026-07-01T22:00,23.5,66,16.8,23.4,28,0.0,0.0,0.0,0.0,0.0,3,1011.5,998.4,100,16480.0,17.3,39.2,budapest,2026-07-01T04:08:01.148714
2026-07-01T23:00,23.4,69,17.4,25.1,16,0.0,0.0,0.0,0.0,0.0,3,1013.0,999.9,100,50000.0,7.2,33.8,budapest,2026-07-01T04:08:01.148714
2026-07-01T00:00,20.4,89,18.6,21.4,10,0.0,0.0,0.0,0.0,0.0,3,1010.0,908.4,100,29540.0,14.9,33.8,bangalore,2026-07-01T04:08:03.618823
2026-07-01T01:00,20.6,89,18.7,21.5,9,0.0,0.0,0.0,0.0,0.0,3,1010.5,908.9,100,30200.0,15.6,34.9,bangalore,2026-07-01T04:08:03.618823
2026-07-01T02:00,21.1,87,18.8,21.8,10,0.0,0.0,0.0,0.0,0.0,3,1011.1,909.6,100,32640.0,17.9,42.8,bangalore,2026-07-01T04:08:03.618823
2026-07-01T03:00,22.9,77,18.7,23.1,14,0.0,0.0,0.0,0.0,0.0,3,1011.5,910.6,100,21380.0,20.6,48.2,bangalore,2026-07-01T04:08:03.618823
2026-07-01T04:00,24.1,72,18.7,24.1,25,0.1,0.1,0.0,0.0,0.0,51,1011.4,910.9,100,14560.0,22.2,52.2,bangalore,2026-07-01T04:08:03.618823
2026-07-01T05:00,25.2,66,18.4,25.0,41,0.1,0.0,0.1,0.0,0.0,51,1011.2,911.0,100,14620.0,22.5,54.4,bangalore,2026-07-01T04:08:03.618823
2026-07-01T06:00,25.7,64,18.3,25.4,53,0.1,0.1,0.0,0.0,0.0,51,1011.0,911.0,100,10980.0,22.7,55.4,bangalore,2026-07-01T04:08:03.618823
2026-07-01T07:00,26.5,61,18.4,26.3,59,0.1,0.1,0.0,0.0,0.0,51,1010.2,910.6,100,12060.0,22.5,56.2,bangalore,2026-07-01T04:08:03.618823
2026-07-01T08:00,26.7,59,18.0,26.3,63,0.0,0.0,0.0,0.0,0.0,3,1009.1,909.6,100,13760.0,22.3,54.7,bangalore,2026-07-01T04:08:03.618823
2026-07-01T09:00,27.6,53,17.3,26.6,65,0.1,0.1,0.0,0.0,0.0,51,1007.8,908.7,100,21540.0,24.6,58.7,bangalore,2026-07-01T04:08:03.618823
2026-07-01T10:00,27.5,54,17.4,26.5,68,0.1,0.1,0.0,0.0,0.0,51,1007.1,908.1,100,10140.0,24.3,60.8,bangalore,2026-07-01T04:08:03.618823
2026-07-01T11:00,26.7,58,17.6,26.0,69,0.2,0.2,0.0,0.0,0.0,51,1006.9,907.6,100,10080.0,23.4,58.7,bangalore,2026-07-01T04:08:03.618823
2026-07-01T12:00,25.8,63,18.2,25.6,67,0.0,0.0,0.0,0.0,0.0,3,1007.6,908.0,99,43220.0,21.3,55.4,bangalore,2026-07-01T04:08:03.618823
2026-07-01T13:00,24.6,69,18.4,24.7,57,0.0,0.0,0.0,0.0,0.0,3,1008.4,908.3,99,36120.0,20.4,50.4,bangalore,2026-07-01T04:08:03.618823
2026-07-01T14:00,23.6,74,18.7,24.1,44,0.0,0.0,0.0,0.0,0.0,3,1009.5,909.0,98,36260.0,18.4,47.2,bangalore,2026-07-01T04:08:03.618823
2026-07-01T15:00,23.0,77,18.9,24.0,33,0.0,0.0,0.0,0.0,0.0,3,1010.5,909.7,100,36900.0,16.1,42.1,bangalore,2026-07-01T04:08:03.618823
2026-07-01T16:00,22.6,81,19.1,23.7,28,0.0,0.0,0.0,0.0,0.0,3,1011.3,910.3,100,20960.0,15.4,37.1,bangalore,2026-07-01T04:08:03.618823
2026-07-01T17:00,22.2,84,19.3,23.6,25,0.0,0.0,0.0,0.0,0.0,3,1011.7,910.5,100,25000.0,14.2,34.9,bangalore,2026-07-01T04:08:03.618823
2026-07-01T18:00,22.0,86,19.5,23.5,25,0.0,0.0,0.0,0.0,0.0,3,1011.6,910.4,100,15200.0,14.1,32.0,bangalore,2026-07-01T04:08:03.618823
2026-07-01T19:00,21.9,87,19.6,23.5,28,0.0,0.0,0.0,0.0,0.0,3,1010.9,909.7,100,19200.0,13.3,31.7,bangalore,2026-07-01T04:08:03.618823
2026-07-01T20:00,21.5,89,19.7,23.0,34,0.0,0.0,0.0,0.0,0.0,3,1010.1,908.9,100,14640.0,14.8,34.2,bangalore,2026-07-01T04:08:03.618823
2026-07-01T21:00,21.2,91,19.7,22.6,41,0.0,0.0,0.0,0.0,0.0,3,1009.4,908.1,100,13680.0,15.6,34.9,bangalore,2026-07-01T04:08:03.618823
2026-07-01T22:00,21.1,93,19.8,22.6,49,0.1,0.1,0.0,0.0,0.0,51,1009.2,907.9,100,7500.0,15.2,35.6,bangalore,2026-07-01T04:08:03.618823
2026-07-01T23:00,20.9,94,19.9,22.6,59,0.3,0.3,0.0,0.0,0.0,51,1009.4,908.0,100,6260.0,14.5,34.6,bangalore,2026-07-01T04:08:03.618823
2026-07-01T00:00,28.7,61,20.4,30.6,0,0.0,0.0,0.0,0.0,0.0,3,1004.9,1004.0,99,31120.0,14.8,34.6,chennai,2026-07-01T04:10:07.224147
2026-07-01T01:00,28.7,62,20.7,30.7,0,0.0,0.0,0.0,0.0,0.0,3,1005.8,1004.9,96,28760.0,14.5,31.3,chennai,2026-07-01T04:10:07.224147
2026-07-01T02:00,29.7,60,21.0,31.9,0,0.0,0.0,0.0,0.0,0.0,3,1006.7,1005.8,88,31120.0,14.6,32.8,chennai,2026-07-01T04:10:07.224147
2026-07-01T03:00,31.0,55,21.0,32.8,0,0.0,0.0,0.0,0.0,0.0,2,1007.0,1006.1,73,31140.0,17.4,41.0,chennai,2026-07-01T04:10:07.224147
2026-07-01T04:00,32.2,52,21.1,34.1,0,0.0,0.0,0.0,0.0,0.0,3,1007.1,1006.2,90,31140.0,16.9,41.8,chennai,2026-07-01T04:10:07.224147
2026-07-01T05:00,33.5,49,21.3,36.5,0,0.0,0.0,0.0,0.0,0.0,3,1006.8,1005.9,97,34400.0,16.2,41.4,chennai,2026-07-01T04:10:07.224147
2026-07-01T06:00,34.8,46,21.4,38.5,0,0.0,0.0,0.0,0.0,0.0,3,1006.3,1005.4,99,34400.0,15.4,41.0,chennai,2026-07-01T04:10:07.224147
2026-07-01T07:00,35.9,44,21.7,39.3,11,0.0,0.0,0.0,0.0,0.0,3,1005.7,1004.8,100,34400.0,17.2,46.8,chennai,2026-07-01T04:10:07.224147
2026-07-01T08:00,33.8,51,22.3,36.8,25,0.4,0.0,0.4,0.0,0.0,51,1005.1,1004.2,100,17460.0,16.1,45.4,chennai,2026-07-01T04:10:07.224147
2026-07-01T09:00,33.6,52,22.5,36.5,39,0.5,0.0,0.5,0.0,0.0,53,1004.2,1003.3,100,3820.0,17.1,43.9,chennai,2026-07-01T04:10:07.224147
2026-07-01T10:00,33.6,51,22.0,36.1,51,0.3,0.2,0.1,0.0,0.0,51,1003.4,1002.5,100,31160.0,15.8,44.6,chennai,2026-07-01T04:10:07.224147
2026-07-01T11:00,31.2,64,23.6,35.3,62,0.5,0.4,0.1,0.0,0.0,53,1003.2,1002.3,100,5940.0,11.6,38.9,chennai,2026-07-01T04:10:07.224147
2026-07-01T12:00,31.1,66,24.1,36.0,67,0.2,0.2,0.0,0.0,0.0,51,1003.1,1002.2,100,25980.0,8.3,28.4,chennai,2026-07-01T04:10:07.224147
2026-07-01T13:00,30.9,69,24.5,36.9,62,0.0,0.0,0.0,0.0,0.0,3,1003.6,1002.7,100,28800.0,2.6,19.8,chennai,2026-07-01T04:10:07.224147
2026-07-01T14:00,30.7,71,24.8,36.9,52,0.0,0.0,0.0,0.0,0.0,3,1004.5,1003.6,95,28800.0,2.5,6.1,chennai,2026-07-01T04:10:07.224147
2026-07-01T15:00,30.5,70,24.4,35.8,43,0.0,0.0,0.0,0.0,0.0,3,1005.6,1004.7,99,12760.0,7.1,15.5,chennai,2026-07-01T04:10:07.224147
2026-07-01T16:00,29.7,77,25.1,36.0,38,0.2,0.2,0.0,0.0,0.0,51,1006.5,1005.6,98,6400.0,3.1,15.8,chennai,2026-07-01T04:10:07.224147
2026-07-01T17:00,28.7,85,25.9,35.1,34,0.1,0.1,0.0,0.0,0.0,51,1006.8,1005.9,99,21980.0,6.4,14.4,chennai,2026-07-01T04:10:07.224147
2026-07-01T18:00,28.5,88,26.2,35.6,31,0.0,0.0,0.0,0.0,0.0,3,1006.8,1005.9,96,20860.0,2.9,13.3,chennai,2026-07-01T04:10:07.224147
2026-07-01T19:00,28.6,88,26.3,35.7,30,0.0,0.0,0.0,0.0,0.0,3,1006.0,1005.1,85,20860.0,2.9,6.8,chennai,2026-07-01T04:10:07.224147
2026-07-01T20:00,28.8,79,24.7,34.4,31,0.0,0.0,0.0,0.0,0.0,3,1005.1,1004.2,98,26260.0,6.6,12.6,chennai,2026-07-01T04:10:07.224147
2026-07-01T21:00,29.1,68,22.6,32.7,31,0.0,0.0,0.0,0.0,0.0,3,1004.7,1003.8,93,28820.0,11.1,22.7,chennai,2026-07-01T04:10:07.224147
2026-07-01T22:00,29.0,63,21.3,31.7,30,0.0,0.0,0.0,0.0,0.0,3,1004.4,1003.5,98,28820.0,12.6,25.9,chennai,2026-07-01T04:10:07.224147
2026-07-01T23:00,28.9,63,21.2,31.5,28,0.0,0.0,0.0,0.0,0.0,3,1004.6,1003.7,98,28840.0,12.6,27.0,chennai,2026-07-01T04:10:07.224147
2026-07-01T00:00,26.1,94,25.0,31.7,39,0.1,0.1,0.0,0.0,0.0,51,1001.5,1000.2,89,5400.0,7.4,19.8,kolkata,2026-07-01T04:10:09.696439
2026-07-01T01:00,27.0,90,25.3,32.8,34,0.1,0.1,0.0,0.0,0.0,51,1001.9,1000.6,99,10340.0,7.5,18.4,kolkata,2026-07-01T04:10:09.696439
2026-07-01T02:00,28.2,83,25.1,33.7,27,0.0,0.0,0.0,0.0,0.0,3,1002.5,1001.3,100,13500.0,9.0,22.3,kolkata,2026-07-01T04:10:09.696439
2026-07-01T03:00,28.9,82,25.5,35.0,25,0.0,0.0,0.0,0.0,0.0,2,1002.7,1001.5,60,10380.0,6.1,24.5,kolkata,2026-07-01T04:10:09.696439
2026-07-01T04:00,29.8,79,25.8,36.3,33,0.0,0.0,0.0,0.0,0.0,3,1002.6,1001.4,100,11360.0,4.9,18.0,kolkata,2026-07-01T04:10:09.696439
2026-07-01T05:00,30.6,76,25.9,37.7,47,0.0,0.0,0.0,0.0,0.0,3,1002.2,1001.0,100,12060.0,5.4,19.1,kolkata,2026-07-01T04:10:09.696439
2026-07-01T06:00,30.6,75,25.7,37.1,59,0.0,0.0,0.0,0.0,0.0,3,1001.5,1000.3,85,10620.0,4.7,19.4,kolkata,2026-07-01T04:10:09.696439
2026-07-01T07:00,31.1,74,26.0,37.8,69,0.0,0.0,0.0,0.0,0.0,3,1000.5,999.3,85,9520.0,4.9,20.2,kolkata,2026-07-01T04:10:09.696439
2026-07-01T08:00,31.3,74,26.1,38.0,77,0.0,0.0,0.0,0.0,0.0,95,999.5,998.3,98,8360.0,5.2,19.8,kolkata,2026-07-01T04:10:09.696439
2026-07-01T09:00,29.3,82,25.9,35.1,84,1.8,0.6,1.2,0.0,0.0,95,998.7,997.5,99,2560.0,10.2,26.6,kolkata,2026-07-01T04:10:09.696439
2026-07-01T10:00,29.7,80,25.8,36.2,89,0.7,0.7,0.0,0.0,0.0,53,998.1,996.9,98,8720.0,5.5,26.3,kolkata,2026-07-01T04:10:09.696439
2026-07-01T11:00,29.9,78,25.7,36.1,92,0.1,0.1,0.0,0.0,0.0,51,997.8,996.6,99,6240.0,6.6,15.8,kolkata,2026-07-01T04:10:09.696439
2026-07-01T12:00,28.0,89,26.1,34.2,90,0.7,0.6,0.1,0.0,0.0,53,998.6,997.4,100,3680.0,8.8,21.2,kolkata,2026-07-01T04:10:09.696439
2026-07-01T13:00,27.6,93,26.4,34.5,80,0.4,0.4,0.0,0.0,0.0,51,999.4,998.2,98,5920.0,5.3,19.8,kolkata,2026-07-01T04:10:09.696439
2026-07-01T14:00,27.8,93,26.6,35.0,65,0.0,0.0,0.0,0.0,0.0,3,1000.6,999.4,98,8160.0,4.0,9.4,kolkata,2026-07-01T04:10:09.696439
2026-07-01T15:00,27.7,93,26.5,34.7,53,0.0,0.0,0.0,0.0,0.0,3,1001.5,1000.3,98,7280.0,5.4,10.4,kolkata,2026-07-01T04:10:09.696439
2026-07-01T16:00,27.5,93,26.2,34.2,46,0.2,0.0,0.2,0.0,0.0,95,1002.4,1001.1,100,4240.0,6.1,12.6,kolkata,2026-07-01T04:10:09.696439
2026-07-01T17:00,27.4,94,26.3,34.1,41,0.2,0.2,0.0,0.0,0.0,51,1002.3,1001.0,100,6560.0,5.6,12.2,kolkata,2026-07-01T04:10:09.696439
2026-07-01T18:00,27.3,95,26.3,34.3,37,0.0,0.0,0.0,0.0,0.0,3,1002.0,1000.7,100,8620.0,3.7,10.8,kolkata,2026-07-01T04:10:09.696439
2026-07-01T19:00,27.1,96,26.4,34.2,35,0.0,0.0,0.0,0.0,0.0,3,1001.1,999.8,100,8520.0,3.6,7.6,kolkata,2026-07-01T04:10:09.696439
2026-07-01T20:00,27.0,96,26.3,34.0,34,0.0,0.0,0.0,0.0,0.0,3,1000.3,999.0,100,8480.0,4.1,9.4,kolkata,2026-07-01T04:10:09.696439
2026-07-01T21:00,26.9,96,26.2,33.9,33,0.0,0.0,0.0,0.0,0.0,3,999.9,998.6,100,9740.0,3.4,8.3,kolkata,2026-07-01T04:10:09.696439
2026-07-01T22:00,26.8,96,26.1,33.8,33,0.0,0.0,0.0,0.0,0.0,3,999.7,998.4,95,6920.0,3.2,6.8,kolkata,2026-07-01T04:10:09.696439
2026-07-01T23:00,26.7,97,26.1,33.6,32,0.0,0.0,0.0,0.0,0.0,3,999.8,998.5,88,6820.0,3.6,6.8,kolkata,2026-07-01T04:10:09.696439
2026-07-01T00:00,26.3,90,24.5,30.1,100,5.4,2.2,3.2,0.0,0.0,96,1003.8,1003.1,100,1360.0,18.0,35.6,mumbai,2026-07-01T04:10:12.242617
2026-07-01T01:00,25.9,93,24.7,30.2,100,7.8,3.1,4.7,0.0,0.0,96,1004.5,1003.8,100,1620.0,15.2,38.5,mumbai,2026-07-01T04:10:12.242617
2026-07-01T02:00,26.3,94,25.2,31.4,100,3.7,1.5,2.2,0.0,0.0,95,1004.9,1004.2,100,2600.0,11.6,33.5,mumbai,2026-07-01T04:10:12.242617
2026-07-01T03:00,26.3,92,24.9,30.7,100,4.5,0.9,3.6,0.0,0.0,96,1005.5,1004.8,100,1660.0,15.5,33.8,mumbai,2026-07-01T04:10:12.242617
2026-07-01T04:00,26.6,93,25.3,31.3,100,5.8,1.5,4.3,0.0,0.0,96,1006.1,1005.4,100,1620.0,15.0,33.8,mumbai,2026-07-01T04:10:12.242617
2026-07-01T05:00,26.8,92,25.4,31.4,100,5.2,1.7,3.5,0.0,0.0,96,1006.3,1005.6,100,1720.0,16.2,35.3,mumbai,2026-07-01T04:10:12.242617
2026-07-01T06:00,26.8,93,25.5,31.3,100,5.6,1.4,4.2,0.0,0.0,96,1006.1,1005.4,100,1820.0,17.1,36.7,mumbai,2026-07-01T04:10:12.242617
2026-07-01T07:00,26.5,94,25.4,31.0,100,4.2,1.3,2.9,0.0,0.0,96,1005.6,1004.9,100,2200.0,17.3,36.0,mumbai,2026-07-01T04:10:12.242617
2026-07-01T08:00,26.5,91,24.9,30.6,100,3.9,1.6,2.3,0.0,0.0,95,1005.2,1004.5,100,1640.0,17.2,40.0,mumbai,2026-07-01T04:10:12.242617
2026-07-01T09:00,26.6,92,25.1,30.9,100,3.4,2.8,0.6,0.0,0.0,81,1004.1,1003.4,100,2320.0,16.9,37.1,mumbai,2026-07-01T04:10:12.242617
2026-07-01T10:00,25.9,93,24.6,29.9,100,4.7,1.3,3.4,0.0,0.0,96,1003.9,1003.2,100,1700.0,16.9,38.9,mumbai,2026-07-01T04:10:12.242617
2026-07-01T11:00,26.5,91,24.8,30.6,100,3.5,2.3,1.2,0.0,0.0,81,1002.9,1002.2,100,2520.0,17.2,37.8,mumbai,2026-07-01T04:10:12.242617
2026-07-01T12:00,26.3,91,24.8,30.5,100,1.3,1.1,0.2,0.0,0.0,80,1003.2,1002.5,100,4100.0,16.4,41.0,mumbai,2026-07-01T04:10:12.242617
2026-07-01T13:00,26.6,89,24.6,30.9,100,0.9,0.7,0.2,0.0,0.0,53,1003.5,1002.8,100,3760.0,14.4,32.8,mumbai,2026-07-01T04:10:12.242617
2026-07-01T14:00,26.0,92,24.6,30.0,100,1.2,0.9,0.3,0.0,0.0,55,1004.4,1003.7,100,2460.0,16.8,37.4,mumbai,2026-07-01T04:10:12.242617
2026-07-01T15:00,26.6,91,25.0,31.4,100,1.4,1.4,0.0,0.0,0.0,80,1004.9,1004.2,100,3500.0,13.0,32.8,mumbai,2026-07-01T04:10:12.242617
2026-07-01T16:00,25.7,92,24.2,30.1,100,2.1,1.0,1.1,0.0,0.0,80,1005.9,1005.2,100,1700.0,11.9,31.7,mumbai,2026-07-01T04:10:12.242617
2026-07-01T17:00,25.6,94,24.5,30.0,100,3.9,2.2,1.7,0.0,0.0,95,1006.1,1005.4,100,2260.0,13.4,25.2,mumbai,2026-07-01T04:10:12.242617
2026-07-01T18:00,25.4,93,24.3,30.0,100,2.1,1.5,0.6,0.0,0.0,80,1006.2,1005.5,100,2380.0,11.5,31.0,mumbai,2026-07-01T04:10:12.242617
2026-07-01T19:00,25.5,93,24.2,29.7,100,3.0,1.2,1.8,0.0,0.0,95,1005.9,1005.2,100,2600.0,14.1,29.2,mumbai,2026-07-01T04:10:12.242617
2026-07-01T20:00,25.8,91,24.3,29.6,100,1.9,1.1,0.8,0.0,0.0,80,1004.9,1004.2,100,2860.0,16.8,34.2,mumbai,2026-07-01T04:10:12.242617
2026-07-01T21:00,25.7,92,24.3,29.7,100,1.1,0.4,0.7,0.0,0.0,55,1004.1,1003.4,100,2720.0,15.3,35.3,mumbai,2026-07-01T04:10:12.242617
2026-07-01T22:00,25.9,93,24.7,30.7,100,0.9,0.3,0.6,0.0,0.0,53,1003.5,1002.8,100,3420.0,11.8,32.0,mumbai,2026-07-01T04:10:12.242617
2026-07-01T23:00,25.7,93,24.5,30.3,100,3.6,1.3,2.3,0.0,0.0,95,1003.6,1002.9,100,2260.0,11.6,26.6,mumbai,2026-07-01T04:10:12.242617
2026-07-01T00:00,28.1,78,23.8,32.3,27,0.3,0.1,0.2,0.0,0.0,51,1000.1,976.2,72,8300.0,11.8,25.9,new_delhi,2026-07-01T04:10:49.918268
2026-07-01T01:00,28.0,75,23.2,32.1,29,0.0,0.0,0.0,0.0,0.0,2,1000.5,976.6,77,10360.0,10.1,25.6,new_delhi,2026-07-01T04:10:49.918268
2026-07-01T02:00,27.6,79,23.6,32.2,29,0.3,0.0,0.3,0.0,0.0,51,1000.9,976.9,55,4240.0,8.5,23.0,new_delhi,2026-07-01T04:10:49.918268
2026-07-01T03:00,27.9,84,24.8,33.4,29,2.3,0.2,2.1,0.0,0.0,80,1001.6,977.6,98,2540.0,7.0,20.2,new_delhi,2026-07-01T04:10:49.918268
2026-07-01T04:00,28.6,82,25.2,34.5,28,1.4,0.9,0.5,0.0,0.0,80,1001.9,978.0,95,4140.0,6.6,18.7,new_delhi,2026-07-01T04:10:49.918268
2026-07-01T05:00,30.4,72,24.7,36.2,28,0.1,0.1,0.0,0.0,0.0,51,1002.2,978.4,98,9760.0,4.9,18.0,new_delhi,2026-07-01T04:10:49.918268
2026-07-01T06:00,32.4,63,24.4,38.3,27,0.0,0.0,0.0,0.0,0.0,3,1001.9,978.3,100,11360.0,4.2,16.6,new_delhi,2026-07-01T04:10:49.918268
2026-07-01T07:00,32.9,58,23.7,38.3,27,0.0,0.0,0.0,0.0,0.0,2,1001.2,977.6,62,12240.0,3.1,15.5,new_delhi,2026-07-01T04:10:49.918268
2026-07-01T08:00,34.0,53,23.0,39.5,27,0.0,0.0,0.0,0.0,0.0,3,1000.2,976.7,95,12260.0,3.4,17.6,new_delhi,2026-07-01T04:10:49.918268
2026-07-01T09:00,34.9,48,22.2,40.3,29,0.0,0.0,0.0,0.0,0.0,2,998.7,975.3,52,13600.0,5.2,18.4,new_delhi,2026-07-01T04:10:49.918268
2026-07-01T10:00,35.5,44,21.5,39.9,35,0.0,0.0,0.0,0.0,0.0,0,997.5,974.2,10,13620.0,6.0,18.7,new_delhi,2026-07-01T04:10:49.918268
2026-07-01T11:00,35.5,43,21.2,39.0,43,0.0,0.0,0.0,0.0,0.0,1,996.9,973.6,41,13620.0,6.8,19.1,new_delhi,2026-07-01T04:10:49.918268
2026-07-01T12:00,35.2,44,21.3,38.8,45,0.0,0.0,0.0,0.0,0.0,1,996.9,973.6,35,13620.0,6.0,18.4,new_delhi,2026-07-01T04:10:49.918268
2026-07-01T13:00,33.9,52,22.8,38.2,35,0.0,0.0,0.0,0.0,0.0,1,997.4,974.0,23,12260.0,6.8,15.1,new_delhi,2026-07-01T04:10:49.918268
2026-07-01T14:00,31.7,68,25.1,37.1,19,0.0,0.0,0.0,0.0,0.0,95,998.5,974.9,29,11380.0,9.2,20.2,new_delhi,2026-07-01T04:10:49.918268
2026-07-01T15:00,30.6,73,25.3,36.3,6,0.0,0.0,0.0,0.0,0.0,1,999.4,975.7,49,10400.0,8.0,20.5,new_delhi,2026-07-01T04:10:49.918268
2026-07-01T16:00,30.3,76,25.5,36.6,1,0.0,0.0,0.0,0.0,0.0,1,1000.2,976.4,42,7140.0,5.4,16.6,new_delhi,2026-07-01T04:10:49.918268
2026-07-01T17:00,30.3,77,25.9,36.8,0,0.0,0.0,0.0,0.0,0.0,95,1000.7,976.9,35,9640.0,5.4,11.2,new_delhi,2026-07-01T04:10:49.918268
2026-07-01T18:00,30.1,78,25.8,36.4,0,0.0,0.0,0.0,0.0,0.0,95,1000.7,976.9,98,10100.0,6.6,15.5,new_delhi,2026-07-01T04:10:49.918268
2026-07-01T19:00,29.7,79,25.8,36.1,4,0.0,0.0,0.0,0.0,0.0,95,1000.6,976.8,98,8860.0,5.8,15.5,new_delhi,2026-07-01T04:10:49.918268
2026-07-01T20:00,29.6,80,25.8,36.0,10,0.0,0.0,0.0,0.0,0.0,95,1000.0,976.2,77,10420.0,5.9,11.9,new_delhi,2026-07-01T04:10:49.918268
2026-07-01T21:00,29.3,82,25.8,35.6,18,0.1,0.1,0.0,0.0,0.0,95,999.2,975.4,55,6220.0,6.0,12.2,new_delhi,2026-07-01T04:10:49.918268
2026-07-01T22:00,29.1,82,25.7,35.3,27,0.0,0.0,0.0,0.0,0.0,95,998.8,975.0,41,9280.0,6.4,12.6,new_delhi,2026-07-01T04:10:49.918268
2026-07-01T23:00,28.4,87,26.1,34.9,36,0.9,0.7,0.2,0.0,0.0,96,999.6,975.7,97,3760.0,6.3,14.8,new_delhi,2026-07-01T04:10:49.918268
2026-07-01T00:00,25.5,75,20.7,29.0,0,0.0,0.0,0.0,0.0,0.0,0,1011.4,1010.9,6,3880.0,4.6,11.5,jakarta,2026-07-01T04:11:27.572181
2026-07-01T01:00,27.1,67,20.5,30.4,0,0.0,0.0,0.0,0.0,0.0,0,1012.2,1011.7,3,8340.0,5.2,15.8,jakarta,2026-07-01T04:11:27.572181
2026-07-01T02:00,28.8,62,20.9,32.3,0,0.0,0.0,0.0,0.0,0.0,0,1012.4,1011.9,2,13700.0,4.9,18.7,jakarta,2026-07-01T04:11:27.572181
2026-07-01T03:00,30.0,60,21.3,34.7,0,0.0,0.0,0.0,0.0,0.0,1,1012.3,1011.8,47,13700.0,1.2,18.0,jakarta,2026-07-01T04:11:27.572181
2026-07-01T04:00,30.7,57,21.1,35.5,0,0.0,0.0,0.0,0.0,0.0,1,1011.8,1011.3,23,15240.0,4.8,19.1,jakarta,2026-07-01T04:11:27.572181
2026-07-01T05:00,30.9,58,21.5,35.6,0,0.0,0.0,0.0,0.0,0.0,0,1010.8,1010.3,13,15240.0,8.6,27.4,jakarta,2026-07-01T04:11:27.572181
2026-07-01T06:00,30.6,59,21.7,34.6,0,0.0,0.0,0.0,0.0,0.0,1,1010.1,1009.6,20,15240.0,13.3,37.1,jakarta,2026-07-01T04:11:27.572181
2026-07-01T07:00,29.9,61,21.6,32.7,3,0.0,0.0,0.0,0.0,0.0,0,1009.2,1008.7,6,12020.0,15.7,40.7,jakarta,2026-07-01T04:11:27.572181
2026-07-01T08:00,30.1,58,20.9,32.4,7,0.0,0.0,0.0,0.0,0.0,0,1008.5,1008.0,4,15260.0,13.3,41.0,jakarta,2026-07-01T04:11:27.572181
2026-07-01T09:00,29.8,59,21.1,32.5,10,0.0,0.0,0.0,0.0,0.0,0,1008.2,1007.7,6,15260.0,11.7,35.3,jakarta,2026-07-01T04:11:27.572181
2026-07-01T10:00,29.3,62,21.2,32.1,10,0.0,0.0,0.0,0.0,0.0,0,1008.2,1007.7,4,13720.0,11.2,31.0,jakarta,2026-07-01T04:11:27.572181
2026-07-01T11:00,28.7,66,21.7,31.9,8,0.0,0.0,0.0,0.0,0.0,0,1008.6,1008.1,0,13720.0,10.7,28.4,jakarta,2026-07-01T04:11:27.572181
2026-07-01T12:00,28.6,67,21.8,32.1,6,0.0,0.0,0.0,0.0,0.0,0,1009.0,1008.5,5,13720.0,8.6,25.2,jakarta,2026-07-01T04:11:27.572181
2026-07-01T13:00,28.3,66,21.4,31.7,5,0.0,0.0,0.0,0.0,0.0,0,1009.5,1009.0,8,13720.0,8.0,20.2,jakarta,2026-07-01T04:11:27.572181
2026-07-01T14:00,28.3,64,21.0,31.8,3,0.0,0.0,0.0,0.0,0.0,0,1010.7,1010.2,6,13740.0,5.9,17.3,jakarta,2026-07-01T04:11:27.572181
2026-07-01T15:00,28.0,66,21.1,31.8,2,0.0,0.0,0.0,0.0,0.0,0,1011.5,1011.0,8,13740.0,4.2,14.0,jakarta,2026-07-01T04:11:27.572181
2026-07-01T16:00,27.7,69,21.6,32.0,1,0.0,0.0,0.0,0.0,0.0,1,1011.9,1011.4,20,13740.0,2.4,9.7,jakarta,2026-07-01T04:11:27.572181
2026-07-01T17:00,27.4,72,21.8,31.8,0,0.0,0.0,0.0,0.0,0.0,1,1011.9,1011.4,38,13740.0,2.2,6.1,jakarta,2026-07-01T04:11:27.572181
2026-07-01T18:00,27.1,73,22.0,31.6,0,0.0,0.0,0.0,0.0,0.0,2,1011.2,1010.7,77,12180.0,2.4,6.1,jakarta,2026-07-01T04:11:27.572181
2026-07-01T19:00,26.8,74,21.8,31.2,0,0.0,0.0,0.0,0.0,0.0,0,1010.6,1010.1,5,10520.0,2.6,6.5,jakarta,2026-07-01T04:11:27.572181
2026-07-01T20:00,26.6,74,21.6,30.8,0,0.0,0.0,0.0,0.0,0.0,0,1010.2,1009.7,1,10920.0,2.8,6.5,jakarta,2026-07-01T04:11:27.572181
2026-07-01T21:00,26.3,75,21.4,30.4,0,0.0,0.0,0.0,0.0,0.0,0,1010.2,1009.7,9,10340.0,3.0,6.8,jakarta,2026-07-01T04:11:27.572181
2026-07-01T22:00,26.1,76,21.6,30.6,0,0.0,0.0,0.0,0.0,0.0,1,1010.4,1009.9,26,12200.0,1.0,6.5,jakarta,2026-07-01T04:11:27.572181
2026-07-01T23:00,25.8,76,21.3,30.2,0,0.0,0.0,0.0,0.0,0.0,2,1010.9,1010.4,62,12200.0,0.9,2.2,jakarta,2026-07-01T04:11:27.572181
2026-07-01T00:00,24.5,40,10.1,24.0,0,0.0,0.0,0.0,0.0,0.0,2,1004.9,880.2,53,43440.0,3.9,8.3,tehran,2026-07-01T04:11:30.074856
2026-07-01T01:00,23.9,39,9.1,23.2,0,0.0,0.0,0.0,0.0,0.0,2,1005.1,880.2,55,43800.0,3.5,7.2,tehran,2026-07-01T04:11:30.074856
2026-07-01T02:00,23.4,42,9.7,22.8,0,0.0,0.0,0.0,0.0,0.0,2,1005.2,880.0,60,44480.0,3.3,5.8,tehran,2026-07-01T04:11:30.074856
2026-07-01T03:00,24.2,43,10.9,24.0,0,0.0,0.0,0.0,0.0,0.0,2,1005.7,880.8,69,42560.0,3.3,11.2,tehran,2026-07-01T04:11:30.074856
2026-07-01T04:00,26.1,40,11.4,25.7,0,0.0,0.0,0.0,0.0,0.0,2,1005.7,881.5,52,42800.0,5.4,14.4,tehran,2026-07-01T04:11:30.074856
2026-07-01T05:00,27.9,36,11.4,27.2,0,0.0,0.0,0.0,0.0,0.0,2,1005.3,881.9,54,43480.0,7.5,19.4,tehran,2026-07-01T04:11:30.074856
2026-07-01T06:00,29.5,30,10.1,28.0,0,0.0,0.0,0.0,0.0,0.0,2,1004.9,882.1,56,45280.0,11.6,28.8,tehran,2026-07-01T04:11:30.074856
2026-07-01T07:00,30.4,29,10.4,29.7,0,0.0,0.0,0.0,0.0,0.0,2,1004.2,881.8,68,45780.0,12.6,31.0,tehran,2026-07-01T04:11:30.074856
2026-07-01T08:00,31.5,26,9.7,31.0,0,0.0,0.0,0.0,0.0,0.0,2,1003.4,881.5,57,47160.0,11.3,31.0,tehran,2026-07-01T04:11:30.074856
2026-07-01T09:00,32.7,22,8.2,32.8,0,0.0,0.0,0.0,0.0,0.0,1,1002.3,881.0,35,50120.0,10.2,28.1,tehran,2026-07-01T04:11:30.074856
2026-07-01T10:00,33.5,22,8.9,33.9,0,0.0,0.0,0.0,0.0,0.0,2,1001.3,880.4,58,50600.0,9.3,25.6,tehran,2026-07-01T04:11:30.074856
2026-07-01T11:00,33.8,21,8.4,33.0,0,0.0,0.0,0.0,0.0,0.0,2,1000.8,880.1,52,51520.0,9.4,23.8,tehran,2026-07-01T04:11:30.074856
2026-07-01T12:00,33.9,20,7.8,32.1,0,0.0,0.0,0.0,0.0,0.0,2,1000.6,880.0,60,53160.0,11.1,27.4,tehran,2026-07-01T04:11:30.074856
2026-07-01T13:00,33.4,21,8.1,30.9,10,0.0,0.0,0.0,0.0,0.0,2,1000.5,879.7,62,52060.0,14.2,33.5,tehran,2026-07-01T04:11:30.074856
2026-07-01T14:00,31.8,26,10.0,29.6,23,0.1,0.0,0.1,0.0,0.0,1,1001.4,879.9,40,48960.0,15.1,36.0,tehran,2026-07-01T04:11:30.074856
2026-07-01T15:00,30.5,28,10.0,29.2,8,0.0,0.0,0.0,0.0,0.0,3,1002.2,880.1,83,48020.0,8.9,34.2,tehran,2026-07-01T04:11:30.074856
2026-07-01T16:00,28.7,31,9.9,27.7,13,0.1,0.0,0.1,0.0,0.0,3,1003.1,880.2,83,46280.0,6.7,23.0,tehran,2026-07-01T04:11:30.074856
2026-07-01T17:00,27.5,33,9.8,26.6,13,0.0,0.0,0.0,0.0,0.0,1,1004.7,881.2,24,45960.0,5.9,14.4,tehran,2026-07-01T04:11:30.074856
2026-07-01T18:00,26.0,35,9.4,25.4,3,0.0,0.0,0.0,0.0,0.0,1,1006.1,881.8,5,45060.0,3.1,10.8,tehran,2026-07-01T04:11:30.074856
2026-07-01T19:00,24.6,40,10.1,23.9,0,0.0,0.0,0.0,0.0,0.0,1,1007.3,882.3,44,44060.0,4.8,6.1,tehran,2026-07-01T04:11:30.074856
2026-07-01T20:00,23.1,46,10.8,22.8,0,0.0,0.0,0.0,0.0,0.0,1,1007.9,882.3,26,41940.0,3.5,9.4,tehran,2026-07-01T04:11:30.074856
2026-07-01T21:00,22.3,44,9.5,21.8,0,0.0,0.0,0.0,0.0,0.0,1,1008.1,882.2,42,42580.0,3.1,11.5,tehran,2026-07-01T04:11:30.074856
2026-07-01T22:00,21.6,44,8.9,21.2,0,0.0,0.0,0.0,0.0,0.0,2,1008.4,882.2,61,43260.0,1.1,6.1,tehran,2026-07-01T04:11:30.074856
2026-07-01T23:00,21.3,40,7.1,20.1,0,0.0,0.0,0.0,0.0,0.0,2,1008.7,882.3,69,43220.0,2.9,6.8,tehran,2026-07-01T04:11:30.074856
2026-07-01T00:00,31.6,20,5.9,29.6,0,0.0,0.0,0.0,0.0,0.0,0,998.4,994.5,0,49440.0,6.5,15.5,baghdad,2026-07-01T04:12:47.954520
2026-07-01T01:00,31.4,23,7.8,29.7,0,0.0,0.0,0.0,0.0,0.0,0,998.6,994.7,0,41460.0,7.6,19.8,baghdad,2026-07-01T04:12:47.954520
2026-07-01T02:00,31.1,25,8.7,29.7,0,0.0,0.0,0.0,0.0,0.0,0,998.7,994.8,0,38260.0,7.1,20.2,baghdad,2026-07-01T04:12:47.954520
2026-07-01T03:00,30.8,29,10.7,30.0,0,0.0,0.0,0.0,0.0,0.0,0,999.1,995.2,0,38280.0,6.4,18.0,baghdad,2026-07-01T04:12:47.954520
2026-07-01T04:00,32.1,30,12.3,31.8,0,0.0,0.0,0.0,0.0,0.0,0,999.5,995.6,0,43920.0,7.0,18.7,baghdad,2026-07-01T04:12:47.954520
2026-07-01T05:00,34.5,27,12.8,34.1,0,0.0,0.0,0.0,0.0,0.0,0,999.7,995.8,0,48680.0,8.5,23.8,baghdad,2026-07-01T04:12:47.954520
2026-07-01T06:00,37.2,21,11.2,36.5,0,0.0,0.0,0.0,0.0,0.0,0,999.9,996.1,0,53220.0,10.1,28.4,baghdad,2026-07-01T04:12:47.954520
2026-07-01T07:00,39.5,17,10.0,39.3,0,0.0,0.0,0.0,0.0,0.0,0,999.6,995.8,0,56720.0,10.9,31.3,baghdad,2026-07-01T04:12:47.954520
2026-07-01T08:00,41.5,15,9.7,41.8,0,0.0,0.0,0.0,0.0,0.0,0,999.4,995.6,0,59860.0,11.7,33.5,baghdad,2026-07-01T04:12:47.954520
2026-07-01T09:00,43.2,12,7.7,43.2,0,0.0,0.0,0.0,0.0,0.0,0,998.6,994.8,0,64700.0,12.3,35.3,baghdad,2026-07-01T04:12:47.954520
2026-07-01T10:00,44.3,8,2.7,43.0,0,0.0,0.0,0.0,0.0,0.0,0,998.2,994.4,0,70620.0,13.6,38.2,baghdad,2026-07-01T04:12:47.954520
2026-07-01T11:00,44.5,8,2.8,42.9,0,0.0,0.0,0.0,0.0,0.0,0,998.0,994.3,0,72120.0,14.0,38.9,baghdad,2026-07-01T04:12:47.954520
2026-07-01T12:00,44.5,7,0.9,42.0,0,0.0,0.0,0.0,0.0,0.0,0,997.7,994.0,0,73180.0,13.7,38.5,baghdad,2026-07-01T04:12:47.954520
2026-07-01T13:00,44.0,7,0.6,40.7,0,0.0,0.0,0.0,0.0,0.0,0,997.4,993.6,0,73780.0,13.2,37.4,baghdad,2026-07-01T04:12:47.954520
2026-07-01T14:00,43.4,7,0.1,39.6,0,0.0,0.0,0.0,0.0,0.0,0,997.2,993.4,0,74380.0,11.7,35.6,baghdad,2026-07-01T04:12:47.954520
2026-07-01T15:00,42.3,9,2.9,39.1,0,0.0,0.0,0.0,0.0,0.0,0,997.2,993.4,0,70460.0,10.8,32.4,baghdad,2026-07-01T04:12:47.954520
2026-07-01T16:00,40.8,11,4.6,38.3,0,0.0,0.0,0.0,0.0,0.0,0,997.3,993.5,0,67900.0,8.3,29.2,baghdad,2026-07-01T04:12:47.954520
2026-07-01T17:00,38.9,13,5.5,36.9,0,0.0,0.0,0.0,0.0,0.0,0,997.7,993.9,0,65320.0,5.9,22.0,baghdad,2026-07-01T04:12:47.954520
2026-07-01T18:00,37.4,14,5.4,35.3,0,0.0,0.0,0.0,0.0,0.0,0,998.1,994.3,0,63420.0,6.6,15.5,baghdad,2026-07-01T04:12:47.954520
2026-07-01T19:00,36.4,15,5.6,34.3,0,0.0,0.0,0.0,0.0,0.0,0,998.1,994.3,0,62020.0,7.0,16.2,baghdad,2026-07-01T04:12:47.954520
2026-07-01T20:00,35.6,16,5.9,33.5,0,0.0,0.0,0.0,0.0,0.0,0,997.9,994.0,0,60680.0,7.4,18.0,baghdad,2026-07-01T04:12:47.954520
2026-07-01T21:00,34.8,19,7.8,33.1,0,0.0,0.0,0.0,0.0,0.0,0,997.5,993.6,0,57700.0,8.1,19.8,baghdad,2026-07-01T04:12:47.954520
2026-07-01T22:00,34.0,22,9.3,32.6,0,0.0,0.0,0.0,0.0,0.0,0,997.4,993.5,0,51940.0,8.2,19.8,baghdad,2026-07-01T04:12:47.954520
2026-07-01T23:00,33.6,23,9.6,32.3,0,0.0,0.0,0.0,0.0,0.0,0,997.7,993.8,0,50660.0,7.9,21.2,baghdad,2026-07-01T04:12:47.954520
2026-07-01T00:00,15.9,81,12.7,14.4,4,0.0,0.0,0.0,0.0,0.0,3,1022.8,1021.5,90,27080.0,16.2,34.2,dublin,2026-07-01T04:13:25.609454
2026-07-01T01:00,15.8,83,12.9,14.5,0,0.0,0.0,0.0,0.0,0.0,3,1023.1,1021.8,92,24000.0,15.1,32.0,dublin,2026-07-01T04:13:25.609454
2026-07-01T02:00,15.7,84,13.0,14.7,0,0.0,0.0,0.0,0.0,0.0,3,1023.4,1022.1,95,23140.0,13.3,28.1,dublin,2026-07-01T04:13:25.609454
2026-07-01T03:00,15.4,85,12.9,14.4,0,0.0,0.0,0.0,0.0,0.0,3,1023.6,1022.3,94,23300.0,13.0,27.4,dublin,2026-07-01T04:13:25.609454
2026-07-01T04:00,15.2,86,12.9,14.3,0,0.0,0.0,0.0,0.0,0.0,3,1024.0,1022.7,98,25100.0,12.6,26.3,dublin,2026-07-01T04:13:25.609454
2026-07-01T05:00,14.8,91,13.3,13.8,1,0.2,0.2,0.0,0.0,0.0,51,1024.5,1023.2,100,6900.0,13.7,28.1,dublin,2026-07-01T04:13:25.609454
2026-07-01T06:00,14.9,87,12.8,13.7,2,0.0,0.0,0.0,0.0,0.0,3,1024.9,1023.6,100,29000.0,14.0,29.9,dublin,2026-07-01T04:13:25.609454
2026-07-01T07:00,15.3,83,12.4,14.0,3,0.0,0.0,0.0,0.0,0.0,3,1025.3,1024.0,100,30420.0,13.7,28.4,dublin,2026-07-01T04:13:25.609454
2026-07-01T08:00,15.7,78,11.9,14.2,5,0.0,0.0,0.0,0.0,0.0,3,1025.5,1024.2,100,33340.0,14.4,30.6,dublin,2026-07-01T04:13:25.609454
2026-07-01T09:00,16.5,71,11.2,15.1,6,0.0,0.0,0.0,0.0,0.0,3,1025.2,1023.9,100,33640.0,12.2,26.3,dublin,2026-07-01T04:13:25.609454
2026-07-01T10:00,17.3,63,10.1,15.7,6,0.0,0.0,0.0,0.0,0.0,3,1025.2,1023.9,100,36100.0,11.2,24.8,dublin,2026-07-01T04:13:25.609454
2026-07-01T11:00,18.4,57,9.7,16.4,5,0.0,0.0,0.0,0.0,0.0,3,1024.7,1023.4,100,41960.0,13.0,29.2,dublin,2026-07-01T04:13:25.609454
2026-07-01T12:00,19.4,51,9.0,17.7,4,0.0,0.0,0.0,0.0,0.0,3,1024.4,1023.1,100,44120.0,14.8,32.4,dublin,2026-07-01T04:13:25.609454
2026-07-01T13:00,20.1,49,9.1,17.8,5,0.0,0.0,0.0,0.0,0.0,3,1023.8,1022.5,100,45180.0,15.8,35.6,dublin,2026-07-01T04:13:25.609454
2026-07-01T14:00,18.8,55,9.6,16.6,6,0.0,0.0,0.0,0.0,0.0,3,1023.0,1021.7,100,41840.0,14.8,32.4,dublin,2026-07-01T04:13:25.609454
2026-07-01T15:00,19.1,56,10.1,16.8,6,0.0,0.0,0.0,0.0,0.0,3,1022.1,1020.8,100,41260.0,15.8,34.2,dublin,2026-07-01T04:13:25.609454
2026-07-01T16:00,20.1,59,11.8,18.0,3,0.0,0.0,0.0,0.0,0.0,2,1020.7,1019.4,77,39880.0,17.6,37.4,dublin,2026-07-01T04:13:25.609454
2026-07-01T17:00,21.0,63,13.7,19.3,0,0.0,0.0,0.0,0.0,0.0,3,1019.4,1018.1,98,39000.0,20.2,42.8,dublin,2026-07-01T04:13:25.609454
2026-07-01T18:00,20.9,67,14.5,18.9,0,0.0,0.0,0.0,0.0,0.0,3,1018.5,1017.2,100,38820.0,23.8,50.8,dublin,2026-07-01T04:13:25.609454
2026-07-01T19:00,20.3,72,15.0,18.5,7,0.0,0.0,0.0,0.0,0.0,3,1017.7,1016.4,100,36440.0,23.4,50.0,dublin,2026-07-01T04:13:25.609454
2026-07-01T20:00,19.4,81,16.0,18.2,19,0.1,0.1,0.0,0.0,0.0,51,1017.9,1016.6,100,22400.0,22.3,47.2,dublin,2026-07-01T04:13:25.609454
2026-07-01T21:00,18.4,86,16.0,17.2,33,0.1,0.1,0.0,0.0,0.0,51,1018.1,1016.8,100,20260.0,22.3,46.8,dublin,2026-07-01T04:13:25.609454
2026-07-01T22:00,18.3,81,15.0,16.6,53,0.0,0.0,0.0,0.0,0.0,3,1018.1,1016.8,100,34780.0,23.0,48.2,dublin,2026-07-01T04:13:25.609454
2026-07-01T23:00,17.6,83,14.7,15.6,76,0.0,0.0,0.0,0.0,0.0,3,1018.2,1016.9,100,25080.0,24.5,51.8,dublin,2026-07-01T04:13:25.609454
2026-07-01T00:00,24.1,87,21.8,28.6,0,0.0,0.0,0.0,0.0,0.0,2,1009.1,1007.1,56,24640.0,2.5,7.9,Tel aviv,2026-07-01T04:13:28.104190
2026-07-01T01:00,23.9,88,21.8,28.1,0,0.0,0.0,0.0,0.0,0.0,2,1009.2,1007.2,59,22160.0,3.5,9.4,Tel aviv,2026-07-01T04:13:28.104190
2026-07-01T02:00,23.6,88,21.5,27.5,0,0.0,0.0,0.0,0.0,0.0,2,1009.3,1007.3,52,22220.0,4.5,11.2,Tel aviv,2026-07-01T04:13:28.104190
2026-07-01T03:00,23.4,86,20.9,27.0,0,0.0,0.0,0.0,0.0,0.0,2,1009.5,1007.5,59,24400.0,4.8,12.6,Tel aviv,2026-07-01T04:13:28.104190
2026-07-01T04:00,23.9,82,20.6,27.3,0,0.0,0.0,0.0,0.0,0.0,2,1009.7,1007.7,57,26320.0,5.2,14.8,Tel aviv,2026-07-01T04:13:28.104190
2026-07-01T05:00,25.2,75,20.5,28.4,0,0.0,0.0,0.0,0.0,0.0,2,1010.0,1008.0,61,31700.0,6.1,18.7,Tel aviv,2026-07-01T04:13:28.104190
2026-07-01T06:00,26.7,68,20.3,29.8,0,0.0,0.0,0.0,0.0,0.0,2,1010.1,1008.1,48,35520.0,6.5,19.4,Tel aviv,2026-07-01T04:13:28.104190
2026-07-01T07:00,28.2,61,20.0,31.5,0,0.0,0.0,0.0,0.0,0.0,2,1009.9,1008.0,49,38000.0,7.2,21.6,Tel aviv,2026-07-01T04:13:28.104190
2026-07-01T08:00,29.4,57,20.0,33.3,0,0.0,0.0,0.0,0.0,0.0,1,1009.6,1007.7,42,38940.0,8.7,25.9,Tel aviv,2026-07-01T04:13:28.104190
2026-07-01T09:00,30.1,55,20.0,34.4,0,0.0,0.0,0.0,0.0,0.0,1,1009.1,1007.2,32,39340.0,10.5,30.6,Tel aviv,2026-07-01T04:13:28.104190
2026-07-01T10:00,30.2,57,20.7,35.0,0,0.0,0.0,0.0,0.0,0.0,1,1009.1,1007.2,32,38520.0,11.9,35.3,Tel aviv,2026-07-01T04:13:28.104190
2026-07-01T11:00,30.2,57,20.7,34.6,0,0.0,0.0,0.0,0.0,0.0,1,1009.1,1007.2,33,38340.0,13.0,38.2,Tel aviv,2026-07-01T04:13:28.104190
2026-07-01T12:00,30.2,59,21.3,34.5,0,0.0,0.0,0.0,0.0,0.0,1,1008.7,1006.8,35,38060.0,13.1,38.9,Tel aviv,2026-07-01T04:13:28.104190
2026-07-01T13:00,29.7,63,21.9,33.6,0,0.0,0.0,0.0,0.0,0.0,1,1008.5,1006.6,30,37120.0,13.0,38.9,Tel aviv,2026-07-01T04:13:28.104190
2026-07-01T14:00,29.0,66,22.0,32.3,0,0.0,0.0,0.0,0.0,0.0,1,1008.3,1006.4,39,35940.0,11.7,37.4,Tel aviv,2026-07-01T04:13:28.104190
2026-07-01T15:00,28.4,68,21.9,31.7,0,0.0,0.0,0.0,0.0,0.0,1,1008.3,1006.4,42,35640.0,10.3,34.2,Tel aviv,2026-07-01T04:13:28.104190
2026-07-01T16:00,27.6,73,22.3,31.5,0,0.0,0.0,0.0,0.0,0.0,2,1008.4,1006.5,46,34120.0,8.6,28.8,Tel aviv,2026-07-01T04:13:28.104190
2026-07-01T17:00,26.8,78,22.7,31.1,0,0.0,0.0,0.0,0.0,0.0,2,1008.7,1006.7,55,31560.0,6.9,23.8,Tel aviv,2026-07-01T04:13:28.104190
2026-07-01T18:00,26.5,80,22.7,31.1,0,0.0,0.0,0.0,0.0,0.0,2,1009.2,1007.2,64,30220.0,4.8,18.4,Tel aviv,2026-07-01T04:13:28.104190
2026-07-01T19:00,26.3,79,22.4,31.1,0,0.0,0.0,0.0,0.0,0.0,2,1009.5,1007.5,66,30620.0,2.5,11.9,Tel aviv,2026-07-01T04:13:28.104190
2026-07-01T20:00,26.2,79,22.2,31.1,0,0.0,0.0,0.0,0.0,0.0,2,1009.4,1007.4,64,31900.0,1.1,4.3,Tel aviv,2026-07-01T04:13:28.104190
2026-07-01T21:00,25.9,80,22.2,30.7,0,0.0,0.0,0.0,0.0,0.0,2,1009.2,1007.2,67,31400.0,1.1,4.0,Tel aviv,2026-07-01T04:13:28.104190
2026-07-01T22:00,25.6,81,22.1,30.4,0,0.0,0.0,0.0,0.0,0.0,2,1008.9,1006.9,57,31100.0,1.1,4.0,Tel aviv,2026-07-01T04:13:28.104190
2026-07-01T23:00,25.3,82,22.0,29.9,0,0.0,0.0,0.0,0.0,0.0,2,1008.8,1006.8,55,30200.0,1.8,4.0,Tel aviv,2026-07-01T04:13:28.104190
2026-07-01T00:00,24.9,78,20.8,28.4,8,0.0,0.0,0.0,0.0,0.0,3,1013.5,1011.9,100,32920.0,5.8,11.5,bari,2026-07-01T04:13:30.571758
2026-07-01T01:00,24.7,73,19.5,27.5,3,0.0,0.0,0.0,0.0,0.0,3,1013.2,1011.6,100,35900.0,5.2,12.2,bari,2026-07-01T04:13:30.571758
2026-07-01T02:00,24.8,69,18.7,27.5,5,0.0,0.0,0.0,0.0,0.0,3,1012.5,1010.9,97,38060.0,4.1,11.2,bari,2026-07-01T04:13:30.571758
2026-07-01T03:00,24.9,65,17.9,26.9,0,0.0,0.0,0.0,0.0,0.0,2,1012.2,1010.6,71,39260.0,6.2,13.7,bari,2026-07-01T04:13:30.571758
2026-07-01T04:00,24.9,62,17.1,26.6,3,0.0,0.0,0.0,0.0,0.0,3,1012.2,1010.6,90,39860.0,6.1,13.0,bari,2026-07-01T04:13:30.571758
2026-07-01T05:00,26.4,53,16.0,27.6,0,0.0,0.0,0.0,0.0,0.0,3,1012.1,1010.5,90,41120.0,5.8,14.0,bari,2026-07-01T04:13:30.571758
2026-07-01T06:00,28.6,42,14.4,29.1,0,0.0,0.0,0.0,0.0,0.0,3,1012.0,1010.4,98,42620.0,6.1,14.8,bari,2026-07-01T04:13:30.571758
2026-07-01T07:00,30.4,37,14.1,30.5,3,0.0,0.0,0.0,0.0,0.0,2,1011.4,1009.8,70,43720.0,7.9,20.2,bari,2026-07-01T04:13:30.571758
2026-07-01T08:00,31.2,38,15.2,31.7,0,0.0,0.0,0.0,0.0,0.0,1,1011.6,1010.0,18,43020.0,11.0,27.4,bari,2026-07-01T04:13:30.571758
2026-07-01T09:00,32.0,37,15.5,33.3,0,0.0,0.0,0.0,0.0,0.0,1,1011.5,1009.9,1,43260.0,11.6,29.2,bari,2026-07-01T04:13:30.571758
2026-07-01T10:00,32.0,39,16.3,34.0,0,0.0,0.0,0.0,0.0,0.0,0,1011.8,1010.2,1,42500.0,12.4,33.1,bari,2026-07-01T04:13:30.571758
2026-07-01T11:00,32.8,35,15.3,35.0,3,0.0,0.0,0.0,0.0,0.0,0,1011.1,1009.5,16,43380.0,10.8,30.2,bari,2026-07-01T04:13:30.571758
2026-07-01T12:00,32.7,35,15.2,34.8,13,0.0,0.0,0.0,0.0,0.0,1,1010.8,1009.2,43,43760.0,10.5,32.0,bari,2026-07-01T04:13:30.571758
2026-07-01T13:00,32.5,37,15.9,34.6,0,0.0,0.0,0.0,0.0,0.0,0,1010.3,1008.7,6,43060.0,10.6,27.4,bari,2026-07-01T04:13:30.571758
2026-07-01T14:00,32.1,41,17.2,34.2,3,0.0,0.0,0.0,0.0,0.0,0,1009.7,1008.1,5,42240.0,10.8,27.7,bari,2026-07-01T04:13:30.571758
2026-07-01T15:00,31.5,46,18.5,33.4,3,0.0,0.0,0.0,0.0,0.0,0,1009.1,1007.5,0,41400.0,10.1,26.3,bari,2026-07-01T04:13:30.571758
2026-07-01T16:00,30.7,52,19.7,32.8,0,0.0,0.0,0.0,0.0,0.0,2,1008.9,1007.3,50,40480.0,10.8,24.8,bari,2026-07-01T04:13:30.571758
2026-07-01T17:00,29.6,60,21.0,32.6,3,0.0,0.0,0.0,0.0,0.0,3,1008.9,1007.3,99,39240.0,9.3,25.2,bari,2026-07-01T04:13:30.571758
2026-07-01T18:00,28.8,66,21.8,32.6,3,0.0,0.0,0.0,0.0,0.0,3,1009.0,1007.4,100,38100.0,6.6,18.4,bari,2026-07-01T04:13:30.571758
2026-07-01T19:00,28.0,70,22.0,32.4,0,0.0,0.0,0.0,0.0,0.0,1,1009.1,1007.5,54,36780.0,4.1,11.5,bari,2026-07-01T04:13:30.571758
2026-07-01T20:00,27.4,75,22.5,32.0,3,0.0,0.0,0.0,0.0,0.0,3,1009.0,1007.4,100,34840.0,4.0,9.4,bari,2026-07-01T04:13:30.571758
2026-07-01T21:00,27.0,74,21.9,31.3,0,0.0,0.0,0.0,0.0,0.0,3,1008.7,1007.1,100,35460.0,3.8,8.6,bari,2026-07-01T04:13:30.571758
2026-07-01T22:00,26.7,76,22.1,31.1,0,0.0,0.0,0.0,0.0,0.0,1,1008.3,1006.7,44,34680.0,3.4,8.3,bari,2026-07-01T04:13:30.571758
2026-07-01T23:00,26.6,70,20.7,29.9,0,0.0,0.0,0.0,0.0,0.0,2,1008.1,1006.5,27,37420.0,5.6,11.5,bari,2026-07-01T04:13:30.571758
2026-07-01T00:00,26.2,63,18.6,28.4,0,0.0,0.0,0.0,0.0,0.0,0,1015.6,1007.1,88,39300.0,6.6,14.4,bologna,2026-07-01T04:14:48.441317
2026-07-01T01:00,25.7,62,17.9,27.5,0,0.0,0.0,0.0,0.0,0.0,2,1014.9,1006.4,49,39720.0,6.8,14.4,bologna,2026-07-01T04:14:48.441317
2026-07-01T02:00,25.9,56,16.5,27.0,0,0.0,0.0,0.0,0.0,0.0,2,1014.2,1005.7,63,40680.0,8.0,16.9,bologna,2026-07-01T04:14:48.441317
2026-07-01T03:00,25.4,59,16.8,27.0,0,0.0,0.0,0.0,0.0,0.0,1,1014.0,1005.5,18,40240.0,5.6,17.3,bologna,2026-07-01T04:14:48.441317
2026-07-01T04:00,24.3,64,17.1,26.1,0,0.0,0.0,0.0,0.0,0.0,2,1014.1,1005.5,75,39140.0,5.2,10.8,bologna,2026-07-01T04:14:48.441317
2026-07-01T05:00,25.8,59,17.2,27.5,0,0.0,0.0,0.0,0.0,0.0,2,1014.2,1005.7,73,40340.0,5.8,13.3,bologna,2026-07-01T04:14:48.441317
2026-07-01T06:00,27.3,54,17.2,29.2,0,0.0,0.0,0.0,0.0,0.0,1,1013.8,1005.3,47,40780.0,4.1,11.9,bologna,2026-07-01T04:14:48.441317
2026-07-01T07:00,29.0,50,17.5,31.2,0,0.0,0.0,0.0,0.0,0.0,1,1013.2,1004.8,0,41240.0,3.4,11.2,bologna,2026-07-01T04:14:48.441317
2026-07-01T08:00,30.4,49,18.5,32.6,0,0.0,0.0,0.0,0.0,0.0,0,1013.0,1004.6,0,41260.0,6.6,16.9,bologna,2026-07-01T04:14:48.441317
2026-07-01T09:00,31.8,45,18.4,34.9,0,0.0,0.0,0.0,0.0,0.0,0,1012.8,1004.4,0,41660.0,6.6,19.8,bologna,2026-07-01T04:14:48.441317
2026-07-01T10:00,33.1,41,18.1,36.6,0,0.0,0.0,0.0,0.0,0.0,0,1012.2,1003.9,0,42320.0,7.7,20.5,bologna,2026-07-01T04:14:48.441317
2026-07-01T11:00,34.3,35,16.7,37.2,10,0.0,0.0,0.0,0.0,0.0,0,1011.2,1002.9,0,43780.0,9.6,24.5,bologna,2026-07-01T04:14:48.441317
2026-07-01T12:00,35.2,31,15.6,37.4,30,0.0,0.0,0.0,0.0,0.0,1,1010.1,1001.9,38,45420.0,11.3,28.1,bologna,2026-07-01T04:14:48.441317
2026-07-01T13:00,35.2,33,16.5,37.2,75,0.0,0.0,0.0,0.0,0.0,3,1009.6,1001.4,100,44940.0,5.6,28.1,bologna,2026-07-01T04:14:48.441317
2026-07-01T14:00,25.8,60,17.5,24.7,48,0.2,0.1,0.1,0.0,0.0,96,1010.1,1001.6,100,14420.0,25.9,70.6,bologna,2026-07-01T04:14:48.441317
2026-07-01T15:00,24.7,73,19.5,25.3,33,0.1,0.1,0.0,0.0,0.0,80,1010.9,1002.4,100,33320.0,20.4,52.2,bologna,2026-07-01T04:14:48.441317
2026-07-01T16:00,26.5,57,17.3,27.0,43,0.0,0.0,0.0,0.0,0.0,3,1009.4,1000.9,100,40300.0,14.6,42.1,bologna,2026-07-01T04:14:48.441317
2026-07-01T17:00,26.0,65,18.9,25.8,68,0.0,0.0,0.0,0.0,0.0,3,1011.5,1003.0,100,38140.0,23.8,45.4,bologna,2026-07-01T04:14:48.441317
2026-07-01T18:00,22.3,81,18.9,22.7,50,0.1,0.1,0.0,0.0,0.0,61,1013.3,1004.7,100,26620.0,20.5,62.3,bologna,2026-07-01T04:14:48.441317
2026-07-01T19:00,21.2,81,17.8,22.8,30,0.7,0.7,0.1,0.0,0.0,80,1013.1,1004.4,63,27560.0,8.1,43.9,bologna,2026-07-01T04:14:48.441317
2026-07-01T20:00,20.7,83,17.7,22.4,23,0.0,0.0,0.0,0.0,0.0,3,1013.3,1004.6,100,25740.0,7.8,20.2,bologna,2026-07-01T04:14:48.441317
2026-07-01T21:00,21.0,79,17.2,22.7,25,0.0,0.0,0.0,0.0,0.0,3,1012.8,1004.1,100,30440.0,5.6,19.8,bologna,2026-07-01T04:14:48.441317
2026-07-01T22:00,21.0,77,16.8,22.5,43,0.0,0.0,0.0,0.0,0.0,1,1012.7,1004.0,11,33620.0,5.9,15.8,bologna,2026-07-01T04:14:48.441317
2026-07-01T23:00,20.9,76,16.5,22.5,50,0.0,0.0,0.0,0.0,0.0,2,1013.0,1004.3,63,34020.0,4.3,12.6,bologna,2026-07-01T04:14:48.441317
2026-07-01T00:00,23.8,69,17.8,26.0,0,0.0,0.0,0.0,0.0,0.0,0,1015.8,1008.6,0,37200.0,4.2,10.1,florence,2026-07-01T04:16:06.269035
2026-07-01T01:00,22.8,73,17.8,25.0,0,0.0,0.0,0.0,0.0,0.0,0,1015.7,1008.5,0,35120.0,4.5,9.4,florence,2026-07-01T04:16:06.269035
2026-07-01T02:00,22.1,76,17.7,24.1,0,0.0,0.0,0.0,0.0,0.0,0,1015.2,1007.9,0,33220.0,4.9,9.7,florence,2026-07-01T04:16:06.269035
2026-07-01T03:00,21.5,78,17.5,23.6,0,0.0,0.0,0.0,0.0,0.0,0,1015.0,1007.7,0,31860.0,4.4,9.7,florence,2026-07-01T04:16:06.269035
2026-07-01T04:00,21.2,79,17.5,23.2,0,0.0,0.0,0.0,0.0,0.0,0,1015.0,1007.7,0,30900.0,4.7,9.4,florence,2026-07-01T04:16:06.269035
2026-07-01T05:00,22.0,80,18.4,24.7,0,0.0,0.0,0.0,0.0,0.0,0,1015.0,1007.7,0,30200.0,3.4,9.4,florence,2026-07-01T04:16:06.269035
2026-07-01T06:00,25.0,66,18.3,28.1,0,0.0,0.0,0.0,0.0,0.0,0,1014.6,1007.4,0,37760.0,0.0,7.2,florence,2026-07-01T04:16:06.269035
2026-07-01T07:00,26.7,59,18.1,29.5,0,0.0,0.0,0.0,0.0,0.0,0,1014.2,1007.1,0,39620.0,1.3,5.8,florence,2026-07-01T04:16:06.269035
2026-07-01T08:00,28.3,56,18.7,31.1,0,0.0,0.0,0.0,0.0,0.0,0,1014.0,1006.9,0,40140.0,3.7,11.2,florence,2026-07-01T04:16:06.269035
2026-07-01T09:00,29.9,52,19.0,33.3,0,0.0,0.0,0.0,0.0,0.0,0,1014.1,1007.0,0,40560.0,6.1,15.1,florence,2026-07-01T04:16:06.269035
2026-07-01T10:00,31.6,48,19.3,35.5,0,0.0,0.0,0.0,0.0,0.0,0,1013.5,1006.5,0,41020.0,8.0,19.1,florence,2026-07-01T04:16:06.269035
2026-07-01T11:00,33.0,44,19.1,37.0,3,0.0,0.0,0.0,0.0,0.0,0,1012.6,1005.6,0,41620.0,9.3,22.3,florence,2026-07-01T04:16:06.269035
2026-07-01T12:00,33.8,44,19.9,37.4,15,0.0,0.0,0.0,0.0,0.0,1,1011.7,1004.7,9,41460.0,14.3,27.4,florence,2026-07-01T04:16:06.269035
2026-07-01T13:00,34.1,41,19.0,36.8,25,0.0,0.0,0.0,0.0,0.0,1,1010.8,1003.9,13,42040.0,15.5,32.4,florence,2026-07-01T04:16:06.269035
2026-07-01T14:00,34.0,40,18.5,36.1,25,0.0,0.0,0.0,0.0,0.0,0,1010.3,1003.4,2,42280.0,15.5,33.5,florence,2026-07-01T04:16:06.269035
2026-07-01T15:00,33.3,42,18.7,34.8,25,0.0,0.0,0.0,0.0,0.0,1,1009.7,1002.7,6,41980.0,15.2,34.2,florence,2026-07-01T04:16:06.269035
2026-07-01T16:00,32.2,47,19.5,33.7,23,0.0,0.0,0.0,0.0,0.0,0,1009.5,1002.5,0,41340.0,14.9,33.5,florence,2026-07-01T04:16:06.269035
2026-07-01T17:00,31.7,48,19.4,33.6,8,0.0,0.0,0.0,0.0,0.0,1,1009.5,1002.5,22,41240.0,11.7,32.4,florence,2026-07-01T04:16:06.269035
2026-07-01T18:00,30.8,51,19.5,33.4,10,0.0,0.0,0.0,0.0,0.0,2,1009.9,1002.9,50,41040.0,6.9,24.8,florence,2026-07-01T04:16:06.269035
2026-07-01T19:00,24.7,73,19.5,26.9,18,0.0,0.0,0.0,0.0,0.0,3,1011.9,1004.7,95,33260.0,9.9,22.0,florence,2026-07-01T04:16:06.269035
2026-07-01T20:00,24.2,75,19.5,27.1,30,0.1,0.0,0.1,0.0,0.0,80,1011.6,1004.4,50,33400.0,5.4,20.9,florence,2026-07-01T04:16:06.269035
2026-07-01T21:00,23.8,79,20.0,27.5,40,0.0,0.0,0.0,0.0,0.0,1,1011.3,1004.1,6,30320.0,1.3,10.8,florence,2026-07-01T04:16:06.269035
2026-07-01T22:00,23.4,83,20.3,27.0,48,0.0,0.0,0.0,0.0,0.0,0,1011.2,1004.0,0,27240.0,2.7,5.8,florence,2026-07-01T04:16:06.269035
2026-07-01T23:00,23.0,82,19.8,26.5,38,0.0,0.0,0.0,0.0,0.0,3,1011.5,1004.3,92,28760.0,2.0,5.8,florence,2026-07-01T04:16:06.269035
2026-07-01T00:00,24.7,74,19.8,27.6,0,0.0,0.0,0.0,0.0,0.0,0,1015.6,1010.7,100,35200.0,6.3,11.2,genoa,2026-07-01T04:16:08.737235
2026-07-01T01:00,24.4,75,19.7,27.4,0,0.0,0.0,0.0,0.0,0.0,0,1015.1,1010.2,0,34580.0,5.3,13.0,genoa,2026-07-01T04:16:08.737235
2026-07-01T02:00,23.9,79,20.1,27.1,0,0.0,0.0,0.0,0.0,0.0,0,1014.6,1009.7,0,32100.0,4.9,11.5,genoa,2026-07-01T04:16:08.737235
2026-07-01T03:00,24.0,79,20.1,27.1,0,0.0,0.0,0.0,0.0,0.0,0,1014.8,1009.9,0,31920.0,5.2,12.2,genoa,2026-07-01T04:16:08.737235
2026-07-01T04:00,23.8,80,20.1,26.9,0,0.0,0.0,0.0,0.0,0.0,0,1014.7,1009.8,7,31000.0,5.3,12.2,genoa,2026-07-01T04:16:08.737235
2026-07-01T05:00,23.9,81,20.5,27.3,0,0.0,0.0,0.0,0.0,0.0,0,1014.3,1009.4,0,30760.0,5.0,12.6,genoa,2026-07-01T04:16:08.737235
2026-07-01T06:00,25.2,80,21.5,29.6,0,0.0,0.0,0.0,0.0,0.0,1,1014.2,1009.3,38,31740.0,2.3,10.8,genoa,2026-07-01T04:16:08.737235
2026-07-01T07:00,26.9,63,19.3,30.4,0,0.0,0.0,0.0,0.0,0.0,1,1014.0,1009.2,19,39600.0,0.4,5.8,genoa,2026-07-01T04:16:08.737235
2026-07-01T08:00,27.6,60,19.2,30.6,0,0.0,0.0,0.0,0.0,0.0,1,1014.1,1009.3,43,40140.0,3.2,9.4,genoa,2026-07-01T04:16:08.737235
2026-07-01T09:00,28.1,61,19.9,31.6,0,0.0,0.0,0.0,0.0,0.0,1,1014.0,1009.2,23,39700.0,6.3,16.9,genoa,2026-07-01T04:16:08.737235
2026-07-01T10:00,28.1,73,22.8,33.6,3,0.0,0.0,0.0,0.0,0.0,2,1013.9,1009.1,44,34660.0,7.9,20.5,genoa,2026-07-01T04:16:08.737235
2026-07-01T11:00,28.2,77,23.8,33.8,15,0.0,0.0,0.0,0.0,0.0,2,1013.5,1008.7,85,30840.0,8.8,22.7,genoa,2026-07-01T04:16:08.737235
2026-07-01T12:00,28.2,77,23.8,33.3,35,0.0,0.0,0.0,0.0,0.0,3,1012.6,1007.8,89,30760.0,8.2,21.2,genoa,2026-07-01T04:16:08.737235
2026-07-01T13:00,28.4,75,23.5,34.0,48,0.0,0.0,0.0,0.0,0.0,2,1011.8,1007.0,77,32720.0,8.8,23.4,genoa,2026-07-01T04:16:08.737235
2026-07-01T14:00,28.5,71,22.7,32.9,50,0.0,0.0,0.0,0.0,0.0,3,1011.5,1006.7,87,35320.0,7.2,23.4,genoa,2026-07-01T04:16:08.737235
2026-07-01T15:00,28.1,74,23.1,32.9,60,0.0,0.0,0.0,0.0,0.0,80,1010.5,1005.7,100,34120.0,5.1,20.2,genoa,2026-07-01T04:16:08.737235
2026-07-01T16:00,23.6,70,17.8,24.5,20,3.1,2.8,0.2,0.0,0.0,95,1011.0,1006.1,100,8400.0,13.7,54.7,genoa,2026-07-01T04:16:08.737235
2026-07-01T17:00,25.4,64,18.1,27.2,5,0.2,0.2,0.0,0.0,0.0,95,1011.4,1006.6,100,39180.0,7.9,39.6,genoa,2026-07-01T04:16:08.737235
2026-07-01T18:00,24.9,64,17.6,27.3,0,0.0,0.0,0.0,0.0,0.0,3,1011.5,1006.6,100,39220.0,2.1,24.5,genoa,2026-07-01T04:16:08.737235
2026-07-01T19:00,24.7,72,19.3,27.6,0,0.0,0.0,0.0,0.0,0.0,3,1011.4,1006.5,100,36460.0,4.4,11.9,genoa,2026-07-01T04:16:08.737235
2026-07-01T20:00,25.7,53,15.4,26.2,0,0.0,0.0,0.0,0.0,0.0,3,1011.6,1006.8,70,41220.0,9.1,19.4,genoa,2026-07-01T04:16:08.737235
2026-07-01T21:00,25.1,53,14.8,24.6,0,0.0,0.0,0.0,0.0,0.0,3,1011.8,1006.9,100,41180.0,14.1,32.8,genoa,2026-07-01T04:16:08.737235
2026-07-01T22:00,24.7,57,15.6,24.3,0,0.0,0.0,0.0,0.0,0.0,2,1011.9,1007.0,100,40640.0,15.5,35.6,genoa,2026-07-01T04:16:08.737235
2026-07-01T23:00,24.4,59,15.9,24.4,0,0.0,0.0,0.0,0.0,0.0,1,1011.8,1006.9,0,40300.0,13.7,38.2,genoa,2026-07-01T04:16:08.737235
2026-07-01T00:00,25.4,72,19.9,28.2,0,0.0,0.0,0.0,0.0,0.0,2,1015.6,999.6,70,37000.0,6.6,16.6,milan,2026-07-01T04:16:11.227174
2026-07-01T01:00,24.7,74,19.8,27.7,0,0.0,0.0,0.0,0.0,0.0,1,1014.9,998.9,45,36040.0,5.3,14.0,milan,2026-07-01T04:16:11.227174
2026-07-01T02:00,24.4,76,19.9,27.5,0,0.0,0.0,0.0,0.0,0.0,1,1014.5,998.5,32,34960.0,4.9,9.0,milan,2026-07-01T04:16:11.227174
2026-07-01T03:00,24.0,79,20.1,27.3,0,0.0,0.0,0.0,0.0,0.0,2,1014.6,998.5,56,32900.0,4.2,9.0,milan,2026-07-01T04:16:11.227174
2026-07-01T04:00,23.9,81,20.5,27.7,0,0.0,0.0,0.0,0.0,0.0,2,1014.2,998.1,48,32600.0,2.1,9.4,milan,2026-07-01T04:16:11.227174
2026-07-01T05:00,24.3,81,20.8,27.8,0,0.0,0.0,0.0,0.0,0.0,1,1014.2,998.2,52,31480.0,4.8,9.0,milan,2026-07-01T04:16:11.227174
2026-07-01T06:00,25.3,77,20.9,29.1,0,0.0,0.0,0.0,0.0,0.0,1,1013.6,997.6,33,33560.0,3.2,7.9,milan,2026-07-01T04:16:11.227174
2026-07-01T07:00,26.6,71,20.9,30.3,0,0.0,0.0,0.0,0.0,0.0,2,1013.5,997.6,82,36440.0,4.7,10.1,milan,2026-07-01T04:16:11.227174
2026-07-01T08:00,27.7,66,20.8,31.5,0,0.0,0.0,0.0,0.0,0.0,3,1013.2,997.4,85,38580.0,2.9,9.7,milan,2026-07-01T04:16:11.227174
2026-07-01T09:00,29.3,60,20.7,32.7,5,0.0,0.0,0.0,0.0,0.0,2,1013.2,997.4,46,39780.0,5.8,13.0,milan,2026-07-01T04:16:11.227174
2026-07-01T10:00,30.8,54,20.4,34.6,13,0.0,0.0,0.0,0.0,0.0,2,1012.9,997.2,60,40780.0,7.6,16.6,milan,2026-07-01T04:16:11.227174
2026-07-01T11:00,31.1,48,18.8,33.1,43,0.0,0.0,0.0,0.0,0.0,2,1012.3,996.6,80,41640.0,8.8,24.5,milan,2026-07-01T04:16:11.227174
2026-07-01T12:00,32.6,41,17.6,34.5,50,0.0,0.0,0.0,0.0,0.0,2,1011.2,995.6,74,42800.0,11.1,22.7,milan,2026-07-01T04:16:11.227174
2026-07-01T13:00,30.7,41,15.9,28.8,30,0.0,0.0,0.0,0.0,0.0,3,1011.0,995.3,96,42640.0,26.5,46.8,milan,2026-07-01T04:16:11.227174
2026-07-01T14:00,30.9,33,12.7,29.2,28,0.0,0.0,0.0,0.0,0.0,80,1010.6,995.0,100,45840.0,17.2,47.5,milan,2026-07-01T04:16:11.227174
2026-07-01T15:00,30.8,31,11.7,29.1,18,0.0,0.0,0.0,0.0,0.0,3,1009.4,993.8,100,47020.0,15.0,33.5,milan,2026-07-01T04:16:11.227174
2026-07-01T16:00,31.5,24,8.5,28.6,8,0.0,0.0,0.0,0.0,0.0,3,1010.1,994.5,100,52160.0,16.6,33.8,milan,2026-07-01T04:16:11.227174
2026-07-01T17:00,27.1,63,19.5,27.7,0,0.0,0.0,0.0,0.0,0.0,3,1010.8,995.0,100,38840.0,20.7,37.8,milan,2026-07-01T04:16:11.227174
2026-07-01T18:00,24.7,66,17.9,26.0,0,0.0,0.0,0.0,0.0,0.0,3,1012.1,996.1,100,38160.0,10.6,43.2,milan,2026-07-01T04:16:11.227174
2026-07-01T19:00,24.9,65,17.8,27.4,0,0.0,0.0,0.0,0.0,0.0,3,1013.1,997.1,100,39340.0,1.8,18.0,milan,2026-07-01T04:16:11.227174
2026-07-01T20:00,23.8,69,17.8,25.4,0,0.0,0.0,0.0,0.0,0.0,2,1013.5,997.4,58,37800.0,8.5,16.9,milan,2026-07-01T04:16:11.227174
2026-07-01T21:00,23.3,70,17.5,25.6,0,0.0,0.0,0.0,0.0,0.0,2,1013.7,997.6,100,38100.0,2.9,13.0,milan,2026-07-01T04:16:11.227174
2026-07-01T22:00,23.0,73,17.9,25.7,0,0.0,0.0,0.0,0.0,0.0,2,1013.4,997.3,7,37420.0,1.5,4.7,milan,2026-07-01T04:16:11.227174
2026-07-01T23:00,22.3,77,18.1,24.5,0,0.0,0.0,0.0,0.0,0.0,1,1013.1,997.0,0,35040.0,4.9,8.6,milan,2026-07-01T04:16:11.227174
2026-07-01T00:00,25.5,76,21.0,29.3,0,0.0,0.0,0.0,0.0,0.0,0,1014.4,1012.0,4,34020.0,4.1,8.6,naples,2026-07-01T04:16:13.686432
2026-07-01T01:00,25.1,79,21.2,29.0,0,0.0,0.0,0.0,0.0,0.0,0,1014.1,1011.7,4,32420.0,4.4,7.9,naples,2026-07-01T04:16:13.686432
2026-07-01T02:00,24.9,79,21.0,28.7,0,0.0,0.0,0.0,0.0,0.0,0,1013.3,1010.9,5,32000.0,4.0,7.9,naples,2026-07-01T04:16:13.686432
2026-07-01T03:00,24.8,76,20.3,28.3,0,0.0,0.0,0.0,0.0,0.0,0,1013.0,1010.6,8,33840.0,3.5,7.9,naples,2026-07-01T04:16:13.686432
2026-07-01T04:00,24.5,74,19.6,27.7,0,0.0,0.0,0.0,0.0,0.0,1,1013.0,1010.6,30,35600.0,3.0,7.2,naples,2026-07-01T04:16:13.686432
2026-07-01T05:00,24.9,72,19.5,28.1,0,0.0,0.0,0.0,0.0,0.0,1,1013.0,1010.6,20,36080.0,3.1,6.5,naples,2026-07-01T04:16:13.686432
2026-07-01T06:00,27.1,61,18.9,30.1,0,0.0,0.0,0.0,0.0,0.0,3,1013.0,1010.6,90,40520.0,1.6,6.8,naples,2026-07-01T04:16:13.686432
2026-07-01T07:00,29.0,55,19.1,32.2,0,0.0,0.0,0.0,0.0,0.0,3,1012.6,1010.2,100,40680.0,1.3,5.0,naples,2026-07-01T04:16:13.686432
2026-07-01T08:00,30.5,49,18.5,33.2,0,0.0,0.0,0.0,0.0,0.0,3,1012.8,1010.4,100,41420.0,3.0,8.6,naples,2026-07-01T04:16:13.686432
2026-07-01T09:00,31.8,47,19.1,35.0,0,0.0,0.0,0.0,0.0,0.0,3,1012.7,1010.3,99,41480.0,6.6,16.2,naples,2026-07-01T04:16:13.686432
2026-07-01T10:00,32.7,48,20.3,36.9,0,0.0,0.0,0.0,0.0,0.0,3,1012.7,1010.3,69,41240.0,9.5,24.1,naples,2026-07-01T04:16:13.686432
2026-07-01T11:00,32.7,52,21.6,37.4,0,0.0,0.0,0.0,0.0,0.0,1,1012.1,1009.7,20,40600.0,13.0,31.7,naples,2026-07-01T04:16:13.686432
2026-07-01T12:00,32.6,57,22.9,37.7,5,0.0,0.0,0.0,0.0,0.0,2,1011.7,1009.3,54,40260.0,14.3,35.3,naples,2026-07-01T04:16:13.686432
2026-07-01T13:00,32.5,59,23.5,37.7,3,0.0,0.0,0.0,0.0,0.0,3,1011.4,1009.0,88,40060.0,13.7,34.9,naples,2026-07-01T04:16:13.686432
2026-07-01T14:00,32.3,55,22.1,36.2,8,0.0,0.0,0.0,0.0,0.0,3,1011.0,1008.6,100,40940.0,12.8,34.2,naples,2026-07-01T04:16:13.686432
2026-07-01T15:00,31.9,50,20.2,34.3,5,0.0,0.0,0.0,0.0,0.0,3,1010.7,1008.3,100,41100.0,10.5,32.8,naples,2026-07-01T04:16:13.686432
2026-07-01T16:00,31.1,53,20.4,33.5,3,0.0,0.0,0.0,0.0,0.0,3,1010.8,1008.4,100,41340.0,11.1,27.4,naples,2026-07-01T04:16:13.686432
2026-07-01T17:00,30.2,59,21.3,33.6,0,0.0,0.0,0.0,0.0,0.0,3,1010.8,1008.4,100,40080.0,7.6,26.6,naples,2026-07-01T04:16:13.686432
2026-07-01T18:00,29.3,64,21.8,32.9,0,0.0,0.0,0.0,0.0,0.0,3,1010.8,1008.4,100,39180.0,8.1,20.2,naples,2026-07-01T04:16:13.686432
2026-07-01T19:00,28.1,73,22.8,32.2,0,0.0,0.0,0.0,0.0,0.0,3,1010.7,1008.3,100,36080.0,8.5,20.2,naples,2026-07-01T04:16:13.686432
2026-07-01T20:00,27.4,79,23.4,32.5,0,0.0,0.0,0.0,0.0,0.0,3,1011.0,1008.6,72,33120.0,4.7,19.4,naples,2026-07-01T04:16:13.686432
2026-07-01T21:00,26.9,85,24.1,32.2,0,0.0,0.0,0.0,0.0,0.0,1,1011.0,1008.6,34,27500.0,5.4,12.2,naples,2026-07-01T04:16:13.686432
2026-07-01T22:00,26.6,89,24.6,32.1,0,0.0,0.0,0.0,0.0,0.0,2,1010.9,1008.5,55,22300.0,6.2,14.4,naples,2026-07-01T04:16:13.686432
2026-07-01T23:00,26.6,89,24.6,32.1,0,0.0,0.0,0.0,0.0,0.0,2,1010.7,1008.3,65,21540.0,6.2,15.1,naples,2026-07-01T04:16:13.686432
2026-07-01T00:00,26.5,73,21.3,31.0,0,0.0,0.0,0.0,0.0,0.0,0,1014.4,1009.6,0,37180.0,0.7,2.5,rome,2026-07-01T04:16:51.317529
2026-07-01T01:00,26.2,71,20.6,30.1,0,0.0,0.0,0.0,0.0,0.0,0,1014.3,1009.5,0,37480.0,2.2,4.3,rome,2026-07-01T04:16:51.317529
2026-07-01T02:00,25.8,70,20.0,29.4,0,0.0,0.0,0.0,0.0,0.0,0,1013.4,1008.6,0,37820.0,2.3,5.4,rome,2026-07-01T04:16:51.317529
2026-07-01T03:00,25.3,70,19.4,28.5,0,0.0,0.0,0.0,0.0,0.0,0,1013.2,1008.3,0,37900.0,2.4,5.4,rome,2026-07-01T04:16:51.317529
2026-07-01T04:00,24.8,72,19.5,28.1,0,0.0,0.0,0.0,0.0,0.0,0,1013.2,1008.3,0,37200.0,2.6,5.8,rome,2026-07-01T04:16:51.317529
2026-07-01T05:00,25.1,71,19.5,28.4,0,0.0,0.0,0.0,0.0,0.0,0,1013.2,1008.3,0,36940.0,2.5,6.5,rome,2026-07-01T04:16:51.317529
2026-07-01T06:00,26.6,62,18.8,29.4,0,0.0,0.0,0.0,0.0,0.0,0,1013.2,1008.4,0,39060.0,3.3,9.0,rome,2026-07-01T04:16:51.317529
2026-07-01T07:00,28.9,49,17.2,31.0,0,0.0,0.0,0.0,0.0,0.0,0,1012.8,1008.0,0,41280.0,3.3,10.1,rome,2026-07-01T04:16:51.317529
2026-07-01T08:00,31.5,38,15.5,33.0,0,0.0,0.0,0.0,0.0,0.0,0,1012.7,1007.9,0,42860.0,3.1,10.1,rome,2026-07-01T04:16:51.317529
2026-07-01T09:00,33.6,35,16.1,35.9,0,0.0,0.0,0.0,0.0,0.0,0,1012.5,1007.8,0,44120.0,6.1,16.6,rome,2026-07-01T04:16:51.317529
2026-07-01T10:00,35.1,38,18.7,38.4,0,0.0,0.0,0.0,0.0,0.0,0,1012.2,1007.5,0,42640.0,10.2,25.2,rome,2026-07-01T04:16:51.317529
2026-07-01T11:00,36.1,25,13.0,37.0,0,0.0,0.0,0.0,0.0,0.0,0,1011.5,1006.8,0,48420.0,13.9,33.8,rome,2026-07-01T04:16:51.317529
2026-07-01T12:00,36.0,26,13.5,36.6,0,0.0,0.0,0.0,0.0,0.0,0,1011.1,1006.4,0,48000.0,17.1,40.7,rome,2026-07-01T04:16:51.317529
2026-07-01T13:00,35.5,30,15.3,36.3,0,0.0,0.0,0.0,0.0,0.0,0,1010.7,1006.0,0,45320.0,18.1,42.8,rome,2026-07-01T04:16:51.317529
2026-07-01T14:00,35.0,33,16.4,35.9,0,0.0,0.0,0.0,0.0,0.0,0,1010.0,1005.3,0,44360.0,17.6,42.5,rome,2026-07-01T04:16:51.317529
2026-07-01T15:00,34.1,37,17.3,34.6,0,0.0,0.0,0.0,0.0,0.0,0,1009.5,1004.8,0,43100.0,17.8,42.1,rome,2026-07-01T04:16:51.317529
2026-07-01T16:00,33.0,34,15.1,32.2,0,0.0,0.0,0.0,0.0,0.0,0,1009.5,1004.8,0,44320.0,17.1,42.1,rome,2026-07-01T04:16:51.317529
2026-07-01T17:00,31.8,41,17.0,32.3,0,0.0,0.0,0.0,0.0,0.0,0,1009.7,1005.0,0,42540.0,13.6,39.6,rome,2026-07-01T04:16:51.317529
2026-07-01T18:00,30.3,54,20.0,32.6,0,0.0,0.0,0.0,0.0,0.0,1,1009.9,1005.1,10,40740.0,11.0,31.7,rome,2026-07-01T04:16:51.317529
2026-07-01T19:00,28.7,69,22.4,32.4,0,0.0,0.0,0.0,0.0,0.0,0,1010.0,1005.2,12,37000.0,10.4,25.6,rome,2026-07-01T04:16:51.317529
2026-07-01T20:00,27.5,79,23.6,32.0,0,0.0,0.0,0.0,0.0,0.0,1,1010.2,1005.4,22,30900.0,9.7,23.4,rome,2026-07-01T04:16:51.317529
2026-07-01T21:00,26.9,85,24.2,32.0,0,0.0,0.0,0.0,0.0,0.0,2,1010.1,1005.3,53,25240.0,7.8,22.3,rome,2026-07-01T04:16:51.317529
2026-07-01T22:00,26.8,81,23.3,31.8,3,0.0,0.0,0.0,0.0,0.0,1,1010.2,1005.4,34,29900.0,4.7,17.6,rome,2026-07-01T04:16:51.317529
2026-07-01T23:00,26.4,83,23.3,31.3,5,0.0,0.0,0.0,0.0,0.0,2,1009.8,1005.0,59,27720.0,5.6,12.2,rome,2026-07-01T04:16:51.317529
2026-07-01T00:00,25.9,65,18.8,28.5,0,0.0,0.0,0.0,0.0,0.0,2,1016.3,988.8,48,38680.0,4.0,10.8,turin,2026-07-01T04:18:54.299942
2026-07-01T01:00,25.9,62,18.1,28.4,0,0.0,0.0,0.0,0.0,0.0,1,1015.6,988.1,32,39780.0,3.0,9.0,turin,2026-07-01T04:18:54.299942
2026-07-01T02:00,25.2,67,18.6,27.7,0,0.0,0.0,0.0,0.0,0.0,1,1015.4,987.8,27,38240.0,4.2,10.1,turin,2026-07-01T04:18:54.299942
2026-07-01T03:00,24.3,73,19.2,27.3,0,0.0,0.0,0.0,0.0,0.0,0,1015.1,987.5,2,35640.0,3.3,9.7,turin,2026-07-01T04:18:54.299942
2026-07-01T04:00,23.5,78,19.4,26.4,0,0.0,0.0,0.0,0.0,0.0,1,1015.2,987.5,31,30740.0,4.2,10.1,turin,2026-07-01T04:18:54.299942
2026-07-01T05:00,23.9,74,18.9,26.8,0,0.0,0.0,0.0,0.0,0.0,1,1014.8,987.1,26,34740.0,2.9,8.6,turin,2026-07-01T04:18:54.299942
2026-07-01T06:00,24.9,70,19.0,27.8,0,0.0,0.0,0.0,0.0,0.0,0,1014.3,986.7,0,36360.0,3.1,8.3,turin,2026-07-01T04:18:54.299942
2026-07-01T07:00,26.5,62,18.6,29.3,0,0.0,0.0,0.0,0.0,0.0,1,1014.0,986.6,11,38840.0,2.8,9.7,turin,2026-07-01T04:18:54.299942
2026-07-01T08:00,28.9,49,17.1,30.9,5,0.0,0.0,0.0,0.0,0.0,1,1013.7,986.5,38,41160.0,3.2,10.8,turin,2026-07-01T04:18:54.299942
2026-07-01T09:00,31.2,39,15.6,33.4,5,0.0,0.0,0.0,0.0,0.0,2,1013.4,986.4,47,42660.0,1.5,9.7,turin,2026-07-01T04:18:54.299942
2026-07-01T10:00,32.6,34,14.7,34.9,5,0.0,0.0,0.0,0.0,0.0,2,1012.9,986.1,67,44060.0,2.1,9.4,turin,2026-07-01T04:18:54.299942
2026-07-01T11:00,33.8,37,17.1,37.4,35,0.0,0.0,0.0,0.0,0.0,1,1011.8,985.1,40,42900.0,5.1,9.4,turin,2026-07-01T04:18:54.299942
2026-07-01T12:00,33.9,38,17.6,36.8,58,0.0,0.0,0.0,0.0,0.0,2,1011.1,984.4,63,42620.0,8.6,15.1,turin,2026-07-01T04:18:54.299942
2026-07-01T13:00,24.2,54,14.3,22.9,58,3.9,3.8,0.2,0.0,0.0,99,1014.1,986.5,100,680.0,18.9,51.8,turin,2026-07-01T04:18:54.299942
2026-07-01T14:00,25.5,46,13.0,26.0,70,24.8,24.8,0.0,0.0,0.0,96,1012.6,985.1,100,42040.0,3.1,70.9,turin,2026-07-01T04:18:54.299942
2026-07-01T15:00,26.5,52,15.8,27.9,40,0.0,0.0,0.0,0.0,0.0,0,1012.1,984.7,0,41060.0,6.6,18.0,turin,2026-07-01T04:18:54.299942
2026-07-01T16:00,27.4,49,15.7,28.1,40,0.0,0.0,0.0,0.0,0.0,0,1011.8,984.5,0,41400.0,8.0,19.8,turin,2026-07-01T04:18:54.299942
2026-07-01T17:00,27.6,46,14.9,28.2,15,0.0,0.0,0.0,0.0,0.0,1,1011.9,984.6,39,41760.0,6.9,21.6,turin,2026-07-01T04:18:54.299942
2026-07-01T18:00,26.7,50,15.4,27.1,0,0.0,0.0,0.0,0.0,0.0,2,1012.3,984.9,77,41180.0,9.3,23.4,turin,2026-07-01T04:18:54.299942
2026-07-01T19:00,25.4,59,16.8,26.5,0,0.0,0.0,0.0,0.0,0.0,0,1013.0,985.5,0,39940.0,8.0,20.9,turin,2026-07-01T04:18:54.299942
2026-07-01T20:00,25.0,57,15.8,26.2,0,0.0,0.0,0.0,0.0,0.0,1,1013.7,986.2,38,40480.0,5.2,17.6,turin,2026-07-01T04:18:54.299942
2026-07-01T21:00,24.5,55,14.8,25.6,0,0.0,0.0,0.0,0.0,0.0,0,1013.9,986.3,0,40820.0,3.3,11.5,turin,2026-07-01T04:18:54.299942
2026-07-01T22:00,23.9,60,15.7,25.6,0,0.0,0.0,0.0,0.0,0.0,0,1014.2,986.5,0,40280.0,1.3,6.1,turin,2026-07-01T04:18:54.299942
2026-07-01T23:00,23.5,64,16.3,25.5,0,0.0,0.0,0.0,0.0,0.0,0,1014.2,986.5,0,39660.0,1.1,4.3,turin,2026-07-01T04:18:54.299942
2026-07-01T00:00,26.6,87,24.2,32.4,0,0.0,0.0,0.0,0.0,0.0,1,1014.7,1013.2,42,27060.0,2.9,5.8,venice,2026-07-01T04:18:56.769475
2026-07-01T01:00,26.6,84,23.6,31.6,0,0.0,0.0,0.0,0.0,0.0,1,1014.3,1012.8,4,29160.0,5.5,10.4,venice,2026-07-01T04:18:56.769475
2026-07-01T02:00,26.7,74,21.6,30.7,0,0.0,0.0,0.0,0.0,0.0,0,1013.5,1012.0,1,36860.0,4.4,9.7,venice,2026-07-01T04:18:56.769475
2026-07-01T03:00,26.5,79,22.6,31.3,0,0.0,0.0,0.0,0.0,0.0,0,1013.2,1011.7,0,34720.0,3.1,7.6,venice,2026-07-01T04:18:56.769475
2026-07-01T04:00,26.5,80,22.8,31.2,0,0.0,0.0,0.0,0.0,0.0,0,1013.3,1011.8,0,33700.0,4.7,6.8,venice,2026-07-01T04:18:56.769475
2026-07-01T05:00,26.1,75,21.3,29.7,0,0.0,0.0,0.0,0.0,0.0,0,1013.6,1012.1,0,34580.0,6.8,13.7,venice,2026-07-01T04:18:56.769475
2026-07-01T06:00,27.4,67,20.7,30.8,0,0.0,0.0,0.0,0.0,0.0,0,1013.0,1011.5,0,38140.0,5.7,11.5,venice,2026-07-01T04:18:56.769475
2026-07-01T07:00,28.6,62,20.6,31.9,0,0.0,0.0,0.0,0.0,0.0,1,1012.5,1011.0,41,39040.0,6.4,9.7,venice,2026-07-01T04:18:56.769475
2026-07-01T08:00,30.1,57,20.6,33.6,0,0.0,0.0,0.0,0.0,0.0,1,1012.4,1010.9,43,39920.0,4.7,9.0,venice,2026-07-01T04:18:56.769475
2026-07-01T09:00,31.8,53,21.0,36.6,0,0.0,0.0,0.0,0.0,0.0,1,1012.4,1010.9,32,40620.0,3.6,10.4,venice,2026-07-01T04:18:56.769475
2026-07-01T10:00,31.8,54,21.4,36.9,0,0.0,0.0,0.0,0.0,0.0,0,1012.1,1010.6,0,40200.0,7.0,13.3,venice,2026-07-01T04:18:56.769475
2026-07-01T11:00,32.6,50,20.8,37.5,3,0.0,0.0,0.0,0.0,0.0,0,1011.3,1009.8,0,40780.0,8.8,10.4,venice,2026-07-01T04:18:56.769475
2026-07-01T12:00,33.2,47,20.4,37.2,5,0.0,0.0,0.0,0.0,0.0,0,1010.2,1008.7,0,41240.0,12.8,16.2,venice,2026-07-01T04:18:56.769475
2026-07-01T13:00,34.0,42,19.2,37.5,3,0.0,0.0,0.0,0.0,0.0,0,1009.1,1007.6,0,42160.0,11.2,19.1,venice,2026-07-01T04:18:56.769475
2026-07-01T14:00,33.5,45,20.0,37.5,23,0.0,0.0,0.0,0.0,0.0,1,1008.3,1006.8,0,41580.0,7.5,23.0,venice,2026-07-01T04:18:56.769475
2026-07-01T15:00,29.0,59,20.1,30.0,28,0.0,0.0,0.0,0.0,0.0,3,1008.5,1007.0,100,39680.0,20.0,38.5,venice,2026-07-01T04:18:56.769475
2026-07-01T16:00,23.8,80,20.2,23.5,25,1.6,1.6,0.0,0.0,0.0,96,1009.7,1008.2,100,2140.0,29.0,68.0,venice,2026-07-01T04:18:56.769475
2026-07-01T17:00,23.8,74,18.8,25.1,20,1.9,1.9,0.0,0.0,0.0,95,1009.7,1008.2,100,34520.0,13.7,56.9,venice,2026-07-01T04:18:56.769475
2026-07-01T18:00,24.2,71,18.6,26.8,53,0.8,0.8,0.0,0.0,0.0,61,1010.7,1009.2,100,36940.0,4.5,14.8,venice,2026-07-01T04:18:56.769475
2026-07-01T19:00,24.4,64,17.1,25.3,63,0.8,0.8,0.0,0.0,0.0,61,1011.2,1009.7,100,39380.0,10.9,20.5,venice,2026-07-01T04:18:56.769475
2026-07-01T20:00,23.5,69,17.4,24.3,58,0.8,0.8,0.0,0.0,0.0,61,1012.0,1010.5,100,18500.0,12.8,26.6,venice,2026-07-01T04:18:56.769475
2026-07-01T21:00,21.4,83,18.4,22.1,63,1.3,1.3,0.0,0.0,0.0,95,1012.2,1010.7,100,13520.0,15.8,31.0,venice,2026-07-01T04:18:56.769475
2026-07-01T22:00,21.2,81,17.8,21.6,53,3.0,3.0,0.0,0.0,0.0,95,1012.3,1010.8,100,30380.0,16.2,36.0,venice,2026-07-01T04:18:56.769475
2026-07-01T23:00,21.0,82,17.8,21.1,73,0.1,0.1,0.0,0.0,0.0,61,1012.9,1011.4,100,29940.0,19.0,36.0,venice,2026-07-01T04:18:56.769475
2026-07-01T00:00,24.0,90,22.3,27.1,100,2.3,2.3,0.0,0.0,0.0,61,1008.7,1007.8,100,1720.0,13.8,32.4,fukuoka,2026-07-01T04:18:59.255839
2026-07-01T01:00,24.3,90,22.6,28.1,100,2.3,2.3,0.0,0.0,0.0,61,1008.4,1007.5,100,1920.0,10.1,37.4,fukuoka,2026-07-01T04:18:59.255839
2026-07-01T02:00,24.6,90,22.9,28.2,100,1.8,1.8,0.0,0.0,0.0,61,1007.8,1006.9,100,2440.0,12.7,41.0,fukuoka,2026-07-01T04:18:59.255839
2026-07-01T03:00,25.0,88,22.9,29.0,100,1.0,1.0,0.0,0.0,0.0,55,1007.0,1006.1,100,2560.0,10.5,44.6,fukuoka,2026-07-01T04:18:59.255839
2026-07-01T04:00,25.1,87,22.8,28.6,100,1.4,1.4,0.0,0.0,0.0,61,1006.2,1005.3,100,3980.0,13.3,46.4,fukuoka,2026-07-01T04:18:59.255839
2026-07-01T05:00,25.2,88,23.1,29.1,100,2.0,2.0,0.0,0.0,0.0,61,1005.6,1004.7,100,3260.0,11.2,54.7,fukuoka,2026-07-01T04:18:59.255839
2026-07-01T06:00,25.4,88,23.3,29.4,100,1.0,1.0,0.0,0.0,0.0,55,1005.1,1004.2,100,3420.0,11.6,59.0,fukuoka,2026-07-01T04:18:59.255839
2026-07-01T07:00,25.4,88,23.3,29.6,100,0.8,0.8,0.0,0.0,0.0,53,1004.5,1003.6,96,2220.0,10.4,53.3,fukuoka,2026-07-01T04:18:59.255839
2026-07-01T08:00,25.5,88,23.3,29.6,100,1.8,1.8,0.0,0.0,0.0,61,1004.3,1003.4,96,2700.0,10.9,41.8,fukuoka,2026-07-01T04:18:59.255839
2026-07-01T09:00,25.6,86,23.1,28.8,100,4.7,4.7,0.0,0.0,0.0,63,1003.5,1002.6,100,2260.0,16.5,32.8,fukuoka,2026-07-01T04:18:59.255839
2026-07-01T10:00,23.0,94,22.0,24.2,100,15.4,15.4,0.0,0.0,0.0,65,1005.2,1004.3,90,2500.0,25.8,25.6,fukuoka,2026-07-01T04:18:59.255839
2026-07-01T11:00,22.6,93,21.4,24.4,100,14.3,14.3,0.0,0.0,0.0,65,1006.2,1005.3,96,1940.0,19.8,23.8,fukuoka,2026-07-01T04:18:59.255839
2026-07-01T12:00,22.5,91,21.0,24.6,100,0.8,0.8,0.0,0.0,0.0,53,1007.3,1006.4,94,2200.0,15.8,25.6,fukuoka,2026-07-01T04:18:59.255839
2026-07-01T13:00,22.6,91,21.0,25.2,99,1.0,1.0,0.0,0.0,0.0,55,1007.9,1007.0,76,2100.0,12.4,28.4,fukuoka,2026-07-01T04:18:59.255839
2026-07-01T14:00,22.7,90,21.0,25.3,99,0.4,0.4,0.0,0.0,0.0,51,1008.2,1007.3,82,2600.0,11.9,26.6,fukuoka,2026-07-01T04:18:59.255839
2026-07-01T15:00,22.5,91,21.0,25.5,98,0.6,0.6,0.0,0.0,0.0,53,1008.4,1007.5,65,2280.0,9.7,22.7,fukuoka,2026-07-01T04:18:59.255839
2026-07-01T16:00,22.6,90,20.9,25.9,98,0.0,0.0,0.0,0.0,0.0,2,1008.0,1007.1,69,1620.0,7.1,23.4,fukuoka,2026-07-01T04:18:59.255839
2026-07-01T17:00,22.5,91,21.0,26.1,97,0.0,0.0,0.0,0.0,0.0,2,1007.9,1007.0,66,1580.0,5.8,25.9,fukuoka,2026-07-01T04:18:59.255839
2026-07-01T18:00,22.4,92,21.0,26.2,96,1.3,1.3,0.0,0.0,0.0,61,1007.6,1006.7,46,3200.0,3.7,31.3,fukuoka,2026-07-01T04:18:59.255839
2026-07-01T19:00,22.4,92,21.0,26.4,93,0.3,0.3,0.0,0.0,0.0,51,1007.7,1006.8,48,3400.0,2.5,30.6,fukuoka,2026-07-01T04:18:59.255839
2026-07-01T20:00,22.3,92,21.0,26.6,89,0.0,0.0,0.0,0.0,0.0,1,1007.8,1006.9,43,6180.0,0.5,27.4,fukuoka,2026-07-01T04:18:59.255839
2026-07-01T21:00,22.4,92,21.0,26.2,84,0.0,0.0,0.0,0.0,0.0,1,1008.4,1007.5,43,7620.0,4.1,17.6,fukuoka,2026-07-01T04:18:59.255839
2026-07-01T22:00,22.6,91,21.1,26.0,77,0.0,0.0,0.0,0.0,0.0,1,1009.0,1008.1,43,5940.0,7.3,15.5,fukuoka,2026-07-01T04:18:59.255839
2026-07-01T23:00,23.0,86,20.6,26.2,69,0.0,0.0,0.0,0.0,0.0,1,1009.6,1008.7,48,8520.0,6.8,14.4,fukuoka,2026-07-01T04:18:59.255839
2026-07-01T00:00,23.7,84,20.8,27.7,0,0.0,0.0,0.0,0.0,0.0,3,1012.4,1007.1,86,26440.0,1.8,9.0,kyoto,2026-07-01T04:19:01.712274
2026-07-01T01:00,24.2,82,20.9,28.4,13,0.0,0.0,0.0,0.0,0.0,2,1011.7,1006.4,72,26460.0,1.3,8.6,kyoto,2026-07-01T04:19:01.712274
2026-07-01T02:00,24.7,79,20.8,28.8,30,0.0,0.0,0.0,0.0,0.0,3,1011.3,1006.0,93,26440.0,1.4,8.3,kyoto,2026-07-01T04:19:01.712274
2026-07-01T03:00,24.9,79,21.0,29.0,47,0.1,0.1,0.0,0.0,0.0,51,1011.3,1006.0,59,26440.0,2.2,11.2,kyoto,2026-07-01T04:19:01.712274
2026-07-01T04:00,24.9,81,21.4,29.3,60,0.3,0.3,0.0,0.0,0.0,51,1011.2,1005.9,59,4500.0,1.6,11.9,kyoto,2026-07-01T04:19:01.712274
2026-07-01T05:00,25.3,79,21.4,29.4,72,0.1,0.1,0.0,0.0,0.0,51,1010.9,1005.6,77,9400.0,3.3,15.5,kyoto,2026-07-01T04:19:01.712274
2026-07-01T06:00,24.3,87,22.0,28.8,82,0.4,0.4,0.0,0.0,0.0,51,1010.5,1005.2,100,26440.0,3.1,16.6,kyoto,2026-07-01T04:19:01.712274
2026-07-01T07:00,23.7,90,22.0,28.3,90,0.6,0.6,0.0,0.0,0.0,53,1010.7,1005.4,99,3380.0,2.3,10.1,kyoto,2026-07-01T04:19:01.712274
2026-07-01T08:00,23.1,90,21.3,27.0,96,1.0,1.0,0.0,0.0,0.0,55,1010.5,1005.2,63,2700.0,4.2,9.0,kyoto,2026-07-01T04:19:01.712274
2026-07-01T09:00,22.1,89,20.2,25.4,100,1.8,1.8,0.0,0.0,0.0,61,1010.4,1005.0,72,2740.0,4.5,10.8,kyoto,2026-07-01T04:19:01.712274
2026-07-01T10:00,21.1,90,19.4,24.0,100,1.5,1.5,0.0,0.0,0.0,61,1010.0,1004.6,100,1980.0,4.7,14.0,kyoto,2026-07-01T04:19:01.712274
2026-07-01T11:00,20.4,90,18.7,22.9,100,2.2,2.2,0.0,0.0,0.0,61,1009.6,1004.2,83,2580.0,4.4,19.4,kyoto,2026-07-01T04:19:01.712274
2026-07-01T12:00,20.1,91,18.5,22.4,100,2.0,2.0,0.0,0.0,0.0,61,1008.7,1003.3,87,2660.0,5.9,14.8,kyoto,2026-07-01T04:19:01.712274
2026-07-01T13:00,20.3,93,19.1,23.1,100,1.8,1.8,0.0,0.0,0.0,61,1007.9,1002.5,100,1580.0,4.3,13.7,kyoto,2026-07-01T04:19:01.712274
2026-07-01T14:00,20.5,94,19.5,23.5,100,1.8,1.8,0.0,0.0,0.0,61,1007.3,1001.9,98,1740.0,4.1,14.8,kyoto,2026-07-01T04:19:01.712274
2026-07-01T15:00,20.7,94,19.7,23.8,100,1.7,1.7,0.0,0.0,0.0,61,1006.8,1001.4,86,2240.0,4.0,19.4,kyoto,2026-07-01T04:19:01.712274
2026-07-01T16:00,20.8,95,20.0,24.2,100,2.3,2.3,0.0,0.0,0.0,61,1006.1,1000.7,85,1320.0,3.1,31.0,kyoto,2026-07-01T04:19:01.712274
2026-07-01T17:00,21.0,95,20.1,24.4,100,1.3,1.3,0.0,0.0,0.0,61,1005.2,999.8,67,1180.0,3.3,34.9,kyoto,2026-07-01T04:19:01.712274
2026-07-01T18:00,21.1,95,20.2,24.6,100,1.0,1.0,0.0,0.0,0.0,55,1004.6,999.3,78,1620.0,3.3,40.3,kyoto,2026-07-01T04:19:01.712274
2026-07-01T19:00,21.6,94,20.6,25.1,100,0.5,0.5,0.0,0.0,0.0,53,1003.9,998.6,73,2120.0,4.1,40.3,kyoto,2026-07-01T04:19:01.712274
2026-07-01T20:00,22.4,94,21.4,26.2,100,0.4,0.4,0.0,0.0,0.0,51,1003.8,998.5,73,2560.0,4.9,33.8,kyoto,2026-07-01T04:19:01.712274
2026-07-01T21:00,23.3,93,22.1,27.7,100,0.1,0.1,0.0,0.0,0.0,51,1004.6,999.3,24,1660.0,4.0,33.5,kyoto,2026-07-01T04:19:01.712274
2026-07-01T22:00,23.7,88,21.6,27.5,99,0.0,0.0,0.0,0.0,0.0,1,1005.1,999.8,26,1560.0,6.0,27.7,kyoto,2026-07-01T04:19:01.712274
2026-07-01T23:00,24.9,80,21.2,28.3,98,0.0,0.0,0.0,0.0,0.0,1,1005.5,1000.2,45,2020.0,7.4,15.1,kyoto,2026-07-01T04:19:01.712274
2026-07-01T00:00,23.3,90,21.6,27.8,16,0.0,0.0,0.0,0.0,0.0,3,1012.3,1012.0,80,23260.0,1.3,12.6,osaka,2026-07-01T04:20:19.565805
2026-07-01T01:00,23.8,89,21.8,28.4,32,0.1,0.1,0.0,0.0,0.0,51,1011.7,1011.4,100,3640.0,1.6,10.1,osaka,2026-07-01T04:20:19.565805
2026-07-01T02:00,23.8,88,21.7,28.3,52,0.3,0.3,0.0,0.0,0.0,51,1011.4,1011.1,81,10240.0,1.0,9.0,osaka,2026-07-01T04:20:19.565805
2026-07-01T03:00,24.1,86,21.6,28.4,67,0.2,0.2,0.0,0.0,0.0,51,1011.3,1011.0,70,26960.0,2.5,11.5,osaka,2026-07-01T04:20:19.565805
2026-07-01T04:00,24.0,88,21.8,28.3,74,0.3,0.3,0.0,0.0,0.0,51,1011.2,1010.9,76,5460.0,3.2,11.9,osaka,2026-07-01T04:20:19.565805
2026-07-01T05:00,23.7,90,21.9,28.1,77,0.5,0.5,0.0,0.0,0.0,53,1011.1,1010.8,93,13760.0,2.8,12.6,osaka,2026-07-01T04:20:19.565805
2026-07-01T06:00,23.5,91,21.9,28.2,80,1.1,1.1,0.0,0.0,0.0,55,1010.7,1010.4,100,5220.0,1.1,15.5,osaka,2026-07-01T04:20:19.565805
2026-07-01T07:00,23.2,92,21.8,27.9,87,1.2,1.2,0.0,0.0,0.0,55,1010.5,1010.2,67,2800.0,1.3,18.0,osaka,2026-07-01T04:20:19.565805
2026-07-01T08:00,23.2,94,22.1,28.0,95,1.3,1.3,0.0,0.0,0.0,61,1010.2,1009.9,59,2940.0,1.1,15.5,osaka,2026-07-01T04:20:19.565805
2026-07-01T09:00,23.1,95,22.2,27.6,100,1.3,1.3,0.0,0.0,0.0,61,1009.8,1009.5,93,2260.0,3.6,5.8,osaka,2026-07-01T04:20:19.565805
2026-07-01T10:00,22.6,94,21.6,26.5,100,1.5,1.5,0.0,0.0,0.0,61,1009.2,1008.9,100,3060.0,5.8,6.5,osaka,2026-07-01T04:20:19.565805
2026-07-01T11:00,21.9,93,20.7,25.4,100,2.7,2.7,0.0,0.0,0.0,63,1008.8,1008.4,91,3000.0,5.2,10.1,osaka,2026-07-01T04:20:19.565805
2026-07-01T12:00,21.6,94,20.6,25.1,100,1.8,1.8,0.0,0.0,0.0,61,1007.9,1007.5,95,2800.0,4.9,7.6,osaka,2026-07-01T04:20:19.565805
2026-07-01T13:00,21.6,96,20.9,25.4,100,1.2,1.2,0.0,0.0,0.0,55,1007.3,1006.9,100,2040.0,3.3,15.8,osaka,2026-07-01T04:20:19.565805
2026-07-01T14:00,21.8,95,21.0,25.6,100,2.0,2.0,0.0,0.0,0.0,61,1006.7,1006.4,91,1560.0,3.9,15.8,osaka,2026-07-01T04:20:19.565805
2026-07-01T15:00,22.1,95,21.3,26.1,100,2.1,2.1,0.0,0.0,0.0,61,1006.1,1005.8,96,1680.0,3.8,29.5,osaka,2026-07-01T04:20:19.565805
2026-07-01T16:00,22.8,92,21.4,26.6,100,6.0,6.0,0.0,0.0,0.0,63,1005.5,1005.2,75,1900.0,5.1,33.1,osaka,2026-07-01T04:20:19.565805
2026-07-01T17:00,24.2,88,22.0,28.0,100,1.9,1.9,0.0,0.0,0.0,61,1004.4,1004.1,72,1940.0,7.7,39.2,osaka,2026-07-01T04:20:19.565805
2026-07-01T18:00,25.0,88,22.9,28.7,100,0.0,0.0,0.0,0.0,0.0,1,1003.9,1003.6,40,1740.0,12.1,43.6,osaka,2026-07-01T04:20:19.565805
2026-07-01T19:00,25.2,90,23.5,29.0,100,0.1,0.1,0.0,0.0,0.0,51,1003.5,1003.2,51,2480.0,13.7,47.9,osaka,2026-07-01T04:20:19.565805
2026-07-01T20:00,24.9,92,23.5,28.7,100,0.0,0.0,0.0,0.0,0.0,2,1004.1,1003.8,75,3120.0,13.8,45.0,osaka,2026-07-01T04:20:19.565805
2026-07-01T21:00,24.4,84,21.5,27.3,100,0.0,0.0,0.0,0.0,0.0,1,1005.2,1004.9,21,2580.0,11.8,36.0,osaka,2026-07-01T04:20:19.565805
2026-07-01T22:00,24.3,84,21.4,27.1,99,0.0,0.0,0.0,0.0,0.0,1,1005.9,1005.6,31,1480.0,11.6,29.2,osaka,2026-07-01T04:20:19.565805
2026-07-01T23:00,24.7,82,21.4,27.6,98,0.0,0.0,0.0,0.0,0.0,1,1006.4,1006.1,40,1500.0,11.9,17.6,osaka,2026-07-01T04:20:19.565805
2026-07-01T00:00,23.4,91,21.9,27.8,0,0.0,0.0,0.0,0.0,0.0,3,1013.0,1008.8,83,25580.0,3.2,12.2,tokyo,2026-07-01T04:22:22.762196
2026-07-01T01:00,24.8,85,22.2,29.3,3,0.0,0.0,0.0,0.0,0.0,1,1013.1,1008.9,35,25580.0,3.6,14.8,tokyo,2026-07-01T04:22:22.762196
2026-07-01T02:00,26.4,78,22.3,31.3,7,0.0,0.0,0.0,0.0,0.0,2,1012.7,1008.6,56,14220.0,3.7,16.9,tokyo,2026-07-01T04:22:22.762196
2026-07-01T03:00,27.1,73,21.9,31.7,10,0.0,0.0,0.0,0.0,0.0,3,1012.1,1008.0,100,17580.0,3.9,19.1,tokyo,2026-07-01T04:22:22.762196
2026-07-01T04:00,26.9,71,21.2,30.9,12,0.0,0.0,0.0,0.0,0.0,3,1011.5,1007.4,100,28540.0,3.5,21.6,tokyo,2026-07-01T04:22:22.762196
2026-07-01T05:00,27.5,67,20.8,31.2,14,0.0,0.0,0.0,0.0,0.0,2,1011.3,1007.2,62,28540.0,3.6,22.3,tokyo,2026-07-01T04:22:22.762196
2026-07-01T06:00,27.8,64,20.4,31.4,14,0.0,0.0,0.0,0.0,0.0,3,1011.2,1007.1,91,25080.0,3.6,25.2,tokyo,2026-07-01T04:22:22.762196
2026-07-01T07:00,27.1,71,21.4,31.1,10,0.0,0.0,0.0,0.0,0.0,3,1010.6,1006.5,86,21720.0,4.6,26.6,tokyo,2026-07-01T04:22:22.762196
2026-07-01T08:00,25.9,76,21.4,29.8,5,0.0,0.0,0.0,0.0,0.0,3,1010.6,1006.5,80,22160.0,4.7,26.6,tokyo,2026-07-01T04:22:22.762196
2026-07-01T09:00,24.9,79,21.0,28.7,4,0.0,0.0,0.0,0.0,0.0,3,1011.1,1006.9,89,12800.0,4.0,23.8,tokyo,2026-07-01T04:22:22.762196
2026-07-01T10:00,23.9,85,21.3,27.8,10,0.0,0.0,0.0,0.0,0.0,2,1010.5,1006.3,71,10700.0,4.5,23.4,tokyo,2026-07-01T04:22:22.762196
2026-07-01T11:00,23.3,87,21.0,26.9,21,0.0,0.0,0.0,0.0,0.0,3,1010.7,1006.5,81,9520.0,5.2,23.4,tokyo,2026-07-01T04:22:22.762196
2026-07-01T12:00,22.8,89,20.9,26.4,33,0.0,0.0,0.0,0.0,0.0,3,1011.3,1007.1,85,11760.0,5.6,19.8,tokyo,2026-07-01T04:22:22.762196
2026-07-01T13:00,22.4,92,21.0,26.0,46,0.1,0.1,0.0,0.0,0.0,51,1011.6,1007.4,59,12140.0,5.2,12.2,tokyo,2026-07-01T04:22:22.762196
2026-07-01T14:00,22.1,94,21.1,26.0,59,0.1,0.1,0.0,0.0,0.0,51,1011.1,1006.9,71,18340.0,4.3,13.0,tokyo,2026-07-01T04:22:22.762196
2026-07-01T15:00,22.0,95,21.2,25.9,71,0.0,0.0,0.0,0.0,0.0,2,1010.1,1005.9,61,15840.0,3.8,13.3,tokyo,2026-07-01T04:22:22.762196
2026-07-01T16:00,21.8,95,21.0,25.7,80,0.0,0.0,0.0,0.0,0.0,3,1009.6,1005.4,93,8640.0,2.8,15.5,tokyo,2026-07-01T04:22:22.762196
2026-07-01T17:00,21.6,96,21.0,25.5,88,0.6,0.6,0.0,0.0,0.0,53,1009.3,1005.1,71,7280.0,3.3,14.0,tokyo,2026-07-01T04:22:22.762196
2026-07-01T18:00,21.6,97,21.1,25.5,94,1.5,1.5,0.0,0.0,0.0,61,1009.2,1005.0,86,4120.0,3.6,14.0,tokyo,2026-07-01T04:22:22.762196
2026-07-01T19:00,21.6,97,21.1,25.4,97,5.3,5.3,0.0,0.0,0.0,63,1008.9,1004.7,97,1480.0,4.5,21.2,tokyo,2026-07-01T04:22:22.762196
2026-07-01T20:00,21.6,96,20.9,25.1,99,5.3,5.3,0.0,0.0,0.0,63,1008.6,1004.4,88,1680.0,5.9,18.4,tokyo,2026-07-01T04:22:22.762196
2026-07-01T21:00,21.4,94,20.4,24.6,100,2.1,2.1,0.0,0.0,0.0,61,1007.9,1003.7,87,1260.0,6.1,19.1,tokyo,2026-07-01T04:22:22.762196
2026-07-01T22:00,21.3,94,20.3,24.5,100,3.1,3.1,0.0,0.0,0.0,63,1008.1,1003.9,99,4940.0,5.8,25.6,tokyo,2026-07-01T04:22:22.762196
2026-07-01T23:00,21.3,95,20.5,24.4,100,2.7,2.7,0.0,0.0,0.0,63,1007.9,1003.7,69,1640.0,6.9,26.6,tokyo,2026-07-01T04:22:22.762196
2026-07-01T00:00,17.9,81,14.6,18.6,0,0.0,0.0,0.0,0.0,0.0,0,1020.7,1018.9,16,32500.0,6.1,12.2,riga,2026-07-01T04:22:25.236206
2026-07-01T01:00,17.3,83,14.4,18.2,0,0.0,0.0,0.0,0.0,0.0,2,1020.2,1018.4,61,32500.0,4.0,9.7,riga,2026-07-01T04:22:25.236206
2026-07-01T02:00,16.9,83,14.0,17.5,0,0.0,0.0,0.0,0.0,0.0,3,1020.0,1018.2,85,32480.0,5.0,9.0,riga,2026-07-01T04:22:25.236206
2026-07-01T03:00,17.2,81,13.9,17.9,0,0.0,0.0,0.0,0.0,0.0,3,1019.8,1018.0,94,32480.0,4.0,8.6,riga,2026-07-01T04:22:25.236206
2026-07-01T04:00,18.5,75,14.0,19.2,0,0.0,0.0,0.0,0.0,0.0,3,1019.9,1018.1,88,41800.0,4.7,9.4,riga,2026-07-01T04:22:25.236206
2026-07-01T05:00,19.8,73,14.8,20.9,0,0.0,0.0,0.0,0.0,0.0,3,1019.8,1018.0,96,49360.0,3.6,10.4,riga,2026-07-01T04:22:25.236206
2026-07-01T06:00,20.3,70,14.7,21.3,0,0.0,0.0,0.0,0.0,0.0,2,1019.4,1017.6,67,52420.0,4.0,13.0,riga,2026-07-01T04:22:25.236206
2026-07-01T07:00,22.1,63,14.7,23.2,0,0.0,0.0,0.0,0.0,0.0,0,1019.2,1017.4,14,52420.0,3.2,15.5,riga,2026-07-01T04:22:25.236206
2026-07-01T08:00,23.2,57,14.2,24.2,0,0.0,0.0,0.0,0.0,0.0,3,1018.7,1016.9,93,56820.0,2.5,13.3,riga,2026-07-01T04:22:25.236206
2026-07-01T09:00,23.0,60,14.9,23.5,0,0.0,0.0,0.0,0.0,0.0,3,1018.3,1016.5,100,56820.0,7.6,18.4,riga,2026-07-01T04:22:25.236206
2026-07-01T10:00,22.6,67,16.2,23.7,5,0.0,0.0,0.0,0.0,0.0,3,1018.1,1016.3,100,56820.0,7.6,20.2,riga,2026-07-01T04:22:25.236206
2026-07-01T11:00,22.7,68,16.5,23.9,13,0.0,0.0,0.0,0.0,0.0,3,1017.9,1016.1,100,56800.0,7.6,16.9,riga,2026-07-01T04:22:25.236206
2026-07-01T12:00,22.5,69,16.5,23.5,20,0.0,0.0,0.0,0.0,0.0,3,1017.4,1015.6,100,56800.0,8.6,18.7,riga,2026-07-01T04:22:25.236206
2026-07-01T13:00,22.4,70,16.6,23.4,26,0.0,0.0,0.0,0.0,0.0,3,1017.1,1015.3,100,7540.0,9.0,19.4,riga,2026-07-01T04:22:25.236206
2026-07-01T14:00,21.8,75,17.2,23.1,31,0.1,0.1,0.0,0.0,0.0,51,1017.2,1015.4,100,3800.0,9.0,19.1,riga,2026-07-01T04:22:25.236206
2026-07-01T15:00,21.3,76,16.9,21.8,37,0.0,0.0,0.6,0.0,0.0,3,1016.3,1014.5,100,20660.0,13.7,24.1,riga,2026-07-01T04:22:25.236206
2026-07-01T16:00,21.4,75,16.8,21.7,43,0.0,0.0,0.0,0.0,0.0,3,1015.6,1013.8,100,49320.0,14.4,28.1,riga,2026-07-01T04:22:25.236206
2026-07-01T17:00,20.9,77,16.8,21.6,50,0.0,0.0,0.0,0.0,0.0,3,1015.2,1013.4,100,49320.0,11.5,25.9,riga,2026-07-01T04:22:25.236206
2026-07-01T18:00,20.7,71,15.3,20.4,55,0.2,0.2,0.0,0.0,0.0,51,1015.0,1013.2,100,45860.0,14.8,25.9,riga,2026-07-01T04:22:25.236206
2026-07-01T19:00,20.4,79,16.7,20.8,59,1.0,1.0,0.0,0.0,0.0,55,1014.8,1013.0,100,33760.0,13.7,27.0,riga,2026-07-01T04:22:25.236206
2026-07-01T20:00,20.2,87,18.0,21.2,61,2.6,2.6,0.0,0.0,0.0,63,1014.4,1012.6,100,13340.0,13.0,23.8,riga,2026-07-01T04:22:25.236206
2026-07-01T21:00,19.6,90,17.9,20.4,61,3.6,3.6,0.0,0.0,0.0,63,1013.7,1011.9,100,18960.0,14.4,25.6,riga,2026-07-01T04:22:25.236206
2026-07-01T22:00,19.0,91,17.5,19.9,58,1.3,1.3,0.0,0.0,0.0,61,1013.7,1011.9,100,41720.0,13.0,26.3,riga,2026-07-01T04:22:25.236206
2026-07-01T23:00,19.0,92,17.7,19.5,53,3.1,3.1,0.0,0.0,0.0,63,1013.4,1011.6,100,37620.0,15.1,27.7,riga,2026-07-01T04:22:25.236206
2026-07-01T00:00,25.2,65,18.2,27.4,0,0.0,0.0,0.0,0.0,0.0,0,1008.2,1005.0,0,40000.0,5.4,10.4,beirut,2026-07-01T04:22:27.719667
2026-07-01T01:00,25.0,65,18.0,27.1,0,0.0,0.0,0.0,0.0,0.0,0,1008.4,1005.2,3,40180.0,5.8,10.1,beirut,2026-07-01T04:22:27.719667
2026-07-01T02:00,24.9,65,17.9,27.0,0,0.0,0.0,0.0,0.0,0.0,1,1008.4,1005.2,12,40020.0,5.9,10.1,beirut,2026-07-01T04:22:27.719667
2026-07-01T03:00,25.0,64,17.7,26.8,0,0.0,0.0,0.0,0.0,0.0,1,1008.4,1005.2,13,40420.0,7.0,11.9,beirut,2026-07-01T04:22:27.719667
2026-07-01T04:00,25.8,65,18.8,27.8,0,0.0,0.0,0.0,0.0,0.0,0,1008.4,1005.2,0,39360.0,9.3,15.8,beirut,2026-07-01T04:22:27.719667
2026-07-01T05:00,26.7,70,20.8,29.3,0,0.0,0.0,0.0,0.0,0.0,0,1008.7,1005.5,0,35480.0,12.0,20.5,beirut,2026-07-01T04:22:27.719667
2026-07-01T06:00,27.4,70,21.5,30.2,0,0.0,0.0,0.0,0.0,0.0,1,1009.0,1005.8,30,34140.0,13.2,23.0,beirut,2026-07-01T04:22:27.719667
2026-07-01T07:00,28.1,67,21.4,30.7,0,0.0,0.0,0.0,0.0,0.0,1,1009.0,1005.8,36,34460.0,16.9,28.8,beirut,2026-07-01T04:22:27.719667
2026-07-01T08:00,28.7,64,21.2,31.6,0,0.0,0.0,0.0,0.0,0.0,1,1008.9,1005.7,30,36100.0,19.2,32.8,beirut,2026-07-01T04:22:27.719667
2026-07-01T09:00,29.0,63,21.2,32.5,0,0.0,0.0,0.0,0.0,0.0,1,1008.6,1005.4,35,35740.0,18.6,33.1,beirut,2026-07-01T04:22:27.719667
2026-07-01T10:00,29.2,63,21.5,33.1,0,0.0,0.0,0.0,0.0,0.0,1,1008.7,1005.5,37,35300.0,18.2,32.0,beirut,2026-07-01T04:22:27.719667
2026-07-01T11:00,29.3,63,21.5,33.4,0,0.0,0.0,0.0,0.0,0.0,1,1008.8,1005.6,36,35680.0,16.6,31.0,beirut,2026-07-01T04:22:27.719667
2026-07-01T12:00,29.1,64,21.6,33.2,0,0.0,0.0,0.0,0.0,0.0,1,1008.6,1005.4,39,35120.0,14.8,28.4,beirut,2026-07-01T04:22:27.719667
2026-07-01T13:00,28.8,66,21.9,32.7,0,0.0,0.0,0.0,0.0,0.0,1,1008.3,1005.1,39,34460.0,12.8,25.6,beirut,2026-07-01T04:22:27.719667
2026-07-01T14:00,28.4,67,21.7,31.6,0,0.0,0.0,0.0,0.0,0.0,1,1008.0,1004.8,38,35100.0,10.4,22.7,beirut,2026-07-01T04:22:27.719667
2026-07-01T15:00,27.7,70,21.8,31.3,0,0.0,0.0,0.0,0.0,0.0,1,1007.8,1004.6,40,34240.0,8.7,19.1,beirut,2026-07-01T04:22:27.719667
2026-07-01T16:00,26.9,75,22.1,30.8,0,0.0,0.0,0.0,0.0,0.0,2,1007.7,1004.5,41,32140.0,7.6,16.6,beirut,2026-07-01T04:22:27.719667
2026-07-01T17:00,26.2,79,22.3,30.2,0,0.0,0.0,0.0,0.0,0.0,1,1008.0,1004.8,39,30140.0,7.9,13.7,beirut,2026-07-01T04:22:27.719667
2026-07-01T18:00,25.8,82,22.5,29.8,0,0.0,0.0,0.0,0.0,0.0,1,1008.4,1005.2,35,28680.0,8.4,14.4,beirut,2026-07-01T04:22:27.719667
2026-07-01T19:00,25.6,82,22.3,29.6,0,0.0,0.0,0.0,0.0,0.0,1,1008.6,1005.4,38,28780.0,8.0,13.7,beirut,2026-07-01T04:22:27.719667
2026-07-01T20:00,25.5,80,21.8,29.0,0,0.0,0.0,0.0,0.0,0.0,2,1008.5,1005.3,43,30220.0,9.4,15.5,beirut,2026-07-01T04:22:27.719667
2026-07-01T21:00,25.4,79,21.5,28.7,0,0.0,0.0,0.0,0.0,0.0,1,1008.2,1005.0,31,30640.0,9.3,15.8,beirut,2026-07-01T04:22:27.719667
2026-07-01T22:00,25.2,78,21.1,28.4,0,0.0,0.0,0.0,0.0,0.0,2,1008.1,1004.9,34,31660.0,8.9,15.5,beirut,2026-07-01T04:22:27.719667
2026-07-01T23:00,25.2,73,20.1,27.9,0,0.0,0.0,0.0,0.0,0.0,1,1008.2,1005.0,11,35960.0,8.4,15.1,beirut,2026-07-01T04:22:27.719667
2026-07-01T00:00,25.2,96,24.5,31.3,0,0.0,0.0,0.0,0.0,0.0,45,1015.8,1014.1,54,6520.0,2.5,8.3,tripoli,2026-07-01T04:22:30.177786
2026-07-01T01:00,25.1,97,24.6,31.2,0,0.0,0.0,0.0,0.0,0.0,45,1015.4,1013.7,55,3480.0,2.3,5.8,tripoli,2026-07-01T04:22:30.177786
2026-07-01T02:00,25.1,96,24.4,31.1,0,0.0,0.0,0.0,0.0,0.0,45,1015.1,1013.4,52,10360.0,2.3,4.7,tripoli,2026-07-01T04:22:30.177786
2026-07-01T03:00,25.0,94,23.9,30.8,0,0.0,0.0,0.0,0.0,0.0,45,1014.9,1013.2,55,12200.0,1.1,4.3,tripoli,2026-07-01T04:22:30.177786
2026-07-01T04:00,24.8,95,23.9,30.7,0,0.0,0.0,0.0,0.0,0.0,45,1015.3,1013.6,57,11260.0,1.1,2.2,tripoli,2026-07-01T04:22:30.177786
2026-07-01T05:00,24.9,95,24.0,30.7,0,0.0,0.0,0.0,0.0,0.0,2,1015.5,1013.8,61,2540.0,2.0,4.3,tripoli,2026-07-01T04:22:30.177786
2026-07-01T06:00,25.4,88,23.3,30.4,0,0.0,0.0,0.0,0.0,0.0,2,1016.0,1014.3,58,18480.0,4.4,10.8,tripoli,2026-07-01T04:22:30.177786
2026-07-01T07:00,26.3,83,23.1,31.0,0,0.0,0.0,0.0,0.0,0.0,2,1016.1,1014.4,56,22400.0,5.8,14.0,tripoli,2026-07-01T04:22:30.177786
2026-07-01T08:00,27.5,75,22.6,31.8,0,0.0,0.0,0.0,0.0,0.0,2,1016.4,1014.7,41,29660.0,6.3,15.1,tripoli,2026-07-01T04:22:30.177786
2026-07-01T09:00,28.5,70,22.4,33.4,0,0.0,0.0,0.0,0.0,0.0,1,1016.4,1014.7,35,33440.0,8.4,20.2,tripoli,2026-07-01T04:22:30.177786
2026-07-01T10:00,29.2,67,22.4,34.5,0,0.0,0.0,0.0,0.0,0.0,1,1016.6,1014.9,31,36100.0,10.6,25.2,tripoli,2026-07-01T04:22:30.177786
2026-07-01T11:00,29.4,69,23.1,35.1,0,0.0,0.0,0.0,0.0,0.0,1,1016.3,1014.6,39,33560.0,12.4,29.9,tripoli,2026-07-01T04:22:30.177786
2026-07-01T12:00,29.7,67,22.9,35.3,0,0.0,0.0,0.0,0.0,0.0,1,1016.0,1014.3,29,34480.0,13.2,31.0,tripoli,2026-07-01T04:22:30.177786
2026-07-01T13:00,29.7,67,22.9,35.0,0,0.0,0.0,0.0,0.0,0.0,1,1015.7,1014.0,21,33560.0,13.6,31.7,tripoli,2026-07-01T04:22:30.177786
2026-07-01T14:00,29.6,68,23.0,34.3,0,0.0,0.0,0.0,0.0,0.0,1,1015.2,1013.5,21,32100.0,13.8,32.0,tripoli,2026-07-01T04:22:30.177786
2026-07-01T15:00,29.2,68,22.7,33.0,0,0.0,0.0,0.0,0.0,0.0,1,1014.8,1013.1,19,33060.0,13.3,31.7,tripoli,2026-07-01T04:22:30.177786
2026-07-01T16:00,28.6,68,22.1,31.8,0,0.0,0.0,0.0,0.0,0.0,1,1014.4,1012.7,10,35640.0,12.4,30.2,tripoli,2026-07-01T04:22:30.177786
2026-07-01T17:00,28.0,72,22.5,31.6,0,0.0,0.0,0.0,0.0,0.0,1,1014.5,1012.8,6,33600.0,11.0,27.7,tripoli,2026-07-01T04:22:30.177786
2026-07-01T18:00,27.4,77,23.0,31.6,0,0.0,0.0,0.0,0.0,0.0,0,1014.7,1013.0,6,31360.0,8.1,24.8,tripoli,2026-07-01T04:22:30.177786
2026-07-01T19:00,26.8,81,23.3,31.7,0,0.0,0.0,0.0,0.0,0.0,1,1014.8,1013.1,8,28040.0,5.2,17.3,tripoli,2026-07-01T04:22:30.177786
2026-07-01T20:00,26.4,84,23.5,31.6,0,0.0,0.0,0.0,0.0,0.0,1,1015.3,1013.6,4,26460.0,4.0,11.2,tripoli,2026-07-01T04:22:30.177786
2026-07-01T21:00,26.1,86,23.6,31.5,0,0.0,0.0,0.0,0.0,0.0,0,1015.4,1013.7,0,25360.0,3.3,8.6,tripoli,2026-07-01T04:22:30.177786
2026-07-01T22:00,25.9,87,23.5,31.2,0,0.0,0.0,0.0,0.0,0.0,0,1015.3,1013.6,0,24440.0,3.4,6.8,tripoli,2026-07-01T04:22:30.177786
2026-07-01T23:00,25.6,88,23.4,30.8,0,0.0,0.0,0.0,0.0,0.0,0,1015.0,1013.3,0,23100.0,3.1,6.5,tripoli,2026-07-01T04:22:30.177786
2026-07-01T00:00,20.6,53,10.7,19.2,0,0.0,0.0,0.0,0.0,0.0,3,1020.8,984.4,100,50000.0,10.8,20.5,luxembourg,2026-07-01T04:23:48.158659
2026-07-01T01:00,20.2,50,9.5,18.9,0,0.0,0.0,0.0,0.0,0.0,3,1020.3,983.8,100,50000.0,8.6,14.8,luxembourg,2026-07-01T04:23:48.158659
2026-07-01T02:00,19.4,53,9.6,18.1,1,0.0,0.0,0.0,0.0,0.0,0,1020.0,983.4,0,27340.0,7.9,14.8,luxembourg,2026-07-01T04:23:48.158659
2026-07-01T03:00,18.5,56,9.6,17.3,2,0.0,0.0,0.0,0.0,0.0,0,1019.9,983.2,0,25720.0,7.6,13.3,luxembourg,2026-07-01T04:23:48.158659
2026-07-01T04:00,17.8,58,9.5,16.3,3,0.0,0.0,0.0,0.0,0.0,0,1020.2,983.5,0,24740.0,9.4,18.0,luxembourg,2026-07-01T04:23:48.158659
2026-07-01T05:00,17.8,61,10.2,16.6,5,0.0,0.0,0.0,0.0,0.0,0,1020.8,984.2,0,23100.0,9.0,18.7,luxembourg,2026-07-01T04:23:48.158659
2026-07-01T06:00,18.7,58,10.3,17.3,6,0.0,0.0,0.0,0.0,0.0,0,1021.2,984.7,0,24420.0,10.4,22.3,luxembourg,2026-07-01T04:23:48.158659
2026-07-01T07:00,20.2,53,10.4,18.9,5,0.0,0.0,0.0,0.0,0.0,0,1021.4,985.1,0,50000.0,9.7,22.3,luxembourg,2026-07-01T04:23:48.158659
2026-07-01T08:00,21.6,49,10.5,20.5,3,0.0,0.0,0.0,0.0,0.0,0,1021.4,985.3,0,29280.0,9.0,24.1,luxembourg,2026-07-01T04:23:48.158659
2026-07-01T09:00,23.0,44,10.1,22.8,2,0.0,0.0,0.0,0.0,0.0,1,1021.5,985.5,41,32220.0,7.2,22.3,luxembourg,2026-07-01T04:23:48.158659
2026-07-01T10:00,24.3,38,9.1,23.7,2,0.0,0.0,0.0,0.0,0.0,1,1021.3,985.5,37,36160.0,9.0,24.5,luxembourg,2026-07-01T04:23:48.158659
2026-07-01T11:00,25.3,34,8.3,24.8,2,0.0,0.0,0.0,0.0,0.0,1,1021.2,985.5,32,39000.0,10.8,28.1,luxembourg,2026-07-01T04:23:48.158659
2026-07-01T12:00,25.9,31,7.5,25.1,2,0.0,0.0,0.0,0.0,0.0,1,1020.6,985.1,26,40780.0,11.9,29.5,luxembourg,2026-07-01T04:23:48.158659
2026-07-01T13:00,26.5,30,7.6,26.0,1,0.0,0.0,0.0,0.0,0.0,1,1020.3,984.8,26,50000.0,10.4,29.5,luxembourg,2026-07-01T04:23:48.158659
2026-07-01T14:00,27.0,28,6.9,25.8,1,0.0,0.0,0.0,0.0,0.0,1,1020.7,985.1,30,50000.0,11.2,28.1,luxembourg,2026-07-01T04:23:48.158659
2026-07-01T15:00,26.9,30,7.9,25.1,0,0.0,0.0,0.0,0.0,0.0,2,1020.9,985.2,67,41520.0,12.2,29.9,luxembourg,2026-07-01T04:23:48.158659
2026-07-01T16:00,26.6,29,7.1,23.8,0,0.0,0.0,0.0,0.0,0.0,0,1021.1,985.4,2,43000.0,14.4,32.8,luxembourg,2026-07-01T04:23:48.158659
2026-07-01T17:00,25.8,31,7.4,23.0,0,0.0,0.0,0.0,0.0,0.0,0,1020.9,985.2,0,40760.0,14.8,33.8,luxembourg,2026-07-01T04:23:48.158659
2026-07-01T18:00,24.8,34,7.9,22.2,0,0.0,0.0,0.0,0.0,0.0,0,1020.8,985.0,0,38740.0,14.0,32.4,luxembourg,2026-07-01T04:23:48.158659
2026-07-01T19:00,23.6,43,10.3,21.7,0,0.0,0.0,0.0,0.0,0.0,0,1021.5,985.5,0,32960.0,13.7,29.9,luxembourg,2026-07-01T04:23:48.158659
2026-07-01T20:00,22.5,49,11.3,21.3,0,0.0,0.0,0.0,0.0,0.0,0,1022.4,986.2,0,29440.0,11.2,27.4,luxembourg,2026-07-01T04:23:48.158659
2026-07-01T21:00,21.5,53,11.5,20.5,0,0.0,0.0,0.0,0.0,0.0,0,1022.9,986.6,0,50000.0,9.7,21.2,luxembourg,2026-07-01T04:23:48.158659
2026-07-01T22:00,20.6,56,11.6,19.8,0,0.0,0.0,0.0,0.0,0.0,0,1023.4,987.0,0,25700.0,9.0,18.4,luxembourg,2026-07-01T04:23:48.158659
2026-07-01T23:00,19.7,62,12.3,19.2,0,0.0,0.0,0.0,0.0,0.0,0,1023.6,987.0,0,50000.0,8.3,16.2,luxembourg,2026-07-01T04:23:48.158659
2026-07-01T00:00,25.3,88,23.2,30.3,10,0.0,0.0,0.0,0.0,0.0,0,1009.7,1005.2,14,7400.0,4.0,7.2,kuala_lumpur,2026-07-01T04:23:50.634272
2026-07-01T01:00,26.7,84,23.8,31.9,4,0.0,0.0,0.0,0.0,0.0,1,1010.7,1006.2,45,8380.0,5.2,13.3,kuala_lumpur,2026-07-01T04:23:50.634272
2026-07-01T02:00,28.3,77,23.8,33.3,1,0.0,0.0,0.0,0.0,0.0,2,1011.1,1006.6,67,9520.0,6.0,17.3,kuala_lumpur,2026-07-01T04:23:50.634272
2026-07-01T03:00,29.5,71,23.7,34.4,2,0.0,0.0,0.0,0.0,0.0,3,1011.0,1006.6,98,9520.0,7.6,21.2,kuala_lumpur,2026-07-01T04:23:50.634272
2026-07-01T04:00,30.7,68,24.1,36.7,7,0.0,0.0,0.0,0.0,0.0,3,1010.6,1006.2,93,10660.0,8.0,24.1,kuala_lumpur,2026-07-01T04:23:50.634272
2026-07-01T05:00,31.2,66,24.0,37.5,17,0.0,0.0,0.0,0.0,0.0,3,1010.3,1005.9,80,10660.0,7.9,24.5,kuala_lumpur,2026-07-01T04:23:50.634272
2026-07-01T06:00,30.2,70,24.1,36.1,29,1.1,0.0,1.1,0.0,0.0,95,1009.4,1005.0,57,3260.0,10.7,28.8,kuala_lumpur,2026-07-01T04:23:50.634272
2026-07-01T07:00,27.5,84,24.6,33.2,49,6.7,0.0,6.7,0.0,0.0,96,1009.0,1004.5,92,2020.0,8.7,27.7,kuala_lumpur,2026-07-01T04:23:50.634272
2026-07-01T08:00,25.7,93,24.5,30.3,72,3.7,1.7,2.0,0.0,0.0,81,1008.5,1004.0,83,2560.0,12.4,32.0,kuala_lumpur,2026-07-01T04:23:50.634272
2026-07-01T09:00,27.2,83,24.1,32.5,84,0.5,0.5,0.0,0.0,0.0,53,1007.7,1003.2,98,5100.0,5.6,26.6,kuala_lumpur,2026-07-01T04:23:50.634272
2026-07-01T10:00,27.5,82,24.1,33.3,76,0.1,0.1,0.0,0.0,0.0,51,1008.2,1003.7,98,8120.0,2.4,15.5,kuala_lumpur,2026-07-01T04:23:50.634272
2026-07-01T11:00,27.0,86,24.5,33.2,56,0.0,0.0,0.0,0.0,0.0,3,1008.6,1004.1,98,7420.0,1.4,7.6,kuala_lumpur,2026-07-01T04:23:50.634272
2026-07-01T12:00,26.7,90,24.9,33.2,39,0.0,0.0,0.0,0.0,0.0,3,1009.1,1004.6,98,7420.0,0.8,4.0,kuala_lumpur,2026-07-01T04:23:50.634272
2026-07-01T13:00,24.4,94,23.5,29.0,28,1.5,0.6,0.9,0.0,0.0,80,1010.5,1006.0,100,2640.0,8.1,23.4,kuala_lumpur,2026-07-01T04:23:50.634272
2026-07-01T14:00,24.3,97,23.8,29.3,18,0.9,0.9,0.0,0.0,0.0,53,1010.6,1006.1,67,2860.0,7.0,14.0,kuala_lumpur,2026-07-01T04:23:50.634272
2026-07-01T15:00,24.2,99,23.9,29.6,12,0.2,0.2,0.0,0.0,0.0,51,1011.3,1006.8,9,3740.0,3.7,14.8,kuala_lumpur,2026-07-01T04:23:50.634272
2026-07-01T16:00,24.1,98,23.8,29.9,11,0.1,0.1,0.0,0.0,0.0,51,1011.9,1007.4,25,4220.0,1.0,8.3,kuala_lumpur,2026-07-01T04:23:50.634272
2026-07-01T17:00,24.1,99,23.9,29.7,14,0.0,0.0,0.0,0.0,0.0,1,1011.5,1007.0,32,4500.0,2.5,5.4,kuala_lumpur,2026-07-01T04:23:50.634272
2026-07-01T18:00,24.1,98,23.7,29.7,16,0.0,0.0,0.0,0.0,0.0,1,1010.8,1006.3,43,4180.0,2.4,6.1,kuala_lumpur,2026-07-01T04:23:50.634272
2026-07-01T19:00,24.3,96,23.6,29.7,17,0.0,0.0,0.0,0.0,0.0,3,1010.2,1005.7,90,5460.0,2.5,4.7,kuala_lumpur,2026-07-01T04:23:50.634272
2026-07-01T20:00,24.4,94,23.4,29.9,17,0.0,0.0,0.0,0.0,0.0,3,1009.8,1005.3,88,5840.0,1.3,4.7,kuala_lumpur,2026-07-01T04:23:50.634272
2026-07-01T21:00,24.0,95,23.2,29.4,18,0.3,0.0,0.3,0.0,0.0,51,1009.8,1005.3,100,3100.0,1.3,3.2,kuala_lumpur,2026-07-01T04:23:50.634272
2026-07-01T22:00,23.5,95,22.7,27.5,20,1.0,0.4,0.6,0.0,0.0,55,1009.6,1005.1,100,4120.0,8.7,15.8,kuala_lumpur,2026-07-01T04:23:50.634272
2026-07-01T23:00,23.6,95,22.7,28.4,23,0.1,0.1,0.0,0.0,0.0,51,1009.7,1005.2,96,5840.0,3.6,16.9,kuala_lumpur,2026-07-01T04:23:50.634272
2026-07-01T00:00,26.6,84,23.6,31.2,0,0.0,0.0,0.0,0.0,0.0,0,1015.0,1008.7,0,27580.0,8.3,15.1,valletta,2026-07-01T04:23:53.140534
2026-07-01T01:00,26.3,87,23.9,31.0,0,0.0,0.0,0.0,0.0,0.0,0,1014.5,1008.2,0,25000.0,9.0,16.6,valletta,2026-07-01T04:23:53.140534
2026-07-01T02:00,26.1,88,24.0,30.8,0,0.0,0.0,0.0,0.0,0.0,0,1014.0,1007.7,10,23380.0,9.3,17.6,valletta,2026-07-01T04:23:53.140534
2026-07-01T03:00,25.8,93,24.6,30.8,0,0.0,0.0,0.0,0.0,0.0,1,1013.6,1007.3,38,17020.0,10.3,19.1,valletta,2026-07-01T04:23:53.140534
2026-07-01T04:00,25.8,93,24.6,30.8,0,0.0,0.0,0.0,0.0,0.0,1,1014.1,1007.8,40,16200.0,10.0,19.8,valletta,2026-07-01T04:23:53.140534
2026-07-01T05:00,26.5,91,24.9,31.6,0,0.0,0.0,0.0,0.0,0.0,2,1014.0,1007.7,46,16700.0,10.0,18.7,valletta,2026-07-01T04:23:53.140534
2026-07-01T06:00,27.8,79,23.8,32.0,0,0.0,0.0,0.0,0.0,0.0,1,1014.3,1008.0,34,28880.0,12.6,26.3,valletta,2026-07-01T04:23:53.140534
2026-07-01T07:00,29.3,70,23.3,32.9,0,0.0,0.0,0.0,0.0,0.0,1,1013.8,1007.5,32,34640.0,14.0,29.9,valletta,2026-07-01T04:23:53.140534
2026-07-01T08:00,30.6,63,22.7,34.0,0,0.0,0.0,0.0,0.0,0.0,1,1014.1,1007.8,28,37200.0,14.8,32.0,valletta,2026-07-01T04:23:53.140534
2026-07-01T09:00,31.6,58,22.3,35.6,0,0.0,0.0,0.0,0.0,0.0,1,1014.0,1007.8,26,38920.0,15.3,33.5,valletta,2026-07-01T04:23:53.140534
2026-07-01T10:00,32.3,55,22.1,36.5,0,0.0,0.0,0.0,0.0,0.0,1,1014.3,1008.1,24,39520.0,16.3,35.6,valletta,2026-07-01T04:23:53.140534
2026-07-01T11:00,32.6,53,21.7,36.9,0,0.0,0.0,0.0,0.0,0.0,1,1013.8,1007.6,16,39800.0,16.6,36.4,valletta,2026-07-01T04:23:53.140534
2026-07-01T12:00,32.7,53,21.8,36.9,0,0.0,0.0,0.0,0.0,0.0,1,1013.7,1007.5,12,39880.0,17.4,38.2,valletta,2026-07-01T04:23:53.140534
2026-07-01T13:00,32.4,53,21.6,36.1,0,0.0,0.0,0.0,0.0,0.0,1,1013.5,1007.3,7,39940.0,18.4,40.0,valletta,2026-07-01T04:23:53.140534
2026-07-01T14:00,31.8,57,22.2,35.0,0,0.0,0.0,0.0,0.0,0.0,1,1013.2,1007.0,14,39080.0,20.0,43.2,valletta,2026-07-01T04:23:53.140534
2026-07-01T15:00,30.9,62,22.8,33.6,0,0.0,0.0,0.0,0.0,0.0,1,1013.0,1006.8,30,37440.0,20.7,44.3,valletta,2026-07-01T04:23:53.140534
2026-07-01T16:00,30.3,61,21.9,32.1,0,0.0,0.0,0.0,0.0,0.0,0,1012.7,1006.5,0,39160.0,20.5,43.9,valletta,2026-07-01T04:23:53.140534
2026-07-01T17:00,29.1,71,23.3,32.0,0,0.0,0.0,0.0,0.0,0.0,1,1013.0,1006.7,28,34600.0,18.4,42.5,valletta,2026-07-01T04:23:53.140534
2026-07-01T18:00,28.2,71,22.4,30.9,0,0.0,0.0,0.0,0.0,0.0,1,1013.1,1006.8,6,35740.0,16.8,37.8,valletta,2026-07-01T04:23:53.140534
2026-07-01T19:00,27.4,79,23.4,30.9,0,0.0,0.0,0.0,0.0,0.0,0,1013.1,1006.8,0,31700.0,15.1,33.1,valletta,2026-07-01T04:23:53.140534
2026-07-01T20:00,26.9,85,24.1,30.9,0,0.0,0.0,0.0,0.0,0.0,0,1013.4,1007.1,11,25880.0,14.2,29.5,valletta,2026-07-01T04:23:53.140534
2026-07-01T21:00,26.5,90,24.7,30.9,0,0.0,0.0,0.0,0.0,0.0,1,1013.4,1007.1,37,19940.0,15.1,28.4,valletta,2026-07-01T04:23:53.140534
2026-07-01T22:00,26.3,89,24.3,30.3,0,0.0,0.0,0.0,0.0,0.0,1,1013.3,1007.0,37,20960.0,15.9,30.2,valletta,2026-07-01T04:23:53.140534
2026-07-01T23:00,26.3,87,23.9,29.8,0,0.0,0.0,0.0,0.0,0.0,1,1013.2,1006.9,31,24100.0,17.0,33.1,valletta,2026-07-01T04:23:53.140534
2026-07-01T00:00,16.9,78,13.0,17.8,98,0.4,0.4,0.0,0.0,0.0,51,1017.0,787.1,97,10240.0,0.6,17.3,mexico_city,2026-07-01T04:23:55.618465
2026-07-01T01:00,16.6,81,13.3,17.5,88,0.1,0.1,0.0,0.0,0.0,51,1017.6,787.3,91,28760.0,0.8,11.2,mexico_city,2026-07-01T04:23:55.618465
2026-07-01T02:00,16.4,81,13.2,17.3,72,0.0,0.0,0.0,0.0,0.0,3,1017.9,787.4,99,30680.0,0.8,8.6,mexico_city,2026-07-01T04:23:55.618465
2026-07-01T03:00,16.2,84,13.6,17.0,55,0.0,0.0,0.0,0.0,0.0,3,1018.4,787.7,99,27520.0,2.6,6.8,mexico_city,2026-07-01T04:23:55.618465
2026-07-01T04:00,15.9,86,13.6,16.5,36,0.0,0.0,0.0,0.0,0.0,3,1019.1,788.0,99,13200.0,3.4,8.6,mexico_city,2026-07-01T04:23:55.618465
2026-07-01T05:00,15.5,91,14.0,16.3,16,0.1,0.1,0.0,0.0,0.0,51,1019.8,788.2,99,7740.0,2.9,11.9,mexico_city,2026-07-01T04:23:55.618465
2026-07-01T06:00,15.3,89,13.5,16.2,2,0.0,0.0,0.0,0.0,0.0,3,1019.8,788.1,100,12220.0,1.1,9.7,mexico_city,2026-07-01T04:23:55.618465
2026-07-01T07:00,15.5,86,13.1,16.4,0,0.0,0.0,0.0,0.0,0.0,3,1019.4,787.9,98,28700.0,0.3,5.8,mexico_city,2026-07-01T04:23:55.618465
2026-07-01T08:00,14.9,87,12.8,15.4,5,0.0,0.0,0.0,0.0,0.0,2,1019.1,787.3,53,24320.0,1.9,7.2,mexico_city,2026-07-01T04:23:55.618465
2026-07-01T09:00,14.2,90,12.5,14.7,10,0.0,0.0,0.0,0.0,0.0,2,1018.9,786.7,68,10980.0,1.7,13.3,mexico_city,2026-07-01T04:23:55.618465
2026-07-01T10:00,13.2,95,12.4,13.7,14,0.8,0.0,0.8,0.0,0.0,53,1019.6,786.5,100,3160.0,1.6,13.7,mexico_city,2026-07-01T04:23:55.618465
2026-07-01T11:00,13.0,96,12.4,13.5,19,0.8,0.3,0.5,0.0,0.0,53,1020.3,786.9,94,5520.0,1.0,11.9,mexico_city,2026-07-01T04:23:55.618465
2026-07-01T12:00,12.7,96,12.0,13.0,22,0.1,0.1,0.0,0.0,0.0,51,1020.3,786.7,89,16160.0,2.4,8.6,mexico_city,2026-07-01T04:23:55.618465
2026-07-01T13:00,12.8,94,11.8,13.0,21,0.0,0.0,0.0,0.0,0.0,3,1020.6,787.0,96,5900.0,2.2,9.4,mexico_city,2026-07-01T04:23:55.618465
2026-07-01T14:00,13.3,90,11.7,13.6,17,0.0,0.0,0.0,0.0,0.0,3,1021.0,787.6,100,16820.0,1.2,9.7,mexico_city,2026-07-01T04:23:55.618465
2026-07-01T15:00,13.8,88,11.8,13.8,16,0.0,0.0,0.0,0.0,0.0,1,1020.9,788.0,34,15980.0,3.5,13.3,mexico_city,2026-07-01T04:23:55.618465
2026-07-01T16:00,16.8,75,12.3,17.2,18,0.0,0.0,0.0,0.0,0.0,3,1019.9,789.2,84,31200.0,2.0,15.5,mexico_city,2026-07-01T04:23:55.618465
2026-07-01T17:00,18.2,70,12.6,18.5,22,0.0,0.0,0.0,0.0,0.0,0,1018.3,789.0,2,37940.0,3.7,18.4,mexico_city,2026-07-01T04:23:55.618465
2026-07-01T18:00,20.9,59,12.6,23.2,31,0.0,0.0,0.0,0.0,0.0,0,1016.4,789.3,8,20940.0,5.4,24.1,mexico_city,2026-07-01T04:23:55.618465
2026-07-01T19:00,21.5,54,11.7,23.6,51,0.1,0.1,0.0,0.0,0.0,51,1015.5,788.9,29,8500.0,8.0,28.1,mexico_city,2026-07-01T04:23:55.618465
2026-07-01T20:00,19.2,59,11.1,20.2,75,0.5,0.2,0.3,0.0,0.0,53,1016.1,787.9,86,35420.0,7.3,35.6,mexico_city,2026-07-01T04:23:55.618465
2026-07-01T21:00,20.9,49,9.9,20.9,94,0.0,0.0,0.0,0.0,0.0,3,1014.4,787.7,90,45880.0,3.4,26.6,mexico_city,2026-07-01T04:23:55.618465
2026-07-01T22:00,16.9,71,11.6,15.6,100,1.1,0.0,1.1,0.0,0.0,55,1015.9,786.2,98,3140.0,12.2,28.4,mexico_city,2026-07-01T04:23:55.618465
2026-07-01T23:00,16.6,78,12.7,17.0,100,1.9,0.5,1.4,0.0,0.0,80,1016.4,786.4,95,6120.0,2.5,32.0,mexico_city,2026-07-01T04:23:55.618465
2026-07-01T00:00,24.6,67,18.0,26.9,0,0.0,0.0,0.0,0.0,0.0,0,1015.9,1005.5,0,39180.0,4.2,9.7,chisinau,2026-07-01T04:24:33.303130
2026-07-01T01:00,23.6,72,18.3,26.0,0,0.0,0.0,0.0,0.0,0.0,0,1015.8,1005.3,0,37480.0,4.2,10.4,chisinau,2026-07-01T04:24:33.303130
2026-07-01T02:00,23.0,74,18.1,25.4,0,0.0,0.0,0.0,0.0,0.0,0,1015.6,1005.1,0,36640.0,3.7,10.4,chisinau,2026-07-01T04:24:33.303130
2026-07-01T03:00,22.6,76,18.2,25.2,0,0.0,0.0,0.0,0.0,0.0,0,1015.7,1005.2,1,35500.0,3.1,9.4,chisinau,2026-07-01T04:24:33.303130
2026-07-01T04:00,23.6,77,19.3,26.6,0,0.0,0.0,0.0,0.0,0.0,0,1015.5,1005.0,4,34860.0,3.1,8.3,chisinau,2026-07-01T04:24:33.303130
2026-07-01T05:00,25.9,66,19.0,28.4,0,0.0,0.0,0.0,0.0,0.0,2,1015.9,1005.5,45,38740.0,5.8,14.4,chisinau,2026-07-01T04:24:33.303130
2026-07-01T06:00,26.9,61,18.8,28.7,0,0.0,0.0,0.0,0.0,0.0,1,1015.6,1005.3,13,39660.0,10.2,23.8,chisinau,2026-07-01T04:24:33.303130
2026-07-01T07:00,28.1,59,19.3,30.3,0,0.0,0.0,0.0,0.0,0.0,0,1015.5,1005.2,0,39840.0,10.3,25.2,chisinau,2026-07-01T04:24:33.303130
2026-07-01T08:00,29.4,53,18.8,31.9,0,0.0,0.0,0.0,0.0,0.0,1,1015.1,1004.8,8,40680.0,11.8,28.1,chisinau,2026-07-01T04:24:33.303130
2026-07-01T09:00,30.4,48,18.1,33.1,0,0.0,0.0,0.0,0.0,0.0,1,1014.8,1004.6,42,41280.0,12.0,29.2,chisinau,2026-07-01T04:24:33.303130
2026-07-01T10:00,31.1,45,17.7,33.7,0,0.0,0.0,0.0,0.0,0.0,2,1014.2,1004.0,44,41800.0,11.8,28.8,chisinau,2026-07-01T04:24:33.303130
2026-07-01T11:00,31.6,43,17.5,34.3,0,0.0,0.0,0.0,0.0,0.0,1,1013.9,1003.7,38,42120.0,11.5,28.4,chisinau,2026-07-01T04:24:33.303130
2026-07-01T12:00,32.0,42,17.5,34.5,0,0.0,0.0,0.0,0.0,0.0,1,1013.5,1003.3,37,42240.0,11.3,27.7,chisinau,2026-07-01T04:24:33.303130
2026-07-01T13:00,32.3,41,17.4,34.3,0,0.0,0.0,0.0,0.0,0.0,1,1013.1,1003.0,39,42600.0,11.3,27.4,chisinau,2026-07-01T04:24:33.303130
2026-07-01T14:00,32.2,41,17.3,33.4,0,0.0,0.0,0.0,0.0,0.0,1,1012.3,1002.2,44,42660.0,10.7,26.6,chisinau,2026-07-01T04:24:33.303130
2026-07-01T15:00,31.8,43,17.6,33.0,0,0.0,0.0,0.0,0.0,0.0,2,1011.8,1001.7,48,42320.0,10.2,25.6,chisinau,2026-07-01T04:24:33.303130
2026-07-01T16:00,31.2,45,17.9,32.6,0,0.0,0.0,0.0,0.0,0.0,2,1011.5,1001.3,50,42160.0,9.7,24.1,chisinau,2026-07-01T04:24:33.303130
2026-07-01T17:00,30.4,47,17.8,31.9,0,0.0,0.0,0.0,0.0,0.0,2,1011.6,1001.4,49,41940.0,8.7,22.0,chisinau,2026-07-01T04:24:33.303130
2026-07-01T18:00,29.1,52,18.2,31.5,0,0.0,0.0,0.0,0.0,0.0,2,1011.6,1001.4,46,41460.0,3.8,18.4,chisinau,2026-07-01T04:24:33.303130
2026-07-01T19:00,27.8,57,18.5,30.5,0,0.0,0.0,0.0,0.0,0.0,2,1011.7,1001.4,45,40980.0,2.9,8.6,chisinau,2026-07-01T04:24:33.303130
2026-07-01T20:00,26.9,60,18.5,29.8,0,0.0,0.0,0.0,0.0,0.0,2,1011.4,1001.1,70,40660.0,2.0,6.8,chisinau,2026-07-01T04:24:33.303130
2026-07-01T21:00,26.1,62,18.2,28.8,0,0.0,0.0,0.0,0.0,0.0,3,1011.2,1000.9,98,40280.0,1.9,4.3,chisinau,2026-07-01T04:24:33.303130
2026-07-01T22:00,24.6,72,19.2,27.5,0,0.0,0.0,0.0,0.0,0.0,1,1010.9,1000.5,36,37400.0,3.3,6.8,chisinau,2026-07-01T04:24:33.303130
2026-07-01T23:00,23.5,76,19.0,26.4,0,0.0,0.0,0.0,0.0,0.0,0,1010.8,1000.4,0,35420.0,3.6,7.9,chisinau,2026-07-01T04:24:33.303130
2026-07-01T00:00,21.9,95,21.0,25.9,0,0.0,0.0,0.0,0.0,0.0,0,1015.6,998.5,15,7620.0,2.5,8.6,casablanca,2026-07-01T04:25:10.970869
2026-07-01T01:00,21.6,96,21.0,25.5,0,0.0,0.0,0.0,0.0,0.0,45,1014.9,997.8,20,6380.0,3.2,8.6,casablanca,2026-07-01T04:25:10.970869
2026-07-01T02:00,21.5,97,21.0,25.5,0,0.0,0.0,0.0,0.0,0.0,45,1014.3,997.2,30,5040.0,2.5,9.4,casablanca,2026-07-01T04:25:10.970869
2026-07-01T03:00,21.1,98,20.8,25.1,0,0.0,0.0,0.0,0.0,0.0,45,1014.0,996.9,45,3900.0,1.9,6.5,casablanca,2026-07-01T04:25:10.970869
2026-07-01T04:00,20.9,99,20.7,24.8,0,0.0,0.0,0.0,0.0,0.0,45,1014.0,996.9,57,2560.0,1.9,4.0,casablanca,2026-07-01T04:25:10.970869
2026-07-01T05:00,20.7,99,20.5,24.5,0,0.0,0.0,0.0,0.0,0.0,45,1013.7,996.5,76,1940.0,1.8,4.7,casablanca,2026-07-01T04:25:10.970869
2026-07-01T06:00,20.8,98,20.4,24.7,0,0.0,0.0,0.0,0.0,0.0,45,1013.6,996.5,45,3500.0,1.3,5.0,casablanca,2026-07-01T04:25:10.970869
2026-07-01T07:00,21.8,94,20.8,25.9,0,0.0,0.0,0.0,0.0,0.0,1,1014.0,996.9,38,1640.0,0.5,7.9,casablanca,2026-07-01T04:25:10.970869
2026-07-01T08:00,23.9,81,20.5,27.6,0,0.0,0.0,0.0,0.0,0.0,0,1014.2,997.2,9,17020.0,3.1,12.2,casablanca,2026-07-01T04:25:10.970869
2026-07-01T09:00,26.5,67,19.9,29.4,0,0.0,0.0,0.0,0.0,0.0,0,1014.5,997.7,0,31680.0,6.3,20.5,casablanca,2026-07-01T04:25:10.970869
2026-07-01T10:00,28.9,54,18.6,32.0,0,0.0,0.0,0.0,0.0,0.0,0,1014.1,997.4,0,40180.0,8.6,28.4,casablanca,2026-07-01T04:25:10.970869
2026-07-01T11:00,30.7,41,16.0,33.2,0,0.0,0.0,0.0,0.0,0.0,0,1014.0,997.4,0,41880.0,10.1,32.8,casablanca,2026-07-01T04:25:10.970869
2026-07-01T12:00,32.0,36,15.1,34.4,0,0.0,0.0,0.0,0.0,0.0,0,1013.4,996.9,0,43340.0,12.0,37.8,casablanca,2026-07-01T04:25:10.970869
2026-07-01T13:00,32.9,34,14.9,35.0,0,0.0,0.0,0.0,0.0,0.0,0,1013.2,996.7,0,43800.0,13.8,42.5,casablanca,2026-07-01T04:25:10.970869
2026-07-01T14:00,32.8,31,13.4,34.1,0,0.0,0.0,0.0,0.0,0.0,0,1012.8,996.3,0,45100.0,14.3,43.9,casablanca,2026-07-01T04:25:10.970869
2026-07-01T15:00,32.1,34,14.3,33.5,0,0.0,0.0,0.0,0.0,0.0,0,1012.6,996.1,0,43560.0,13.1,43.6,casablanca,2026-07-01T04:25:10.970869
2026-07-01T16:00,30.8,42,16.4,32.5,0,0.0,0.0,0.0,0.0,0.0,0,1012.2,995.6,0,40860.0,11.6,40.7,casablanca,2026-07-01T04:25:10.970869
2026-07-01T17:00,29.9,50,18.4,31.7,0,0.0,0.0,0.0,0.0,0.0,0,1011.9,995.3,0,39860.0,10.0,36.0,casablanca,2026-07-01T04:25:10.970869
2026-07-01T18:00,29.2,54,18.9,31.2,0,0.0,0.0,0.0,0.0,0.0,0,1011.6,995.0,0,37540.0,9.0,31.3,casablanca,2026-07-01T04:25:10.970869
2026-07-01T19:00,27.9,61,19.7,30.6,0,0.0,0.0,0.0,0.0,0.0,0,1011.4,994.7,0,28280.0,6.6,27.4,casablanca,2026-07-01T04:25:10.970869
2026-07-01T20:00,26.3,68,19.9,29.6,0,0.0,0.0,0.0,0.0,0.0,0,1011.5,994.7,0,22740.0,4.0,20.2,casablanca,2026-07-01T04:25:10.970869
2026-07-01T21:00,25.2,73,20.0,28.6,0,0.0,0.0,0.0,0.0,0.0,0,1012.2,995.3,0,20740.0,3.1,14.4,casablanca,2026-07-01T04:25:10.970869
2026-07-01T22:00,24.4,78,20.3,27.7,0,0.0,0.0,0.0,0.0,0.0,0,1012.4,995.5,0,16880.0,4.3,13.3,casablanca,2026-07-01T04:25:10.970869
2026-07-01T23:00,23.8,83,20.7,27.5,0,0.0,0.0,0.0,0.0,0.0,0,1012.6,995.6,0,16340.0,3.7,13.0,casablanca,2026-07-01T04:25:10.970869
2026-07-01T00:00,26.9,45,13.9,27.7,0,0.0,0.0,0.0,0.0,0.0,0,1015.6,963.0,0,42000.0,2.6,5.4,marrakesh,2026-07-01T04:25:48.633360
2026-07-01T01:00,26.0,54,15.9,27.7,0,0.0,0.0,0.0,0.0,0.0,0,1014.9,962.2,0,41460.0,1.9,5.0,marrakesh,2026-07-01T04:25:48.633360
2026-07-01T02:00,24.8,55,15.2,26.1,0,0.0,0.0,0.0,0.0,0.0,0,1014.3,961.5,0,41040.0,3.3,6.5,marrakesh,2026-07-01T04:25:48.633360
2026-07-01T03:00,23.6,59,15.1,24.9,0,0.0,0.0,0.0,0.0,0.0,0,1014.2,961.2,0,40380.0,2.6,6.8,marrakesh,2026-07-01T04:25:48.633360
2026-07-01T04:00,22.9,62,15.2,24.2,0,0.0,0.0,0.0,0.0,0.0,0,1014.3,961.1,0,39740.0,2.9,6.8,marrakesh,2026-07-01T04:25:48.633360
2026-07-01T05:00,22.3,65,15.4,23.7,0,0.0,0.0,0.0,0.0,0.0,0,1014.4,961.1,0,39000.0,2.9,6.8,marrakesh,2026-07-01T04:25:48.633360
2026-07-01T06:00,21.6,68,15.5,23.1,0,0.0,0.0,0.0,0.0,0.0,0,1014.3,960.9,0,37960.0,2.5,6.5,marrakesh,2026-07-01T04:25:48.633360
2026-07-01T07:00,23.0,63,15.6,24.7,0,0.0,0.0,0.0,0.0,0.0,0,1014.4,961.2,0,37780.0,1.4,6.5,marrakesh,2026-07-01T04:25:48.633360
2026-07-01T08:00,26.2,52,15.6,28.0,0,0.0,0.0,0.0,0.0,0.0,0,1014.3,961.7,1,41560.0,0.5,6.1,marrakesh,2026-07-01T04:25:48.633360
2026-07-01T09:00,29.2,42,15.0,30.5,0,0.0,0.0,0.0,0.0,0.0,0,1013.9,961.8,0,42100.0,2.3,10.4,marrakesh,2026-07-01T04:25:48.633360
2026-07-01T10:00,32.5,32,13.6,34.2,0,0.0,0.0,0.0,0.0,0.0,0,1013.0,961.5,0,44760.0,3.9,14.8,marrakesh,2026-07-01T04:25:48.633360
2026-07-01T11:00,35.8,24,12.1,37.7,0,0.0,0.0,0.0,0.0,0.0,0,1012.5,961.6,0,49460.0,5.6,19.8,marrakesh,2026-07-01T04:25:48.633360
2026-07-01T12:00,38.6,20,11.6,40.5,0,0.0,0.0,0.0,0.0,0.0,0,1011.5,961.1,0,53100.0,7.8,25.6,marrakesh,2026-07-01T04:25:48.633360
2026-07-01T13:00,40.5,16,9.8,41.6,0,0.0,0.0,0.0,0.0,0.0,0,1010.6,960.5,0,57240.0,10.2,31.0,marrakesh,2026-07-01T04:25:48.633360
2026-07-01T14:00,41.6,11,5.2,41.5,0,0.0,0.0,0.0,0.0,0.0,0,1009.7,959.8,0,65440.0,10.1,31.0,marrakesh,2026-07-01T04:25:48.633360
2026-07-01T15:00,42.1,10,4.2,41.2,0,0.0,0.0,0.0,0.0,0.0,0,1009.0,959.2,0,66580.0,10.2,31.3,marrakesh,2026-07-01T04:25:48.633360
2026-07-01T16:00,42.1,9,2.7,40.0,0,0.0,0.0,0.0,0.0,0.0,0,1008.7,958.9,0,68160.0,10.9,31.3,marrakesh,2026-07-01T04:25:48.633360
2026-07-01T17:00,41.4,11,5.0,38.6,0,0.0,0.0,0.0,0.0,0.0,0,1008.7,958.8,0,65900.0,11.5,33.5,marrakesh,2026-07-01T04:25:48.633360
2026-07-01T18:00,40.1,13,6.4,37.2,0,0.0,0.0,0.0,0.0,0.0,2,1009.1,959.0,33,63040.0,13.3,36.7,marrakesh,2026-07-01T04:25:48.633360
2026-07-01T19:00,38.5,13,5.2,35.7,3,0.0,0.0,0.0,0.0,0.0,3,1009.7,959.3,100,63640.0,11.3,37.4,marrakesh,2026-07-01T04:25:48.633360
2026-07-01T20:00,36.3,15,5.5,33.8,0,0.0,0.0,0.0,0.0,0.0,3,1010.6,959.8,100,61900.0,9.4,29.9,marrakesh,2026-07-01T04:25:48.633360
2026-07-01T21:00,34.3,17,5.7,32.4,0,0.0,0.0,0.0,0.0,0.0,2,1011.6,960.5,72,59340.0,5.2,24.8,marrakesh,2026-07-01T04:25:48.633360
2026-07-01T22:00,32.1,20,6.3,30.4,0,0.0,0.0,0.0,0.0,0.0,1,1012.7,961.2,6,55340.0,5.1,12.6,marrakesh,2026-07-01T04:25:48.633360
2026-07-01T23:00,30.9,25,8.6,30.2,0,0.0,0.0,0.0,0.0,0.0,3,1012.9,961.2,91,53060.0,1.9,11.5,marrakesh,2026-07-01T04:25:48.633360
2026-07-01T00:00,17.5,70,12.0,16.9,0,0.0,0.0,0.0,0.0,0.0,0,1021.3,1019.0,0,50000.0,8.6,10.4,amsterdam,2026-07-01T04:27:06.646943
2026-07-01T01:00,17.5,68,11.5,17.0,0,0.0,0.0,0.0,0.0,0.0,0,1020.9,1018.6,0,50000.0,6.1,7.9,amsterdam,2026-07-01T04:27:06.646943
2026-07-01T02:00,16.9,72,11.8,16.4,0,0.0,0.0,0.0,0.0,0.0,0,1020.5,1018.2,0,18640.0,7.6,9.7,amsterdam,2026-07-01T04:27:06.646943
2026-07-01T03:00,16.7,71,11.4,16.4,0,0.0,0.0,0.0,0.0,0.0,0,1020.1,1017.8,2,19160.0,4.7,9.4,amsterdam,2026-07-01T04:27:06.646943
2026-07-01T04:00,16.3,72,11.2,15.9,0,0.0,0.0,0.0,0.0,0.0,1,1020.1,1017.8,21,18480.0,5.0,5.4,amsterdam,2026-07-01T04:27:06.646943
2026-07-01T05:00,17.2,73,12.3,17.3,0,0.0,0.0,0.0,0.0,0.0,3,1020.2,1017.9,99,18160.0,4.3,9.0,amsterdam,2026-07-01T04:27:06.646943
2026-07-01T06:00,18.2,70,12.6,18.2,0,0.0,0.0,0.0,0.0,0.0,3,1020.6,1018.3,100,19700.0,5.4,12.6,amsterdam,2026-07-01T04:27:06.646943
2026-07-01T07:00,19.5,67,13.2,19.5,2,0.0,0.0,0.0,0.0,0.0,1,1021.0,1018.7,40,50000.0,6.8,17.3,amsterdam,2026-07-01T04:27:06.646943
2026-07-01T08:00,20.8,62,13.3,20.8,6,0.0,0.0,0.0,0.0,0.0,1,1021.3,1019.0,24,23880.0,7.6,19.4,amsterdam,2026-07-01T04:27:06.646943
2026-07-01T09:00,22.1,54,12.3,22.1,12,0.0,0.0,0.0,0.0,0.0,0,1021.4,1019.1,1,28200.0,7.9,20.9,amsterdam,2026-07-01T04:27:06.646943
2026-07-01T10:00,23.3,48,11.6,24.0,24,0.0,0.0,0.0,0.0,0.0,0,1021.4,1019.2,0,31880.0,7.2,21.2,amsterdam,2026-07-01T04:27:06.646943
2026-07-01T11:00,24.2,45,11.5,25.5,38,0.0,0.0,0.0,0.0,0.0,0,1021.5,1019.3,0,33440.0,6.5,20.5,amsterdam,2026-07-01T04:27:06.646943
2026-07-01T12:00,25.3,42,11.5,27.2,45,0.0,0.0,0.0,0.0,0.0,0,1021.5,1019.3,0,35660.0,4.3,20.2,amsterdam,2026-07-01T04:27:06.646943
2026-07-01T13:00,26.2,35,9.5,26.0,37,0.0,0.0,0.0,0.0,0.0,0,1021.8,1019.6,0,50000.0,11.9,28.8,amsterdam,2026-07-01T04:27:06.646943
2026-07-01T14:00,26.0,34,8.9,25.1,22,0.0,0.0,0.0,0.0,0.0,0,1021.7,1019.5,0,50000.0,14.0,34.2,amsterdam,2026-07-01T04:27:06.646943
2026-07-01T15:00,25.5,36,9.3,23.9,10,0.0,0.0,0.0,0.0,0.0,0,1021.7,1019.5,0,39440.0,15.5,32.8,amsterdam,2026-07-01T04:27:06.646943
2026-07-01T16:00,24.6,40,10.1,22.4,4,0.0,0.0,0.0,0.0,0.0,0,1021.7,1019.5,0,36940.0,16.6,33.5,amsterdam,2026-07-01T04:27:06.646943
2026-07-01T17:00,23.6,43,10.3,21.5,2,0.0,0.0,0.0,0.0,0.0,0,1021.7,1019.4,0,35100.0,15.1,33.5,amsterdam,2026-07-01T04:27:06.646943
2026-07-01T18:00,22.7,47,10.8,21.2,0,0.0,0.0,0.0,0.0,0.0,0,1021.6,1019.3,0,32060.0,12.2,30.6,amsterdam,2026-07-01T04:27:06.646943
2026-07-01T19:00,21.9,50,11.0,20.7,0,0.0,0.0,0.0,0.0,0.0,1,1022.0,1019.7,45,30340.0,10.8,24.5,amsterdam,2026-07-01T04:27:06.646943
2026-07-01T20:00,21.2,52,10.9,20.2,0,0.0,0.0,0.0,0.0,0.0,0,1022.2,1019.9,19,29100.0,8.6,20.9,amsterdam,2026-07-01T04:27:06.646943
2026-07-01T21:00,20.8,55,11.4,20.5,0,0.0,0.0,0.0,0.0,0.0,3,1022.4,1020.1,91,50000.0,5.4,15.1,amsterdam,2026-07-01T04:27:06.646943
2026-07-01T22:00,20.6,55,11.3,19.9,0,0.0,0.0,0.0,0.0,0.0,2,1022.2,1019.9,60,27500.0,7.6,13.3,amsterdam,2026-07-01T04:27:06.646943
2026-07-01T23:00,20.0,69,14.2,19.8,0,0.0,0.0,0.0,0.0,0.0,0,1021.8,1019.5,2,50000.0,10.4,18.4,amsterdam,2026-07-01T04:27:06.646943
2026-07-01T00:00,16.8,74,12.1,16.2,2,0.0,0.0,0.0,0.0,0.0,0,1021.3,1020.1,0,50000.0,9.0,10.8,utrecht,2026-07-01T04:27:09.119525
2026-07-01T01:00,16.5,75,12.0,16.2,0,0.0,0.0,0.0,0.0,0.0,0,1021.1,1019.9,0,50000.0,6.1,7.9,utrecht,2026-07-01T04:27:09.119525
2026-07-01T02:00,15.8,74,11.1,15.5,0,0.0,0.0,0.0,0.0,0.0,0,1020.7,1019.5,0,17580.0,4.3,7.9,utrecht,2026-07-01T04:27:09.119525
2026-07-01T03:00,15.3,75,10.9,14.7,0,0.0,0.0,0.0,0.0,0.0,0,1020.3,1019.1,1,16900.0,6.1,7.2,utrecht,2026-07-01T04:27:09.119525
2026-07-01T04:00,15.2,77,11.2,14.7,0,0.0,0.0,0.0,0.0,0.0,0,1020.2,1019.0,0,15680.0,5.4,7.2,utrecht,2026-07-01T04:27:09.119525
2026-07-01T05:00,16.7,75,12.2,17.0,0,0.0,0.0,0.0,0.0,0.0,0,1020.4,1019.2,0,16640.0,2.2,6.5,utrecht,2026-07-01T04:27:09.119525
2026-07-01T06:00,18.3,70,12.7,18.7,0,0.0,0.0,0.0,0.0,0.0,0,1020.8,1019.6,0,19360.0,3.2,10.4,utrecht,2026-07-01T04:27:09.119525
2026-07-01T07:00,19.5,67,13.2,19.4,0,0.0,0.0,0.0,0.0,0.0,3,1021.2,1020.0,91,50000.0,7.6,18.0,utrecht,2026-07-01T04:27:09.119525
2026-07-01T08:00,20.6,64,13.5,20.6,0,0.0,0.0,0.0,0.0,0.0,0,1021.5,1020.3,9,22520.0,7.6,19.4,utrecht,2026-07-01T04:27:09.119525
2026-07-01T09:00,22.1,58,13.4,22.4,6,0.0,0.0,0.0,0.0,0.0,0,1021.6,1020.4,12,25540.0,8.6,22.0,utrecht,2026-07-01T04:27:09.119525
2026-07-01T10:00,23.5,52,13.1,24.5,22,0.0,0.0,0.0,0.0,0.0,0,1021.5,1020.3,13,29320.0,7.9,22.3,utrecht,2026-07-01T04:27:09.119525
2026-07-01T11:00,24.7,46,12.3,26.1,44,0.0,0.0,0.0,0.0,0.0,0,1021.5,1020.3,17,32300.0,6.5,21.6,utrecht,2026-07-01T04:27:09.119525
2026-07-01T12:00,26.2,39,11.1,27.2,57,0.0,0.0,0.0,0.0,0.0,0,1021.4,1020.2,0,36740.0,8.3,23.4,utrecht,2026-07-01T04:27:09.119525
2026-07-01T13:00,26.8,36,10.5,27.5,55,0.0,0.0,0.0,0.0,0.0,0,1021.5,1020.3,0,50000.0,9.0,24.8,utrecht,2026-07-01T04:27:09.119525
2026-07-01T14:00,27.1,33,9.4,26.5,44,0.0,0.0,0.0,0.0,0.0,0,1021.4,1020.2,0,50000.0,12.6,29.5,utrecht,2026-07-01T04:27:09.119525
2026-07-01T15:00,26.7,32,8.6,24.6,33,0.0,0.0,0.0,0.0,0.0,0,1021.4,1020.2,0,41960.0,17.3,36.4,utrecht,2026-07-01T04:27:09.119525
2026-07-01T16:00,25.8,35,9.2,23.4,21,0.0,0.0,0.0,0.0,0.0,0,1021.5,1020.3,0,39740.0,16.6,36.4,utrecht,2026-07-01T04:27:09.119525
2026-07-01T17:00,24.7,38,9.4,22.1,9,0.0,0.0,0.0,0.0,0.0,0,1021.5,1020.3,0,37620.0,16.6,34.2,utrecht,2026-07-01T04:27:09.119525
2026-07-01T18:00,23.6,42,9.9,21.4,0,0.0,0.0,0.0,0.0,0.0,0,1021.6,1020.4,0,34800.0,14.8,33.5,utrecht,2026-07-01T04:27:09.119525
2026-07-01T19:00,22.5,48,10.9,20.9,0,0.0,0.0,0.0,0.0,0.0,0,1021.9,1020.7,1,31140.0,12.6,28.8,utrecht,2026-07-01T04:27:09.119525
2026-07-01T20:00,21.7,51,11.1,20.7,0,0.0,0.0,0.0,0.0,0.0,0,1022.3,1021.1,1,29660.0,8.6,24.1,utrecht,2026-07-01T04:27:09.119525
2026-07-01T21:00,20.8,54,11.1,20.2,0,0.0,0.0,0.0,0.0,0.0,0,1022.5,1021.3,8,50000.0,6.5,15.5,utrecht,2026-07-01T04:27:09.119525
2026-07-01T22:00,20.3,61,12.5,20.1,0,0.0,0.0,0.0,0.0,0.0,2,1022.6,1021.4,69,24200.0,6.8,13.0,utrecht,2026-07-01T04:27:09.119525
2026-07-01T23:00,19.4,75,14.8,19.6,0,0.0,0.0,0.0,0.0,0.0,0,1022.2,1021.0,0,50000.0,9.4,16.2,utrecht,2026-07-01T04:27:09.119525
2026-07-01T00:00,12.1,75,7.8,10.7,0,0.0,0.0,0.0,0.0,0.0,0,1034.1,1031.9,18,13840.0,5.6,17.3,auckland,2026-07-01T04:27:11.632309
2026-07-01T01:00,13.1,70,7.6,11.7,0,0.0,0.0,0.0,0.0,0.0,1,1033.5,1031.3,21,19020.0,5.1,17.3,auckland,2026-07-01T04:27:11.632309
2026-07-01T02:00,13.5,65,7.0,11.9,0,0.0,0.0,0.0,0.0,0.0,0,1033.0,1030.8,2,17900.0,5.4,16.6,auckland,2026-07-01T04:27:11.632309
2026-07-01T03:00,13.5,65,6.9,11.8,0,0.0,0.0,0.0,0.0,0.0,0,1032.6,1030.4,1,17200.0,5.6,16.6,auckland,2026-07-01T04:27:11.632309
2026-07-01T04:00,13.3,65,6.9,11.7,0,0.0,0.0,0.0,0.0,0.0,0,1032.3,1030.1,2,18840.0,5.1,15.5,auckland,2026-07-01T04:27:11.632309
2026-07-01T05:00,11.7,77,7.9,10.5,0,0.0,0.0,0.0,0.0,0.0,0,1032.3,1030.1,2,44640.0,4.1,10.8,auckland,2026-07-01T04:27:11.632309
2026-07-01T06:00,10.7,81,7.5,9.2,0,0.0,0.0,0.0,0.0,0.0,0,1032.5,1030.3,3,44640.0,5.2,10.1,auckland,2026-07-01T04:27:11.632309
2026-07-01T07:00,9.9,84,7.4,8.5,0,0.0,0.0,0.0,0.0,0.0,0,1033.0,1030.8,2,39320.0,4.8,10.4,auckland,2026-07-01T04:27:11.632309
2026-07-01T08:00,9.1,86,7.0,7.7,0,0.0,0.0,0.0,0.0,0.0,0,1033.4,1031.2,2,39320.0,4.3,9.0,auckland,2026-07-01T04:27:11.632309
2026-07-01T09:00,8.7,87,6.7,7.2,0,0.0,0.0,0.0,0.0,0.0,0,1033.8,1031.5,3,39320.0,3.8,7.2,auckland,2026-07-01T04:27:11.632309
2026-07-01T10:00,8.1,89,6.4,6.6,0,0.0,0.0,0.0,0.0,0.0,0,1034.1,1031.8,12,2980.0,3.9,7.9,auckland,2026-07-01T04:27:11.632309
2026-07-01T11:00,7.7,92,6.5,6.0,0,0.0,0.0,0.0,0.0,0.0,2,1034.3,1032.0,56,260.0,5.2,10.8,auckland,2026-07-01T04:27:11.632309
2026-07-01T12:00,7.2,93,6.2,5.3,0,0.0,0.0,0.0,0.0,0.0,3,1034.4,1032.1,84,160.0,6.0,12.2,auckland,2026-07-01T04:27:11.632309
2026-07-01T13:00,6.9,93,5.9,4.9,0,0.0,0.0,0.0,0.0,0.0,3,1034.4,1032.1,95,120.0,7.0,14.8,auckland,2026-07-01T04:27:11.632309
2026-07-01T14:00,6.5,95,5.7,4.3,0,0.0,0.0,0.0,0.0,0.0,3,1034.4,1032.1,99,120.0,7.4,15.8,auckland,2026-07-01T04:27:11.632309
2026-07-01T15:00,6.2,97,5.7,3.9,0,0.0,0.0,0.0,0.0,0.0,3,1034.2,1031.9,99,120.0,8.3,17.3,auckland,2026-07-01T04:27:11.632309
2026-07-01T16:00,6.4,96,5.7,4.0,0,0.0,0.0,0.0,0.0,0.0,3,1033.9,1031.6,100,120.0,8.5,18.0,auckland,2026-07-01T04:27:11.632309
2026-07-01T17:00,6.0,98,5.7,3.6,0,0.0,0.0,0.0,0.0,0.0,3,1033.8,1031.5,100,140.0,8.8,18.4,auckland,2026-07-01T04:27:11.632309
2026-07-01T18:00,6.0,96,5.3,3.6,0,0.0,0.0,0.0,0.0,0.0,3,1034.0,1031.7,98,140.0,8.5,18.0,auckland,2026-07-01T04:27:11.632309
2026-07-01T19:00,6.1,94,5.1,3.7,0,0.0,0.0,0.0,0.0,0.0,3,1034.4,1032.1,89,140.0,8.0,18.0,auckland,2026-07-01T04:27:11.632309
2026-07-01T20:00,6.0,93,5.0,3.5,0,0.0,0.0,0.0,0.0,0.0,3,1035.0,1032.7,90,140.0,8.5,18.0,auckland,2026-07-01T04:27:11.632309
2026-07-01T21:00,6.5,95,5.7,4.3,0,0.0,0.0,0.0,0.0,0.0,3,1035.4,1033.1,98,140.0,7.6,18.7,auckland,2026-07-01T04:27:11.632309
2026-07-01T22:00,7.4,96,6.9,5.6,0,0.0,0.0,0.0,0.0,0.0,3,1035.5,1033.2,83,220.0,6.7,17.6,auckland,2026-07-01T04:27:11.632309
2026-07-01T23:00,9.1,96,8.5,7.9,0,0.0,0.0,0.0,0.0,0.0,1,1035.4,1033.1,33,1980.0,5.2,17.3,auckland,2026-07-01T04:27:11.632309
2026-07-01T00:00,25.1,93,23.8,29.9,20,0.0,0.0,0.0,0.0,0.0,2,1013.8,1012.8,72,14200.0,7.7,13.3,lagos,2026-07-01T04:27:14.075805
2026-07-01T01:00,25.1,93,23.8,29.8,12,0.0,0.0,0.0,0.0,0.0,3,1013.2,1012.2,95,10800.0,8.6,14.4,lagos,2026-07-01T04:27:14.075805
2026-07-01T02:00,25.1,93,23.9,29.7,13,0.0,0.0,0.0,0.0,0.0,3,1012.5,1011.5,95,12900.0,9.5,16.6,lagos,2026-07-01T04:27:14.075805
2026-07-01T03:00,25.1,93,23.9,29.9,16,0.0,0.0,0.0,0.0,0.0,3,1012.2,1011.2,98,13560.0,8.4,16.6,lagos,2026-07-01T04:27:14.075805
2026-07-01T04:00,25.2,93,23.9,30.0,18,0.0,0.0,0.0,0.0,0.0,3,1012.3,1011.3,95,13160.0,7.9,14.8,lagos,2026-07-01T04:27:14.075805
2026-07-01T05:00,25.0,94,24.0,30.2,22,0.0,0.0,0.0,0.0,0.0,3,1012.8,1011.8,96,9380.0,6.0,14.0,lagos,2026-07-01T04:27:14.075805
2026-07-01T06:00,24.6,95,23.7,29.7,29,0.6,0.4,0.2,0.0,0.0,53,1013.5,1012.5,97,4560.0,4.9,10.8,lagos,2026-07-01T04:27:14.075805
2026-07-01T07:00,25.0,95,24.2,30.3,39,0.2,0.2,0.0,0.0,0.0,51,1014.2,1013.2,99,7260.0,5.6,13.0,lagos,2026-07-01T04:27:14.075805
2026-07-01T08:00,25.6,88,23.5,30.7,51,0.6,0.2,0.4,0.0,0.0,53,1014.7,1013.7,99,4420.0,4.6,14.4,lagos,2026-07-01T04:27:14.075805
2026-07-01T09:00,26.3,87,24.0,31.8,63,0.4,0.2,0.2,0.0,0.0,51,1015.1,1014.1,91,9880.0,4.4,15.5,lagos,2026-07-01T04:27:14.075805
2026-07-01T10:00,27.8,78,23.7,32.9,73,0.1,0.1,0.0,0.0,0.0,51,1015.0,1014.0,100,8480.0,5.3,16.6,lagos,2026-07-01T04:27:14.075805
2026-07-01T11:00,27.6,79,23.6,32.4,83,0.2,0.1,0.1,0.0,0.0,51,1014.8,1013.8,96,9640.0,6.9,18.7,lagos,2026-07-01T04:27:14.075805
2026-07-01T12:00,28.4,76,23.7,33.5,90,0.1,0.0,0.1,0.0,0.0,51,1014.1,1013.1,87,8700.0,10.5,25.6,lagos,2026-07-01T04:27:14.075805
2026-07-01T13:00,26.1,85,23.4,29.7,96,3.7,0.1,3.6,0.0,0.0,95,1013.4,1012.4,89,2480.0,14.2,31.3,lagos,2026-07-01T04:27:14.075805
2026-07-01T14:00,27.0,80,23.2,30.4,100,0.9,0.9,0.0,0.0,0.0,53,1012.1,1011.1,67,6340.0,15.5,36.0,lagos,2026-07-01T04:27:14.075805
2026-07-01T15:00,27.4,79,23.4,30.9,100,0.3,0.2,0.1,0.0,0.0,51,1011.7,1010.7,98,7520.0,14.7,34.6,lagos,2026-07-01T04:27:14.075805
2026-07-01T16:00,26.6,82,23.2,30.1,97,0.3,0.2,0.1,0.0,0.0,51,1011.6,1010.6,98,7720.0,13.6,33.5,lagos,2026-07-01T04:27:14.075805
2026-07-01T17:00,26.6,81,23.1,30.1,90,0.1,0.1,0.0,0.0,0.0,51,1011.7,1010.7,98,11880.0,13.9,29.5,lagos,2026-07-01T04:27:14.075805
2026-07-01T18:00,26.2,84,23.3,30.1,80,0.0,0.0,0.0,0.0,0.0,3,1012.2,1011.2,98,16580.0,12.1,29.2,lagos,2026-07-01T04:27:14.075805
2026-07-01T19:00,26.1,85,23.3,30.2,63,0.0,0.0,0.0,0.0,0.0,3,1012.8,1011.8,98,17800.0,10.6,22.7,lagos,2026-07-01T04:27:14.075805
2026-07-01T20:00,26.3,84,23.4,30.5,43,0.0,0.0,0.0,0.0,0.0,3,1013.6,1012.6,88,18280.0,10.2,20.2,lagos,2026-07-01T04:27:14.075805
2026-07-01T21:00,26.2,85,23.4,30.6,29,0.0,0.0,0.0,0.0,0.0,2,1014.5,1013.5,63,19120.0,8.6,19.1,lagos,2026-07-01T04:27:14.075805
2026-07-01T22:00,25.8,87,23.5,31.0,27,0.1,0.0,0.1,0.0,0.0,51,1014.9,1013.9,95,4520.0,3.9,16.2,lagos,2026-07-01T04:27:14.075805
2026-07-01T23:00,25.3,91,23.8,30.1,31,0.3,0.3,0.0,0.0,0.0,51,1015.0,1014.0,68,8100.0,8.4,16.9,lagos,2026-07-01T04:27:14.075805
2026-07-01T00:00,16.9,82,13.8,16.9,0,0.0,0.0,0.0,0.0,0.0,3,1019.0,1017.7,100,47820.0,8.6,16.6,oslo,2026-07-01T04:27:51.709985
2026-07-01T01:00,16.2,85,13.7,16.4,0,0.0,0.0,0.0,0.0,0.0,3,1018.7,1017.4,100,47140.0,6.8,14.8,oslo,2026-07-01T04:27:51.709985
2026-07-01T02:00,16.4,86,14.1,16.9,0,0.0,0.0,0.0,0.0,0.0,3,1018.6,1017.3,100,41020.0,5.8,11.9,oslo,2026-07-01T04:27:51.709985
2026-07-01T03:00,16.1,86,13.7,16.6,0,0.0,0.0,0.0,0.0,0.0,3,1019.0,1017.7,91,39280.0,4.7,10.4,oslo,2026-07-01T04:27:51.709985
2026-07-01T04:00,16.3,85,13.8,17.1,1,0.0,0.0,0.0,0.0,0.0,3,1019.0,1017.7,93,34300.0,2.9,9.4,oslo,2026-07-01T04:27:51.709985
2026-07-01T05:00,16.6,83,13.7,17.5,1,0.0,0.0,0.0,0.0,0.0,3,1018.8,1017.5,94,37860.0,2.2,8.6,oslo,2026-07-01T04:27:51.709985
2026-07-01T06:00,17.4,79,13.7,18.4,2,0.0,0.0,0.0,0.0,0.0,3,1018.8,1017.5,97,33500.0,0.7,7.9,oslo,2026-07-01T04:27:51.709985
2026-07-01T07:00,18.3,71,12.9,19.0,0,0.0,0.0,0.0,0.0,0.0,3,1018.7,1017.4,81,37400.0,1.4,9.0,oslo,2026-07-01T04:27:51.709985
2026-07-01T08:00,19.9,61,12.1,20.1,0,0.0,0.0,0.0,0.0,0.0,1,1018.7,1017.4,46,15000.0,2.9,13.0,oslo,2026-07-01T04:27:51.709985
2026-07-01T09:00,21.4,50,10.6,21.5,4,0.0,0.0,0.0,0.0,0.0,0,1018.3,1017.0,17,15580.0,3.6,15.5,oslo,2026-07-01T04:27:51.709985
2026-07-01T10:00,22.6,46,10.4,23.4,29,0.0,0.0,0.0,0.0,0.0,1,1018.0,1016.7,29,19600.0,3.2,17.3,oslo,2026-07-01T04:27:51.709985
2026-07-01T11:00,23.5,44,10.6,23.8,62,0.0,0.0,0.1,0.0,0.0,1,1017.7,1016.4,30,16360.0,7.6,21.2,oslo,2026-07-01T04:27:51.709985
2026-07-01T12:00,24.1,41,10.0,23.9,88,0.0,0.0,0.0,0.0,0.0,1,1017.3,1016.0,44,22460.0,11.2,27.0,oslo,2026-07-01T04:27:51.709985
2026-07-01T13:00,24.8,37,9.1,24.5,99,0.0,0.0,0.1,0.0,0.0,2,1016.9,1015.6,58,9880.0,9.4,28.4,oslo,2026-07-01T04:27:51.709985
2026-07-01T14:00,25.0,39,10.1,25.1,100,0.0,0.0,0.2,0.0,0.0,2,1016.7,1015.4,63,11640.0,5.0,28.8,oslo,2026-07-01T04:27:51.709985
2026-07-01T15:00,23.6,57,14.5,21.8,98,0.0,0.0,1.2,0.0,0.0,3,1017.0,1015.7,80,5320.0,22.7,49.3,oslo,2026-07-01T04:27:51.709985
2026-07-01T16:00,23.2,52,12.8,22.0,87,0.0,0.0,0.0,0.0,0.0,3,1017.2,1015.9,99,26960.0,14.0,51.8,oslo,2026-07-01T04:27:51.709985
2026-07-01T17:00,23.1,59,14.7,24.1,70,0.0,0.0,0.0,0.0,0.0,3,1016.4,1015.1,95,60200.0,4.0,30.2,oslo,2026-07-01T04:27:51.709985
2026-07-01T18:00,22.6,53,12.5,22.9,53,0.0,0.0,0.0,0.0,0.0,1,1015.9,1014.6,40,60180.0,3.6,11.2,oslo,2026-07-01T04:27:51.709985
2026-07-01T19:00,21.9,58,13.3,21.9,35,0.0,0.0,0.0,0.0,0.0,1,1016.0,1014.7,35,60180.0,7.6,15.1,oslo,2026-07-01T04:27:51.709985
2026-07-01T20:00,20.9,62,13.4,20.7,17,0.0,0.0,0.0,0.0,0.0,1,1016.0,1014.7,25,60180.0,9.0,16.9,oslo,2026-07-01T04:27:51.709985
2026-07-01T21:00,19.7,68,13.6,20.0,4,0.0,0.0,0.0,0.0,0.0,1,1015.8,1014.5,29,53400.0,5.8,15.8,oslo,2026-07-01T04:27:51.709985
2026-07-01T22:00,18.8,76,14.4,19.0,0,0.0,0.0,0.0,0.0,0.0,0,1015.6,1014.3,8,44120.0,8.3,13.3,oslo,2026-07-01T04:27:51.709985
2026-07-01T23:00,18.0,72,12.8,17.9,1,0.0,0.0,0.0,0.0,0.0,0,1015.7,1014.4,14,33560.0,6.8,14.8,oslo,2026-07-01T04:27:51.709985
2026-07-01T00:00,28.5,82,25.1,33.1,0,0.0,0.0,0.0,0.0,0.0,2,999.4,998.5,55,13920.0,14.8,32.4,karachi,2026-07-01T04:29:09.630609
2026-07-01T01:00,28.5,82,25.1,33.2,0,0.0,0.0,0.0,0.0,0.0,1,999.5,998.6,46,12440.0,14.4,31.3,karachi,2026-07-01T04:29:09.630609
2026-07-01T02:00,29.1,79,25.0,33.5,0,0.0,0.0,0.0,0.0,0.0,1,999.9,999.0,25,11520.0,15.8,37.1,karachi,2026-07-01T04:29:09.630609
2026-07-01T03:00,29.9,74,24.8,34.0,2,0.1,0.1,0.0,0.0,0.0,51,1000.2,999.3,27,11260.0,17.0,41.4,karachi,2026-07-01T04:29:09.630609
2026-07-01T04:00,30.7,70,24.5,34.4,8,0.0,0.0,0.0,0.0,0.0,1,1000.7,999.8,49,10800.0,17.9,43.9,karachi,2026-07-01T04:29:09.630609
2026-07-01T05:00,31.5,65,24.1,34.9,17,0.0,0.0,0.0,0.0,0.0,3,1000.6,999.7,80,19380.0,18.4,46.1,karachi,2026-07-01T04:29:09.630609
2026-07-01T06:00,31.5,66,24.4,35.1,25,0.1,0.0,0.1,0.0,0.0,51,1000.7,999.8,88,11360.0,18.8,46.8,karachi,2026-07-01T04:29:09.630609
2026-07-01T07:00,31.5,67,24.7,35.2,33,0.1,0.0,0.1,0.0,0.0,51,1000.3,999.4,73,11400.0,18.9,47.2,karachi,2026-07-01T04:29:09.630609
2026-07-01T08:00,31.9,67,24.9,36.4,41,0.1,0.0,0.1,0.0,0.0,51,999.7,998.8,73,10000.0,19.8,50.4,karachi,2026-07-01T04:29:09.630609
2026-07-01T09:00,31.8,67,24.8,35.8,45,0.2,0.0,0.2,0.0,0.0,51,999.1,998.2,95,7440.0,20.1,50.0,karachi,2026-07-01T04:29:09.630609
2026-07-01T10:00,31.2,69,24.9,34.8,44,0.3,0.1,0.2,0.0,0.0,51,998.4,997.5,64,9220.0,20.5,50.8,karachi,2026-07-01T04:29:09.630609
2026-07-01T11:00,30.9,71,25.0,34.8,40,0.2,0.0,0.2,0.0,0.0,51,998.0,997.1,51,7760.0,19.5,51.1,karachi,2026-07-01T04:29:09.630609
2026-07-01T12:00,30.5,72,25.0,34.4,33,0.2,0.0,0.2,0.0,0.0,51,997.7,996.8,81,9260.0,19.2,47.9,karachi,2026-07-01T04:29:09.630609
2026-07-01T13:00,30.0,74,24.9,33.8,22,0.2,0.0,0.2,0.0,0.0,51,997.9,997.0,65,9580.0,19.5,47.2,karachi,2026-07-01T04:29:09.630609
2026-07-01T14:00,29.7,76,25.1,33.8,9,0.1,0.1,0.0,0.0,0.0,51,998.5,997.6,37,16720.0,18.7,46.8,karachi,2026-07-01T04:29:09.630609
2026-07-01T15:00,29.5,78,25.4,33.8,0,0.1,0.0,0.1,0.0,0.0,51,999.2,998.3,29,12060.0,18.3,44.3,karachi,2026-07-01T04:29:09.630609
2026-07-01T16:00,29.4,79,25.4,33.8,0,0.0,0.0,0.0,0.0,0.0,1,1000.0,999.1,32,12620.0,17.3,42.8,karachi,2026-07-01T04:29:09.630609
2026-07-01T17:00,29.2,80,25.5,33.9,0,0.0,0.0,0.0,0.0,0.0,2,1000.5,999.6,61,17880.0,16.3,37.1,karachi,2026-07-01T04:29:09.630609
2026-07-01T18:00,29.2,81,25.5,33.9,0,0.0,0.0,0.0,0.0,0.0,1,1000.9,1000.0,34,12560.0,15.8,35.6,karachi,2026-07-01T04:29:09.630609
2026-07-01T19:00,29.0,82,25.5,33.7,0,0.0,0.0,0.0,0.0,0.0,1,1000.8,999.9,27,12880.0,15.8,34.2,karachi,2026-07-01T04:29:09.630609
2026-07-01T20:00,28.8,83,25.5,33.7,0,0.0,0.0,0.0,0.0,0.0,1,1000.4,999.5,23,11400.0,14.3,34.2,karachi,2026-07-01T04:29:09.630609
2026-07-01T21:00,28.6,84,25.5,33.6,0,0.1,0.0,0.1,0.0,0.0,51,999.8,998.9,57,8840.0,13.8,31.0,karachi,2026-07-01T04:29:09.630609
2026-07-01T22:00,28.5,84,25.6,33.5,0,0.1,0.0,0.1,0.0,0.0,51,999.3,998.4,52,9980.0,14.3,30.2,karachi,2026-07-01T04:29:09.630609
2026-07-01T23:00,28.5,84,25.5,33.4,0,0.0,0.0,0.0,0.0,0.0,1,999.0,998.1,37,12660.0,14.2,30.6,karachi,2026-07-01T04:29:09.630609
2026-07-01T00:00,28.3,81,24.8,32.2,10,0.0,0.0,0.0,0.0,0.0,1,1006.6,1004.8,39,36700.0,18.4,42.8,panama_city,2026-07-01T04:29:47.419385
2026-07-01T01:00,27.9,85,25.0,32.2,6,0.0,0.0,0.0,0.0,0.0,1,1007.6,1005.8,35,39460.0,16.5,36.4,panama_city,2026-07-01T04:29:47.419385
2026-07-01T02:00,27.5,86,25.0,31.8,5,0.0,0.0,0.0,0.0,0.0,0,1008.4,1006.6,8,33820.0,16.0,32.4,panama_city,2026-07-01T04:29:47.419385
2026-07-01T03:00,27.1,88,24.9,31.1,4,0.0,0.0,0.0,0.0,0.0,0,1008.0,1006.2,5,34320.0,18.3,35.6,panama_city,2026-07-01T04:29:47.419385
2026-07-01T04:00,27.0,88,24.8,30.8,3,0.0,0.0,0.0,0.0,0.0,0,1008.2,1006.4,3,34640.0,18.8,36.0,panama_city,2026-07-01T04:29:47.419385
2026-07-01T05:00,26.9,88,24.7,30.8,3,0.0,0.0,0.0,0.0,0.0,0,1007.7,1005.9,7,33480.0,17.7,36.7,panama_city,2026-07-01T04:29:47.419385
2026-07-01T06:00,26.8,89,24.8,31.1,2,0.0,0.0,0.0,0.0,0.0,1,1007.4,1005.6,20,32060.0,15.6,33.5,panama_city,2026-07-01T04:29:47.419385
2026-07-01T07:00,26.7,89,24.7,31.1,1,0.0,0.0,0.0,0.0,0.0,3,1006.7,1004.9,84,32260.0,15.2,29.5,panama_city,2026-07-01T04:29:47.419385
2026-07-01T08:00,26.6,89,24.7,31.0,0,0.0,0.0,0.0,0.0,0.0,1,1006.7,1004.9,38,32860.0,14.5,28.8,panama_city,2026-07-01T04:29:47.419385
2026-07-01T09:00,26.3,91,24.7,31.1,0,0.0,0.0,0.0,0.0,0.0,3,1006.9,1005.1,84,28700.0,11.8,27.4,panama_city,2026-07-01T04:29:47.419385
2026-07-01T10:00,26.2,91,24.7,31.1,0,0.0,0.0,0.0,0.0,0.0,3,1007.0,1005.2,99,29420.0,10.9,21.6,panama_city,2026-07-01T04:29:47.419385
2026-07-01T11:00,26.1,91,24.6,31.3,0,0.0,0.0,0.0,0.0,0.0,3,1007.2,1005.4,97,29120.0,9.0,21.6,panama_city,2026-07-01T04:29:47.419385
2026-07-01T12:00,26.7,90,24.9,31.6,2,0.0,0.0,0.0,0.0,0.0,3,1007.0,1005.2,98,34280.0,11.9,22.3,panama_city,2026-07-01T04:29:47.419385
2026-07-01T13:00,28.2,82,24.8,33.0,3,0.0,0.0,0.0,0.0,0.0,3,1007.2,1005.4,97,38740.0,12.4,29.2,panama_city,2026-07-01T04:29:47.419385
2026-07-01T14:00,29.9,75,24.9,34.8,6,0.0,0.0,0.0,0.0,0.0,3,1007.8,1006.0,98,41280.0,11.4,30.2,panama_city,2026-07-01T04:29:47.419385
2026-07-01T15:00,31.2,70,25.0,37.2,16,0.0,0.0,0.0,0.0,0.0,95,1008.0,1006.2,99,21200.0,7.7,28.4,panama_city,2026-07-01T04:29:47.419385
2026-07-01T16:00,31.6,70,25.3,39.5,39,0.0,0.0,0.0,0.0,0.0,95,1008.0,1006.2,99,48720.0,2.7,22.7,panama_city,2026-07-01T04:29:47.419385
2026-07-01T17:00,29.7,83,26.6,38.3,70,1.1,0.0,1.1,0.0,0.0,96,1007.9,1006.1,98,3000.0,6.5,22.0,panama_city,2026-07-01T04:29:47.419385
2026-07-01T18:00,26.3,98,26.0,33.2,92,6.4,0.9,5.5,0.0,0.0,96,1008.8,1007.0,100,3640.0,4.8,28.4,panama_city,2026-07-01T04:29:47.419385
2026-07-01T19:00,26.6,97,26.1,33.4,100,0.6,0.6,0.0,0.0,0.0,53,1007.6,1005.8,100,5260.0,4.8,15.1,panama_city,2026-07-01T04:29:47.419385
2026-07-01T20:00,28.2,89,26.2,34.5,100,0.6,0.4,0.2,0.0,0.0,95,1007.2,1005.4,100,5280.0,8.5,21.6,panama_city,2026-07-01T04:29:47.419385
2026-07-01T21:00,28.8,83,25.7,34.6,98,0.3,0.0,0.3,0.0,0.0,95,1006.3,1004.5,100,8560.0,9.5,23.0,panama_city,2026-07-01T04:29:47.419385
2026-07-01T22:00,28.5,82,25.2,33.6,91,0.2,0.1,0.1,0.0,0.0,51,1006.1,1004.3,97,8600.0,12.3,28.1,panama_city,2026-07-01T04:29:47.419385
2026-07-01T23:00,27.6,88,25.4,32.9,79,0.3,0.3,0.0,0.0,0.0,51,1007.1,1005.3,100,9680.0,11.7,26.3,panama_city,2026-07-01T04:29:47.419385
2026-07-01T00:00,14.7,97,14.2,15.5,0,0.0,0.0,0.0,0.0,0.0,3,1014.5,1001.0,100,21000.0,3.3,7.9,asuncion,2026-07-01T04:29:49.937775
2026-07-01T01:00,14.9,97,14.5,15.8,0,0.0,0.0,0.0,0.0,0.0,3,1014.7,1001.2,100,21000.0,4.0,8.3,asuncion,2026-07-01T04:29:49.937775
2026-07-01T02:00,15.0,97,14.5,16.1,6,0.0,0.0,0.0,0.0,0.0,3,1014.8,1001.3,100,9400.0,2.3,6.8,asuncion,2026-07-01T04:29:49.937775
2026-07-01T03:00,15.0,97,14.5,16.2,12,0.1,0.1,0.0,0.0,0.0,51,1015.1,1001.6,100,11100.0,1.6,3.6,asuncion,2026-07-01T04:29:49.937775
2026-07-01T04:00,14.9,97,14.5,15.6,13,0.0,0.0,0.0,0.0,0.0,1,1014.7,1001.2,32,18280.0,5.5,9.7,asuncion,2026-07-01T04:29:49.937775
2026-07-01T05:00,14.3,98,14.0,14.9,14,0.0,0.0,0.0,0.0,0.0,3,1014.1,1000.6,99,15860.0,5.0,14.4,asuncion,2026-07-01T04:29:49.937775
2026-07-01T06:00,14.7,97,14.3,15.1,20,0.0,0.0,0.0,0.0,0.0,3,1013.4,999.9,100,18100.0,6.8,12.2,asuncion,2026-07-01T04:29:49.937775
2026-07-01T07:00,15.0,96,14.4,15.5,37,0.1,0.1,0.0,0.0,0.0,51,1012.8,999.3,100,18560.0,6.8,13.7,asuncion,2026-07-01T04:29:49.937775
2026-07-01T08:00,15.1,97,14.6,15.5,59,0.5,0.5,0.0,0.0,0.0,53,1012.5,999.0,100,4980.0,7.4,14.4,asuncion,2026-07-01T04:29:49.937775
2026-07-01T09:00,15.3,97,14.8,15.9,76,0.1,0.1,0.0,0.0,0.0,51,1012.8,999.4,100,8520.0,6.5,13.7,asuncion,2026-07-01T04:29:49.937775
2026-07-01T10:00,15.4,96,14.8,15.8,85,0.2,0.2,0.0,0.0,0.0,51,1012.8,999.4,100,9460.0,8.1,15.5,asuncion,2026-07-01T04:29:49.937775
2026-07-01T11:00,15.7,96,15.1,16.1,90,0.3,0.3,0.0,0.0,0.0,51,1013.3,999.9,100,7180.0,8.2,15.5,asuncion,2026-07-01T04:29:49.937775
2026-07-01T12:00,16.3,96,15.7,17.5,90,0.2,0.2,0.0,0.0,0.0,51,1014.0,1000.6,100,23080.0,5.2,14.8,asuncion,2026-07-01T04:29:49.937775
2026-07-01T13:00,17.3,96,16.6,19.2,82,0.4,0.4,0.0,0.0,0.0,51,1014.7,1001.3,58,3980.0,2.7,11.5,asuncion,2026-07-01T04:29:49.937775
2026-07-01T14:00,19.3,91,17.7,21.0,70,0.7,0.0,0.7,0.0,0.0,95,1014.9,1001.6,46,21920.0,6.9,18.0,asuncion,2026-07-01T04:29:49.937775
2026-07-01T15:00,21.7,82,18.5,23.5,61,0.2,0.2,0.0,0.0,0.0,51,1014.5,1001.3,84,3440.0,9.0,25.9,asuncion,2026-07-01T04:29:49.937775
2026-07-01T16:00,23.2,78,19.1,26.0,61,0.2,0.2,0.0,0.0,0.0,51,1013.6,1000.5,54,29800.0,3.6,20.5,asuncion,2026-07-01T04:29:49.937775
2026-07-01T17:00,23.9,77,19.7,26.8,64,0.1,0.1,0.0,0.0,0.0,51,1012.9,999.8,80,4140.0,5.4,19.8,asuncion,2026-07-01T04:29:49.937775
2026-07-01T18:00,23.6,80,20.0,27.1,67,0.4,0.4,0.0,0.0,0.0,51,1012.4,999.3,65,25540.0,2.2,15.5,asuncion,2026-07-01T04:29:49.937775
2026-07-01T19:00,23.5,81,20.1,25.9,65,0.0,0.0,0.0,0.0,0.0,3,1012.4,999.3,100,18040.0,10.0,22.3,asuncion,2026-07-01T04:29:49.937775
2026-07-01T20:00,21.4,90,19.8,23.4,63,0.0,0.0,0.0,0.0,0.0,1,1012.6,999.4,38,15580.0,12.1,29.2,asuncion,2026-07-01T04:29:49.937775
2026-07-01T21:00,20.4,93,19.2,22.3,63,0.2,0.1,0.1,0.0,0.0,51,1013.6,1000.4,51,6960.0,10.8,33.8,asuncion,2026-07-01T04:29:49.937775
2026-07-01T22:00,18.7,96,18.0,19.3,68,0.1,0.1,0.0,0.0,0.0,51,1014.7,1001.4,100,16180.0,15.9,33.1,asuncion,2026-07-01T04:29:49.937775
2026-07-01T23:00,17.7,97,17.1,18.1,77,0.2,0.1,0.1,0.0,0.0,51,1015.3,1001.9,100,3360.0,14.0,34.2,asuncion,2026-07-01T04:29:49.937775
2026-07-01T00:00,20.2,79,16.4,20.5,0,0.0,0.0,0.0,0.0,0.0,1,1010.6,993.9,41,30020.0,13.1,33.1,lima,2026-07-01T04:29:52.531404
2026-07-01T01:00,19.8,80,16.3,20.1,0,0.0,0.0,0.0,0.0,0.0,2,1011.2,994.5,68,25740.0,12.6,33.1,lima,2026-07-01T04:29:52.531404
2026-07-01T02:00,19.6,81,16.2,20.0,0,0.0,0.0,0.0,0.0,0.0,3,1011.9,995.2,84,25740.0,11.3,31.3,lima,2026-07-01T04:29:52.531404
2026-07-01T03:00,19.4,81,16.1,20.0,0,0.0,0.0,0.0,0.0,0.0,3,1012.4,995.7,84,25740.0,10.1,27.7,lima,2026-07-01T04:29:52.531404
2026-07-01T04:00,19.4,81,16.1,20.0,0,0.0,0.0,0.0,0.0,0.0,3,1012.4,995.7,85,25740.0,9.6,25.2,lima,2026-07-01T04:29:52.531404
2026-07-01T05:00,19.0,83,16.1,19.7,0,0.0,0.0,0.0,0.0,0.0,2,1012.1,995.3,78,21400.0,9.4,24.1,lima,2026-07-01T04:29:52.531404
2026-07-01T06:00,18.9,84,16.1,19.7,0,0.0,0.0,0.0,0.0,0.0,3,1011.8,995.0,92,19520.0,8.5,23.0,lima,2026-07-01T04:29:52.531404
2026-07-01T07:00,18.8,85,16.2,19.8,0,0.0,0.0,0.0,0.0,0.0,3,1011.4,994.6,98,1140.0,7.5,20.9,lima,2026-07-01T04:29:52.531404
2026-07-01T08:00,18.9,84,16.1,19.9,0,0.0,0.0,0.0,0.0,0.0,3,1011.5,994.7,100,460.0,6.9,18.7,lima,2026-07-01T04:29:52.531404
2026-07-01T09:00,18.9,83,16.0,20.1,0,0.0,0.0,0.0,0.0,0.0,3,1011.5,994.7,100,380.0,6.1,17.6,lima,2026-07-01T04:29:52.531404
2026-07-01T10:00,18.9,82,15.7,20.0,0,0.0,0.0,0.0,0.0,0.0,3,1011.4,994.6,89,320.0,6.0,15.5,lima,2026-07-01T04:29:52.531404
2026-07-01T11:00,19.0,80,15.5,19.8,0,0.0,0.0,0.0,0.0,0.0,3,1011.8,995.0,98,280.0,6.5,15.5,lima,2026-07-01T04:29:52.531404
2026-07-01T12:00,19.2,78,15.3,20.1,0,0.0,0.0,0.0,0.0,0.0,3,1012.2,995.4,99,280.0,6.0,15.5,lima,2026-07-01T04:29:52.531404
2026-07-01T13:00,19.6,76,15.2,20.2,0,0.0,0.0,0.0,0.0,0.0,2,1012.6,995.9,57,320.0,7.3,19.4,lima,2026-07-01T04:29:52.531404
2026-07-01T14:00,20.6,71,15.2,21.2,0,0.0,0.0,0.0,0.0,0.0,2,1012.7,996.0,51,540.0,7.5,23.0,lima,2026-07-01T04:29:52.531404
2026-07-01T15:00,21.6,67,15.2,22.1,0,0.0,0.0,0.0,0.0,0.0,2,1012.9,996.3,55,2140.0,8.1,26.3,lima,2026-07-01T04:29:52.531404
2026-07-01T16:00,22.6,63,15.2,22.6,0,0.0,0.0,0.0,0.0,0.0,2,1012.7,996.1,53,1260.0,11.6,31.0,lima,2026-07-01T04:29:52.531404
2026-07-01T17:00,22.9,63,15.6,23.5,0,0.0,0.0,0.0,0.0,0.0,2,1011.9,995.4,57,1080.0,14.9,40.7,lima,2026-07-01T04:29:52.531404
2026-07-01T18:00,22.6,67,16.2,23.4,0,0.0,0.0,0.0,0.0,0.0,0,1011.0,994.5,15,4380.0,15.7,44.6,lima,2026-07-01T04:29:52.531404
2026-07-01T19:00,22.4,68,16.2,23.1,0,0.0,0.0,0.0,0.0,0.0,1,1010.2,993.7,29,11280.0,15.5,46.1,lima,2026-07-01T04:29:52.531404
2026-07-01T20:00,22.3,67,15.9,22.4,0,0.0,0.0,0.0,0.0,0.0,2,1009.7,993.2,51,16740.0,15.2,45.0,lima,2026-07-01T04:29:52.531404
2026-07-01T21:00,21.8,70,16.0,21.7,0,0.0,0.0,0.0,0.0,0.0,2,1009.6,993.0,59,30020.0,14.6,41.0,lima,2026-07-01T04:29:52.531404
2026-07-01T22:00,21.1,74,16.2,21.1,0,0.0,0.0,0.0,0.0,0.0,1,1009.7,993.1,25,29700.0,14.1,38.5,lima,2026-07-01T04:29:52.531404
2026-07-01T23:00,20.3,78,16.2,20.2,0,0.0,0.0,0.0,0.0,0.0,1,1010.0,993.3,39,30020.0,15.3,38.2,lima,2026-07-01T04:29:52.531404
2026-07-01T00:00,28.4,79,24.5,32.8,25,0.0,0.0,0.0,0.0,0.0,1,1008.1,1008.0,37,35400.0,13.5,33.1,manila,2026-07-01T04:30:30.335073
2026-07-01T01:00,29.4,76,24.7,34.2,30,0.0,0.0,0.0,0.0,0.0,3,1008.7,1008.6,80,35820.0,11.9,35.3,manila,2026-07-01T04:30:30.335073
2026-07-01T02:00,30.0,74,24.8,35.6,37,0.1,0.0,0.1,0.0,0.0,51,1008.7,1008.6,38,20700.0,10.5,33.5,manila,2026-07-01T04:30:30.335073
2026-07-01T03:00,30.5,73,25.1,37.6,47,0.1,0.0,0.1,0.0,0.0,51,1008.7,1008.6,50,12100.0,8.5,33.1,manila,2026-07-01T04:30:30.335073
2026-07-01T04:00,29.3,76,24.6,36.1,63,1.2,0.5,0.7,0.0,0.0,95,1008.6,1008.5,66,6440.0,6.7,31.7,manila,2026-07-01T04:30:30.335073
2026-07-01T05:00,29.1,74,24.0,34.0,81,1.5,0.3,1.2,0.0,0.0,95,1008.7,1008.6,94,3760.0,14.4,35.6,manila,2026-07-01T04:30:30.335073
2026-07-01T06:00,29.1,77,24.7,34.5,94,0.7,0.7,0.0,0.0,0.0,53,1008.4,1008.3,90,6300.0,11.5,40.7,manila,2026-07-01T04:30:30.335073
2026-07-01T07:00,29.8,73,24.4,35.3,96,0.5,0.3,0.2,0.0,0.0,95,1007.8,1007.7,86,6320.0,9.9,29.2,manila,2026-07-01T04:30:30.335073
2026-07-01T08:00,29.3,74,24.2,34.1,93,0.3,0.2,0.1,0.0,0.0,51,1007.1,1007.0,90,10720.0,9.6,27.0,manila,2026-07-01T04:30:30.335073
2026-07-01T09:00,29.0,74,23.9,33.6,88,0.2,0.0,0.2,0.0,0.0,51,1007.5,1007.4,98,4980.0,9.6,24.8,manila,2026-07-01T04:30:30.335073
2026-07-01T10:00,28.1,82,24.8,33.4,82,0.4,0.4,0.0,0.0,0.0,51,1007.9,1007.8,99,7040.0,8.7,23.4,manila,2026-07-01T04:30:30.335073
2026-07-01T11:00,26.8,88,24.5,31.1,74,0.6,0.5,0.1,0.0,0.0,53,1008.5,1008.4,99,4240.0,14.1,28.1,manila,2026-07-01T04:30:30.335073
2026-07-01T12:00,26.8,89,24.8,31.7,67,0.4,0.4,0.0,0.0,0.0,51,1009.2,1009.1,98,11220.0,11.7,29.2,manila,2026-07-01T04:30:30.335073
2026-07-01T13:00,27.0,87,24.7,31.9,62,0.1,0.1,0.0,0.0,0.0,51,1009.7,1009.6,99,15660.0,11.6,25.6,manila,2026-07-01T04:30:30.335073
2026-07-01T14:00,27.0,88,24.8,32.1,59,0.0,0.0,0.0,0.0,0.0,3,1010.5,1010.4,100,20120.0,10.4,22.7,manila,2026-07-01T04:30:30.335073
2026-07-01T15:00,27.0,88,24.9,32.4,55,0.0,0.0,0.0,0.0,0.0,3,1010.6,1010.5,100,21180.0,8.6,20.5,manila,2026-07-01T04:30:30.335073
2026-07-01T16:00,27.0,89,25.0,32.5,50,0.0,0.0,0.0,0.0,0.0,3,1010.3,1010.2,100,15780.0,8.1,16.6,manila,2026-07-01T04:30:30.335073
2026-07-01T17:00,26.7,91,25.0,32.3,46,0.2,0.2,0.0,0.0,0.0,51,1009.8,1009.7,100,9180.0,7.5,16.2,manila,2026-07-01T04:30:30.335073
2026-07-01T18:00,26.5,90,24.8,31.9,43,0.3,0.2,0.1,0.0,0.0,51,1009.6,1009.5,98,7340.0,8.5,17.3,manila,2026-07-01T04:30:30.335073
2026-07-01T19:00,26.4,91,24.8,31.7,43,0.1,0.1,0.0,0.0,0.0,51,1008.8,1008.7,100,20840.0,8.8,16.9,manila,2026-07-01T04:30:30.335073
2026-07-01T20:00,26.3,89,24.4,31.5,45,0.0,0.0,0.0,0.0,0.0,3,1008.8,1008.7,92,26620.0,8.0,18.0,manila,2026-07-01T04:30:30.335073
2026-07-01T21:00,26.4,87,24.2,31.1,45,0.0,0.0,0.0,0.0,0.0,3,1009.0,1008.9,95,10680.0,10.4,20.9,manila,2026-07-01T04:30:30.335073
2026-07-01T22:00,26.4,89,24.4,31.4,41,0.0,0.0,0.0,0.0,0.0,3,1009.8,1009.7,98,12900.0,8.6,20.5,manila,2026-07-01T04:30:30.335073
2026-07-01T23:00,26.7,87,24.3,31.4,35,0.0,0.0,0.0,0.0,0.0,3,1009.7,1009.6,100,21800.0,11.2,25.2,manila,2026-07-01T04:30:30.335073
2026-07-01T00:00,24.9,58,16.0,25.0,2,0.0,0.0,0.0,0.0,0.0,3,1017.0,1003.9,100,50000.0,13.3,23.8,warsaw,2026-07-01T04:30:32.803468
2026-07-01T01:00,23.9,62,16.1,24.1,15,0.0,0.0,0.0,0.0,0.0,3,1016.1,1003.0,99,18860.0,13.0,27.4,warsaw,2026-07-01T04:30:32.803468
2026-07-01T02:00,23.2,71,17.7,23.0,33,0.0,0.0,0.0,0.0,0.0,3,1018.1,1004.9,100,14980.0,20.5,51.5,warsaw,2026-07-01T04:30:32.803468
2026-07-01T03:00,21.4,84,18.6,22.6,49,0.9,0.9,0.0,0.0,0.0,53,1016.7,1003.5,100,17740.0,14.0,39.6,warsaw,2026-07-01T04:30:32.803468
2026-07-01T04:00,20.5,84,17.7,22.1,62,0.3,0.3,0.0,0.0,0.0,51,1017.2,1003.9,100,23780.0,7.9,34.2,warsaw,2026-07-01T04:30:32.803468
2026-07-01T05:00,20.8,92,19.5,23.2,73,6.9,6.9,0.0,0.0,0.0,63,1017.2,1003.9,100,2720.0,8.6,24.5,warsaw,2026-07-01T04:30:32.803468
2026-07-01T06:00,20.5,87,18.3,21.8,76,1.4,1.4,0.0,0.0,0.0,61,1017.0,1003.7,100,8340.0,12.2,37.1,warsaw,2026-07-01T04:30:32.803468
2026-07-01T07:00,20.5,90,18.8,21.2,67,0.0,0.0,0.0,0.0,0.0,3,1013.9,1000.7,100,50000.0,17.6,33.1,warsaw,2026-07-01T04:30:32.803468
2026-07-01T08:00,21.5,85,18.9,23.3,50,0.0,0.0,0.0,0.0,0.0,3,1015.3,1002.1,100,9380.0,10.8,35.6,warsaw,2026-07-01T04:30:32.803468
2026-07-01T09:00,23.0,79,19.2,25.6,37,0.0,0.0,0.0,0.0,0.0,3,1015.0,1001.9,100,11940.0,6.1,21.6,warsaw,2026-07-01T04:30:32.803468
2026-07-01T10:00,25.2,71,19.5,28.8,30,0.0,0.0,0.0,0.0,0.0,3,1014.4,1001.4,100,15220.0,7.6,18.7,warsaw,2026-07-01T04:30:32.803468
2026-07-01T11:00,27.4,59,18.7,31.0,27,0.0,0.0,0.0,0.0,0.0,1,1013.9,1001.0,32,20080.0,6.1,19.4,warsaw,2026-07-01T04:30:32.803468
2026-07-01T12:00,28.7,52,17.9,31.7,31,0.0,0.0,0.0,0.0,0.0,1,1013.5,1000.6,29,23460.0,9.4,23.4,warsaw,2026-07-01T04:30:32.803468
2026-07-01T13:00,29.2,49,17.4,31.9,48,0.0,0.0,0.0,0.0,0.0,3,1012.7,999.9,100,50000.0,6.5,23.8,warsaw,2026-07-01T04:30:32.803468
2026-07-01T14:00,29.7,48,17.5,31.6,72,0.0,0.0,0.0,0.0,0.0,3,1011.7,998.9,96,50000.0,5.4,18.0,warsaw,2026-07-01T04:30:32.803468
2026-07-01T15:00,29.3,55,19.3,31.8,86,0.0,0.0,0.0,0.0,0.0,2,1011.3,998.5,68,21880.0,7.6,20.2,warsaw,2026-07-01T04:30:32.803468
2026-07-01T16:00,29.1,57,19.7,31.7,82,0.0,0.0,0.0,0.0,0.0,2,1010.8,998.0,58,20940.0,7.2,19.1,warsaw,2026-07-01T04:30:32.803468
2026-07-01T17:00,28.1,62,20.1,31.0,69,0.0,0.0,0.0,0.0,0.0,3,1011.4,998.5,100,50000.0,6.8,18.7,warsaw,2026-07-01T04:30:32.803468
2026-07-01T18:00,27.6,63,19.9,30.7,55,0.0,0.0,0.0,0.0,0.0,3,1011.5,998.6,100,50000.0,4.3,15.8,warsaw,2026-07-01T04:30:32.803468
2026-07-01T19:00,21.2,86,18.8,22.3,44,12.6,12.6,0.0,0.0,0.0,65,1012.7,999.5,100,4900.0,14.8,86.4,warsaw,2026-07-01T04:30:32.803468
2026-07-01T20:00,21.5,83,18.5,23.4,32,0.5,0.5,0.0,0.0,0.0,53,1011.1,998.0,100,9960.0,8.3,29.9,warsaw,2026-07-01T04:30:32.803468
2026-07-01T21:00,21.4,85,18.7,22.9,24,0.0,0.0,0.0,0.0,0.0,3,1012.3,999.1,96,9160.0,11.5,20.9,warsaw,2026-07-01T04:30:32.803468
2026-07-01T22:00,21.2,87,19.0,22.6,21,0.0,0.0,0.0,0.0,0.0,3,1012.8,999.6,100,8340.0,13.7,33.1,warsaw,2026-07-01T04:30:32.803468
2026-07-01T23:00,20.6,89,18.7,21.7,21,0.0,0.0,0.0,0.0,0.0,3,1012.4,999.2,100,50000.0,14.4,30.6,warsaw,2026-07-01T04:30:32.803468
2026-07-01T00:00,18.3,92,17.0,20.3,0,0.0,0.0,0.0,0.0,0.0,1,1021.3,1020.6,42,11840.0,3.0,7.9,aveiro,2026-07-01T04:30:35.252286
2026-07-01T01:00,18.0,92,16.7,20.2,0,0.0,0.0,0.0,0.0,0.0,1,1020.7,1020.0,55,10780.0,1.3,2.2,aveiro,2026-07-01T04:30:35.252286
2026-07-01T02:00,17.9,92,16.6,20.1,0,0.0,0.0,0.0,0.0,0.0,2,1020.2,1019.5,69,11580.0,0.7,1.1,aveiro,2026-07-01T04:30:35.252286
2026-07-01T03:00,17.8,92,16.5,20.1,0,0.0,0.0,0.0,0.0,0.0,2,1020.1,1019.4,70,11380.0,0.0,0.7,aveiro,2026-07-01T04:30:35.252286
2026-07-01T04:00,17.8,92,16.4,19.8,0,0.0,0.0,0.0,0.0,0.0,2,1020.1,1019.4,73,9620.0,1.3,1.4,aveiro,2026-07-01T04:30:35.252286
2026-07-01T05:00,17.7,93,16.6,19.9,0,0.0,0.0,0.0,0.0,0.0,2,1020.2,1019.5,77,9640.0,0.5,1.4,aveiro,2026-07-01T04:30:35.252286
2026-07-01T06:00,17.9,93,16.8,20.1,0,0.0,0.0,0.0,0.0,0.0,2,1019.9,1019.2,76,9580.0,1.1,1.8,aveiro,2026-07-01T04:30:35.252286
2026-07-01T07:00,18.9,94,17.9,21.7,0,0.0,0.0,0.0,0.0,0.0,45,1019.9,1019.2,66,800.0,0.8,3.2,aveiro,2026-07-01T04:30:35.252286
2026-07-01T08:00,20.6,90,18.9,23.5,0,0.0,0.0,0.0,0.0,0.0,2,1020.4,1019.7,44,9220.0,2.6,6.8,aveiro,2026-07-01T04:30:35.252286
2026-07-01T09:00,22.6,82,19.4,25.4,0,0.0,0.0,0.0,0.0,0.0,1,1020.5,1019.8,32,23360.0,5.5,12.2,aveiro,2026-07-01T04:30:35.252286
2026-07-01T10:00,24.7,76,20.2,28.2,0,0.0,0.0,0.0,0.0,0.0,0,1020.5,1019.8,4,31260.0,8.6,16.6,aveiro,2026-07-01T04:30:35.252286
2026-07-01T11:00,26.8,63,19.2,30.0,0,0.0,0.0,0.0,0.0,0.0,0,1020.3,1019.6,0,37620.0,12.0,22.7,aveiro,2026-07-01T04:30:35.252286
2026-07-01T12:00,27.7,55,17.8,30.1,0,0.0,0.0,0.0,0.0,0.0,0,1019.8,1019.1,0,39660.0,15.6,29.2,aveiro,2026-07-01T04:30:35.252286
2026-07-01T13:00,27.9,53,17.4,29.7,0,0.0,0.0,0.0,0.0,0.0,0,1019.5,1018.8,0,40820.0,19.0,34.2,aveiro,2026-07-01T04:30:35.252286
2026-07-01T14:00,27.9,52,17.1,29.2,0,0.0,0.0,0.0,0.0,0.0,0,1019.0,1018.3,6,40860.0,20.5,36.7,aveiro,2026-07-01T04:30:35.252286
2026-07-01T15:00,27.7,52,17.0,28.5,0,0.0,0.0,0.0,0.0,0.0,1,1018.5,1017.8,21,38820.0,20.9,37.4,aveiro,2026-07-01T04:30:35.252286
2026-07-01T16:00,27.4,52,16.6,27.7,0,0.0,0.0,0.0,0.0,0.0,1,1017.9,1017.2,23,38400.0,19.7,37.4,aveiro,2026-07-01T04:30:35.252286
2026-07-01T17:00,26.9,53,16.5,26.8,0,0.0,0.0,0.0,0.0,0.0,1,1017.2,1016.5,21,35960.0,16.6,34.9,aveiro,2026-07-01T04:30:35.252286
2026-07-01T18:00,26.1,57,16.9,26.5,0,0.0,0.0,0.0,0.0,0.0,1,1016.9,1016.2,21,28720.0,13.7,30.2,aveiro,2026-07-01T04:30:35.252286
2026-07-01T19:00,25.1,59,16.5,25.6,0,0.0,0.0,0.0,0.0,0.0,1,1016.5,1015.8,19,24640.0,11.9,24.1,aveiro,2026-07-01T04:30:35.252286
2026-07-01T20:00,23.8,64,16.5,24.7,0,0.0,0.0,0.0,0.0,0.0,1,1016.2,1015.5,27,21620.0,9.0,19.8,aveiro,2026-07-01T04:30:35.252286
2026-07-01T21:00,22.8,70,17.0,24.6,0,0.0,0.0,0.0,0.0,0.0,1,1016.5,1015.8,36,21160.0,4.6,14.4,aveiro,2026-07-01T04:30:35.252286
2026-07-01T22:00,22.3,72,17.0,24.6,0,0.0,0.0,0.0,0.0,0.0,2,1016.8,1016.1,62,22460.0,1.5,6.1,aveiro,2026-07-01T04:30:35.252286
2026-07-01T23:00,21.8,75,17.1,24.0,0,0.0,0.0,0.0,0.0,0.0,2,1017.2,1016.5,57,30280.0,1.8,2.9,aveiro,2026-07-01T04:30:35.252286
2026-07-01T00:00,21.6,67,15.2,22.8,0,0.0,0.0,0.0,0.0,0.0,0,1021.5,998.9,0,39300.0,3.4,9.4,braga,2026-07-01T04:30:37.709177
2026-07-01T01:00,20.4,62,12.9,21.0,0,0.0,0.0,0.0,0.0,0.0,0,1020.9,998.3,0,40920.0,2.6,8.3,braga,2026-07-01T04:30:37.709177
2026-07-01T02:00,18.9,62,11.5,19.0,0,0.0,0.0,0.0,0.0,0.0,1,1020.6,997.9,39,40900.0,2.7,8.3,braga,2026-07-01T04:30:37.709177
2026-07-01T03:00,17.4,70,11.9,17.3,0,0.0,0.0,0.0,0.0,0.0,1,1020.6,997.7,40,40560.0,4.3,10.8,braga,2026-07-01T04:30:37.709177
2026-07-01T04:00,16.5,73,11.6,16.3,0,0.0,0.0,0.0,0.0,0.0,0,1020.8,997.9,0,37480.0,4.7,12.2,braga,2026-07-01T04:30:37.709177
2026-07-01T05:00,16.1,72,11.0,15.7,0,0.0,0.0,0.0,0.0,0.0,0,1021.0,998.0,0,37240.0,5.1,13.0,braga,2026-07-01T04:30:37.709177
2026-07-01T06:00,16.5,71,11.2,16.2,0,0.0,0.0,0.0,0.0,0.0,0,1020.9,998.0,0,37440.0,4.7,13.0,braga,2026-07-01T04:30:37.709177
2026-07-01T07:00,19.2,70,13.6,19.9,0,0.0,0.0,0.0,0.0,0.0,0,1020.9,998.2,0,38580.0,3.3,13.0,braga,2026-07-01T04:30:37.709177
2026-07-01T08:00,22.9,60,14.7,24.2,0,0.0,0.0,0.0,0.0,0.0,0,1021.3,998.9,0,40320.0,1.8,11.2,braga,2026-07-01T04:30:37.709177
2026-07-01T09:00,25.0,53,14.7,26.0,0,0.0,0.0,0.0,0.0,0.0,0,1021.5,999.2,0,41300.0,3.6,13.0,braga,2026-07-01T04:30:37.709177
2026-07-01T10:00,26.8,53,16.4,29.3,0,0.0,0.0,0.0,0.0,0.0,0,1021.5,999.3,0,40900.0,4.7,14.8,braga,2026-07-01T04:30:37.709177
2026-07-01T11:00,28.5,51,17.4,31.8,0,0.0,0.0,0.0,0.0,0.0,0,1021.0,999.0,0,41000.0,6.7,18.7,braga,2026-07-01T04:30:37.709177
2026-07-01T12:00,30.0,47,17.4,33.6,0,0.0,0.0,0.0,0.0,0.0,0,1020.4,998.5,0,41460.0,8.4,21.6,braga,2026-07-01T04:30:37.709177
2026-07-01T13:00,31.3,43,17.3,35.0,0,0.0,0.0,0.0,0.0,0.0,0,1019.7,997.9,0,42000.0,8.9,23.8,braga,2026-07-01T04:30:37.709177
2026-07-01T14:00,32.5,40,17.1,35.7,0,0.0,0.0,0.0,0.0,0.0,0,1019.0,997.3,0,42620.0,10.0,26.3,braga,2026-07-01T04:30:37.709177
2026-07-01T15:00,33.1,37,16.4,35.3,0,0.0,0.0,0.0,0.0,0.0,0,1018.4,996.8,0,43360.0,11.7,30.6,braga,2026-07-01T04:30:37.709177
2026-07-01T16:00,33.6,34,15.6,34.6,0,0.0,0.0,0.0,0.0,0.0,0,1017.7,996.1,0,44720.0,12.8,31.3,braga,2026-07-01T04:30:37.709177
2026-07-01T17:00,33.6,30,13.7,33.1,0,0.0,0.0,0.0,0.0,0.0,0,1017.0,995.4,0,47440.0,12.7,32.0,braga,2026-07-01T04:30:37.709177
2026-07-01T18:00,33.0,35,15.5,33.1,0,0.0,0.0,0.0,0.0,0.0,0,1016.8,995.2,0,45140.0,12.1,30.6,braga,2026-07-01T04:30:37.709177
2026-07-01T19:00,31.3,38,15.3,31.7,0,0.0,0.0,0.0,0.0,0.0,0,1017.0,995.3,4,43900.0,9.8,29.2,braga,2026-07-01T04:30:37.709177
2026-07-01T20:00,28.4,47,16.0,29.6,0,0.0,0.0,0.0,0.0,0.0,1,1017.3,995.3,10,42120.0,6.1,24.8,braga,2026-07-01T04:30:37.709177
2026-07-01T21:00,25.9,55,16.2,27.3,0,0.0,0.0,0.0,0.0,0.0,1,1018.2,996.0,21,41140.0,4.9,16.2,braga,2026-07-01T04:30:37.709177
2026-07-01T22:00,24.0,60,15.7,25.2,0,0.0,0.0,0.0,0.0,0.0,1,1018.7,996.4,18,40620.0,5.2,14.0,braga,2026-07-01T04:30:37.709177
2026-07-01T23:00,22.7,63,15.3,23.6,0,0.0,0.0,0.0,0.0,0.0,1,1019.4,997.0,19,40060.0,5.8,15.5,braga,2026-07-01T04:30:37.709177
2026-07-01T00:00,18.6,92,17.3,20.8,0,0.0,0.0,0.0,0.0,0.0,3,1021.7,1018.4,83,8880.0,3.1,7.2,coimbra,2026-07-01T04:31:55.508753
2026-07-01T01:00,18.5,93,17.4,20.9,0,0.0,0.0,0.0,0.0,0.0,2,1020.9,1017.6,79,7840.0,1.8,6.5,coimbra,2026-07-01T04:31:55.508753
2026-07-01T02:00,18.4,93,17.3,20.9,0,0.0,0.0,0.0,0.0,0.0,2,1020.3,1017.0,76,6980.0,1.0,4.7,coimbra,2026-07-01T04:31:55.508753
2026-07-01T03:00,18.2,93,17.1,20.7,0,0.0,0.0,0.0,0.0,0.0,2,1020.1,1016.8,77,7400.0,0.5,2.5,coimbra,2026-07-01T04:31:55.508753
2026-07-01T04:00,18.0,94,17.0,20.4,0,0.0,0.0,0.0,0.0,0.0,2,1020.0,1016.7,80,7460.0,0.8,2.2,coimbra,2026-07-01T04:31:55.508753
2026-07-01T05:00,17.9,95,17.1,20.4,0,0.0,0.0,0.0,0.0,0.0,2,1020.2,1016.9,78,7080.0,0.7,1.8,coimbra,2026-07-01T04:31:55.508753
2026-07-01T06:00,17.9,96,17.3,20.5,0,0.0,0.0,0.0,0.0,0.0,45,1019.9,1016.6,55,6720.0,0.0,2.2,coimbra,2026-07-01T04:31:55.508753
2026-07-01T07:00,19.6,90,17.9,22.2,0,0.0,0.0,0.0,0.0,0.0,1,1019.9,1016.6,41,1540.0,1.4,5.0,coimbra,2026-07-01T04:31:55.508753
2026-07-01T08:00,22.6,74,17.8,25.1,0,0.0,0.0,0.0,0.0,0.0,0,1020.1,1016.8,15,33400.0,2.5,7.2,coimbra,2026-07-01T04:31:55.508753
2026-07-01T09:00,25.9,62,18.0,27.8,0,0.0,0.0,0.0,0.0,0.0,0,1020.1,1016.8,0,38980.0,6.7,15.8,coimbra,2026-07-01T04:31:55.508753
2026-07-01T10:00,29.0,51,17.9,31.0,0,0.0,0.0,0.0,0.0,0.0,0,1019.8,1016.6,0,41160.0,12.2,27.7,coimbra,2026-07-01T04:31:55.508753
2026-07-01T11:00,31.2,43,17.1,33.5,0,0.0,0.0,0.0,0.0,0.0,0,1019.4,1016.2,0,42200.0,12.6,29.2,coimbra,2026-07-01T04:31:55.508753
2026-07-01T12:00,32.8,42,18.2,36.2,0,0.0,0.0,0.0,0.0,0.0,0,1018.7,1015.5,0,42380.0,12.0,28.4,coimbra,2026-07-01T04:31:55.508753
2026-07-01T13:00,33.5,47,20.6,38.1,0,0.0,0.0,0.0,0.0,0.0,0,1018.3,1015.1,1,41380.0,12.3,28.4,coimbra,2026-07-01T04:31:55.508753
2026-07-01T14:00,33.3,48,20.8,37.5,0,0.0,0.0,0.0,0.0,0.0,0,1017.9,1014.7,5,41140.0,14.8,33.8,coimbra,2026-07-01T04:31:55.508753
2026-07-01T15:00,33.0,45,19.5,36.0,0,0.0,0.0,0.0,0.0,0.0,1,1017.5,1014.3,16,41620.0,15.3,34.2,coimbra,2026-07-01T04:31:55.508753
2026-07-01T16:00,32.5,45,19.1,34.6,0,0.0,0.0,0.0,0.0,0.0,1,1017.1,1013.9,21,41760.0,15.5,34.9,coimbra,2026-07-01T04:31:55.508753
2026-07-01T17:00,31.5,47,18.8,32.8,0,0.0,0.0,0.0,0.0,0.0,1,1016.7,1013.5,26,41580.0,14.4,34.6,coimbra,2026-07-01T04:31:55.508753
2026-07-01T18:00,30.3,50,18.7,31.9,0,0.0,0.0,0.0,0.0,0.0,1,1016.6,1013.4,36,41320.0,11.2,31.7,coimbra,2026-07-01T04:31:55.508753
2026-07-01T19:00,28.9,52,18.1,30.9,0,0.0,0.0,0.0,0.0,0.0,1,1016.5,1013.3,42,41200.0,6.7,24.5,coimbra,2026-07-01T04:31:55.508753
2026-07-01T20:00,26.7,61,18.5,29.3,0,0.0,0.0,0.0,0.0,0.0,1,1016.5,1013.3,38,40460.0,4.0,14.8,coimbra,2026-07-01T04:31:55.508753
2026-07-01T21:00,24.7,71,19.1,27.7,0,0.0,0.0,0.0,0.0,0.0,1,1016.9,1013.6,37,26920.0,2.6,7.6,coimbra,2026-07-01T04:31:55.508753
2026-07-01T22:00,23.4,77,19.2,26.6,0,0.0,0.0,0.0,0.0,0.0,1,1017.0,1013.7,38,21940.0,1.6,5.0,coimbra,2026-07-01T04:31:55.508753
2026-07-01T23:00,22.7,79,18.8,25.5,0,0.0,0.0,0.0,0.0,0.0,2,1017.3,1014.0,57,26880.0,3.0,5.0,coimbra,2026-07-01T04:31:55.508753
2026-07-01T00:00,22.3,49,11.1,20.0,0,0.0,0.0,0.0,0.0,0.0,0,1023.3,1011.7,0,42460.0,18.6,52.6,funchal,2026-07-01T04:32:33.242648
2026-07-01T01:00,22.3,47,10.5,19.9,0,0.0,0.0,0.0,0.0,0.0,0,1022.8,1011.2,0,43540.0,18.0,53.6,funchal,2026-07-01T04:32:33.242648
2026-07-01T02:00,22.2,46,10.1,19.8,0,0.0,0.0,0.0,0.0,0.0,0,1022.1,1010.5,0,43860.0,17.0,54.7,funchal,2026-07-01T04:32:33.242648
2026-07-01T03:00,22.1,45,9.6,19.5,0,0.0,0.0,0.0,0.0,0.0,0,1022.1,1010.5,0,43360.0,17.3,54.0,funchal,2026-07-01T04:32:33.242648
2026-07-01T04:00,22.0,46,9.9,19.5,0,0.0,0.0,0.0,0.0,0.0,0,1021.9,1010.3,0,42320.0,17.0,52.9,funchal,2026-07-01T04:32:33.242648
2026-07-01T05:00,21.8,48,10.3,19.4,0,0.0,0.0,0.0,0.0,0.0,0,1021.8,1010.2,0,41620.0,17.7,52.2,funchal,2026-07-01T04:32:33.242648
2026-07-01T06:00,22.0,47,10.2,19.5,0,0.0,0.0,0.0,0.0,0.0,0,1021.7,1010.1,0,43640.0,17.2,51.1,funchal,2026-07-01T04:32:33.242648
2026-07-01T07:00,22.3,50,11.4,20.4,0,0.0,0.0,0.0,0.0,0.0,0,1022.0,1010.4,0,43020.0,16.1,49.0,funchal,2026-07-01T04:32:33.242648
2026-07-01T08:00,23.4,48,11.8,21.8,0,0.0,0.0,0.0,0.0,0.0,0,1022.2,1010.6,0,42760.0,15.0,47.2,funchal,2026-07-01T04:32:33.242648
2026-07-01T09:00,24.8,47,12.8,23.8,0,0.0,0.0,0.0,0.0,0.0,0,1022.3,1010.8,0,42740.0,13.3,44.6,funchal,2026-07-01T04:32:33.242648
2026-07-01T10:00,26.1,45,13.3,26.0,0,0.0,0.0,0.0,0.0,0.0,0,1022.1,1010.6,0,42180.0,12.2,42.8,funchal,2026-07-01T04:32:33.242648
2026-07-01T11:00,27.2,45,14.2,28.5,0,0.0,0.0,0.0,0.0,0.0,0,1022.1,1010.7,0,41660.0,10.8,42.8,funchal,2026-07-01T04:32:33.242648
2026-07-01T12:00,28.1,46,15.4,30.7,0,0.0,0.0,0.0,0.0,0.0,0,1021.9,1010.5,0,41260.0,10.0,41.0,funchal,2026-07-01T04:32:33.242648
2026-07-01T13:00,28.8,46,16.0,32.3,0,0.0,0.0,0.0,0.0,0.0,0,1021.8,1010.4,0,41120.0,8.6,40.0,funchal,2026-07-01T04:32:33.242648
2026-07-01T14:00,29.4,45,16.3,33.0,0,0.0,0.0,0.0,0.0,0.0,0,1021.3,1010.0,0,41660.0,9.0,41.4,funchal,2026-07-01T04:32:33.242648
2026-07-01T15:00,29.4,40,14.4,32.0,0,0.0,0.0,0.0,0.0,0.0,0,1021.1,1009.8,0,41960.0,8.5,41.4,funchal,2026-07-01T04:32:33.242648
2026-07-01T16:00,29.5,40,14.5,31.5,0,0.0,0.0,0.0,0.0,0.0,0,1020.7,1009.4,0,42480.0,8.0,42.8,funchal,2026-07-01T04:32:33.242648
2026-07-01T17:00,28.9,41,14.4,30.0,0,0.0,0.0,0.0,0.0,0.0,0,1020.6,1009.2,4,42360.0,8.0,41.8,funchal,2026-07-01T04:32:33.242648
2026-07-01T18:00,28.2,42,14.1,28.1,0,0.0,0.0,0.0,0.0,0.0,1,1020.3,1008.9,9,42660.0,9.8,43.2,funchal,2026-07-01T04:32:33.242648
2026-07-01T19:00,27.2,44,13.9,26.6,0,0.0,0.0,0.0,0.0,0.0,0,1020.2,1008.8,0,42580.0,12.7,45.0,funchal,2026-07-01T04:32:33.242648
2026-07-01T20:00,25.9,44,12.8,24.6,0,0.0,0.0,0.0,0.0,0.0,0,1020.3,1008.8,0,42680.0,15.0,45.7,funchal,2026-07-01T04:32:33.242648
2026-07-01T21:00,25.5,40,10.9,23.3,0,0.0,0.0,0.0,0.0,0.0,0,1020.2,1008.7,0,43560.0,17.1,47.5,funchal,2026-07-01T04:32:33.242648
2026-07-01T22:00,25.6,39,10.6,23.2,0,0.0,0.0,0.0,0.0,0.0,0,1020.8,1009.3,0,44340.0,17.4,47.2,funchal,2026-07-01T04:32:33.242648
2026-07-01T23:00,25.4,38,10.1,22.9,0,0.0,0.0,0.0,0.0,0.0,0,1021.0,1009.5,0,44360.0,17.4,47.9,funchal,2026-07-01T04:32:33.242648
2026-07-01T00:00,19.7,78,15.8,19.9,0,0.0,0.0,0.0,0.0,0.0,1,1020.8,1011.6,11,15700.0,12.5,31.7,lisbon,2026-07-01T04:32:35.702711
2026-07-01T01:00,19.6,78,15.6,19.8,0,0.0,0.0,0.0,0.0,0.0,0,1020.0,1010.8,4,16020.0,11.7,28.4,lisbon,2026-07-01T04:32:35.702711
2026-07-01T02:00,19.7,79,16.0,20.2,0,0.0,0.0,0.0,0.0,0.0,0,1019.4,1010.2,1,16940.0,10.5,25.6,lisbon,2026-07-01T04:32:35.702711
2026-07-01T03:00,19.6,80,16.1,20.3,0,0.0,0.0,0.0,0.0,0.0,0,1019.2,1010.0,1,16560.0,9.8,23.0,lisbon,2026-07-01T04:32:35.702711
2026-07-01T04:00,19.9,80,16.3,20.9,0,0.0,0.0,0.0,0.0,0.0,0,1019.2,1010.0,0,17540.0,8.0,21.2,lisbon,2026-07-01T04:32:35.702711
2026-07-01T05:00,19.8,83,16.8,21.2,0,0.0,0.0,0.0,0.0,0.0,0,1019.2,1010.0,5,17040.0,7.2,18.0,lisbon,2026-07-01T04:32:35.702711
2026-07-01T06:00,19.7,84,16.9,21.2,0,0.0,0.0,0.0,0.0,0.0,0,1019.0,1009.8,5,16240.0,6.8,15.8,lisbon,2026-07-01T04:32:35.702711
2026-07-01T07:00,20.7,76,16.3,21.8,0,0.0,0.0,0.0,0.0,0.0,0,1019.1,1009.9,0,20180.0,6.9,16.9,lisbon,2026-07-01T04:32:35.702711
2026-07-01T08:00,22.2,68,16.0,23.0,0,0.0,0.0,0.0,0.0,0.0,0,1019.4,1010.3,0,31200.0,8.7,22.0,lisbon,2026-07-01T04:32:35.702711
2026-07-01T09:00,23.8,62,16.0,24.8,0,0.0,0.0,0.0,0.0,0.0,0,1019.6,1010.5,0,39080.0,6.9,22.0,lisbon,2026-07-01T04:32:35.702711
2026-07-01T10:00,25.8,57,16.7,28.2,0,0.0,0.0,0.0,0.0,0.0,0,1019.5,1010.5,0,39980.0,6.3,19.4,lisbon,2026-07-01T04:32:35.702711
2026-07-01T11:00,28.1,50,16.7,31.2,0,0.0,0.0,0.0,0.0,0.0,0,1019.1,1010.1,0,40900.0,7.0,20.9,lisbon,2026-07-01T04:32:35.702711
2026-07-01T12:00,30.0,45,16.8,33.7,0,0.0,0.0,0.0,0.0,0.0,0,1018.3,1009.4,0,41600.0,7.3,21.2,lisbon,2026-07-01T04:32:35.702711
2026-07-01T13:00,31.6,39,16.0,35.1,0,0.0,0.0,0.0,0.0,0.0,0,1017.9,1009.0,0,42540.0,7.6,21.6,lisbon,2026-07-01T04:32:35.702711
2026-07-01T14:00,32.4,39,16.7,35.5,0,0.0,0.0,0.0,0.0,0.0,0,1017.4,1008.6,0,42660.0,10.6,28.1,lisbon,2026-07-01T04:32:35.702711
2026-07-01T15:00,32.4,38,16.3,34.7,0,0.0,0.0,0.0,0.0,0.0,0,1017.0,1008.2,3,43020.0,11.6,30.6,lisbon,2026-07-01T04:32:35.702711
2026-07-01T16:00,31.9,38,15.8,33.1,0,0.0,0.0,0.0,0.0,0.0,1,1016.5,1007.7,12,43100.0,13.4,33.8,lisbon,2026-07-01T04:32:35.702711
2026-07-01T17:00,30.6,42,16.2,30.9,0,0.0,0.0,0.0,0.0,0.0,1,1016.1,1007.2,26,42320.0,14.5,36.0,lisbon,2026-07-01T04:32:35.702711
2026-07-01T18:00,28.9,45,15.7,28.7,0,0.0,0.0,0.0,0.0,0.0,1,1016.1,1007.2,22,42100.0,14.3,36.4,lisbon,2026-07-01T04:32:35.702711
2026-07-01T19:00,27.8,45,14.8,27.9,0,0.0,0.0,0.0,0.0,0.0,1,1016.0,1007.1,34,41220.0,10.4,34.2,lisbon,2026-07-01T04:32:35.702711
2026-07-01T20:00,26.6,48,14.7,27.2,0,0.0,0.0,0.0,0.0,0.0,1,1015.9,1006.9,35,34460.0,6.2,23.8,lisbon,2026-07-01T04:32:35.702711
2026-07-01T21:00,25.4,53,15.1,26.4,0,0.0,0.0,0.0,0.0,0.0,3,1016.3,1007.3,82,30780.0,4.8,14.4,lisbon,2026-07-01T04:32:35.702711
2026-07-01T22:00,24.5,58,15.7,25.9,0,0.0,0.0,0.0,0.0,0.0,3,1016.5,1007.4,90,29960.0,3.3,10.8,lisbon,2026-07-01T04:32:35.702711
2026-07-01T23:00,23.7,62,16.0,25.3,0,0.0,0.0,0.0,0.0,0.0,0,1016.6,1007.5,2,31400.0,3.1,7.2,lisbon,2026-07-01T04:32:35.702711
2026-07-01T00:00,18.7,88,16.7,20.7,0,0.0,0.0,0.0,0.0,0.0,0,1021.4,1009.9,18,15000.0,2.5,9.4,porto,2026-07-01T04:32:38.169907
2026-07-01T01:00,18.6,88,16.6,20.5,0,0.0,0.0,0.0,0.0,0.0,0,1020.8,1009.3,0,16180.0,2.5,8.6,porto,2026-07-01T04:32:38.169907
2026-07-01T02:00,18.4,89,16.6,20.3,0,0.0,0.0,0.0,0.0,0.0,0,1020.2,1008.7,0,15720.0,2.9,9.4,porto,2026-07-01T04:32:38.169907
2026-07-01T03:00,18.2,88,16.2,19.9,0,0.0,0.0,0.0,0.0,0.0,1,1020.1,1008.6,34,16160.0,3.1,9.4,porto,2026-07-01T04:32:38.169907
2026-07-01T04:00,18.0,85,15.5,19.4,0,0.0,0.0,0.0,0.0,0.0,0,1020.2,1008.7,12,18420.0,3.3,9.7,porto,2026-07-01T04:32:38.169907
2026-07-01T05:00,17.9,85,15.3,19.1,0,0.0,0.0,0.0,0.0,0.0,0,1020.2,1008.7,19,17420.0,3.9,10.1,porto,2026-07-01T04:32:38.169907
2026-07-01T06:00,17.6,90,16.0,19.1,0,0.0,0.0,0.0,0.0,0.0,0,1020.0,1008.5,24,16220.0,4.0,11.2,porto,2026-07-01T04:32:38.169907
2026-07-01T07:00,19.1,89,17.3,21.2,0,0.0,0.0,0.0,0.0,0.0,0,1020.0,1008.5,16,20400.0,3.4,11.9,porto,2026-07-01T04:32:38.169907
2026-07-01T08:00,22.6,62,14.9,23.6,0,0.0,0.0,0.0,0.0,0.0,0,1020.4,1009.0,0,38980.0,4.1,15.1,porto,2026-07-01T04:32:38.169907
2026-07-01T09:00,25.6,54,15.6,26.3,0,0.0,0.0,0.0,0.0,0.0,0,1020.7,1009.5,0,40820.0,7.7,20.2,porto,2026-07-01T04:32:38.169907
2026-07-01T10:00,27.9,50,16.5,29.6,0,0.0,0.0,0.0,0.0,0.0,0,1020.7,1009.5,0,41240.0,9.4,23.4,porto,2026-07-01T04:32:38.169907
2026-07-01T11:00,29.2,49,17.4,32.2,0,0.0,0.0,0.0,0.0,0.0,0,1020.4,1009.3,0,41260.0,8.4,23.4,porto,2026-07-01T04:32:38.169907
2026-07-01T12:00,29.6,49,17.7,32.9,0,0.0,0.0,0.0,0.0,0.0,0,1020.0,1008.9,0,41080.0,10.5,29.9,porto,2026-07-01T04:32:38.169907
2026-07-01T13:00,29.6,48,17.5,32.6,0,0.0,0.0,0.0,0.0,0.0,0,1019.7,1008.6,0,41060.0,13.1,36.7,porto,2026-07-01T04:32:38.169907
2026-07-01T14:00,29.4,48,17.3,31.7,0,0.0,0.0,0.0,0.0,0.0,0,1019.3,1008.2,0,42360.0,15.7,40.7,porto,2026-07-01T04:32:38.169907
2026-07-01T15:00,29.4,47,16.9,31.1,0,0.0,0.0,0.0,0.0,0.0,0,1018.7,1007.6,0,42040.0,15.9,42.1,porto,2026-07-01T04:32:38.169907
2026-07-01T16:00,29.2,46,16.4,30.2,0,0.0,0.0,0.0,0.0,0.0,1,1018.1,1007.0,13,42120.0,15.0,41.4,porto,2026-07-01T04:32:38.169907
2026-07-01T17:00,29.4,46,16.6,30.0,0,0.0,0.0,0.0,0.0,0.0,1,1017.3,1006.2,18,41980.0,11.9,38.5,porto,2026-07-01T04:32:38.169907
2026-07-01T18:00,29.1,46,16.3,29.9,0,0.0,0.0,0.0,0.0,0.0,1,1016.9,1005.8,14,42020.0,9.5,33.1,porto,2026-07-01T04:32:38.169907
2026-07-01T19:00,28.3,50,16.9,29.6,0,0.0,0.0,0.0,0.0,0.0,1,1016.8,1005.7,15,41900.0,7.2,26.3,porto,2026-07-01T04:32:38.169907
2026-07-01T20:00,26.8,55,17.0,28.6,0,0.0,0.0,0.0,0.0,0.0,1,1016.6,1005.4,18,39960.0,5.2,20.2,porto,2026-07-01T04:32:38.169907
2026-07-01T21:00,25.8,58,16.9,27.5,0,0.0,0.0,0.0,0.0,0.0,1,1017.0,1005.8,20,37280.0,5.0,14.8,porto,2026-07-01T04:32:38.169907
2026-07-01T22:00,25.4,60,17.1,27.2,0,0.0,0.0,0.0,0.0,0.0,1,1017.3,1006.1,15,40560.0,4.9,13.7,porto,2026-07-01T04:32:38.169907
2026-07-01T23:00,24.5,66,17.8,26.4,0,0.0,0.0,0.0,0.0,0.0,1,1017.7,1006.4,31,39400.0,6.2,17.3,porto,2026-07-01T04:32:38.169907
2026-07-01T00:00,33.3,26,11.2,31.5,0,0.0,0.0,0.0,0.0,0.0,0,997.8,997.0,16,16340.0,14.5,28.4,doha,2026-07-01T04:32:40.642241
2026-07-01T01:00,32.9,28,12.0,31.2,0,0.0,0.0,0.0,0.0,0.0,0,997.8,997.0,4,16340.0,15.3,31.0,doha,2026-07-01T04:32:40.642241
2026-07-01T02:00,32.8,25,10.1,30.5,0,0.0,0.0,0.0,0.0,0.0,0,997.9,997.1,0,16340.0,15.3,31.0,doha,2026-07-01T04:32:40.642241
2026-07-01T03:00,33.9,20,8.1,31.1,0,0.0,0.0,0.0,0.0,0.0,0,998.2,997.4,0,16380.0,15.5,32.4,doha,2026-07-01T04:32:40.642241
2026-07-01T04:00,35.8,19,8.7,33.5,0,0.0,0.0,0.0,0.0,0.0,0,998.4,997.6,16,16380.0,13.2,33.5,doha,2026-07-01T04:32:40.642241
2026-07-01T05:00,38.6,17,9.3,36.1,0,0.0,0.0,0.0,0.0,0.0,2,998.6,997.8,59,16380.0,15.6,36.4,doha,2026-07-01T04:32:40.642241
2026-07-01T06:00,40.7,14,8.3,38.5,0,0.0,0.0,0.0,0.0,0.0,2,998.8,998.0,73,16380.0,15.5,38.5,doha,2026-07-01T04:32:40.642241
2026-07-01T07:00,42.6,12,6.8,40.7,0,0.0,0.0,0.0,0.0,0.0,2,998.6,997.8,57,16360.0,16.7,41.8,doha,2026-07-01T04:32:40.642241
2026-07-01T08:00,43.7,10,5.0,41.7,0,0.0,0.0,0.0,0.0,0.0,1,998.3,997.5,28,16420.0,18.0,45.4,doha,2026-07-01T04:32:40.642241
2026-07-01T09:00,44.4,8,2.9,42.1,0,0.0,0.0,0.0,0.0,0.0,0,997.9,997.1,2,16420.0,18.3,46.4,doha,2026-07-01T04:32:40.642241
2026-07-01T10:00,44.2,8,3.2,42.3,0,0.0,0.0,0.0,0.0,0.0,0,997.4,996.6,2,16400.0,16.2,46.4,doha,2026-07-01T04:32:40.642241
2026-07-01T11:00,43.7,9,3.7,41.8,0,0.0,0.0,0.0,0.0,0.0,0,996.9,996.1,0,16400.0,13.7,42.5,doha,2026-07-01T04:32:40.642241
2026-07-01T12:00,43.4,8,2.7,40.6,0,0.0,0.0,0.0,0.0,0.0,0,996.6,995.8,0,16400.0,13.2,37.8,doha,2026-07-01T04:32:40.642241
2026-07-01T13:00,42.9,8,1.5,39.1,0,0.0,0.0,0.0,0.0,0.0,0,996.3,995.5,4,16400.0,12.8,36.0,doha,2026-07-01T04:32:40.642241
2026-07-01T14:00,41.8,9,3.1,38.7,0,0.0,0.0,0.0,0.0,0.0,0,996.2,995.4,8,16400.0,10.2,33.5,doha,2026-07-01T04:32:40.642241
2026-07-01T15:00,39.2,20,12.3,38.4,0,0.0,0.0,0.0,0.0,0.0,0,996.6,995.8,9,16340.0,9.6,22.7,doha,2026-07-01T04:32:40.642241
2026-07-01T16:00,37.3,28,16.0,37.7,0,0.0,0.0,0.0,0.0,0.0,0,997.0,996.2,4,16280.0,10.9,21.2,doha,2026-07-01T04:32:40.642241
2026-07-01T17:00,36.8,26,14.4,37.0,0,0.0,0.0,0.0,0.0,0.0,0,997.6,996.8,0,16280.0,7.8,22.0,doha,2026-07-01T04:32:40.642241
2026-07-01T18:00,35.9,25,12.6,36.0,0,0.0,0.0,0.0,0.0,0.0,0,998.2,997.4,5,16280.0,4.8,15.5,doha,2026-07-01T04:32:40.642241
2026-07-01T19:00,35.3,22,10.5,34.7,0,0.0,0.0,0.0,0.0,0.0,1,998.1,997.3,38,16280.0,5.0,10.1,doha,2026-07-01T04:32:40.642241
2026-07-01T20:00,34.5,23,10.1,33.8,0,0.0,0.0,0.0,0.0,0.0,3,997.7,996.9,86,16280.0,5.0,10.8,doha,2026-07-01T04:32:40.642241
2026-07-01T21:00,33.7,23,9.4,32.3,0,0.0,0.0,0.0,0.0,0.0,3,997.1,996.3,95,16280.0,8.6,15.8,doha,2026-07-01T04:32:40.642241
2026-07-01T22:00,32.9,22,8.5,31.1,0,0.0,0.0,0.0,0.0,0.0,2,996.6,995.8,63,16280.0,9.1,17.3,doha,2026-07-01T04:32:40.642241
2026-07-01T23:00,32.4,21,7.1,30.2,0,0.0,0.0,0.0,0.0,0.0,1,996.4,995.6,33,16320.0,10.1,19.4,doha,2026-07-01T04:32:40.642241
2026-07-01T00:00,25.2,75,20.5,28.2,13,0.0,0.0,0.0,0.0,0.0,1,1014.7,1005.0,36,35340.0,7.6,14.8,bucharest,2026-07-01T04:33:18.284580
2026-07-01T01:00,24.5,76,20.0,27.2,25,0.1,0.0,0.1,0.0,0.0,3,1014.7,1005.0,94,34460.0,8.4,19.8,bucharest,2026-07-01T04:33:18.284580
2026-07-01T02:00,24.2,77,19.9,27.0,25,0.1,0.0,0.1,0.0,0.0,2,1013.4,1003.7,52,34140.0,7.0,22.7,bucharest,2026-07-01T04:33:18.284580
2026-07-01T03:00,24.2,76,19.7,27.0,40,0.1,0.0,0.1,0.0,0.0,2,1013.2,1003.5,60,34920.0,6.2,17.6,bucharest,2026-07-01T04:33:18.284580
2026-07-01T04:00,24.3,77,20.0,27.6,30,0.3,0.0,0.3,0.0,0.0,80,1013.1,1003.4,55,33580.0,3.4,14.4,bucharest,2026-07-01T04:33:18.284580
2026-07-01T05:00,25.1,74,20.1,27.6,35,0.1,0.0,0.1,0.0,0.0,3,1014.4,1004.7,89,34540.0,9.4,28.8,bucharest,2026-07-01T04:33:18.284580
2026-07-01T06:00,26.6,67,20.0,29.2,20,0.0,0.0,0.0,0.0,0.0,3,1013.4,1003.8,100,37740.0,8.4,28.8,bucharest,2026-07-01T04:33:18.284580
2026-07-01T07:00,29.0,56,19.4,30.5,23,0.0,0.0,0.0,0.0,0.0,1,1012.9,1003.3,32,40160.0,14.1,36.0,bucharest,2026-07-01T04:33:18.284580
2026-07-01T08:00,29.9,53,19.3,31.9,23,0.0,0.0,0.0,0.0,0.0,2,1012.8,1003.3,87,40520.0,11.9,42.1,bucharest,2026-07-01T04:33:18.284580
2026-07-01T09:00,30.5,51,19.3,32.0,40,0.0,0.0,0.0,0.0,0.0,2,1012.3,1002.8,84,40780.0,13.8,40.7,bucharest,2026-07-01T04:33:18.284580
2026-07-01T10:00,27.2,72,21.7,31.2,40,2.2,0.0,2.2,0.0,0.0,95,1013.1,1003.5,100,34940.0,5.2,41.0,bucharest,2026-07-01T04:33:18.284580
2026-07-01T11:00,24.9,83,21.8,28.6,53,5.1,0.0,5.1,0.0,0.0,81,1013.2,1003.5,100,26620.0,8.1,21.2,bucharest,2026-07-01T04:33:18.284580
2026-07-01T12:00,26.1,77,21.7,29.4,55,0.0,0.0,0.0,0.0,0.0,3,1012.7,1003.0,100,30180.0,10.3,28.8,bucharest,2026-07-01T04:33:18.284580
2026-07-01T13:00,27.2,72,21.7,30.2,55,0.0,0.0,0.0,0.0,0.0,3,1012.4,1002.8,100,33500.0,12.1,31.0,bucharest,2026-07-01T04:33:18.284580
2026-07-01T14:00,27.7,70,21.7,30.7,28,0.0,0.0,0.0,0.0,0.0,3,1011.5,1001.9,100,34880.0,11.9,32.0,bucharest,2026-07-01T04:33:18.284580
2026-07-01T15:00,27.6,71,21.8,31.3,15,0.0,0.0,0.0,0.0,0.0,3,1011.4,1001.8,100,34660.0,7.6,30.6,bucharest,2026-07-01T04:33:18.284580
2026-07-01T16:00,25.0,86,22.5,29.1,23,4.8,0.0,4.8,0.0,0.0,81,1011.9,1002.2,100,22560.0,7.3,25.6,bucharest,2026-07-01T04:33:18.284580
2026-07-01T17:00,24.7,86,22.2,28.7,23,0.0,0.0,0.0,0.0,0.0,3,1011.5,1001.8,100,24420.0,7.2,17.6,bucharest,2026-07-01T04:33:18.284580
2026-07-01T18:00,24.1,89,22.2,28.3,25,0.0,0.0,0.0,0.0,0.0,3,1011.1,1001.4,100,18800.0,6.2,18.0,bucharest,2026-07-01T04:33:18.284580
2026-07-01T19:00,23.6,93,22.4,28.0,30,0.0,0.0,0.0,0.0,0.0,1,1011.2,1001.5,40,15000.0,5.2,15.8,bucharest,2026-07-01T04:33:18.284580
2026-07-01T20:00,23.1,95,22.3,27.9,15,0.0,0.0,0.0,0.0,0.0,1,1010.9,1001.2,41,12040.0,2.0,11.9,bucharest,2026-07-01T04:33:18.284580
2026-07-01T21:00,22.7,97,22.2,27.5,13,0.0,0.0,0.0,0.0,0.0,45,1010.5,1000.8,38,9220.0,1.3,5.0,bucharest,2026-07-01T04:33:18.284580
2026-07-01T22:00,22.3,98,21.9,26.8,25,0.0,0.0,0.0,0.0,0.0,45,1010.2,1000.4,51,4820.0,2.3,4.7,bucharest,2026-07-01T04:33:18.284580
2026-07-01T23:00,21.9,100,21.9,26.4,33,0.0,0.0,0.0,0.0,0.0,45,1010.3,1000.5,66,1340.0,2.5,6.1,bucharest,2026-07-01T04:33:18.284580
2026-07-01T00:00,14.6,87,12.5,13.4,3,0.0,0.0,0.0,0.0,0.0,3,1012.2,1011.1,51,25000.0,13.6,29.5,arkhangelsk,2026-07-01T04:34:36.154678
2026-07-01T01:00,14.3,83,11.4,12.8,0,0.0,0.0,0.0,0.0,0.0,1,1013.0,1011.9,12,29980.0,13.0,30.2,arkhangelsk,2026-07-01T04:34:36.154678
2026-07-01T02:00,14.5,80,11.1,12.8,0,0.0,0.0,0.0,0.0,0.0,1,1013.5,1012.4,9,31600.0,13.8,31.7,arkhangelsk,2026-07-01T04:34:36.154678
2026-07-01T03:00,14.9,74,10.3,12.8,0,0.0,0.0,0.0,0.0,0.0,0,1014.1,1013.0,0,35280.0,14.8,33.8,arkhangelsk,2026-07-01T04:34:36.154678
2026-07-01T04:00,15.4,69,9.7,13.1,0,0.0,0.0,0.0,0.0,0.0,1,1014.2,1013.1,11,37240.0,15.2,36.4,arkhangelsk,2026-07-01T04:34:36.154678
2026-07-01T05:00,16.0,66,9.6,13.7,0,0.0,0.0,0.0,0.0,0.0,1,1014.7,1013.6,26,38120.0,14.9,35.6,arkhangelsk,2026-07-01T04:34:36.154678
2026-07-01T06:00,16.8,63,9.7,14.8,0,0.0,0.0,0.0,0.0,0.0,1,1015.2,1014.1,26,38780.0,13.3,34.9,arkhangelsk,2026-07-01T04:34:36.154678
2026-07-01T07:00,17.7,58,9.4,16.2,0,0.0,0.0,0.0,0.0,0.0,0,1016.0,1014.9,5,39960.0,12.2,31.7,arkhangelsk,2026-07-01T04:34:36.154678
2026-07-01T08:00,18.7,52,8.7,17.5,0,0.0,0.0,0.0,0.0,0.0,0,1016.2,1015.1,0,40920.0,11.5,29.9,arkhangelsk,2026-07-01T04:34:36.154678
2026-07-01T09:00,19.8,48,8.5,19.0,0,0.0,0.0,0.0,0.0,0.0,1,1016.1,1015.0,17,41440.0,10.0,28.4,arkhangelsk,2026-07-01T04:34:36.154678
2026-07-01T10:00,20.5,46,8.5,19.5,0,0.0,0.0,0.0,0.0,0.0,0,1016.1,1015.0,5,41640.0,10.9,28.1,arkhangelsk,2026-07-01T04:34:36.154678
2026-07-01T11:00,20.8,44,8.1,19.4,0,0.0,0.0,0.0,0.0,0.0,1,1016.5,1015.4,10,42020.0,11.8,29.2,arkhangelsk,2026-07-01T04:34:36.154678
2026-07-01T12:00,20.8,44,8.1,19.5,3,0.0,0.0,0.0,0.0,0.0,1,1016.9,1015.8,33,41980.0,10.4,29.2,arkhangelsk,2026-07-01T04:34:36.154678
2026-07-01T13:00,20.6,44,7.9,18.6,0,0.0,0.0,0.0,0.0,0.0,3,1016.7,1015.6,97,42100.0,10.2,26.6,arkhangelsk,2026-07-01T04:34:36.154678
2026-07-01T14:00,19.9,51,9.5,18.5,0,0.0,0.0,0.0,0.0,0.0,2,1016.6,1015.5,50,41220.0,8.9,25.6,arkhangelsk,2026-07-01T04:34:36.154678
2026-07-01T15:00,19.8,51,9.4,18.4,0,0.0,0.0,0.0,0.0,0.0,1,1016.5,1015.4,33,41220.0,9.0,22.3,arkhangelsk,2026-07-01T04:34:36.154678
2026-07-01T16:00,19.2,50,8.5,17.7,0,0.0,0.0,0.0,0.0,0.0,3,1016.6,1015.5,85,41400.0,7.7,22.0,arkhangelsk,2026-07-01T04:34:36.154678
2026-07-01T17:00,18.1,54,8.7,16.8,0,0.0,0.0,0.0,0.0,0.0,3,1016.5,1015.4,100,41120.0,6.6,18.7,arkhangelsk,2026-07-01T04:34:36.154678
2026-07-01T18:00,16.8,63,9.7,16.1,0,0.0,0.0,0.0,0.0,0.0,3,1016.3,1015.2,100,39820.0,4.4,15.5,arkhangelsk,2026-07-01T04:34:36.154678
2026-07-01T19:00,15.7,73,10.9,15.5,0,0.0,0.0,0.0,0.0,0.0,3,1016.3,1015.2,100,37320.0,3.1,10.1,arkhangelsk,2026-07-01T04:34:36.154678
2026-07-01T20:00,14.9,77,10.9,15.0,0,0.0,0.0,0.0,0.0,0.0,3,1016.2,1015.1,100,35880.0,1.8,6.5,arkhangelsk,2026-07-01T04:34:36.154678
2026-07-01T21:00,14.5,78,10.7,14.6,0,0.0,0.0,0.0,0.0,0.0,3,1016.3,1015.2,100,35580.0,0.8,3.2,arkhangelsk,2026-07-01T04:34:36.154678
2026-07-01T22:00,13.9,80,10.5,13.7,0,0.0,0.0,0.0,0.0,0.0,3,1016.3,1015.2,100,33420.0,2.8,5.4,arkhangelsk,2026-07-01T04:34:36.154678
2026-07-01T23:00,13.4,82,10.4,13.0,0,0.0,0.0,0.0,0.0,0.0,3,1016.3,1015.2,100,31440.0,3.7,7.6,arkhangelsk,2026-07-01T04:34:36.154678
2026-07-01T00:00,17.6,93,16.5,19.4,0,0.0,0.0,0.0,0.0,0.0,1,1016.1,997.7,12,18540.0,3.8,6.5,moscow,2026-07-01T04:34:38.637169
2026-07-01T01:00,17.5,93,16.3,19.2,0,0.0,0.0,0.0,0.0,0.0,0,1016.2,997.8,0,18640.0,3.7,7.2,moscow,2026-07-01T04:34:38.637169
2026-07-01T02:00,17.6,94,16.6,19.4,0,0.0,0.0,0.0,0.0,0.0,1,1016.1,997.7,9,16320.0,3.7,8.3,moscow,2026-07-01T04:34:38.637169
2026-07-01T03:00,18.6,91,17.1,20.4,0,0.0,0.0,0.0,0.0,0.0,1,1016.0,997.6,27,15920.0,4.6,11.9,moscow,2026-07-01T04:34:38.637169
2026-07-01T04:00,20.1,86,17.7,22.1,0,0.0,0.0,0.0,0.0,0.0,1,1015.8,997.5,34,22100.0,5.2,15.1,moscow,2026-07-01T04:34:38.637169
2026-07-01T05:00,21.9,77,17.7,23.7,0,0.0,0.0,0.0,0.0,0.0,1,1015.8,997.6,21,30680.0,6.9,19.8,moscow,2026-07-01T04:34:38.637169
2026-07-01T06:00,23.9,69,17.9,25.7,0,0.0,0.0,0.0,0.0,0.0,2,1016.0,998.0,30,35880.0,7.1,21.2,moscow,2026-07-01T04:34:38.637169
2026-07-01T07:00,25.3,58,16.5,26.4,0,0.0,0.0,0.0,0.0,0.0,2,1015.9,998.0,65,39720.0,9.2,26.3,moscow,2026-07-01T04:34:38.637169
2026-07-01T08:00,26.3,54,16.2,27.4,0,0.0,0.0,0.0,0.0,0.0,2,1016.0,998.1,48,40600.0,9.7,27.7,moscow,2026-07-01T04:34:38.637169
2026-07-01T09:00,27.2,49,15.6,28.4,0,0.0,0.0,0.0,0.0,0.0,2,1015.6,997.8,74,41200.0,10.6,30.6,moscow,2026-07-01T04:34:38.637169
2026-07-01T10:00,27.8,47,15.5,29.1,0,0.0,0.0,0.0,0.0,0.0,1,1015.5,997.7,45,41440.0,10.1,30.6,moscow,2026-07-01T04:34:38.637169
2026-07-01T11:00,28.2,43,14.4,29.1,0,0.0,0.0,0.0,0.0,0.0,2,1015.5,997.7,67,42000.0,10.0,29.2,moscow,2026-07-01T04:34:38.637169
2026-07-01T12:00,28.3,43,14.5,28.9,0,0.0,0.0,0.0,0.0,0.0,2,1015.7,997.9,65,42100.0,9.4,28.4,moscow,2026-07-01T04:34:38.637169
2026-07-01T13:00,28.2,43,14.5,28.5,0,0.0,0.0,0.0,0.0,0.0,2,1015.6,997.8,64,42340.0,8.6,27.0,moscow,2026-07-01T04:34:38.637169
2026-07-01T14:00,28.0,43,14.3,28.2,0,0.0,0.0,0.0,0.0,0.0,2,1015.1,997.3,61,42400.0,8.1,24.5,moscow,2026-07-01T04:34:38.637169
2026-07-01T15:00,27.7,44,14.3,28.1,0,0.0,0.0,0.0,0.0,0.0,2,1014.7,996.9,51,42400.0,7.1,22.7,moscow,2026-07-01T04:34:38.637169
2026-07-01T16:00,27.0,45,14.1,27.4,0,0.0,0.0,0.0,0.0,0.0,2,1014.9,997.1,52,42220.0,6.6,20.2,moscow,2026-07-01T04:34:38.637169
2026-07-01T17:00,25.9,49,14.4,26.7,0,0.0,0.0,0.0,0.0,0.0,1,1015.0,997.1,42,41800.0,4.4,17.3,moscow,2026-07-01T04:34:38.637169
2026-07-01T18:00,24.3,55,14.7,25.4,0,0.0,0.0,0.0,0.0,0.0,0,1015.1,997.1,5,41180.0,3.5,10.4,moscow,2026-07-01T04:34:38.637169
2026-07-01T19:00,23.0,60,14.9,24.1,0,0.0,0.0,0.0,0.0,0.0,2,1015.0,996.9,26,40580.0,3.5,7.6,moscow,2026-07-01T04:34:38.637169
2026-07-01T20:00,22.1,65,15.2,23.4,0,0.0,0.0,0.0,0.0,0.0,2,1015.1,997.0,52,39760.0,3.3,7.2,moscow,2026-07-01T04:34:38.637169
2026-07-01T21:00,21.5,67,15.1,22.8,0,0.0,0.0,0.0,0.0,0.0,2,1015.4,997.2,52,39340.0,2.5,6.1,moscow,2026-07-01T04:34:38.637169
2026-07-01T22:00,21.0,69,15.1,22.3,0,0.0,0.0,0.0,0.0,0.0,2,1015.3,997.1,60,39080.0,2.5,4.0,moscow,2026-07-01T04:34:38.637169
2026-07-01T23:00,20.5,71,15.1,21.8,0,0.0,0.0,0.0,0.0,0.0,2,1015.6,997.4,57,38900.0,2.5,3.6,moscow,2026-07-01T04:34:38.637169
2026-07-01T00:00,19.5,61,11.8,19.6,0,0.0,0.0,0.0,0.0,0.0,0,1009.2,989.5,1,40020.0,3.1,7.2,novosibirsk,2026-07-01T04:35:16.238501
2026-07-01T01:00,21.0,53,10.9,21.0,0,0.0,0.0,0.0,0.0,0.0,0,1009.2,989.6,1,40000.0,1.7,8.3,novosibirsk,2026-07-01T04:35:16.238501
2026-07-01T02:00,22.9,45,10.2,22.8,0,0.0,0.0,0.0,0.0,0.0,0,1009.2,989.7,1,44720.0,1.1,9.0,novosibirsk,2026-07-01T04:35:16.238501
2026-07-01T03:00,24.5,36,8.6,23.9,0,0.0,0.0,0.0,0.0,0.0,0,1009.3,989.9,18,45140.0,1.7,11.2,novosibirsk,2026-07-01T04:35:16.238501
2026-07-01T04:00,25.5,34,8.4,25.4,0,0.0,0.0,0.0,0.0,0.0,1,1009.2,989.9,23,45120.0,2.7,14.0,novosibirsk,2026-07-01T04:35:16.238501
2026-07-01T05:00,26.4,33,8.8,26.8,0,0.0,0.0,0.0,0.0,0.0,0,1009.3,990.1,13,45100.0,4.1,17.3,novosibirsk,2026-07-01T04:35:16.238501
2026-07-01T06:00,27.2,32,9.1,28.0,0,0.0,0.0,0.0,0.0,0.0,0,1009.3,990.1,2,45060.0,4.0,17.6,novosibirsk,2026-07-01T04:35:16.238501
2026-07-01T07:00,27.9,31,9.3,28.9,0,0.0,0.0,0.0,0.0,0.0,0,1008.8,989.7,0,45040.0,4.2,18.4,novosibirsk,2026-07-01T04:35:16.238501
2026-07-01T08:00,28.4,31,9.5,29.2,0,0.0,0.0,0.0,0.0,0.0,0,1008.4,989.3,0,45020.0,5.1,19.4,novosibirsk,2026-07-01T04:35:16.238501
2026-07-01T09:00,28.6,31,9.9,28.9,0,0.0,0.0,0.0,0.0,0.0,0,1008.1,989.0,0,45000.0,6.9,22.3,novosibirsk,2026-07-01T04:35:16.238501
2026-07-01T10:00,28.5,33,10.4,28.0,0,0.0,0.0,0.0,0.0,0.0,1,1007.8,988.7,21,44960.0,8.4,24.8,novosibirsk,2026-07-01T04:35:16.238501
2026-07-01T11:00,28.2,33,10.6,27.0,0,0.0,0.0,0.0,0.0,0.0,3,1007.5,988.4,91,44940.0,9.3,25.2,novosibirsk,2026-07-01T04:35:16.238501
2026-07-01T12:00,27.5,35,10.5,26.1,0,0.0,0.0,0.0,0.0,0.0,1,1007.6,988.5,43,44920.0,10.4,25.9,novosibirsk,2026-07-01T04:35:16.238501
2026-07-01T13:00,26.8,37,10.7,25.6,0,0.0,0.0,0.0,0.0,0.0,3,1007.8,988.6,82,44900.0,9.4,25.9,novosibirsk,2026-07-01T04:35:16.238501
2026-07-01T14:00,26.0,41,11.8,25.9,0,0.0,0.0,0.0,0.0,0.0,3,1008.1,988.9,94,44440.0,3.7,22.3,novosibirsk,2026-07-01T04:35:16.238501
2026-07-01T15:00,24.2,53,13.9,25.0,0,0.0,0.0,0.0,0.0,0.0,2,1008.2,988.8,79,44400.0,2.8,7.9,novosibirsk,2026-07-01T04:35:16.238501
2026-07-01T16:00,22.7,62,15.1,23.1,0,0.0,0.0,0.0,0.0,0.0,2,1008.3,988.8,60,36960.0,9.1,16.6,novosibirsk,2026-07-01T04:35:16.238501
2026-07-01T17:00,21.9,63,14.5,21.7,0,0.0,0.0,0.0,0.0,0.0,3,1008.2,988.7,100,36940.0,11.3,22.0,novosibirsk,2026-07-01T04:35:16.238501
2026-07-01T18:00,21.1,60,13.1,20.5,0,0.0,0.0,0.0,0.0,0.0,3,1008.3,988.7,97,39620.0,10.6,22.0,novosibirsk,2026-07-01T04:35:16.238501
2026-07-01T19:00,20.6,61,12.8,19.8,0,0.0,0.0,0.0,0.0,0.0,3,1008.2,988.6,97,36900.0,11.0,22.3,novosibirsk,2026-07-01T04:35:16.238501
2026-07-01T20:00,20.0,62,12.6,19.2,0,0.0,0.0,0.0,0.0,0.0,3,1008.1,988.5,96,36860.0,10.8,21.2,novosibirsk,2026-07-01T04:35:16.238501
2026-07-01T21:00,19.4,64,12.5,18.6,0,0.0,0.0,0.0,0.0,0.0,3,1008.1,988.4,91,36840.0,10.6,20.9,novosibirsk,2026-07-01T04:35:16.238501
2026-07-01T22:00,18.9,67,12.6,18.2,2,0.0,0.0,0.0,0.0,0.0,3,1008.0,988.3,95,36820.0,10.6,20.5,novosibirsk,2026-07-01T04:35:16.238501
2026-07-01T23:00,19.3,65,12.5,18.6,5,0.0,0.0,0.0,0.0,0.0,2,1008.2,988.5,58,36800.0,10.1,20.5,novosibirsk,2026-07-01T04:35:16.238501
2026-07-01T00:00,12.2,91,10.8,11.3,0,0.0,0.0,0.0,0.0,0.0,0,1003.8,990.9,5,17560.0,8.0,19.8,orenburg,2026-07-01T04:35:53.837648
2026-07-01T01:00,12.3,89,10.6,11.3,0,0.0,0.0,0.0,0.0,0.0,0,1003.9,991.0,0,18600.0,7.9,18.7,orenburg,2026-07-01T04:35:53.837648
2026-07-01T02:00,13.7,83,10.8,12.6,0,0.0,0.0,0.0,0.0,0.0,0,1004.5,991.7,0,23020.0,9.0,21.2,orenburg,2026-07-01T04:35:53.837648
2026-07-01T03:00,15.6,77,11.6,14.4,0,0.0,0.0,0.0,0.0,0.0,0,1004.4,991.7,0,31520.0,11.2,27.7,orenburg,2026-07-01T04:35:53.837648
2026-07-01T04:00,17.8,69,12.1,16.9,0,0.0,0.0,0.0,0.0,0.0,0,1004.8,992.2,0,35820.0,10.8,28.1,orenburg,2026-07-01T04:35:53.837648
2026-07-01T05:00,20.1,62,12.6,19.5,0,0.0,0.0,0.0,0.0,0.0,0,1004.5,992.0,0,38480.0,10.5,28.8,orenburg,2026-07-01T04:35:53.837648
2026-07-01T06:00,22.2,51,11.6,21.7,0,0.0,0.0,0.0,0.0,0.0,2,1004.6,992.1,40,40720.0,12.5,31.7,orenburg,2026-07-01T04:35:53.837648
2026-07-01T07:00,23.4,43,10.1,22.2,0,0.0,0.0,0.0,0.0,0.0,2,1004.3,991.9,55,42000.0,12.6,32.8,orenburg,2026-07-01T04:35:53.837648
2026-07-01T08:00,24.4,38,9.1,23.0,0,0.0,0.0,0.0,0.0,0.0,2,1003.9,991.5,64,43140.0,13.9,34.6,orenburg,2026-07-01T04:35:53.837648
2026-07-01T09:00,25.2,35,8.6,24.0,0,0.0,0.0,0.0,0.0,0.0,2,1003.6,991.3,66,43740.0,12.7,34.9,orenburg,2026-07-01T04:35:53.837648
2026-07-01T10:00,25.3,35,8.8,23.8,0,0.0,0.0,0.0,0.0,0.0,3,1003.6,991.3,80,44080.0,13.0,33.8,orenburg,2026-07-01T04:35:53.837648
2026-07-01T11:00,25.8,34,8.8,24.3,0,0.0,0.0,0.0,0.0,0.0,2,1003.6,991.3,65,44220.0,12.6,32.8,orenburg,2026-07-01T04:35:53.837648
2026-07-01T12:00,25.9,33,8.4,23.7,0,0.0,0.0,0.0,0.0,0.0,2,1003.8,991.5,53,45220.0,12.2,32.0,orenburg,2026-07-01T04:35:53.837648
2026-07-01T13:00,25.7,35,9.1,23.6,0,0.0,0.0,0.0,0.0,0.0,2,1004.1,991.8,57,44460.0,12.6,32.0,orenburg,2026-07-01T04:35:53.837648
2026-07-01T14:00,25.2,37,9.5,23.3,0,0.0,0.0,0.0,0.0,0.0,2,1004.0,991.7,42,43660.0,11.5,31.3,orenburg,2026-07-01T04:35:53.837648
2026-07-01T15:00,24.4,41,10.3,22.7,0,0.0,0.0,0.0,0.0,0.0,1,1004.3,991.9,38,42740.0,12.0,29.9,orenburg,2026-07-01T04:35:53.837648
2026-07-01T16:00,23.0,46,10.7,22.0,0,0.0,0.0,0.0,0.0,0.0,1,1004.3,991.9,32,41960.0,8.1,28.8,orenburg,2026-07-01T04:35:53.837648
2026-07-01T17:00,20.8,56,11.7,20.4,0,0.0,0.0,0.0,0.0,0.0,1,1004.6,992.1,21,40920.0,6.0,19.8,orenburg,2026-07-01T04:35:53.837648
2026-07-01T18:00,19.3,61,11.6,19.1,3,0.0,0.0,0.0,0.0,0.0,0,1004.5,991.9,0,40160.0,4.6,13.0,orenburg,2026-07-01T04:35:53.837648
2026-07-01T19:00,18.2,66,11.7,18.0,3,0.0,0.0,0.0,0.0,0.0,1,1004.3,991.7,20,39100.0,5.1,11.2,orenburg,2026-07-01T04:35:53.837648
2026-07-01T20:00,17.3,72,12.2,17.2,3,0.0,0.0,0.0,0.0,0.0,1,1004.1,991.4,18,37000.0,5.7,13.3,orenburg,2026-07-01T04:35:53.837648
2026-07-01T21:00,16.4,81,13.2,16.6,8,0.0,0.0,0.0,0.0,0.0,1,1004.0,991.3,47,31320.0,5.7,13.7,orenburg,2026-07-01T04:35:53.837648
2026-07-01T22:00,15.9,88,13.9,16.5,10,0.0,0.0,0.0,0.0,0.0,3,1004.1,991.4,93,24780.0,4.3,13.0,orenburg,2026-07-01T04:35:53.837648
2026-07-01T23:00,15.5,92,14.2,16.1,8,0.0,0.0,0.0,0.0,0.0,3,1004.2,991.5,88,19200.0,5.0,10.8,orenburg,2026-07-01T04:35:53.837648
2026-07-01T00:00,18.4,68,12.4,18.6,0,0.0,0.0,0.0,0.0,0.0,0,1014.5,1006.8,5,38620.0,3.6,10.4,rostov-on-don,2026-07-01T04:35:56.286925
2026-07-01T01:00,17.9,68,11.9,17.9,0,0.0,0.0,0.0,0.0,0.0,1,1014.6,1006.9,14,38460.0,3.8,10.1,rostov-on-don,2026-07-01T04:35:56.286925
2026-07-01T02:00,17.2,70,11.7,17.2,0,0.0,0.0,0.0,0.0,0.0,0,1014.8,1007.1,1,37840.0,3.8,9.4,rostov-on-don,2026-07-01T04:35:56.286925
2026-07-01T03:00,17.9,68,11.9,18.0,0,0.0,0.0,0.0,0.0,0.0,0,1014.9,1007.2,0,38300.0,3.3,9.7,rostov-on-don,2026-07-01T04:35:56.286925
2026-07-01T04:00,20.8,60,12.7,21.3,0,0.0,0.0,0.0,0.0,0.0,0,1014.6,1007.0,0,40120.0,2.2,9.7,rostov-on-don,2026-07-01T04:35:56.286925
2026-07-01T05:00,23.7,48,12.0,23.9,0,0.0,0.0,0.0,0.0,0.0,0,1015.0,1007.4,0,41500.0,3.3,11.5,rostov-on-don,2026-07-01T04:35:56.286925
2026-07-01T06:00,26.2,42,12.2,26.4,0,0.0,0.0,0.0,0.0,0.0,0,1014.8,1007.3,0,42320.0,3.7,13.7,rostov-on-don,2026-07-01T04:35:56.286925
2026-07-01T07:00,28.2,34,10.8,28.9,0,0.0,0.0,0.0,0.0,0.0,0,1014.7,1007.3,0,44180.0,3.2,12.2,rostov-on-don,2026-07-01T04:35:56.286925
2026-07-01T08:00,29.5,31,10.6,30.4,0,0.0,0.0,0.0,0.0,0.0,1,1014.3,1006.9,29,45540.0,5.9,19.8,rostov-on-don,2026-07-01T04:35:56.286925
2026-07-01T09:00,30.4,29,10.4,31.4,0,0.0,0.0,0.0,0.0,0.0,1,1014.0,1006.6,30,46400.0,6.9,21.6,rostov-on-don,2026-07-01T04:35:56.286925
2026-07-01T10:00,31.2,28,10.5,32.4,0,0.0,0.0,0.0,0.0,0.0,1,1013.6,1006.2,39,46600.0,6.9,21.6,rostov-on-don,2026-07-01T04:35:56.286925
2026-07-01T11:00,31.7,29,11.5,32.7,0,0.0,0.0,0.0,0.0,0.0,1,1013.3,1005.9,43,46500.0,6.8,22.0,rostov-on-don,2026-07-01T04:35:56.286925
2026-07-01T12:00,32.1,28,11.3,32.6,0,0.0,0.0,0.0,0.0,0.0,1,1013.4,1006.1,37,47220.0,6.6,21.2,rostov-on-don,2026-07-01T04:35:56.286925
2026-07-01T13:00,32.2,26,10.3,31.8,0,0.0,0.0,0.0,0.0,0.0,1,1013.0,1005.7,30,48260.0,7.0,21.2,rostov-on-don,2026-07-01T04:35:56.286925
2026-07-01T14:00,32.1,25,9.6,31.0,0,0.0,0.0,0.0,0.0,0.0,0,1012.5,1005.2,2,49620.0,6.8,21.2,rostov-on-don,2026-07-01T04:35:56.286925
2026-07-01T15:00,31.7,25,9.2,30.5,0,0.0,0.0,0.0,0.0,0.0,0,1012.1,1004.8,1,50140.0,6.8,20.9,rostov-on-don,2026-07-01T04:35:56.286925
2026-07-01T16:00,30.9,25,8.6,29.6,0,0.0,0.0,0.0,0.0,0.0,0,1012.2,1004.8,1,50340.0,6.6,19.4,rostov-on-don,2026-07-01T04:35:56.286925
2026-07-01T17:00,29.1,30,9.7,28.5,0,0.0,0.0,0.0,0.0,0.0,0,1012.3,1004.9,0,48420.0,3.3,17.3,rostov-on-don,2026-07-01T04:35:56.286925
2026-07-01T18:00,27.1,37,11.2,27.1,0,0.0,0.0,0.0,0.0,0.0,0,1012.6,1005.1,0,46100.0,2.2,8.3,rostov-on-don,2026-07-01T04:35:56.286925
2026-07-01T19:00,25.5,41,11.2,25.4,0,0.0,0.0,0.0,0.0,0.0,0,1012.5,1005.0,4,44220.0,2.9,5.4,rostov-on-don,2026-07-01T04:35:56.286925
2026-07-01T20:00,24.0,46,11.6,24.0,0,0.0,0.0,0.0,0.0,0.0,0,1012.3,1004.8,0,42620.0,3.3,7.2,rostov-on-don,2026-07-01T04:35:56.286925
2026-07-01T21:00,22.8,50,11.8,22.8,0,0.0,0.0,0.0,0.0,0.0,0,1012.2,1004.6,0,41780.0,3.6,9.0,rostov-on-don,2026-07-01T04:35:56.286925
2026-07-01T22:00,21.7,52,11.4,21.4,0,0.0,0.0,0.0,0.0,0.0,0,1012.1,1004.5,0,41300.0,4.4,11.9,rostov-on-don,2026-07-01T04:35:56.286925
2026-07-01T23:00,21.5,51,10.9,21.1,0,0.0,0.0,0.0,0.0,0.0,0,1012.1,1004.5,0,41440.0,4.7,11.9,rostov-on-don,2026-07-01T04:35:56.286925
2026-07-01T00:00,19.8,71,14.4,20.5,0,0.0,0.0,0.0,0.0,0.0,1,1014.2,985.1,33,36800.0,5.2,13.0,simferopol,2026-07-01T04:35:58.730910
2026-07-01T01:00,19.2,77,15.0,20.1,0,0.0,0.0,0.0,0.0,0.0,1,1014.1,985.0,36,33560.0,5.2,12.2,simferopol,2026-07-01T04:35:58.730910
2026-07-01T02:00,19.4,77,15.3,20.3,0,0.0,0.0,0.0,0.0,0.0,2,1013.8,984.7,77,33960.0,6.3,15.5,simferopol,2026-07-01T04:35:58.730910
2026-07-01T03:00,20.5,75,15.9,22.0,0,0.0,0.0,0.0,0.0,0.0,2,1013.7,984.7,63,35440.0,3.8,15.1,simferopol,2026-07-01T04:35:58.730910
2026-07-01T04:00,22.8,70,17.1,24.9,0,0.0,0.0,0.0,0.0,0.0,2,1013.2,984.5,67,37560.0,2.8,9.7,simferopol,2026-07-01T04:35:58.730910
2026-07-01T05:00,26.1,59,17.5,28.4,0,0.0,0.0,0.0,0.0,0.0,2,1013.5,985.1,68,39220.0,2.9,8.3,simferopol,2026-07-01T04:35:58.730910
2026-07-01T06:00,28.0,48,16.0,29.5,0,0.0,0.0,0.0,0.0,0.0,2,1013.3,985.0,72,41480.0,3.7,11.5,simferopol,2026-07-01T04:35:58.730910
2026-07-01T07:00,29.8,44,16.3,31.2,0,0.0,0.0,0.0,0.0,0.0,2,1013.2,985.1,63,42020.0,5.5,16.2,simferopol,2026-07-01T04:35:58.730910
2026-07-01T08:00,31.1,42,16.6,32.7,0,0.0,0.0,0.0,0.0,0.0,2,1012.6,984.6,71,42220.0,7.6,21.2,simferopol,2026-07-01T04:35:58.730910
2026-07-01T09:00,32.4,39,16.7,34.4,0,0.0,0.0,0.0,0.0,0.0,1,1012.2,984.4,32,42640.0,10.0,27.0,simferopol,2026-07-01T04:35:58.730910
2026-07-01T10:00,33.5,36,16.4,35.8,0,0.0,0.0,0.0,0.0,0.0,1,1011.7,984.0,33,43420.0,12.0,32.4,simferopol,2026-07-01T04:35:58.730910
2026-07-01T11:00,34.1,31,14.6,35.5,0,0.0,0.0,0.0,0.0,0.0,1,1011.2,983.6,21,45720.0,9.3,33.1,simferopol,2026-07-01T04:35:58.730910
2026-07-01T12:00,34.8,25,11.8,34.0,0,0.0,0.0,0.0,0.0,0.0,2,1010.8,983.2,65,49220.0,9.2,25.6,simferopol,2026-07-01T04:35:58.730910
2026-07-01T13:00,31.0,44,17.3,30.8,3,0.0,0.0,0.0,0.0,0.0,2,1011.8,983.9,67,41580.0,19.5,50.8,simferopol,2026-07-01T04:35:58.730910
2026-07-01T14:00,30.7,43,16.7,31.0,0,0.0,0.0,0.0,0.0,0.0,1,1011.3,983.3,33,41920.0,13.8,47.5,simferopol,2026-07-01T04:35:58.730910
2026-07-01T15:00,29.9,44,16.3,30.5,0,0.0,0.0,0.0,0.0,0.0,3,1011.4,983.4,85,41960.0,11.2,34.6,simferopol,2026-07-01T04:35:58.730910
2026-07-01T16:00,28.0,47,15.7,28.4,5,0.0,0.0,0.0,0.0,0.0,3,1011.6,983.4,86,41520.0,10.5,29.9,simferopol,2026-07-01T04:35:58.730910
2026-07-01T17:00,26.8,53,16.4,28.1,3,0.0,0.0,0.0,0.0,0.0,2,1011.9,983.6,65,41000.0,6.5,26.3,simferopol,2026-07-01T04:35:58.730910
2026-07-01T18:00,25.5,57,16.4,27.3,3,0.0,0.0,0.0,0.0,0.0,1,1012.1,983.6,40,40560.0,3.2,15.5,simferopol,2026-07-01T04:35:58.730910
2026-07-01T19:00,24.1,65,17.1,26.2,0,0.0,0.0,0.0,0.0,0.0,1,1012.2,983.6,30,39240.0,2.6,8.6,simferopol,2026-07-01T04:35:58.730910
2026-07-01T20:00,22.3,80,18.6,25.0,0,0.0,0.0,0.0,0.0,0.0,1,1011.9,983.1,30,31160.0,3.5,8.6,simferopol,2026-07-01T04:35:58.730910
2026-07-01T21:00,21.5,80,17.9,23.9,0,0.0,0.0,0.0,0.0,0.0,2,1011.8,983.0,31,30960.0,3.3,8.6,simferopol,2026-07-01T04:35:58.730910
2026-07-01T22:00,20.5,77,16.3,22.1,0,0.0,0.0,0.0,0.0,0.0,0,1011.6,982.7,0,33340.0,3.8,8.6,simferopol,2026-07-01T04:35:58.730910
2026-07-01T23:00,19.4,74,14.6,20.3,0,0.0,0.0,0.0,0.0,0.0,0,1011.8,982.8,0,34920.0,4.0,9.4,simferopol,2026-07-01T04:35:58.730910
2026-07-01T00:00,20.4,83,17.4,21.9,0,0.0,0.0,0.0,0.0,0.0,1,1013.4,1012.3,27,30440.0,8.1,14.4,sochi,2026-07-01T04:37:16.514951
2026-07-01T01:00,20.3,84,17.5,21.8,0,0.0,0.0,0.0,0.0,0.0,1,1013.4,1012.3,32,28820.0,8.2,14.8,sochi,2026-07-01T04:37:16.514951
2026-07-01T02:00,20.2,85,17.6,21.8,0,0.0,0.0,0.0,0.0,0.0,2,1013.5,1012.4,50,28200.0,7.6,14.4,sochi,2026-07-01T04:37:16.514951
2026-07-01T03:00,20.6,84,17.8,22.4,0,0.0,0.0,0.0,0.0,0.0,2,1013.5,1012.4,55,29040.0,7.1,13.7,sochi,2026-07-01T04:37:16.514951
2026-07-01T04:00,22.3,81,18.9,24.9,0,0.0,0.0,0.0,0.0,0.0,2,1013.6,1012.5,50,31800.0,4.7,12.6,sochi,2026-07-01T04:37:16.514951
2026-07-01T05:00,23.7,74,18.8,26.1,0,0.0,0.0,0.0,0.0,0.0,1,1013.8,1012.8,34,34980.0,6.2,11.9,sochi,2026-07-01T04:37:16.514951
2026-07-01T06:00,24.4,75,19.7,26.8,0,0.0,0.0,0.0,0.0,0.0,2,1013.7,1012.7,43,33860.0,8.9,16.9,sochi,2026-07-01T04:37:16.514951
2026-07-01T07:00,24.8,74,19.8,27.2,0,0.0,0.0,0.0,0.0,0.0,2,1013.7,1012.7,43,33700.0,11.7,22.0,sochi,2026-07-01T04:37:16.514951
2026-07-01T08:00,24.6,77,20.3,27.3,0,0.0,0.0,0.0,0.0,0.0,2,1013.4,1012.4,48,31180.0,13.3,25.6,sochi,2026-07-01T04:37:16.514951
2026-07-01T09:00,24.8,78,20.7,28.2,0,0.0,0.0,0.0,0.0,0.0,2,1013.2,1012.2,37,29740.0,11.9,25.6,sochi,2026-07-01T04:37:16.514951
2026-07-01T10:00,24.8,78,20.7,28.3,0,0.0,0.0,0.0,0.0,0.0,2,1013.1,1012.1,58,28960.0,11.2,23.0,sochi,2026-07-01T04:37:16.514951
2026-07-01T11:00,25.0,77,20.7,28.6,0,0.0,0.0,0.0,0.0,0.0,2,1013.0,1012.0,68,30760.0,9.4,21.6,sochi,2026-07-01T04:37:16.514951
2026-07-01T12:00,25.2,76,20.7,28.6,0,0.0,0.0,0.0,0.0,0.0,2,1013.1,1012.1,68,31560.0,9.0,18.0,sochi,2026-07-01T04:37:16.514951
2026-07-01T13:00,25.3,75,20.5,28.4,0,0.0,0.0,0.0,0.0,0.0,2,1012.7,1011.7,51,32320.0,7.3,17.3,sochi,2026-07-01T04:37:16.514951
2026-07-01T14:00,25.2,76,20.7,28.5,0,0.0,0.0,0.0,0.0,0.0,1,1012.1,1011.1,38,32460.0,5.8,14.4,sochi,2026-07-01T04:37:16.514951
2026-07-01T15:00,24.8,78,20.7,28.4,0,0.0,0.0,0.0,0.0,0.0,1,1011.5,1010.5,26,31120.0,4.4,11.5,sochi,2026-07-01T04:37:16.514951
2026-07-01T16:00,24.5,80,20.8,28.3,0,0.0,0.0,0.0,0.0,0.0,1,1011.4,1010.4,32,30380.0,3.3,9.4,sochi,2026-07-01T04:37:16.514951
2026-07-01T17:00,24.1,81,20.6,28.2,0,0.0,0.0,0.0,0.0,0.0,2,1011.2,1010.2,38,29860.0,0.8,6.8,sochi,2026-07-01T04:37:16.514951
2026-07-01T18:00,23.9,82,20.6,27.9,0,0.0,0.0,0.0,0.0,0.0,1,1011.4,1010.4,31,29380.0,1.1,2.2,sochi,2026-07-01T04:37:16.514951
2026-07-01T19:00,23.4,87,21.1,27.3,0,0.0,0.0,0.0,0.0,0.0,0,1011.1,1010.1,4,25600.0,3.4,5.8,sochi,2026-07-01T04:37:16.514951
2026-07-01T20:00,22.7,92,21.3,26.6,0,0.0,0.0,0.0,0.0,0.0,0,1010.6,1009.6,5,18460.0,4.2,7.2,sochi,2026-07-01T04:37:16.514951
2026-07-01T21:00,22.2,93,21.0,26.0,0,0.0,0.0,0.0,0.0,0.0,0,1010.2,1009.1,6,15620.0,4.1,7.6,sochi,2026-07-01T04:37:16.514951
2026-07-01T22:00,21.8,90,20.1,25.1,0,0.0,0.0,0.0,0.0,0.0,0,1009.9,1008.8,0,20620.0,4.6,7.9,sochi,2026-07-01T04:37:16.514951
2026-07-01T23:00,21.5,89,19.6,24.4,0,0.0,0.0,0.0,0.0,0.0,0,1009.8,1008.7,0,23200.0,5.4,9.7,sochi,2026-07-01T04:37:16.514951
2026-07-01T00:00,26.5,86,23.9,31.6,25,0.0,0.0,0.0,0.0,0.0,2,1016.5,1014.5,64,16200.0,6.0,16.9,st._petersburg,2026-07-01T04:37:18.961386
2026-07-01T01:00,25.0,91,23.4,29.9,8,0.0,0.0,0.0,0.0,0.0,3,1016.1,1014.1,100,13400.0,5.8,18.0,st._petersburg,2026-07-01T04:37:18.961386
2026-07-01T02:00,25.4,84,22.4,30.0,2,0.0,0.0,0.0,0.0,0.0,3,1016.3,1014.3,100,17700.0,3.6,14.0,st._petersburg,2026-07-01T04:37:18.961386
2026-07-01T03:00,25.1,86,22.5,29.8,1,0.0,0.0,0.0,0.0,0.0,3,1016.9,1014.9,100,15900.0,3.0,9.7,st._petersburg,2026-07-01T04:37:18.961386
2026-07-01T04:00,25.0,84,22.1,29.3,2,0.0,0.0,0.0,0.0,0.0,3,1017.2,1015.2,100,16700.0,4.3,10.4,st._petersburg,2026-07-01T04:37:18.961386
2026-07-01T05:00,24.6,86,22.1,28.9,1,0.0,0.0,0.0,0.0,0.0,2,1016.9,1014.9,54,15600.0,4.1,4.3,st._petersburg,2026-07-01T04:37:18.961386
2026-07-01T06:00,24.3,87,21.9,28.1,1,0.0,0.0,0.0,0.0,0.0,1,1016.7,1014.7,28,15200.0,6.9,18.0,st._petersburg,2026-07-01T04:37:18.961386
2026-07-01T07:00,24.0,85,21.3,27.9,1,0.0,0.0,0.0,0.0,0.0,0,1015.7,1013.7,4,16500.0,4.0,9.7,st._petersburg,2026-07-01T04:37:18.961386
2026-07-01T08:00,23.8,85,21.1,27.3,1,0.0,0.0,0.0,0.0,0.0,0,1015.3,1013.3,2,16100.0,6.4,13.0,st._petersburg,2026-07-01T04:37:18.961386
2026-07-01T09:00,23.7,89,21.7,27.4,1,0.0,0.0,0.0,0.0,0.0,0,1015.1,1013.1,0,14100.0,6.7,14.4,st._petersburg,2026-07-01T04:37:18.961386
2026-07-01T10:00,23.8,88,21.6,27.4,1,0.0,0.0,0.0,0.0,0.0,0,1015.2,1013.2,1,14800.0,7.5,16.6,st._petersburg,2026-07-01T04:37:18.961386
2026-07-01T11:00,23.8,88,21.6,27.4,1,0.0,0.0,0.0,0.0,0.0,0,1015.9,1013.9,0,14700.0,7.7,15.8,st._petersburg,2026-07-01T04:37:18.961386
2026-07-01T12:00,25.6,90,23.8,30.4,1,0.0,0.0,0.0,0.0,0.0,1,1016.7,1014.7,20,14200.0,8.4,16.2,st._petersburg,2026-07-01T04:37:18.961386
2026-07-01T13:00,26.9,83,23.8,31.7,3,0.0,0.0,0.0,0.0,0.0,0,1016.9,1014.9,8,17000.0,8.2,12.6,st._petersburg,2026-07-01T04:37:18.961386
2026-07-01T14:00,28.1,80,24.3,33.0,4,0.0,0.0,0.0,0.0,0.0,3,1017.1,1015.1,82,18700.0,8.8,11.9,st._petersburg,2026-07-01T04:37:18.961386
2026-07-01T15:00,29.2,75,24.3,34.8,3,0.0,0.0,0.0,0.0,0.0,95,1016.9,1014.9,61,21200.0,9.9,13.0,st._petersburg,2026-07-01T04:37:18.961386
2026-07-01T16:00,30.3,69,24.0,35.4,7,0.0,0.0,0.0,0.0,0.0,95,1017.0,1015.1,39,23800.0,11.1,14.4,st._petersburg,2026-07-01T04:37:18.961386
2026-07-01T17:00,30.7,65,23.4,34.5,9,0.0,0.0,0.0,0.0,0.0,95,1016.9,1015.0,100,26000.0,13.3,17.3,st._petersburg,2026-07-01T04:37:18.961386
2026-07-01T18:00,32.1,61,23.6,38.2,11,0.0,0.0,0.0,0.0,0.0,3,1016.2,1014.3,100,28000.0,13.0,16.9,st._petersburg,2026-07-01T04:37:18.961386
2026-07-01T19:00,33.1,54,22.6,38.5,17,0.0,0.0,0.0,0.0,0.0,3,1015.6,1013.7,100,33700.0,14.5,19.1,st._petersburg,2026-07-01T04:37:18.961386
2026-07-01T20:00,33.9,48,21.4,38.3,23,0.0,0.0,0.0,0.0,0.0,2,1014.9,1013.0,67,38600.0,13.7,19.1,st._petersburg,2026-07-01T04:37:18.961386
2026-07-01T21:00,33.1,51,21.6,36.6,23,0.0,0.0,0.0,0.0,0.0,2,1015.2,1013.3,70,36300.0,11.6,14.4,st._petersburg,2026-07-01T04:37:18.961386
2026-07-01T22:00,33.3,48,20.8,36.5,28,0.0,0.0,0.0,0.0,0.0,3,1015.4,1013.5,100,40000.0,7.0,11.2,st._petersburg,2026-07-01T04:37:18.961386
2026-07-01T23:00,31.1,66,24.0,35.2,34,0.0,0.0,0.0,0.0,0.0,95,1015.2,1013.3,100,24900.0,12.8,15.8,st._petersburg,2026-07-01T04:37:18.961386
2026-07-01T00:00,18.0,94,17.1,19.4,2,0.0,0.0,0.0,0.0,0.0,3,1012.0,1010.6,100,1220.0,7.2,21.2,vladivostok,2026-07-01T04:38:36.773888
2026-07-01T01:00,19.0,89,17.1,20.4,2,0.0,0.0,0.0,0.0,0.0,3,1012.2,1010.8,100,2480.0,7.5,24.1,vladivostok,2026-07-01T04:38:36.773888
2026-07-01T02:00,19.3,88,17.2,20.0,2,0.0,0.0,0.0,0.0,0.0,3,1012.3,1010.9,100,11060.0,12.5,32.4,vladivostok,2026-07-01T04:38:36.773888
2026-07-01T03:00,18.4,87,16.2,17.5,2,0.1,0.1,0.0,0.0,0.0,51,1012.2,1010.8,100,8960.0,20.3,46.1,vladivostok,2026-07-01T04:38:36.773888
2026-07-01T04:00,18.5,81,15.1,17.2,4,0.0,0.0,0.0,0.0,0.0,3,1012.1,1010.7,100,4760.0,20.7,49.3,vladivostok,2026-07-01T04:38:36.773888
2026-07-01T05:00,18.3,80,14.7,16.6,7,0.0,0.0,0.0,0.0,0.0,3,1012.0,1010.6,100,8020.0,22.5,50.4,vladivostok,2026-07-01T04:38:36.773888
2026-07-01T06:00,18.2,78,14.3,16.7,8,0.0,0.0,0.0,0.0,0.0,3,1011.8,1010.4,99,18920.0,20.0,50.0,vladivostok,2026-07-01T04:38:36.773888
2026-07-01T07:00,18.3,77,14.2,16.5,6,0.0,0.0,0.0,0.0,0.0,3,1011.6,1010.2,97,18700.0,21.4,46.8,vladivostok,2026-07-01T04:38:36.773888
2026-07-01T08:00,17.2,80,13.7,14.9,3,0.0,0.0,0.0,0.0,0.0,3,1011.6,1010.2,94,27080.0,24.1,54.0,vladivostok,2026-07-01T04:38:36.773888
2026-07-01T09:00,16.6,82,13.4,14.7,0,0.0,0.0,0.0,0.0,0.0,3,1011.7,1010.3,93,24160.0,20.6,53.3,vladivostok,2026-07-01T04:38:36.773888
2026-07-01T10:00,15.3,87,13.2,13.4,0,0.0,0.0,0.0,0.0,0.0,2,1012.1,1010.7,78,21860.0,20.3,46.4,vladivostok,2026-07-01T04:38:36.773888
2026-07-01T11:00,14.6,90,13.1,12.7,0,0.0,0.0,0.0,0.0,0.0,1,1012.3,1010.9,34,21860.0,20.0,45.0,vladivostok,2026-07-01T04:38:36.773888
2026-07-01T12:00,14.5,91,13.1,12.6,0,0.0,0.0,0.0,0.0,0.0,1,1012.9,1011.5,38,18440.0,20.1,49.3,vladivostok,2026-07-01T04:38:36.773888
2026-07-01T13:00,14.5,91,13.1,12.5,0,0.0,0.0,0.0,0.0,0.0,1,1012.9,1011.5,32,18440.0,20.3,43.6,vladivostok,2026-07-01T04:38:36.773888
2026-07-01T14:00,14.6,91,13.1,12.4,0,0.0,0.0,0.0,0.0,0.0,0,1012.8,1011.4,9,18440.0,21.6,43.2,vladivostok,2026-07-01T04:38:36.773888
2026-07-01T15:00,14.5,91,13.0,12.5,0,0.0,0.0,0.0,0.0,0.0,2,1012.7,1011.3,57,18440.0,20.4,43.6,vladivostok,2026-07-01T04:38:36.773888
2026-07-01T16:00,14.5,91,13.0,12.6,0,0.0,0.0,0.0,0.0,0.0,1,1012.4,1011.0,36,18440.0,19.4,42.1,vladivostok,2026-07-01T04:38:36.773888
2026-07-01T17:00,14.5,90,12.9,12.7,0,0.0,0.0,0.0,0.0,0.0,3,1011.8,1010.4,88,21380.0,18.3,38.2,vladivostok,2026-07-01T04:38:36.773888
2026-07-01T18:00,14.6,89,12.8,13.0,0,0.0,0.0,0.0,0.0,0.0,3,1011.6,1010.2,100,21700.0,16.5,36.7,vladivostok,2026-07-01T04:38:36.773888
2026-07-01T19:00,14.5,89,12.7,13.1,0,0.0,0.0,0.0,0.0,0.0,3,1011.6,1010.2,92,21040.0,15.5,33.5,vladivostok,2026-07-01T04:38:36.773888
2026-07-01T20:00,14.2,90,12.6,12.5,0,0.0,0.0,0.0,0.0,0.0,1,1011.8,1010.4,38,18240.0,16.9,34.9,vladivostok,2026-07-01T04:38:36.773888
2026-07-01T21:00,14.4,89,12.5,12.8,0,0.0,0.0,0.0,0.0,0.0,2,1011.9,1010.5,68,21620.0,15.9,37.1,vladivostok,2026-07-01T04:38:36.773888
2026-07-01T22:00,15.2,84,12.6,13.5,2,0.0,0.0,0.0,0.0,0.0,2,1012.0,1010.6,66,24140.0,16.9,40.0,vladivostok,2026-07-01T04:38:36.773888
2026-07-01T23:00,15.9,81,12.6,14.2,6,0.0,0.0,0.0,0.0,0.0,0,1012.1,1010.7,17,23980.0,17.3,41.8,vladivostok,2026-07-01T04:38:36.773888
2026-07-01T00:00,33.2,15,3.4,31.3,0,0.0,0.0,0.0,0.0,0.0,0,1002.8,939.4,0,17440.0,2.1,9.0,riyadh,2026-07-01T04:38:39.247329
2026-07-01T01:00,32.4,16,3.8,30.5,0,0.0,0.0,0.0,0.0,0.0,0,1002.7,939.2,0,17440.0,2.8,6.1,riyadh,2026-07-01T04:38:39.247329
2026-07-01T02:00,31.6,15,1.4,29.0,0,0.0,0.0,0.0,0.0,0.0,0,1002.9,939.2,6,17440.0,4.2,7.6,riyadh,2026-07-01T04:38:39.247329
2026-07-01T03:00,31.5,15,1.3,28.8,0,0.0,0.0,0.0,0.0,0.0,0,1003.3,939.6,0,17440.0,4.8,9.7,riyadh,2026-07-01T04:38:39.247329
2026-07-01T04:00,33.4,12,0.3,31.0,0,0.0,0.0,0.0,0.0,0.0,0,1003.7,940.3,0,17440.0,2.0,9.4,riyadh,2026-07-01T04:38:39.247329
2026-07-01T05:00,36.0,10,-0.4,33.4,0,0.0,0.0,0.0,0.0,0.0,0,1004.3,941.4,2,17480.0,2.8,11.2,riyadh,2026-07-01T04:38:39.247329
2026-07-01T06:00,38.1,9,-0.9,35.6,0,0.0,0.0,0.0,0.0,0.0,2,1004.1,941.6,58,17480.0,3.9,15.8,riyadh,2026-07-01T04:38:39.247329
2026-07-01T07:00,39.7,8,-1.4,37.7,0,0.0,0.0,0.0,0.0,0.0,1,1003.7,941.5,27,17480.0,6.9,23.0,riyadh,2026-07-01T04:38:39.247329
2026-07-01T08:00,40.9,7,-1.5,39.3,0,0.0,0.0,0.0,0.0,0.0,0,1003.2,941.3,2,17480.0,9.4,29.5,riyadh,2026-07-01T04:38:39.247329
2026-07-01T09:00,41.8,7,-1.4,40.2,0,0.0,0.0,0.0,0.0,0.0,1,1002.6,940.9,25,17480.0,11.4,33.8,riyadh,2026-07-01T04:38:39.247329
2026-07-01T10:00,42.4,7,-1.5,40.5,0,0.0,0.0,0.0,0.0,0.0,0,1001.7,940.2,0,17480.0,12.4,36.7,riyadh,2026-07-01T04:38:39.247329
2026-07-01T11:00,42.6,6,-1.7,40.1,0,0.0,0.0,0.0,0.0,0.0,0,1000.8,939.4,0,17480.0,13.6,38.9,riyadh,2026-07-01T04:38:39.247329
2026-07-01T12:00,42.5,6,-1.6,39.3,0,0.0,0.0,0.0,0.0,0.0,0,1000.4,939.0,0,17480.0,13.5,39.2,riyadh,2026-07-01T04:38:39.247329
2026-07-01T13:00,42.4,6,-1.8,38.3,0,0.0,0.0,0.0,0.0,0.0,0,999.8,938.4,0,17480.0,13.0,37.8,riyadh,2026-07-01T04:38:39.247329
2026-07-01T14:00,41.9,7,-1.7,37.2,0,0.0,0.0,0.0,0.0,0.0,0,999.7,938.2,0,17480.0,15.6,39.2,riyadh,2026-07-01T04:38:39.247329
2026-07-01T15:00,41.2,7,-1.7,36.9,0,0.0,0.0,0.0,0.0,0.0,0,1000.0,938.4,0,17480.0,13.3,39.6,riyadh,2026-07-01T04:38:39.247329
2026-07-01T16:00,40.3,7,-1.3,36.4,0,0.0,0.0,0.0,0.0,0.0,0,1000.5,938.7,0,17480.0,10.7,32.0,riyadh,2026-07-01T04:38:39.247329
2026-07-01T17:00,39.3,8,-0.9,35.5,0,0.0,0.0,0.0,0.0,0.0,0,1001.3,939.2,0,17480.0,10.5,25.9,riyadh,2026-07-01T04:38:39.247329
2026-07-01T18:00,38.4,9,-0.5,34.7,0,0.0,0.0,0.0,0.0,0.0,0,1002.1,939.8,0,17480.0,10.3,24.8,riyadh,2026-07-01T04:38:39.247329
2026-07-01T19:00,37.8,9,-0.4,33.9,0,0.0,0.0,0.0,0.0,0.0,0,1002.5,940.1,0,17480.0,11.9,26.3,riyadh,2026-07-01T04:38:39.247329
2026-07-01T20:00,37.5,9,-0.5,33.7,0,0.0,0.0,0.0,0.0,0.0,0,1002.4,939.9,0,17480.0,10.7,27.0,riyadh,2026-07-01T04:38:39.247329
2026-07-01T21:00,35.9,10,-0.2,32.7,0,0.0,0.0,0.0,0.0,0.0,0,1002.1,939.3,0,17480.0,7.4,23.0,riyadh,2026-07-01T04:38:39.247329
2026-07-01T22:00,34.7,11,0.3,31.7,0,0.0,0.0,0.0,0.0,0.0,0,1001.7,938.7,0,17460.0,6.2,14.8,riyadh,2026-07-01T04:38:39.247329
2026-07-01T23:00,33.8,12,0.6,30.8,0,0.0,0.0,0.0,0.0,0.0,0,1001.4,938.2,0,17460.0,6.0,13.3,riyadh,2026-07-01T04:38:39.247329
2026-07-01T00:00,28.1,49,16.3,28.4,8,0.0,0.0,0.0,0.0,0.0,2,1014.2,999.4,50,50000.0,12.6,23.4,belgrade,2026-07-01T04:38:41.697124
2026-07-01T01:00,27.4,54,17.2,28.4,2,0.0,0.0,0.0,0.0,0.0,0,1013.9,999.0,0,22780.0,10.4,23.4,belgrade,2026-07-01T04:38:41.697124
2026-07-01T02:00,26.8,58,17.8,28.2,2,0.0,0.0,0.0,0.0,0.0,3,1014.0,999.1,98,20920.0,9.4,20.9,belgrade,2026-07-01T04:38:41.697124
2026-07-01T03:00,26.6,59,17.9,28.3,8,0.0,0.0,0.0,0.0,0.0,3,1014.0,999.1,89,50000.0,7.6,17.3,belgrade,2026-07-01T04:38:41.697124
2026-07-01T04:00,26.6,59,17.9,28.7,23,0.0,0.0,0.0,0.0,0.0,1,1014.0,999.1,31,20580.0,5.0,13.3,belgrade,2026-07-01T04:38:41.697124
2026-07-01T05:00,27.0,57,17.7,27.7,43,0.0,0.0,0.0,0.0,0.0,3,1014.2,999.3,100,50000.0,14.0,28.8,belgrade,2026-07-01T04:38:41.697124
2026-07-01T06:00,26.4,59,17.7,26.0,57,0.0,0.0,0.0,0.0,0.0,3,1014.1,999.2,100,20380.0,21.2,44.3,belgrade,2026-07-01T04:38:41.697124
2026-07-01T07:00,27.6,50,16.2,27.5,60,0.0,0.0,0.0,0.0,0.0,3,1013.5,998.7,100,50000.0,14.8,41.4,belgrade,2026-07-01T04:38:41.697124
2026-07-01T08:00,27.8,51,16.7,28.3,57,0.0,0.0,0.0,0.0,0.0,3,1013.3,998.5,100,24180.0,12.2,29.2,belgrade,2026-07-01T04:38:41.697124
2026-07-01T09:00,28.7,47,16.2,30.4,53,0.0,0.0,0.0,0.0,0.0,3,1013.5,998.7,89,25980.0,2.5,25.2,belgrade,2026-07-01T04:38:41.697124
2026-07-01T10:00,30.8,39,15.2,31.2,47,0.0,0.0,0.0,0.0,0.0,3,1012.9,998.2,85,30100.0,12.2,27.7,belgrade,2026-07-01T04:38:41.697124
2026-07-01T11:00,30.9,42,16.5,31.9,39,0.0,0.0,0.0,0.0,0.0,2,1012.5,997.8,77,28460.0,11.2,28.8,belgrade,2026-07-01T04:38:41.697124
2026-07-01T12:00,31.5,38,15.4,32.2,35,0.0,0.0,0.0,0.0,0.0,3,1012.0,997.4,99,30460.0,11.2,27.4,belgrade,2026-07-01T04:38:41.697124
2026-07-01T13:00,32.3,35,14.9,33.1,38,0.0,0.0,0.0,0.0,0.0,2,1011.5,996.9,73,50000.0,9.7,26.6,belgrade,2026-07-01T04:38:41.697124
2026-07-01T14:00,31.8,38,15.7,32.1,44,0.0,0.0,0.0,0.0,0.0,3,1010.6,996.0,99,50000.0,11.5,26.3,belgrade,2026-07-01T04:38:41.697124
2026-07-01T15:00,31.2,40,16.0,31.9,47,0.0,0.0,0.0,0.0,0.0,3,1009.9,995.3,100,29820.0,9.0,26.6,belgrade,2026-07-01T04:38:41.697124
2026-07-01T16:00,31.4,40,16.2,32.5,42,0.0,0.0,0.0,0.0,0.0,3,1009.0,994.4,98,29780.0,7.2,21.2,belgrade,2026-07-01T04:38:41.697124
2026-07-01T17:00,31.2,40,16.0,31.8,33,0.0,0.0,0.0,0.0,0.0,0,1009.1,994.5,1,50000.0,10.1,21.2,belgrade,2026-07-01T04:38:41.697124
2026-07-01T18:00,29.8,48,17.6,30.4,25,0.0,0.0,0.0,0.0,0.0,0,1009.1,994.4,0,50000.0,14.4,30.6,belgrade,2026-07-01T04:38:41.697124
2026-07-01T19:00,28.6,51,17.5,29.5,19,0.0,0.0,0.0,0.0,0.0,1,1009.9,995.2,34,24000.0,11.9,27.4,belgrade,2026-07-01T04:38:41.697124
2026-07-01T20:00,27.3,59,18.6,28.5,13,0.0,0.0,0.0,0.0,0.0,0,1010.4,995.6,0,20520.0,13.3,25.6,belgrade,2026-07-01T04:38:41.697124
2026-07-01T21:00,26.6,62,18.7,28.5,10,0.0,0.0,0.0,0.0,0.0,0,1010.8,996.0,0,19400.0,8.6,25.2,belgrade,2026-07-01T04:38:41.697124
2026-07-01T22:00,26.1,65,19.0,28.4,9,0.0,0.0,0.0,0.0,0.0,3,1011.2,996.3,100,17940.0,7.2,16.2,belgrade,2026-07-01T04:38:41.697124
2026-07-01T23:00,25.9,65,18.8,27.9,10,0.0,0.0,0.0,0.0,0.0,3,1011.2,996.3,98,50000.0,9.0,15.8,belgrade,2026-07-01T04:38:41.697124
2026-07-01T00:00,27.5,82,24.1,31.9,12,0.0,0.0,0.0,0.0,0.0,2,1009.8,1008.2,75,12940.0,12.1,22.7,singapore,2026-07-01T04:38:44.153111
2026-07-01T01:00,28.6,75,23.6,32.2,20,0.0,0.0,0.0,0.0,0.0,2,1010.7,1009.1,55,14680.0,14.9,32.0,singapore,2026-07-01T04:38:44.153111
2026-07-01T02:00,29.2,72,23.7,32.8,36,0.0,0.0,0.0,0.0,0.0,1,1011.0,1009.4,32,8160.0,15.8,35.6,singapore,2026-07-01T04:38:44.153111
2026-07-01T03:00,29.8,70,23.7,33.8,51,0.2,0.0,0.2,0.0,0.0,51,1011.2,1009.6,30,7800.0,14.1,35.6,singapore,2026-07-01T04:38:44.153111
2026-07-01T04:00,30.6,66,23.6,35.1,64,0.1,0.1,0.0,0.0,0.0,51,1010.8,1009.2,20,7340.0,15.4,36.0,singapore,2026-07-01T04:38:44.153111
2026-07-01T05:00,30.8,64,23.2,35.3,76,0.1,0.1,0.0,0.0,0.0,51,1010.2,1008.6,49,9320.0,15.6,38.9,singapore,2026-07-01T04:38:44.153111
2026-07-01T06:00,30.1,67,23.3,34.5,84,0.2,0.1,0.1,0.0,0.0,51,1009.8,1008.2,59,7200.0,13.3,38.2,singapore,2026-07-01T04:38:44.153111
2026-07-01T07:00,29.1,71,23.3,33.2,86,0.3,0.2,0.1,0.0,0.0,51,1008.8,1007.2,39,6420.0,13.5,40.0,singapore,2026-07-01T04:38:44.153111
2026-07-01T08:00,29.6,71,23.7,34.2,83,0.1,0.1,0.0,0.0,0.0,51,1007.7,1006.1,41,8700.0,11.0,31.3,singapore,2026-07-01T04:38:44.153111
2026-07-01T09:00,29.8,70,23.8,34.2,76,0.0,0.0,0.0,0.0,0.0,1,1007.1,1005.5,21,13240.0,10.2,27.7,singapore,2026-07-01T04:38:44.153111
2026-07-01T10:00,29.7,70,23.7,34.2,62,0.0,0.0,0.0,0.0,0.0,0,1007.5,1005.9,17,9160.0,9.2,24.5,singapore,2026-07-01T04:38:44.153111
2026-07-01T11:00,28.4,76,23.8,33.3,44,0.3,0.3,0.0,0.0,0.0,51,1008.6,1007.0,71,4100.0,7.0,21.2,singapore,2026-07-01T04:38:44.153111
2026-07-01T12:00,27.5,83,24.4,33.0,31,0.2,0.2,0.0,0.0,0.0,51,1008.9,1007.3,45,9620.0,5.8,13.0,singapore,2026-07-01T04:38:44.153111
2026-07-01T13:00,27.3,84,24.4,32.7,25,0.1,0.1,0.0,0.0,0.0,51,1009.3,1007.7,30,7220.0,6.6,11.2,singapore,2026-07-01T04:38:44.153111
2026-07-01T14:00,26.5,87,24.1,31.1,23,0.4,0.1,0.3,0.0,0.0,51,1010.8,1009.2,60,4220.0,10.5,17.6,singapore,2026-07-01T04:38:44.153111
2026-07-01T15:00,24.4,96,23.8,29.3,25,8.6,0.0,8.6,0.0,0.0,95,1012.5,1010.9,100,1580.0,7.1,25.9,singapore,2026-07-01T04:38:44.153111
2026-07-01T16:00,25.3,96,24.5,31.2,31,4.0,2.0,2.0,0.0,0.0,81,1011.9,1010.3,90,2400.0,3.4,14.0,singapore,2026-07-01T04:38:44.153111
2026-07-01T17:00,25.3,95,24.5,31.1,40,1.2,1.2,0.0,0.0,0.0,55,1011.6,1010.0,91,3680.0,3.8,6.5,singapore,2026-07-01T04:38:44.153111
2026-07-01T18:00,25.3,96,24.6,31.2,47,0.3,0.3,0.0,0.0,0.0,51,1011.0,1009.4,94,5800.0,3.5,6.1,singapore,2026-07-01T04:38:44.153111
2026-07-01T19:00,25.4,96,24.7,31.5,52,0.1,0.1,0.0,0.0,0.0,51,1010.2,1008.6,92,8140.0,2.7,5.4,singapore,2026-07-01T04:38:44.153111
2026-07-01T20:00,25.4,96,24.7,31.4,55,0.0,0.0,0.0,0.0,0.0,3,1009.6,1008.0,99,7020.0,3.1,4.3,singapore,2026-07-01T04:38:44.153111
2026-07-01T21:00,25.5,95,24.7,31.4,57,0.1,0.1,0.0,0.0,0.0,51,1009.0,1007.4,48,6160.0,3.6,5.4,singapore,2026-07-01T04:38:44.153111
2026-07-01T22:00,25.4,94,24.4,30.7,57,0.1,0.1,0.0,0.0,0.0,51,1009.2,1007.6,15,6740.0,6.8,10.1,singapore,2026-07-01T04:38:44.153111
2026-07-01T23:00,25.3,94,24.2,30.4,56,0.1,0.1,0.0,0.0,0.0,51,1010.1,1008.5,19,6500.0,7.5,11.2,singapore,2026-07-01T04:38:44.153111
2026-07-01T00:00,26.3,65,19.2,27.6,0,0.0,0.0,0.0,0.0,0.0,3,1014.5,997.4,14,27880.0,15.0,52.9,bratislava,2026-07-01T04:40:47.198629
2026-07-01T01:00,26.3,60,18.0,27.6,0,0.0,0.0,0.0,0.0,0.0,3,1015.1,998.0,100,39640.0,11.3,32.0,bratislava,2026-07-01T04:40:47.198629
2026-07-01T02:00,27.0,53,16.6,28.5,0,0.0,0.0,0.0,0.0,0.0,1,1014.3,997.3,0,41000.0,5.4,30.2,bratislava,2026-07-01T04:40:47.198629
2026-07-01T03:00,25.5,51,14.6,24.7,0,0.0,0.0,0.0,0.0,0.0,2,1014.6,997.5,44,41140.0,15.7,34.6,bratislava,2026-07-01T04:40:47.198629
2026-07-01T04:00,25.8,49,14.3,26.0,0,0.0,0.0,0.0,0.0,0.0,2,1014.7,997.6,51,41380.0,8.7,30.6,bratislava,2026-07-01T04:40:47.198629
2026-07-01T05:00,24.9,59,16.3,25.8,0,0.0,0.0,0.0,0.0,0.0,3,1014.7,997.5,100,39760.0,8.6,23.4,bratislava,2026-07-01T04:40:47.198629
2026-07-01T06:00,26.2,55,16.5,27.8,0,0.0,0.0,0.0,0.0,0.0,2,1014.2,997.1,15,40420.0,4.6,18.7,bratislava,2026-07-01T04:40:47.198629
2026-07-01T07:00,28.7,47,16.3,30.5,0,0.0,0.0,0.0,0.0,0.0,3,1013.9,997.0,100,41380.0,2.2,11.5,bratislava,2026-07-01T04:40:47.198629
2026-07-01T08:00,30.2,44,16.6,32.0,0,0.0,0.0,0.0,0.0,0.0,3,1013.4,996.6,100,41800.0,4.1,11.5,bratislava,2026-07-01T04:40:47.198629
2026-07-01T09:00,31.4,42,16.9,33.0,0,0.0,0.0,0.0,0.0,0.0,2,1013.3,996.5,94,42040.0,5.6,15.1,bratislava,2026-07-01T04:40:47.198629
2026-07-01T10:00,32.4,44,18.6,34.6,0,0.0,0.0,0.0,0.0,0.0,2,1012.9,996.2,51,41620.0,9.3,16.2,bratislava,2026-07-01T04:40:47.198629
2026-07-01T11:00,33.0,42,18.4,36.0,3,0.0,0.0,0.0,0.0,0.0,1,1012.2,995.5,10,41920.0,9.4,20.5,bratislava,2026-07-01T04:40:47.198629
2026-07-01T12:00,34.5,35,16.8,37.1,0,0.0,0.0,0.0,0.0,0.0,1,1011.6,995.0,36,43420.0,10.8,21.6,bratislava,2026-07-01T04:40:47.198629
2026-07-01T13:00,34.8,33,16.2,36.5,28,0.0,0.0,0.0,0.0,0.0,3,1010.9,994.4,100,44240.0,12.2,27.4,bratislava,2026-07-01T04:40:47.198629
2026-07-01T14:00,31.1,47,18.5,30.7,45,0.0,0.0,0.0,0.0,0.0,3,1010.3,993.6,100,41140.0,24.8,55.1,bratislava,2026-07-01T04:40:47.198629
2026-07-01T15:00,28.8,48,16.7,27.9,53,0.0,0.0,0.0,0.0,0.0,3,1010.7,993.8,100,41200.0,22.5,59.8,bratislava,2026-07-01T04:40:47.198629
2026-07-01T16:00,27.9,52,17.2,29.0,48,0.0,0.0,0.0,0.0,0.0,3,1012.7,995.8,99,40700.0,10.5,35.3,bratislava,2026-07-01T04:40:47.198629
2026-07-01T17:00,24.8,66,18.0,25.6,43,0.3,0.3,0.0,0.0,0.0,80,1013.9,996.8,100,37500.0,14.8,39.2,bratislava,2026-07-01T04:40:47.198629
2026-07-01T18:00,22.6,76,18.2,23.1,30,0.0,0.0,0.0,0.0,0.0,3,1014.0,996.7,100,31780.0,17.6,42.8,bratislava,2026-07-01T04:40:47.198629
2026-07-01T19:00,22.3,78,18.3,23.1,25,0.0,0.0,0.0,0.0,0.0,61,1014.5,997.2,100,30680.0,16.1,41.0,bratislava,2026-07-01T04:40:47.198629
2026-07-01T20:00,22.4,74,17.5,23.2,15,0.0,0.0,0.0,0.0,0.0,3,1014.9,997.6,100,34060.0,12.9,41.0,bratislava,2026-07-01T04:40:47.198629
2026-07-01T21:00,22.0,69,16.0,21.3,10,0.1,0.1,0.0,0.0,0.0,61,1014.9,997.6,100,37020.0,19.4,42.8,bratislava,2026-07-01T04:40:47.198629
2026-07-01T22:00,21.0,72,15.8,20.3,8,0.2,0.2,0.0,0.0,0.0,61,1015.4,998.0,100,35660.0,18.0,44.3,bratislava,2026-07-01T04:40:47.198629
2026-07-01T23:00,20.7,70,15.1,20.6,5,0.2,0.2,0.0,0.0,0.0,61,1015.6,998.2,100,36320.0,12.7,41.0,bratislava,2026-07-01T04:40:47.198629
2026-07-01T00:00,10.8,82,7.9,8.3,0,0.0,0.0,0.0,0.0,0.0,0,1019.4,1017.6,6,39820.0,13.0,37.8,cape_town,2026-07-01T04:40:49.743590
2026-07-01T01:00,10.9,84,8.3,8.7,0,0.0,0.0,0.0,0.0,0.0,1,1019.1,1017.3,36,35140.0,11.9,38.9,cape_town,2026-07-01T04:40:49.743590
2026-07-01T02:00,10.8,86,8.5,8.8,0,0.0,0.0,0.0,0.0,0.0,1,1018.7,1016.9,21,35140.0,11.1,36.7,cape_town,2026-07-01T04:40:49.743590
2026-07-01T03:00,11.0,86,8.7,8.8,0,0.0,0.0,0.0,0.0,0.0,1,1018.4,1016.6,32,35140.0,12.4,38.5,cape_town,2026-07-01T04:40:49.743590
2026-07-01T04:00,11.4,83,8.6,8.9,0,0.0,0.0,0.0,0.0,0.0,1,1018.2,1016.4,34,35140.0,15.0,44.3,cape_town,2026-07-01T04:40:49.743590
2026-07-01T05:00,11.4,82,8.5,8.9,0,0.0,0.0,0.0,0.0,0.0,1,1018.5,1016.7,24,32900.0,14.7,44.3,cape_town,2026-07-01T04:40:49.743590
2026-07-01T06:00,11.1,83,8.4,8.7,0,0.0,0.0,0.0,0.0,0.0,0,1018.8,1017.0,4,30960.0,14.0,43.9,cape_town,2026-07-01T04:40:49.743590
2026-07-01T07:00,12.1,79,8.5,9.7,0,0.0,0.0,0.0,0.0,0.0,0,1019.1,1017.3,5,30380.0,13.9,42.8,cape_town,2026-07-01T04:40:49.743590
2026-07-01T08:00,13.3,72,8.4,11.0,0,0.0,0.0,0.0,0.0,0.0,0,1019.4,1017.6,10,28300.0,13.4,43.2,cape_town,2026-07-01T04:40:49.743590
2026-07-01T09:00,14.1,64,7.5,11.5,0,0.0,0.0,0.0,0.0,0.0,0,1019.6,1017.8,9,37840.0,13.4,41.4,cape_town,2026-07-01T04:40:49.743590
2026-07-01T10:00,14.7,61,7.4,12.2,3,0.0,0.0,0.0,0.0,0.0,0,1019.1,1017.3,5,47100.0,12.5,40.3,cape_town,2026-07-01T04:40:49.743590
2026-07-01T11:00,15.0,61,7.5,12.5,8,0.0,0.0,0.0,0.0,0.0,0,1018.4,1016.6,16,47100.0,12.3,37.8,cape_town,2026-07-01T04:40:49.743590
2026-07-01T12:00,14.8,61,7.4,12.2,16,0.1,0.0,0.1,0.0,0.0,51,1017.8,1016.0,36,14900.0,13.2,38.9,cape_town,2026-07-01T04:40:49.743590
2026-07-01T13:00,13.6,68,7.8,10.8,32,0.2,0.0,0.2,0.0,0.0,51,1017.7,1015.9,77,6320.0,14.8,43.6,cape_town,2026-07-01T04:40:49.743590
2026-07-01T14:00,13.0,79,9.4,11.1,51,0.4,0.2,0.2,0.0,0.0,51,1018.2,1016.4,41,20400.0,12.4,41.8,cape_town,2026-07-01T04:40:49.743590
2026-07-01T15:00,12.2,79,8.8,10.1,65,0.1,0.1,0.0,0.0,0.0,51,1018.5,1016.7,33,15860.0,12.6,42.8,cape_town,2026-07-01T04:40:49.743590
2026-07-01T16:00,11.2,86,9.0,9.8,69,0.0,0.0,0.0,0.0,0.0,1,1019.0,1017.2,38,14800.0,7.9,38.9,cape_town,2026-07-01T04:40:49.743590
2026-07-01T17:00,10.4,90,8.9,9.1,68,0.1,0.1,0.0,0.0,0.0,51,1019.7,1017.9,41,8460.0,7.3,30.6,cape_town,2026-07-01T04:40:49.743590
2026-07-01T18:00,9.7,93,8.7,8.6,65,0.1,0.1,0.0,0.0,0.0,51,1020.4,1018.6,44,6640.0,4.8,29.2,cape_town,2026-07-01T04:40:49.743590
2026-07-01T19:00,9.3,93,8.3,8.4,62,0.1,0.1,0.0,0.0,0.0,51,1020.9,1019.1,13,14800.0,3.6,27.0,cape_town,2026-07-01T04:40:49.743590
2026-07-01T20:00,9.0,94,8.0,8.1,58,0.0,0.0,0.0,0.0,0.0,0,1021.3,1019.4,19,26000.0,2.7,23.8,cape_town,2026-07-01T04:40:49.743590
2026-07-01T21:00,8.8,95,8.0,8.1,51,0.0,0.0,0.0,0.0,0.0,0,1021.4,1019.5,5,27220.0,0.9,21.2,cape_town,2026-07-01T04:40:49.743590
2026-07-01T22:00,8.3,94,7.5,7.2,38,0.0,0.0,0.0,0.0,0.0,1,1021.8,1019.9,21,27460.0,3.5,17.6,cape_town,2026-07-01T04:40:49.743590
2026-07-01T23:00,8.1,95,7.3,6.9,21,0.0,0.0,0.0,0.0,0.0,0,1022.0,1020.1,10,25820.0,3.1,17.6,cape_town,2026-07-01T04:40:49.743590
2026-07-01T00:00,9.7,90,8.1,7.8,0,0.0,0.0,0.0,0.0,0.0,0,1023.5,832.9,2,28740.0,9.0,19.4,johannesburg,2026-07-01T04:40:52.228000
2026-07-01T01:00,9.2,93,8.1,7.4,0,0.0,0.0,0.0,0.0,0.0,0,1023.6,832.7,7,25140.0,9.0,19.8,johannesburg,2026-07-01T04:40:52.228000
2026-07-01T02:00,8.9,95,8.2,7.2,0,0.0,0.0,0.0,0.0,0.0,0,1023.2,832.2,17,25200.0,8.3,19.1,johannesburg,2026-07-01T04:40:52.228000
2026-07-01T03:00,8.6,97,8.1,7.1,0,0.0,0.0,0.0,0.0,0.0,0,1023.1,831.9,16,19040.0,7.0,17.6,johannesburg,2026-07-01T04:40:52.228000
2026-07-01T04:00,8.3,98,8.0,6.8,0,0.0,0.0,0.0,0.0,0.0,0,1022.9,831.6,13,19060.0,6.2,14.4,johannesburg,2026-07-01T04:40:52.228000
2026-07-01T05:00,7.9,99,7.8,6.6,0,0.0,0.0,0.0,0.0,0.0,1,1023.2,831.6,30,5380.0,5.2,13.0,johannesburg,2026-07-01T04:40:52.228000
2026-07-01T06:00,8.8,99,8.7,7.3,0,0.0,0.0,0.0,0.0,0.0,3,1023.2,832.1,95,19020.0,7.9,16.2,johannesburg,2026-07-01T04:40:52.228000
2026-07-01T07:00,10.8,89,9.0,9.4,0,0.0,0.0,0.0,0.0,0.0,0,1023.5,833.6,15,28760.0,8.1,21.2,johannesburg,2026-07-01T04:40:52.228000
2026-07-01T08:00,12.9,75,8.5,10.9,0,0.0,0.0,0.0,0.0,0.0,0,1023.2,834.5,1,35280.0,10.3,28.8,johannesburg,2026-07-01T04:40:52.228000
2026-07-01T09:00,14.6,63,7.7,12.2,0,0.0,0.0,0.0,0.0,0.0,0,1021.9,834.4,16,38480.0,12.0,32.8,johannesburg,2026-07-01T04:40:52.228000
2026-07-01T10:00,15.9,53,6.4,13.2,0,0.0,0.0,0.0,0.0,0.0,1,1020.2,833.8,38,17400.0,14.4,38.2,johannesburg,2026-07-01T04:40:52.228000
2026-07-01T11:00,16.3,47,5.1,13.0,0,0.0,0.0,0.0,0.0,0.0,2,1018.8,832.9,76,45680.0,15.8,41.0,johannesburg,2026-07-01T04:40:52.228000
2026-07-01T12:00,16.1,50,5.6,12.5,0,0.0,0.0,0.0,0.0,0.0,2,1017.8,832.0,52,41740.0,17.2,42.8,johannesburg,2026-07-01T04:40:52.228000
2026-07-01T13:00,16.0,50,5.5,12.5,0,0.0,0.0,0.0,0.0,0.0,1,1017.2,831.4,24,33860.0,16.1,42.8,johannesburg,2026-07-01T04:40:52.228000
2026-07-01T14:00,15.7,49,5.0,11.9,0,0.0,0.0,0.0,0.0,0.0,2,1017.0,831.1,54,45920.0,17.3,41.4,johannesburg,2026-07-01T04:40:52.228000
2026-07-01T15:00,14.3,58,6.3,11.0,0,0.0,0.0,0.0,0.0,0.0,0,1017.3,830.5,6,41820.0,15.9,42.1,johannesburg,2026-07-01T04:40:52.228000
2026-07-01T16:00,13.0,67,7.1,10.5,0,0.0,0.0,0.0,0.0,0.0,0,1017.7,830.1,3,39000.0,11.8,35.6,johannesburg,2026-07-01T04:40:52.228000
2026-07-01T17:00,12.2,73,7.6,9.9,0,0.0,0.0,0.0,0.0,0.0,0,1018.0,829.9,0,35880.0,11.3,26.3,johannesburg,2026-07-01T04:40:52.228000
2026-07-01T18:00,11.6,78,8.0,9.4,0,0.0,0.0,0.0,0.0,0.0,0,1018.4,829.9,1,35820.0,11.5,24.8,johannesburg,2026-07-01T04:40:52.228000
2026-07-01T19:00,11.5,80,8.1,9.0,0,0.0,0.0,0.0,0.0,0.0,0,1018.6,829.9,6,35800.0,13.1,28.4,johannesburg,2026-07-01T04:40:52.228000
2026-07-01T20:00,11.2,83,8.3,8.8,0,0.0,0.0,0.0,0.0,0.0,0,1018.6,829.8,4,32120.0,13.2,29.2,johannesburg,2026-07-01T04:40:52.228000
2026-07-01T21:00,10.9,84,8.4,8.5,0,0.0,0.0,0.0,0.0,0.0,0,1018.6,829.6,5,32120.0,13.3,28.8,johannesburg,2026-07-01T04:40:52.228000
2026-07-01T22:00,10.6,86,8.3,8.2,0,0.0,0.0,0.0,0.0,0.0,0,1018.5,829.4,2,32160.0,13.3,28.8,johannesburg,2026-07-01T04:40:52.228000
2026-07-01T23:00,10.2,88,8.3,7.8,0,0.0,0.0,0.0,0.0,0.0,0,1018.0,828.7,4,29300.0,13.0,28.8,johannesburg,2026-07-01T04:40:52.228000
2026-07-01T00:00,23.4,77,19.1,26.1,47,0.0,0.0,0.0,0.0,0.0,3,1008.3,1004.5,92,19680.0,4.9,23.0,seoul,2026-07-01T04:40:54.684859
2026-07-01T01:00,24.5,74,19.6,27.6,34,0.0,0.0,0.0,0.0,0.0,3,1007.9,1004.1,97,8900.0,4.1,25.9,seoul,2026-07-01T04:40:54.684859
2026-07-01T02:00,25.9,70,20.0,29.2,15,0.0,0.0,0.0,0.0,0.0,2,1007.3,1003.5,78,7640.0,4.4,26.3,seoul,2026-07-01T04:40:54.684859
2026-07-01T03:00,27.1,66,20.2,31.5,2,0.0,0.0,0.0,0.0,0.0,3,1006.7,1002.9,85,12000.0,4.0,25.9,seoul,2026-07-01T04:40:54.684859
2026-07-01T04:00,28.1,63,20.4,33.2,2,0.0,0.0,0.0,0.0,0.0,0,1006.1,1002.3,12,24920.0,3.7,25.2,seoul,2026-07-01T04:40:54.684859
2026-07-01T05:00,28.9,60,20.4,33.7,10,0.0,0.0,0.0,0.0,0.0,0,1005.7,1002.0,18,28560.0,4.0,27.0,seoul,2026-07-01T04:40:54.684859
2026-07-01T06:00,29.3,58,20.2,33.5,16,0.0,0.0,0.0,0.0,0.0,0,1005.4,1001.7,15,28580.0,4.0,28.8,seoul,2026-07-01T04:40:54.684859
2026-07-01T07:00,29.6,56,19.9,32.9,20,0.0,0.0,0.0,0.0,0.0,0,1005.2,1001.5,10,6500.0,4.1,27.7,seoul,2026-07-01T04:40:54.684859
2026-07-01T08:00,29.5,54,19.3,32.5,23,0.0,0.0,0.0,0.0,0.0,0,1004.9,1001.2,9,5880.0,3.3,26.3,seoul,2026-07-01T04:40:54.684859
2026-07-01T09:00,29.0,55,19.1,32.2,25,0.0,0.0,0.0,0.0,0.0,1,1005.0,1001.3,26,6580.0,1.8,27.4,seoul,2026-07-01T04:40:54.684859
2026-07-01T10:00,27.2,68,20.8,30.8,28,0.0,0.0,0.0,0.0,0.0,1,1005.5,1001.7,22,15020.0,4.7,25.9,seoul,2026-07-01T04:40:54.684859
2026-07-01T11:00,25.7,75,21.0,29.6,30,0.0,0.0,0.0,0.0,0.0,1,1006.3,1002.5,40,9440.0,3.4,27.4,seoul,2026-07-01T04:40:54.684859
2026-07-01T12:00,25.1,79,21.2,29.4,29,0.0,0.0,0.0,0.0,0.0,2,1007.1,1003.3,50,6660.0,1.9,27.0,seoul,2026-07-01T04:40:54.684859
2026-07-01T13:00,24.5,78,20.4,28.2,23,0.0,0.0,0.0,0.0,0.0,1,1007.4,1003.6,35,10880.0,2.5,23.4,seoul,2026-07-01T04:40:54.684859
2026-07-01T14:00,23.9,74,19.0,26.9,14,0.0,0.0,0.0,0.0,0.0,1,1007.6,1003.8,39,14440.0,2.3,17.6,seoul,2026-07-01T04:40:54.684859
2026-07-01T15:00,23.3,77,19.1,26.4,8,0.0,0.0,0.0,0.0,0.0,1,1007.6,1003.8,42,15100.0,2.6,10.8,seoul,2026-07-01T04:40:54.684859
2026-07-01T16:00,23.0,82,19.8,26.4,7,0.0,0.0,0.0,0.0,0.0,1,1008.0,1004.2,45,15100.0,2.5,11.2,seoul,2026-07-01T04:40:54.684859
2026-07-01T17:00,22.6,83,19.6,25.7,7,0.0,0.0,0.0,0.0,0.0,1,1008.3,1004.5,48,14120.0,4.0,13.3,seoul,2026-07-01T04:40:54.684859
2026-07-01T18:00,22.3,82,19.1,25.1,8,0.0,0.0,0.0,0.0,0.0,1,1008.3,1004.5,39,16600.0,3.9,14.8,seoul,2026-07-01T04:40:54.684859
2026-07-01T19:00,21.9,82,18.7,24.6,7,0.0,0.0,0.0,0.0,0.0,1,1008.6,1004.8,46,17380.0,3.8,14.8,seoul,2026-07-01T04:40:54.684859
2026-07-01T20:00,21.6,83,18.6,24.3,7,0.0,0.0,0.0,0.0,0.0,1,1008.9,1005.1,42,17560.0,3.7,13.3,seoul,2026-07-01T04:40:54.684859
2026-07-01T21:00,21.4,81,18.0,23.8,6,0.0,0.0,0.0,0.0,0.0,1,1009.3,1005.4,37,17560.0,3.8,11.2,seoul,2026-07-01T04:40:54.684859
2026-07-01T22:00,21.4,78,17.4,23.5,4,0.0,0.0,0.0,0.0,0.0,1,1009.7,1005.8,39,17560.0,4.0,13.0,seoul,2026-07-01T04:40:54.684859
2026-07-01T23:00,21.3,81,17.9,23.6,2,0.1,0.1,0.0,0.0,0.0,51,1010.1,1006.2,45,19760.0,4.0,16.6,seoul,2026-07-01T04:40:54.684859
2026-07-01T00:00,25.7,81,22.2,30.4,0,0.0,0.0,0.0,0.0,0.0,1,1019.3,1017.0,1,31820.0,1.8,4.7,barcelona,2026-07-01T04:41:32.338668
2026-07-01T01:00,25.2,83,22.1,29.7,0,0.0,0.0,0.0,0.0,0.0,1,1018.8,1016.5,39,29380.0,2.7,7.2,barcelona,2026-07-01T04:41:32.338668
2026-07-01T02:00,24.7,83,21.6,29.0,0,0.0,0.0,0.0,0.0,0.0,1,1018.1,1015.8,35,28900.0,2.8,7.6,barcelona,2026-07-01T04:41:32.338668
2026-07-01T03:00,24.3,82,21.1,28.3,0,0.0,0.0,0.0,0.0,0.0,1,1018.1,1015.8,16,30020.0,3.3,8.3,barcelona,2026-07-01T04:41:32.338668
2026-07-01T04:00,23.8,82,20.6,27.5,0,0.0,0.0,0.0,0.0,0.0,0,1018.0,1015.7,1,30660.0,3.3,7.9,barcelona,2026-07-01T04:41:32.338668
2026-07-01T05:00,23.4,81,20.0,26.7,0,0.0,0.0,0.0,0.0,0.0,0,1018.5,1016.2,0,31360.0,4.2,8.6,barcelona,2026-07-01T04:41:32.338668
2026-07-01T06:00,24.5,74,19.5,27.5,0,0.0,0.0,0.0,0.0,0.0,0,1018.5,1016.2,0,34980.0,4.5,9.4,barcelona,2026-07-01T04:41:32.338668
2026-07-01T07:00,26.3,66,19.4,29.4,0,0.0,0.0,0.0,0.0,0.0,0,1018.7,1016.4,3,38100.0,3.3,10.1,barcelona,2026-07-01T04:41:32.338668
2026-07-01T08:00,27.6,64,20.2,31.1,0,0.0,0.0,0.0,0.0,0.0,2,1019.0,1016.7,65,38520.0,3.0,9.4,barcelona,2026-07-01T04:41:32.338668
2026-07-01T09:00,27.6,67,20.9,29.8,0,0.0,0.0,0.0,0.0,0.0,2,1019.4,1017.1,63,35980.0,15.1,35.6,barcelona,2026-07-01T04:41:32.338668
2026-07-01T10:00,27.8,57,18.5,28.7,0,0.0,0.0,0.0,0.0,0.0,2,1019.6,1017.3,68,39900.0,16.0,37.8,barcelona,2026-07-01T04:41:32.338668
2026-07-01T11:00,28.2,57,18.9,29.8,0,0.0,0.0,0.0,0.0,0.0,2,1019.3,1017.0,60,39440.0,16.4,39.2,barcelona,2026-07-01T04:41:32.338668
2026-07-01T12:00,28.7,56,19.0,30.9,0,0.0,0.0,0.0,0.0,0.0,1,1018.9,1016.6,44,39620.0,18.1,42.5,barcelona,2026-07-01T04:41:32.338668
2026-07-01T13:00,28.7,56,19.1,31.1,0,0.0,0.0,0.0,0.0,0.0,1,1018.7,1016.4,33,39300.0,18.6,44.3,barcelona,2026-07-01T04:41:32.338668
2026-07-01T14:00,28.6,59,19.8,30.9,0,0.0,0.0,0.0,0.0,0.0,1,1018.5,1016.2,37,38420.0,19.7,46.1,barcelona,2026-07-01T04:41:32.338668
2026-07-01T15:00,28.3,63,20.6,30.3,0,0.0,0.0,0.0,0.0,0.0,2,1018.0,1015.7,48,36920.0,20.2,46.8,barcelona,2026-07-01T04:41:32.338668
2026-07-01T16:00,27.9,66,20.9,29.5,0,0.0,0.0,0.0,0.0,0.0,3,1018.0,1015.7,80,36020.0,18.8,46.8,barcelona,2026-07-01T04:41:32.338668
2026-07-01T17:00,27.3,68,20.9,29.2,0,0.0,0.0,0.0,0.0,0.0,2,1018.0,1015.7,49,35540.0,16.7,43.6,barcelona,2026-07-01T04:41:32.338668
2026-07-01T18:00,26.9,69,20.7,29.0,0,0.0,0.0,0.0,0.0,0.0,2,1018.1,1015.8,44,36000.0,14.7,38.2,barcelona,2026-07-01T04:41:32.338668
2026-07-01T19:00,26.4,70,20.5,29.0,0,0.0,0.0,0.0,0.0,0.0,1,1018.5,1016.2,22,36480.0,10.4,33.8,barcelona,2026-07-01T04:41:32.338668
2026-07-01T20:00,26.0,71,20.3,29.0,0,0.0,0.0,0.0,0.0,0.0,2,1018.9,1016.6,49,36760.0,7.1,23.8,barcelona,2026-07-01T04:41:32.338668
2026-07-01T21:00,25.6,74,20.6,29.0,0,0.0,0.0,0.0,0.0,0.0,1,1019.7,1017.4,43,35740.0,4.8,14.0,barcelona,2026-07-01T04:41:32.338668
2026-07-01T22:00,25.2,77,20.9,29.1,0,0.0,0.0,0.0,0.0,0.0,3,1019.7,1017.4,87,33840.0,2.6,11.5,barcelona,2026-07-01T04:41:32.338668
2026-07-01T23:00,24.8,80,21.1,28.8,0,0.0,0.0,0.0,0.0,0.0,2,1020.0,1017.7,67,31860.0,3.1,6.8,barcelona,2026-07-01T04:41:32.338668
2026-07-01T00:00,20.7,73,15.6,21.3,40,0.0,0.0,0.0,0.0,0.0,3,1027.0,1024.7,100,24880.0,5.5,18.0,bilbao,2026-07-01T04:41:34.811020
2026-07-01T01:00,20.5,72,15.2,21.0,58,0.0,0.0,0.0,0.0,0.0,3,1026.8,1024.5,100,29740.0,6.4,16.6,bilbao,2026-07-01T04:41:34.811020
2026-07-01T02:00,20.2,71,14.8,20.6,58,0.0,0.0,0.0,0.0,0.0,3,1027.3,1025.0,100,11560.0,7.6,16.2,bilbao,2026-07-01T04:41:34.811020
2026-07-01T03:00,20.3,70,14.6,20.6,30,0.0,0.0,0.0,0.0,0.0,3,1027.1,1024.8,100,11380.0,6.8,19.4,bilbao,2026-07-01T04:41:34.811020
2026-07-01T04:00,20.2,72,15.0,20.6,8,0.0,0.0,0.0,0.0,0.0,3,1027.2,1024.9,100,14500.0,7.4,17.6,bilbao,2026-07-01T04:41:34.811020
2026-07-01T05:00,20.0,70,14.4,20.6,5,0.0,0.0,0.0,0.0,0.0,3,1027.3,1025.0,100,17800.0,6.3,13.7,bilbao,2026-07-01T04:41:34.811020
2026-07-01T06:00,19.8,73,14.8,20.7,3,0.0,0.0,0.0,0.0,0.0,3,1027.5,1025.2,100,37520.0,6.6,17.3,bilbao,2026-07-01T04:41:34.811020
2026-07-01T07:00,20.9,65,14.1,21.1,0,0.0,0.0,0.0,0.0,0.0,3,1027.4,1025.1,100,14860.0,5.5,14.9,bilbao,2026-07-01T04:41:34.811020
2026-07-01T08:00,21.6,59,13.2,21.4,0,0.0,0.0,0.0,0.0,0.0,3,1027.7,1025.4,100,15460.0,9.4,22.0,bilbao,2026-07-01T04:41:34.811020
2026-07-01T09:00,22.2,57,13.3,21.5,0,0.0,0.0,0.0,0.0,0.0,3,1027.8,1025.5,100,12240.0,10.8,25.2,bilbao,2026-07-01T04:41:34.811020
2026-07-01T10:00,23.3,53,13.2,22.7,0,0.0,0.0,0.0,0.0,0.0,3,1028.0,1025.8,100,33620.0,11.5,27.0,bilbao,2026-07-01T04:41:34.811020
2026-07-01T11:00,22.3,60,14.2,21.6,0,0.0,0.0,0.0,0.0,0.0,3,1028.5,1026.2,100,28900.0,14.5,37.8,bilbao,2026-07-01T04:41:34.811020
2026-07-01T12:00,21.7,66,15.1,21.5,0,0.0,0.1,0.0,0.0,0.0,51,1028.6,1026.3,100,44220.0,13.3,33.8,bilbao,2026-07-01T04:41:34.811020
2026-07-01T13:00,22.5,62,14.9,22.0,0,0.0,0.0,0.0,0.0,0.0,3,1028.4,1026.1,95,22860.0,14.9,34.6,bilbao,2026-07-01T04:41:34.811020
2026-07-01T14:00,22.4,62,14.7,21.9,0,0.0,0.0,0.0,0.0,0.0,3,1028.1,1025.8,100,41040.0,14.2,33.8,bilbao,2026-07-01T04:41:34.811020
2026-07-01T15:00,23.0,56,13.8,21.9,3,0.0,0.0,0.0,0.0,0.0,3,1027.7,1025.4,100,17300.0,15.9,34.6,bilbao,2026-07-01T04:41:34.811020
2026-07-01T16:00,22.8,58,14.1,21.9,0,0.0,0.0,0.0,0.0,0.0,3,1027.6,1025.3,100,15840.0,15.6,35.6,bilbao,2026-07-01T04:41:34.811020
2026-07-01T17:00,23.0,57,14.0,22.0,3,0.0,0.0,0.0,0.0,0.0,3,1027.6,1025.3,100,13100.0,15.2,34.2,bilbao,2026-07-01T04:41:34.811020
2026-07-01T18:00,22.5,58,13.8,21.7,3,0.0,0.0,0.0,0.0,0.0,3,1027.7,1025.4,88,8260.0,13.9,33.5,bilbao,2026-07-01T04:41:34.811020
2026-07-01T19:00,21.8,63,14.5,21.4,3,0.0,0.0,0.0,0.0,0.0,3,1027.9,1025.6,84,11140.0,12.8,30.6,bilbao,2026-07-01T04:41:34.811020
2026-07-01T20:00,21.1,68,14.9,21.0,20,0.0,0.0,0.0,0.0,0.0,1,1028.0,1025.7,41,16400.0,11.6,27.4,bilbao,2026-07-01T04:41:34.811020
2026-07-01T21:00,20.7,72,15.4,21.1,40,0.0,0.0,0.0,0.0,0.0,3,1028.4,1026.1,100,32680.0,9.9,24.8,bilbao,2026-07-01T04:41:34.811020
2026-07-01T22:00,20.5,73,15.5,21.1,48,0.1,0.1,0.0,0.0,0.0,51,1028.6,1026.3,99,32020.0,8.7,20.9,bilbao,2026-07-01T04:41:34.811020
2026-07-01T23:00,20.6,73,15.6,21.5,45,0.0,0.0,0.0,0.0,0.0,3,1028.9,1026.6,100,9560.0,6.6,21.2,bilbao,2026-07-01T04:41:34.811020
2026-07-01T00:00,9.0,78,5.5,6.2,0,0.0,0.0,0.0,0.0,0.0,1,1014.1,967.0,36,51740.0,11.4,22.0,cordoba,2026-07-01T04:43:37.841905
2026-07-01T01:00,8.5,83,5.8,5.8,0,0.0,0.0,0.0,0.0,0.0,0,1014.6,967.3,1,47940.0,11.5,23.0,cordoba,2026-07-01T04:43:37.841905
2026-07-01T02:00,8.0,87,5.9,5.4,0,0.0,0.0,0.0,0.0,0.0,0,1014.8,967.5,0,43560.0,10.6,22.7,cordoba,2026-07-01T04:43:37.841905
2026-07-01T03:00,7.7,88,5.9,5.2,0,0.0,0.0,0.0,0.0,0.0,0,1015.2,967.8,0,43540.0,9.8,20.2,cordoba,2026-07-01T04:43:37.841905
2026-07-01T04:00,7.5,89,5.8,5.1,0,0.0,0.0,0.0,0.0,0.0,0,1015.4,967.9,0,27560.0,9.3,18.4,cordoba,2026-07-01T04:43:37.841905
2026-07-01T05:00,7.2,90,5.7,4.8,0,0.0,0.0,0.0,0.0,0.0,1,1015.6,968.1,40,15920.0,8.8,17.3,cordoba,2026-07-01T04:43:37.841905
2026-07-01T06:00,7.0,90,5.5,4.7,0,0.0,0.0,0.0,0.0,0.0,2,1015.8,968.2,63,13220.0,7.7,16.6,cordoba,2026-07-01T04:43:37.841905
2026-07-01T07:00,6.2,91,4.9,4.4,0,0.0,0.0,0.0,0.0,0.0,1,1016.1,968.4,44,12320.0,3.8,13.3,cordoba,2026-07-01T04:43:37.841905
2026-07-01T08:00,6.2,92,5.0,4.5,0,0.0,0.0,0.0,0.0,0.0,2,1016.7,969.0,70,11340.0,3.6,7.9,cordoba,2026-07-01T04:43:37.841905
2026-07-01T09:00,5.7,94,4.8,3.7,0,0.0,0.0,0.0,0.0,0.0,3,1017.3,969.4,82,12660.0,5.0,10.1,cordoba,2026-07-01T04:43:37.841905
2026-07-01T10:00,5.4,95,4.7,3.4,0,0.0,0.0,0.0,0.0,0.0,3,1018.6,970.6,95,37880.0,4.6,9.7,cordoba,2026-07-01T04:43:37.841905
2026-07-01T11:00,6.0,94,5.1,4.0,0,0.0,0.0,0.0,0.0,0.0,3,1019.8,971.9,100,37820.0,5.1,10.8,cordoba,2026-07-01T04:43:37.841905
2026-07-01T12:00,6.6,92,5.4,4.6,0,0.0,0.0,0.0,0.0,0.0,3,1021.4,973.5,100,37740.0,5.9,12.2,cordoba,2026-07-01T04:43:37.841905
2026-07-01T13:00,7.5,89,5.8,5.4,13,0.0,0.0,0.0,0.0,0.0,3,1022.9,975.1,100,33720.0,6.9,16.6,cordoba,2026-07-01T04:43:37.841905
2026-07-01T14:00,8.1,87,6.0,6.0,31,0.0,0.0,0.0,0.0,0.0,3,1024.1,976.3,100,27820.0,7.5,17.6,cordoba,2026-07-01T04:43:37.841905
2026-07-01T15:00,8.7,83,6.0,6.3,47,0.0,0.0,0.0,0.0,0.0,3,1024.9,977.2,100,20180.0,9.5,22.7,cordoba,2026-07-01T04:43:37.841905
2026-07-01T16:00,9.1,80,5.8,6.1,62,0.0,0.0,0.0,0.0,0.0,3,1025.0,977.4,100,18880.0,13.0,29.5,cordoba,2026-07-01T04:43:37.841905
2026-07-01T17:00,9.7,77,5.8,6.2,74,0.0,0.0,0.0,0.0,0.0,3,1024.9,977.4,100,34080.0,16.4,36.4,cordoba,2026-07-01T04:43:37.841905
2026-07-01T18:00,9.8,77,6.0,6.4,76,0.0,0.0,0.0,0.0,0.0,3,1024.8,977.3,100,20880.0,16.4,37.8,cordoba,2026-07-01T04:43:37.841905
2026-07-01T19:00,9.7,76,5.8,6.1,57,0.0,0.0,0.0,0.0,0.0,3,1025.3,977.7,100,21960.0,17.5,38.5,cordoba,2026-07-01T04:43:37.841905
2026-07-01T20:00,9.3,77,5.4,5.6,27,0.0,0.0,0.0,0.0,0.0,3,1026.3,978.6,100,50940.0,17.5,41.0,cordoba,2026-07-01T04:43:37.841905
2026-07-01T21:00,8.9,77,5.0,5.2,4,0.0,0.0,0.0,0.0,0.0,3,1027.4,979.6,91,50940.0,17.1,41.0,cordoba,2026-07-01T04:43:37.841905
2026-07-01T22:00,8.1,79,4.7,4.5,0,0.0,0.0,0.0,0.0,0.0,2,1028.8,980.8,61,50940.0,15.2,37.1,cordoba,2026-07-01T04:43:37.841905
2026-07-01T23:00,7.3,81,4.3,3.7,0,0.0,0.0,0.0,0.0,0.0,3,1030.1,981.9,80,47240.0,15.4,32.0,cordoba,2026-07-01T04:43:37.841905
2026-07-01T00:00,21.2,72,15.9,20.7,93,0.0,0.0,0.0,0.0,0.0,2,1026.6,1024.1,50,37680.0,15.7,25.6,donostia-san_sebastian,2026-07-01T04:43:40.331307
2026-07-01T01:00,21.0,69,15.1,20.6,75,0.0,0.0,0.0,0.0,0.0,3,1026.4,1023.9,100,37680.0,14.5,26.3,donostia-san_sebastian,2026-07-01T04:43:40.331307
2026-07-01T02:00,21.1,68,15.0,19.9,80,0.0,0.0,0.0,0.0,0.0,1,1026.8,1024.3,36,10120.0,18.2,29.2,donostia-san_sebastian,2026-07-01T04:43:40.331307
2026-07-01T03:00,21.0,64,14.0,20.0,73,0.0,0.0,0.0,0.0,0.0,3,1026.7,1024.2,100,12840.0,15.0,27.4,donostia-san_sebastian,2026-07-01T04:43:40.331307
2026-07-01T04:00,21.1,63,13.8,20.4,50,0.0,0.0,0.0,0.0,0.0,3,1026.7,1024.2,100,21260.0,12.9,23.8,donostia-san_sebastian,2026-07-01T04:43:40.331307
2026-07-01T05:00,21.1,63,13.8,20.6,23,0.0,0.0,0.0,0.0,0.0,3,1026.6,1024.1,100,12000.0,12.7,25.2,donostia-san_sebastian,2026-07-01T04:43:40.331307
2026-07-01T06:00,21.2,62,13.6,20.3,13,0.0,0.0,0.0,0.0,0.0,3,1027.0,1024.5,100,19280.0,13.5,24.8,donostia-san_sebastian,2026-07-01T04:43:40.331307
2026-07-01T07:00,21.4,60,13.3,20.7,0,0.0,0.0,0.0,0.0,0.0,3,1026.9,1024.4,100,37680.0,12.5,23.1,donostia-san_sebastian,2026-07-01T04:43:40.331307
2026-07-01T08:00,21.7,59,13.2,20.9,0,0.0,0.0,0.0,0.0,0.0,3,1027.2,1024.7,100,18120.0,12.0,22.0,donostia-san_sebastian,2026-07-01T04:43:40.331307
2026-07-01T09:00,21.9,58,13.2,21.0,0,0.0,0.0,0.0,0.0,0.0,3,1027.3,1024.8,100,11700.0,13.5,23.8,donostia-san_sebastian,2026-07-01T04:43:40.331307
2026-07-01T10:00,21.6,61,13.8,21.3,0,0.0,0.0,0.0,0.0,0.0,3,1027.7,1025.2,100,9560.0,10.4,27.0,donostia-san_sebastian,2026-07-01T04:43:40.331307
2026-07-01T11:00,22.1,59,13.7,20.9,0,0.0,0.0,0.0,0.0,0.0,3,1028.0,1025.5,100,11040.0,16.6,27.7,donostia-san_sebastian,2026-07-01T04:43:40.331307
2026-07-01T12:00,21.7,69,15.8,20.2,0,0.0,0.0,0.0,0.0,0.0,3,1028.0,1025.5,100,9000.0,24.0,37.4,donostia-san_sebastian,2026-07-01T04:43:40.331307
2026-07-01T13:00,21.1,76,16.7,21.3,0,0.1,0.1,0.0,0.0,0.0,51,1027.9,1025.4,100,6660.0,15.3,38.9,donostia-san_sebastian,2026-07-01T04:43:40.331307
2026-07-01T14:00,21.4,75,16.8,22.6,5,0.1,0.2,0.0,0.0,0.0,51,1027.5,1025.0,100,6860.0,8.0,30.6,donostia-san_sebastian,2026-07-01T04:43:40.331307
2026-07-01T15:00,22.0,65,15.2,20.7,15,0.1,0.1,0.0,0.0,0.0,51,1027.1,1024.6,100,37660.0,21.3,33.5,donostia-san_sebastian,2026-07-01T04:43:40.331307
2026-07-01T16:00,22.0,64,14.9,20.7,20,0.0,0.0,0.0,0.0,0.0,3,1027.1,1024.6,100,15400.0,20.5,33.8,donostia-san_sebastian,2026-07-01T04:43:40.331307
2026-07-01T17:00,22.0,62,14.4,20.6,18,0.0,0.0,0.0,0.0,0.0,3,1027.1,1024.6,100,7920.0,19.5,33.5,donostia-san_sebastian,2026-07-01T04:43:40.331307
2026-07-01T18:00,22.0,62,14.4,20.7,8,0.0,0.0,0.0,0.0,0.0,2,1027.1,1024.6,59,8420.0,19.2,31.0,donostia-san_sebastian,2026-07-01T04:43:40.331307
2026-07-01T19:00,21.8,63,14.4,20.4,8,0.0,0.0,0.0,0.0,0.0,1,1027.2,1024.7,47,11280.0,19.5,30.6,donostia-san_sebastian,2026-07-01T04:43:40.331307
2026-07-01T20:00,21.7,63,14.3,20.6,38,0.0,0.0,0.0,0.0,0.0,3,1027.3,1024.8,94,6240.0,17.2,30.6,donostia-san_sebastian,2026-07-01T04:43:40.331307
2026-07-01T21:00,21.1,72,15.9,20.4,60,0.0,0.0,0.0,0.0,0.0,3,1027.8,1025.3,100,8200.0,18.6,31.7,donostia-san_sebastian,2026-07-01T04:43:40.331307
2026-07-01T22:00,21.6,66,15.0,20.5,58,0.1,0.1,0.0,0.0,0.0,51,1027.9,1025.4,97,10160.0,19.0,32.4,donostia-san_sebastian,2026-07-01T04:43:40.331307
2026-07-01T23:00,21.6,68,15.4,20.7,73,0.1,0.1,0.0,0.0,0.0,51,1028.1,1025.6,98,7380.0,18.7,31.0,donostia-san_sebastian,2026-07-01T04:43:40.331307
2026-07-01T00:00,23.3,82,20.1,27.0,0,0.0,0.0,0.0,0.0,0.0,1,1019.5,1010.4,31,31560.0,1.5,2.2,girona,2026-07-01T04:43:42.790973
2026-07-01T01:00,22.5,83,19.5,25.9,0,0.0,0.0,0.0,0.0,0.0,1,1019.1,1010.0,18,30780.0,1.6,3.2,girona,2026-07-01T04:43:42.790973
2026-07-01T02:00,22.2,81,18.8,25.3,0,0.0,0.0,0.0,0.0,0.0,1,1018.5,1009.4,11,32580.0,1.8,4.3,girona,2026-07-01T04:43:42.790973
2026-07-01T03:00,22.0,79,18.2,24.6,0,0.0,0.0,0.0,0.0,0.0,0,1018.6,1009.5,0,33940.0,3.2,5.0,girona,2026-07-01T04:43:42.790973
2026-07-01T04:00,21.8,73,16.8,23.7,0,0.0,0.0,0.0,0.0,0.0,0,1018.7,1009.5,0,36780.0,3.6,6.1,girona,2026-07-01T04:43:42.790973
2026-07-01T05:00,21.8,71,16.3,23.3,0,0.0,0.0,0.0,0.0,0.0,0,1019.4,1010.2,0,37620.0,5.0,9.0,girona,2026-07-01T04:43:42.790973
2026-07-01T06:00,23.1,65,16.2,24.5,0,0.0,0.0,0.0,0.0,0.0,0,1019.3,1010.2,0,38940.0,5.1,9.7,girona,2026-07-01T04:43:42.790973
2026-07-01T07:00,24.4,58,15.6,25.0,0,0.0,0.0,0.0,0.0,0.0,0,1019.4,1010.3,0,40360.0,9.2,18.0,girona,2026-07-01T04:43:42.790973
2026-07-01T08:00,25.8,53,15.5,26.2,0,0.0,0.0,0.0,0.0,0.0,0,1019.5,1010.5,0,40900.0,10.3,20.2,girona,2026-07-01T04:43:42.790973
2026-07-01T09:00,27.4,48,15.5,28.3,0,0.0,0.0,0.0,0.0,0.0,0,1019.6,1010.6,0,41440.0,10.2,21.2,girona,2026-07-01T04:43:42.790973
2026-07-01T10:00,29.3,44,15.8,31.5,0,0.0,0.0,0.0,0.0,0.0,0,1019.4,1010.5,13,41840.0,7.9,20.2,girona,2026-07-01T04:43:42.790973
2026-07-01T11:00,30.5,42,16.2,32.7,0,0.0,0.0,0.0,0.0,0.0,1,1018.9,1010.0,39,42080.0,11.8,23.4,girona,2026-07-01T04:43:42.790973
2026-07-01T12:00,31.2,39,15.6,33.0,0,0.0,0.0,0.0,0.0,0.0,1,1018.5,1009.6,41,42740.0,13.6,26.6,girona,2026-07-01T04:43:42.790973
2026-07-01T13:00,31.5,36,14.7,32.6,0,0.0,0.0,0.0,0.0,0.0,2,1018.0,1009.1,53,43500.0,13.0,25.9,girona,2026-07-01T04:43:42.790973
2026-07-01T14:00,31.5,33,13.3,31.5,0,0.0,0.0,0.0,0.0,0.0,2,1017.7,1008.8,73,44840.0,10.8,25.6,girona,2026-07-01T04:43:42.790973
2026-07-01T15:00,31.2,34,13.5,31.6,0,0.0,0.0,0.0,0.0,0.0,3,1017.2,1008.3,84,44920.0,5.4,22.7,girona,2026-07-01T04:43:42.790973
2026-07-01T16:00,29.8,52,18.9,30.7,0,0.0,0.0,0.0,0.0,0.0,3,1017.4,1008.5,100,40560.0,16.4,29.5,girona,2026-07-01T04:43:42.790973
2026-07-01T17:00,29.2,47,16.8,29.9,0,0.0,0.0,0.0,0.0,0.0,2,1017.5,1008.6,67,41600.0,11.8,32.4,girona,2026-07-01T04:43:42.790973
2026-07-01T18:00,28.7,48,16.7,30.5,0,0.0,0.0,0.0,0.0,0.0,3,1017.9,1009.0,98,41540.0,3.6,22.0,girona,2026-07-01T04:43:42.790973
2026-07-01T19:00,27.5,34,10.2,26.5,0,0.0,0.0,0.0,0.0,0.0,3,1018.4,1009.4,92,45460.0,7.7,16.6,girona,2026-07-01T04:43:42.790973
2026-07-01T20:00,25.7,40,11.1,25.3,0,0.0,0.0,0.0,0.0,0.0,3,1018.6,1009.6,100,43360.0,5.2,12.6,girona,2026-07-01T04:43:42.790973
2026-07-01T21:00,24.5,46,12.2,24.8,0,0.0,0.0,0.0,0.0,0.0,3,1019.5,1010.4,100,42620.0,3.2,7.9,girona,2026-07-01T04:43:42.790973
2026-07-01T22:00,22.8,55,13.3,23.5,0,0.0,0.0,0.0,0.0,0.0,3,1019.8,1010.7,99,41700.0,2.4,4.7,girona,2026-07-01T04:43:42.790973
2026-07-01T23:00,21.7,59,13.3,22.6,0,0.0,0.0,0.0,0.0,0.0,3,1020.2,1011.0,100,41080.0,1.1,5.0,girona,2026-07-01T04:43:42.790973
2026-07-01T00:00,21.1,93,19.8,23.2,10,0.0,0.0,0.0,0.0,0.0,1,1019.5,1012.2,26,9380.0,11.4,20.2,las_palmas_de_gran_canaria,2026-07-01T04:43:45.298195
2026-07-01T01:00,20.9,92,19.5,22.9,7,0.0,0.0,0.0,0.0,0.0,0,1018.9,1011.6,18,9240.0,11.1,20.2,las_palmas_de_gran_canaria,2026-07-01T04:43:45.298195
2026-07-01T02:00,20.8,90,19.1,22.5,3,0.0,0.0,0.0,0.0,0.0,1,1018.2,1010.9,29,8240.0,11.4,20.2,las_palmas_de_gran_canaria,2026-07-01T04:43:45.298195
2026-07-01T03:00,20.8,88,18.6,22.3,0,0.0,0.0,0.0,0.0,0.0,1,1017.8,1010.5,38,8240.0,11.5,20.9,las_palmas_de_gran_canaria,2026-07-01T04:43:45.298195
2026-07-01T04:00,20.8,85,18.1,22.1,0,0.0,0.0,0.0,0.0,0.0,1,1017.8,1010.5,35,8780.0,10.8,20.2,las_palmas_de_gran_canaria,2026-07-01T04:43:45.298195
2026-07-01T05:00,20.8,83,17.9,22.1,0,0.0,0.0,0.0,0.0,0.0,2,1017.7,1010.4,56,10440.0,10.9,19.4,las_palmas_de_gran_canaria,2026-07-01T04:43:45.298195
2026-07-01T06:00,20.7,85,18.2,22.0,0,0.0,0.0,0.0,0.0,0.0,1,1017.8,1010.5,44,10600.0,11.6,20.2,las_palmas_de_gran_canaria,2026-07-01T04:43:45.298195
2026-07-01T07:00,21.2,84,18.3,22.4,0,0.0,0.0,0.0,0.0,0.0,1,1018.0,1010.7,30,14040.0,13.2,24.1,las_palmas_de_gran_canaria,2026-07-01T04:43:45.298195
2026-07-01T08:00,22.2,80,18.7,23.3,0,0.0,0.0,0.0,0.0,0.0,1,1018.1,1010.8,38,28400.0,14.7,28.4,las_palmas_de_gran_canaria,2026-07-01T04:43:45.298195
2026-07-01T09:00,22.8,80,19.1,23.7,0,0.0,0.0,0.0,0.0,0.0,1,1018.2,1010.9,38,28320.0,16.9,33.8,las_palmas_de_gran_canaria,2026-07-01T04:43:45.298195
2026-07-01T10:00,23.3,77,19.1,24.2,0,0.0,0.0,0.0,0.0,0.0,1,1018.3,1011.1,43,28780.0,17.5,36.0,las_palmas_de_gran_canaria,2026-07-01T04:43:45.298195
2026-07-01T11:00,23.7,75,19.1,25.4,0,0.0,0.0,0.0,0.0,0.0,1,1018.3,1011.1,48,29960.0,17.2,36.7,las_palmas_de_gran_canaria,2026-07-01T04:43:45.298195
2026-07-01T12:00,24.3,73,19.1,26.5,0,0.0,0.0,0.0,0.0,0.0,1,1018.3,1011.1,45,28540.0,18.0,38.2,las_palmas_de_gran_canaria,2026-07-01T04:43:45.298195
2026-07-01T13:00,24.6,71,19.1,27.2,0,0.0,0.0,0.0,0.0,0.0,1,1018.1,1010.9,31,28700.0,18.1,39.6,las_palmas_de_gran_canaria,2026-07-01T04:43:45.298195
2026-07-01T14:00,25.0,71,19.3,27.7,0,0.0,0.0,0.0,0.0,0.0,2,1017.7,1010.5,63,30120.0,18.6,40.7,las_palmas_de_gran_canaria,2026-07-01T04:43:45.298195
2026-07-01T15:00,25.2,69,19.2,27.7,0,0.0,0.0,0.0,0.0,0.0,2,1017.1,1009.9,52,22140.0,18.9,41.0,las_palmas_de_gran_canaria,2026-07-01T04:43:45.298195
2026-07-01T16:00,24.7,72,19.3,26.5,0,0.0,0.0,0.0,0.0,0.0,2,1016.6,1009.4,60,18420.0,19.7,41.4,las_palmas_de_gran_canaria,2026-07-01T04:43:45.298195
2026-07-01T17:00,24.3,75,19.6,25.4,0,0.0,0.0,0.0,0.0,0.0,1,1016.3,1009.1,48,17860.0,19.9,41.4,las_palmas_de_gran_canaria,2026-07-01T04:43:45.298195
2026-07-01T18:00,23.7,79,19.8,24.4,0,0.0,0.0,0.0,0.0,0.0,2,1016.2,1009.0,63,20560.0,20.5,40.7,las_palmas_de_gran_canaria,2026-07-01T04:43:45.298195
2026-07-01T19:00,22.6,87,20.3,23.5,0,0.0,0.0,0.0,0.0,0.0,2,1016.5,1009.3,78,20480.0,20.8,40.3,las_palmas_de_gran_canaria,2026-07-01T04:43:45.298195
2026-07-01T20:00,21.8,91,20.3,22.7,0,0.0,0.0,0.0,0.0,0.0,2,1016.8,1009.5,55,18700.0,21.8,40.0,las_palmas_de_gran_canaria,2026-07-01T04:43:45.298195
2026-07-01T21:00,21.8,89,19.9,22.5,0,0.0,0.0,0.0,0.0,0.0,1,1017.2,1009.9,27,19600.0,21.3,39.2,las_palmas_de_gran_canaria,2026-07-01T04:43:45.298195
2026-07-01T22:00,21.8,87,19.6,22.2,0,0.0,0.0,0.0,0.0,0.0,2,1017.7,1010.4,55,21440.0,22.4,39.2,las_palmas_de_gran_canaria,2026-07-01T04:43:45.298195
2026-07-01T23:00,21.8,88,19.8,22.4,0,0.0,0.0,0.0,0.0,0.0,2,1018.0,1010.7,54,24680.0,21.7,40.7,las_palmas_de_gran_canaria,2026-07-01T04:43:45.298195
2026-07-01T00:00,26.1,43,12.6,25.0,0,0.0,0.0,0.0,0.0,0.0,3,1019.7,946.2,61,42460.0,12.8,39.2,madrid,2026-07-01T04:45:48.246320
2026-07-01T01:00,24.8,48,13.0,23.9,0,0.0,0.0,0.0,0.0,0.0,3,1019.7,945.9,95,37240.0,12.1,32.8,madrid,2026-07-01T04:45:48.246320
2026-07-01T02:00,24.1,50,13.0,23.3,0,0.0,0.0,0.0,0.0,0.0,1,1019.3,945.3,30,32520.0,11.8,31.7,madrid,2026-07-01T04:45:48.246320
2026-07-01T03:00,23.6,52,13.1,22.9,0,0.0,0.0,0.0,0.0,0.0,1,1019.6,945.5,25,32380.0,11.2,31.0,madrid,2026-07-01T04:45:48.246320
2026-07-01T04:00,23.0,54,13.2,22.3,0,0.0,0.0,0.0,0.0,0.0,1,1019.8,945.5,6,33020.0,11.3,29.2,madrid,2026-07-01T04:45:48.246320
2026-07-01T05:00,22.4,55,12.9,21.7,0,0.0,0.0,0.0,0.0,0.0,1,1020.4,946.0,8,32040.0,11.1,29.2,madrid,2026-07-01T04:45:48.246320
2026-07-01T06:00,22.5,55,13.0,21.9,0,0.0,0.0,0.0,0.0,0.0,0,1020.4,946.0,2,36040.0,10.7,27.7,madrid,2026-07-01T04:45:48.246320
2026-07-01T07:00,23.8,51,13.0,23.0,0,0.0,0.0,0.0,0.0,0.0,0,1020.6,946.5,2,41000.0,11.5,31.0,madrid,2026-07-01T04:45:48.246320
2026-07-01T08:00,25.6,46,13.1,24.9,0,0.0,0.0,0.0,0.0,0.0,0,1020.7,947.0,0,41500.0,11.5,32.8,madrid,2026-07-01T04:45:48.246320
2026-07-01T09:00,27.7,41,13.3,27.5,0,0.0,0.0,0.0,0.0,0.0,0,1020.6,947.4,0,42260.0,10.4,32.4,madrid,2026-07-01T04:45:48.246320
2026-07-01T10:00,29.8,35,12.7,30.5,0,0.0,0.0,0.0,0.0,0.0,0,1020.1,947.4,1,43480.0,9.2,30.2,madrid,2026-07-01T04:45:48.246320
2026-07-01T11:00,31.9,31,12.6,33.5,0,0.0,0.0,0.0,0.0,0.0,0,1019.2,947.1,5,45020.0,8.1,27.7,madrid,2026-07-01T04:45:48.246320
2026-07-01T12:00,33.7,26,11.5,35.4,0,0.0,0.0,0.0,0.0,0.0,0,1018.2,946.5,0,47420.0,8.0,25.6,madrid,2026-07-01T04:45:48.246320
2026-07-01T13:00,35.2,21,9.6,36.8,0,0.0,0.0,0.0,0.0,0.0,0,1017.4,946.1,0,51880.0,6.5,24.8,madrid,2026-07-01T04:45:48.246320
2026-07-01T14:00,36.0,20,9.5,37.3,0,0.0,0.0,0.0,0.0,0.0,0,1016.6,945.6,0,53260.0,6.3,21.6,madrid,2026-07-01T04:45:48.246320
2026-07-01T15:00,36.3,21,10.5,36.9,0,0.0,0.0,0.0,0.0,0.0,0,1016.0,945.1,11,52360.0,8.1,25.2,madrid,2026-07-01T04:45:48.246320
2026-07-01T16:00,36.1,21,10.3,35.7,0,0.0,0.0,0.0,0.0,0.0,0,1015.6,944.7,3,52020.0,9.3,27.4,madrid,2026-07-01T04:45:48.246320
2026-07-01T17:00,35.4,23,11.1,34.1,0,0.0,0.0,0.0,0.0,0.0,0,1015.4,944.3,11,50660.0,11.0,31.7,madrid,2026-07-01T04:45:48.246320
2026-07-01T18:00,34.4,24,10.9,32.9,0,0.0,0.0,0.0,0.0,0.0,1,1015.6,944.3,25,50540.0,11.9,32.8,madrid,2026-07-01T04:45:48.246320
2026-07-01T19:00,32.8,24,9.5,30.7,0,0.0,0.0,0.0,0.0,0.0,0,1016.3,944.6,0,51100.0,13.3,34.9,madrid,2026-07-01T04:45:48.246320
2026-07-01T20:00,29.6,29,9.6,27.0,0,0.0,0.0,0.0,0.0,0.0,0,1017.2,944.7,0,47460.0,17.1,44.3,madrid,2026-07-01T04:45:48.246320
2026-07-01T21:00,26.6,34,9.4,23.9,0,0.0,0.0,0.0,0.0,0.0,0,1019.2,945.8,6,44740.0,17.1,47.2,madrid,2026-07-01T04:45:48.246320
2026-07-01T22:00,24.2,38,8.9,21.2,0,0.0,0.0,0.0,0.0,0.0,1,1020.2,946.2,21,43580.0,18.1,47.9,madrid,2026-07-01T04:45:48.246320
2026-07-01T23:00,22.3,39,7.7,19.2,0,0.0,0.0,0.0,0.0,0.0,3,1021.5,947.0,65,38720.0,17.3,47.5,madrid,2026-07-01T04:45:48.246320
2026-07-01T00:00,24.7,58,15.9,25.9,0,0.0,0.0,0.0,0.0,0.0,1,1020.3,1018.2,11,40500.0,6.2,13.3,malaga,2026-07-01T04:45:50.950496
2026-07-01T01:00,24.3,57,15.2,25.1,0,0.0,0.0,0.0,0.0,0.0,0,1019.7,1017.6,0,40640.0,6.6,14.0,malaga,2026-07-01T04:45:50.950496
2026-07-01T02:00,23.9,56,14.6,24.6,0,0.0,0.0,0.0,0.0,0.0,0,1019.2,1017.1,2,40920.0,5.9,13.7,malaga,2026-07-01T04:45:50.950496
2026-07-01T03:00,23.7,55,14.2,24.3,0,0.0,0.0,0.0,0.0,0.0,0,1019.3,1017.2,0,41080.0,5.6,12.6,malaga,2026-07-01T04:45:50.950496
2026-07-01T04:00,23.3,57,14.3,23.8,0,0.0,0.0,0.0,0.0,0.0,0,1019.4,1017.3,7,40720.0,6.2,13.0,malaga,2026-07-01T04:45:50.950496
2026-07-01T05:00,23.1,58,14.4,23.6,0,0.0,0.0,0.0,0.0,0.0,0,1019.4,1017.3,0,40480.0,6.1,13.0,malaga,2026-07-01T04:45:50.950496
2026-07-01T06:00,23.7,59,15.2,24.6,0,0.0,0.0,0.0,0.0,0.0,0,1019.0,1016.9,0,40340.0,5.4,12.6,malaga,2026-07-01T04:45:50.950496
2026-07-01T07:00,26.1,57,17.0,28.1,0,0.0,0.0,0.0,0.0,0.0,0,1018.9,1016.8,0,40520.0,3.4,11.5,malaga,2026-07-01T04:45:50.950496
2026-07-01T08:00,28.6,46,15.8,30.0,0,0.0,0.0,0.0,0.0,0.0,0,1019.2,1017.1,0,41700.0,4.1,12.6,malaga,2026-07-01T04:45:50.950496
2026-07-01T09:00,30.3,43,16.3,31.8,0,0.0,0.0,0.0,0.0,0.0,0,1019.5,1017.4,0,41820.0,6.2,17.3,malaga,2026-07-01T04:45:50.950496
2026-07-01T10:00,30.9,41,16.1,32.7,0,0.0,0.0,0.0,0.0,0.0,0,1019.5,1017.4,5,41840.0,10.0,25.2,malaga,2026-07-01T04:45:50.950496
2026-07-01T11:00,30.8,43,16.8,33.5,0,0.0,0.0,0.0,0.0,0.0,0,1019.6,1017.5,0,41180.0,10.6,27.4,malaga,2026-07-01T04:45:50.950496
2026-07-01T12:00,31.0,47,18.4,34.5,0,0.0,0.0,0.0,0.0,0.0,0,1019.1,1017.0,0,40480.0,12.1,31.3,malaga,2026-07-01T04:45:50.950496
2026-07-01T13:00,30.9,50,19.3,34.9,0,0.0,0.0,0.0,0.0,0.0,0,1019.1,1017.0,1,40100.0,12.5,32.4,malaga,2026-07-01T04:45:50.950496
2026-07-01T14:00,30.8,51,19.5,34.8,0,0.0,0.0,0.0,0.0,0.0,0,1018.5,1016.4,0,39940.0,11.8,32.8,malaga,2026-07-01T04:45:50.950496
2026-07-01T15:00,30.9,50,19.3,34.6,0,0.0,0.0,0.0,0.0,0.0,0,1018.0,1015.9,1,40120.0,9.8,30.2,malaga,2026-07-01T04:45:50.950496
2026-07-01T16:00,30.9,47,18.3,33.4,0,0.0,0.0,0.0,0.0,0.0,1,1017.6,1015.5,44,40800.0,8.9,25.6,malaga,2026-07-01T04:45:50.950496
2026-07-01T17:00,30.4,47,17.9,32.2,0,0.0,0.0,0.0,0.0,0.0,1,1017.1,1015.0,21,41020.0,7.5,23.4,malaga,2026-07-01T04:45:50.950496
2026-07-01T18:00,29.7,49,17.8,31.7,0,0.0,0.0,0.0,0.0,0.0,0,1016.9,1014.8,1,40940.0,5.4,21.2,malaga,2026-07-01T04:45:50.950496
2026-07-01T19:00,28.7,52,17.9,30.8,0,0.0,0.0,0.0,0.0,0.0,0,1016.8,1014.7,0,40740.0,5.0,16.2,malaga,2026-07-01T04:45:50.950496
2026-07-01T20:00,27.4,59,18.7,30.4,0,0.0,0.0,0.0,0.0,0.0,0,1016.7,1014.6,0,40180.0,1.6,14.8,malaga,2026-07-01T04:45:50.950496
2026-07-01T21:00,26.8,63,19.2,29.9,0,0.0,0.0,0.0,0.0,0.0,0,1017.4,1015.3,0,39640.0,2.5,7.2,malaga,2026-07-01T04:45:50.950496
2026-07-01T22:00,25.9,63,18.4,28.4,0,0.0,0.0,0.0,0.0,0.0,0,1017.5,1015.4,2,39500.0,4.3,10.1,malaga,2026-07-01T04:45:50.950496
2026-07-01T23:00,25.2,54,15.2,26.2,0,0.0,0.0,0.0,0.0,0.0,1,1017.9,1015.8,10,41240.0,5.4,11.9,malaga,2026-07-01T04:45:50.950496
2026-07-01T00:00,23.3,63,15.9,24.5,0,0.0,0.0,0.0,0.0,0.0,0,1020.0,1011.7,1,39680.0,5.4,6.8,marbella,2026-07-01T04:45:53.424281
2026-07-01T01:00,23.0,56,13.7,23.3,0,0.0,0.0,0.0,0.0,0.0,0,1019.3,1011.0,0,40620.0,6.2,10.8,marbella,2026-07-01T04:45:53.424281
2026-07-01T02:00,23.1,54,13.3,23.5,0,0.0,0.0,0.0,0.0,0.0,0,1018.9,1010.6,0,40980.0,4.5,10.4,marbella,2026-07-01T04:45:53.424281
2026-07-01T03:00,22.9,58,14.2,23.7,0,0.0,0.0,0.0,0.0,0.0,0,1019.0,1010.7,0,40640.0,4.1,8.3,marbella,2026-07-01T04:45:53.424281
2026-07-01T04:00,22.8,60,14.6,23.8,0,0.0,0.0,0.0,0.0,0.0,0,1019.1,1010.8,0,40340.0,3.6,7.2,marbella,2026-07-01T04:45:53.424281
2026-07-01T05:00,22.4,60,14.3,23.1,0,0.0,0.0,0.0,0.0,0.0,0,1019.0,1010.7,0,40400.0,5.1,9.0,marbella,2026-07-01T04:45:53.424281
2026-07-01T06:00,22.6,60,14.4,23.4,0,0.0,0.0,0.0,0.0,0.0,0,1018.7,1010.4,0,40520.0,4.7,10.8,marbella,2026-07-01T04:45:53.424281
2026-07-01T07:00,23.7,61,15.7,25.6,0,0.0,0.0,0.0,0.0,0.0,0,1018.8,1010.5,0,39800.0,0.4,8.6,marbella,2026-07-01T04:45:53.424281
2026-07-01T08:00,24.1,69,18.0,26.5,0,0.0,0.0,0.0,0.0,0.0,0,1019.1,1010.8,0,36580.0,3.6,9.0,marbella,2026-07-01T04:45:53.424281
2026-07-01T09:00,24.8,70,18.9,27.7,0,0.0,0.0,0.0,0.0,0.0,0,1019.7,1011.4,0,35180.0,4.4,11.5,marbella,2026-07-01T04:45:53.424281
2026-07-01T10:00,25.3,69,19.2,29.4,0,0.0,0.0,0.0,0.0,0.0,0,1019.5,1011.3,1,35120.0,4.7,11.9,marbella,2026-07-01T04:45:53.424281
2026-07-01T11:00,26.0,71,20.3,31.2,0,0.0,0.0,0.0,0.0,0.0,0,1019.5,1011.3,3,33180.0,6.0,13.7,marbella,2026-07-01T04:45:53.424281
2026-07-01T12:00,26.5,69,20.4,32.0,0,0.0,0.0,0.0,0.0,0.0,0,1018.9,1010.7,0,33620.0,7.2,15.8,marbella,2026-07-01T04:45:53.424281
2026-07-01T13:00,27.0,65,19.9,32.0,0,0.0,0.0,0.0,0.0,0.0,0,1018.9,1010.7,0,36300.0,9.2,19.4,marbella,2026-07-01T04:45:53.424281
2026-07-01T14:00,27.5,61,19.3,31.8,0,0.0,0.0,0.0,0.0,0.0,0,1018.3,1010.1,0,38300.0,9.8,20.5,marbella,2026-07-01T04:45:53.424281
2026-07-01T15:00,27.5,60,19.1,31.4,0,0.0,0.0,0.0,0.0,0.0,0,1017.7,1009.5,3,38780.0,8.8,20.5,marbella,2026-07-01T04:45:53.424281
2026-07-01T16:00,27.6,56,18.0,30.2,0,0.0,0.0,0.0,0.0,0.0,1,1017.3,1009.1,14,39640.0,8.4,18.4,marbella,2026-07-01T04:45:53.424281
2026-07-01T17:00,27.3,55,17.5,29.0,0,0.0,0.0,0.0,0.0,0.0,1,1016.7,1008.5,30,39900.0,6.6,17.6,marbella,2026-07-01T04:45:53.424281
2026-07-01T18:00,26.5,59,17.8,28.6,0,0.0,0.0,0.0,0.0,0.0,1,1016.5,1008.3,42,39060.0,4.6,14.8,marbella,2026-07-01T04:45:53.424281
2026-07-01T19:00,25.4,63,17.9,27.9,0,0.0,0.0,0.0,0.0,0.0,0,1016.7,1008.5,5,37400.0,2.5,10.8,marbella,2026-07-01T04:45:53.424281
2026-07-01T20:00,24.2,72,18.8,27.3,0,0.0,0.0,0.0,0.0,0.0,0,1016.6,1008.3,0,34540.0,1.0,6.1,marbella,2026-07-01T04:45:53.424281
2026-07-01T21:00,23.8,70,18.0,26.4,0,0.0,0.0,0.0,0.0,0.0,0,1017.2,1008.9,0,34800.0,2.5,5.4,marbella,2026-07-01T04:45:53.424281
2026-07-01T22:00,23.7,62,16.0,25.3,0,0.0,0.0,0.0,0.0,0.0,0,1017.4,1009.1,5,37300.0,3.6,6.5,marbella,2026-07-01T04:45:53.424281
2026-07-01T23:00,23.7,52,13.3,24.1,0,0.0,0.0,0.0,0.0,0.0,0,1017.5,1009.2,0,40700.0,4.8,8.6,marbella,2026-07-01T04:45:53.424281
2026-07-01T00:00,25.1,88,22.9,30.2,0,0.0,0.0,0.0,0.0,0.0,0,1019.8,1014.0,0,23640.0,2.1,5.4,palma_de_mallorca,2026-07-01T04:46:31.070215
2026-07-01T01:00,24.7,88,22.6,29.6,0,0.0,0.0,0.0,0.0,0.0,0,1019.3,1013.5,0,24280.0,1.9,5.4,palma_de_mallorca,2026-07-01T04:46:31.070215
2026-07-01T02:00,24.6,86,22.1,29.4,0,0.0,0.0,0.0,0.0,0.0,1,1018.5,1012.7,13,26720.0,1.1,3.2,palma_de_mallorca,2026-07-01T04:46:31.070215
2026-07-01T03:00,24.5,78,20.4,28.3,0,0.0,0.0,0.0,0.0,0.0,1,1018.5,1012.7,22,34180.0,1.8,2.9,palma_de_mallorca,2026-07-01T04:46:31.070215
2026-07-01T04:00,24.1,73,19.0,27.2,0,0.0,0.0,0.0,0.0,0.0,1,1018.7,1012.9,19,37920.0,2.3,4.0,palma_de_mallorca,2026-07-01T04:46:31.070215
2026-07-01T05:00,23.9,74,19.0,26.8,0,0.0,0.0,0.0,0.0,0.0,1,1019.2,1013.4,16,37040.0,2.9,5.0,palma_de_mallorca,2026-07-01T04:46:31.070215
2026-07-01T06:00,24.6,75,19.9,28.0,0,0.0,0.0,0.0,0.0,0.0,1,1019.0,1013.2,6,35460.0,2.4,5.4,palma_de_mallorca,2026-07-01T04:46:31.070215
2026-07-01T07:00,26.4,64,19.0,29.5,0,0.0,0.0,0.0,0.0,0.0,0,1019.0,1013.2,0,39160.0,1.5,3.6,palma_de_mallorca,2026-07-01T04:46:31.070215
2026-07-01T08:00,27.8,57,18.5,30.5,0,0.0,0.0,0.0,0.0,0.0,0,1019.4,1013.6,0,40640.0,3.4,8.3,palma_de_mallorca,2026-07-01T04:46:31.070215
2026-07-01T09:00,29.1,58,20.0,32.7,0,0.0,0.0,0.0,0.0,0.0,1,1019.6,1013.9,24,40260.0,5.9,13.7,palma_de_mallorca,2026-07-01T04:46:31.070215
2026-07-01T10:00,29.8,64,22.3,35.0,0,0.0,0.0,0.0,0.0,0.0,1,1019.5,1013.8,34,36620.0,7.9,18.7,palma_de_mallorca,2026-07-01T04:46:31.070215
2026-07-01T11:00,30.1,62,22.0,35.7,0,0.0,0.0,0.0,0.0,0.0,1,1019.1,1013.4,41,38280.0,6.6,19.1,palma_de_mallorca,2026-07-01T04:46:31.070215
2026-07-01T12:00,30.6,56,20.8,36.0,0,0.0,0.0,0.0,0.0,0.0,1,1018.6,1012.9,22,39660.0,6.3,15.8,palma_de_mallorca,2026-07-01T04:46:31.070215
2026-07-01T13:00,31.1,49,19.2,35.5,0,0.0,0.0,0.0,0.0,0.0,1,1018.3,1012.6,29,41340.0,8.6,20.5,palma_de_mallorca,2026-07-01T04:46:31.070215
2026-07-01T14:00,31.3,43,17.3,34.3,0,0.0,0.0,0.0,0.0,0.0,1,1018.0,1012.3,4,42360.0,9.0,21.6,palma_de_mallorca,2026-07-01T04:46:31.070215
2026-07-01T15:00,31.2,44,17.5,33.6,0,0.0,0.0,0.0,0.0,0.0,1,1017.3,1011.6,43,42220.0,9.4,20.2,palma_de_mallorca,2026-07-01T04:46:31.070215
2026-07-01T16:00,30.5,48,18.3,32.5,0,0.0,0.0,0.0,0.0,0.0,0,1017.2,1011.5,23,41580.0,8.5,20.9,palma_de_mallorca,2026-07-01T04:46:31.070215
2026-07-01T17:00,29.1,54,18.9,31.8,0,0.0,0.0,0.0,0.0,0.0,0,1017.3,1011.6,20,40820.0,4.4,23.4,palma_de_mallorca,2026-07-01T04:46:31.070215
2026-07-01T18:00,28.2,52,17.4,29.7,0,0.0,0.0,0.0,0.0,0.0,0,1017.5,1011.8,12,40920.0,8.1,15.5,palma_de_mallorca,2026-07-01T04:46:31.070215
2026-07-01T19:00,27.3,58,18.3,29.6,0,0.0,0.0,0.0,0.0,0.0,1,1017.9,1012.1,8,40480.0,5.1,15.5,palma_de_mallorca,2026-07-01T04:46:31.070215
2026-07-01T20:00,26.6,59,18.0,28.3,0,0.0,0.0,0.0,0.0,0.0,2,1018.5,1012.7,51,39960.0,8.1,17.3,palma_de_mallorca,2026-07-01T04:46:31.070215
2026-07-01T21:00,26.0,61,17.9,27.4,0,0.0,0.0,0.0,0.0,0.0,1,1019.5,1013.7,40,40020.0,10.5,20.9,palma_de_mallorca,2026-07-01T04:46:31.070215
2026-07-01T22:00,25.3,63,17.7,26.8,0,0.0,0.0,0.0,0.0,0.0,2,1019.6,1013.8,40,39660.0,8.9,19.8,palma_de_mallorca,2026-07-01T04:46:31.070215
2026-07-01T23:00,25.0,63,17.4,27.2,0,0.0,0.0,0.0,0.0,0.0,2,1019.9,1014.1,24,39800.0,2.9,17.6,palma_de_mallorca,2026-07-01T04:46:31.070215
2026-07-01T00:00,22.9,66,16.2,24.3,0,0.0,0.0,0.0,0.0,0.0,1,1019.7,996.6,30,38720.0,4.8,7.9,sabadell,2026-07-01T04:46:33.541971
2026-07-01T01:00,22.3,65,15.4,23.3,0,0.0,0.0,0.0,0.0,0.0,2,1019.2,996.1,59,38920.0,5.2,8.6,sabadell,2026-07-01T04:46:33.541971
2026-07-01T02:00,22.0,65,15.1,23.0,0,0.0,0.0,0.0,0.0,0.0,2,1018.4,995.3,45,39000.0,4.7,9.0,sabadell,2026-07-01T04:46:33.541971
2026-07-01T03:00,21.5,68,15.3,22.6,0,0.0,0.0,0.0,0.0,0.0,1,1018.5,995.3,32,38060.0,4.4,8.6,sabadell,2026-07-01T04:46:33.541971
2026-07-01T04:00,20.8,71,15.4,22.0,0,0.0,0.0,0.0,0.0,0.0,1,1018.4,995.2,25,37160.0,4.3,8.6,sabadell,2026-07-01T04:46:33.541971
2026-07-01T05:00,20.5,70,14.8,21.5,0,0.0,0.0,0.0,0.0,0.0,0,1018.9,995.6,0,37480.0,4.4,9.7,sabadell,2026-07-01T04:46:33.541971
2026-07-01T06:00,22.4,65,15.5,23.8,0,0.0,0.0,0.0,0.0,0.0,0,1018.8,995.7,0,39000.0,2.7,8.6,sabadell,2026-07-01T04:46:33.541971
2026-07-01T07:00,25.8,51,14.9,26.9,0,0.0,0.0,0.0,0.0,0.0,0,1018.9,996.0,0,41040.0,3.2,8.6,sabadell,2026-07-01T04:46:33.541971
2026-07-01T08:00,26.6,60,18.2,28.7,0,0.0,0.0,0.0,0.0,0.0,2,1019.3,996.5,60,39060.0,5.9,14.0,sabadell,2026-07-01T04:46:33.541971
2026-07-01T09:00,28.1,57,18.8,30.0,0,0.0,0.0,0.0,0.0,0.0,2,1019.3,996.6,72,39700.0,9.7,23.0,sabadell,2026-07-01T04:46:33.541971
2026-07-01T10:00,27.6,60,19.1,29.1,0,0.0,0.0,0.0,0.0,0.0,2,1019.7,997.0,59,38180.0,15.5,36.0,sabadell,2026-07-01T04:46:33.541971
2026-07-01T11:00,28.2,52,17.4,29.4,0,0.0,0.0,0.0,0.0,0.0,2,1019.3,996.6,50,40400.0,15.3,36.4,sabadell,2026-07-01T04:46:33.541971
2026-07-01T12:00,28.9,54,18.7,31.5,0,0.0,0.0,0.0,0.0,0.0,1,1018.9,996.3,33,39800.0,15.5,36.7,sabadell,2026-07-01T04:46:33.541971
2026-07-01T13:00,29.0,51,17.8,31.3,0,0.0,0.0,0.0,0.0,0.0,1,1018.6,996.0,36,40280.0,15.8,37.1,sabadell,2026-07-01T04:46:33.541971
2026-07-01T14:00,28.6,54,18.4,30.7,0,0.0,0.0,0.0,0.0,0.0,2,1018.5,995.9,53,39720.0,16.8,38.9,sabadell,2026-07-01T04:46:33.541971
2026-07-01T15:00,28.0,58,19.0,29.8,0,0.0,0.0,0.0,0.0,0.0,2,1018.0,995.3,49,38720.0,16.8,40.3,sabadell,2026-07-01T04:46:33.541971
2026-07-01T16:00,27.1,64,19.7,28.3,0,0.0,0.0,0.0,0.0,0.0,3,1018.1,995.4,100,36700.0,17.1,39.2,sabadell,2026-07-01T04:46:33.541971
2026-07-01T17:00,26.3,66,19.5,27.8,0,0.0,0.0,0.0,0.0,0.0,2,1018.2,995.4,61,36540.0,14.6,38.5,sabadell,2026-07-01T04:46:33.541971
2026-07-01T18:00,25.6,69,19.5,27.4,0,0.0,0.0,0.0,0.0,0.0,2,1018.4,995.5,69,35800.0,12.3,32.8,sabadell,2026-07-01T04:46:33.541971
2026-07-01T19:00,24.8,73,19.7,27.4,0,0.0,0.0,0.0,0.0,0.0,2,1018.9,996.0,64,35020.0,7.6,27.7,sabadell,2026-07-01T04:46:33.541971
2026-07-01T20:00,24.1,75,19.4,27.3,0,0.0,0.0,0.0,0.0,0.0,2,1019.2,996.2,54,34900.0,3.0,15.5,sabadell,2026-07-01T04:46:33.541971
2026-07-01T21:00,23.6,79,19.8,27.1,0,0.0,0.0,0.0,0.0,0.0,2,1020.0,997.0,56,34000.0,1.8,4.3,sabadell,2026-07-01T04:46:33.541971
2026-07-01T22:00,22.8,83,19.8,26.1,0,0.0,0.0,0.0,0.0,0.0,3,1020.1,997.0,95,29840.0,3.2,4.3,sabadell,2026-07-01T04:46:33.541971
2026-07-01T23:00,22.3,86,19.9,25.5,3,0.0,0.0,0.0,0.0,0.0,3,1020.4,997.2,96,25820.0,4.2,6.8,sabadell,2026-07-01T04:46:33.541971
2026-07-01T00:00,21.4,74,16.7,23.0,88,0.0,0.0,0.0,0.0,0.0,3,1014.1,834.3,96,25940.0,4.8,16.9,salamanca,2026-07-01T04:48:36.637275
2026-07-01T01:00,18.7,89,16.8,20.0,91,1.4,0.0,1.4,0.0,0.0,95,1015.8,834.3,98,2680.0,7.5,13.3,salamanca,2026-07-01T04:48:36.637275
2026-07-01T02:00,17.5,93,16.3,19.3,90,6.6,0.5,6.1,0.0,0.0,96,1017.6,835.0,100,1900.0,2.4,18.0,salamanca,2026-07-01T04:48:36.637275
2026-07-01T03:00,17.4,95,16.6,18.8,86,3.5,1.7,1.8,0.0,0.0,81,1017.6,835.0,100,2340.0,6.1,18.7,salamanca,2026-07-01T04:48:36.637275
2026-07-01T04:00,17.5,96,16.8,19.4,78,1.9,0.7,1.2,0.0,0.0,95,1018.2,835.5,91,3300.0,2.8,12.2,salamanca,2026-07-01T04:48:36.637275
2026-07-01T05:00,17.2,98,16.9,18.7,66,0.7,0.3,0.4,0.0,0.0,53,1018.6,835.7,86,5280.0,5.7,10.4,salamanca,2026-07-01T04:48:36.637275
2026-07-01T06:00,16.8,99,16.6,18.4,55,0.4,0.1,0.3,0.0,0.0,51,1018.1,835.1,50,6200.0,4.9,10.1,salamanca,2026-07-01T04:48:36.637275
2026-07-01T07:00,16.4,100,16.4,18.3,44,0.1,0.1,0.0,0.0,0.0,51,1017.9,834.7,45,7580.0,1.8,8.6,salamanca,2026-07-01T04:48:36.637275
2026-07-01T08:00,16.2,100,16.1,18.0,33,0.1,0.1,0.0,0.0,0.0,51,1017.5,834.2,97,640.0,1.9,3.2,salamanca,2026-07-01T04:48:36.637275
2026-07-01T09:00,15.8,100,15.7,17.2,25,0.0,0.0,0.0,0.0,0.0,3,1016.7,833.3,100,220.0,3.5,6.1,salamanca,2026-07-01T04:48:36.637275
2026-07-01T10:00,15.5,100,15.5,16.7,23,0.0,0.0,0.0,0.0,0.0,3,1016.9,833.3,100,160.0,4.2,9.7,salamanca,2026-07-01T04:48:36.637275
2026-07-01T11:00,15.4,100,15.4,16.8,25,0.0,0.0,0.0,0.0,0.0,3,1017.6,833.9,100,120.0,2.7,9.4,salamanca,2026-07-01T04:48:36.637275
2026-07-01T12:00,15.5,99,15.4,16.9,25,0.0,0.0,0.0,0.0,0.0,3,1017.9,834.2,100,140.0,2.6,8.6,salamanca,2026-07-01T04:48:36.637275
2026-07-01T13:00,15.8,98,15.5,17.0,22,0.0,0.0,0.0,0.0,0.0,3,1018.3,834.7,100,380.0,4.0,10.8,salamanca,2026-07-01T04:48:36.637275
2026-07-01T14:00,16.8,95,16.0,18.5,17,0.0,0.0,0.0,0.0,0.0,2,1018.5,835.4,61,820.0,2.2,11.2,salamanca,2026-07-01T04:48:36.637275
2026-07-01T15:00,19.0,80,15.5,19.8,16,0.0,0.0,0.0,0.0,0.0,2,1018.1,836.3,61,20480.0,7.1,19.8,salamanca,2026-07-01T04:48:36.637275
2026-07-01T16:00,20.4,74,15.7,21.6,19,0.0,0.0,0.0,0.0,0.0,2,1017.8,836.8,61,20600.0,5.1,20.5,salamanca,2026-07-01T04:48:36.637275
2026-07-01T17:00,21.1,72,15.9,23.4,26,0.1,0.0,0.1,0.0,0.0,51,1017.4,836.9,38,10820.0,2.8,19.1,salamanca,2026-07-01T04:48:36.637275
2026-07-01T18:00,22.3,66,15.6,25.9,35,0.1,0.0,0.1,0.0,0.0,51,1015.8,836.2,15,10380.0,3.7,20.5,salamanca,2026-07-01T04:48:36.637275
2026-07-01T19:00,22.9,62,15.3,26.9,48,0.1,0.1,0.0,0.0,0.0,51,1014.6,835.5,48,14460.0,3.2,20.9,salamanca,2026-07-01T04:48:36.637275
2026-07-01T20:00,23.4,59,15.1,26.3,63,0.1,0.0,0.1,0.0,0.0,51,1013.6,835.0,87,8860.0,3.4,18.0,salamanca,2026-07-01T04:48:36.637275
2026-07-01T21:00,23.5,61,15.6,25.2,76,0.3,0.2,0.1,0.0,0.0,51,1012.7,834.3,91,5200.0,5.0,18.4,salamanca,2026-07-01T04:48:36.637275
2026-07-01T22:00,18.9,90,17.1,19.3,85,5.3,0.1,5.2,0.0,0.0,96,1014.5,833.3,91,3100.0,13.9,36.7,salamanca,2026-07-01T04:48:36.637275
2026-07-01T23:00,19.3,84,16.5,20.8,91,0.8,0.8,0.0,0.0,0.0,53,1014.2,833.3,91,6340.0,5.1,29.2,salamanca,2026-07-01T04:48:36.637275
2026-07-01T00:00,27.0,54,16.9,28.4,0,0.0,0.0,0.0,0.0,0.0,0,1017.6,1015.5,0,41220.0,6.6,14.4,seville,2026-07-01T04:48:39.138531
2026-07-01T01:00,25.8,61,17.7,27.4,0,0.0,0.0,0.0,0.0,0.0,0,1017.2,1015.1,0,33480.0,8.4,19.1,seville,2026-07-01T04:48:39.138531
2026-07-01T02:00,25.1,68,18.7,27.2,0,0.0,0.0,0.0,0.0,0.0,0,1016.9,1014.8,0,33960.0,7.6,18.7,seville,2026-07-01T04:48:39.138531
2026-07-01T03:00,24.8,69,18.7,27.2,0,0.0,0.0,0.0,0.0,0.0,0,1017.0,1014.9,0,37540.0,5.7,16.9,seville,2026-07-01T04:48:39.138531
2026-07-01T04:00,24.4,68,18.1,26.9,0,0.0,0.0,0.0,0.0,0.0,0,1017.3,1015.2,0,38360.0,3.3,13.0,seville,2026-07-01T04:48:39.138531
2026-07-01T05:00,24.2,68,17.9,26.8,0,0.0,0.0,0.0,0.0,0.0,0,1017.7,1015.6,0,38940.0,1.5,7.6,seville,2026-07-01T04:48:39.138531
2026-07-01T06:00,23.6,69,17.6,25.9,0,0.0,0.0,0.0,0.0,0.0,0,1017.6,1015.5,0,38160.0,2.7,5.8,seville,2026-07-01T04:48:39.138531
2026-07-01T07:00,25.3,67,18.7,27.9,0,0.0,0.0,0.0,0.0,0.0,0,1017.8,1015.7,0,37980.0,4.1,10.8,seville,2026-07-01T04:48:39.138531
2026-07-01T08:00,27.8,54,17.6,30.0,0,0.0,0.0,0.0,0.0,0.0,0,1018.2,1016.1,0,40580.0,3.7,12.2,seville,2026-07-01T04:48:39.138531
2026-07-01T09:00,30.2,43,16.3,32.4,0,0.0,0.0,0.0,0.0,0.0,0,1018.4,1016.3,3,41940.0,0.4,10.4,seville,2026-07-01T04:48:39.138531
2026-07-01T10:00,32.7,35,15.2,35.4,0,0.0,0.0,0.0,0.0,0.0,0,1017.9,1015.9,0,43800.0,1.8,8.6,seville,2026-07-01T04:48:39.138531
2026-07-01T11:00,34.9,31,15.2,38.1,0,0.0,0.0,0.0,0.0,0.0,0,1017.4,1015.4,0,45660.0,3.5,11.9,seville,2026-07-01T04:48:39.138531
2026-07-01T12:00,36.8,27,14.8,40.3,0,0.0,0.0,0.0,0.0,0.0,0,1016.4,1014.4,0,47800.0,4.3,13.3,seville,2026-07-01T04:48:39.138531
2026-07-01T13:00,38.6,23,13.8,41.7,0,0.0,0.0,0.0,0.0,0.0,0,1015.8,1013.8,0,50540.0,5.0,14.0,seville,2026-07-01T04:48:39.138531
2026-07-01T14:00,40.0,21,13.5,42.7,0,0.0,0.0,0.0,0.0,0.0,0,1015.0,1013.0,0,52380.0,5.4,15.5,seville,2026-07-01T04:48:39.138531
2026-07-01T15:00,40.9,18,11.9,42.5,0,0.0,0.0,0.0,0.0,0.0,1,1014.1,1012.1,11,56260.0,5.7,15.8,seville,2026-07-01T04:48:39.138531
2026-07-01T16:00,41.4,16,10.5,41.3,0,0.0,0.0,0.0,0.0,0.0,0,1013.2,1011.2,11,59080.0,8.3,20.9,seville,2026-07-01T04:48:39.138531
2026-07-01T17:00,41.2,17,11.3,40.2,0,0.0,0.0,0.0,0.0,0.0,1,1012.7,1010.7,29,58180.0,9.2,23.0,seville,2026-07-01T04:48:39.138531
2026-07-01T18:00,38.7,22,13.2,37.1,0,0.0,0.0,0.0,0.0,0.0,0,1012.8,1010.8,0,52720.0,18.0,42.1,seville,2026-07-01T04:48:39.138531
2026-07-01T19:00,35.8,24,12.1,34.1,0,0.0,0.0,0.0,0.0,0.0,3,1013.3,1011.3,81,51460.0,15.9,41.4,seville,2026-07-01T04:48:39.138531
2026-07-01T20:00,33.5,29,13.1,32.7,0,0.0,0.0,0.0,0.0,0.0,2,1013.5,1011.5,83,48020.0,11.9,36.0,seville,2026-07-01T04:48:39.138531
2026-07-01T21:00,31.4,32,12.7,30.8,0,0.0,0.0,0.0,0.0,0.0,0,1014.6,1012.6,2,46400.0,9.4,26.6,seville,2026-07-01T04:48:39.138531
2026-07-01T22:00,29.9,36,13.2,29.8,0,0.0,0.0,0.0,0.0,0.0,1,1014.9,1012.8,21,44720.0,7.6,20.9,seville,2026-07-01T04:48:39.138531
2026-07-01T23:00,28.8,39,13.4,28.9,0,0.0,0.0,0.0,0.0,0.0,0,1015.3,1013.2,1,43620.0,6.7,16.6,seville,2026-07-01T04:48:39.138531
2026-07-01T00:00,24.9,83,21.8,28.7,45,0.0,0.0,0.0,0.0,0.0,3,1012.6,959.8,100,8900.0,6.9,22.3,valencia,2026-07-01T04:48:41.598991
2026-07-01T01:00,24.8,83,21.8,28.6,39,0.1,0.1,0.0,0.0,0.0,51,1013.1,960.2,100,24020.0,6.1,14.8,valencia,2026-07-01T04:48:41.598991
2026-07-01T02:00,24.5,84,21.7,28.5,29,0.0,0.0,0.0,0.0,0.0,3,1013.5,960.5,100,20720.0,5.1,14.0,valencia,2026-07-01T04:48:41.598991
2026-07-01T03:00,24.3,85,21.6,28.1,22,0.0,0.0,0.0,0.0,0.0,3,1013.9,960.9,99,17280.0,5.5,11.9,valencia,2026-07-01T04:48:41.598991
2026-07-01T04:00,24.1,86,21.6,28.1,18,0.0,0.0,0.0,0.0,0.0,3,1013.9,960.9,100,12720.0,5.0,12.2,valencia,2026-07-01T04:48:41.598991
2026-07-01T05:00,23.8,87,21.5,27.8,16,0.0,0.0,0.0,0.0,0.0,3,1013.4,960.3,100,11140.0,4.0,11.2,valencia,2026-07-01T04:48:41.598991
2026-07-01T06:00,23.7,86,21.3,27.7,16,0.1,0.1,0.0,0.0,0.0,51,1013.0,959.9,94,12900.0,3.3,9.0,valencia,2026-07-01T04:48:41.598991
2026-07-01T07:00,23.5,86,21.0,27.1,18,0.0,0.0,0.0,0.0,0.0,3,1012.4,959.3,94,10400.0,4.9,11.2,valencia,2026-07-01T04:48:41.598991
2026-07-01T08:00,23.3,87,21.0,27.1,22,0.1,0.1,0.0,0.0,0.0,51,1012.5,959.4,87,13180.0,3.6,11.5,valencia,2026-07-01T04:48:41.598991
2026-07-01T09:00,23.1,89,21.1,26.9,25,0.0,0.0,0.0,0.0,0.0,1,1012.9,959.7,42,9200.0,3.5,9.0,valencia,2026-07-01T04:48:41.598991
2026-07-01T10:00,22.9,89,21.0,26.5,24,0.1,0.1,0.0,0.0,0.0,51,1012.9,959.7,25,10500.0,5.5,12.2,valencia,2026-07-01T04:48:41.598991
2026-07-01T11:00,23.1,88,21.0,26.7,22,0.1,0.1,0.0,0.0,0.0,51,1013.3,960.1,42,13360.0,5.5,12.2,valencia,2026-07-01T04:48:41.598991
2026-07-01T12:00,24.2,83,21.2,28.1,25,0.1,0.1,0.0,0.0,0.0,51,1013.8,960.8,47,4740.0,3.7,13.0,valencia,2026-07-01T04:48:41.598991
2026-07-01T13:00,25.2,79,21.2,29.1,38,0.3,0.3,0.0,0.0,0.0,51,1014.0,961.1,23,9260.0,3.7,14.0,valencia,2026-07-01T04:48:41.598991
2026-07-01T14:00,26.6,70,20.7,30.4,55,0.2,0.1,0.1,0.0,0.0,51,1014.2,961.6,54,6960.0,3.5,16.9,valencia,2026-07-01T04:48:41.598991
2026-07-01T15:00,27.5,68,21.1,32.3,71,0.3,0.3,0.0,0.0,0.0,51,1013.7,961.2,41,11100.0,0.8,18.4,valencia,2026-07-01T04:48:41.598991
2026-07-01T16:00,28.6,65,21.3,33.8,82,0.2,0.1,0.1,0.0,0.0,51,1013.2,960.9,98,9180.0,5.3,25.9,valencia,2026-07-01T04:48:41.598991
2026-07-01T17:00,29.2,63,21.5,34.8,92,0.0,0.0,0.0,0.0,0.0,1,1012.4,960.3,43,13220.0,5.1,26.3,valencia,2026-07-01T04:48:41.598991
2026-07-01T18:00,30.3,58,21.2,35.5,98,0.0,0.0,0.0,0.0,0.0,3,1011.5,959.6,100,7420.0,6.5,27.4,valencia,2026-07-01T04:48:41.598991
2026-07-01T19:00,28.9,64,21.4,32.9,100,0.2,0.1,0.1,0.0,0.0,51,1010.4,958.3,91,7860.0,6.4,27.0,valencia,2026-07-01T04:48:41.598991
2026-07-01T20:00,28.6,66,21.5,32.6,100,0.1,0.0,0.1,0.0,0.0,51,1009.7,957.6,88,8020.0,4.2,25.9,valencia,2026-07-01T04:48:41.598991
2026-07-01T21:00,26.2,76,21.5,29.5,100,1.4,0.9,0.5,0.0,0.0,80,1010.1,957.6,91,2720.0,8.7,26.3,valencia,2026-07-01T04:48:41.598991
2026-07-01T22:00,25.2,81,21.7,28.9,99,0.9,0.7,0.2,0.0,0.0,53,1010.6,957.9,65,14800.0,6.7,27.7,valencia,2026-07-01T04:48:41.598991
2026-07-01T23:00,25.3,80,21.5,29.3,97,0.0,0.0,0.0,0.0,0.0,2,1011.2,958.5,57,19760.0,4.3,16.9,valencia,2026-07-01T04:48:41.598991
2026-07-01T00:00,25.7,91,24.1,30.5,90,1.0,0.5,0.5,0.0,0.0,55,1010.3,1010.3,80,7180.0,8.9,23.0,colombo,2026-07-01T04:48:44.083275
2026-07-01T01:00,25.6,94,24.7,31.3,89,0.4,0.2,0.2,0.0,0.0,51,1010.7,1010.7,55,10840.0,5.8,21.2,colombo,2026-07-01T04:48:44.083275
2026-07-01T02:00,26.4,93,25.3,32.5,83,0.9,0.6,0.3,0.0,0.0,95,1011.5,1011.5,63,9100.0,5.9,18.4,colombo,2026-07-01T04:48:44.083275
2026-07-01T03:00,27.5,86,25.0,33.1,78,0.1,0.1,0.0,0.0,0.0,51,1012.0,1012.0,59,14420.0,7.7,24.8,colombo,2026-07-01T04:48:44.083275
2026-07-01T04:00,28.6,78,24.4,33.2,75,0.0,0.0,0.0,0.0,0.0,1,1012.1,1012.1,24,14480.0,12.2,36.0,colombo,2026-07-01T04:48:44.083275
2026-07-01T05:00,29.1,76,24.5,34.2,73,0.1,0.1,0.0,0.0,0.0,51,1011.9,1011.9,31,18460.0,14.5,40.7,colombo,2026-07-01T04:48:44.083275
2026-07-01T06:00,29.2,76,24.5,34.7,71,0.0,0.0,0.0,0.0,0.0,1,1011.5,1011.5,28,20420.0,15.1,41.0,colombo,2026-07-01T04:48:44.083275
2026-07-01T07:00,29.3,75,24.4,35.1,71,0.1,0.0,0.1,0.0,0.0,51,1010.9,1010.9,48,14320.0,16.0,42.5,colombo,2026-07-01T04:48:44.083275
2026-07-01T08:00,29.3,74,24.3,35.0,71,0.0,0.0,0.0,0.0,0.0,1,1010.1,1010.1,23,18400.0,16.1,43.6,colombo,2026-07-01T04:48:44.083275
2026-07-01T09:00,29.2,74,24.2,34.1,71,0.1,0.0,0.1,0.0,0.0,51,1009.2,1009.2,22,14900.0,16.5,41.0,colombo,2026-07-01T04:48:44.083275
2026-07-01T10:00,28.9,74,23.9,33.0,70,0.1,0.0,0.1,0.0,0.0,51,1008.4,1008.4,35,9700.0,16.2,40.7,colombo,2026-07-01T04:48:44.083275
2026-07-01T11:00,28.6,75,23.8,32.3,67,0.1,0.0,0.1,0.0,0.0,51,1008.3,1008.3,15,12660.0,16.0,39.6,colombo,2026-07-01T04:48:44.083275
2026-07-01T12:00,28.3,77,23.9,32.3,61,0.1,0.1,0.0,0.0,0.0,51,1008.5,1008.5,27,12740.0,14.1,37.8,colombo,2026-07-01T04:48:44.083275
2026-07-01T13:00,27.9,79,23.8,31.7,47,0.1,0.0,0.1,0.0,0.0,51,1009.0,1009.0,28,12260.0,14.7,31.0,colombo,2026-07-01T04:48:44.083275
2026-07-01T14:00,27.8,79,23.9,32.0,30,0.0,0.0,0.0,0.0,0.0,1,1009.7,1009.7,22,15960.0,12.4,29.9,colombo,2026-07-01T04:48:44.083275
2026-07-01T15:00,27.8,79,23.9,31.9,16,0.0,0.0,0.0,0.0,0.0,1,1010.6,1010.6,20,12100.0,12.8,25.9,colombo,2026-07-01T04:48:44.083275
2026-07-01T16:00,27.5,81,23.9,31.7,10,0.1,0.1,0.0,0.0,0.0,51,1011.3,1011.3,65,8800.0,13.2,26.3,colombo,2026-07-01T04:48:44.083275
2026-07-01T17:00,27.4,82,24.1,31.8,8,0.1,0.1,0.0,0.0,0.0,51,1011.5,1011.5,81,8760.0,12.4,26.6,colombo,2026-07-01T04:48:44.083275
2026-07-01T18:00,27.3,83,24.2,31.9,8,0.1,0.1,0.0,0.0,0.0,51,1011.4,1011.4,97,14760.0,11.1,24.8,colombo,2026-07-01T04:48:44.083275
2026-07-01T19:00,27.2,84,24.2,31.9,9,0.0,0.0,0.0,0.0,0.0,3,1010.7,1010.7,100,16340.0,10.4,22.3,colombo,2026-07-01T04:48:44.083275
2026-07-01T20:00,26.9,85,24.2,31.6,12,0.1,0.1,0.0,0.0,0.0,51,1010.0,1010.0,95,9480.0,10.6,21.2,colombo,2026-07-01T04:48:44.083275
2026-07-01T21:00,26.9,85,24.2,31.5,14,0.1,0.1,0.0,0.0,0.0,51,1009.4,1009.4,98,7940.0,11.0,22.0,colombo,2026-07-01T04:48:44.083275
2026-07-01T22:00,26.6,87,24.2,31.2,12,0.1,0.1,0.0,0.0,0.0,51,1009.1,1009.1,77,9720.0,11.4,23.4,colombo,2026-07-01T04:48:44.083275
2026-07-01T23:00,26.7,86,24.2,31.4,10,0.1,0.1,0.0,0.0,0.0,51,1009.0,1009.0,77,9500.0,10.8,23.0,colombo,2026-07-01T04:48:44.083275
2026-07-01T00:00,18.3,78,14.4,18.0,0,0.0,0.0,0.0,0.0,0.0,3,1020.6,1019.6,100,43260.0,12.2,26.3,stockholm,2026-07-01T04:49:21.738745
2026-07-01T01:00,18.0,81,14.7,17.9,0,0.0,0.0,0.0,0.0,0.0,3,1020.3,1019.3,93,43260.0,11.9,22.7,stockholm,2026-07-01T04:49:21.738745
2026-07-01T02:00,17.6,83,14.7,17.7,0,0.0,0.0,0.0,0.0,0.0,2,1019.9,1018.9,53,43260.0,9.7,21.2,stockholm,2026-07-01T04:49:21.738745
2026-07-01T03:00,17.6,83,14.7,18.2,0,0.0,0.0,0.0,0.0,0.0,3,1020.1,1019.1,96,39200.0,7.2,15.8,stockholm,2026-07-01T04:49:21.738745
2026-07-01T04:00,18.0,81,14.7,18.6,0,0.0,0.0,0.0,0.0,0.0,3,1019.8,1018.8,85,39200.0,7.2,14.8,stockholm,2026-07-01T04:49:21.738745
2026-07-01T05:00,18.9,77,14.8,19.4,0,0.0,0.0,0.0,0.0,0.0,3,1019.6,1018.6,91,39200.0,7.2,16.2,stockholm,2026-07-01T04:49:21.738745
2026-07-01T06:00,19.9,69,14.0,20.2,0,0.0,0.0,0.0,0.0,0.0,2,1019.6,1018.6,70,47740.0,7.2,17.3,stockholm,2026-07-01T04:49:21.738745
2026-07-01T07:00,21.1,63,13.8,21.0,2,0.0,0.0,0.0,0.0,0.0,3,1019.3,1018.4,95,51420.0,8.6,20.5,stockholm,2026-07-01T04:49:21.738745
2026-07-01T08:00,22.1,59,13.7,22.0,5,0.0,0.0,0.0,0.0,0.0,3,1019.0,1018.1,96,54680.0,8.6,21.2,stockholm,2026-07-01T04:49:21.738745
2026-07-01T09:00,23.3,53,13.2,23.1,8,0.0,0.0,0.0,0.0,0.0,2,1018.7,1017.8,67,58980.0,7.9,21.2,stockholm,2026-07-01T04:49:21.738745
2026-07-01T10:00,24.3,48,12.6,24.2,12,0.0,0.0,0.0,0.0,0.0,3,1018.3,1017.4,85,58980.0,9.0,23.4,stockholm,2026-07-01T04:49:21.738745
2026-07-01T11:00,24.7,44,11.7,23.5,17,0.0,0.0,0.0,0.0,0.0,3,1018.1,1017.2,83,58980.0,12.2,28.4,stockholm,2026-07-01T04:49:21.738745
2026-07-01T12:00,25.4,37,9.6,23.9,20,0.0,0.0,0.0,0.0,0.0,1,1017.5,1016.6,40,58980.0,13.3,31.3,stockholm,2026-07-01T04:49:21.738745
2026-07-01T13:00,25.8,36,9.6,24.9,20,0.0,0.0,0.0,0.0,0.0,1,1017.2,1016.3,37,58980.0,12.6,31.3,stockholm,2026-07-01T04:49:21.738745
2026-07-01T14:00,25.6,36,9.4,24.4,18,0.0,0.0,0.0,0.0,0.0,2,1017.1,1016.2,60,58980.0,11.5,30.6,stockholm,2026-07-01T04:49:21.738745
2026-07-01T15:00,24.2,54,14.3,23.0,16,0.0,0.0,0.0,0.0,0.0,3,1017.2,1016.3,94,58980.0,17.6,41.4,stockholm,2026-07-01T04:49:21.738745
2026-07-01T16:00,23.4,51,12.7,22.7,15,0.0,0.0,0.0,0.0,0.0,3,1016.9,1016.0,97,58980.0,10.4,34.9,stockholm,2026-07-01T04:49:21.738745
2026-07-01T17:00,22.6,54,12.8,22.0,14,0.0,0.0,0.0,0.0,0.0,3,1016.5,1015.6,99,58980.0,10.1,23.4,stockholm,2026-07-01T04:49:21.738745
2026-07-01T18:00,21.9,57,13.0,21.3,12,0.0,0.0,0.0,0.0,0.0,3,1015.9,1015.0,96,58980.0,10.4,22.3,stockholm,2026-07-01T04:49:21.738745
2026-07-01T19:00,21.2,58,12.6,21.0,8,0.0,0.0,0.0,0.0,0.0,3,1016.0,1015.1,98,54680.0,7.6,21.2,stockholm,2026-07-01T04:49:21.738745
2026-07-01T20:00,20.8,47,9.1,19.0,3,0.0,0.0,0.0,0.0,0.0,3,1015.9,1015.0,100,51420.0,10.8,19.4,stockholm,2026-07-01T04:49:21.738745
2026-07-01T21:00,20.1,50,9.3,18.5,0,0.0,0.0,0.0,0.0,0.0,3,1015.9,1015.0,100,51420.0,9.7,19.8,stockholm,2026-07-01T04:49:21.738745
2026-07-01T22:00,19.5,56,10.5,18.4,0,0.0,0.0,0.0,0.0,0.0,3,1015.7,1014.8,100,51420.0,8.3,18.4,stockholm,2026-07-01T04:49:21.738745
2026-07-01T23:00,19.1,60,11.2,18.6,0,0.0,0.0,0.0,0.0,0.0,3,1015.5,1014.6,100,51420.0,6.1,15.1,stockholm,2026-07-01T04:49:21.738745
2026-07-01T00:00,24.5,62,16.8,26.5,0,0.0,0.0,0.0,0.0,0.0,2,1019.0,973.9,52,39600.0,2.5,5.8,geneva,2026-07-01T04:49:24.190555
2026-07-01T01:00,23.5,69,17.5,25.5,0,0.0,0.0,0.0,0.0,0.0,0,1018.8,973.6,15,37160.0,5.0,11.9,geneva,2026-07-01T04:49:24.190555
2026-07-01T02:00,23.0,69,17.0,25.1,0,0.0,0.0,0.0,0.0,0.0,0,1019.1,973.8,7,37460.0,2.5,11.5,geneva,2026-07-01T04:49:24.190555
2026-07-01T03:00,22.8,71,17.3,25.2,0,0.0,0.0,0.0,0.0,0.0,1,1019.4,974.0,8,36580.0,1.6,4.3,geneva,2026-07-01T04:49:24.190555
2026-07-01T04:00,21.8,79,18.0,24.3,0,0.0,0.0,0.0,0.0,0.0,1,1019.6,974.1,14,31200.0,2.5,8.6,geneva,2026-07-01T04:49:24.190555
2026-07-01T05:00,21.8,77,17.6,24.2,0,0.0,0.0,0.0,0.0,0.0,3,1019.9,974.4,100,32220.0,1.8,5.0,geneva,2026-07-01T04:49:24.190555
2026-07-01T06:00,22.2,76,17.7,24.6,0,0.0,0.0,0.0,0.0,0.0,2,1019.6,974.1,77,32320.0,2.3,7.2,geneva,2026-07-01T04:49:24.190555
2026-07-01T07:00,23.7,68,17.4,26.1,8,0.0,0.0,0.0,0.0,0.0,1,1019.5,974.3,39,36780.0,1.3,7.6,geneva,2026-07-01T04:49:24.190555
2026-07-01T08:00,25.8,56,16.4,27.7,23,0.0,0.0,0.0,0.0,0.0,2,1019.4,974.5,44,40220.0,2.1,8.3,geneva,2026-07-01T04:49:24.190555
2026-07-01T09:00,27.1,49,15.4,28.1,33,0.0,0.0,0.0,0.0,0.0,2,1019.5,974.8,59,41020.0,8.6,22.3,geneva,2026-07-01T04:49:24.190555
2026-07-01T10:00,27.7,45,14.7,28.4,45,0.0,0.0,0.0,0.0,0.0,1,1019.1,974.5,12,41560.0,10.0,22.0,geneva,2026-07-01T04:49:24.190555
2026-07-01T11:00,22.6,51,11.9,20.9,53,4.6,4.6,0.0,0.0,0.0,95,1020.0,974.6,61,9720.0,15.8,56.2,geneva,2026-07-01T04:49:24.190555
2026-07-01T12:00,23.6,51,12.9,24.3,53,0.5,0.5,0.0,0.0,0.0,80,1020.5,975.2,12,41020.0,3.7,41.0,geneva,2026-07-01T04:49:24.190555
2026-07-01T13:00,24.0,54,14.1,24.3,48,0.0,0.0,0.0,0.0,0.0,80,1020.0,974.8,50,40660.0,7.4,31.3,geneva,2026-07-01T04:49:24.190555
2026-07-01T14:00,25.9,44,12.7,27.0,40,0.0,0.0,0.0,0.0,0.0,1,1018.9,974.0,84,41980.0,1.3,20.9,geneva,2026-07-01T04:49:24.190555
2026-07-01T15:00,25.8,47,13.6,26.0,13,0.0,0.0,0.0,0.0,0.0,1,1018.5,973.6,35,41440.0,8.0,28.8,geneva,2026-07-01T04:49:24.190555
2026-07-01T16:00,26.6,40,11.9,26.3,0,0.0,0.0,0.0,0.0,0.0,2,1018.4,973.6,84,42740.0,6.4,23.4,geneva,2026-07-01T04:49:24.190555
2026-07-01T17:00,26.5,46,14.0,26.5,0,0.0,0.0,0.0,0.0,0.0,2,1018.8,974.0,73,41760.0,8.9,23.4,geneva,2026-07-01T04:49:24.190555
2026-07-01T18:00,25.9,41,11.6,24.4,0,0.0,0.0,0.0,0.0,0.0,2,1019.4,974.5,40,42700.0,13.1,30.2,geneva,2026-07-01T04:49:24.190555
2026-07-01T19:00,25.3,44,12.2,23.8,0,0.0,0.0,0.0,0.0,0.0,3,1020.1,975.1,64,42200.0,14.8,34.2,geneva,2026-07-01T04:49:24.190555
2026-07-01T20:00,24.3,49,12.9,23.2,0,0.0,0.0,0.0,0.0,0.0,2,1020.7,975.5,42,41500.0,13.3,35.3,geneva,2026-07-01T04:49:24.190555
2026-07-01T21:00,23.5,39,8.7,21.3,0,0.0,0.0,0.0,0.0,0.0,1,1021.2,975.9,0,43480.0,12.7,33.8,geneva,2026-07-01T04:49:24.190555
2026-07-01T22:00,22.5,40,8.2,20.7,0,0.0,0.0,0.0,0.0,0.0,0,1021.4,975.9,0,43300.0,8.6,28.1,geneva,2026-07-01T04:49:24.190555
2026-07-01T23:00,21.4,46,9.3,20.4,0,0.0,0.0,0.0,0.0,0.0,1,1021.5,975.8,24,42020.0,5.6,18.4,geneva,2026-07-01T04:49:24.190555
2026-07-01T00:00,23.0,66,16.3,24.3,40,0.0,0.0,0.0,0.0,0.0,2,1019.5,963.3,75,38640.0,5.9,31.0,lausanne,2026-07-01T04:49:26.656899
2026-07-01T01:00,22.5,71,17.0,23.4,43,0.0,0.0,0.0,0.0,0.0,3,1019.7,963.4,91,35880.0,10.7,20.9,lausanne,2026-07-01T04:49:26.656899
2026-07-01T02:00,22.1,75,17.4,24.5,5,0.0,0.0,0.0,0.0,0.0,2,1019.5,963.1,54,33500.0,1.1,23.8,lausanne,2026-07-01T04:49:26.656899
2026-07-01T03:00,22.2,71,16.7,23.9,0,0.0,0.0,0.0,0.0,0.0,1,1019.5,963.2,42,36480.0,4.5,10.4,lausanne,2026-07-01T04:49:26.656899
2026-07-01T04:00,22.2,70,16.5,24.4,0,0.0,0.0,0.0,0.0,0.0,2,1019.6,963.3,56,37940.0,0.4,9.0,lausanne,2026-07-01T04:49:26.656899
2026-07-01T05:00,22.3,67,15.9,24.2,8,0.0,0.0,0.0,0.0,0.0,2,1019.8,963.5,59,37840.0,1.1,3.6,lausanne,2026-07-01T04:49:26.656899
2026-07-01T06:00,22.8,73,17.7,25.5,5,0.0,0.0,0.0,0.0,0.0,2,1019.7,963.5,72,34620.0,0.4,2.9,lausanne,2026-07-01T04:49:26.656899
2026-07-01T07:00,23.6,69,17.5,26.0,13,0.0,0.0,0.0,0.0,0.0,3,1019.9,963.8,93,36580.0,1.6,7.2,lausanne,2026-07-01T04:49:26.656899
2026-07-01T08:00,25.4,47,13.3,25.1,60,0.0,0.0,0.0,0.0,0.0,2,1019.9,964.1,68,41320.0,9.4,22.3,lausanne,2026-07-01T04:49:26.656899
2026-07-01T09:00,25.8,46,13.3,25.1,55,0.0,0.0,0.0,0.0,0.0,2,1020.1,964.4,75,41420.0,11.4,27.0,lausanne,2026-07-01T04:49:26.656899
2026-07-01T10:00,26.9,34,9.7,26.0,58,0.0,0.0,0.0,0.0,0.0,2,1020.1,964.6,75,43880.0,12.8,31.3,lausanne,2026-07-01T04:49:26.656899
2026-07-01T11:00,27.8,31,9.1,27.6,58,0.0,0.0,0.0,0.0,0.0,1,1019.8,964.5,6,44760.0,11.1,33.5,lausanne,2026-07-01T04:49:26.656899
2026-07-01T12:00,26.7,44,13.4,27.4,70,0.0,0.0,0.0,0.0,0.0,2,1019.9,964.4,54,41400.0,13.7,32.4,lausanne,2026-07-01T04:49:26.656899
2026-07-01T13:00,25.2,49,13.7,24.9,70,0.0,0.0,0.0,0.0,0.0,2,1019.5,963.7,77,40940.0,9.9,49.3,lausanne,2026-07-01T04:49:26.656899
2026-07-01T14:00,24.4,40,9.9,23.8,63,1.1,1.1,0.0,0.0,0.0,95,1019.1,963.2,89,42860.0,4.0,53.3,lausanne,2026-07-01T04:49:26.656899
2026-07-01T15:00,26.7,38,11.2,25.8,20,0.1,0.0,0.1,0.0,0.0,80,1018.3,962.9,77,43460.0,8.6,28.8,lausanne,2026-07-01T04:49:26.656899
2026-07-01T16:00,24.8,45,12.1,23.1,8,0.0,0.0,0.0,0.0,0.0,80,1019.3,963.5,72,41780.0,16.1,40.3,lausanne,2026-07-01T04:49:26.656899
2026-07-01T17:00,25.2,40,10.6,23.4,5,0.0,0.0,0.0,0.0,0.0,1,1019.5,963.7,36,42820.0,13.7,37.4,lausanne,2026-07-01T04:49:26.656899
2026-07-01T18:00,24.2,42,10.5,22.3,3,0.0,0.0,0.0,0.0,0.0,1,1020.1,964.1,11,42360.0,14.3,36.7,lausanne,2026-07-01T04:49:26.656899
2026-07-01T19:00,23.4,46,11.1,22.2,3,0.0,0.0,0.0,0.0,0.0,1,1020.7,964.5,5,41740.0,10.4,30.2,lausanne,2026-07-01T04:49:26.656899
2026-07-01T20:00,22.4,50,11.4,21.6,0,0.0,0.0,0.0,0.0,0.0,1,1021.2,964.8,0,41220.0,8.1,23.4,lausanne,2026-07-01T04:49:26.656899
2026-07-01T21:00,21.9,52,11.6,21.1,0,0.0,0.0,0.0,0.0,0.0,1,1021.6,965.1,70,41020.0,8.8,19.8,lausanne,2026-07-01T04:49:26.656899
2026-07-01T22:00,21.3,42,7.8,18.9,0,0.0,0.0,0.0,0.0,0.0,0,1021.7,965.1,0,42540.0,12.2,27.4,lausanne,2026-07-01T04:49:26.656899
2026-07-01T23:00,20.8,43,7.7,18.6,0,0.0,0.0,0.0,0.0,0.0,0,1021.5,964.8,0,42420.0,10.9,27.7,lausanne,2026-07-01T04:49:26.656899
2026-07-01T00:00,19.9,87,17.7,22.5,65,0.0,0.0,0.0,0.0,0.0,3,1019.6,971.6,71,21920.0,1.6,16.2,zurich,2026-07-01T04:50:06.412266
2026-07-01T01:00,20.2,87,18.0,22.4,30,0.0,0.0,0.0,0.0,0.0,3,1019.3,971.3,100,22920.0,4.5,10.8,zurich,2026-07-01T04:50:06.412266
2026-07-01T02:00,20.4,84,17.6,23.0,83,0.0,0.0,0.0,0.0,0.0,3,1018.8,970.9,100,26420.0,0.8,7.9,zurich,2026-07-01T04:50:06.412266
2026-07-01T03:00,20.3,84,17.5,22.9,100,0.0,0.0,0.0,0.0,0.0,3,1019.1,971.1,100,26880.0,0.8,5.8,zurich,2026-07-01T04:50:06.412266
2026-07-01T04:00,19.6,93,18.5,22.2,100,3.7,3.2,0.5,0.0,0.0,96,1018.8,970.7,100,2400.0,3.6,11.9,zurich,2026-07-01T04:50:06.412266
2026-07-01T05:00,19.8,94,18.8,22.1,70,17.7,17.2,0.5,0.0,0.0,96,1020.1,972.0,100,1160.0,7.4,20.9,zurich,2026-07-01T04:50:06.412266
2026-07-01T06:00,19.3,89,17.5,21.4,30,8.5,8.3,0.2,0.0,0.0,95,1020.2,972.0,100,10340.0,4.6,18.0,zurich,2026-07-01T04:50:06.412266
2026-07-01T07:00,19.5,86,17.1,20.9,45,0.3,0.3,0.0,0.0,0.0,80,1020.7,972.5,99,22820.0,8.0,26.6,zurich,2026-07-01T04:50:06.412266
2026-07-01T08:00,19.6,82,16.5,20.5,70,0.0,0.0,0.0,0.0,0.0,3,1021.5,973.3,100,26080.0,9.5,23.8,zurich,2026-07-01T04:50:06.412266
2026-07-01T09:00,20.5,81,17.2,21.8,85,0.2,0.1,0.1,0.0,0.0,61,1021.9,973.8,100,28160.0,8.6,20.9,zurich,2026-07-01T04:50:06.412266
2026-07-01T10:00,21.4,78,17.4,22.8,78,0.1,0.0,0.1,0.0,0.0,61,1022.2,974.3,100,30160.0,8.2,21.6,zurich,2026-07-01T04:50:06.412266
2026-07-01T11:00,22.5,74,17.6,24.3,60,0.0,0.0,0.0,0.0,0.0,3,1021.9,974.2,99,33260.0,6.5,20.5,zurich,2026-07-01T04:50:06.412266
2026-07-01T12:00,23.7,63,16.2,25.2,55,0.0,0.0,0.0,0.0,0.0,3,1021.2,973.7,100,38740.0,6.9,18.4,zurich,2026-07-01T04:50:06.412266
2026-07-01T13:00,23.9,56,14.6,24.9,38,0.3,0.3,0.0,0.0,0.0,80,1020.5,973.0,99,40400.0,4.1,16.2,zurich,2026-07-01T04:50:06.412266
2026-07-01T14:00,23.0,50,12.0,22.4,48,0.1,0.0,0.1,0.0,0.0,80,1020.3,972.7,87,41300.0,8.6,37.8,zurich,2026-07-01T04:50:06.412266
2026-07-01T15:00,23.6,47,11.6,23.1,38,0.0,0.0,0.0,0.0,0.0,3,1020.1,972.6,100,41700.0,6.5,23.8,zurich,2026-07-01T04:50:06.412266
2026-07-01T16:00,22.2,57,13.3,21.9,33,0.0,0.0,0.0,0.0,0.0,3,1020.5,972.8,97,40080.0,9.0,25.9,zurich,2026-07-01T04:50:06.412266
2026-07-01T17:00,22.5,57,13.6,22.9,25,0.0,0.0,0.0,0.0,0.0,1,1020.5,972.8,8,40340.0,5.4,23.0,zurich,2026-07-01T04:50:06.412266
2026-07-01T18:00,22.8,55,13.3,23.1,20,0.0,0.0,0.0,0.0,0.0,1,1020.4,972.8,0,40640.0,5.8,15.1,zurich,2026-07-01T04:50:06.412266
2026-07-01T19:00,22.4,62,14.8,23.1,13,0.0,0.0,0.0,0.0,0.0,3,1021.1,973.4,100,39500.0,6.2,14.4,zurich,2026-07-01T04:50:06.412266
2026-07-01T20:00,21.3,65,14.5,22.5,3,0.0,0.0,0.0,0.0,0.0,1,1021.5,973.6,29,38860.0,2.1,20.2,zurich,2026-07-01T04:50:06.412266
2026-07-01T21:00,20.9,68,14.8,22.3,3,0.0,0.0,0.0,0.0,0.0,1,1021.7,973.7,3,38520.0,1.3,6.1,zurich,2026-07-01T04:50:06.412266
2026-07-01T22:00,19.9,76,15.6,21.7,3,0.0,0.0,0.0,0.0,0.0,0,1021.8,973.7,0,34980.0,0.7,4.7,zurich,2026-07-01T04:50:06.412266
2026-07-01T23:00,19.6,74,14.8,21.0,0,0.0,0.0,0.0,0.0,0.0,1,1021.7,973.5,24,36060.0,1.5,2.2,zurich,2026-07-01T04:50:06.412266
2026-07-01T00:00,29.2,75,24.4,35.2,0,0.0,0.0,0.0,0.0,0.0,3,1010.2,1009.2,100,27720.0,1.9,10.4,taipei,2026-07-01T04:50:44.178745
2026-07-01T01:00,30.8,68,24.2,36.8,0,0.0,0.0,0.0,0.0,0.0,3,1010.2,1009.2,99,30800.0,2.8,11.9,taipei,2026-07-01T04:50:44.178745
2026-07-01T02:00,32.8,59,23.8,39.5,0,0.0,0.0,0.0,0.0,0.0,3,1009.9,1008.9,89,33680.0,3.2,14.0,taipei,2026-07-01T04:50:44.178745
2026-07-01T03:00,34.1,54,23.6,40.8,0,0.0,0.0,0.0,0.0,0.0,95,1009.5,1008.5,66,31800.0,5.7,16.2,taipei,2026-07-01T04:50:44.178745
2026-07-01T04:00,33.2,60,24.3,39.4,22,0.1,0.1,0.0,0.0,0.0,95,1009.6,1008.6,81,7840.0,11.1,27.0,taipei,2026-07-01T04:50:44.178745
2026-07-01T05:00,32.6,63,24.7,39.5,52,0.6,0.3,0.3,0.0,0.0,95,1009.6,1008.6,97,4520.0,8.7,27.4,taipei,2026-07-01T04:50:44.178745
2026-07-01T06:00,31.0,71,25.2,37.7,76,0.9,0.5,0.4,0.0,0.0,96,1009.4,1008.4,99,2540.0,7.1,22.3,taipei,2026-07-01T04:50:44.178745
2026-07-01T07:00,30.9,72,25.4,37.5,89,2.3,1.0,1.3,0.0,0.0,99,1009.0,1008.0,98,3200.0,5.5,22.0,taipei,2026-07-01T04:50:44.178745
2026-07-01T08:00,31.1,72,25.4,37.9,95,0.4,0.2,0.2,0.0,0.0,96,1009.1,1008.1,96,8720.0,1.3,17.6,taipei,2026-07-01T04:50:44.178745
2026-07-01T09:00,30.6,74,25.5,37.1,90,0.1,0.0,0.1,0.0,0.0,95,1009.3,1008.3,98,16080.0,3.3,15.1,taipei,2026-07-01T04:50:44.178745
2026-07-01T10:00,29.8,77,25.3,36.1,68,0.1,0.0,0.1,0.0,0.0,95,1009.4,1008.4,89,17220.0,4.4,14.8,taipei,2026-07-01T04:50:44.178745
2026-07-01T11:00,28.7,85,25.9,35.3,35,0.0,0.0,0.0,0.0,0.0,95,1009.7,1008.7,80,23600.0,4.9,11.5,taipei,2026-07-01T04:50:44.178745
2026-07-01T12:00,27.9,89,26.0,34.4,10,0.0,0.0,0.0,0.0,0.0,3,1010.1,1009.1,87,21460.0,6.1,12.2,taipei,2026-07-01T04:50:44.178745
2026-07-01T13:00,27.5,92,26.1,33.9,1,0.0,0.0,0.0,0.0,0.0,3,1010.7,1009.7,96,18140.0,6.9,14.0,taipei,2026-07-01T04:50:44.178745
2026-07-01T14:00,27.1,93,25.8,33.2,0,0.0,0.0,0.0,0.0,0.0,3,1011.2,1010.2,100,18140.0,7.5,15.5,taipei,2026-07-01T04:50:44.178745
2026-07-01T15:00,26.6,94,25.5,32.6,0,0.0,0.0,0.0,0.0,0.0,3,1010.9,1009.9,100,18140.0,7.0,15.1,taipei,2026-07-01T04:50:44.178745
2026-07-01T16:00,26.2,95,25.2,32.1,0,0.0,0.0,0.0,0.0,0.0,3,1010.7,1009.7,100,18140.0,6.1,13.7,taipei,2026-07-01T04:50:44.178745
2026-07-01T17:00,25.8,96,25.1,31.9,0,0.0,0.0,0.0,0.0,0.0,3,1010.3,1009.3,99,8940.0,4.5,12.6,taipei,2026-07-01T04:50:44.178745
2026-07-01T18:00,25.2,100,25.1,31.8,0,0.0,0.0,0.0,0.0,0.0,3,1010.2,1009.2,98,4040.0,1.1,9.4,taipei,2026-07-01T04:50:44.178745
2026-07-01T19:00,25.1,99,24.9,31.2,0,0.0,0.0,0.0,0.0,0.0,3,1010.4,1009.4,98,540.0,3.6,7.9,taipei,2026-07-01T04:50:44.178745
2026-07-01T20:00,24.8,100,24.8,31.2,0,0.0,0.0,0.0,0.0,0.0,3,1010.5,1009.5,100,300.0,1.5,7.9,taipei,2026-07-01T04:50:44.178745
2026-07-01T21:00,25.1,99,25.0,31.6,0,0.0,0.0,0.0,0.0,0.0,3,1010.6,1009.6,100,200.0,1.7,4.7,taipei,2026-07-01T04:50:44.178745
2026-07-01T22:00,25.5,97,25.0,31.8,1,0.0,0.0,0.0,0.0,0.0,3,1010.8,1009.8,100,260.0,2.4,7.6,taipei,2026-07-01T04:50:44.178745
2026-07-01T23:00,26.6,92,25.2,33.0,1,0.0,0.0,0.0,0.0,0.0,3,1011.1,1010.1,100,1580.0,2.7,10.1,taipei,2026-07-01T04:50:44.178745
2026-07-01T00:00,28.0,79,24.0,33.4,16,0.0,0.0,0.0,0.0,0.0,3,1006.8,1006.3,100,35220.0,4.0,10.8,bangkok,2026-07-01T04:52:47.470134
2026-07-01T01:00,28.8,75,24.0,34.2,23,0.0,0.0,0.0,0.0,0.0,3,1007.3,1006.8,100,35220.0,4.9,14.0,bangkok,2026-07-01T04:52:47.470134
2026-07-01T02:00,30.0,67,23.2,34.3,33,0.0,0.0,0.0,0.0,0.0,3,1007.8,1007.3,88,38580.0,9.0,25.9,bangkok,2026-07-01T04:52:47.470134
2026-07-01T03:00,30.9,64,23.2,34.8,41,0.0,0.0,0.0,0.0,0.0,3,1008.2,1007.7,98,38580.0,11.5,33.1,bangkok,2026-07-01T04:52:47.470134
2026-07-01T04:00,29.9,68,23.4,34.8,41,0.7,0.3,0.4,0.0,0.0,53,1008.2,1007.7,100,3420.0,9.7,35.3,bangkok,2026-07-01T04:52:47.470134
2026-07-01T05:00,30.7,67,23.8,35.6,37,0.8,0.8,0.0,0.0,0.0,53,1007.4,1006.9,96,5400.0,7.5,29.9,bangkok,2026-07-01T04:52:47.470134
2026-07-01T06:00,32.5,60,23.8,38.5,39,0.5,0.3,0.2,0.0,0.0,95,1006.3,1005.9,96,8820.0,8.5,29.2,bangkok,2026-07-01T04:52:47.470134
2026-07-01T07:00,32.9,60,24.0,39.4,52,0.1,0.1,0.0,0.0,0.0,51,1005.1,1004.7,70,38400.0,9.1,31.3,bangkok,2026-07-01T04:52:47.470134
2026-07-01T08:00,31.0,64,23.4,35.3,70,0.8,0.3,0.5,0.0,0.0,53,1004.2,1003.7,93,2540.0,13.0,34.6,bangkok,2026-07-01T04:52:47.470134
2026-07-01T09:00,29.9,75,24.9,35.3,82,1.4,1.4,0.0,0.0,0.0,80,1003.6,1003.1,100,4440.0,8.2,36.0,bangkok,2026-07-01T04:52:47.470134
2026-07-01T10:00,29.6,74,24.5,34.5,84,1.0,0.4,0.6,0.0,0.0,95,1003.8,1003.3,98,4140.0,10.4,29.5,bangkok,2026-07-01T04:52:47.470134
2026-07-01T11:00,28.2,85,25.5,34.2,81,0.9,0.7,0.2,0.0,0.0,95,1003.9,1003.4,100,3320.0,6.9,25.9,bangkok,2026-07-01T04:52:47.470134
2026-07-01T12:00,27.7,88,25.5,34.1,76,0.9,0.9,0.0,0.0,0.0,53,1004.6,1004.1,97,6120.0,4.2,17.3,bangkok,2026-07-01T04:52:47.470134
2026-07-01T13:00,27.6,88,25.5,34.2,68,0.2,0.2,0.0,0.0,0.0,51,1005.8,1005.3,98,13700.0,2.8,10.8,bangkok,2026-07-01T04:52:47.470134
2026-07-01T14:00,27.8,89,25.8,34.2,58,0.0,0.0,0.0,0.0,0.0,3,1006.5,1006.0,99,15900.0,5.2,10.4,bangkok,2026-07-01T04:52:47.470134
2026-07-01T15:00,27.8,90,26.0,34.2,49,0.0,0.0,0.0,0.0,0.0,3,1007.4,1006.9,99,28220.0,6.8,12.6,bangkok,2026-07-01T04:52:47.470134
2026-07-01T16:00,27.6,84,24.6,32.8,44,0.0,0.0,0.0,0.0,0.0,3,1008.0,1007.5,99,31460.0,8.1,17.6,bangkok,2026-07-01T04:52:47.470134
2026-07-01T17:00,27.0,84,24.0,32.1,42,0.0,0.0,0.0,0.0,0.0,3,1007.6,1007.1,99,31460.0,6.8,16.9,bangkok,2026-07-01T04:52:47.470134
2026-07-01T18:00,26.4,87,24.1,31.7,39,0.0,0.0,0.0,0.0,0.0,3,1007.2,1006.7,99,28220.0,6.2,14.0,bangkok,2026-07-01T04:52:47.470134
2026-07-01T19:00,26.2,89,24.2,31.7,36,0.0,0.0,0.0,0.0,0.0,3,1006.2,1005.7,99,28220.0,5.3,12.6,bangkok,2026-07-01T04:52:47.470134
2026-07-01T20:00,26.2,89,24.3,31.7,34,0.0,0.0,0.0,0.0,0.0,3,1005.5,1005.0,99,28220.0,4.9,10.1,bangkok,2026-07-01T04:52:47.470134
2026-07-01T21:00,26.4,85,23.7,31.4,31,0.0,0.0,0.0,0.0,0.0,3,1005.3,1004.8,100,31460.0,5.9,12.6,bangkok,2026-07-01T04:52:47.470134
2026-07-01T22:00,26.4,85,23.6,31.3,26,0.0,0.0,0.0,0.0,0.0,3,1005.3,1004.8,100,31460.0,6.0,12.6,bangkok,2026-07-01T04:52:47.470134
2026-07-01T23:00,26.4,85,23.7,31.4,21,0.0,0.0,0.0,0.0,0.0,3,1005.7,1005.2,100,31460.0,5.9,12.2,bangkok,2026-07-01T04:52:47.470134
2026-07-01T00:00,22.7,83,19.7,24.6,0,0.0,0.0,0.0,0.0,0.0,0,1011.5,1006.7,5,29380.0,12.4,20.5,istanbul,2026-07-01T04:52:49.983675
2026-07-01T01:00,22.6,83,19.6,24.6,0,0.0,0.0,0.0,0.0,0.0,1,1011.1,1006.3,5,29060.0,11.4,18.4,istanbul,2026-07-01T04:52:49.983675
2026-07-01T02:00,22.6,84,19.8,24.8,0,0.0,0.0,0.0,0.0,0.0,1,1010.8,1006.0,12,28600.0,10.8,18.0,istanbul,2026-07-01T04:52:49.983675
2026-07-01T03:00,22.7,84,19.9,25.0,0,0.0,0.0,0.0,0.0,0.0,1,1010.6,1005.8,36,28520.0,10.1,18.0,istanbul,2026-07-01T04:52:49.983675
2026-07-01T04:00,23.2,81,19.8,25.5,0,0.0,0.0,0.0,0.0,0.0,2,1010.3,1005.5,44,29660.0,10.0,16.2,istanbul,2026-07-01T04:52:49.983675
2026-07-01T05:00,24.4,75,19.7,26.2,0,0.0,0.0,0.0,0.0,0.0,2,1010.4,1005.7,42,33260.0,13.0,22.3,istanbul,2026-07-01T04:52:49.983675
2026-07-01T06:00,25.6,69,19.5,26.8,0,0.0,0.0,0.0,0.0,0.0,1,1010.0,1005.3,39,36400.0,16.3,27.4,istanbul,2026-07-01T04:52:49.983675
2026-07-01T07:00,26.8,64,19.4,28.1,0,0.0,0.0,0.0,0.0,0.0,1,1009.6,1004.9,33,38140.0,15.9,27.7,istanbul,2026-07-01T04:52:49.983675
2026-07-01T08:00,28.1,57,18.8,30.0,0,0.0,0.0,0.0,0.0,0.0,1,1009.1,1004.4,12,39900.0,15.5,27.4,istanbul,2026-07-01T04:52:49.983675
2026-07-01T09:00,29.5,50,18.0,31.6,0,0.0,0.0,0.0,0.0,0.0,1,1008.8,1004.1,7,40840.0,16.1,28.4,istanbul,2026-07-01T04:52:49.983675
2026-07-01T10:00,30.2,53,19.6,33.1,0,0.0,0.0,0.0,0.0,0.0,0,1008.5,1003.9,2,40340.0,18.1,32.0,istanbul,2026-07-01T04:52:49.983675
2026-07-01T11:00,30.8,47,18.2,32.6,0,0.0,0.0,0.0,0.0,0.0,0,1008.3,1003.7,0,41140.0,20.4,36.0,istanbul,2026-07-01T04:52:49.983675
2026-07-01T12:00,30.8,45,17.5,31.6,0,0.0,0.0,0.0,0.0,0.0,0,1008.1,1003.5,10,41440.0,23.3,39.6,istanbul,2026-07-01T04:52:49.983675
2026-07-01T13:00,30.2,46,17.3,30.0,0,0.0,0.0,0.0,0.0,0.0,2,1007.7,1003.1,54,41520.0,23.6,40.3,istanbul,2026-07-01T04:52:49.983675
2026-07-01T14:00,29.3,49,17.5,28.6,0,0.0,0.0,0.0,0.0,0.0,3,1007.4,1002.7,91,41260.0,23.4,40.7,istanbul,2026-07-01T04:52:49.983675
2026-07-01T15:00,28.4,50,17.0,27.6,0,0.0,0.0,0.0,0.0,0.0,1,1006.8,1002.1,37,41240.0,22.6,41.0,istanbul,2026-07-01T04:52:49.983675
2026-07-01T16:00,27.5,56,18.0,27.6,0,0.0,0.0,0.0,0.0,0.0,2,1007.0,1002.3,74,40440.0,19.5,37.8,istanbul,2026-07-01T04:52:49.983675
2026-07-01T17:00,26.5,64,19.1,27.3,0,0.0,0.0,0.0,0.0,0.0,3,1007.2,1002.5,86,39160.0,18.4,32.8,istanbul,2026-07-01T04:52:49.983675
2026-07-01T18:00,25.6,68,19.3,26.9,0,0.0,0.0,0.0,0.0,0.0,2,1007.3,1002.6,46,37780.0,15.6,31.0,istanbul,2026-07-01T04:52:49.983675
2026-07-01T19:00,25.0,72,19.6,26.6,0,0.0,0.0,0.0,0.0,0.0,1,1007.8,1003.1,41,36680.0,13.9,25.9,istanbul,2026-07-01T04:52:49.983675
2026-07-01T20:00,24.4,76,19.9,26.1,0,0.0,0.0,0.0,0.0,0.0,2,1007.5,1002.8,51,34260.0,15.1,25.2,istanbul,2026-07-01T04:52:49.983675
2026-07-01T21:00,24.2,77,19.9,25.8,0,0.0,0.0,0.0,0.0,0.0,2,1007.3,1002.6,46,33440.0,15.2,25.2,istanbul,2026-07-01T04:52:49.983675
2026-07-01T22:00,23.9,80,20.3,26.2,0,0.0,0.0,0.0,0.0,0.0,2,1007.3,1002.6,50,31960.0,12.3,24.5,istanbul,2026-07-01T04:52:49.983675
2026-07-01T23:00,23.7,81,20.3,26.4,0,0.0,0.0,0.0,0.0,0.0,1,1007.4,1002.7,22,30820.0,9.1,19.8,istanbul,2026-07-01T04:52:49.983675
2026-07-01T00:00,32.1,70,25.9,38.2,0,0.0,0.0,0.0,0.0,0.0,0,997.2,996.5,0,13840.0,8.0,19.8,abu_dhabi,2026-07-01T04:52:52.505840
2026-07-01T01:00,31.5,73,26.1,38.2,0,0.0,0.0,0.0,0.0,0.0,0,997.6,996.9,0,13840.0,5.1,13.3,abu_dhabi,2026-07-01T04:52:52.505840
2026-07-01T02:00,32.0,70,25.8,37.8,0,0.0,0.0,0.0,0.0,0.0,0,997.8,997.1,1,13840.0,10.2,16.9,abu_dhabi,2026-07-01T04:52:52.505840
2026-07-01T03:00,33.3,59,24.2,37.6,0,0.0,0.0,0.0,0.0,0.0,0,998.1,997.4,8,14900.0,12.9,23.8,abu_dhabi,2026-07-01T04:52:52.505840
2026-07-01T04:00,34.4,53,23.4,38.2,0,0.0,0.0,0.0,0.0,0.0,0,998.5,997.8,0,14900.0,12.8,27.0,abu_dhabi,2026-07-01T04:52:52.505840
2026-07-01T05:00,35.5,48,22.8,38.5,0,0.0,0.0,0.0,0.0,0.0,0,998.8,998.1,0,16260.0,15.5,33.5,abu_dhabi,2026-07-01T04:52:52.505840
2026-07-01T06:00,36.2,45,22.4,39.7,0,0.0,0.0,0.0,0.0,0.0,0,998.8,998.1,0,16260.0,15.4,34.9,abu_dhabi,2026-07-01T04:52:52.505840
2026-07-01T07:00,37.0,43,22.2,41.1,0,0.0,0.0,0.0,0.0,0.0,0,998.6,997.9,0,17540.0,15.7,36.0,abu_dhabi,2026-07-01T04:52:52.505840
2026-07-01T08:00,37.5,40,21.8,41.7,0,0.0,0.0,0.0,0.0,0.0,1,998.3,997.6,48,17520.0,16.7,38.2,abu_dhabi,2026-07-01T04:52:52.505840
2026-07-01T09:00,37.7,40,21.8,42.1,0,0.0,0.0,0.0,0.0,0.0,2,997.9,997.2,54,17520.0,16.7,38.5,abu_dhabi,2026-07-01T04:52:52.505840
2026-07-01T10:00,37.5,41,22.1,41.9,0,0.0,0.0,0.0,0.0,0.0,2,997.2,996.5,73,17520.0,16.3,38.5,abu_dhabi,2026-07-01T04:52:52.505840
2026-07-01T11:00,37.1,43,22.5,41.4,0,0.0,0.0,0.0,0.0,0.0,3,996.4,995.7,89,16240.0,15.5,37.8,abu_dhabi,2026-07-01T04:52:52.505840
2026-07-01T12:00,36.6,46,22.9,40.3,0,0.0,0.0,0.0,0.0,0.0,3,996.2,995.5,98,16240.0,14.9,35.6,abu_dhabi,2026-07-01T04:52:52.505840
2026-07-01T13:00,35.7,51,24.1,39.6,0,0.0,0.0,0.0,0.0,0.0,3,996.0,995.3,91,16220.0,14.9,33.8,abu_dhabi,2026-07-01T04:52:52.505840
2026-07-01T14:00,34.5,60,25.6,39.4,0,0.0,0.0,0.0,0.0,0.0,3,996.1,995.4,95,14880.0,14.8,32.4,abu_dhabi,2026-07-01T04:52:52.505840
2026-07-01T15:00,33.4,69,26.9,39.2,0,0.0,0.0,0.0,0.0,0.0,3,996.6,995.9,96,13800.0,14.9,31.0,abu_dhabi,2026-07-01T04:52:52.505840
2026-07-01T16:00,32.8,74,27.5,39.3,0,0.0,0.0,0.0,0.0,0.0,3,996.8,996.1,93,12600.0,13.1,29.5,abu_dhabi,2026-07-01T04:52:52.505840
2026-07-01T17:00,32.5,75,27.6,39.2,0,0.0,0.0,0.0,0.0,0.0,3,997.1,996.4,93,12600.0,12.6,24.8,abu_dhabi,2026-07-01T04:52:52.505840
2026-07-01T18:00,32.4,74,27.1,38.8,0,0.0,0.0,0.0,0.0,0.0,2,997.6,996.9,55,12600.0,12.0,22.3,abu_dhabi,2026-07-01T04:52:52.505840
2026-07-01T19:00,32.2,75,27.2,39.0,0,0.0,0.0,0.0,0.0,0.0,0,997.6,996.9,4,12600.0,9.9,21.2,abu_dhabi,2026-07-01T04:52:52.505840
2026-07-01T20:00,31.9,77,27.3,39.0,0,0.0,0.0,0.0,0.0,0.0,0,997.3,996.6,2,12580.0,8.2,16.9,abu_dhabi,2026-07-01T04:52:52.505840
2026-07-01T21:00,31.8,76,27.1,38.6,0,0.0,0.0,0.0,0.0,0.0,0,996.8,996.1,2,12580.0,9.2,16.6,abu_dhabi,2026-07-01T04:52:52.505840
2026-07-01T22:00,31.6,75,26.7,38.4,0,0.0,0.0,0.0,0.0,0.0,0,996.3,995.6,0,12580.0,7.6,16.2,abu_dhabi,2026-07-01T04:52:52.505840
2026-07-01T23:00,31.4,76,26.7,38.4,0,0.0,0.0,0.0,0.0,0.0,0,996.0,995.3,0,12580.0,6.4,13.3,abu_dhabi,2026-07-01T04:52:52.505840
2026-07-01T00:00,29.7,78,25.4,35.5,0,0.0,0.0,0.0,0.0,0.0,1,997.0,995.9,39,13860.0,8.6,15.8,dubai,2026-07-01T04:52:54.948383
2026-07-01T01:00,29.4,75,24.5,34.5,0,0.0,0.0,0.0,0.0,0.0,3,997.1,996.0,96,13860.0,8.8,16.6,dubai,2026-07-01T04:52:54.948383
2026-07-01T02:00,29.8,70,23.9,34.6,0,0.0,0.0,0.0,0.0,0.0,3,997.5,996.4,92,15160.0,8.8,16.9,dubai,2026-07-01T04:52:54.948383
2026-07-01T03:00,30.9,64,23.4,35.6,0,0.0,0.0,0.0,0.0,0.0,2,998.0,996.9,74,15160.0,7.6,16.9,dubai,2026-07-01T04:52:54.948383
2026-07-01T04:00,32.9,59,23.8,37.9,0,0.0,0.0,0.0,0.0,0.0,3,998.3,997.2,86,16320.0,6.9,18.0,dubai,2026-07-01T04:52:54.948383
2026-07-01T05:00,34.2,56,24.1,39.0,0,0.0,0.0,0.0,0.0,0.0,2,998.5,997.4,78,16320.0,8.8,22.7,dubai,2026-07-01T04:52:54.948383
2026-07-01T06:00,35.2,49,23.0,39.4,0,0.0,0.0,0.0,0.0,0.0,0,998.4,997.3,10,17720.0,9.0,24.8,dubai,2026-07-01T04:52:54.948383
2026-07-01T07:00,36.3,43,21.7,41.1,0,0.0,0.0,0.0,0.0,0.0,0,998.2,997.1,7,17720.0,6.9,25.2,dubai,2026-07-01T04:52:54.948383
2026-07-01T08:00,37.3,38,20.8,42.6,0,0.0,0.0,0.0,0.0,0.0,0,997.8,996.7,11,19220.0,7.6,24.8,dubai,2026-07-01T04:52:54.948383
2026-07-01T09:00,37.6,38,20.9,42.6,0,0.0,0.0,0.0,0.0,0.0,0,997.3,996.2,4,19220.0,10.3,29.5,dubai,2026-07-01T04:52:54.948383
2026-07-01T10:00,37.0,42,21.9,41.9,0,0.0,0.0,0.0,0.0,0.0,0,996.7,995.6,5,17720.0,13.2,34.6,dubai,2026-07-01T04:52:54.948383
2026-07-01T11:00,36.2,49,23.7,41.5,0,0.0,0.0,0.0,0.0,0.0,1,995.9,994.8,37,17720.0,13.7,35.6,dubai,2026-07-01T04:52:54.948383
2026-07-01T12:00,35.6,54,24.9,40.8,0,0.0,0.0,0.0,0.0,0.0,0,995.4,994.3,17,16300.0,13.9,35.3,dubai,2026-07-01T04:52:54.948383
2026-07-01T13:00,34.8,59,25.7,40.0,0,0.0,0.0,0.0,0.0,0.0,0,995.2,994.1,15,16280.0,13.7,34.9,dubai,2026-07-01T04:52:54.948383
2026-07-01T14:00,34.0,62,25.6,39.4,0,0.0,0.0,0.0,0.0,0.0,2,995.5,994.4,59,15140.0,12.4,33.1,dubai,2026-07-01T04:52:54.948383
2026-07-01T15:00,33.1,68,26.4,39.1,0,0.0,0.0,0.0,0.0,0.0,3,996.0,994.9,80,15120.0,11.7,29.2,dubai,2026-07-01T04:52:54.948383
2026-07-01T16:00,32.7,72,27.0,39.4,0,0.0,0.0,0.0,0.0,0.0,1,996.3,995.2,47,13820.0,9.5,25.6,dubai,2026-07-01T04:52:54.948383
2026-07-01T17:00,32.3,74,27.1,39.4,0,0.0,0.0,0.0,0.0,0.0,1,996.8,995.7,24,13820.0,8.1,20.5,dubai,2026-07-01T04:52:54.948383
2026-07-01T18:00,31.8,77,27.3,39.0,0,0.0,0.0,0.0,0.0,0.0,0,997.2,996.1,2,13820.0,7.7,16.2,dubai,2026-07-01T04:52:54.948383
2026-07-01T19:00,31.5,78,27.1,38.5,0,0.0,0.0,0.0,0.0,0.0,0,997.2,996.1,2,13820.0,8.0,15.1,dubai,2026-07-01T04:52:54.948383
2026-07-01T20:00,30.9,81,27.2,37.9,0,0.0,0.0,0.0,0.0,0.0,0,996.9,995.8,1,12240.0,9.1,17.3,dubai,2026-07-01T04:52:54.948383
2026-07-01T21:00,30.4,83,27.1,37.3,0,0.0,0.0,0.0,0.0,0.0,0,996.6,995.5,0,12240.0,9.4,18.0,dubai,2026-07-01T04:52:54.948383
2026-07-01T22:00,30.0,81,26.4,36.3,0,0.0,0.0,0.0,0.0,0.0,0,996.2,995.1,0,12220.0,9.5,18.0,dubai,2026-07-01T04:52:54.948383
2026-07-01T23:00,29.7,78,25.5,35.4,0,0.0,0.0,0.0,0.0,0.0,0,996.0,994.9,0,13800.0,9.7,18.4,dubai,2026-07-01T04:52:54.948383
2026-07-01T00:00,16.2,84,13.5,15.6,0,0.0,0.0,0.0,0.0,0.0,3,1021.6,1019.2,91,26920.0,11.5,25.2,bangor_(north_wales),2026-07-01T04:54:58.044715
2026-07-01T01:00,15.8,86,13.5,15.7,0,0.0,0.0,0.0,0.0,0.0,3,1022.0,1019.6,93,28880.0,8.3,17.6,bangor_(north_wales),2026-07-01T04:54:58.044715
2026-07-01T02:00,15.6,89,13.8,15.7,0,0.0,0.0,0.0,0.0,0.0,3,1022.2,1019.8,97,27600.0,7.6,15.5,bangor_(north_wales),2026-07-01T04:54:58.044715
2026-07-01T03:00,15.2,92,14.0,15.5,0,0.0,0.0,0.0,0.0,0.0,3,1022.3,1019.9,98,24500.0,7.2,15.8,bangor_(north_wales),2026-07-01T04:54:58.044715
2026-07-01T04:00,15.2,92,13.9,15.4,0,0.0,0.0,0.0,0.0,0.0,3,1022.7,1020.3,97,22020.0,7.6,15.8,bangor_(north_wales),2026-07-01T04:54:58.044715
2026-07-01T05:00,15.3,90,13.7,15.4,0,0.0,0.0,0.0,0.0,0.0,3,1023.2,1020.8,100,22360.0,7.6,16.2,bangor_(north_wales),2026-07-01T04:54:58.044715
2026-07-01T06:00,15.5,88,13.5,15.3,0,0.0,0.0,0.0,0.0,0.0,3,1023.9,1021.5,100,24000.0,9.4,20.5,bangor_(north_wales),2026-07-01T04:54:58.044715
2026-07-01T07:00,15.8,86,13.5,15.6,4,0.0,0.0,0.1,0.0,0.0,3,1024.5,1022.1,100,25620.0,9.4,20.5,bangor_(north_wales),2026-07-01T04:54:58.044715
2026-07-01T08:00,16.3,82,13.2,16.4,10,0.0,0.0,0.1,0.0,0.0,3,1024.7,1022.3,91,27560.0,6.5,14.8,bangor_(north_wales),2026-07-01T04:54:58.044715
2026-07-01T09:00,17.8,71,12.5,17.3,14,0.0,0.0,0.2,0.0,0.0,3,1024.7,1022.3,85,30760.0,9.0,20.2,bangor_(north_wales),2026-07-01T04:54:58.044715
2026-07-01T10:00,18.0,72,12.9,16.9,14,0.0,0.0,0.2,0.0,0.0,3,1024.7,1022.3,100,28380.0,13.7,28.4,bangor_(north_wales),2026-07-01T04:54:58.044715
2026-07-01T11:00,17.6,74,12.9,16.9,12,0.0,0.0,0.1,0.0,0.0,3,1024.9,1022.5,100,28200.0,11.2,24.1,bangor_(north_wales),2026-07-01T04:54:58.044715
2026-07-01T12:00,17.6,72,12.5,16.1,10,0.0,0.0,0.1,0.0,0.0,3,1024.9,1022.5,89,32400.0,15.5,32.0,bangor_(north_wales),2026-07-01T04:54:58.044715
2026-07-01T13:00,17.7,72,12.6,16.2,6,0.0,0.0,0.1,0.0,0.0,3,1024.9,1022.5,100,30320.0,16.2,34.6,bangor_(north_wales),2026-07-01T04:54:58.044715
2026-07-01T14:00,18.2,66,11.8,16.3,2,0.0,0.0,0.0,0.0,0.0,3,1024.4,1022.0,100,33960.0,19.1,40.3,bangor_(north_wales),2026-07-01T04:54:58.044715
2026-07-01T15:00,18.6,65,11.9,16.8,0,0.0,0.0,0.0,0.0,0.0,2,1023.9,1021.5,79,35140.0,21.2,45.7,bangor_(north_wales),2026-07-01T04:54:58.044715
2026-07-01T16:00,18.3,66,11.9,15.5,1,0.0,0.0,0.0,0.0,0.0,3,1023.1,1020.7,100,36500.0,23.8,50.4,bangor_(north_wales),2026-07-01T04:54:58.044715
2026-07-01T17:00,17.6,67,11.4,14.2,4,0.0,0.0,0.0,0.0,0.0,2,1022.3,1019.9,59,41680.0,26.3,55.4,bangor_(north_wales),2026-07-01T04:54:58.044715
2026-07-01T18:00,16.6,66,10.3,12.6,8,0.0,0.0,0.0,0.0,0.0,3,1021.4,1019.0,88,48580.0,28.4,61.2,bangor_(north_wales),2026-07-01T04:54:58.044715
2026-07-01T19:00,15.6,82,12.6,12.1,12,0.0,0.0,0.0,0.0,0.0,3,1020.9,1018.5,100,22120.0,29.5,63.0,bangor_(north_wales),2026-07-01T04:54:58.044715
2026-07-01T20:00,15.1,91,13.7,12.4,18,0.4,0.4,0.0,0.0,0.0,51,1020.1,1017.7,100,13760.0,26.6,58.3,bangor_(north_wales),2026-07-01T04:54:58.044715
2026-07-01T21:00,15.5,93,14.4,13.1,27,0.2,0.2,0.0,0.0,0.0,51,1020.0,1017.6,100,29420.0,25.9,56.2,bangor_(north_wales),2026-07-01T04:54:58.044715
2026-07-01T22:00,15.8,93,14.7,13.7,45,0.0,0.0,0.0,0.0,0.0,3,1019.4,1017.0,100,28740.0,25.2,55.1,bangor_(north_wales),2026-07-01T04:54:58.044715
2026-07-01T23:00,15.8,95,15.0,13.6,67,0.0,0.0,0.5,0.0,0.0,3,1019.0,1016.6,100,23640.0,26.6,58.3,bangor_(north_wales),2026-07-01T04:54:58.044715
2026-07-01T00:00,15.6,82,12.5,15.2,0,0.0,0.0,0.0,0.0,0.0,0,1021.6,1003.9,0,23320.0,8.3,16.9,birmingham,2026-07-01T04:55:00.520066
2026-07-01T01:00,15.4,85,12.8,15.1,0,0.0,0.0,0.0,0.0,0.0,0,1021.7,1004.0,0,18660.0,7.6,16.6,birmingham,2026-07-01T04:55:00.520066
2026-07-01T02:00,15.0,86,12.7,14.6,0,0.0,0.0,0.0,0.0,0.0,0,1021.8,1004.1,0,18200.0,8.3,16.6,birmingham,2026-07-01T04:55:00.520066
2026-07-01T03:00,14.8,87,12.6,14.5,0,0.0,0.0,0.0,0.0,0.0,2,1021.8,1004.0,67,16560.0,7.6,15.5,birmingham,2026-07-01T04:55:00.520066
2026-07-01T04:00,14.6,87,12.4,14.6,0,0.0,0.0,0.0,0.0,0.0,2,1022.1,1004.3,77,13300.0,4.7,10.1,birmingham,2026-07-01T04:55:00.520066
2026-07-01T05:00,15.0,86,12.6,14.7,0,0.0,0.0,0.0,0.0,0.0,1,1022.6,1004.8,29,12280.0,7.6,15.5,birmingham,2026-07-01T04:55:00.520066
2026-07-01T06:00,15.6,84,12.9,15.2,0,0.0,0.0,0.0,0.0,0.0,3,1023.2,1005.5,93,12300.0,8.3,16.6,birmingham,2026-07-01T04:55:00.520066
2026-07-01T07:00,16.5,81,13.2,15.9,1,0.0,0.0,0.0,0.0,0.0,2,1023.7,1006.0,75,15360.0,10.4,21.6,birmingham,2026-07-01T04:55:00.520066
2026-07-01T08:00,17.8,72,12.6,16.8,2,0.0,0.0,0.0,0.0,0.0,3,1023.8,1006.2,84,22740.0,11.9,24.5,birmingham,2026-07-01T04:55:00.520066
2026-07-01T09:00,18.9,62,11.4,17.6,4,0.0,0.0,0.1,0.0,0.0,3,1024.0,1006.5,84,23780.0,11.5,24.8,birmingham,2026-07-01T04:55:00.520066
2026-07-01T10:00,19.4,60,11.4,18.4,6,0.0,0.0,0.1,0.0,0.0,3,1024.1,1006.6,88,23400.0,9.7,22.3,birmingham,2026-07-01T04:55:00.520066
2026-07-01T11:00,19.8,59,11.5,18.8,9,0.0,0.0,0.1,0.0,0.0,3,1024.2,1006.7,100,22380.0,9.7,22.0,birmingham,2026-07-01T04:55:00.520066
2026-07-01T12:00,20.5,54,10.9,19.5,10,0.0,0.0,0.0,0.0,0.0,3,1024.1,1006.6,95,23060.0,8.6,21.2,birmingham,2026-07-01T04:55:00.520066
2026-07-01T13:00,21.1,51,10.6,19.9,9,0.0,0.0,0.0,0.0,0.0,3,1023.9,1006.5,100,24400.0,9.4,22.0,birmingham,2026-07-01T04:55:00.520066
2026-07-01T14:00,21.6,48,10.1,20.0,6,0.0,0.0,0.0,0.0,0.0,3,1023.6,1006.2,94,24440.0,11.2,25.2,birmingham,2026-07-01T04:55:00.520066
2026-07-01T15:00,22.2,46,10.0,20.1,4,0.0,0.0,0.0,0.0,0.0,3,1023.4,1006.1,100,26860.0,14.0,31.3,birmingham,2026-07-01T04:55:00.520066
2026-07-01T16:00,22.4,44,9.5,20.1,2,0.0,0.0,0.0,0.0,0.0,2,1023.2,1005.9,62,29340.0,14.8,32.4,birmingham,2026-07-01T04:55:00.520066
2026-07-01T17:00,22.5,42,8.9,19.9,1,0.0,0.0,0.0,0.0,0.0,1,1022.8,1005.5,26,31800.0,15.5,33.8,birmingham,2026-07-01T04:55:00.520066
2026-07-01T18:00,21.8,41,8.0,19.1,0,0.0,0.0,0.0,0.0,0.0,0,1022.5,1005.1,0,32080.0,15.1,32.4,birmingham,2026-07-01T04:55:00.520066
2026-07-01T19:00,21.2,41,7.4,18.1,0,0.0,0.0,0.0,0.0,0.0,2,1022.0,1004.6,74,35040.0,16.6,34.6,birmingham,2026-07-01T04:55:00.520066
2026-07-01T20:00,19.9,52,9.8,17.3,0,0.0,0.0,0.0,0.0,0.0,0,1021.9,1004.4,0,33120.0,17.6,36.4,birmingham,2026-07-01T04:55:00.520066
2026-07-01T21:00,18.2,55,9.0,15.0,0,0.0,0.0,0.0,0.0,0.0,2,1022.1,1004.5,63,39120.0,19.8,41.0,birmingham,2026-07-01T04:55:00.520066
2026-07-01T22:00,17.1,66,10.7,14.0,0,0.0,0.0,0.0,0.0,0.0,3,1021.6,1004.0,100,39160.0,22.3,46.1,birmingham,2026-07-01T04:55:00.520066
2026-07-01T23:00,16.3,74,11.7,13.2,0,0.0,0.0,0.0,0.0,0.0,3,1020.9,1003.3,100,41160.0,24.8,50.0,birmingham,2026-07-01T04:55:00.520066
2026-07-01T00:00,17.5,83,14.6,17.6,0,0.0,0.0,0.0,0.0,0.0,0,1022.4,1021.1,18,29100.0,9.7,20.2,brighton,2026-07-01T04:55:02.991411
2026-07-01T01:00,17.4,80,13.9,17.3,0,0.0,0.0,0.0,0.0,0.0,3,1022.2,1020.9,88,27020.0,9.4,19.4,brighton,2026-07-01T04:55:02.991411
2026-07-01T02:00,17.1,79,13.4,16.8,0,0.0,0.0,0.0,0.0,0.0,1,1022.2,1020.9,45,26800.0,9.7,20.2,brighton,2026-07-01T04:55:02.991411
2026-07-01T03:00,16.6,80,13.1,16.2,0,0.0,0.0,0.0,0.0,0.0,1,1022.3,1021.0,32,24420.0,9.4,19.1,brighton,2026-07-01T04:55:02.991411
2026-07-01T04:00,16.3,83,13.4,16.1,0,0.0,0.0,0.0,0.0,0.0,2,1022.7,1021.4,61,20920.0,8.6,17.6,brighton,2026-07-01T04:55:02.991411
2026-07-01T05:00,16.4,84,13.6,16.0,0,0.0,0.0,0.0,0.0,0.0,2,1022.9,1021.6,76,20860.0,10.8,22.0,brighton,2026-07-01T04:55:02.991411
2026-07-01T06:00,17.0,81,13.7,16.6,0,0.0,0.0,0.0,0.0,0.0,1,1023.2,1021.9,40,21200.0,10.8,22.0,brighton,2026-07-01T04:55:02.991411
2026-07-01T07:00,18.1,75,13.6,17.8,0,0.0,0.0,0.0,0.0,0.0,0,1023.6,1022.3,0,21720.0,10.1,20.9,brighton,2026-07-01T04:55:02.991411
2026-07-01T08:00,19.5,65,12.8,18.9,0,0.0,0.0,0.0,0.0,0.0,1,1024.0,1022.7,44,26120.0,10.1,22.7,brighton,2026-07-01T04:55:02.991411
2026-07-01T09:00,20.6,60,12.5,20.0,0,0.0,0.0,0.0,0.0,0.0,2,1024.1,1022.8,64,25800.0,9.4,22.3,brighton,2026-07-01T04:55:02.991411
2026-07-01T10:00,21.8,52,11.5,21.1,0,0.0,0.0,0.0,0.0,0.0,2,1024.4,1023.1,66,27200.0,7.9,19.8,brighton,2026-07-01T04:55:02.991411
2026-07-01T11:00,22.9,47,11.0,21.9,0,0.0,0.0,0.0,0.0,0.0,3,1024.4,1023.1,80,28560.0,8.6,23.0,brighton,2026-07-01T04:55:02.991411
2026-07-01T12:00,23.5,45,10.9,22.7,0,0.0,0.0,0.0,0.0,0.0,2,1024.4,1023.1,69,27960.0,7.6,20.9,brighton,2026-07-01T04:55:02.991411
2026-07-01T13:00,23.6,45,11.0,22.9,0,0.0,0.0,0.0,0.0,0.0,3,1024.3,1023.0,85,27480.0,6.8,20.9,brighton,2026-07-01T04:55:02.991411
2026-07-01T14:00,22.3,62,14.6,21.1,0,0.0,0.0,0.0,0.0,0.0,3,1024.3,1023.0,99,21000.0,18.4,38.2,brighton,2026-07-01T04:55:02.991411
2026-07-01T15:00,22.1,63,14.7,20.9,0,0.0,0.0,0.0,0.0,0.0,3,1024.2,1022.9,84,23100.0,19.1,38.9,brighton,2026-07-01T04:55:02.991411
2026-07-01T16:00,21.7,67,15.3,21.1,0,0.0,0.0,0.0,0.0,0.0,3,1024.3,1023.0,90,24560.0,16.2,32.8,brighton,2026-07-01T04:55:02.991411
2026-07-01T17:00,22.7,59,14.3,21.4,0,0.0,0.0,0.0,0.0,0.0,1,1024.1,1022.8,31,26620.0,18.7,38.9,brighton,2026-07-01T04:55:02.991411
2026-07-01T18:00,22.6,58,13.9,21.4,0,0.0,0.0,0.0,0.0,0.0,1,1024.0,1022.7,37,27600.0,17.3,36.4,brighton,2026-07-01T04:55:02.991411
2026-07-01T19:00,22.6,52,12.2,21.2,0,0.0,0.0,0.0,0.0,0.0,0,1023.9,1022.6,8,29440.0,14.0,29.9,brighton,2026-07-01T04:55:02.991411
2026-07-01T20:00,21.7,51,11.1,20.1,0,0.0,0.0,0.0,0.0,0.0,0,1024.2,1022.9,0,30980.0,13.3,28.1,brighton,2026-07-01T04:55:02.991411
2026-07-01T21:00,20.8,54,11.1,19.4,0,0.0,0.0,0.0,0.0,0.0,0,1024.6,1023.3,0,26840.0,11.9,24.8,brighton,2026-07-01T04:55:02.991411
2026-07-01T22:00,19.7,59,11.4,17.9,0,0.0,0.0,0.0,0.0,0.0,0,1024.8,1023.5,0,27320.0,14.8,30.6,brighton,2026-07-01T04:55:02.991411
2026-07-01T23:00,18.6,58,10.1,16.6,0,0.0,0.0,0.0,0.0,0.0,2,1025.0,1023.7,52,33080.0,14.0,29.5,brighton,2026-07-01T04:55:02.991411
2026-07-01T00:00,16.6,83,13.7,17.7,14,0.0,0.0,0.0,0.0,0.0,3,1021.1,1012.6,93,19000.0,0.7,2.9,edinburgh,2026-07-01T04:55:40.755940
2026-07-01T01:00,16.2,82,13.1,16.6,6,0.0,0.0,0.0,0.0,0.0,3,1021.1,1012.6,80,15440.0,4.0,9.4,edinburgh,2026-07-01T04:55:40.755940
2026-07-01T02:00,15.6,83,12.8,15.9,2,0.0,0.0,0.0,0.0,0.0,3,1021.1,1012.6,84,13940.0,4.0,8.3,edinburgh,2026-07-01T04:55:40.755940
2026-07-01T03:00,15.4,82,12.4,15.4,0,0.0,0.0,0.0,0.0,0.0,2,1021.2,1012.7,57,13920.0,5.4,11.5,edinburgh,2026-07-01T04:55:40.755940
2026-07-01T04:00,15.3,84,12.6,15.5,0,0.0,0.0,0.0,0.0,0.0,2,1021.4,1012.9,62,12960.0,4.0,8.6,edinburgh,2026-07-01T04:55:40.755940
2026-07-01T05:00,15.5,82,12.4,15.6,0,0.0,0.0,0.0,0.0,0.0,3,1021.8,1013.3,91,12660.0,4.7,9.7,edinburgh,2026-07-01T04:55:40.755940
2026-07-01T06:00,15.8,81,12.6,16.1,0,0.0,0.0,0.0,0.0,0.0,3,1022.2,1013.7,95,12480.0,3.6,7.6,edinburgh,2026-07-01T04:55:40.755940
2026-07-01T07:00,16.4,78,12.5,16.5,0,0.0,0.0,0.0,0.0,0.0,3,1022.4,1013.9,99,12320.0,4.7,10.4,edinburgh,2026-07-01T04:55:40.755940
2026-07-01T08:00,17.0,74,12.4,17.4,1,0.0,0.0,0.0,0.0,0.0,3,1022.4,1013.9,98,15300.0,2.9,8.6,edinburgh,2026-07-01T04:55:40.755940
2026-07-01T09:00,17.8,72,12.7,18.2,8,0.0,0.0,0.0,0.0,0.0,3,1021.9,1013.4,99,20960.0,2.9,8.6,edinburgh,2026-07-01T04:55:40.755940
2026-07-01T10:00,17.7,76,13.5,18.1,29,0.0,0.0,0.1,0.0,0.0,3,1021.6,1013.1,100,14060.0,5.0,11.9,edinburgh,2026-07-01T04:55:40.755940
2026-07-01T11:00,18.0,79,14.3,18.5,56,0.3,0.3,0.1,0.0,0.0,51,1021.3,1012.8,100,14720.0,6.8,15.5,edinburgh,2026-07-01T04:55:40.755940
2026-07-01T12:00,17.3,89,15.5,18.4,75,1.2,1.2,0.1,0.0,0.0,55,1021.2,1012.7,100,9900.0,5.4,11.5,edinburgh,2026-07-01T04:55:40.755940
2026-07-01T13:00,17.1,91,15.7,18.8,77,1.5,1.5,0.1,0.0,0.0,61,1020.6,1012.1,100,8960.0,2.2,6.8,edinburgh,2026-07-01T04:55:40.755940
2026-07-01T14:00,17.0,86,14.6,16.4,70,0.0,0.0,0.0,0.0,0.0,3,1020.0,1011.5,100,21640.0,14.8,29.9,edinburgh,2026-07-01T04:55:40.755940
2026-07-01T15:00,17.8,74,13.1,17.0,67,0.0,0.0,0.1,0.0,0.0,3,1018.8,1010.3,100,23060.0,12.2,24.5,edinburgh,2026-07-01T04:55:40.755940
2026-07-01T16:00,17.3,78,13.5,16.8,75,0.1,0.1,0.0,0.0,0.0,51,1017.9,1009.4,100,19260.0,11.5,23.0,edinburgh,2026-07-01T04:55:40.755940
2026-07-01T17:00,18.0,72,12.9,16.5,87,0.3,0.3,0.0,0.0,0.0,51,1016.7,1008.3,100,26940.0,16.6,33.8,edinburgh,2026-07-01T04:55:40.755940
2026-07-01T18:00,16.2,81,12.9,15.0,96,0.5,0.5,0.0,0.0,0.0,53,1015.7,1007.2,100,16060.0,14.4,29.9,edinburgh,2026-07-01T04:55:40.755940
2026-07-01T19:00,14.6,80,11.2,13.3,100,0.4,0.4,0.0,0.0,0.0,51,1014.5,1006.0,100,35720.0,11.2,23.0,edinburgh,2026-07-01T04:55:40.755940
2026-07-01T20:00,14.7,80,11.3,11.0,100,0.0,0.0,0.0,0.0,0.0,3,1012.1,1003.6,100,41260.0,28.1,56.9,edinburgh,2026-07-01T04:55:40.755940
2026-07-01T21:00,15.0,81,11.8,11.2,100,0.0,0.0,0.0,0.0,0.0,3,1011.1,1002.6,98,38440.0,29.9,60.8,edinburgh,2026-07-01T04:55:40.755940
2026-07-01T22:00,15.6,82,12.5,13.1,100,0.0,0.0,0.0,0.0,0.0,3,1010.6,1002.2,100,37040.0,22.3,45.7,edinburgh,2026-07-01T04:55:40.755940
2026-07-01T23:00,15.8,88,13.9,13.9,100,0.1,0.1,0.0,0.0,0.0,51,1009.6,1001.2,100,8440.0,22.0,45.4,edinburgh,2026-07-01T04:55:40.755940
2026-07-01T00:00,15.5,94,14.5,16.6,31,0.9,0.9,0.0,0.0,0.0,53,1021.2,1019.1,99,11360.0,2.5,5.4,glasgow,2026-07-01T04:56:18.432325
2026-07-01T01:00,15.5,95,14.7,16.7,17,0.2,0.2,0.0,0.0,0.0,51,1021.4,1019.3,100,10340.0,2.2,4.7,glasgow,2026-07-01T04:56:18.432325
2026-07-01T02:00,15.6,92,14.3,16.6,7,0.0,0.0,0.0,0.0,0.0,3,1021.3,1019.2,100,13620.0,2.5,5.4,glasgow,2026-07-01T04:56:18.432325
2026-07-01T03:00,15.7,91,14.2,16.7,0,0.0,0.0,0.0,0.0,0.0,3,1021.3,1019.2,98,14680.0,2.9,6.1,glasgow,2026-07-01T04:56:18.432325
2026-07-01T04:00,15.8,90,14.2,16.7,0,0.0,0.0,0.0,0.0,0.0,3,1021.5,1019.4,100,15340.0,2.9,6.5,glasgow,2026-07-01T04:56:18.432325
2026-07-01T05:00,15.8,90,14.2,16.6,0,0.0,0.0,0.0,0.0,0.0,3,1021.7,1019.6,95,12360.0,3.6,7.6,glasgow,2026-07-01T04:56:18.432325
2026-07-01T06:00,15.9,88,13.9,16.5,0,0.0,0.0,0.0,0.0,0.0,3,1022.2,1020.1,100,11760.0,4.7,9.0,glasgow,2026-07-01T04:56:18.432325
2026-07-01T07:00,16.2,88,14.2,16.9,8,0.0,0.0,0.0,0.0,0.0,3,1022.4,1020.4,99,11600.0,4.0,8.3,glasgow,2026-07-01T04:56:18.432325
2026-07-01T08:00,16.7,84,13.9,17.5,20,0.0,0.0,0.0,0.0,0.0,3,1022.2,1020.2,100,13160.0,3.2,8.3,glasgow,2026-07-01T04:56:18.432325
2026-07-01T09:00,18.4,68,12.3,18.2,31,0.0,0.0,0.0,0.0,0.0,3,1021.8,1019.8,98,20680.0,6.1,15.5,glasgow,2026-07-01T04:56:18.432325
2026-07-01T10:00,18.7,68,12.6,18.3,40,0.0,0.0,0.0,0.0,0.0,3,1021.6,1019.6,100,20880.0,7.9,17.6,glasgow,2026-07-01T04:56:18.432325
2026-07-01T11:00,18.9,67,12.6,17.5,49,0.0,0.0,0.1,0.0,0.0,3,1021.4,1019.4,100,24560.0,14.8,31.0,glasgow,2026-07-01T04:56:18.432325
2026-07-01T12:00,18.4,68,12.4,17.4,55,0.0,0.0,0.1,0.0,0.0,3,1021.3,1019.3,100,24680.0,12.2,26.3,glasgow,2026-07-01T04:56:18.432325
2026-07-01T13:00,19.0,61,11.3,17.0,54,0.0,0.0,0.0,0.0,0.0,3,1020.8,1018.8,100,26060.0,16.6,33.8,glasgow,2026-07-01T04:56:18.432325
2026-07-01T14:00,18.2,65,11.5,16.1,51,0.0,0.0,0.0,0.0,0.0,3,1019.8,1017.8,100,24020.0,17.3,36.0,glasgow,2026-07-01T04:56:18.432325
2026-07-01T15:00,17.5,71,12.2,16.1,53,0.2,0.2,0.0,0.0,0.0,51,1018.7,1016.7,100,21540.0,14.0,29.9,glasgow,2026-07-01T04:56:18.432325
2026-07-01T16:00,17.3,78,13.4,16.2,67,0.5,0.5,0.0,0.0,0.0,53,1017.6,1015.6,100,17620.0,14.8,29.9,glasgow,2026-07-01T04:56:18.432325
2026-07-01T17:00,16.5,87,14.3,15.9,86,0.9,0.9,0.0,0.0,0.0,53,1016.3,1014.3,100,10700.0,13.7,28.1,glasgow,2026-07-01T04:56:18.432325
2026-07-01T18:00,14.7,87,12.5,13.1,100,1.1,1.1,0.0,0.0,0.0,55,1015.3,1013.3,100,17380.0,16.2,33.1,glasgow,2026-07-01T04:56:18.432325
2026-07-01T19:00,14.2,90,12.5,12.0,100,0.6,0.6,0.0,0.0,0.0,53,1013.4,1011.4,100,11160.0,20.5,41.0,glasgow,2026-07-01T04:56:18.432325
2026-07-01T20:00,15.0,88,13.0,12.5,100,0.1,0.1,0.0,0.0,0.0,51,1012.0,1010.0,100,21180.0,23.4,47.2,glasgow,2026-07-01T04:56:18.432325
2026-07-01T21:00,15.3,92,14.0,13.4,100,0.2,0.2,0.3,0.0,0.0,51,1011.2,1009.2,100,13200.0,22.3,45.4,glasgow,2026-07-01T04:56:18.432325
2026-07-01T22:00,15.9,93,14.8,13.9,100,0.2,0.2,0.0,0.0,0.0,51,1010.5,1008.5,100,12420.0,24.5,49.7,glasgow,2026-07-01T04:56:18.432325
2026-07-01T23:00,16.0,84,13.3,13.7,100,0.2,0.2,0.1,0.0,0.0,51,1010.5,1008.5,98,33780.0,22.7,47.2,glasgow,2026-07-01T04:56:18.432325
2026-07-01T00:00,19.3,70,13.7,18.9,14,0.0,0.0,0.0,0.0,0.0,1,1021.4,1020.2,32,26720.0,11.2,24.8,london,2026-07-01T04:56:20.911294
2026-07-01T01:00,18.5,74,13.8,18.2,8,0.0,0.0,0.0,0.0,0.0,2,1021.4,1020.2,78,27400.0,10.4,23.4,london,2026-07-01T04:56:20.911294
2026-07-01T02:00,18.4,73,13.5,18.1,3,0.0,0.0,0.0,0.0,0.0,3,1021.4,1020.2,98,24960.0,9.7,21.6,london,2026-07-01T04:56:20.911294
2026-07-01T03:00,18.4,73,13.5,18.1,0,0.0,0.0,0.0,0.0,0.0,3,1021.7,1020.5,98,22920.0,10.1,22.3,london,2026-07-01T04:56:20.911294
2026-07-01T04:00,18.1,75,13.6,17.9,0,0.0,0.0,0.0,0.0,0.0,3,1022.1,1020.9,97,19080.0,9.4,19.8,london,2026-07-01T04:56:20.911294
2026-07-01T05:00,18.1,74,13.4,18.0,0,0.0,0.0,0.0,0.0,0.0,3,1022.3,1021.1,86,17700.0,8.3,17.6,london,2026-07-01T04:56:20.911294
2026-07-01T06:00,18.3,71,13.0,18.0,0,0.0,0.0,0.0,0.0,0.0,2,1022.7,1021.5,59,17920.0,9.0,20.2,london,2026-07-01T04:56:20.911294
2026-07-01T07:00,18.8,69,13.0,18.5,0,0.0,0.0,0.0,0.0,0.0,1,1023.3,1022.1,41,18100.0,8.6,20.2,london,2026-07-01T04:56:20.911294
2026-07-01T08:00,19.9,59,11.7,18.9,0,0.0,0.0,0.0,0.0,0.0,1,1023.6,1022.4,30,21400.0,10.4,24.5,london,2026-07-01T04:56:20.911294
2026-07-01T09:00,21.2,52,11.0,20.1,0,0.0,0.0,0.0,0.0,0.0,1,1023.8,1022.6,37,21920.0,9.7,23.8,london,2026-07-01T04:56:20.911294
2026-07-01T10:00,22.5,46,10.3,21.0,0,0.0,0.0,0.0,0.0,0.0,2,1023.9,1022.7,66,23320.0,11.5,28.1,london,2026-07-01T04:56:20.911294
2026-07-01T11:00,23.2,44,10.3,21.5,0,0.0,0.0,0.0,0.0,0.0,2,1024.0,1022.8,59,23080.0,12.2,30.2,london,2026-07-01T04:56:20.911294
2026-07-01T12:00,23.1,46,10.8,21.7,0,0.0,0.0,0.0,0.0,0.0,2,1024.0,1022.8,77,22640.0,11.2,28.1,london,2026-07-01T04:56:20.911294
2026-07-01T13:00,23.4,45,10.8,22.6,0,0.0,0.0,0.0,0.0,0.0,3,1023.9,1022.7,87,20440.0,6.8,19.8,london,2026-07-01T04:56:20.911294
2026-07-01T14:00,24.0,42,10.3,22.8,0,0.0,0.0,0.0,0.0,0.0,2,1023.6,1022.4,77,21780.0,9.4,24.1,london,2026-07-01T04:56:20.911294
2026-07-01T15:00,24.6,39,9.7,23.2,0,0.0,0.0,0.0,0.0,0.0,3,1023.4,1022.2,86,22860.0,9.0,23.4,london,2026-07-01T04:56:20.911294
2026-07-01T16:00,25.0,38,9.7,23.3,0,0.0,0.0,0.0,0.0,0.0,2,1023.4,1022.2,75,23720.0,11.2,26.6,london,2026-07-01T04:56:20.911294
2026-07-01T17:00,24.9,38,9.6,23.1,0,0.0,0.0,0.0,0.0,0.0,2,1023.2,1022.0,78,24740.0,11.9,28.1,london,2026-07-01T04:56:20.911294
2026-07-01T18:00,24.6,40,10.1,22.7,0,0.0,0.0,0.0,0.0,0.0,2,1023.0,1021.8,79,25120.0,13.0,29.9,london,2026-07-01T04:56:20.911294
2026-07-01T19:00,24.1,41,10.0,22.2,0,0.0,0.0,0.0,0.0,0.0,2,1023.0,1021.8,70,26480.0,13.3,30.2,london,2026-07-01T04:56:20.911294
2026-07-01T20:00,23.2,44,10.3,21.1,0,0.0,0.0,0.0,0.0,0.0,1,1023.0,1021.8,27,26500.0,14.8,32.8,london,2026-07-01T04:56:20.911294
2026-07-01T21:00,21.9,51,11.3,20.1,0,0.0,0.0,0.0,0.0,0.0,0,1023.4,1022.2,4,22660.0,15.1,33.1,london,2026-07-01T04:56:20.911294
2026-07-01T22:00,20.5,56,11.4,18.5,0,0.0,0.0,0.0,0.0,0.0,0,1023.5,1022.3,0,25040.0,16.6,36.4,london,2026-07-01T04:56:20.911294
2026-07-01T23:00,19.4,52,9.3,16.7,0,0.0,0.0,0.0,0.0,0.0,0,1023.5,1022.3,4,27640.0,16.9,37.1,london,2026-07-01T04:56:20.911294
2026-07-01T00:00,16.1,88,14.1,16.8,14,0.0,0.0,0.0,0.0,0.0,2,1021.1,1015.3,52,15280.0,4.3,9.4,manchester,2026-07-01T04:57:38.761861
2026-07-01T01:00,16.0,86,13.6,16.4,4,0.0,0.0,0.0,0.0,0.0,3,1021.3,1015.5,92,17300.0,5.0,10.8,manchester,2026-07-01T04:57:38.761861
2026-07-01T02:00,15.9,84,13.2,16.3,2,0.0,0.0,0.1,0.0,0.0,3,1021.3,1015.5,98,17380.0,4.7,10.1,manchester,2026-07-01T04:57:38.761861
2026-07-01T03:00,15.8,87,13.6,16.5,2,0.0,0.0,0.0,0.0,0.0,3,1021.3,1015.5,90,13420.0,3.2,7.2,manchester,2026-07-01T04:57:38.761861
2026-07-01T04:00,15.8,87,13.6,16.4,0,0.0,0.0,0.0,0.0,0.0,3,1021.5,1015.7,87,13080.0,4.0,8.6,manchester,2026-07-01T04:57:38.761861
2026-07-01T05:00,15.8,88,13.8,16.4,0,0.0,0.0,0.0,0.0,0.0,3,1022.0,1016.2,91,11440.0,4.7,9.4,manchester,2026-07-01T04:57:38.761861
2026-07-01T06:00,16.4,85,13.9,17.0,8,0.0,0.0,0.0,0.0,0.0,3,1022.4,1016.6,95,11960.0,4.7,9.4,manchester,2026-07-01T04:57:38.761861
2026-07-01T07:00,17.1,84,14.4,17.5,34,0.0,0.0,0.1,0.0,0.0,3,1023.0,1017.2,91,13480.0,7.2,15.5,manchester,2026-07-01T04:57:38.761861
2026-07-01T08:00,17.9,80,14.4,18.1,69,0.0,0.0,0.1,0.0,0.0,3,1023.1,1017.4,98,16420.0,8.3,17.3,manchester,2026-07-01T04:57:38.761861
2026-07-01T09:00,18.7,74,14.0,18.8,94,0.0,0.0,0.1,0.0,0.0,3,1023.2,1017.5,97,19360.0,8.3,18.4,manchester,2026-07-01T04:57:38.761861
2026-07-01T10:00,16.5,90,14.8,17.7,100,1.4,1.4,0.1,0.0,0.0,61,1023.6,1017.8,100,13180.0,2.5,6.5,manchester,2026-07-01T04:57:38.761861
2026-07-01T11:00,18.4,81,15.1,17.9,97,0.0,0.0,0.1,0.0,0.0,3,1023.6,1017.9,99,18740.0,15.5,31.7,manchester,2026-07-01T04:57:38.761861
2026-07-01T12:00,19.5,63,12.2,18.0,86,0.0,0.0,0.0,0.0,0.0,3,1023.5,1017.8,100,23220.0,15.1,32.8,manchester,2026-07-01T04:57:38.761861
2026-07-01T13:00,20.4,55,11.1,18.7,65,0.0,0.0,0.0,0.0,0.0,3,1023.6,1017.9,92,25280.0,16.2,35.6,manchester,2026-07-01T04:57:38.761861
2026-07-01T14:00,21.2,48,9.8,19.2,36,0.0,0.0,0.0,0.0,0.0,3,1023.4,1017.7,100,29560.0,17.3,37.4,manchester,2026-07-01T04:57:38.761861
2026-07-01T15:00,20.7,52,10.5,18.5,14,0.0,0.0,0.0,0.0,0.0,3,1023.0,1017.3,100,27320.0,15.8,35.3,manchester,2026-07-01T04:57:38.761861
2026-07-01T16:00,20.6,53,10.7,18.3,4,0.0,0.0,0.0,0.0,0.0,3,1022.6,1016.9,100,27580.0,17.3,37.4,manchester,2026-07-01T04:57:38.761861
2026-07-01T17:00,20.7,53,10.8,18.8,1,0.0,0.0,0.0,0.0,0.0,3,1021.9,1016.2,97,27000.0,14.8,33.1,manchester,2026-07-01T04:57:38.761861
2026-07-01T18:00,20.0,57,11.2,18.5,0,0.0,0.0,0.0,0.0,0.0,3,1021.1,1015.4,100,24400.0,13.0,28.1,manchester,2026-07-01T04:57:38.761861
2026-07-01T19:00,20.0,52,9.8,17.3,0,0.0,0.0,0.0,0.0,0.0,3,1020.5,1014.8,100,28540.0,18.4,38.2,manchester,2026-07-01T04:57:38.761861
2026-07-01T20:00,19.0,55,9.8,16.6,1,0.0,0.0,0.0,0.0,0.0,3,1020.1,1014.4,100,32700.0,16.6,34.6,manchester,2026-07-01T04:57:38.761861
2026-07-01T21:00,18.1,55,8.9,15.0,8,0.0,0.0,0.0,0.0,0.0,3,1019.5,1013.8,100,39700.0,19.1,38.9,manchester,2026-07-01T04:57:38.761861
2026-07-01T22:00,17.2,68,11.2,14.8,25,0.0,0.0,0.0,0.0,0.0,3,1018.9,1013.2,100,39860.0,19.1,39.6,manchester,2026-07-01T04:57:38.761861
2026-07-01T23:00,17.2,75,12.7,15.6,47,0.0,0.0,0.0,0.0,0.0,3,1018.2,1012.5,100,37740.0,16.6,34.6,manchester,2026-07-01T04:57:38.761861
2026-07-01T00:00,22.0,77,17.8,24.4,0,0.0,0.0,0.0,0.0,0.0,1,1018.3,1000.1,3,34740.0,3.1,7.6,kiev,2026-07-01T04:58:16.383592
2026-07-01T01:00,21.7,78,17.7,24.1,0,0.0,0.0,0.0,0.0,0.0,0,1018.4,1000.2,0,34140.0,2.3,7.2,kiev,2026-07-01T04:58:16.383592
2026-07-01T02:00,21.2,81,17.8,23.8,0,0.0,0.0,0.0,0.0,0.0,1,1018.3,1000.1,14,32200.0,1.5,5.8,kiev,2026-07-01T04:58:16.383592
2026-07-01T03:00,20.9,83,17.9,23.5,0,0.0,0.0,0.0,0.0,0.0,0,1018.4,1000.1,0,29800.0,1.8,4.7,kiev,2026-07-01T04:58:16.383592
2026-07-01T04:00,21.8,80,18.2,24.4,0,0.0,0.0,0.0,0.0,0.0,0,1018.1,999.9,0,30940.0,2.3,7.2,kiev,2026-07-01T04:58:16.383592
2026-07-01T05:00,23.0,75,18.3,25.6,0,0.0,0.0,0.0,0.0,0.0,0,1018.4,1000.3,3,33820.0,2.8,9.4,kiev,2026-07-01T04:58:16.383592
2026-07-01T06:00,24.5,69,18.5,27.1,0,0.0,0.0,0.0,0.0,0.0,2,1018.3,1000.3,57,36740.0,3.9,11.9,kiev,2026-07-01T04:58:16.383592
2026-07-01T07:00,26.0,60,17.7,28.1,0,0.0,0.0,0.0,0.0,0.0,3,1018.0,1000.1,94,39480.0,5.8,16.9,kiev,2026-07-01T04:58:16.383592
2026-07-01T08:00,27.2,54,17.1,29.6,0,0.0,0.0,0.0,0.0,0.0,2,1017.6,999.7,62,40500.0,7.1,19.8,kiev,2026-07-01T04:58:16.383592
2026-07-01T09:00,28.3,49,16.5,30.8,0,0.0,0.0,0.0,0.0,0.0,1,1017.2,999.4,36,41120.0,7.7,22.3,kiev,2026-07-01T04:58:16.383592
2026-07-01T10:00,29.2,46,16.4,31.9,0,0.0,0.0,0.0,0.0,0.0,1,1016.7,999.0,37,41600.0,8.0,23.4,kiev,2026-07-01T04:58:16.383592
2026-07-01T11:00,29.9,44,16.3,32.5,0,0.0,0.0,0.0,0.0,0.0,1,1016.5,998.8,30,41900.0,8.9,25.2,kiev,2026-07-01T04:58:16.383592
2026-07-01T12:00,30.4,43,16.4,32.6,0,0.0,0.0,0.0,0.0,0.0,1,1016.2,998.5,27,42060.0,9.6,26.3,kiev,2026-07-01T04:58:16.383592
2026-07-01T13:00,30.6,40,15.5,31.9,0,0.0,0.0,0.0,0.0,0.0,1,1015.8,998.2,29,42680.0,10.0,27.4,kiev,2026-07-01T04:58:16.383592
2026-07-01T14:00,30.4,44,16.8,31.4,0,0.0,0.0,0.0,0.0,0.0,1,1015.0,997.4,39,41980.0,10.1,27.7,kiev,2026-07-01T04:58:16.383592
2026-07-01T15:00,30.1,43,16.1,30.7,0,0.0,0.0,0.0,0.0,0.0,1,1014.4,996.8,32,42340.0,10.2,27.7,kiev,2026-07-01T04:58:16.383592
2026-07-01T16:00,29.6,42,15.3,29.9,0,0.0,0.0,0.0,0.0,0.0,0,1014.1,996.4,4,42640.0,10.1,27.0,kiev,2026-07-01T04:58:16.383592
2026-07-01T17:00,28.7,45,15.6,29.1,0,0.0,0.0,0.0,0.0,0.0,0,1014.2,996.5,6,42200.0,9.8,26.3,kiev,2026-07-01T04:58:16.383592
2026-07-01T18:00,27.3,51,16.3,28.5,0,0.0,0.0,0.0,0.0,0.0,0,1014.1,996.3,0,41420.0,6.2,23.8,kiev,2026-07-01T04:58:16.383592
2026-07-01T19:00,26.0,57,16.8,27.7,0,0.0,0.0,0.0,0.0,0.0,0,1014.2,996.3,0,40760.0,4.3,15.5,kiev,2026-07-01T04:58:16.383592
2026-07-01T20:00,24.9,63,17.4,27.0,0,0.0,0.0,0.0,0.0,0.0,0,1014.1,996.2,0,39840.0,3.9,10.8,kiev,2026-07-01T04:58:16.383592
2026-07-01T21:00,24.1,66,17.4,26.3,0,0.0,0.0,0.0,0.0,0.0,0,1014.2,996.2,0,39100.0,3.4,9.0,kiev,2026-07-01T04:58:16.383592
2026-07-01T22:00,23.4,68,17.1,25.4,0,0.0,0.0,0.0,0.0,0.0,0,1014.1,996.1,0,38480.0,3.7,9.4,kiev,2026-07-01T04:58:16.383592
2026-07-01T23:00,22.8,70,17.0,24.7,0,0.0,0.0,0.0,0.0,0.0,0,1014.0,995.9,0,37980.0,3.6,10.1,kiev,2026-07-01T04:58:16.383592
2026-07-01T00:00,9.8,89,8.0,7.8,0,0.0,0.0,0.0,0.0,0.0,0,1018.8,1013.4,1,7280.0,9.9,13.7,montevideo,2026-07-01T04:59:34.194910
2026-07-01T01:00,8.4,90,6.8,5.9,0,0.0,0.0,0.0,0.0,0.0,0,1019.0,1013.6,1,7260.0,11.2,15.8,montevideo,2026-07-01T04:59:34.194910
2026-07-01T02:00,7.4,88,5.6,4.5,0,0.0,0.0,0.0,0.0,0.0,0,1019.2,1013.8,1,7740.0,12.1,18.0,montevideo,2026-07-01T04:59:34.194910
2026-07-01T03:00,7.2,89,5.5,4.1,0,0.0,0.0,0.0,0.0,0.0,0,1019.5,1014.1,0,16980.0,13.5,19.8,montevideo,2026-07-01T04:59:34.194910
2026-07-01T04:00,7.0,90,5.4,4.0,0,0.0,0.0,0.0,0.0,0.0,0,1019.4,1013.9,0,36020.0,12.5,19.8,montevideo,2026-07-01T04:59:34.194910
2026-07-01T05:00,6.7,91,5.3,3.8,0,0.0,0.0,0.0,0.0,0.0,0,1019.4,1013.9,0,31080.0,11.4,18.7,montevideo,2026-07-01T04:59:34.194910
2026-07-01T06:00,6.3,93,5.3,3.7,0,0.0,0.0,0.0,0.0,0.0,2,1019.5,1014.0,64,31080.0,10.0,17.3,montevideo,2026-07-01T04:59:34.194910
2026-07-01T07:00,6.0,94,5.2,3.4,0,0.0,0.0,0.0,0.0,0.0,1,1019.6,1014.1,45,31080.0,9.4,15.8,montevideo,2026-07-01T04:59:34.194910
2026-07-01T08:00,5.7,97,5.3,3.4,0,0.0,0.0,0.0,0.0,0.0,0,1019.7,1014.2,9,22980.0,7.8,15.5,montevideo,2026-07-01T04:59:34.194910
2026-07-01T09:00,5.6,98,5.3,3.5,0,0.0,0.0,0.0,0.0,0.0,0,1020.0,1014.5,6,4480.0,6.4,13.7,montevideo,2026-07-01T04:59:34.194910
2026-07-01T10:00,5.3,100,5.2,3.2,0,0.0,0.0,0.0,0.0,0.0,3,1020.5,1015.0,98,220.0,5.7,12.2,montevideo,2026-07-01T04:59:34.194910
2026-07-01T11:00,4.8,99,4.7,2.8,0,0.0,0.0,0.0,0.0,0.0,3,1021.0,1015.5,98,100.0,4.8,11.5,montevideo,2026-07-01T04:59:34.194910
2026-07-01T12:00,4.7,99,4.6,3.0,0,0.0,0.0,0.0,0.0,0.0,3,1021.8,1016.3,99,80.0,3.1,10.8,montevideo,2026-07-01T04:59:34.194910
2026-07-01T13:00,5.5,99,5.4,3.7,0,0.0,0.0,0.0,0.0,0.0,3,1022.9,1017.4,100,140.0,4.5,10.4,montevideo,2026-07-01T04:59:34.194910
2026-07-01T14:00,6.9,92,5.7,5.0,0,0.0,0.0,0.0,0.0,0.0,3,1023.7,1018.2,96,160.0,5.4,11.5,montevideo,2026-07-01T04:59:34.194910
2026-07-01T15:00,8.0,90,6.5,6.1,0,0.0,0.0,0.0,0.0,0.0,3,1024.0,1018.5,100,120.0,6.8,12.2,montevideo,2026-07-01T04:59:34.194910
2026-07-01T16:00,8.8,90,7.3,7.1,0,0.0,0.0,0.0,0.0,0.0,3,1023.8,1018.4,95,140.0,6.8,12.2,montevideo,2026-07-01T04:59:34.194910
2026-07-01T17:00,9.7,92,8.4,7.1,0,0.0,0.0,0.0,0.0,0.0,2,1023.3,1017.9,64,380.0,14.3,18.7,montevideo,2026-07-01T04:59:34.194910
2026-07-01T18:00,9.9,89,8.2,6.2,0,0.0,0.0,0.0,0.0,0.0,2,1023.4,1018.0,71,3980.0,21.6,28.1,montevideo,2026-07-01T04:59:34.194910
2026-07-01T19:00,9.7,84,7.1,5.6,0,0.0,0.0,0.0,0.0,0.0,0,1024.1,1018.7,16,39840.0,23.1,31.0,montevideo,2026-07-01T04:59:34.194910
2026-07-01T20:00,10.8,77,7.0,6.0,0,0.0,0.0,0.0,0.0,0.0,3,1024.7,1019.3,96,2740.0,27.1,37.8,montevideo,2026-07-01T04:59:34.194910
2026-07-01T21:00,10.4,81,7.4,5.0,0,0.1,0.0,0.1,0.0,0.0,51,1025.6,1020.2,100,16020.0,32.1,42.5,montevideo,2026-07-01T04:59:34.194910
2026-07-01T22:00,10.2,79,6.8,4.9,1,0.1,0.1,0.0,0.0,0.0,51,1026.6,1021.2,100,11460.0,30.4,42.5,montevideo,2026-07-01T04:59:34.194910
2026-07-01T23:00,10.0,74,5.6,4.3,3,0.1,0.1,0.0,0.0,0.0,51,1027.5,1022.1,100,20280.0,31.2,40.3,montevideo,2026-07-01T04:59:34.194910
2026-07-01T00:00,31.1,69,24.8,36.4,7,0.0,0.0,0.0,0.0,0.0,95,1016.7,983.7,45,24800.0,8.8,12.2,atlanta,2026-07-01T04:59:36.739700
2026-07-01T01:00,30.5,69,24.2,35.7,3,0.0,0.0,0.0,0.0,0.0,95,1017.1,984.0,10,25400.0,7.4,14.4,atlanta,2026-07-01T04:59:36.739700
2026-07-01T02:00,29.3,75,24.4,35.4,3,0.0,0.0,0.0,0.0,0.0,95,1017.6,984.4,32,21400.0,2.3,4.3,atlanta,2026-07-01T04:59:36.739700
2026-07-01T03:00,28.3,80,24.6,34.1,3,0.0,0.0,0.0,0.0,0.0,95,1016.5,983.2,0,18600.0,4.7,7.2,atlanta,2026-07-01T04:59:36.739700
2026-07-01T04:00,27.9,83,24.7,33.9,1,0.0,0.0,0.0,0.0,0.0,95,1017.0,983.6,0,17100.0,4.0,6.1,atlanta,2026-07-01T04:59:36.739700
2026-07-01T05:00,27.5,83,24.4,33.4,1,0.0,0.0,0.0,0.0,0.0,95,1017.1,983.7,0,17200.0,3.1,4.3,atlanta,2026-07-01T04:59:36.739700
2026-07-01T06:00,27.2,82,23.8,32.5,0,0.0,0.0,0.0,0.0,0.0,95,1017.3,983.8,0,17700.0,4.7,5.0,atlanta,2026-07-01T04:59:36.739700
2026-07-01T07:00,26.6,82,23.3,31.6,0,0.0,0.0,0.0,0.0,0.0,95,1016.8,983.3,2,17600.0,4.7,6.1,atlanta,2026-07-01T04:59:36.739700
2026-07-01T08:00,26.0,82,22.7,30.5,1,0.0,0.0,0.0,0.0,0.0,95,1016.5,982.9,0,17400.0,5.7,9.4,atlanta,2026-07-01T04:59:36.739700
2026-07-01T09:00,25.6,83,22.5,30.1,1,0.0,0.0,0.0,0.0,0.0,95,1016.8,983.2,0,17200.0,5.5,8.3,atlanta,2026-07-01T04:59:36.739700
2026-07-01T10:00,25.3,84,22.4,29.5,0,0.0,0.0,0.0,0.0,0.0,95,1017.1,983.4,0,16700.0,6.0,8.6,atlanta,2026-07-01T04:59:36.739700
2026-07-01T11:00,25.0,89,23.1,29.9,0,0.0,0.0,0.0,0.0,0.0,0,1018.2,984.5,0,14400.0,4.5,7.9,atlanta,2026-07-01T04:59:36.739700
2026-07-01T12:00,26.6,83,23.5,31.6,0,0.0,0.0,0.0,0.0,0.0,95,1018.7,985.1,0,16900.0,5.4,11.5,atlanta,2026-07-01T04:59:36.739700
2026-07-01T13:00,28.2,73,22.9,33.1,1,0.0,0.0,0.0,0.0,0.0,95,1018.7,985.3,0,21600.0,4.3,5.8,atlanta,2026-07-01T04:59:36.739700
2026-07-01T14:00,30.2,63,22.4,34.8,1,0.0,0.0,0.0,0.0,0.0,95,1018.6,985.4,1,27400.0,3.9,9.4,atlanta,2026-07-01T04:59:36.739700
2026-07-01T15:00,32.2,54,21.7,37.0,1,0.0,0.0,0.0,0.0,0.0,95,1018.7,985.7,3,33200.0,5.1,13.3,atlanta,2026-07-01T04:59:36.739700
2026-07-01T16:00,33.4,50,21.6,37.9,2,0.0,0.0,0.0,0.0,0.0,95,1018.7,985.9,27,37000.0,5.2,14.8,atlanta,2026-07-01T04:59:36.739700
2026-07-01T17:00,34.6,47,21.6,39.9,4,0.0,0.0,0.0,0.0,0.0,95,1018.3,985.6,29,39400.0,6.5,13.7,atlanta,2026-07-01T04:59:36.739700
2026-07-01T18:00,35.4,45,21.7,40.8,8,0.0,0.0,0.0,0.0,0.0,95,1018.1,985.5,25,41400.0,9.0,16.9,atlanta,2026-07-01T04:59:36.739700
2026-07-01T19:00,36.0,43,21.4,40.9,7,0.0,0.0,0.0,0.0,0.0,95,1017.2,984.7,17,43600.0,10.0,18.0,atlanta,2026-07-01T04:59:36.739700
2026-07-01T20:00,36.6,39,20.4,40.7,8,0.0,0.0,0.0,0.0,0.0,95,1016.6,984.2,17,48100.0,9.9,16.9,atlanta,2026-07-01T04:59:36.739700
2026-07-01T21:00,36.5,38,19.9,38.9,11,0.0,0.0,0.0,0.0,0.0,95,1016.7,984.2,15,49900.0,9.8,18.4,atlanta,2026-07-01T04:59:36.739700
2026-07-01T22:00,36.6,37,19.5,39.1,13,0.0,0.0,0.0,0.0,0.0,95,1016.3,983.9,1,51000.0,8.3,17.6,atlanta,2026-07-01T04:59:36.739700
2026-07-01T23:00,36.2,37,19.2,38.1,10,0.0,0.0,0.0,0.0,0.0,95,1016.0,983.5,1,51200.0,10.9,18.7,atlanta,2026-07-01T04:59:36.739700
2026-07-01T00:00,25.7,71,20.1,27.9,24,0.0,0.0,0.0,0.0,0.0,3,1015.7,1012.7,96,22400.0,11.5,17.3,boston,2026-07-01T05:00:14.975359
2026-07-01T01:00,24.3,74,19.4,26.8,17,0.0,0.0,0.0,0.0,0.0,3,1015.7,1012.7,100,21000.0,7.2,18.0,boston,2026-07-01T05:00:14.975359
2026-07-01T02:00,23.9,75,19.2,25.1,13,0.0,0.0,0.0,0.0,0.0,3,1016.4,1013.4,100,19700.0,15.8,31.7,boston,2026-07-01T05:00:14.975359
2026-07-01T03:00,23.3,77,19.0,24.7,6,0.0,0.0,0.0,0.0,0.0,1,1016.0,1013.0,44,19100.0,13.5,29.9,boston,2026-07-01T05:00:14.975359
2026-07-01T04:00,23.3,74,18.4,24.7,16,0.0,0.0,0.0,0.0,0.0,2,1014.9,1011.9,67,20600.0,11.6,22.7,boston,2026-07-01T05:00:14.975359
2026-07-01T05:00,22.4,69,16.5,22.9,22,0.0,0.0,0.0,0.0,0.0,2,1014.9,1011.9,55,23500.0,12.1,25.9,boston,2026-07-01T05:00:14.975359
2026-07-01T06:00,22.0,70,16.3,22.4,20,0.0,0.0,0.0,0.0,0.0,0,1015.4,1012.3,1,23000.0,12.0,25.2,boston,2026-07-01T05:00:14.975359
2026-07-01T07:00,21.6,68,15.4,21.5,13,0.0,0.0,0.0,0.0,0.0,0,1014.9,1011.8,10,24100.0,13.0,23.0,boston,2026-07-01T05:00:14.975359
2026-07-01T08:00,21.5,67,15.1,21.2,10,0.0,0.0,0.0,0.0,0.0,3,1015.1,1012.0,100,24900.0,13.8,24.1,boston,2026-07-01T05:00:14.975359
2026-07-01T09:00,21.4,67,15.0,20.9,8,0.0,0.0,0.0,0.0,0.0,3,1014.5,1011.4,100,24800.0,15.0,24.8,boston,2026-07-01T05:00:14.975359
2026-07-01T10:00,21.9,67,15.5,21.7,5,0.0,0.0,0.0,0.0,0.0,2,1013.8,1010.8,67,24900.0,14.0,28.4,boston,2026-07-01T05:00:14.975359
2026-07-01T11:00,23.7,63,16.3,23.5,7,0.0,0.0,0.0,0.0,0.0,3,1013.9,1010.9,100,27000.0,16.1,33.5,boston,2026-07-01T05:00:14.975359
2026-07-01T12:00,24.5,63,17.0,24.6,5,0.0,0.0,0.0,0.0,0.0,1,1014.0,1011.0,37,26900.0,16.3,38.9,boston,2026-07-01T05:00:14.975359
2026-07-01T13:00,27.3,59,18.6,28.2,4,0.0,0.0,0.0,0.0,0.0,3,1014.3,1011.3,100,28700.0,15.5,27.0,boston,2026-07-01T05:00:14.975359
2026-07-01T14:00,29.5,57,20.1,31.8,4,0.0,0.0,0.0,0.0,0.0,0,1014.1,1011.1,7,30700.0,14.8,27.7,boston,2026-07-01T05:00:14.975359
2026-07-01T15:00,31.6,54,21.2,35.1,8,0.0,0.0,0.0,0.0,0.0,3,1013.5,1010.6,95,33100.0,13.5,20.2,boston,2026-07-01T05:00:14.975359
2026-07-01T16:00,33.0,52,21.9,37.0,6,0.0,0.0,0.0,0.0,0.0,0,1013.5,1010.6,15,34300.0,16.0,21.2,boston,2026-07-01T05:00:14.975359
2026-07-01T17:00,32.5,52,21.4,34.8,2,0.0,0.0,0.0,0.0,0.0,3,1013.1,1010.2,92,35300.0,15.8,22.3,boston,2026-07-01T05:00:14.975359
2026-07-01T18:00,33.9,49,21.7,36.2,1,0.0,0.0,0.0,0.0,0.0,3,1012.3,1009.4,100,37700.0,17.2,25.2,boston,2026-07-01T05:00:14.975359
2026-07-01T19:00,35.3,44,21.2,37.3,1,0.0,0.0,0.0,0.0,0.0,95,1012.4,1009.5,100,42400.0,19.0,26.6,boston,2026-07-01T05:00:14.975359
2026-07-01T20:00,36.0,42,21.1,38.2,1,0.0,0.0,0.0,0.0,0.0,95,1011.8,1008.9,12,44900.0,19.2,26.6,boston,2026-07-01T05:00:14.975359
2026-07-01T21:00,35.6,43,21.1,37.4,5,0.0,0.0,0.0,0.0,0.0,95,1011.8,1008.9,100,43700.0,18.7,25.6,boston,2026-07-01T05:00:14.975359
2026-07-01T22:00,35.6,43,21.1,37.9,2,0.0,0.0,0.0,0.0,0.0,95,1012.0,1009.1,1,44300.0,14.6,22.0,boston,2026-07-01T05:00:14.975359
2026-07-01T23:00,34.2,46,21.0,37.5,1,0.0,0.0,0.0,0.0,0.0,95,1012.1,1009.2,60,41300.0,7.2,21.2,boston,2026-07-01T05:00:14.975359
2026-07-01T00:00,32.4,61,24.0,34.7,0,0.0,0.0,0.0,0.0,0.0,95,1010.6,990.1,2,28400.0,26.1,46.4,chicago,2026-07-01T05:00:52.608280
2026-07-01T01:00,31.6,65,24.2,34.4,0,0.0,0.0,0.0,0.0,0.0,95,1010.9,990.3,3,26200.0,23.4,44.3,chicago,2026-07-01T05:00:52.608280
2026-07-01T02:00,30.6,68,24.1,33.9,0,0.0,0.0,0.0,0.0,0.0,95,1011.7,991.0,1,24400.0,19.5,45.4,chicago,2026-07-01T05:00:52.608280
2026-07-01T03:00,29.4,68,22.9,32.2,0,0.0,0.0,0.0,0.0,0.0,95,1011.9,991.1,0,24200.0,17.8,41.0,chicago,2026-07-01T05:00:52.608280
2026-07-01T04:00,28.5,73,23.2,32.1,0,0.0,0.0,0.0,0.0,0.0,95,1012.2,991.4,0,21100.0,14.0,29.5,chicago,2026-07-01T05:00:52.608280
2026-07-01T05:00,27.7,77,23.3,31.9,0,0.0,0.0,0.0,0.0,0.0,95,1012.0,991.1,0,19300.0,10.0,21.6,chicago,2026-07-01T05:00:52.608280
2026-07-01T06:00,27.0,81,23.5,31.3,1,0.0,0.0,0.0,0.0,0.0,95,1012.8,991.9,0,17400.0,9.8,21.2,chicago,2026-07-01T05:00:52.608280
2026-07-01T07:00,26.4,85,23.7,31.0,1,0.0,0.0,0.0,0.0,0.0,0,1013.6,992.6,0,15700.0,9.7,22.0,chicago,2026-07-01T05:00:52.608280
2026-07-01T08:00,26.0,84,23.1,29.8,1,0.0,0.0,0.0,0.0,0.0,0,1013.4,992.4,0,16300.0,12.5,27.4,chicago,2026-07-01T05:00:52.608280
2026-07-01T09:00,25.4,83,22.3,28.7,1,0.0,0.0,0.0,0.0,0.0,0,1012.8,991.7,0,16700.0,12.0,26.3,chicago,2026-07-01T05:00:52.608280
2026-07-01T10:00,24.7,83,21.7,27.7,1,0.0,0.0,0.0,0.0,0.0,0,1012.9,991.8,0,16700.0,12.0,25.6,chicago,2026-07-01T05:00:52.608280
2026-07-01T11:00,24.7,84,21.8,27.9,1,0.0,0.0,0.0,0.0,0.0,0,1013.6,992.5,0,16400.0,11.2,24.5,chicago,2026-07-01T05:00:52.608280
2026-07-01T12:00,26.0,81,22.5,29.4,2,0.0,0.0,0.0,0.0,0.0,0,1015.0,993.9,0,17800.0,12.7,34.6,chicago,2026-07-01T05:00:52.608280
2026-07-01T13:00,27.9,74,22.8,31.2,2,0.0,0.0,0.0,0.0,0.0,0,1015.1,994.2,0,21700.0,14.2,34.2,chicago,2026-07-01T05:00:52.608280
2026-07-01T14:00,29.9,64,22.4,32.9,2,0.0,0.0,0.0,0.0,0.0,0,1014.7,993.9,0,27300.0,14.7,29.5,chicago,2026-07-01T05:00:52.608280
2026-07-01T15:00,32.2,55,22.0,35.4,1,0.0,0.0,0.0,0.0,0.0,0,1014.3,993.7,0,33400.0,16.0,25.6,chicago,2026-07-01T05:00:52.608280
2026-07-01T16:00,34.1,46,20.8,37.4,1,0.0,0.0,0.0,0.0,0.0,0,1014.9,994.4,0,40700.0,15.9,23.0,chicago,2026-07-01T05:00:52.608280
2026-07-01T17:00,35.3,41,20.1,38.8,0,0.0,0.0,0.0,0.0,0.0,0,1014.8,994.4,5,46500.0,16.0,21.6,chicago,2026-07-01T05:00:52.608280
2026-07-01T18:00,36.1,38,19.6,39.3,0,0.0,0.0,0.0,0.0,0.0,3,1013.9,993.5,86,50900.0,17.6,25.6,chicago,2026-07-01T05:00:52.608280
2026-07-01T19:00,36.8,37,19.7,40.0,0,0.0,0.0,0.0,0.0,0.0,3,1013.4,993.1,93,51000.0,17.6,24.8,chicago,2026-07-01T05:00:52.608280
2026-07-01T20:00,36.6,39,20.4,39.1,0,0.0,0.0,0.0,0.0,0.0,95,1013.0,992.7,0,49400.0,21.7,30.2,chicago,2026-07-01T05:00:52.608280
2026-07-01T21:00,36.0,40,20.3,37.2,0,0.0,0.0,0.0,0.0,0.0,95,1012.9,992.6,1,47100.0,24.3,36.0,chicago,2026-07-01T05:00:52.608280
2026-07-01T22:00,35.4,43,20.9,36.3,0,0.0,0.0,0.0,0.0,0.0,95,1012.9,992.5,56,44700.0,25.1,38.2,chicago,2026-07-01T05:00:52.608280
2026-07-01T23:00,34.7,46,21.4,35.8,1,0.0,0.0,0.0,0.0,0.0,95,1012.9,992.5,0,41100.0,23.9,38.5,chicago,2026-07-01T05:00:52.608280
2026-07-01T00:00,33.0,55,22.8,36.4,0,0.0,0.0,0.0,0.0,0.0,95,1012.4,990.1,86,33500.0,13.9,24.1,cleveland,2026-07-01T05:01:30.229162
2026-07-01T01:00,31.0,62,22.9,35.4,0,0.0,0.0,0.0,0.0,0.0,95,1012.6,990.2,1,28400.0,6.9,27.7,cleveland,2026-07-01T05:01:30.229162
2026-07-01T02:00,30.2,67,23.4,35.2,0,0.0,0.0,0.0,0.0,0.0,95,1012.9,990.4,6,25000.0,5.4,19.4,cleveland,2026-07-01T05:01:30.229162
2026-07-01T03:00,29.2,67,22.4,33.9,0,0.0,0.0,0.0,0.0,0.0,95,1013.6,991.0,0,24600.0,3.3,12.6,cleveland,2026-07-01T05:01:30.229162
2026-07-01T04:00,28.3,71,22.5,32.6,0,0.0,0.0,0.0,0.0,0.0,0,1013.2,990.5,0,22300.0,6.6,17.6,cleveland,2026-07-01T05:01:30.229162
2026-07-01T05:00,27.5,76,22.9,32.1,0,0.0,0.0,0.0,0.0,0.0,0,1013.9,991.2,0,20100.0,5.8,20.2,cleveland,2026-07-01T05:01:30.229162
2026-07-01T06:00,26.8,77,22.4,30.9,0,0.0,0.0,0.0,0.0,0.0,0,1014.6,991.8,0,19200.0,7.4,22.0,cleveland,2026-07-01T05:01:30.229162
2026-07-01T07:00,26.3,79,22.4,30.4,0,0.0,0.0,0.0,0.0,0.0,0,1014.4,991.6,0,18700.0,7.3,21.2,cleveland,2026-07-01T05:01:30.229162
2026-07-01T08:00,25.8,81,22.3,29.8,1,0.0,0.0,0.0,0.0,0.0,0,1014.2,991.3,0,17700.0,8.1,22.0,cleveland,2026-07-01T05:01:30.229162
2026-07-01T09:00,25.3,83,22.2,29.2,1,0.0,0.0,0.0,0.0,0.0,0,1014.2,991.3,0,16900.0,7.9,20.2,cleveland,2026-07-01T05:01:30.229162
2026-07-01T10:00,25.0,83,21.9,28.9,1,0.0,0.0,0.0,0.0,0.0,0,1014.2,991.3,0,16600.0,6.8,19.1,cleveland,2026-07-01T05:01:30.229162
2026-07-01T11:00,25.8,83,22.7,29.7,4,0.0,0.0,0.0,0.0,0.0,0,1015.4,992.5,0,16800.0,10.0,24.1,cleveland,2026-07-01T05:01:30.229162
2026-07-01T12:00,27.8,76,23.2,31.6,3,0.0,0.0,0.0,0.0,0.0,0,1016.3,993.5,14,20100.0,13.0,31.3,cleveland,2026-07-01T05:01:30.229162
2026-07-01T13:00,29.7,69,23.4,33.5,1,0.0,0.0,0.0,0.0,0.0,95,1016.6,994.0,9,23600.0,13.7,25.9,cleveland,2026-07-01T05:01:30.229162
2026-07-01T14:00,31.5,61,23.1,34.5,1,0.0,0.0,0.0,0.0,0.0,95,1016.0,993.5,11,28500.0,17.4,25.6,cleveland,2026-07-01T05:01:30.229162
2026-07-01T15:00,32.6,56,22.7,36.4,1,0.0,0.0,0.0,0.0,0.0,95,1015.8,993.4,6,31300.0,16.7,22.7,cleveland,2026-07-01T05:01:30.229162
2026-07-01T16:00,33.2,55,23.0,37.6,0,0.0,0.0,0.0,0.0,0.0,95,1016.1,993.7,6,31900.0,17.8,23.0,cleveland,2026-07-01T05:01:30.229162
2026-07-01T17:00,33.6,52,22.4,37.7,0,0.0,0.0,0.0,0.0,0.0,95,1015.7,993.4,2,35100.0,20.1,27.0,cleveland,2026-07-01T05:01:30.229162
2026-07-01T18:00,34.4,47,21.5,38.3,0,0.0,0.0,0.0,0.0,0.0,0,1015.1,992.8,1,39500.0,19.0,25.2,cleveland,2026-07-01T05:01:30.229162
2026-07-01T19:00,34.8,46,21.5,38.5,0,0.0,0.0,0.0,0.0,0.0,0,1014.7,992.5,0,41000.0,19.3,25.9,cleveland,2026-07-01T05:01:30.229162
2026-07-01T20:00,34.8,50,22.8,39.1,0,0.0,0.0,0.0,0.0,0.0,95,1014.3,992.1,0,36500.0,17.7,23.8,cleveland,2026-07-01T05:01:30.229162
2026-07-01T21:00,35.2,48,22.5,38.9,0,0.0,0.0,0.0,0.0,0.0,95,1014.2,992.0,0,39200.0,16.4,23.0,cleveland,2026-07-01T05:01:30.229162
2026-07-01T22:00,36.1,41,20.8,38.4,0,0.0,0.0,0.0,0.0,0.0,95,1014.1,992.0,0,47000.0,13.4,20.5,cleveland,2026-07-01T05:01:30.229162
2026-07-01T23:00,36.4,35,18.5,37.4,0,0.0,0.0,0.0,0.0,0.0,0,1014.2,992.1,0,55100.0,14.2,24.1,cleveland,2026-07-01T05:01:30.229162
2026-07-01T00:00,35.1,41,19.9,36.1,0,0.0,0.0,0.0,0.0,0.0,0,1012.8,996.1,14,47200.0,19.5,28.4,dallas,2026-07-01T05:01:32.689696
2026-07-01T01:00,33.9,39,18.0,34.8,0,0.0,0.0,0.0,0.0,0.0,0,1012.6,995.9,19,49100.0,13.7,23.8,dallas,2026-07-01T05:01:32.689696
2026-07-01T02:00,32.3,48,19.9,34.7,0,0.0,0.0,0.0,0.0,0.0,0,1012.6,995.8,0,39400.0,9.7,27.4,dallas,2026-07-01T05:01:32.689696
2026-07-01T03:00,31.0,54,20.6,33.2,0,0.0,0.0,0.0,0.0,0.0,0,1013.3,996.4,3,33700.0,13.5,26.3,dallas,2026-07-01T05:01:32.689696
2026-07-01T04:00,29.7,61,21.4,32.2,0,0.0,0.0,0.0,0.0,0.0,0,1013.9,996.9,0,28200.0,14.5,29.5,dallas,2026-07-01T05:01:32.689696
2026-07-01T05:00,29.1,64,21.6,31.8,0,0.0,0.0,0.0,0.0,0.0,0,1013.2,996.2,0,26300.0,13.4,28.4,dallas,2026-07-01T05:01:32.689696
2026-07-01T06:00,28.5,66,21.5,31.3,0,0.0,0.0,0.0,0.0,0.0,0,1014.4,997.3,0,25000.0,12.7,26.6,dallas,2026-07-01T05:01:32.689696
2026-07-01T07:00,27.8,72,22.3,30.9,0,0.0,0.0,0.0,0.0,0.0,0,1015.5,998.4,0,21400.0,13.9,28.8,dallas,2026-07-01T05:01:32.689696
2026-07-01T08:00,27.3,77,22.9,30.8,0,0.0,0.0,0.0,0.0,0.0,0,1015.0,997.9,0,19000.0,13.0,27.0,dallas,2026-07-01T05:01:32.689696
2026-07-01T09:00,27.0,77,22.6,30.5,0,0.0,0.0,0.0,0.0,0.0,0,1014.8,997.6,0,18900.0,12.2,25.9,dallas,2026-07-01T05:01:32.689696
2026-07-01T10:00,26.5,79,22.6,30.2,0,0.0,0.0,0.0,0.0,0.0,0,1013.9,996.7,0,18100.0,10.8,24.5,dallas,2026-07-01T05:01:32.689696
2026-07-01T11:00,26.0,83,22.9,29.9,1,0.0,0.0,0.0,0.0,0.0,0,1014.7,997.5,1,16300.0,10.4,23.8,dallas,2026-07-01T05:01:32.689696
2026-07-01T12:00,26.0,86,23.5,30.1,1,0.0,0.0,0.0,0.0,0.0,0,1016.0,998.8,14,14900.0,11.5,28.8,dallas,2026-07-01T05:01:32.689696
2026-07-01T13:00,27.0,84,24.1,31.0,1,0.0,0.0,0.0,0.0,0.0,95,1016.4,999.2,34,15500.0,14.9,35.3,dallas,2026-07-01T05:01:32.689696
2026-07-01T14:00,27.9,77,23.5,31.4,1,0.0,0.0,0.0,0.0,0.0,95,1016.6,999.5,84,18400.0,16.1,31.7,dallas,2026-07-01T05:01:32.689696
2026-07-01T15:00,29.5,69,23.3,32.6,0,0.0,0.0,0.0,0.0,0.0,95,1016.0,999.0,66,22100.0,17.9,28.8,dallas,2026-07-01T05:01:32.689696
2026-07-01T16:00,31.0,61,22.6,33.8,0,0.0,0.0,0.0,0.0,0.0,95,1016.1,999.2,32,26700.0,17.0,25.9,dallas,2026-07-01T05:01:32.689696
2026-07-01T17:00,32.7,55,22.5,36.8,0,0.0,0.0,0.0,0.0,0.0,1,1016.2,999.3,30,31200.0,16.9,25.2,dallas,2026-07-01T05:01:32.689696
2026-07-01T18:00,33.4,52,22.2,36.6,0,0.0,0.0,0.0,0.0,0.0,1,1015.7,998.9,24,33900.0,18.7,26.3,dallas,2026-07-01T05:01:32.689696
2026-07-01T19:00,34.5,45,20.9,38.1,0,0.0,0.0,0.0,0.0,0.0,0,1014.8,998.1,1,40300.0,19.1,26.6,dallas,2026-07-01T05:01:32.689696
2026-07-01T20:00,35.4,39,19.4,38.4,0,0.0,0.0,0.0,0.0,0.0,0,1014.1,997.4,9,47600.0,18.6,25.2,dallas,2026-07-01T05:01:32.689696
2026-07-01T21:00,35.8,37,18.8,38.1,0,0.0,0.0,0.0,0.0,0.0,0,1014.1,997.4,0,50200.0,18.6,25.2,dallas,2026-07-01T05:01:32.689696
2026-07-01T22:00,35.8,34,17.5,36.8,0,0.0,0.0,0.0,0.0,0.0,0,1014.1,997.4,0,54200.0,18.4,26.3,dallas,2026-07-01T05:01:32.689696
2026-07-01T23:00,35.5,36,18.1,36.1,0,0.0,0.0,0.0,0.0,0.0,0,1013.6,996.9,0,51900.0,16.7,24.8,dallas,2026-07-01T05:01:32.689696
2026-07-01T00:00,28.2,20,3.1,25.9,6,0.0,0.0,0.0,0.0,0.0,2,997.9,834.3,68,80100.0,4.5,16.9,denver,2026-07-01T05:01:35.156258
2026-07-01T01:00,27.6,23,4.6,22.8,3,0.0,0.0,0.0,0.0,0.0,0,998.7,834.6,0,71600.0,24.0,28.8,denver,2026-07-01T05:01:35.156258
2026-07-01T02:00,25.4,25,3.9,22.6,2,0.0,0.0,0.0,0.0,0.0,0,998.6,833.5,5,70100.0,9.0,25.2,denver,2026-07-01T05:01:35.156258
2026-07-01T03:00,21.8,39,7.3,19.6,3,0.0,0.0,0.0,0.0,0.0,2,999.7,832.6,50,50100.0,10.7,32.8,denver,2026-07-01T05:01:35.156258
2026-07-01T04:00,20.3,41,6.6,18.7,2,0.0,0.0,0.0,0.0,0.0,0,1001.5,833.3,0,47700.0,5.1,33.8,denver,2026-07-01T05:01:35.156258
2026-07-01T05:00,19.6,37,4.5,16.8,0,0.0,0.0,0.0,0.0,0.0,2,1000.8,832.4,59,52100.0,10.0,13.0,denver,2026-07-01T05:01:35.156258
2026-07-01T06:00,18.8,39,4.5,16.4,0,0.0,0.0,0.0,0.0,0.0,0,1000.7,831.9,0,49200.0,7.3,9.7,denver,2026-07-01T05:01:35.156258
2026-07-01T07:00,17.4,44,5.0,15.3,0,0.0,0.0,0.0,0.0,0.0,0,1002.4,832.6,0,43900.0,6.2,11.5,denver,2026-07-01T05:01:35.156258
2026-07-01T08:00,16.0,48,5.0,13.8,0,0.0,0.0,0.0,0.0,0.0,0,1003.4,832.7,0,38400.0,6.4,8.6,denver,2026-07-01T05:01:35.156258
2026-07-01T09:00,14.4,63,7.4,12.9,0,0.0,0.0,0.0,0.0,0.0,0,1003.3,831.7,0,27400.0,6.0,13.7,denver,2026-07-01T05:01:35.156258
2026-07-01T10:00,13.4,67,7.4,11.9,0,0.0,0.0,0.0,0.0,0.0,0,1003.4,831.3,0,24200.0,5.8,6.8,denver,2026-07-01T05:01:35.156258
2026-07-01T11:00,12.3,77,8.4,10.7,0,0.0,0.0,0.0,0.0,0.0,0,1004.7,831.8,0,19300.0,8.5,11.5,denver,2026-07-01T05:01:35.156258
2026-07-01T12:00,12.1,79,8.6,10.4,0,0.0,0.0,0.0,0.0,0.0,0,1006.0,832.7,0,18300.0,9.0,17.3,denver,2026-07-01T05:01:35.156258
2026-07-01T13:00,15.4,61,7.9,13.7,0,0.0,0.0,0.0,0.0,0.0,0,1006.8,835.2,0,28700.0,7.9,16.6,denver,2026-07-01T05:01:35.156258
2026-07-01T14:00,20.5,33,3.7,18.0,0,0.0,0.0,0.0,0.0,0.0,0,1006.6,837.7,0,57100.0,7.6,14.0,denver,2026-07-01T05:01:35.156258
2026-07-01T15:00,24.1,17,-2.5,21.1,0,0.0,0.0,0.0,0.0,0.0,0,1006.9,839.8,0,84200.0,3.9,9.0,denver,2026-07-01T05:01:35.156258
2026-07-01T16:00,27.0,11,-6.0,25.0,0,0.0,0.0,0.0,0.0,0.0,0,1006.6,841.0,0,77900.0,1.4,15.8,denver,2026-07-01T05:01:35.156258
2026-07-01T17:00,28.7,9,-7.3,27.2,0,0.0,0.0,0.0,0.0,0.0,0,1006.1,841.4,0,84600.0,4.0,22.7,denver,2026-07-01T05:01:35.156258
2026-07-01T18:00,30.3,8,-7.6,29.6,0,0.0,0.0,0.0,0.0,0.0,0,1005.0,841.2,0,90000.0,3.1,27.7,denver,2026-07-01T05:01:35.156258
2026-07-01T19:00,32.0,6,-10.0,28.7,0,0.0,0.0,0.0,0.0,0.0,0,1003.1,840.5,0,50600.0,17.2,40.3,denver,2026-07-01T05:01:35.156258
2026-07-01T20:00,33.0,5,-11.6,29.3,0,0.0,0.0,0.0,0.0,0.0,0,1001.3,839.5,0,60100.0,19.0,38.2,denver,2026-07-01T05:01:35.156258
2026-07-01T21:00,33.6,5,-11.2,31.6,3,0.0,0.0,0.0,0.0,0.0,0,999.9,838.5,0,49700.0,7.7,42.1,denver,2026-07-01T05:01:35.156258
2026-07-01T22:00,34.1,4,-13.6,28.4,4,0.0,0.0,0.0,0.0,0.0,3,998.7,837.8,100,39200.0,22.5,49.7,denver,2026-07-01T05:01:35.156258
2026-07-01T23:00,34.6,4,-13.3,28.3,4,0.0,0.0,0.0,0.0,0.0,3,997.7,837.2,100,90000.0,22.4,31.7,denver,2026-07-01T05:01:35.156258
2026-07-01T00:00,32.0,63,24.0,35.7,0,0.0,0.0,0.0,0.0,0.0,95,1014.8,1012.6,6,29300.0,16.0,23.0,houston,2026-07-01T05:01:37.625094
2026-07-01T01:00,30.9,62,22.8,34.6,0,0.0,0.0,0.0,0.0,0.0,0,1014.8,1012.6,0,29600.0,11.1,23.4,houston,2026-07-01T05:01:37.625094
2026-07-01T02:00,28.2,82,24.8,33.3,0,0.0,0.0,0.0,0.0,0.0,95,1014.8,1012.6,34,17300.0,10.8,24.1,houston,2026-07-01T05:01:37.625094
2026-07-01T03:00,28.1,81,24.5,33.2,0,0.0,0.0,0.0,0.0,0.0,95,1015.4,1013.2,0,17800.0,9.4,25.2,houston,2026-07-01T05:01:37.625094
2026-07-01T04:00,27.4,82,24.0,32.2,0,0.0,0.0,0.0,0.0,0.0,95,1016.7,1014.5,1,17500.0,8.9,28.8,houston,2026-07-01T05:01:37.625094
2026-07-01T05:00,27.1,84,24.1,32.0,0,0.0,0.0,0.0,0.0,0.0,95,1015.1,1012.9,2,16300.0,8.5,29.5,houston,2026-07-01T05:01:37.625094
2026-07-01T06:00,27.0,88,24.8,32.2,0,0.0,0.0,0.0,0.0,0.0,95,1016.1,1013.9,0,14800.0,9.4,27.4,houston,2026-07-01T05:01:37.625094
2026-07-01T07:00,26.6,89,24.6,32.1,0,0.0,0.0,0.0,0.0,0.0,95,1016.4,1014.2,0,14300.0,6.9,28.8,houston,2026-07-01T05:01:37.625094
2026-07-01T08:00,26.4,91,24.8,32.2,0,0.0,0.0,0.0,0.0,0.0,95,1015.9,1013.7,1,13800.0,4.8,19.1,houston,2026-07-01T05:01:37.625094
2026-07-01T09:00,26.1,91,24.5,31.8,0,0.0,0.0,0.0,0.0,0.0,95,1015.5,1013.3,2,13500.0,5.0,12.6,houston,2026-07-01T05:01:37.625094
2026-07-01T10:00,25.8,92,24.4,31.4,0,0.0,0.0,0.0,0.0,0.0,95,1015.5,1013.3,0,13200.0,4.3,12.2,houston,2026-07-01T05:01:37.625094
2026-07-01T11:00,25.5,92,24.1,31.0,0,0.0,0.0,0.0,0.0,0.0,95,1015.9,1013.7,20,13000.0,4.9,10.8,houston,2026-07-01T05:01:37.625094
2026-07-01T12:00,25.7,93,24.4,31.3,0,0.0,0.0,0.0,0.0,0.0,95,1017.0,1014.8,0,12800.0,4.8,10.4,houston,2026-07-01T05:01:37.625094
2026-07-01T13:00,27.5,87,25.1,33.2,1,0.0,0.0,0.0,0.0,0.0,95,1017.5,1015.3,0,15200.0,7.1,18.4,houston,2026-07-01T05:01:37.625094
2026-07-01T14:00,29.0,78,24.8,34.3,1,0.0,0.0,0.0,0.0,0.0,95,1017.4,1015.2,7,19600.0,8.9,16.6,houston,2026-07-01T05:01:37.625094
2026-07-01T15:00,30.2,71,24.4,35.5,1,0.0,0.0,0.0,0.0,0.0,95,1017.3,1015.1,8,24000.0,7.9,14.8,houston,2026-07-01T05:01:37.625094
2026-07-01T16:00,31.1,66,24.0,36.7,1,0.0,0.0,0.0,0.0,0.0,95,1017.2,1015.0,22,26500.0,6.9,14.4,houston,2026-07-01T05:01:37.625094
2026-07-01T17:00,32.4,58,23.0,38.6,1,0.0,0.0,0.0,0.0,0.0,95,1016.8,1014.6,30,31600.0,7.1,11.2,houston,2026-07-01T05:01:37.625094
2026-07-01T18:00,34.0,50,22.1,40.4,1,0.0,0.0,0.0,0.0,0.0,95,1016.6,1014.5,31,38000.0,5.0,10.8,houston,2026-07-01T05:01:37.625094
2026-07-01T19:00,34.9,46,21.5,40.3,3,0.0,0.0,0.0,0.0,0.0,95,1015.7,1013.6,27,42300.0,8.7,11.5,houston,2026-07-01T05:01:37.625094
2026-07-01T20:00,33.9,55,23.6,37.5,4,0.0,0.0,0.0,0.0,0.0,95,1015.2,1013.1,17,32900.0,18.9,24.1,houston,2026-07-01T05:01:37.625094
2026-07-01T21:00,34.3,52,23.0,38.3,9,0.0,0.0,0.0,0.0,0.0,95,1015.1,1013.0,6,35600.0,13.6,18.0,houston,2026-07-01T05:01:37.625094
2026-07-01T22:00,34.7,48,22.0,37.9,12,0.0,0.0,0.0,0.0,0.0,95,1014.8,1012.7,18,39700.0,13.8,17.6,houston,2026-07-01T05:01:37.625094
2026-07-01T23:00,34.0,49,21.7,36.4,10,0.0,0.0,0.0,0.0,0.0,95,1014.7,1012.6,79,38900.0,15.9,21.6,houston,2026-07-01T05:01:37.625094
2026-07-01T00:00,19.3,71,14.0,18.3,0,0.0,0.0,0.0,0.0,0.0,1,1012.2,971.4,25,20200.0,18.1,20.5,los_angeles,2026-07-01T05:03:40.619859
2026-07-01T01:00,18.5,73,13.6,17.2,0,0.0,0.0,0.0,0.0,0.0,1,1011.7,970.8,30,19700.0,16.8,19.8,los_angeles,2026-07-01T05:03:40.619859
2026-07-01T02:00,17.8,69,12.0,16.3,0,0.0,0.0,0.0,0.0,0.0,1,1011.7,970.7,36,22300.0,14.6,17.6,los_angeles,2026-07-01T05:03:40.619859
2026-07-01T03:00,15.9,83,13.1,15.4,0,0.0,0.0,0.0,0.0,0.0,2,1011.9,970.6,50,16600.0,10.1,13.0,los_angeles,2026-07-01T05:03:40.619859
2026-07-01T04:00,15.1,89,13.3,15.2,0,0.0,0.0,0.0,0.0,0.0,0,1012.4,971.0,19,14500.0,7.1,10.1,los_angeles,2026-07-01T05:03:40.619859
2026-07-01T05:00,14.4,93,13.3,14.9,0,0.0,0.0,0.0,0.0,0.0,0,1013.1,971.5,16,13200.0,3.9,8.3,los_angeles,2026-07-01T05:03:40.619859
2026-07-01T06:00,13.6,96,13.0,14.0,0,0.0,0.0,0.0,0.0,0.0,0,1011.6,970.0,16,12600.0,4.4,9.0,los_angeles,2026-07-01T05:03:40.619859
2026-07-01T07:00,13.2,91,11.8,13.2,0,0.0,0.0,0.0,0.0,0.0,0,1012.2,970.5,17,13200.0,4.2,6.5,los_angeles,2026-07-01T05:03:40.619859
2026-07-01T08:00,12.9,89,11.2,13.0,0,0.0,0.0,0.0,0.0,0.0,0,1012.1,970.4,7,13000.0,2.4,4.0,los_angeles,2026-07-01T05:03:40.619859
2026-07-01T09:00,12.4,92,11.2,12.3,0,0.0,0.0,0.0,0.0,0.0,1,1012.0,970.2,31,12200.0,3.3,6.5,los_angeles,2026-07-01T05:03:40.619859
2026-07-01T10:00,13.2,99,13.1,13.6,0,0.0,0.0,0.0,0.0,0.0,3,1011.2,969.6,100,12200.0,4.3,8.6,los_angeles,2026-07-01T05:03:40.619859
2026-07-01T11:00,13.9,100,13.9,14.4,0,0.0,0.0,0.0,0.0,0.0,3,1011.9,970.3,100,12200.0,5.2,11.5,los_angeles,2026-07-01T05:03:40.619859
2026-07-01T12:00,14.0,98,13.7,14.8,0,0.0,0.0,0.0,0.0,0.0,3,1012.3,970.7,85,12200.0,3.2,14.0,los_angeles,2026-07-01T05:03:40.619859
2026-07-01T13:00,14.2,96,13.6,14.8,0,0.0,0.0,0.0,0.0,0.0,3,1012.2,970.6,100,12200.0,3.7,13.3,los_angeles,2026-07-01T05:03:40.619859
2026-07-01T14:00,14.5,89,12.8,14.7,0,0.0,0.0,0.0,0.0,0.0,3,1012.7,971.2,100,12400.0,5.0,11.9,los_angeles,2026-07-01T05:03:40.619859
2026-07-01T15:00,14.9,90,13.3,15.1,0,0.0,0.0,0.0,0.0,0.0,3,1012.7,971.2,100,12900.0,6.5,10.8,los_angeles,2026-07-01T05:03:40.619859
2026-07-01T16:00,15.6,89,13.8,15.8,0,0.0,0.0,0.0,0.0,0.0,3,1013.2,971.8,100,13800.0,7.3,10.4,los_angeles,2026-07-01T05:03:40.619859
2026-07-01T17:00,16.1,87,13.9,16.3,0,0.0,0.0,0.0,0.0,0.0,3,1013.5,972.2,100,14200.0,7.2,9.4,los_angeles,2026-07-01T05:03:40.619859
2026-07-01T18:00,16.8,83,13.9,16.9,0,0.0,0.0,0.0,0.0,0.0,3,1013.9,972.6,100,15000.0,7.9,9.4,los_angeles,2026-07-01T05:03:40.619859
2026-07-01T19:00,18.6,80,15.1,19.4,0,0.0,0.0,0.0,0.0,0.0,3,1013.7,972.7,100,17400.0,10.1,11.2,los_angeles,2026-07-01T05:03:40.619859
2026-07-01T20:00,20.1,83,17.2,22.9,0,0.0,0.0,0.0,0.0,0.0,3,1013.1,972.3,100,19900.0,14.0,15.1,los_angeles,2026-07-01T05:03:40.619859
2026-07-01T21:00,19.9,75,15.3,21.4,0,0.0,0.0,0.0,0.0,0.0,2,1013.0,972.2,56,19700.0,16.8,18.7,los_angeles,2026-07-01T05:03:40.619859
2026-07-01T22:00,19.8,70,14.2,20.3,0,0.0,0.0,0.0,0.0,0.0,0,1013.1,972.3,11,20900.0,17.7,20.2,los_angeles,2026-07-01T05:03:40.619859
2026-07-01T23:00,19.2,72,14.1,19.3,0,0.0,0.0,0.0,0.0,0.0,0,1012.5,971.6,10,20000.0,17.8,20.2,los_angeles,2026-07-01T05:03:40.619859
2026-07-01T00:00,29.8,69,23.5,34.4,4,0.0,0.0,0.0,0.0,0.0,95,1016.0,1015.5,4,23100.0,8.0,11.5,miami,2026-07-01T05:03:43.083645
2026-07-01T01:00,29.0,71,23.2,33.7,3,0.0,0.0,0.0,0.0,0.0,95,1016.0,1015.5,100,22500.0,6.5,13.3,miami,2026-07-01T05:03:43.083645
2026-07-01T02:00,27.1,82,23.7,32.8,10,0.0,0.0,0.0,0.0,0.0,95,1015.9,1015.4,40,16900.0,1.8,8.6,miami,2026-07-01T05:03:43.083645
2026-07-01T03:00,28.1,76,23.5,33.2,8,0.0,0.0,0.0,0.0,0.0,1,1015.8,1015.3,22,17800.0,4.1,13.7,miami,2026-07-01T05:03:43.083645
2026-07-01T04:00,27.5,77,23.1,32.7,3,0.0,0.0,0.0,0.0,0.0,0,1015.3,1014.8,9,19000.0,2.6,12.2,miami,2026-07-01T05:03:43.083645
2026-07-01T05:00,26.9,79,22.9,31.6,1,0.0,0.0,0.0,0.0,0.0,0,1014.7,1014.2,16,18200.0,4.7,9.0,miami,2026-07-01T05:03:43.083645
2026-07-01T06:00,26.5,94,25.4,32.5,0,0.7,0.7,0.0,0.0,0.0,53,1015.5,1015.0,100,16200.0,6.8,14.0,miami,2026-07-01T05:03:43.083645
2026-07-01T07:00,25.5,93,24.3,30.9,0,0.0,0.0,0.0,0.0,0.0,3,1015.5,1015.0,100,13800.0,6.0,11.9,miami,2026-07-01T05:03:43.083645
2026-07-01T08:00,25.1,93,23.9,30.0,1,0.0,0.0,0.0,0.0,0.0,3,1014.2,1013.7,82,13100.0,7.6,15.8,miami,2026-07-01T05:03:43.083645
2026-07-01T09:00,24.9,92,23.5,29.6,1,0.0,0.0,0.0,0.0,0.0,3,1014.1,1013.6,90,12900.0,7.6,16.9,miami,2026-07-01T05:03:43.083645
2026-07-01T10:00,25.0,93,23.8,30.0,1,0.0,0.0,0.0,0.0,0.0,3,1014.2,1013.7,100,12700.0,7.2,14.8,miami,2026-07-01T05:03:43.083645
2026-07-01T11:00,25.2,93,24.0,30.4,1,0.0,0.0,0.0,0.0,0.0,3,1014.6,1014.1,100,13200.0,6.1,13.7,miami,2026-07-01T05:03:43.083645
2026-07-01T12:00,26.9,88,24.8,32.4,1,0.0,0.0,0.0,0.0,0.0,3,1015.4,1014.9,100,14900.0,7.9,13.0,miami,2026-07-01T05:03:43.083645
2026-07-01T13:00,28.0,84,25.1,33.6,2,0.0,0.0,0.0,0.0,0.0,95,1016.3,1015.8,100,16500.0,8.3,10.4,miami,2026-07-01T05:03:43.083645
2026-07-01T14:00,29.5,81,25.9,36.2,2,0.0,0.0,0.0,0.0,0.0,95,1016.1,1015.6,92,19900.0,4.7,5.8,miami,2026-07-01T05:03:43.083645
2026-07-01T15:00,30.5,74,25.4,36.9,3,0.0,0.0,0.0,0.0,0.0,95,1016.0,1015.5,100,22900.0,4.5,5.8,miami,2026-07-01T05:03:43.083645
2026-07-01T16:00,30.5,71,24.7,35.4,7,0.0,0.0,0.0,0.0,0.0,95,1016.0,1015.5,99,22800.0,11.3,13.3,miami,2026-07-01T05:03:43.083645
2026-07-01T17:00,30.0,70,23.9,33.8,15,0.0,0.0,0.0,0.0,0.0,95,1016.0,1015.5,100,20900.0,15.4,19.1,miami,2026-07-01T05:03:43.083645
2026-07-01T18:00,31.8,67,24.9,38.3,16,0.0,0.0,0.0,0.0,0.0,95,1015.4,1014.9,100,23900.0,13.9,16.2,miami,2026-07-01T05:03:43.083645
2026-07-01T19:00,32.0,93,30.7,42.0,23,22.3,22.3,0.0,0.0,0.0,82,1015.2,1014.7,100,25900.0,16.7,20.5,miami,2026-07-01T05:03:43.083645
2026-07-01T20:00,31.7,84,28.7,38.8,24,0.7,0.7,0.0,0.0,0.0,53,1015.3,1014.8,100,26400.0,19.7,25.2,miami,2026-07-01T05:03:43.083645
2026-07-01T21:00,29.4,88,27.2,36.8,24,1.1,1.1,0.0,0.0,0.0,55,1015.8,1015.3,100,20600.0,5.9,7.6,miami,2026-07-01T05:03:43.083645
2026-07-01T22:00,22.9,86,20.5,23.7,42,15.8,15.8,0.0,0.0,0.0,65,1016.3,1015.8,100,1500.0,22.6,42.8,miami,2026-07-01T05:03:43.083645
2026-07-01T23:00,24.3,84,21.5,27.6,45,3.6,3.6,0.0,0.0,0.0,63,1015.9,1015.4,88,6400.0,9.3,14.8,miami,2026-07-01T05:03:43.083645
2026-07-01T00:00,29.5,61,21.2,32.4,0,0.0,0.0,0.0,0.0,0.0,95,1006.1,976.8,100,29500.0,11.2,23.0,minneapolis,2026-07-01T05:03:45.570319
2026-07-01T01:00,29.4,51,18.2,31.5,0,0.0,0.0,0.0,0.0,0.0,3,1006.5,977.1,91,38600.0,6.7,18.4,minneapolis,2026-07-01T05:03:45.570319
2026-07-01T02:00,26.9,61,18.7,29.6,0,0.0,0.0,0.0,0.0,0.0,1,1006.6,977.0,23,29300.0,4.0,13.3,minneapolis,2026-07-01T05:03:45.570319
2026-07-01T03:00,26.0,66,19.2,28.7,0,0.0,0.0,0.0,0.0,0.0,0,1007.2,977.5,0,25300.0,5.7,9.7,minneapolis,2026-07-01T05:03:45.570319
2026-07-01T04:00,24.6,74,19.6,27.2,0,0.0,0.0,0.0,0.0,0.0,0,1007.0,977.2,0,20000.0,7.1,11.9,minneapolis,2026-07-01T05:03:45.570319
2026-07-01T05:00,23.4,79,19.6,26.1,0,0.0,0.0,0.0,0.0,0.0,0,1007.9,977.9,11,18300.0,6.9,15.5,minneapolis,2026-07-01T05:03:45.570319
2026-07-01T06:00,22.2,84,19.4,24.8,0,0.0,0.0,0.0,0.0,0.0,0,1008.2,978.1,0,16400.0,6.8,14.4,minneapolis,2026-07-01T05:03:45.570319
2026-07-01T07:00,21.4,88,19.3,24.0,1,0.0,0.0,0.0,0.0,0.0,0,1009.0,978.8,1,13500.0,6.5,13.3,minneapolis,2026-07-01T05:03:45.570319
2026-07-01T08:00,20.9,89,19.1,23.4,1,0.0,0.0,0.0,0.0,0.0,2,1009.0,978.7,66,12700.0,6.8,13.7,minneapolis,2026-07-01T05:03:45.570319
2026-07-01T09:00,20.6,89,18.7,22.9,1,0.0,0.0,0.0,0.0,0.0,3,1008.3,978.0,100,12700.0,6.6,12.2,minneapolis,2026-07-01T05:03:45.570319
2026-07-01T10:00,20.5,89,18.7,22.6,2,0.0,0.0,0.0,0.0,0.0,2,1007.8,977.5,79,13100.0,7.6,13.3,minneapolis,2026-07-01T05:03:45.570319
2026-07-01T11:00,20.8,91,19.3,23.6,7,0.0,0.0,0.0,0.0,0.0,3,1007.5,977.3,100,12800.0,5.4,15.8,minneapolis,2026-07-01T05:03:45.570319
2026-07-01T12:00,22.6,89,20.7,25.4,10,0.0,0.0,0.0,0.0,0.0,3,1008.6,978.5,82,13000.0,9.4,21.2,minneapolis,2026-07-01T05:03:45.570319
2026-07-01T13:00,24.2,89,22.3,28.8,25,0.4,0.4,0.0,0.0,0.0,51,1009.2,979.3,100,13300.0,3.8,16.6,minneapolis,2026-07-01T05:03:45.570319
2026-07-01T14:00,22.2,94,21.2,21.9,48,9.0,9.0,0.0,0.0,0.0,65,1010.4,980.2,100,400.0,32.9,79.2,minneapolis,2026-07-01T05:03:45.570319
2026-07-01T15:00,21.7,92,20.3,23.2,29,31.7,31.7,0.0,0.0,0.0,65,1008.7,978.5,100,13700.0,17.1,25.9,minneapolis,2026-07-01T05:03:45.570319
2026-07-01T16:00,19.8,91,18.3,20.4,33,0.0,0.0,0.0,0.0,0.0,3,1010.2,979.8,100,2000.0,16.8,23.0,minneapolis,2026-07-01T05:03:45.570319
2026-07-01T17:00,22.2,86,19.8,23.4,15,0.0,0.0,0.0,0.0,0.0,3,1008.0,977.9,81,22400.0,26.7,47.2,minneapolis,2026-07-01T05:03:45.570319
2026-07-01T18:00,23.5,84,20.7,27.6,14,0.0,0.0,0.0,0.0,0.0,0,1009.1,979.1,14,19300.0,12.1,18.0,minneapolis,2026-07-01T05:03:45.570319
2026-07-01T19:00,24.4,81,20.9,28.1,17,0.0,0.0,0.0,0.0,0.0,95,1009.0,979.1,5,17500.0,16.1,24.1,minneapolis,2026-07-01T05:03:45.570319
2026-07-01T20:00,25.7,74,20.7,29.8,16,0.0,0.0,0.0,0.0,0.0,95,1008.6,978.8,8,18300.0,12.2,18.0,minneapolis,2026-07-01T05:03:45.570319
2026-07-01T21:00,28.0,67,21.3,31.9,18,0.0,0.0,0.0,0.0,0.0,95,1008.8,979.2,0,28600.0,13.1,24.5,minneapolis,2026-07-01T05:03:45.570319
2026-07-01T22:00,27.8,63,20.2,30.6,20,0.0,0.0,0.0,0.0,0.0,95,1008.5,978.9,100,29400.0,9.7,21.2,minneapolis,2026-07-01T05:03:45.570319
2026-07-01T23:00,26.3,75,21.5,29.7,26,0.0,0.0,0.0,0.0,0.0,95,1008.8,979.1,90,21900.0,8.7,23.0,minneapolis,2026-07-01T05:03:45.570319
2026-07-01T00:00,32.1,57,22.5,36.2,2,0.0,0.0,0.0,0.0,0.0,95,1015.7,1015.5,0,33100.0,7.9,10.4,new_orleans,2026-07-01T05:04:23.284747
2026-07-01T01:00,30.4,67,23.6,36.0,1,0.0,0.0,0.0,0.0,0.0,95,1016.2,1016.0,0,25400.0,1.5,8.6,new_orleans,2026-07-01T05:04:23.284747
2026-07-01T02:00,29.7,66,22.6,34.3,2,0.0,0.0,0.0,0.0,0.0,95,1016.6,1016.4,13,26300.0,4.6,5.0,new_orleans,2026-07-01T05:04:23.284747
2026-07-01T03:00,28.8,77,24.3,34.9,7,0.0,0.0,0.0,0.0,0.0,95,1016.7,1016.5,9,20900.0,1.3,3.2,new_orleans,2026-07-01T05:04:23.284747
2026-07-01T04:00,28.2,86,25.6,34.8,7,0.0,0.0,0.0,0.0,0.0,95,1015.8,1015.6,29,18600.0,3.8,4.0,new_orleans,2026-07-01T05:04:23.284747
2026-07-01T05:00,28.0,86,25.4,34.7,19,0.0,0.0,0.0,0.0,0.0,95,1017.3,1017.1,100,18100.0,2.3,6.5,new_orleans,2026-07-01T05:04:23.284747
2026-07-01T06:00,27.2,81,23.7,32.5,27,0.0,0.0,0.0,0.0,0.0,3,1016.2,1016.0,84,17500.0,4.3,9.4,new_orleans,2026-07-01T05:04:23.284747
2026-07-01T07:00,27.0,82,23.6,32.2,18,0.0,0.0,0.0,0.0,0.0,3,1015.6,1015.4,100,17500.0,4.4,9.4,new_orleans,2026-07-01T05:04:23.284747
2026-07-01T08:00,26.5,85,23.8,31.8,10,0.0,0.0,0.0,0.0,0.0,2,1015.8,1015.6,53,17500.0,4.9,5.8,new_orleans,2026-07-01T05:04:23.284747
2026-07-01T09:00,26.1,86,23.6,31.0,8,0.0,0.0,0.0,0.0,0.0,1,1015.4,1015.2,31,15800.0,6.6,11.5,new_orleans,2026-07-01T05:04:23.284747
2026-07-01T10:00,26.1,86,23.5,30.7,7,0.0,0.0,0.0,0.0,0.0,95,1015.7,1015.5,26,13200.0,7.7,12.6,new_orleans,2026-07-01T05:04:23.284747
2026-07-01T11:00,26.0,88,23.8,30.8,6,0.0,0.0,0.0,0.0,0.0,95,1016.4,1016.2,44,12400.0,8.0,10.4,new_orleans,2026-07-01T05:04:23.284747
2026-07-01T12:00,27.0,92,25.6,32.9,5,0.0,0.0,0.0,0.0,0.0,95,1018.1,1017.9,83,12700.0,8.2,13.3,new_orleans,2026-07-01T05:04:23.284747
2026-07-01T13:00,28.0,87,25.6,34.1,5,0.0,0.0,0.0,0.0,0.0,95,1018.3,1018.1,0,14500.0,6.8,11.5,new_orleans,2026-07-01T05:04:23.284747
2026-07-01T14:00,28.8,84,25.8,35.2,5,0.0,0.0,0.0,0.0,0.0,95,1017.8,1017.6,9,16400.0,5.3,7.6,new_orleans,2026-07-01T05:04:23.284747
2026-07-01T15:00,30.0,74,24.8,36.3,5,0.0,0.0,0.0,0.0,0.0,95,1017.4,1017.2,5,18600.0,5.8,8.6,new_orleans,2026-07-01T05:04:23.284747
2026-07-01T16:00,31.3,69,24.9,38.5,7,0.0,0.0,0.0,0.0,0.0,95,1017.6,1017.4,14,23100.0,6.5,8.3,new_orleans,2026-07-01T05:04:23.284747
2026-07-01T17:00,32.0,63,24.0,38.0,8,0.0,0.0,0.0,0.0,0.0,95,1017.5,1017.3,15,26000.0,7.6,10.8,new_orleans,2026-07-01T05:04:23.284747
2026-07-01T18:00,32.5,57,22.8,36.4,10,0.0,0.0,0.0,0.0,0.0,95,1017.2,1017.0,6,29500.0,9.6,12.6,new_orleans,2026-07-01T05:04:23.284747
2026-07-01T19:00,33.0,54,22.4,36.5,9,0.0,0.0,0.0,0.0,0.0,95,1016.9,1016.7,7,33900.0,14.3,17.6,new_orleans,2026-07-01T05:04:23.284747
2026-07-01T20:00,33.7,52,22.4,38.1,9,0.0,0.0,0.0,0.0,0.0,0,1016.4,1016.2,11,39700.0,17.7,22.3,new_orleans,2026-07-01T05:04:23.284747
2026-07-01T21:00,31.8,54,21.3,34.3,12,0.0,0.0,0.0,0.0,0.0,0,1016.0,1015.8,8,25500.0,17.3,24.1,new_orleans,2026-07-01T05:04:23.284747
2026-07-01T22:00,31.8,62,23.6,35.2,11,0.0,0.0,0.0,0.0,0.0,95,1016.4,1016.2,2,28500.0,16.5,23.0,new_orleans,2026-07-01T05:04:23.284747
2026-07-01T23:00,31.3,67,24.4,35.3,6,0.0,0.0,0.0,0.0,0.0,95,1016.2,1016.0,1,25200.0,16.1,23.4,new_orleans,2026-07-01T05:04:23.284747
2026-07-01T00:00,29.1,48,17.0,30.0,1,0.0,0.0,0.0,0.0,0.0,1,1016.3,1014.1,40,39500.0,11.0,21.2,new_york,2026-07-01T05:05:00.901061
2026-07-01T01:00,27.2,58,18.2,28.5,1,0.0,0.0,0.0,0.0,0.0,3,1016.1,1013.9,99,31400.0,11.4,31.0,new_york,2026-07-01T05:05:00.901061
2026-07-01T02:00,26.7,50,15.4,26.7,1,0.0,0.0,0.0,0.0,0.0,2,1016.8,1014.6,72,37800.0,12.4,34.2,new_york,2026-07-01T05:05:00.901061
2026-07-01T03:00,26.0,55,16.3,26.3,2,0.0,0.0,0.0,0.0,0.0,0,1017.1,1014.9,0,35600.0,13.0,34.2,new_york,2026-07-01T05:05:00.901061
2026-07-01T04:00,25.2,50,14.0,24.8,2,0.0,0.0,0.0,0.0,0.0,0,1016.3,1014.1,0,36600.0,11.8,25.9,new_york,2026-07-01T05:05:00.901061
2026-07-01T05:00,24.9,48,13.1,24.0,1,0.0,0.0,0.0,0.0,0.0,1,1016.0,1013.8,31,37700.0,12.4,28.1,new_york,2026-07-01T05:05:00.901061
2026-07-01T06:00,24.5,49,13.0,23.3,4,0.0,0.0,0.0,0.0,0.0,1,1017.2,1015.0,45,32300.0,14.6,31.3,new_york,2026-07-01T05:05:00.901061
2026-07-01T07:00,24.1,53,13.9,23.6,7,0.0,0.0,0.0,0.0,0.0,0,1016.5,1014.3,5,29600.0,12.3,27.0,new_york,2026-07-01T05:05:00.901061
2026-07-01T08:00,23.9,55,14.3,23.6,7,0.0,0.0,0.0,0.0,0.0,0,1017.4,1015.2,3,30600.0,11.2,32.0,new_york,2026-07-01T05:05:00.901061
2026-07-01T09:00,23.5,62,15.8,23.8,7,0.0,0.0,0.0,0.0,0.0,3,1016.5,1014.3,89,28000.0,11.9,33.1,new_york,2026-07-01T05:05:00.901061
2026-07-01T10:00,23.3,66,16.6,23.8,5,0.0,0.0,0.0,0.0,0.0,0,1015.9,1013.7,16,24200.0,12.6,34.2,new_york,2026-07-01T05:05:00.901061
2026-07-01T11:00,24.4,65,17.4,24.6,3,0.0,0.0,0.0,0.0,0.0,0,1015.6,1013.4,3,22500.0,17.1,40.3,new_york,2026-07-01T05:05:00.901061
2026-07-01T12:00,25.9,64,18.6,26.7,2,0.0,0.0,0.0,0.0,0.0,0,1016.3,1014.1,8,23100.0,16.5,36.7,new_york,2026-07-01T05:05:00.901061
2026-07-01T13:00,27.7,61,19.5,29.0,1,0.0,0.0,0.0,0.0,0.0,0,1017.0,1014.8,8,24900.0,15.9,28.4,new_york,2026-07-01T05:05:00.901061
2026-07-01T14:00,29.7,58,20.6,32.2,1,0.0,0.0,0.0,0.0,0.0,0,1016.6,1014.4,3,27800.0,14.5,23.8,new_york,2026-07-01T05:05:00.901061
2026-07-01T15:00,31.7,55,21.6,35.5,1,0.0,0.0,0.0,0.0,0.0,0,1016.0,1013.8,4,30600.0,14.5,20.2,new_york,2026-07-01T05:05:00.901061
2026-07-01T16:00,33.4,52,22.2,38.0,1,0.0,0.0,0.0,0.0,0.0,0,1015.9,1013.8,3,33100.0,14.4,19.4,new_york,2026-07-01T05:05:00.901061
2026-07-01T17:00,34.6,50,22.6,39.5,0,0.0,0.0,0.0,0.0,0.0,1,1015.6,1013.5,24,35000.0,15.5,19.8,new_york,2026-07-01T05:05:00.901061
2026-07-01T18:00,34.3,50,22.3,38.8,2,0.0,0.0,0.0,0.0,0.0,95,1014.7,1012.6,7,34500.0,16.9,20.9,new_york,2026-07-01T05:05:00.901061
2026-07-01T19:00,34.0,53,23.1,38.4,2,0.0,0.0,0.0,0.0,0.0,0,1014.4,1012.3,1,33500.0,18.4,23.0,new_york,2026-07-01T05:05:00.901061
2026-07-01T20:00,33.4,53,22.5,37.0,4,0.0,0.0,0.0,0.0,0.0,0,1014.3,1012.2,0,32400.0,18.4,23.8,new_york,2026-07-01T05:05:00.901061
2026-07-01T21:00,32.3,57,22.7,35.1,4,0.0,0.0,0.0,0.0,0.0,0,1013.7,1011.5,0,31700.0,18.7,25.9,new_york,2026-07-01T05:05:00.901061
2026-07-01T22:00,31.3,57,21.7,33.5,9,0.0,0.0,0.0,0.0,0.0,0,1013.6,1011.4,13,30200.0,17.1,24.8,new_york,2026-07-01T05:05:00.901061
2026-07-01T23:00,29.7,61,21.4,31.7,14,0.0,0.0,0.0,0.0,0.0,0,1013.4,1011.2,2,28000.0,17.6,28.4,new_york,2026-07-01T05:05:00.901061
2026-07-01T00:00,30.0,37,13.7,29.7,0,0.0,0.0,0.0,0.0,0.0,0,1016.4,1012.9,16,52900.0,10.1,23.8,philadelphia,2026-07-01T05:06:18.761265
2026-07-01T01:00,27.9,47,15.6,28.2,1,0.0,0.0,0.0,0.0,0.0,1,1017.0,1013.4,49,41000.0,10.7,29.2,philadelphia,2026-07-01T05:06:18.761265
2026-07-01T02:00,26.3,56,16.8,27.2,1,0.0,0.0,0.0,0.0,0.0,0,1017.6,1014.0,0,32900.0,10.0,26.3,philadelphia,2026-07-01T05:06:18.761265
2026-07-01T03:00,25.9,49,14.4,25.4,1,0.0,0.0,0.0,0.0,0.0,0,1017.9,1014.3,0,39300.0,13.0,23.8,philadelphia,2026-07-01T05:06:18.761265
2026-07-01T04:00,25.0,54,15.0,24.8,1,0.0,0.0,0.0,0.0,0.0,0,1015.9,1012.3,0,36400.0,12.5,28.4,philadelphia,2026-07-01T05:06:18.761265
2026-07-01T05:00,24.3,57,15.2,24.4,0,0.0,0.0,0.0,0.0,0.0,0,1016.7,1013.1,0,31000.0,11.3,22.0,philadelphia,2026-07-01T05:06:18.761265
2026-07-01T06:00,23.8,59,15.3,23.9,1,0.0,0.0,0.0,0.0,0.0,0,1017.5,1013.9,0,30000.0,11.2,22.0,philadelphia,2026-07-01T05:06:18.761265
2026-07-01T07:00,23.3,66,16.6,23.8,1,0.0,0.0,0.0,0.0,0.0,0,1017.0,1013.4,6,24900.0,11.8,22.3,philadelphia,2026-07-01T05:06:18.761265
2026-07-01T08:00,22.9,69,16.9,23.6,1,0.0,0.0,0.0,0.0,0.0,0,1017.9,1014.3,4,20200.0,11.4,25.6,philadelphia,2026-07-01T05:06:18.761265
2026-07-01T09:00,22.5,74,17.6,23.8,1,0.0,0.0,0.0,0.0,0.0,0,1017.0,1013.4,1,17000.0,9.8,23.0,philadelphia,2026-07-01T05:06:18.761265
2026-07-01T10:00,22.4,80,18.7,24.1,2,0.0,0.0,0.0,0.0,0.0,0,1016.3,1012.7,5,14900.0,10.3,22.3,philadelphia,2026-07-01T05:06:18.761265
2026-07-01T11:00,23.8,81,20.3,25.5,1,0.0,0.0,0.0,0.0,0.0,0,1016.5,1012.9,5,15600.0,15.4,37.4,philadelphia,2026-07-01T05:06:18.761265
2026-07-01T12:00,25.7,74,20.7,27.4,1,0.0,0.0,0.0,0.0,0.0,0,1016.7,1013.1,3,19100.0,17.1,36.0,philadelphia,2026-07-01T05:06:18.761265
2026-07-01T13:00,27.5,67,20.8,29.4,0,0.0,0.0,0.0,0.0,0.0,0,1017.4,1013.8,2,22600.0,16.1,27.7,philadelphia,2026-07-01T05:06:18.761265
2026-07-01T14:00,29.2,63,21.4,32.2,0,0.0,0.0,0.0,0.0,0.0,0,1017.1,1013.5,3,25200.0,14.2,20.5,philadelphia,2026-07-01T05:06:18.761265
2026-07-01T15:00,31.2,58,21.9,35.6,0,0.0,0.0,0.0,0.0,0.0,0,1016.6,1013.1,6,28700.0,11.3,15.8,philadelphia,2026-07-01T05:06:18.761265
2026-07-01T16:00,33.1,54,22.6,38.6,0,0.0,0.0,0.0,0.0,0.0,0,1016.6,1013.1,6,32100.0,11.0,14.4,philadelphia,2026-07-01T05:06:18.761265
2026-07-01T17:00,34.3,50,22.3,38.6,0,0.0,0.0,0.0,0.0,0.0,95,1016.0,1012.5,23,34700.0,10.5,16.6,philadelphia,2026-07-01T05:06:18.761265
2026-07-01T18:00,35.5,47,22.5,40.7,1,0.0,0.0,0.0,0.0,0.0,95,1015.2,1011.7,23,37400.0,11.8,20.9,philadelphia,2026-07-01T05:06:18.761265
2026-07-01T19:00,36.3,44,22.1,41.0,3,0.0,0.0,0.0,0.0,0.0,95,1014.9,1011.4,29,40400.0,11.6,23.4,philadelphia,2026-07-01T05:06:18.761265
2026-07-01T20:00,36.8,40,21.0,39.5,3,0.0,0.0,0.0,0.0,0.0,0,1014.6,1011.1,14,43300.0,12.5,21.6,philadelphia,2026-07-01T05:06:18.761265
2026-07-01T21:00,37.3,38,20.6,39.6,9,0.0,0.0,0.0,0.0,0.0,0,1013.9,1010.4,3,45100.0,15.2,20.5,philadelphia,2026-07-01T05:06:18.761265
2026-07-01T22:00,36.8,41,21.4,39.0,1,0.0,0.0,0.0,0.0,0.0,95,1013.9,1010.4,9,46200.0,16.6,22.3,philadelphia,2026-07-01T05:06:18.761265
2026-07-01T23:00,36.1,41,20.8,37.7,4,0.0,0.0,0.0,0.0,0.0,95,1013.8,1010.3,1,46500.0,18.1,28.1,philadelphia,2026-07-01T05:06:18.761265
2026-07-01T00:00,30.1,70,24.0,35.2,0,0.0,0.0,0.0,0.0,0.0,95,1013.9,980.5,23,24100.0,6.9,25.9,pittsburgh,2026-07-01T05:06:56.396557
2026-07-01T01:00,28.6,75,23.7,33.5,0,0.0,0.0,0.0,0.0,0.0,95,1014.1,980.6,58,21600.0,6.5,27.0,pittsburgh,2026-07-01T05:06:56.396557
2026-07-01T02:00,27.3,81,23.8,32.0,0,0.0,0.0,0.0,0.0,0.0,95,1014.7,981.0,18,17900.0,8.8,21.6,pittsburgh,2026-07-01T05:06:56.396557
2026-07-01T03:00,26.4,81,22.8,30.6,0,0.0,0.0,0.0,0.0,0.0,95,1015.0,981.2,6,17600.0,8.1,19.4,pittsburgh,2026-07-01T05:06:56.396557
2026-07-01T04:00,25.6,83,22.5,30.0,0,0.0,0.0,0.0,0.0,0.0,95,1014.3,980.4,0,17000.0,5.9,16.6,pittsburgh,2026-07-01T05:06:56.396557
2026-07-01T05:00,25.1,82,21.8,29.6,0,0.0,0.0,0.0,0.0,0.0,0,1014.8,980.9,0,17400.0,2.2,11.9,pittsburgh,2026-07-01T05:06:56.396557
2026-07-01T06:00,24.5,83,21.4,28.7,0,0.0,0.0,0.0,0.0,0.0,0,1015.8,981.8,0,17100.0,2.6,10.8,pittsburgh,2026-07-01T05:06:56.396557
2026-07-01T07:00,24.0,83,20.9,28.0,0,0.0,0.0,0.0,0.0,0.0,0,1015.8,981.7,0,17200.0,2.1,12.2,pittsburgh,2026-07-01T05:06:56.396557
2026-07-01T08:00,23.5,84,20.6,26.9,0,0.0,0.0,0.0,0.0,0.0,0,1015.7,981.5,0,16600.0,5.2,13.3,pittsburgh,2026-07-01T05:06:56.396557
2026-07-01T09:00,23.1,85,20.4,26.1,0,0.0,0.0,0.0,0.0,0.0,0,1015.6,981.4,0,15000.0,7.3,16.6,pittsburgh,2026-07-01T05:06:56.396557
2026-07-01T10:00,22.7,87,20.4,25.7,1,0.0,0.0,0.0,0.0,0.0,0,1015.5,981.3,0,14100.0,7.4,17.3,pittsburgh,2026-07-01T05:06:56.396557
2026-07-01T11:00,23.7,91,22.1,27.7,1,0.0,0.0,0.0,0.0,0.0,0,1016.2,982.0,0,14200.0,6.6,20.5,pittsburgh,2026-07-01T05:06:56.396557
2026-07-01T12:00,25.9,86,23.3,30.0,3,0.0,0.0,0.0,0.0,0.0,0,1017.0,983.1,0,16000.0,11.1,27.4,pittsburgh,2026-07-01T05:06:56.396557
2026-07-01T13:00,27.5,81,24.0,32.0,1,0.0,0.0,0.0,0.0,0.0,95,1017.3,983.5,1,18300.0,11.2,24.8,pittsburgh,2026-07-01T05:06:56.396557
2026-07-01T14:00,28.9,76,24.3,33.9,1,0.0,0.0,0.0,0.0,0.0,95,1017.0,983.4,1,20600.0,10.1,19.4,pittsburgh,2026-07-01T05:06:56.396557
2026-07-01T15:00,30.3,70,24.2,36.0,1,0.0,0.0,0.0,0.0,0.0,95,1016.5,983.1,2,23900.0,11.6,19.4,pittsburgh,2026-07-01T05:06:56.396557
2026-07-01T16:00,31.8,61,23.3,37.5,0,0.0,0.0,0.0,0.0,0.0,95,1016.5,983.2,1,29200.0,11.5,22.3,pittsburgh,2026-07-01T05:06:56.396557
2026-07-01T17:00,33.5,51,22.0,39.0,0,0.0,0.0,0.0,0.0,0.0,95,1016.2,983.1,1,35100.0,11.2,21.2,pittsburgh,2026-07-01T05:06:56.396557
2026-07-01T18:00,34.8,46,21.5,39.8,1,0.0,0.0,0.0,0.0,0.0,95,1015.4,982.5,0,41200.0,12.6,24.1,pittsburgh,2026-07-01T05:06:56.396557
2026-07-01T19:00,35.6,42,20.7,39.8,1,0.0,0.0,0.0,0.0,0.0,95,1015.1,982.3,0,45900.0,14.4,23.0,pittsburgh,2026-07-01T05:06:56.396557
2026-07-01T20:00,36.2,40,20.5,39.8,0,0.0,0.0,0.0,0.0,0.0,95,1015.1,982.3,1,49500.0,14.1,20.5,pittsburgh,2026-07-01T05:06:56.396557
2026-07-01T21:00,36.4,37,19.4,38.5,0,0.0,0.0,0.0,0.0,0.0,95,1014.6,981.9,0,49500.0,15.2,27.7,pittsburgh,2026-07-01T05:06:56.396557
2026-07-01T22:00,36.2,38,19.7,37.7,0,0.0,0.0,0.0,0.0,0.0,95,1014.9,982.1,0,51400.0,15.1,25.9,pittsburgh,2026-07-01T05:06:56.396557
2026-07-01T23:00,35.5,37,18.6,36.5,0,0.0,0.0,0.0,0.0,0.0,0,1014.6,981.8,0,52800.0,15.0,22.7,pittsburgh,2026-07-01T05:06:56.396557
2026-07-01T00:00,17.3,64,10.5,16.0,0,0.0,0.0,0.0,0.0,0.0,3,1018.6,1012.6,97,28300.0,9.8,18.4,portland,2026-07-01T05:06:58.869710
2026-07-01T01:00,16.5,64,9.6,14.6,0,0.0,0.0,0.0,0.0,0.0,3,1018.7,1012.7,100,28400.0,12.2,15.8,portland,2026-07-01T05:06:58.869710
2026-07-01T02:00,16.0,68,10.1,14.3,0,0.0,0.0,0.0,0.0,0.0,3,1018.5,1012.5,100,26100.0,12.5,22.0,portland,2026-07-01T05:06:58.869710
2026-07-01T03:00,14.8,66,8.5,12.9,0,0.0,0.0,0.0,0.0,0.0,3,1018.7,1012.7,94,24800.0,10.5,23.0,portland,2026-07-01T05:06:58.869710
2026-07-01T04:00,13.0,75,8.7,11.3,0,0.0,0.0,0.0,0.0,0.0,2,1018.7,1012.6,53,21900.0,9.2,24.8,portland,2026-07-01T05:06:58.869710
2026-07-01T05:00,12.0,79,8.5,10.4,0,0.0,0.0,0.0,0.0,0.0,0,1019.2,1013.1,12,19100.0,8.3,23.4,portland,2026-07-01T05:06:58.869710
2026-07-01T06:00,11.4,82,8.4,9.9,0,0.0,0.0,0.0,0.0,0.0,0,1018.6,1012.5,7,17300.0,7.0,20.9,portland,2026-07-01T05:06:58.869710
2026-07-01T07:00,10.8,82,7.9,9.3,0,0.0,0.0,0.0,0.0,0.0,0,1018.8,1012.7,5,17100.0,6.4,16.9,portland,2026-07-01T05:06:58.869710
2026-07-01T08:00,10.3,82,7.4,8.8,0,0.0,0.0,0.0,0.0,0.0,0,1018.8,1012.7,13,16900.0,5.6,13.0,portland,2026-07-01T05:06:58.869710
2026-07-01T09:00,9.9,82,7.0,8.3,0,0.0,0.0,0.0,0.0,0.0,1,1018.7,1012.6,21,16600.0,5.9,11.5,portland,2026-07-01T05:06:58.869710
2026-07-01T10:00,10.8,85,8.4,9.9,0,0.0,0.0,0.0,0.0,0.0,3,1018.8,1012.7,100,16800.0,3.6,12.6,portland,2026-07-01T05:06:58.869710
2026-07-01T11:00,11.3,87,9.2,10.5,0,0.0,0.0,0.0,0.0,0.0,3,1019.0,1012.9,100,16300.0,4.0,15.8,portland,2026-07-01T05:06:58.869710
2026-07-01T12:00,11.5,88,9.6,10.8,1,0.0,0.0,0.0,0.0,0.0,3,1019.0,1012.9,100,16300.0,4.3,13.0,portland,2026-07-01T05:06:58.869710
2026-07-01T13:00,11.5,88,9.6,10.9,3,0.0,0.0,0.0,0.0,0.0,3,1019.0,1012.9,100,15700.0,3.6,7.9,portland,2026-07-01T05:06:58.869710
2026-07-01T14:00,12.0,86,9.7,11.7,3,0.0,0.0,0.0,0.0,0.0,3,1019.1,1013.0,100,15300.0,1.8,7.9,portland,2026-07-01T05:06:58.869710
2026-07-01T15:00,12.3,84,9.7,12.1,2,0.0,0.0,0.0,0.0,0.0,3,1019.4,1013.3,100,15500.0,0.8,8.6,portland,2026-07-01T05:06:58.869710
2026-07-01T16:00,12.4,83,9.6,11.6,1,0.0,0.0,0.0,0.0,0.0,3,1019.2,1013.1,100,17200.0,4.9,10.8,portland,2026-07-01T05:06:58.869710
2026-07-01T17:00,13.5,80,10.1,12.4,1,0.0,0.0,0.0,0.0,0.0,3,1019.5,1013.4,100,19700.0,7.6,9.4,portland,2026-07-01T05:06:58.869710
2026-07-01T18:00,14.2,78,10.4,13.9,1,0.0,0.0,0.0,0.0,0.0,3,1019.7,1013.7,100,19600.0,3.3,11.5,portland,2026-07-01T05:06:58.869710
2026-07-01T19:00,14.9,75,10.5,14.5,1,0.0,0.0,0.0,0.0,0.0,3,1019.5,1013.5,89,21200.0,3.5,10.4,portland,2026-07-01T05:06:58.869710
2026-07-01T20:00,16.0,70,10.6,16.4,1,0.0,0.0,0.0,0.0,0.0,3,1019.1,1013.1,100,23300.0,1.1,12.6,portland,2026-07-01T05:06:58.869710
2026-07-01T21:00,16.6,69,10.9,18.5,1,0.0,0.0,0.0,0.0,0.0,2,1018.8,1012.8,75,25300.0,3.4,12.6,portland,2026-07-01T05:06:58.869710
2026-07-01T22:00,18.0,65,11.3,18.6,1,0.0,0.0,0.0,0.0,0.0,3,1018.6,1012.6,100,28000.0,6.2,14.0,portland,2026-07-01T05:06:58.869710
2026-07-01T23:00,18.9,60,11.0,19.6,1,0.0,0.0,0.0,0.0,0.0,1,1018.0,1012.1,44,31400.0,7.3,15.1,portland,2026-07-01T05:06:58.869710
2026-07-01T00:00,33.0,56,23.1,36.4,0,0.0,0.0,0.0,0.0,0.0,95,1013.9,997.5,0,33400.0,15.0,27.7,saint_louis,2026-07-01T05:07:01.339461
2026-07-01T01:00,30.9,64,23.3,35.2,0,0.0,0.0,0.0,0.0,0.0,95,1013.8,997.3,10,28300.0,9.5,31.0,saint_louis,2026-07-01T05:07:01.339461
2026-07-01T02:00,29.1,72,23.6,33.6,0,0.0,0.0,0.0,0.0,0.0,95,1013.9,997.3,0,23300.0,9.4,21.6,saint_louis,2026-07-01T05:07:01.339461
2026-07-01T03:00,28.3,77,23.9,32.6,0,0.0,0.0,0.0,0.0,0.0,0,1014.3,997.7,0,20500.0,11.7,25.2,saint_louis,2026-07-01T05:07:01.339461
2026-07-01T04:00,27.5,82,24.1,32.2,0,0.0,0.0,0.0,0.0,0.0,0,1013.1,996.5,0,18600.0,10.1,22.3,saint_louis,2026-07-01T05:07:01.339461
2026-07-01T05:00,26.9,84,24.0,31.5,0,0.0,0.0,0.0,0.0,0.0,0,1013.7,997.0,0,17100.0,10.8,23.8,saint_louis,2026-07-01T05:07:01.339461
2026-07-01T06:00,26.5,86,24.0,31.0,0,0.0,0.0,0.0,0.0,0.0,0,1014.7,998.0,0,16300.0,10.9,23.4,saint_louis,2026-07-01T05:07:01.339461
2026-07-01T07:00,26.2,84,23.3,30.3,0,0.0,0.0,0.0,0.0,0.0,0,1015.5,998.7,0,16500.0,10.7,23.0,saint_louis,2026-07-01T05:07:01.339461
2026-07-01T08:00,25.6,84,22.7,29.5,0,0.0,0.0,0.0,0.0,0.0,0,1015.0,998.2,0,16700.0,9.6,22.0,saint_louis,2026-07-01T05:07:01.339461
2026-07-01T09:00,25.0,83,21.9,28.7,1,0.0,0.0,0.0,0.0,0.0,0,1014.8,998.0,0,16900.0,8.0,18.7,saint_louis,2026-07-01T05:07:01.339461
2026-07-01T10:00,24.5,83,21.5,27.8,1,0.0,0.0,0.0,0.0,0.0,0,1015.3,998.5,0,17800.0,9.0,19.4,saint_louis,2026-07-01T05:07:01.339461
2026-07-01T11:00,24.1,85,21.5,27.6,1,0.0,0.0,0.0,0.0,0.0,0,1015.9,999.0,0,17200.0,8.0,16.9,saint_louis,2026-07-01T05:07:01.339461
2026-07-01T12:00,25.2,84,22.3,29.3,1,0.0,0.0,0.0,0.0,0.0,0,1017.2,1000.4,0,17000.0,6.6,13.7,saint_louis,2026-07-01T05:07:01.339461
2026-07-01T13:00,27.1,78,23.0,31.3,1,0.0,0.0,0.0,0.0,0.0,0,1017.6,1000.9,0,19700.0,8.9,30.6,saint_louis,2026-07-01T05:07:01.339461
2026-07-01T14:00,28.8,74,23.7,33.4,1,0.0,0.0,0.0,0.0,0.0,0,1017.0,1000.4,0,21700.0,8.7,25.9,saint_louis,2026-07-01T05:07:01.339461
2026-07-01T15:00,30.2,69,23.9,35.4,1,0.0,0.0,0.0,0.0,0.0,95,1016.7,1000.1,0,24600.0,9.7,22.0,saint_louis,2026-07-01T05:07:01.339461
2026-07-01T16:00,31.7,63,23.8,38.0,1,0.0,0.0,0.0,0.0,0.0,95,1016.9,1000.4,1,28600.0,8.2,20.5,saint_louis,2026-07-01T05:07:01.339461
2026-07-01T17:00,33.6,53,22.7,39.7,1,0.0,0.0,0.0,0.0,0.0,95,1016.9,1000.5,2,35700.0,9.0,22.7,saint_louis,2026-07-01T05:07:01.339461
2026-07-01T18:00,35.4,44,21.3,40.7,1,0.0,0.0,0.0,0.0,0.0,95,1016.1,999.8,22,44800.0,10.4,23.8,saint_louis,2026-07-01T05:07:01.339461
2026-07-01T19:00,36.4,42,21.4,41.0,1,0.0,0.0,0.0,0.0,0.0,95,1015.4,999.2,9,49000.0,13.8,20.2,saint_louis,2026-07-01T05:07:01.339461
2026-07-01T20:00,36.8,38,20.2,40.2,0,0.0,0.0,0.0,0.0,0.0,95,1014.9,998.7,12,54400.0,16.3,21.6,saint_louis,2026-07-01T05:07:01.339461
2026-07-01T21:00,36.8,39,20.6,39.9,1,0.0,0.0,0.0,0.0,0.0,95,1014.8,998.6,21,56700.0,16.6,23.8,saint_louis,2026-07-01T05:07:01.339461
2026-07-01T22:00,36.3,38,19.8,37.8,1,0.0,0.0,0.0,0.0,0.0,95,1014.9,998.7,4,51900.0,18.3,24.8,saint_louis,2026-07-01T05:07:01.339461
2026-07-01T23:00,35.8,35,18.0,36.0,1,0.0,0.0,0.0,0.0,0.0,0,1014.6,998.4,6,55500.0,18.2,28.1,saint_louis,2026-07-01T05:07:01.339461
2026-07-01T00:00,16.1,75,11.7,13.6,0,0.0,0.0,0.0,0.0,0.0,0,1012.3,987.7,6,18600.0,25.9,32.8,san_francisco,2026-07-01T05:08:19.156205
2026-07-01T01:00,15.0,79,11.4,11.9,0,0.0,0.0,0.0,0.0,0.0,45,1011.9,987.2,100,200.0,24.4,33.5,san_francisco,2026-07-01T05:08:19.156205
2026-07-01T02:00,13.3,86,11.0,10.0,0,0.0,0.0,0.0,0.0,0.0,45,1011.6,986.8,100,200.0,24.6,34.9,san_francisco,2026-07-01T05:08:19.156205
2026-07-01T03:00,11.9,92,10.7,8.5,1,0.0,0.0,0.0,0.0,0.0,45,1011.4,986.4,53,400.0,24.9,38.2,san_francisco,2026-07-01T05:08:19.156205
2026-07-01T04:00,11.0,100,11.0,7.8,0,0.0,0.0,0.0,0.0,0.0,3,1011.8,986.8,100,12200.0,24.4,38.9,san_francisco,2026-07-01T05:08:19.156205
2026-07-01T05:00,11.3,94,10.3,8.2,0,0.0,0.0,0.0,0.0,0.0,2,1012.0,987.0,57,12200.0,21.8,37.1,san_francisco,2026-07-01T05:08:19.156205
2026-07-01T06:00,10.9,97,10.5,8.1,1,0.0,0.0,0.0,0.0,0.0,2,1011.2,986.2,67,12800.0,20.2,34.9,san_francisco,2026-07-01T05:08:19.156205
2026-07-01T07:00,11.0,92,9.7,8.3,1,0.0,0.0,0.0,0.0,0.0,1,1011.9,986.8,22,14100.0,18.2,32.0,san_francisco,2026-07-01T05:08:19.156205
2026-07-01T08:00,10.7,91,9.3,8.1,1,0.0,0.0,0.0,0.0,0.0,0,1011.5,986.4,16,14100.0,16.6,30.2,san_francisco,2026-07-01T05:08:19.156205
2026-07-01T09:00,10.5,91,9.1,8.0,0,0.0,0.0,0.0,0.0,0.0,0,1010.9,985.8,18,13000.0,15.2,30.2,san_francisco,2026-07-01T05:08:19.156205
2026-07-01T10:00,10.2,93,9.1,7.9,0,0.0,0.0,0.0,0.0,0.0,0,1009.9,984.8,17,12700.0,14.3,29.2,san_francisco,2026-07-01T05:08:19.156205
2026-07-01T11:00,10.3,93,9.2,8.0,0,0.0,0.0,0.0,0.0,0.0,0,1010.3,985.2,18,12700.0,14.8,30.2,san_francisco,2026-07-01T05:08:19.156205
2026-07-01T12:00,10.3,93,9.2,8.0,0,0.0,0.0,0.0,0.0,0.0,0,1010.6,985.5,15,12600.0,14.1,30.6,san_francisco,2026-07-01T05:08:19.156205
2026-07-01T13:00,10.2,94,9.2,7.9,0,0.0,0.0,0.0,0.0,0.0,0,1010.7,985.6,18,12200.0,14.5,31.0,san_francisco,2026-07-01T05:08:19.156205
2026-07-01T14:00,11.4,91,10.0,9.1,0,0.0,0.0,0.0,0.0,0.0,0,1011.1,986.1,19,12800.0,15.3,29.5,san_francisco,2026-07-01T05:08:19.156205
2026-07-01T15:00,12.8,85,10.3,10.5,0,0.0,0.0,0.0,0.0,0.0,0,1011.2,986.3,16,14800.0,16.3,24.8,san_francisco,2026-07-01T05:08:19.156205
2026-07-01T16:00,14.1,80,10.7,12.2,0,0.0,0.0,0.0,0.0,0.0,1,1011.6,986.8,20,17100.0,14.6,20.5,san_francisco,2026-07-01T05:08:19.156205
2026-07-01T17:00,15.8,75,11.4,14.5,0,0.0,0.0,0.0,0.0,0.0,0,1011.8,987.2,15,19600.0,14.3,18.7,san_francisco,2026-07-01T05:08:19.156205
2026-07-01T18:00,17.2,69,11.4,16.5,0,0.0,0.0,0.0,0.0,0.0,3,1012.4,987.9,82,22300.0,14.8,18.0,san_francisco,2026-07-01T05:08:19.156205
2026-07-01T19:00,18.1,66,11.6,17.3,0,0.0,0.0,0.0,0.0,0.0,0,1012.4,987.9,7,22800.0,19.3,24.8,san_francisco,2026-07-01T05:08:19.156205
2026-07-01T20:00,18.4,65,11.7,17.8,1,0.0,0.0,0.0,0.0,0.0,0,1012.1,987.7,3,22300.0,22.1,28.8,san_francisco,2026-07-01T05:08:19.156205
2026-07-01T21:00,17.9,67,11.7,17.3,1,0.0,0.0,0.0,0.0,0.0,0,1012.3,987.8,3,24500.0,23.1,30.6,san_francisco,2026-07-01T05:08:19.156205
2026-07-01T22:00,17.7,68,11.7,16.3,0,0.0,0.0,0.0,0.0,0.0,0,1012.0,987.5,3,22100.0,26.5,36.4,san_francisco,2026-07-01T05:08:19.156205
2026-07-01T23:00,16.5,72,11.4,14.1,0,0.0,0.0,0.0,0.0,0.0,0,1011.7,987.1,5,19700.0,28.8,39.6,san_francisco,2026-07-01T05:08:19.156205
2026-07-01T00:00,27.4,49,15.7,28.4,0,0.0,0.0,0.0,0.0,0.0,0,1011.0,1006.5,1,38500.0,12.4,12.6,san_jose,2026-07-01T05:08:56.781189
2026-07-01T01:00,26.3,49,14.8,26.2,0,0.0,0.0,0.0,0.0,0.0,0,1010.6,1006.1,6,37700.0,11.8,11.9,san_jose,2026-07-01T05:08:56.781189
2026-07-01T02:00,23.5,58,14.8,24.3,0,0.0,0.0,0.0,0.0,0.0,0,1010.5,1006.0,4,30700.0,5.1,6.8,san_jose,2026-07-01T05:08:56.781189
2026-07-01T03:00,21.2,57,12.4,21.2,0,0.0,0.0,0.0,0.0,0.0,0,1010.5,1005.9,3,34800.0,5.8,8.3,san_jose,2026-07-01T05:08:56.781189
2026-07-01T04:00,18.7,67,12.5,19.0,0,0.0,0.0,0.0,0.0,0.0,0,1011.2,1006.6,4,27400.0,3.3,5.8,san_jose,2026-07-01T05:08:56.781189
2026-07-01T05:00,16.9,74,12.2,16.1,0,0.0,0.0,0.0,0.0,0.0,0,1011.2,1006.6,11,22600.0,10.3,21.2,san_jose,2026-07-01T05:08:56.781189
2026-07-01T06:00,15.7,76,11.5,14.4,0,0.0,0.0,0.0,0.0,0.0,0,1010.4,1005.8,5,19400.0,12.5,24.1,san_jose,2026-07-01T05:08:56.781189
2026-07-01T07:00,14.8,81,11.6,13.5,0,0.0,0.0,0.0,0.0,0.0,0,1011.4,1006.7,3,17100.0,12.1,24.1,san_jose,2026-07-01T05:08:56.781189
2026-07-01T08:00,13.9,85,11.4,12.6,0,0.0,0.0,0.0,0.0,0.0,0,1010.9,1006.2,1,14800.0,11.8,23.4,san_jose,2026-07-01T05:08:56.781189
2026-07-01T09:00,13.2,87,11.1,11.6,0,0.0,0.0,0.0,0.0,0.0,0,1010.4,1005.7,3,14000.0,13.1,25.9,san_jose,2026-07-01T05:08:56.781189
2026-07-01T10:00,12.6,89,10.9,10.9,0,0.0,0.0,0.0,0.0,0.0,0,1009.5,1004.8,6,14000.0,14.0,28.4,san_jose,2026-07-01T05:08:56.781189
2026-07-01T11:00,12.3,89,10.5,10.3,0,0.0,0.0,0.0,0.0,0.0,0,1009.7,1005.0,5,13900.0,14.8,29.9,san_jose,2026-07-01T05:08:56.781189
2026-07-01T12:00,11.9,89,10.2,9.7,0,0.0,0.0,0.0,0.0,0.0,0,1010.0,1005.3,5,13800.0,15.9,30.6,san_jose,2026-07-01T05:08:56.781189
2026-07-01T13:00,11.6,88,9.7,9.3,0,0.0,0.0,0.0,0.0,0.0,0,1010.2,1005.5,5,14100.0,15.0,29.9,san_jose,2026-07-01T05:08:56.781189
2026-07-01T14:00,12.5,87,10.4,10.1,0,0.0,0.0,0.0,0.0,0.0,0,1010.5,1005.8,6,15300.0,17.2,32.0,san_jose,2026-07-01T05:08:56.781189
2026-07-01T15:00,14.1,82,11.1,11.8,0,0.0,0.0,0.0,0.0,0.0,0,1010.6,1005.9,3,17200.0,18.3,28.4,san_jose,2026-07-01T05:08:56.781189
2026-07-01T16:00,16.2,73,11.4,14.0,0,0.0,0.0,0.0,0.0,0.0,0,1011.0,1006.4,1,21300.0,17.9,26.6,san_jose,2026-07-01T05:08:56.781189
2026-07-01T17:00,18.9,60,11.0,17.3,0,0.0,0.0,0.0,0.0,0.0,0,1011.1,1006.5,1,28100.0,17.2,23.8,san_jose,2026-07-01T05:08:56.781189
2026-07-01T18:00,21.2,52,11.0,20.7,0,0.0,0.0,0.0,0.0,0.0,0,1011.6,1007.0,3,34800.0,15.8,19.4,san_jose,2026-07-01T05:08:56.781189
2026-07-01T19:00,23.6,45,11.0,24.2,0,0.0,0.0,0.0,0.0,0.0,0,1011.4,1006.9,1,40600.0,12.7,15.1,san_jose,2026-07-01T05:08:56.781189
2026-07-01T20:00,25.5,40,10.9,27.0,0,0.0,0.0,0.0,0.0,0.0,0,1011.2,1006.7,0,45900.0,9.7,10.4,san_jose,2026-07-01T05:08:56.781189
2026-07-01T21:00,26.9,37,11.0,29.2,0,0.0,0.0,0.0,0.0,0.0,0,1011.3,1006.8,1,48800.0,6.6,7.2,san_jose,2026-07-01T05:08:56.781189
2026-07-01T22:00,27.8,37,11.8,30.4,0,0.0,0.0,0.0,0.0,0.0,0,1010.9,1006.4,0,52000.0,4.0,4.7,san_jose,2026-07-01T05:08:56.781189
2026-07-01T23:00,28.1,37,12.0,29.1,0,0.0,0.0,0.0,0.0,0.0,0,1010.6,1006.1,0,52600.0,9.8,10.8,san_jose,2026-07-01T05:08:56.781189
2026-07-01T00:00,10.3,76,6.2,7.9,0,0.0,0.0,0.0,0.0,0.0,0,1015.7,1013.1,0,47560.0,9.3,16.2,santa_fe,2026-07-01T05:08:59.259406
2026-07-01T01:00,9.6,80,6.4,7.1,0,0.0,0.0,0.0,0.0,0.0,0,1016.1,1013.5,0,47560.0,10.6,19.1,santa_fe,2026-07-01T05:08:59.259406
2026-07-01T02:00,9.2,82,6.3,6.7,0,0.0,0.0,0.0,0.0,0.0,1,1016.3,1013.7,45,47560.0,10.6,19.4,santa_fe,2026-07-01T05:08:59.259406
2026-07-01T03:00,8.9,83,6.2,6.4,0,0.0,0.0,0.0,0.0,0.0,2,1016.6,1014.0,57,43920.0,10.4,19.8,santa_fe,2026-07-01T05:08:59.259406
2026-07-01T04:00,8.7,84,6.2,6.3,0,0.0,0.0,0.0,0.0,0.0,1,1016.7,1014.1,25,43920.0,9.7,18.7,santa_fe,2026-07-01T05:08:59.259406
2026-07-01T05:00,8.2,85,5.9,5.8,0,0.0,0.0,0.0,0.0,0.0,0,1016.9,1014.3,15,43900.0,9.3,17.6,santa_fe,2026-07-01T05:08:59.259406
2026-07-01T06:00,7.8,86,5.6,5.4,0,0.0,0.0,0.0,0.0,0.0,3,1017.0,1014.4,80,43900.0,8.3,16.9,santa_fe,2026-07-01T05:08:59.259406
2026-07-01T07:00,7.4,86,5.3,5.2,0,0.0,0.0,0.0,0.0,0.0,2,1017.1,1014.5,70,43900.0,7.2,15.1,santa_fe,2026-07-01T05:08:59.259406
2026-07-01T08:00,6.9,88,5.0,4.7,0,0.0,0.0,0.0,0.0,0.0,1,1017.2,1014.6,38,43900.0,6.4,13.3,santa_fe,2026-07-01T05:08:59.259406
2026-07-01T09:00,6.7,89,5.0,4.4,0,0.0,0.0,0.0,0.0,0.0,2,1017.5,1014.9,67,39640.0,7.1,13.0,santa_fe,2026-07-01T05:08:59.259406
2026-07-01T10:00,6.2,91,4.8,4.0,0,0.0,0.0,0.0,0.0,0.0,2,1018.6,1016.0,51,39640.0,6.3,14.0,santa_fe,2026-07-01T05:08:59.259406
2026-07-01T11:00,6.1,90,4.6,3.3,0,0.0,0.0,0.0,0.0,0.0,2,1019.1,1016.5,57,39640.0,10.3,18.0,santa_fe,2026-07-01T05:08:59.259406
2026-07-01T12:00,6.8,87,4.8,4.3,0,0.0,0.0,0.0,0.0,0.0,1,1020.0,1017.4,25,39620.0,8.2,21.2,santa_fe,2026-07-01T05:08:59.259406
2026-07-01T13:00,8.2,83,5.4,6.7,0,0.0,0.0,0.0,0.0,0.0,1,1021.4,1018.8,33,43880.0,2.0,13.7,santa_fe,2026-07-01T05:08:59.259406
2026-07-01T14:00,10.1,78,6.5,8.4,0,0.0,0.0,0.0,0.0,0.0,1,1022.3,1019.7,34,47500.0,5.6,15.5,santa_fe,2026-07-01T05:08:59.259406
2026-07-01T15:00,12.3,72,7.4,10.4,0,0.0,0.0,0.0,0.0,0.0,1,1022.6,1020.0,30,47500.0,8.3,20.9,santa_fe,2026-07-01T05:08:59.259406
2026-07-01T16:00,13.8,64,7.1,11.4,0,0.0,0.0,0.0,0.0,0.0,0,1022.6,1020.0,9,50660.0,11.2,25.9,santa_fe,2026-07-01T05:08:59.259406
2026-07-01T17:00,14.5,60,6.8,11.6,0,0.0,0.0,0.0,0.0,0.0,0,1022.0,1019.5,13,53540.0,14.2,31.3,santa_fe,2026-07-01T05:08:59.259406
2026-07-01T18:00,14.7,57,6.1,11.2,0,0.0,0.0,0.0,0.0,0.0,0,1021.8,1019.3,3,53540.0,17.3,36.4,santa_fe,2026-07-01T05:08:59.259406
2026-07-01T19:00,14.5,56,5.9,10.5,0,0.0,0.0,0.0,0.0,0.0,0,1022.1,1019.6,0,53540.0,19.9,41.0,santa_fe,2026-07-01T05:08:59.259406
2026-07-01T20:00,13.8,60,6.2,10.2,0,0.0,0.0,0.0,0.0,0.0,0,1022.9,1020.3,0,19260.0,17.9,41.4,santa_fe,2026-07-01T05:08:59.259406
2026-07-01T21:00,12.4,69,6.8,9.3,0,0.0,0.0,0.0,0.0,0.0,0,1023.7,1021.1,0,19720.0,15.6,34.9,santa_fe,2026-07-01T05:08:59.259406
2026-07-01T22:00,11.4,74,6.9,8.4,0,0.0,0.0,0.0,0.0,0.0,0,1025.0,1022.4,0,47480.0,15.1,29.2,santa_fe,2026-07-01T05:08:59.259406
2026-07-01T23:00,11.0,75,6.7,7.8,0,0.0,0.0,0.0,0.0,0.0,0,1026.4,1023.8,1,47460.0,16.0,29.9,santa_fe,2026-07-01T05:08:59.259406
2026-07-01T00:00,16.0,64,9.2,14.2,0,0.0,0.0,0.0,0.0,0.0,3,1017.9,1007.5,100,26500.0,10.7,17.6,seattle,2026-07-01T05:09:01.727979
2026-07-01T01:00,15.8,68,9.9,14.5,0,0.0,0.0,0.0,0.0,0.0,3,1017.7,1007.3,100,24200.0,9.0,16.2,seattle,2026-07-01T05:09:01.727979
2026-07-01T02:00,15.5,69,9.8,14.6,0,0.0,0.0,0.0,0.0,0.0,3,1017.7,1007.3,100,24000.0,5.8,14.8,seattle,2026-07-01T05:09:01.727979
2026-07-01T03:00,14.7,75,10.3,13.9,1,0.0,0.0,0.0,0.0,0.0,1,1017.6,1007.2,42,23500.0,6.1,12.6,seattle,2026-07-01T05:09:01.727979
2026-07-01T04:00,13.1,77,9.2,12.0,1,0.0,0.0,0.0,0.0,0.0,0,1016.5,1006.0,6,20700.0,6.4,15.8,seattle,2026-07-01T05:09:01.727979
2026-07-01T05:00,12.1,78,8.4,10.6,0,0.0,0.0,0.0,0.0,0.0,0,1018.0,1007.5,6,19700.0,7.6,18.7,seattle,2026-07-01T05:09:01.727979
2026-07-01T06:00,11.5,85,9.1,9.8,0,0.0,0.0,0.0,0.0,0.0,0,1017.7,1007.1,13,17200.0,10.5,23.4,seattle,2026-07-01T05:09:01.727979
2026-07-01T07:00,10.9,87,8.8,9.3,0,0.0,0.0,0.0,0.0,0.0,1,1017.5,1006.9,23,16500.0,8.7,23.4,seattle,2026-07-01T05:09:01.727979
2026-07-01T08:00,10.3,88,8.4,8.8,0,0.0,0.0,0.0,0.0,0.0,1,1017.7,1007.1,23,16500.0,7.3,23.0,seattle,2026-07-01T05:09:01.727979
2026-07-01T09:00,9.7,89,8.0,8.2,0,0.0,0.0,0.0,0.0,0.0,0,1017.3,1006.7,15,15800.0,6.8,20.9,seattle,2026-07-01T05:09:01.727979
2026-07-01T10:00,9.4,91,8.0,7.9,0,0.0,0.0,0.0,0.0,0.0,3,1017.5,1006.9,81,15200.0,6.5,18.4,seattle,2026-07-01T05:09:01.727979
2026-07-01T11:00,9.0,91,7.7,7.2,0,0.0,0.0,0.0,0.0,0.0,3,1017.7,1007.0,82,14500.0,8.7,20.5,seattle,2026-07-01T05:09:01.727979
2026-07-01T12:00,8.8,92,7.6,7.0,0,0.0,0.0,0.0,0.0,0.0,1,1017.7,1007.0,21,14300.0,8.3,22.3,seattle,2026-07-01T05:09:01.727979
2026-07-01T13:00,9.2,92,8.0,7.8,0,0.0,0.0,0.0,0.0,0.0,1,1017.6,1007.0,28,14100.0,5.8,19.4,seattle,2026-07-01T05:09:01.727979
2026-07-01T14:00,10.8,89,9.1,9.3,0,0.0,0.0,0.0,0.0,0.0,2,1017.9,1007.3,79,14800.0,8.8,21.2,seattle,2026-07-01T05:09:01.727979
2026-07-01T15:00,12.0,86,9.8,10.6,0,0.0,0.0,0.0,0.0,0.0,3,1018.2,1007.7,100,16000.0,9.8,16.9,seattle,2026-07-01T05:09:01.727979
2026-07-01T16:00,12.6,86,10.3,11.0,0,0.0,0.0,0.0,0.0,0.0,3,1018.0,1007.5,100,17900.0,11.3,16.9,seattle,2026-07-01T05:09:01.727979
2026-07-01T17:00,13.4,82,10.4,11.8,0,0.0,0.0,0.0,0.0,0.0,3,1018.2,1007.7,100,19600.0,11.7,15.8,seattle,2026-07-01T05:09:01.727979
2026-07-01T18:00,14.6,78,10.8,13.3,0,0.0,0.0,0.0,0.0,0.0,3,1018.4,1007.9,100,21800.0,11.2,14.4,seattle,2026-07-01T05:09:01.727979
2026-07-01T19:00,15.6,72,10.6,14.7,1,0.0,0.0,0.0,0.0,0.0,3,1018.5,1008.1,100,24500.0,10.2,13.0,seattle,2026-07-01T05:09:01.727979
2026-07-01T20:00,16.6,67,10.4,16.6,1,0.0,0.0,0.0,0.0,0.0,3,1018.2,1007.8,98,28000.0,9.7,11.9,seattle,2026-07-01T05:09:01.727979
2026-07-01T21:00,17.7,63,10.6,17.9,1,0.0,0.0,0.0,0.0,0.0,1,1018.3,1008.0,32,29100.0,10.3,13.0,seattle,2026-07-01T05:09:01.727979
2026-07-01T22:00,18.9,55,9.7,18.9,2,0.0,0.0,0.0,0.0,0.0,1,1017.9,1007.6,20,34100.0,8.6,9.4,seattle,2026-07-01T05:09:01.727979
2026-07-01T23:00,18.8,51,8.5,17.1,2,0.0,0.0,0.0,0.0,0.0,3,1017.6,1007.3,89,37100.0,9.0,10.1,seattle,2026-07-01T05:09:01.727979
2026-07-01T00:00,30.1,46,17.2,31.5,0,0.0,0.0,0.0,0.0,0.0,0,1016.4,1013.7,1,42900.0,7.6,21.2,washington,2026-07-01T05:11:04.702415
2026-07-01T01:00,29.1,45,16.0,29.9,0,0.0,0.0,0.0,0.0,0.0,0,1016.7,1013.9,3,43900.0,8.6,26.6,washington,2026-07-01T05:11:04.702415
2026-07-01T02:00,27.3,51,16.3,29.0,0,0.0,0.0,0.0,0.0,0.0,0,1017.1,1014.3,11,38200.0,3.0,16.2,washington,2026-07-01T05:11:04.702415
2026-07-01T03:00,26.7,56,17.2,28.3,0,0.0,0.0,0.0,0.0,0.0,2,1017.9,1015.1,78,34000.0,6.8,23.4,washington,2026-07-01T05:11:04.702415
2026-07-01T04:00,25.9,59,17.3,27.2,0,0.0,0.0,0.0,0.0,0.0,3,1016.8,1014.0,88,31400.0,9.1,22.7,washington,2026-07-01T05:11:04.702415
2026-07-01T05:00,24.4,70,18.6,26.1,0,0.0,0.0,0.0,0.0,0.0,1,1016.1,1013.3,20,23100.0,10.2,28.1,washington,2026-07-01T05:11:04.702415
2026-07-01T06:00,23.8,75,19.1,26.0,0,0.0,0.0,0.0,0.0,0.0,0,1017.4,1014.6,0,20700.0,8.4,19.8,washington,2026-07-01T05:11:04.702415
2026-07-01T07:00,23.2,79,19.4,25.8,1,0.0,0.0,0.0,0.0,0.0,0,1016.8,1014.0,0,18900.0,6.7,21.6,washington,2026-07-01T05:11:04.702415
2026-07-01T08:00,22.9,80,19.3,25.8,1,0.0,0.0,0.0,0.0,0.0,0,1017.2,1014.4,0,18400.0,4.3,18.0,washington,2026-07-01T05:11:04.702415
2026-07-01T09:00,22.6,83,19.6,25.0,3,0.0,0.0,0.0,0.0,0.0,0,1016.6,1013.8,0,17100.0,9.3,19.1,washington,2026-07-01T05:11:04.702415
2026-07-01T10:00,22.4,85,19.8,24.8,1,0.0,0.0,0.0,0.0,0.0,0,1016.1,1013.3,5,16200.0,9.3,19.1,washington,2026-07-01T05:11:04.702415
2026-07-01T11:00,23.3,81,19.9,25.6,0,0.0,0.0,0.0,0.0,0.0,0,1017.3,1014.5,12,18000.0,10.8,29.5,washington,2026-07-01T05:11:04.702415
2026-07-01T12:00,24.9,73,19.8,26.7,0,0.0,0.0,0.0,0.0,0.0,0,1017.4,1014.6,1,22100.0,13.6,31.7,washington,2026-07-01T05:11:04.702415
2026-07-01T13:00,26.7,68,20.3,28.9,0,0.0,0.0,0.0,0.0,0.0,0,1017.9,1015.1,5,24600.0,13.0,23.0,washington,2026-07-01T05:11:04.702415
2026-07-01T14:00,29.3,62,21.3,32.7,0,0.0,0.0,0.0,0.0,0.0,0,1017.2,1014.4,7,27800.0,10.7,19.1,washington,2026-07-01T05:11:04.702415
2026-07-01T15:00,32.3,56,22.5,37.7,0,0.0,0.0,0.0,0.0,0.0,0,1016.9,1014.2,2,31800.0,7.9,14.4,washington,2026-07-01T05:11:04.702415
2026-07-01T16:00,34.7,50,22.8,41.2,0,0.0,0.0,0.0,0.0,0.0,95,1016.7,1014.0,2,37000.0,6.2,10.4,washington,2026-07-01T05:11:04.702415
2026-07-01T17:00,36.2,44,22.0,42.9,0,0.0,0.0,0.0,0.0,0.0,95,1016.2,1013.5,22,42600.0,4.8,18.4,washington,2026-07-01T05:11:04.702415
2026-07-01T18:00,37.0,41,21.6,43.8,0,0.0,0.0,0.0,0.0,0.0,1,1015.5,1012.8,20,46800.0,1.5,12.6,washington,2026-07-01T05:11:04.702415
2026-07-01T19:00,37.9,38,21.2,43.8,0,0.0,0.0,0.0,0.0,0.0,1,1015.2,1012.5,24,50600.0,5.1,16.2,washington,2026-07-01T05:11:04.702415
2026-07-01T20:00,38.6,32,19.0,42.2,0,0.0,0.0,0.0,0.0,0.0,0,1015.1,1012.4,5,59300.0,8.5,16.2,washington,2026-07-01T05:11:04.702415
2026-07-01T21:00,38.7,30,18.1,40.9,1,0.0,0.0,0.0,0.0,0.0,0,1014.5,1011.8,3,61900.0,9.2,14.8,washington,2026-07-01T05:11:04.702415
2026-07-01T22:00,37.8,39,21.5,40.6,1,0.0,0.0,0.0,0.0,0.0,95,1014.6,1011.9,0,49700.0,13.0,21.6,washington,2026-07-01T05:11:04.702415
2026-07-01T23:00,37.3,39,21.0,39.8,2,0.0,0.0,0.0,0.0,0.0,95,1014.5,1011.8,8,49900.0,12.6,19.1,washington,2026-07-01T05:11:04.702415
2026-07-01T00:00,23.4,81,20.0,26.3,27,0.0,0.0,0.0,0.0,0.0,3,1013.8,916.7,98,31480.0,6.7,27.0,caracas,2026-07-01T05:11:07.168340
2026-07-01T01:00,22.8,85,20.2,25.7,19,0.0,0.0,0.0,0.0,0.0,3,1014.7,917.4,94,33080.0,7.5,25.9,caracas,2026-07-01T05:11:07.168340
2026-07-01T02:00,22.5,88,20.4,25.5,8,0.0,0.0,0.0,0.0,0.0,3,1015.2,917.7,99,19660.0,7.6,25.9,caracas,2026-07-01T05:11:07.168340
2026-07-01T03:00,22.4,88,20.3,25.2,0,0.0,0.0,0.0,0.0,0.0,3,1015.3,917.8,99,33380.0,7.9,28.1,caracas,2026-07-01T05:11:07.168340
2026-07-01T04:00,21.9,90,20.2,24.7,0,0.0,0.0,0.0,0.0,0.0,3,1015.4,917.7,100,4560.0,7.9,27.4,caracas,2026-07-01T05:11:07.168340
2026-07-01T05:00,21.9,89,20.0,24.7,0,0.0,0.0,0.0,0.0,0.0,3,1015.2,917.5,100,1540.0,7.4,27.4,caracas,2026-07-01T05:11:07.168340
2026-07-01T06:00,21.6,91,20.1,24.5,0,0.0,0.0,0.0,0.0,0.0,3,1014.7,917.0,98,800.0,7.3,25.2,caracas,2026-07-01T05:11:07.168340
2026-07-01T07:00,21.4,92,20.0,24.1,1,0.0,0.0,0.0,0.0,0.0,3,1014.1,916.4,98,1360.0,7.9,26.6,caracas,2026-07-01T05:11:07.168340
2026-07-01T08:00,21.3,93,20.0,23.9,3,0.0,0.0,0.0,0.0,0.0,3,1014.0,916.3,100,980.0,8.3,27.4,caracas,2026-07-01T05:11:07.168340
2026-07-01T09:00,21.4,92,20.1,24.1,4,0.0,0.0,0.0,0.0,0.0,2,1014.2,916.5,77,840.0,8.5,27.4,caracas,2026-07-01T05:11:07.168340
2026-07-01T10:00,21.2,93,20.0,23.9,1,0.0,0.0,0.0,0.0,0.0,2,1014.5,916.7,77,2500.0,7.6,27.4,caracas,2026-07-01T05:11:07.168340
2026-07-01T11:00,21.9,88,19.9,24.7,0,0.0,0.0,0.0,0.0,0.0,2,1014.8,917.2,71,27080.0,7.0,26.3,caracas,2026-07-01T05:11:07.168340
2026-07-01T12:00,23.7,78,19.6,26.3,2,0.0,0.0,0.0,0.0,0.0,3,1015.2,918.1,86,21860.0,7.1,27.7,caracas,2026-07-01T05:11:07.168340
2026-07-01T13:00,25.0,70,19.3,27.5,19,0.0,0.0,0.0,0.0,0.0,1,1015.0,918.3,48,12100.0,7.0,28.4,caracas,2026-07-01T05:11:07.168340
2026-07-01T14:00,26.2,64,18.8,28.5,42,0.2,0.1,0.1,0.0,0.0,51,1015.3,919.0,31,7940.0,7.0,29.9,caracas,2026-07-01T05:11:07.168340
2026-07-01T15:00,27.3,59,18.6,30.7,63,0.4,0.3,0.1,0.0,0.0,51,1015.0,919.0,56,5760.0,7.6,33.1,caracas,2026-07-01T05:11:07.168340
2026-07-01T16:00,27.8,56,18.3,31.3,77,0.4,0.3,0.1,0.0,0.0,51,1014.3,918.5,60,7300.0,5.9,32.8,caracas,2026-07-01T05:11:07.168340
2026-07-01T17:00,28.1,55,18.3,31.7,88,0.3,0.1,0.2,0.0,0.0,51,1013.8,918.2,63,7380.0,4.5,29.2,caracas,2026-07-01T05:11:07.168340
2026-07-01T18:00,28.1,56,18.5,32.4,96,0.4,0.2,0.2,0.0,0.0,51,1013.1,917.5,47,4880.0,3.5,27.4,caracas,2026-07-01T05:11:07.168340
2026-07-01T19:00,28.1,55,18.1,31.5,100,0.7,0.4,0.3,0.0,0.0,53,1012.2,916.7,45,6700.0,2.6,24.8,caracas,2026-07-01T05:11:07.168340
2026-07-01T20:00,27.0,60,18.5,30.1,100,0.4,0.4,0.0,0.0,0.0,51,1011.7,915.9,49,9320.0,2.4,18.7,caracas,2026-07-01T05:11:07.168340
2026-07-01T21:00,26.0,64,18.6,29.1,96,0.1,0.1,0.0,0.0,0.0,51,1011.6,915.6,69,11900.0,1.1,16.6,caracas,2026-07-01T05:11:07.168340
2026-07-01T22:00,25.0,70,19.2,28.4,74,0.0,0.0,0.0,0.0,0.0,3,1012.2,915.8,80,24820.0,1.0,12.6,caracas,2026-07-01T05:11:07.168340
2026-07-01T23:00,23.7,79,19.8,26.8,44,0.0,0.0,0.0,0.0,0.0,2,1013.2,916.3,77,21280.0,4.6,16.6,caracas,2026-07-01T05:11:07.168340
2026-07-01T00:00,26.0,93,24.8,31.5,67,0.1,0.1,0.0,0.0,0.0,51,1006.1,1004.3,100,10700.0,7.2,18.0,hanoi,2026-07-01T05:11:09.634184
2026-07-01T01:00,27.2,85,24.5,32.3,62,0.1,0.1,0.0,0.0,0.0,51,1006.5,1004.7,100,15540.0,8.6,21.6,hanoi,2026-07-01T05:11:09.634184
2026-07-01T02:00,28.8,79,24.8,34.2,61,0.1,0.1,0.0,0.0,0.0,51,1006.5,1004.7,99,6800.0,7.8,21.2,hanoi,2026-07-01T05:11:09.634184
2026-07-01T03:00,30.0,77,25.6,36.8,61,0.1,0.0,0.1,0.0,0.0,51,1006.3,1004.5,99,15860.0,6.1,21.2,hanoi,2026-07-01T05:11:09.634184
2026-07-01T04:00,30.9,73,25.5,37.9,63,0.0,0.0,0.0,0.0,0.0,3,1006.1,1004.3,100,20680.0,7.0,22.3,hanoi,2026-07-01T05:11:09.634184
2026-07-01T05:00,29.6,77,25.2,35.5,68,0.1,0.0,0.1,0.0,0.0,51,1005.4,1003.6,100,2340.0,9.0,22.7,hanoi,2026-07-01T05:11:09.634184
2026-07-01T06:00,29.0,83,25.9,34.7,73,1.7,1.0,0.7,0.0,0.0,95,1005.1,1003.3,99,6760.0,11.1,27.0,hanoi,2026-07-01T05:11:09.634184
2026-07-01T07:00,30.9,77,26.5,38.6,80,0.1,0.1,0.0,0.0,0.0,95,1003.9,1002.1,96,8440.0,9.1,27.0,hanoi,2026-07-01T05:11:09.634184
2026-07-01T08:00,31.5,73,26.1,38.0,87,0.1,0.1,0.0,0.0,0.0,95,1002.9,1001.1,99,13040.0,10.7,27.0,hanoi,2026-07-01T05:11:09.634184
2026-07-01T09:00,29.6,81,26.0,35.4,92,1.2,0.9,0.3,0.0,0.0,95,1002.7,1000.9,100,6080.0,10.6,27.4,hanoi,2026-07-01T05:11:09.634184
2026-07-01T10:00,29.6,81,25.9,35.7,91,0.5,0.2,0.3,0.0,0.0,95,1002.8,1001.0,99,6180.0,8.2,22.3,hanoi,2026-07-01T05:11:09.634184
2026-07-01T11:00,29.3,83,26.2,35.7,87,0.2,0.1,0.1,0.0,0.0,51,1003.1,1001.3,98,5780.0,6.9,16.2,hanoi,2026-07-01T05:11:09.634184
2026-07-01T12:00,27.9,91,26.3,35.1,84,0.2,0.2,0.0,0.0,0.0,51,1004.3,1002.5,94,14780.0,3.0,14.4,hanoi,2026-07-01T05:11:09.634184
2026-07-01T13:00,27.8,91,26.2,34.2,83,0.0,0.0,0.0,0.0,0.0,3,1005.5,1003.7,96,5580.0,7.8,12.2,hanoi,2026-07-01T05:11:09.634184
2026-07-01T14:00,26.3,98,25.9,33.1,83,0.3,0.2,0.1,0.0,0.0,51,1006.9,1005.1,99,3960.0,3.8,17.3,hanoi,2026-07-01T05:11:09.634184
2026-07-01T15:00,26.3,98,26.0,33.6,84,0.5,0.2,0.3,0.0,0.0,95,1007.3,1005.5,98,4420.0,0.5,9.7,hanoi,2026-07-01T05:11:09.634184
2026-07-01T16:00,25.7,99,25.6,31.9,86,0.4,0.3,0.1,0.0,0.0,51,1007.7,1005.9,100,3180.0,6.4,12.2,hanoi,2026-07-01T05:11:09.634184
2026-07-01T17:00,25.6,100,25.5,32.0,89,0.7,0.6,0.1,0.0,0.0,53,1007.5,1005.7,100,1840.0,4.1,12.2,hanoi,2026-07-01T05:11:09.634184
2026-07-01T18:00,25.4,99,25.2,31.5,90,0.3,0.2,0.1,0.0,0.0,51,1006.7,1004.9,100,5140.0,5.5,11.2,hanoi,2026-07-01T05:11:09.634184
2026-07-01T19:00,25.4,98,25.0,31.0,87,0.1,0.0,0.1,0.0,0.0,51,1006.2,1004.4,100,5120.0,7.4,15.1,hanoi,2026-07-01T05:11:09.634184
2026-07-01T20:00,25.0,98,24.6,30.2,81,0.6,0.4,0.2,0.0,0.0,53,1006.1,1004.3,100,3360.0,8.1,19.4,hanoi,2026-07-01T05:11:09.634184
2026-07-01T21:00,24.9,96,24.3,30.4,75,1.2,0.9,0.3,0.0,0.0,55,1006.1,1004.3,86,3220.0,5.5,21.2,hanoi,2026-07-01T05:11:09.634184
2026-07-01T22:00,24.9,98,24.5,30.6,67,0.3,0.2,0.1,0.0,0.0,51,1006.0,1004.2,53,7780.0,4.7,10.8,hanoi,2026-07-01T05:11:09.634184
2026-07-01T23:00,25.2,97,24.7,31.0,59,0.0,0.0,0.0,0.0,0.0,3,1006.6,1004.8,100,8920.0,4.8,9.7,hanoi,2026-07-01T05:11:09.634184
2026-07-01T00:00,26.9,88,24.8,32.2,16,0.0,0.0,0.0,0.0,0.0,3,1008.0,1007.3,97,22080.0,8.2,18.0,ho_chi_minh,2026-07-01T05:11:47.298515
2026-07-01T01:00,28.6,83,25.3,34.2,28,0.0,0.0,0.0,0.0,0.0,3,1008.8,1008.1,98,24340.0,9.1,22.0,ho_chi_minh,2026-07-01T05:11:47.298515
2026-07-01T02:00,28.9,80,25.2,34.4,48,0.1,0.0,0.1,0.0,0.0,51,1008.7,1008.0,95,7440.0,9.5,31.3,ho_chi_minh,2026-07-01T05:11:47.298515
2026-07-01T03:00,30.2,75,25.3,35.8,65,0.3,0.1,0.2,0.0,0.0,95,1009.0,1008.3,97,20020.0,12.7,34.6,ho_chi_minh,2026-07-01T05:11:47.298515
2026-07-01T04:00,31.6,69,25.1,38.0,76,0.1,0.0,0.1,0.0,0.0,95,1008.5,1007.8,98,31140.0,12.3,36.0,ho_chi_minh,2026-07-01T05:11:47.298515
2026-07-01T05:00,31.7,65,24.4,36.9,84,0.1,0.0,0.1,0.0,0.0,51,1007.6,1006.9,100,9340.0,11.5,34.9,ho_chi_minh,2026-07-01T05:11:47.298515
2026-07-01T06:00,28.0,83,24.9,33.2,90,7.7,0.0,7.7,0.0,0.0,96,1006.5,1005.8,98,1540.0,9.7,32.0,ho_chi_minh,2026-07-01T05:11:47.298515
2026-07-01T07:00,26.6,91,25.0,31.0,95,9.7,1.8,7.9,0.0,0.0,96,1006.8,1006.1,100,2520.0,16.0,34.9,ho_chi_minh,2026-07-01T05:11:47.298515
2026-07-01T08:00,27.1,92,25.6,32.7,98,1.3,1.0,0.3,0.0,0.0,95,1005.8,1005.1,95,4300.0,10.0,32.8,ho_chi_minh,2026-07-01T05:11:47.298515
2026-07-01T09:00,27.0,89,25.1,31.7,100,1.9,0.3,1.6,0.0,0.0,95,1006.1,1005.4,99,2580.0,14.7,32.0,ho_chi_minh,2026-07-01T05:11:47.298515
2026-07-01T10:00,27.1,89,25.2,32.0,100,0.9,0.9,0.0,0.0,0.0,53,1006.2,1005.5,99,4800.0,12.6,32.0,ho_chi_minh,2026-07-01T05:11:47.298515
2026-07-01T11:00,26.5,93,25.3,31.7,98,0.5,0.5,0.0,0.0,0.0,53,1006.6,1005.9,99,5300.0,11.7,25.2,ho_chi_minh,2026-07-01T05:11:47.298515
2026-07-01T12:00,26.2,94,25.1,31.5,94,0.3,0.3,0.0,0.0,0.0,51,1007.3,1006.6,100,6100.0,9.6,23.0,ho_chi_minh,2026-07-01T05:11:47.298515
2026-07-01T13:00,26.0,94,25.0,31.5,87,0.2,0.2,0.0,0.0,0.0,51,1007.7,1007.0,100,5800.0,7.8,18.4,ho_chi_minh,2026-07-01T05:11:47.298515
2026-07-01T14:00,25.8,95,25.0,31.3,77,0.2,0.2,0.0,0.0,0.0,51,1008.5,1007.8,100,7360.0,8.5,15.8,ho_chi_minh,2026-07-01T05:11:47.298515
2026-07-01T15:00,25.8,95,25.0,31.2,67,0.1,0.1,0.0,0.0,0.0,51,1009.1,1008.4,100,9740.0,9.3,17.6,ho_chi_minh,2026-07-01T05:11:47.298515
2026-07-01T16:00,25.7,95,24.9,30.8,56,0.0,0.0,0.0,0.0,0.0,3,1009.3,1008.6,100,12240.0,10.5,20.5,ho_chi_minh,2026-07-01T05:11:47.298515
2026-07-01T17:00,25.5,95,24.6,30.3,44,0.0,0.0,0.0,0.0,0.0,3,1008.8,1008.1,99,12500.0,11.4,23.0,ho_chi_minh,2026-07-01T05:11:47.298515
2026-07-01T18:00,25.4,95,24.5,30.3,37,0.0,0.0,0.0,0.0,0.0,3,1008.0,1007.3,91,17300.0,10.1,22.7,ho_chi_minh,2026-07-01T05:11:47.298515
2026-07-01T19:00,25.1,95,24.3,29.9,36,0.0,0.0,0.0,0.0,0.0,3,1007.4,1006.7,100,17160.0,9.9,20.9,ho_chi_minh,2026-07-01T05:11:47.298515
2026-07-01T20:00,25.3,94,24.3,30.1,40,0.0,0.0,0.0,0.0,0.0,3,1006.9,1006.2,100,16920.0,9.7,19.8,ho_chi_minh,2026-07-01T05:11:47.298515
2026-07-01T21:00,25.3,94,24.3,29.8,43,0.0,0.0,0.0,0.0,0.0,3,1006.6,1005.9,100,16760.0,11.6,23.4,ho_chi_minh,2026-07-01T05:11:47.298515
2026-07-01T22:00,25.3,94,24.2,30.0,45,0.0,0.0,0.0,0.0,0.0,3,1007.0,1006.3,100,17060.0,10.3,23.8,ho_chi_minh,2026-07-01T05:11:47.298515
2026-07-01T23:00,25.4,93,24.2,30.4,47,0.0,0.0,0.0,0.0,0.0,3,1007.4,1006.7,100,16600.0,8.3,21.6,ho_chi_minh,2026-07-01T05:11:47.298515
