country,city,lead_time_group,n_obs,variable,rmse
Albania,tirana,0h,372,temperature_2m,1.3724634472285573
Albania,tirana,0h,372,relative_humidity_2m,11.849867292029462
Albania,tirana,0h,372,dew_point_2m,1.596518389415523
Albania,tirana,0h,372,apparent_temperature,1.6105332049669374
Albania,tirana,0h,372,precipitation,0.6899041541659855
Albania,tirana,0h,372,rain,0.7857261554752072
Albania,tirana,0h,372,showers,0.3959472105576539
Albania,tirana,0h,372,snowfall,0
Albania,tirana,0h,372,snow_depth,0
Albania,tirana,0h,372,weather_code,19.552245972794154
Albania,tirana,0h,372,pressure_msl,0.5006984369170655
Albania,tirana,0h,372,surface_pressure,0.48637345711391833
Albania,tirana,0h,372,cloud_cover,28.729550932344793
Albania,tirana,0h,372,wind_speed_10m,4.151020084501577
Albania,tirana,0h,372,wind_gusts_10m,8.526933924367986
Albania,tirana,1-6h,2130,temperature_2m,1.4830497698048808
Albania,tirana,1-6h,2130,relative_humidity_2m,12.663243916109066
Albania,tirana,1-6h,2130,dew_point_2m,1.7657327675989847
Albania,tirana,1-6h,2130,apparent_temperature,1.6528024287689684
Albania,tirana,1-6h,2130,precipitation,1.1563663340791055
Albania,tirana,1-6h,2130,rain,1.2028253125015147
Albania,tirana,1-6h,2130,showers,0.3321575507160007
Albania,tirana,1-6h,2130,snowfall,0
Albania,tirana,1-6h,2130,snow_depth,0
Albania,tirana,1-6h,2130,weather_code,23.451097855118185
Albania,tirana,1-6h,2130,pressure_msl,0.5283600280574103
Albania,tirana,1-6h,2130,surface_pressure,0.5120060885788211
Albania,tirana,1-6h,2130,cloud_cover,28.532955988904984
Albania,tirana,1-6h,2130,wind_speed_10m,3.997808084884525
Albania,tirana,1-6h,2130,wind_gusts_10m,8.428540826826644
Albania,tirana,13-18h,1012,temperature_2m,1.463582966153347
Albania,tirana,13-18h,1012,relative_humidity_2m,11.275826744620705
Albania,tirana,13-18h,1012,dew_point_2m,1.6108328928525304
Albania,tirana,13-18h,1012,apparent_temperature,1.7417791095323087
Albania,tirana,13-18h,1012,precipitation,1.2235905822796604
Albania,tirana,13-18h,1012,rain,1.2577428179271908
Albania,tirana,13-18h,1012,showers,0.34094729693683973
Albania,tirana,13-18h,1012,snowfall,0
Albania,tirana,13-18h,1012,snow_depth,0
Albania,tirana,13-18h,1012,weather_code,27.031931052788067
Albania,tirana,13-18h,1012,pressure_msl,0.6127434581083268
Albania,tirana,13-18h,1012,surface_pressure,0.5947564021224265
Albania,tirana,13-18h,1012,cloud_cover,27.92119061529243
Albania,tirana,13-18h,1012,wind_speed_10m,3.8661345097436572
Albania,tirana,13-18h,1012,wind_gusts_10m,8.446563021576903
Albania,tirana,19-24h,364,temperature_2m,1.5823546232896575
Albania,tirana,19-24h,364,relative_humidity_2m,12.39438901765146
Albania,tirana,19-24h,364,dew_point_2m,1.7674094782297236
Albania,tirana,19-24h,364,apparent_temperature,1.8649161074729574
Albania,tirana,19-24h,364,precipitation,1.3720923302159234
Albania,tirana,19-24h,364,rain,1.4208417254540384
Albania,tirana,19-24h,364,showers,0.4922475924854202
Albania,tirana,19-24h,364,snowfall,0
Albania,tirana,19-24h,364,snow_depth,0
Albania,tirana,19-24h,364,weather_code,32.01424820157562
Albania,tirana,19-24h,364,pressure_msl,0.7180177230051197
Albania,tirana,19-24h,364,surface_pressure,0.6951559236903345
Albania,tirana,19-24h,364,cloud_cover,28.655590329687104
Albania,tirana,19-24h,364,wind_speed_10m,3.714125102190996
Albania,tirana,19-24h,364,wind_gusts_10m,7.60920495189872
Albania,tirana,7-12h,1478,temperature_2m,1.3298895535449085
Albania,tirana,7-12h,1478,relative_humidity_2m,11.984484782728146
Albania,tirana,7-12h,1478,dew_point_2m,1.8399969112170345
Albania,tirana,7-12h,1478,apparent_temperature,1.4898438312143012
Albania,tirana,7-12h,1478,precipitation,1.0884434143793689
Albania,tirana,7-12h,1478,rain,1.1275729860951722
Albania,tirana,7-12h,1478,showers,0.3274124576982703
Albania,tirana,7-12h,1478,snowfall,0
Albania,tirana,7-12h,1478,snow_depth,0
Albania,tirana,7-12h,1478,weather_code,24.107197449659317
Albania,tirana,7-12h,1478,pressure_msl,0.5796970885549
Albania,tirana,7-12h,1478,surface_pressure,0.5600961641770508
Albania,tirana,7-12h,1478,cloud_cover,28.179182135375644
Albania,tirana,7-12h,1478,wind_speed_10m,3.597868110299056
Albania,tirana,7-12h,1478,wind_gusts_10m,8.425449558963367
Algeria,algiers,0h,372,temperature_2m,1.9643324949044738
Algeria,algiers,0h,372,relative_humidity_2m,11.87547395771765
Algeria,algiers,0h,372,dew_point_2m,1.818054614318602
Algeria,algiers,0h,372,apparent_temperature,2.1144027347530514
Algeria,algiers,0h,372,precipitation,0.541751440843413
Algeria,algiers,0h,372,rain,0.5673935881475642
Algeria,algiers,0h,372,showers,0.1948255354087647
Algeria,algiers,0h,372,snowfall,0
Algeria,algiers,0h,372,snow_depth,0
Algeria,algiers,0h,372,weather_code,22.149783367469002
Algeria,algiers,0h,372,pressure_msl,0.6112300307884398
Algeria,algiers,0h,372,surface_pressure,0.5569212604332657
Algeria,algiers,0h,372,cloud_cover,32.83962332632721
Algeria,algiers,0h,372,wind_speed_10m,3.4982253565431276
Algeria,algiers,0h,372,wind_gusts_10m,9.4394134818706
Algeria,algiers,1-6h,2130,temperature_2m,1.890259191805868
Algeria,algiers,1-6h,2130,relative_humidity_2m,11.920275070084536
Algeria,algiers,1-6h,2130,dew_point_2m,1.9001482521849946
Algeria,algiers,1-6h,2130,apparent_temperature,2.008895709545666
Algeria,algiers,1-6h,2130,precipitation,0.378556685741051
Algeria,algiers,1-6h,2130,rain,0.40037541068797927
Algeria,algiers,1-6h,2130,showers,0.23636527790887343
Algeria,algiers,1-6h,2130,snowfall,0
Algeria,algiers,1-6h,2130,snow_depth,0
Algeria,algiers,1-6h,2130,weather_code,22.397811764343988
Algeria,algiers,1-6h,2130,pressure_msl,0.5037418669761329
Algeria,algiers,1-6h,2130,surface_pressure,0.46300711317911747
Algeria,algiers,1-6h,2130,cloud_cover,31.229515351794706
Algeria,algiers,1-6h,2130,wind_speed_10m,3.636062204749461
Algeria,algiers,1-6h,2130,wind_gusts_10m,10.210455379709217
Algeria,algiers,13-18h,1012,temperature_2m,1.5136010512326192
Algeria,algiers,13-18h,1012,relative_humidity_2m,10.919486153918262
Algeria,algiers,13-18h,1012,dew_point_2m,1.8751548025688007
Algeria,algiers,13-18h,1012,apparent_temperature,1.6359897464815865
Algeria,algiers,13-18h,1012,precipitation,0.3482593645262639
Algeria,algiers,13-18h,1012,rain,0.35725125401882596
Algeria,algiers,13-18h,1012,showers,0.27404162864289255
Algeria,algiers,13-18h,1012,snowfall,0
Algeria,algiers,13-18h,1012,snow_depth,0
Algeria,algiers,13-18h,1012,weather_code,24.58380841862457
Algeria,algiers,13-18h,1012,pressure_msl,0.5110440371485985
Algeria,algiers,13-18h,1012,surface_pressure,0.4887266669015613
Algeria,algiers,13-18h,1012,cloud_cover,35.331155002829895
Algeria,algiers,13-18h,1012,wind_speed_10m,3.6775518149685746
Algeria,algiers,13-18h,1012,wind_gusts_10m,10.569581232519576
Algeria,algiers,19-24h,364,temperature_2m,2.007732305609742
Algeria,algiers,19-24h,364,relative_humidity_2m,10.54269185968895
Algeria,algiers,19-24h,364,dew_point_2m,1.520157597382298
Algeria,algiers,19-24h,364,apparent_temperature,2.172556098240043
Algeria,algiers,19-24h,364,precipitation,0.40382783841251346
Algeria,algiers,19-24h,364,rain,0.46722232748093634
Algeria,algiers,19-24h,364,showers,0.3361056871982873
Algeria,algiers,19-24h,364,snowfall,0
Algeria,algiers,19-24h,364,snow_depth,0
Algeria,algiers,19-24h,364,weather_code,20.88982085573295
Algeria,algiers,19-24h,364,pressure_msl,0.5825766940031248
Algeria,algiers,19-24h,364,surface_pressure,0.5573189352645417
Algeria,algiers,19-24h,364,cloud_cover,38.6021550386293
Algeria,algiers,19-24h,364,wind_speed_10m,3.4456374711245497
Algeria,algiers,19-24h,364,wind_gusts_10m,11.926846621369386
Algeria,algiers,7-12h,1478,temperature_2m,1.427920884160197
Algeria,algiers,7-12h,1478,relative_humidity_2m,11.233768925701147
Algeria,algiers,7-12h,1478,dew_point_2m,2.155858682206574
Algeria,algiers,7-12h,1478,apparent_temperature,1.5101595503086296
Algeria,algiers,7-12h,1478,precipitation,0.3997631233665618
Algeria,algiers,7-12h,1478,rain,0.4230983084576874
Algeria,algiers,7-12h,1478,showers,0.23511146695653098
Algeria,algiers,7-12h,1478,snowfall,0
Algeria,algiers,7-12h,1478,snow_depth,0
Algeria,algiers,7-12h,1478,weather_code,22.496759652401412
Algeria,algiers,7-12h,1478,pressure_msl,0.5095833953402458
Algeria,algiers,7-12h,1478,surface_pressure,0.4794279405739486
Algeria,algiers,7-12h,1478,cloud_cover,32.66840412195716
Algeria,algiers,7-12h,1478,wind_speed_10m,3.594841063710933
Algeria,algiers,7-12h,1478,wind_gusts_10m,10.008767469158801
Angola,luanda,0h,372,temperature_2m,1.0729068143403995
Angola,luanda,0h,372,relative_humidity_2m,6.786688425509619
Angola,luanda,0h,372,dew_point_2m,0.7772642954273895
Angola,luanda,0h,372,apparent_temperature,1.2157125438389258
Angola,luanda,0h,372,precipitation,0.49719644113294775
Angola,luanda,0h,372,rain,0.4965472180819728
Angola,luanda,0h,372,showers,0.17164604740977246
Angola,luanda,0h,372,snowfall,0
Angola,luanda,0h,372,snow_depth,0
Angola,luanda,0h,372,weather_code,19.182205015255985
Angola,luanda,0h,372,pressure_msl,0.44871381304959007
Angola,luanda,0h,372,surface_pressure,0.43865630605145606
Angola,luanda,0h,372,cloud_cover,35.08116548866373
Angola,luanda,0h,372,wind_speed_10m,4.123737995285763
Angola,luanda,0h,372,wind_gusts_10m,10.136196185861813
Angola,luanda,1-6h,2130,temperature_2m,1.0766100509831469
Angola,luanda,1-6h,2130,relative_humidity_2m,7.018018392653613
Angola,luanda,1-6h,2130,dew_point_2m,0.8623474894079897
Angola,luanda,1-6h,2130,apparent_temperature,1.2030946013170825
Angola,luanda,1-6h,2130,precipitation,0.328218981063735
Angola,luanda,1-6h,2130,rain,0.34726293970963074
Angola,luanda,1-6h,2130,showers,0.1644452903586076
Angola,luanda,1-6h,2130,snowfall,0
Angola,luanda,1-6h,2130,snow_depth,0
Angola,luanda,1-6h,2130,weather_code,17.293191148365207
Angola,luanda,1-6h,2130,pressure_msl,0.4790346317373684
Angola,luanda,1-6h,2130,surface_pressure,0.46981166938980917
Angola,luanda,1-6h,2130,cloud_cover,34.28887225563682
Angola,luanda,1-6h,2130,wind_speed_10m,4.316707361093007
Angola,luanda,1-6h,2130,wind_gusts_10m,11.596547972678296
Angola,luanda,13-18h,1012,temperature_2m,0.9211609790949216
Angola,luanda,13-18h,1012,relative_humidity_2m,7.149449244936903
Angola,luanda,13-18h,1012,dew_point_2m,0.9621492739156657
Angola,luanda,13-18h,1012,apparent_temperature,1.0155802095626598
Angola,luanda,13-18h,1012,precipitation,0.12526651429948502
Angola,luanda,13-18h,1012,rain,0.1249505831172623
Angola,luanda,13-18h,1012,showers,0.013336626734231614
Angola,luanda,13-18h,1012,snowfall,0
Angola,luanda,13-18h,1012,snow_depth,0
Angola,luanda,13-18h,1012,weather_code,10.58711275663668
Angola,luanda,13-18h,1012,pressure_msl,0.5071621424506947
Angola,luanda,13-18h,1012,surface_pressure,0.49720563023278624
Angola,luanda,13-18h,1012,cloud_cover,37.292376484658604
Angola,luanda,13-18h,1012,wind_speed_10m,3.9854403994873158
Angola,luanda,13-18h,1012,wind_gusts_10m,11.976119189037805
Angola,luanda,19-24h,364,temperature_2m,0.5273820893165296
Angola,luanda,19-24h,364,relative_humidity_2m,4.761336962485397
Angola,luanda,19-24h,364,dew_point_2m,0.8357401141871427
Angola,luanda,19-24h,364,apparent_temperature,0.7359303000919358
Angola,luanda,19-24h,364,precipitation,0.2024574300662018
Angola,luanda,19-24h,364,rain,0.19848325973644326
Angola,luanda,19-24h,364,showers,0.03991749733395862
Angola,luanda,19-24h,364,snowfall,0
Angola,luanda,19-24h,364,snow_depth,0
Angola,luanda,19-24h,364,weather_code,11.649411625004552
Angola,luanda,19-24h,364,pressure_msl,0.45319379451248304
Angola,luanda,19-24h,364,surface_pressure,0.4481954047947412
Angola,luanda,19-24h,364,cloud_cover,32.32875425450773
Angola,luanda,19-24h,364,wind_speed_10m,4.349548416625734
Angola,luanda,19-24h,364,wind_gusts_10m,8.166730955865665
Angola,luanda,7-12h,1478,temperature_2m,1.3037989667131067
Angola,luanda,7-12h,1478,relative_humidity_2m,8.405407757329945
Angola,luanda,7-12h,1478,dew_point_2m,0.9942867919407737
Angola,luanda,7-12h,1478,apparent_temperature,1.3366186408504905
Angola,luanda,7-12h,1478,precipitation,0.3122800172947731
Angola,luanda,7-12h,1478,rain,0.36268805490276007
Angola,luanda,7-12h,1478,showers,0.16196693559901118
Angola,luanda,7-12h,1478,snowfall,0
Angola,luanda,7-12h,1478,snow_depth,0
Angola,luanda,7-12h,1478,weather_code,17.436527071620382
Angola,luanda,7-12h,1478,pressure_msl,0.4875722076220788
Angola,luanda,7-12h,1478,surface_pressure,0.47873593140293813
Angola,luanda,7-12h,1478,cloud_cover,38.43314846870943
Angola,luanda,7-12h,1478,wind_speed_10m,4.1180171141750614
Angola,luanda,7-12h,1478,wind_gusts_10m,14.677063195083555
Argentina,buenos_aires,0h,372,temperature_2m,1.988434300584743
Argentina,buenos_aires,0h,372,relative_humidity_2m,10.788534335964249
Argentina,buenos_aires,0h,372,dew_point_2m,1.9688842973481417
Argentina,buenos_aires,0h,372,apparent_temperature,1.8517210825990875
Argentina,buenos_aires,0h,372,precipitation,0.6194864331526682
Argentina,buenos_aires,0h,372,rain,0.32791291789197646
Argentina,buenos_aires,0h,372,showers,0.5294549845314154
Argentina,buenos_aires,0h,372,snowfall,0
Argentina,buenos_aires,0h,372,snow_depth,0
Argentina,buenos_aires,0h,372,weather_code,17.739755486792447
Argentina,buenos_aires,0h,372,pressure_msl,0.6811991324601864
Argentina,buenos_aires,0h,372,surface_pressure,0.6727411427594442
Argentina,buenos_aires,0h,372,cloud_cover,31.30177431502593
Argentina,buenos_aires,0h,372,wind_speed_10m,3.9584807556022197
Argentina,buenos_aires,0h,372,wind_gusts_10m,10.555742971360157
Argentina,buenos_aires,1-6h,2116,temperature_2m,1.8424063741848733
Argentina,buenos_aires,1-6h,2116,relative_humidity_2m,10.452928063656124
Argentina,buenos_aires,1-6h,2116,dew_point_2m,1.9162201885389067
Argentina,buenos_aires,1-6h,2116,apparent_temperature,1.8070775579833611
Argentina,buenos_aires,1-6h,2116,precipitation,0.6648265404769091
Argentina,buenos_aires,1-6h,2116,rain,0.589519364639911
Argentina,buenos_aires,1-6h,2116,showers,0.33409019304500226
Argentina,buenos_aires,1-6h,2116,snowfall,0
Argentina,buenos_aires,1-6h,2116,snow_depth,0
Argentina,buenos_aires,1-6h,2116,weather_code,16.834061698542076
Argentina,buenos_aires,1-6h,2116,pressure_msl,0.6580747540002947
Argentina,buenos_aires,1-6h,2116,surface_pressure,0.6529777654658815
Argentina,buenos_aires,1-6h,2116,cloud_cover,31.53401560040488
Argentina,buenos_aires,1-6h,2116,wind_speed_10m,4.091554998559617
Argentina,buenos_aires,1-6h,2116,wind_gusts_10m,10.43634861437448
Argentina,buenos_aires,13-18h,980,temperature_2m,1.610894034949765
Argentina,buenos_aires,13-18h,980,relative_humidity_2m,10.15783602215852
Argentina,buenos_aires,13-18h,980,dew_point_2m,2.4453287413068256
Argentina,buenos_aires,13-18h,980,apparent_temperature,1.7350586651259292
Argentina,buenos_aires,13-18h,980,precipitation,0.776819785788079
Argentina,buenos_aires,13-18h,980,rain,0.7115375705370127
Argentina,buenos_aires,13-18h,980,showers,0.35916569992135944
Argentina,buenos_aires,13-18h,980,snowfall,0
Argentina,buenos_aires,13-18h,980,snow_depth,0
Argentina,buenos_aires,13-18h,980,weather_code,21.770556787945107
Argentina,buenos_aires,13-18h,980,pressure_msl,0.7006119773863024
Argentina,buenos_aires,13-18h,980,surface_pressure,0.693674039783373
Argentina,buenos_aires,13-18h,980,cloud_cover,34.9395980257942
Argentina,buenos_aires,13-18h,980,wind_speed_10m,3.8126320652937546
Argentina,buenos_aires,13-18h,980,wind_gusts_10m,10.35038597328227
Argentina,buenos_aires,19-24h,360,temperature_2m,1.5161537594262076
Argentina,buenos_aires,19-24h,360,relative_humidity_2m,9.618558450551031
Argentina,buenos_aires,19-24h,360,dew_point_2m,1.999249859322241
Argentina,buenos_aires,19-24h,360,apparent_temperature,1.3618206767249337
Argentina,buenos_aires,19-24h,360,precipitation,0.664245603841096
Argentina,buenos_aires,19-24h,360,rain,0.6926198251726716
Argentina,buenos_aires,19-24h,360,showers,0.38056974831603907
Argentina,buenos_aires,19-24h,360,snowfall,0
Argentina,buenos_aires,19-24h,360,snow_depth,0
Argentina,buenos_aires,19-24h,360,weather_code,22.237730699571543
Argentina,buenos_aires,19-24h,360,pressure_msl,0.6749074010558777
Argentina,buenos_aires,19-24h,360,surface_pressure,0.6714826050530908
Argentina,buenos_aires,19-24h,360,cloud_cover,31.620580499274695
Argentina,buenos_aires,19-24h,360,wind_speed_10m,4.090110022970042
Argentina,buenos_aires,19-24h,360,wind_gusts_10m,11.075174942184887
Argentina,buenos_aires,7-12h,1478,temperature_2m,1.603451115681077
Argentina,buenos_aires,7-12h,1478,relative_humidity_2m,10.246224427578078
Argentina,buenos_aires,7-12h,1478,dew_point_2m,2.1100635215444674
Argentina,buenos_aires,7-12h,1478,apparent_temperature,1.6590914904695004
Argentina,buenos_aires,7-12h,1478,precipitation,0.77165621574049
Argentina,buenos_aires,7-12h,1478,rain,0.7447152555896676
Argentina,buenos_aires,7-12h,1478,showers,0.23703171196344036
Argentina,buenos_aires,7-12h,1478,snowfall,0
Argentina,buenos_aires,7-12h,1478,snow_depth,0
Argentina,buenos_aires,7-12h,1478,weather_code,18.844711177875272
Argentina,buenos_aires,7-12h,1478,pressure_msl,0.6900118647368849
Argentina,buenos_aires,7-12h,1478,surface_pressure,0.6850619520990782
Argentina,buenos_aires,7-12h,1478,cloud_cover,33.544912635670656
Argentina,buenos_aires,7-12h,1478,wind_speed_10m,3.792239779335999
Argentina,buenos_aires,7-12h,1478,wind_gusts_10m,9.987237458041225
Aruba,oranjestad,0h,372,temperature_2m,1.0333420048196682
Aruba,oranjestad,0h,372,relative_humidity_2m,10.557064596905041
Aruba,oranjestad,0h,372,dew_point_2m,1.886311756579689
Aruba,oranjestad,0h,372,apparent_temperature,1.0729068143403995
Aruba,oranjestad,0h,372,precipitation,0.3353701213280186
Aruba,oranjestad,0h,372,rain,0.3278309294126622
Aruba,oranjestad,0h,372,showers,0.14535828926505884
Aruba,oranjestad,0h,372,snowfall,0
Aruba,oranjestad,0h,372,snow_depth,0
Aruba,oranjestad,0h,372,weather_code,27.507086086065833
Aruba,oranjestad,0h,372,pressure_msl,0.4262867932595694
Aruba,oranjestad,0h,372,surface_pressure,0.4262867932595733
Aruba,oranjestad,0h,372,cloud_cover,34.251520647508
Aruba,oranjestad,0h,372,wind_speed_10m,2.3100644686809857
Aruba,oranjestad,0h,372,wind_gusts_10m,13.897655871033699
Aruba,oranjestad,1-6h,2112,temperature_2m,1.0387337498273093
Aruba,oranjestad,1-6h,2112,relative_humidity_2m,10.14889156509222
Aruba,oranjestad,1-6h,2112,dew_point_2m,1.8773520601037403
Aruba,oranjestad,1-6h,2112,apparent_temperature,1.164914810255031
Aruba,oranjestad,1-6h,2112,precipitation,0.28075925198603446
Aruba,oranjestad,1-6h,2112,rain,0.2804724099216761
Aruba,oranjestad,1-6h,2112,showers,0.1772848674941667
Aruba,oranjestad,1-6h,2112,snowfall,0
Aruba,oranjestad,1-6h,2112,snow_depth,0
Aruba,oranjestad,1-6h,2112,weather_code,28.19859898733419
Aruba,oranjestad,1-6h,2112,pressure_msl,0.36630060928646646
Aruba,oranjestad,1-6h,2112,surface_pressure,0.3663006092864653
Aruba,oranjestad,1-6h,2112,cloud_cover,36.06750037545343
Aruba,oranjestad,1-6h,2112,wind_speed_10m,2.318751786734589
Aruba,oranjestad,1-6h,2112,wind_gusts_10m,13.492827780534054
Aruba,oranjestad,13-18h,978,temperature_2m,1.3499678099623562
Aruba,oranjestad,13-18h,978,relative_humidity_2m,13.091544907200973
Aruba,oranjestad,13-18h,978,dew_point_2m,1.9864160366742527
Aruba,oranjestad,13-18h,978,apparent_temperature,0.8256744160435114
Aruba,oranjestad,13-18h,978,precipitation,0.3290004692906319
Aruba,oranjestad,13-18h,978,rain,0.3502847220520294
Aruba,oranjestad,13-18h,978,showers,0.16323668940809893
Aruba,oranjestad,13-18h,978,snowfall,0
Aruba,oranjestad,13-18h,978,snow_depth,0
Aruba,oranjestad,13-18h,978,weather_code,32.09880579294708
Aruba,oranjestad,13-18h,978,pressure_msl,0.3985915900062629
Aruba,oranjestad,13-18h,978,surface_pressure,0.3985915900062639
Aruba,oranjestad,13-18h,978,cloud_cover,38.65277234320911
Aruba,oranjestad,13-18h,978,wind_speed_10m,3.03576162943612
Aruba,oranjestad,13-18h,978,wind_gusts_10m,18.01221523718033
Aruba,oranjestad,19-24h,358,temperature_2m,0.6866239975171857
Aruba,oranjestad,19-24h,358,relative_humidity_2m,9.898930589495132
Aruba,oranjestad,19-24h,358,dew_point_2m,1.9183180482073905
Aruba,oranjestad,19-24h,358,apparent_temperature,0.9751092189220733
Aruba,oranjestad,19-24h,358,precipitation,0.28432022233182014
Aruba,oranjestad,19-24h,358,rain,0.33005840011433357
Aruba,oranjestad,19-24h,358,showers,0.06072191398489368
Aruba,oranjestad,19-24h,358,snowfall,0
Aruba,oranjestad,19-24h,358,snow_depth,0
Aruba,oranjestad,19-24h,358,weather_code,19.836623203351216
Aruba,oranjestad,19-24h,358,pressure_msl,0.36125170351998437
Aruba,oranjestad,19-24h,358,surface_pressure,0.3612517035199849
Aruba,oranjestad,19-24h,358,cloud_cover,43.24291526562925
Aruba,oranjestad,19-24h,358,wind_speed_10m,2.3017603173786836
Aruba,oranjestad,19-24h,358,wind_gusts_10m,15.268115899759591
Aruba,oranjestad,7-12h,1478,temperature_2m,1.1650352663562835
Aruba,oranjestad,7-12h,1478,relative_humidity_2m,11.31843192398408
Aruba,oranjestad,7-12h,1478,dew_point_2m,1.9265223844975772
Aruba,oranjestad,7-12h,1478,apparent_temperature,1.0632373267481385
Aruba,oranjestad,7-12h,1478,precipitation,0.32001628003242527
Aruba,oranjestad,7-12h,1478,rain,0.31916670935837316
Aruba,oranjestad,7-12h,1478,showers,0.15715372614117087
Aruba,oranjestad,7-12h,1478,snowfall,0
Aruba,oranjestad,7-12h,1478,snow_depth,0
Aruba,oranjestad,7-12h,1478,weather_code,31.781348731589688
Aruba,oranjestad,7-12h,1478,pressure_msl,0.35350554521913463
Aruba,oranjestad,7-12h,1478,surface_pressure,0.3533332482276674
Aruba,oranjestad,7-12h,1478,cloud_cover,37.164266161143914
Aruba,oranjestad,7-12h,1478,wind_speed_10m,2.7138346507298543
Aruba,oranjestad,7-12h,1478,wind_gusts_10m,15.246671368576823
Australia,brisbane,0h,372,temperature_2m,1.4406726326298427
Australia,brisbane,0h,372,relative_humidity_2m,6.8068592855540455
Australia,brisbane,0h,372,dew_point_2m,1.3633253148014577
Australia,brisbane,0h,372,apparent_temperature,2.001061546236886
Australia,brisbane,0h,372,precipitation,1.3929932187655767
Australia,brisbane,0h,372,rain,1.3955382050379095
Australia,brisbane,0h,372,showers,0.6779158446836291
Australia,brisbane,0h,372,snowfall,0
Australia,brisbane,0h,372,snow_depth,0
Australia,brisbane,0h,372,weather_code,24.0949064353658
Australia,brisbane,0h,372,pressure_msl,0.5013959009229759
Australia,brisbane,0h,372,surface_pressure,0.49892357248660324
Australia,brisbane,0h,372,cloud_cover,33.77168757584421
Australia,brisbane,0h,372,wind_speed_10m,3.36332209041462
Australia,brisbane,0h,372,wind_gusts_10m,6.5205836205579155
Australia,brisbane,1-6h,2110,temperature_2m,1.5483426393760371
Australia,brisbane,1-6h,2110,relative_humidity_2m,7.741437710135322
Australia,brisbane,1-6h,2110,dew_point_2m,1.2552335935624026
Australia,brisbane,1-6h,2110,apparent_temperature,1.9187377367346659
Australia,brisbane,1-6h,2110,precipitation,1.0189623939035108
Australia,brisbane,1-6h,2110,rain,1.0333995799994926
Australia,brisbane,1-6h,2110,showers,0.5644021288347302
Australia,brisbane,1-6h,2110,snowfall,0
Australia,brisbane,1-6h,2110,snow_depth,0
Australia,brisbane,1-6h,2110,weather_code,23.84877315592259
Australia,brisbane,1-6h,2110,pressure_msl,0.471027916983908
Australia,brisbane,1-6h,2110,surface_pressure,0.4664680236217817
Australia,brisbane,1-6h,2110,cloud_cover,33.14144610962181
Australia,brisbane,1-6h,2110,wind_speed_10m,3.2893465837256035
Australia,brisbane,1-6h,2110,wind_gusts_10m,6.7695288851598985
Australia,brisbane,13-18h,976,temperature_2m,1.4781953441307532
Australia,brisbane,13-18h,976,relative_humidity_2m,7.386296571975723
Australia,brisbane,13-18h,976,dew_point_2m,1.2744333359846063
Australia,brisbane,13-18h,976,apparent_temperature,2.004344666214772
Australia,brisbane,13-18h,976,precipitation,0.8083833289704688
Australia,brisbane,13-18h,976,rain,0.9383670853590539
Australia,brisbane,13-18h,976,showers,0.38070792556783467
Australia,brisbane,13-18h,976,snowfall,0
Australia,brisbane,13-18h,976,snow_depth,0
Australia,brisbane,13-18h,976,weather_code,22.547718069994012
Australia,brisbane,13-18h,976,pressure_msl,0.4747734576253939
Australia,brisbane,13-18h,976,surface_pressure,0.47050287015030456
Australia,brisbane,13-18h,976,cloud_cover,35.73886390811301
Australia,brisbane,13-18h,976,wind_speed_10m,3.461370547279469
Australia,brisbane,13-18h,976,wind_gusts_10m,7.1872981083548115
Australia,brisbane,19-24h,358,temperature_2m,1.2082583615090046
Australia,brisbane,19-24h,358,relative_humidity_2m,8.708500951760621
Australia,brisbane,19-24h,358,dew_point_2m,1.4375063759878028
Australia,brisbane,19-24h,358,apparent_temperature,1.3441368645396663
Australia,brisbane,19-24h,358,precipitation,0.4911507408925794
Australia,brisbane,19-24h,358,rain,0.4873827032644273
Australia,brisbane,19-24h,358,showers,0.06072191398489368
Australia,brisbane,19-24h,358,snowfall,0
Australia,brisbane,19-24h,358,snow_depth,0
Australia,brisbane,19-24h,358,weather_code,21.753699999934515
Australia,brisbane,19-24h,358,pressure_msl,0.5218681526162345
Australia,brisbane,19-24h,358,surface_pressure,0.5242179597016334
Australia,brisbane,19-24h,358,cloud_cover,36.068758049904766
Australia,brisbane,19-24h,358,wind_speed_10m,3.034844201867526
Australia,brisbane,19-24h,358,wind_gusts_10m,6.443692511623871
Australia,brisbane,7-12h,1478,temperature_2m,1.4256114705461087
Australia,brisbane,7-12h,1478,relative_humidity_2m,6.872411556025963
Australia,brisbane,7-12h,1478,dew_point_2m,1.0634218519396146
Australia,brisbane,7-12h,1478,apparent_temperature,1.9359255792627574
Australia,brisbane,7-12h,1478,precipitation,1.0361088991411893
Australia,brisbane,7-12h,1478,rain,1.1199507045018582
Australia,brisbane,7-12h,1478,showers,0.5196315182412069
Australia,brisbane,7-12h,1478,snowfall,0
Australia,brisbane,7-12h,1478,snow_depth,0
Australia,brisbane,7-12h,1478,weather_code,22.306816133373204
Australia,brisbane,7-12h,1478,pressure_msl,0.5307461492711653
Australia,brisbane,7-12h,1478,surface_pressure,0.5235328103550608
Australia,brisbane,7-12h,1478,cloud_cover,34.045420588651666
Australia,brisbane,7-12h,1478,wind_speed_10m,3.3909854228563643
Australia,brisbane,7-12h,1478,wind_gusts_10m,6.690012348514365
Australia,canberra,0h,372,temperature_2m,1.8348478592697182
Australia,canberra,0h,372,relative_humidity_2m,7.855208531622112
Australia,canberra,0h,372,dew_point_2m,1.833396870844255
Australia,canberra,0h,372,apparent_temperature,1.8929410467448828
Australia,canberra,0h,372,precipitation,0.7015344165715668
Australia,canberra,0h,372,rain,0.697499373723078
Australia,canberra,0h,372,showers,0.12868232118261713
Australia,canberra,0h,372,snowfall,0
Australia,canberra,0h,372,snow_depth,0
Australia,canberra,0h,372,weather_code,17.024650060351295
Australia,canberra,0h,372,pressure_msl,0.7004990540544535
Australia,canberra,0h,372,surface_pressure,0.47896618059163204
Australia,canberra,0h,372,cloud_cover,34.73610188540948
Australia,canberra,0h,372,wind_speed_10m,4.251015059048611
Australia,canberra,0h,372,wind_gusts_10m,7.833694798340588
Australia,canberra,1-6h,2088,temperature_2m,1.8193063180583975
Australia,canberra,1-6h,2088,relative_humidity_2m,8.783583607854403
Australia,canberra,1-6h,2088,dew_point_2m,1.963595888226632
Australia,canberra,1-6h,2088,apparent_temperature,1.8651009443370752
Australia,canberra,1-6h,2088,precipitation,0.33825391174716746
Australia,canberra,1-6h,2088,rain,0.3651352554729166
Australia,canberra,1-6h,2088,showers,0.15778034102931096
Australia,canberra,1-6h,2088,snowfall,0
Australia,canberra,1-6h,2088,snow_depth,0
Australia,canberra,1-6h,2088,weather_code,15.422373904760496
Australia,canberra,1-6h,2088,pressure_msl,0.7271750304460527
Australia,canberra,1-6h,2088,surface_pressure,0.5038168492860496
Australia,canberra,1-6h,2088,cloud_cover,31.322479166717077
Australia,canberra,1-6h,2088,wind_speed_10m,4.407392127322536
Australia,canberra,1-6h,2088,wind_gusts_10m,8.404306390201583
Australia,canberra,13-18h,948,temperature_2m,2.015352467837885
Australia,canberra,13-18h,948,relative_humidity_2m,8.457887737426109
Australia,canberra,13-18h,948,dew_point_2m,1.9283308625886313
Australia,canberra,13-18h,948,apparent_temperature,2.2052679544796483
Australia,canberra,13-18h,948,precipitation,0.361723488118397
Australia,canberra,13-18h,948,rain,0.3757692531934586
Australia,canberra,13-18h,948,showers,0.12909944487358055
Australia,canberra,13-18h,948,snowfall,0
Australia,canberra,13-18h,948,snow_depth,0
Australia,canberra,13-18h,948,weather_code,15.120891184416694
Australia,canberra,13-18h,948,pressure_msl,0.738612566374789
Australia,canberra,13-18h,948,surface_pressure,0.5125842526197573
Australia,canberra,13-18h,948,cloud_cover,34.51077615594984
Australia,canberra,13-18h,948,wind_speed_10m,3.081481368783582
Australia,canberra,13-18h,948,wind_gusts_10m,6.944145760102732
Australia,canberra,19-24h,352,temperature_2m,1.8475721169342016
Australia,canberra,19-24h,352,relative_humidity_2m,9.717895862788405
Australia,canberra,19-24h,352,dew_point_2m,2.215787875472494
Australia,canberra,19-24h,352,apparent_temperature,1.8665871871607624
Australia,canberra,19-24h,352,precipitation,0.4921543549445733
Australia,canberra,19-24h,352,rain,0.3435278207603623
Australia,canberra,19-24h,352,showers,0.36236282671076814
Australia,canberra,19-24h,352,snowfall,0
Australia,canberra,19-24h,352,snow_depth,0
Australia,canberra,19-24h,352,weather_code,18.048703050861626
Australia,canberra,19-24h,352,pressure_msl,0.6256360399988594
Australia,canberra,19-24h,352,surface_pressure,0.5741099831280417
Australia,canberra,19-24h,352,cloud_cover,39.11506917242556
Australia,canberra,19-24h,352,wind_speed_10m,3.580185368486843
Australia,canberra,19-24h,352,wind_gusts_10m,7.06882962538547
Australia,canberra,7-12h,1478,temperature_2m,2.00010825146824
Australia,canberra,7-12h,1478,relative_humidity_2m,10.015617034099712
Australia,canberra,7-12h,1478,dew_point_2m,2.004187092031251
Australia,canberra,7-12h,1478,apparent_temperature,2.096014001750586
Australia,canberra,7-12h,1478,precipitation,0.40264685837283043
Australia,canberra,7-12h,1478,rain,0.3791058492368261
Australia,canberra,7-12h,1478,showers,0.2296081264798835
Australia,canberra,7-12h,1478,snowfall,0
Australia,canberra,7-12h,1478,snow_depth,0
Australia,canberra,7-12h,1478,weather_code,15.910949753450721
Australia,canberra,7-12h,1478,pressure_msl,0.7307104445135869
Australia,canberra,7-12h,1478,surface_pressure,0.5591047357589072
Australia,canberra,7-12h,1478,cloud_cover,33.23341813883727
Australia,canberra,7-12h,1478,wind_speed_10m,3.7095896646905424
Australia,canberra,7-12h,1478,wind_gusts_10m,8.530478668036084
Australia,melbourne,0h,372,temperature_2m,1.4213426939916496
Australia,melbourne,0h,372,relative_humidity_2m,8.085563931230864
Australia,melbourne,0h,372,dew_point_2m,1.6537835408541228
Australia,melbourne,0h,372,apparent_temperature,1.5578279612939443
Australia,melbourne,0h,372,precipitation,0.7193934123415575
Australia,melbourne,0h,372,rain,0.7587128319003986
Australia,melbourne,0h,372,showers,0.11868454619442391
Australia,melbourne,0h,372,snowfall,0
Australia,melbourne,0h,372,snow_depth,0
Australia,melbourne,0h,372,weather_code,15.62084353318258
Australia,melbourne,0h,372,pressure_msl,0.5183202812725911
Australia,melbourne,0h,372,surface_pressure,0.5172300085266022
Australia,melbourne,0h,372,cloud_cover,31.880320555315585
Australia,melbourne,0h,372,wind_speed_10m,3.4604602217388023
Australia,melbourne,0h,372,wind_gusts_10m,6.747544356186899
Australia,melbourne,1-6h,2086,temperature_2m,1.361056072962757
Australia,melbourne,1-6h,2086,relative_humidity_2m,7.460602820088865
Australia,melbourne,1-6h,2086,dew_point_2m,1.4863585519538827
Australia,melbourne,1-6h,2086,apparent_temperature,1.4645147495269466
Australia,melbourne,1-6h,2086,precipitation,0.545152085001424
Australia,melbourne,1-6h,2086,rain,0.5352305262251583
Australia,melbourne,1-6h,2086,showers,0.17846689174114866
Australia,melbourne,1-6h,2086,snowfall,0
Australia,melbourne,1-6h,2086,snow_depth,0
Australia,melbourne,1-6h,2086,weather_code,18.006230944547493
Australia,melbourne,1-6h,2086,pressure_msl,0.5847781495407024
Australia,melbourne,1-6h,2086,surface_pressure,0.5814073578995632
Australia,melbourne,1-6h,2086,cloud_cover,35.46215894671435
Australia,melbourne,1-6h,2086,wind_speed_10m,3.638877377904973
Australia,melbourne,1-6h,2086,wind_gusts_10m,7.187994011535858
Australia,melbourne,13-18h,948,temperature_2m,1.2362748591741888
Australia,melbourne,13-18h,948,relative_humidity_2m,7.499507719427674
Australia,melbourne,13-18h,948,dew_point_2m,1.3617127462778364
Australia,melbourne,13-18h,948,apparent_temperature,1.3501601717764737
Australia,melbourne,13-18h,948,precipitation,0.6029463523378082
Australia,melbourne,13-18h,948,rain,0.6070611227471703
Australia,melbourne,13-18h,948,showers,0.06828211520877167
Australia,melbourne,13-18h,948,snowfall,0
Australia,melbourne,13-18h,948,snow_depth,0
Australia,melbourne,13-18h,948,weather_code,15.838651116755878
Australia,melbourne,13-18h,948,pressure_msl,0.5824616754564408
Australia,melbourne,13-18h,948,surface_pressure,0.5803570848982234
Australia,melbourne,13-18h,948,cloud_cover,34.92620309233824
Australia,melbourne,13-18h,948,wind_speed_10m,3.6023462818248353
Australia,melbourne,13-18h,948,wind_gusts_10m,7.384685944431915
Australia,melbourne,19-24h,352,temperature_2m,1.2769592789122133
Australia,melbourne,19-24h,352,relative_humidity_2m,7.673004626611403
Australia,melbourne,19-24h,352,dew_point_2m,1.4221862171894497
Australia,melbourne,19-24h,352,apparent_temperature,1.5611403174952245
Australia,melbourne,19-24h,352,precipitation,0.3573100258115556
Australia,melbourne,19-24h,352,rain,0.3605551275463989
Australia,melbourne,19-24h,352,showers,0.061699418002264673
Australia,melbourne,19-24h,352,snowfall,0
Australia,melbourne,19-24h,352,snow_depth,0
Australia,melbourne,19-24h,352,weather_code,17.881395867823578
Australia,melbourne,19-24h,352,pressure_msl,0.7474958193863044
Australia,melbourne,19-24h,352,surface_pressure,0.744716236379512
Australia,melbourne,19-24h,352,cloud_cover,30.85551004277842
Australia,melbourne,19-24h,352,wind_speed_10m,4.308547266243524
Australia,melbourne,19-24h,352,wind_gusts_10m,8.533773145034328
Australia,melbourne,7-12h,1478,temperature_2m,1.2623731330031869
Australia,melbourne,7-12h,1478,relative_humidity_2m,7.794467348377666
Australia,melbourne,7-12h,1478,dew_point_2m,1.4956137945548602
Australia,melbourne,7-12h,1478,apparent_temperature,1.3501465865386928
Australia,melbourne,7-12h,1478,precipitation,0.5025172089904276
Australia,melbourne,7-12h,1478,rain,0.5097692438767824
Australia,melbourne,7-12h,1478,showers,0.04906293768066241
Australia,melbourne,7-12h,1478,snowfall,0
Australia,melbourne,7-12h,1478,snow_depth,0
Australia,melbourne,7-12h,1478,weather_code,16.720216183670814
Australia,melbourne,7-12h,1478,pressure_msl,0.5871077707764453
Australia,melbourne,7-12h,1478,surface_pressure,0.5815964217865465
Australia,melbourne,7-12h,1478,cloud_cover,35.72398321850379
Australia,melbourne,7-12h,1478,wind_speed_10m,3.5477717949533205
Australia,melbourne,7-12h,1478,wind_gusts_10m,7.467235604814398
Australia,perth,0h,372,temperature_2m,2.257460748774619
Australia,perth,0h,372,relative_humidity_2m,13.689529787631553
Australia,perth,0h,372,dew_point_2m,3.11836392173638
Australia,perth,0h,372,apparent_temperature,2.167601121898564
Australia,perth,0h,372,precipitation,0.08519427513705971
Australia,perth,0h,372,rain,0.09158109397792509
Australia,perth,0h,372,showers,0.025400025400038103
Australia,perth,0h,372,snowfall,0
Australia,perth,0h,372,snow_depth,0
Australia,perth,0h,372,weather_code,13.194369929991442
Australia,perth,0h,372,pressure_msl,0.4077871044805699
Australia,perth,0h,372,surface_pressure,0.40047015380177514
Australia,perth,0h,372,cloud_cover,29.61218871394189
Australia,perth,0h,372,wind_speed_10m,6.0958076550808205
Australia,perth,0h,372,wind_gusts_10m,7.186670008178448
Australia,perth,1-6h,2086,temperature_2m,2.3842383525084876
Australia,perth,1-6h,2086,relative_humidity_2m,13.892305960815742
Australia,perth,1-6h,2086,dew_point_2m,3.286459334428957
Australia,perth,1-6h,2086,apparent_temperature,2.1613864908432308
Australia,perth,1-6h,2086,precipitation,0.05684245101836872
Australia,perth,1-6h,2086,rain,0.046239196349016236
Australia,perth,1-6h,2086,showers,0.05434169793287829
Australia,perth,1-6h,2086,snowfall,0
Australia,perth,1-6h,2086,snow_depth,0
Australia,perth,1-6h,2086,weather_code,12.483392611121916
Australia,perth,1-6h,2086,pressure_msl,0.41976572016712194
Australia,perth,1-6h,2086,surface_pressure,0.41373819077787494
Australia,perth,1-6h,2086,cloud_cover,30.156558572358552
Australia,perth,1-6h,2086,wind_speed_10m,5.922515822866133
Australia,perth,1-6h,2086,wind_gusts_10m,7.206764160455754
Australia,perth,13-18h,948,temperature_2m,1.5279671280180727
Australia,perth,13-18h,948,relative_humidity_2m,9.097688304698698
Australia,perth,13-18h,948,dew_point_2m,2.7148482174666517
Australia,perth,13-18h,948,apparent_temperature,1.436379355883549
Australia,perth,13-18h,948,precipitation,0.06162360225133208
Australia,perth,13-18h,948,rain,0.03870258770881671
Australia,perth,13-18h,948,showers,0.07305855694315372
Australia,perth,13-18h,948,snowfall,0
Australia,perth,13-18h,948,snow_depth,0
Australia,perth,13-18h,948,weather_code,12.932884197691019
Australia,perth,13-18h,948,pressure_msl,0.53990544569893
Australia,perth,13-18h,948,surface_pressure,0.5288910458654247
Australia,perth,13-18h,948,cloud_cover,31.649184603650525
Australia,perth,13-18h,948,wind_speed_10m,6.270796623664225
Australia,perth,13-18h,948,wind_gusts_10m,7.731067797057559
Australia,perth,19-24h,352,temperature_2m,1.673574698878802
Australia,perth,19-24h,352,relative_humidity_2m,7.775617484980037
Australia,perth,19-24h,352,dew_point_2m,2.3507856520359702
Australia,perth,19-24h,352,apparent_temperature,1.6491733466415006
Australia,perth,19-24h,352,precipitation,0.07869677133263993
Australia,perth,19-24h,352,rain,0.05487589303477108
Australia,perth,19-24h,352,showers,0.113317735111981
Australia,perth,19-24h,352,snowfall,0
Australia,perth,19-24h,352,snow_depth,0
Australia,perth,19-24h,352,weather_code,10.356706215605598
Australia,perth,19-24h,352,pressure_msl,0.5440274892787229
Australia,perth,19-24h,352,surface_pressure,0.5431390245600083
Australia,perth,19-24h,352,cloud_cover,30.208179205458425
Australia,perth,19-24h,352,wind_speed_10m,5.651950588473457
Australia,perth,19-24h,352,wind_gusts_10m,6.797559722563545
Australia,perth,7-12h,1478,temperature_2m,1.945839738229784
Australia,perth,7-12h,1478,relative_humidity_2m,11.863682200103849
Australia,perth,7-12h,1478,dew_point_2m,3.0551205934176746
Australia,perth,7-12h,1478,apparent_temperature,1.6830766338301595
Australia,perth,7-12h,1478,precipitation,0.04429572169812544
Australia,perth,7-12h,1478,rain,0.03696906507697706
Australia,perth,7-12h,1478,showers,0.049215771370122376
Australia,perth,7-12h,1478,snowfall,0
Australia,perth,7-12h,1478,snow_depth,0
Australia,perth,7-12h,1478,weather_code,10.250449674944296
Australia,perth,7-12h,1478,pressure_msl,0.47597204862156983
Australia,perth,7-12h,1478,surface_pressure,0.4669742526507231
Australia,perth,7-12h,1478,cloud_cover,32.34752930646709
Australia,perth,7-12h,1478,wind_speed_10m,6.196582278566739
Australia,perth,7-12h,1478,wind_gusts_10m,6.742903852797024
Australia,sydney,0h,372,temperature_2m,2.0110715059764877
Australia,sydney,0h,372,relative_humidity_2m,11.108216468825209
Australia,sydney,0h,372,dew_point_2m,2.5854015307624496
Australia,sydney,0h,372,apparent_temperature,1.795439263951202
Australia,sydney,0h,372,precipitation,0.5980254247121526
Australia,sydney,0h,372,rain,0.6039297830010529
Australia,sydney,0h,372,showers,0.13198240351921797
Australia,sydney,0h,372,snowfall,0
Australia,sydney,0h,372,snow_depth,0
Australia,sydney,0h,372,weather_code,21.52318080182288
Australia,sydney,0h,372,pressure_msl,0.5770242536040501
Australia,sydney,0h,372,surface_pressure,0.5770242536040501
Australia,sydney,0h,372,cloud_cover,30.175294316655375
Australia,sydney,0h,372,wind_speed_10m,4.997289587947296
Australia,sydney,0h,372,wind_gusts_10m,10.557790274667846
Australia,sydney,1-6h,2066,temperature_2m,2.2106711188552137
Australia,sydney,1-6h,2066,relative_humidity_2m,11.805662578841556
Australia,sydney,1-6h,2066,dew_point_2m,2.658014966556715
Australia,sydney,1-6h,2066,apparent_temperature,2.118315464368508
Australia,sydney,1-6h,2066,precipitation,0.3903854178159948
Australia,sydney,1-6h,2066,rain,0.42533512782084393
Australia,sydney,1-6h,2066,showers,0.15204319964909754
Australia,sydney,1-6h,2066,snowfall,0
Australia,sydney,1-6h,2066,snow_depth,0
Australia,sydney,1-6h,2066,weather_code,20.75995661471199
Australia,sydney,1-6h,2066,pressure_msl,0.5761389662417143
Australia,sydney,1-6h,2066,surface_pressure,0.5761389662417143
Australia,sydney,1-6h,2066,cloud_cover,30.80065814411046
Australia,sydney,1-6h,2066,wind_speed_10m,5.386267541180016
Australia,sydney,1-6h,2066,wind_gusts_10m,11.219278802318057
Australia,sydney,13-18h,936,temperature_2m,1.1476006184588694
Australia,sydney,13-18h,936,relative_humidity_2m,9.520894700469904
Australia,sydney,13-18h,936,dew_point_2m,1.886869835939347
Australia,sydney,13-18h,936,apparent_temperature,1.2190265136680336
Australia,sydney,13-18h,936,precipitation,0.5798614629713862
Australia,sydney,13-18h,936,rain,0.6042053480101799
Australia,sydney,13-18h,936,showers,0.20010680908638526
Australia,sydney,13-18h,936,snowfall,0
Australia,sydney,13-18h,936,snow_depth,0
Australia,sydney,13-18h,936,weather_code,22.245377893100347
Australia,sydney,13-18h,936,pressure_msl,0.5846688009784707
Australia,sydney,13-18h,936,surface_pressure,0.5846688009784707
Australia,sydney,13-18h,936,cloud_cover,33.29186523158909
Australia,sydney,13-18h,936,wind_speed_10m,4.683424581645979
Australia,sydney,13-18h,936,wind_gusts_10m,10.104257797632918
Australia,sydney,19-24h,348,temperature_2m,1.0984314835882714
Australia,sydney,19-24h,348,relative_humidity_2m,10.156250552608297
Australia,sydney,19-24h,348,dew_point_2m,2.191781933947128
Australia,sydney,19-24h,348,apparent_temperature,1.2050182428151208
Australia,sydney,19-24h,348,precipitation,0.5526841504104696
Australia,sydney,19-24h,348,rain,0.5809227697102396
Australia,sydney,19-24h,348,showers,0.14582307024641866
Australia,sydney,19-24h,348,snowfall,0
Australia,sydney,19-24h,348,snow_depth,0
Australia,sydney,19-24h,348,weather_code,23.23184002193106
Australia,sydney,19-24h,348,pressure_msl,0.6899941695572397
Australia,sydney,19-24h,348,surface_pressure,0.6899941695572397
Australia,sydney,19-24h,348,cloud_cover,28.463830648252774
Australia,sydney,19-24h,348,wind_speed_10m,4.61402160834763
Australia,sydney,19-24h,348,wind_gusts_10m,9.498248477373659
Australia,sydney,7-12h,1478,temperature_2m,1.3887475495667327
Australia,sydney,7-12h,1478,relative_humidity_2m,9.760806439763734
Australia,sydney,7-12h,1478,dew_point_2m,2.025877914909083
Australia,sydney,7-12h,1478,apparent_temperature,1.4006136292945424
Australia,sydney,7-12h,1478,precipitation,0.438875423494831
Australia,sydney,7-12h,1478,rain,0.4792303256334744
Australia,sydney,7-12h,1478,showers,0.2269405864316901
Australia,sydney,7-12h,1478,snowfall,0
Australia,sydney,7-12h,1478,snow_depth,0
Australia,sydney,7-12h,1478,weather_code,21.634652452462376
Australia,sydney,7-12h,1478,pressure_msl,0.553314529790116
Australia,sydney,7-12h,1478,surface_pressure,0.553314529790116
Australia,sydney,7-12h,1478,cloud_cover,31.003557349691157
Australia,sydney,7-12h,1478,wind_speed_10m,5.4509611075424544
Australia,sydney,7-12h,1478,wind_gusts_10m,10.944633697200645
Austria,graz,0h,372,temperature_2m,1.8527805317750754
Austria,graz,0h,372,relative_humidity_2m,9.144597088662708
Austria,graz,0h,372,dew_point_2m,1.982137978986815
Austria,graz,0h,372,apparent_temperature,2.13805760506602
Austria,graz,0h,372,precipitation,0.20543685422841934
Austria,graz,0h,372,rain,0.20293544712278516
Austria,graz,0h,372,showers,0
Austria,graz,0h,372,snowfall,0.02352075267612865
Austria,graz,0h,372,snow_depth,0.005679618342470648
Austria,graz,0h,372,weather_code,28.371574446250598
Austria,graz,0h,372,pressure_msl,0.5084765354436525
Austria,graz,0h,372,surface_pressure,0.5456080754928486
Austria,graz,0h,372,cloud_cover,28.371953438836105
Austria,graz,0h,372,wind_speed_10m,2.7124266007610474
Austria,graz,0h,372,wind_gusts_10m,4.8165262099549295
Austria,graz,1-6h,2066,temperature_2m,1.9184839932943463
Austria,graz,1-6h,2066,relative_humidity_2m,10.000193608967985
Austria,graz,1-6h,2066,dew_point_2m,2.0601952933302736
Austria,graz,1-6h,2066,apparent_temperature,2.2041872499223456
Austria,graz,1-6h,2066,precipitation,0.19776094186124582
Austria,graz,1-6h,2066,rain,0.1932049957365004
Austria,graz,1-6h,2066,showers,0
Austria,graz,1-6h,2066,snowfall,0.022633918981920804
Austria,graz,1-6h,2066,snow_depth,0.005753907717145364
Austria,graz,1-6h,2066,weather_code,27.66197567698858
Austria,graz,1-6h,2066,pressure_msl,0.5350810344760433
Austria,graz,1-6h,2066,surface_pressure,0.5547122781405199
Austria,graz,1-6h,2066,cloud_cover,30.31708836691668
Austria,graz,1-6h,2066,wind_speed_10m,2.6466091842676276
Austria,graz,1-6h,2066,wind_gusts_10m,5.262208871487676
Austria,graz,13-18h,934,temperature_2m,2.0383213062035486
Austria,graz,13-18h,934,relative_humidity_2m,8.979634345364259
Austria,graz,13-18h,934,dew_point_2m,2.2594697223295994
Austria,graz,13-18h,934,apparent_temperature,2.4117396672729985
Austria,graz,13-18h,934,precipitation,0.17152796139917215
Austria,graz,13-18h,934,rain,0.14043371179668213
Austria,graz,13-18h,934,showers,0
Austria,graz,13-18h,934,snowfall,0.057490339938945416
Austria,graz,13-18h,934,snow_depth,0.005111183522643393
Austria,graz,13-18h,934,weather_code,28.507484272185575
Austria,graz,13-18h,934,pressure_msl,0.58587952514758
Austria,graz,13-18h,934,surface_pressure,0.6209407796401596
Austria,graz,13-18h,934,cloud_cover,29.26633221441998
Austria,graz,13-18h,934,wind_speed_10m,2.645184708357362
Austria,graz,13-18h,934,wind_gusts_10m,5.211277098137847
Austria,graz,19-24h,348,temperature_2m,2.064060277120367
Austria,graz,19-24h,348,relative_humidity_2m,8.391977559331403
Austria,graz,19-24h,348,dew_point_2m,2.0192607045905313
Austria,graz,19-24h,348,apparent_temperature,2.392553101778012
Austria,graz,19-24h,348,precipitation,0.11914445979083783
Austria,graz,19-24h,348,rain,0.11522092721795602
Austria,graz,19-24h,348,showers,0
Austria,graz,19-24h,348,snowfall,0.023131309328794338
Austria,graz,19-24h,348,snow_depth,0.0044849685092245226
Austria,graz,19-24h,348,weather_code,31.810592467029725
Austria,graz,19-24h,348,pressure_msl,0.6047703088254094
Austria,graz,19-24h,348,surface_pressure,0.6691906245263924
Austria,graz,19-24h,348,cloud_cover,27.660918943187863
Austria,graz,19-24h,348,wind_speed_10m,3.0348455242930963
Austria,graz,19-24h,348,wind_gusts_10m,5.956658594312368
Austria,graz,7-12h,1478,temperature_2m,1.8611547916070972
Austria,graz,7-12h,1478,relative_humidity_2m,10.86265592017229
Austria,graz,7-12h,1478,dew_point_2m,2.128678460729699
Austria,graz,7-12h,1478,apparent_temperature,2.1076348100554587
Austria,graz,7-12h,1478,precipitation,0.25912311795188053
Austria,graz,7-12h,1478,rain,0.24555589912287998
Austria,graz,7-12h,1478,showers,0.021449503276262043
Austria,graz,7-12h,1478,snowfall,0.0503277485423534
Austria,graz,7-12h,1478,snow_depth,0.005542308669287221
Austria,graz,7-12h,1478,weather_code,27.71408243760909
Austria,graz,7-12h,1478,pressure_msl,0.5955972883629268
Austria,graz,7-12h,1478,surface_pressure,0.5679772051306633
Austria,graz,7-12h,1478,cloud_cover,29.35363682045685
Austria,graz,7-12h,1478,wind_speed_10m,2.809453883433465
Austria,graz,7-12h,1478,wind_gusts_10m,5.805184095409615
Austria,vienna,0h,372,temperature_2m,1.0091250335480402
Austria,vienna,0h,372,relative_humidity_2m,7.401322171914496
Austria,vienna,0h,372,dew_point_2m,0.7884925047884266
Austria,vienna,0h,372,apparent_temperature,1.1993501824801018
Austria,vienna,0h,372,precipitation,0.12951522516054664
Austria,vienna,0h,372,rain,0.11168311546321535
Austria,vienna,0h,372,showers,0
Austria,vienna,0h,372,snowfall,0.02352075267612865
Austria,vienna,0h,372,snow_depth,0.003592106040535498
Austria,vienna,0h,372,weather_code,25.68931412504144
Austria,vienna,0h,372,pressure_msl,0.3893750161808171
Austria,vienna,0h,372,surface_pressure,0.3604805633583368
Austria,vienna,0h,372,cloud_cover,18.09666398295078
Austria,vienna,0h,372,wind_speed_10m,3.0254387400660545
Austria,vienna,0h,372,wind_gusts_10m,5.919913541943499
Austria,vienna,1-6h,2064,temperature_2m,1.1272350751855986
Austria,vienna,1-6h,2064,relative_humidity_2m,7.84262602358014
Austria,vienna,1-6h,2064,dew_point_2m,0.8653762008469196
Austria,vienna,1-6h,2064,apparent_temperature,1.3194908872555307
Austria,vienna,1-6h,2064,precipitation,0.14564079205386626
Austria,vienna,1-6h,2064,rain,0.12973586762664058
Austria,vienna,1-6h,2064,showers,0
Austria,vienna,1-6h,2064,snowfall,0.037107115011761886
Austria,vienna,1-6h,2064,snow_depth,0.0038124642583151165
Austria,vienna,1-6h,2064,weather_code,27.11678018205444
Austria,vienna,1-6h,2064,pressure_msl,0.4117696729555175
Austria,vienna,1-6h,2064,surface_pressure,0.38747342994678974
Austria,vienna,1-6h,2064,cloud_cover,19.448774896153235
Austria,vienna,1-6h,2064,wind_speed_10m,2.9705270589159656
Austria,vienna,1-6h,2064,wind_gusts_10m,6.218303346703818
Austria,vienna,13-18h,932,temperature_2m,1.5257236374998426
Austria,vienna,13-18h,932,relative_humidity_2m,9.215470292061207
Austria,vienna,13-18h,932,dew_point_2m,1.0409738754849038
Austria,vienna,13-18h,932,apparent_temperature,1.7534821273156596
Austria,vienna,13-18h,932,precipitation,0.1530799673205145
Austria,vienna,13-18h,932,rain,0.13780934768372163
Austria,vienna,13-18h,932,showers,0
Austria,vienna,13-18h,932,snowfall,0.03944899461286264
Austria,vienna,13-18h,932,snow_depth,0.004270871497439309
Austria,vienna,13-18h,932,weather_code,24.852828614239375
Austria,vienna,13-18h,932,pressure_msl,0.5114567262561093
Austria,vienna,13-18h,932,surface_pressure,0.4847015806840318
Austria,vienna,13-18h,932,cloud_cover,20.101512765228485
Austria,vienna,13-18h,932,wind_speed_10m,2.9823839011612137
Austria,vienna,13-18h,932,wind_gusts_10m,5.96917511069544
Austria,vienna,19-24h,348,temperature_2m,1.5198116943249569
Austria,vienna,19-24h,348,relative_humidity_2m,7.9318215501515335
Austria,vienna,19-24h,348,dew_point_2m,1.116181915713347
Austria,vienna,19-24h,348,apparent_temperature,1.8485160248839807
Austria,vienna,19-24h,348,precipitation,0.12998673672393632
Austria,vienna,19-24h,348,rain,0.1064041309370072
Austria,vienna,19-24h,348,showers,0.007580980435789034
Austria,vienna,19-24h,348,snowfall,0.0453403476655923
Austria,vienna,19-24h,348,snow_depth,0.004420433223684922
Austria,vienna,19-24h,348,weather_code,24.38354919334689
Austria,vienna,19-24h,348,pressure_msl,0.5682702125597909
Austria,vienna,19-24h,348,surface_pressure,0.5313180314789987
Austria,vienna,19-24h,348,cloud_cover,22.34049464871862
Austria,vienna,19-24h,348,wind_speed_10m,2.9095166877544862
Austria,vienna,19-24h,348,wind_gusts_10m,5.774373628766821
Austria,vienna,7-12h,1478,temperature_2m,1.2727549950410308
Austria,vienna,7-12h,1478,relative_humidity_2m,8.751183952376707
Austria,vienna,7-12h,1478,dew_point_2m,0.9880408027381802
Austria,vienna,7-12h,1478,apparent_temperature,1.4537711680078773
Austria,vienna,7-12h,1478,precipitation,0.19246214678000045
Austria,vienna,7-12h,1478,rain,0.18137126152202093
Austria,vienna,7-12h,1478,showers,0
Austria,vienna,7-12h,1478,snowfall,0.03046771178533713
Austria,vienna,7-12h,1478,snow_depth,0.0038756028820809345
Austria,vienna,7-12h,1478,weather_code,25.00427568308516
Austria,vienna,7-12h,1478,pressure_msl,0.46377576122328906
Austria,vienna,7-12h,1478,surface_pressure,0.4328681448807527
Austria,vienna,7-12h,1478,cloud_cover,20.749260221255216
Austria,vienna,7-12h,1478,wind_speed_10m,2.9613728849986813
Austria,vienna,7-12h,1478,wind_gusts_10m,6.5189647351294955
Belgium,antwerp,0h,372,temperature_2m,1.178845799651014
Belgium,antwerp,0h,372,relative_humidity_2m,13.80295277744382
Belgium,antwerp,0h,372,dew_point_2m,6.667099448318095
Belgium,antwerp,0h,372,apparent_temperature,1.2818627239337108
Belgium,antwerp,0h,372,precipitation,0.6560717243769021
Belgium,antwerp,0h,372,rain,0.6414449414433213
Belgium,antwerp,0h,372,showers,0
Belgium,antwerp,0h,372,snowfall,0.08228262336317968
Belgium,antwerp,0h,372,snow_depth,0.0020739033894608505
Belgium,antwerp,0h,372,weather_code,17.67432376160705
Belgium,antwerp,0h,372,pressure_msl,0.4194850914341111
Belgium,antwerp,0h,372,surface_pressure,0.4173650061841484
Belgium,antwerp,0h,372,cloud_cover,43.809767163553055
Belgium,antwerp,0h,372,wind_speed_10m,2.512944980121586
Belgium,antwerp,0h,372,wind_gusts_10m,4.143689333229819
Belgium,antwerp,1-6h,2052,temperature_2m,1.2650227867797974
Belgium,antwerp,1-6h,2052,relative_humidity_2m,13.621376961650537
Belgium,antwerp,1-6h,2052,dew_point_2m,6.529654203370539
Belgium,antwerp,1-6h,2052,apparent_temperature,1.3514702123586695
Belgium,antwerp,1-6h,2052,precipitation,0.46634282832296786
Belgium,antwerp,1-6h,2052,rain,0.4597439748568261
Belgium,antwerp,1-6h,2052,showers,0.006980898471528259
Belgium,antwerp,1-6h,2052,snowfall,0.04676889387934951
Belgium,antwerp,1-6h,2052,snow_depth,0.002251272111686568
Belgium,antwerp,1-6h,2052,weather_code,17.834057481061812
Belgium,antwerp,1-6h,2052,pressure_msl,0.4064298035149284
Belgium,antwerp,1-6h,2052,surface_pressure,0.40536124480692814
Belgium,antwerp,1-6h,2052,cloud_cover,41.908561003452704
Belgium,antwerp,1-6h,2052,wind_speed_10m,2.878811144593861
Belgium,antwerp,1-6h,2052,wind_gusts_10m,4.718678408826556
Belgium,antwerp,13-18h,928,temperature_2m,1.426368066828813
Belgium,antwerp,13-18h,928,relative_humidity_2m,15.381639301004522
Belgium,antwerp,13-18h,928,dew_point_2m,7.54730198424439
Belgium,antwerp,13-18h,928,apparent_temperature,1.4593264270510746
Belgium,antwerp,13-18h,928,precipitation,0.5140273707994881
Belgium,antwerp,13-18h,928,rain,0.5140064067761185
Belgium,antwerp,13-18h,928,showers,0.004642383454426297
Belgium,antwerp,13-18h,928,snowfall,0
Belgium,antwerp,13-18h,928,snow_depth,0.0035355339059327377
Belgium,antwerp,13-18h,928,weather_code,17.39760685088415
Belgium,antwerp,13-18h,928,pressure_msl,0.47499999999999704
Belgium,antwerp,13-18h,928,surface_pressure,0.4728627051597922
Belgium,antwerp,13-18h,928,cloud_cover,43.10584907107075
Belgium,antwerp,13-18h,928,wind_speed_10m,2.8172804201068167
Belgium,antwerp,13-18h,928,wind_gusts_10m,4.8957141707190495
Belgium,antwerp,19-24h,340,temperature_2m,1.4564057288608911
Belgium,antwerp,19-24h,340,relative_humidity_2m,15.83332301341253
Belgium,antwerp,19-24h,340,dew_point_2m,7.971456431986493
Belgium,antwerp,19-24h,340,apparent_temperature,1.5487756074890067
Belgium,antwerp,19-24h,340,precipitation,0.35809955894645706
Belgium,antwerp,19-24h,340,rain,0.35809955894645706
Belgium,antwerp,19-24h,340,showers,0
Belgium,antwerp,19-24h,340,snowfall,0
Belgium,antwerp,19-24h,340,snow_depth,0.0036782348707914076
Belgium,antwerp,19-24h,340,weather_code,17.614666349046615
Belgium,antwerp,19-24h,340,pressure_msl,0.5353943021956132
Belgium,antwerp,19-24h,340,surface_pressure,0.5330268727360926
Belgium,antwerp,19-24h,340,cloud_cover,45.78234954009858
Belgium,antwerp,19-24h,340,wind_speed_10m,2.5033389467574985
Belgium,antwerp,19-24h,340,wind_gusts_10m,4.837360729109357
Belgium,antwerp,7-12h,1478,temperature_2m,1.3049919768105545
Belgium,antwerp,7-12h,1478,relative_humidity_2m,13.711259855316982
Belgium,antwerp,7-12h,1478,dew_point_2m,6.6214244059518474
Belgium,antwerp,7-12h,1478,apparent_temperature,1.4144814529660135
Belgium,antwerp,7-12h,1478,precipitation,0.4215442966593287
Belgium,antwerp,7-12h,1478,rain,0.41882301738532185
Belgium,antwerp,7-12h,1478,showers,0
Belgium,antwerp,7-12h,1478,snowfall,0.02924628285599896
Belgium,antwerp,7-12h,1478,snow_depth,0.0035664957234801454
Belgium,antwerp,7-12h,1478,weather_code,17.952387789211645
Belgium,antwerp,7-12h,1478,pressure_msl,0.4488897746328831
Belgium,antwerp,7-12h,1478,surface_pressure,0.4472135954999592
Belgium,antwerp,7-12h,1478,cloud_cover,41.67225041521601
Belgium,antwerp,7-12h,1478,wind_speed_10m,2.8426459495665797
Belgium,antwerp,7-12h,1478,wind_gusts_10m,4.601238287175761
Belgium,brussels,0h,372,temperature_2m,1.3104009072167222
Belgium,brussels,0h,372,relative_humidity_2m,13.869010864715312
Belgium,brussels,0h,372,dew_point_2m,6.594694837519018
Belgium,brussels,0h,372,apparent_temperature,1.4449578629864788
Belgium,brussels,0h,372,precipitation,0.7389326798676211
Belgium,brussels,0h,372,rain,0.7379497899404257
Belgium,brussels,0h,372,showers,0.007332355751067665
Belgium,brussels,0h,372,snowfall,0.021775985589338933
Belgium,brussels,0h,372,snow_depth,7.332355751067665e-4
Belgium,brussels,0h,372,weather_code,19.295522908205292
Belgium,brussels,0h,372,pressure_msl,0.43545798409717695
Belgium,brussels,0h,372,surface_pressure,0.42578201298393403
Belgium,brussels,0h,372,cloud_cover,43.51133828256475
Belgium,brussels,0h,372,wind_speed_10m,2.52453551567263
Belgium,brussels,0h,372,wind_gusts_10m,4.602810034647722
Belgium,brussels,1-6h,2046,temperature_2m,1.3490085421971283
Belgium,brussels,1-6h,2046,relative_humidity_2m,13.829643597476963
Belgium,brussels,1-6h,2046,dew_point_2m,6.4803017561252405
Belgium,brussels,1-6h,2046,apparent_temperature,1.4432469909315053
Belgium,brussels,1-6h,2046,precipitation,0.30190014079934235
Belgium,brussels,1-6h,2046,rain,0.29769397185661217
Belgium,brussels,1-6h,2046,showers,0.011698392834783376
Belgium,brussels,1-6h,2046,snowfall,0.028027357114488505
Belgium,brussels,1-6h,2046,snow_depth,0.0010830607221477648
Belgium,brussels,1-6h,2046,weather_code,17.664379497460505
Belgium,brussels,1-6h,2046,pressure_msl,0.4176108559166913
Belgium,brussels,1-6h,2046,surface_pressure,0.4087627661890001
Belgium,brussels,1-6h,2046,cloud_cover,41.42101978181363
Belgium,brussels,1-6h,2046,wind_speed_10m,2.5583264477190415
Belgium,brussels,1-6h,2046,wind_gusts_10m,4.279088253989977
Belgium,brussels,13-18h,928,temperature_2m,1.362418931469901
Belgium,brussels,13-18h,928,relative_humidity_2m,15.07988783915117
Belgium,brussels,13-18h,928,dew_point_2m,7.565029856129977
Belgium,brussels,13-18h,928,apparent_temperature,1.4772557269337698
Belgium,brussels,13-18h,928,precipitation,0.30741553367523183
Belgium,brussels,13-18h,928,rain,0.30815076918892176
Belgium,brussels,13-18h,928,showers,0
Belgium,brussels,13-18h,928,snowfall,0.006499336836196816
Belgium,brussels,13-18h,928,snow_depth,0.001137147065368355
Belgium,brussels,13-18h,928,weather_code,17.74107352036997
Belgium,brussels,13-18h,928,pressure_msl,0.501226942887015
Belgium,brussels,13-18h,928,surface_pressure,0.49338293863684657
Belgium,brussels,13-18h,928,cloud_cover,42.79617893030268
Belgium,brussels,13-18h,928,wind_speed_10m,2.7554217713321196
Belgium,brussels,13-18h,928,wind_gusts_10m,5.007948423635481
Belgium,brussels,19-24h,336,temperature_2m,1.3398205281376487
Belgium,brussels,19-24h,336,relative_humidity_2m,15.843167372118252
Belgium,brussels,19-24h,336,dew_point_2m,8.055325804058072
Belgium,brussels,19-24h,336,apparent_temperature,1.5598000482357315
Belgium,brussels,19-24h,336,precipitation,0.2568119564046443
Belgium,brussels,19-24h,336,rain,0.2553009428665931
Belgium,brussels,19-24h,336,showers,0.007715167498104596
Belgium,brussels,19-24h,336,snowfall,0
Belgium,brussels,19-24h,336,snow_depth,0.0015430334996209192
Belgium,brussels,19-24h,336,weather_code,18.20844911154212
Belgium,brussels,19-24h,336,pressure_msl,0.5665265933320206
Belgium,brussels,19-24h,336,surface_pressure,0.5601339125601976
Belgium,brussels,19-24h,336,cloud_cover,44.985976650930844
Belgium,brussels,19-24h,336,wind_speed_10m,2.31704347740617
Belgium,brussels,19-24h,336,wind_gusts_10m,4.754227442122281
Belgium,brussels,7-12h,1478,temperature_2m,1.3287545421514944
Belgium,brussels,7-12h,1478,relative_humidity_2m,13.71718004608744
Belgium,brussels,7-12h,1478,dew_point_2m,6.5781592121015455
Belgium,brussels,7-12h,1478,apparent_temperature,1.423036833500568
Belgium,brussels,7-12h,1478,precipitation,0.27137947606085394
Belgium,brussels,7-12h,1478,rain,0.2668287171127739
Belgium,brussels,7-12h,1478,showers,0
Belgium,brussels,7-12h,1478,snowfall,0.026883701819975084
Belgium,brussels,7-12h,1478,snow_depth,9.732553524412185e-4
Belgium,brussels,7-12h,1478,weather_code,18.972596148150412
Belgium,brussels,7-12h,1478,pressure_msl,0.4717313287766589
Belgium,brussels,7-12h,1478,surface_pressure,0.4656248439074816
Belgium,brussels,7-12h,1478,cloud_cover,41.62447299808209
Belgium,brussels,7-12h,1478,wind_speed_10m,2.791435286865483
Belgium,brussels,7-12h,1478,wind_gusts_10m,4.782960565660746
Bolivia,la_paz,0h,372,temperature_2m,2.013222420928456
Bolivia,la_paz,0h,372,relative_humidity_2m,13.556532369764517
Bolivia,la_paz,0h,372,dew_point_2m,3.897476437471452
Bolivia,la_paz,0h,372,apparent_temperature,2.5870542055329246
Bolivia,la_paz,0h,372,precipitation,0.48532219649280633
Bolivia,la_paz,0h,372,rain,0.5092689257255713
Bolivia,la_paz,0h,372,showers,0.21022261625975636
Bolivia,la_paz,0h,372,snowfall,0
Bolivia,la_paz,0h,372,snow_depth,0
Bolivia,la_paz,0h,372,weather_code,26.233853200844152
Bolivia,la_paz,0h,372,pressure_msl,2.0351745585750045
Bolivia,la_paz,0h,372,surface_pressure,1.042071964163046
Bolivia,la_paz,0h,372,cloud_cover,36.025453964292154
Bolivia,la_paz,0h,372,wind_speed_10m,5.732073504995087
Bolivia,la_paz,0h,372,wind_gusts_10m,8.005176416692239
Bolivia,la_paz,1-6h,2040,temperature_2m,1.8904973927929294
Bolivia,la_paz,1-6h,2040,relative_humidity_2m,13.36009569062831
Bolivia,la_paz,1-6h,2040,dew_point_2m,3.493707228157281
Bolivia,la_paz,1-6h,2040,apparent_temperature,2.3557168677038236
Bolivia,la_paz,1-6h,2040,precipitation,0.5540315698515355
Bolivia,la_paz,1-6h,2040,rain,0.4499891066219619
Bolivia,la_paz,1-6h,2040,showers,0.18377842583916526
Bolivia,la_paz,1-6h,2040,snowfall,0.1441588176487389
Bolivia,la_paz,1-6h,2040,snow_depth,0.0031467381181651778
Bolivia,la_paz,1-6h,2040,weather_code,28.102787524846473
Bolivia,la_paz,1-6h,2040,pressure_msl,1.9367422616949554
Bolivia,la_paz,1-6h,2040,surface_pressure,1.074832408276916
Bolivia,la_paz,1-6h,2040,cloud_cover,34.44757312377241
Bolivia,la_paz,1-6h,2040,wind_speed_10m,5.329165037789691
Bolivia,la_paz,1-6h,2040,wind_gusts_10m,7.775793887972809
Bolivia,la_paz,13-18h,928,temperature_2m,2.126008888293614
Bolivia,la_paz,13-18h,928,relative_humidity_2m,11.609022204807953
Bolivia,la_paz,13-18h,928,dew_point_2m,3.165380485927348
Bolivia,la_paz,13-18h,928,apparent_temperature,2.660997026006191
Bolivia,la_paz,13-18h,928,precipitation,0.6525150282322741
Bolivia,la_paz,13-18h,928,rain,0.6207267709209351
Bolivia,la_paz,13-18h,928,showers,0.24609011525777746
Bolivia,la_paz,13-18h,928,snowfall,0.00919145030018058
Bolivia,la_paz,13-18h,928,snow_depth,0
Bolivia,la_paz,13-18h,928,weather_code,29.51902513342177
Bolivia,la_paz,13-18h,928,pressure_msl,2.166740162325531
Bolivia,la_paz,13-18h,928,surface_pressure,0.7602461035290059
Bolivia,la_paz,13-18h,928,cloud_cover,34.22670992680706
Bolivia,la_paz,13-18h,928,wind_speed_10m,7.3339300632344315
Bolivia,la_paz,13-18h,928,wind_gusts_10m,9.909421674902854
Bolivia,la_paz,19-24h,332,temperature_2m,1.969006844022445
Bolivia,la_paz,19-24h,332,relative_humidity_2m,12.178145545018857
Bolivia,la_paz,19-24h,332,dew_point_2m,3.1605722373440353
Bolivia,la_paz,19-24h,332,apparent_temperature,2.176420738027384
Bolivia,la_paz,19-24h,332,precipitation,0.6838498390799244
Bolivia,la_paz,19-24h,332,rain,0.7644590181045978
Bolivia,la_paz,19-24h,332,showers,0.29092705995982476
Bolivia,la_paz,19-24h,332,snowfall,0
Bolivia,la_paz,19-24h,332,snow_depth,0
Bolivia,la_paz,19-24h,332,weather_code,28.669386720677494
Bolivia,la_paz,19-24h,332,pressure_msl,2.1128978558836176
Bolivia,la_paz,19-24h,332,surface_pressure,0.7421476487398785
Bolivia,la_paz,19-24h,332,cloud_cover,35.4004628653968
Bolivia,la_paz,19-24h,332,wind_speed_10m,8.062026113840178
Bolivia,la_paz,19-24h,332,wind_gusts_10m,8.264960877902146
Bolivia,la_paz,7-12h,1478,temperature_2m,1.9602822143624812
Bolivia,la_paz,7-12h,1478,relative_humidity_2m,11.796194427737953
Bolivia,la_paz,7-12h,1478,dew_point_2m,3.235489099940256
Bolivia,la_paz,7-12h,1478,apparent_temperature,2.430450711917069
Bolivia,la_paz,7-12h,1478,precipitation,0.5693870597545816
Bolivia,la_paz,7-12h,1478,rain,0.47484774285068726
Bolivia,la_paz,7-12h,1478,showers,0.18773271530324315
Bolivia,la_paz,7-12h,1478,snowfall,0.16602207329970742
Bolivia,la_paz,7-12h,1478,snow_depth,0.0036415880786789608
Bolivia,la_paz,7-12h,1478,weather_code,27.758478937242526
Bolivia,la_paz,7-12h,1478,pressure_msl,2.059691110228288
Bolivia,la_paz,7-12h,1478,surface_pressure,0.9613223864641804
Bolivia,la_paz,7-12h,1478,cloud_cover,35.75709284559647
Bolivia,la_paz,7-12h,1478,wind_speed_10m,5.909518479567674
Bolivia,la_paz,7-12h,1478,wind_gusts_10m,8.306320041913926
Bolivia,sucre,0h,372,temperature_2m,2.842675931514689
Bolivia,sucre,0h,372,relative_humidity_2m,11.556778953711378
Bolivia,sucre,0h,372,dew_point_2m,3.0123402112621838
Bolivia,sucre,0h,372,apparent_temperature,3.1700208608248173
Bolivia,sucre,0h,372,precipitation,0.48582044561375154
Bolivia,sucre,0h,372,rain,0.24767738294302405
Bolivia,sucre,0h,372,showers,0.48271187336564664
Bolivia,sucre,0h,372,snowfall,0
Bolivia,sucre,0h,372,snow_depth,0
Bolivia,sucre,0h,372,weather_code,34.01241076462392
Bolivia,sucre,0h,372,pressure_msl,1.261719257153094
Bolivia,sucre,0h,372,surface_pressure,1.6910262837913272
Bolivia,sucre,0h,372,cloud_cover,33.480695770059974
Bolivia,sucre,0h,372,wind_speed_10m,3.8541556960029855
Bolivia,sucre,0h,372,wind_gusts_10m,6.899758449878276
Bolivia,sucre,1-6h,2040,temperature_2m,2.887175836994604
Bolivia,sucre,1-6h,2040,relative_humidity_2m,12.945322419662618
Bolivia,sucre,1-6h,2040,dew_point_2m,3.072501376058659
Bolivia,sucre,1-6h,2040,apparent_temperature,3.195783067068963
Bolivia,sucre,1-6h,2040,precipitation,0.5219214124600693
Bolivia,sucre,1-6h,2040,rain,0.4186814035123352
Bolivia,sucre,1-6h,2040,showers,0.4314135452889994
Bolivia,sucre,1-6h,2040,snowfall,0
Bolivia,sucre,1-6h,2040,snow_depth,0
Bolivia,sucre,1-6h,2040,weather_code,33.845858784535885
Bolivia,sucre,1-6h,2040,pressure_msl,1.4070411173389175
Bolivia,sucre,1-6h,2040,surface_pressure,1.581262836110035
Bolivia,sucre,1-6h,2040,cloud_cover,33.094220809385924
Bolivia,sucre,1-6h,2040,wind_speed_10m,4.077199875346977
Bolivia,sucre,1-6h,2040,wind_gusts_10m,7.432770575725619
Bolivia,sucre,13-18h,928,temperature_2m,3.571574196538455
Bolivia,sucre,13-18h,928,relative_humidity_2m,14.10566650627353
Bolivia,sucre,13-18h,928,dew_point_2m,1.9374263056062733
Bolivia,sucre,13-18h,928,apparent_temperature,3.618451278540643
Bolivia,sucre,13-18h,928,precipitation,0.6365146204675628
Bolivia,sucre,13-18h,928,rain,0.5145721356220337
Bolivia,sucre,13-18h,928,showers,0.502708182986292
Bolivia,sucre,13-18h,928,snowfall,0
Bolivia,sucre,13-18h,928,snow_depth,0
Bolivia,sucre,13-18h,928,weather_code,36.26664302843212
Bolivia,sucre,13-18h,928,pressure_msl,1.6781814870413365
Bolivia,sucre,13-18h,928,surface_pressure,1.8999432840899855
Bolivia,sucre,13-18h,928,cloud_cover,32.39811616490198
Bolivia,sucre,13-18h,928,wind_speed_10m,5.224220367507085
Bolivia,sucre,13-18h,928,wind_gusts_10m,8.939867361895022
Bolivia,sucre,19-24h,332,temperature_2m,3.371255173638319
Bolivia,sucre,19-24h,332,relative_humidity_2m,15.43739787049774
Bolivia,sucre,19-24h,332,dew_point_2m,2.0542052078953987
Bolivia,sucre,19-24h,332,apparent_temperature,3.2207534851410458
Bolivia,sucre,19-24h,332,precipitation,0.8798274748734372
Bolivia,sucre,19-24h,332,rain,0.6407826539775825
Bolivia,sucre,19-24h,332,showers,0.7697597810238774
Bolivia,sucre,19-24h,332,snowfall,0
Bolivia,sucre,19-24h,332,snow_depth,0
Bolivia,sucre,19-24h,332,weather_code,46.76472772331883
Bolivia,sucre,19-24h,332,pressure_msl,1.7219525202303683
Bolivia,sucre,19-24h,332,surface_pressure,1.7713924820042615
Bolivia,sucre,19-24h,332,cloud_cover,31.2646110421105
Bolivia,sucre,19-24h,332,wind_speed_10m,5.92072121949988
Bolivia,sucre,19-24h,332,wind_gusts_10m,8.774569635552313
Bolivia,sucre,7-12h,1478,temperature_2m,3.242090406354671
Bolivia,sucre,7-12h,1478,relative_humidity_2m,13.063548227295453
Bolivia,sucre,7-12h,1478,dew_point_2m,2.58724884054914
Bolivia,sucre,7-12h,1478,apparent_temperature,3.4328883754217157
Bolivia,sucre,7-12h,1478,precipitation,0.47267542440194504
Bolivia,sucre,7-12h,1478,rain,0.4279081825811371
Bolivia,sucre,7-12h,1478,showers,0.41775513219302646
Bolivia,sucre,7-12h,1478,snowfall,0
Bolivia,sucre,7-12h,1478,snow_depth,0
Bolivia,sucre,7-12h,1478,weather_code,34.83461796734662
Bolivia,sucre,7-12h,1478,pressure_msl,1.6094107545918592
Bolivia,sucre,7-12h,1478,surface_pressure,1.716496415921921
Bolivia,sucre,7-12h,1478,cloud_cover,32.399736045300465
Bolivia,sucre,7-12h,1478,wind_speed_10m,4.416278780594545
Bolivia,sucre,7-12h,1478,wind_gusts_10m,8.019209008739312
Brazil,curitiba,0h,372,temperature_2m,1.3193554959642917
Brazil,curitiba,0h,372,relative_humidity_2m,7.798883294751967
Brazil,curitiba,0h,372,dew_point_2m,1.2620814008476597
Brazil,curitiba,0h,372,apparent_temperature,1.4250636658103748
Brazil,curitiba,0h,372,precipitation,0.6444552588389371
Brazil,curitiba,0h,372,rain,0.46129784188171874
Brazil,curitiba,0h,372,showers,0.5490460936052872
Brazil,curitiba,0h,372,snowfall,0
Brazil,curitiba,0h,372,snow_depth,0
Brazil,curitiba,0h,372,weather_code,29.134098560359323
Brazil,curitiba,0h,372,pressure_msl,0.6871321107577557
Brazil,curitiba,0h,372,surface_pressure,0.5101654802162826
Brazil,curitiba,0h,372,cloud_cover,31.623456654083345
Brazil,curitiba,0h,372,wind_speed_10m,3.2330949917697205
Brazil,curitiba,0h,372,wind_gusts_10m,6.682158076485454
Brazil,curitiba,1-6h,2038,temperature_2m,1.1952925330020436
Brazil,curitiba,1-6h,2038,relative_humidity_2m,7.038517329818758
Brazil,curitiba,1-6h,2038,dew_point_2m,1.1855484066599122
Brazil,curitiba,1-6h,2038,apparent_temperature,1.4198335746784205
Brazil,curitiba,1-6h,2038,precipitation,0.9452946329486128
Brazil,curitiba,1-6h,2038,rain,0.8542223247941041
Brazil,curitiba,1-6h,2038,showers,0.5142808464339618
Brazil,curitiba,1-6h,2038,snowfall,0
Brazil,curitiba,1-6h,2038,snow_depth,0
Brazil,curitiba,1-6h,2038,weather_code,28.074571244094624
Brazil,curitiba,1-6h,2038,pressure_msl,0.6671310126410503
Brazil,curitiba,1-6h,2038,surface_pressure,0.4939874011576134
Brazil,curitiba,1-6h,2038,cloud_cover,31.903113263717167
Brazil,curitiba,1-6h,2038,wind_speed_10m,3.289555840097971
Brazil,curitiba,1-6h,2038,wind_gusts_10m,6.7182123247214545
Brazil,curitiba,13-18h,928,temperature_2m,1.6131597821538388
Brazil,curitiba,13-18h,928,relative_humidity_2m,9.246621004453464
Brazil,curitiba,13-18h,928,dew_point_2m,1.3395589212305206
Brazil,curitiba,13-18h,928,apparent_temperature,1.88756708033347
Brazil,curitiba,13-18h,928,precipitation,1.0275619790015857
Brazil,curitiba,13-18h,928,rain,0.8494546932368253
Brazil,curitiba,13-18h,928,showers,0.7394225379680907
Brazil,curitiba,13-18h,928,snowfall,0
Brazil,curitiba,13-18h,928,snow_depth,0
Brazil,curitiba,13-18h,928,weather_code,30.230757630210853
Brazil,curitiba,13-18h,928,pressure_msl,0.8778770434680873
Brazil,curitiba,13-18h,928,surface_pressure,0.5960176750445532
Brazil,curitiba,13-18h,928,cloud_cover,33.206673872207865
Brazil,curitiba,13-18h,928,wind_speed_10m,3.293259835607811
Brazil,curitiba,13-18h,928,wind_gusts_10m,7.1872522446054585
Brazil,curitiba,19-24h,332,temperature_2m,1.2951717567635854
Brazil,curitiba,19-24h,332,relative_humidity_2m,8.949994951873114
Brazil,curitiba,19-24h,332,dew_point_2m,1.2045095987554337
Brazil,curitiba,19-24h,332,apparent_temperature,1.2934729564844512
Brazil,curitiba,19-24h,332,precipitation,0.42177193631755566
Brazil,curitiba,19-24h,332,rain,0.34018067488654474
Brazil,curitiba,19-24h,332,showers,0.37872646453576364
Brazil,curitiba,19-24h,332,snowfall,0
Brazil,curitiba,19-24h,332,snow_depth,0
Brazil,curitiba,19-24h,332,weather_code,29.673423263802427
Brazil,curitiba,19-24h,332,pressure_msl,0.7972845480770336
Brazil,curitiba,19-24h,332,surface_pressure,0.586134981781045
Brazil,curitiba,19-24h,332,cloud_cover,36.76766848445972
Brazil,curitiba,19-24h,332,wind_speed_10m,2.6556940417475605
Brazil,curitiba,19-24h,332,wind_gusts_10m,5.8205028143664865
Brazil,curitiba,7-12h,1478,temperature_2m,1.4039572912941756
Brazil,curitiba,7-12h,1478,relative_humidity_2m,8.39509812512317
Brazil,curitiba,7-12h,1478,dew_point_2m,1.2722073345291522
Brazil,curitiba,7-12h,1478,apparent_temperature,1.6342867247769401
Brazil,curitiba,7-12h,1478,precipitation,1.2948372555143484
Brazil,curitiba,7-12h,1478,rain,1.185689364581978
Brazil,curitiba,7-12h,1478,showers,0.6247922523468844
Brazil,curitiba,7-12h,1478,snowfall,0
Brazil,curitiba,7-12h,1478,snow_depth,0
Brazil,curitiba,7-12h,1478,weather_code,29.368592209871345
Brazil,curitiba,7-12h,1478,pressure_msl,0.7620302630382809
Brazil,curitiba,7-12h,1478,surface_pressure,0.5236232673558082
Brazil,curitiba,7-12h,1478,cloud_cover,32.21216875603882
Brazil,curitiba,7-12h,1478,wind_speed_10m,3.3418999077222677
Brazil,curitiba,7-12h,1478,wind_gusts_10m,6.932247993708733
Brazil,natal,0h,372,temperature_2m,0.7104443558757426
Brazil,natal,0h,372,relative_humidity_2m,5.451644715819885
Brazil,natal,0h,372,dew_point_2m,0.7062699231179785
Brazil,natal,0h,372,apparent_temperature,0.5895597044925055
Brazil,natal,0h,372,precipitation,0.07863075542638982
Brazil,natal,0h,372,rain,0.07759835936631707
Brazil,natal,0h,372,showers,0.030232077246257098
Brazil,natal,0h,372,snowfall,0
Brazil,natal,0h,372,snow_depth,0
Brazil,natal,0h,372,weather_code,22.038456125307345
Brazil,natal,0h,372,pressure_msl,0.4073913866731664
Brazil,natal,0h,372,surface_pressure,0.41322232293530015
Brazil,natal,0h,372,cloud_cover,33.701169374434194
Brazil,natal,0h,372,wind_speed_10m,4.001854408855652
Brazil,natal,0h,372,wind_gusts_10m,9.268669041801612
Brazil,natal,1-6h,2038,temperature_2m,0.7522096986974603
Brazil,natal,1-6h,2038,relative_humidity_2m,6.0181276696073684
Brazil,natal,1-6h,2038,dew_point_2m,0.8040195877878936
Brazil,natal,1-6h,2038,apparent_temperature,0.5985343564564068
Brazil,natal,1-6h,2038,precipitation,0.07531419304613429
Brazil,natal,1-6h,2038,rain,0.07279638076176437
Brazil,natal,1-6h,2038,showers,0.030372240825424876
Brazil,natal,1-6h,2038,snowfall,0
Brazil,natal,1-6h,2038,snow_depth,0
Brazil,natal,1-6h,2038,weather_code,18.58658754334369
Brazil,natal,1-6h,2038,pressure_msl,0.36725649172804076
Brazil,natal,1-6h,2038,surface_pressure,0.367336646650621
Brazil,natal,1-6h,2038,cloud_cover,35.00693888878462
Brazil,natal,1-6h,2038,wind_speed_10m,3.7620398805444197
Brazil,natal,1-6h,2038,wind_gusts_10m,8.651109057764934
Brazil,natal,13-18h,928,temperature_2m,0.5957464167776825
Brazil,natal,13-18h,928,relative_humidity_2m,4.35246660150786
Brazil,natal,13-18h,928,dew_point_2m,0.7364435741664358
Brazil,natal,13-18h,928,apparent_temperature,0.6554973105497314
Brazil,natal,13-18h,928,precipitation,0.05512524923706265
Brazil,natal,13-18h,928,rain,0.05835385517507051
Brazil,natal,13-18h,928,showers,0.02127407358491908
Brazil,natal,13-18h,928,snowfall,0
Brazil,natal,13-18h,928,snow_depth,0
Brazil,natal,13-18h,928,weather_code,15.808252973335337
Brazil,natal,13-18h,928,pressure_msl,0.4346024739285581
Brazil,natal,13-18h,928,surface_pressure,0.43462726797678963
Brazil,natal,13-18h,928,cloud_cover,36.83546243911495
Brazil,natal,13-18h,928,wind_speed_10m,2.184580564176865
Brazil,natal,13-18h,928,wind_gusts_10m,5.738340878205368
Brazil,natal,19-24h,330,temperature_2m,0.529092991769305
Brazil,natal,19-24h,330,relative_humidity_2m,4.35054855475407
Brazil,natal,19-24h,330,dew_point_2m,0.6222150071731757
Brazil,natal,19-24h,330,apparent_temperature,0.453003445033392
Brazil,natal,19-24h,330,precipitation,0.017407765595569787
Brazil,natal,19-24h,330,rain,0.015569978883230461
Brazil,natal,19-24h,330,showers,0.0077849894416152305
Brazil,natal,19-24h,330,snowfall,0
Brazil,natal,19-24h,330,snow_depth,0
Brazil,natal,19-24h,330,weather_code,7.705566661560821
Brazil,natal,19-24h,330,pressure_msl,0.40824829046386046
Brazil,natal,19-24h,330,surface_pressure,0.40824829046386335
Brazil,natal,19-24h,330,cloud_cover,37.9490887022776
Brazil,natal,19-24h,330,wind_speed_10m,2.9995151123291426
Brazil,natal,19-24h,330,wind_gusts_10m,5.989485737017778
Brazil,natal,7-12h,1478,temperature_2m,0.7427229279935103
Brazil,natal,7-12h,1478,relative_humidity_2m,5.939022577374177
Brazil,natal,7-12h,1478,dew_point_2m,0.8746930642792595
Brazil,natal,7-12h,1478,apparent_temperature,0.6162218464201126
Brazil,natal,7-12h,1478,precipitation,0.07217854872332322
Brazil,natal,7-12h,1478,rain,0.07402958118476981
Brazil,natal,7-12h,1478,showers,0.022972596488973474
Brazil,natal,7-12h,1478,snowfall,0
Brazil,natal,7-12h,1478,snow_depth,0
Brazil,natal,7-12h,1478,weather_code,19.800015035327323
Brazil,natal,7-12h,1478,pressure_msl,0.40273086739925723
Brazil,natal,7-12h,1478,surface_pressure,0.40299957860006
Brazil,natal,7-12h,1478,cloud_cover,35.81617478436289
Brazil,natal,7-12h,1478,wind_speed_10m,2.833653833129255
Brazil,natal,7-12h,1478,wind_gusts_10m,7.498823543273499
Brazil,rio_de_janeiro,0h,372,temperature_2m,2.4231965913706026
Brazil,rio_de_janeiro,0h,372,relative_humidity_2m,11.58326564535031
Brazil,rio_de_janeiro,0h,372,dew_point_2m,1.1748026601615187
Brazil,rio_de_janeiro,0h,372,apparent_temperature,2.777705016968203
Brazil,rio_de_janeiro,0h,372,precipitation,1.1243636192918627
Brazil,rio_de_janeiro,0h,372,rain,1.0892435966776328
Brazil,rio_de_janeiro,0h,372,showers,0.27070199462226563
Brazil,rio_de_janeiro,0h,372,snowfall,0
Brazil,rio_de_janeiro,0h,372,snow_depth,0
Brazil,rio_de_janeiro,0h,372,weather_code,29.012233237366523
Brazil,rio_de_janeiro,0h,372,pressure_msl,0.6754130556177635
Brazil,rio_de_janeiro,0h,372,surface_pressure,0.6744173112231125
Brazil,rio_de_janeiro,0h,372,cloud_cover,30.725807862726803
Brazil,rio_de_janeiro,0h,372,wind_speed_10m,4.978426577021669
Brazil,rio_de_janeiro,0h,372,wind_gusts_10m,12.179705047896826
Brazil,rio_de_janeiro,1-6h,2038,temperature_2m,2.5679862701750675
Brazil,rio_de_janeiro,1-6h,2038,relative_humidity_2m,11.80729303409271
Brazil,rio_de_janeiro,1-6h,2038,dew_point_2m,1.2252655877602856
Brazil,rio_de_janeiro,1-6h,2038,apparent_temperature,2.923232713881897
Brazil,rio_de_janeiro,1-6h,2038,precipitation,0.7473078932679154
Brazil,rio_de_janeiro,1-6h,2038,rain,0.6971623403151379
Brazil,rio_de_janeiro,1-6h,2038,showers,0.36413016253789304
Brazil,rio_de_janeiro,1-6h,2038,snowfall,0
Brazil,rio_de_janeiro,1-6h,2038,snow_depth,0
Brazil,rio_de_janeiro,1-6h,2038,weather_code,26.46550516596825
Brazil,rio_de_janeiro,1-6h,2038,pressure_msl,0.6313684376206595
Brazil,rio_de_janeiro,1-6h,2038,surface_pressure,0.6310263925900728
Brazil,rio_de_janeiro,1-6h,2038,cloud_cover,33.689731926678526
Brazil,rio_de_janeiro,1-6h,2038,wind_speed_10m,5.190306697237044
Brazil,rio_de_janeiro,1-6h,2038,wind_gusts_10m,12.471474025825497
Brazil,rio_de_janeiro,13-18h,928,temperature_2m,3.3823769952403344
Brazil,rio_de_janeiro,13-18h,928,relative_humidity_2m,14.883817294006914
Brazil,rio_de_janeiro,13-18h,928,dew_point_2m,1.44387827837343
Brazil,rio_de_janeiro,13-18h,928,apparent_temperature,3.6111447463803423
Brazil,rio_de_janeiro,13-18h,928,precipitation,0.7337462917723367
Brazil,rio_de_janeiro,13-18h,928,rain,0.6442049363362563
Brazil,rio_de_janeiro,13-18h,928,showers,0.4668308414005641
Brazil,rio_de_janeiro,13-18h,928,snowfall,0
Brazil,rio_de_janeiro,13-18h,928,snow_depth,0
Brazil,rio_de_janeiro,13-18h,928,weather_code,29.399595352598848
Brazil,rio_de_janeiro,13-18h,928,pressure_msl,0.8504562669937639
Brazil,rio_de_janeiro,13-18h,928,surface_pressure,0.8498351767173461
Brazil,rio_de_janeiro,13-18h,928,cloud_cover,32.27795500508582
Brazil,rio_de_janeiro,13-18h,928,wind_speed_10m,5.1578342654979545
Brazil,rio_de_janeiro,13-18h,928,wind_gusts_10m,11.855411248120792
Brazil,rio_de_janeiro,19-24h,322,temperature_2m,2.5725135737166718
Brazil,rio_de_janeiro,19-24h,322,relative_humidity_2m,14.353781937197637
Brazil,rio_de_janeiro,19-24h,322,dew_point_2m,1.4182046212821642
Brazil,rio_de_janeiro,19-24h,322,apparent_temperature,2.7875388196054693
Brazil,rio_de_janeiro,19-24h,322,precipitation,0.6908002380892029
Brazil,rio_de_janeiro,19-24h,322,rain,0.449084645288102
Brazil,rio_de_janeiro,19-24h,322,showers,0.5573896570745321
Brazil,rio_de_janeiro,19-24h,322,snowfall,0
Brazil,rio_de_janeiro,19-24h,322,snow_depth,0
Brazil,rio_de_janeiro,19-24h,322,weather_code,29.81120719686074
Brazil,rio_de_janeiro,19-24h,322,pressure_msl,0.7089052008914405
Brazil,rio_de_janeiro,19-24h,322,surface_pressure,0.7089052008914338
Brazil,rio_de_janeiro,19-24h,322,cloud_cover,32.885459038138244
Brazil,rio_de_janeiro,19-24h,322,wind_speed_10m,4.714277244487027
Brazil,rio_de_janeiro,19-24h,322,wind_gusts_10m,10.587828474302095
Brazil,rio_de_janeiro,7-12h,1478,temperature_2m,2.865059446020045
Brazil,rio_de_janeiro,7-12h,1478,relative_humidity_2m,12.84212452756929
Brazil,rio_de_janeiro,7-12h,1478,dew_point_2m,1.3283267527649063
Brazil,rio_de_janeiro,7-12h,1478,apparent_temperature,3.1670730693801437
Brazil,rio_de_janeiro,7-12h,1478,precipitation,0.6529654432622929
Brazil,rio_de_janeiro,7-12h,1478,rain,0.5678223244568288
Brazil,rio_de_janeiro,7-12h,1478,showers,0.42196604728448606
Brazil,rio_de_janeiro,7-12h,1478,snowfall,0
Brazil,rio_de_janeiro,7-12h,1478,snow_depth,0
Brazil,rio_de_janeiro,7-12h,1478,weather_code,26.455850833072052
Brazil,rio_de_janeiro,7-12h,1478,pressure_msl,0.7244894614156222
Brazil,rio_de_janeiro,7-12h,1478,surface_pressure,0.7240223682427451
Brazil,rio_de_janeiro,7-12h,1478,cloud_cover,32.48111765410082
Brazil,rio_de_janeiro,7-12h,1478,wind_speed_10m,5.310857721959401
Brazil,rio_de_janeiro,7-12h,1478,wind_gusts_10m,12.726049169697303
Bulgaria,sofia,0h,372,temperature_2m,1.5593629799459157
Bulgaria,sofia,0h,372,relative_humidity_2m,9.258532826940069
Bulgaria,sofia,0h,372,dew_point_2m,1.700743038121994
Bulgaria,sofia,0h,372,apparent_temperature,1.8575912255634506
Bulgaria,sofia,0h,372,precipitation,0.2619201224374225
Bulgaria,sofia,0h,372,rain,0.2571556576435069
Bulgaria,sofia,0h,372,showers,0.05632089319917333
Bulgaria,sofia,0h,372,snowfall,0.015397947077242095
Bulgaria,sofia,0h,372,snow_depth,0.001270001270001905
Bulgaria,sofia,0h,372,weather_code,26.53786096346367
Bulgaria,sofia,0h,372,pressure_msl,0.5715005715008546
Bulgaria,sofia,0h,372,surface_pressure,0.5497800146568885
Bulgaria,sofia,0h,372,cloud_cover,27.82298114095419
Bulgaria,sofia,0h,372,wind_speed_10m,3.3095008232246643
Bulgaria,sofia,0h,372,wind_gusts_10m,7.017796118838977
Bulgaria,sofia,1-6h,2038,temperature_2m,1.7678876913160992
Bulgaria,sofia,1-6h,2038,relative_humidity_2m,9.817970345624213
Bulgaria,sofia,1-6h,2038,dew_point_2m,1.7560605836095644
Bulgaria,sofia,1-6h,2038,apparent_temperature,2.0257977989613725
Bulgaria,sofia,1-6h,2038,precipitation,0.40979182824043703
Bulgaria,sofia,1-6h,2038,rain,0.3931578701908845
Bulgaria,sofia,1-6h,2038,showers,0.0446334982479401
Bulgaria,sofia,1-6h,2038,snowfall,0.00877144085547294
Bulgaria,sofia,1-6h,2038,snow_depth,0.0012916277548561809
Bulgaria,sofia,1-6h,2038,weather_code,24.556517895422072
Bulgaria,sofia,1-6h,2038,pressure_msl,0.6052923283404392
Bulgaria,sofia,1-6h,2038,surface_pressure,0.6266646134752949
Bulgaria,sofia,1-6h,2038,cloud_cover,27.225622925293465
Bulgaria,sofia,1-6h,2038,wind_speed_10m,3.3237776018582124
Bulgaria,sofia,1-6h,2038,wind_gusts_10m,7.297999376333065
Bulgaria,sofia,13-18h,928,temperature_2m,2.324133134651758
Bulgaria,sofia,13-18h,928,relative_humidity_2m,9.146673599240025
Bulgaria,sofia,13-18h,928,dew_point_2m,1.9627347213026258
Bulgaria,sofia,13-18h,928,apparent_temperature,2.694774637113016
Bulgaria,sofia,13-18h,928,precipitation,0.39323481622264217
Bulgaria,sofia,13-18h,928,rain,0.3867693333776339
Bulgaria,sofia,13-18h,928,showers,0.04734320764739994
Bulgaria,sofia,13-18h,928,snowfall,0.01027635384150731
Bulgaria,sofia,13-18h,928,snow_depth,0.001737020834449128
Bulgaria,sofia,13-18h,928,weather_code,23.247728847173956
Bulgaria,sofia,13-18h,928,pressure_msl,0.6625772563932838
Bulgaria,sofia,13-18h,928,surface_pressure,0.7339665500223589
Bulgaria,sofia,13-18h,928,cloud_cover,29.364754266015037
Bulgaria,sofia,13-18h,928,wind_speed_10m,3.146262150114224
Bulgaria,sofia,13-18h,928,wind_gusts_10m,8.215888203080494
Bulgaria,sofia,19-24h,306,temperature_2m,1.9076043217517655
Bulgaria,sofia,19-24h,306,relative_humidity_2m,8.295206900152634
Bulgaria,sofia,19-24h,306,dew_point_2m,2.057506581601462
Bulgaria,sofia,19-24h,306,apparent_temperature,2.3694543096439307
Bulgaria,sofia,19-24h,306,precipitation,0.36595295958285534
Bulgaria,sofia,19-24h,306,rain,0.3418519344658433
Bulgaria,sofia,19-24h,306,showers,0.06954567784693412
Bulgaria,sofia,19-24h,306,snowfall,0
Bulgaria,sofia,19-24h,306,snow_depth,0.0014002800840280099
Bulgaria,sofia,19-24h,306,weather_code,27.35878776506474
Bulgaria,sofia,19-24h,306,pressure_msl,0.6418417128184483
Bulgaria,sofia,19-24h,306,surface_pressure,0.7311017739833242
Bulgaria,sofia,19-24h,306,cloud_cover,28.377934906234522
Bulgaria,sofia,19-24h,306,wind_speed_10m,3.3813695643509534
Bulgaria,sofia,19-24h,306,wind_gusts_10m,9.711131676142207
Bulgaria,sofia,7-12h,1478,temperature_2m,1.9295122677349446
Bulgaria,sofia,7-12h,1478,relative_humidity_2m,9.961359717198564
Bulgaria,sofia,7-12h,1478,dew_point_2m,1.8333772086438078
Bulgaria,sofia,7-12h,1478,apparent_temperature,2.186782165228095
Bulgaria,sofia,7-12h,1478,precipitation,0.35222086809104486
Bulgaria,sofia,7-12h,1478,rain,0.3462343336563197
Bulgaria,sofia,7-12h,1478,showers,0.04429572169812544
Bulgaria,sofia,7-12h,1478,snowfall,0.008142838489979008
Bulgaria,sofia,7-12h,1478,snow_depth,0.001560680605148126
Bulgaria,sofia,7-12h,1478,weather_code,21.689187144095172
Bulgaria,sofia,7-12h,1478,pressure_msl,0.6718483784101857
Bulgaria,sofia,7-12h,1478,surface_pressure,0.6650363466416949
Bulgaria,sofia,7-12h,1478,cloud_cover,26.329390545458203
Bulgaria,sofia,7-12h,1478,wind_speed_10m,3.2204963518638032
Bulgaria,sofia,7-12h,1478,wind_gusts_10m,7.892281390576358
Cambodia,phnom_penh,0h,372,temperature_2m,1.1049740910697787
Cambodia,phnom_penh,0h,372,relative_humidity_2m,6.997695473188575
Cambodia,phnom_penh,0h,372,dew_point_2m,1.1929226781854019
Cambodia,phnom_penh,0h,372,apparent_temperature,1.1310143891158488
Cambodia,phnom_penh,0h,372,precipitation,0.28103112749952797
Cambodia,phnom_penh,0h,372,rain,0.3638208232053925
Cambodia,phnom_penh,0h,372,showers,0.1853505832461215
Cambodia,phnom_penh,0h,372,snowfall,0
Cambodia,phnom_penh,0h,372,snow_depth,0
Cambodia,phnom_penh,0h,372,weather_code,16.274361391762117
Cambodia,phnom_penh,0h,372,pressure_msl,0.3981138325352565
Cambodia,phnom_penh,0h,372,surface_pressure,0.39797876422516587
Cambodia,phnom_penh,0h,372,cloud_cover,35.36294154066658
Cambodia,phnom_penh,0h,372,wind_speed_10m,4.519598897418707
Cambodia,phnom_penh,0h,372,wind_gusts_10m,10.287624363951254
Cambodia,phnom_penh,1-6h,2038,temperature_2m,1.030844237983274
Cambodia,phnom_penh,1-6h,2038,relative_humidity_2m,6.74562337667477
Cambodia,phnom_penh,1-6h,2038,dew_point_2m,1.2011076013699584
Cambodia,phnom_penh,1-6h,2038,apparent_temperature,1.1607880305273248
Cambodia,phnom_penh,1-6h,2038,precipitation,0.6070569619516561
Cambodia,phnom_penh,1-6h,2038,rain,0.5919313542674248
Cambodia,phnom_penh,1-6h,2038,showers,0.2394178415363554
Cambodia,phnom_penh,1-6h,2038,snowfall,0
Cambodia,phnom_penh,1-6h,2038,snow_depth,0
Cambodia,phnom_penh,1-6h,2038,weather_code,20.11563724143603
Cambodia,phnom_penh,1-6h,2038,pressure_msl,0.4197410295575261
Cambodia,phnom_penh,1-6h,2038,surface_pressure,0.4200331778100822
Cambodia,phnom_penh,1-6h,2038,cloud_cover,36.207205459459495
Cambodia,phnom_penh,1-6h,2038,wind_speed_10m,4.639331361928178
Cambodia,phnom_penh,1-6h,2038,wind_gusts_10m,10.262223855923596
Cambodia,phnom_penh,13-18h,928,temperature_2m,0.9136889986242016
Cambodia,phnom_penh,13-18h,928,relative_humidity_2m,6.495522330407893
Cambodia,phnom_penh,13-18h,928,dew_point_2m,1.1867533950613562
Cambodia,phnom_penh,13-18h,928,apparent_temperature,1.2016870325246634
Cambodia,phnom_penh,13-18h,928,precipitation,0.7024587360564811
Cambodia,phnom_penh,13-18h,928,rain,0.6954439167749693
Cambodia,phnom_penh,13-18h,928,showers,0.1054546805749864
Cambodia,phnom_penh,13-18h,928,snowfall,0
Cambodia,phnom_penh,13-18h,928,snow_depth,0
Cambodia,phnom_penh,13-18h,928,weather_code,17.91316458689646
Cambodia,phnom_penh,13-18h,928,pressure_msl,0.3667482928996746
Cambodia,phnom_penh,13-18h,928,surface_pressure,0.3670713545216329
Cambodia,phnom_penh,13-18h,928,cloud_cover,39.92854609303284
Cambodia,phnom_penh,13-18h,928,wind_speed_10m,4.776865947026573
Cambodia,phnom_penh,13-18h,928,wind_gusts_10m,9.694211523840684
Cambodia,phnom_penh,19-24h,304,temperature_2m,0.7086402843697066
Cambodia,phnom_penh,19-24h,304,relative_humidity_2m,6.720451895833384
Cambodia,phnom_penh,19-24h,304,dew_point_2m,1.2435623701371203
Cambodia,phnom_penh,19-24h,304,apparent_temperature,0.9852197190154295
Cambodia,phnom_penh,19-24h,304,precipitation,0.10791078186217197
Cambodia,phnom_penh,19-24h,304,rain,0.07389537411631038
Cambodia,phnom_penh,19-24h,304,showers,0.07863975156570492
Cambodia,phnom_penh,19-24h,304,snowfall,0
Cambodia,phnom_penh,19-24h,304,snow_depth,0
Cambodia,phnom_penh,19-24h,304,weather_code,15.87823734085845
Cambodia,phnom_penh,19-24h,304,pressure_msl,0.36255671062752254
Cambodia,phnom_penh,19-24h,304,surface_pressure,0.3643667903291144
Cambodia,phnom_penh,19-24h,304,cloud_cover,47.23123409020995
Cambodia,phnom_penh,19-24h,304,wind_speed_10m,4.22673197138105
Cambodia,phnom_penh,19-24h,304,wind_gusts_10m,8.35602918162751
Cambodia,phnom_penh,7-12h,1478,temperature_2m,1.036636071004532
Cambodia,phnom_penh,7-12h,1478,relative_humidity_2m,7.130714596943156
Cambodia,phnom_penh,7-12h,1478,dew_point_2m,1.2278235802626472
Cambodia,phnom_penh,7-12h,1478,apparent_temperature,1.1565369893991475
Cambodia,phnom_penh,7-12h,1478,precipitation,0.6900216701505844
Cambodia,phnom_penh,7-12h,1478,rain,0.6589757090477769
Cambodia,phnom_penh,7-12h,1478,showers,0.24627124555459062
Cambodia,phnom_penh,7-12h,1478,snowfall,0
Cambodia,phnom_penh,7-12h,1478,snow_depth,0
Cambodia,phnom_penh,7-12h,1478,weather_code,18.45903924653928
Cambodia,phnom_penh,7-12h,1478,pressure_msl,0.41150570082717114
Cambodia,phnom_penh,7-12h,1478,surface_pressure,0.4118508341712794
Cambodia,phnom_penh,7-12h,1478,cloud_cover,38.04482435695855
Cambodia,phnom_penh,7-12h,1478,wind_speed_10m,4.785452413700183
Cambodia,phnom_penh,7-12h,1478,wind_gusts_10m,9.643716008747605
Canada,calgary,0h,372,temperature_2m,2.4994300425565843
Canada,calgary,0h,372,relative_humidity_2m,13.062710614652325
Canada,calgary,0h,372,dew_point_2m,2.5487715784549594
Canada,calgary,0h,372,apparent_temperature,2.449434870086506
Canada,calgary,0h,372,precipitation,0.24373879902579654
Canada,calgary,0h,372,rain,0.038799179683158526
Canada,calgary,0h,372,showers,0
Canada,calgary,0h,372,snowfall,0.17030807000749382
Canada,calgary,0h,372,snow_depth,0.061351271336653294
Canada,calgary,0h,372,weather_code,22.35322497239865
Canada,calgary,0h,372,pressure_msl,4.788870385580763
Canada,calgary,0h,372,surface_pressure,3.8457349647830377
Canada,calgary,0h,372,cloud_cover,37.1143249740524
Canada,calgary,0h,372,wind_speed_10m,5.940117843948889
Canada,calgary,0h,372,wind_gusts_10m,12.659831913813923
Canada,calgary,1-6h,2038,temperature_2m,3.013557849562452
Canada,calgary,1-6h,2038,relative_humidity_2m,13.063256683221724
Canada,calgary,1-6h,2038,dew_point_2m,2.8434281097141976
Canada,calgary,1-6h,2038,apparent_temperature,3.0097926532413153
Canada,calgary,1-6h,2038,precipitation,0.20456037256887075
Canada,calgary,1-6h,2038,rain,0.07018830693094948
Canada,calgary,1-6h,2038,showers,0
Canada,calgary,1-6h,2038,snowfall,0.13645159681299626
Canada,calgary,1-6h,2038,snow_depth,0.06251437518687128
Canada,calgary,1-6h,2038,weather_code,24.458372237785582
Canada,calgary,1-6h,2038,pressure_msl,4.960444122064634
Canada,calgary,1-6h,2038,surface_pressure,3.9559336682303776
Canada,calgary,1-6h,2038,cloud_cover,36.98704120201146
Canada,calgary,1-6h,2038,wind_speed_10m,5.285696439434712
Canada,calgary,1-6h,2038,wind_gusts_10m,11.2105437192343
Canada,calgary,13-18h,928,temperature_2m,4.066733205598474
Canada,calgary,13-18h,928,relative_humidity_2m,14.782109993572263
Canada,calgary,13-18h,928,dew_point_2m,3.390300566474082
Canada,calgary,13-18h,928,apparent_temperature,4.068494913609818
Canada,calgary,13-18h,928,precipitation,0.23659264060026655
Canada,calgary,13-18h,928,rain,0.06730335340315775
Canada,calgary,13-18h,928,showers,0
Canada,calgary,13-18h,928,snowfall,0.1644681868409773
Canada,calgary,13-18h,928,snow_depth,0.06255170275253408
Canada,calgary,13-18h,928,weather_code,25.18158193929677
Canada,calgary,13-18h,928,pressure_msl,6.079564058214289
Canada,calgary,13-18h,928,surface_pressure,4.504958953466034
Canada,calgary,13-18h,928,cloud_cover,35.63391449264262
Canada,calgary,13-18h,928,wind_speed_10m,6.356450362183013
Canada,calgary,13-18h,928,wind_gusts_10m,12.81291694023033
Canada,calgary,19-24h,296,temperature_2m,4.301853780168027
Canada,calgary,19-24h,296,relative_humidity_2m,17.226040940578496
Canada,calgary,19-24h,296,dew_point_2m,3.137243582716729
Canada,calgary,19-24h,296,apparent_temperature,4.063382960179988
Canada,calgary,19-24h,296,precipitation,0.3026906368251612
Canada,calgary,19-24h,296,rain,0.05984213466347169
Canada,calgary,19-24h,296,showers,0
Canada,calgary,19-24h,296,snowfall,0.20666267069661967
Canada,calgary,19-24h,296,snow_depth,0.05955351896925673
Canada,calgary,19-24h,296,weather_code,21.964498382371247
Canada,calgary,19-24h,296,pressure_msl,5.887676089063469
Canada,calgary,19-24h,296,surface_pressure,4.420888684049485
Canada,calgary,19-24h,296,cloud_cover,34.73636228600895
Canada,calgary,19-24h,296,wind_speed_10m,7.090224522804887
Canada,calgary,19-24h,296,wind_gusts_10m,13.904770229498046
Canada,calgary,7-12h,1478,temperature_2m,3.5285727199228147
Canada,calgary,7-12h,1478,relative_humidity_2m,14.126195208512877
Canada,calgary,7-12h,1478,dew_point_2m,3.162380357639955
Canada,calgary,7-12h,1478,apparent_temperature,3.516735554182518
Canada,calgary,7-12h,1478,precipitation,0.256604242917153
Canada,calgary,7-12h,1478,rain,0.06413787584358137
Canada,calgary,7-12h,1478,showers,0
Canada,calgary,7-12h,1478,snowfall,0.15894186646302372
Canada,calgary,7-12h,1478,snow_depth,0.06318347534092256
Canada,calgary,7-12h,1478,weather_code,23.92415847198586
Canada,calgary,7-12h,1478,pressure_msl,5.708244873857356
Canada,calgary,7-12h,1478,surface_pressure,4.41679964225655
Canada,calgary,7-12h,1478,cloud_cover,35.90846881463532
Canada,calgary,7-12h,1478,wind_speed_10m,5.586726730525638
Canada,calgary,7-12h,1478,wind_gusts_10m,11.854459088066228
Canada,edmonton,0h,372,temperature_2m,1.8837020288074577
Canada,edmonton,0h,372,relative_humidity_2m,7.106713469958249
Canada,edmonton,0h,372,dew_point_2m,1.7905066262079634
Canada,edmonton,0h,372,apparent_temperature,1.94651604955695
Canada,edmonton,0h,372,precipitation,0.16131182652348863
Canada,edmonton,0h,372,rain,0.030232077246257098
Canada,edmonton,0h,372,showers,0.007332355751067665
Canada,edmonton,0h,372,snowfall,0.11419423181862191
Canada,edmonton,0h,372,snow_depth,0.028341238618867958
Canada,edmonton,0h,372,weather_code,21.429930832456527
Canada,edmonton,0h,372,pressure_msl,1.1581873119069988
Canada,edmonton,0h,372,surface_pressure,0.8680097120511114
Canada,edmonton,0h,372,cloud_cover,30.758074383565468
Canada,edmonton,0h,372,wind_speed_10m,3.216849122910475
Canada,edmonton,0h,372,wind_gusts_10m,6.602549198149037
Canada,edmonton,1-6h,2038,temperature_2m,1.8462438328890536
Canada,edmonton,1-6h,2038,relative_humidity_2m,6.5897592064073045
Canada,edmonton,1-6h,2038,dew_point_2m,1.7825288846832545
Canada,edmonton,1-6h,2038,apparent_temperature,1.8881870260486822
Canada,edmonton,1-6h,2038,precipitation,0.14977903253409622
Canada,edmonton,1-6h,2038,rain,0.04408039759807434
Canada,edmonton,1-6h,2038,showers,0.007004835004805859
Canada,edmonton,1-6h,2038,snowfall,0.09855680876268168
Canada,edmonton,1-6h,2038,snow_depth,0.028080565433302337
Canada,edmonton,1-6h,2038,weather_code,20.351523151905646
Canada,edmonton,1-6h,2038,pressure_msl,1.181016012751257
Canada,edmonton,1-6h,2038,surface_pressure,0.8602154145165813
Canada,edmonton,1-6h,2038,cloud_cover,33.37368346155325
Canada,edmonton,1-6h,2038,wind_speed_10m,3.225748956402999
Canada,edmonton,1-6h,2038,wind_gusts_10m,6.34671837654142
Canada,edmonton,13-18h,928,temperature_2m,1.8609820822202527
Canada,edmonton,13-18h,928,relative_humidity_2m,6.5708997966740466
Canada,edmonton,13-18h,928,dew_point_2m,2.018006228417305
Canada,edmonton,13-18h,928,apparent_temperature,1.998178049434379
Canada,edmonton,13-18h,928,precipitation,0.15763609336390724
Canada,edmonton,13-18h,928,rain,0.020761369963434993
Canada,edmonton,13-18h,928,showers,0
Canada,edmonton,13-18h,928,snowfall,0.1101057485423398
Canada,edmonton,13-18h,928,snow_depth,0.025705560917221107
Canada,edmonton,13-18h,928,weather_code,18.14875078820616
Canada,edmonton,13-18h,928,pressure_msl,1.326901693211774
Canada,edmonton,13-18h,928,surface_pressure,0.9821137478892691
Canada,edmonton,13-18h,928,cloud_cover,34.6454019937761
Canada,edmonton,13-18h,928,wind_speed_10m,3.891812803379901
Canada,edmonton,13-18h,928,wind_gusts_10m,6.768345121937501
Canada,edmonton,19-24h,294,temperature_2m,1.6469927243353581
Canada,edmonton,19-24h,294,relative_humidity_2m,7.230886134196436
Canada,edmonton,19-24h,294,dew_point_2m,1.8817599230941404
Canada,edmonton,19-24h,294,apparent_temperature,1.664065998167892
Canada,edmonton,19-24h,294,precipitation,0.10722219284950193
Canada,edmonton,19-24h,294,rain,0.014285714285714287
Canada,edmonton,19-24h,294,showers,0
Canada,edmonton,19-24h,294,snowfall,0.07483314773547883
Canada,edmonton,19-24h,294,snow_depth,0.025740727146170622
Canada,edmonton,19-24h,294,weather_code,17.960084238397663
Canada,edmonton,19-24h,294,pressure_msl,1.4810825237564804
Canada,edmonton,19-24h,294,surface_pressure,1.1678808065172201
Canada,edmonton,19-24h,294,cloud_cover,37.79680726537339
Canada,edmonton,19-24h,294,wind_speed_10m,4.1248788891724
Canada,edmonton,19-24h,294,wind_gusts_10m,7.352212865090716
Canada,edmonton,7-12h,1478,temperature_2m,1.8173349608550078
Canada,edmonton,7-12h,1478,relative_humidity_2m,6.069065732328892
Canada,edmonton,7-12h,1478,dew_point_2m,1.8687480341543146
Canada,edmonton,7-12h,1478,apparent_temperature,1.9166812770324275
Canada,edmonton,7-12h,1478,precipitation,0.10812712410015583
Canada,edmonton,7-12h,1478,rain,0.04638486991432527
Canada,edmonton,7-12h,1478,showers,0
Canada,edmonton,7-12h,1478,snowfall,0.06458046139961592
Canada,edmonton,7-12h,1478,snow_depth,0.026086667253401988
Canada,edmonton,7-12h,1478,weather_code,20.629898032422414
Canada,edmonton,7-12h,1478,pressure_msl,1.2302733009898843
Canada,edmonton,7-12h,1478,surface_pressure,0.920963195267071
Canada,edmonton,7-12h,1478,cloud_cover,33.93612163796554
Canada,edmonton,7-12h,1478,wind_speed_10m,3.515473239469895
Canada,edmonton,7-12h,1478,wind_gusts_10m,6.631227636941474
Canada,montreal,0h,372,temperature_2m,1.2066348834405063
Canada,montreal,0h,372,relative_humidity_2m,6.043747324336955
Canada,montreal,0h,372,dew_point_2m,1.4082132353195067
Canada,montreal,0h,372,apparent_temperature,1.2158230983377527
Canada,montreal,0h,372,precipitation,0.2610977652350795
Canada,montreal,0h,372,rain,0.20465023926227774
Canada,montreal,0h,372,showers,0
Canada,montreal,0h,372,snowfall,0.10531315309615302
Canada,montreal,0h,372,snow_depth,0.05032688842879849
Canada,montreal,0h,372,weather_code,28.412760271338634
Canada,montreal,0h,372,pressure_msl,0.7416198487095718
Canada,montreal,0h,372,surface_pressure,0.73663722998648
Canada,montreal,0h,372,cloud_cover,35.86129191850896
Canada,montreal,0h,372,wind_speed_10m,3.1565429572334693
Canada,montreal,0h,372,wind_gusts_10m,6.292348998107026
Canada,montreal,1-6h,2038,temperature_2m,1.6259367346135127
Canada,montreal,1-6h,2038,relative_humidity_2m,6.086552690204685
Canada,montreal,1-6h,2038,dew_point_2m,1.7175278351669039
Canada,montreal,1-6h,2038,apparent_temperature,1.6399274739223137
Canada,montreal,1-6h,2038,precipitation,0.21544850177837765
Canada,montreal,1-6h,2038,rain,0.1798756521748804
Canada,montreal,1-6h,2038,showers,0
Canada,montreal,1-6h,2038,snowfall,0.10174965911746398
Canada,montreal,1-6h,2038,snow_depth,0.05052618128350122
Canada,montreal,1-6h,2038,weather_code,27.40251702227435
Canada,montreal,1-6h,2038,pressure_msl,0.7034124030980611
Canada,montreal,1-6h,2038,surface_pressure,0.697478987622336
Canada,montreal,1-6h,2038,cloud_cover,31.11063230779431
Canada,montreal,1-6h,2038,wind_speed_10m,3.1865055261376822
Canada,montreal,1-6h,2038,wind_gusts_10m,6.869300653066356
Canada,montreal,13-18h,928,temperature_2m,1.6300319967242447
Canada,montreal,13-18h,928,relative_humidity_2m,6.956608121184068
Canada,montreal,13-18h,928,dew_point_2m,1.790094873232258
Canada,montreal,13-18h,928,apparent_temperature,1.6933248766645561
Canada,montreal,13-18h,928,precipitation,0.26362975278166945
Canada,montreal,13-18h,928,rain,0.22463620014101265
Canada,montreal,13-18h,928,showers,0
Canada,montreal,13-18h,928,snowfall,0.0978288001456168
Canada,montreal,13-18h,928,snow_depth,0.05086535641041573
Canada,montreal,13-18h,928,weather_code,28.242637124109674
Canada,montreal,13-18h,928,pressure_msl,1.2181723874383488
Canada,montreal,13-18h,928,surface_pressure,1.2093743038846785
Canada,montreal,13-18h,928,cloud_cover,32.736342242961044
Canada,montreal,13-18h,928,wind_speed_10m,3.5133151894883636
Canada,montreal,13-18h,928,wind_gusts_10m,7.26851529923219
Canada,montreal,19-24h,288,temperature_2m,1.579666807343315
Canada,montreal,19-24h,288,relative_humidity_2m,6.7371276438025784
Canada,montreal,19-24h,288,dew_point_2m,1.772220045279053
Canada,montreal,19-24h,288,apparent_temperature,1.8546300918991308
Canada,montreal,19-24h,288,precipitation,0.3279778109025738
Canada,montreal,19-24h,288,rain,0.23063920838496746
Canada,montreal,19-24h,288,showers,0
Canada,montreal,19-24h,288,snowfall,0.12578917547494564
Canada,montreal,19-24h,288,snow_depth,0.05056623818759355
Canada,montreal,19-24h,288,weather_code,33.80263385530121
Canada,montreal,19-24h,288,pressure_msl,1.7042023223653782
Canada,montreal,19-24h,288,surface_pressure,1.6940049521113554
Canada,montreal,19-24h,288,cloud_cover,36.67708185411338
Canada,montreal,19-24h,288,wind_speed_10m,3.3001052171778467
Canada,montreal,19-24h,288,wind_gusts_10m,7.729358712798308
Canada,montreal,7-12h,1478,temperature_2m,1.7102374230795439
Canada,montreal,7-12h,1478,relative_humidity_2m,6.243264300062349
Canada,montreal,7-12h,1478,dew_point_2m,1.7692188440092123
Canada,montreal,7-12h,1478,apparent_temperature,1.770117309935614
Canada,montreal,7-12h,1478,precipitation,0.28024732938821856
Canada,montreal,7-12h,1478,rain,0.25647237372558945
Canada,montreal,7-12h,1478,showers,0
Canada,montreal,7-12h,1478,snowfall,0.08563541058073774
Canada,montreal,7-12h,1478,snow_depth,0.04989162815760284
Canada,montreal,7-12h,1478,weather_code,26.574174283244723
Canada,montreal,7-12h,1478,pressure_msl,0.9676569360433467
Canada,montreal,7-12h,1478,surface_pressure,0.9605337938602129
Canada,montreal,7-12h,1478,cloud_cover,32.291718356645234
Canada,montreal,7-12h,1478,wind_speed_10m,3.369674919974599
Canada,montreal,7-12h,1478,wind_gusts_10m,7.175464698544208
Canada,ottawa,0h,372,temperature_2m,1.8277284803409564
Canada,ottawa,0h,372,relative_humidity_2m,9.875025520587684
Canada,ottawa,0h,372,dew_point_2m,2.8131889837095048
Canada,ottawa,0h,372,apparent_temperature,1.783451408009532
Canada,ottawa,0h,372,precipitation,0.1589616847051549
Canada,ottawa,0h,372,rain,0.12291267990618555
Canada,ottawa,0h,372,showers,0
Canada,ottawa,0h,372,snowfall,0.08033866488353424
Canada,ottawa,0h,372,snow_depth,0.07895827127128947
Canada,ottawa,0h,372,weather_code,27.552979270247103
Canada,ottawa,0h,372,pressure_msl,0.8128338850781084
Canada,ottawa,0h,372,surface_pressure,0.8281667797332667
Canada,ottawa,0h,372,cloud_cover,34.54917019684152
Canada,ottawa,0h,372,wind_speed_10m,3.9222346603923124
Canada,ottawa,0h,372,wind_gusts_10m,7.324076513403826
Canada,ottawa,1-6h,2038,temperature_2m,2.106313235612451
Canada,ottawa,1-6h,2038,relative_humidity_2m,9.88436578380162
Canada,ottawa,1-6h,2038,dew_point_2m,2.9780815264222813
Canada,ottawa,1-6h,2038,apparent_temperature,2.0731400616956064
Canada,ottawa,1-6h,2038,precipitation,0.1916049665306589
Canada,ottawa,1-6h,2038,rain,0.1703486006138851
Canada,ottawa,1-6h,2038,showers,0
Canada,ottawa,1-6h,2038,snowfall,0.06899673585315887
Canada,ottawa,1-6h,2038,snow_depth,0.07877434511615378
Canada,ottawa,1-6h,2038,weather_code,26.42602205792033
Canada,ottawa,1-6h,2038,pressure_msl,0.8184333630628031
Canada,ottawa,1-6h,2038,surface_pressure,0.8353687931736722
Canada,ottawa,1-6h,2038,cloud_cover,34.480100503281434
Canada,ottawa,1-6h,2038,wind_speed_10m,3.9204904461772667
Canada,ottawa,1-6h,2038,wind_gusts_10m,7.0934779094472065
Canada,ottawa,13-18h,928,temperature_2m,1.6127589340351969
Canada,ottawa,13-18h,928,relative_humidity_2m,10.428740129548496
Canada,ottawa,13-18h,928,dew_point_2m,1.9568017977971273
Canada,ottawa,13-18h,928,apparent_temperature,1.67808516696448
Canada,ottawa,13-18h,928,precipitation,0.2723576027819004
Canada,ottawa,13-18h,928,rain,0.2361851078548641
Canada,ottawa,13-18h,928,showers,0
Canada,ottawa,13-18h,928,snowfall,0.08824925514973346
Canada,ottawa,13-18h,928,snow_depth,0.07699221859472509
Canada,ottawa,13-18h,928,weather_code,25.688745355330894
Canada,ottawa,13-18h,928,pressure_msl,1.3009611831257697
Canada,ottawa,13-18h,928,surface_pressure,1.2935516464637031
Canada,ottawa,13-18h,928,cloud_cover,34.47447206467317
Canada,ottawa,13-18h,928,wind_speed_10m,3.460799563784308
Canada,ottawa,13-18h,928,wind_gusts_10m,7.19607022784922
Canada,ottawa,19-24h,286,temperature_2m,1.7120919196289495
Canada,ottawa,19-24h,286,relative_humidity_2m,8.857457053497095
Canada,ottawa,19-24h,286,dew_point_2m,2.1010320474318482
Canada,ottawa,19-24h,286,apparent_temperature,1.668465230017163
Canada,ottawa,19-24h,286,precipitation,0.5313921549831371
Canada,ottawa,19-24h,286,rain,0.3604581389427487
Canada,ottawa,19-24h,286,showers,0
Canada,ottawa,19-24h,286,snowfall,0.15264566584315226
Canada,ottawa,19-24h,286,snow_depth,0.07826796359861501
Canada,ottawa,19-24h,286,weather_code,28.690657820165892
Canada,ottawa,19-24h,286,pressure_msl,1.7657582218135353
Canada,ottawa,19-24h,286,surface_pressure,1.7470854851173414
Canada,ottawa,19-24h,286,cloud_cover,37.79776883192087
Canada,ottawa,19-24h,286,wind_speed_10m,4.639425151273133
Canada,ottawa,19-24h,286,wind_gusts_10m,7.800058274840586
Canada,ottawa,7-12h,1478,temperature_2m,2.0699244624160213
Canada,ottawa,7-12h,1478,relative_humidity_2m,9.378378958056672
Canada,ottawa,7-12h,1478,dew_point_2m,2.613520067799415
Canada,ottawa,7-12h,1478,apparent_temperature,2.043031656416619
Canada,ottawa,7-12h,1478,precipitation,0.209354960111792
Canada,ottawa,7-12h,1478,rain,0.1806992881750101
Canada,ottawa,7-12h,1478,showers,0
Canada,ottawa,7-12h,1478,snowfall,0.06985777161059345
Canada,ottawa,7-12h,1478,snow_depth,0.07836195122116403
Canada,ottawa,7-12h,1478,weather_code,24.27085546284909
Canada,ottawa,7-12h,1478,pressure_msl,1.0503559548719916
Canada,ottawa,7-12h,1478,surface_pressure,1.0620530581100294
Canada,ottawa,7-12h,1478,cloud_cover,34.21293664433819
Canada,ottawa,7-12h,1478,wind_speed_10m,3.6581826643777635
Canada,ottawa,7-12h,1478,wind_gusts_10m,7.112394601600565
Canada,quebec_city,0h,372,temperature_2m,1.6543361076242178
Canada,quebec_city,0h,372,relative_humidity_2m,9.873664330522278
Canada,quebec_city,0h,372,dew_point_2m,2.795782153434413
Canada,quebec_city,0h,372,apparent_temperature,1.7495621572083353
Canada,quebec_city,0h,372,precipitation,0.21886805570126402
Canada,quebec_city,0h,372,rain,0.16688158186448077
Canada,quebec_city,0h,372,showers,0
Canada,quebec_city,0h,372,snowfall,0.09965801739000996
Canada,quebec_city,0h,372,snow_depth,0.13244800156393288
Canada,quebec_city,0h,372,weather_code,29.48227096197423
Canada,quebec_city,0h,372,pressure_msl,1.114759243981865
Canada,quebec_city,0h,372,surface_pressure,1.099877803574425
Canada,quebec_city,0h,372,cloud_cover,39.49247920779974
Canada,quebec_city,0h,372,wind_speed_10m,3.426438948962573
Canada,quebec_city,0h,372,wind_gusts_10m,6.893939211326305
Canada,quebec_city,1-6h,2038,temperature_2m,1.9589356425915339
Canada,quebec_city,1-6h,2038,relative_humidity_2m,9.48450520891311
Canada,quebec_city,1-6h,2038,dew_point_2m,2.923877203287078
Canada,quebec_city,1-6h,2038,apparent_temperature,2.051959976424465
Canada,quebec_city,1-6h,2038,precipitation,0.21437541932826346
Canada,quebec_city,1-6h,2038,rain,0.17303502172643126
Canada,quebec_city,1-6h,2038,showers,0
Canada,quebec_city,1-6h,2038,snowfall,0.08504227431118964
Canada,quebec_city,1-6h,2038,snow_depth,0.13255435680263458
Canada,quebec_city,1-6h,2038,weather_code,24.28821867164023
Canada,quebec_city,1-6h,2038,pressure_msl,0.9929387593321662
Canada,quebec_city,1-6h,2038,surface_pressure,0.9848857801796139
Canada,quebec_city,1-6h,2038,cloud_cover,35.780749315655676
Canada,quebec_city,1-6h,2038,wind_speed_10m,3.347402432065531
Canada,quebec_city,1-6h,2038,wind_gusts_10m,6.324169721732933
Canada,quebec_city,13-18h,928,temperature_2m,1.4635882335005908
Canada,quebec_city,13-18h,928,relative_humidity_2m,7.2058704516190994
Canada,quebec_city,13-18h,928,dew_point_2m,1.915550024549535
Canada,quebec_city,13-18h,928,apparent_temperature,1.549130735116555
Canada,quebec_city,13-18h,928,precipitation,0.27677016482621647
Canada,quebec_city,13-18h,928,rain,0.25950466742198125
Canada,quebec_city,13-18h,928,showers,0
Canada,quebec_city,13-18h,928,snowfall,0.09002394317528857
Canada,quebec_city,13-18h,928,snow_depth,0.13158516319256436
Canada,quebec_city,13-18h,928,weather_code,22.170917188188614
Canada,quebec_city,13-18h,928,pressure_msl,1.5458718664838327
Canada,quebec_city,13-18h,928,surface_pressure,1.5244628788414376
Canada,quebec_city,13-18h,928,cloud_cover,33.37515336397671
Canada,quebec_city,13-18h,928,wind_speed_10m,4.1080870621671135
Canada,quebec_city,13-18h,928,wind_gusts_10m,8.009182499502982
Canada,quebec_city,19-24h,282,temperature_2m,1.513133988807702
Canada,quebec_city,19-24h,282,relative_humidity_2m,7.4032770202321805
Canada,quebec_city,19-24h,282,dew_point_2m,1.7636599598280587
Canada,quebec_city,19-24h,282,apparent_temperature,1.5661308877123932
Canada,quebec_city,19-24h,282,precipitation,0.37577343407812275
Canada,quebec_city,19-24h,282,rain,0.32735778678286526
Canada,quebec_city,19-24h,282,showers,0
Canada,quebec_city,19-24h,282,snowfall,0.10853962900171434
Canada,quebec_city,19-24h,282,snow_depth,0.13059329970974015
Canada,quebec_city,19-24h,282,weather_code,24.35144570249205
Canada,quebec_city,19-24h,282,pressure_msl,1.9519947971096825
Canada,quebec_city,19-24h,282,surface_pressure,1.9317981187565159
Canada,quebec_city,19-24h,282,cloud_cover,38.69062598365517
Canada,quebec_city,19-24h,282,wind_speed_10m,4.104097589151188
Canada,quebec_city,19-24h,282,wind_gusts_10m,8.633868654506067
Canada,quebec_city,7-12h,1478,temperature_2m,1.9042755113887002
Canada,quebec_city,7-12h,1478,relative_humidity_2m,8.470996445805204
Canada,quebec_city,7-12h,1478,dew_point_2m,2.6455901981631715
Canada,quebec_city,7-12h,1478,apparent_temperature,2.0003044423226286
Canada,quebec_city,7-12h,1478,precipitation,0.18793083114177953
Canada,quebec_city,7-12h,1478,rain,0.13783557893384082
Canada,quebec_city,7-12h,1478,showers,0
Canada,quebec_city,7-12h,1478,snowfall,0.09404890329555192
Canada,quebec_city,7-12h,1478,snow_depth,0.13255835899167442
Canada,quebec_city,7-12h,1478,weather_code,25.727703932953386
Canada,quebec_city,7-12h,1478,pressure_msl,1.2095694220419269
Canada,quebec_city,7-12h,1478,surface_pressure,1.198053224649629
Canada,quebec_city,7-12h,1478,cloud_cover,32.945355996438565
Canada,quebec_city,7-12h,1478,wind_speed_10m,3.8458807022818626
Canada,quebec_city,7-12h,1478,wind_gusts_10m,7.737121212372151
Canada,toronto,0h,372,temperature_2m,1.533216451833218
Canada,toronto,0h,372,relative_humidity_2m,8.64409799270733
Canada,toronto,0h,372,dew_point_2m,1.7476558801059257
Canada,toronto,0h,372,apparent_temperature,1.51746109407886
Canada,toronto,0h,372,precipitation,0.16263951827039394
Canada,toronto,0h,372,rain,0.11958710327128592
Canada,toronto,0h,372,showers,0
Canada,toronto,0h,372,snowfall,0.08276147875425739
Canada,toronto,0h,372,snow_depth,0.06402284538493112
Canada,toronto,0h,372,weather_code,19.999327945697825
Canada,toronto,0h,372,pressure_msl,0.9258242477027794
Canada,toronto,0h,372,surface_pressure,0.8943370224235508
Canada,toronto,0h,372,cloud_cover,37.28724593848973
Canada,toronto,0h,372,wind_speed_10m,3.811083158199212
Canada,toronto,0h,372,wind_gusts_10m,10.720861985886682
Canada,toronto,1-6h,2038,temperature_2m,1.61393587506821
Canada,toronto,1-6h,2038,relative_humidity_2m,8.120836670180529
Canada,toronto,1-6h,2038,dew_point_2m,1.7377074222600943
Canada,toronto,1-6h,2038,apparent_temperature,1.618150242123517
Canada,toronto,1-6h,2038,precipitation,0.17072264579154334
Canada,toronto,1-6h,2038,rain,0.15850132265571598
Canada,toronto,1-6h,2038,showers,0
Canada,toronto,1-6h,2038,snowfall,0.0905202496877515
Canada,toronto,1-6h,2038,snow_depth,0.06487626934285685
Canada,toronto,1-6h,2038,weather_code,23.288437578082885
Canada,toronto,1-6h,2038,pressure_msl,0.8899008115329613
Canada,toronto,1-6h,2038,surface_pressure,0.8447610296718262
Canada,toronto,1-6h,2038,cloud_cover,37.96568876053515
Canada,toronto,1-6h,2038,wind_speed_10m,4.2160018081495085
Canada,toronto,1-6h,2038,wind_gusts_10m,11.273014840394588
Canada,toronto,13-18h,928,temperature_2m,1.351619399091327
Canada,toronto,13-18h,928,relative_humidity_2m,8.211771407873725
Canada,toronto,13-18h,928,dew_point_2m,1.7705322597339537
Canada,toronto,13-18h,928,apparent_temperature,1.4579005926094668
Canada,toronto,13-18h,928,precipitation,0.2222223180076422
Canada,toronto,13-18h,928,rain,0.21960093115812884
Canada,toronto,13-18h,928,showers,0
Canada,toronto,13-18h,928,snowfall,0.09181479671900235
Canada,toronto,13-18h,928,snow_depth,0.0625051721997799
Canada,toronto,13-18h,928,weather_code,20.58466536710913
Canada,toronto,13-18h,928,pressure_msl,1.3553056659941563
Canada,toronto,13-18h,928,surface_pressure,1.2997844648911638
Canada,toronto,13-18h,928,cloud_cover,34.773032555465285
Canada,toronto,13-18h,928,wind_speed_10m,4.701072878279654
Canada,toronto,13-18h,928,wind_gusts_10m,10.187457425339428
Canada,toronto,19-24h,282,temperature_2m,1.5300071848901895
Canada,toronto,19-24h,282,relative_humidity_2m,8.869023309704689
Canada,toronto,19-24h,282,dew_point_2m,2.019848319563267
Canada,toronto,19-24h,282,apparent_temperature,1.6727689704106763
Canada,toronto,19-24h,282,precipitation,0.1494671386356041
Canada,toronto,19-24h,282,rain,0.12964764031133721
Canada,toronto,19-24h,282,showers,0
Canada,toronto,19-24h,282,snowfall,0.10038931309854232
Canada,toronto,19-24h,282,snow_depth,0.06122276496822575
Canada,toronto,19-24h,282,weather_code,19.63966170932528
Canada,toronto,19-24h,282,pressure_msl,1.8235457627754128
Canada,toronto,19-24h,282,surface_pressure,1.7651873908519395
Canada,toronto,19-24h,282,cloud_cover,39.660348742936534
Canada,toronto,19-24h,282,wind_speed_10m,4.700935473524513
Canada,toronto,19-24h,282,wind_gusts_10m,11.335192796978834
Canada,toronto,7-12h,1478,temperature_2m,1.478314147903532
Canada,toronto,7-12h,1478,relative_humidity_2m,7.604481977323444
Canada,toronto,7-12h,1478,dew_point_2m,1.6312700415869719
Canada,toronto,7-12h,1478,apparent_temperature,1.5368147999560666
Canada,toronto,7-12h,1478,precipitation,0.16492299429129983
Canada,toronto,7-12h,1478,rain,0.18002593408121303
Canada,toronto,7-12h,1478,showers,0
Canada,toronto,7-12h,1478,snowfall,0.08728424007591078
Canada,toronto,7-12h,1478,snow_depth,0.06264793048062112
Canada,toronto,7-12h,1478,weather_code,21.128385180884667
Canada,toronto,7-12h,1478,pressure_msl,1.080344755278195
Canada,toronto,7-12h,1478,surface_pressure,1.0483313630813633
Canada,toronto,7-12h,1478,cloud_cover,35.774042796759176
Canada,toronto,7-12h,1478,wind_speed_10m,4.349427971658978
Canada,toronto,7-12h,1478,wind_gusts_10m,11.749373633723815
Canada,vancouver,0h,372,temperature_2m,1.0159745572972134
Canada,vancouver,0h,372,relative_humidity_2m,9.95284581338153
Canada,vancouver,0h,372,dew_point_2m,2.1571212397569943
Canada,vancouver,0h,372,apparent_temperature,1.4642697912288487
Canada,vancouver,0h,372,precipitation,0.7614361077835482
Canada,vancouver,0h,372,rain,0.7317676345451075
Canada,vancouver,0h,372,showers,0
Canada,vancouver,0h,372,snowfall,0.11816245423736699
Canada,vancouver,0h,372,snow_depth,0.00762000762001143
Canada,vancouver,0h,372,weather_code,23.92562400170511
Canada,vancouver,0h,372,pressure_msl,0.8257938507103179
Canada,vancouver,0h,372,surface_pressure,0.8222379636195323
Canada,vancouver,0h,372,cloud_cover,28.792546825318738
Canada,vancouver,0h,372,wind_speed_10m,4.8540361212774945
Canada,vancouver,0h,372,wind_gusts_10m,8.58202986240084
Canada,vancouver,1-6h,2038,temperature_2m,0.9896867596555425
Canada,vancouver,1-6h,2038,relative_humidity_2m,8.780107322392931
Canada,vancouver,1-6h,2038,dew_point_2m,1.6755910884174294
Canada,vancouver,1-6h,2038,apparent_temperature,1.39596361912041
Canada,vancouver,1-6h,2038,precipitation,0.9246276071870893
Canada,vancouver,1-6h,2038,rain,0.8372755949998397
Canada,vancouver,1-6h,2038,showers,0
Canada,vancouver,1-6h,2038,snowfall,0.19785627360512673
Canada,vancouver,1-6h,2038,snow_depth,0.008882616912759551
Canada,vancouver,1-6h,2038,weather_code,25.316892466512197
Canada,vancouver,1-6h,2038,pressure_msl,0.9091455510387229
Canada,vancouver,1-6h,2038,surface_pressure,0.8989471543205612
Canada,vancouver,1-6h,2038,cloud_cover,24.04138564535691
Canada,vancouver,1-6h,2038,wind_speed_10m,4.9759549411198405
Canada,vancouver,1-6h,2038,wind_gusts_10m,9.296435840292725
Canada,vancouver,13-18h,928,temperature_2m,1.4123149863573832
Canada,vancouver,13-18h,928,relative_humidity_2m,10.183658308865441
Canada,vancouver,13-18h,928,dew_point_2m,1.8530845673614316
Canada,vancouver,13-18h,928,apparent_temperature,1.80064045119584
Canada,vancouver,13-18h,928,precipitation,1.0527780368280801
Canada,vancouver,13-18h,928,rain,0.9228748887822377
Canada,vancouver,13-18h,928,showers,0
Canada,vancouver,13-18h,928,snowfall,0.24906376416630674
Canada,vancouver,13-18h,928,snow_depth,0.01149400143403146
Canada,vancouver,13-18h,928,weather_code,28.556771948837827
Canada,vancouver,13-18h,928,pressure_msl,1.8164241111932384
Canada,vancouver,13-18h,928,surface_pressure,1.7844817174742926
Canada,vancouver,13-18h,928,cloud_cover,24.40247125699108
Canada,vancouver,13-18h,928,wind_speed_10m,5.128554276354813
Canada,vancouver,13-18h,928,wind_gusts_10m,9.907149760617852
Canada,vancouver,19-24h,278,temperature_2m,1.5321025192513726
Canada,vancouver,19-24h,278,relative_humidity_2m,8.73305141690805
Canada,vancouver,19-24h,278,dew_point_2m,1.8975372149221181
Canada,vancouver,19-24h,278,apparent_temperature,1.9355626772847843
Canada,vancouver,19-24h,278,precipitation,1.2416628442153836
Canada,vancouver,19-24h,278,rain,0.9998920805076268
Canada,vancouver,19-24h,278,showers,0
Canada,vancouver,19-24h,278,snowfall,0.36353678329125844
Canada,vancouver,19-24h,278,snow_depth,0.012465780499159987
Canada,vancouver,19-24h,278,weather_code,30.494957715057836
Canada,vancouver,19-24h,278,pressure_msl,2.0960394306796957
Canada,vancouver,19-24h,278,surface_pressure,2.06099438177949
Canada,vancouver,19-24h,278,cloud_cover,23.181486038734203
Canada,vancouver,19-24h,278,wind_speed_10m,5.5543618221897075
Canada,vancouver,19-24h,278,wind_gusts_10m,10.789046537106795
Canada,vancouver,7-12h,1478,temperature_2m,1.0694616910039525
Canada,vancouver,7-12h,1478,relative_humidity_2m,10.115102121762993
Canada,vancouver,7-12h,1478,dew_point_2m,1.7328318902726465
Canada,vancouver,7-12h,1478,apparent_temperature,1.3755943481109552
Canada,vancouver,7-12h,1478,precipitation,1.0176441391989677
Canada,vancouver,7-12h,1478,rain,0.8990433195305008
Canada,vancouver,7-12h,1478,showers,0
Canada,vancouver,7-12h,1478,snowfall,0.24913626163331276
Canada,vancouver,7-12h,1478,snow_depth,0.010417534920963756
Canada,vancouver,7-12h,1478,weather_code,26.033365704519987
Canada,vancouver,7-12h,1478,pressure_msl,1.298396012656905
Canada,vancouver,7-12h,1478,surface_pressure,1.2771543130638279
Canada,vancouver,7-12h,1478,cloud_cover,23.721289890012475
Canada,vancouver,7-12h,1478,wind_speed_10m,4.909086876886303
Canada,vancouver,7-12h,1478,wind_gusts_10m,9.685707841997985
Chile,santiago,0h,372,temperature_2m,1.7781983149558511
Chile,santiago,0h,372,relative_humidity_2m,8.430933824985837
Chile,santiago,0h,372,dew_point_2m,1.8807599699366555
Chile,santiago,0h,372,apparent_temperature,2.0615267335444085
Chile,santiago,0h,372,precipitation,0.03439179697143973
Chile,santiago,0h,372,rain,0.031108550841912757
Chile,santiago,0h,372,showers,0.01796053020267749
Chile,santiago,0h,372,snowfall,0
Chile,santiago,0h,372,snow_depth,0
Chile,santiago,0h,372,weather_code,6.072146880793932
Chile,santiago,0h,372,pressure_msl,0.5765581972695506
Chile,santiago,0h,372,surface_pressure,0.48198737323397634
Chile,santiago,0h,372,cloud_cover,27.411146779037455
Chile,santiago,0h,372,wind_speed_10m,4.951729360123994
Chile,santiago,0h,372,wind_gusts_10m,9.879932414552695
Chile,santiago,1-6h,2038,temperature_2m,1.6338152607264176
Chile,santiago,1-6h,2038,relative_humidity_2m,8.300892038565348
Chile,santiago,1-6h,2038,dew_point_2m,1.89176719516609
Chile,santiago,1-6h,2038,apparent_temperature,1.9746777727473745
Chile,santiago,1-6h,2038,precipitation,0.05398724088714367
Chile,santiago,1-6h,2038,rain,0.03502417502402929
Chile,santiago,1-6h,2038,showers,0.043066919650749595
Chile,santiago,1-6h,2038,snowfall,0
Chile,santiago,1-6h,2038,snow_depth,0
Chile,santiago,1-6h,2038,weather_code,8.689779452227837
Chile,santiago,1-6h,2038,pressure_msl,0.6388086925151945
Chile,santiago,1-6h,2038,surface_pressure,0.5468977546787154
Chile,santiago,1-6h,2038,cloud_cover,29.46085708356319
Chile,santiago,1-6h,2038,wind_speed_10m,4.9413657212722155
Chile,santiago,1-6h,2038,wind_gusts_10m,10.0261919013741
Chile,santiago,13-18h,928,temperature_2m,1.593068228077613
Chile,santiago,13-18h,928,relative_humidity_2m,6.829196953850633
Chile,santiago,13-18h,928,dew_point_2m,2.142614620923022
Chile,santiago,13-18h,928,apparent_temperature,2.0147141921032046
Chile,santiago,13-18h,928,precipitation,0.13056574509841182
Chile,santiago,13-18h,928,rain,0.068386578638875
Chile,santiago,13-18h,928,showers,0.12194543720522065
Chile,santiago,13-18h,928,snowfall,0
Chile,santiago,13-18h,928,snow_depth,0
Chile,santiago,13-18h,928,weather_code,10.968214263859501
Chile,santiago,13-18h,928,pressure_msl,0.7795749283843806
Chile,santiago,13-18h,928,surface_pressure,0.6003411386525305
Chile,santiago,13-18h,928,cloud_cover,35.614192250494355
Chile,santiago,13-18h,928,wind_speed_10m,7.300693755414264
Chile,santiago,13-18h,928,wind_gusts_10m,12.587692401707312
Chile,santiago,19-24h,276,temperature_2m,1.9088277000310419
Chile,santiago,19-24h,276,relative_humidity_2m,7.2855823476869395
Chile,santiago,19-24h,276,dew_point_2m,1.6963302248925645
Chile,santiago,19-24h,276,apparent_temperature,2.3201230602045126
Chile,santiago,19-24h,276,precipitation,0.18137957637131497
Chile,santiago,19-24h,276,rain,0.05516772843673705
Chile,santiago,19-24h,276,showers,0.1841549442134554
Chile,santiago,19-24h,276,snowfall,0
Chile,santiago,19-24h,276,snow_depth,0
Chile,santiago,19-24h,276,weather_code,12.070145226843852
Chile,santiago,19-24h,276,pressure_msl,0.9175818883015967
Chile,santiago,19-24h,276,surface_pressure,0.6499721287224061
Chile,santiago,19-24h,276,cloud_cover,35.25949353093392
Chile,santiago,19-24h,276,wind_speed_10m,6.547739957475757
Chile,santiago,19-24h,276,wind_gusts_10m,11.988058672055192
Chile,santiago,7-12h,1478,temperature_2m,1.5009694656926946
Chile,santiago,7-12h,1478,relative_humidity_2m,7.483947638767294
Chile,santiago,7-12h,1478,dew_point_2m,1.8931648295165793
Chile,santiago,7-12h,1478,apparent_temperature,1.840794674543986
Chile,santiago,7-12h,1478,precipitation,0.11444991104419591
Chile,santiago,7-12h,1478,rain,0.05804668924763614
Chile,santiago,7-12h,1478,showers,0.10345846309474603
Chile,santiago,7-12h,1478,snowfall,0
Chile,santiago,7-12h,1478,snow_depth,0
Chile,santiago,7-12h,1478,weather_code,9.9627859655248
Chile,santiago,7-12h,1478,pressure_msl,0.7490634657878287
Chile,santiago,7-12h,1478,surface_pressure,0.6055226217630908
Chile,santiago,7-12h,1478,cloud_cover,32.12210297168307
Chile,santiago,7-12h,1478,wind_speed_10m,5.651458671442294
Chile,santiago,7-12h,1478,wind_gusts_10m,10.72231684312856
China,beijing,0h,372,temperature_2m,1.2418768314595974
China,beijing,0h,372,relative_humidity_2m,8.326986830626032
China,beijing,0h,372,dew_point_2m,2.329913007744262
China,beijing,0h,372,apparent_temperature,1.2329918155463568
China,beijing,0h,372,precipitation,0.026437184630417738
China,beijing,0h,372,rain,0
China,beijing,0h,372,showers,0
China,beijing,0h,372,snowfall,0.018506029241292417
China,beijing,0h,372,snow_depth,0.004147806778921701
China,beijing,0h,372,weather_code,3.1792336941030976
China,beijing,0h,372,pressure_msl,0.7379133614674998
China,beijing,0h,372,surface_pressure,0.7400232486902961
China,beijing,0h,372,cloud_cover,24.987093442609076
China,beijing,0h,372,wind_speed_10m,3.3826248000087755
China,beijing,0h,372,wind_gusts_10m,7.912437466840839
China,beijing,1-6h,2038,temperature_2m,1.2631758968639548
China,beijing,1-6h,2038,relative_humidity_2m,8.32055284265765
China,beijing,1-6h,2038,dew_point_2m,2.405171072936044
China,beijing,1-6h,2038,apparent_temperature,1.2786462419185856
China,beijing,1-6h,2038,precipitation,0.026209692638864517
China,beijing,1-6h,2038,rain,0.004430246649772606
China,beijing,1-6h,2038,showers,0
China,beijing,1-6h,2038,snowfall,0.017814880593463766
China,beijing,1-6h,2038,snow_depth,0.0038238957368731874
China,beijing,1-6h,2038,weather_code,6.432635754322792
China,beijing,1-6h,2038,pressure_msl,0.906659474850728
China,beijing,1-6h,2038,surface_pressure,0.9012040795148719
China,beijing,1-6h,2038,cloud_cover,22.629672132931237
China,beijing,1-6h,2038,wind_speed_10m,3.4469383095029618
China,beijing,1-6h,2038,wind_gusts_10m,7.931427779052632
China,beijing,13-18h,928,temperature_2m,1.444631858605005
China,beijing,13-18h,928,relative_humidity_2m,9.610294408637523
China,beijing,13-18h,928,dew_point_2m,2.370649372698515
China,beijing,13-18h,928,apparent_temperature,1.3460750734815186
China,beijing,13-18h,928,precipitation,0.03504922646595883
China,beijing,13-18h,928,rain,0.004642383454426297
China,beijing,13-18h,928,showers,0
China,beijing,13-18h,928,snowfall,0.023880088372735458
China,beijing,13-18h,928,snow_depth,0.003347670317059931
China,beijing,13-18h,928,weather_code,4.553560562142931
China,beijing,13-18h,928,pressure_msl,0.7531972082282028
China,beijing,13-18h,928,surface_pressure,0.7534403850293052
China,beijing,13-18h,928,cloud_cover,27.64261608708429
China,beijing,13-18h,928,wind_speed_10m,4.026413330787691
China,beijing,13-18h,928,wind_gusts_10m,9.770525477345027
China,beijing,19-24h,276,temperature_2m,1.3198045529437359
China,beijing,19-24h,276,relative_humidity_2m,9.820490261973037
China,beijing,19-24h,276,dew_point_2m,2.2238985223434002
China,beijing,19-24h,276,apparent_temperature,1.2132122889136157
China,beijing,19-24h,276,precipitation,0
China,beijing,19-24h,276,rain,0
China,beijing,19-24h,276,showers,0
China,beijing,19-24h,276,snowfall,0
China,beijing,19-24h,276,snow_depth,0.003296902366978935
China,beijing,19-24h,276,weather_code,1.1357178665776848
China,beijing,19-24h,276,pressure_msl,0.754983443527064
China,beijing,19-24h,276,surface_pressure,0.7493475422862399
China,beijing,19-24h,276,cloud_cover,35.51025571394221
China,beijing,19-24h,276,wind_speed_10m,4.401127984532134
China,beijing,19-24h,276,wind_gusts_10m,10.591625759621799
China,beijing,7-12h,1478,temperature_2m,1.4010869548101241
China,beijing,7-12h,1478,relative_humidity_2m,9.346581872151345
China,beijing,7-12h,1478,dew_point_2m,2.404315020371787
China,beijing,7-12h,1478,apparent_temperature,1.3410102628368767
China,beijing,7-12h,1478,precipitation,0.021131715289323113
China,beijing,7-12h,1478,rain,0.005202268683827087
China,beijing,7-12h,1478,showers,0
China,beijing,7-12h,1478,snowfall,0.013866754276118927
China,beijing,7-12h,1478,snow_depth,0.0036042374700051946
China,beijing,7-12h,1478,weather_code,5.953586835773547
China,beijing,7-12h,1478,pressure_msl,0.911600178246858
China,beijing,7-12h,1478,surface_pressure,0.9094973258104155
China,beijing,7-12h,1478,cloud_cover,25.43829595743123
China,beijing,7-12h,1478,wind_speed_10m,3.8240744411594676
China,beijing,7-12h,1478,wind_gusts_10m,8.942078690806996
China,chongqing,0h,372,temperature_2m,0.8460534567111603
China,chongqing,0h,372,relative_humidity_2m,6.606041548933564
China,chongqing,0h,372,dew_point_2m,1.164968041464833
China,chongqing,0h,372,apparent_temperature,1.0465252284409778
China,chongqing,0h,372,precipitation,0.12572371141874242
China,chongqing,0h,372,rain,0.12572371141874242
China,chongqing,0h,372,showers,0
China,chongqing,0h,372,snowfall,0
China,chongqing,0h,372,snow_depth,0
China,chongqing,0h,372,weather_code,23.419273378809127
China,chongqing,0h,372,pressure_msl,0.5986094998689302
China,chongqing,0h,372,surface_pressure,0.5477225575051673
China,chongqing,0h,372,cloud_cover,27.719408207929863
China,chongqing,0h,372,wind_speed_10m,2.6146300546311796
China,chongqing,0h,372,wind_gusts_10m,4.8738274024002015
China,chongqing,1-6h,2038,temperature_2m,0.9009644815729071
China,chongqing,1-6h,2038,relative_humidity_2m,6.583650609531217
China,chongqing,1-6h,2038,dew_point_2m,1.1469163332886487
China,chongqing,1-6h,2038,apparent_temperature,1.11246836741479
China,chongqing,1-6h,2038,precipitation,0.16779467802789452
China,chongqing,1-6h,2038,rain,0.16717945321724695
China,chongqing,1-6h,2038,showers,0
China,chongqing,1-6h,2038,snowfall,0
China,chongqing,1-6h,2038,snow_depth,0
China,chongqing,1-6h,2038,weather_code,23.134266967968543
China,chongqing,1-6h,2038,pressure_msl,0.6228239842903139
China,chongqing,1-6h,2038,surface_pressure,0.5897721653874071
China,chongqing,1-6h,2038,cloud_cover,27.473584422506804
China,chongqing,1-6h,2038,wind_speed_10m,2.5852985128206263
China,chongqing,1-6h,2038,wind_gusts_10m,4.619628939722995
China,chongqing,13-18h,928,temperature_2m,0.7919993251477445
China,chongqing,13-18h,928,relative_humidity_2m,5.413106699293026
China,chongqing,13-18h,928,dew_point_2m,0.9985873642991538
China,chongqing,13-18h,928,apparent_temperature,1.0029912159686867
China,chongqing,13-18h,928,precipitation,0.2358495283014151
China,chongqing,13-18h,928,rain,0.23562096973595187
China,chongqing,13-18h,928,showers,0.004642383454426297
China,chongqing,13-18h,928,snowfall,0
China,chongqing,13-18h,928,snow_depth,0
China,chongqing,13-18h,928,weather_code,24.76379796507742
China,chongqing,13-18h,928,pressure_msl,0.7860584781264567
China,chongqing,13-18h,928,surface_pressure,0.7738868535315525
China,chongqing,13-18h,928,cloud_cover,23.4840830174911
China,chongqing,13-18h,928,wind_speed_10m,1.9941941592602226
China,chongqing,13-18h,928,wind_gusts_10m,3.8889709214117567
China,chongqing,19-24h,276,temperature_2m,0.8223772539571403
China,chongqing,19-24h,276,relative_humidity_2m,5.270233611410464
China,chongqing,19-24h,276,dew_point_2m,1.0437182694994642
China,chongqing,19-24h,276,apparent_temperature,1.1081385357854647
China,chongqing,19-24h,276,precipitation,0.19299320405546463
China,chongqing,19-24h,276,rain,0.19318084941243566
China,chongqing,19-24h,276,showers,0
China,chongqing,19-24h,276,snowfall,0
China,chongqing,19-24h,276,snow_depth,0
China,chongqing,19-24h,276,weather_code,28.262486018431375
China,chongqing,19-24h,276,pressure_msl,0.8472461784844627
China,chongqing,19-24h,276,surface_pressure,0.8233459483866007
China,chongqing,19-24h,276,cloud_cover,25.21257450248741
China,chongqing,19-24h,276,wind_speed_10m,2.232922306974765
China,chongqing,19-24h,276,wind_gusts_10m,4.369625062680527
China,chongqing,7-12h,1478,temperature_2m,0.8549466031170169
China,chongqing,7-12h,1478,relative_humidity_2m,5.927733492426892
China,chongqing,7-12h,1478,dew_point_2m,1.0486346558298114
China,chongqing,7-12h,1478,apparent_temperature,1.0408308329087026
China,chongqing,7-12h,1478,precipitation,0.19499835188922202
China,chongqing,7-12h,1478,rain,0.19496365158609308
China,chongqing,7-12h,1478,showers,0.0036785594638885488
China,chongqing,7-12h,1478,snowfall,0
China,chongqing,7-12h,1478,snow_depth,0
China,chongqing,7-12h,1478,weather_code,22.65007087007645
China,chongqing,7-12h,1478,pressure_msl,0.7399027109362936
China,chongqing,7-12h,1478,surface_pressure,0.723685874482552
China,chongqing,7-12h,1478,cloud_cover,26.746846082708977
China,chongqing,7-12h,1478,wind_speed_10m,2.1159328566513076
China,chongqing,7-12h,1478,wind_gusts_10m,4.004486658297382
China,guangzhou,0h,372,temperature_2m,1.0149156435097748
China,guangzhou,0h,372,relative_humidity_2m,8.434440405043867
China,guangzhou,0h,372,dew_point_2m,1.630571507435419
China,guangzhou,0h,372,apparent_temperature,1.1585586150541236
China,guangzhou,0h,372,precipitation,0.08675760324277122
China,guangzhou,0h,372,rain,0.08675760324277122
China,guangzhou,0h,372,showers,0
China,guangzhou,0h,372,snowfall,0
China,guangzhou,0h,372,snow_depth,0
China,guangzhou,0h,372,weather_code,11.412829980861146
China,guangzhou,0h,372,pressure_msl,0.4201254292994962
China,guangzhou,0h,372,surface_pressure,0.4167849294532547
China,guangzhou,0h,372,cloud_cover,36.200086140217124
China,guangzhou,0h,372,wind_speed_10m,3.315295280318018
China,guangzhou,0h,372,wind_gusts_10m,6.7860467215844364
China,guangzhou,1-6h,2038,temperature_2m,1.1166550710025376
China,guangzhou,1-6h,2038,relative_humidity_2m,8.838980487304848
China,guangzhou,1-6h,2038,dew_point_2m,1.6962060070785803
China,guangzhou,1-6h,2038,apparent_temperature,1.2917910974497546
China,guangzhou,1-6h,2038,precipitation,0.10950867164681011
China,guangzhou,1-6h,2038,rain,0.10347258126480449
China,guangzhou,1-6h,2038,showers,0.02583255509712362
China,guangzhou,1-6h,2038,snowfall,0
China,guangzhou,1-6h,2038,snow_depth,0
China,guangzhou,1-6h,2038,weather_code,11.278915516600797
China,guangzhou,1-6h,2038,pressure_msl,0.4080880045171794
China,guangzhou,1-6h,2038,surface_pressure,0.40431917356448915
China,guangzhou,1-6h,2038,cloud_cover,36.01808236309672
China,guangzhou,1-6h,2038,wind_speed_10m,3.767147904795419
China,guangzhou,1-6h,2038,wind_gusts_10m,7.706993115682766
China,guangzhou,13-18h,928,temperature_2m,1.026103275033504
China,guangzhou,13-18h,928,relative_humidity_2m,10.357094020608491
China,guangzhou,13-18h,928,dew_point_2m,1.9522698990202891
China,guangzhou,13-18h,928,apparent_temperature,1.195772005716463
China,guangzhou,13-18h,928,precipitation,0.07614074988535015
China,guangzhou,13-18h,928,rain,0.07768193328323318
China,guangzhou,13-18h,928,showers,0.004642383454426297
China,guangzhou,13-18h,928,snowfall,0
China,guangzhou,13-18h,928,snow_depth,0
China,guangzhou,13-18h,928,weather_code,12.735539467067792
China,guangzhou,13-18h,928,pressure_msl,0.505955906488247
China,guangzhou,13-18h,928,surface_pressure,0.5025795528038844
China,guangzhou,13-18h,928,cloud_cover,39.70464773454284
China,guangzhou,13-18h,928,wind_speed_10m,4.419551486839766
China,guangzhou,13-18h,928,wind_gusts_10m,9.353684964429425
China,guangzhou,19-24h,276,temperature_2m,0.970096364554439
China,guangzhou,19-24h,276,relative_humidity_2m,10.265673770922906
China,guangzhou,19-24h,276,dew_point_2m,1.9657391573610699
China,guangzhou,19-24h,276,apparent_temperature,1.2128239892851342
China,guangzhou,19-24h,276,precipitation,0.13987572123604705
China,guangzhou,19-24h,276,rain,0.12423680054112651
China,guangzhou,19-24h,276,showers,0.017025130615174973
China,guangzhou,19-24h,276,snowfall,0
China,guangzhou,19-24h,276,snow_depth,0
China,guangzhou,19-24h,276,weather_code,11.648536637582485
China,guangzhou,19-24h,276,pressure_msl,0.5037540232514562
China,guangzhou,19-24h,276,surface_pressure,0.49548687810759384
China,guangzhou,19-24h,276,cloud_cover,42.81075647036872
China,guangzhou,19-24h,276,wind_speed_10m,4.908326259191281
China,guangzhou,19-24h,276,wind_gusts_10m,10.441305931980798
China,guangzhou,7-12h,1478,temperature_2m,1.1367284443335484
China,guangzhou,7-12h,1478,relative_humidity_2m,10.400179555023332
China,guangzhou,7-12h,1478,dew_point_2m,2.005068003733052
China,guangzhou,7-12h,1478,apparent_temperature,1.288436129188656
China,guangzhou,7-12h,1478,precipitation,0.1746831657307476
China,guangzhou,7-12h,1478,rain,0.1695732125805798
China,guangzhou,7-12h,1478,showers,0.038405288314250115
China,guangzhou,7-12h,1478,snowfall,0
China,guangzhou,7-12h,1478,snow_depth,0
China,guangzhou,7-12h,1478,weather_code,12.503152511803716
China,guangzhou,7-12h,1478,pressure_msl,0.4491158055177984
China,guangzhou,7-12h,1478,surface_pressure,0.44739510680912953
China,guangzhou,7-12h,1478,cloud_cover,37.84347436609685
China,guangzhou,7-12h,1478,wind_speed_10m,4.007140109087348
China,guangzhou,7-12h,1478,wind_gusts_10m,8.374653265700237
China,hong_kong,0h,372,temperature_2m,1.0990465075721099
China,hong_kong,0h,372,relative_humidity_2m,7.130126904720515
China,hong_kong,0h,372,dew_point_2m,1.4797740309911167
China,hong_kong,0h,372,apparent_temperature,1.330696317035575
China,hong_kong,0h,372,precipitation,0.06639730529575454
China,hong_kong,0h,372,rain,0.06307530914435468
China,hong_kong,0h,372,showers,0.023186944788008413
China,hong_kong,0h,372,snowfall,0
China,hong_kong,0h,372,snow_depth,0
China,hong_kong,0h,372,weather_code,12.725387376067093
China,hong_kong,0h,372,pressure_msl,0.46304276492623914
China,hong_kong,0h,372,surface_pressure,0.46304276492623914
China,hong_kong,0h,372,cloud_cover,35.173150806181816
China,hong_kong,0h,372,wind_speed_10m,3.2702060044939
China,hong_kong,0h,372,wind_gusts_10m,7.65630318721925
China,hong_kong,1-6h,2038,temperature_2m,1.1971834791000204
China,hong_kong,1-6h,2038,relative_humidity_2m,7.174606293459124
China,hong_kong,1-6h,2038,dew_point_2m,1.5581058428322854
China,hong_kong,1-6h,2038,apparent_temperature,1.5741065974006883
China,hong_kong,1-6h,2038,precipitation,0.07912673527654875
China,hong_kong,1-6h,2038,rain,0.06578580641604706
China,hong_kong,1-6h,2038,showers,0.04419157153907551
China,hong_kong,1-6h,2038,snowfall,0
China,hong_kong,1-6h,2038,snow_depth,0
China,hong_kong,1-6h,2038,weather_code,12.685908976318824
China,hong_kong,1-6h,2038,pressure_msl,0.41351078318658147
China,hong_kong,1-6h,2038,surface_pressure,0.41351078318658147
China,hong_kong,1-6h,2038,cloud_cover,38.47121452981971
China,hong_kong,1-6h,2038,wind_speed_10m,3.592966905975988
China,hong_kong,1-6h,2038,wind_gusts_10m,7.934106077824442
China,hong_kong,13-18h,928,temperature_2m,1.3187719601047865
China,hong_kong,13-18h,928,relative_humidity_2m,8.36170457791208
China,hong_kong,13-18h,928,dew_point_2m,1.657759965570491
China,hong_kong,13-18h,928,apparent_temperature,1.880812828686503
China,hong_kong,13-18h,928,precipitation,0.10265862410654195
China,hong_kong,13-18h,928,rain,0.09581771486921727
China,hong_kong,13-18h,928,showers,0.057046562953674836
China,hong_kong,13-18h,928,snowfall,0
China,hong_kong,13-18h,928,snow_depth,0
China,hong_kong,13-18h,928,weather_code,13.027490826762431
China,hong_kong,13-18h,928,pressure_msl,0.5044628416649618
China,hong_kong,13-18h,928,surface_pressure,0.5044628416649618
China,hong_kong,13-18h,928,cloud_cover,43.34952173303367
China,hong_kong,13-18h,928,wind_speed_10m,4.177270701934623
China,hong_kong,13-18h,928,wind_gusts_10m,7.721486758301195
China,hong_kong,19-24h,276,temperature_2m,1.5386800290781892
China,hong_kong,19-24h,276,relative_humidity_2m,8.850612031567836
China,hong_kong,19-24h,276,dew_point_2m,1.7217491948176054
China,hong_kong,19-24h,276,apparent_temperature,2.1795658389635335
China,hong_kong,19-24h,276,precipitation,0.16418441381303658
China,hong_kong,19-24h,276,rain,0.10934588121703732
China,hong_kong,19-24h,276,showers,0.1276884796138123
China,hong_kong,19-24h,276,snowfall,0
China,hong_kong,19-24h,276,snow_depth,0
China,hong_kong,19-24h,276,weather_code,14.469608329785272
China,hong_kong,19-24h,276,pressure_msl,0.532698898010896
China,hong_kong,19-24h,276,surface_pressure,0.532698898010896
China,hong_kong,19-24h,276,cloud_cover,45.83310935386643
China,hong_kong,19-24h,276,wind_speed_10m,4.821194151190995
China,hong_kong,19-24h,276,wind_gusts_10m,9.09484644642547
China,hong_kong,7-12h,1478,temperature_2m,1.1303357902175883
China,hong_kong,7-12h,1478,relative_humidity_2m,7.527217191420746
China,hong_kong,7-12h,1478,dew_point_2m,1.60282227405886
China,hong_kong,7-12h,1478,apparent_temperature,1.6431059074216912
China,hong_kong,7-12h,1478,precipitation,0.09100253531836776
China,hong_kong,7-12h,1478,rain,0.07751205764161868
China,hong_kong,7-12h,1478,showers,0.05202268683827087
China,hong_kong,7-12h,1478,snowfall,0
China,hong_kong,7-12h,1478,snow_depth,0
China,hong_kong,7-12h,1478,weather_code,11.697587736936569
China,hong_kong,7-12h,1478,pressure_msl,0.4832372791182776
China,hong_kong,7-12h,1478,surface_pressure,0.4832372791182776
China,hong_kong,7-12h,1478,cloud_cover,39.24526466181855
China,hong_kong,7-12h,1478,wind_speed_10m,3.827266678720023
China,hong_kong,7-12h,1478,wind_gusts_10m,7.412655126312763
China,macau,0h,372,temperature_2m,1.5249008428895177
China,macau,0h,372,relative_humidity_2m,7.7895711919744794
China,macau,0h,372,dew_point_2m,1.784250090961683
China,macau,0h,372,apparent_temperature,1.447931412859078
China,macau,0h,372,precipitation,0.1138287716147013
China,macau,0h,372,rain,0.09727469142278401
China,macau,0h,372,showers,0.059115341967326714
China,macau,0h,372,snowfall,0
China,macau,0h,372,snow_depth,0
China,macau,0h,372,weather_code,14.357568907939692
China,macau,0h,372,pressure_msl,0.42184948648458626
China,macau,0h,372,surface_pressure,0.4185227476763704
China,macau,0h,372,cloud_cover,37.761347365245186
China,macau,0h,372,wind_speed_10m,4.682230191894934
China,macau,0h,372,wind_gusts_10m,11.890748188113239
China,macau,1-6h,2038,temperature_2m,1.5249221734030272
China,macau,1-6h,2038,relative_humidity_2m,7.6986929036002625
China,macau,1-6h,2038,dew_point_2m,1.8201413742285533
China,macau,1-6h,2038,apparent_temperature,1.4440293642133808
China,macau,1-6h,2038,precipitation,0.16334938803420165
China,macau,1-6h,2038,rain,0.16077584222323568
China,macau,1-6h,2038,showers,0.027843668444081593
China,macau,1-6h,2038,snowfall,0
China,macau,1-6h,2038,snow_depth,0
China,macau,1-6h,2038,weather_code,13.142160728597505
China,macau,1-6h,2038,pressure_msl,0.3864612609079081
China,macau,1-6h,2038,surface_pressure,0.3858513394216291
China,macau,1-6h,2038,cloud_cover,39.838400261894165
China,macau,1-6h,2038,wind_speed_10m,5.303415123533333
China,macau,1-6h,2038,wind_gusts_10m,12.367625676237019
China,macau,13-18h,928,temperature_2m,1.9069518916955872
China,macau,13-18h,928,relative_humidity_2m,7.476399649840686
China,macau,13-18h,928,dew_point_2m,1.9879486047613035
China,macau,13-18h,928,apparent_temperature,1.800520758003084
China,macau,13-18h,928,precipitation,0.23239754880302668
China,macau,13-18h,928,rain,0.22936381279680904
China,macau,13-18h,928,showers,0.035355339059327376
China,macau,13-18h,928,snowfall,0
China,macau,13-18h,928,snow_depth,0
China,macau,13-18h,928,weather_code,16.895597263682387
China,macau,13-18h,928,pressure_msl,0.42061633759077527
China,macau,13-18h,928,surface_pressure,0.41701422286172257
China,macau,13-18h,928,cloud_cover,43.79529674795433
China,macau,13-18h,928,wind_speed_10m,6.749303923240964
China,macau,13-18h,928,wind_gusts_10m,14.661770750892408
China,macau,19-24h,276,temperature_2m,1.9907576301571686
China,macau,19-24h,276,relative_humidity_2m,6.539733629287127
China,macau,19-24h,276,dew_point_2m,2.1789174283162476
China,macau,19-24h,276,apparent_temperature,1.8449107436875944
China,macau,19-24h,276,precipitation,0.38334908600273254
China,macau,19-24h,276,rain,0.3945277859835014
China,macau,19-24h,276,showers,0.034050261230349946
China,macau,19-24h,276,snowfall,0
China,macau,19-24h,276,snow_depth,0
China,macau,19-24h,276,weather_code,18.85201715267196
China,macau,19-24h,276,pressure_msl,0.4605447310255081
China,macau,19-24h,276,surface_pressure,0.45124626137598034
China,macau,19-24h,276,cloud_cover,43.42342919321954
China,macau,19-24h,276,wind_speed_10m,7.461004905701279
China,macau,19-24h,276,wind_gusts_10m,16.065587942619125
China,macau,7-12h,1478,temperature_2m,1.7034590296700847
China,macau,7-12h,1478,relative_humidity_2m,7.850256195021252
China,macau,7-12h,1478,dew_point_2m,1.8023852786871475
China,macau,7-12h,1478,apparent_temperature,1.5674203313929134
China,macau,7-12h,1478,precipitation,0.18433217060630794
China,macau,7-12h,1478,rain,0.18462557655500478
China,macau,7-12h,1478,showers,0.0073571189277770975
China,macau,7-12h,1478,snowfall,0
China,macau,7-12h,1478,snow_depth,0
China,macau,7-12h,1478,weather_code,13.653849452496827
China,macau,7-12h,1478,pressure_msl,0.37667083795056516
China,macau,7-12h,1478,surface_pressure,0.3764732000625807
China,macau,7-12h,1478,cloud_cover,41.27643697056609
China,macau,7-12h,1478,wind_speed_10m,6.161535492156935
China,macau,7-12h,1478,wind_gusts_10m,13.545929987090425
China,shanghai,0h,372,temperature_2m,1.212745928944741
China,shanghai,0h,372,relative_humidity_2m,7.352126457077586
China,shanghai,0h,372,dew_point_2m,1.8945734617983379
China,shanghai,0h,372,apparent_temperature,1.1284683691690494
China,shanghai,0h,372,precipitation,0.04751909633114915
China,shanghai,0h,372,rain,0.04751909633114915
China,shanghai,0h,372,showers,0
China,shanghai,0h,372,snowfall,0
China,shanghai,0h,372,snow_depth,0
China,shanghai,0h,372,weather_code,8.130984148662845
China,shanghai,0h,372,pressure_msl,0.42804883652641434
China,shanghai,0h,372,surface_pressure,0.42804883652640624
China,shanghai,0h,372,cloud_cover,23.835344677893342
China,shanghai,0h,372,wind_speed_10m,2.26981122799952
China,shanghai,0h,372,wind_gusts_10m,4.218252708643532
China,shanghai,1-6h,2038,temperature_2m,1.2868322320049304
China,shanghai,1-6h,2038,relative_humidity_2m,9.03960319415364
China,shanghai,1-6h,2038,dew_point_2m,2.1006424551168745
China,shanghai,1-6h,2038,apparent_temperature,1.1224535021875564
China,shanghai,1-6h,2038,precipitation,0.05960287286184847
China,shanghai,1-6h,2038,rain,0.05968514049639645
China,shanghai,1-6h,2038,showers,0
China,shanghai,1-6h,2038,snowfall,0
China,shanghai,1-6h,2038,snow_depth,0
China,shanghai,1-6h,2038,weather_code,10.075086111642753
China,shanghai,1-6h,2038,pressure_msl,0.526342388667255
China,shanghai,1-6h,2038,surface_pressure,0.5263423886672485
China,shanghai,1-6h,2038,cloud_cover,28.68903699960442
China,shanghai,1-6h,2038,wind_speed_10m,2.4146632531481536
China,shanghai,1-6h,2038,wind_gusts_10m,4.460184781220396
China,shanghai,13-18h,928,temperature_2m,1.5890316396233708
China,shanghai,13-18h,928,relative_humidity_2m,9.616011252790479
China,shanghai,13-18h,928,dew_point_2m,1.7546489972208903
China,shanghai,13-18h,928,apparent_temperature,1.491397747543998
China,shanghai,13-18h,928,precipitation,0.06532412555335392
China,shanghai,13-18h,928,rain,0.06581714481595308
China,shanghai,13-18h,928,showers,0.004642383454426297
China,shanghai,13-18h,928,snowfall,0
China,shanghai,13-18h,928,snow_depth,0
China,shanghai,13-18h,928,weather_code,11.88468298505149
China,shanghai,13-18h,928,pressure_msl,0.531811316034242
China,shanghai,13-18h,928,surface_pressure,0.531811316034242
China,shanghai,13-18h,928,cloud_cover,31.809169682059746
China,shanghai,13-18h,928,wind_speed_10m,2.5891392858205426
China,shanghai,13-18h,928,wind_gusts_10m,4.598083371324967
China,shanghai,19-24h,276,temperature_2m,1.370681624572982
China,shanghai,19-24h,276,relative_humidity_2m,11.885931276885316
China,shanghai,19-24h,276,dew_point_2m,2.2629818727779814
China,shanghai,19-24h,276,apparent_temperature,1.2873971043729382
China,shanghai,19-24h,276,precipitation,0.04890096469218258
China,shanghai,19-24h,276,rain,0.04890096469218258
China,shanghai,19-24h,276,showers,0
China,shanghai,19-24h,276,snowfall,0
China,shanghai,19-24h,276,snow_depth,0
China,shanghai,19-24h,276,weather_code,12.566633990654477
China,shanghai,19-24h,276,pressure_msl,0.46524109380225354
China,shanghai,19-24h,276,surface_pressure,0.4652410938022613
China,shanghai,19-24h,276,cloud_cover,34.11255878216506
China,shanghai,19-24h,276,wind_speed_10m,2.489674328274597
China,shanghai,19-24h,276,wind_gusts_10m,4.405439654645679
China,shanghai,7-12h,1478,temperature_2m,1.6095368684773337
China,shanghai,7-12h,1478,relative_humidity_2m,10.739314795336915
China,shanghai,7-12h,1478,dew_point_2m,1.8913877887025297
China,shanghai,7-12h,1478,apparent_temperature,1.4085808941335238
China,shanghai,7-12h,1478,precipitation,0.058163132071278635
China,shanghai,7-12h,1478,rain,0.05931498908062482
China,shanghai,7-12h,1478,showers,0.005202268683827087
China,shanghai,7-12h,1478,snowfall,0
China,shanghai,7-12h,1478,snow_depth,0
China,shanghai,7-12h,1478,weather_code,10.539891359886676
China,shanghai,7-12h,1478,pressure_msl,0.5849603574229907
China,shanghai,7-12h,1478,surface_pressure,0.5848562503375164
China,shanghai,7-12h,1478,cloud_cover,31.845895001032385
China,shanghai,7-12h,1478,wind_speed_10m,2.6898093659028164
China,shanghai,7-12h,1478,wind_gusts_10m,4.8119593346890355
China,shenzhen,0h,372,temperature_2m,1.334549176829518
China,shenzhen,0h,372,relative_humidity_2m,8.701130812679168
China,shenzhen,0h,372,dew_point_2m,1.989502017985881
China,shenzhen,0h,372,apparent_temperature,1.6857722138501532
China,shenzhen,0h,372,precipitation,0.21862227453928657
China,shenzhen,0h,372,rain,0.211751528158404
China,shenzhen,0h,372,showers,0.036661778755338326
China,shenzhen,0h,372,snowfall,0
China,shenzhen,0h,372,snow_depth,0
China,shenzhen,0h,372,weather_code,12.496881331386351
China,shenzhen,0h,372,pressure_msl,0.4511037836860963
China,shenzhen,0h,372,surface_pressure,0.45020903149871927
China,shenzhen,0h,372,cloud_cover,35.7782146726369
China,shenzhen,0h,372,wind_speed_10m,3.71889248168357
China,shenzhen,0h,372,wind_gusts_10m,9.680139850584894
China,shenzhen,1-6h,2038,temperature_2m,1.4110561610707704
China,shenzhen,1-6h,2038,relative_humidity_2m,8.680061865799798
China,shenzhen,1-6h,2038,dew_point_2m,2.0271610066323293
China,shenzhen,1-6h,2038,apparent_temperature,1.9829127770662038
China,shenzhen,1-6h,2038,precipitation,0.250827873607792
China,shenzhen,1-6h,2038,rain,0.24662590615316246
China,shenzhen,1-6h,2038,showers,0.04352026813979625
China,shenzhen,1-6h,2038,snowfall,0
China,shenzhen,1-6h,2038,snow_depth,0
China,shenzhen,1-6h,2038,weather_code,12.00989124568044
China,shenzhen,1-6h,2038,pressure_msl,0.4076910258051788
China,shenzhen,1-6h,2038,surface_pressure,0.4064253320595864
China,shenzhen,1-6h,2038,cloud_cover,39.327204936104465
China,shenzhen,1-6h,2038,wind_speed_10m,4.194201333777744
China,shenzhen,1-6h,2038,wind_gusts_10m,10.515600822002222
China,shenzhen,13-18h,928,temperature_2m,1.4664862415146362
China,shenzhen,13-18h,928,relative_humidity_2m,9.299263040878468
China,shenzhen,13-18h,928,dew_point_2m,1.686316634889026
China,shenzhen,13-18h,928,apparent_temperature,2.179864753792672
China,shenzhen,13-18h,928,precipitation,0.3637389647573636
China,shenzhen,13-18h,928,rain,0.3574936700669412
China,shenzhen,13-18h,928,showers,0.0693255687517861
China,shenzhen,13-18h,928,snowfall,0
China,shenzhen,13-18h,928,snow_depth,0
China,shenzhen,13-18h,928,weather_code,15.000862044194845
China,shenzhen,13-18h,928,pressure_msl,0.46109408868547824
China,shenzhen,13-18h,928,surface_pressure,0.45905637847729286
China,shenzhen,13-18h,928,cloud_cover,42.10984711605981
China,shenzhen,13-18h,928,wind_speed_10m,5.206763671517509
China,shenzhen,13-18h,928,wind_gusts_10m,11.935029758858064
China,shenzhen,19-24h,276,temperature_2m,1.5777667210608026
China,shenzhen,19-24h,276,relative_humidity_2m,8.777854216018921
China,shenzhen,19-24h,276,dew_point_2m,1.5934421768656974
China,shenzhen,19-24h,276,apparent_temperature,2.3639502679974504
China,shenzhen,19-24h,276,precipitation,0.6288360538397076
China,shenzhen,19-24h,276,rain,0.6333714710103819
China,shenzhen,19-24h,276,showers,0.08805466023105078
China,shenzhen,19-24h,276,snowfall,0
China,shenzhen,19-24h,276,snow_depth,0
China,shenzhen,19-24h,276,weather_code,14.065838975580395
China,shenzhen,19-24h,276,pressure_msl,0.49416889678603554
China,shenzhen,19-24h,276,surface_pressure,0.4892318735394796
China,shenzhen,19-24h,276,cloud_cover,42.448178124472626
China,shenzhen,19-24h,276,wind_speed_10m,5.507675803242525
China,shenzhen,19-24h,276,wind_gusts_10m,12.428604804695672
China,shenzhen,7-12h,1478,temperature_2m,1.4307752187739504
China,shenzhen,7-12h,1478,relative_humidity_2m,8.384372343476047
China,shenzhen,7-12h,1478,dew_point_2m,1.75087837998203
China,shenzhen,7-12h,1478,apparent_temperature,2.171537497140793
China,shenzhen,7-12h,1478,precipitation,0.2858408766532524
China,shenzhen,7-12h,1478,rain,0.2833684872988632
China,shenzhen,7-12h,1478,showers,0.038228711340709785
China,shenzhen,7-12h,1478,snowfall,0
China,shenzhen,7-12h,1478,snow_depth,0
China,shenzhen,7-12h,1478,weather_code,11.909446336555774
China,shenzhen,7-12h,1478,pressure_msl,0.4431557395230937
China,shenzhen,7-12h,1478,surface_pressure,0.4416876234379235
China,shenzhen,7-12h,1478,cloud_cover,40.619659011873374
China,shenzhen,7-12h,1478,wind_speed_10m,4.813279443232735
China,shenzhen,7-12h,1478,wind_gusts_10m,11.170573172705414
Colombia,bogota,0h,372,temperature_2m,1.8147247191934135
Colombia,bogota,0h,372,relative_humidity_2m,14.371230220983731
Colombia,bogota,0h,372,dew_point_2m,1.950434194836395
Colombia,bogota,0h,372,apparent_temperature,1.9062150754777107
Colombia,bogota,0h,372,precipitation,1.0968919924088938
Colombia,bogota,0h,372,rain,0.6852517000877256
Colombia,bogota,0h,372,showers,0.9374811826068487
Colombia,bogota,0h,372,snowfall,0
Colombia,bogota,0h,372,snow_depth,0
Colombia,bogota,0h,372,weather_code,38.52879107804297
Colombia,bogota,0h,372,pressure_msl,1.2596082340258812
Colombia,bogota,0h,372,surface_pressure,0.8637564869899428
Colombia,bogota,0h,372,cloud_cover,26.921430884338506
Colombia,bogota,0h,372,wind_speed_10m,3.081151509363977
Colombia,bogota,0h,372,wind_gusts_10m,9.925499364485828
Colombia,bogota,1-6h,2038,temperature_2m,1.9355564581659177
Colombia,bogota,1-6h,2038,relative_humidity_2m,14.414684204191747
Colombia,bogota,1-6h,2038,dew_point_2m,1.9002737264733796
Colombia,bogota,1-6h,2038,apparent_temperature,2.178559994729978
Colombia,bogota,1-6h,2038,precipitation,0.9319484795827844
Colombia,bogota,1-6h,2038,rain,0.6176659983956477
Colombia,bogota,1-6h,2038,showers,0.8542510450038023
Colombia,bogota,1-6h,2038,snowfall,0
Colombia,bogota,1-6h,2038,snow_depth,0
Colombia,bogota,1-6h,2038,weather_code,37.485162259187895
Colombia,bogota,1-6h,2038,pressure_msl,1.3657200899461177
Colombia,bogota,1-6h,2038,surface_pressure,0.8266536346013426
Colombia,bogota,1-6h,2038,cloud_cover,26.332590060855235
Colombia,bogota,1-6h,2038,wind_speed_10m,3.2858052578242423
Colombia,bogota,1-6h,2038,wind_gusts_10m,10.065429716013512
Colombia,bogota,13-18h,928,temperature_2m,2.5881568798051555
Colombia,bogota,13-18h,928,relative_humidity_2m,21.303988213315915
Colombia,bogota,13-18h,928,dew_point_2m,2.5761923921515084
Colombia,bogota,13-18h,928,apparent_temperature,2.8876781927402484
Colombia,bogota,13-18h,928,precipitation,1.456066382533718
Colombia,bogota,13-18h,928,rain,0.8961964647599744
Colombia,bogota,13-18h,928,showers,1.3995842978886808
Colombia,bogota,13-18h,928,snowfall,0
Colombia,bogota,13-18h,928,snow_depth,0
Colombia,bogota,13-18h,928,weather_code,47.39900788282242
Colombia,bogota,13-18h,928,pressure_msl,1.7337235690250892
Colombia,bogota,13-18h,928,surface_pressure,0.7806661611549578
Colombia,bogota,13-18h,928,cloud_cover,22.980360805666667
Colombia,bogota,13-18h,928,wind_speed_10m,3.541511828934468
Colombia,bogota,13-18h,928,wind_gusts_10m,9.763393762346201
Colombia,bogota,19-24h,276,temperature_2m,1.8321010351229408
Colombia,bogota,19-24h,276,relative_humidity_2m,18.77015824599543
Colombia,bogota,19-24h,276,dew_point_2m,2.208153533834436
Colombia,bogota,19-24h,276,apparent_temperature,1.5599842065346947
Colombia,bogota,19-24h,276,precipitation,1.4019913374001023
Colombia,bogota,19-24h,276,rain,0.9525708920326225
Colombia,bogota,19-24h,276,showers,1.2382783747337807
Colombia,bogota,19-24h,276,snowfall,0
Colombia,bogota,19-24h,276,snow_depth,0
Colombia,bogota,19-24h,276,weather_code,52.80974877063317
Colombia,bogota,19-24h,276,pressure_msl,1.4287422258147484
Colombia,bogota,19-24h,276,surface_pressure,0.5244735110261668
Colombia,bogota,19-24h,276,cloud_cover,19.5325814763547
Colombia,bogota,19-24h,276,wind_speed_10m,2.997160491947796
Colombia,bogota,19-24h,276,wind_gusts_10m,9.976784646571158
Colombia,bogota,7-12h,1478,temperature_2m,2.077578610371541
Colombia,bogota,7-12h,1478,relative_humidity_2m,15.849939064097017
Colombia,bogota,7-12h,1478,dew_point_2m,1.9860099328339955
Colombia,bogota,7-12h,1478,apparent_temperature,2.342803451172428
Colombia,bogota,7-12h,1478,precipitation,0.9869907518558546
Colombia,bogota,7-12h,1478,rain,0.6918332806589563
Colombia,bogota,7-12h,1478,showers,0.9129851111935855
Colombia,bogota,7-12h,1478,snowfall,0
Colombia,bogota,7-12h,1478,snow_depth,0
Colombia,bogota,7-12h,1478,weather_code,37.61182694827532
Colombia,bogota,7-12h,1478,pressure_msl,1.5398451673390832
Colombia,bogota,7-12h,1478,surface_pressure,0.7659534640344079
Colombia,bogota,7-12h,1478,cloud_cover,27.6737957566941
Colombia,bogota,7-12h,1478,wind_speed_10m,3.468419285640269
Colombia,bogota,7-12h,1478,wind_gusts_10m,10.148578228211438
Colombia,medellin,0h,372,temperature_2m,4.694460244719015
Colombia,medellin,0h,372,relative_humidity_2m,12.027745701779143
Colombia,medellin,0h,372,dew_point_2m,3.332884378368066
Colombia,medellin,0h,372,apparent_temperature,6.077855097042472
Colombia,medellin,0h,372,precipitation,1.2228338319841994
Colombia,medellin,0h,372,rain,1.0918564638423902
Colombia,medellin,0h,372,showers,0.6571770845290541
Colombia,medellin,0h,372,snowfall,0
Colombia,medellin,0h,372,snow_depth,0
Colombia,medellin,0h,372,weather_code,41.790439818396905
Colombia,medellin,0h,372,pressure_msl,1.7662760777397455
Colombia,medellin,0h,372,surface_pressure,1.1944765353695288
Colombia,medellin,0h,372,cloud_cover,26.902252374024354
Colombia,medellin,0h,372,wind_speed_10m,2.333049137838698
Colombia,medellin,0h,372,wind_gusts_10m,9.417114367509438
Colombia,medellin,1-6h,2038,temperature_2m,4.72071001462685
Colombia,medellin,1-6h,2038,relative_humidity_2m,12.80498400268921
Colombia,medellin,1-6h,2038,dew_point_2m,3.3288623925093392
Colombia,medellin,1-6h,2038,apparent_temperature,6.103961132845258
Colombia,medellin,1-6h,2038,precipitation,1.0009171456633292
Colombia,medellin,1-6h,2038,rain,0.963830679122461
Colombia,medellin,1-6h,2038,showers,0.4444732026460777
Colombia,medellin,1-6h,2038,snowfall,0
Colombia,medellin,1-6h,2038,snow_depth,0
Colombia,medellin,1-6h,2038,weather_code,39.62055057010086
Colombia,medellin,1-6h,2038,pressure_msl,1.7556134558828533
Colombia,medellin,1-6h,2038,surface_pressure,1.208056858718155
Colombia,medellin,1-6h,2038,cloud_cover,25.258156797141964
Colombia,medellin,1-6h,2038,wind_speed_10m,2.335147666032837
Colombia,medellin,1-6h,2038,wind_gusts_10m,9.373872192548685
Colombia,medellin,13-18h,928,temperature_2m,4.592507015743707
Colombia,medellin,13-18h,928,relative_humidity_2m,18.444230945539957
Colombia,medellin,13-18h,928,dew_point_2m,3.3799835492356243
Colombia,medellin,13-18h,928,apparent_temperature,5.628787996571271
Colombia,medellin,13-18h,928,precipitation,1.4107270685958235
Colombia,medellin,13-18h,928,rain,1.4235473539596486
Colombia,medellin,13-18h,928,showers,0.3121808715339941
Colombia,medellin,13-18h,928,snowfall,0
Colombia,medellin,13-18h,928,snow_depth,0
Colombia,medellin,13-18h,928,weather_code,41.10486484338689
Colombia,medellin,13-18h,928,pressure_msl,2.217247244857364
Colombia,medellin,13-18h,928,surface_pressure,0.7973555430728285
Colombia,medellin,13-18h,928,cloud_cover,31.96152050675074
Colombia,medellin,13-18h,928,wind_speed_10m,3.104435786374738
Colombia,medellin,13-18h,928,wind_gusts_10m,11.8968465105906
Colombia,medellin,19-24h,276,temperature_2m,5.524582743769309
Colombia,medellin,19-24h,276,relative_humidity_2m,17.679514059818057
Colombia,medellin,19-24h,276,dew_point_2m,3.0108980797059224
Colombia,medellin,19-24h,276,apparent_temperature,6.657871009325097
Colombia,medellin,19-24h,276,precipitation,1.0409026183411998
Colombia,medellin,19-24h,276,rain,1.034022677967328
Colombia,medellin,19-24h,276,showers,0.6018690694923559
Colombia,medellin,19-24h,276,snowfall,0
Colombia,medellin,19-24h,276,snow_depth,0
Colombia,medellin,19-24h,276,weather_code,43.77453763236725
Colombia,medellin,19-24h,276,pressure_msl,2.4767908174941144
Colombia,medellin,19-24h,276,surface_pressure,0.9654540119940223
Colombia,medellin,19-24h,276,cloud_cover,20.681679913826414
Colombia,medellin,19-24h,276,wind_speed_10m,2.120773717165575
Colombia,medellin,19-24h,276,wind_gusts_10m,9.714038101216408
Colombia,medellin,7-12h,1478,temperature_2m,4.3579178402731555
Colombia,medellin,7-12h,1478,relative_humidity_2m,13.39121963054541
Colombia,medellin,7-12h,1478,dew_point_2m,3.195059193134289
Colombia,medellin,7-12h,1478,apparent_temperature,5.652351708591602
Colombia,medellin,7-12h,1478,precipitation,1.1129052302064355
Colombia,medellin,7-12h,1478,rain,1.0866641484760693
Colombia,medellin,7-12h,1478,showers,0.3909054061225801
Colombia,medellin,7-12h,1478,snowfall,0
Colombia,medellin,7-12h,1478,snow_depth,0
Colombia,medellin,7-12h,1478,weather_code,39.40733121795036
Colombia,medellin,7-12h,1478,pressure_msl,1.7896787232184976
Colombia,medellin,7-12h,1478,surface_pressure,1.0936586807035424
Colombia,medellin,7-12h,1478,cloud_cover,29.737552973194667
Colombia,medellin,7-12h,1478,wind_speed_10m,2.6322862663132556
Colombia,medellin,7-12h,1478,wind_gusts_10m,10.04906703672162
Costa Rica,san_jose,0h,1480,temperature_2m,1.2383074761162534
Costa Rica,san_jose,0h,1480,relative_humidity_2m,9.766185456890442
Costa Rica,san_jose,0h,1480,dew_point_2m,1.64088802589132
Costa Rica,san_jose,0h,1480,apparent_temperature,1.4778179677977752
Costa Rica,san_jose,0h,1480,precipitation,0.40852404077592774
Costa Rica,san_jose,0h,1480,rain,0.40852404077592774
Costa Rica,san_jose,0h,1480,showers,0
Costa Rica,san_jose,0h,1480,snowfall,0
Costa Rica,san_jose,0h,1480,snow_depth,0
Costa Rica,san_jose,0h,1480,weather_code,17.846946896136423
Costa Rica,san_jose,0h,1480,pressure_msl,1.6151227884039108
Costa Rica,san_jose,0h,1480,surface_pressure,1.6113197545339524
Costa Rica,san_jose,0h,1480,cloud_cover,40.71761687923698
Costa Rica,san_jose,0h,1480,wind_speed_10m,3.0176239086496603
Costa Rica,san_jose,0h,1480,wind_gusts_10m,7.030460751499747
Costa Rica,san_jose,1-6h,7936,temperature_2m,1.2531130590292632
Costa Rica,san_jose,1-6h,7936,relative_humidity_2m,9.940371617964079
Costa Rica,san_jose,1-6h,7936,dew_point_2m,1.7798760264003892
Costa Rica,san_jose,1-6h,7936,apparent_temperature,1.5439005901475862
Costa Rica,san_jose,1-6h,7936,precipitation,0.5878302091919992
Costa Rica,san_jose,1-6h,7936,rain,0.5878302091919992
Costa Rica,san_jose,1-6h,7936,showers,0
Costa Rica,san_jose,1-6h,7936,snowfall,0
Costa Rica,san_jose,1-6h,7936,snow_depth,0
Costa Rica,san_jose,1-6h,7936,weather_code,19.482195656050813
Costa Rica,san_jose,1-6h,7936,pressure_msl,1.5201055115119593
Costa Rica,san_jose,1-6h,7936,surface_pressure,1.5174572189324886
Costa Rica,san_jose,1-6h,7936,cloud_cover,38.069909959899285
Costa Rica,san_jose,1-6h,7936,wind_speed_10m,2.983537661201288
Costa Rica,san_jose,1-6h,7936,wind_gusts_10m,7.205057097779174
Costa Rica,san_jose,13-18h,3500,temperature_2m,1.4065560778013793
Costa Rica,san_jose,13-18h,3500,relative_humidity_2m,8.232270993734701
Costa Rica,san_jose,13-18h,3500,dew_point_2m,1.7489719429261457
Costa Rica,san_jose,13-18h,3500,apparent_temperature,1.7904827760770476
Costa Rica,san_jose,13-18h,3500,precipitation,0.725291980613916
Costa Rica,san_jose,13-18h,3500,rain,0.725291980613916
Costa Rica,san_jose,13-18h,3500,showers,0
Costa Rica,san_jose,13-18h,3500,snowfall,0
Costa Rica,san_jose,13-18h,3500,snow_depth,0
Costa Rica,san_jose,13-18h,3500,weather_code,18.018181293983506
Costa Rica,san_jose,13-18h,3500,pressure_msl,1.3315726470176963
Costa Rica,san_jose,13-18h,3500,surface_pressure,1.318882643972324
Costa Rica,san_jose,13-18h,3500,cloud_cover,34.835105445922956
Costa Rica,san_jose,13-18h,3500,wind_speed_10m,4.02465544221756
Costa Rica,san_jose,13-18h,3500,wind_gusts_10m,8.660013856801847
Costa Rica,san_jose,19-24h,912,temperature_2m,1.7455959621739203
Costa Rica,san_jose,19-24h,912,relative_humidity_2m,9.544448188767655
Costa Rica,san_jose,19-24h,912,dew_point_2m,1.8328508136952002
Costa Rica,san_jose,19-24h,912,apparent_temperature,2.049079810591925
Costa Rica,san_jose,19-24h,912,precipitation,0.36164827344287226
Costa Rica,san_jose,19-24h,912,rain,0.36164827344287226
Costa Rica,san_jose,19-24h,912,showers,0
Costa Rica,san_jose,19-24h,912,snowfall,0
Costa Rica,san_jose,19-24h,912,snow_depth,0
Costa Rica,san_jose,19-24h,912,weather_code,13.37400594764782
Costa Rica,san_jose,19-24h,912,pressure_msl,0.9162518997850129
Costa Rica,san_jose,19-24h,912,surface_pressure,0.8943781530771864
Costa Rica,san_jose,19-24h,912,cloud_cover,34.537101840032435
Costa Rica,san_jose,19-24h,912,wind_speed_10m,4.178117598472626
Costa Rica,san_jose,19-24h,912,wind_gusts_10m,8.546554656189128
Costa Rica,san_jose,7-12h,5704,temperature_2m,1.3732696622358593
Costa Rica,san_jose,7-12h,5704,relative_humidity_2m,9.148417807856
Costa Rica,san_jose,7-12h,5704,dew_point_2m,1.8599397507924391
Costa Rica,san_jose,7-12h,5704,apparent_temperature,1.7391599752049376
Costa Rica,san_jose,7-12h,5704,precipitation,0.620257603815676
Costa Rica,san_jose,7-12h,5704,rain,0.620257603815676
Costa Rica,san_jose,7-12h,5704,showers,0
Costa Rica,san_jose,7-12h,5704,snowfall,0
Costa Rica,san_jose,7-12h,5704,snow_depth,0
Costa Rica,san_jose,7-12h,5704,weather_code,21.04246691205051
Costa Rica,san_jose,7-12h,5704,pressure_msl,1.4560388347702289
Costa Rica,san_jose,7-12h,5704,surface_pressure,1.4555836295674642
Costa Rica,san_jose,7-12h,5704,cloud_cover,36.64637119469171
Costa Rica,san_jose,7-12h,5704,wind_speed_10m,3.2893235427461307
Costa Rica,san_jose,7-12h,5704,wind_gusts_10m,7.752551043742602
Cuba,havana,0h,372,temperature_2m,1.476737176403453
Cuba,havana,0h,372,relative_humidity_2m,6.315623229277816
Cuba,havana,0h,372,dew_point_2m,1.5805776812455667
Cuba,havana,0h,372,apparent_temperature,1.9680922480346783
Cuba,havana,0h,372,precipitation,0.2
Cuba,havana,0h,372,rain,0.2277755922615668
Cuba,havana,0h,372,showers,0.13420414556999363
Cuba,havana,0h,372,snowfall,0
Cuba,havana,0h,372,snow_depth,0
Cuba,havana,0h,372,weather_code,22.1050765346368
Cuba,havana,0h,372,pressure_msl,0.33068843147240257
Cuba,havana,0h,372,surface_pressure,0.3154617711106318
Cuba,havana,0h,372,cloud_cover,36.662878592203676
Cuba,havana,0h,372,wind_speed_10m,2.5910100990411697
Cuba,havana,0h,372,wind_gusts_10m,5.684949948238638
Cuba,havana,1-6h,2038,temperature_2m,1.5719854868769985
Cuba,havana,1-6h,2038,relative_humidity_2m,6.856513418000922
Cuba,havana,1-6h,2038,dew_point_2m,1.648459595583955
Cuba,havana,1-6h,2038,apparent_temperature,2.0683938670865794
Cuba,havana,1-6h,2038,precipitation,0.5413699773762098
Cuba,havana,1-6h,2038,rain,0.5442085122530113
Cuba,havana,1-6h,2038,showers,0.17475624408841617
Cuba,havana,1-6h,2038,snowfall,0
Cuba,havana,1-6h,2038,snow_depth,0
Cuba,havana,1-6h,2038,weather_code,22.322179238744454
Cuba,havana,1-6h,2038,pressure_msl,0.32179574648119047
Cuba,havana,1-6h,2038,surface_pressure,0.3078144809157518
Cuba,havana,1-6h,2038,cloud_cover,35.49151580050461
Cuba,havana,1-6h,2038,wind_speed_10m,2.657629231198385
Cuba,havana,1-6h,2038,wind_gusts_10m,6.223711346490591
Cuba,havana,13-18h,928,temperature_2m,1.0909502343338597
Cuba,havana,13-18h,928,relative_humidity_2m,9.565450581524438
Cuba,havana,13-18h,928,dew_point_2m,1.7344692619616109
Cuba,havana,13-18h,928,apparent_temperature,1.0289243630255753
Cuba,havana,13-18h,928,precipitation,0.7067866819579324
Cuba,havana,13-18h,928,rain,0.7823208178675585
Cuba,havana,13-18h,928,showers,0.23011428944525925
Cuba,havana,13-18h,928,snowfall,0
Cuba,havana,13-18h,928,snow_depth,0
Cuba,havana,13-18h,928,weather_code,25.935430432598142
Cuba,havana,13-18h,928,pressure_msl,0.3717386920572197
Cuba,havana,13-18h,928,surface_pressure,0.36663074536688306
Cuba,havana,13-18h,928,cloud_cover,37.24976857137088
Cuba,havana,13-18h,928,wind_speed_10m,2.802327388636711
Cuba,havana,13-18h,928,wind_gusts_10m,7.309677100279111
Cuba,havana,19-24h,276,temperature_2m,0.8371795298604663
Cuba,havana,19-24h,276,relative_humidity_2m,7.21260973091119
Cuba,havana,19-24h,276,dew_point_2m,1.6099104304907461
Cuba,havana,19-24h,276,apparent_temperature,1.0858109905717372
Cuba,havana,19-24h,276,precipitation,0.5734462308797094
Cuba,havana,19-24h,276,rain,0.7729109291165613
Cuba,havana,19-24h,276,showers,0.5152036321773126
Cuba,havana,19-24h,276,snowfall,0
Cuba,havana,19-24h,276,snow_depth,0
Cuba,havana,19-24h,276,weather_code,29.091435066061944
Cuba,havana,19-24h,276,pressure_msl,0.40922337190823127
Cuba,havana,19-24h,276,surface_pressure,0.40646942234853467
Cuba,havana,19-24h,276,cloud_cover,33.57276328785893
Cuba,havana,19-24h,276,wind_speed_10m,2.8439613116266167
Cuba,havana,19-24h,276,wind_gusts_10m,5.773603099765621
Cuba,havana,7-12h,1478,temperature_2m,1.3531649863852118
Cuba,havana,7-12h,1478,relative_humidity_2m,7.679648165147937
Cuba,havana,7-12h,1478,dew_point_2m,1.6218860035124896
Cuba,havana,7-12h,1478,apparent_temperature,1.7352471132315272
Cuba,havana,7-12h,1478,precipitation,0.5959452527279542
Cuba,havana,7-12h,1478,rain,0.6165950414949922
Cuba,havana,7-12h,1478,showers,0.22648218765747644
Cuba,havana,7-12h,1478,snowfall,0
Cuba,havana,7-12h,1478,snow_depth,0
Cuba,havana,7-12h,1478,weather_code,23.322125022423872
Cuba,havana,7-12h,1478,pressure_msl,0.33424323263999006
Cuba,havana,7-12h,1478,surface_pressure,0.3245481922509648
Cuba,havana,7-12h,1478,cloud_cover,35.62897059039917
Cuba,havana,7-12h,1478,wind_speed_10m,2.6111968750810455
Cuba,havana,7-12h,1478,wind_gusts_10m,6.3718766394198
Cyprus,larnaca,0h,372,temperature_2m,1.0794761772287063
Cyprus,larnaca,0h,372,relative_humidity_2m,7.986211235152318
Cyprus,larnaca,0h,372,dew_point_2m,2.0280559047245648
Cyprus,larnaca,0h,372,apparent_temperature,1.8183503098859597
Cyprus,larnaca,0h,372,precipitation,0.7302231210059108
Cyprus,larnaca,0h,372,rain,0.7700719139717874
Cyprus,larnaca,0h,372,showers,0.40387904076578734
Cyprus,larnaca,0h,372,snowfall,0
Cyprus,larnaca,0h,372,snow_depth,0
Cyprus,larnaca,0h,372,weather_code,19.24181155265681
Cyprus,larnaca,0h,372,pressure_msl,0.45631765958771275
Cyprus,larnaca,0h,372,surface_pressure,0.4521751492413088
Cyprus,larnaca,0h,372,cloud_cover,29.18378913690093
Cyprus,larnaca,0h,372,wind_speed_10m,4.771628742915259
Cyprus,larnaca,0h,372,wind_gusts_10m,9.19024143504449
Cyprus,larnaca,1-6h,2038,temperature_2m,1.207276759363695
Cyprus,larnaca,1-6h,2038,relative_humidity_2m,8.323029285467625
Cyprus,larnaca,1-6h,2038,dew_point_2m,1.9819004370786741
Cyprus,larnaca,1-6h,2038,apparent_temperature,1.856796654851604
Cyprus,larnaca,1-6h,2038,precipitation,0.5210015266534925
Cyprus,larnaca,1-6h,2038,rain,0.5188403314118027
Cyprus,larnaca,1-6h,2038,showers,0.23400762424357394
Cyprus,larnaca,1-6h,2038,snowfall,0
Cyprus,larnaca,1-6h,2038,snow_depth,0
Cyprus,larnaca,1-6h,2038,weather_code,19.297703850354228
Cyprus,larnaca,1-6h,2038,pressure_msl,0.42326827819806107
Cyprus,larnaca,1-6h,2038,surface_pressure,0.4212346915416574
Cyprus,larnaca,1-6h,2038,cloud_cover,30.96454016761678
Cyprus,larnaca,1-6h,2038,wind_speed_10m,4.654452214501247
Cyprus,larnaca,1-6h,2038,wind_gusts_10m,8.5599748699566
Cyprus,larnaca,13-18h,928,temperature_2m,1.3318463331677621
Cyprus,larnaca,13-18h,928,relative_humidity_2m,10.339183086518574
Cyprus,larnaca,13-18h,928,dew_point_2m,2.4693509198810206
Cyprus,larnaca,13-18h,928,apparent_temperature,2.175118902814122
Cyprus,larnaca,13-18h,928,precipitation,0.6734176856233766
Cyprus,larnaca,13-18h,928,rain,0.6372421723386616
Cyprus,larnaca,13-18h,928,showers,0.26318670441211567
Cyprus,larnaca,13-18h,928,snowfall,0
Cyprus,larnaca,13-18h,928,snow_depth,0
Cyprus,larnaca,13-18h,928,weather_code,15.23699275696691
Cyprus,larnaca,13-18h,928,pressure_msl,0.40292572259789133
Cyprus,larnaca,13-18h,928,surface_pressure,0.3992719667698635
Cyprus,larnaca,13-18h,928,cloud_cover,29.217193509160392
Cyprus,larnaca,13-18h,928,wind_speed_10m,4.731811820375814
Cyprus,larnaca,13-18h,928,wind_gusts_10m,8.377257801683202
Cyprus,larnaca,19-24h,276,temperature_2m,1.175689745133296
Cyprus,larnaca,19-24h,276,relative_humidity_2m,12.2976373364143
Cyprus,larnaca,19-24h,276,dew_point_2m,2.972823768644938
Cyprus,larnaca,19-24h,276,apparent_temperature,2.099672162125744
Cyprus,larnaca,19-24h,276,precipitation,0.3463055532790141
Cyprus,larnaca,19-24h,276,rain,0.3213422934585757
Cyprus,larnaca,19-24h,276,showers,0.08512565307587486
Cyprus,larnaca,19-24h,276,snowfall,0
Cyprus,larnaca,19-24h,276,snow_depth,0
Cyprus,larnaca,19-24h,276,weather_code,17.12062913648285
Cyprus,larnaca,19-24h,276,pressure_msl,0.3609568604036566
Cyprus,larnaca,19-24h,276,surface_pressure,0.3546788708807893
Cyprus,larnaca,19-24h,276,cloud_cover,35.16616868937893
Cyprus,larnaca,19-24h,276,wind_speed_10m,4.751361360979471
Cyprus,larnaca,19-24h,276,wind_gusts_10m,8.846845012017937
Cyprus,larnaca,7-12h,1478,temperature_2m,1.231356227772953
Cyprus,larnaca,7-12h,1478,relative_humidity_2m,8.662597497239965
Cyprus,larnaca,7-12h,1478,dew_point_2m,1.996986904874658
Cyprus,larnaca,7-12h,1478,apparent_temperature,1.842785736129628
Cyprus,larnaca,7-12h,1478,precipitation,0.5429459062413077
Cyprus,larnaca,7-12h,1478,rain,0.5714923606382938
Cyprus,larnaca,7-12h,1478,showers,0.17603358026309518
Cyprus,larnaca,7-12h,1478,snowfall,0
Cyprus,larnaca,7-12h,1478,snow_depth,0
Cyprus,larnaca,7-12h,1478,weather_code,19.81005881645058
Cyprus,larnaca,7-12h,1478,pressure_msl,0.3743645947429082
Cyprus,larnaca,7-12h,1478,surface_pressure,0.3722622207912273
Cyprus,larnaca,7-12h,1478,cloud_cover,29.535785959285846
Cyprus,larnaca,7-12h,1478,wind_speed_10m,4.268452737070685
Cyprus,larnaca,7-12h,1478,wind_gusts_10m,7.803822664131152
Cyprus,limassol,0h,372,temperature_2m,1.541103500742244
Cyprus,limassol,0h,372,relative_humidity_2m,10.363552759862403
Cyprus,limassol,0h,372,dew_point_2m,3.1086940175294924
Cyprus,limassol,0h,372,apparent_temperature,2.0980149348054384
Cyprus,limassol,0h,372,precipitation,0.4210202661584464
Cyprus,limassol,0h,372,rain,0.36441144181368834
Cyprus,limassol,0h,372,showers,0.31809243263385684
Cyprus,limassol,0h,372,snowfall,0
Cyprus,limassol,0h,372,snow_depth,0
Cyprus,limassol,0h,372,weather_code,15.905804715760658
Cyprus,limassol,0h,372,pressure_msl,0.4753606440750913
Cyprus,limassol,0h,372,surface_pressure,0.4753606440750877
Cyprus,limassol,0h,372,cloud_cover,29.9378388256131
Cyprus,limassol,0h,372,wind_speed_10m,3.8989797397207244
Cyprus,limassol,0h,372,wind_gusts_10m,7.741457310501853
Cyprus,limassol,1-6h,2038,temperature_2m,1.5293240952852405
Cyprus,limassol,1-6h,2038,relative_humidity_2m,9.640393836705583
Cyprus,limassol,1-6h,2038,dew_point_2m,2.901605254339704
Cyprus,limassol,1-6h,2038,apparent_temperature,2.0560306470453678
Cyprus,limassol,1-6h,2038,precipitation,0.6157485053055872
Cyprus,limassol,1-6h,2038,rain,0.6356284704939305
Cyprus,limassol,1-6h,2038,showers,0.22576877712873
Cyprus,limassol,1-6h,2038,snowfall,0
Cyprus,limassol,1-6h,2038,snow_depth,0
Cyprus,limassol,1-6h,2038,weather_code,17.467367584265435
Cyprus,limassol,1-6h,2038,pressure_msl,0.4401913224866459
Cyprus,limassol,1-6h,2038,surface_pressure,0.4401913224866459
Cyprus,limassol,1-6h,2038,cloud_cover,31.614986322265217
Cyprus,limassol,1-6h,2038,wind_speed_10m,3.9023495099417844
Cyprus,limassol,1-6h,2038,wind_gusts_10m,7.467698185675786
Cyprus,limassol,13-18h,928,temperature_2m,1.7998084189234103
Cyprus,limassol,13-18h,928,relative_humidity_2m,10.204060212855774
Cyprus,limassol,13-18h,928,dew_point_2m,3.096626362283026
Cyprus,limassol,13-18h,928,apparent_temperature,2.4347298582714716
Cyprus,limassol,13-18h,928,precipitation,0.709100328488197
Cyprus,limassol,13-18h,928,rain,0.6393355926272211
Cyprus,limassol,13-18h,928,showers,0.284476227720228
Cyprus,limassol,13-18h,928,snowfall,0
Cyprus,limassol,13-18h,928,snow_depth,0
Cyprus,limassol,13-18h,928,weather_code,15.84148308104063
Cyprus,limassol,13-18h,928,pressure_msl,0.42281384996725957
Cyprus,limassol,13-18h,928,surface_pressure,0.4228138499672664
Cyprus,limassol,13-18h,928,cloud_cover,31.776767158326265
Cyprus,limassol,13-18h,928,wind_speed_10m,4.330360939006004
Cyprus,limassol,13-18h,928,wind_gusts_10m,8.029864783934775
Cyprus,limassol,19-24h,276,temperature_2m,1.7723725194851354
Cyprus,limassol,19-24h,276,relative_humidity_2m,10.71062049109891
Cyprus,limassol,19-24h,276,dew_point_2m,3.31885260424377
Cyprus,limassol,19-24h,276,apparent_temperature,2.3461192131515483
Cyprus,limassol,19-24h,276,precipitation,0.4767796562141784
Cyprus,limassol,19-24h,276,rain,0.3272635776791581
Cyprus,limassol,19-24h,276,showers,0.3804078665426574
Cyprus,limassol,19-24h,276,snowfall,0
Cyprus,limassol,19-24h,276,snow_depth,0
Cyprus,limassol,19-24h,276,weather_code,15.24272218831482
Cyprus,limassol,19-24h,276,pressure_msl,0.39148546533072454
Cyprus,limassol,19-24h,276,surface_pressure,0.39148546533073547
Cyprus,limassol,19-24h,276,cloud_cover,37.00939951112302
Cyprus,limassol,19-24h,276,wind_speed_10m,4.14103711717211
Cyprus,limassol,19-24h,276,wind_gusts_10m,8.263026606253435
Cyprus,limassol,7-12h,1478,temperature_2m,1.5222837341484814
Cyprus,limassol,7-12h,1478,relative_humidity_2m,9.984019707832463
Cyprus,limassol,7-12h,1478,dew_point_2m,2.8566234787934595
Cyprus,limassol,7-12h,1478,apparent_temperature,2.0134023204328093
Cyprus,limassol,7-12h,1478,precipitation,0.7144364812855026
Cyprus,limassol,7-12h,1478,rain,0.7111712499002677
Cyprus,limassol,7-12h,1478,showers,0.29294824437710243
Cyprus,limassol,7-12h,1478,snowfall,0
Cyprus,limassol,7-12h,1478,snow_depth,0
Cyprus,limassol,7-12h,1478,weather_code,18.537895941204553
Cyprus,limassol,7-12h,1478,pressure_msl,0.4164252796502636
Cyprus,limassol,7-12h,1478,surface_pressure,0.41650650958952257
Cyprus,limassol,7-12h,1478,cloud_cover,31.691638422031783
Cyprus,limassol,7-12h,1478,wind_speed_10m,3.907428475818854
Cyprus,limassol,7-12h,1478,wind_gusts_10m,7.6597784356569925
Cyprus,nicosia,0h,372,temperature_2m,1.2645922458986916
Cyprus,nicosia,0h,372,relative_humidity_2m,8.170560844650081
Cyprus,nicosia,0h,372,dew_point_2m,1.3957693373228803
Cyprus,nicosia,0h,372,apparent_temperature,1.420037103861757
Cyprus,nicosia,0h,372,precipitation,0.43822712233804995
Cyprus,nicosia,0h,372,rain,0.43316787577352794
Cyprus,nicosia,0h,372,showers,0.15588802156938553
Cyprus,nicosia,0h,372,snowfall,0
Cyprus,nicosia,0h,372,snow_depth,0
Cyprus,nicosia,0h,372,weather_code,19.70522009328318
Cyprus,nicosia,0h,372,pressure_msl,0.42184948648458426
Cyprus,nicosia,0h,372,surface_pressure,0.4019441998399109
Cyprus,nicosia,0h,372,cloud_cover,32.398725582263864
Cyprus,nicosia,0h,372,wind_speed_10m,2.9234222838075183
Cyprus,nicosia,0h,372,wind_gusts_10m,6.371209604773413
Cyprus,nicosia,1-6h,2038,temperature_2m,1.3447130509522742
Cyprus,nicosia,1-6h,2038,relative_humidity_2m,9.423416847588518
Cyprus,nicosia,1-6h,2038,dew_point_2m,1.6091434033795258
Cyprus,nicosia,1-6h,2038,apparent_temperature,1.5173772631046143
Cyprus,nicosia,1-6h,2038,precipitation,0.44973004660401494
Cyprus,nicosia,1-6h,2038,rain,0.44428549114814647
Cyprus,nicosia,1-6h,2038,showers,0.11850392224661262
Cyprus,nicosia,1-6h,2038,snowfall,0
Cyprus,nicosia,1-6h,2038,snow_depth,0
Cyprus,nicosia,1-6h,2038,weather_code,21.554595538134354
Cyprus,nicosia,1-6h,2038,pressure_msl,0.4528180218830736
Cyprus,nicosia,1-6h,2038,surface_pressure,0.43673334622131676
Cyprus,nicosia,1-6h,2038,cloud_cover,30.950354371497838
Cyprus,nicosia,1-6h,2038,wind_speed_10m,3.335447644794895
Cyprus,nicosia,1-6h,2038,wind_gusts_10m,6.756926442979756
Cyprus,nicosia,13-18h,928,temperature_2m,1.3948643488612569
Cyprus,nicosia,13-18h,928,relative_humidity_2m,8.507096429168557
Cyprus,nicosia,13-18h,928,dew_point_2m,1.568383749662976
Cyprus,nicosia,13-18h,928,apparent_temperature,1.730202051186807
Cyprus,nicosia,13-18h,928,precipitation,0.33627651799036484
Cyprus,nicosia,13-18h,928,rain,0.27718567162052976
Cyprus,nicosia,13-18h,928,showers,0.14301253863524188
Cyprus,nicosia,13-18h,928,snowfall,0
Cyprus,nicosia,13-18h,928,snow_depth,0
Cyprus,nicosia,13-18h,928,weather_code,18.493416815646626
Cyprus,nicosia,13-18h,928,pressure_msl,0.42918828759286654
Cyprus,nicosia,13-18h,928,surface_pressure,0.4407820244785955
Cyprus,nicosia,13-18h,928,cloud_cover,32.23141672557896
Cyprus,nicosia,13-18h,928,wind_speed_10m,3.2475421740777737
Cyprus,nicosia,13-18h,928,wind_gusts_10m,7.139791059919775
Cyprus,nicosia,19-24h,276,temperature_2m,1.220507140970269
Cyprus,nicosia,19-24h,276,relative_humidity_2m,9.66654172832804
Cyprus,nicosia,19-24h,276,dew_point_2m,1.6745321648193243
Cyprus,nicosia,19-24h,276,apparent_temperature,1.568646605808027
Cyprus,nicosia,19-24h,276,precipitation,0.2614064523559687
Cyprus,nicosia,19-24h,276,rain,0.2178618096774697
Cyprus,nicosia,19-24h,276,showers,0.1271197085028717
Cyprus,nicosia,19-24h,276,snowfall,0
Cyprus,nicosia,19-24h,276,snow_depth,0
Cyprus,nicosia,19-24h,276,weather_code,23.0769035674388
Cyprus,nicosia,19-24h,276,pressure_msl,0.4629771334385288
Cyprus,nicosia,19-24h,276,surface_pressure,0.4429806813597727
Cyprus,nicosia,19-24h,276,cloud_cover,35.12916126261048
Cyprus,nicosia,19-24h,276,wind_speed_10m,2.9197230362991027
Cyprus,nicosia,19-24h,276,wind_gusts_10m,5.596375638737546
Cyprus,nicosia,7-12h,1478,temperature_2m,1.3252364662485583
Cyprus,nicosia,7-12h,1478,relative_humidity_2m,9.46955809140793
Cyprus,nicosia,7-12h,1478,dew_point_2m,1.626484956982675
Cyprus,nicosia,7-12h,1478,apparent_temperature,1.4835361697587317
Cyprus,nicosia,7-12h,1478,precipitation,0.4328056187869861
Cyprus,nicosia,7-12h,1478,rain,0.43116106582343766
Cyprus,nicosia,7-12h,1478,showers,0.14897030427624483
Cyprus,nicosia,7-12h,1478,snowfall,0
Cyprus,nicosia,7-12h,1478,snow_depth,0
Cyprus,nicosia,7-12h,1478,weather_code,19.511593999618636
Cyprus,nicosia,7-12h,1478,pressure_msl,0.4139809700606969
Cyprus,nicosia,7-12h,1478,surface_pressure,0.40141832441639513
Cyprus,nicosia,7-12h,1478,cloud_cover,30.0856692898305
Cyprus,nicosia,7-12h,1478,wind_speed_10m,3.4451884433240414
Cyprus,nicosia,7-12h,1478,wind_gusts_10m,6.97494549670481
Czechia,prague,0h,372,temperature_2m,1.229083057116289
Czechia,prague,0h,372,relative_humidity_2m,6.8131750923273415
Czechia,prague,0h,372,dew_point_2m,0.7034095153156227
Czechia,prague,0h,372,apparent_temperature,1.6273370291527236
Czechia,prague,0h,372,precipitation,0.07441528343426605
Czechia,prague,0h,372,rain,0.040824829046386304
Czechia,prague,0h,372,showers,0
Czechia,prague,0h,372,snowfall,0.036654445666204995
Czechia,prague,0h,372,snow_depth,0.006090712125322324
Czechia,prague,0h,372,weather_code,19.87420114036642
Czechia,prague,0h,372,pressure_msl,0.3467204259391696
Czechia,prague,0h,372,surface_pressure,0.32303999552637047
Czechia,prague,0h,372,cloud_cover,27.215685704885278
Czechia,prague,0h,372,wind_speed_10m,3.634977925122659
Czechia,prague,0h,372,wind_gusts_10m,7.066728798671878
Czechia,prague,1-6h,2038,temperature_2m,1.3273598608502033
Czechia,prague,1-6h,2038,relative_humidity_2m,6.834723443818617
Czechia,prague,1-6h,2038,dew_point_2m,0.7657537481121408
Czechia,prague,1-6h,2038,apparent_temperature,1.7281596625979947
Czechia,prague,1-6h,2038,precipitation,0.10009808732127613
Czechia,prague,1-6h,2038,rain,0.08948659583508096
Czechia,prague,1-6h,2038,showers,0.003132657448383193
Czechia,prague,1-6h,2038,snowfall,0.03093410007735286
Czechia,prague,1-6h,2038,snow_depth,0.006762478016993759
Czechia,prague,1-6h,2038,weather_code,17.726800344157134
Czechia,prague,1-6h,2038,pressure_msl,0.4089408037378123
Czechia,prague,1-6h,2038,surface_pressure,0.3704094225767775
Czechia,prague,1-6h,2038,cloud_cover,27.703161587144784
Czechia,prague,1-6h,2038,wind_speed_10m,3.551767725300289
Czechia,prague,1-6h,2038,wind_gusts_10m,7.031469986199914
Czechia,prague,13-18h,928,temperature_2m,1.6908412005617917
Czechia,prague,13-18h,928,relative_humidity_2m,7.7330181019778585
Czechia,prague,13-18h,928,dew_point_2m,0.9669205473189544
Czechia,prague,13-18h,928,apparent_temperature,2.1711072973374037
Czechia,prague,13-18h,928,precipitation,0.09581771486921727
Czechia,prague,13-18h,928,rain,0.09037756053510108
Czechia,prague,13-18h,928,showers,0.004642383454426297
Czechia,prague,13-18h,928,snowfall,0.028142954039492112
Czechia,prague,13-18h,928,snow_depth,0.008317513720022266
Czechia,prague,13-18h,928,weather_code,19.2517352554212
Czechia,prague,13-18h,928,pressure_msl,0.5572987498207056
Czechia,prague,13-18h,928,surface_pressure,0.5358485053535706
Czechia,prague,13-18h,928,cloud_cover,28.60940133640664
Czechia,prague,13-18h,928,wind_speed_10m,3.960521778581793
Czechia,prague,13-18h,928,wind_gusts_10m,7.4872679285893575
Czechia,prague,19-24h,276,temperature_2m,1.6868846167254379
Czechia,prague,19-24h,276,relative_humidity_2m,7.951847839211401
Czechia,prague,19-24h,276,dew_point_2m,0.9389324804790549
Czechia,prague,19-24h,276,apparent_temperature,2.1719723221339495
Czechia,prague,19-24h,276,precipitation,0.14013451095080146
Czechia,prague,19-24h,276,rain,0.13646680331053815
Czechia,prague,19-24h,276,showers,0
Czechia,prague,19-24h,276,snowfall,0.014596008983995235
Czechia,prague,19-24h,276,snow_depth,0.00920774721067277
Czechia,prague,19-24h,276,weather_code,25.49168662439819
Czechia,prague,19-24h,276,pressure_msl,0.5493078648943431
Czechia,prague,19-24h,276,surface_pressure,0.5436724290829223
Czechia,prague,19-24h,276,cloud_cover,23.596702054017783
Czechia,prague,19-24h,276,wind_speed_10m,4.337375483740891
Czechia,prague,19-24h,276,wind_gusts_10m,8.39777834664742
Czechia,prague,7-12h,1478,temperature_2m,1.4327127292471038
Czechia,prague,7-12h,1478,relative_humidity_2m,7.00869361561513
Czechia,prague,7-12h,1478,dew_point_2m,0.8620631701545669
Czechia,prague,7-12h,1478,apparent_temperature,1.8083328396616167
Czechia,prague,7-12h,1478,precipitation,0.10347350337098228
Czechia,prague,7-12h,1478,rain,0.09930339236288319
Czechia,prague,7-12h,1478,showers,0.0073571189277770975
Czechia,prague,7-12h,1478,snowfall,0.02712922017456654
Czechia,prague,7-12h,1478,snow_depth,0.007601367300978443
Czechia,prague,7-12h,1478,weather_code,16.09213156299892
Czechia,prague,7-12h,1478,pressure_msl,0.4649559468125108
Czechia,prague,7-12h,1478,surface_pressure,0.4276948313243249
Czechia,prague,7-12h,1478,cloud_cover,28.50378034420505
Czechia,prague,7-12h,1478,wind_speed_10m,3.376148128271696
Czechia,prague,7-12h,1478,wind_gusts_10m,6.9588856370742445
DR Congo,kinshasa,0h,372,temperature_2m,1.1984981641464312
DR Congo,kinshasa,0h,372,relative_humidity_2m,5.921529880785223
DR Congo,kinshasa,0h,372,dew_point_2m,1.0142267566863412
DR Congo,kinshasa,0h,372,apparent_temperature,1.746486488285392
DR Congo,kinshasa,0h,372,precipitation,1.589092525236791
DR Congo,kinshasa,0h,372,rain,1.784792388757791
DR Congo,kinshasa,0h,372,showers,0.9561628061308163
DR Congo,kinshasa,0h,372,snowfall,0
DR Congo,kinshasa,0h,372,snow_depth,0
DR Congo,kinshasa,0h,372,weather_code,38.033021871633764
DR Congo,kinshasa,0h,372,pressure_msl,0.7152336260166692
DR Congo,kinshasa,0h,372,surface_pressure,0.6280195873940024
DR Congo,kinshasa,0h,372,cloud_cover,25.771326902636982
DR Congo,kinshasa,0h,372,wind_speed_10m,3.0188832229780758
DR Congo,kinshasa,0h,372,wind_gusts_10m,8.008292073562494
DR Congo,kinshasa,1-6h,2038,temperature_2m,1.2722678012880417
DR Congo,kinshasa,1-6h,2038,relative_humidity_2m,6.137770578491052
DR Congo,kinshasa,1-6h,2038,dew_point_2m,0.992676816502526
DR Congo,kinshasa,1-6h,2038,apparent_temperature,1.784660953882847
DR Congo,kinshasa,1-6h,2038,precipitation,1.0586713764975006
DR Congo,kinshasa,1-6h,2038,rain,0.9705425776312409
DR Congo,kinshasa,1-6h,2038,showers,0.7192570586296781
DR Congo,kinshasa,1-6h,2038,snowfall,0
DR Congo,kinshasa,1-6h,2038,snow_depth,0
DR Congo,kinshasa,1-6h,2038,weather_code,41.32013174636307
DR Congo,kinshasa,1-6h,2038,pressure_msl,0.741070493243945
DR Congo,kinshasa,1-6h,2038,surface_pressure,0.6434847474617382
DR Congo,kinshasa,1-6h,2038,cloud_cover,27.654996336555122
DR Congo,kinshasa,1-6h,2038,wind_speed_10m,2.8092759571349704
DR Congo,kinshasa,1-6h,2038,wind_gusts_10m,7.00352427754645
DR Congo,kinshasa,13-18h,928,temperature_2m,1.4178738940083297
DR Congo,kinshasa,13-18h,928,relative_humidity_2m,7.7014609003746815
DR Congo,kinshasa,13-18h,928,dew_point_2m,1.073575640172789
DR Congo,kinshasa,13-18h,928,apparent_temperature,1.6459262668364185
DR Congo,kinshasa,13-18h,928,precipitation,1.041695401902508
DR Congo,kinshasa,13-18h,928,rain,0.990003918487543
DR Congo,kinshasa,13-18h,928,showers,0.5337933540496606
DR Congo,kinshasa,13-18h,928,snowfall,0
DR Congo,kinshasa,13-18h,928,snow_depth,0
DR Congo,kinshasa,13-18h,928,weather_code,37.44841279266259
DR Congo,kinshasa,13-18h,928,pressure_msl,0.7559676375120302
DR Congo,kinshasa,13-18h,928,surface_pressure,0.6385935515943862
DR Congo,kinshasa,13-18h,928,cloud_cover,27.97724598854305
DR Congo,kinshasa,13-18h,928,wind_speed_10m,3.0127673725960507
DR Congo,kinshasa,13-18h,928,wind_gusts_10m,7.365209749570776
DR Congo,kinshasa,19-24h,276,temperature_2m,0.8926024481451876
DR Congo,kinshasa,19-24h,276,relative_humidity_2m,5.403970628225568
DR Congo,kinshasa,19-24h,276,dew_point_2m,0.8798056438864736
DR Congo,kinshasa,19-24h,276,apparent_temperature,1.2792944160350854
DR Congo,kinshasa,19-24h,276,precipitation,1.161177563223357
DR Congo,kinshasa,19-24h,276,rain,0.9764992189641941
DR Congo,kinshasa,19-24h,276,showers,0.7998188200633543
DR Congo,kinshasa,19-24h,276,snowfall,0
DR Congo,kinshasa,19-24h,276,snow_depth,0
DR Congo,kinshasa,19-24h,276,weather_code,41.34469806360925
DR Congo,kinshasa,19-24h,276,pressure_msl,0.6471789394828511
DR Congo,kinshasa,19-24h,276,surface_pressure,0.5593733553939039
DR Congo,kinshasa,19-24h,276,cloud_cover,26.806607448510725
DR Congo,kinshasa,19-24h,276,wind_speed_10m,2.7579397897811275
DR Congo,kinshasa,19-24h,276,wind_gusts_10m,6.74381627648726
DR Congo,kinshasa,7-12h,1478,temperature_2m,1.5640108392454963
DR Congo,kinshasa,7-12h,1478,relative_humidity_2m,7.470827341314667
DR Congo,kinshasa,7-12h,1478,dew_point_2m,1.0705872075066376
DR Congo,kinshasa,7-12h,1478,apparent_temperature,2.005837219201085
DR Congo,kinshasa,7-12h,1478,precipitation,0.9676911265344318
DR Congo,kinshasa,7-12h,1478,rain,0.9269604905360772
DR Congo,kinshasa,7-12h,1478,showers,0.46045059415935713
DR Congo,kinshasa,7-12h,1478,snowfall,0
DR Congo,kinshasa,7-12h,1478,snow_depth,0
DR Congo,kinshasa,7-12h,1478,weather_code,35.404964369841835
DR Congo,kinshasa,7-12h,1478,pressure_msl,0.8126120199660085
DR Congo,kinshasa,7-12h,1478,surface_pressure,0.6783626709927968
DR Congo,kinshasa,7-12h,1478,cloud_cover,29.878735519851293
DR Congo,kinshasa,7-12h,1478,wind_speed_10m,3.1271888139691537
DR Congo,kinshasa,7-12h,1478,wind_gusts_10m,7.332159868387256
Denmark,copenhagen,0h,372,temperature_2m,0.7735548440635567
Denmark,copenhagen,0h,372,relative_humidity_2m,5.858088792522291
Denmark,copenhagen,0h,372,dew_point_2m,0.857164618259351
Denmark,copenhagen,0h,372,apparent_temperature,1.0594936912131332
Denmark,copenhagen,0h,372,precipitation,0.13440430100644943
Denmark,copenhagen,0h,372,rain,0.1614783849845059
Denmark,copenhagen,0h,372,showers,0
Denmark,copenhagen,0h,372,snowfall,0.04445004445006667
Denmark,copenhagen,0h,372,snow_depth,0.0054378205627915194
Denmark,copenhagen,0h,372,weather_code,15.674100272578286
Denmark,copenhagen,0h,372,pressure_msl,0.30338591060345604
Denmark,copenhagen,0h,372,surface_pressure,0.30338591060345566
Denmark,copenhagen,0h,372,cloud_cover,23.003155463768934
Denmark,copenhagen,0h,372,wind_speed_10m,3.5907063431880295
Denmark,copenhagen,0h,372,wind_gusts_10m,7.57463935051185
Denmark,copenhagen,1-6h,2038,temperature_2m,0.8152797433167406
Denmark,copenhagen,1-6h,2038,relative_humidity_2m,6.013886449352987
Denmark,copenhagen,1-6h,2038,dew_point_2m,0.8439009378678574
Denmark,copenhagen,1-6h,2038,apparent_temperature,1.1275086520952105
Denmark,copenhagen,1-6h,2038,precipitation,0.1947545698889755
Denmark,copenhagen,1-6h,2038,rain,0.19437628289558936
Denmark,copenhagen,1-6h,2038,showers,0
Denmark,copenhagen,1-6h,2038,snowfall,0.07355076755046151
Denmark,copenhagen,1-6h,2038,snow_depth,0.005943799599589349
Denmark,copenhagen,1-6h,2038,weather_code,14.823925704993393
Denmark,copenhagen,1-6h,2038,pressure_msl,0.3224355303720729
Denmark,copenhagen,1-6h,2038,surface_pressure,0.3224355303720729
Denmark,copenhagen,1-6h,2038,cloud_cover,25.528217565099023
Denmark,copenhagen,1-6h,2038,wind_speed_10m,3.874660389056068
Denmark,copenhagen,1-6h,2038,wind_gusts_10m,7.862925264768366
Denmark,copenhagen,13-18h,928,temperature_2m,0.9156564443818058
Denmark,copenhagen,13-18h,928,relative_humidity_2m,6.493531263947381
Denmark,copenhagen,13-18h,928,dew_point_2m,0.9964268057967653
Denmark,copenhagen,13-18h,928,apparent_temperature,1.2715894208322174
Denmark,copenhagen,13-18h,928,precipitation,0.28375560149415613
Denmark,copenhagen,13-18h,928,rain,0.27267828713680536
Denmark,copenhagen,13-18h,928,showers,0
Denmark,copenhagen,13-18h,928,snowfall,0.08719775384642697
Denmark,copenhagen,13-18h,928,snow_depth,0.006106102092056821
Denmark,copenhagen,13-18h,928,weather_code,16.602866391493762
Denmark,copenhagen,13-18h,928,pressure_msl,0.5877888138227625
Denmark,copenhagen,13-18h,928,surface_pressure,0.5877888138227626
Denmark,copenhagen,13-18h,928,cloud_cover,25.895388019677466
Denmark,copenhagen,13-18h,928,wind_speed_10m,4.0249277140649715
Denmark,copenhagen,13-18h,928,wind_gusts_10m,7.595059930298614
Denmark,copenhagen,19-24h,276,temperature_2m,0.9622211623204883
Denmark,copenhagen,19-24h,276,relative_humidity_2m,6.396330469750673
Denmark,copenhagen,19-24h,276,dew_point_2m,1.03209369308428
Denmark,copenhagen,19-24h,276,apparent_temperature,1.3734807153223225
Denmark,copenhagen,19-24h,276,precipitation,0.23926215081285673
Denmark,copenhagen,19-24h,276,rain,0.23895909540204224
Denmark,copenhagen,19-24h,276,showers,0
Denmark,copenhagen,19-24h,276,snowfall,0.08878405653974239
Denmark,copenhagen,19-24h,276,snow_depth,0.006138498140448513
Denmark,copenhagen,19-24h,276,weather_code,16.69613337168871
Denmark,copenhagen,19-24h,276,pressure_msl,0.7883665005125677
Denmark,copenhagen,19-24h,276,surface_pressure,0.7883665005125677
Denmark,copenhagen,19-24h,276,cloud_cover,20.569782255264286
Denmark,copenhagen,19-24h,276,wind_speed_10m,4.487680398860735
Denmark,copenhagen,19-24h,276,wind_gusts_10m,8.493607997287972
Denmark,copenhagen,7-12h,1478,temperature_2m,0.8972593966621423
Denmark,copenhagen,7-12h,1478,relative_humidity_2m,6.594067945537517
Denmark,copenhagen,7-12h,1478,dew_point_2m,0.8906824860373612
Denmark,copenhagen,7-12h,1478,apparent_temperature,1.2199181409570048
Denmark,copenhagen,7-12h,1478,precipitation,0.21227551224477623
Denmark,copenhagen,7-12h,1478,rain,0.19617451014418574
Denmark,copenhagen,7-12h,1478,showers,0
Denmark,copenhagen,7-12h,1478,snowfall,0.08280109691833537
Denmark,copenhagen,7-12h,1478,snow_depth,0.006328833004505448
Denmark,copenhagen,7-12h,1478,weather_code,16.26892569183476
Denmark,copenhagen,7-12h,1478,pressure_msl,0.4254107304482497
Denmark,copenhagen,7-12h,1478,surface_pressure,0.4254107304482497
Denmark,copenhagen,7-12h,1478,cloud_cover,25.747288570673664
Denmark,copenhagen,7-12h,1478,wind_speed_10m,3.7853288468805073
Denmark,copenhagen,7-12h,1478,wind_gusts_10m,7.856214626294131
Ecuador,cuenca,0h,372,temperature_2m,2.059830873107414
Ecuador,cuenca,0h,372,relative_humidity_2m,11.022216079891917
Ecuador,cuenca,0h,372,dew_point_2m,2.0418471502407414
Ecuador,cuenca,0h,372,apparent_temperature,2.7919238366541124
Ecuador,cuenca,0h,372,precipitation,0.7471091238974081
Ecuador,cuenca,0h,372,rain,0.7104443558757427
Ecuador,cuenca,0h,372,showers,0.2508051550635505
Ecuador,cuenca,0h,372,snowfall,0
Ecuador,cuenca,0h,372,snow_depth,0
Ecuador,cuenca,0h,372,weather_code,31.85788334435914
Ecuador,cuenca,0h,372,pressure_msl,1.4505282686195815
Ecuador,cuenca,0h,372,surface_pressure,1.033342004819672
Ecuador,cuenca,0h,372,cloud_cover,32.541949766780355
Ecuador,cuenca,0h,372,wind_speed_10m,5.461030073380441
Ecuador,cuenca,0h,372,wind_gusts_10m,8.568713407645607
Ecuador,cuenca,1-6h,2038,temperature_2m,2.052364059703423
Ecuador,cuenca,1-6h,2038,relative_humidity_2m,10.541380676888279
Ecuador,cuenca,1-6h,2038,dew_point_2m,2.0711746606637176
Ecuador,cuenca,1-6h,2038,apparent_temperature,2.8443632600724977
Ecuador,cuenca,1-6h,2038,precipitation,0.7820797115203393
Ecuador,cuenca,1-6h,2038,rain,0.7351273146829291
Ecuador,cuenca,1-6h,2038,showers,0.3014033255809337
Ecuador,cuenca,1-6h,2038,snowfall,0
Ecuador,cuenca,1-6h,2038,snow_depth,0
Ecuador,cuenca,1-6h,2038,weather_code,34.15596623491463
Ecuador,cuenca,1-6h,2038,pressure_msl,1.53895125066184
Ecuador,cuenca,1-6h,2038,surface_pressure,1.0080101172444274
Ecuador,cuenca,1-6h,2038,cloud_cover,31.916998587310413
Ecuador,cuenca,1-6h,2038,wind_speed_10m,5.442667547208871
Ecuador,cuenca,1-6h,2038,wind_gusts_10m,8.536709393087104
Ecuador,cuenca,13-18h,928,temperature_2m,2.1137582969514357
Ecuador,cuenca,13-18h,928,relative_humidity_2m,11.888581162988523
Ecuador,cuenca,13-18h,928,dew_point_2m,2.440035153788596
Ecuador,cuenca,13-18h,928,apparent_temperature,3.4065542809363123
Ecuador,cuenca,13-18h,928,precipitation,1.0662636181771727
Ecuador,cuenca,13-18h,928,rain,1.0583005244258363
Ecuador,cuenca,13-18h,928,showers,0.39252168839704765
Ecuador,cuenca,13-18h,928,snowfall,0
Ecuador,cuenca,13-18h,928,snow_depth,0
Ecuador,cuenca,13-18h,928,weather_code,37.48180593117238
Ecuador,cuenca,13-18h,928,pressure_msl,1.5928788186910123
Ecuador,cuenca,13-18h,928,surface_pressure,0.6755744681890883
Ecuador,cuenca,13-18h,928,cloud_cover,32.25601387391943
Ecuador,cuenca,13-18h,928,wind_speed_10m,8.333278735453328
Ecuador,cuenca,13-18h,928,wind_gusts_10m,11.680198945813942
Ecuador,cuenca,19-24h,276,temperature_2m,2.087540679114187
Ecuador,cuenca,19-24h,276,relative_humidity_2m,14.53955125595827
Ecuador,cuenca,19-24h,276,dew_point_2m,2.144186613120243
Ecuador,cuenca,19-24h,276,apparent_temperature,2.1900135662342035
Ecuador,cuenca,19-24h,276,precipitation,1.3277691872056505
Ecuador,cuenca,19-24h,276,rain,1.2481290345779645
Ecuador,cuenca,19-24h,276,showers,0.6313661286494526
Ecuador,cuenca,19-24h,276,snowfall,0
Ecuador,cuenca,19-24h,276,snow_depth,0
Ecuador,cuenca,19-24h,276,weather_code,41.47602764929662
Ecuador,cuenca,19-24h,276,pressure_msl,1.3915896446619678
Ecuador,cuenca,19-24h,276,surface_pressure,0.7828320937190316
Ecuador,cuenca,19-24h,276,cloud_cover,24.61839185225762
Ecuador,cuenca,19-24h,276,wind_speed_10m,7.464757778766312
Ecuador,cuenca,19-24h,276,wind_gusts_10m,11.666398547643732
Ecuador,cuenca,7-12h,1478,temperature_2m,1.9567896438859969
Ecuador,cuenca,7-12h,1478,relative_humidity_2m,10.63173689945925
Ecuador,cuenca,7-12h,1478,dew_point_2m,2.141771553097177
Ecuador,cuenca,7-12h,1478,apparent_temperature,2.9516422804188442
Ecuador,cuenca,7-12h,1478,precipitation,0.7697352056870949
Ecuador,cuenca,7-12h,1478,rain,0.7610351898673995
Ecuador,cuenca,7-12h,1478,showers,0.2964923491860216
Ecuador,cuenca,7-12h,1478,snowfall,0
Ecuador,cuenca,7-12h,1478,snow_depth,0
Ecuador,cuenca,7-12h,1478,weather_code,32.53435781493637
Ecuador,cuenca,7-12h,1478,pressure_msl,1.6363471315852764
Ecuador,cuenca,7-12h,1478,surface_pressure,0.8278720459663802
Ecuador,cuenca,7-12h,1478,cloud_cover,34.53567902685189
Ecuador,cuenca,7-12h,1478,wind_speed_10m,6.262750458205974
Ecuador,cuenca,7-12h,1478,wind_gusts_10m,9.140188436511531
Ecuador,quito,0h,372,temperature_2m,2.642487830716325
Ecuador,quito,0h,372,relative_humidity_2m,21.456382362505135
Ecuador,quito,0h,372,dew_point_2m,3.1087718419966746
Ecuador,quito,0h,372,apparent_temperature,2.732982537153704
Ecuador,quito,0h,372,precipitation,1.2487413017553626
Ecuador,quito,0h,372,rain,1.1480933235455613
Ecuador,quito,0h,372,showers,0.38437213151303123
Ecuador,quito,0h,372,snowfall,0
Ecuador,quito,0h,372,snow_depth,0
Ecuador,quito,0h,372,weather_code,33.594754454850836
Ecuador,quito,0h,372,pressure_msl,2.1462269969834638
Ecuador,quito,0h,372,surface_pressure,1.0657674300961524
Ecuador,quito,0h,372,cloud_cover,28.071529218910964
Ecuador,quito,0h,372,wind_speed_10m,2.2754770266747872
Ecuador,quito,0h,372,wind_gusts_10m,7.352177645366865
Ecuador,quito,1-6h,2038,temperature_2m,2.733157003016902
Ecuador,quito,1-6h,2038,relative_humidity_2m,22.80254018871362
Ecuador,quito,1-6h,2038,dew_point_2m,3.418953693341422
Ecuador,quito,1-6h,2038,apparent_temperature,2.8161214009427735
Ecuador,quito,1-6h,2038,precipitation,1.128087302351721
Ecuador,quito,1-6h,2038,rain,1.063346874295308
Ecuador,quito,1-6h,2038,showers,0.3502417502402929
Ecuador,quito,1-6h,2038,snowfall,0
Ecuador,quito,1-6h,2038,snow_depth,0
Ecuador,quito,1-6h,2038,weather_code,35.33505683330862
Ecuador,quito,1-6h,2038,pressure_msl,2.2269184648009555
Ecuador,quito,1-6h,2038,surface_pressure,1.1940727018368007
Ecuador,quito,1-6h,2038,cloud_cover,27.817857030588975
Ecuador,quito,1-6h,2038,wind_speed_10m,2.268498269002453
Ecuador,quito,1-6h,2038,wind_gusts_10m,7.58021157081334
Ecuador,quito,13-18h,928,temperature_2m,3.769258021744168
Ecuador,quito,13-18h,928,relative_humidity_2m,31.565817937588207
Ecuador,quito,13-18h,928,dew_point_2m,3.5466958883075854
Ecuador,quito,13-18h,928,apparent_temperature,3.613495418280067
Ecuador,quito,13-18h,928,precipitation,1.0203849003329999
Ecuador,quito,13-18h,928,rain,0.9005266658250987
Ecuador,quito,13-18h,928,showers,0.5599607436979477
Ecuador,quito,13-18h,928,snowfall,0
Ecuador,quito,13-18h,928,snow_depth,0
Ecuador,quito,13-18h,928,weather_code,38.796940423271735
Ecuador,quito,13-18h,928,pressure_msl,3.422217596217705
Ecuador,quito,13-18h,928,surface_pressure,0.9102505339096298
Ecuador,quito,13-18h,928,cloud_cover,31.80811949042636
Ecuador,quito,13-18h,928,wind_speed_10m,2.5521415956286457
Ecuador,quito,13-18h,928,wind_gusts_10m,8.17627323207323
Ecuador,quito,19-24h,276,temperature_2m,2.7296413736946303
Ecuador,quito,19-24h,276,relative_humidity_2m,23.11988290427195
Ecuador,quito,19-24h,276,dew_point_2m,1.9310956565594073
Ecuador,quito,19-24h,276,apparent_temperature,2.1815265231058945
Ecuador,quito,19-24h,276,precipitation,1.5217743267151262
Ecuador,quito,19-24h,276,rain,1.3876786998124038
Ecuador,quito,19-24h,276,showers,0.44842720314644063
Ecuador,quito,19-24h,276,snowfall,0
Ecuador,quito,19-24h,276,snow_depth,0
Ecuador,quito,19-24h,276,weather_code,37.70172794256349
Ecuador,quito,19-24h,276,pressure_msl,2.719468191830312
Ecuador,quito,19-24h,276,surface_pressure,0.6012065164004083
Ecuador,quito,19-24h,276,cloud_cover,26.480372824556987
Ecuador,quito,19-24h,276,wind_speed_10m,2.476586009180696
Ecuador,quito,19-24h,276,wind_gusts_10m,8.870481090820762
Ecuador,quito,7-12h,1478,temperature_2m,3.0487180917077854
Ecuador,quito,7-12h,1478,relative_humidity_2m,25.22848230374696
Ecuador,quito,7-12h,1478,dew_point_2m,3.4600249516101105
Ecuador,quito,7-12h,1478,apparent_temperature,3.079938579075818
Ecuador,quito,7-12h,1478,precipitation,0.9546449367932881
Ecuador,quito,7-12h,1478,rain,0.8788062391414798
Ecuador,quito,7-12h,1478,showers,0.39858579502359
Ecuador,quito,7-12h,1478,snowfall,0
Ecuador,quito,7-12h,1478,snow_depth,0
Ecuador,quito,7-12h,1478,weather_code,32.65703189315228
Ecuador,quito,7-12h,1478,pressure_msl,2.594891932379985
Ecuador,quito,7-12h,1478,surface_pressure,1.12440030625862
Ecuador,quito,7-12h,1478,cloud_cover,32.12416708586789
Ecuador,quito,7-12h,1478,wind_speed_10m,2.2677625438623554
Ecuador,quito,7-12h,1478,wind_gusts_10m,7.51847881427151
Egypt,cairo,0h,372,temperature_2m,1.1189953251173164
Egypt,cairo,0h,372,relative_humidity_2m,9.610422209963694
Egypt,cairo,0h,372,dew_point_2m,2.2179861058156787
Egypt,cairo,0h,372,apparent_temperature,0.9546715924664175
Egypt,cairo,0h,372,precipitation,0.02743516305843672
Egypt,cairo,0h,372,rain,0.02743516305843672
Egypt,cairo,0h,372,showers,0
Egypt,cairo,0h,372,snowfall,0
Egypt,cairo,0h,372,snow_depth,0
Egypt,cairo,0h,372,weather_code,6.733003292241386
Egypt,cairo,0h,372,pressure_msl,0.3843721315130316
Egypt,cairo,0h,372,surface_pressure,0.38128249905551787
Egypt,cairo,0h,372,cloud_cover,34.57180465956839
Egypt,cairo,0h,372,wind_speed_10m,2.4708406997297216
Egypt,cairo,0h,372,wind_gusts_10m,5.0739107099428855
Egypt,cairo,1-6h,2038,temperature_2m,1.140515352756123
Egypt,cairo,1-6h,2038,relative_humidity_2m,9.221034536294122
Egypt,cairo,1-6h,2038,dew_point_2m,2.256953055602035
Egypt,cairo,1-6h,2038,apparent_temperature,0.925979840686715
Egypt,cairo,1-6h,2038,precipitation,0.02676543697178286
Egypt,cairo,1-6h,2038,rain,0.0244668368209614
Egypt,cairo,1-6h,2038,showers,0.01038984935299919
Egypt,cairo,1-6h,2038,snowfall,0
Egypt,cairo,1-6h,2038,snow_depth,0
Egypt,cairo,1-6h,2038,weather_code,6.810558678929095
Egypt,cairo,1-6h,2038,pressure_msl,0.368696614205761
Egypt,cairo,1-6h,2038,surface_pressure,0.365045334407548
Egypt,cairo,1-6h,2038,cloud_cover,34.52489821365727
Egypt,cairo,1-6h,2038,wind_speed_10m,2.520502777079205
Egypt,cairo,1-6h,2038,wind_gusts_10m,5.104269028567761
Egypt,cairo,13-18h,928,temperature_2m,1.1752292512967197
Egypt,cairo,13-18h,928,relative_humidity_2m,10.395518762660553
Egypt,cairo,13-18h,928,dew_point_2m,2.5095807796632434
Egypt,cairo,13-18h,928,apparent_temperature,0.8424870816568172
Egypt,cairo,13-18h,928,precipitation,0.006565321642986129
Egypt,cairo,13-18h,928,rain,0
Egypt,cairo,13-18h,928,showers,0.006565321642986129
Egypt,cairo,13-18h,928,snowfall,0
Egypt,cairo,13-18h,928,snow_depth,0
Egypt,cairo,13-18h,928,weather_code,1.1962585350828727
Egypt,cairo,13-18h,928,pressure_msl,0.4440943904016481
Egypt,cairo,13-18h,928,surface_pressure,0.44124627574866626
Egypt,cairo,13-18h,928,cloud_cover,34.95767144853113
Egypt,cairo,13-18h,928,wind_speed_10m,2.8607894678410615
Egypt,cairo,13-18h,928,wind_gusts_10m,5.676729570861172
Egypt,cairo,19-24h,276,temperature_2m,1.1003293314645208
Egypt,cairo,19-24h,276,relative_humidity_2m,10.733598880503045
Egypt,cairo,19-24h,276,dew_point_2m,2.0569606113199495
Egypt,cairo,19-24h,276,apparent_temperature,0.8422278943890167
Egypt,cairo,19-24h,276,precipitation,0
Egypt,cairo,19-24h,276,rain,0
Egypt,cairo,19-24h,276,showers,0
Egypt,cairo,19-24h,276,snowfall,0
Egypt,cairo,19-24h,276,snow_depth,0
Egypt,cairo,19-24h,276,weather_code,1.0700128673207085
Egypt,cairo,19-24h,276,pressure_msl,0.4354740878162787
Egypt,cairo,19-24h,276,surface_pressure,0.4347246338159091
Egypt,cairo,19-24h,276,cloud_cover,32.0105281593959
Egypt,cairo,19-24h,276,wind_speed_10m,2.7703790354390136
Egypt,cairo,19-24h,276,wind_gusts_10m,5.648419042631258
Egypt,cairo,7-12h,1478,temperature_2m,1.1116433847619387
Egypt,cairo,7-12h,1478,relative_humidity_2m,9.16212418716913
Egypt,cairo,7-12h,1478,dew_point_2m,2.574216382992735
Egypt,cairo,7-12h,1478,apparent_temperature,0.8061838134081788
Egypt,cairo,7-12h,1478,precipitation,0.03099609299226024
Egypt,cairo,7-12h,1478,rain,0.03033417843945592
Egypt,cairo,7-12h,1478,showers,0.006371451890118298
Egypt,cairo,7-12h,1478,snowfall,0
Egypt,cairo,7-12h,1478,snow_depth,0
Egypt,cairo,7-12h,1478,weather_code,5.66414547644648
Egypt,cairo,7-12h,1478,pressure_msl,0.418612955479476
Egypt,cairo,7-12h,1478,surface_pressure,0.41611646126648294
Egypt,cairo,7-12h,1478,cloud_cover,33.15078113077449
Egypt,cairo,7-12h,1478,wind_speed_10m,2.56321432170598
Egypt,cairo,7-12h,1478,wind_gusts_10m,4.991173535468762
Estonia,tallinn,0h,372,temperature_2m,1.0787786802028556
Estonia,tallinn,0h,372,relative_humidity_2m,6.856046699380483
Estonia,tallinn,0h,372,dew_point_2m,0.9404014242384352
Estonia,tallinn,0h,372,apparent_temperature,0.8817748475208567
Estonia,tallinn,0h,372,precipitation,0.2234865467072678
Estonia,tallinn,0h,372,rain,0.22432695033178982
Estonia,tallinn,0h,372,showers,0
Estonia,tallinn,0h,372,snowfall,0.045038812413915996
Estonia,tallinn,0h,372,snow_depth,0.005726752912840852
Estonia,tallinn,0h,372,weather_code,21.89245463378817
Estonia,tallinn,0h,372,pressure_msl,0.39533570870925294
Estonia,tallinn,0h,372,surface_pressure,0.392058257685459
Estonia,tallinn,0h,372,cloud_cover,21.56211332830796
Estonia,tallinn,0h,372,wind_speed_10m,4.147683639080068
Estonia,tallinn,0h,372,wind_gusts_10m,4.7317731791956
Estonia,tallinn,1-6h,2038,temperature_2m,1.179423687876848
Estonia,tallinn,1-6h,2038,relative_humidity_2m,6.92196798781514
Estonia,tallinn,1-6h,2038,dew_point_2m,0.9859015988974446
Estonia,tallinn,1-6h,2038,apparent_temperature,1.0172602663331813
Estonia,tallinn,1-6h,2038,precipitation,0.22091343959105994
Estonia,tallinn,1-6h,2038,rain,0.1869910495199939
Estonia,tallinn,1-6h,2038,showers,0
Estonia,tallinn,1-6h,2038,snowfall,0.08458871228088631
Estonia,tallinn,1-6h,2038,snow_depth,0.006265314896766386
Estonia,tallinn,1-6h,2038,weather_code,20.55686958523255
Estonia,tallinn,1-6h,2038,pressure_msl,0.35800121161411524
Estonia,tallinn,1-6h,2038,surface_pressure,0.35599450878432387
Estonia,tallinn,1-6h,2038,cloud_cover,24.20346368938333
Estonia,tallinn,1-6h,2038,wind_speed_10m,3.787350466025352
Estonia,tallinn,1-6h,2038,wind_gusts_10m,4.864537917029919
Estonia,tallinn,13-18h,928,temperature_2m,1.4543410049299612
Estonia,tallinn,13-18h,928,relative_humidity_2m,7.947700816957195
Estonia,tallinn,13-18h,928,dew_point_2m,1.2468062648499025
Estonia,tallinn,13-18h,928,apparent_temperature,1.328094954021192
Estonia,tallinn,13-18h,928,precipitation,0.205579500521046
Estonia,tallinn,13-18h,928,rain,0.19810524893392506
Estonia,tallinn,13-18h,928,showers,0
Estonia,tallinn,13-18h,928,snowfall,0.05533985905294664
Estonia,tallinn,13-18h,928,snow_depth,0.00869750261420702
Estonia,tallinn,13-18h,928,weather_code,22.6408903047805
Estonia,tallinn,13-18h,928,pressure_msl,0.6075672234695342
Estonia,tallinn,13-18h,928,surface_pressure,0.6037954666252815
Estonia,tallinn,13-18h,928,cloud_cover,27.32282265672847
Estonia,tallinn,13-18h,928,wind_speed_10m,3.478397000006637
Estonia,tallinn,13-18h,928,wind_gusts_10m,5.308954699373503
Estonia,tallinn,19-24h,276,temperature_2m,1.627659473697997
Estonia,tallinn,19-24h,276,relative_humidity_2m,8.159639094036423
Estonia,tallinn,19-24h,276,dew_point_2m,1.4751811482966608
Estonia,tallinn,19-24h,276,apparent_temperature,1.5418086499444341
Estonia,tallinn,19-24h,276,precipitation,0.1560378995210988
Estonia,tallinn,19-24h,276,rain,0.15369836826003425
Estonia,tallinn,19-24h,276,showers,0
Estonia,tallinn,19-24h,276,snowfall,0.0206418738616856
Estonia,tallinn,19-24h,276,snow_depth,0.008340576562282992
Estonia,tallinn,19-24h,276,weather_code,22.9490614250312
Estonia,tallinn,19-24h,276,pressure_msl,0.771644207266988
Estonia,tallinn,19-24h,276,surface_pressure,0.7652791477056281
Estonia,tallinn,19-24h,276,cloud_cover,26.500205085342593
Estonia,tallinn,19-24h,276,wind_speed_10m,3.50703227277977
Estonia,tallinn,19-24h,276,wind_gusts_10m,5.70882865723619
Estonia,tallinn,7-12h,1478,temperature_2m,1.3376002991239606
Estonia,tallinn,7-12h,1478,relative_humidity_2m,7.442972182672947
Estonia,tallinn,7-12h,1478,dew_point_2m,1.1128539181002703
Estonia,tallinn,7-12h,1478,apparent_temperature,1.1649249193226998
Estonia,tallinn,7-12h,1478,precipitation,0.2180613313932232
Estonia,tallinn,7-12h,1478,rain,0.1815956936176078
Estonia,tallinn,7-12h,1478,showers,0
Estonia,tallinn,7-12h,1478,snowfall,0.09129425725261787
Estonia,tallinn,7-12h,1478,snow_depth,0.007872461035818923
Estonia,tallinn,7-12h,1478,weather_code,21.48442492151907
Estonia,tallinn,7-12h,1478,pressure_msl,0.42482186030208835
Estonia,tallinn,7-12h,1478,surface_pressure,0.42191329137606487
Estonia,tallinn,7-12h,1478,cloud_cover,26.510829609869212
Estonia,tallinn,7-12h,1478,wind_speed_10m,3.621644076752143
Estonia,tallinn,7-12h,1478,wind_gusts_10m,4.785206397913886
Finland,helsinki,0h,372,temperature_2m,1.1677798069068308
Finland,helsinki,0h,372,relative_humidity_2m,5.935586137501412
Finland,helsinki,0h,372,dew_point_2m,1.1086415207385012
Finland,helsinki,0h,372,apparent_temperature,1.10085499518788
Finland,helsinki,0h,372,precipitation,0.13658665373488957
Finland,helsinki,0h,372,rain,0.14461666050156066
Finland,helsinki,0h,372,showers,0
Finland,helsinki,0h,372,snowfall,0.03975732839729454
Finland,helsinki,0h,372,snow_depth,0.005679618342470648
Finland,helsinki,0h,372,weather_code,22.521196706109308
Finland,helsinki,0h,372,pressure_msl,0.3388786061075792
Finland,helsinki,0h,372,surface_pressure,0.3376866270146255
Finland,helsinki,0h,372,cloud_cover,19.539868259865603
Finland,helsinki,0h,372,wind_speed_10m,6.136489662367572
Finland,helsinki,0h,372,wind_gusts_10m,4.9421056850446385
Finland,helsinki,1-6h,2038,temperature_2m,1.2141664615162344
Finland,helsinki,1-6h,2038,relative_humidity_2m,5.547634741643761
Finland,helsinki,1-6h,2038,dew_point_2m,1.0648409096690494
Finland,helsinki,1-6h,2038,apparent_temperature,1.1690018220939098
Finland,helsinki,1-6h,2038,precipitation,0.18394862106404625
Finland,helsinki,1-6h,2038,rain,0.18397529381428637
Finland,helsinki,1-6h,2038,showers,0
Finland,helsinki,1-6h,2038,snowfall,0.06726757315698131
Finland,helsinki,1-6h,2038,snow_depth,0.005416871111614433
Finland,helsinki,1-6h,2038,weather_code,21.21669589013809
Finland,helsinki,1-6h,2038,pressure_msl,0.35631138315585625
Finland,helsinki,1-6h,2038,surface_pressure,0.3532270965636857
Finland,helsinki,1-6h,2038,cloud_cover,21.923634076241335
Finland,helsinki,1-6h,2038,wind_speed_10m,5.802225386075116
Finland,helsinki,1-6h,2038,wind_gusts_10m,4.85996240146673
Finland,helsinki,13-18h,928,temperature_2m,1.35904536728721
Finland,helsinki,13-18h,928,relative_humidity_2m,5.919175443508537
Finland,helsinki,13-18h,928,dew_point_2m,1.1235335269616553
Finland,helsinki,13-18h,928,apparent_temperature,1.2271181546685883
Finland,helsinki,13-18h,928,precipitation,0.433559843540698
Finland,helsinki,13-18h,928,rain,0.4280066064588417
Finland,helsinki,13-18h,928,showers,0
Finland,helsinki,13-18h,928,snowfall,0.09629113541038287
Finland,helsinki,13-18h,928,snow_depth,0.0054337705204549735
Finland,helsinki,13-18h,928,weather_code,21.78999493598713
Finland,helsinki,13-18h,928,pressure_msl,0.6573687098498471
Finland,helsinki,13-18h,928,surface_pressure,0.6571555738756713
Finland,helsinki,13-18h,928,cloud_cover,25.088850731639397
Finland,helsinki,13-18h,928,wind_speed_10m,5.645518133882842
Finland,helsinki,13-18h,928,wind_gusts_10m,5.417546126659445
Finland,helsinki,19-24h,276,temperature_2m,1.470408599429207
Finland,helsinki,19-24h,276,relative_humidity_2m,5.984884341381222
Finland,helsinki,19-24h,276,dew_point_2m,1.2923969417607206
Finland,helsinki,19-24h,276,apparent_temperature,1.257470430689315
Finland,helsinki,19-24h,276,precipitation,0.8455338764543288
Finland,helsinki,19-24h,276,rain,0.8453195948227537
Finland,helsinki,19-24h,276,showers,0
Finland,helsinki,19-24h,276,snowfall,0.013324272283470419
Finland,helsinki,19-24h,276,snow_depth,0.005247497678328021
Finland,helsinki,19-24h,276,weather_code,21.72672834638665
Finland,helsinki,19-24h,276,pressure_msl,0.8292654336340582
Finland,helsinki,19-24h,276,surface_pressure,0.8283474031406503
Finland,helsinki,19-24h,276,cloud_cover,26.192570027350907
Finland,helsinki,19-24h,276,wind_speed_10m,6.061018233678687
Finland,helsinki,19-24h,276,wind_gusts_10m,6.614591906305068
Finland,helsinki,7-12h,1478,temperature_2m,1.2716328352394015
Finland,helsinki,7-12h,1478,relative_humidity_2m,6.212846266246319
Finland,helsinki,7-12h,1478,dew_point_2m,1.070182663704744
Finland,helsinki,7-12h,1478,apparent_temperature,1.1706607319762072
Finland,helsinki,7-12h,1478,precipitation,0.29083892467868605
Finland,helsinki,7-12h,1478,rain,0.28413151388993385
Finland,helsinki,7-12h,1478,showers,0
Finland,helsinki,7-12h,1478,snowfall,0.08171288723610298
Finland,helsinki,7-12h,1478,snow_depth,0.005431327960086145
Finland,helsinki,7-12h,1478,weather_code,21.53572730938635
Finland,helsinki,7-12h,1478,pressure_msl,0.4591131063085689
Finland,helsinki,7-12h,1478,surface_pressure,0.4577257423498747
Finland,helsinki,7-12h,1478,cloud_cover,22.99599894598364
Finland,helsinki,7-12h,1478,wind_speed_10m,5.841728477966446
Finland,helsinki,7-12h,1478,wind_gusts_10m,5.126866800835061
France,aix-en-provence,0h,372,temperature_2m,1.5737087213919057
France,aix-en-provence,0h,372,relative_humidity_2m,7.670989898409812
France,aix-en-provence,0h,372,dew_point_2m,1.4421273115767896
France,aix-en-provence,0h,372,apparent_temperature,1.8765960948552052
France,aix-en-provence,0h,372,precipitation,0.8020806277010644
France,aix-en-provence,0h,372,rain,0.8066924371605594
France,aix-en-provence,0h,372,showers,0.045199676466631616
France,aix-en-provence,0h,372,snowfall,0
France,aix-en-provence,0h,372,snow_depth,0
France,aix-en-provence,0h,372,weather_code,22.427661492005804
France,aix-en-provence,0h,372,pressure_msl,0.49578871670591473
France,aix-en-provence,0h,372,surface_pressure,0.5066758629612492
France,aix-en-provence,0h,372,cloud_cover,33.63010364194172
France,aix-en-provence,0h,372,wind_speed_10m,3.7956681591247605
France,aix-en-provence,0h,372,wind_gusts_10m,6.027401587124681
France,aix-en-provence,1-6h,2038,temperature_2m,1.5495353699126724
France,aix-en-provence,1-6h,2038,relative_humidity_2m,8.079098658419937
France,aix-en-provence,1-6h,2038,dew_point_2m,1.5478244569583433
France,aix-en-provence,1-6h,2038,apparent_temperature,1.8258959380116648
France,aix-en-provence,1-6h,2038,precipitation,0.5193696640063687
France,aix-en-provence,1-6h,2038,rain,0.5250636673390839
France,aix-en-provence,1-6h,2038,showers,0.05241938527772903
France,aix-en-provence,1-6h,2038,snowfall,0.007906469941026851
France,aix-en-provence,1-6h,2038,snow_depth,0
France,aix-en-provence,1-6h,2038,weather_code,20.94998483467496
France,aix-en-provence,1-6h,2038,pressure_msl,0.4958413909560988
France,aix-en-provence,1-6h,2038,surface_pressure,0.4968596178823909
France,aix-en-provence,1-6h,2038,cloud_cover,33.62090218581333
France,aix-en-provence,1-6h,2038,wind_speed_10m,3.9071095962934645
France,aix-en-provence,1-6h,2038,wind_gusts_10m,6.121692794422439
France,aix-en-provence,13-18h,928,temperature_2m,1.8115351177271228
France,aix-en-provence,13-18h,928,relative_humidity_2m,8.557991828573513
France,aix-en-provence,13-18h,928,dew_point_2m,1.364655444703395
France,aix-en-provence,13-18h,928,apparent_temperature,2.074215680601989
France,aix-en-provence,13-18h,928,precipitation,0.40096865472124565
France,aix-en-provence,13-18h,928,rain,0.3874096112599063
France,aix-en-provence,13-18h,928,showers,0.08160565396233702
France,aix-en-provence,13-18h,928,snowfall,0.009749005254295222
France,aix-en-provence,13-18h,928,snow_depth,0
France,aix-en-provence,13-18h,928,weather_code,20.898925479720162
France,aix-en-provence,13-18h,928,pressure_msl,0.5856215383734611
France,aix-en-provence,13-18h,928,surface_pressure,0.6109983351182227
France,aix-en-provence,13-18h,928,cloud_cover,31.37165973426906
France,aix-en-provence,13-18h,928,wind_speed_10m,3.788096715256612
France,aix-en-provence,13-18h,928,wind_gusts_10m,5.398561031135663
France,aix-en-provence,19-24h,276,temperature_2m,1.786422219920612
France,aix-en-provence,19-24h,276,relative_humidity_2m,7.055165647866858
France,aix-en-provence,19-24h,276,dew_point_2m,1.4547523321260176
France,aix-en-provence,19-24h,276,apparent_temperature,2.161035044548819
France,aix-en-provence,19-24h,276,precipitation,0.23312620206007845
France,aix-en-provence,19-24h,276,rain,0.23911067112004486
France,aix-en-provence,19-24h,276,showers,0
France,aix-en-provence,19-24h,276,snowfall,0
France,aix-en-provence,19-24h,276,snow_depth,0
France,aix-en-provence,19-24h,276,weather_code,24.97970190467406
France,aix-en-provence,19-24h,276,pressure_msl,0.5646597025732805
France,aix-en-provence,19-24h,276,surface_pressure,0.6314235125285662
France,aix-en-provence,19-24h,276,cloud_cover,32.80994900366638
France,aix-en-provence,19-24h,276,wind_speed_10m,3.827105842596306
France,aix-en-provence,19-24h,276,wind_gusts_10m,5.739861887951105
France,aix-en-provence,7-12h,1478,temperature_2m,1.5249925131252142
France,aix-en-provence,7-12h,1478,relative_humidity_2m,8.28149869095779
France,aix-en-provence,7-12h,1478,dew_point_2m,1.5236298443424643
France,aix-en-provence,7-12h,1478,apparent_temperature,1.6856996234704258
France,aix-en-provence,7-12h,1478,precipitation,0.44946216543739836
France,aix-en-provence,7-12h,1478,rain,0.4459864619267288
France,aix-en-provence,7-12h,1478,showers,0.03310703517499694
France,aix-en-provence,7-12h,1478,snowfall,0.00928426433682544
France,aix-en-provence,7-12h,1478,snow_depth,0
France,aix-en-provence,7-12h,1478,weather_code,20.635210393493978
France,aix-en-provence,7-12h,1478,pressure_msl,0.5395708212804571
France,aix-en-provence,7-12h,1478,surface_pressure,0.5328327036901798
France,aix-en-provence,7-12h,1478,cloud_cover,32.52241862355636
France,aix-en-provence,7-12h,1478,wind_speed_10m,4.044008582176835
France,aix-en-provence,7-12h,1478,wind_gusts_10m,6.275390644429193
France,bordeaux,0h,372,temperature_2m,1.0155246538517149
France,bordeaux,0h,372,relative_humidity_2m,5.0842366551520195
France,bordeaux,0h,372,dew_point_2m,0.9444518237114204
France,bordeaux,0h,372,apparent_temperature,1.3243582337052147
France,bordeaux,0h,372,precipitation,0.38792250639495246
France,bordeaux,0h,372,rain,0.3879917968315853
France,bordeaux,0h,372,showers,0.007332355751067665
France,bordeaux,0h,372,snowfall,0
France,bordeaux,0h,372,snow_depth,0
France,bordeaux,0h,372,weather_code,23.298899323303225
France,bordeaux,0h,372,pressure_msl,0.43841110966223307
France,bordeaux,0h,372,surface_pressure,0.43446914834107087
France,bordeaux,0h,372,cloud_cover,28.85810670471376
France,bordeaux,0h,372,wind_speed_10m,3.4753355218233697
France,bordeaux,0h,372,wind_gusts_10m,6.5990672198457725
France,bordeaux,1-6h,2038,temperature_2m,0.9737930049485629
France,bordeaux,1-6h,2038,relative_humidity_2m,5.495291945139584
France,bordeaux,1-6h,2038,dew_point_2m,0.9569845509800688
France,bordeaux,1-6h,2038,apparent_temperature,1.2983419637212563
France,bordeaux,1-6h,2038,precipitation,0.3833379556262969
France,bordeaux,1-6h,2038,rain,0.3837729128992453
France,bordeaux,1-6h,2038,showers,0.04667554474174002
France,bordeaux,1-6h,2038,snowfall,0.008771440855472941
France,bordeaux,1-6h,2038,snow_depth,0
France,bordeaux,1-6h,2038,weather_code,22.431927337668373
France,bordeaux,1-6h,2038,pressure_msl,0.44618104731963054
France,bordeaux,1-6h,2038,surface_pressure,0.4437218801993171
France,bordeaux,1-6h,2038,cloud_cover,32.78548650871825
France,bordeaux,1-6h,2038,wind_speed_10m,3.4457879167218777
France,bordeaux,1-6h,2038,wind_gusts_10m,6.681122616086868
France,bordeaux,13-18h,928,temperature_2m,1.0693415634446952
France,bordeaux,13-18h,928,relative_humidity_2m,5.7977775171121415
France,bordeaux,13-18h,928,dew_point_2m,1.0109209696591281
France,bordeaux,13-18h,928,apparent_temperature,1.4002001088514406
France,bordeaux,13-18h,928,precipitation,0.39659107750757666
France,bordeaux,13-18h,928,rain,0.3927961215483782
France,bordeaux,13-18h,928,showers,0.03535533905932738
France,bordeaux,13-18h,928,snowfall,0
France,bordeaux,13-18h,928,snow_depth,0
France,bordeaux,13-18h,928,weather_code,23.542240100838264
France,bordeaux,13-18h,928,pressure_msl,0.5937352539003753
France,bordeaux,13-18h,928,surface_pressure,0.5942976149812587
France,bordeaux,13-18h,928,cloud_cover,34.25251689720193
France,bordeaux,13-18h,928,wind_speed_10m,3.474500708362828
France,bordeaux,13-18h,928,wind_gusts_10m,6.883641903968346
France,bordeaux,19-24h,276,temperature_2m,1.1317230674724605
France,bordeaux,19-24h,276,relative_humidity_2m,5.253708145240114
France,bordeaux,19-24h,276,dew_point_2m,0.977203937892129
France,bordeaux,19-24h,276,apparent_temperature,1.5213695203307132
France,bordeaux,19-24h,276,precipitation,0.26689301987495107
France,bordeaux,19-24h,276,rain,0.25693285650851116
France,bordeaux,19-24h,276,showers,0.038069349381344056
France,bordeaux,19-24h,276,snowfall,0
France,bordeaux,19-24h,276,snow_depth,0
France,bordeaux,19-24h,276,weather_code,22.395489970404594
France,bordeaux,19-24h,276,pressure_msl,0.5989725502408557
France,bordeaux,19-24h,276,surface_pressure,0.5961227380670695
France,bordeaux,19-24h,276,cloud_cover,31.387480195827735
France,bordeaux,19-24h,276,wind_speed_10m,3.8281186963864102
France,bordeaux,19-24h,276,wind_gusts_10m,7.6385084665923415
France,bordeaux,7-12h,1478,temperature_2m,1.0150358119761322
France,bordeaux,7-12h,1478,relative_humidity_2m,6.1254366611353115
France,bordeaux,7-12h,1478,dew_point_2m,0.9992825572522956
France,bordeaux,7-12h,1478,apparent_temperature,1.278843142645416
France,bordeaux,7-12h,1478,precipitation,0.41046855961244
France,bordeaux,7-12h,1478,rain,0.4121792639157932
France,bordeaux,7-12h,1478,showers,0.016034468960895342
France,bordeaux,7-12h,1478,snowfall,0
France,bordeaux,7-12h,1478,snow_depth,0
France,bordeaux,7-12h,1478,weather_code,20.60975109807887
France,bordeaux,7-12h,1478,pressure_msl,0.5077744696647329
France,bordeaux,7-12h,1478,surface_pressure,0.5076545339556608
France,bordeaux,7-12h,1478,cloud_cover,34.09004632524536
France,bordeaux,7-12h,1478,wind_speed_10m,3.2445165566016527
France,bordeaux,7-12h,1478,wind_gusts_10m,6.313676972632482
France,cannes,0h,372,temperature_2m,1.6508062546291071
France,cannes,0h,372,relative_humidity_2m,12.699166004281583
France,cannes,0h,372,dew_point_2m,2.4432263175378734
France,cannes,0h,372,apparent_temperature,1.443617767300097
France,cannes,0h,372,precipitation,0.9126353191754369
France,cannes,0h,372,rain,0.8419128246446156
France,cannes,0h,372,showers,0
France,cannes,0h,372,snowfall,0
France,cannes,0h,372,snow_depth,0.0016395645894598824
France,cannes,0h,372,weather_code,20.35491539272913
France,cannes,0h,372,pressure_msl,0.5793025097904019
France,cannes,0h,372,surface_pressure,0.5679618342470699
France,cannes,0h,372,cloud_cover,37.646273859226376
France,cannes,0h,372,wind_speed_10m,5.3595508157154885
France,cannes,0h,372,wind_gusts_10m,7.251466295919758
France,cannes,1-6h,2038,temperature_2m,1.7351020140091606
France,cannes,1-6h,2038,relative_humidity_2m,12.25017273716108
France,cannes,1-6h,2038,dew_point_2m,2.4158090703076205
France,cannes,1-6h,2038,apparent_temperature,1.6261419328793223
France,cannes,1-6h,2038,precipitation,1.0822549424925525
France,cannes,1-6h,2038,rain,1.097946160047523
France,cannes,1-6h,2038,showers,0
France,cannes,1-6h,2038,snowfall,0.11245760295862264
France,cannes,1-6h,2038,snow_depth,0.001744189850206197
France,cannes,1-6h,2038,weather_code,19.99369380461987
France,cannes,1-6h,2038,pressure_msl,0.6146398452364651
France,cannes,1-6h,2038,surface_pressure,0.6058838101188078
France,cannes,1-6h,2038,cloud_cover,32.94136403035808
France,cannes,1-6h,2038,wind_speed_10m,5.1839546363975515
France,cannes,1-6h,2038,wind_gusts_10m,8.202518223154255
France,cannes,13-18h,928,temperature_2m,2.010725550983851
France,cannes,13-18h,928,relative_humidity_2m,15.111938646486506
France,cannes,13-18h,928,dew_point_2m,2.9931927078300347
France,cannes,13-18h,928,apparent_temperature,1.889136365352314
France,cannes,13-18h,928,precipitation,0.7698661997498276
France,cannes,13-18h,928,rain,0.720452444050217
France,cannes,13-18h,928,showers,0
France,cannes,13-18h,928,snowfall,0
France,cannes,13-18h,928,snow_depth,0.0014680505487867587
France,cannes,13-18h,928,weather_code,19.170064666305766
France,cannes,13-18h,928,pressure_msl,0.7724094635038777
France,cannes,13-18h,928,surface_pressure,0.7595512513637744
France,cannes,13-18h,928,cloud_cover,37.45307408772596
France,cannes,13-18h,928,wind_speed_10m,5.522456115871283
France,cannes,13-18h,928,wind_gusts_10m,9.866859368264222
France,cannes,19-24h,276,temperature_2m,2.2142162548379067
France,cannes,19-24h,276,relative_humidity_2m,16.465818789413333
France,cannes,19-24h,276,dew_point_2m,3.4181209347589916
France,cannes,19-24h,276,apparent_temperature,2.0411171990578727
France,cannes,19-24h,276,precipitation,1.1848989438962199
France,cannes,19-24h,276,rain,1.0766628527773792
France,cannes,19-24h,276,showers,0
France,cannes,19-24h,276,snowfall,0
France,cannes,19-24h,276,snow_depth,0.0014744195615489714
France,cannes,19-24h,276,weather_code,16.47549783725843
France,cannes,19-24h,276,pressure_msl,0.8193758671050765
France,cannes,19-24h,276,surface_pressure,0.802125798800559
France,cannes,19-24h,276,cloud_cover,38.85452242717028
France,cannes,19-24h,276,wind_speed_10m,5.32147004861071
France,cannes,19-24h,276,wind_gusts_10m,8.843551650615348
France,cannes,7-12h,1478,temperature_2m,1.6275827814337083
France,cannes,7-12h,1478,relative_humidity_2m,12.115256153479024
France,cannes,7-12h,1478,dew_point_2m,2.401206282326483
France,cannes,7-12h,1478,apparent_temperature,1.5598697076153925
France,cannes,7-12h,1478,precipitation,0.9399709205763194
France,cannes,7-12h,1478,rain,0.8776197974041321
France,cannes,7-12h,1478,showers,0
France,cannes,7-12h,1478,snowfall,0.13205464895728355
France,cannes,7-12h,1478,snow_depth,0.0020809074735308347
France,cannes,7-12h,1478,weather_code,18.564957459333083
France,cannes,7-12h,1478,pressure_msl,0.7400490054358224
France,cannes,7-12h,1478,surface_pressure,0.7306271056590257
France,cannes,7-12h,1478,cloud_cover,32.102192203165586
France,cannes,7-12h,1478,wind_speed_10m,4.971590467110677
France,cannes,7-12h,1478,wind_gusts_10m,8.559686170312288
France,lyon,0h,372,temperature_2m,1.5591905813008249
France,lyon,0h,372,relative_humidity_2m,8.596385837220522
France,lyon,0h,372,dew_point_2m,0.961685348582071
France,lyon,0h,372,apparent_temperature,2.00426963610028
France,lyon,0h,372,precipitation,0.4079848194519323
France,lyon,0h,372,rain,0.406334255117287
France,lyon,0h,372,showers,0.01466471150213533
France,lyon,0h,372,snowfall,0
France,lyon,0h,372,snow_depth,0
France,lyon,0h,372,weather_code,20.955405800367227
France,lyon,0h,372,pressure_msl,0.4139372972099846
France,lyon,0h,372,surface_pressure,0.38332164545061126
France,lyon,0h,372,cloud_cover,26.245224860095774
France,lyon,0h,372,wind_speed_10m,4.874820095936047
France,lyon,0h,372,wind_gusts_10m,9.173216623726185
France,lyon,1-6h,2036,temperature_2m,1.6840987515903143
France,lyon,1-6h,2036,relative_humidity_2m,8.933282506770736
France,lyon,1-6h,2036,dew_point_2m,1.0581891341414027
France,lyon,1-6h,2036,apparent_temperature,2.0890537051746962
France,lyon,1-6h,2036,precipitation,0.5847354278891298
France,lyon,1-6h,2036,rain,0.596840074606413
France,lyon,1-6h,2036,showers,0.04262967043705252
France,lyon,1-6h,2036,snowfall,0.0038000103401782596
France,lyon,1-6h,2036,snow_depth,0
France,lyon,1-6h,2036,weather_code,25.04853834227617
France,lyon,1-6h,2036,pressure_msl,0.4473892834248273
France,lyon,1-6h,2036,surface_pressure,0.4198184657733891
France,lyon,1-6h,2036,cloud_cover,28.286476528907453
France,lyon,1-6h,2036,wind_speed_10m,4.870161948711743
France,lyon,1-6h,2036,wind_gusts_10m,9.211476889364734
France,lyon,13-18h,928,temperature_2m,1.991885478289525
France,lyon,13-18h,928,relative_humidity_2m,9.992022680187397
France,lyon,13-18h,928,dew_point_2m,1.180818316487225
France,lyon,13-18h,928,apparent_temperature,2.3889156752485583
France,lyon,13-18h,928,precipitation,0.5117161794157599
France,lyon,13-18h,928,rain,0.4913036844405174
France,lyon,13-18h,928,showers,0.024122532033850386
France,lyon,13-18h,928,snowfall,0.08652909616284352
France,lyon,13-18h,928,snow_depth,0.0013130643285972257
France,lyon,13-18h,928,weather_code,23.86478613441527
France,lyon,13-18h,928,pressure_msl,0.5332076001217424
France,lyon,13-18h,928,surface_pressure,0.5377154740515545
France,lyon,13-18h,928,cloud_cover,34.906803259437886
France,lyon,13-18h,928,wind_speed_10m,3.7738465924634874
France,lyon,13-18h,928,wind_gusts_10m,6.964416949628724
France,lyon,19-24h,276,temperature_2m,2.038257283471149
France,lyon,19-24h,276,relative_humidity_2m,9.847386175668833
France,lyon,19-24h,276,dew_point_2m,1.1780295510675467
France,lyon,19-24h,276,apparent_temperature,2.54776116551802
France,lyon,19-24h,276,precipitation,0.7176854908440855
France,lyon,19-24h,276,rain,0.7162705342682119
France,lyon,19-24h,276,showers,0.012038585308576922
France,lyon,19-24h,276,snowfall,0.03038401562988509
France,lyon,19-24h,276,snow_depth,0.002085144140570748
France,lyon,19-24h,276,weather_code,23.240862315314814
France,lyon,19-24h,276,pressure_msl,0.5533822223906075
France,lyon,19-24h,276,surface_pressure,0.6035522863173091
France,lyon,19-24h,276,cloud_cover,35.486372154612425
France,lyon,19-24h,276,wind_speed_10m,4.463937626181036
France,lyon,19-24h,276,wind_gusts_10m,8.185392609637796
France,lyon,7-12h,1478,temperature_2m,1.7539863740265018
France,lyon,7-12h,1478,relative_humidity_2m,9.738877629536436
France,lyon,7-12h,1478,dew_point_2m,1.112932952350502
France,lyon,7-12h,1478,apparent_temperature,2.075212951884655
France,lyon,7-12h,1478,precipitation,0.4502029312391762
France,lyon,7-12h,1478,rain,0.45147990003467264
France,lyon,7-12h,1478,showers,0.026780317131361468
France,lyon,7-12h,1478,snowfall,0.004460016323082808
France,lyon,7-12h,1478,snow_depth,0
France,lyon,7-12h,1478,weather_code,24.121478758216405
France,lyon,7-12h,1478,pressure_msl,0.5093310638588979
France,lyon,7-12h,1478,surface_pressure,0.48367112144642893
France,lyon,7-12h,1478,cloud_cover,30.11587904246988
France,lyon,7-12h,1478,wind_speed_10m,4.160367814487896
France,lyon,7-12h,1478,wind_gusts_10m,8.055516100671216
France,marseille,0h,372,temperature_2m,2.007512771287326
France,marseille,0h,372,relative_humidity_2m,9.466977126516072
France,marseille,0h,372,dew_point_2m,1.2877629181387904
France,marseille,0h,372,apparent_temperature,2.588871967578955
France,marseille,0h,372,precipitation,1.0418913736127209
France,marseille,0h,372,rain,0.995635637460133
France,marseille,0h,372,showers,0
France,marseille,0h,372,snowfall,0
France,marseille,0h,372,snow_depth,0
France,marseille,0h,372,weather_code,18.86867461483265
France,marseille,0h,372,pressure_msl,0.5081592333625436
France,marseille,0h,372,surface_pressure,0.5081592333625525
France,marseille,0h,372,cloud_cover,32.002688059142045
France,marseille,0h,372,wind_speed_10m,5.84941408700823
France,marseille,0h,372,wind_gusts_10m,11.456359458528295
France,marseille,1-6h,2036,temperature_2m,1.949928213881919
France,marseille,1-6h,2036,relative_humidity_2m,9.705182622939006
France,marseille,1-6h,2036,dew_point_2m,1.2846456094373881
France,marseille,1-6h,2036,apparent_temperature,2.503400437895583
France,marseille,1-6h,2036,precipitation,0.9330590625171501
France,marseille,1-6h,2036,rain,0.8756249522338087
France,marseille,1-6h,2036,showers,0
France,marseille,1-6h,2036,snowfall,0.008775747971301118
France,marseille,1-6h,2036,snow_depth,0
France,marseille,1-6h,2036,weather_code,19.083005533627656
France,marseille,1-6h,2036,pressure_msl,0.533991898572128
France,marseille,1-6h,2036,surface_pressure,0.5339918985721287
France,marseille,1-6h,2036,cloud_cover,33.5293027870116
France,marseille,1-6h,2036,wind_speed_10m,5.624264195489751
France,marseille,1-6h,2036,wind_gusts_10m,11.329836992950822
France,marseille,13-18h,928,temperature_2m,2.0170020857185804
France,marseille,13-18h,928,relative_humidity_2m,10.407846840824906
France,marseille,13-18h,928,dew_point_2m,1.184508482378909
France,marseille,13-18h,928,apparent_temperature,2.4376315172300145
France,marseille,13-18h,928,precipitation,0.8359126748650244
France,marseille,13-18h,928,rain,0.8066132902450839
France,marseille,13-18h,928,showers,0
France,marseille,13-18h,928,snowfall,0
France,marseille,13-18h,928,snow_depth,0
France,marseille,13-18h,928,weather_code,18.99994328485183
France,marseille,13-18h,928,pressure_msl,0.6723286860375371
France,marseille,13-18h,928,surface_pressure,0.6723286860375405
France,marseille,13-18h,928,cloud_cover,37.160474459685865
France,marseille,13-18h,928,wind_speed_10m,5.4330922483711195
France,marseille,13-18h,928,wind_gusts_10m,9.664629566370996
France,marseille,19-24h,276,temperature_2m,2.0577707087659385
France,marseille,19-24h,276,relative_humidity_2m,10.20833703046369
France,marseille,19-24h,276,dew_point_2m,1.4064550977649395
France,marseille,19-24h,276,apparent_temperature,2.5260096273928094
France,marseille,19-24h,276,precipitation,0.5727507994414932
France,marseille,19-24h,276,rain,0.4731179342512234
France,marseille,19-24h,276,showers,0
France,marseille,19-24h,276,snowfall,0
France,marseille,19-24h,276,snow_depth,0
France,marseille,19-24h,276,weather_code,17.314231391998092
France,marseille,19-24h,276,pressure_msl,0.7012411357263445
France,marseille,19-24h,276,surface_pressure,0.7012411357263459
France,marseille,19-24h,276,cloud_cover,39.498303027205935
France,marseille,19-24h,276,wind_speed_10m,6.172942360925165
France,marseille,19-24h,276,wind_gusts_10m,10.349910732654319
France,marseille,7-12h,1478,temperature_2m,1.8363234729094768
France,marseille,7-12h,1478,relative_humidity_2m,9.935584140134054
France,marseille,7-12h,1478,dew_point_2m,1.258217911944411
France,marseille,7-12h,1478,apparent_temperature,2.281884296028193
France,marseille,7-12h,1478,precipitation,0.8214479443668147
France,marseille,7-12h,1478,rain,1.309551669504296
France,marseille,7-12h,1478,showers,0
France,marseille,7-12h,1478,snowfall,0.010299966498887937
France,marseille,7-12h,1478,snow_depth,0
France,marseille,7-12h,1478,weather_code,19.619140911920333
France,marseille,7-12h,1478,pressure_msl,0.6217527279139713
France,marseille,7-12h,1478,surface_pressure,0.6217527279139753
France,marseille,7-12h,1478,cloud_cover,35.76006345106727
France,marseille,7-12h,1478,wind_speed_10m,5.230742113523352
France,marseille,7-12h,1478,wind_gusts_10m,10.624449042469056
France,nice,0h,372,temperature_2m,2.047710497011209
France,nice,0h,372,relative_humidity_2m,8.893334461801286
France,nice,0h,372,dew_point_2m,2.471841418861655
France,nice,0h,372,apparent_temperature,2.6619481103010787
France,nice,0h,372,precipitation,0.5317348356877429
France,nice,0h,372,rain,0.53254309735235
France,nice,0h,372,showers,0
France,nice,0h,372,snowfall,0
France,nice,0h,372,snow_depth,7.332355751067665e-4
France,nice,0h,372,weather_code,21.104578313874256
France,nice,0h,372,pressure_msl,0.40421169796802653
France,nice,0h,372,surface_pressure,0.40361271759750983
France,nice,0h,372,cloud_cover,30.25971806931467
France,nice,0h,372,wind_speed_10m,3.7344516374239025
France,nice,0h,372,wind_gusts_10m,10.037081784696595
France,nice,1-6h,2036,temperature_2m,1.967181622612863
France,nice,1-6h,2036,relative_humidity_2m,8.80926463551116
France,nice,1-6h,2036,dew_point_2m,2.3310199964754843
France,nice,1-6h,2036,apparent_temperature,2.4886895424112017
France,nice,1-6h,2036,precipitation,0.45649643814093827
France,nice,1-6h,2036,rain,0.45101936497615824
France,nice,1-6h,2036,showers,0.028033098596050247
France,nice,1-6h,2036,snowfall,0.04080958707040028
France,nice,1-6h,2036,snow_depth,8.292302393086555e-4
France,nice,1-6h,2036,weather_code,20.866942111494904
France,nice,1-6h,2036,pressure_msl,0.39095872286757555
France,nice,1-6h,2036,surface_pressure,0.39079537050865937
France,nice,1-6h,2036,cloud_cover,28.010259837934477
France,nice,1-6h,2036,wind_speed_10m,3.8480393292902093
France,nice,1-6h,2036,wind_gusts_10m,9.940743885546762
France,nice,13-18h,928,temperature_2m,1.980366998380821
France,nice,13-18h,928,relative_humidity_2m,8.991614867810702
France,nice,13-18h,928,dew_point_2m,2.210403497257832
France,nice,13-18h,928,apparent_temperature,2.4346900248781935
France,nice,13-18h,928,precipitation,0.674185332137214
France,nice,13-18h,928,rain,0.6739295471210315
France,nice,13-18h,928,showers,0.004642383454426297
France,nice,13-18h,928,snowfall,0.006499336836196816
France,nice,13-18h,928,snow_depth,8.040844011283461e-4
France,nice,13-18h,928,weather_code,22.563034309271863
France,nice,13-18h,928,pressure_msl,0.5192003134795284
France,nice,13-18h,928,surface_pressure,0.519905495391159
France,nice,13-18h,928,cloud_cover,28.718010688956756
France,nice,13-18h,928,wind_speed_10m,4.056595842277883
France,nice,13-18h,928,wind_gusts_10m,9.300486639103243
France,nice,19-24h,276,temperature_2m,2.4247217082211394
France,nice,19-24h,276,relative_humidity_2m,7.737542582589857
France,nice,19-24h,276,dew_point_2m,2.709350422175937
France,nice,19-24h,276,apparent_temperature,3.0340101172053378
France,nice,19-24h,276,precipitation,0.7556550090839226
France,nice,19-24h,276,rain,0.7584786450998233
France,nice,19-24h,276,showers,0.04340573661412156
France,nice,19-24h,276,snowfall,0
France,nice,19-24h,276,snow_depth,0
France,nice,19-24h,276,weather_code,21.9635732685881
France,nice,19-24h,276,pressure_msl,0.6010859737392658
France,nice,19-24h,276,surface_pressure,0.606845012804111
France,nice,19-24h,276,cloud_cover,26.158657502227452
France,nice,19-24h,276,wind_speed_10m,3.9763704227763332
France,nice,19-24h,276,wind_gusts_10m,9.24011418462605
France,nice,7-12h,1478,temperature_2m,1.6398001462437761
France,nice,7-12h,1478,relative_humidity_2m,9.20941155360834
France,nice,7-12h,1478,dew_point_2m,2.023301339031098
France,nice,7-12h,1478,apparent_temperature,2.031014598101056
France,nice,7-12h,1478,precipitation,0.5242044039343764
France,nice,7-12h,1478,rain,0.5159827125740133
France,nice,7-12h,1478,showers,0.01220040151072923
France,nice,7-12h,1478,snowfall,0.047410623841546894
France,nice,7-12h,1478,snow_depth,0.0010404537367654173
France,nice,7-12h,1478,weather_code,22.030548356613796
France,nice,7-12h,1478,pressure_msl,0.45822803973626614
France,nice,7-12h,1478,surface_pressure,0.4578883106247243
France,nice,7-12h,1478,cloud_cover,27.82367640835518
France,nice,7-12h,1478,wind_speed_10m,4.056892429438138
France,nice,7-12h,1478,wind_gusts_10m,10.182376852983984
France,paris,0h,372,temperature_2m,1.0403680076770188
France,paris,0h,372,relative_humidity_2m,7.497669888934886
France,paris,0h,372,dew_point_2m,0.8548721843719699
France,paris,0h,372,apparent_temperature,1.1843740690693423
France,paris,0h,372,precipitation,0.461589120462162
France,paris,0h,372,rain,0.4592537190863278
France,paris,0h,372,showers,0.010369516947304255
France,paris,0h,372,snowfall,0.03443085637865753
France,paris,0h,372,snow_depth,7.332355751067663e-4
France,paris,0h,372,weather_code,24.939065524740734
France,paris,0h,372,pressure_msl,0.40100679746471785
France,paris,0h,372,surface_pressure,0.3986536481493631
France,paris,0h,372,cloud_cover,29.989155746129157
France,paris,0h,372,wind_speed_10m,2.489947531510939
France,paris,0h,372,wind_gusts_10m,4.6976258016196875
France,paris,1-6h,2036,temperature_2m,1.1181877353087415
France,paris,1-6h,2036,relative_humidity_2m,7.363692590393445
France,paris,1-6h,2036,dew_point_2m,0.8972617151431848
France,paris,1-6h,2036,apparent_temperature,1.3029775482175951
France,paris,1-6h,2036,precipitation,0.3104278054505694
France,paris,1-6h,2036,rain,0.3039200339454423
France,paris,1-6h,2036,showers,0.02148696319693237
France,paris,1-6h,2036,snowfall,0.03482767005096353
France,paris,1-6h,2036,snow_depth,0.001085717240050931
France,paris,1-6h,2036,weather_code,25.972045573597274
France,paris,1-6h,2036,pressure_msl,0.40591162044826
France,paris,1-6h,2036,surface_pressure,0.40156863347008687
France,paris,1-6h,2036,cloud_cover,29.055464878276013
France,paris,1-6h,2036,wind_speed_10m,2.5360194975482724
France,paris,1-6h,2036,wind_gusts_10m,5.268979166198235
France,paris,13-18h,928,temperature_2m,1.3530138771365716
France,paris,13-18h,928,relative_humidity_2m,7.647683895501777
France,paris,13-18h,928,dew_point_2m,0.8425254523935966
France,paris,13-18h,928,apparent_temperature,1.5571511897006682
France,paris,13-18h,928,precipitation,0.33595591870116653
France,paris,13-18h,928,rain,0.32960922526426706
France,paris,13-18h,928,showers,0.016081688022566924
France,paris,13-18h,928,snowfall,0.04286607049870562
France,paris,13-18h,928,snow_depth,8.040844011283461e-4
France,paris,13-18h,928,weather_code,23.15367513838339
France,paris,13-18h,928,pressure_msl,0.5930996892422987
France,paris,13-18h,928,surface_pressure,0.5918083042383904
France,paris,13-18h,928,cloud_cover,30.24077231726775
France,paris,13-18h,928,wind_speed_10m,2.8896515718848446
France,paris,13-18h,928,wind_gusts_10m,5.977109712665594
France,paris,19-24h,276,temperature_2m,1.4829465380729707
France,paris,19-24h,276,relative_humidity_2m,6.43079096719588
France,paris,19-24h,276,dew_point_2m,0.9528371060809071
France,paris,19-24h,276,apparent_temperature,1.8813924846133037
France,paris,19-24h,276,precipitation,0.33416562759605706
France,paris,19-24h,276,rain,0.314619623110792
France,paris,19-24h,276,showers,0
France,paris,19-24h,276,snowfall,0.07837572087826948
France,paris,19-24h,276,snow_depth,8.512565307587486e-4
France,paris,19-24h,276,weather_code,27.420768602003804
France,paris,19-24h,276,pressure_msl,0.6321690289467066
France,paris,19-24h,276,surface_pressure,0.6258906697137947
France,paris,19-24h,276,cloud_cover,33.92243924097987
France,paris,19-24h,276,wind_speed_10m,3.386899313017991
France,paris,19-24h,276,wind_gusts_10m,6.901606618247919
France,paris,7-12h,1478,temperature_2m,1.2022982052259665
France,paris,7-12h,1478,relative_humidity_2m,8.164993430901072
France,paris,7-12h,1478,dew_point_2m,0.9685305471893861
France,paris,7-12h,1478,apparent_temperature,1.322481777349253
France,paris,7-12h,1478,precipitation,0.29547787032848427
France,paris,7-12h,1478,rain,0.29081566035639317
France,paris,7-12h,1478,showers,0.02728092713078169
France,paris,7-12h,1478,snowfall,0.033966472365048087
France,paris,7-12h,1478,snow_depth,9.010593675012987e-4
France,paris,7-12h,1478,weather_code,24.43820740266111
France,paris,7-12h,1478,pressure_msl,0.48267690636746036
France,paris,7-12h,1478,surface_pressure,0.47835419243855787
France,paris,7-12h,1478,cloud_cover,29.564337767976447
France,paris,7-12h,1478,wind_speed_10m,2.6666587731051417
France,paris,7-12h,1478,wind_gusts_10m,5.599633904522866
France,strasbourg,0h,372,temperature_2m,1.4141755453684948
France,strasbourg,0h,372,relative_humidity_2m,7.500537615139933
France,strasbourg,0h,372,dew_point_2m,0.9821251918534206
France,strasbourg,0h,372,apparent_temperature,1.7751874049183216
France,strasbourg,0h,372,precipitation,0.1749039675063501
France,strasbourg,0h,372,rain,0.17180258738522555
France,strasbourg,0h,372,showers,0.007332355751067665
France,strasbourg,0h,372,snowfall,0.005132649025747366
France,strasbourg,0h,372,snow_depth,0.001270001270001905
France,strasbourg,0h,372,weather_code,22.426822458640853
France,strasbourg,0h,372,pressure_msl,0.3533252180037807
France,strasbourg,0h,372,surface_pressure,0.36107664572224213
France,strasbourg,0h,372,cloud_cover,27.37031984837135
France,strasbourg,0h,372,wind_speed_10m,3.8611241329297443
France,strasbourg,0h,372,wind_gusts_10m,5.592794904044817
France,strasbourg,1-6h,2036,temperature_2m,1.4584184183243374
France,strasbourg,1-6h,2036,relative_humidity_2m,7.78921727116698
France,strasbourg,1-6h,2036,dew_point_2m,1.0369262799349077
France,strasbourg,1-6h,2036,apparent_temperature,1.8499853979140184
France,strasbourg,1-6h,2036,precipitation,0.4425546484852173
France,strasbourg,1-6h,2036,rain,0.4204731173763066
France,strasbourg,1-6h,2036,showers,0.01906456819113252
France,strasbourg,1-6h,2036,snowfall,0.0780005541262872
France,strasbourg,1-6h,2036,snow_depth,0.0016878160404047427
France,strasbourg,1-6h,2036,weather_code,22.87529187549304
France,strasbourg,1-6h,2036,pressure_msl,0.36747692816127053
France,strasbourg,1-6h,2036,surface_pressure,0.36755711369406424
France,strasbourg,1-6h,2036,cloud_cover,28.36869591049406
France,strasbourg,1-6h,2036,wind_speed_10m,4.008648557967717
France,strasbourg,1-6h,2036,wind_gusts_10m,6.200527577528033
France,strasbourg,13-18h,928,temperature_2m,1.6703099547172633
France,strasbourg,13-18h,928,relative_humidity_2m,7.407475255117118
France,strasbourg,13-18h,928,dew_point_2m,1.1524056547515933
France,strasbourg,13-18h,928,apparent_temperature,2.1235542749411165
France,strasbourg,13-18h,928,precipitation,0.25905997175464457
France,strasbourg,13-18h,928,rain,0.1711396888610245
France,strasbourg,13-18h,928,showers,0.014680505487867588
France,strasbourg,13-18h,928,snowfall,0.10649793587120637
France,strasbourg,13-18h,928,snow_depth,0.0023211917272131484
France,strasbourg,13-18h,928,weather_code,21.592772976799118
France,strasbourg,13-18h,928,pressure_msl,0.49905082320133676
France,strasbourg,13-18h,928,surface_pressure,0.5189096659143199
France,strasbourg,13-18h,928,cloud_cover,27.89075826419433
France,strasbourg,13-18h,928,wind_speed_10m,4.2259104303708614
France,strasbourg,13-18h,928,wind_gusts_10m,6.6270036007337385
France,strasbourg,19-24h,276,temperature_2m,1.7925975000265535
France,strasbourg,19-24h,276,relative_humidity_2m,7.085400380410738
France,strasbourg,19-24h,276,dew_point_2m,1.169386064615079
France,strasbourg,19-24h,276,apparent_temperature,2.2582216935879664
France,strasbourg,19-24h,276,precipitation,0.15673294928413856
France,strasbourg,19-24h,276,rain,0.15650160901149995
France,strasbourg,19-24h,276,showers,0.008512565307587486
France,strasbourg,19-24h,276,snowfall,0
France,strasbourg,19-24h,276,snow_depth,0.002085144140570748
France,strasbourg,19-24h,276,weather_code,18.321010351229408
France,strasbourg,19-24h,276,pressure_msl,0.5306545042667095
France,strasbourg,19-24h,276,surface_pressure,0.5557994633662996
France,strasbourg,19-24h,276,cloud_cover,28.717640894591682
France,strasbourg,19-24h,276,wind_speed_10m,4.453072542915034
France,strasbourg,19-24h,276,wind_gusts_10m,7.157842562178043
France,strasbourg,7-12h,1476,temperature_2m,1.4670592600943992
France,strasbourg,7-12h,1476,relative_humidity_2m,8.016750755943884
France,strasbourg,7-12h,1476,dew_point_2m,1.0687606478970044
France,strasbourg,7-12h,1476,apparent_temperature,1.8295452364884897
France,strasbourg,7-12h,1476,precipitation,0.4912375831953734
France,strasbourg,7-12h,1476,rain,0.4713901484828898
France,strasbourg,7-12h,1476,showers,0.013773231175688957
France,strasbourg,7-12h,1476,snowfall,0.08522725876652591
France,strasbourg,7-12h,1476,snow_depth,0.0018033392693348647
France,strasbourg,7-12h,1476,weather_code,20.96842380218331
France,strasbourg,7-12h,1476,pressure_msl,0.43008475877319674
France,strasbourg,7-12h,1476,surface_pressure,0.419591361409058
France,strasbourg,7-12h,1476,cloud_cover,29.62941847259899
France,strasbourg,7-12h,1476,wind_speed_10m,3.9357079093814216
France,strasbourg,7-12h,1476,wind_gusts_10m,6.405239005756711
France,toulon,0h,372,temperature_2m,2.2256930779915174
France,toulon,0h,372,relative_humidity_2m,12.767355886951927
France,toulon,0h,372,dew_point_2m,2.2205419274611553
France,toulon,0h,372,apparent_temperature,2.639006411267255
France,toulon,0h,372,precipitation,2.019475072857418
France,toulon,0h,372,rain,1.9857828011475307
France,toulon,0h,372,showers,0
France,toulon,0h,372,snowfall,0
France,toulon,0h,372,snow_depth,0
France,toulon,0h,372,weather_code,19.233427442418986
France,toulon,0h,372,pressure_msl,0.5496333088464934
France,toulon,0h,372,surface_pressure,0.5422969864432036
France,toulon,0h,372,cloud_cover,32.11663890608194
France,toulon,0h,372,wind_speed_10m,5.018406978529196
France,toulon,0h,372,wind_gusts_10m,10.938316789778415
France,toulon,1-6h,2036,temperature_2m,2.1138819865463603
France,toulon,1-6h,2036,relative_humidity_2m,12.553539564569594
France,toulon,1-6h,2036,dew_point_2m,1.9908755515324377
France,toulon,1-6h,2036,apparent_temperature,2.476990378655688
France,toulon,1-6h,2036,precipitation,1.5686109380751863
France,toulon,1-6h,2036,rain,1.2458969989624245
France,toulon,1-6h,2036,showers,0
France,toulon,1-6h,2036,snowfall,0.004387873985650559
France,toulon,1-6h,2036,snow_depth,0
France,toulon,1-6h,2036,weather_code,18.693684255417853
France,toulon,1-6h,2036,pressure_msl,0.5937212406435843
France,toulon,1-6h,2036,surface_pressure,0.5865302052996757
France,toulon,1-6h,2036,cloud_cover,32.63322399714648
France,toulon,1-6h,2036,wind_speed_10m,5.066230313302617
France,toulon,1-6h,2036,wind_gusts_10m,10.232181791012227
France,toulon,13-18h,928,temperature_2m,2.1384714973147494
France,toulon,13-18h,928,relative_humidity_2m,13.18118107313448
France,toulon,13-18h,928,dew_point_2m,2.0121505907858883
France,toulon,13-18h,928,apparent_temperature,2.4490057799737484
France,toulon,13-18h,928,precipitation,1.858902160249245
France,toulon,13-18h,928,rain,1.3419058114847524
France,toulon,13-18h,928,showers,0
France,toulon,13-18h,928,snowfall,0.006499336836196816
France,toulon,13-18h,928,snow_depth,0
France,toulon,13-18h,928,weather_code,19.387495970341295
France,toulon,13-18h,928,pressure_msl,0.7215882864711796
France,toulon,13-18h,928,surface_pressure,0.7136900225419027
France,toulon,13-18h,928,cloud_cover,37.50836113685072
France,toulon,13-18h,928,wind_speed_10m,5.595980700467077
France,toulon,13-18h,928,wind_gusts_10m,10.428091206299289
France,toulon,19-24h,276,temperature_2m,2.463501690624576
France,toulon,19-24h,276,relative_humidity_2m,13.759581641769554
France,toulon,19-24h,276,dew_point_2m,2.3092284927836957
France,toulon,19-24h,276,apparent_temperature,2.8680776776819332
France,toulon,19-24h,276,precipitation,1.2986894174122428
France,toulon,19-24h,276,rain,2.066292626273274
France,toulon,19-24h,276,showers,0
France,toulon,19-24h,276,snowfall,0.011917591430622482
France,toulon,19-24h,276,snow_depth,0
France,toulon,19-24h,276,weather_code,22.94542990713376
France,toulon,19-24h,276,pressure_msl,0.772395108023449
France,toulon,19-24h,276,surface_pressure,0.7611014139514146
France,toulon,19-24h,276,cloud_cover,39.72760512157324
France,toulon,19-24h,276,wind_speed_10m,6.360270707938528
France,toulon,19-24h,276,wind_gusts_10m,10.813652133473136
France,toulon,7-12h,1476,temperature_2m,1.8566149224299857
France,toulon,7-12h,1476,relative_humidity_2m,12.146519681760854
France,toulon,7-12h,1476,dew_point_2m,2.092608620862583
France,toulon,7-12h,1476,apparent_temperature,2.13101054949515
France,toulon,7-12h,1476,precipitation,1.5717009583375028
France,toulon,7-12h,1476,rain,1.0622303579418795
France,toulon,7-12h,1476,showers,0
France,toulon,7-12h,1476,snowfall,0.005153471216826172
France,toulon,7-12h,1476,snow_depth,0
France,toulon,7-12h,1476,weather_code,19.81602373706611
France,toulon,7-12h,1476,pressure_msl,0.6793209585826481
France,toulon,7-12h,1476,surface_pressure,0.6738535380822045
France,toulon,7-12h,1476,cloud_cover,35.25299579804712
France,toulon,7-12h,1476,wind_speed_10m,5.078256161012003
France,toulon,7-12h,1476,wind_gusts_10m,9.821830808642773
France,toulouse,0h,372,temperature_2m,1.1946565619772358
France,toulouse,0h,372,relative_humidity_2m,6.27634233596922
France,toulouse,0h,372,dew_point_2m,0.9643929507419993
France,toulouse,0h,372,apparent_temperature,1.5949348589522632
France,toulouse,0h,372,precipitation,0.4726384419132595
France,toulouse,0h,372,rain,0.47343403441898485
France,toulouse,0h,372,showers,0.03196099773699323
France,toulouse,0h,372,snowfall,0.03079589415448419
France,toulouse,0h,372,snow_depth,0.0016395645894598824
France,toulouse,0h,372,weather_code,25.127952134915883
France,toulouse,0h,372,pressure_msl,0.4858204456137491
France,toulouse,0h,372,surface_pressure,0.46414448992407836
France,toulouse,0h,372,cloud_cover,31.713349856799816
France,toulouse,0h,372,wind_speed_10m,4.341664860792558
France,toulouse,0h,372,wind_gusts_10m,7.982891652764989
France,toulouse,1-6h,2036,temperature_2m,1.265070255160226
France,toulouse,1-6h,2036,relative_humidity_2m,6.744130825346656
France,toulouse,1-6h,2036,dew_point_2m,1.0095224415145085
France,toulouse,1-6h,2036,apparent_temperature,1.6194695825733056
France,toulouse,1-6h,2036,precipitation,0.35149134976374974
France,toulouse,1-6h,2036,rain,0.3408356770389987
France,toulouse,1-6h,2036,showers,0.01716669686736365
France,toulouse,1-6h,2036,snowfall,0.029679029527819183
France,toulouse,1-6h,2036,snow_depth,8.864844143558725e-4
France,toulouse,1-6h,2036,weather_code,23.938854656791296
France,toulouse,1-6h,2036,pressure_msl,0.4730974720653805
France,toulouse,1-6h,2036,surface_pressure,0.4569158589511881
France,toulouse,1-6h,2036,cloud_cover,34.28907505279815
France,toulouse,1-6h,2036,wind_speed_10m,4.143452951049866
France,toulouse,1-6h,2036,wind_gusts_10m,7.699312984430496
France,toulouse,13-18h,928,temperature_2m,1.3888099594430752
France,toulouse,13-18h,928,relative_humidity_2m,8.178372445790725
France,toulouse,13-18h,928,dew_point_2m,1.0353451864824668
France,toulouse,13-18h,928,apparent_temperature,1.7413146539720876
France,toulouse,13-18h,928,precipitation,0.45050259289697386
France,toulouse,13-18h,928,rain,0.4072616713680742
France,toulouse,13-18h,928,showers,0.013130643285972257
France,toulouse,13-18h,928,snowfall,0.05553035827054578
France,toulouse,13-18h,928,snow_depth,8.040844011283461e-4
France,toulouse,13-18h,928,weather_code,24.014991725715976
France,toulouse,13-18h,928,pressure_msl,0.5907147920250858
France,toulouse,13-18h,928,surface_pressure,0.5928997996405383
France,toulouse,13-18h,928,cloud_cover,37.33922431457024
France,toulouse,13-18h,928,wind_speed_10m,3.834639644985765
France,toulouse,13-18h,928,wind_gusts_10m,6.37204968918003
France,toulouse,19-24h,276,temperature_2m,1.33961383144222
France,toulouse,19-24h,276,relative_humidity_2m,6.706043132336208
France,toulouse,19-24h,276,dew_point_2m,1.1233038743825725
France,toulouse,19-24h,276,apparent_temperature,1.7696720403608073
France,toulouse,19-24h,276,precipitation,0.23312620206007845
France,toulouse,19-24h,276,rain,0.22457689687208623
France,toulouse,19-24h,276,showers,0.012038585308576922
France,toulouse,19-24h,276,snowfall,0.04804134692629625
France,toulouse,19-24h,276,snow_depth,0.0014744195615489714
France,toulouse,19-24h,276,weather_code,27.375277114605602
France,toulouse,19-24h,276,pressure_msl,0.5776639612905735
France,toulouse,19-24h,276,surface_pressure,0.5879219114074907
France,toulouse,19-24h,276,cloud_cover,36.219139787638824
France,toulouse,19-24h,276,wind_speed_10m,4.431434157882995
France,toulouse,19-24h,276,wind_gusts_10m,7.612903805239239
France,toulouse,7-12h,1476,temperature_2m,1.3121797583247432
France,toulouse,7-12h,1476,relative_humidity_2m,8.01286228882168
France,toulouse,7-12h,1476,dew_point_2m,1.03236907540815
France,toulouse,7-12h,1476,apparent_temperature,1.573893554662835
France,toulouse,7-12h,1476,precipitation,0.3793268892247014
France,toulouse,7-12h,1476,rain,0.36367962910881646
France,toulouse,7-12h,1476,showers,0.02208630521496931
France,toulouse,7-12h,1476,snowfall,0.03485743321597997
France,toulouse,7-12h,1476,snow_depth,6.375767130633382e-4
France,toulouse,7-12h,1476,weather_code,22.987860588087447
France,toulouse,7-12h,1476,pressure_msl,0.5145050506598267
France,toulouse,7-12h,1476,surface_pressure,0.4930272616791167
France,toulouse,7-12h,1476,cloud_cover,36.02003733244726
France,toulouse,7-12h,1476,wind_speed_10m,3.850831395818881
France,toulouse,7-12h,1476,wind_gusts_10m,7.36535874788831
Georgia,tbilisi,0h,372,temperature_2m,1.6314615124687026
Georgia,tbilisi,0h,372,relative_humidity_2m,10.92791630818564
Georgia,tbilisi,0h,372,dew_point_2m,1.7642202578701929
Georgia,tbilisi,0h,372,apparent_temperature,1.6374974349483318
Georgia,tbilisi,0h,372,precipitation,0.40837996222682993
Georgia,tbilisi,0h,372,rain,0.4263498487725627
Georgia,tbilisi,0h,372,showers,0.025400025400038103
Georgia,tbilisi,0h,372,snowfall,0.008890008890013335
Georgia,tbilisi,0h,372,snow_depth,0.030987336990510185
Georgia,tbilisi,0h,372,weather_code,14.912648885231407
Georgia,tbilisi,0h,372,pressure_msl,0.8396107649138056
Georgia,tbilisi,0h,372,surface_pressure,0.665024860073766
Georgia,tbilisi,0h,372,cloud_cover,33.01710211781259
Georgia,tbilisi,0h,372,wind_speed_10m,4.211658167055944
Georgia,tbilisi,0h,372,wind_gusts_10m,7.673663240387977
Georgia,tbilisi,1-6h,2036,temperature_2m,1.4206517776983236
Georgia,tbilisi,1-6h,2036,relative_humidity_2m,9.48916246684608
Georgia,tbilisi,1-6h,2036,dew_point_2m,1.724983983866879
Georgia,tbilisi,1-6h,2036,apparent_temperature,1.5094333367311599
Georgia,tbilisi,1-6h,2036,precipitation,0.2225941005401645
Georgia,tbilisi,1-6h,2036,rain,0.22369464171241293
Georgia,tbilisi,1-6h,2036,showers,0.0287253781131018
Georgia,tbilisi,1-6h,2036,snowfall,0.004387873985650559
Georgia,tbilisi,1-6h,2036,snow_depth,0.030546753112838994
Georgia,tbilisi,1-6h,2036,weather_code,11.57248447208211
Georgia,tbilisi,1-6h,2036,pressure_msl,0.7715025016288946
Georgia,tbilisi,1-6h,2036,surface_pressure,0.6456138852298393
Georgia,tbilisi,1-6h,2036,cloud_cover,33.67885428474672
Georgia,tbilisi,1-6h,2036,wind_speed_10m,3.982341917926814
Georgia,tbilisi,1-6h,2036,wind_gusts_10m,7.8800231118706074
Georgia,tbilisi,13-18h,928,temperature_2m,1.2310547061991892
Georgia,tbilisi,13-18h,928,relative_humidity_2m,7.945666786976105
Georgia,tbilisi,13-18h,928,dew_point_2m,1.4983324063771697
Georgia,tbilisi,13-18h,928,apparent_temperature,1.490168932797843
Georgia,tbilisi,13-18h,928,precipitation,0.3642422460301708
Georgia,tbilisi,13-18h,928,rain,0.3643309882037448
Georgia,tbilisi,13-18h,928,showers,0.04229412611046924
Georgia,tbilisi,13-18h,928,snowfall,0.003249668418098408
Georgia,tbilisi,13-18h,928,snow_depth,0.027488242000460163
Georgia,tbilisi,13-18h,928,weather_code,13.065732358691783
Georgia,tbilisi,13-18h,928,pressure_msl,0.7646556583600685
Georgia,tbilisi,13-18h,928,surface_pressure,0.6435187482197703
Georgia,tbilisi,13-18h,928,cloud_cover,31.287012563880463
Georgia,tbilisi,13-18h,928,wind_speed_10m,3.0494205215485417
Georgia,tbilisi,13-18h,928,wind_gusts_10m,8.312998753510195
Georgia,tbilisi,19-24h,276,temperature_2m,1.2128837357808615
Georgia,tbilisi,19-24h,276,relative_humidity_2m,7.683032312000671
Georgia,tbilisi,19-24h,276,dew_point_2m,1.3898962530357792
Georgia,tbilisi,19-24h,276,apparent_temperature,1.5147104759943257
Georgia,tbilisi,19-24h,276,precipitation,0.1340560125199673
Georgia,tbilisi,19-24h,276,rain,0.12881848818609357
Georgia,tbilisi,19-24h,276,showers,0.02553769592276246
Georgia,tbilisi,19-24h,276,snowfall,0
Georgia,tbilisi,19-24h,276,snow_depth,0.025237997577841443
Georgia,tbilisi,19-24h,276,weather_code,16.041160823946317
Georgia,tbilisi,19-24h,276,pressure_msl,0.8487416089956794
Georgia,tbilisi,19-24h,276,surface_pressure,0.726466532738018
Georgia,tbilisi,19-24h,276,cloud_cover,30.81054778923062
Georgia,tbilisi,19-24h,276,wind_speed_10m,3.317979130019714
Georgia,tbilisi,19-24h,276,wind_gusts_10m,8.90334166218635
Georgia,tbilisi,7-12h,1476,temperature_2m,1.3694350307783993
Georgia,tbilisi,7-12h,1476,relative_humidity_2m,9.182727983825517
Georgia,tbilisi,7-12h,1476,dew_point_2m,1.7340172196830057
Georgia,tbilisi,7-12h,1476,apparent_temperature,1.4839292673374647
Georgia,tbilisi,7-12h,1476,precipitation,0.2591156525747028
Georgia,tbilisi,7-12h,1476,rain,0.26521454218713925
Georgia,tbilisi,7-12h,1476,showers,0.020495223847082165
Georgia,tbilisi,7-12h,1476,snowfall,0.005153471216826172
Georgia,tbilisi,7-12h,1476,snow_depth,0.027798637154405188
Georgia,tbilisi,7-12h,1476,weather_code,11.840058778144588
Georgia,tbilisi,7-12h,1476,pressure_msl,0.7496611700753175
Georgia,tbilisi,7-12h,1476,surface_pressure,0.6141400668253256
Georgia,tbilisi,7-12h,1476,cloud_cover,31.932325968122292
Georgia,tbilisi,7-12h,1476,wind_speed_10m,3.822751389285189
Georgia,tbilisi,7-12h,1476,wind_gusts_10m,7.769088739189325
Germany,berlin,0h,372,temperature_2m,1.031753909143192
Germany,berlin,0h,372,relative_humidity_2m,6.5385539817335
Germany,berlin,0h,372,dew_point_2m,0.7384231965507998
Germany,berlin,0h,372,apparent_temperature,1.2296078577623712
Germany,berlin,0h,372,precipitation,0.12992967494035967
Germany,berlin,0h,372,rain,0.12203472095383171
Germany,berlin,0h,372,showers,0
Germany,berlin,0h,372,snowfall,0.036654445666204995
Germany,berlin,0h,372,snow_depth,0.0023186944788008415
Germany,berlin,0h,372,weather_code,14.864622068768242
Germany,berlin,0h,372,pressure_msl,0.3302817305049885
Germany,berlin,0h,372,surface_pressure,0.32552686822362764
Germany,berlin,0h,372,cloud_cover,22.75004431048503
Germany,berlin,0h,372,wind_speed_10m,2.1095787685329888
Germany,berlin,0h,372,wind_gusts_10m,3.1135672588317114
Germany,berlin,1-6h,2036,temperature_2m,1.047707760810651
Germany,berlin,1-6h,2036,relative_humidity_2m,6.657196941644646
Germany,berlin,1-6h,2036,dew_point_2m,0.7982114092338203
Germany,berlin,1-6h,2036,apparent_temperature,1.2323807362087371
Germany,berlin,1-6h,2036,precipitation,0.23127306341741452
Germany,berlin,1-6h,2036,rain,0.12773529850163026
Germany,berlin,1-6h,2036,showers,0.004432422071779363
Germany,berlin,1-6h,2036,snowfall,0.11461089892868676
Germany,berlin,1-6h,2036,snow_depth,0.0026222562609018404
Germany,berlin,1-6h,2036,weather_code,17.313530827225986
Germany,berlin,1-6h,2036,pressure_msl,0.3688510275844397
Germany,berlin,1-6h,2036,surface_pressure,0.36139872347324925
Germany,berlin,1-6h,2036,cloud_cover,27.236954123783022
Germany,berlin,1-6h,2036,wind_speed_10m,2.208173778076507
Germany,berlin,1-6h,2036,wind_gusts_10m,3.3459487863598607
Germany,berlin,13-18h,928,temperature_2m,1.2014000453493905
Germany,berlin,13-18h,928,relative_humidity_2m,6.979032637244515
Germany,berlin,13-18h,928,dew_point_2m,0.9563760622337811
Germany,berlin,13-18h,928,apparent_temperature,1.4362081901720383
Germany,berlin,13-18h,928,precipitation,0.2669269563007828
Germany,berlin,13-18h,928,rain,0.15987602955911248
Germany,berlin,13-18h,928,showers,0.009284766908852594
Germany,berlin,13-18h,928,snowfall,0.1430592474321813
Germany,berlin,13-18h,928,snow_depth,0.0029725758016494255
Germany,berlin,13-18h,928,weather_code,19.39777582344305
Germany,berlin,13-18h,928,pressure_msl,0.4849457843853317
Germany,berlin,13-18h,928,surface_pressure,0.47712772091858724
Germany,berlin,13-18h,928,cloud_cover,28.697553362011842
Germany,berlin,13-18h,928,wind_speed_10m,2.401871576284943
Germany,berlin,13-18h,928,wind_gusts_10m,3.6818374114208154
Germany,berlin,19-24h,276,temperature_2m,1.1522819200128092
Germany,berlin,19-24h,276,relative_humidity_2m,5.693881791455849
Germany,berlin,19-24h,276,dew_point_2m,0.8587149144785049
Germany,berlin,19-24h,276,apparent_temperature,1.3915375710322029
Germany,berlin,19-24h,276,precipitation,0.17795130420052185
Germany,berlin,19-24h,276,rain,0.17549102954075846
Germany,berlin,19-24h,276,showers,0.017025130615174973
Germany,berlin,19-24h,276,snowfall,0
Germany,berlin,19-24h,276,snow_depth,0.002948839123097943
Germany,berlin,19-24h,276,weather_code,19.028773026618158
Germany,berlin,19-24h,276,pressure_msl,0.5377758813397288
Germany,berlin,19-24h,276,surface_pressure,0.5288763039951151
Germany,berlin,19-24h,276,cloud_cover,32.79824138092101
Germany,berlin,19-24h,276,wind_speed_10m,2.4866309202077685
Germany,berlin,19-24h,276,wind_gusts_10m,3.901040366623881
Germany,berlin,7-12h,1476,temperature_2m,1.030043280591451
Germany,berlin,7-12h,1476,relative_humidity_2m,7.657382147641161
Germany,berlin,7-12h,1476,dew_point_2m,0.9712604611888794
Germany,berlin,7-12h,1476,apparent_temperature,1.1673691265006005
Germany,berlin,7-12h,1476,precipitation,0.2617690494125543
Germany,berlin,7-12h,1476,rain,0.12767463729390455
Germany,berlin,7-12h,1476,showers,0.003681050869161552
Germany,berlin,7-12h,1476,snowfall,0.1342377860284949
Germany,berlin,7-12h,1476,snow_depth,0.0026798454835527657
Germany,berlin,7-12h,1476,weather_code,16.392294441998374
Germany,berlin,7-12h,1476,pressure_msl,0.3840308253210268
Germany,berlin,7-12h,1476,surface_pressure,0.3751964255207862
Germany,berlin,7-12h,1476,cloud_cover,28.050235616785496
Germany,berlin,7-12h,1476,wind_speed_10m,2.189702433657934
Germany,berlin,7-12h,1476,wind_gusts_10m,3.558013208882163
Germany,frankfurt,0h,372,temperature_2m,1.3078957901337025
Germany,frankfurt,0h,372,relative_humidity_2m,5.815718411783817
Germany,frankfurt,0h,372,dew_point_2m,1.1079623843620732
Germany,frankfurt,0h,372,apparent_temperature,1.6739785844135728
Germany,frankfurt,0h,372,precipitation,0.1524001524002286
Germany,frankfurt,0h,372,rain,0.14719601443879746
Germany,frankfurt,0h,372,showers,0.012700012700019052
Germany,frankfurt,0h,372,snowfall,0.02407425788000781
Germany,frankfurt,0h,372,snow_depth,0
Germany,frankfurt,0h,372,weather_code,22.486196482688317
Germany,frankfurt,0h,372,pressure_msl,0.344230480428317
Germany,frankfurt,0h,372,surface_pressure,0.3329567765548
Germany,frankfurt,0h,372,cloud_cover,22.243641111393455
Germany,frankfurt,0h,372,wind_speed_10m,3.4336256269774896
Germany,frankfurt,0h,372,wind_gusts_10m,5.238571790918031
Germany,frankfurt,1-6h,2036,temperature_2m,1.2835708112546467
Germany,frankfurt,1-6h,2036,relative_humidity_2m,5.829688261471037
Germany,frankfurt,1-6h,2036,dew_point_2m,1.1423186705075676
Germany,frankfurt,1-6h,2036,apparent_temperature,1.6502217508904626
Germany,frankfurt,1-6h,2036,precipitation,0.1461355508223286
Germany,frankfurt,1-6h,2036,rain,0.14006032940937724
Germany,frankfurt,1-6h,2036,showers,0.012536782816144454
Germany,frankfurt,1-6h,2036,snowfall,0.025491244307522063
Germany,frankfurt,1-6h,2036,snow_depth,7.008274649012562e-4
Germany,frankfurt,1-6h,2036,weather_code,23.191269273811898
Germany,frankfurt,1-6h,2036,pressure_msl,0.3523705854204458
Germany,frankfurt,1-6h,2036,surface_pressure,0.33911649915626096
Germany,frankfurt,1-6h,2036,cloud_cover,24.271568497484754
Germany,frankfurt,1-6h,2036,wind_speed_10m,3.352503975786171
Germany,frankfurt,1-6h,2036,wind_gusts_10m,5.1162545776898956
Germany,frankfurt,13-18h,928,temperature_2m,1.4463315664120728
Germany,frankfurt,13-18h,928,relative_humidity_2m,6.4019460942047495
Germany,frankfurt,13-18h,928,dew_point_2m,1.2236621829291916
Germany,frankfurt,13-18h,928,apparent_temperature,1.8144356489382396
Germany,frankfurt,13-18h,928,precipitation,0.18027756377319948
Germany,frankfurt,13-18h,928,rain,0.14804763911753493
Germany,frankfurt,13-18h,928,showers,0.017979873805701905
Germany,frankfurt,13-18h,928,snowfall,0.05813183589761798
Germany,frankfurt,13-18h,928,snow_depth,0.002226408891404303
Germany,frankfurt,13-18h,928,weather_code,22.652928561530253
Germany,frankfurt,13-18h,928,pressure_msl,0.5006246098625161
Germany,frankfurt,13-18h,928,surface_pressure,0.4929022075492189
Germany,frankfurt,13-18h,928,cloud_cover,27.668332763848177
Germany,frankfurt,13-18h,928,wind_speed_10m,3.373000684952444
Germany,frankfurt,13-18h,928,wind_gusts_10m,4.93466363315817
Germany,frankfurt,19-24h,276,temperature_2m,1.5488424850443188
Germany,frankfurt,19-24h,276,relative_humidity_2m,6.169701564201007
Germany,frankfurt,19-24h,276,dew_point_2m,1.1235941296197405
Germany,frankfurt,19-24h,276,apparent_temperature,1.9000381384425504
Germany,frankfurt,19-24h,276,precipitation,0.16484511834894675
Germany,frankfurt,19-24h,276,rain,0.11131623577819222
Germany,frankfurt,19-24h,276,showers,0.034050261230349946
Germany,frankfurt,19-24h,276,snowfall,0.07746434429904613
Germany,frankfurt,19-24h,276,snow_depth,0.0014744195615489714
Germany,frankfurt,19-24h,276,weather_code,23.416827839973468
Germany,frankfurt,19-24h,276,pressure_msl,0.5647238648031974
Germany,frankfurt,19-24h,276,surface_pressure,0.5735725823698143
Germany,frankfurt,19-24h,276,cloud_cover,23.668758837918315
Germany,frankfurt,19-24h,276,wind_speed_10m,3.6093477671662266
Germany,frankfurt,19-24h,276,wind_gusts_10m,5.0744672027026
Germany,frankfurt,7-12h,1476,temperature_2m,1.2416277889913965
Germany,frankfurt,7-12h,1476,relative_humidity_2m,6.303201750184031
Germany,frankfurt,7-12h,1476,dew_point_2m,1.0849924755899096
Germany,frankfurt,7-12h,1476,apparent_temperature,1.539489233567745
Germany,frankfurt,7-12h,1476,precipitation,0.16271743843131165
Germany,frankfurt,7-12h,1476,rain,0.14232867797645612
Germany,frankfurt,7-12h,1476,showers,0.02602896031476768
Germany,frankfurt,7-12h,1476,snowfall,0.03176813013290083
Germany,frankfurt,7-12h,1476,snow_depth,0.0016868694244915794
Germany,frankfurt,7-12h,1476,weather_code,21.778603905573945
Germany,frankfurt,7-12h,1476,pressure_msl,0.4080656995829843
Germany,frankfurt,7-12h,1476,surface_pressure,0.3921312760662883
Germany,frankfurt,7-12h,1476,cloud_cover,25.37723517329361
Germany,frankfurt,7-12h,1476,wind_speed_10m,3.336837588923223
Germany,frankfurt,7-12h,1476,wind_gusts_10m,5.404356869298298
Germany,hamburg,0h,372,temperature_2m,0.6783122635495547
Germany,hamburg,0h,372,relative_humidity_2m,5.269612623742003
Germany,hamburg,0h,372,dew_point_2m,0.7133142395193547
Germany,hamburg,0h,372,apparent_temperature,0.8809513430475058
Germany,hamburg,0h,372,precipitation,0.25026867283411747
Germany,hamburg,0h,372,rain,0.24962337221700462
Germany,hamburg,0h,372,showers,0.007332355751067665
Germany,hamburg,0h,372,snowfall,0.007258661863112977
Germany,hamburg,0h,372,snow_depth,0.012763354802184716
Germany,hamburg,0h,372,weather_code,19.37171755059977
Germany,hamburg,0h,372,pressure_msl,0.304888486577163
Germany,hamburg,0h,372,surface_pressure,0.30258740850363525
Germany,hamburg,0h,372,cloud_cover,24.216097019105074
Germany,hamburg,0h,372,wind_speed_10m,3.2603598323742027
Germany,hamburg,0h,372,wind_gusts_10m,4.852906234899988
Germany,hamburg,1-6h,2036,temperature_2m,0.6671052912008221
Germany,hamburg,1-6h,2036,relative_humidity_2m,5.386167979276391
Germany,hamburg,1-6h,2036,dew_point_2m,0.7756358694417352
Germany,hamburg,1-6h,2036,apparent_temperature,0.8433258138411074
Germany,hamburg,1-6h,2036,precipitation,0.208418122889828
Germany,hamburg,1-6h,2036,rain,0.18792110537871565
Germany,hamburg,1-6h,2036,showers,0.012138687765486697
Germany,hamburg,1-6h,2036,snowfall,0.055198338575834116
Germany,hamburg,1-6h,2036,snow_depth,0.012669285911249393
Germany,hamburg,1-6h,2036,weather_code,19.703150646104906
Germany,hamburg,1-6h,2036,pressure_msl,0.33623653850107255
Germany,hamburg,1-6h,2036,surface_pressure,0.33425870244044625
Germany,hamburg,1-6h,2036,cloud_cover,26.7630951367113
Germany,hamburg,1-6h,2036,wind_speed_10m,3.167702929057324
Germany,hamburg,1-6h,2036,wind_gusts_10m,4.927787972564772
Germany,hamburg,13-18h,928,temperature_2m,0.7950547584698284
Germany,hamburg,13-18h,928,relative_humidity_2m,6.373605324114932
Germany,hamburg,13-18h,928,dew_point_2m,0.923075817859639
Germany,hamburg,13-18h,928,apparent_temperature,0.98352813188383
Germany,hamburg,13-18h,928,precipitation,0.17991856395372996
Germany,hamburg,13-18h,928,rain,0.15974116995724785
Germany,hamburg,13-18h,928,showers,0.009284766908852594
Germany,hamburg,13-18h,928,snowfall,0.057216316698575805
Germany,hamburg,13-18h,928,snow_depth,0.012577346905147118
Germany,hamburg,13-18h,928,weather_code,19.211952996273816
Germany,hamburg,13-18h,928,pressure_msl,0.4901178605614968
Germany,hamburg,13-18h,928,surface_pressure,0.4874723688013818
Germany,hamburg,13-18h,928,cloud_cover,24.635314223621176
Germany,hamburg,13-18h,928,wind_speed_10m,3.1686843239470206
Germany,hamburg,13-18h,928,wind_gusts_10m,4.64044485456684
Germany,hamburg,19-24h,276,temperature_2m,0.8932922335343308
Germany,hamburg,19-24h,276,relative_humidity_2m,5.723078121815724
Germany,hamburg,19-24h,276,dew_point_2m,0.7697166804194528
Germany,hamburg,19-24h,276,apparent_temperature,1.094286876516365
Germany,hamburg,19-24h,276,precipitation,0.21450988964060186
Germany,hamburg,19-24h,276,rain,0.175284447915836
Germany,hamburg,19-24h,276,showers,0
Germany,hamburg,19-24h,276,snowfall,0.09863561987054362
Germany,hamburg,19-24h,276,snow_depth,0.012825472842090012
Germany,hamburg,19-24h,276,weather_code,18.050452641961922
Germany,hamburg,19-24h,276,pressure_msl,0.5381126437757286
Germany,hamburg,19-24h,276,surface_pressure,0.5369667897862376
Germany,hamburg,19-24h,276,cloud_cover,28.56786986118841
Germany,hamburg,19-24h,276,wind_speed_10m,3.69620839803969
Germany,hamburg,19-24h,276,wind_gusts_10m,5.799044149123048
Germany,hamburg,7-12h,1476,temperature_2m,0.6739842301919426
Germany,hamburg,7-12h,1476,relative_humidity_2m,6.335151643130843
Germany,hamburg,7-12h,1476,dew_point_2m,0.9319385629400958
Germany,hamburg,7-12h,1476,apparent_temperature,0.8289069434304485
Germany,hamburg,7-12h,1476,precipitation,0.17186999561573837
Germany,hamburg,7-12h,1476,rain,0.1557828382169449
Germany,hamburg,7-12h,1476,showers,0.007362101738323104
Germany,hamburg,7-12h,1476,snowfall,0.05042770993748671
Germany,hamburg,7-12h,1476,snow_depth,0.012297134308249299
Germany,hamburg,7-12h,1476,weather_code,17.29549497243324
Germany,hamburg,7-12h,1476,pressure_msl,0.38682573122979136
Germany,hamburg,7-12h,1476,surface_pressure,0.3862473195634091
Germany,hamburg,7-12h,1476,cloud_cover,24.060673082021037
Germany,hamburg,7-12h,1476,wind_speed_10m,2.9862353601175275
Germany,hamburg,7-12h,1476,wind_gusts_10m,4.712596278659658
Germany,munich,0h,372,temperature_2m,1.1402933031480547
Germany,munich,0h,372,relative_humidity_2m,7.183837893613721
Germany,munich,0h,372,dew_point_2m,1.1240049362766134
Germany,munich,0h,372,apparent_temperature,1.3716601666969943
Germany,munich,0h,372,precipitation,0.18389454668661404
Germany,munich,0h,372,rain,0.20399240972596616
Germany,munich,0h,372,showers,0.01466471150213533
Germany,munich,0h,372,snowfall,0.040087270389885965
Germany,munich,0h,372,snow_depth,0.00254000254000381
Germany,munich,0h,372,weather_code,27.098486249037
Germany,munich,0h,372,pressure_msl,0.7695131822356299
Germany,munich,0h,372,surface_pressure,0.7264954913313202
Germany,munich,0h,372,cloud_cover,30.306144023801476
Germany,munich,0h,372,wind_speed_10m,2.943637205907005
Germany,munich,0h,372,wind_gusts_10m,5.5326742061111585
Germany,munich,1-6h,2036,temperature_2m,1.2508072049869041
Germany,munich,1-6h,2036,relative_humidity_2m,7.186882287456255
Germany,munich,1-6h,2036,dew_point_2m,1.313964591210438
Germany,munich,1-6h,2036,apparent_temperature,1.4988273084613155
Germany,munich,1-6h,2036,precipitation,0.1606409069394165
Germany,munich,1-6h,2036,rain,0.1556405106834828
Germany,munich,1-6h,2036,showers,0.010394951169831568
Germany,munich,1-6h,2036,snowfall,0.04690101602863913
Germany,munich,1-6h,2036,snow_depth,0.002677857983384267
Germany,munich,1-6h,2036,weather_code,28.613576125736888
Germany,munich,1-6h,2036,pressure_msl,0.7849955889405951
Germany,munich,1-6h,2036,surface_pressure,0.7614160626308223
Germany,munich,1-6h,2036,cloud_cover,28.45709899657007
Germany,munich,1-6h,2036,wind_speed_10m,2.758799103792882
Germany,munich,1-6h,2036,wind_gusts_10m,5.229718989321429
Germany,munich,13-18h,928,temperature_2m,1.5600480761822695
Germany,munich,13-18h,928,relative_humidity_2m,7.2903159668529955
Germany,munich,13-18h,928,dew_point_2m,1.6688190125210476
Germany,munich,13-18h,928,apparent_temperature,1.9048882218993939
Germany,munich,13-18h,928,precipitation,0.22813902295114585
Germany,munich,13-18h,928,rain,0.17487680392700497
Germany,munich,13-18h,928,showers,0.023211917272131483
Germany,munich,13-18h,928,snowfall,0.09064186822799973
Germany,munich,13-18h,928,snow_depth,0.004404151646360276
Germany,munich,13-18h,928,weather_code,27.105954301973757
Germany,munich,13-18h,928,pressure_msl,0.9159623731166683
Germany,munich,13-18h,928,surface_pressure,0.9532498858261588
Germany,munich,13-18h,928,cloud_cover,33.59113311780254
Germany,munich,13-18h,928,wind_speed_10m,3.2336025335262817
Germany,munich,13-18h,928,wind_gusts_10m,6.034141369653641
Germany,munich,19-24h,276,temperature_2m,1.4186644055773634
Germany,munich,19-24h,276,relative_humidity_2m,6.878342402272407
Germany,munich,19-24h,276,dew_point_2m,1.44558297753105
Germany,munich,19-24h,276,apparent_temperature,1.725595885316226
Germany,munich,19-24h,276,precipitation,0.23789536123798363
Germany,munich,19-24h,276,rain,0.22246966899599688
Germany,munich,19-24h,276,showers,0.034050261230349946
Germany,munich,19-24h,276,snowfall,0.03721266731498365
Germany,munich,19-24h,276,snow_depth,0.006019292654288459
Germany,munich,19-24h,276,weather_code,30.10139868674794
Germany,munich,19-24h,276,pressure_msl,1.2054826443367412
Germany,munich,19-24h,276,surface_pressure,1.1947651518670732
Germany,munich,19-24h,276,cloud_cover,31.775708523554798
Germany,munich,19-24h,276,wind_speed_10m,3.3776009838044962
Germany,munich,19-24h,276,wind_gusts_10m,6.675208296158364
Germany,munich,7-12h,1476,temperature_2m,1.349791713330873
Germany,munich,7-12h,1476,relative_humidity_2m,8.178314242448653
Germany,munich,7-12h,1476,dew_point_2m,1.573402747538614
Germany,munich,7-12h,1476,apparent_temperature,1.5879372517348267
Germany,munich,7-12h,1476,precipitation,0.16464793679068954
Germany,munich,7-12h,1476,rain,0.14584999904772789
Germany,munich,7-12h,1476,showers,0.016462159944159827
Germany,munich,7-12h,1476,snowfall,0.03778236063386922
Germany,munich,7-12h,1476,snow_depth,0.002576735608413086
Germany,munich,7-12h,1476,weather_code,26.59798064751806
Germany,munich,7-12h,1476,pressure_msl,0.7353446180649428
Germany,munich,7-12h,1476,surface_pressure,0.7226025681830366
Germany,munich,7-12h,1476,cloud_cover,31.924474728973493
Germany,munich,7-12h,1476,wind_speed_10m,2.6895108913496424
Germany,munich,7-12h,1476,wind_gusts_10m,5.307604351931252
Germany,stuttgart,0h,372,temperature_2m,1.0735580476715871
Germany,stuttgart,0h,372,relative_humidity_2m,7.624239782303841
Germany,stuttgart,0h,372,dew_point_2m,0.9517104014205388
Germany,stuttgart,0h,372,apparent_temperature,1.4044093389741645
Germany,stuttgart,0h,372,precipitation,0.12334931602340103
Germany,stuttgart,0h,372,rain,0.12291267990618555
Germany,stuttgart,0h,372,showers,0.007332355751067665
Germany,stuttgart,0h,372,snowfall,0.015397947077242093
Germany,stuttgart,0h,372,snow_depth,0.005865884600854132
Germany,stuttgart,0h,372,weather_code,17.86944890871219
Germany,stuttgart,0h,372,pressure_msl,0.48637345711391866
Germany,stuttgart,0h,372,surface_pressure,0.49676372004041175
Germany,stuttgart,0h,372,cloud_cover,27.202348095991344
Germany,stuttgart,0h,372,wind_speed_10m,3.7619844340082578
Germany,stuttgart,0h,372,wind_gusts_10m,5.927519200387945
Germany,stuttgart,1-6h,2036,temperature_2m,1.2284368011663136
Germany,stuttgart,1-6h,2036,relative_humidity_2m,7.887345314490779
Germany,stuttgart,1-6h,2036,dew_point_2m,1.0669393274630146
Germany,stuttgart,1-6h,2036,apparent_temperature,1.5697189817699473
Germany,stuttgart,1-6h,2036,precipitation,0.1619199637357562
Germany,stuttgart,1-6h,2036,rain,0.1509303173894137
Germany,stuttgart,1-6h,2036,showers,0.014700680924581877
Germany,stuttgart,1-6h,2036,snowfall,0.027489951727358398
Germany,stuttgart,1-6h,2036,snow_depth,0.004925775197535929
Germany,stuttgart,1-6h,2036,weather_code,19.54657929866447
Germany,stuttgart,1-6h,2036,pressure_msl,0.5206633972932454
Germany,stuttgart,1-6h,2036,surface_pressure,0.5197097572945004
Germany,stuttgart,1-6h,2036,cloud_cover,30.4695409763332
Germany,stuttgart,1-6h,2036,wind_speed_10m,3.7799998440764617
Germany,stuttgart,1-6h,2036,wind_gusts_10m,6.106300491905551
Germany,stuttgart,13-18h,928,temperature_2m,1.4982748700445112
Germany,stuttgart,13-18h,928,relative_humidity_2m,8.104250693947272
Germany,stuttgart,13-18h,928,dew_point_2m,1.0694423296988596
Germany,stuttgart,13-18h,928,apparent_temperature,1.8988540101135047
Germany,stuttgart,13-18h,928,precipitation,0.1833594547744196
Germany,stuttgart,13-18h,928,rain,0.15164329742910637
Germany,stuttgart,13-18h,928,showers,0.01737020834449128
Germany,stuttgart,13-18h,928,snowfall,0.05600377142472731
Germany,stuttgart,13-18h,928,snow_depth,0.0046655376302533825
Germany,stuttgart,13-18h,928,weather_code,19.04345077031417
Germany,stuttgart,13-18h,928,pressure_msl,0.6039917503432961
Germany,stuttgart,13-18h,928,surface_pressure,0.6344458619331781
Germany,stuttgart,13-18h,928,cloud_cover,34.64596184858768
Germany,stuttgart,13-18h,928,wind_speed_10m,4.09365573068612
Germany,stuttgart,13-18h,928,wind_gusts_10m,6.482386613500968
Germany,stuttgart,19-24h,276,temperature_2m,1.5216076547758506
Germany,stuttgart,19-24h,276,relative_humidity_2m,7.910275833883161
Germany,stuttgart,19-24h,276,dew_point_2m,1.0797879555660488
Germany,stuttgart,19-24h,276,apparent_temperature,2.0250246017471394
Germany,stuttgart,19-24h,276,precipitation,0.2223067472099587
Germany,stuttgart,19-24h,276,rain,0.19615876444748837
Germany,stuttgart,19-24h,276,showers,0
Germany,stuttgart,19-24h,276,snowfall,0.06999999999999999
Germany,stuttgart,19-24h,276,snow_depth,0.006197241087891391
Germany,stuttgart,19-24h,276,weather_code,19.050466919607835
Germany,stuttgart,19-24h,276,pressure_msl,0.7385355662449102
Germany,stuttgart,19-24h,276,surface_pressure,0.7847735757639759
Germany,stuttgart,19-24h,276,cloud_cover,31.246217162346575
Germany,stuttgart,19-24h,276,wind_speed_10m,4.663891514386995
Germany,stuttgart,19-24h,276,wind_gusts_10m,7.453702513477467
Germany,stuttgart,7-12h,1476,temperature_2m,1.2523257496345876
Germany,stuttgart,7-12h,1476,relative_humidity_2m,7.982704882166969
Germany,stuttgart,7-12h,1476,dew_point_2m,1.2017433136364515
Germany,stuttgart,7-12h,1476,apparent_temperature,1.5543452511882934
Germany,stuttgart,7-12h,1476,precipitation,0.16190306243557057
Germany,stuttgart,7-12h,1476,rain,0.1452728486056683
Germany,stuttgart,7-12h,1476,showers,0.009016696346674324
Germany,stuttgart,7-12h,1476,snowfall,0.03916299065952923
Germany,stuttgart,7-12h,1476,snow_depth,0.004339894969568212
Germany,stuttgart,7-12h,1476,weather_code,18.798568532252357
Germany,stuttgart,7-12h,1476,pressure_msl,0.519276127389817
Germany,stuttgart,7-12h,1476,surface_pressure,0.5035376207408465
Germany,stuttgart,7-12h,1476,cloud_cover,33.04663289655178
Germany,stuttgart,7-12h,1476,wind_speed_10m,3.607057971348962
Germany,stuttgart,7-12h,1476,wind_gusts_10m,6.022028217157279
Ghana,accra,0h,372,temperature_2m,0.9664256280871568
Ghana,accra,0h,372,relative_humidity_2m,4.955175419786894
Ghana,accra,0h,372,dew_point_2m,1.1413301050100055
Ghana,accra,0h,372,apparent_temperature,1.5055274501734621
Ghana,accra,0h,372,precipitation,0.40221162781350206
Ghana,accra,0h,372,rain,0.31876778887743107
Ghana,accra,0h,372,showers,0.2545288711257706
Ghana,accra,0h,372,snowfall,0
Ghana,accra,0h,372,snow_depth,0
Ghana,accra,0h,372,weather_code,34.78234937374112
Ghana,accra,0h,372,pressure_msl,0.5050284778513552
Ghana,accra,0h,372,surface_pressure,0.5050284778513614
Ghana,accra,0h,372,cloud_cover,38.60058777200272
Ghana,accra,0h,372,wind_speed_10m,3.100971058455132
Ghana,accra,0h,372,wind_gusts_10m,8.462609094609773
Ghana,accra,1-6h,2036,temperature_2m,0.9205469459860499
Ghana,accra,1-6h,2036,relative_humidity_2m,4.942498433607061
Ghana,accra,1-6h,2036,dew_point_2m,1.042882133042113
Ghana,accra,1-6h,2036,apparent_temperature,1.3424422807010186
Ghana,accra,1-6h,2036,precipitation,0.41121316514743267
Ghana,accra,1-6h,2036,rain,0.40274109912859457
Ghana,accra,1-6h,2036,showers,0.1675842455940185
Ghana,accra,1-6h,2036,snowfall,0
Ghana,accra,1-6h,2036,snow_depth,0
Ghana,accra,1-6h,2036,weather_code,29.231243881513336
Ghana,accra,1-6h,2036,pressure_msl,0.39655936759024574
Ghana,accra,1-6h,2036,surface_pressure,0.396559367590245
Ghana,accra,1-6h,2036,cloud_cover,38.18923258282661
Ghana,accra,1-6h,2036,wind_speed_10m,3.095016274066859
Ghana,accra,1-6h,2036,wind_gusts_10m,8.40287278969775
Ghana,accra,13-18h,928,temperature_2m,0.8918573219739919
Ghana,accra,13-18h,928,relative_humidity_2m,4.548825160942942
Ghana,accra,13-18h,928,dew_point_2m,0.7632168761236875
Ghana,accra,13-18h,928,apparent_temperature,1.1127009698368482
Ghana,accra,13-18h,928,precipitation,0.28500604954257036
Ghana,accra,13-18h,928,rain,0.29232274322552554
Ghana,accra,13-18h,928,showers,0.14210547321353031
Ghana,accra,13-18h,928,snowfall,0
Ghana,accra,13-18h,928,snow_depth,0
Ghana,accra,13-18h,928,weather_code,23.966391698261187
Ghana,accra,13-18h,928,pressure_msl,0.3954754885817378
Ghana,accra,13-18h,928,surface_pressure,0.3954754885817415
Ghana,accra,13-18h,928,cloud_cover,37.149047418984125
Ghana,accra,13-18h,928,wind_speed_10m,3.194067777226595
Ghana,accra,13-18h,928,wind_gusts_10m,7.8712183038083054
Ghana,accra,19-24h,276,temperature_2m,0.6426282086033523
Ghana,accra,19-24h,276,relative_humidity_2m,4.853655428076117
Ghana,accra,19-24h,276,dew_point_2m,0.6832361189244158
Ghana,accra,19-24h,276,apparent_temperature,1.0627418735775271
Ghana,accra,19-24h,276,precipitation,0.23281515962394853
Ghana,accra,19-24h,276,rain,0.24524462794571442
Ghana,accra,19-24h,276,showers,0.03611575592573076
Ghana,accra,19-24h,276,snowfall,0
Ghana,accra,19-24h,276,snow_depth,0
Ghana,accra,19-24h,276,weather_code,15.883634819286918
Ghana,accra,19-24h,276,pressure_msl,0.4419161176880371
Ghana,accra,19-24h,276,surface_pressure,0.4419161176880304
Ghana,accra,19-24h,276,cloud_cover,39.39441952681969
Ghana,accra,19-24h,276,wind_speed_10m,4.007529145879349
Ghana,accra,19-24h,276,wind_gusts_10m,9.669255025782657
Ghana,accra,7-12h,1476,temperature_2m,1.0843116283232754
Ghana,accra,7-12h,1476,relative_humidity_2m,5.296237862988691
Ghana,accra,7-12h,1476,dew_point_2m,1.0362076467884573
Ghana,accra,7-12h,1476,apparent_temperature,1.310707415687916
Ghana,accra,7-12h,1476,precipitation,0.5875515315000223
Ghana,accra,7-12h,1476,rain,0.5925577281975255
Ghana,accra,7-12h,1476,showers,0.17499516059897866
Ghana,accra,7-12h,1476,snowfall,0
Ghana,accra,7-12h,1476,snow_depth,0
Ghana,accra,7-12h,1476,weather_code,29.543408877955862
Ghana,accra,7-12h,1476,pressure_msl,0.4380450534302231
Ghana,accra,7-12h,1476,surface_pressure,0.43804505343022365
Ghana,accra,7-12h,1476,cloud_cover,36.12947208841466
Ghana,accra,7-12h,1476,wind_speed_10m,3.10475420041369
Ghana,accra,7-12h,1476,wind_gusts_10m,8.826770840394277
Greece,athens,0h,372,temperature_2m,1.4712294617197748
Greece,athens,0h,372,relative_humidity_2m,8.970980694642916
Greece,athens,0h,372,dew_point_2m,2.1944088287114782
Greece,athens,0h,372,apparent_temperature,1.9055239451070523
Greece,athens,0h,372,precipitation,0.5245581858312581
Greece,athens,0h,372,rain,0.5509522548250204
Greece,athens,0h,372,showers,0.27988092706244444
Greece,athens,0h,372,snowfall,0
Greece,athens,0h,372,snow_depth,0
Greece,athens,0h,372,weather_code,20.353462625809275
Greece,athens,0h,372,pressure_msl,0.4049425818849582
Greece,athens,0h,372,surface_pressure,0.3899269300172616
Greece,athens,0h,372,cloud_cover,25.245355156726305
Greece,athens,0h,372,wind_speed_10m,3.0369498705327738
Greece,athens,0h,372,wind_gusts_10m,6.0424217177431245
Greece,athens,1-6h,2036,temperature_2m,1.2782601141590477
Greece,athens,1-6h,2036,relative_humidity_2m,8.55887962482357
Greece,athens,1-6h,2036,dew_point_2m,1.946322914630488
Greece,athens,1-6h,2036,apparent_temperature,1.6191389693181486
Greece,athens,1-6h,2036,precipitation,0.5747981622347517
Greece,athens,1-6h,2036,rain,0.6264786046172862
Greece,athens,1-6h,2036,showers,0.19800081363568417
Greece,athens,1-6h,2036,snowfall,0
Greece,athens,1-6h,2036,snow_depth,0
Greece,athens,1-6h,2036,weather_code,18.98295688925548
Greece,athens,1-6h,2036,pressure_msl,0.43374369768893734
Greece,athens,1-6h,2036,surface_pressure,0.42288419367170454
Greece,athens,1-6h,2036,cloud_cover,27.971234873591737
Greece,athens,1-6h,2036,wind_speed_10m,3.099451754549815
Greece,athens,1-6h,2036,wind_gusts_10m,6.56820046644338
Greece,athens,13-18h,928,temperature_2m,1.3250487954580494
Greece,athens,13-18h,928,relative_humidity_2m,8.126690805504776
Greece,athens,13-18h,928,dew_point_2m,1.7398350100135833
Greece,athens,13-18h,928,apparent_temperature,1.7160625541206744
Greece,athens,13-18h,928,precipitation,0.6441045642247635
Greece,athens,13-18h,928,rain,0.6480075563629242
Greece,athens,13-18h,928,showers,0.12105854952787558
Greece,athens,13-18h,928,snowfall,0
Greece,athens,13-18h,928,snow_depth,0
Greece,athens,13-18h,928,weather_code,20.40141349058425
Greece,athens,13-18h,928,pressure_msl,0.47780478628107564
Greece,athens,13-18h,928,surface_pressure,0.4780528033163511
Greece,athens,13-18h,928,cloud_cover,27.354592062331175
Greece,athens,13-18h,928,wind_speed_10m,3.114063621922216
Greece,athens,13-18h,928,wind_gusts_10m,6.665224341103709
Greece,athens,19-24h,276,temperature_2m,1.4026889291229392
Greece,athens,19-24h,276,relative_humidity_2m,8.579128701410319
Greece,athens,19-24h,276,dew_point_2m,2.1789673129087177
Greece,athens,19-24h,276,apparent_temperature,2.0210845130017825
Greece,athens,19-24h,276,precipitation,0.7425475147047513
Greece,athens,19-24h,276,rain,0.7931774295721031
Greece,athens,19-24h,276,showers,0.2345207879911715
Greece,athens,19-24h,276,snowfall,0
Greece,athens,19-24h,276,snow_depth,0
Greece,athens,19-24h,276,weather_code,17.647309603219526
Greece,athens,19-24h,276,pressure_msl,0.4493957295515071
Greece,athens,19-24h,276,surface_pressure,0.4391196727049722
Greece,athens,19-24h,276,cloud_cover,34.12434635993419
Greece,athens,19-24h,276,wind_speed_10m,3.2438905787582484
Greece,athens,19-24h,276,wind_gusts_10m,6.330126953417033
Greece,athens,7-12h,1476,temperature_2m,1.1697172660026969
Greece,athens,7-12h,1476,relative_humidity_2m,8.691724251303915
Greece,athens,7-12h,1476,dew_point_2m,1.8144033786884894
Greece,athens,7-12h,1476,apparent_temperature,1.4298880885577927
Greece,athens,7-12h,1476,precipitation,0.6099484628813108
Greece,athens,7-12h,1476,rain,0.636417394695496
Greece,athens,7-12h,1476,showers,0.1254984641286298
Greece,athens,7-12h,1476,snowfall,0
Greece,athens,7-12h,1476,snow_depth,0
Greece,athens,7-12h,1476,weather_code,19.12687633603521
Greece,athens,7-12h,1476,pressure_msl,0.45261959595778556
Greece,athens,7-12h,1476,surface_pressure,0.45020320615169757
Greece,athens,7-12h,1476,cloud_cover,26.905183308962773
Greece,athens,7-12h,1476,wind_speed_10m,3.0928582828386397
Greece,athens,7-12h,1476,wind_gusts_10m,6.544750063030206
Greece,thessaloniki,0h,372,temperature_2m,1.1849867292029463
Greece,thessaloniki,0h,372,relative_humidity_2m,9.108958133594088
Greece,thessaloniki,0h,372,dew_point_2m,1.493678435546689
Greece,thessaloniki,0h,372,apparent_temperature,1.3988090172238192
Greece,thessaloniki,0h,372,precipitation,0.35019195964806293
Greece,thessaloniki,0h,372,rain,0.30987336990510184
Greece,thessaloniki,0h,372,showers,0.20556766408199767
Greece,thessaloniki,0h,372,snowfall,0
Greece,thessaloniki,0h,372,snow_depth,0
Greece,thessaloniki,0h,372,weather_code,17.88824327070235
Greece,thessaloniki,0h,372,pressure_msl,0.4543694673976497
Greece,thessaloniki,0h,372,surface_pressure,0.45318466885589237
Greece,thessaloniki,0h,372,cloud_cover,29.209937180821306
Greece,thessaloniki,0h,372,wind_speed_10m,4.001599142708416
Greece,thessaloniki,0h,372,wind_gusts_10m,9.235112984038526
Greece,thessaloniki,1-6h,2036,temperature_2m,1.1663672550590016
Greece,thessaloniki,1-6h,2036,relative_humidity_2m,9.82569103535219
Greece,thessaloniki,1-6h,2036,dew_point_2m,1.587481726454548
Greece,thessaloniki,1-6h,2036,apparent_temperature,1.3365093966699348
Greece,thessaloniki,1-6h,2036,precipitation,0.5538665659597226
Greece,thessaloniki,1-6h,2036,rain,0.56769620254939
Greece,thessaloniki,1-6h,2036,showers,0.10825459331806538
Greece,thessaloniki,1-6h,2036,snowfall,0
Greece,thessaloniki,1-6h,2036,snow_depth,0
Greece,thessaloniki,1-6h,2036,weather_code,18.235067362882983
Greece,thessaloniki,1-6h,2036,pressure_msl,0.46760477325254823
Greece,thessaloniki,1-6h,2036,surface_pressure,0.466984642347695
Greece,thessaloniki,1-6h,2036,cloud_cover,30.272144795028304
Greece,thessaloniki,1-6h,2036,wind_speed_10m,3.915078402765842
Greece,thessaloniki,1-6h,2036,wind_gusts_10m,8.896390076040325
Greece,thessaloniki,13-18h,928,temperature_2m,1.1765122330357465
Greece,thessaloniki,13-18h,928,relative_humidity_2m,10.53074317055249
Greece,thessaloniki,13-18h,928,dew_point_2m,1.5656055344994066
Greece,thessaloniki,13-18h,928,apparent_temperature,1.167953928590655
Greece,thessaloniki,13-18h,928,precipitation,0.6786935980249114
Greece,thessaloniki,13-18h,928,rain,0.6617798623461555
Greece,thessaloniki,13-18h,928,showers,0.27601692851632526
Greece,thessaloniki,13-18h,928,snowfall,0
Greece,thessaloniki,13-18h,928,snow_depth,0
Greece,thessaloniki,13-18h,928,weather_code,17.30202051186807
Greece,thessaloniki,13-18h,928,pressure_msl,0.5343784659093112
Greece,thessaloniki,13-18h,928,surface_pressure,0.5331873902329735
Greece,thessaloniki,13-18h,928,cloud_cover,29.456938179256714
Greece,thessaloniki,13-18h,928,wind_speed_10m,4.405587655036147
Greece,thessaloniki,13-18h,928,wind_gusts_10m,8.937011380422042
Greece,thessaloniki,19-24h,276,temperature_2m,1.178644517465179
Greece,thessaloniki,19-24h,276,relative_humidity_2m,9.590907529862688
Greece,thessaloniki,19-24h,276,dew_point_2m,1.4187410218064893
Greece,thessaloniki,19-24h,276,apparent_temperature,1.1539472270856024
Greece,thessaloniki,19-24h,276,precipitation,1.0538060762667918
Greece,thessaloniki,19-24h,276,rain,1.0148534555451265
Greece,thessaloniki,19-24h,276,showers,0.40548771850090903
Greece,thessaloniki,19-24h,276,snowfall,0
Greece,thessaloniki,19-24h,276,snow_depth,0
Greece,thessaloniki,19-24h,276,weather_code,16.052224551241434
Greece,thessaloniki,19-24h,276,pressure_msl,0.5339217768251502
Greece,thessaloniki,19-24h,276,surface_pressure,0.534464380396899
Greece,thessaloniki,19-24h,276,cloud_cover,37.2887285297088
Greece,thessaloniki,19-24h,276,wind_speed_10m,3.8617128436687937
Greece,thessaloniki,19-24h,276,wind_gusts_10m,9.044900076358187
Greece,thessaloniki,7-12h,1476,temperature_2m,1.045878476983768
Greece,thessaloniki,7-12h,1476,relative_humidity_2m,9.996815211013137
Greece,thessaloniki,7-12h,1476,dew_point_2m,1.6801164626040896
Greece,thessaloniki,7-12h,1476,apparent_temperature,1.1940230554350988
Greece,thessaloniki,7-12h,1476,precipitation,0.6097669375730219
Greece,thessaloniki,7-12h,1476,rain,0.6077748299349349
Greece,thessaloniki,7-12h,1476,showers,0.21861227759043894
Greece,thessaloniki,7-12h,1476,snowfall,0
Greece,thessaloniki,7-12h,1476,snow_depth,0
Greece,thessaloniki,7-12h,1476,weather_code,17.432914388163578
Greece,thessaloniki,7-12h,1476,pressure_msl,0.48294770150072136
Greece,thessaloniki,7-12h,1476,surface_pressure,0.47962553143729014
Greece,thessaloniki,7-12h,1476,cloud_cover,31.506978622156378
Greece,thessaloniki,7-12h,1476,wind_speed_10m,4.158864239370843
Greece,thessaloniki,7-12h,1476,wind_gusts_10m,8.988420735428063
Hungary,budapest,0h,372,temperature_2m,1.52398388499368
Hungary,budapest,0h,372,relative_humidity_2m,11.13987316774964
Hungary,budapest,0h,372,dew_point_2m,1.0646065455247744
Hungary,budapest,0h,372,apparent_temperature,1.5782288970909457
Hungary,budapest,0h,372,precipitation,0.2956676425290899
Hungary,budapest,0h,372,rain,0.2949393959982762
Hungary,budapest,0h,372,showers,0
Hungary,budapest,0h,372,snowfall,0.0332633674318044
Hungary,budapest,0h,372,snow_depth,0.0019399589841579265
Hungary,budapest,0h,372,weather_code,15.489503903701877
Hungary,budapest,0h,372,pressure_msl,0.3541611321515732
Hungary,budapest,0h,372,surface_pressure,0.33279526464786446
Hungary,budapest,0h,372,cloud_cover,23.443251086514778
Hungary,budapest,0h,372,wind_speed_10m,2.4221868729129525
Hungary,budapest,0h,372,wind_gusts_10m,4.787219769164517
Hungary,budapest,1-6h,2036,temperature_2m,1.5210797788139514
Hungary,budapest,1-6h,2036,relative_humidity_2m,11.043493225995702
Hungary,budapest,1-6h,2036,dew_point_2m,1.044928814751435
Hungary,budapest,1-6h,2036,apparent_temperature,1.5306142429453833
Hungary,budapest,1-6h,2036,precipitation,0.236294245656664
Hungary,budapest,1-6h,2036,rain,0.2389400299604176
Hungary,budapest,1-6h,2036,showers,0
Hungary,budapest,1-6h,2036,snowfall,0.03148891968404711
Hungary,budapest,1-6h,2036,snow_depth,0.0022382634301420373
Hungary,budapest,1-6h,2036,weather_code,16.988294826150046
Hungary,budapest,1-6h,2036,pressure_msl,0.4032651606373779
Hungary,budapest,1-6h,2036,surface_pressure,0.3776153072053029
Hungary,budapest,1-6h,2036,cloud_cover,25.32018926238324
Hungary,budapest,1-6h,2036,wind_speed_10m,2.7599293860731327
Hungary,budapest,1-6h,2036,wind_gusts_10m,5.204697892978124
Hungary,budapest,13-18h,928,temperature_2m,1.6361553441971297
Hungary,budapest,13-18h,928,relative_humidity_2m,10.587280918223493
Hungary,budapest,13-18h,928,dew_point_2m,1.046237099784517
Hungary,budapest,13-18h,928,apparent_temperature,1.6284843281089787
Hungary,budapest,13-18h,928,precipitation,0.32166726222325903
Hungary,budapest,13-18h,928,rain,0.3286925510312764
Hungary,budapest,13-18h,928,showers,0
Hungary,budapest,13-18h,928,snowfall,0.029783703018886713
Hungary,budapest,13-18h,928,snow_depth,0.0021774708517784637
Hungary,budapest,13-18h,928,weather_code,19.242217414697368
Hungary,budapest,13-18h,928,pressure_msl,0.5000646509926666
Hungary,budapest,13-18h,928,surface_pressure,0.4767888276867414
Hungary,budapest,13-18h,928,cloud_cover,30.315830336072228
Hungary,budapest,13-18h,928,wind_speed_10m,2.8432315271960142
Hungary,budapest,13-18h,928,wind_gusts_10m,5.676716283083089
Hungary,budapest,19-24h,276,temperature_2m,1.3907562326125757
Hungary,budapest,19-24h,276,relative_humidity_2m,8.982269168772993
Hungary,budapest,19-24h,276,dew_point_2m,0.8965311572622722
Hungary,budapest,19-24h,276,apparent_temperature,1.5186521483954405
Hungary,budapest,19-24h,276,precipitation,0.3161131699753809
Hungary,budapest,19-24h,276,rain,0.3179417502023588
Hungary,budapest,19-24h,276,showers,0
Hungary,budapest,19-24h,276,snowfall,0.0206418738616856
Hungary,budapest,19-24h,276,snow_depth,0.002691909510290828
Hungary,budapest,19-24h,276,weather_code,21.099488282825757
Hungary,budapest,19-24h,276,pressure_msl,0.48357065637830426
Hungary,budapest,19-24h,276,surface_pressure,0.47502860325778434
Hungary,budapest,19-24h,276,cloud_cover,30.24860758563219
Hungary,budapest,19-24h,276,wind_speed_10m,2.8208077782328824
Hungary,budapest,19-24h,276,wind_gusts_10m,5.5922435932098935
Hungary,budapest,7-12h,1476,temperature_2m,1.6385721525727794
Hungary,budapest,7-12h,1476,relative_humidity_2m,11.295009330335134
Hungary,budapest,7-12h,1476,dew_point_2m,1.1104333976530543
Hungary,budapest,7-12h,1476,apparent_temperature,1.6471869754977189
Hungary,budapest,7-12h,1476,precipitation,0.23328483816604367
Hungary,budapest,7-12h,1476,rain,0.2339753073391388
Hungary,budapest,7-12h,1476,showers,0.01959619453129615
Hungary,budapest,7-12h,1476,snowfall,0.022610763199550004
Hungary,budapest,7-12h,1476,snow_depth,0.002239095829905758
Hungary,budapest,7-12h,1476,weather_code,15.82770546107684
Hungary,budapest,7-12h,1476,pressure_msl,0.5049349954137619
Hungary,budapest,7-12h,1476,surface_pressure,0.46625998539842606
Hungary,budapest,7-12h,1476,cloud_cover,29.58965064806029
Hungary,budapest,7-12h,1476,wind_speed_10m,2.9628572417904904
Hungary,budapest,7-12h,1476,wind_gusts_10m,5.718887785817717
India,bangalore,0h,372,temperature_2m,0.7573652689010992
India,bangalore,0h,372,relative_humidity_2m,6.473685360792385
India,bangalore,0h,372,dew_point_2m,1.4857567493636263
India,bangalore,0h,372,apparent_temperature,0.9640026323972448
India,bangalore,0h,372,precipitation,0.16912170333116447
India,bangalore,0h,372,rain,0.09560222249632358
India,bangalore,0h,372,showers,0.15169295530172797
India,bangalore,0h,372,snowfall,0
India,bangalore,0h,372,snow_depth,0
India,bangalore,0h,372,weather_code,18.176701381666575
India,bangalore,0h,372,pressure_msl,0.46310081579651496
India,bangalore,0h,372,surface_pressure,0.40327956630872214
India,bangalore,0h,372,cloud_cover,35.88272415067059
India,bangalore,0h,372,wind_speed_10m,3.817883780203345
India,bangalore,0h,372,wind_gusts_10m,7.609823164972399
India,bangalore,1-6h,2036,temperature_2m,0.8129296506438145
India,bangalore,1-6h,2036,relative_humidity_2m,6.548219212324238
India,bangalore,1-6h,2036,dew_point_2m,1.5344728973466921
India,bangalore,1-6h,2036,apparent_temperature,0.9277007511549814
India,bangalore,1-6h,2036,precipitation,0.2753101483774383
India,bangalore,1-6h,2036,rain,0.2613250202492128
India,bangalore,1-6h,2036,showers,0.11810554368826963
India,bangalore,1-6h,2036,snowfall,0
India,bangalore,1-6h,2036,snow_depth,0
India,bangalore,1-6h,2036,weather_code,16.448765487144637
India,bangalore,1-6h,2036,pressure_msl,0.46699515990138135
India,bangalore,1-6h,2036,surface_pressure,0.40091986568807086
India,bangalore,1-6h,2036,cloud_cover,38.12270798933463
India,bangalore,1-6h,2036,wind_speed_10m,3.4422002603876733
India,bangalore,1-6h,2036,wind_gusts_10m,6.894809556559055
India,bangalore,13-18h,928,temperature_2m,0.7648529270389178
India,bangalore,13-18h,928,relative_humidity_2m,6.241546006537494
India,bangalore,13-18h,928,dew_point_2m,1.2325156500370318
India,bangalore,13-18h,928,apparent_temperature,0.8791036775387013
India,bangalore,13-18h,928,precipitation,0.15452931872245987
India,bangalore,13-18h,928,rain,0.12705212071945254
India,bangalore,13-18h,928,showers,0.08635332391821486
India,bangalore,13-18h,928,snowfall,0
India,bangalore,13-18h,928,snow_depth,0
India,bangalore,13-18h,928,weather_code,14.133446513318242
India,bangalore,13-18h,928,pressure_msl,0.3645084077361522
India,bangalore,13-18h,928,surface_pressure,0.34790010456827763
India,bangalore,13-18h,928,cloud_cover,38.191892983395995
India,bangalore,13-18h,928,wind_speed_10m,4.6100831206509
India,bangalore,13-18h,928,wind_gusts_10m,8.85936091724843
India,bangalore,19-24h,276,temperature_2m,0.7186440533131259
India,bangalore,19-24h,276,relative_humidity_2m,5.969730409274802
India,bangalore,19-24h,276,dew_point_2m,1.3604134069029015
India,bangalore,19-24h,276,apparent_temperature,0.9560637902433564
India,bangalore,19-24h,276,precipitation,0.11420804814403214
India,bangalore,19-24h,276,rain,0.11164124737722178
India,bangalore,19-24h,276,showers,0.030692490702242566
India,bangalore,19-24h,276,snowfall,0
India,bangalore,19-24h,276,snow_depth,0
India,bangalore,19-24h,276,weather_code,12.221387762467064
India,bangalore,19-24h,276,pressure_msl,0.40593424183683907
India,bangalore,19-24h,276,surface_pressure,0.40682581822791036
India,bangalore,19-24h,276,cloud_cover,45.261638746613954
India,bangalore,19-24h,276,wind_speed_10m,4.701109952193066
India,bangalore,19-24h,276,wind_gusts_10m,9.146980178004737
India,bangalore,7-12h,1476,temperature_2m,0.8337559903775894
India,bangalore,7-12h,1476,relative_humidity_2m,6.6482469111691325
India,bangalore,7-12h,1476,dew_point_2m,1.432699803269081
India,bangalore,7-12h,1476,apparent_temperature,0.8555414773768687
India,bangalore,7-12h,1476,precipitation,0.2971636469394105
India,bangalore,7-12h,1476,rain,0.2738365385855194
India,bangalore,7-12h,1476,showers,0.1686467741089173
India,bangalore,7-12h,1476,snowfall,0
India,bangalore,7-12h,1476,snow_depth,0
India,bangalore,7-12h,1476,weather_code,12.694929956973615
India,bangalore,7-12h,1476,pressure_msl,0.47081489639418406
India,bangalore,7-12h,1476,surface_pressure,0.4111587169389746
India,bangalore,7-12h,1476,cloud_cover,39.104196851260276
India,bangalore,7-12h,1476,wind_speed_10m,3.8531583497557795
India,bangalore,7-12h,1476,wind_gusts_10m,7.450523344234352
India,chennai,0h,372,temperature_2m,1.4883056686853209
India,chennai,0h,372,relative_humidity_2m,7.94199400762833
India,chennai,0h,372,dew_point_2m,0.9446510421302932
India,chennai,0h,372,apparent_temperature,1.200828566995234
India,chennai,0h,372,precipitation,2.422120283277993
India,chennai,0h,372,rain,2.504673051872079
India,chennai,0h,372,showers,0.30303128054583295
India,chennai,0h,372,snowfall,0
India,chennai,0h,372,snow_depth,0
India,chennai,0h,372,weather_code,27.745289244641462
India,chennai,0h,372,pressure_msl,0.4031462287066962
India,chennai,0h,372,surface_pressure,0.40314622870669375
India,chennai,0h,372,cloud_cover,27.704760663843683
India,chennai,0h,372,wind_speed_10m,7.942572779999652
India,chennai,0h,372,wind_gusts_10m,15.564252880942776
India,chennai,1-6h,2036,temperature_2m,1.4223379298325947
India,chennai,1-6h,2036,relative_humidity_2m,8.256984898077063
India,chennai,1-6h,2036,dew_point_2m,1.0674363832191778
India,chennai,1-6h,2036,apparent_temperature,1.2622523293801207
India,chennai,1-6h,2036,precipitation,1.9702452651167894
India,chennai,1-6h,2036,rain,2.0236737392056288
India,chennai,1-6h,2036,showers,0.3541363772247499
India,chennai,1-6h,2036,snowfall,0
India,chennai,1-6h,2036,snow_depth,0
India,chennai,1-6h,2036,weather_code,27.684441312155972
India,chennai,1-6h,2036,pressure_msl,0.4264234223949215
India,chennai,1-6h,2036,surface_pressure,0.42642342239491826
India,chennai,1-6h,2036,cloud_cover,30.17164387802816
India,chennai,1-6h,2036,wind_speed_10m,7.796374654947923
India,chennai,1-6h,2036,wind_gusts_10m,16.122590284605796
India,chennai,13-18h,928,temperature_2m,1.8574639737537584
India,chennai,13-18h,928,relative_humidity_2m,9.33938637872074
India,chennai,13-18h,928,dew_point_2m,1.107575793312148
India,chennai,13-18h,928,apparent_temperature,1.3143275453827041
India,chennai,13-18h,928,precipitation,1.5977826769490964
India,chennai,13-18h,928,rain,1.6835794175424021
India,chennai,13-18h,928,showers,0.18639039489830164
India,chennai,13-18h,928,snowfall,0
India,chennai,13-18h,928,snow_depth,0
India,chennai,13-18h,928,weather_code,26.399737132965075
India,chennai,13-18h,928,pressure_msl,0.459970951106772
India,chennai,13-18h,928,surface_pressure,0.45997095110677216
India,chennai,13-18h,928,cloud_cover,29.8829613544298
India,chennai,13-18h,928,wind_speed_10m,8.179269685381874
India,chennai,13-18h,928,wind_gusts_10m,16.36690442157061
India,chennai,19-24h,276,temperature_2m,1.8538053303673907
India,chennai,19-24h,276,relative_humidity_2m,9.387395187473311
India,chennai,19-24h,276,dew_point_2m,1.137502986140371
India,chennai,19-24h,276,apparent_temperature,1.3586278243939331
India,chennai,19-24h,276,precipitation,2.118944911089452
India,chennai,19-24h,276,rain,2.188954485394896
India,chennai,19-24h,276,showers,0.15879984667608413
India,chennai,19-24h,276,snowfall,0
India,chennai,19-24h,276,snow_depth,0
India,chennai,19-24h,276,weather_code,26.890815198297457
India,chennai,19-24h,276,pressure_msl,0.48930592665026523
India,chennai,19-24h,276,surface_pressure,0.48930592665026407
India,chennai,19-24h,276,cloud_cover,32.68736404355576
India,chennai,19-24h,276,wind_speed_10m,7.567359350277472
India,chennai,19-24h,276,wind_gusts_10m,15.195169903814735
India,chennai,7-12h,1476,temperature_2m,1.6058539590104004
India,chennai,7-12h,1476,relative_humidity_2m,8.287434573842388
India,chennai,7-12h,1476,dew_point_2m,1.0468173471363487
India,chennai,7-12h,1476,apparent_temperature,1.2872156459743613
India,chennai,7-12h,1476,precipitation,1.7890437408780893
India,chennai,7-12h,1476,rain,1.8257678341678174
India,chennai,7-12h,1476,showers,0.2693211379352786
India,chennai,7-12h,1476,snowfall,0
India,chennai,7-12h,1476,snow_depth,0
India,chennai,7-12h,1476,weather_code,27.52133934315684
India,chennai,7-12h,1476,pressure_msl,0.4214923801900422
India,chennai,7-12h,1476,surface_pressure,0.4214923801900421
India,chennai,7-12h,1476,cloud_cover,33.07542501370766
India,chennai,7-12h,1476,wind_speed_10m,7.9465200919531895
India,chennai,7-12h,1476,wind_gusts_10m,15.866901514966205
India,kolkata,0h,372,temperature_2m,2.2755006538795923
India,kolkata,0h,372,relative_humidity_2m,17.42742246470891
India,kolkata,0h,372,dew_point_2m,2.901445690819353
India,kolkata,0h,372,apparent_temperature,1.703349009880936
India,kolkata,0h,372,precipitation,0
India,kolkata,0h,372,rain,0
India,kolkata,0h,372,showers,0
India,kolkata,0h,372,snowfall,0
India,kolkata,0h,372,snow_depth,0
India,kolkata,0h,372,weather_code,3.4172239251823564
India,kolkata,0h,372,pressure_msl,0.4064665469179929
India,kolkata,0h,372,surface_pressure,0.406466546918001
India,kolkata,0h,372,cloud_cover,27.887253804044292
India,kolkata,0h,372,wind_speed_10m,1.8789724943193293
India,kolkata,0h,372,wind_gusts_10m,6.205932818725774
India,kolkata,1-6h,2036,temperature_2m,2.4600341812438327
India,kolkata,1-6h,2036,relative_humidity_2m,19.22164178133953
India,kolkata,1-6h,2036,dew_point_2m,3.509905992841612
India,kolkata,1-6h,2036,apparent_temperature,1.9886193885938939
India,kolkata,1-6h,2036,precipitation,0
India,kolkata,1-6h,2036,rain,0
India,kolkata,1-6h,2036,showers,0
India,kolkata,1-6h,2036,snowfall,0
India,kolkata,1-6h,2036,snow_depth,0
India,kolkata,1-6h,2036,weather_code,2.2261616468261254
India,kolkata,1-6h,2036,pressure_msl,0.4326325500689645
India,kolkata,1-6h,2036,surface_pressure,0.4326325500689643
India,kolkata,1-6h,2036,cloud_cover,29.411216336041296
India,kolkata,1-6h,2036,wind_speed_10m,1.9519724546351118
India,kolkata,1-6h,2036,wind_gusts_10m,6.0589345286766205
India,kolkata,13-18h,928,temperature_2m,2.940205100751095
India,kolkata,13-18h,928,relative_humidity_2m,16.195532057351176
India,kolkata,13-18h,928,dew_point_2m,1.2620454115005748
India,kolkata,13-18h,928,apparent_temperature,2.8396401241148075
India,kolkata,13-18h,928,precipitation,0.0868510417224564
India,kolkata,13-18h,928,rain,0.009284766908852594
India,kolkata,13-18h,928,showers,0.08382041558573614
India,kolkata,13-18h,928,snowfall,0
India,kolkata,13-18h,928,snow_depth,0
India,kolkata,13-18h,928,weather_code,5.211269287439183
India,kolkata,13-18h,928,pressure_msl,0.3275759980260462
India,kolkata,13-18h,928,surface_pressure,0.3275759980260397
India,kolkata,13-18h,928,cloud_cover,33.90281495789053
India,kolkata,13-18h,928,wind_speed_10m,2.0424324156294116
India,kolkata,13-18h,928,wind_gusts_10m,4.691132500572866
India,kolkata,19-24h,276,temperature_2m,2.5493818517607276
India,kolkata,19-24h,276,relative_humidity_2m,12.822082401133182
India,kolkata,19-24h,276,dew_point_2m,1.2003320796551575
India,kolkata,19-24h,276,apparent_temperature,2.6237902664502055
India,kolkata,19-24h,276,precipitation,0
India,kolkata,19-24h,276,rain,0
India,kolkata,19-24h,276,showers,0
India,kolkata,19-24h,276,snowfall,0
India,kolkata,19-24h,276,snow_depth,0
India,kolkata,19-24h,276,weather_code,1.1578340598483565
India,kolkata,19-24h,276,pressure_msl,0.3396502890335509
India,kolkata,19-24h,276,surface_pressure,0.3396502890335616
India,kolkata,19-24h,276,cloud_cover,34.11510779273817
India,kolkata,19-24h,276,wind_speed_10m,2.1760388157237065
India,kolkata,19-24h,276,wind_gusts_10m,5.29774357217502
India,kolkata,7-12h,1476,temperature_2m,2.827353805114491
India,kolkata,7-12h,1476,relative_humidity_2m,19.143835818991413
India,kolkata,7-12h,1476,dew_point_2m,2.800626623649581
India,kolkata,7-12h,1476,apparent_temperature,2.3841106811214527
India,kolkata,7-12h,1476,precipitation,0.029448406953292417
India,kolkata,7-12h,1476,rain,0
India,kolkata,7-12h,1476,showers,0.029448406953292417
India,kolkata,7-12h,1476,snowfall,0
India,kolkata,7-12h,1476,snow_depth,0
India,kolkata,7-12h,1476,weather_code,3.0583751464765347
India,kolkata,7-12h,1476,pressure_msl,0.4291385459253387
India,kolkata,7-12h,1476,surface_pressure,0.42913854592534445
India,kolkata,7-12h,1476,cloud_cover,31.068570896663008
India,kolkata,7-12h,1476,wind_speed_10m,2.1459926730642693
India,kolkata,7-12h,1476,wind_gusts_10m,5.842090986990104
India,mumbai,0h,372,temperature_2m,3.1178121637090395
India,mumbai,0h,372,relative_humidity_2m,18.3754160219162
India,mumbai,0h,372,dew_point_2m,6.07581137552572
India,mumbai,0h,372,apparent_temperature,3.703507491815763
India,mumbai,0h,372,precipitation,0
India,mumbai,0h,372,rain,0
India,mumbai,0h,372,showers,0
India,mumbai,0h,372,snowfall,0
India,mumbai,0h,372,snow_depth,0
India,mumbai,0h,372,weather_code,0.8737510287347614
India,mumbai,0h,372,pressure_msl,0.43859501980511534
India,mumbai,0h,372,surface_pressure,0.4385950198051162
India,mumbai,0h,372,cloud_cover,27.26650629602916
India,mumbai,0h,372,wind_speed_10m,2.868104165712317
India,mumbai,0h,372,wind_gusts_10m,8.687000546484596
India,mumbai,1-6h,2036,temperature_2m,3.0570621000714913
India,mumbai,1-6h,2036,relative_humidity_2m,21.626336450974915
India,mumbai,1-6h,2036,dew_point_2m,6.477027562939697
India,mumbai,1-6h,2036,apparent_temperature,3.1298016156366284
India,mumbai,1-6h,2036,precipitation,0.004432422071779363
India,mumbai,1-6h,2036,rain,0
India,mumbai,1-6h,2036,showers,0.004432422071779363
India,mumbai,1-6h,2036,snowfall,0
India,mumbai,1-6h,2036,snow_depth,0
India,mumbai,1-6h,2036,weather_code,0.9552872206150012
India,mumbai,1-6h,2036,pressure_msl,0.4234297236198656
India,mumbai,1-6h,2036,surface_pressure,0.42342972361986153
India,mumbai,1-6h,2036,cloud_cover,29.33638989552329
India,mumbai,1-6h,2036,wind_speed_10m,2.7869468404603746
India,mumbai,1-6h,2036,wind_gusts_10m,10.098112508181806
India,mumbai,13-18h,928,temperature_2m,2.461964977761491
India,mumbai,13-18h,928,relative_humidity_2m,15.69585658041967
India,mumbai,13-18h,928,dew_point_2m,6.048713884386697
India,mumbai,13-18h,928,apparent_temperature,4.367952451743226
India,mumbai,13-18h,928,precipitation,0
India,mumbai,13-18h,928,rain,0
India,mumbai,13-18h,928,showers,0
India,mumbai,13-18h,928,snowfall,0
India,mumbai,13-18h,928,snow_depth,0
India,mumbai,13-18h,928,weather_code,1.106407669457548
India,mumbai,13-18h,928,pressure_msl,0.4037005547816766
India,mumbai,13-18h,928,surface_pressure,0.40370055478167527
India,mumbai,13-18h,928,cloud_cover,34.264784123564574
India,mumbai,13-18h,928,wind_speed_10m,3.0043251867243344
India,mumbai,13-18h,928,wind_gusts_10m,5.269667594044632
India,mumbai,19-24h,276,temperature_2m,3.36721189443566
India,mumbai,19-24h,276,relative_humidity_2m,14.00879640838549
India,mumbai,19-24h,276,dew_point_2m,6.421346872126899
India,mumbai,19-24h,276,apparent_temperature,5.448513957752709
India,mumbai,19-24h,276,precipitation,0
India,mumbai,19-24h,276,rain,0
India,mumbai,19-24h,276,showers,0
India,mumbai,19-24h,276,snowfall,0
India,mumbai,19-24h,276,snow_depth,0
India,mumbai,19-24h,276,weather_code,1.0801234497346435
India,mumbai,19-24h,276,pressure_msl,0.6171463077888335
India,mumbai,19-24h,276,surface_pressure,0.6171463077888374
India,mumbai,19-24h,276,cloud_cover,34.572964221664066
India,mumbai,19-24h,276,wind_speed_10m,2.655401931966205
India,mumbai,19-24h,276,wind_gusts_10m,4.431810242890089
India,mumbai,7-12h,1476,temperature_2m,2.661476147658071
India,mumbai,7-12h,1476,relative_humidity_2m,20.264544443870808
India,mumbai,7-12h,1476,dew_point_2m,6.135439502283342
India,mumbai,7-12h,1476,apparent_temperature,3.3769022542395786
India,mumbai,7-12h,1476,precipitation,0
India,mumbai,7-12h,1476,rain,0
India,mumbai,7-12h,1476,showers,0
India,mumbai,7-12h,1476,snowfall,0
India,mumbai,7-12h,1476,snow_depth,0
India,mumbai,7-12h,1476,weather_code,1.088247142343332
India,mumbai,7-12h,1476,pressure_msl,0.40916002263080475
India,mumbai,7-12h,1476,surface_pressure,0.409160022630805
India,mumbai,7-12h,1476,cloud_cover,33.888566793973354
India,mumbai,7-12h,1476,wind_speed_10m,2.8611688630475185
India,mumbai,7-12h,1476,wind_gusts_10m,9.482350599916089
India,new_delhi,0h,372,temperature_2m,1.3749095766944173
India,new_delhi,0h,372,relative_humidity_2m,11.82215889168366
India,new_delhi,0h,372,dew_point_2m,2.1874519964010957
India,new_delhi,0h,372,apparent_temperature,1.1897184992790864
India,new_delhi,0h,372,precipitation,0.1297226155658577
India,new_delhi,0h,372,rain,0.06475761258027332
India,new_delhi,0h,372,showers,0.18922592743306405
India,new_delhi,0h,372,snowfall,0
India,new_delhi,0h,372,snow_depth,0
India,new_delhi,0h,372,weather_code,14.819704987413836
India,new_delhi,0h,372,pressure_msl,0.4052743661125849
India,new_delhi,0h,372,surface_pressure,0.3666911037800044
India,new_delhi,0h,372,cloud_cover,26.277468986644926
India,new_delhi,0h,372,wind_speed_10m,2.4569628948493842
India,new_delhi,0h,372,wind_gusts_10m,4.8959001940069635
India,new_delhi,1-6h,2036,temperature_2m,1.4132616346371014
India,new_delhi,1-6h,2036,relative_humidity_2m,11.955837202889805
India,new_delhi,1-6h,2036,dew_point_2m,2.356606731058939
India,new_delhi,1-6h,2036,apparent_temperature,1.2482168027392002
India,new_delhi,1-6h,2036,precipitation,0.251381253042345
India,new_delhi,1-6h,2036,rain,0.3247335313833715
India,new_delhi,1-6h,2036,showers,0.1414213562373095
India,new_delhi,1-6h,2036,snowfall,0
India,new_delhi,1-6h,2036,snow_depth,0
India,new_delhi,1-6h,2036,weather_code,10.080764230236657
India,new_delhi,1-6h,2036,pressure_msl,0.4204380725957344
India,new_delhi,1-6h,2036,surface_pressure,0.36794443075787503
India,new_delhi,1-6h,2036,cloud_cover,24.498907397151896
India,new_delhi,1-6h,2036,wind_speed_10m,2.4407095010200113
India,new_delhi,1-6h,2036,wind_gusts_10m,5.1036275091797005
India,new_delhi,13-18h,928,temperature_2m,1.6697808549172781
India,new_delhi,13-18h,928,relative_humidity_2m,14.39288617386357
India,new_delhi,13-18h,928,dew_point_2m,1.8193405398660252
India,new_delhi,13-18h,928,apparent_temperature,1.3549875937846607
India,new_delhi,13-18h,928,precipitation,0.01392715036327889
India,new_delhi,13-18h,928,rain,0.01392715036327889
India,new_delhi,13-18h,928,showers,0
India,new_delhi,13-18h,928,snowfall,0
India,new_delhi,13-18h,928,snow_depth,0
India,new_delhi,13-18h,928,weather_code,8.867803055688752
India,new_delhi,13-18h,928,pressure_msl,0.5746813209855167
India,new_delhi,13-18h,928,surface_pressure,0.48864256028730513
India,new_delhi,13-18h,928,cloud_cover,25.432085016291175
India,new_delhi,13-18h,928,wind_speed_10m,2.188670868909666
India,new_delhi,13-18h,928,wind_gusts_10m,4.434003600701569
India,new_delhi,19-24h,276,temperature_2m,1.4967839920444699
India,new_delhi,19-24h,276,relative_humidity_2m,12.648251296901293
India,new_delhi,19-24h,276,dew_point_2m,1.389113991420222
India,new_delhi,19-24h,276,apparent_temperature,1.3006687243240618
India,new_delhi,19-24h,276,precipitation,0
India,new_delhi,19-24h,276,rain,0
India,new_delhi,19-24h,276,showers,0
India,new_delhi,19-24h,276,snowfall,0
India,new_delhi,19-24h,276,snow_depth,0
India,new_delhi,19-24h,276,weather_code,17.382108075818085
India,new_delhi,19-24h,276,pressure_msl,0.5034662460081749
India,new_delhi,19-24h,276,surface_pressure,0.4297791815892584
India,new_delhi,19-24h,276,cloud_cover,34.226441172904885
India,new_delhi,19-24h,276,wind_speed_10m,2.168282563542473
India,new_delhi,19-24h,276,wind_gusts_10m,4.077732035178947
India,new_delhi,7-12h,1476,temperature_2m,1.6213848676020413
India,new_delhi,7-12h,1476,relative_humidity_2m,14.462923347702484
India,new_delhi,7-12h,1476,dew_point_2m,2.4929303835083263
India,new_delhi,7-12h,1476,apparent_temperature,1.2546390880218947
India,new_delhi,7-12h,1476,precipitation,0.26605621184080364
India,new_delhi,7-12h,1476,rain,0.3300447534735145
India,new_delhi,7-12h,1476,showers,0.13389110974330104
India,new_delhi,7-12h,1476,snowfall,0
India,new_delhi,7-12h,1476,snow_depth,0
India,new_delhi,7-12h,1476,weather_code,9.217560123706617
India,new_delhi,7-12h,1476,pressure_msl,0.47515508807501544
India,new_delhi,7-12h,1476,surface_pressure,0.39664924468128354
India,new_delhi,7-12h,1476,cloud_cover,26.145310014845066
India,new_delhi,7-12h,1476,wind_speed_10m,2.368526693788143
India,new_delhi,7-12h,1476,wind_gusts_10m,4.760314717112941
Indonesia,jakarta,0h,372,temperature_2m,1.273552309043868
Indonesia,jakarta,0h,372,relative_humidity_2m,7.30517565824734
Indonesia,jakarta,0h,372,dew_point_2m,1.0698206060046975
Indonesia,jakarta,0h,372,apparent_temperature,1.60214909431991
Indonesia,jakarta,0h,372,precipitation,0.7709789894352099
Indonesia,jakarta,0h,372,rain,0.9201157009995028
Indonesia,jakarta,0h,372,showers,0.44353176899465374
Indonesia,jakarta,0h,372,snowfall,0
Indonesia,jakarta,0h,372,snow_depth,0
Indonesia,jakarta,0h,372,weather_code,35.047356595056854
Indonesia,jakarta,0h,372,pressure_msl,0.4649546168164383
Indonesia,jakarta,0h,372,surface_pressure,0.46071473225427173
Indonesia,jakarta,0h,372,cloud_cover,24.08542145949953
Indonesia,jakarta,0h,372,wind_speed_10m,3.4751266705465698
Indonesia,jakarta,0h,372,wind_gusts_10m,8.215210126305646
Indonesia,jakarta,1-6h,2036,temperature_2m,1.3415126494390979
Indonesia,jakarta,1-6h,2036,relative_humidity_2m,7.526443233072842
Indonesia,jakarta,1-6h,2036,dew_point_2m,1.1345571996566461
Indonesia,jakarta,1-6h,2036,apparent_temperature,1.6614430255980637
Indonesia,jakarta,1-6h,2036,precipitation,0.8707932837508224
Indonesia,jakarta,1-6h,2036,rain,0.8521093669717187
Indonesia,jakarta,1-6h,2036,showers,0.5127164835797472
Indonesia,jakarta,1-6h,2036,snowfall,0
Indonesia,jakarta,1-6h,2036,snow_depth,0
Indonesia,jakarta,1-6h,2036,weather_code,36.773546377294984
Indonesia,jakarta,1-6h,2036,pressure_msl,0.4622699608447545
Indonesia,jakarta,1-6h,2036,surface_pressure,0.45914629930451384
Indonesia,jakarta,1-6h,2036,cloud_cover,23.91229061458039
Indonesia,jakarta,1-6h,2036,wind_speed_10m,3.215602312448962
Indonesia,jakarta,1-6h,2036,wind_gusts_10m,7.68308810499246
Indonesia,jakarta,13-18h,928,temperature_2m,0.9211593145371872
Indonesia,jakarta,13-18h,928,relative_humidity_2m,5.3536565010312795
Indonesia,jakarta,13-18h,928,dew_point_2m,1.1242238702077214
Indonesia,jakarta,13-18h,928,apparent_temperature,1.570676880223608
Indonesia,jakarta,13-18h,928,precipitation,0.6647692106650818
Indonesia,jakarta,13-18h,928,rain,0.6608999872170133
Indonesia,jakarta,13-18h,928,showers,0.3251325989447255
Indonesia,jakarta,13-18h,928,snowfall,0
Indonesia,jakarta,13-18h,928,snow_depth,0
Indonesia,jakarta,13-18h,928,weather_code,29.311790025222933
Indonesia,jakarta,13-18h,928,pressure_msl,0.39786607519755124
Indonesia,jakarta,13-18h,928,surface_pressure,0.39786607519755124
Indonesia,jakarta,13-18h,928,cloud_cover,21.988290379042738
Indonesia,jakarta,13-18h,928,wind_speed_10m,3.252634873558613
Indonesia,jakarta,13-18h,928,wind_gusts_10m,7.202463060504444
Indonesia,jakarta,19-24h,276,temperature_2m,0.9137436928547765
Indonesia,jakarta,19-24h,276,relative_humidity_2m,4.953406089152995
Indonesia,jakarta,19-24h,276,dew_point_2m,1.120946804772838
Indonesia,jakarta,19-24h,276,apparent_temperature,1.5479298939298702
Indonesia,jakarta,19-24h,276,precipitation,0.5617003172304709
Indonesia,jakarta,19-24h,276,rain,0.5440721392918619
Indonesia,jakarta,19-24h,276,showers,0.14218787326754637
Indonesia,jakarta,19-24h,276,snowfall,0
Indonesia,jakarta,19-24h,276,snow_depth,0
Indonesia,jakarta,19-24h,276,weather_code,28.27376517376929
Indonesia,jakarta,19-24h,276,pressure_msl,0.36673253690284313
Indonesia,jakarta,19-24h,276,surface_pressure,0.36673253690284313
Indonesia,jakarta,19-24h,276,cloud_cover,18.925866051441382
Indonesia,jakarta,19-24h,276,wind_speed_10m,3.1973267819734406
Indonesia,jakarta,19-24h,276,wind_gusts_10m,7.4407855670669925
Indonesia,jakarta,7-12h,1476,temperature_2m,1.1956900922680456
Indonesia,jakarta,7-12h,1476,relative_humidity_2m,6.683211178252303
Indonesia,jakarta,7-12h,1476,dew_point_2m,1.1305501454762255
Indonesia,jakarta,7-12h,1476,apparent_temperature,1.6496324629664112
Indonesia,jakarta,7-12h,1476,precipitation,0.7668963954151911
Indonesia,jakarta,7-12h,1476,rain,0.6642843613522205
Indonesia,jakarta,7-12h,1476,showers,0.5051764563323595
Indonesia,jakarta,7-12h,1476,snowfall,0
Indonesia,jakarta,7-12h,1476,snow_depth,0
Indonesia,jakarta,7-12h,1476,weather_code,35.09624784027667
Indonesia,jakarta,7-12h,1476,pressure_msl,0.4150782732205174
Indonesia,jakarta,7-12h,1476,surface_pressure,0.41437581622624686
Indonesia,jakarta,7-12h,1476,cloud_cover,22.5305573890253
Indonesia,jakarta,7-12h,1476,wind_speed_10m,3.0978377807737383
Indonesia,jakarta,7-12h,1476,wind_gusts_10m,6.928753764298978
Iran,tehran,0h,372,temperature_2m,1.5446926130519314
Iran,tehran,0h,372,relative_humidity_2m,10.045594979622843
Iran,tehran,0h,372,dew_point_2m,2.6399637501584254
Iran,tehran,0h,372,apparent_temperature,1.6359207068619752
Iran,tehran,0h,372,precipitation,0.15794377657615946
Iran,tehran,0h,372,rain,0.12092830898502836
Iran,tehran,0h,372,showers,0.09755064854862866
Iran,tehran,0h,372,snowfall,0
Iran,tehran,0h,372,snow_depth,0.001466471150213533
Iran,tehran,0h,372,weather_code,11.425542033211736
Iran,tehran,0h,372,pressure_msl,1.4315755663430827
Iran,tehran,0h,372,surface_pressure,0.9822894039529666
Iran,tehran,0h,372,cloud_cover,28.166841635901168
Iran,tehran,0h,372,wind_speed_10m,2.9236889351036153
Iran,tehran,0h,372,wind_gusts_10m,5.743093093409674
Iran,tehran,1-6h,2036,temperature_2m,1.7188970512196338
Iran,tehran,1-6h,2036,relative_humidity_2m,10.520771857212415
Iran,tehran,1-6h,2036,dew_point_2m,2.583174361883065
Iran,tehran,1-6h,2036,apparent_temperature,1.782045909282301
Iran,tehran,1-6h,2036,precipitation,0.17718603766942298
Iran,tehran,1-6h,2036,rain,0.18483784642098636
Iran,tehran,1-6h,2036,showers,0.05946718234481464
Iran,tehran,1-6h,2036,snowfall,0.01582070464553763
Iran,tehran,1-6h,2036,snow_depth,0.0013661642343172733
Iran,tehran,1-6h,2036,weather_code,11.509968345582296
Iran,tehran,1-6h,2036,pressure_msl,1.3769895411598645
Iran,tehran,1-6h,2036,surface_pressure,0.969383981979618
Iran,tehran,1-6h,2036,cloud_cover,29.176988537508084
Iran,tehran,1-6h,2036,wind_speed_10m,3.1204518966477806
Iran,tehran,1-6h,2036,wind_gusts_10m,5.491868430735646
Iran,tehran,13-18h,928,temperature_2m,2.2327982289124297
Iran,tehran,13-18h,928,relative_humidity_2m,12.096237659588263
Iran,tehran,13-18h,928,dew_point_2m,2.768059820960124
Iran,tehran,13-18h,928,apparent_temperature,2.29968138722707
Iran,tehran,13-18h,928,precipitation,0.27041634565979916
Iran,tehran,13-18h,928,rain,0.2836036573860757
Iran,tehran,13-18h,928,showers,0.07413291883618514
Iran,tehran,13-18h,928,snowfall,0.00919145030018058
Iran,tehran,13-18h,928,snow_depth,0.0014680505487867587
Iran,tehran,13-18h,928,weather_code,12.0695720290952
Iran,tehran,13-18h,928,pressure_msl,1.5293747313740758
Iran,tehran,13-18h,928,surface_pressure,0.9351263053173878
Iran,tehran,13-18h,928,cloud_cover,26.328576974786188
Iran,tehran,13-18h,928,wind_speed_10m,3.0343720591093386
Iran,tehran,13-18h,928,wind_gusts_10m,6.150157693520745
Iran,tehran,19-24h,276,temperature_2m,1.5554019938005867
Iran,tehran,19-24h,276,relative_humidity_2m,12.956728429437845
Iran,tehran,19-24h,276,dew_point_2m,3.6007044399350687
Iran,tehran,19-24h,276,apparent_temperature,1.680320880328982
Iran,tehran,19-24h,276,precipitation,0.21552093949850637
Iran,tehran,19-24h,276,rain,0.21552093949850637
Iran,tehran,19-24h,276,showers,0.008512565307587486
Iran,tehran,19-24h,276,snowfall,0.011917591430622482
Iran,tehran,19-24h,276,snow_depth,0.0014744195615489714
Iran,tehran,19-24h,276,weather_code,10.893755690462232
Iran,tehran,19-24h,276,pressure_msl,1.8373736770144442
Iran,tehran,19-24h,276,surface_pressure,1.3076419755544244
Iran,tehran,19-24h,276,cloud_cover,31.41459551855161
Iran,tehran,19-24h,276,wind_speed_10m,2.776597333720392
Iran,tehran,19-24h,276,wind_gusts_10m,5.790609589696913
Iran,tehran,7-12h,1476,temperature_2m,1.9529180445909369
Iran,tehran,7-12h,1476,relative_humidity_2m,10.828047490943353
Iran,tehran,7-12h,1476,dew_point_2m,2.5757047079483755
Iran,tehran,7-12h,1476,apparent_temperature,1.9893176779610235
Iran,tehran,7-12h,1476,precipitation,0.17503387206070625
Iran,tehran,7-12h,1476,rain,0.18668408745655077
Iran,tehran,7-12h,1476,showers,0.050606082734747385
Iran,tehran,7-12h,1476,snowfall,0.01979228176194381
Iran,tehran,7-12h,1476,snow_depth,0.001327221765635326
Iran,tehran,7-12h,1476,weather_code,12.07822291708049
Iran,tehran,7-12h,1476,pressure_msl,1.2958083350528407
Iran,tehran,7-12h,1476,surface_pressure,0.8878203265578684
Iran,tehran,7-12h,1476,cloud_cover,30.6592647482804
Iran,tehran,7-12h,1476,wind_speed_10m,3.2822322861869186
Iran,tehran,7-12h,1476,wind_gusts_10m,5.870386385440327
Iraq,baghdad,0h,372,temperature_2m,1.2205454447892135
Iraq,baghdad,0h,372,relative_humidity_2m,9.4610122443728
Iraq,baghdad,0h,372,dew_point_2m,2.2350098024850586
Iraq,baghdad,0h,372,apparent_temperature,1.0843460940183736
Iraq,baghdad,0h,372,precipitation,0.3284862642584186
Iraq,baghdad,0h,372,rain,0.25736464236523426
Iraq,baghdad,0h,372,showers,0.2165218705583977
Iraq,baghdad,0h,372,snowfall,0
Iraq,baghdad,0h,372,snow_depth,0
Iraq,baghdad,0h,372,weather_code,20.276051873328115
Iraq,baghdad,0h,372,pressure_msl,0.4377975178854528
Iraq,baghdad,0h,372,surface_pressure,0.43798168567789114
Iraq,baghdad,0h,372,cloud_cover,31.0910041271492
Iraq,baghdad,0h,372,wind_speed_10m,2.723395256004921
Iraq,baghdad,0h,372,wind_gusts_10m,5.818116866389652
Iraq,baghdad,1-6h,2036,temperature_2m,1.3127080244912999
Iraq,baghdad,1-6h,2036,relative_humidity_2m,9.406190746603704
Iraq,baghdad,1-6h,2036,dew_point_2m,2.154273406424245
Iraq,baghdad,1-6h,2036,apparent_temperature,1.1689709678910345
Iraq,baghdad,1-6h,2036,precipitation,0.3150607263634427
Iraq,baghdad,1-6h,2036,rain,0.2694679324171594
Iraq,baghdad,1-6h,2036,showers,0.20609571088021703
Iraq,baghdad,1-6h,2036,snowfall,0
Iraq,baghdad,1-6h,2036,snow_depth,0
Iraq,baghdad,1-6h,2036,weather_code,17.327765969028054
Iraq,baghdad,1-6h,2036,pressure_msl,0.4473563471945414
Iraq,baghdad,1-6h,2036,surface_pressure,0.44303161710250216
Iraq,baghdad,1-6h,2036,cloud_cover,29.207408162178016
Iraq,baghdad,1-6h,2036,wind_speed_10m,3.0237225135418435
Iraq,baghdad,1-6h,2036,wind_gusts_10m,5.702504361431164
Iraq,baghdad,13-18h,928,temperature_2m,1.6789454305071054
Iraq,baghdad,13-18h,928,relative_humidity_2m,10.071404552254487
Iraq,baghdad,13-18h,928,dew_point_2m,2.0052033605700395
Iraq,baghdad,13-18h,928,apparent_temperature,1.4386296161325864
Iraq,baghdad,13-18h,928,precipitation,0.3912568166201378
Iraq,baghdad,13-18h,928,rain,0.39623769425034205
Iraq,baghdad,13-18h,928,showers,0.1013911850892034
Iraq,baghdad,13-18h,928,snowfall,0
Iraq,baghdad,13-18h,928,snow_depth,0
Iraq,baghdad,13-18h,928,weather_code,16.404438528894424
Iraq,baghdad,13-18h,928,pressure_msl,0.57767369383738
Iraq,baghdad,13-18h,928,surface_pressure,0.5666561019975302
Iraq,baghdad,13-18h,928,cloud_cover,30.06275763385196
Iraq,baghdad,13-18h,928,wind_speed_10m,3.1129457165975056
Iraq,baghdad,13-18h,928,wind_gusts_10m,6.016487762806469
Iraq,baghdad,19-24h,276,temperature_2m,1.5720152302245585
Iraq,baghdad,19-24h,276,relative_humidity_2m,8.665273020611592
Iraq,baghdad,19-24h,276,dew_point_2m,1.7946175564484605
Iraq,baghdad,19-24h,276,apparent_temperature,1.402094706222583
Iraq,baghdad,19-24h,276,precipitation,0.1090140264874869
Iraq,baghdad,19-24h,276,rain,0.10425720702853739
Iraq,baghdad,19-24h,276,showers,0.07372097807744857
Iraq,baghdad,19-24h,276,snowfall,0
Iraq,baghdad,19-24h,276,snow_depth,0
Iraq,baghdad,19-24h,276,weather_code,15.60518308545064
Iraq,baghdad,19-24h,276,pressure_msl,0.605530070819502
Iraq,baghdad,19-24h,276,surface_pressure,0.5909339206296412
Iraq,baghdad,19-24h,276,cloud_cover,34.99751543976403
Iraq,baghdad,19-24h,276,wind_speed_10m,3.1343700104357244
Iraq,baghdad,19-24h,276,wind_gusts_10m,5.74151547938347
Iraq,baghdad,7-12h,1476,temperature_2m,1.3930868806038512
Iraq,baghdad,7-12h,1476,relative_humidity_2m,9.546704478282752
Iraq,baghdad,7-12h,1476,dew_point_2m,2.1871111733409543
Iraq,baghdad,7-12h,1476,apparent_temperature,1.2068571021627417
Iraq,baghdad,7-12h,1476,precipitation,0.29007988807122537
Iraq,baghdad,7-12h,1476,rain,0.28425245468523214
Iraq,baghdad,7-12h,1476,showers,0.12230841996157066
Iraq,baghdad,7-12h,1476,snowfall,0
Iraq,baghdad,7-12h,1476,snow_depth,0
Iraq,baghdad,7-12h,1476,weather_code,16.519225885259832
Iraq,baghdad,7-12h,1476,pressure_msl,0.48366262962460843
Iraq,baghdad,7-12h,1476,surface_pressure,0.4779841364400573
Iraq,baghdad,7-12h,1476,cloud_cover,28.980322265129935
Iraq,baghdad,7-12h,1476,wind_speed_10m,3.0713290821114083
Iraq,baghdad,7-12h,1476,wind_gusts_10m,6.0531017379857825
Ireland,dublin,0h,372,temperature_2m,0.8386176541741016
Ireland,dublin,0h,372,relative_humidity_2m,5.795344813328741
Ireland,dublin,0h,372,dew_point_2m,0.7750823750879922
Ireland,dublin,0h,372,apparent_temperature,1.0061103639840556
Ireland,dublin,0h,372,precipitation,0.49627645781423596
Ireland,dublin,0h,372,rain,0.49627645781423596
Ireland,dublin,0h,372,showers,0
Ireland,dublin,0h,372,snowfall,0
Ireland,dublin,0h,372,snow_depth,0
Ireland,dublin,0h,372,weather_code,18.76266597284624
Ireland,dublin,0h,372,pressure_msl,0.4785169742273009
Ireland,dublin,0h,372,surface_pressure,0.47784237289438725
Ireland,dublin,0h,372,cloud_cover,31.666100730653135
Ireland,dublin,0h,372,wind_speed_10m,4.2690055753243685
Ireland,dublin,0h,372,wind_gusts_10m,8.099588466911966
Ireland,dublin,1-6h,2036,temperature_2m,0.8888746997339456
Ireland,dublin,1-6h,2036,relative_humidity_2m,6.001064083770857
Ireland,dublin,1-6h,2036,dew_point_2m,0.8241027746004291
Ireland,dublin,1-6h,2036,apparent_temperature,1.1039178310015394
Ireland,dublin,1-6h,2036,precipitation,0.4501145892086454
Ireland,dublin,1-6h,2036,rain,0.4501145892086454
Ireland,dublin,1-6h,2036,showers,0
Ireland,dublin,1-6h,2036,snowfall,0
Ireland,dublin,1-6h,2036,snow_depth,3.1341957040361134e-4
Ireland,dublin,1-6h,2036,weather_code,18.421926800239948
Ireland,dublin,1-6h,2036,pressure_msl,0.5745674036831941
Ireland,dublin,1-6h,2036,surface_pressure,0.5756861456648182
Ireland,dublin,1-6h,2036,cloud_cover,32.30621537820344
Ireland,dublin,1-6h,2036,wind_speed_10m,4.297604075046306
Ireland,dublin,1-6h,2036,wind_gusts_10m,7.936744023681624
Ireland,dublin,13-18h,928,temperature_2m,0.943512330201031
Ireland,dublin,13-18h,928,relative_humidity_2m,6.28593119867556
Ireland,dublin,13-18h,928,dew_point_2m,0.9144199216462031
Ireland,dublin,13-18h,928,apparent_temperature,1.1953393689227139
Ireland,dublin,13-18h,928,precipitation,0.5098385478046812
Ireland,dublin,13-18h,928,rain,0.5098385478046812
Ireland,dublin,13-18h,928,showers,0
Ireland,dublin,13-18h,928,snowfall,0
Ireland,dublin,13-18h,928,snow_depth,0
Ireland,dublin,13-18h,928,weather_code,18.842015596112265
Ireland,dublin,13-18h,928,pressure_msl,1.1958260743101383
Ireland,dublin,13-18h,928,surface_pressure,1.1954565568477806
Ireland,dublin,13-18h,928,cloud_cover,37.39975105947023
Ireland,dublin,13-18h,928,wind_speed_10m,5.019543700927131
Ireland,dublin,13-18h,928,wind_gusts_10m,9.026723973272649
Ireland,dublin,19-24h,276,temperature_2m,1.073022279169544
Ireland,dublin,19-24h,276,relative_humidity_2m,6.181435507027169
Ireland,dublin,19-24h,276,dew_point_2m,1.0288237268208607
Ireland,dublin,19-24h,276,apparent_temperature,1.3281784409538098
Ireland,dublin,19-24h,276,precipitation,0.32426058585068873
Ireland,dublin,19-24h,276,rain,0.32426058585068873
Ireland,dublin,19-24h,276,showers,0
Ireland,dublin,19-24h,276,snowfall,0
Ireland,dublin,19-24h,276,snow_depth,0
Ireland,dublin,19-24h,276,weather_code,17.1411446694703
Ireland,dublin,19-24h,276,pressure_msl,1.2831968683325832
Ireland,dublin,19-24h,276,surface_pressure,1.2815298828274393
Ireland,dublin,19-24h,276,cloud_cover,31.80545482337486
Ireland,dublin,19-24h,276,wind_speed_10m,5.878867829482284
Ireland,dublin,19-24h,276,wind_gusts_10m,9.213718505340402
Ireland,dublin,7-12h,1476,temperature_2m,0.8650704500032553
Ireland,dublin,7-12h,1476,relative_humidity_2m,5.7962234223725035
Ireland,dublin,7-12h,1476,dew_point_2m,0.8346168976564389
Ireland,dublin,7-12h,1476,apparent_temperature,1.0910264677758894
Ireland,dublin,7-12h,1476,precipitation,0.4787206301533467
Ireland,dublin,7-12h,1476,rain,0.4787206301533467
Ireland,dublin,7-12h,1476,showers,0
Ireland,dublin,7-12h,1476,snowfall,0
Ireland,dublin,7-12h,1476,snow_depth,0
Ireland,dublin,7-12h,1476,weather_code,20.216712075767205
Ireland,dublin,7-12h,1476,pressure_msl,0.8649137996117389
Ireland,dublin,7-12h,1476,surface_pressure,0.8655402310689617
Ireland,dublin,7-12h,1476,cloud_cover,31.768791251178815
Ireland,dublin,7-12h,1476,wind_speed_10m,4.616640984930476
Ireland,dublin,7-12h,1476,wind_gusts_10m,8.143267457111351
Italy,bari,0h,372,temperature_2m,0.8748578993676752
Italy,bari,0h,372,relative_humidity_2m,6.4064819325967175
Italy,bari,0h,372,dew_point_2m,1.302933002345919
Italy,bari,0h,372,apparent_temperature,1.232337581175911
Italy,bari,0h,372,precipitation,0.5627792019145048
Italy,bari,0h,372,rain,0.5596657988939586
Italy,bari,0h,372,showers,0.19742972072019935
Italy,bari,0h,372,snowfall,0
Italy,bari,0h,372,snow_depth,0
Italy,bari,0h,372,weather_code,23.114372012849216
Italy,bari,0h,372,pressure_msl,0.42603447788187665
Italy,bari,0h,372,surface_pressure,0.4252766335619192
Italy,bari,0h,372,cloud_cover,26.3629546209086
Italy,bari,0h,372,wind_speed_10m,3.9530578880996248
Italy,bari,0h,372,wind_gusts_10m,6.173016202170383
Italy,bari,1-6h,2036,temperature_2m,0.8795259037255043
Italy,bari,1-6h,2036,relative_humidity_2m,6.615974595086432
Italy,bari,1-6h,2036,dew_point_2m,1.288657637573389
Italy,bari,1-6h,2036,apparent_temperature,1.1872273753853724
Italy,bari,1-6h,2036,precipitation,0.6597388898272492
Italy,bari,1-6h,2036,rain,0.6414543274653064
Italy,bari,1-6h,2036,showers,0.097362063024088
Italy,bari,1-6h,2036,snowfall,0
Italy,bari,1-6h,2036,snow_depth,0
Italy,bari,1-6h,2036,weather_code,20.72023393455185
Italy,bari,1-6h,2036,pressure_msl,0.4140461141899966
Italy,bari,1-6h,2036,surface_pressure,0.41416472146109595
Italy,bari,1-6h,2036,cloud_cover,31.253636330673274
Italy,bari,1-6h,2036,wind_speed_10m,3.9885728228358617
Italy,bari,1-6h,2036,wind_gusts_10m,7.033580693173786
Italy,bari,13-18h,928,temperature_2m,1.1000097961946238
Italy,bari,13-18h,928,relative_humidity_2m,6.082408211816468
Italy,bari,13-18h,928,dew_point_2m,1.2689426768933967
Italy,bari,13-18h,928,apparent_temperature,1.4462123538449647
Italy,bari,13-18h,928,precipitation,0.29441643038858856
Italy,bari,13-18h,928,rain,0.33016453578428917
Italy,bari,13-18h,928,showers,0.14753725420825192
Italy,bari,13-18h,928,snowfall,0
Italy,bari,13-18h,928,snow_depth,0
Italy,bari,13-18h,928,weather_code,22.493389833613264
Italy,bari,13-18h,928,pressure_msl,0.5268440520423602
Italy,bari,13-18h,928,surface_pressure,0.5266803977549515
Italy,bari,13-18h,928,cloud_cover,33.86955198587867
Italy,bari,13-18h,928,wind_speed_10m,4.479938519436515
Italy,bari,13-18h,928,wind_gusts_10m,7.767394273056019
Italy,bari,19-24h,276,temperature_2m,1.1484709431441342
Italy,bari,19-24h,276,relative_humidity_2m,5.312686484365459
Italy,bari,19-24h,276,dew_point_2m,1.2777357691057154
Italy,bari,19-24h,276,apparent_temperature,1.5120769860011105
Italy,bari,19-24h,276,precipitation,0.30479263561417896
Italy,bari,19-24h,276,rain,0.3195331739825496
Italy,bari,19-24h,276,showers,0.03069249070224257
Italy,bari,19-24h,276,snowfall,0
Italy,bari,19-24h,276,snow_depth,0
Italy,bari,19-24h,276,weather_code,25.867135435764315
Italy,bari,19-24h,276,pressure_msl,0.5992749242064197
Italy,bari,19-24h,276,surface_pressure,0.5986094998689322
Italy,bari,19-24h,276,cloud_cover,32.735988262709164
Italy,bari,19-24h,276,wind_speed_10m,5.24673121150656
Italy,bari,19-24h,276,wind_gusts_10m,9.438212493500226
Italy,bari,7-12h,1476,temperature_2m,0.9391009365907858
Italy,bari,7-12h,1476,relative_humidity_2m,7.433900229941634
Italy,bari,7-12h,1476,dew_point_2m,1.4451863843936728
Italy,bari,7-12h,1476,apparent_temperature,1.2148862125668785
Italy,bari,7-12h,1476,precipitation,0.47413149811711
Italy,bari,7-12h,1476,rain,0.48719719940811557
Italy,bari,7-12h,1476,showers,0.18376704057923998
Italy,bari,7-12h,1476,snowfall,0
Italy,bari,7-12h,1476,snow_depth,0
Italy,bari,7-12h,1476,weather_code,20.306426286018056
Italy,bari,7-12h,1476,pressure_msl,0.4927935961995486
Italy,bari,7-12h,1476,surface_pressure,0.4930272616791158
Italy,bari,7-12h,1476,cloud_cover,32.76627422041241
Italy,bari,7-12h,1476,wind_speed_10m,3.995607344169405
Italy,bari,7-12h,1476,wind_gusts_10m,7.2352269822787765
Italy,bologna,0h,372,temperature_2m,1.7534298186788824
Italy,bologna,0h,372,relative_humidity_2m,9.362760828013318
Italy,bologna,0h,372,dew_point_2m,1.2406423934345856
Italy,bologna,0h,372,apparent_temperature,1.9365194362261693
Italy,bologna,0h,372,precipitation,0.4350256450233216
Italy,bologna,0h,372,rain,0.43267112345899494
Italy,bologna,0h,372,showers,0.012700012700019052
Italy,bologna,0h,372,snowfall,0
Italy,bologna,0h,372,snow_depth,0
Italy,bologna,0h,372,weather_code,23.521552688124462
Italy,bologna,0h,372,pressure_msl,0.383882262416284
Italy,bologna,0h,372,surface_pressure,0.36815436220232983
Italy,bologna,0h,372,cloud_cover,25.613966284377053
Italy,bologna,0h,372,wind_speed_10m,2.7612526376686826
Italy,bologna,0h,372,wind_gusts_10m,5.275542065610083
Italy,bologna,1-6h,2036,temperature_2m,1.7652701725020292
Italy,bologna,1-6h,2036,relative_humidity_2m,9.338956580884524
Italy,bologna,1-6h,2036,dew_point_2m,1.2532002256227783
Italy,bologna,1-6h,2036,apparent_temperature,1.983987966564686
Italy,bologna,1-6h,2036,precipitation,0.43023044037714486
Italy,bologna,1-6h,2036,rain,0.41999391893810817
Italy,bologna,1-6h,2036,showers,0.011727086507601878
Italy,bologna,1-6h,2036,snowfall,0.0354441368484996
Italy,bologna,1-6h,2036,snow_depth,5.428586200254657e-4
Italy,bologna,1-6h,2036,weather_code,20.450717031732268
Italy,bologna,1-6h,2036,pressure_msl,0.3849195563140508
Italy,bologna,1-6h,2036,surface_pressure,0.37229706962990033
Italy,bologna,1-6h,2036,cloud_cover,23.707098569696804
Italy,bologna,1-6h,2036,wind_speed_10m,2.9891486786680104
Italy,bologna,1-6h,2036,wind_gusts_10m,5.761655139025669
Italy,bologna,13-18h,928,temperature_2m,1.9794526411664133
Italy,bologna,13-18h,928,relative_humidity_2m,11.242622101811389
Italy,bologna,13-18h,928,dew_point_2m,1.229530678614882
Italy,bologna,13-18h,928,apparent_temperature,2.1424536771236595
Italy,bologna,13-18h,928,precipitation,0.42936400440169886
Italy,bologna,13-18h,928,rain,0.40431402101115277
Italy,bologna,13-18h,928,showers,0
Italy,bologna,13-18h,928,snowfall,0.052500000000000005
Italy,bologna,13-18h,928,snow_depth,8.040844011283461e-4
Italy,bologna,13-18h,928,weather_code,21.440173378094652
Italy,bologna,13-18h,928,pressure_msl,0.47751150915900265
Italy,bologna,13-18h,928,surface_pressure,0.47755664043920976
Italy,bologna,13-18h,928,cloud_cover,26.96373682278248
Italy,bologna,13-18h,928,wind_speed_10m,3.081133496083812
Italy,bologna,13-18h,928,wind_gusts_10m,6.080377568811853
Italy,bologna,19-24h,276,temperature_2m,1.8485207560390677
Italy,bologna,19-24h,276,relative_humidity_2m,8.463476518701325
Italy,bologna,19-24h,276,dew_point_2m,1.2425138146958952
Italy,bologna,19-24h,276,apparent_temperature,2.213970791737476
Italy,bologna,19-24h,276,precipitation,0.9625223505780626
Italy,bologna,19-24h,276,rain,0.9230934130819927
Italy,bologna,19-24h,276,showers,0.012038585308576922
Italy,bologna,19-24h,276,snowfall,0.0960826938525925
Italy,bologna,19-24h,276,snow_depth,0.0014744195615489714
Italy,bologna,19-24h,276,weather_code,24.126328152972793
Italy,bologna,19-24h,276,pressure_msl,0.5036101551853394
Italy,bologna,19-24h,276,surface_pressure,0.5140771949025238
Italy,bologna,19-24h,276,cloud_cover,21.425299957313772
Italy,bologna,19-24h,276,wind_speed_10m,3.252067346932641
Italy,bologna,19-24h,276,wind_gusts_10m,6.371227215527951
Italy,bologna,7-12h,1476,temperature_2m,1.6718253497300488
Italy,bologna,7-12h,1476,relative_humidity_2m,10.340870579213501
Italy,bologna,7-12h,1476,dew_point_2m,1.4026156363402744
Italy,bologna,7-12h,1476,apparent_temperature,1.8310702958063303
Italy,bologna,7-12h,1476,precipitation,0.3259341380258032
Italy,bologna,7-12h,1476,rain,0.30341328348674185
Italy,bologna,7-12h,1476,showers,0.013272217656353258
Italy,bologna,7-12h,1476,snowfall,0.0416284377471494
Italy,bologna,7-12h,1476,snow_depth,6.375767130633382e-4
Italy,bologna,7-12h,1476,weather_code,19.504255667927744
Italy,bologna,7-12h,1476,pressure_msl,0.4066186830281336
Italy,bologna,7-12h,1476,surface_pressure,0.3926147494216398
Italy,bologna,7-12h,1476,cloud_cover,24.08510205337335
Italy,bologna,7-12h,1476,wind_speed_10m,2.9930225996211286
Italy,bologna,7-12h,1476,wind_gusts_10m,6.0265840612368855
Italy,florence,0h,372,temperature_2m,1.439851396155434
Italy,florence,0h,372,relative_humidity_2m,9.60678523652138
Italy,florence,0h,372,dew_point_2m,1.352317803203158
Italy,florence,0h,372,apparent_temperature,1.7380158010591222
Italy,florence,0h,372,precipitation,0.7374031738880807
Italy,florence,0h,372,rain,0.728749112395483
Italy,florence,0h,372,showers,0.10291451719491455
Italy,florence,0h,372,snowfall,0.056459139283221015
Italy,florence,0h,372,snow_depth,7.332355751067665e-4
Italy,florence,0h,372,weather_code,27.155961344779158
Italy,florence,0h,372,pressure_msl,0.3677890933732233
Italy,florence,0h,372,surface_pressure,0.3641162522619519
Italy,florence,0h,372,cloud_cover,29.724903573823724
Italy,florence,0h,372,wind_speed_10m,3.8006932021940814
Italy,florence,0h,372,wind_gusts_10m,8.505810790530264
Italy,florence,1-6h,2036,temperature_2m,1.4429525232255245
Italy,florence,1-6h,2036,relative_humidity_2m,10.194570765092534
Italy,florence,1-6h,2036,dew_point_2m,1.3643582657816384
Italy,florence,1-6h,2036,apparent_temperature,1.737472703351608
Italy,florence,1-6h,2036,precipitation,0.9669590597242012
Italy,florence,1-6h,2036,rain,0.9629226548860147
Italy,florence,1-6h,2036,showers,0.041104591304696486
Italy,florence,1-6h,2036,snowfall,0.028605438640979253
Italy,florence,1-6h,2036,snow_depth,6.268391408072227e-4
Italy,florence,1-6h,2036,weather_code,24.845929963605407
Italy,florence,1-6h,2036,pressure_msl,0.4327120123802382
Italy,florence,1-6h,2036,surface_pressure,0.42735537081754776
Italy,florence,1-6h,2036,cloud_cover,29.743698875388446
Italy,florence,1-6h,2036,wind_speed_10m,3.8196164137428243
Italy,florence,1-6h,2036,wind_gusts_10m,8.536500274419664
Italy,florence,13-18h,928,temperature_2m,1.6183817481541927
Italy,florence,13-18h,928,relative_humidity_2m,10.799704657519815
Italy,florence,13-18h,928,dew_point_2m,1.2402464299067955
Italy,florence,13-18h,928,apparent_temperature,1.9193603011204647
Italy,florence,13-18h,928,precipitation,1.1258138818435863
Italy,florence,13-18h,928,rain,1.127153112017633
Italy,florence,13-18h,928,showers,0.030086083390715775
Italy,florence,13-18h,928,snowfall,0
Italy,florence,13-18h,928,snow_depth,0
Italy,florence,13-18h,928,weather_code,26.660056652033866
Italy,florence,13-18h,928,pressure_msl,0.5372543544535575
Italy,florence,13-18h,928,surface_pressure,0.5319126192174414
Italy,florence,13-18h,928,cloud_cover,29.52519380064282
Italy,florence,13-18h,928,wind_speed_10m,3.9136008421559985
Italy,florence,13-18h,928,wind_gusts_10m,8.702702216097537
Italy,florence,19-24h,276,temperature_2m,1.624183183785854
Italy,florence,19-24h,276,relative_humidity_2m,9.526849928765404
Italy,florence,19-24h,276,dew_point_2m,1.1750732323771464
Italy,florence,19-24h,276,apparent_temperature,2.0366212428815826
Italy,florence,19-24h,276,precipitation,1.9242163848310236
Italy,florence,19-24h,276,rain,1.9240092500304928
Italy,florence,19-24h,276,showers,0.14963724251611324
Italy,florence,19-24h,276,snowfall,0
Italy,florence,19-24h,276,snow_depth,0
Italy,florence,19-24h,276,weather_code,30.217328745634337
Italy,florence,19-24h,276,pressure_msl,0.5723711170666911
Italy,florence,19-24h,276,surface_pressure,0.5730670092593483
Italy,florence,19-24h,276,cloud_cover,30.976615771218153
Italy,florence,19-24h,276,wind_speed_10m,3.8204446209111937
Italy,florence,19-24h,276,wind_gusts_10m,8.470370352767551
Italy,florence,7-12h,1476,temperature_2m,1.4495396895749757
Italy,florence,7-12h,1476,relative_humidity_2m,10.84124164130674
Italy,florence,7-12h,1476,dew_point_2m,1.484700657829865
Italy,florence,7-12h,1476,apparent_temperature,1.7056696465287264
Italy,florence,7-12h,1476,precipitation,0.9142947879921407
Italy,florence,7-12h,1476,rain,0.9138723114451035
Italy,florence,7-12h,1476,showers,0.02146403054055949
Italy,florence,7-12h,1476,snowfall,0
Italy,florence,7-12h,1476,snow_depth,3.681050869161552e-4
Italy,florence,7-12h,1476,weather_code,24.870940586090754
Italy,florence,7-12h,1476,pressure_msl,0.4614399519637323
Italy,florence,7-12h,1476,surface_pressure,0.4538304304700149
Italy,florence,7-12h,1476,cloud_cover,31.310989265439822
Italy,florence,7-12h,1476,wind_speed_10m,3.71521445251607
Italy,florence,7-12h,1476,wind_gusts_10m,8.47542837730706
Italy,genoa,0h,372,temperature_2m,1.819887152356384
Italy,genoa,0h,372,relative_humidity_2m,15.595525964440151
Italy,genoa,0h,372,dew_point_2m,1.8076450550816912
Italy,genoa,0h,372,apparent_temperature,1.8889178787570866
Italy,genoa,0h,372,precipitation,0.7771951222598583
Italy,genoa,0h,372,rain,0.774145383806438
Italy,genoa,0h,372,showers,0.02839809171235324
Italy,genoa,0h,372,snowfall,0
Italy,genoa,0h,372,snow_depth,0
Italy,genoa,0h,372,weather_code,25.451830954269894
Italy,genoa,0h,372,pressure_msl,0.6113619556860028
Italy,genoa,0h,372,surface_pressure,0.5839244316994121
Italy,genoa,0h,372,cloud_cover,28.79590771403584
Italy,genoa,0h,372,wind_speed_10m,5.012452236117053
Italy,genoa,0h,372,wind_gusts_10m,9.320941274171785
Italy,genoa,1-6h,2036,temperature_2m,1.9226368394740976
Italy,genoa,1-6h,2036,relative_humidity_2m,15.856335616240363
Italy,genoa,1-6h,2036,dew_point_2m,1.7806397163960688
Italy,genoa,1-6h,2036,apparent_temperature,1.8929867461813024
Italy,genoa,1-6h,2036,precipitation,0.8353028461544432
Italy,genoa,1-6h,2036,rain,0.8287147717327209
Italy,genoa,1-6h,2036,showers,0.0481484280100901
Italy,genoa,1-6h,2036,snowfall,0.015200041360713037
Italy,genoa,1-6h,2036,snow_depth,0
Italy,genoa,1-6h,2036,weather_code,25.661618500148258
Italy,genoa,1-6h,2036,pressure_msl,0.6123403524749584
Italy,genoa,1-6h,2036,surface_pressure,0.5856335041463916
Italy,genoa,1-6h,2036,cloud_cover,27.21554074702984
Italy,genoa,1-6h,2036,wind_speed_10m,4.941965756687823
Italy,genoa,1-6h,2036,wind_gusts_10m,8.938712411067936
Italy,genoa,13-18h,928,temperature_2m,2.1539258463847215
Italy,genoa,13-18h,928,relative_humidity_2m,16.217141846058215
Italy,genoa,13-18h,928,dew_point_2m,1.557331105582173
Italy,genoa,13-18h,928,apparent_temperature,2.280629639315454
Italy,genoa,13-18h,928,precipitation,0.576702875748467
Italy,genoa,13-18h,928,rain,0.5716544350422276
Italy,genoa,13-18h,928,showers,0.05570860145311556
Italy,genoa,13-18h,928,snowfall,0.003249668418098408
Italy,genoa,13-18h,928,snow_depth,0
Italy,genoa,13-18h,928,weather_code,24.760098949721506
Italy,genoa,13-18h,928,pressure_msl,0.6174893549270924
Italy,genoa,13-18h,928,surface_pressure,0.593426636083849
Italy,genoa,13-18h,928,cloud_cover,29.0011147229277
Italy,genoa,13-18h,928,wind_speed_10m,5.06663996325389
Italy,genoa,13-18h,928,wind_gusts_10m,9.629190758063338
Italy,genoa,19-24h,276,temperature_2m,2.112420138272619
Italy,genoa,19-24h,276,relative_humidity_2m,15.73420533078504
Italy,genoa,19-24h,276,dew_point_2m,1.561655568921018
Italy,genoa,19-24h,276,apparent_temperature,2.215410453676896
Italy,genoa,19-24h,276,precipitation,0.5764710231917214
Italy,genoa,19-24h,276,rain,0.541134074843307
Italy,genoa,19-24h,276,showers,0.10563815735734448
Italy,genoa,19-24h,276,snowfall,0.005958795715311241
Italy,genoa,19-24h,276,snow_depth,0
Italy,genoa,19-24h,276,weather_code,24.963016122116404
Italy,genoa,19-24h,276,pressure_msl,0.6278557943912935
Italy,genoa,19-24h,276,surface_pressure,0.6061878983582059
Italy,genoa,19-24h,276,cloud_cover,27.324406460265465
Italy,genoa,19-24h,276,wind_speed_10m,4.544538049896438
Italy,genoa,19-24h,276,wind_gusts_10m,9.273173088562231
Italy,genoa,7-12h,1476,temperature_2m,1.9217483006796992
Italy,genoa,7-12h,1476,relative_humidity_2m,15.428697788444573
Italy,genoa,7-12h,1476,dew_point_2m,1.6654711159129658
Italy,genoa,7-12h,1476,apparent_temperature,1.9559131386546948
Italy,genoa,7-12h,1476,precipitation,0.7571698838849381
Italy,genoa,7-12h,1476,rain,0.7559788787000933
Italy,genoa,7-12h,1476,showers,0.04612343518985481
Italy,genoa,7-12h,1476,snowfall,0.017665209327834355
Italy,genoa,7-12h,1476,snow_depth,0
Italy,genoa,7-12h,1476,weather_code,26.389232632192794
Italy,genoa,7-12h,1476,pressure_msl,0.587805159171856
Italy,genoa,7-12h,1476,surface_pressure,0.5621532354817498
Italy,genoa,7-12h,1476,cloud_cover,27.748434365853825
Italy,genoa,7-12h,1476,wind_speed_10m,4.936895824240551
Italy,genoa,7-12h,1476,wind_gusts_10m,8.783518070903995
Italy,milan,0h,372,temperature_2m,1.1254628677422756
Italy,milan,0h,372,relative_humidity_2m,10.06484352927641
Italy,milan,0h,372,dew_point_2m,1.5538713360610839
Italy,milan,0h,372,apparent_temperature,1.2135436424138237
Italy,milan,0h,372,precipitation,0.38325151066904817
Italy,milan,0h,372,rain,0.30062658579377427
Italy,milan,0h,372,showers,0.021997067253202995
Italy,milan,0h,372,snowfall,0.13550582259441565
Italy,milan,0h,372,snow_depth,0.009389996965428301
Italy,milan,0h,372,weather_code,23.65761601892559
Italy,milan,0h,372,pressure_msl,0.3975056637183543
Italy,milan,0h,372,surface_pressure,0.3805768117968046
Italy,milan,0h,372,cloud_cover,28.662008873911333
Italy,milan,0h,372,wind_speed_10m,3.0017109816243637
Italy,milan,0h,372,wind_gusts_10m,5.412018684054882
Italy,milan,1-6h,2036,temperature_2m,1.1289066637250178
Italy,milan,1-6h,2036,relative_humidity_2m,10.181843696546503
Italy,milan,1-6h,2036,dew_point_2m,1.554924365970892
Italy,milan,1-6h,2036,apparent_temperature,1.1863003194541977
Italy,milan,1-6h,2036,precipitation,0.4624611702491488
Italy,milan,1-6h,2036,rain,0.40622610251610175
Italy,milan,1-6h,2036,showers,0.0143626890565509
Italy,milan,1-6h,2036,snowfall,0.16709966674040502
Italy,milan,1-6h,2036,snow_depth,0.011352539679337104
Italy,milan,1-6h,2036,weather_code,23.71482505329626
Italy,milan,1-6h,2036,pressure_msl,0.42245423834665585
Italy,milan,1-6h,2036,surface_pressure,0.39404955159968574
Italy,milan,1-6h,2036,cloud_cover,26.147045271394653
Italy,milan,1-6h,2036,wind_speed_10m,2.9379553319301
Italy,milan,1-6h,2036,wind_gusts_10m,5.581299466325869
Italy,milan,13-18h,928,temperature_2m,1.2331799376492831
Italy,milan,13-18h,928,relative_humidity_2m,9.957019703671895
Italy,milan,13-18h,928,dew_point_2m,1.4004694409991294
Italy,milan,13-18h,928,apparent_temperature,1.23818554678847
Italy,milan,13-18h,928,precipitation,0.5012484413940855
Italy,milan,13-18h,928,rain,0.510936429003412
Italy,milan,13-18h,928,showers,0.028617573573616953
Italy,milan,13-18h,928,snowfall,0.03647743752343169
Italy,milan,13-18h,928,snow_depth,0.010777930835900194
Italy,milan,13-18h,928,weather_code,23.204256075125528
Italy,milan,13-18h,928,pressure_msl,0.50822968606045
Italy,milan,13-18h,928,surface_pressure,0.49662655087548846
Italy,milan,13-18h,928,cloud_cover,26.495973994760686
Italy,milan,13-18h,928,wind_speed_10m,3.2811997122583287
Italy,milan,13-18h,928,wind_gusts_10m,6.713154546524104
Italy,milan,19-24h,276,temperature_2m,1.2566633990654477
Italy,milan,19-24h,276,relative_humidity_2m,8.95479792050616
Italy,milan,19-24h,276,dew_point_2m,1.2976567510240375
Italy,milan,19-24h,276,apparent_temperature,1.3112390423133977
Italy,milan,19-24h,276,precipitation,0.5111084856055229
Italy,milan,19-24h,276,rain,0.5063366583550937
Italy,milan,19-24h,276,showers,0.024077170617153844
Italy,milan,19-24h,276,snowfall,0
Italy,milan,19-24h,276,snow_depth,0.009325048082403137
Italy,milan,19-24h,276,weather_code,26.056237952396046
Italy,milan,19-24h,276,pressure_msl,0.6018690694923544
Italy,milan,19-24h,276,surface_pressure,0.5996979916253002
Italy,milan,19-24h,276,cloud_cover,25.21846574422706
Italy,milan,19-24h,276,wind_speed_10m,3.7769226795813853
Italy,milan,19-24h,276,wind_gusts_10m,8.288629368695055
Italy,milan,7-12h,1476,temperature_2m,1.1429173909787294
Italy,milan,7-12h,1476,relative_humidity_2m,10.469467803931629
Italy,milan,7-12h,1476,dew_point_2m,1.5683998370251406
Italy,milan,7-12h,1476,apparent_temperature,1.1286968767416679
Italy,milan,7-12h,1476,precipitation,0.48218956341645414
Italy,milan,7-12h,1476,rain,0.4628034052056215
Italy,milan,7-12h,1476,showers,0.027791324609979205
Italy,milan,7-12h,1476,snowfall,0.09872630586036676
Italy,milan,7-12h,1476,snow_depth,0.011669569905897043
Italy,milan,7-12h,1476,weather_code,22.762232781351038
Italy,milan,7-12h,1476,pressure_msl,0.451045157847133
Italy,milan,7-12h,1476,surface_pressure,0.4267003289566415
Italy,milan,7-12h,1476,cloud_cover,24.249102461528384
Italy,milan,7-12h,1476,wind_speed_10m,3.034081476576406
Italy,milan,7-12h,1476,wind_gusts_10m,5.796958598893904
Italy,naples,0h,372,temperature_2m,1.2137651364459323
Italy,naples,0h,372,relative_humidity_2m,7.538075393969026
Italy,naples,0h,372,dew_point_2m,1.4140804983854274
Italy,naples,0h,372,apparent_temperature,1.466672776135858
Italy,naples,0h,372,precipitation,0.5475262059815577
Italy,naples,0h,372,rain,0.601163745964746
Italy,naples,0h,372,showers,0.5171780334464814
Italy,naples,0h,372,snowfall,0
Italy,naples,0h,372,snow_depth,0
Italy,naples,0h,372,weather_code,23.995967403147205
Italy,naples,0h,372,pressure_msl,0.4001343860276446
Italy,naples,0h,372,surface_pressure,0.3986536481493643
Italy,naples,0h,372,cloud_cover,31.22490390146804
Italy,naples,0h,372,wind_speed_10m,3.2924971730297052
Italy,naples,0h,372,wind_gusts_10m,7.290861860347285
Italy,naples,1-6h,2036,temperature_2m,1.2906837103173594
Italy,naples,1-6h,2036,relative_humidity_2m,8.139923200209234
Italy,naples,1-6h,2036,dew_point_2m,1.4454317986260616
Italy,naples,1-6h,2036,apparent_temperature,1.554273530705414
Italy,naples,1-6h,2036,precipitation,0.7124627312487773
Italy,naples,1-6h,2036,rain,0.7175665600994016
Italy,naples,1-6h,2036,showers,0.5450617744049616
Italy,naples,1-6h,2036,snowfall,0
Italy,naples,1-6h,2036,snow_depth,0
Italy,naples,1-6h,2036,weather_code,22.913114268928663
Italy,naples,1-6h,2036,pressure_msl,0.44684002930335226
Italy,naples,1-6h,2036,surface_pressure,0.44582763370880263
Italy,naples,1-6h,2036,cloud_cover,32.412554263284065
Italy,naples,1-6h,2036,wind_speed_10m,3.665244559607023
Italy,naples,1-6h,2036,wind_gusts_10m,7.488094676621756
Italy,naples,13-18h,928,temperature_2m,1.3463232178405569
Italy,naples,13-18h,928,relative_humidity_2m,7.150626931762094
Italy,naples,13-18h,928,dew_point_2m,1.3209763238892143
Italy,naples,13-18h,928,apparent_temperature,1.6474771726742556
Italy,naples,13-18h,928,precipitation,0.6554151093141212
Italy,naples,13-18h,928,rain,0.5778602026382362
Italy,naples,13-18h,928,showers,0.5240344158216302
Italy,naples,13-18h,928,snowfall,0
Italy,naples,13-18h,928,snow_depth,0
Italy,naples,13-18h,928,weather_code,23.894298483110987
Italy,naples,13-18h,928,pressure_msl,0.5073171489858929
Italy,naples,13-18h,928,surface_pressure,0.5054018544512494
Italy,naples,13-18h,928,cloud_cover,29.802691674318325
Italy,naples,13-18h,928,wind_speed_10m,3.8257352234570545
Italy,naples,13-18h,928,wind_gusts_10m,7.79920973008119
Italy,naples,19-24h,276,temperature_2m,1.436960358696011
Italy,naples,19-24h,276,relative_humidity_2m,5.477887035784107
Italy,naples,19-24h,276,dew_point_2m,1.463591968164407
Italy,naples,19-24h,276,apparent_temperature,1.8315670015479697
Italy,naples,19-24h,276,precipitation,0.45412760768089294
Italy,naples,19-24h,276,rain,0.5130895336734296
Italy,naples,19-24h,276,showers,0.37387512446758503
Italy,naples,19-24h,276,snowfall,0
Italy,naples,19-24h,276,snow_depth,0
Italy,naples,19-24h,276,weather_code,27.016232372301708
Italy,naples,19-24h,276,pressure_msl,0.5635678270201181
Italy,naples,19-24h,276,surface_pressure,0.5570366730049904
Italy,naples,19-24h,276,cloud_cover,28.074951443425945
Italy,naples,19-24h,276,wind_speed_10m,3.8843703908527227
Italy,naples,19-24h,276,wind_gusts_10m,8.567396912427512
Italy,naples,7-12h,1476,temperature_2m,1.2375887912631411
Italy,naples,7-12h,1476,relative_humidity_2m,9.110359212810978
Italy,naples,7-12h,1476,dew_point_2m,1.4599439421988585
Italy,naples,7-12h,1476,apparent_temperature,1.4154729547528828
Italy,naples,7-12h,1476,precipitation,0.7849709572933498
Italy,naples,7-12h,1476,rain,0.8203232392186436
Italy,naples,7-12h,1476,showers,0.5315423434427673
Italy,naples,7-12h,1476,snowfall,0
Italy,naples,7-12h,1476,snow_depth,0
Italy,naples,7-12h,1476,weather_code,23.85820806642698
Italy,naples,7-12h,1476,pressure_msl,0.5021633416331973
Italy,naples,7-12h,1476,surface_pressure,0.5004063389536967
Italy,naples,7-12h,1476,cloud_cover,29.236536521118186
Italy,naples,7-12h,1476,wind_speed_10m,3.4637710702499196
Italy,naples,7-12h,1476,wind_gusts_10m,7.669231631730666
Italy,rome,0h,372,temperature_2m,0.9006867153121472
Italy,rome,0h,372,relative_humidity_2m,6.661153634464189
Italy,rome,0h,372,dew_point_2m,1.2046951160275554
Italy,rome,0h,372,apparent_temperature,1.068991082976781
Italy,rome,0h,372,precipitation,0.4950290531280565
Italy,rome,0h,372,rain,0.5470841573915454
Italy,rome,0h,372,showers,0.27000597364956874
Italy,rome,0h,372,snowfall,0
Italy,rome,0h,372,snow_depth,0
Italy,rome,0h,372,weather_code,24.15062500582631
Italy,rome,0h,372,pressure_msl,0.3727260806313345
Italy,rome,0h,372,surface_pressure,0.3729423836269789
Italy,rome,0h,372,cloud_cover,28.785076778797904
Italy,rome,0h,372,wind_speed_10m,3.592480198761661
Italy,rome,0h,372,wind_gusts_10m,6.875021016585667
Italy,rome,1-6h,2036,temperature_2m,1.0796292021547875
Italy,rome,1-6h,2036,relative_humidity_2m,8.314897747895447
Italy,rome,1-6h,2036,dew_point_2m,1.363569653663841
Italy,rome,1-6h,2036,apparent_temperature,1.1921938305770634
Italy,rome,1-6h,2036,precipitation,0.5822522492261237
Italy,rome,1-6h,2036,rain,0.6568888391157315
Italy,rome,1-6h,2036,showers,0.270177850178203
Italy,rome,1-6h,2036,snowfall,0
Italy,rome,1-6h,2036,snow_depth,0
Italy,rome,1-6h,2036,weather_code,23.910421398910504
Italy,rome,1-6h,2036,pressure_msl,0.40304586897161765
Italy,rome,1-6h,2036,surface_pressure,0.39949624467426703
Italy,rome,1-6h,2036,cloud_cover,31.088851690125338
Italy,rome,1-6h,2036,wind_speed_10m,3.3484682596163506
Italy,rome,1-6h,2036,wind_gusts_10m,6.909614326250384
Italy,rome,13-18h,928,temperature_2m,1.2652262302818036
Italy,rome,13-18h,928,relative_humidity_2m,9.651916014896766
Italy,rome,13-18h,928,dew_point_2m,1.3628222491427928
Italy,rome,13-18h,928,apparent_temperature,1.4458322981877112
Italy,rome,13-18h,928,precipitation,0.6553986678298206
Italy,rome,13-18h,928,rain,0.688107098721082
Italy,rome,13-18h,928,showers,0.276290077448597
Italy,rome,13-18h,928,snowfall,0
Italy,rome,13-18h,928,snow_depth,0
Italy,rome,13-18h,928,weather_code,23.426287547877962
Italy,rome,13-18h,928,pressure_msl,0.5201334377863536
Italy,rome,13-18h,928,surface_pressure,0.5187850528248498
Italy,rome,13-18h,928,cloud_cover,33.75814078064012
Italy,rome,13-18h,928,wind_speed_10m,3.2095291845077365
Italy,rome,13-18h,928,wind_gusts_10m,6.467176741051693
Italy,rome,19-24h,276,temperature_2m,1.2165227232698468
Italy,rome,19-24h,276,relative_humidity_2m,7.746902139153637
Italy,rome,19-24h,276,dew_point_2m,1.1564250259224373
Italy,rome,19-24h,276,apparent_temperature,1.3775897877047456
Italy,rome,19-24h,276,precipitation,0.722565878847986
Italy,rome,19-24h,276,rain,0.7244688209051983
Italy,rome,19-24h,276,showers,0.2560853571466505
Italy,rome,19-24h,276,snowfall,0
Italy,rome,19-24h,276,snow_depth,0
Italy,rome,19-24h,276,weather_code,31.20816039695898
Italy,rome,19-24h,276,pressure_msl,0.5522680508593661
Italy,rome,19-24h,276,surface_pressure,0.5485157839273085
Italy,rome,19-24h,276,cloud_cover,34.05643228099716
Italy,rome,19-24h,276,wind_speed_10m,3.3869634983463337
Italy,rome,19-24h,276,wind_gusts_10m,6.489171582419974
Italy,rome,7-12h,1476,temperature_2m,1.1955767620851203
Italy,rome,7-12h,1476,relative_humidity_2m,10.033818155371751
Italy,rome,7-12h,1476,dew_point_2m,1.6063685922603634
Italy,rome,7-12h,1476,apparent_temperature,1.3161288394193098
Italy,rome,7-12h,1476,precipitation,0.7196901621804311
Italy,rome,7-12h,1476,rain,0.7641528245680919
Italy,rome,7-12h,1476,showers,0.2794691056804138
Italy,rome,7-12h,1476,snowfall,0
Italy,rome,7-12h,1476,snow_depth,0
Italy,rome,7-12h,1476,weather_code,23.384525724513498
Italy,rome,7-12h,1476,pressure_msl,0.4603668856213419
Italy,rome,7-12h,1476,surface_pressure,0.4565096757034184
Italy,rome,7-12h,1476,cloud_cover,32.154732610741654
Italy,rome,7-12h,1476,wind_speed_10m,3.0494212876711373
Italy,rome,7-12h,1476,wind_gusts_10m,6.214672515229159
Italy,turin,0h,372,temperature_2m,2.0881514179019733
Italy,turin,0h,372,relative_humidity_2m,13.468202297199117
Italy,turin,0h,372,dew_point_2m,1.7931770328017649
Italy,turin,0h,372,apparent_temperature,2.1125457302424464
Italy,turin,0h,372,precipitation,0.31400979369700305
Italy,turin,0h,372,rain,0.2442896218729701
Italy,turin,0h,372,showers,0.007332355751067665
Italy,turin,0h,372,snowfall,0.10468591015483523
Italy,turin,0h,372,snow_depth,0.0010369516947304252
Italy,turin,0h,372,weather_code,20.093999532305684
Italy,turin,0h,372,pressure_msl,0.44817431324626705
Italy,turin,0h,372,surface_pressure,0.40567214899856285
Italy,turin,0h,372,cloud_cover,32.03836745602547
Italy,turin,0h,372,wind_speed_10m,2.1563235338871807
Italy,turin,0h,372,wind_gusts_10m,4.547580001601703
Italy,turin,1-6h,2036,temperature_2m,2.1797987506465444
Italy,turin,1-6h,2036,relative_humidity_2m,13.354064596869652
Italy,turin,1-6h,2036,dew_point_2m,1.7951172587034776
Italy,turin,1-6h,2036,apparent_temperature,2.237736717949748
Italy,turin,1-6h,2036,precipitation,0.22210813487046913
Italy,turin,1-6h,2036,rain,0.19995087805403006
Italy,turin,1-6h,2036,showers,0.003134195704036114
Italy,turin,1-6h,2036,snowfall,0.04841596937347512
Italy,turin,1-6h,2036,snow_depth,0.001039495116983157
Italy,turin,1-6h,2036,weather_code,22.667343204203082
Italy,turin,1-6h,2036,pressure_msl,0.46747871157522375
Italy,turin,1-6h,2036,surface_pressure,0.4458386503670359
Italy,turin,1-6h,2036,cloud_cover,32.1723776872503
Italy,turin,1-6h,2036,wind_speed_10m,2.096167800988692
Italy,turin,1-6h,2036,wind_gusts_10m,4.314343054526547
Italy,turin,13-18h,928,temperature_2m,2.6003315438480215
Italy,turin,13-18h,928,relative_humidity_2m,13.963314002450653
Italy,turin,13-18h,928,dew_point_2m,1.5852974810578222
Italy,turin,13-18h,928,apparent_temperature,2.6619808867419223
Italy,turin,13-18h,928,precipitation,0.28146782752391875
Italy,turin,13-18h,928,rain,0.2705756953175058
Italy,turin,13-18h,928,showers,0
Italy,turin,13-18h,928,snowfall,0.026993773228347465
Italy,turin,13-18h,928,snow_depth,0.001392715036327889
Italy,turin,13-18h,928,weather_code,21.491628281889128
Italy,turin,13-18h,928,pressure_msl,0.5643504047224107
Italy,turin,13-18h,928,surface_pressure,0.5828179167955726
Italy,turin,13-18h,928,cloud_cover,28.148505503293872
Italy,turin,13-18h,928,wind_speed_10m,2.1515381426575604
Italy,turin,13-18h,928,wind_gusts_10m,4.357378304629422
Italy,turin,19-24h,276,temperature_2m,2.3957692177936374
Italy,turin,19-24h,276,relative_humidity_2m,11.571141013220178
Italy,turin,19-24h,276,dew_point_2m,1.5831082982720959
Italy,turin,19-24h,276,apparent_temperature,2.585901014727945
Italy,turin,19-24h,276,precipitation,0.30657055834893343
Italy,turin,19-24h,276,rain,0.3051490488744566
Italy,turin,19-24h,276,showers,0
Italy,turin,19-24h,276,snowfall,0
Italy,turin,19-24h,276,snow_depth,0.0014744195615489714
Italy,turin,19-24h,276,weather_code,23.708067482781384
Italy,turin,19-24h,276,pressure_msl,0.674268256081669
Italy,turin,19-24h,276,surface_pressure,0.7689160448696423
Italy,turin,19-24h,276,cloud_cover,27.12237431357729
Italy,turin,19-24h,276,wind_speed_10m,1.700660570722916
Italy,turin,19-24h,276,wind_gusts_10m,3.3861075939315866
Italy,turin,7-12h,1476,temperature_2m,2.188548045491685
Italy,turin,7-12h,1476,relative_humidity_2m,13.428370646187203
Italy,turin,7-12h,1476,dew_point_2m,1.8211866645702939
Italy,turin,7-12h,1476,apparent_temperature,2.2657129748829274
Italy,turin,7-12h,1476,precipitation,0.28627123416821876
Italy,turin,7-12h,1476,rain,0.26067974516501163
Italy,turin,7-12h,1476,showers,0.007362101738323104
Italy,turin,7-12h,1476,snowfall,0.056746715340158835
Italy,turin,7-12h,1476,snow_depth,0.0012751534261266765
Italy,turin,7-12h,1476,weather_code,21.079344235234974
Italy,turin,7-12h,1476,pressure_msl,0.5093435916048659
Italy,turin,7-12h,1476,surface_pressure,0.4648192235365323
Italy,turin,7-12h,1476,cloud_cover,27.611758620054264
Italy,turin,7-12h,1476,wind_speed_10m,2.0851455532695513
Italy,turin,7-12h,1476,wind_gusts_10m,4.388797638926538
Italy,venice,0h,372,temperature_2m,1.848728130073411
Italy,venice,0h,372,relative_humidity_2m,8.024492078523075
Italy,venice,0h,372,dew_point_2m,1.9007072820513449
Italy,venice,0h,372,apparent_temperature,2.0012764743737232
Italy,venice,0h,372,precipitation,0.2227636772770159
Italy,venice,0h,372,rain,0.22420708553545107
Italy,venice,0h,372,showers,0.036661778755338326
Italy,venice,0h,372,snowfall,0
Italy,venice,0h,372,snow_depth,7.332355751067665e-4
Italy,venice,0h,372,weather_code,21.29919984362076
Italy,venice,0h,372,pressure_msl,0.3991253879031181
Italy,venice,0h,372,surface_pressure,0.39349550147038154
Italy,venice,0h,372,cloud_cover,33.60371523238695
Italy,venice,0h,372,wind_speed_10m,3.206981631190877
Italy,venice,0h,372,wind_gusts_10m,5.027226944617497
Italy,venice,1-6h,2036,temperature_2m,1.8172876440287293
Italy,venice,1-6h,2036,relative_humidity_2m,7.670587818757127
Italy,venice,1-6h,2036,dew_point_2m,1.8144746543062658
Italy,venice,1-6h,2036,apparent_temperature,1.974493543777855
Italy,venice,1-6h,2036,precipitation,0.4169304993129759
Italy,venice,1-6h,2036,rain,0.42087008761413547
Italy,venice,1-6h,2036,showers,0.02407421400504505
Italy,venice,1-6h,2036,snowfall,0
Italy,venice,1-6h,2036,snow_depth,4.4324220717793626e-4
Italy,venice,1-6h,2036,weather_code,22.886561460414622
Italy,venice,1-6h,2036,pressure_msl,0.39345080549641176
Italy,venice,1-6h,2036,surface_pressure,0.39311361005767065
Italy,venice,1-6h,2036,cloud_cover,31.639515468734142
Italy,venice,1-6h,2036,wind_speed_10m,3.251393837425894
Italy,venice,1-6h,2036,wind_gusts_10m,5.069413074454468
Italy,venice,13-18h,928,temperature_2m,1.951369987364315
Italy,venice,13-18h,928,relative_humidity_2m,7.480146135397126
Italy,venice,13-18h,928,dew_point_2m,1.7385710541547699
Italy,venice,13-18h,928,apparent_temperature,2.0350855696658234
Italy,venice,13-18h,928,precipitation,0.44368169702598964
Italy,venice,13-18h,928,rain,0.44397304981892455
Italy,venice,13-18h,928,showers,0.015397044051285995
Italy,venice,13-18h,928,snowfall,0
Italy,venice,13-18h,928,snow_depth,6.565321642986128e-4
Italy,venice,13-18h,928,weather_code,23.11426824607961
Italy,venice,13-18h,928,pressure_msl,0.4720872581529278
Italy,venice,13-18h,928,surface_pressure,0.47115046282551
Italy,venice,13-18h,928,cloud_cover,30.7872286553347
Italy,venice,13-18h,928,wind_speed_10m,3.3471455929925806
Italy,venice,13-18h,928,wind_gusts_10m,5.598548919139673
Italy,venice,19-24h,276,temperature_2m,2.145149567435023
Italy,venice,19-24h,276,relative_humidity_2m,7.636677325886576
Italy,venice,19-24h,276,dew_point_2m,2.0881654107394594
Italy,venice,19-24h,276,apparent_temperature,2.3115651263447745
Italy,venice,19-24h,276,precipitation,0.27806265585243584
Italy,venice,19-24h,276,rain,0.2779323241575082
Italy,venice,19-24h,276,showers,0.014744195615489715
Italy,venice,19-24h,276,snowfall,0
Italy,venice,19-24h,276,snow_depth,0
Italy,venice,19-24h,276,weather_code,25.066722556212746
Italy,venice,19-24h,276,pressure_msl,0.4610951047801071
Italy,venice,19-24h,276,surface_pressure,0.46085931079650444
Italy,venice,19-24h,276,cloud_cover,29.518355871107275
Italy,venice,19-24h,276,wind_speed_10m,3.3150950321919535
Italy,venice,19-24h,276,wind_gusts_10m,5.608385285199866
Italy,venice,7-12h,1476,temperature_2m,1.6082190658258089
Italy,venice,7-12h,1476,relative_humidity_2m,7.758988144015313
Italy,venice,7-12h,1476,dew_point_2m,1.6453679747575383
Italy,venice,7-12h,1476,apparent_temperature,1.737140128647734
Italy,venice,7-12h,1476,precipitation,0.3370574484820589
Italy,venice,7-12h,1476,rain,0.3351171780664643
Italy,venice,7-12h,1476,showers,0.011785113019775794
Italy,venice,7-12h,1476,snowfall,0
Italy,venice,7-12h,1476,snow_depth,5.205792062953536e-4
Italy,venice,7-12h,1476,weather_code,22.354588841587375
Italy,venice,7-12h,1476,pressure_msl,0.3905038091136239
Italy,venice,7-12h,1476,surface_pressure,0.39039969789850154
Italy,venice,7-12h,1476,cloud_cover,32.23007567130083
Italy,venice,7-12h,1476,wind_speed_10m,3.3267455226328515
Italy,venice,7-12h,1476,wind_gusts_10m,5.062950605594365
Japan,fukuoka,0h,372,temperature_2m,2.076092794246582
Japan,fukuoka,0h,372,relative_humidity_2m,10.584021229019909
Japan,fukuoka,0h,372,dew_point_2m,1.6511156215416667
Japan,fukuoka,0h,372,apparent_temperature,1.974106576199357
Japan,fukuoka,0h,372,precipitation,0.8891520667745548
Japan,fukuoka,0h,372,rain,0.8861236108825004
Japan,fukuoka,0h,372,showers,0
Japan,fukuoka,0h,372,snowfall,0.022953904252438356
Japan,fukuoka,0h,372,snow_depth,0
Japan,fukuoka,0h,372,weather_code,16.472035605511763
Japan,fukuoka,0h,372,pressure_msl,0.5058794110206754
Japan,fukuoka,0h,372,surface_pressure,0.5061450342529555
Japan,fukuoka,0h,372,cloud_cover,32.453937581072175
Japan,fukuoka,0h,372,wind_speed_10m,6.776854188203553
Japan,fukuoka,0h,372,wind_gusts_10m,6.354987035002807
Japan,fukuoka,1-6h,2036,temperature_2m,2.335690875609338
Japan,fukuoka,1-6h,2036,relative_humidity_2m,10.734014019669424
Japan,fukuoka,1-6h,2036,dew_point_2m,1.645658693162449
Japan,fukuoka,1-6h,2036,apparent_temperature,2.1953021819196237
Japan,fukuoka,1-6h,2036,precipitation,0.49586700479464035
Japan,fukuoka,1-6h,2036,rain,0.49293635242717115
Japan,fukuoka,1-6h,2036,showers,0
Japan,fukuoka,1-6h,2036,snowfall,0.03530807440059841
Japan,fukuoka,1-6h,2036,snow_depth,5.428586200254657e-4
Japan,fukuoka,1-6h,2036,weather_code,15.361875857540166
Japan,fukuoka,1-6h,2036,pressure_msl,0.504167309367609
Japan,fukuoka,1-6h,2036,surface_pressure,0.5038847125447918
Japan,fukuoka,1-6h,2036,cloud_cover,34.83356442019837
Japan,fukuoka,1-6h,2036,wind_speed_10m,6.3459421931082165
Japan,fukuoka,1-6h,2036,wind_gusts_10m,6.900632783262
Japan,fukuoka,13-18h,928,temperature_2m,2.8988218474836076
Japan,fukuoka,13-18h,928,relative_humidity_2m,11.71500658601372
Japan,fukuoka,13-18h,928,dew_point_2m,1.8765453401911458
Japan,fukuoka,13-18h,928,apparent_temperature,2.81401970436451
Japan,fukuoka,13-18h,928,precipitation,0.4555689886814903
Japan,fukuoka,13-18h,928,rain,0.45504831119040684
Japan,fukuoka,13-18h,928,showers,0
Japan,fukuoka,13-18h,928,snowfall,0.05055297665099318
Japan,fukuoka,13-18h,928,snow_depth,8.040844011283461e-4
Japan,fukuoka,13-18h,928,weather_code,14.000384846927208
Japan,fukuoka,13-18h,928,pressure_msl,0.6943118647389281
Japan,fukuoka,13-18h,928,surface_pressure,0.6943118647389277
Japan,fukuoka,13-18h,928,cloud_cover,31.977025696799775
Japan,fukuoka,13-18h,928,wind_speed_10m,6.274079476374369
Japan,fukuoka,13-18h,928,wind_gusts_10m,7.9497831243460935
Japan,fukuoka,19-24h,276,temperature_2m,2.7924587887660084
Japan,fukuoka,19-24h,276,relative_humidity_2m,10.322341044437602
Japan,fukuoka,19-24h,276,dew_point_2m,1.9674525572977335
Japan,fukuoka,19-24h,276,apparent_temperature,2.807443522216392
Japan,fukuoka,19-24h,276,precipitation,0.5550166468322094
Japan,fukuoka,19-24h,276,rain,0.5525959815639087
Japan,fukuoka,19-24h,276,showers,0
Japan,fukuoka,19-24h,276,snowfall,0.013324272283470419
Japan,fukuoka,19-24h,276,snow_depth,0
Japan,fukuoka,19-24h,276,weather_code,18.172682157887266
Japan,fukuoka,19-24h,276,pressure_msl,0.8245332452143834
Japan,fukuoka,19-24h,276,surface_pressure,0.8245332452143821
Japan,fukuoka,19-24h,276,cloud_cover,32.74805005811332
Japan,fukuoka,19-24h,276,wind_speed_10m,5.544935017457472
Japan,fukuoka,19-24h,276,wind_gusts_10m,9.143343187132437
Japan,fukuoka,7-12h,1476,temperature_2m,2.756745852717832
Japan,fukuoka,7-12h,1476,relative_humidity_2m,11.639166194444387
Japan,fukuoka,7-12h,1476,dew_point_2m,1.642313953527528
Japan,fukuoka,7-12h,1476,apparent_temperature,2.5779264161426467
Japan,fukuoka,7-12h,1476,precipitation,0.6606947972976265
Japan,fukuoka,7-12h,1476,rain,0.6591034396613643
Japan,fukuoka,7-12h,1476,showers,0
Japan,fukuoka,7-12h,1476,snowfall,0.04146863509300692
Japan,fukuoka,7-12h,1476,snow_depth,6.375767130633382e-4
Japan,fukuoka,7-12h,1476,weather_code,14.772254810797232
Japan,fukuoka,7-12h,1476,pressure_msl,0.551592913793704
Japan,fukuoka,7-12h,1476,surface_pressure,0.5515929137937037
Japan,fukuoka,7-12h,1476,cloud_cover,32.78429956706382
Japan,fukuoka,7-12h,1476,wind_speed_10m,6.63262242380811
Japan,fukuoka,7-12h,1476,wind_gusts_10m,6.967164567729195
Japan,kyoto,0h,372,temperature_2m,1.4713938969562161
Japan,kyoto,0h,372,relative_humidity_2m,8.743661298519392
Japan,kyoto,0h,372,dew_point_2m,1.2650385688369983
Japan,kyoto,0h,372,apparent_temperature,1.6886082581411137
Japan,kyoto,0h,372,precipitation,0.4189079504709142
Japan,kyoto,0h,372,rain,0.4189079504709142
Japan,kyoto,0h,372,showers,0
Japan,kyoto,0h,372,snowfall,0
Japan,kyoto,0h,372,snow_depth,0.008164965809277261
Japan,kyoto,0h,372,weather_code,11.95623740577385
Japan,kyoto,0h,372,pressure_msl,0.3700479480702005
Japan,kyoto,0h,372,surface_pressure,0.3623400648294943
Japan,kyoto,0h,372,cloud_cover,32.213084231394625
Japan,kyoto,0h,372,wind_speed_10m,3.6828504038005936
Japan,kyoto,0h,372,wind_gusts_10m,11.205751691329857
Japan,kyoto,1-6h,2036,temperature_2m,1.7362737011837728
Japan,kyoto,1-6h,2036,relative_humidity_2m,9.04865694644134
Japan,kyoto,1-6h,2036,dew_point_2m,1.2885966537100928
Japan,kyoto,1-6h,2036,apparent_temperature,1.99473028739474
Japan,kyoto,1-6h,2036,precipitation,0.33740311859862615
Japan,kyoto,1-6h,2036,rain,0.33711185204002336
Japan,kyoto,1-6h,2036,showers,0
Japan,kyoto,1-6h,2036,snowfall,0.012016687807154551
Japan,kyoto,1-6h,2036,snow_depth,0.0071745018925831894
Japan,kyoto,1-6h,2036,weather_code,14.395207672321824
Japan,kyoto,1-6h,2036,pressure_msl,0.41578623418095784
Japan,kyoto,1-6h,2036,surface_pressure,0.4134644467460111
Japan,kyoto,1-6h,2036,cloud_cover,33.44968070832956
Japan,kyoto,1-6h,2036,wind_speed_10m,3.62254184658444
Japan,kyoto,1-6h,2036,wind_gusts_10m,11.232575679026995
Japan,kyoto,13-18h,928,temperature_2m,2.1581191923236913
Japan,kyoto,13-18h,928,relative_humidity_2m,8.831760866327848
Japan,kyoto,13-18h,928,dew_point_2m,1.3996304931092989
Japan,kyoto,13-18h,928,apparent_temperature,2.4461836920338613
Japan,kyoto,13-18h,928,precipitation,0.32330459642412374
Japan,kyoto,13-18h,928,rain,0.3226706979419495
Japan,kyoto,13-18h,928,showers,0
Japan,kyoto,13-18h,928,snowfall,0.014164976234506643
Japan,kyoto,13-18h,928,snow_depth,0.004642383454426297
Japan,kyoto,13-18h,928,weather_code,14.654424423102183
Japan,kyoto,13-18h,928,pressure_msl,0.635938757623936
Japan,kyoto,13-18h,928,surface_pressure,0.6509773818836868
Japan,kyoto,13-18h,928,cloud_cover,37.12304795750441
Japan,kyoto,13-18h,928,wind_speed_10m,2.7880633805193713
Japan,kyoto,13-18h,928,wind_gusts_10m,11.346564496007986
Japan,kyoto,19-24h,274,temperature_2m,2.1149278257257853
Japan,kyoto,19-24h,274,relative_humidity_2m,8.362236979377592
Japan,kyoto,19-24h,274,dew_point_2m,1.5975574421666026
Japan,kyoto,19-24h,274,apparent_temperature,2.4254881365881644
Japan,kyoto,19-24h,274,precipitation,0.4819364830790752
Japan,kyoto,19-24h,274,rain,0.4792025005113708
Japan,kyoto,19-24h,274,showers,0
Japan,kyoto,19-24h,274,snowfall,0.03588302162410396
Japan,kyoto,19-24h,274,snow_depth,0
Japan,kyoto,19-24h,274,weather_code,20.55329550715358
Japan,kyoto,19-24h,274,pressure_msl,0.7705339886969328
Japan,kyoto,19-24h,274,surface_pressure,0.7877715034233262
Japan,kyoto,19-24h,274,cloud_cover,38.87233456020598
Japan,kyoto,19-24h,274,wind_speed_10m,2.61367822591327
Japan,kyoto,19-24h,274,wind_gusts_10m,11.018269499958812
Japan,kyoto,7-12h,1476,temperature_2m,1.9695720581235208
Japan,kyoto,7-12h,1476,relative_humidity_2m,9.368256382181073
Japan,kyoto,7-12h,1476,dew_point_2m,1.2215987569718751
Japan,kyoto,7-12h,1476,apparent_temperature,2.2430440504961386
Japan,kyoto,7-12h,1476,precipitation,0.3694462273527084
Japan,kyoto,7-12h,1476,rain,0.3694278884567971
Japan,kyoto,7-12h,1476,showers,0
Japan,kyoto,7-12h,1476,snowfall,0.0044630369914433685
Japan,kyoto,7-12h,1476,snow_depth,0.005153471216826172
Japan,kyoto,7-12h,1476,weather_code,12.83161745471182
Japan,kyoto,7-12h,1476,pressure_msl,0.482512619715051
Japan,kyoto,7-12h,1476,surface_pressure,0.49027120419063813
Japan,kyoto,7-12h,1476,cloud_cover,33.77401785163883
Japan,kyoto,7-12h,1476,wind_speed_10m,3.2142741428793307
Japan,kyoto,7-12h,1476,wind_gusts_10m,11.31307551052211
Japan,osaka,0h,372,temperature_2m,0.9351269248564058
Japan,osaka,0h,372,relative_humidity_2m,8.890008890013336
Japan,osaka,0h,372,dew_point_2m,1.4214750781668535
Japan,osaka,0h,372,apparent_temperature,0.9421435180492145
Japan,osaka,0h,372,precipitation,0.3713532358906431
Japan,osaka,0h,372,rain,0.3713532358906431
Japan,osaka,0h,372,showers,0
Japan,osaka,0h,372,snowfall,0
Japan,osaka,0h,372,snow_depth,7.332355751067665e-4
Japan,osaka,0h,372,weather_code,11.855763989931068
Japan,osaka,0h,372,pressure_msl,0.36100218925258803
Japan,osaka,0h,372,surface_pressure,0.3610021892525872
Japan,osaka,0h,372,cloud_cover,35.449267095871086
Japan,osaka,0h,372,wind_speed_10m,2.905898709836246
Japan,osaka,0h,372,wind_gusts_10m,6.524894429171093
Japan,osaka,1-6h,2036,temperature_2m,1.053709883537232
Japan,osaka,1-6h,2036,relative_humidity_2m,8.798999764551738
Japan,osaka,1-6h,2036,dew_point_2m,1.2446585285339347
Japan,osaka,1-6h,2036,apparent_temperature,1.1514746673838374
Japan,osaka,1-6h,2036,precipitation,0.3076464942468821
Japan,osaka,1-6h,2036,rain,0.30759859537108303
Japan,osaka,1-6h,2036,showers,0
Japan,osaka,1-6h,2036,snowfall,0.0021939369928252795
Japan,osaka,1-6h,2036,snow_depth,6.268391408072227e-4
Japan,osaka,1-6h,2036,weather_code,11.559659888539255
Japan,osaka,1-6h,2036,pressure_msl,0.41671839888414325
Japan,osaka,1-6h,2036,surface_pressure,0.4167183988841457
Japan,osaka,1-6h,2036,cloud_cover,37.2397716076638
Japan,osaka,1-6h,2036,wind_speed_10m,2.8686846585048453
Japan,osaka,1-6h,2036,wind_gusts_10m,7.423104164838536
Japan,osaka,13-18h,928,temperature_2m,1.5354854337444492
Japan,osaka,13-18h,928,relative_humidity_2m,11.146748404803978
Japan,osaka,13-18h,928,dew_point_2m,1.1889215629126342
Japan,osaka,13-18h,928,apparent_temperature,1.7741437954395218
Japan,osaka,13-18h,928,precipitation,0.3602561349354383
Japan,osaka,13-18h,928,rain,0.3602561349354383
Japan,osaka,13-18h,928,showers,0
Japan,osaka,13-18h,928,snowfall,0
Japan,osaka,13-18h,928,snow_depth,0
Japan,osaka,13-18h,928,weather_code,9.243357353927944
Japan,osaka,13-18h,928,pressure_msl,0.6586787977616156
Japan,osaka,13-18h,928,surface_pressure,0.6586787977616149
Japan,osaka,13-18h,928,cloud_cover,47.30329051031702
Japan,osaka,13-18h,928,wind_speed_10m,2.8714633419456934
Japan,osaka,13-18h,928,wind_gusts_10m,8.400632416669593
Japan,osaka,19-24h,272,temperature_2m,1.67746745387907
Japan,osaka,19-24h,272,relative_humidity_2m,11.024704878002805
Japan,osaka,19-24h,272,dew_point_2m,1.1873413206676107
Japan,osaka,19-24h,272,apparent_temperature,1.9668951346190868
Japan,osaka,19-24h,272,precipitation,0.5193321503170598
Japan,osaka,19-24h,272,rain,0.5193321503170598
Japan,osaka,19-24h,272,showers,0
Japan,osaka,19-24h,272,snowfall,0
Japan,osaka,19-24h,272,snow_depth,0
Japan,osaka,19-24h,272,weather_code,16.15230815776895
Japan,osaka,19-24h,272,pressure_msl,0.7827647080925887
Japan,osaka,19-24h,272,surface_pressure,0.7827647080926087
Japan,osaka,19-24h,272,cloud_cover,51.51341915405322
Japan,osaka,19-24h,272,wind_speed_10m,2.971853254234785
Japan,osaka,19-24h,272,wind_gusts_10m,8.011990095732623
Japan,osaka,7-12h,1472,temperature_2m,1.2887789131408545
Japan,osaka,7-12h,1472,relative_humidity_2m,9.871318796524035
Japan,osaka,7-12h,1472,dew_point_2m,1.1018573745785085
Japan,osaka,7-12h,1472,apparent_temperature,1.4462141356268636
Japan,osaka,7-12h,1472,precipitation,0.332542086254409
Japan,osaka,7-12h,1472,rain,0.332542086254409
Japan,osaka,7-12h,1472,showers,0
Japan,osaka,7-12h,1472,snowfall,0
Japan,osaka,7-12h,1472,snow_depth,0
Japan,osaka,7-12h,1472,weather_code,10.632510133507065
Japan,osaka,7-12h,1472,pressure_msl,0.5218591347497346
Japan,osaka,7-12h,1472,surface_pressure,0.521859134749729
Japan,osaka,7-12h,1472,cloud_cover,39.60696853486441
Japan,osaka,7-12h,1472,wind_speed_10m,2.8783510715867076
Japan,osaka,7-12h,1472,wind_gusts_10m,7.773107207042362
Japan,tokyo,0h,372,temperature_2m,0.9516821553077386
Japan,tokyo,0h,372,relative_humidity_2m,9.64114168048711
Japan,tokyo,0h,372,dew_point_2m,2.2583774744723923
Japan,tokyo,0h,372,apparent_temperature,0.9752584438281293
Japan,tokyo,0h,372,precipitation,0.5793953095522805
Japan,tokyo,0h,372,rain,0.5793953095522805
Japan,tokyo,0h,372,showers,0
Japan,tokyo,0h,372,snowfall,0
Japan,tokyo,0h,372,snow_depth,0
Japan,tokyo,0h,372,weather_code,8.509324423862193
Japan,tokyo,0h,372,pressure_msl,0.6138193492782641
Japan,tokyo,0h,372,surface_pressure,0.6092036049286539
Japan,tokyo,0h,372,cloud_cover,31.539274031778426
Japan,tokyo,0h,372,wind_speed_10m,3.999495935981869
Japan,tokyo,0h,372,wind_gusts_10m,8.53543845841673
Japan,tokyo,1-6h,2036,temperature_2m,0.9709685683415654
Japan,tokyo,1-6h,2036,relative_humidity_2m,9.988451091449907
Japan,tokyo,1-6h,2036,dew_point_2m,2.195150038953306
Japan,tokyo,1-6h,2036,apparent_temperature,1.0279779683144392
Japan,tokyo,1-6h,2036,precipitation,0.2772479120122056
Japan,tokyo,1-6h,2036,rain,0.2772479120122056
Japan,tokyo,1-6h,2036,showers,0
Japan,tokyo,1-6h,2036,snowfall,0
Japan,tokyo,1-6h,2036,snow_depth,0
Japan,tokyo,1-6h,2036,weather_code,11.128072079753112
Japan,tokyo,1-6h,2036,pressure_msl,0.7033808337234588
Japan,tokyo,1-6h,2036,surface_pressure,0.698313995384103
Japan,tokyo,1-6h,2036,cloud_cover,32.58271927394754
Japan,tokyo,1-6h,2036,wind_speed_10m,4.229781445955583
Japan,tokyo,1-6h,2036,wind_gusts_10m,8.515816787597148
Japan,tokyo,13-18h,928,temperature_2m,1.17614580963299
Japan,tokyo,13-18h,928,relative_humidity_2m,9.899386083368311
Japan,tokyo,13-18h,928,dew_point_2m,1.5912476128865807
Japan,tokyo,13-18h,928,apparent_temperature,1.37572081419912
Japan,tokyo,13-18h,928,precipitation,0.17126557316554936
Japan,tokyo,13-18h,928,rain,0.17126557316554936
Japan,tokyo,13-18h,928,showers,0
Japan,tokyo,13-18h,928,snowfall,0
Japan,tokyo,13-18h,928,snow_depth,0
Japan,tokyo,13-18h,928,weather_code,11.032573245340052
Japan,tokyo,13-18h,928,pressure_msl,0.999849126549633
Japan,tokyo,13-18h,928,surface_pressure,0.9982959619202129
Japan,tokyo,13-18h,928,cloud_cover,35.65631563731152
Japan,tokyo,13-18h,928,wind_speed_10m,4.582173573226184
Japan,tokyo,13-18h,928,wind_gusts_10m,9.968649132015901
Japan,tokyo,19-24h,272,temperature_2m,1.302119313228382
Japan,tokyo,19-24h,272,relative_humidity_2m,10.321664822395773
Japan,tokyo,19-24h,272,dew_point_2m,1.591706446479597
Japan,tokyo,19-24h,272,apparent_temperature,1.5531514452121873
Japan,tokyo,19-24h,272,precipitation,0.28837781590455663
Japan,tokyo,19-24h,272,rain,0.28837781590455663
Japan,tokyo,19-24h,272,showers,0
Japan,tokyo,19-24h,272,snowfall,0
Japan,tokyo,19-24h,272,snow_depth,0
Japan,tokyo,19-24h,272,weather_code,12.51322829460652
Japan,tokyo,19-24h,272,pressure_msl,1.2374368670764564
Japan,tokyo,19-24h,272,surface_pressure,1.2357719664004299
Japan,tokyo,19-24h,272,cloud_cover,38.607946454218
Japan,tokyo,19-24h,272,wind_speed_10m,4.486343657341099
Japan,tokyo,19-24h,272,wind_gusts_10m,9.405219921123901
Japan,tokyo,7-12h,1470,temperature_2m,1.0634496556339783
Japan,tokyo,7-12h,1470,relative_humidity_2m,10.805705220212259
Japan,tokyo,7-12h,1470,dew_point_2m,1.9999557818241134
Japan,tokyo,7-12h,1470,apparent_temperature,1.1739056272838577
Japan,tokyo,7-12h,1470,precipitation,0.2345642943059862
Japan,tokyo,7-12h,1470,rain,0.2345642943059862
Japan,tokyo,7-12h,1470,showers,0
Japan,tokyo,7-12h,1470,snowfall,0
Japan,tokyo,7-12h,1470,snow_depth,0
Japan,tokyo,7-12h,1470,weather_code,11.6617287898213
Japan,tokyo,7-12h,1470,pressure_msl,0.8387713722856692
Japan,tokyo,7-12h,1470,surface_pressure,0.8352847899202445
Japan,tokyo,7-12h,1470,cloud_cover,33.761629389702435
Japan,tokyo,7-12h,1470,wind_speed_10m,4.521434965766937
Japan,tokyo,7-12h,1470,wind_gusts_10m,9.124726069879586
Latvia,riga,0h,372,temperature_2m,0.922683090785512
Latvia,riga,0h,372,relative_humidity_2m,4.800313609826776
Latvia,riga,0h,372,dew_point_2m,0.7178971681835926
Latvia,riga,0h,372,apparent_temperature,0.8461487705690317
Latvia,riga,0h,372,precipitation,0.10446998848771669
Latvia,riga,0h,372,rain,0.10676071123014118
Latvia,riga,0h,372,showers,0
Latvia,riga,0h,372,snowfall,0.045038812413915996
Latvia,riga,0h,372,snow_depth,0.003592106040535498
Latvia,riga,0h,372,weather_code,16.547097981607024
Latvia,riga,0h,372,pressure_msl,0.3284044189191074
Latvia,riga,0h,372,surface_pressure,0.32378806290136475
Latvia,riga,0h,372,cloud_cover,24.050797496446013
Latvia,riga,0h,372,wind_speed_10m,3.0347184595992194
Latvia,riga,0h,372,wind_gusts_10m,4.017220994186035
Latvia,riga,1-6h,2036,temperature_2m,0.9634274930585797
Latvia,riga,1-6h,2036,relative_humidity_2m,5.1152724060228945
Latvia,riga,1-6h,2036,dew_point_2m,0.798125259137364
Latvia,riga,1-6h,2036,apparent_temperature,0.9211443297485459
Latvia,riga,1-6h,2036,precipitation,0.19134001663174524
Latvia,riga,1-6h,2036,rain,0.1677307225432249
Latvia,riga,1-6h,2036,showers,0
Latvia,riga,1-6h,2036,snowfall,0.07410832086887362
Latvia,riga,1-6h,2036,snow_depth,0.003361050448576783
Latvia,riga,1-6h,2036,weather_code,18.919382271635484
Latvia,riga,1-6h,2036,pressure_msl,0.34545889300805477
Latvia,riga,1-6h,2036,surface_pressure,0.3448185081116536
Latvia,riga,1-6h,2036,cloud_cover,25.40425609809976
Latvia,riga,1-6h,2036,wind_speed_10m,3.0706353693835475
Latvia,riga,1-6h,2036,wind_gusts_10m,3.960021233893578
Latvia,riga,13-18h,928,temperature_2m,1.1956368235350998
Latvia,riga,13-18h,928,relative_humidity_2m,5.334500590657399
Latvia,riga,13-18h,928,dew_point_2m,0.9496029115662885
Latvia,riga,13-18h,928,apparent_temperature,1.1273729762532925
Latvia,riga,13-18h,928,precipitation,0.17708122040659663
Latvia,riga,13-18h,928,rain,0.16860226611149398
Latvia,riga,13-18h,928,showers,0
Latvia,riga,13-18h,928,snowfall,0.03249668418098408
Latvia,riga,13-18h,928,snow_depth,0.0033797061696401137
Latvia,riga,13-18h,928,weather_code,16.36214617909909
Latvia,riga,13-18h,928,pressure_msl,0.5569312469175232
Latvia,riga,13-18h,928,surface_pressure,0.5567183711964143
Latvia,riga,13-18h,928,cloud_cover,30.72051431861127
Latvia,riga,13-18h,928,wind_speed_10m,3.064303656061475
Latvia,riga,13-18h,928,wind_gusts_10m,4.493110147003237
Latvia,riga,19-24h,272,temperature_2m,1.2094298608167793
Latvia,riga,19-24h,272,relative_humidity_2m,5.683438271700969
Latvia,riga,19-24h,272,dew_point_2m,0.9478303397450287
Latvia,riga,19-24h,272,apparent_temperature,1.149200489342866
Latvia,riga,19-24h,272,precipitation,0.12217393579743306
Latvia,riga,19-24h,272,rain,0.10947736806138089
Latvia,riga,19-24h,272,showers,0
Latvia,riga,19-24h,272,snowfall,0.0389003251158348
Latvia,riga,19-24h,272,snow_depth,0.0025724787771376325
Latvia,riga,19-24h,272,weather_code,13.243477862040354
Latvia,riga,19-24h,272,pressure_msl,0.6929264454641179
Latvia,riga,19-24h,272,surface_pressure,0.6940397513619678
Latvia,riga,19-24h,272,cloud_cover,28.77741659500298
Latvia,riga,19-24h,272,wind_speed_10m,3.091544445552017
Latvia,riga,19-24h,272,wind_gusts_10m,4.664659056956581
Latvia,riga,7-12h,1470,temperature_2m,1.061112238961303
Latvia,riga,7-12h,1470,relative_humidity_2m,5.295101060234378
Latvia,riga,7-12h,1470,dew_point_2m,0.8398493548104387
Latvia,riga,7-12h,1470,apparent_temperature,1.0173595274843918
Latvia,riga,7-12h,1470,precipitation,0.1705134303565933
Latvia,riga,7-12h,1470,rain,0.14451419909993826
Latvia,riga,7-12h,1470,showers,0
Latvia,riga,7-12h,1470,snowfall,0.0570379990298865
Latvia,riga,7-12h,1470,snow_depth,0.0033806170189140663
Latvia,riga,7-12h,1470,weather_code,17.162013106787647
Latvia,riga,7-12h,1470,pressure_msl,0.42421596348260004
Latvia,riga,7-12h,1470,surface_pressure,0.4242961358348113
Latvia,riga,7-12h,1470,cloud_cover,28.31025871127496
Latvia,riga,7-12h,1470,wind_speed_10m,3.054752069167256
Latvia,riga,7-12h,1470,wind_gusts_10m,4.094623984962635
Lebanon,beirut,0h,372,temperature_2m,1.70012649750743
Lebanon,beirut,0h,372,relative_humidity_2m,11.09538313361555
Lebanon,beirut,0h,372,dew_point_2m,3.258141168053917
Lebanon,beirut,0h,372,apparent_temperature,2.711326303228854
Lebanon,beirut,0h,372,precipitation,0.34873041626133855
Lebanon,beirut,0h,372,rain,0.298292632533316
Lebanon,beirut,0h,372,showers,0.15467621401752663
Lebanon,beirut,0h,372,snowfall,0
Lebanon,beirut,0h,372,snow_depth,0
Lebanon,beirut,0h,372,weather_code,19.209232771141952
Lebanon,beirut,0h,372,pressure_msl,0.554454105259134
Lebanon,beirut,0h,372,surface_pressure,0.543732619299528
Lebanon,beirut,0h,372,cloud_cover,27.96618541885397
Lebanon,beirut,0h,372,wind_speed_10m,6.187200628143816
Lebanon,beirut,0h,372,wind_gusts_10m,14.47106493766466
Lebanon,beirut,1-6h,2036,temperature_2m,1.7123726344732126
Lebanon,beirut,1-6h,2036,relative_humidity_2m,11.089872191595951
Lebanon,beirut,1-6h,2036,dew_point_2m,3.18049062703912
Lebanon,beirut,1-6h,2036,apparent_temperature,2.6484769690149754
Lebanon,beirut,1-6h,2036,precipitation,0.43535997796372333
Lebanon,beirut,1-6h,2036,rain,0.38914545439441406
Lebanon,beirut,1-6h,2036,showers,0.17715831553240446
Lebanon,beirut,1-6h,2036,snowfall,0
Lebanon,beirut,1-6h,2036,snow_depth,0
Lebanon,beirut,1-6h,2036,weather_code,18.06172564298211
Lebanon,beirut,1-6h,2036,pressure_msl,0.5200309798841717
Lebanon,beirut,1-6h,2036,surface_pressure,0.5135396637529971
Lebanon,beirut,1-6h,2036,cloud_cover,27.061579344539837
Lebanon,beirut,1-6h,2036,wind_speed_10m,6.1214805854430985
Lebanon,beirut,1-6h,2036,wind_gusts_10m,14.360317307185968
Lebanon,beirut,13-18h,928,temperature_2m,1.7151078180645691
Lebanon,beirut,13-18h,928,relative_humidity_2m,10.882206292526504
Lebanon,beirut,13-18h,928,dew_point_2m,3.2061968554444795
Lebanon,beirut,13-18h,928,apparent_temperature,2.8817948190859015
Lebanon,beirut,13-18h,928,precipitation,0.2470079574315021
Lebanon,beirut,13-18h,928,rain,0.22351039472857664
Lebanon,beirut,13-18h,928,showers,0.1460691853080304
Lebanon,beirut,13-18h,928,snowfall,0
Lebanon,beirut,13-18h,928,snow_depth,0
Lebanon,beirut,13-18h,928,weather_code,16.677596990553237
Lebanon,beirut,13-18h,928,pressure_msl,0.47288549317479583
Lebanon,beirut,13-18h,928,surface_pressure,0.4657446762425495
Lebanon,beirut,13-18h,928,cloud_cover,28.904420375461246
Lebanon,beirut,13-18h,928,wind_speed_10m,6.0855396723255595
Lebanon,beirut,13-18h,928,wind_gusts_10m,13.759380029387351
Lebanon,beirut,19-24h,272,temperature_2m,2.0309733974566164
Lebanon,beirut,19-24h,272,relative_humidity_2m,11.541166726625375
Lebanon,beirut,19-24h,272,dew_point_2m,3.931518566062498
Lebanon,beirut,19-24h,272,apparent_temperature,3.640963834901251
Lebanon,beirut,19-24h,272,precipitation,0.373772500798201
Lebanon,beirut,19-24h,272,rain,0.26009048199334284
Lebanon,beirut,19-24h,272,showers,0.314712754185557
Lebanon,beirut,19-24h,272,snowfall,0
Lebanon,beirut,19-24h,272,snow_depth,0
Lebanon,beirut,19-24h,272,weather_code,22.227103222126335
Lebanon,beirut,19-24h,272,pressure_msl,0.4346228926592904
Lebanon,beirut,19-24h,272,surface_pressure,0.4314817152420695
Lebanon,beirut,19-24h,272,cloud_cover,28.519214369180897
Lebanon,beirut,19-24h,272,wind_speed_10m,8.148380387609336
Lebanon,beirut,19-24h,272,wind_gusts_10m,17.863697578510184
Lebanon,beirut,7-12h,1470,temperature_2m,1.5471720966326399
Lebanon,beirut,7-12h,1470,relative_humidity_2m,10.942086259058657
Lebanon,beirut,7-12h,1470,dew_point_2m,2.967715170519795
Lebanon,beirut,7-12h,1470,apparent_temperature,2.3396551871072417
Lebanon,beirut,7-12h,1470,precipitation,0.3479971850695441
Lebanon,beirut,7-12h,1470,rain,0.32478145451561563
Lebanon,beirut,7-12h,1470,showers,0.17888543819998318
Lebanon,beirut,7-12h,1470,snowfall,0
Lebanon,beirut,7-12h,1470,snow_depth,0
Lebanon,beirut,7-12h,1470,weather_code,19.70693444719707
Lebanon,beirut,7-12h,1470,pressure_msl,0.4802918613810173
Lebanon,beirut,7-12h,1470,surface_pressure,0.4712553794420395
Lebanon,beirut,7-12h,1470,cloud_cover,29.53268683741347
Lebanon,beirut,7-12h,1470,wind_speed_10m,5.470788225614643
Lebanon,beirut,7-12h,1470,wind_gusts_10m,12.396151476509612
Libya,tripoli,0h,372,temperature_2m,0.9911706991425391
Libya,tripoli,0h,372,relative_humidity_2m,10.303460114086949
Libya,tripoli,0h,372,dew_point_2m,2.880776105104653
Libya,tripoli,0h,372,apparent_temperature,1.1623807604473089
Libya,tripoli,0h,372,precipitation,0.3913720008007122
Libya,tripoli,0h,372,rain,0.4024788780940286
Libya,tripoli,0h,372,showers,0.11192355301914834
Libya,tripoli,0h,372,snowfall,0
Libya,tripoli,0h,372,snow_depth,0
Libya,tripoli,0h,372,weather_code,14.827321483180683
Libya,tripoli,0h,372,pressure_msl,0.4414053802089644
Libya,tripoli,0h,372,surface_pressure,0.44341053576319867
Libya,tripoli,0h,372,cloud_cover,27.83988397578097
Libya,tripoli,0h,372,wind_speed_10m,3.663522601194425
Libya,tripoli,0h,372,wind_gusts_10m,6.599446050392639
Libya,tripoli,1-6h,2036,temperature_2m,0.9282141630122345
Libya,tripoli,1-6h,2036,relative_humidity_2m,9.074186709566792
Libya,tripoli,1-6h,2036,dew_point_2m,2.6960551112810793
Libya,tripoli,1-6h,2036,apparent_temperature,1.047862451418285
Libya,tripoli,1-6h,2036,precipitation,0.391435823512965
Libya,tripoli,1-6h,2036,rain,0.39148601081024326
Libya,tripoli,1-6h,2036,showers,0.080335739501528
Libya,tripoli,1-6h,2036,snowfall,0
Libya,tripoli,1-6h,2036,snow_depth,0
Libya,tripoli,1-6h,2036,weather_code,17.97293861874903
Libya,tripoli,1-6h,2036,pressure_msl,0.45181363405879543
Libya,tripoli,1-6h,2036,surface_pressure,0.45209618741138297
Libya,tripoli,1-6h,2036,cloud_cover,32.898083378524554
Libya,tripoli,1-6h,2036,wind_speed_10m,3.362448647003075
Libya,tripoli,1-6h,2036,wind_gusts_10m,6.213543576100691
Libya,tripoli,13-18h,928,temperature_2m,1.1100442675236284
Libya,tripoli,13-18h,928,relative_humidity_2m,10.323746479806173
Libya,tripoli,13-18h,928,dew_point_2m,3.0637092967793818
Libya,tripoli,13-18h,928,apparent_temperature,1.0451035256424814
Libya,tripoli,13-18h,928,precipitation,0.5002585538395673
Libya,tripoli,13-18h,928,rain,0.5074870475670052
Libya,tripoli,13-18h,928,showers,0.08173759528367971
Libya,tripoli,13-18h,928,snowfall,0
Libya,tripoli,13-18h,928,snow_depth,0
Libya,tripoli,13-18h,928,weather_code,14.331211417380429
Libya,tripoli,13-18h,928,pressure_msl,0.5103455556844746
Libya,tripoli,13-18h,928,surface_pressure,0.5094368087103328
Libya,tripoli,13-18h,928,cloud_cover,34.38489669447409
Libya,tripoli,13-18h,928,wind_speed_10m,3.7265184361777166
Libya,tripoli,13-18h,928,wind_gusts_10m,6.908877347796569
Libya,tripoli,19-24h,272,temperature_2m,1.1185599986537311
Libya,tripoli,19-24h,272,relative_humidity_2m,11.455476470949193
Libya,tripoli,19-24h,272,dew_point_2m,3.7089418976306434
Libya,tripoli,19-24h,272,apparent_temperature,1.2528790373986394
Libya,tripoli,19-24h,272,precipitation,0.8248440137740126
Libya,tripoli,19-24h,272,rain,0.8247548655420556
Libya,tripoli,19-24h,272,showers,0.1028991510855053
Libya,tripoli,19-24h,272,snowfall,0
Libya,tripoli,19-24h,272,snow_depth,0
Libya,tripoli,19-24h,272,weather_code,16.826974143426067
Libya,tripoli,19-24h,272,pressure_msl,0.6034216163337388
Libya,tripoli,19-24h,272,surface_pressure,0.605246668236816
Libya,tripoli,19-24h,272,cloud_cover,38.60661327072467
Libya,tripoli,19-24h,272,wind_speed_10m,3.760974138516275
Libya,tripoli,19-24h,272,wind_gusts_10m,6.456728137012903
Libya,tripoli,7-12h,1464,temperature_2m,1.001303794868214
Libya,tripoli,7-12h,1464,relative_humidity_2m,9.349761108546316
Libya,tripoli,7-12h,1464,dew_point_2m,2.835672451353668
Libya,tripoli,7-12h,1464,apparent_temperature,0.9608810278732617
Libya,tripoli,7-12h,1464,precipitation,0.38881211836564217
Libya,tripoli,7-12h,1464,rain,0.39847729296092205
Libya,tripoli,7-12h,1464,showers,0.08565083521933976
Libya,tripoli,7-12h,1464,snowfall,0
Libya,tripoli,7-12h,1464,snow_depth,0
Libya,tripoli,7-12h,1464,weather_code,16.293416149968845
Libya,tripoli,7-12h,1464,pressure_msl,0.4636072626578175
Libya,tripoli,7-12h,1464,surface_pressure,0.46261905866773817
Libya,tripoli,7-12h,1464,cloud_cover,33.49066014488055
Libya,tripoli,7-12h,1464,wind_speed_10m,3.3006416001555814
Libya,tripoli,7-12h,1464,wind_gusts_10m,6.417731797197903
Luxembourg,luxembourg,0h,372,temperature_2m,1.1145421934925877
Luxembourg,luxembourg,0h,372,relative_humidity_2m,14.419222534333246
Luxembourg,luxembourg,0h,372,dew_point_2m,6.896601937154985
Luxembourg,luxembourg,0h,372,apparent_temperature,1.308881982078886
Luxembourg,luxembourg,0h,372,precipitation,0.23024064082644496
Luxembourg,luxembourg,0h,372,rain,0.23047403231143518
Luxembourg,luxembourg,0h,372,showers,0.024318672855696003
Luxembourg,luxembourg,0h,372,snowfall,0.015397947077242095
Luxembourg,luxembourg,0h,372,snow_depth,0.001270001270001905
Luxembourg,luxembourg,0h,372,weather_code,21.04616022496868
Luxembourg,luxembourg,0h,372,pressure_msl,0.35141801839961245
Luxembourg,luxembourg,0h,372,surface_pressure,0.3016977052884919
Luxembourg,luxembourg,0h,372,cloud_cover,41.49212906315544
Luxembourg,luxembourg,0h,372,wind_speed_10m,2.8501367633663603
Luxembourg,luxembourg,0h,372,wind_gusts_10m,4.826862557659751
Luxembourg,luxembourg,1-6h,2036,temperature_2m,1.158156349404523
Luxembourg,luxembourg,1-6h,2036,relative_humidity_2m,13.80736826725439
Luxembourg,luxembourg,1-6h,2036,dew_point_2m,6.6799718244644195
Luxembourg,luxembourg,1-6h,2036,apparent_temperature,1.3190980427418664
Luxembourg,luxembourg,1-6h,2036,precipitation,0.21804633526432035
Luxembourg,luxembourg,1-6h,2036,rain,0.211366589059223
Luxembourg,luxembourg,1-6h,2036,showers,0.015670978520180567
Luxembourg,luxembourg,1-6h,2036,snowfall,0.039061937618741494
Luxembourg,luxembourg,1-6h,2036,snow_depth,0.0011300503318241164
Luxembourg,luxembourg,1-6h,2036,weather_code,20.730068894846173
Luxembourg,luxembourg,1-6h,2036,pressure_msl,0.41651798263997636
Luxembourg,luxembourg,1-6h,2036,surface_pressure,0.3578751963864005
Luxembourg,luxembourg,1-6h,2036,cloud_cover,39.823197177007536
Luxembourg,luxembourg,1-6h,2036,wind_speed_10m,3.022942723770735
Luxembourg,luxembourg,1-6h,2036,wind_gusts_10m,5.107758265522918
Luxembourg,luxembourg,13-18h,928,temperature_2m,1.2989219668101963
Luxembourg,luxembourg,13-18h,928,relative_humidity_2m,15.449375057107405
Luxembourg,luxembourg,13-18h,928,dew_point_2m,7.457445365492821
Luxembourg,luxembourg,13-18h,928,apparent_temperature,1.3506703316603894
Luxembourg,luxembourg,13-18h,928,precipitation,0.20091386042367718
Luxembourg,luxembourg,13-18h,928,rain,0.20043057100428432
Luxembourg,luxembourg,13-18h,928,showers,0.006565321642986129
Luxembourg,luxembourg,13-18h,928,snowfall,0.005628590807898424
Luxembourg,luxembourg,13-18h,928,snow_depth,0.0010380684981717496
Luxembourg,luxembourg,13-18h,928,weather_code,19.19478197772545
Luxembourg,luxembourg,13-18h,928,pressure_msl,0.5290687980815437
Luxembourg,luxembourg,13-18h,928,surface_pressure,0.46337870860259356
Luxembourg,luxembourg,13-18h,928,cloud_cover,41.61810676069765
Luxembourg,luxembourg,13-18h,928,wind_speed_10m,3.0517589614221974
Luxembourg,luxembourg,13-18h,928,wind_gusts_10m,5.349802606735549
Luxembourg,luxembourg,19-24h,272,temperature_2m,1.167261752992875
Luxembourg,luxembourg,19-24h,272,relative_humidity_2m,15.869411939139953
Luxembourg,luxembourg,19-24h,272,dew_point_2m,7.578821109629433
Luxembourg,luxembourg,19-24h,272,apparent_temperature,1.2553122414480835
Luxembourg,luxembourg,19-24h,272,precipitation,0.1536324873731809
Luxembourg,luxembourg,19-24h,272,rain,0.1536324873731809
Luxembourg,luxembourg,19-24h,272,showers,0
Luxembourg,luxembourg,19-24h,272,snowfall,0
Luxembourg,luxembourg,19-24h,272,snow_depth,0.0014852213144650114
Luxembourg,luxembourg,19-24h,272,weather_code,18.708286933869708
Luxembourg,luxembourg,19-24h,272,pressure_msl,0.5206048518451434
Luxembourg,luxembourg,19-24h,272,surface_pressure,0.4673139768305398
Luxembourg,luxembourg,19-24h,272,cloud_cover,43.610829065321674
Luxembourg,luxembourg,19-24h,272,wind_speed_10m,3.1973794416862145
Luxembourg,luxembourg,19-24h,272,wind_gusts_10m,5.565472602943765
Luxembourg,luxembourg,7-12h,1464,temperature_2m,1.1973331020969264
Luxembourg,luxembourg,7-12h,1464,relative_humidity_2m,13.12752707912327
Luxembourg,luxembourg,7-12h,1464,dew_point_2m,6.580065938846118
Luxembourg,luxembourg,7-12h,1464,apparent_temperature,1.3042647573928574
Luxembourg,luxembourg,7-12h,1464,precipitation,0.18620454115713986
Luxembourg,luxembourg,7-12h,1464,rain,0.17775927727052027
Luxembourg,luxembourg,7-12h,1464,showers,0.013326500981701857
Luxembourg,luxembourg,7-12h,1464,snowfall,0.033931786280987024
Luxembourg,luxembourg,7-12h,1464,snow_depth,0.0016110954085033406
Luxembourg,luxembourg,7-12h,1464,weather_code,20.427500749853024
Luxembourg,luxembourg,7-12h,1464,pressure_msl,0.5020177864612972
Luxembourg,luxembourg,7-12h,1464,surface_pressure,0.4308144529796761
Luxembourg,luxembourg,7-12h,1464,cloud_cover,41.77913237059076
Luxembourg,luxembourg,7-12h,1464,wind_speed_10m,3.06493699736458
Luxembourg,luxembourg,7-12h,1464,wind_gusts_10m,5.4193730103340005
Malaysia,kuala_lumpur,0h,372,temperature_2m,1.5043127963449991
Malaysia,kuala_lumpur,0h,372,relative_humidity_2m,8.090217111006712
Malaysia,kuala_lumpur,0h,372,dew_point_2m,1.4827502780632935
Malaysia,kuala_lumpur,0h,372,apparent_temperature,2.013142303833455
Malaysia,kuala_lumpur,0h,372,precipitation,1.6470403563616378
Malaysia,kuala_lumpur,0h,372,rain,1.3559109940021559
Malaysia,kuala_lumpur,0h,372,showers,1.4157144174684233
Malaysia,kuala_lumpur,0h,372,snowfall,0
Malaysia,kuala_lumpur,0h,372,snow_depth,0
Malaysia,kuala_lumpur,0h,372,weather_code,42.791002470999885
Malaysia,kuala_lumpur,0h,372,pressure_msl,0.5392647324022761
Malaysia,kuala_lumpur,0h,372,surface_pressure,0.5360649134179977
Malaysia,kuala_lumpur,0h,372,cloud_cover,16.785650553854893
Malaysia,kuala_lumpur,0h,372,wind_speed_10m,3.6313968401639456
Malaysia,kuala_lumpur,0h,372,wind_gusts_10m,7.550105033806178
Malaysia,kuala_lumpur,1-6h,2036,temperature_2m,1.558987505794066
Malaysia,kuala_lumpur,1-6h,2036,relative_humidity_2m,8.040540696711965
Malaysia,kuala_lumpur,1-6h,2036,dew_point_2m,1.4715574524811625
Malaysia,kuala_lumpur,1-6h,2036,apparent_temperature,1.9654456045287778
Malaysia,kuala_lumpur,1-6h,2036,precipitation,1.7051781763107927
Malaysia,kuala_lumpur,1-6h,2036,rain,1.690932712473784
Malaysia,kuala_lumpur,1-6h,2036,showers,1.0157647346067529
Malaysia,kuala_lumpur,1-6h,2036,snowfall,0
Malaysia,kuala_lumpur,1-6h,2036,snow_depth,0
Malaysia,kuala_lumpur,1-6h,2036,weather_code,42.146192849523594
Malaysia,kuala_lumpur,1-6h,2036,pressure_msl,0.522640642937664
Malaysia,kuala_lumpur,1-6h,2036,surface_pressure,0.5148769093939937
Malaysia,kuala_lumpur,1-6h,2036,cloud_cover,16.312306875461058
Malaysia,kuala_lumpur,1-6h,2036,wind_speed_10m,3.6262278592540023
Malaysia,kuala_lumpur,1-6h,2036,wind_gusts_10m,7.712783764557464
Malaysia,kuala_lumpur,13-18h,928,temperature_2m,1.2302929283935482
Malaysia,kuala_lumpur,13-18h,928,relative_humidity_2m,5.350636442968966
Malaysia,kuala_lumpur,13-18h,928,dew_point_2m,1.0383694943980932
Malaysia,kuala_lumpur,13-18h,928,apparent_temperature,1.934069543734144
Malaysia,kuala_lumpur,13-18h,928,precipitation,1.2380985142687486
Malaysia,kuala_lumpur,13-18h,928,rain,1.2767904939798234
Malaysia,kuala_lumpur,13-18h,928,showers,0.3831865036137418
Malaysia,kuala_lumpur,13-18h,928,snowfall,0
Malaysia,kuala_lumpur,13-18h,928,snow_depth,0
Malaysia,kuala_lumpur,13-18h,928,weather_code,35.28984053275937
Malaysia,kuala_lumpur,13-18h,928,pressure_msl,0.493404778920992
Malaysia,kuala_lumpur,13-18h,928,surface_pressure,0.4935139658436856
Malaysia,kuala_lumpur,13-18h,928,cloud_cover,21.38219530034437
Malaysia,kuala_lumpur,13-18h,928,wind_speed_10m,3.026787730501966
Malaysia,kuala_lumpur,13-18h,928,wind_gusts_10m,7.306762042910946
Malaysia,kuala_lumpur,19-24h,272,temperature_2m,1.303191783096184
Malaysia,kuala_lumpur,19-24h,272,relative_humidity_2m,4.452362228274414
Malaysia,kuala_lumpur,19-24h,272,dew_point_2m,1.1253757542417973
Malaysia,kuala_lumpur,19-24h,272,apparent_temperature,2.0716929706657505
Malaysia,kuala_lumpur,19-24h,272,precipitation,0.9328955555940112
Malaysia,kuala_lumpur,19-24h,272,rain,0.9550177084899587
Malaysia,kuala_lumpur,19-24h,272,showers,0.2662373995913731
Malaysia,kuala_lumpur,19-24h,272,snowfall,0
Malaysia,kuala_lumpur,19-24h,272,snow_depth,0
Malaysia,kuala_lumpur,19-24h,272,weather_code,33.19129049473495
Malaysia,kuala_lumpur,19-24h,272,pressure_msl,0.5333026951984071
Malaysia,kuala_lumpur,19-24h,272,surface_pressure,0.5328889079679716
Malaysia,kuala_lumpur,19-24h,272,cloud_cover,26.509987019323603
Malaysia,kuala_lumpur,19-24h,272,wind_speed_10m,2.6766830878796948
Malaysia,kuala_lumpur,19-24h,272,wind_gusts_10m,6.359146955370665
Malaysia,kuala_lumpur,7-12h,1460,temperature_2m,1.3876411442464076
Malaysia,kuala_lumpur,7-12h,1460,relative_humidity_2m,6.693075546710391
Malaysia,kuala_lumpur,7-12h,1460,dew_point_2m,1.1077807013086032
Malaysia,kuala_lumpur,7-12h,1460,apparent_temperature,1.8816780619349112
Malaysia,kuala_lumpur,7-12h,1460,precipitation,1.3104532312268442
Malaysia,kuala_lumpur,7-12h,1460,rain,1.4023610228311982
Malaysia,kuala_lumpur,7-12h,1460,showers,0.7026271639403427
Malaysia,kuala_lumpur,7-12h,1460,snowfall,0
Malaysia,kuala_lumpur,7-12h,1460,snow_depth,0
Malaysia,kuala_lumpur,7-12h,1460,weather_code,39.185299172430426
Malaysia,kuala_lumpur,7-12h,1460,pressure_msl,0.4731850690681609
Malaysia,kuala_lumpur,7-12h,1460,surface_pressure,0.47095065617105136
Malaysia,kuala_lumpur,7-12h,1460,cloud_cover,19.040907656505286
Malaysia,kuala_lumpur,7-12h,1460,wind_speed_10m,3.5484223776014905
Malaysia,kuala_lumpur,7-12h,1460,wind_gusts_10m,7.867449848793933
Malta,valletta,0h,372,temperature_2m,0.8726427541348671
Malta,valletta,0h,372,relative_humidity_2m,7.516648189186454
Malta,valletta,0h,372,dew_point_2m,1.1153137366601362
Malta,valletta,0h,372,apparent_temperature,1.0463197151141517
Malta,valletta,0h,372,precipitation,0.2515543080379923
Malta,valletta,0h,372,rain,0.24483920551892785
Malta,valletta,0h,372,showers,0.11144215916209484
Malta,valletta,0h,372,snowfall,0
Malta,valletta,0h,372,snow_depth,0
Malta,valletta,0h,372,weather_code,19.970812034900668
Malta,valletta,0h,372,pressure_msl,0.38667315530335783
Malta,valletta,0h,372,surface_pressure,0.3881995939348525
Malta,valletta,0h,372,cloud_cover,31.2814143177771
Malta,valletta,0h,372,wind_speed_10m,5.923717591810643
Malta,valletta,0h,372,wind_gusts_10m,8.525884055318322
Malta,valletta,1-6h,2036,temperature_2m,0.7862584546851313
Malta,valletta,1-6h,2036,relative_humidity_2m,7.193508315561405
Malta,valletta,1-6h,2036,dew_point_2m,1.0875117143645658
Malta,valletta,1-6h,2036,apparent_temperature,0.9969747953848248
Malta,valletta,1-6h,2036,precipitation,0.23753812639895047
Malta,valletta,1-6h,2036,rain,0.24176008175799132
Malta,valletta,1-6h,2036,showers,0.10204201915814061
Malta,valletta,1-6h,2036,snowfall,0
Malta,valletta,1-6h,2036,snow_depth,0
Malta,valletta,1-6h,2036,weather_code,20.241493884004427
Malta,valletta,1-6h,2036,pressure_msl,0.40126274162854264
Malta,valletta,1-6h,2036,surface_pressure,0.3992625815642233
Malta,valletta,1-6h,2036,cloud_cover,31.798095234004276
Malta,valletta,1-6h,2036,wind_speed_10m,5.688502173196361
Malta,valletta,1-6h,2036,wind_gusts_10m,8.327591604140048
Malta,valletta,13-18h,928,temperature_2m,0.8328648108207287
Malta,valletta,13-18h,928,relative_humidity_2m,6.9802677549671746
Malta,valletta,13-18h,928,dew_point_2m,1.108839872149701
Malta,valletta,13-18h,928,apparent_temperature,1.0412608404866837
Malta,valletta,13-18h,928,precipitation,0.24831327543774354
Malta,valletta,13-18h,928,rain,0.25180383717051075
Malta,valletta,13-18h,928,showers,0.05211062503347384
Malta,valletta,13-18h,928,snowfall,0
Malta,valletta,13-18h,928,snow_depth,0
Malta,valletta,13-18h,928,weather_code,18.32818632034014
Malta,valletta,13-18h,928,pressure_msl,0.4428308231492425
Malta,valletta,13-18h,928,surface_pressure,0.4411730053954542
Malta,valletta,13-18h,928,cloud_cover,33.267528436537965
Malta,valletta,13-18h,928,wind_speed_10m,6.172352147640537
Malta,valletta,13-18h,928,wind_gusts_10m,8.504702046312483
Malta,valletta,19-24h,272,temperature_2m,0.9325802283733777
Malta,valletta,19-24h,272,relative_humidity_2m,7.31235859591788
Malta,valletta,19-24h,272,dew_point_2m,1.0465981306398477
Malta,valletta,19-24h,272,apparent_temperature,1.0478268828726376
Malta,valletta,19-24h,272,precipitation,0.37719943234939507
Malta,valletta,19-24h,272,rain,0.3849178674806904
Malta,valletta,19-24h,272,showers,0.0641688947919748
Malta,valletta,19-24h,272,snowfall,0
Malta,valletta,19-24h,272,snow_depth,0
Malta,valletta,19-24h,272,weather_code,18.431510742076846
Malta,valletta,19-24h,272,pressure_msl,0.41894475278053966
Malta,valletta,19-24h,272,surface_pressure,0.42148197923936276
Malta,valletta,19-24h,272,cloud_cover,32.05854020382088
Malta,valletta,19-24h,272,wind_speed_10m,6.297723678394581
Malta,valletta,19-24h,272,wind_gusts_10m,9.306745656021892
Malta,valletta,7-12h,1456,temperature_2m,0.7110200071372469
Malta,valletta,7-12h,1456,relative_humidity_2m,6.370756506219529
Malta,valletta,7-12h,1456,dew_point_2m,1.0463043282204023
Malta,valletta,7-12h,1456,apparent_temperature,1.007717473052098
Malta,valletta,7-12h,1456,precipitation,0.2787826756091207
Malta,valletta,7-12h,1456,rain,0.28492335580172906
Malta,valletta,7-12h,1456,showers,0.16086988804347718
Malta,valletta,7-12h,1456,snowfall,0
Malta,valletta,7-12h,1456,snow_depth,0
Malta,valletta,7-12h,1456,weather_code,20.564058317985157
Malta,valletta,7-12h,1456,pressure_msl,0.401627868872347
Malta,valletta,7-12h,1456,surface_pressure,0.3985033814849553
Malta,valletta,7-12h,1456,cloud_cover,31.43550435520216
Malta,valletta,7-12h,1456,wind_speed_10m,5.512990403294131
Malta,valletta,7-12h,1456,wind_gusts_10m,8.070002791507886
Mexico,mexico_city,0h,372,temperature_2m,1.8558248897741878
Mexico,mexico_city,0h,372,relative_humidity_2m,10.958131463041056
Mexico,mexico_city,0h,372,dew_point_2m,2.4632459570983345
Mexico,mexico_city,0h,372,apparent_temperature,2.2337826542071095
Mexico,mexico_city,0h,372,precipitation,0.18851428170990692
Mexico,mexico_city,0h,372,rain,0.10472698761772856
Mexico,mexico_city,0h,372,showers,0.1791557260975724
Mexico,mexico_city,0h,372,snowfall,0
Mexico,mexico_city,0h,372,snow_depth,0
Mexico,mexico_city,0h,372,weather_code,19.643188099432265
Mexico,mexico_city,0h,372,pressure_msl,1.1636982204966633
Mexico,mexico_city,0h,372,surface_pressure,1.3263864728158243
Mexico,mexico_city,0h,372,cloud_cover,41.25360850948391
Mexico,mexico_city,0h,372,wind_speed_10m,4.381271234973772
Mexico,mexico_city,0h,372,wind_gusts_10m,7.171617444774474
Mexico,mexico_city,1-6h,2036,temperature_2m,1.8147967461571215
Mexico,mexico_city,1-6h,2036,relative_humidity_2m,10.421565972928171
Mexico,mexico_city,1-6h,2036,dew_point_2m,2.554729040722865
Mexico,mexico_city,1-6h,2036,apparent_temperature,2.2264550660411264
Mexico,mexico_city,1-6h,2036,precipitation,0.14827097796825273
Mexico,mexico_city,1-6h,2036,rain,0.04563457827978765
Mexico,mexico_city,1-6h,2036,showers,0.14266616479601302
Mexico,mexico_city,1-6h,2036,snowfall,0
Mexico,mexico_city,1-6h,2036,snow_depth,0
Mexico,mexico_city,1-6h,2036,weather_code,15.20223848680921
Mexico,mexico_city,1-6h,2036,pressure_msl,1.0009474882646272
Mexico,mexico_city,1-6h,2036,surface_pressure,1.2952118258687777
Mexico,mexico_city,1-6h,2036,cloud_cover,40.67106538955446
Mexico,mexico_city,1-6h,2036,wind_speed_10m,4.067286472998689
Mexico,mexico_city,1-6h,2036,wind_gusts_10m,6.721834930508625
Mexico,mexico_city,13-18h,928,temperature_2m,1.2606614301148862
Mexico,mexico_city,13-18h,928,relative_humidity_2m,7.889457172883228
Mexico,mexico_city,13-18h,928,dew_point_2m,2.1975593829017024
Mexico,mexico_city,13-18h,928,apparent_temperature,1.7515633411130282
Mexico,mexico_city,13-18h,928,precipitation,0.057423112011658235
Mexico,mexico_city,13-18h,928,rain,0.03595974761140382
Mexico,mexico_city,13-18h,928,showers,0.04330127018922193
Mexico,mexico_city,13-18h,928,snowfall,0
Mexico,mexico_city,13-18h,928,snow_depth,0
Mexico,mexico_city,13-18h,928,weather_code,13.069030911491382
Mexico,mexico_city,13-18h,928,pressure_msl,1.0692508656966808
Mexico,mexico_city,13-18h,928,surface_pressure,0.4065731473399734
Mexico,mexico_city,13-18h,928,cloud_cover,38.7229327045535
Mexico,mexico_city,13-18h,928,wind_speed_10m,5.208526663078533
Mexico,mexico_city,13-18h,928,wind_gusts_10m,7.528312937813835
Mexico,mexico_city,19-24h,272,temperature_2m,1.3014980056932586
Mexico,mexico_city,19-24h,272,relative_humidity_2m,7.757349456369443
Mexico,mexico_city,19-24h,272,dew_point_2m,2.5865887142084625
Mexico,mexico_city,19-24h,272,apparent_temperature,1.6182097951676322
Mexico,mexico_city,19-24h,272,precipitation,0.09393364366277243
Mexico,mexico_city,19-24h,272,rain,0.048507125007266595
Mexico,mexico_city,19-24h,272,showers,0.08269362305593853
Mexico,mexico_city,19-24h,272,snowfall,0
Mexico,mexico_city,19-24h,272,snow_depth,0
Mexico,mexico_city,19-24h,272,weather_code,20.793275213819662
Mexico,mexico_city,19-24h,272,pressure_msl,1.2636024598229436
Mexico,mexico_city,19-24h,272,surface_pressure,0.42908932293733315
Mexico,mexico_city,19-24h,272,cloud_cover,40.02572702062277
Mexico,mexico_city,19-24h,272,wind_speed_10m,5.091450446293161
Mexico,mexico_city,19-24h,272,wind_gusts_10m,9.272694734922466
Mexico,mexico_city,7-12h,1446,temperature_2m,1.4881784051053333
Mexico,mexico_city,7-12h,1446,relative_humidity_2m,10.73031666412086
Mexico,mexico_city,7-12h,1446,dew_point_2m,2.6035697379481912
Mexico,mexico_city,7-12h,1446,apparent_temperature,1.916522034352969
Mexico,mexico_city,7-12h,1446,precipitation,0.051532530112066474
Mexico,mexico_city,7-12h,1446,rain,0.03408556477661884
Mexico,mexico_city,7-12h,1446,showers,0.038289860489702565
Mexico,mexico_city,7-12h,1446,snowfall,0
Mexico,mexico_city,7-12h,1446,snow_depth,0
Mexico,mexico_city,7-12h,1446,weather_code,13.97993028949114
Mexico,mexico_city,7-12h,1446,pressure_msl,1.1438995690472094
Mexico,mexico_city,7-12h,1446,surface_pressure,1.1051682935748295
Mexico,mexico_city,7-12h,1446,cloud_cover,39.46907327902241
Mexico,mexico_city,7-12h,1446,wind_speed_10m,4.118510654815799
Mexico,mexico_city,7-12h,1446,wind_gusts_10m,6.221763880240563
Moldova,chisinau,0h,372,temperature_2m,0.8088223218897317
Moldova,chisinau,0h,372,relative_humidity_2m,4.988696901415594
Moldova,chisinau,0h,372,dew_point_2m,0.9212252243498843
Moldova,chisinau,0h,372,apparent_temperature,1.142295368841798
Moldova,chisinau,0h,372,precipitation,0.18139246347754256
Moldova,chisinau,0h,372,rain,0.15657627225176254
Moldova,chisinau,0h,372,showers,0.0421211769587116
Moldova,chisinau,0h,372,snowfall,0.014517323726225955
Moldova,chisinau,0h,372,snow_depth,0.003279129178919765
Moldova,chisinau,0h,372,weather_code,24.194663056759182
Moldova,chisinau,0h,372,pressure_msl,0.3995965707495984
Moldova,chisinau,0h,372,surface_pressure,0.3921953649663315
Moldova,chisinau,0h,372,cloud_cover,22.919330245989546
Moldova,chisinau,0h,372,wind_speed_10m,3.764663088782715
Moldova,chisinau,0h,372,wind_gusts_10m,5.8192672191386725
Moldova,chisinau,1-6h,2036,temperature_2m,0.9126269860776046
Moldova,chisinau,1-6h,2036,relative_humidity_2m,5.599782482444083
Moldova,chisinau,1-6h,2036,dew_point_2m,1.0450463183350387
Moldova,chisinau,1-6h,2036,apparent_temperature,1.2318465701925254
Moldova,chisinau,1-6h,2036,precipitation,0.1461355508223286
Moldova,chisinau,1-6h,2036,rain,0.13726202839852902
Moldova,chisinau,1-6h,2036,showers,0.030708720915646245
Moldova,chisinau,1-6h,2036,snowfall,0.03723234540294665
Moldova,chisinau,1-6h,2036,snow_depth,0.0034190038646257958
Moldova,chisinau,1-6h,2036,weather_code,22.64442839915722
Moldova,chisinau,1-6h,2036,pressure_msl,0.4334831739324052
Moldova,chisinau,1-6h,2036,surface_pressure,0.420029000776286
Moldova,chisinau,1-6h,2036,cloud_cover,24.707025956813343
Moldova,chisinau,1-6h,2036,wind_speed_10m,3.7385686932652797
Moldova,chisinau,1-6h,2036,wind_gusts_10m,5.820860460700544
Moldova,chisinau,13-18h,928,temperature_2m,1.035834246492602
Moldova,chisinau,13-18h,928,relative_humidity_2m,6.542796776239685
Moldova,chisinau,13-18h,928,dew_point_2m,1.2396207011657319
Moldova,chisinau,13-18h,928,apparent_temperature,1.3876378465231656
Moldova,chisinau,13-18h,928,precipitation,0.14413834350708182
Moldova,chisinau,13-18h,928,rain,0.11971589932721609
Moldova,chisinau,13-18h,928,showers,0.04404151646360276
Moldova,chisinau,13-18h,928,snowfall,0.012585911663991334
Moldova,chisinau,13-18h,928,snow_depth,0.0036258173870367394
Moldova,chisinau,13-18h,928,weather_code,22.297121740956488
Moldova,chisinau,13-18h,928,pressure_msl,0.6414221806213897
Moldova,chisinau,13-18h,928,surface_pressure,0.6170878493319281
Moldova,chisinau,13-18h,928,cloud_cover,28.154400342054696
Moldova,chisinau,13-18h,928,wind_speed_10m,4.147293467244424
Moldova,chisinau,13-18h,928,wind_gusts_10m,6.316760682283395
Moldova,chisinau,19-24h,272,temperature_2m,1.1497761930556951
Moldova,chisinau,19-24h,272,relative_humidity_2m,6.759524870180465
Moldova,chisinau,19-24h,272,dew_point_2m,1.242832391330857
Moldova,chisinau,19-24h,272,apparent_temperature,1.412158339730566
Moldova,chisinau,19-24h,272,precipitation,0.05815799980377997
Moldova,chisinau,19-24h,272,rain,0.04774318553161155
Moldova,chisinau,19-24h,272,showers,0.03535533905932738
Moldova,chisinau,19-24h,272,snowfall,0.008488746876271654
Moldova,chisinau,19-24h,272,snow_depth,0.0035355339059327372
Moldova,chisinau,19-24h,272,weather_code,24.984995497297973
Moldova,chisinau,19-24h,272,pressure_msl,0.6777449633114929
Moldova,chisinau,19-24h,272,surface_pressure,0.6460854978934562
Moldova,chisinau,19-24h,272,cloud_cover,24.813865905506756
Moldova,chisinau,19-24h,272,wind_speed_10m,4.183159515176508
Moldova,chisinau,19-24h,272,wind_gusts_10m,6.513588737039983
Moldova,chisinau,7-12h,1442,temperature_2m,1.004338715375002
Moldova,chisinau,7-12h,1442,relative_humidity_2m,6.717707983738577
Moldova,chisinau,7-12h,1442,dew_point_2m,1.268453250108774
Moldova,chisinau,7-12h,1442,apparent_temperature,1.3120745132928742
Moldova,chisinau,7-12h,1442,precipitation,0.13013382634832296
Moldova,chisinau,7-12h,1442,rain,0.12803865574415857
Moldova,chisinau,7-12h,1442,showers,0.056847363581663604
Moldova,chisinau,7-12h,1442,snowfall,0.010427744918134021
Moldova,chisinau,7-12h,1442,snow_depth,0.0032252471440314795
Moldova,chisinau,7-12h,1442,weather_code,22.18151071220642
Moldova,chisinau,7-12h,1442,pressure_msl,0.567667930514182
Moldova,chisinau,7-12h,1442,surface_pressure,0.547671910451794
Moldova,chisinau,7-12h,1442,cloud_cover,27.49850582247685
Moldova,chisinau,7-12h,1442,wind_speed_10m,3.605091560487846
Moldova,chisinau,7-12h,1442,wind_gusts_10m,5.77450395945908
Morocco,casablanca,0h,372,temperature_2m,0.8143207473532112
Morocco,casablanca,0h,372,relative_humidity_2m,6.953377766639131
Morocco,casablanca,0h,372,dew_point_2m,1.3841071808830567
Morocco,casablanca,0h,372,apparent_temperature,1.0383247466808698
Morocco,casablanca,0h,372,precipitation,0.7721287429560726
Morocco,casablanca,0h,372,rain,0.8807377161965887
Morocco,casablanca,0h,372,showers,0.5144680936217899
Morocco,casablanca,0h,372,snowfall,0
Morocco,casablanca,0h,372,snow_depth,0
Morocco,casablanca,0h,372,weather_code,24.593906055235784
Morocco,casablanca,0h,372,pressure_msl,0.467491590402194
Morocco,casablanca,0h,372,surface_pressure,0.45537412245081277
Morocco,casablanca,0h,372,cloud_cover,30.98542841713744
Morocco,casablanca,0h,372,wind_speed_10m,4.39199540709163
Morocco,casablanca,0h,372,wind_gusts_10m,5.608653068902714
Morocco,casablanca,1-6h,2036,temperature_2m,0.875838077453524
Morocco,casablanca,1-6h,2036,relative_humidity_2m,7.70534221334487
Morocco,casablanca,1-6h,2036,dew_point_2m,1.6051794849118666
Morocco,casablanca,1-6h,2036,apparent_temperature,1.0684114127782487
Morocco,casablanca,1-6h,2036,precipitation,0.49128955046576817
Morocco,casablanca,1-6h,2036,rain,0.5957610575734382
Morocco,casablanca,1-6h,2036,showers,0.42099843902104106
Morocco,casablanca,1-6h,2036,snowfall,0
Morocco,casablanca,1-6h,2036,snow_depth,0
Morocco,casablanca,1-6h,2036,weather_code,23.77452203176543
Morocco,casablanca,1-6h,2036,pressure_msl,0.46343723069865944
Morocco,casablanca,1-6h,2036,surface_pressure,0.4473014480880768
Morocco,casablanca,1-6h,2036,cloud_cover,31.15645921609332
Morocco,casablanca,1-6h,2036,wind_speed_10m,4.210145385260403
Morocco,casablanca,1-6h,2036,wind_gusts_10m,6.073219742061327
Morocco,casablanca,13-18h,928,temperature_2m,0.9848748388886083
Morocco,casablanca,13-18h,928,relative_humidity_2m,8.076146230166618
Morocco,casablanca,13-18h,928,dew_point_2m,1.447158333210057
Morocco,casablanca,13-18h,928,apparent_temperature,0.9698582370635411
Morocco,casablanca,13-18h,928,precipitation,0.5365117217603049
Morocco,casablanca,13-18h,928,rain,0.6016142079210013
Morocco,casablanca,13-18h,928,showers,0.4372967508178652
Morocco,casablanca,13-18h,928,snowfall,0
Morocco,casablanca,13-18h,928,snow_depth,0
Morocco,casablanca,13-18h,928,weather_code,24.696083732530102
Morocco,casablanca,13-18h,928,pressure_msl,0.5641594296552781
Morocco,casablanca,13-18h,928,surface_pressure,0.540274515153306
Morocco,casablanca,13-18h,928,cloud_cover,29.26465886732134
Morocco,casablanca,13-18h,928,wind_speed_10m,4.91467059618094
Morocco,casablanca,13-18h,928,wind_gusts_10m,7.585191448496526
Morocco,casablanca,19-24h,272,temperature_2m,1.162622542560821
Morocco,casablanca,19-24h,272,relative_humidity_2m,7.370948538210071
Morocco,casablanca,19-24h,272,dew_point_2m,1.2493527736156735
Morocco,casablanca,19-24h,272,apparent_temperature,1.1628754928042409
Morocco,casablanca,19-24h,272,precipitation,0.49467755392067386
Morocco,casablanca,19-24h,272,rain,0.6759524870180466
Morocco,casablanca,19-24h,272,showers,0.3296611450993812
Morocco,casablanca,19-24h,272,snowfall,0
Morocco,casablanca,19-24h,272,snow_depth,0
Morocco,casablanca,19-24h,272,weather_code,23.92605028735293
Morocco,casablanca,19-24h,272,pressure_msl,0.47881594154994106
Morocco,casablanca,19-24h,272,surface_pressure,0.4738763800079221
Morocco,casablanca,19-24h,272,cloud_cover,28.322979653818
Morocco,casablanca,19-24h,272,wind_speed_10m,4.465035735315794
Morocco,casablanca,19-24h,272,wind_gusts_10m,6.089775664756364
Morocco,casablanca,7-12h,1440,temperature_2m,0.9203411203340737
Morocco,casablanca,7-12h,1440,relative_humidity_2m,8.720983634634086
Morocco,casablanca,7-12h,1440,dew_point_2m,1.9270804054031812
Morocco,casablanca,7-12h,1440,apparent_temperature,1.148295838768622
Morocco,casablanca,7-12h,1440,precipitation,0.5676706791793988
Morocco,casablanca,7-12h,1440,rain,0.6680298562855472
Morocco,casablanca,7-12h,1440,showers,0.3954779106066201
Morocco,casablanca,7-12h,1440,snowfall,0
Morocco,casablanca,7-12h,1440,snow_depth,0
Morocco,casablanca,7-12h,1440,weather_code,24.21853628937967
Morocco,casablanca,7-12h,1440,pressure_msl,0.5095749863039466
Morocco,casablanca,7-12h,1440,surface_pressure,0.4822689429491942
Morocco,casablanca,7-12h,1440,cloud_cover,31.383182863863038
Morocco,casablanca,7-12h,1440,wind_speed_10m,4.3961520421588896
Morocco,casablanca,7-12h,1440,wind_gusts_10m,6.304195031881548
Netherlands,amsterdam,0h,372,temperature_2m,1.2391464283803355
Netherlands,amsterdam,0h,372,relative_humidity_2m,12.90723727966401
Netherlands,amsterdam,0h,372,dew_point_2m,6.631948577566315
Netherlands,amsterdam,0h,372,apparent_temperature,1.3284723217581236
Netherlands,amsterdam,0h,372,precipitation,0.6314346184834617
Netherlands,amsterdam,0h,372,rain,0.5735664692288558
Netherlands,amsterdam,0h,372,showers,0.13931475927028564
Netherlands,amsterdam,0h,372,snowfall,0.0696226387603701
Netherlands,amsterdam,0h,372,snow_depth,0.003279129178919765
Netherlands,amsterdam,0h,372,weather_code,18.90880775598208
Netherlands,amsterdam,0h,372,pressure_msl,0.4035461093426515
Netherlands,amsterdam,0h,372,surface_pressure,0.3943825990185119
Netherlands,amsterdam,0h,372,cloud_cover,42.38171395094062
Netherlands,amsterdam,0h,372,wind_speed_10m,4.58533192006907
Netherlands,amsterdam,0h,372,wind_gusts_10m,6.388379908041034
Netherlands,amsterdam,1-6h,2036,temperature_2m,1.256194865566266
Netherlands,amsterdam,1-6h,2036,relative_humidity_2m,13.223966157814589
Netherlands,amsterdam,1-6h,2036,dew_point_2m,6.559050197185146
Netherlands,amsterdam,1-6h,2036,apparent_temperature,1.3746405138215902
Netherlands,amsterdam,1-6h,2036,precipitation,0.3975242637563764
Netherlands,amsterdam,1-6h,2036,rain,0.393213549962693
Netherlands,amsterdam,1-6h,2036,showers,0.01329726621533809
Netherlands,amsterdam,1-6h,2036,snowfall,0.03047914678920713
Netherlands,amsterdam,1-6h,2036,snow_depth,0.003695162238463396
Netherlands,amsterdam,1-6h,2036,weather_code,19.61275395955888
Netherlands,amsterdam,1-6h,2036,pressure_msl,0.37598593377526246
Netherlands,amsterdam,1-6h,2036,surface_pressure,0.3697155493434455
Netherlands,amsterdam,1-6h,2036,cloud_cover,40.91112366206446
Netherlands,amsterdam,1-6h,2036,wind_speed_10m,4.444621039931875
Netherlands,amsterdam,1-6h,2036,wind_gusts_10m,6.782427021832473
Netherlands,amsterdam,13-18h,928,temperature_2m,1.3876456121170082
Netherlands,amsterdam,13-18h,928,relative_humidity_2m,15.879258863969865
Netherlands,amsterdam,13-18h,928,dew_point_2m,7.641463289638742
Netherlands,amsterdam,13-18h,928,apparent_temperature,1.4183450166327292
Netherlands,amsterdam,13-18h,928,precipitation,0.4539576920891379
Netherlands,amsterdam,13-18h,928,rain,0.4433658487773601
Netherlands,amsterdam,13-18h,928,showers,0.032826608214930636
Netherlands,amsterdam,13-18h,928,snowfall,0.028142954039492116
Netherlands,amsterdam,13-18h,928,snow_depth,0.003771490147280579
Netherlands,amsterdam,13-18h,928,weather_code,20.366522987998948
Netherlands,amsterdam,13-18h,928,pressure_msl,0.5205062191155185
Netherlands,amsterdam,13-18h,928,surface_pressure,0.5151790783393897
Netherlands,amsterdam,13-18h,928,cloud_cover,40.50973701597492
Netherlands,amsterdam,13-18h,928,wind_speed_10m,4.657250095096447
Netherlands,amsterdam,13-18h,928,wind_gusts_10m,6.588866981769193
Netherlands,amsterdam,19-24h,272,temperature_2m,1.4950162304843932
Netherlands,amsterdam,19-24h,272,relative_humidity_2m,16.10101385189217
Netherlands,amsterdam,19-24h,272,dew_point_2m,7.816855844527111
Netherlands,amsterdam,19-24h,272,apparent_temperature,1.6821073967252054
Netherlands,amsterdam,19-24h,272,precipitation,0.2583886721246753
Netherlands,amsterdam,19-24h,272,rain,0.25509513796182925
Netherlands,amsterdam,19-24h,272,showers,0
Netherlands,amsterdam,19-24h,272,snowfall,0.006002450479987809
Netherlands,amsterdam,19-24h,272,snow_depth,0.004021998332699219
Netherlands,amsterdam,19-24h,272,weather_code,18.8730277504853
Netherlands,amsterdam,19-24h,272,pressure_msl,0.5447611457164999
Netherlands,amsterdam,19-24h,272,surface_pressure,0.5422583495411178
Netherlands,amsterdam,19-24h,272,cloud_cover,43.317144411883845
Netherlands,amsterdam,19-24h,272,wind_speed_10m,4.63156529251435
Netherlands,amsterdam,19-24h,272,wind_gusts_10m,6.76307013471388
Netherlands,amsterdam,7-12h,1432,temperature_2m,1.195130950493215
Netherlands,amsterdam,7-12h,1432,relative_humidity_2m,13.644938898430414
Netherlands,amsterdam,7-12h,1432,dew_point_2m,6.752550728486393
Netherlands,amsterdam,7-12h,1432,apparent_temperature,1.343154587458218
Netherlands,amsterdam,7-12h,1432,precipitation,0.35147335539564395
Netherlands,amsterdam,7-12h,1432,rain,0.3411490606234257
Netherlands,amsterdam,7-12h,1432,showers,0.01905593061543077
Netherlands,amsterdam,7-12h,1432,snowfall,0.03681070405413205
Netherlands,amsterdam,7-12h,1432,snow_depth,0.0037184426367039875
Netherlands,amsterdam,7-12h,1432,weather_code,18.379381817070282
Netherlands,amsterdam,7-12h,1432,pressure_msl,0.454739166442925
Netherlands,amsterdam,7-12h,1432,surface_pressure,0.4495497437070099
Netherlands,amsterdam,7-12h,1432,cloud_cover,40.492205609028005
Netherlands,amsterdam,7-12h,1432,wind_speed_10m,4.522941211944271
Netherlands,amsterdam,7-12h,1432,wind_gusts_10m,6.200630712197774
Netherlands,utrecht,0h,372,temperature_2m,0.8822624874572156
Netherlands,utrecht,0h,372,relative_humidity_2m,12.966043327472436
Netherlands,utrecht,0h,372,dew_point_2m,6.7007702975587184
Netherlands,utrecht,0h,372,apparent_temperature,1.1101922724106983
Netherlands,utrecht,0h,372,precipitation,0.47041505352257296
Netherlands,utrecht,0h,372,rain,0.4220406136497914
Netherlands,utrecht,0h,372,showers,0
Netherlands,utrecht,0h,372,snowfall,0.10405488626123575
Netherlands,utrecht,0h,372,snow_depth,0.001466471150213533
Netherlands,utrecht,0h,372,weather_code,19.170850408272035
Netherlands,utrecht,0h,372,pressure_msl,0.3927433154465575
Netherlands,utrecht,0h,372,surface_pressure,0.39157800414902144
Netherlands,utrecht,0h,372,cloud_cover,36.66830397126423
Netherlands,utrecht,0h,372,wind_speed_10m,2.241351358885638
Netherlands,utrecht,0h,372,wind_gusts_10m,4.665245559349717
Netherlands,utrecht,1-6h,2036,temperature_2m,0.989721240347647
Netherlands,utrecht,1-6h,2036,relative_humidity_2m,13.105848362340383
Netherlands,utrecht,1-6h,2036,dew_point_2m,6.6012731700497636
Netherlands,utrecht,1-6h,2036,apparent_temperature,1.1569258432067997
Netherlands,utrecht,1-6h,2036,precipitation,0.4274817750225433
Netherlands,utrecht,1-6h,2036,rain,0.36492860673797156
Netherlands,utrecht,1-6h,2036,showers,0.019320479886005427
Netherlands,utrecht,1-6h,2036,snowfall,0.14285882682139683
Netherlands,utrecht,1-6h,2036,snow_depth,0.00236626586532095
Netherlands,utrecht,1-6h,2036,weather_code,19.365018184166118
Netherlands,utrecht,1-6h,2036,pressure_msl,0.36320176297573803
Netherlands,utrecht,1-6h,2036,surface_pressure,0.35914928954509306
Netherlands,utrecht,1-6h,2036,cloud_cover,39.090633189338575
Netherlands,utrecht,1-6h,2036,wind_speed_10m,2.177537586601183
Netherlands,utrecht,1-6h,2036,wind_gusts_10m,4.473990540401177
Netherlands,utrecht,13-18h,928,temperature_2m,1.1051895608976956
Netherlands,utrecht,13-18h,928,relative_humidity_2m,15.215690631033162
Netherlands,utrecht,13-18h,928,dew_point_2m,7.504125302240371
Netherlands,utrecht,13-18h,928,apparent_temperature,1.1774552484357805
Netherlands,utrecht,13-18h,928,precipitation,0.3620463868165191
Netherlands,utrecht,13-18h,928,rain,0.26652294977847724
Netherlands,utrecht,13-18h,928,showers,0.009284766908852594
Netherlands,utrecht,13-18h,928,snowfall,0.19186808507139877
Netherlands,utrecht,13-18h,928,snow_depth,0.002746471090012757
Netherlands,utrecht,13-18h,928,weather_code,17.889146198858622
Netherlands,utrecht,13-18h,928,pressure_msl,0.46777628752686623
Netherlands,utrecht,13-18h,928,surface_pressure,0.4656984002549248
Netherlands,utrecht,13-18h,928,cloud_cover,40.45650069242102
Netherlands,utrecht,13-18h,928,wind_speed_10m,2.3567355783385833
Netherlands,utrecht,13-18h,928,wind_gusts_10m,4.572903231593387
Netherlands,utrecht,19-24h,272,temperature_2m,1.2399893263297732
Netherlands,utrecht,19-24h,272,relative_humidity_2m,15.372578718958906
Netherlands,utrecht,19-24h,272,dew_point_2m,7.51028216748839
Netherlands,utrecht,19-24h,272,apparent_temperature,1.3149591807576475
Netherlands,utrecht,19-24h,272,precipitation,0.20951624954530237
Netherlands,utrecht,19-24h,272,rain,0.20951624954530237
Netherlands,utrecht,19-24h,272,showers,0
Netherlands,utrecht,19-24h,272,snowfall,0.012004900959975619
Netherlands,utrecht,19-24h,272,snow_depth,0.0030917347120042117
Netherlands,utrecht,19-24h,272,weather_code,16.79351240281584
Netherlands,utrecht,19-24h,272,pressure_msl,0.5015417406827233
Netherlands,utrecht,19-24h,272,surface_pressure,0.4987484335814987
Netherlands,utrecht,19-24h,272,cloud_cover,42.659217333765184
Netherlands,utrecht,19-24h,272,wind_speed_10m,2.3586979209625256
Netherlands,utrecht,19-24h,272,wind_gusts_10m,4.742114197151259
Netherlands,utrecht,7-12h,1432,temperature_2m,1.0075136718093118
Netherlands,utrecht,7-12h,1432,relative_humidity_2m,13.371308815570028
Netherlands,utrecht,7-12h,1432,dew_point_2m,6.737217360703388
Netherlands,utrecht,7-12h,1432,apparent_temperature,1.1534318479793078
Netherlands,utrecht,7-12h,1432,precipitation,0.2720704805169335
Netherlands,utrecht,7-12h,1432,rain,0.2314334731925494
Netherlands,utrecht,7-12h,1432,showers,0.024219665125078622
Netherlands,utrecht,7-12h,1432,snowfall,0.15588950032907653
Netherlands,utrecht,7-12h,1432,snow_depth,0.0023929598791538947
Netherlands,utrecht,7-12h,1432,weather_code,18.042353957088004
Netherlands,utrecht,7-12h,1432,pressure_msl,0.4230938192508443
Netherlands,utrecht,7-12h,1432,surface_pressure,0.42130748865882
Netherlands,utrecht,7-12h,1432,cloud_cover,37.192425792261105
Netherlands,utrecht,7-12h,1432,wind_speed_10m,2.250859550279359
Netherlands,utrecht,7-12h,1432,wind_gusts_10m,4.3993952733244734
New Zealand,auckland,0h,372,temperature_2m,0.827907064547031
New Zealand,auckland,0h,372,relative_humidity_2m,6.9130545043884295
New Zealand,auckland,0h,372,dew_point_2m,1.3741468516474042
New Zealand,auckland,0h,372,apparent_temperature,1.0966959175103512
New Zealand,auckland,0h,372,precipitation,0.6287895864961677
New Zealand,auckland,0h,372,rain,0.6069490067330151
New Zealand,auckland,0h,372,showers,0.18094732792686097
New Zealand,auckland,0h,372,snowfall,0
New Zealand,auckland,0h,372,snow_depth,0
New Zealand,auckland,0h,372,weather_code,22.5358734332142
New Zealand,auckland,0h,372,pressure_msl,0.4429859581745066
New Zealand,auckland,0h,372,surface_pressure,0.44164891423036085
New Zealand,auckland,0h,372,cloud_cover,30.124651427957037
New Zealand,auckland,0h,372,wind_speed_10m,3.7632775694221823
New Zealand,auckland,0h,372,wind_gusts_10m,8.103012847348884
New Zealand,auckland,1-6h,2036,temperature_2m,0.7713687984244055
New Zealand,auckland,1-6h,2036,relative_humidity_2m,6.840377636377357
New Zealand,auckland,1-6h,2036,dew_point_2m,1.2985559457352318
New Zealand,auckland,1-6h,2036,apparent_temperature,1.0316456420907296
New Zealand,auckland,1-6h,2036,precipitation,0.5714645301624518
New Zealand,auckland,1-6h,2036,rain,0.536039100705597
New Zealand,auckland,1-6h,2036,showers,0.207922646943483
New Zealand,auckland,1-6h,2036,snowfall,0
New Zealand,auckland,1-6h,2036,snow_depth,0
New Zealand,auckland,1-6h,2036,weather_code,23.326208099108342
New Zealand,auckland,1-6h,2036,pressure_msl,0.4976269817509891
New Zealand,auckland,1-6h,2036,surface_pressure,0.496173966576296
New Zealand,auckland,1-6h,2036,cloud_cover,31.624267620832384
New Zealand,auckland,1-6h,2036,wind_speed_10m,4.141828653777158
New Zealand,auckland,1-6h,2036,wind_gusts_10m,8.649666402824861
New Zealand,auckland,13-18h,928,temperature_2m,0.8294160804341563
New Zealand,auckland,13-18h,928,relative_humidity_2m,7.519084913141658
New Zealand,auckland,13-18h,928,dew_point_2m,1.3920185046332463
New Zealand,auckland,13-18h,928,apparent_temperature,1.0009155291790233
New Zealand,auckland,13-18h,928,precipitation,0.36868241636662175
New Zealand,auckland,13-18h,928,rain,0.3548615562975666
New Zealand,auckland,13-18h,928,showers,0.11465841322876369
New Zealand,auckland,13-18h,928,snowfall,0
New Zealand,auckland,13-18h,928,snow_depth,0
New Zealand,auckland,13-18h,928,weather_code,24.75217684610163
New Zealand,auckland,13-18h,928,pressure_msl,0.6005923799854245
New Zealand,auckland,13-18h,928,surface_pressure,0.5988314770709997
New Zealand,auckland,13-18h,928,cloud_cover,33.47866665041568
New Zealand,auckland,13-18h,928,wind_speed_10m,3.761250365283442
New Zealand,auckland,13-18h,928,wind_gusts_10m,8.358114733392437
New Zealand,auckland,19-24h,272,temperature_2m,1.0118779861344593
New Zealand,auckland,19-24h,272,relative_humidity_2m,8.693303711004505
New Zealand,auckland,19-24h,272,dew_point_2m,1.7682660167187383
New Zealand,auckland,19-24h,272,apparent_temperature,1.2864680330268607
New Zealand,auckland,19-24h,272,precipitation,0.49363596970666074
New Zealand,auckland,19-24h,272,rain,0.5087470190691683
New Zealand,auckland,19-24h,272,showers,0.06242642728467978
New Zealand,auckland,19-24h,272,snowfall,0
New Zealand,auckland,19-24h,272,snow_depth,0
New Zealand,auckland,19-24h,272,weather_code,32.100600140990586
New Zealand,auckland,19-24h,272,pressure_msl,0.5955101619126035
New Zealand,auckland,19-24h,272,surface_pressure,0.59359324556169
New Zealand,auckland,19-24h,272,cloud_cover,29.02977680204363
New Zealand,auckland,19-24h,272,wind_speed_10m,3.603184865708473
New Zealand,auckland,19-24h,272,wind_gusts_10m,7.950989579550312
New Zealand,auckland,7-12h,1422,temperature_2m,0.76584986759193
New Zealand,auckland,7-12h,1422,relative_humidity_2m,6.449740779143257
New Zealand,auckland,7-12h,1422,dew_point_2m,1.1794835457093737
New Zealand,auckland,7-12h,1422,apparent_temperature,1.0240497636466472
New Zealand,auckland,7-12h,1422,precipitation,0.49408598077605625
New Zealand,auckland,7-12h,1422,rain,0.4558881842823016
New Zealand,auckland,7-12h,1422,showers,0.2205988525064101
New Zealand,auckland,7-12h,1422,snowfall,0
New Zealand,auckland,7-12h,1422,snow_depth,0
New Zealand,auckland,7-12h,1422,weather_code,21.835434884525274
New Zealand,auckland,7-12h,1422,pressure_msl,0.534716034632769
New Zealand,auckland,7-12h,1422,surface_pressure,0.5324095374914083
New Zealand,auckland,7-12h,1422,cloud_cover,33.11096716003408
New Zealand,auckland,7-12h,1422,wind_speed_10m,4.042269627475332
New Zealand,auckland,7-12h,1422,wind_gusts_10m,8.80671093681479
Nigeria,lagos,0h,372,temperature_2m,1.3530133633081098
Nigeria,lagos,0h,372,relative_humidity_2m,5.694743850857712
Nigeria,lagos,0h,372,dew_point_2m,1.0808698209740493
Nigeria,lagos,0h,372,apparent_temperature,1.842683877111791
Nigeria,lagos,0h,372,precipitation,0.24637151769468563
Nigeria,lagos,0h,372,rain,0.17734602590198015
Nigeria,lagos,0h,372,showers,0.20478155158843714
Nigeria,lagos,0h,372,snowfall,0
Nigeria,lagos,0h,372,snow_depth,0
Nigeria,lagos,0h,372,weather_code,23.82248418381618
Nigeria,lagos,0h,372,pressure_msl,0.5511961577343156
Nigeria,lagos,0h,372,surface_pressure,0.5511961577343156
Nigeria,lagos,0h,372,cloud_cover,38.024468636047544
Nigeria,lagos,0h,372,wind_speed_10m,3.4604757582041055
Nigeria,lagos,0h,372,wind_gusts_10m,7.461878024727688
Nigeria,lagos,1-6h,2036,temperature_2m,1.3550712433876635
Nigeria,lagos,1-6h,2036,relative_humidity_2m,5.236077057010793
Nigeria,lagos,1-6h,2036,dew_point_2m,0.7898919375993652
Nigeria,lagos,1-6h,2036,apparent_temperature,1.77250059230041
Nigeria,lagos,1-6h,2036,precipitation,0.352468142884611
Nigeria,lagos,1-6h,2036,rain,0.3329778720295039
Nigeria,lagos,1-6h,2036,showers,0.18042734688763673
Nigeria,lagos,1-6h,2036,snowfall,0
Nigeria,lagos,1-6h,2036,snow_depth,0
Nigeria,lagos,1-6h,2036,weather_code,24.877716652752053
Nigeria,lagos,1-6h,2036,pressure_msl,0.4744762389996407
Nigeria,lagos,1-6h,2036,surface_pressure,0.4742795176936606
Nigeria,lagos,1-6h,2036,cloud_cover,38.96444402065683
Nigeria,lagos,1-6h,2036,wind_speed_10m,3.529563606657077
Nigeria,lagos,1-6h,2036,wind_gusts_10m,7.357348010295371
Nigeria,lagos,13-18h,928,temperature_2m,1.0648984086238722
Nigeria,lagos,13-18h,928,relative_humidity_2m,4.411485792400529
Nigeria,lagos,13-18h,928,dew_point_2m,0.5366121375881246
Nigeria,lagos,13-18h,928,apparent_temperature,1.3915229810881857
Nigeria,lagos,13-18h,928,precipitation,0.1788974855743579
Nigeria,lagos,13-18h,928,rain,0.1762272240113843
Nigeria,lagos,13-18h,928,showers,0.04020422005641731
Nigeria,lagos,13-18h,928,snowfall,0
Nigeria,lagos,13-18h,928,snow_depth,0
Nigeria,lagos,13-18h,928,weather_code,14.02560773776998
Nigeria,lagos,13-18h,928,pressure_msl,0.4365321807468324
Nigeria,lagos,13-18h,928,surface_pressure,0.4365321807468324
Nigeria,lagos,13-18h,928,cloud_cover,41.76101960705329
Nigeria,lagos,13-18h,928,wind_speed_10m,4.000665354145741
Nigeria,lagos,13-18h,928,wind_gusts_10m,7.773245172850357
Nigeria,lagos,19-24h,272,temperature_2m,0.38710843594072014
Nigeria,lagos,19-24h,272,relative_humidity_2m,2.7089177348375952
Nigeria,lagos,19-24h,272,dew_point_2m,0.3608608987342547
Nigeria,lagos,19-24h,272,apparent_temperature,0.9968701018688441
Nigeria,lagos,19-24h,272,precipitation,0.035355339059327376
Nigeria,lagos,19-24h,272,rain,0.035355339059327376
Nigeria,lagos,19-24h,272,showers,0
Nigeria,lagos,19-24h,272,snowfall,0
Nigeria,lagos,19-24h,272,snow_depth,0
Nigeria,lagos,19-24h,272,weather_code,7.469546013450806
Nigeria,lagos,19-24h,272,pressure_msl,0.4195585915753673
Nigeria,lagos,19-24h,272,surface_pressure,0.4195585915753673
Nigeria,lagos,19-24h,272,cloud_cover,43.80001343002749
Nigeria,lagos,19-24h,272,wind_speed_10m,5.4060491717204
Nigeria,lagos,19-24h,272,wind_gusts_10m,10.685855136581255
Nigeria,lagos,7-12h,1418,temperature_2m,1.650921869240239
Nigeria,lagos,7-12h,1418,relative_humidity_2m,6.467233240172544
Nigeria,lagos,7-12h,1418,dew_point_2m,0.8131153414695516
Nigeria,lagos,7-12h,1418,apparent_temperature,1.952026902170743
Nigeria,lagos,7-12h,1418,precipitation,0.35410149708773375
Nigeria,lagos,7-12h,1418,rain,0.3055665966576645
Nigeria,lagos,7-12h,1418,showers,0.22075009963307216
Nigeria,lagos,7-12h,1418,snowfall,0
Nigeria,lagos,7-12h,1418,snow_depth,0
Nigeria,lagos,7-12h,1418,weather_code,29.031766075574094
Nigeria,lagos,7-12h,1418,pressure_msl,0.5011411519330572
Nigeria,lagos,7-12h,1418,surface_pressure,0.5011411519330572
Nigeria,lagos,7-12h,1418,cloud_cover,38.12689450540437
Nigeria,lagos,7-12h,1418,wind_speed_10m,3.4987545638247255
Nigeria,lagos,7-12h,1418,wind_gusts_10m,7.4159046480481505
Norway,oslo,0h,372,temperature_2m,1.5364566133578854
Norway,oslo,0h,372,relative_humidity_2m,8.705454970106912
Norway,oslo,0h,372,dew_point_2m,1.1676186592091329
Norway,oslo,0h,372,apparent_temperature,1.640597189984472
Norway,oslo,0h,372,precipitation,0.23748231399909678
Norway,oslo,0h,372,rain,0.2390617862277629
Norway,oslo,0h,372,showers,0
Norway,oslo,0h,372,snowfall,0.0814782773346329
Norway,oslo,0h,372,snow_depth,0.005487032611687343
Norway,oslo,0h,372,weather_code,10.66574256749754
Norway,oslo,0h,372,pressure_msl,0.4848234353255424
Norway,oslo,0h,372,surface_pressure,0.4868154140039457
Norway,oslo,0h,372,cloud_cover,29.455725843140186
Norway,oslo,0h,372,wind_speed_10m,4.365819092001639
Norway,oslo,0h,372,wind_gusts_10m,8.738011756822349
Norway,oslo,1-6h,2036,temperature_2m,1.4889540902619067
Norway,oslo,1-6h,2036,relative_humidity_2m,8.943832593124217
Norway,oslo,1-6h,2036,dew_point_2m,1.1759082933383227
Norway,oslo,1-6h,2036,apparent_temperature,1.5740216657728066
Norway,oslo,1-6h,2036,precipitation,0.27059564654530766
Norway,oslo,1-6h,2036,rain,0.28555601847213474
Norway,oslo,1-6h,2036,showers,0
Norway,oslo,1-6h,2036,snowfall,0.059317500076488096
Norway,oslo,1-6h,2036,snow_depth,0.005855160771668231
Norway,oslo,1-6h,2036,weather_code,13.095725843322231
Norway,oslo,1-6h,2036,pressure_msl,0.5265448782780683
Norway,oslo,1-6h,2036,surface_pressure,0.5284536510391987
Norway,oslo,1-6h,2036,cloud_cover,32.18374920923703
Norway,oslo,1-6h,2036,wind_speed_10m,4.35296457479164
Norway,oslo,1-6h,2036,wind_gusts_10m,8.379919163490808
Norway,oslo,13-18h,928,temperature_2m,1.484285500931631
Norway,oslo,13-18h,928,relative_humidity_2m,9.306676320681355
Norway,oslo,13-18h,928,dew_point_2m,1.1323324265152575
Norway,oslo,13-18h,928,apparent_temperature,1.5291351511049727
Norway,oslo,13-18h,928,precipitation,0.2990646337707182
Norway,oslo,13-18h,928,rain,0.28066270098489743
Norway,oslo,13-18h,928,showers,0
Norway,oslo,13-18h,928,snowfall,0.025793443433127165
Norway,oslo,13-18h,928,snow_depth,0.0045009577524850386
Norway,oslo,13-18h,928,weather_code,14.678156419048985
Norway,oslo,13-18h,928,pressure_msl,0.7181303550864253
Norway,oslo,13-18h,928,surface_pressure,0.7187453148273093
Norway,oslo,13-18h,928,cloud_cover,31.535147331848304
Norway,oslo,13-18h,928,wind_speed_10m,4.432294785882988
Norway,oslo,13-18h,928,wind_gusts_10m,8.247639421948728
Norway,oslo,19-24h,272,temperature_2m,1.5618145555354366
Norway,oslo,19-24h,272,relative_humidity_2m,9.187987682134692
Norway,oslo,19-24h,272,dew_point_2m,1.1089541973249868
Norway,oslo,19-24h,272,apparent_temperature,1.6342609410768563
Norway,oslo,19-24h,272,precipitation,0.4068349860598925
Norway,oslo,19-24h,272,rain,0.4071962960654379
Norway,oslo,19-24h,272,showers,0
Norway,oslo,19-24h,272,snowfall,0.008488746876271654
Norway,oslo,19-24h,272,snow_depth,0.004617740725913995
Norway,oslo,19-24h,272,weather_code,21.117841634364947
Norway,oslo,19-24h,272,pressure_msl,0.8673828112064937
Norway,oslo,19-24h,272,surface_pressure,0.8683994743542967
Norway,oslo,19-24h,272,cloud_cover,23.54329553622182
Norway,oslo,19-24h,272,wind_speed_10m,4.732786146223211
Norway,oslo,19-24h,272,wind_gusts_10m,8.404261874017184
Norway,oslo,7-12h,1418,temperature_2m,1.4769312140385584
Norway,oslo,7-12h,1418,relative_humidity_2m,9.690339510602687
Norway,oslo,7-12h,1418,dew_point_2m,1.1492378046926746
Norway,oslo,7-12h,1418,apparent_temperature,1.541352875980504
Norway,oslo,7-12h,1418,precipitation,0.26661964794697357
Norway,oslo,7-12h,1418,rain,0.2610870191981863
Norway,oslo,7-12h,1418,showers,0
Norway,oslo,7-12h,1418,snowfall,0.02507815709593972
Norway,oslo,7-12h,1418,snow_depth,0.005645872963791535
Norway,oslo,7-12h,1418,weather_code,14.01958130917704
Norway,oslo,7-12h,1418,pressure_msl,0.6232224369547665
Norway,oslo,7-12h,1418,surface_pressure,0.6264841335058333
Norway,oslo,7-12h,1418,cloud_cover,33.40350395038836
Norway,oslo,7-12h,1418,wind_speed_10m,4.048923310188926
Norway,oslo,7-12h,1418,wind_gusts_10m,7.9468509521959385
Pakistan,karachi,0h,372,temperature_2m,1.0824106906464876
Pakistan,karachi,0h,372,relative_humidity_2m,15.272084308953541
Pakistan,karachi,0h,372,dew_point_2m,4.070817993939909
Pakistan,karachi,0h,372,apparent_temperature,1.0212263342699557
Pakistan,karachi,0h,372,precipitation,0.007332355751067665
Pakistan,karachi,0h,372,rain,0
Pakistan,karachi,0h,372,showers,0.007332355751067665
Pakistan,karachi,0h,372,snowfall,0
Pakistan,karachi,0h,372,snow_depth,0
Pakistan,karachi,0h,372,weather_code,4.41953143042519
Pakistan,karachi,0h,372,pressure_msl,0.5737539092564831
Pakistan,karachi,0h,372,surface_pressure,0.580924365369172
Pakistan,karachi,0h,372,cloud_cover,23.372394340424368
Pakistan,karachi,0h,372,wind_speed_10m,3.6236899746333244
Pakistan,karachi,0h,372,wind_gusts_10m,6.005826024499806
Pakistan,karachi,1-6h,2036,temperature_2m,1.0892130502166593
Pakistan,karachi,1-6h,2036,relative_humidity_2m,13.555749691747208
Pakistan,karachi,1-6h,2036,dew_point_2m,3.6792801145197136
Pakistan,karachi,1-6h,2036,apparent_temperature,0.9927784432229049
Pakistan,karachi,1-6h,2036,precipitation,0.26912139664037493
Pakistan,karachi,1-6h,2036,rain,0.27701751450022455
Pakistan,karachi,1-6h,2036,showers,0.10716016325757889
Pakistan,karachi,1-6h,2036,snowfall,0
Pakistan,karachi,1-6h,2036,snow_depth,0
Pakistan,karachi,1-6h,2036,weather_code,4.6733159663998185
Pakistan,karachi,1-6h,2036,pressure_msl,0.4565825045893176
Pakistan,karachi,1-6h,2036,surface_pressure,0.46458042417911977
Pakistan,karachi,1-6h,2036,cloud_cover,24.93281739202623
Pakistan,karachi,1-6h,2036,wind_speed_10m,4.177833497262044
Pakistan,karachi,1-6h,2036,wind_gusts_10m,6.734057065243565
Pakistan,karachi,13-18h,928,temperature_2m,1.3059215269237117
Pakistan,karachi,13-18h,928,relative_humidity_2m,15.625603436623518
Pakistan,karachi,13-18h,928,dew_point_2m,3.6768351036333335
Pakistan,karachi,13-18h,928,apparent_temperature,1.1511613326519892
Pakistan,karachi,13-18h,928,precipitation,0
Pakistan,karachi,13-18h,928,rain,0
Pakistan,karachi,13-18h,928,showers,0
Pakistan,karachi,13-18h,928,snowfall,0
Pakistan,karachi,13-18h,928,snow_depth,0
Pakistan,karachi,13-18h,928,weather_code,4.95627432376516
Pakistan,karachi,13-18h,928,pressure_msl,0.3587574341414088
Pakistan,karachi,13-18h,928,surface_pressure,0.3606447769931154
Pakistan,karachi,13-18h,928,cloud_cover,26.01611735192178
Pakistan,karachi,13-18h,928,wind_speed_10m,2.5469259699786573
Pakistan,karachi,13-18h,928,wind_gusts_10m,5.907319393243699
Pakistan,karachi,19-24h,272,temperature_2m,1.283492478036576
Pakistan,karachi,19-24h,272,relative_humidity_2m,15.431537607807476
Pakistan,karachi,19-24h,272,dew_point_2m,3.4384076341852676
Pakistan,karachi,19-24h,272,apparent_temperature,1.167576675905119
Pakistan,karachi,19-24h,272,precipitation,0
Pakistan,karachi,19-24h,272,rain,0
Pakistan,karachi,19-24h,272,showers,0
Pakistan,karachi,19-24h,272,snowfall,0
Pakistan,karachi,19-24h,272,snow_depth,0
Pakistan,karachi,19-24h,272,weather_code,7.379422901077101
Pakistan,karachi,19-24h,272,pressure_msl,0.3813675084096584
Pakistan,karachi,19-24h,272,surface_pressure,0.3867283588378405
Pakistan,karachi,19-24h,272,cloud_cover,27.089855926483757
Pakistan,karachi,19-24h,272,wind_speed_10m,2.074689913045831
Pakistan,karachi,19-24h,272,wind_gusts_10m,5.2889590880715005
Pakistan,karachi,7-12h,1418,temperature_2m,1.0681040503346693
Pakistan,karachi,7-12h,1418,relative_humidity_2m,13.517527669726945
Pakistan,karachi,7-12h,1418,dew_point_2m,3.718656505503545
Pakistan,karachi,7-12h,1418,apparent_temperature,1.0212205424553813
Pakistan,karachi,7-12h,1418,precipitation,0
Pakistan,karachi,7-12h,1418,rain,0
Pakistan,karachi,7-12h,1418,showers,0
Pakistan,karachi,7-12h,1418,snowfall,0
Pakistan,karachi,7-12h,1418,snow_depth,0
Pakistan,karachi,7-12h,1418,weather_code,3.667991383556517
Pakistan,karachi,7-12h,1418,pressure_msl,0.38996582252326556
Pakistan,karachi,7-12h,1418,surface_pressure,0.3961023075946475
Pakistan,karachi,7-12h,1418,cloud_cover,25.839419487206463
Pakistan,karachi,7-12h,1418,wind_speed_10m,3.89352469565974
Pakistan,karachi,7-12h,1418,wind_gusts_10m,7.022412236890091
Panama,panama_city,0h,372,temperature_2m,0.9458170502127344
Panama,panama_city,0h,372,relative_humidity_2m,5.834178126231848
Panama,panama_city,0h,372,dew_point_2m,0.6800142313501313
Panama,panama_city,0h,372,apparent_temperature,1.2412272802715552
Panama,panama_city,0h,372,precipitation,0.9153999067332876
Panama,panama_city,0h,372,rain,0.9277965572327282
Panama,panama_city,0h,372,showers,0.6520851583677095
Panama,panama_city,0h,372,snowfall,0
Panama,panama_city,0h,372,snow_depth,0
Panama,panama_city,0h,372,weather_code,29.336662812021352
Panama,panama_city,0h,372,pressure_msl,0.41008784791889463
Panama,panama_city,0h,372,surface_pressure,0.40653267667470433
Panama,panama_city,0h,372,cloud_cover,27.64337016317827
Panama,panama_city,0h,372,wind_speed_10m,4.621193580399644
Panama,panama_city,0h,372,wind_gusts_10m,7.386717955258454
Panama,panama_city,1-6h,2034,temperature_2m,0.940083052461886
Panama,panama_city,1-6h,2034,relative_humidity_2m,5.881658238809139
Panama,panama_city,1-6h,2034,dew_point_2m,0.738410954322271
Panama,panama_city,1-6h,2034,apparent_temperature,1.2637678364884797
Panama,panama_city,1-6h,2034,precipitation,1.0347834529473345
Panama,panama_city,1-6h,2034,rain,1.0779044822075046
Panama,panama_city,1-6h,2034,showers,0.5954184303311196
Panama,panama_city,1-6h,2034,snowfall,0
Panama,panama_city,1-6h,2034,snow_depth,0
Panama,panama_city,1-6h,2034,weather_code,33.90625632960804
Panama,panama_city,1-6h,2034,pressure_msl,0.4040600245526591
Panama,panama_city,1-6h,2034,surface_pressure,0.4000983163342839
Panama,panama_city,1-6h,2034,cloud_cover,25.489061027332173
Panama,panama_city,1-6h,2034,wind_speed_10m,4.861971914232804
Panama,panama_city,1-6h,2034,wind_gusts_10m,7.657555185942968
Panama,panama_city,13-18h,928,temperature_2m,1.2971703288577663
Panama,panama_city,13-18h,928,relative_humidity_2m,7.948378711280121
Panama,panama_city,13-18h,928,dew_point_2m,0.9250349480816461
Panama,panama_city,13-18h,928,apparent_temperature,1.5083174572098998
Panama,panama_city,13-18h,928,precipitation,1.3001574838297938
Panama,panama_city,13-18h,928,rain,1.3965243185901894
Panama,panama_city,13-18h,928,showers,0.8091609106416009
Panama,panama_city,13-18h,928,snowfall,0
Panama,panama_city,13-18h,928,snow_depth,0
Panama,panama_city,13-18h,928,weather_code,42.954993487570704
Panama,panama_city,13-18h,928,pressure_msl,0.49768862305385525
Panama,panama_city,13-18h,928,surface_pressure,0.49601863146319264
Panama,panama_city,13-18h,928,cloud_cover,23.629458163560336
Panama,panama_city,13-18h,928,wind_speed_10m,3.934649351243561
Panama,panama_city,13-18h,928,wind_gusts_10m,6.633070880847334
Panama,panama_city,19-24h,272,temperature_2m,1.1769851815749672
Panama,panama_city,19-24h,272,relative_humidity_2m,7.705040367111877
Panama,panama_city,19-24h,272,dew_point_2m,0.7473482533362249
Panama,panama_city,19-24h,272,apparent_temperature,1.2949846694527498
Panama,panama_city,19-24h,272,precipitation,0.99413722570348
Panama,panama_city,19-24h,272,rain,0.9661552061407842
Panama,panama_city,19-24h,272,showers,0.6972635589131525
Panama,panama_city,19-24h,272,snowfall,0
Panama,panama_city,19-24h,272,snow_depth,0
Panama,panama_city,19-24h,272,weather_code,42.70616087253206
Panama,panama_city,19-24h,272,pressure_msl,0.474419149499429
Panama,panama_city,19-24h,272,surface_pressure,0.47379879075156717
Panama,panama_city,19-24h,272,cloud_cover,22.54146506016908
Panama,panama_city,19-24h,272,wind_speed_10m,4.162507728309378
Panama,panama_city,19-24h,272,wind_gusts_10m,7.127602723793975
Panama,panama_city,7-12h,1416,temperature_2m,1.038897449031674
Panama,panama_city,7-12h,1416,relative_humidity_2m,6.524833049793965
Panama,panama_city,7-12h,1416,dew_point_2m,0.7806270114936111
Panama,panama_city,7-12h,1416,apparent_temperature,1.2522522083112246
Panama,panama_city,7-12h,1416,precipitation,0.9817176950469833
Panama,panama_city,7-12h,1416,rain,1.0558085235581682
Panama,panama_city,7-12h,1416,showers,0.6029106660081912
Panama,panama_city,7-12h,1416,snowfall,0
Panama,panama_city,7-12h,1416,snow_depth,0
Panama,panama_city,7-12h,1416,weather_code,36.8840180967374
Panama,panama_city,7-12h,1416,pressure_msl,0.48745563321217594
Panama,panama_city,7-12h,1416,surface_pressure,0.4836157367073163
Panama,panama_city,7-12h,1416,cloud_cover,24.76322907304889
Panama,panama_city,7-12h,1416,wind_speed_10m,4.355128803222169
Panama,panama_city,7-12h,1416,wind_gusts_10m,7.553843448699319
Paraguay,asuncion,0h,372,temperature_2m,2.145350060414484
Paraguay,asuncion,0h,372,relative_humidity_2m,9.236440221047785
Paraguay,asuncion,0h,372,dew_point_2m,1.371660166696994
Paraguay,asuncion,0h,372,apparent_temperature,2.253790117218797
Paraguay,asuncion,0h,372,precipitation,1.3377480676394633
Paraguay,asuncion,0h,372,rain,1.171066970528315
Paraguay,asuncion,0h,372,showers,0.7749089436622486
Paraguay,asuncion,0h,372,snowfall,0
Paraguay,asuncion,0h,372,snow_depth,0
Paraguay,asuncion,0h,372,weather_code,23.42065075356426
Paraguay,asuncion,0h,372,pressure_msl,0.8565999304577416
Paraguay,asuncion,0h,372,surface_pressure,0.7913850659322847
Paraguay,asuncion,0h,372,cloud_cover,35.392575614133406
Paraguay,asuncion,0h,372,wind_speed_10m,4.095532577916356
Paraguay,asuncion,0h,372,wind_gusts_10m,8.365421018526462
Paraguay,asuncion,1-6h,2034,temperature_2m,1.9422310762597192
Paraguay,asuncion,1-6h,2034,relative_humidity_2m,9.119063848173232
Paraguay,asuncion,1-6h,2034,dew_point_2m,1.5329870071884029
Paraguay,asuncion,1-6h,2034,apparent_temperature,2.034793228027349
Paraguay,asuncion,1-6h,2034,precipitation,1.915652546896917
Paraguay,asuncion,1-6h,2034,rain,1.857258740590154
Paraguay,asuncion,1-6h,2034,showers,0.9850654710733114
Paraguay,asuncion,1-6h,2034,snowfall,0
Paraguay,asuncion,1-6h,2034,snow_depth,0
Paraguay,asuncion,1-6h,2034,weather_code,22.769504697060476
Paraguay,asuncion,1-6h,2034,pressure_msl,0.7784082288222108
Paraguay,asuncion,1-6h,2034,surface_pressure,0.7296367005898139
Paraguay,asuncion,1-6h,2034,cloud_cover,35.05120569465432
Paraguay,asuncion,1-6h,2034,wind_speed_10m,3.8747004832384477
Paraguay,asuncion,1-6h,2034,wind_gusts_10m,7.563399681972554
Paraguay,asuncion,13-18h,926,temperature_2m,2.456911615590812
Paraguay,asuncion,13-18h,926,relative_humidity_2m,11.922536150104136
Paraguay,asuncion,13-18h,926,dew_point_2m,1.9128586141567754
Paraguay,asuncion,13-18h,926,apparent_temperature,2.5072508242025497
Paraguay,asuncion,13-18h,926,precipitation,1.9936237451307175
Paraguay,asuncion,13-18h,926,rain,1.9499183125161836
Paraguay,asuncion,13-18h,926,showers,1.0079275403350554
Paraguay,asuncion,13-18h,926,snowfall,0
Paraguay,asuncion,13-18h,926,snow_depth,0
Paraguay,asuncion,13-18h,926,weather_code,27.4719963445205
Paraguay,asuncion,13-18h,926,pressure_msl,1.08066654097653
Paraguay,asuncion,13-18h,926,surface_pressure,0.9920526530999657
Paraguay,asuncion,13-18h,926,cloud_cover,32.38156689738811
Paraguay,asuncion,13-18h,926,wind_speed_10m,3.164697959513041
Paraguay,asuncion,13-18h,926,wind_gusts_10m,6.500619674731599
Paraguay,asuncion,19-24h,272,temperature_2m,2.2939177891828235
Paraguay,asuncion,19-24h,272,relative_humidity_2m,13.089904057528233
Paraguay,asuncion,19-24h,272,dew_point_2m,2.2703167698129962
Paraguay,asuncion,19-24h,272,apparent_temperature,2.1963539305483746
Paraguay,asuncion,19-24h,272,precipitation,0.6448894114041388
Paraguay,asuncion,19-24h,272,rain,0.4963099126672413
Paraguay,asuncion,19-24h,272,showers,0.9424233468595111
Paraguay,asuncion,19-24h,272,snowfall,0
Paraguay,asuncion,19-24h,272,snow_depth,0
Paraguay,asuncion,19-24h,272,weather_code,23.30725082836821
Paraguay,asuncion,19-24h,272,pressure_msl,0.9779179563806762
Paraguay,asuncion,19-24h,272,surface_pressure,0.906877318377868
Paraguay,asuncion,19-24h,272,cloud_cover,32.29004581637396
Paraguay,asuncion,19-24h,272,wind_speed_10m,3.3219855862562255
Paraguay,asuncion,19-24h,272,wind_gusts_10m,6.1195864431588936
Paraguay,asuncion,7-12h,1414,temperature_2m,2.0097534452989723
Paraguay,asuncion,7-12h,1414,relative_humidity_2m,9.886770552918367
Paraguay,asuncion,7-12h,1414,dew_point_2m,1.6637664535268126
Paraguay,asuncion,7-12h,1414,apparent_temperature,2.115521543327528
Paraguay,asuncion,7-12h,1414,precipitation,2.399687627007644
Paraguay,asuncion,7-12h,1414,rain,2.2031641127016535
Paraguay,asuncion,7-12h,1414,showers,1.1729265614389486
Paraguay,asuncion,7-12h,1414,snowfall,0
Paraguay,asuncion,7-12h,1414,snow_depth,0
Paraguay,asuncion,7-12h,1414,weather_code,24.890424645597943
Paraguay,asuncion,7-12h,1414,pressure_msl,0.8499937598572828
Paraguay,asuncion,7-12h,1414,surface_pressure,0.7873289311510421
Paraguay,asuncion,7-12h,1414,cloud_cover,34.842908726786
Paraguay,asuncion,7-12h,1414,wind_speed_10m,3.453538865145332
Paraguay,asuncion,7-12h,1414,wind_gusts_10m,6.762816424920253
Peru,lima,0h,372,temperature_2m,1.6185583655820692
Peru,lima,0h,372,relative_humidity_2m,13.711309200802088
Peru,lima,0h,372,dew_point_2m,1.5780926284873211
Peru,lima,0h,372,apparent_temperature,1.6292355882899616
Peru,lima,0h,372,precipitation,0
Peru,lima,0h,372,rain,0
Peru,lima,0h,372,showers,0
Peru,lima,0h,372,snowfall,0
Peru,lima,0h,372,snow_depth,0
Peru,lima,0h,372,weather_code,3.315814176927588
Peru,lima,0h,372,pressure_msl,0.5131601439446872
Peru,lima,0h,372,surface_pressure,0.5046024731548355
Peru,lima,0h,372,cloud_cover,36.235638608645274
Peru,lima,0h,372,wind_speed_10m,2.959357311803482
Peru,lima,0h,372,wind_gusts_10m,13.341107948379797
Peru,lima,1-6h,2030,temperature_2m,1.5759460369346563
Peru,lima,1-6h,2030,relative_humidity_2m,12.879509827591063
Peru,lima,1-6h,2030,dew_point_2m,1.5977570485549097
Peru,lima,1-6h,2030,apparent_temperature,1.6970156360403745
Peru,lima,1-6h,2030,precipitation,0
Peru,lima,1-6h,2030,rain,0
Peru,lima,1-6h,2030,showers,0
Peru,lima,1-6h,2030,snowfall,0
Peru,lima,1-6h,2030,snow_depth,0
Peru,lima,1-6h,2030,weather_code,5.9269776479592755
Peru,lima,1-6h,2030,pressure_msl,0.5090897895195929
Peru,lima,1-6h,2030,surface_pressure,0.48736751389076294
Peru,lima,1-6h,2030,cloud_cover,36.667820552078204
Peru,lima,1-6h,2030,wind_speed_10m,3.0379585445207447
Peru,lima,1-6h,2030,wind_gusts_10m,14.2835742239412
Peru,lima,13-18h,926,temperature_2m,2.123116621870969
Peru,lima,13-18h,926,relative_humidity_2m,16.908916200757318
Peru,lima,13-18h,926,dew_point_2m,1.662585355641874
Peru,lima,13-18h,926,apparent_temperature,1.8898901198817835
Peru,lima,13-18h,926,precipitation,0
Peru,lima,13-18h,926,rain,0
Peru,lima,13-18h,926,showers,0
Peru,lima,13-18h,926,snowfall,0
Peru,lima,13-18h,926,snow_depth,0
Peru,lima,13-18h,926,weather_code,1.402712583458442
Peru,lima,13-18h,926,pressure_msl,0.48799851290358726
Peru,lima,13-18h,926,surface_pressure,0.45598965544706066
Peru,lima,13-18h,926,cloud_cover,41.60876610579377
Peru,lima,13-18h,926,wind_speed_10m,2.9108755631727816
Peru,lima,13-18h,926,wind_gusts_10m,19.201581558331405
Peru,lima,19-24h,270,temperature_2m,1.5772221243786908
Peru,lima,19-24h,270,relative_humidity_2m,14.155747425875653
Peru,lima,19-24h,270,dew_point_2m,1.5378436080964029
Peru,lima,19-24h,270,apparent_temperature,1.4072563271736855
Peru,lima,19-24h,270,precipitation,0
Peru,lima,19-24h,270,rain,0
Peru,lima,19-24h,270,showers,0
Peru,lima,19-24h,270,snowfall,0
Peru,lima,19-24h,270,snow_depth,0
Peru,lima,19-24h,270,weather_code,1.3931047127695537
Peru,lima,19-24h,270,pressure_msl,0.5297798284822354
Peru,lima,19-24h,270,surface_pressure,0.4888383812293833
Peru,lima,19-24h,270,cloud_cover,40.62730335350573
Peru,lima,19-24h,270,wind_speed_10m,2.790300660820941
Peru,lima,19-24h,270,wind_gusts_10m,17.297062478073276
Peru,lima,7-12h,1408,temperature_2m,1.8258831922711216
Peru,lima,7-12h,1408,relative_humidity_2m,14.701431980345564
Peru,lima,7-12h,1408,dew_point_2m,1.600350636295343
Peru,lima,7-12h,1408,apparent_temperature,1.7694977137851602
Peru,lima,7-12h,1408,precipitation,0
Peru,lima,7-12h,1408,rain,0
Peru,lima,7-12h,1408,showers,0
Peru,lima,7-12h,1408,snowfall,0
Peru,lima,7-12h,1408,snow_depth,0
Peru,lima,7-12h,1408,weather_code,6.017847508566799
Peru,lima,7-12h,1408,pressure_msl,0.5101804493599216
Peru,lima,7-12h,1408,surface_pressure,0.4861432168329902
Peru,lima,7-12h,1408,cloud_cover,37.13534826696918
Peru,lima,7-12h,1408,wind_speed_10m,2.841786909834918
Peru,lima,7-12h,1408,wind_gusts_10m,15.850750985936969
Philippines,manila,0h,372,temperature_2m,1.489713835549619
Philippines,manila,0h,372,relative_humidity_2m,9.4610122443728
Philippines,manila,0h,372,dew_point_2m,1.4837289553362587
Philippines,manila,0h,372,apparent_temperature,1.4885223964493053
Philippines,manila,0h,372,precipitation,0.5770708385355926
Philippines,manila,0h,372,rain,0.5405592484411573
Philippines,manila,0h,372,showers,0.24274416817463546
Philippines,manila,0h,372,snowfall,0
Philippines,manila,0h,372,snow_depth,0
Philippines,manila,0h,372,weather_code,31.65727081886442
Philippines,manila,0h,372,pressure_msl,0.6986930964384556
Philippines,manila,0h,372,surface_pressure,0.6986930964384565
Philippines,manila,0h,372,cloud_cover,35.04129668146257
Philippines,manila,0h,372,wind_speed_10m,6.096235397481414
Philippines,manila,0h,372,wind_gusts_10m,9.741685178013446
Philippines,manila,1-6h,2028,temperature_2m,1.6326881549885275
Philippines,manila,1-6h,2028,relative_humidity_2m,8.803240393180136
Philippines,manila,1-6h,2028,dew_point_2m,1.4510385317119667
Philippines,manila,1-6h,2028,apparent_temperature,1.7486596726886492
Philippines,manila,1-6h,2028,precipitation,0.756523242322118
Philippines,manila,1-6h,2028,rain,0.7293238066799534
Philippines,manila,1-6h,2028,showers,0.23723838492548224
Philippines,manila,1-6h,2028,snowfall,0
Philippines,manila,1-6h,2028,snow_depth,0
Philippines,manila,1-6h,2028,weather_code,30.859626829359705
Philippines,manila,1-6h,2028,pressure_msl,0.5813250863465103
Philippines,manila,1-6h,2028,surface_pressure,0.5813250863465103
Philippines,manila,1-6h,2028,cloud_cover,34.39065225500463
Philippines,manila,1-6h,2028,wind_speed_10m,6.073962277745828
Philippines,manila,1-6h,2028,wind_gusts_10m,9.782544430893545
Philippines,manila,13-18h,926,temperature_2m,1.725942319386373
Philippines,manila,13-18h,926,relative_humidity_2m,7.2178384731595395
Philippines,manila,13-18h,926,dew_point_2m,1.2178567017528457
Philippines,manila,13-18h,926,apparent_temperature,1.783200946486614
Philippines,manila,13-18h,926,precipitation,0.5011003012162831
Philippines,manila,13-18h,926,rain,0.4952255850918747
Philippines,manila,13-18h,926,showers,0.10412652214201207
Philippines,manila,13-18h,926,snowfall,0
Philippines,manila,13-18h,926,snow_depth,0
Philippines,manila,13-18h,926,weather_code,23.03026462186042
Philippines,manila,13-18h,926,pressure_msl,0.5847965809037493
Philippines,manila,13-18h,926,surface_pressure,0.5847965809037519
Philippines,manila,13-18h,926,cloud_cover,37.19840564176665
Philippines,manila,13-18h,926,wind_speed_10m,5.687829453112056
Philippines,manila,13-18h,926,wind_gusts_10m,6.149289235298015
Philippines,manila,19-24h,270,temperature_2m,1.8058546760775387
Philippines,manila,19-24h,270,relative_humidity_2m,6.649979114420001
Philippines,manila,19-24h,270,dew_point_2m,1.298289472943363
Philippines,manila,19-24h,270,apparent_temperature,1.8964489232559145
Philippines,manila,19-24h,270,precipitation,0.6162010253997503
Philippines,manila,19-24h,270,rain,0.6165615526029402
Philippines,manila,19-24h,270,showers,0.012171612389003692
Philippines,manila,19-24h,270,snowfall,0
Philippines,manila,19-24h,270,snow_depth,0
Philippines,manila,19-24h,270,weather_code,21.37998371617022
Philippines,manila,19-24h,270,pressure_msl,0.5560442295224267
Philippines,manila,19-24h,270,surface_pressure,0.5560442295224188
Philippines,manila,19-24h,270,cloud_cover,35.67372723468652
Philippines,manila,19-24h,270,wind_speed_10m,5.9497899122574065
Philippines,manila,19-24h,270,wind_gusts_10m,6.5671122240268565
Philippines,manila,7-12h,1404,temperature_2m,1.5706260206892335
Philippines,manila,7-12h,1404,relative_humidity_2m,7.4574767927201835
Philippines,manila,7-12h,1404,dew_point_2m,1.2871820410639696
Philippines,manila,7-12h,1404,apparent_temperature,1.7099674277566237
Philippines,manila,7-12h,1404,precipitation,0.49177696865000387
Philippines,manila,7-12h,1404,rain,0.4320658649799955
Philippines,manila,7-12h,1404,showers,0.2592694645936063
Philippines,manila,7-12h,1404,snowfall,0
Philippines,manila,7-12h,1404,snow_depth,0
Philippines,manila,7-12h,1404,weather_code,25.87599179871086
Philippines,manila,7-12h,1404,pressure_msl,0.6086274315435928
Philippines,manila,7-12h,1404,surface_pressure,0.6086625382509496
Philippines,manila,7-12h,1404,cloud_cover,32.92947657267615
Philippines,manila,7-12h,1404,wind_speed_10m,5.908455238456437
Philippines,manila,7-12h,1404,wind_gusts_10m,7.384816370128158
Poland,warsaw,0h,372,temperature_2m,0.9598106892193818
Poland,warsaw,0h,372,relative_humidity_2m,5.677724820716917
Poland,warsaw,0h,372,dew_point_2m,0.8787821484965026
Poland,warsaw,0h,372,apparent_temperature,0.9750654789151562
Poland,warsaw,0h,372,precipitation,0.370701166492243
Poland,warsaw,0h,372,rain,0.2145262347041594
Poland,warsaw,0h,372,showers,0
Poland,warsaw,0h,372,snowfall,0.12189366068885221
Poland,warsaw,0h,372,snow_depth,0.0059115341967326705
Poland,warsaw,0h,372,weather_code,19.15485844767686
Poland,warsaw,0h,372,pressure_msl,0.3284044189191014
Poland,warsaw,0h,372,surface_pressure,0.3211203506006574
Poland,warsaw,0h,372,cloud_cover,25.23832637635804
Poland,warsaw,0h,372,wind_speed_10m,2.2062837922722025
Poland,warsaw,0h,372,wind_gusts_10m,3.8605601576950974
Poland,warsaw,1-6h,2028,temperature_2m,0.934454454858624
Poland,warsaw,1-6h,2028,relative_humidity_2m,5.767948575466911
Poland,warsaw,1-6h,2028,dew_point_2m,0.8672487045720242
Poland,warsaw,1-6h,2028,apparent_temperature,0.9576845844606717
Poland,warsaw,1-6h,2028,precipitation,0.1471290005430233
Poland,warsaw,1-6h,2028,rain,0.14280923400660842
Poland,warsaw,1-6h,2028,showers,0
Poland,warsaw,1-6h,2028,snowfall,0.047909966515525114
Poland,warsaw,1-6h,2028,snow_depth,0.005366269111911884
Poland,warsaw,1-6h,2028,weather_code,17.55124927419164
Poland,warsaw,1-6h,2028,pressure_msl,0.3774851904823964
Poland,warsaw,1-6h,2028,surface_pressure,0.3711090048639659
Poland,warsaw,1-6h,2028,cloud_cover,24.24370838897598
Poland,warsaw,1-6h,2028,wind_speed_10m,2.2609540497299228
Poland,warsaw,1-6h,2028,wind_gusts_10m,3.9543624326205493
Poland,warsaw,13-18h,924,temperature_2m,1.001481586433504
Poland,warsaw,13-18h,924,relative_humidity_2m,5.3873750123608
Poland,warsaw,13-18h,924,dew_point_2m,0.9230689449094672
Poland,warsaw,13-18h,924,apparent_temperature,1.0440928455505623
Poland,warsaw,13-18h,924,precipitation,0.15597757636597745
Poland,warsaw,13-18h,924,rain,0.1696061135874346
Poland,warsaw,13-18h,924,showers,0
Poland,warsaw,13-18h,924,snowfall,0.05969620057957092
Poland,warsaw,13-18h,924,snow_depth,0.00564076074817766
Poland,warsaw,13-18h,924,weather_code,19.329563746552445
Poland,warsaw,13-18h,924,pressure_msl,0.5943092319688968
Poland,warsaw,13-18h,924,surface_pressure,0.569897841532635
Poland,warsaw,13-18h,924,cloud_cover,24.05243190447653
Poland,warsaw,13-18h,924,wind_speed_10m,2.545312302766542
Poland,warsaw,13-18h,924,wind_gusts_10m,4.713263040065606
Poland,warsaw,19-24h,270,temperature_2m,1.0729329826159626
Poland,warsaw,19-24h,270,relative_humidity_2m,4.880801391392834
Poland,warsaw,19-24h,270,dew_point_2m,0.9701088140570165
Poland,warsaw,19-24h,270,apparent_temperature,1.1450376024878446
Poland,warsaw,19-24h,270,precipitation,0.09813067629253164
Poland,warsaw,19-24h,270,rain,0.20816659994661327
Poland,warsaw,19-24h,270,showers,0
Poland,warsaw,19-24h,270,snowfall,0.10590352003382869
Poland,warsaw,19-24h,270,snow_depth,0.005163977794943221
Poland,warsaw,19-24h,270,weather_code,21.349299580843223
Poland,warsaw,19-24h,270,pressure_msl,0.7345444544447627
Poland,warsaw,19-24h,270,surface_pressure,0.7112847010346407
Poland,warsaw,19-24h,270,cloud_cover,21.10415089941278
Poland,warsaw,19-24h,270,wind_speed_10m,2.4700427346730485
Poland,warsaw,19-24h,270,wind_gusts_10m,4.698581346179575
Poland,warsaw,7-12h,1404,temperature_2m,0.9773794837577957
Poland,warsaw,7-12h,1404,relative_humidity_2m,5.833638575652337
Poland,warsaw,7-12h,1404,dew_point_2m,0.8985585164069213
Poland,warsaw,7-12h,1404,apparent_temperature,1.010613195707948
Poland,warsaw,7-12h,1404,precipitation,0.12782923527234835
Poland,warsaw,7-12h,1404,rain,0.119590945735847
Poland,warsaw,7-12h,1404,showers,0
Poland,warsaw,7-12h,1404,snowfall,0.04727021191482998
Poland,warsaw,7-12h,1404,snow_depth,0.005270462766947298
Poland,warsaw,7-12h,1404,weather_code,17.447111778220183
Poland,warsaw,7-12h,1404,pressure_msl,0.457495348940291
Poland,warsaw,7-12h,1404,surface_pressure,0.4402958083611491
Poland,warsaw,7-12h,1404,cloud_cover,28.333081949613828
Poland,warsaw,7-12h,1404,wind_speed_10m,2.3822378092996885
Poland,warsaw,7-12h,1404,wind_gusts_10m,4.105322790436242
Portugal,aveiro,0h,372,temperature_2m,0.9969577379120921
Portugal,aveiro,0h,372,relative_humidity_2m,6.481155479085965
Portugal,aveiro,0h,372,dew_point_2m,1.2606961722436052
Portugal,aveiro,0h,372,apparent_temperature,1.2711014612261222
Portugal,aveiro,0h,372,precipitation,1.0068849012181458
Portugal,aveiro,0h,372,rain,1.1277773363701311
Portugal,aveiro,0h,372,showers,0.6524560711122113
Portugal,aveiro,0h,372,snowfall,0.025663245128736824
Portugal,aveiro,0h,372,snow_depth,7.332355751067665e-4
Portugal,aveiro,0h,372,weather_code,27.19987745070432
Portugal,aveiro,0h,372,pressure_msl,0.490884652373125
Portugal,aveiro,0h,372,surface_pressure,0.4912678353215361
Portugal,aveiro,0h,372,cloud_cover,25.713474982952512
Portugal,aveiro,0h,372,wind_speed_10m,5.68364471130111
Portugal,aveiro,0h,372,wind_gusts_10m,10.884229491006849
Portugal,aveiro,1-6h,2028,temperature_2m,0.9620972735166059
Portugal,aveiro,1-6h,2028,relative_humidity_2m,5.973230882821054
Portugal,aveiro,1-6h,2028,dew_point_2m,1.2271541459125561
Portugal,aveiro,1-6h,2028,apparent_temperature,1.3202825290851559
Portugal,aveiro,1-6h,2028,precipitation,0.9689560050100161
Portugal,aveiro,1-6h,2028,rain,1.034956096792501
Portugal,aveiro,1-6h,2028,showers,0.5388460165815452
Portugal,aveiro,1-6h,2028,snowfall,0.0384538453844615
Portugal,aveiro,1-6h,2028,snow_depth,7.022084070579052e-4
Portugal,aveiro,1-6h,2028,weather_code,26.289804985085876
Portugal,aveiro,1-6h,2028,pressure_msl,0.5077020201091186
Portugal,aveiro,1-6h,2028,surface_pressure,0.5084687147947752
Portugal,aveiro,1-6h,2028,cloud_cover,25.381507191217594
Portugal,aveiro,1-6h,2028,wind_speed_10m,5.697835154142929
Portugal,aveiro,1-6h,2028,wind_gusts_10m,10.404375312387844
Portugal,aveiro,13-18h,920,temperature_2m,0.9355537769498968
Portugal,aveiro,13-18h,920,relative_humidity_2m,5.931492956722799
Portugal,aveiro,13-18h,920,dew_point_2m,1.1938155854963166
Portugal,aveiro,13-18h,920,apparent_temperature,1.2672119345068218
Portugal,aveiro,13-18h,920,precipitation,0.7667832299542879
Portugal,aveiro,13-18h,920,rain,0.8982470852092739
Portugal,aveiro,13-18h,920,showers,0.5072517598058058
Portugal,aveiro,13-18h,920,snowfall,0.030090443376738333
Portugal,aveiro,13-18h,920,snow_depth,0
Portugal,aveiro,13-18h,920,weather_code,25.245920893069645
Portugal,aveiro,13-18h,920,pressure_msl,0.6095614959881444
Portugal,aveiro,13-18h,920,surface_pressure,0.6098110897789498
Portugal,aveiro,13-18h,920,cloud_cover,25.6912690295327
Portugal,aveiro,13-18h,920,wind_speed_10m,6.051431738601743
Portugal,aveiro,13-18h,920,wind_gusts_10m,11.469167552522114
Portugal,aveiro,19-24h,270,temperature_2m,1.1000336695183808
Portugal,aveiro,19-24h,270,relative_humidity_2m,5.409867527644892
Portugal,aveiro,19-24h,270,dew_point_2m,1.2423693015691757
Portugal,aveiro,19-24h,270,apparent_temperature,1.3456927171122273
Portugal,aveiro,19-24h,270,precipitation,0.915585220662881
Portugal,aveiro,19-24h,270,rain,1.0283031690155424
Portugal,aveiro,19-24h,270,showers,0.4712473597528946
Portugal,aveiro,19-24h,270,snowfall,0.054221766846903836
Portugal,aveiro,19-24h,270,snow_depth,0
Portugal,aveiro,19-24h,270,weather_code,26.584038653130023
Portugal,aveiro,19-24h,270,pressure_msl,0.7133644853010895
Portugal,aveiro,19-24h,270,surface_pressure,0.7137797149551643
Portugal,aveiro,19-24h,270,cloud_cover,25.39830848844218
Portugal,aveiro,19-24h,270,wind_speed_10m,5.478577809506297
Portugal,aveiro,19-24h,270,wind_gusts_10m,10.643346034721167
Portugal,aveiro,7-12h,1404,temperature_2m,0.9006566139113932
Portugal,aveiro,7-12h,1404,relative_humidity_2m,6.210458966115191
Portugal,aveiro,7-12h,1404,dew_point_2m,1.1483916661154498
Portugal,aveiro,7-12h,1404,apparent_temperature,1.2028929989619055
Portugal,aveiro,7-12h,1404,precipitation,1.051040726940022
Portugal,aveiro,7-12h,1404,rain,1.1221418266878207
Portugal,aveiro,7-12h,1404,showers,0.589461099195178
Portugal,aveiro,7-12h,1404,snowfall,0.044287650777570166
Portugal,aveiro,7-12h,1404,snow_depth,8.439494725697223e-4
Portugal,aveiro,7-12h,1404,weather_code,24.027198500996068
Portugal,aveiro,7-12h,1404,pressure_msl,0.5845591515915217
Portugal,aveiro,7-12h,1404,surface_pressure,0.585095019920856
Portugal,aveiro,7-12h,1404,cloud_cover,23.31788255231694
Portugal,aveiro,7-12h,1404,wind_speed_10m,5.760920510491802
Portugal,aveiro,7-12h,1404,wind_gusts_10m,10.7461952453281
Portugal,braga,0h,372,temperature_2m,1.012396284346767
Portugal,braga,0h,372,relative_humidity_2m,7.114274609951913
Portugal,braga,0h,372,dew_point_2m,1.2651448129955172
Portugal,braga,0h,372,apparent_temperature,1.1943414976057833
Portugal,braga,0h,372,precipitation,0.8320850866334821
Portugal,braga,0h,372,rain,0.8361136415017856
Portugal,braga,0h,372,showers,0.6243275952867686
Portugal,braga,0h,372,snowfall,0.11103617544775449
Portugal,braga,0h,372,snow_depth,0.003948594414403987
Portugal,braga,0h,372,weather_code,28.798708155017117
Portugal,braga,0h,372,pressure_msl,0.47801111248162326
Portugal,braga,0h,372,surface_pressure,0.4704150535225717
Portugal,braga,0h,372,cloud_cover,27.015427691105195
Portugal,braga,0h,372,wind_speed_10m,4.2517548559199305
Portugal,braga,0h,372,wind_gusts_10m,7.191837517750275
Portugal,braga,1-6h,2028,temperature_2m,0.9828309150077998
Portugal,braga,1-6h,2028,relative_humidity_2m,6.614191902021386
Portugal,braga,1-6h,2028,dew_point_2m,1.20441331769547
Portugal,braga,1-6h,2028,apparent_temperature,1.2425795526939816
Portugal,braga,1-6h,2028,precipitation,0.8749077156181252
Portugal,braga,1-6h,2028,rain,0.8993477803276528
Portugal,braga,1-6h,2028,showers,0.5419575156024213
Portugal,braga,1-6h,2028,snowfall,0.1343638675953747
Portugal,braga,1-6h,2028,snow_depth,0.005301557212342393
Portugal,braga,1-6h,2028,weather_code,26.728841472638276
Portugal,braga,1-6h,2028,pressure_msl,0.49702269383339504
Portugal,braga,1-6h,2028,surface_pressure,0.4857739508875975
Portugal,braga,1-6h,2028,cloud_cover,25.846745261853837
Portugal,braga,1-6h,2028,wind_speed_10m,4.408918252563879
Portugal,braga,1-6h,2028,wind_gusts_10m,6.83394185966071
Portugal,braga,13-18h,920,temperature_2m,0.8748291758717938
Portugal,braga,13-18h,920,relative_humidity_2m,7.063531571449905
Portugal,braga,13-18h,920,dew_point_2m,1.2220350098165729
Portugal,braga,13-18h,920,apparent_temperature,1.1319567513631084
Portugal,braga,13-18h,920,precipitation,0.7895100296744315
Portugal,braga,13-18h,920,rain,0.8591198731968311
Portugal,braga,13-18h,920,showers,0.5129200293629984
Portugal,braga,13-18h,920,snowfall,0.029008994107525252
Portugal,braga,13-18h,920,snow_depth,6.59380473395787e-4
Portugal,braga,13-18h,920,weather_code,28.248585959223732
Portugal,braga,13-18h,920,pressure_msl,0.5774381201554796
Portugal,braga,13-18h,920,surface_pressure,0.551006983306174
Portugal,braga,13-18h,920,cloud_cover,26.63505372542961
Portugal,braga,13-18h,920,wind_speed_10m,4.430634462368841
Portugal,braga,13-18h,920,wind_gusts_10m,7.368337078632317
Portugal,braga,19-24h,270,temperature_2m,0.9127492049358965
Portugal,braga,19-24h,270,relative_humidity_2m,4.519914781235331
Portugal,braga,19-24h,270,dew_point_2m,1.0169671687041928
Portugal,braga,19-24h,270,apparent_temperature,1.2446626792770743
Portugal,braga,19-24h,270,precipitation,0.5729068180971686
Portugal,braga,19-24h,270,rain,0.5337498373666159
Portugal,braga,19-24h,270,showers,0.41005871304990965
Portugal,braga,19-24h,270,snowfall,0.05004442470889684
Portugal,braga,19-24h,270,snow_depth,8.606629658238704e-4
Portugal,braga,19-24h,270,weather_code,28.66253200156505
Portugal,braga,19-24h,270,pressure_msl,0.6667222199076005
Portugal,braga,19-24h,270,surface_pressure,0.6385167998601846
Portugal,braga,19-24h,270,cloud_cover,27.663319744008657
Portugal,braga,19-24h,270,wind_speed_10m,3.945151736273552
Portugal,braga,19-24h,270,wind_gusts_10m,7.28478881973583
Portugal,braga,7-12h,1404,temperature_2m,0.9699325908377503
Portugal,braga,7-12h,1404,relative_humidity_2m,7.4504058284463275
Portugal,braga,7-12h,1404,dew_point_2m,1.2319928034717849
Portugal,braga,7-12h,1404,apparent_temperature,1.096725247181931
Portugal,braga,7-12h,1404,precipitation,0.8449025972621926
Portugal,braga,7-12h,1404,rain,0.925139552112648
Portugal,braga,7-12h,1404,showers,0.515555739758293
Portugal,braga,7-12h,1404,snowfall,0.025750833250701096
Portugal,braga,7-12h,1404,snow_depth,0.0033968311024337875
Portugal,braga,7-12h,1404,weather_code,27.199746521359547
Portugal,braga,7-12h,1404,pressure_msl,0.5792223886371947
Portugal,braga,7-12h,1404,surface_pressure,0.5631995491774942
Portugal,braga,7-12h,1404,cloud_cover,25.704933179131
Portugal,braga,7-12h,1404,wind_speed_10m,4.620666137642446
Portugal,braga,7-12h,1404,wind_gusts_10m,7.472318335733651
Portugal,coimbra,0h,372,temperature_2m,1.3221032445491205
Portugal,coimbra,0h,372,relative_humidity_2m,7.187204879401632
Portugal,coimbra,0h,372,dew_point_2m,1.5871798212383612
Portugal,coimbra,0h,372,apparent_temperature,1.9680239529969883
Portugal,coimbra,0h,372,precipitation,0.9102758650747774
Portugal,coimbra,0h,372,rain,0.9078510606851196
Portugal,coimbra,0h,372,showers,0.5499755615293919
Portugal,coimbra,0h,372,snowfall,0.05132649025747365
Portugal,coimbra,0h,372,snow_depth,0.001270001270001905
Portugal,coimbra,0h,372,weather_code,27.462486632550426
Portugal,coimbra,0h,372,pressure_msl,0.4606563806952706
Portugal,coimbra,0h,372,surface_pressure,0.45501979160547484
Portugal,coimbra,0h,372,cloud_cover,28.503065294504655
Portugal,coimbra,0h,372,wind_speed_10m,4.682838721825006
Portugal,coimbra,0h,372,wind_gusts_10m,7.385782622460301
Portugal,coimbra,1-6h,2026,temperature_2m,1.222752385339689
Portugal,coimbra,1-6h,2026,relative_humidity_2m,6.386374934000571
Portugal,coimbra,1-6h,2026,dew_point_2m,1.4144543630366884
Portugal,coimbra,1-6h,2026,apparent_temperature,1.8850531740256677
Portugal,coimbra,1-6h,2026,precipitation,0.8257815108444347
Portugal,coimbra,1-6h,2026,rain,0.8711001089441825
Portugal,coimbra,1-6h,2026,showers,0.4328217295328123
Portugal,coimbra,1-6h,2026,snowfall,0.10679851591191315
Portugal,coimbra,1-6h,2026,snow_depth,0.0014736916328146259
Portugal,coimbra,1-6h,2026,weather_code,27.332962140032862
Portugal,coimbra,1-6h,2026,pressure_msl,0.4644095275501648
Portugal,coimbra,1-6h,2026,surface_pressure,0.4626845567044896
Portugal,coimbra,1-6h,2026,cloud_cover,26.852104908292066
Portugal,coimbra,1-6h,2026,wind_speed_10m,4.913697437511161
Portugal,coimbra,1-6h,2026,wind_gusts_10m,7.614687449631632
Portugal,coimbra,13-18h,914,temperature_2m,1.2391321873313297
Portugal,coimbra,13-18h,914,relative_humidity_2m,6.757441800981661
Portugal,coimbra,13-18h,914,dew_point_2m,1.5510919426139809
Portugal,coimbra,13-18h,914,apparent_temperature,1.9167464227214088
Portugal,coimbra,13-18h,914,precipitation,0.6833595732451058
Portugal,coimbra,13-18h,914,rain,0.7240023695211294
Portugal,coimbra,13-18h,914,showers,0.4413773945008598
Portugal,coimbra,13-18h,914,snowfall,0.1607157132373821
Portugal,coimbra,13-18h,914,snow_depth,0.001403340809174964
Portugal,coimbra,13-18h,914,weather_code,27.71178643142673
Portugal,coimbra,13-18h,914,pressure_msl,0.5734650333020574
Portugal,coimbra,13-18h,914,surface_pressure,0.5728159930777105
Portugal,coimbra,13-18h,914,cloud_cover,30.575300739604945
Portugal,coimbra,13-18h,914,wind_speed_10m,4.860675948706824
Portugal,coimbra,13-18h,914,wind_gusts_10m,7.659551609160401
Portugal,coimbra,19-24h,270,temperature_2m,1.3275150832650815
Portugal,coimbra,19-24h,270,relative_humidity_2m,6.225990922171584
Portugal,coimbra,19-24h,270,dew_point_2m,1.5764235189539362
Portugal,coimbra,19-24h,270,apparent_temperature,2.0922077653362567
Portugal,coimbra,19-24h,270,precipitation,0.7493701058592847
Portugal,coimbra,19-24h,270,rain,0.5030278690460769
Portugal,coimbra,19-24h,270,showers,0.2677754725580812
Portugal,coimbra,19-24h,270,snowfall,0.2831581157560534
Portugal,coimbra,19-24h,270,snow_depth,0.0025819888974716113
Portugal,coimbra,19-24h,270,weather_code,31.22510860521397
Portugal,coimbra,19-24h,270,pressure_msl,0.6738501866691663
Portugal,coimbra,19-24h,270,surface_pressure,0.6723645395721597
Portugal,coimbra,19-24h,270,cloud_cover,33.26893779822588
Portugal,coimbra,19-24h,270,wind_speed_10m,5.155284954584272
Portugal,coimbra,19-24h,270,wind_gusts_10m,8.651208436247932
Portugal,coimbra,7-12h,1400,temperature_2m,1.0737052002960854
Portugal,coimbra,7-12h,1400,relative_humidity_2m,7.069653456853454
Portugal,coimbra,7-12h,1400,dew_point_2m,1.450674719865602
Portugal,coimbra,7-12h,1400,apparent_temperature,1.6626785618392992
Portugal,coimbra,7-12h,1400,precipitation,0.852902607067687
Portugal,coimbra,7-12h,1400,rain,0.9097173815453425
Portugal,coimbra,7-12h,1400,showers,0.45209038287240116
Portugal,coimbra,7-12h,1400,snowfall,0.12435031162003575
Portugal,coimbra,7-12h,1400,snow_depth,0.0015583874449479592
Portugal,coimbra,7-12h,1400,weather_code,26.54535202791092
Portugal,coimbra,7-12h,1400,pressure_msl,0.543388837363659
Portugal,coimbra,7-12h,1400,surface_pressure,0.542204494896261
Portugal,coimbra,7-12h,1400,cloud_cover,25.323788928876453
Portugal,coimbra,7-12h,1400,wind_speed_10m,4.760958786991185
Portugal,coimbra,7-12h,1400,wind_gusts_10m,7.458116384181732
Portugal,funchal,0h,372,temperature_2m,1.349033903620765
Portugal,funchal,0h,372,relative_humidity_2m,13.87695544682328
Portugal,funchal,0h,372,dew_point_2m,2.218180015383143
Portugal,funchal,0h,372,apparent_temperature,1.5053846005917972
Portugal,funchal,0h,372,precipitation,0.19330181426424703
Portugal,funchal,0h,372,rain,0.22599838233315808
Portugal,funchal,0h,372,showers,0.12203472095383171
Portugal,funchal,0h,372,snowfall,0
Portugal,funchal,0h,372,snow_depth,0
Portugal,funchal,0h,372,weather_code,23.913598956530226
Portugal,funchal,0h,372,pressure_msl,0.5320886012403326
Portugal,funchal,0h,372,surface_pressure,0.5133696398276566
Portugal,funchal,0h,372,cloud_cover,36.28367920076582
Portugal,funchal,0h,372,wind_speed_10m,6.741537905651302
Portugal,funchal,0h,372,wind_gusts_10m,15.704422019537743
Portugal,funchal,1-6h,2024,temperature_2m,1.3245627214904
Portugal,funchal,1-6h,2024,relative_humidity_2m,13.60862461939562
Portugal,funchal,1-6h,2024,dew_point_2m,2.2327224205249125
Portugal,funchal,1-6h,2024,apparent_temperature,1.550554535509452
Portugal,funchal,1-6h,2024,precipitation,0.7726679819150525
Portugal,funchal,1-6h,2024,rain,0.7689181867179451
Portugal,funchal,1-6h,2024,showers,0.22221041909805045
Portugal,funchal,1-6h,2024,snowfall,0
Portugal,funchal,1-6h,2024,snow_depth,0
Portugal,funchal,1-6h,2024,weather_code,22.486029918640067
Portugal,funchal,1-6h,2024,pressure_msl,0.5356555586105236
Portugal,funchal,1-6h,2024,surface_pressure,0.512858377542007
Portugal,funchal,1-6h,2024,cloud_cover,35.97791098787398
Portugal,funchal,1-6h,2024,wind_speed_10m,6.889130465964127
Portugal,funchal,1-6h,2024,wind_gusts_10m,14.318808976791122
Portugal,funchal,13-18h,906,temperature_2m,1.2503774264634144
Portugal,funchal,13-18h,906,relative_humidity_2m,12.179942256738471
Portugal,funchal,13-18h,906,dew_point_2m,2.116256847917477
Portugal,funchal,13-18h,906,apparent_temperature,1.6709503449198118
Portugal,funchal,13-18h,906,precipitation,0.23581150102923318
Portugal,funchal,13-18h,906,rain,0.22727874766258468
Portugal,funchal,13-18h,906,showers,0.10928222571174208
Portugal,funchal,13-18h,906,snowfall,0
Portugal,funchal,13-18h,906,snow_depth,0
Portugal,funchal,13-18h,906,weather_code,22.07417757637392
Portugal,funchal,13-18h,906,pressure_msl,0.5372647593445485
Portugal,funchal,13-18h,906,surface_pressure,0.5108535038817458
Portugal,funchal,13-18h,906,cloud_cover,35.401388082188184
Portugal,funchal,13-18h,906,wind_speed_10m,7.186007067331895
Portugal,funchal,13-18h,906,wind_gusts_10m,14.908847396238475
Portugal,funchal,19-24h,270,temperature_2m,1.4508745766044138
Portugal,funchal,19-24h,270,relative_humidity_2m,15.167948663766854
Portugal,funchal,19-24h,270,dew_point_2m,2.4779322323558706
Portugal,funchal,19-24h,270,apparent_temperature,1.5002715803529754
Portugal,funchal,19-24h,270,precipitation,0.22110831935702666
Portugal,funchal,19-24h,270,rain,0.21099411963018902
Portugal,funchal,19-24h,270,showers,0.1960725489313699
Portugal,funchal,19-24h,270,snowfall,0
Portugal,funchal,19-24h,270,snow_depth,0
Portugal,funchal,19-24h,270,weather_code,21.56420216040498
Portugal,funchal,19-24h,270,pressure_msl,0.5732299648418498
Portugal,funchal,19-24h,270,surface_pressure,0.5430367288580819
Portugal,funchal,19-24h,270,cloud_cover,36.73932195587961
Portugal,funchal,19-24h,270,wind_speed_10m,5.979186120758131
Portugal,funchal,19-24h,270,wind_gusts_10m,13.006363115086458
Portugal,funchal,7-12h,1396,temperature_2m,1.109628348427183
Portugal,funchal,7-12h,1396,relative_humidity_2m,11.279085292832036
Portugal,funchal,7-12h,1396,dew_point_2m,1.9149876371480312
Portugal,funchal,7-12h,1396,apparent_temperature,1.615629251918942
Portugal,funchal,7-12h,1396,precipitation,0.5019874540379086
Portugal,funchal,7-12h,1396,rain,0.5106179188256009
Portugal,funchal,7-12h,1396,showers,0.13636710944609023
Portugal,funchal,7-12h,1396,snowfall,0
Portugal,funchal,7-12h,1396,snow_depth,0
Portugal,funchal,7-12h,1396,weather_code,22.67715991172376
Portugal,funchal,7-12h,1396,pressure_msl,0.587842444244217
Portugal,funchal,7-12h,1396,surface_pressure,0.5619628922478868
Portugal,funchal,7-12h,1396,cloud_cover,33.946928915706394
Portugal,funchal,7-12h,1396,wind_speed_10m,7.051180071530307
Portugal,funchal,7-12h,1396,wind_gusts_10m,14.3797130058915
Portugal,lisbon,0h,372,temperature_2m,0.9871213715397603
Portugal,lisbon,0h,372,relative_humidity_2m,5.899699281565394
Portugal,lisbon,0h,372,dew_point_2m,1.2666525183137392
Portugal,lisbon,0h,372,apparent_temperature,1.4925441943349653
Portugal,lisbon,0h,372,precipitation,1.104463086606981
Portugal,lisbon,0h,372,rain,0.9492498453079696
Portugal,lisbon,0h,372,showers,0.44967132560934864
Portugal,lisbon,0h,372,snowfall,0
Portugal,lisbon,0h,372,snow_depth,0
Portugal,lisbon,0h,372,weather_code,19.43890346037902
Portugal,lisbon,0h,372,pressure_msl,0.4584921523466212
Portugal,lisbon,0h,372,surface_pressure,0.44219637539061374
Portugal,lisbon,0h,372,cloud_cover,28.825112259524566
Portugal,lisbon,0h,372,wind_speed_10m,4.55874440363072
Portugal,lisbon,0h,372,wind_gusts_10m,7.560839260464452
Portugal,lisbon,1-6h,2024,temperature_2m,0.9438222265113897
Portugal,lisbon,1-6h,2024,relative_humidity_2m,5.979874018792739
Portugal,lisbon,1-6h,2024,dew_point_2m,1.2496481718306491
Portugal,lisbon,1-6h,2024,apparent_temperature,1.453321804960864
Portugal,lisbon,1-6h,2024,precipitation,0.8111622462388891
Portugal,lisbon,1-6h,2024,rain,0.7764378476254854
Portugal,lisbon,1-6h,2024,showers,0.4498682284012744
Portugal,lisbon,1-6h,2024,snowfall,0
Portugal,lisbon,1-6h,2024,snow_depth,0
Portugal,lisbon,1-6h,2024,weather_code,23.490200631150422
Portugal,lisbon,1-6h,2024,pressure_msl,0.47226432941515756
Portugal,lisbon,1-6h,2024,surface_pressure,0.4608057044278029
Portugal,lisbon,1-6h,2024,cloud_cover,27.37031946017033
Portugal,lisbon,1-6h,2024,wind_speed_10m,4.762208151920015
Portugal,lisbon,1-6h,2024,wind_gusts_10m,8.018322644026954
Portugal,lisbon,13-18h,904,temperature_2m,0.9086969178420137
Portugal,lisbon,13-18h,904,relative_humidity_2m,6.425371446857255
Portugal,lisbon,13-18h,904,dew_point_2m,1.3037810908060306
Portugal,lisbon,13-18h,904,apparent_temperature,1.39283088568074
Portugal,lisbon,13-18h,904,precipitation,0.6917977094472489
Portugal,lisbon,13-18h,904,rain,0.7083571920326812
Portugal,lisbon,13-18h,904,showers,0.43639715612742735
Portugal,lisbon,13-18h,904,snowfall,0
Portugal,lisbon,13-18h,904,snow_depth,0
Portugal,lisbon,13-18h,904,weather_code,23.248417968823112
Portugal,lisbon,13-18h,904,pressure_msl,0.5306949859774384
Portugal,lisbon,13-18h,904,surface_pressure,0.5213367773313434
Portugal,lisbon,13-18h,904,cloud_cover,29.165874409804612
Portugal,lisbon,13-18h,904,wind_speed_10m,4.431197225305766
Portugal,lisbon,13-18h,904,wind_gusts_10m,7.447181268745747
Portugal,lisbon,19-24h,270,temperature_2m,0.7501111028818775
Portugal,lisbon,19-24h,270,relative_humidity_2m,6.200358412579424
Portugal,lisbon,19-24h,270,dew_point_2m,1.3181356081532285
Portugal,lisbon,19-24h,270,apparent_temperature,1.4517677602253156
Portugal,lisbon,19-24h,270,precipitation,0.40588266868732
Portugal,lisbon,19-24h,270,rain,0.42990093604784674
Portugal,lisbon,19-24h,270,showers,0.29801814511001645
Portugal,lisbon,19-24h,270,snowfall,0
Portugal,lisbon,19-24h,270,snow_depth,0
Portugal,lisbon,19-24h,270,weather_code,27.271746334771965
Portugal,lisbon,19-24h,270,pressure_msl,0.5725834889794227
Portugal,lisbon,19-24h,270,surface_pressure,0.5618751673670005
Portugal,lisbon,19-24h,270,cloud_cover,29.588661492012257
Portugal,lisbon,19-24h,270,wind_speed_10m,4.966107351056984
Portugal,lisbon,19-24h,270,wind_gusts_10m,8.670153144873252
Portugal,lisbon,7-12h,1396,temperature_2m,0.866116385437436
Portugal,lisbon,7-12h,1396,relative_humidity_2m,6.283420673340771
Portugal,lisbon,7-12h,1396,dew_point_2m,1.271006865725777
Portugal,lisbon,7-12h,1396,apparent_temperature,1.2436140604030221
Portugal,lisbon,7-12h,1396,precipitation,0.7978750431785798
Portugal,lisbon,7-12h,1396,rain,0.7646000134160078
Portugal,lisbon,7-12h,1396,showers,0.5267486909154011
Portugal,lisbon,7-12h,1396,snowfall,0
Portugal,lisbon,7-12h,1396,snow_depth,0
Portugal,lisbon,7-12h,1396,weather_code,24.683265795173586
Portugal,lisbon,7-12h,1396,pressure_msl,0.5246229373188239
Portugal,lisbon,7-12h,1396,surface_pressure,0.511710990243339
Portugal,lisbon,7-12h,1396,cloud_cover,28.03502721090765
Portugal,lisbon,7-12h,1396,wind_speed_10m,4.31526410524249
Portugal,lisbon,7-12h,1396,wind_gusts_10m,7.369585331999084
Portugal,porto,0h,372,temperature_2m,0.956668727284132
Portugal,porto,0h,372,relative_humidity_2m,7.178222741071087
Portugal,porto,0h,372,dew_point_2m,1.1549565927699603
Portugal,porto,0h,372,apparent_temperature,1.2612504462524654
Portugal,porto,0h,372,precipitation,1.0178250055562026
Portugal,porto,0h,372,rain,1.0508828853443553
Portugal,porto,0h,372,showers,0.8118080179848658
Portugal,porto,0h,372,snowfall,0.0943626042204687
Portugal,porto,0h,372,snow_depth,0.006639730529575455
Portugal,porto,0h,372,weather_code,26.821893641102665
Portugal,porto,0h,372,pressure_msl,0.45896095835084166
Portugal,porto,0h,372,surface_pressure,0.45026873696034925
Portugal,porto,0h,372,cloud_cover,23.762602768269737
Portugal,porto,0h,372,wind_speed_10m,4.54956573610018
Portugal,porto,0h,372,wind_gusts_10m,6.755284669630284
Portugal,porto,1-6h,2012,temperature_2m,0.9431293875972178
Portugal,porto,1-6h,2012,relative_humidity_2m,6.8454248191236715
Portugal,porto,1-6h,2012,dew_point_2m,1.1415041870904938
Portugal,porto,1-6h,2012,apparent_temperature,1.3383062498136435
Portugal,porto,1-6h,2012,precipitation,1.057816686926971
Portugal,porto,1-6h,2012,rain,1.136617177571191
Portugal,porto,1-6h,2012,showers,0.7203861897797926
Portugal,porto,1-6h,2012,snowfall,0.11103122266086508
Portugal,porto,1-6h,2012,snow_depth,0.006129808535663787
Portugal,porto,1-6h,2012,weather_code,26.694725132516282
Portugal,porto,1-6h,2012,pressure_msl,0.4989651318311738
Portugal,porto,1-6h,2012,surface_pressure,0.4913870496913577
Portugal,porto,1-6h,2012,cloud_cover,24.799714613890572
Portugal,porto,1-6h,2012,wind_speed_10m,4.902339482896569
Portugal,porto,1-6h,2012,wind_gusts_10m,7.057055181377144
Portugal,porto,13-18h,896,temperature_2m,0.7268295880053316
Portugal,porto,13-18h,896,relative_humidity_2m,6.462805671135188
Portugal,porto,13-18h,896,dew_point_2m,1.119749653143186
Portugal,porto,13-18h,896,apparent_temperature,1.1505239489653647
Portugal,porto,13-18h,896,precipitation,0.9165882001048391
Portugal,porto,13-18h,896,rain,1.0121582315598119
Portugal,porto,13-18h,896,showers,0.69665976016171
Portugal,porto,13-18h,896,snowfall,0.032739502134271986
Portugal,porto,13-18h,896,snow_depth,0.0034395286221889686
Portugal,porto,13-18h,896,weather_code,25.922790579499182
Portugal,porto,13-18h,896,pressure_msl,0.5844525827033134
Portugal,porto,13-18h,896,surface_pressure,0.5791195595779122
Portugal,porto,13-18h,896,cloud_cover,25.226474188835823
Portugal,porto,13-18h,896,wind_speed_10m,4.994420994612746
Portugal,porto,13-18h,896,wind_gusts_10m,7.288850646706928
Portugal,porto,19-24h,270,temperature_2m,0.837810196838118
Portugal,porto,19-24h,270,relative_humidity_2m,6.999470879473147
Portugal,porto,19-24h,270,dew_point_2m,1.0979442069073826
Portugal,porto,19-24h,270,apparent_temperature,1.2578935949818235
Portugal,porto,19-24h,270,precipitation,0.629344161865409
Portugal,porto,19-24h,270,rain,0.7231105647747714
Portugal,porto,19-24h,270,showers,0.7298401651503339
Portugal,porto,19-24h,270,snowfall,0.012049281521534188
Portugal,porto,19-24h,270,snow_depth,8.606629658238704e-4
Portugal,porto,19-24h,270,weather_code,29.782918295933026
Portugal,porto,19-24h,270,pressure_msl,0.6701022586419466
Portugal,porto,19-24h,270,surface_pressure,0.6603029607687736
Portugal,porto,19-24h,270,cloud_cover,24.012496746485986
Portugal,porto,19-24h,270,wind_speed_10m,5.407217398995531
Portugal,porto,19-24h,270,wind_gusts_10m,9.36248621617934
Portugal,porto,7-12h,1394,temperature_2m,0.855055016814154
Portugal,porto,7-12h,1394,relative_humidity_2m,6.367961413839535
Portugal,porto,7-12h,1394,dew_point_2m,1.1793841254449318
Portugal,porto,7-12h,1394,apparent_temperature,1.2016189461813984
Portugal,porto,7-12h,1394,precipitation,1.0306076267641011
Portugal,porto,7-12h,1394,rain,1.173249176365439
Portugal,porto,7-12h,1394,showers,0.7614642693997227
Portugal,porto,7-12h,1394,snowfall,0.03923771499891048
Portugal,porto,7-12h,1394,snow_depth,0.006722625025314885
Portugal,porto,7-12h,1394,weather_code,25.335368918193137
Portugal,porto,7-12h,1394,pressure_msl,0.588020046701476
Portugal,porto,7-12h,1394,surface_pressure,0.5761894316273821
Portugal,porto,7-12h,1394,cloud_cover,23.474672697391146
Portugal,porto,7-12h,1394,wind_speed_10m,4.726300842695812
Portugal,porto,7-12h,1394,wind_gusts_10m,7.261880386179952
Qatar,doha,0h,372,temperature_2m,1.4718505651123368
Qatar,doha,0h,372,relative_humidity_2m,10.611922692227193
Qatar,doha,0h,372,dew_point_2m,2.24635906129409
Qatar,doha,0h,372,apparent_temperature,1.5078290311228173
Qatar,doha,0h,372,precipitation,0.11845783243211962
Qatar,doha,0h,372,rain,0.3047120975044991
Qatar,doha,0h,372,showers,0.29191617591945956
Qatar,doha,0h,372,snowfall,0
Qatar,doha,0h,372,snow_depth,0
Qatar,doha,0h,372,weather_code,8.818967827834905
Qatar,doha,0h,372,pressure_msl,0.3384023183021347
Qatar,doha,0h,372,surface_pressure,0.33911649915626646
Qatar,doha,0h,372,cloud_cover,34.45091568300978
Qatar,doha,0h,372,wind_speed_10m,3.3931936933897853
Qatar,doha,0h,372,wind_gusts_10m,7.693178796830345
Qatar,doha,1-6h,2006,temperature_2m,1.4939759394571819
Qatar,doha,1-6h,2006,relative_humidity_2m,9.758857213713451
Qatar,doha,1-6h,2006,dew_point_2m,2.1038681556482923
Qatar,doha,1-6h,2006,apparent_temperature,1.5427216307261233
Qatar,doha,1-6h,2006,precipitation,0.5138170647923098
Qatar,doha,1-6h,2006,rain,0.4980620469301223
Qatar,doha,1-6h,2006,showers,0.23767736201572864
Qatar,doha,1-6h,2006,snowfall,0
Qatar,doha,1-6h,2006,snow_depth,0
Qatar,doha,1-6h,2006,weather_code,10.589221179314684
Qatar,doha,1-6h,2006,pressure_msl,0.386512385993542
Qatar,doha,1-6h,2006,surface_pressure,0.38622853668824475
Qatar,doha,1-6h,2006,cloud_cover,34.01399922927752
Qatar,doha,1-6h,2006,wind_speed_10m,3.3367675894736086
Qatar,doha,1-6h,2006,wind_gusts_10m,7.93076596889857
Qatar,doha,13-18h,886,temperature_2m,1.3698544187862343
Qatar,doha,13-18h,886,relative_humidity_2m,8.799753741680572
Qatar,doha,13-18h,886,dew_point_2m,1.5860708582829322
Qatar,doha,13-18h,886,apparent_temperature,1.4174899126167364
Qatar,doha,13-18h,886,precipitation,0.5129694898499618
Qatar,doha,13-18h,886,rain,0.4978509118943548
Qatar,doha,13-18h,886,showers,0.18933172245735305
Qatar,doha,13-18h,886,snowfall,0
Qatar,doha,13-18h,886,snow_depth,0
Qatar,doha,13-18h,886,weather_code,10.32223487096554
Qatar,doha,13-18h,886,pressure_msl,0.5128594648632082
Qatar,doha,13-18h,886,surface_pressure,0.5121767824037023
Qatar,doha,13-18h,886,cloud_cover,34.40926826690241
Qatar,doha,13-18h,886,wind_speed_10m,3.2559547808574854
Qatar,doha,13-18h,886,wind_gusts_10m,7.30032622419601
Qatar,doha,19-24h,270,temperature_2m,1.390630019757898
Qatar,doha,19-24h,270,relative_humidity_2m,9.105960603830797
Qatar,doha,19-24h,270,dew_point_2m,1.4242086821706887
Qatar,doha,19-24h,270,apparent_temperature,1.3147876888177294
Qatar,doha,19-24h,270,precipitation,0.21636731457134373
Qatar,doha,19-24h,270,rain,0.2202691955733223
Qatar,doha,19-24h,270,showers,0.02854496128592251
Qatar,doha,19-24h,270,snowfall,0
Qatar,doha,19-24h,270,snow_depth,0
Qatar,doha,19-24h,270,weather_code,8.285194291291209
Qatar,doha,19-24h,270,pressure_msl,0.4155317877932679
Qatar,doha,19-24h,270,surface_pressure,0.41579909678700505
Qatar,doha,19-24h,270,cloud_cover,40.45738498716891
Qatar,doha,19-24h,270,wind_speed_10m,3.219109607743524
Qatar,doha,19-24h,270,wind_gusts_10m,7.454538761596733
Qatar,doha,7-12h,1394,temperature_2m,1.2163755932815872
Qatar,doha,7-12h,1394,relative_humidity_2m,8.750650723907457
Qatar,doha,7-12h,1394,dew_point_2m,2.058565058585814
Qatar,doha,7-12h,1394,apparent_temperature,1.3612172795207962
Qatar,doha,7-12h,1394,precipitation,0.541478924900968
Qatar,doha,7-12h,1394,rain,0.5833288925157192
Qatar,doha,7-12h,1394,showers,0.30806938047309884
Qatar,doha,7-12h,1394,snowfall,0
Qatar,doha,7-12h,1394,snow_depth,0
Qatar,doha,7-12h,1394,weather_code,11.01140663313149
Qatar,doha,7-12h,1394,pressure_msl,0.4357746775386715
Qatar,doha,7-12h,1394,surface_pressure,0.43458781738407015
Qatar,doha,7-12h,1394,cloud_cover,36.36551253800887
Qatar,doha,7-12h,1394,wind_speed_10m,3.623383724176276
Qatar,doha,7-12h,1394,wind_gusts_10m,8.304050799721876
Romania,bucharest,0h,372,temperature_2m,0.931064831486029
Romania,bucharest,0h,372,relative_humidity_2m,4.339119379464837
Romania,bucharest,0h,372,dew_point_2m,0.8140235921655776
Romania,bucharest,0h,372,apparent_temperature,1.0676322914175176
Romania,bucharest,0h,372,precipitation,0.2839809171235324
Romania,bucharest,0h,372,rain,0.2878358253685448
Romania,bucharest,0h,372,showers,0.03948594414403987
Romania,bucharest,0h,372,snowfall,0.005132649025747366
Romania,bucharest,0h,372,snow_depth,0.0026437184630417735
Romania,bucharest,0h,372,weather_code,28.37299564234327
Romania,bucharest,0h,372,pressure_msl,0.39150934841007184
Romania,bucharest,0h,372,surface_pressure,0.3854894947176042
Romania,bucharest,0h,372,cloud_cover,27.724741483421997
Romania,bucharest,0h,372,wind_speed_10m,2.591570288288509
Romania,bucharest,0h,372,wind_gusts_10m,4.364975458429082
Romania,bucharest,1-6h,2002,temperature_2m,1.017940959095269
Romania,bucharest,1-6h,2002,relative_humidity_2m,4.536014172753936
Romania,bucharest,1-6h,2002,dew_point_2m,0.8403296056630672
Romania,bucharest,1-6h,2002,apparent_temperature,1.1771976069437984
Romania,bucharest,1-6h,2002,precipitation,0.28961374945973106
Romania,bucharest,1-6h,2002,rain,0.28812667876644643
Romania,bucharest,1-6h,2002,showers,0.05896205115600607
Romania,bucharest,1-6h,2002,snowfall,0.007337993857053428
Romania,bucharest,1-6h,2002,snow_depth,0.002189795605805436
Romania,bucharest,1-6h,2002,weather_code,27.441464356589393
Romania,bucharest,1-6h,2002,pressure_msl,0.4233683493611215
Romania,bucharest,1-6h,2002,surface_pressure,0.4175352252632871
Romania,bucharest,1-6h,2002,cloud_cover,27.456768307179303
Romania,bucharest,1-6h,2002,wind_speed_10m,2.658321524321941
Romania,bucharest,1-6h,2002,wind_gusts_10m,4.394565711444965
Romania,bucharest,13-18h,880,temperature_2m,0.9601964761064647
Romania,bucharest,13-18h,880,relative_humidity_2m,4.267211139502112
Romania,bucharest,13-18h,880,dew_point_2m,0.88985443140488385
Romania,bucharest,13-18h,880,apparent_temperature,1.2783245426587242
Romania,bucharest,13-18h,880,precipitation,0.5439334852384401
Romania,bucharest,13-18h,880,rain,0.5385164807134504
Romania,bucharest,13-18h,880,showers,0.05414626655475132
Romania,bucharest,13-18h,880,snowfall,0.034999999999999996
Romania,bucharest,13-18h,880,snow_depth,0.0015075567228888182
Romania,bucharest,13-18h,880,weather_code,23.841045584148663
Romania,bucharest,13-18h,880,pressure_msl,0.5796942767920433
Romania,bucharest,13-18h,880,surface_pressure,0.5639954867646644
Romania,bucharest,13-18h,880,cloud_cover,31.3613108492266
Romania,bucharest,13-18h,880,wind_speed_10m,3.124892725431474
Romania,bucharest,13-18h,880,wind_gusts_10m,5.0057535078965065
Romania,bucharest,19-24h,270,temperature_2m,0.947198598597562
Romania,bucharest,19-24h,270,relative_humidity_2m,4
Romania,bucharest,19-24h,270,dew_point_2m,0.8631552797944511
Romania,bucharest,19-24h,270,apparent_temperature,1.1969096008440205
Romania,bucharest,19-24h,270,precipitation,0.18297945644656802
Romania,bucharest,19-24h,270,rain,0.1714858810730709
Romania,bucharest,19-24h,270,showers,0.1164283279771532
Romania,bucharest,19-24h,270,snowfall,0.01704025734460517
Romania,bucharest,19-24h,270,snow_depth,0
Romania,bucharest,19-24h,270,weather_code,26.092570249444996
Romania,bucharest,19-24h,270,pressure_msl,0.6275761721511154
Romania,bucharest,19-24h,270,surface_pressure,0.6188400140286386
Romania,bucharest,19-24h,270,cloud_cover,28.65658737533135
Romania,bucharest,19-24h,270,wind_speed_10m,2.812946260892068
Romania,bucharest,19-24h,270,wind_gusts_10m,4.36940541764022
Romania,bucharest,7-12h,1394,temperature_2m,1.0614072573021434
Romania,bucharest,7-12h,1394,relative_humidity_2m,5.351356443176115
Romania,bucharest,7-12h,1394,dew_point_2m,0.8806545107409481
Romania,bucharest,7-12h,1394,apparent_temperature,1.237725965920765
Romania,bucharest,7-12h,1394,precipitation,0.35781899514350735
Romania,bucharest,7-12h,1394,rain,0.34913296994556803
Romania,bucharest,7-12h,1394,showers,0.07641538676398761
Romania,bucharest,7-12h,1394,snowfall,0.02651439066774996
Romania,bucharest,7-12h,1394,snow_depth,0.0017357743177227843
Romania,bucharest,7-12h,1394,weather_code,24.351797532042823
Romania,bucharest,7-12h,1394,pressure_msl,0.5074481124219261
Romania,bucharest,7-12h,1394,surface_pressure,0.495416581948984
Romania,bucharest,7-12h,1394,cloud_cover,28.243103295984692
Romania,bucharest,7-12h,1394,wind_speed_10m,2.542843785876105
Romania,bucharest,7-12h,1394,wind_gusts_10m,4.2666199632785835
Russia,arkhangelsk,0h,372,temperature_2m,1.0420203700566046
Russia,arkhangelsk,0h,372,relative_humidity_2m,3.7459655717206117
Russia,arkhangelsk,0h,372,dew_point_2m,1.1806686641999338
Russia,arkhangelsk,0h,372,apparent_temperature,1.1930353445448854
Russia,arkhangelsk,0h,372,precipitation,0.12805408803457075
Russia,arkhangelsk,0h,372,rain,0.06434116059130857
Russia,arkhangelsk,0h,372,showers,0.010369516947304255
Russia,arkhangelsk,0h,372,snowfall,0.08228262336317968
Russia,arkhangelsk,0h,372,snow_depth,0.014828771800735203
Russia,arkhangelsk,0h,372,weather_code,28.75583157313253
Russia,arkhangelsk,0h,372,pressure_msl,0.4148454823106316
Russia,arkhangelsk,0h,372,surface_pressure,0.41257127113196135
Russia,arkhangelsk,0h,372,cloud_cover,18.014629658153677
Russia,arkhangelsk,0h,372,wind_speed_10m,4.88910353064172
Russia,arkhangelsk,0h,372,wind_gusts_10m,5.4201188337566
Russia,arkhangelsk,1-6h,1996,temperature_2m,1.252072430309638
Russia,arkhangelsk,1-6h,1996,relative_humidity_2m,3.8170853121932082
Russia,arkhangelsk,1-6h,1996,dew_point_2m,1.3483122382384456
Russia,arkhangelsk,1-6h,1996,apparent_temperature,1.3437042390959137
Russia,arkhangelsk,1-6h,1996,precipitation,0.13717738614852334
Russia,arkhangelsk,1-6h,1996,rain,0.06211050982612946
Russia,arkhangelsk,1-6h,1996,showers,0.007753724297456154
Russia,arkhangelsk,1-6h,1996,snowfall,0.08899179219543965
Russia,arkhangelsk,1-6h,1996,snow_depth,0.015038361101171177
Russia,arkhangelsk,1-6h,1996,weather_code,28.760377581618684
Russia,arkhangelsk,1-6h,1996,pressure_msl,0.4737286540577358
Russia,arkhangelsk,1-6h,1996,surface_pressure,0.47096030322568194
Russia,arkhangelsk,1-6h,1996,cloud_cover,17.393333668742876
Russia,arkhangelsk,1-6h,1996,wind_speed_10m,4.924782936734156
Russia,arkhangelsk,1-6h,1996,wind_gusts_10m,5.721877293294487
Russia,arkhangelsk,13-18h,876,temperature_2m,1.5745695940137718
Russia,arkhangelsk,13-18h,876,relative_humidity_2m,3.520001556662171
Russia,arkhangelsk,13-18h,876,dew_point_2m,1.5633648291557207
Russia,arkhangelsk,13-18h,876,apparent_temperature,1.691909299467785
Russia,arkhangelsk,13-18h,876,precipitation,0.16552117772047362
Russia,arkhangelsk,13-18h,876,rain,0.07865884954582127
Russia,arkhangelsk,13-18h,876,showers,0.004778184825674966
Russia,arkhangelsk,13-18h,876,snowfall,0.1111336354642772
Russia,arkhangelsk,13-18h,876,snow_depth,0.015512551995284098
Russia,arkhangelsk,13-18h,876,weather_code,29.572409392206684
Russia,arkhangelsk,13-18h,876,pressure_msl,0.7057817324649882
Russia,arkhangelsk,13-18h,876,surface_pressure,0.7036759320536677
Russia,arkhangelsk,13-18h,876,cloud_cover,21.58893679134806
Russia,arkhangelsk,13-18h,876,wind_speed_10m,4.933116587858673
Russia,arkhangelsk,13-18h,876,wind_gusts_10m,6.11208661094769
Russia,arkhangelsk,19-24h,268,temperature_2m,1.855266807058525
Russia,arkhangelsk,19-24h,268,relative_humidity_2m,3.9017791578989867
Russia,arkhangelsk,19-24h,268,dew_point_2m,1.7066376124703533
Russia,arkhangelsk,19-24h,268,apparent_temperature,2.013295360585531
Russia,arkhangelsk,19-24h,268,precipitation,0.17661831686081222
Russia,arkhangelsk,19-24h,268,rain,0.09263956796228492
Russia,arkhangelsk,19-24h,268,showers,0
Russia,arkhangelsk,19-24h,268,snowfall,0.10244401456113961
Russia,arkhangelsk,19-24h,268,snow_depth,0.016230614154150037
Russia,arkhangelsk,19-24h,268,weather_code,32.26904158440593
Russia,arkhangelsk,19-24h,268,pressure_msl,0.6976506417329906
Russia,arkhangelsk,19-24h,268,surface_pressure,0.6948638865961578
Russia,arkhangelsk,19-24h,268,cloud_cover,18.953596122376073
Russia,arkhangelsk,19-24h,268,wind_speed_10m,4.7203908262175505
Russia,arkhangelsk,19-24h,268,wind_gusts_10m,5.855562478558188
Russia,arkhangelsk,7-12h,1392,temperature_2m,1.4988309620746307
Russia,arkhangelsk,7-12h,1392,relative_humidity_2m,3.609932020883814
Russia,arkhangelsk,7-12h,1392,dew_point_2m,1.5816339943090574
Russia,arkhangelsk,7-12h,1392,apparent_temperature,1.5813841601802407
Russia,arkhangelsk,7-12h,1392,precipitation,0.15354667192671456
Russia,arkhangelsk,7-12h,1392,rain,0.07300999774082276
Russia,arkhangelsk,7-12h,1392,showers,0.003790490217894517
Russia,arkhangelsk,7-12h,1392,snowfall,0.09765571120541022
Russia,arkhangelsk,7-12h,1392,snow_depth,0.015322209858324245
Russia,arkhangelsk,7-12h,1392,weather_code,30.448656614950558
Russia,arkhangelsk,7-12h,1392,pressure_msl,0.58897924558013
Russia,arkhangelsk,7-12h,1392,surface_pressure,0.5851858924612154
Russia,arkhangelsk,7-12h,1392,cloud_cover,18.661573094056877
Russia,arkhangelsk,7-12h,1392,wind_speed_10m,4.924212989221566
Russia,arkhangelsk,7-12h,1392,wind_gusts_10m,5.832263859269223
Russia,moscow,0h,372,temperature_2m,0.7949436985541604
Russia,moscow,0h,372,relative_humidity_2m,4.291777584953544
Russia,moscow,0h,372,dew_point_2m,0.8690001670440465
Russia,moscow,0h,372,apparent_temperature,0.8711937181957041
Russia,moscow,0h,372,precipitation,0.15204696501374987
Russia,moscow,0h,372,rain,0.11192355301914833
Russia,moscow,0h,372,showers,0.04460097882141105
Russia,moscow,0h,372,snowfall,0.05407581297019118
Russia,moscow,0h,372,snow_depth,0.009588299321097967
Russia,moscow,0h,372,weather_code,23.77199038536152
Russia,moscow,0h,372,pressure_msl,0.3993947033102135
Russia,moscow,0h,372,surface_pressure,0.3877838883785955
Russia,moscow,0h,372,cloud_cover,18.949707065003995
Russia,moscow,0h,372,wind_speed_10m,3.130838631682318
Russia,moscow,0h,372,wind_gusts_10m,4.637829488628425
Russia,moscow,1-6h,1988,temperature_2m,0.8069616612556129
Russia,moscow,1-6h,1988,relative_humidity_2m,4.6928817194766355
Russia,moscow,1-6h,1988,dew_point_2m,0.920256066192549
Russia,moscow,1-6h,1988,apparent_temperature,0.8604722394412818
Russia,moscow,1-6h,1988,precipitation,0.14308332195658863
Russia,moscow,1-6h,1988,rain,0.13385628498573046
Russia,moscow,1-6h,1988,showers,0.01876466562602004
Russia,moscow,1-6h,1988,snowfall,0.037218426452573644
Russia,moscow,1-6h,1988,snow_depth,0.009929327736346234
Russia,moscow,1-6h,1988,weather_code,23.693486187692137
Russia,moscow,1-6h,1988,pressure_msl,0.40630097575243646
Russia,moscow,1-6h,1988,surface_pressure,0.3886078956731024
Russia,moscow,1-6h,1988,cloud_cover,20.188199035121734
Russia,moscow,1-6h,1988,wind_speed_10m,3.1556279767370223
Russia,moscow,1-6h,1988,wind_gusts_10m,4.83247419455565
Russia,moscow,13-18h,870,temperature_2m,0.9863668385696496
Russia,moscow,13-18h,870,relative_humidity_2m,4.20809291449363
Russia,moscow,13-18h,870,dew_point_2m,1.0368276106725136
Russia,moscow,13-18h,870,apparent_temperature,1.002605800304685
Russia,moscow,13-18h,870,precipitation,0.10870184889882503
Russia,moscow,13-18h,870,rain,0.09097176522946841
Russia,moscow,13-18h,870,showers,0.006780635036208104
Russia,moscow,13-18h,870,snowfall,0.04477786809646444
Russia,moscow,13-18h,870,snow_depth,0.010943953350710552
Russia,moscow,13-18h,870,weather_code,26.922750282217095
Russia,moscow,13-18h,870,pressure_msl,0.5094057840990428
Russia,moscow,13-18h,870,surface_pressure,0.4970950093049226
Russia,moscow,13-18h,870,cloud_cover,18.66793920128809
Russia,moscow,13-18h,870,wind_speed_10m,3.150281870256845
Russia,moscow,13-18h,870,wind_gusts_10m,5.098370260224812
Russia,moscow,19-24h,266,temperature_2m,1.0916979945379564
Russia,moscow,19-24h,266,relative_humidity_2m,4.878216116697066
Russia,moscow,19-24h,266,dew_point_2m,1.0685877124729257
Russia,moscow,19-24h,266,apparent_temperature,1.077521522559502
Russia,moscow,19-24h,266,precipitation,0.11920791213585394
Russia,moscow,19-24h,266,rain,0.09577542654996149
Russia,moscow,19-24h,266,showers,0.008671099695241201
Russia,moscow,19-24h,266,snowfall,0.05291502622129181
Russia,moscow,19-24h,266,snow_depth,0.011104425724759103
Russia,moscow,19-24h,266,weather_code,27.87215712601274
Russia,moscow,19-24h,266,pressure_msl,0.6224496839283858
Russia,moscow,19-24h,266,surface_pressure,0.5965439310345296
Russia,moscow,19-24h,266,cloud_cover,15.463272032622566
Russia,moscow,19-24h,266,wind_speed_10m,3.064801383254222
Russia,moscow,19-24h,266,wind_gusts_10m,5.175942034050384
Russia,moscow,7-12h,1392,temperature_2m,0.8336062771400874
Russia,moscow,7-12h,1392,relative_humidity_2m,4.580066756527995
Russia,moscow,7-12h,1392,dew_point_2m,1.007429299307623
Russia,moscow,7-12h,1392,apparent_temperature,0.8698493726125707
Russia,moscow,7-12h,1392,precipitation,0.12037059632555666
Russia,moscow,7-12h,1392,rain,0.1039451668003348
Russia,moscow,7-12h,1392,showers,0.013130643285972257
Russia,moscow,7-12h,1392,snowfall,0.038783587594066984
Russia,moscow,7-12h,1392,snow_depth,0.01076125446688951
Russia,moscow,7-12h,1392,weather_code,24.320536707628932
Russia,moscow,7-12h,1392,pressure_msl,0.4628900964368387
Russia,moscow,7-12h,1392,surface_pressure,0.45132308686309186
Russia,moscow,7-12h,1392,cloud_cover,20.259558550069105
Russia,moscow,7-12h,1392,wind_speed_10m,3.0979901716190574
Russia,moscow,7-12h,1392,wind_gusts_10m,5.056347723293027
Russia,novosibirsk,0h,372,temperature_2m,1.3509256086106296
Russia,novosibirsk,0h,372,relative_humidity_2m,4.867601913375495
Russia,novosibirsk,0h,372,dew_point_2m,1.3756718788575892
Russia,novosibirsk,0h,372,apparent_temperature,1.6886400967477013
Russia,novosibirsk,0h,372,precipitation,0.11216347516589491
Russia,novosibirsk,0h,372,rain,0.02932942300427066
Russia,novosibirsk,0h,372,showers,0
Russia,novosibirsk,0h,372,snowfall,0.0824425508675489
Russia,novosibirsk,0h,372,snow_depth,0.09223334129972646
Russia,novosibirsk,0h,372,weather_code,25.024826382691867
Russia,novosibirsk,0h,372,pressure_msl,0.6442466635077394
Russia,novosibirsk,0h,372,surface_pressure,0.5901066060057314
Russia,novosibirsk,0h,372,cloud_cover,27.32775972546786
Russia,novosibirsk,0h,372,wind_speed_10m,6.724126037467021
Russia,novosibirsk,0h,372,wind_gusts_10m,8.839208839213258
Russia,novosibirsk,1-6h,1984,temperature_2m,1.4561327482908835
Russia,novosibirsk,1-6h,1984,relative_humidity_2m,5.339577577831173
Russia,novosibirsk,1-6h,1984,dew_point_2m,1.4873525950276496
Russia,novosibirsk,1-6h,1984,apparent_temperature,1.7839506267578364
Russia,novosibirsk,1-6h,1984,precipitation,0.12459612172289752
Russia,novosibirsk,1-6h,1984,rain,0.02311437201284922
Russia,novosibirsk,1-6h,1984,showers,0
Russia,novosibirsk,1-6h,1984,snowfall,0.09019635837724342
Russia,novosibirsk,1-6h,1984,snow_depth,0.0925
Russia,novosibirsk,1-6h,1984,weather_code,25.492052841317353
Russia,novosibirsk,1-6h,1984,pressure_msl,0.7534463827060968
Russia,novosibirsk,1-6h,1984,surface_pressure,0.692754844222363
Russia,novosibirsk,1-6h,1984,cloud_cover,23.73628636334211
Russia,novosibirsk,1-6h,1984,wind_speed_10m,6.403125811764932
Russia,novosibirsk,1-6h,1984,wind_gusts_10m,8.405524536989676
Russia,novosibirsk,13-18h,870,temperature_2m,1.6605496943350784
Russia,novosibirsk,13-18h,870,relative_humidity_2m,4.83854257528789
Russia,novosibirsk,13-18h,870,dew_point_2m,1.743045293889899
Russia,novosibirsk,13-18h,870,apparent_temperature,1.9874433412006387
Russia,novosibirsk,13-18h,870,precipitation,0.15252661346824675
Russia,novosibirsk,13-18h,870,rain,0.017287295182088023
Russia,novosibirsk,13-18h,870,showers,0
Russia,novosibirsk,13-18h,870,snowfall,0.10398938937914905
Russia,novosibirsk,13-18h,870,snow_depth,0.09241585175267505
Russia,novosibirsk,13-18h,870,weather_code,27.18810591873358
Russia,novosibirsk,13-18h,870,pressure_msl,0.9667578236844877
Russia,novosibirsk,13-18h,870,surface_pressure,0.8925489780179645
Russia,novosibirsk,13-18h,870,cloud_cover,24.815781037592735
Russia,novosibirsk,13-18h,870,wind_speed_10m,6.526358580543907
Russia,novosibirsk,13-18h,870,wind_gusts_10m,8.865745782271341
Russia,novosibirsk,19-24h,264,temperature_2m,1.923144520956459
Russia,novosibirsk,19-24h,264,relative_humidity_2m,5.199796033295805
Russia,novosibirsk,19-24h,264,dew_point_2m,2.0173865481975644
Russia,novosibirsk,19-24h,264,apparent_temperature,2.256035675625935
Russia,novosibirsk,19-24h,264,precipitation,0.17837651700316895
Russia,novosibirsk,19-24h,264,rain,0.017407765595569787
Russia,novosibirsk,19-24h,264,showers,0
Russia,novosibirsk,19-24h,264,snowfall,0.12560459844892286
Russia,novosibirsk,19-24h,264,snow_depth,0.09410664485603876
Russia,novosibirsk,19-24h,264,weather_code,28.91327156734901
Russia,novosibirsk,19-24h,264,pressure_msl,1.1994948431685226
Russia,novosibirsk,19-24h,264,surface_pressure,1.1068314043140248
Russia,novosibirsk,19-24h,264,cloud_cover,23.54830625061444
Russia,novosibirsk,19-24h,264,wind_speed_10m,6.697839995555329
Russia,novosibirsk,19-24h,264,wind_gusts_10m,9.41949139719434
Russia,novosibirsk,7-12h,1392,temperature_2m,1.5699723623015802
Russia,novosibirsk,7-12h,1392,relative_humidity_2m,5.582067964349833
Russia,novosibirsk,7-12h,1392,dew_point_2m,1.5988187090373367
Russia,novosibirsk,7-12h,1392,apparent_temperature,1.9121811581566208
Russia,novosibirsk,7-12h,1392,precipitation,0.1409216379622981
Russia,novosibirsk,7-12h,1392,rain,0.018569533817705187
Russia,novosibirsk,7-12h,1392,showers,0
Russia,novosibirsk,7-12h,1392,snowfall,0.09731673020098597
Russia,novosibirsk,7-12h,1392,snow_depth,0.09200980707349163
Russia,novosibirsk,7-12h,1392,weather_code,27.554908610005352
Russia,novosibirsk,7-12h,1392,pressure_msl,0.817674723849884
Russia,novosibirsk,7-12h,1392,surface_pressure,0.7491949702502513
Russia,novosibirsk,7-12h,1392,cloud_cover,25.512083006104085
Russia,novosibirsk,7-12h,1392,wind_speed_10m,6.253805737860471
Russia,novosibirsk,7-12h,1392,wind_gusts_10m,8.302847974204912
Russia,orenburg,0h,372,temperature_2m,1.230831522410415
Russia,orenburg,0h,372,relative_humidity_2m,5.026809843658409
Russia,orenburg,0h,372,dew_point_2m,1.2291486694508942
Russia,orenburg,0h,372,apparent_temperature,1.4982247559544724
Russia,orenburg,0h,372,precipitation,0.07146696356863379
Russia,orenburg,0h,372,rain,0.04399413450640598
Russia,orenburg,0h,372,showers,0.007332355751067665
Russia,orenburg,0h,372,snowfall,0.03975732839729454
Russia,orenburg,0h,372,snow_depth,0.02381605133256285
Russia,orenburg,0h,372,weather_code,19.895695757560713
Russia,orenburg,0h,372,pressure_msl,0.5551324553750681
Russia,orenburg,0h,372,surface_pressure,0.5363657073704611
Russia,orenburg,0h,372,cloud_cover,30.0815200656876
Russia,orenburg,0h,372,wind_speed_10m,3.6440627805221877
Russia,orenburg,0h,372,wind_gusts_10m,4.749601001917883
Russia,orenburg,1-6h,1978,temperature_2m,1.3455878542137196
Russia,orenburg,1-6h,1978,relative_humidity_2m,5.5501209234496915
Russia,orenburg,1-6h,1978,dew_point_2m,1.3949533480643848
Russia,orenburg,1-6h,1978,apparent_temperature,1.5682710914826499
Russia,orenburg,1-6h,1978,precipitation,0.130875561270686
Russia,orenburg,1-6h,1978,rain,0.1172226628236802
Russia,orenburg,1-6h,1978,showers,0
Russia,orenburg,1-6h,1978,snowfall,0.040434945692616096
Russia,orenburg,1-6h,1978,snow_depth,0.023823160426351846
Russia,orenburg,1-6h,1978,weather_code,21.869268713301793
Russia,orenburg,1-6h,1978,pressure_msl,0.5753005105611921
Russia,orenburg,1-6h,1978,surface_pressure,0.5575114430216681
Russia,orenburg,1-6h,1978,cloud_cover,29.634476956227196
Russia,orenburg,1-6h,1978,wind_speed_10m,3.474971903051443
Russia,orenburg,1-6h,1978,wind_gusts_10m,4.695109647346553
Russia,orenburg,13-18h,864,temperature_2m,1.915706281128596
Russia,orenburg,13-18h,864,relative_humidity_2m,5.0274708316372125
Russia,orenburg,13-18h,864,dew_point_2m,1.7545443641942844
Russia,orenburg,13-18h,864,apparent_temperature,2.1808403918707153
Russia,orenburg,13-18h,864,precipitation,0.12963624321753373
Russia,orenburg,13-18h,864,rain,0.10363754503432017
Russia,orenburg,13-18h,864,showers,0
Russia,orenburg,13-18h,864,snowfall,0.05625462943912557
Russia,orenburg,13-18h,864,snow_depth,0.02253597946330202
Russia,orenburg,13-18h,864,weather_code,22.456026989388576
Russia,orenburg,13-18h,864,pressure_msl,0.7856791117668033
Russia,orenburg,13-18h,864,surface_pressure,0.7531262006291327
Russia,orenburg,13-18h,864,cloud_cover,34.08017507779755
Russia,orenburg,13-18h,864,wind_speed_10m,3.897185594189165
Russia,orenburg,13-18h,864,wind_gusts_10m,5.148266968386331
Russia,orenburg,19-24h,262,temperature_2m,2.1272316525984647
Russia,orenburg,19-24h,262,relative_humidity_2m,4.69041575982343
Russia,orenburg,19-24h,262,dew_point_2m,1.922109210423251
Russia,orenburg,19-24h,262,apparent_temperature,2.3642212216145984
Russia,orenburg,19-24h,262,precipitation,0.16275303259331486
Russia,orenburg,19-24h,262,rain,0.11558018266966963
Russia,orenburg,19-24h,262,showers,0.00873704056661038
Russia,orenburg,19-24h,262,snowfall,0.07564985633402603
Russia,orenburg,19-24h,262,snow_depth,0.020841092702595227
Russia,orenburg,19-24h,262,weather_code,22.78374939822727
Russia,orenburg,19-24h,262,pressure_msl,0.8503703728331349
Russia,orenburg,19-24h,262,surface_pressure,0.8224892398191661
Russia,orenburg,19-24h,262,cloud_cover,33.46776961575771
Russia,orenburg,19-24h,262,wind_speed_10m,3.806122027142086
Russia,orenburg,19-24h,262,wind_gusts_10m,4.700138052219707
Russia,orenburg,7-12h,1390,temperature_2m,1.5714310940837455
Russia,orenburg,7-12h,1390,relative_humidity_2m,5.848937676402959
Russia,orenburg,7-12h,1390,dew_point_2m,1.5716142093470595
Russia,orenburg,7-12h,1390,apparent_temperature,1.8354071549551154
Russia,orenburg,7-12h,1390,precipitation,0.1104601233428646
Russia,orenburg,7-12h,1390,rain,0.08490366949387511
Russia,orenburg,7-12h,1390,showers,0.003793216209054408
Russia,orenburg,7-12h,1390,snowfall,0.04742430545829258
Russia,orenburg,7-12h,1390,snow_depth,0.023600390193091875
Russia,orenburg,7-12h,1390,weather_code,21.922361370471794
Russia,orenburg,7-12h,1390,pressure_msl,0.660085017415052
Russia,orenburg,7-12h,1390,surface_pressure,0.6412218552310108
Russia,orenburg,7-12h,1390,cloud_cover,30.40255100996739
Russia,orenburg,7-12h,1390,wind_speed_10m,3.603808936239665
Russia,orenburg,7-12h,1390,wind_gusts_10m,4.8697864577294245
Russia,simferopol,0h,372,temperature_2m,1.3235257572512622
Russia,simferopol,0h,372,relative_humidity_2m,6.644587092845469
Russia,simferopol,0h,372,dew_point_2m,1.4974530347886874
Russia,simferopol,0h,372,apparent_temperature,1.5416267068346368
Russia,simferopol,0h,372,precipitation,0.16263951827039397
Russia,simferopol,0h,372,rain,0.14517323726225953
Russia,simferopol,0h,372,showers,0.026437184630417738
Russia,simferopol,0h,372,snowfall,0
Russia,simferopol,0h,372,snow_depth,0.004016096644512495
Russia,simferopol,0h,372,weather_code,16.809975277114606
Russia,simferopol,0h,372,pressure_msl,0.5046024731548412
Russia,simferopol,0h,372,surface_pressure,0.45092497528228975
Russia,simferopol,0h,372,cloud_cover,27.757203850377255
Russia,simferopol,0h,372,wind_speed_10m,4.893511174290218
Russia,simferopol,0h,372,wind_gusts_10m,7.394341777506679
Russia,simferopol,1-6h,1970,temperature_2m,1.240881461716008
Russia,simferopol,1-6h,1970,relative_humidity_2m,6.94627680281457
Russia,simferopol,1-6h,1970,dew_point_2m,1.5276703341186517
Russia,simferopol,1-6h,1970,apparent_temperature,1.4744146218609473
Russia,simferopol,1-6h,1970,precipitation,0.30964200714507795
Russia,simferopol,1-6h,1970,rain,0.30901842305403415
Russia,simferopol,1-6h,1970,showers,0.05068064639269833
Russia,simferopol,1-6h,1970,snowfall,0.0022303854575700817
Russia,simferopol,1-6h,1970,snow_depth,0.0037157915171581917
Russia,simferopol,1-6h,1970,weather_code,18.56482673978329
Russia,simferopol,1-6h,1970,pressure_msl,0.5103000013428953
Russia,simferopol,1-6h,1970,surface_pressure,0.45298782493920087
Russia,simferopol,1-6h,1970,cloud_cover,28.55648956798963
Russia,simferopol,1-6h,1970,wind_speed_10m,4.915507420192705
Russia,simferopol,1-6h,1970,wind_gusts_10m,7.690092511968864
Russia,simferopol,13-18h,858,temperature_2m,1.1849483381576449
Russia,simferopol,13-18h,858,relative_humidity_2m,6.0917614127243285
Russia,simferopol,13-18h,858,dew_point_2m,1.260258603720581
Russia,simferopol,13-18h,858,apparent_temperature,1.3614232234956158
Russia,simferopol,13-18h,858,precipitation,0.32365914903682974
Russia,simferopol,13-18h,858,rain,0.32391112194306465
Russia,simferopol,13-18h,858,showers,0.03770824076924595
Russia,simferopol,13-18h,858,snowfall,0
Russia,simferopol,13-18h,858,snow_depth,0.0032745397726414507
Russia,simferopol,13-18h,858,weather_code,19.84579244715307
Russia,simferopol,13-18h,858,pressure_msl,0.5809725789821195
Russia,simferopol,13-18h,858,surface_pressure,0.5232362982212
Russia,simferopol,13-18h,858,cloud_cover,28.257762924569338
Russia,simferopol,13-18h,858,wind_speed_10m,5.404631959721829
Russia,simferopol,13-18h,858,wind_gusts_10m,8.294663659332139
Russia,simferopol,19-24h,262,temperature_2m,1.4413469103690946
Russia,simferopol,19-24h,262,relative_humidity_2m,6.454183801970496
Russia,simferopol,19-24h,262,dew_point_2m,1.3203053082034584
Russia,simferopol,19-24h,262,apparent_temperature,1.3635942625932023
Russia,simferopol,19-24h,262,precipitation,0.4719619599110223
Russia,simferopol,19-24h,262,rain,0.5033475723850809
Russia,simferopol,19-24h,262,showers,0.05168902906024488
Russia,simferopol,19-24h,262,snowfall,0
Russia,simferopol,19-24h,262,snow_depth,0.002897748533756078
Russia,simferopol,19-24h,262,weather_code,21.853432661345664
Russia,simferopol,19-24h,262,pressure_msl,0.6912760631034799
Russia,simferopol,19-24h,262,surface_pressure,0.5999363833958862
Russia,simferopol,19-24h,262,cloud_cover,30.40941999492067
Russia,simferopol,19-24h,262,wind_speed_10m,5.058618222460624
Russia,simferopol,19-24h,262,wind_gusts_10m,7.781417481106329
Russia,simferopol,7-12h,1390,temperature_2m,1.1574220920997558
Russia,simferopol,7-12h,1390,relative_humidity_2m,7.182813220138449
Russia,simferopol,7-12h,1390,dew_point_2m,1.492711308445043
Russia,simferopol,7-12h,1390,apparent_temperature,1.3960427113088485
Russia,simferopol,7-12h,1390,precipitation,0.33695633002708786
Russia,simferopol,7-12h,1390,rain,0.3417264672472213
Russia,simferopol,7-12h,1390,showers,0.04423612248348741
Russia,simferopol,7-12h,1390,snowfall,0
Russia,simferopol,7-12h,1390,snow_depth,0.0031736323741169466
Russia,simferopol,7-12h,1390,weather_code,17.25112862536596
Russia,simferopol,7-12h,1390,pressure_msl,0.526260050058684
Russia,simferopol,7-12h,1390,surface_pressure,0.4710465922669797
Russia,simferopol,7-12h,1390,cloud_cover,28.49450281453393
Russia,simferopol,7-12h,1390,wind_speed_10m,4.9016499938154
Russia,simferopol,7-12h,1390,wind_gusts_10m,7.592104948823931
Russia,sochi,0h,372,temperature_2m,2.275642411956847
Russia,sochi,0h,372,relative_humidity_2m,10.07311977172335
Russia,sochi,0h,372,dew_point_2m,2.4105056802274087
Russia,sochi,0h,372,apparent_temperature,2.6786591895505185
Russia,sochi,0h,372,precipitation,0.5371169552861965
Russia,sochi,0h,372,rain,0.5404100394632655
Russia,sochi,0h,372,showers,0.20582903438982914
Russia,sochi,0h,372,snowfall,0
Russia,sochi,0h,372,snow_depth,0.004275461366036784
Russia,sochi,0h,372,weather_code,22.463470944663037
Russia,sochi,0h,372,pressure_msl,0.7110116978001161
Russia,sochi,0h,372,surface_pressure,0.7104443558757375
Russia,sochi,0h,372,cloud_cover,27.160415535168287
Russia,sochi,0h,372,wind_speed_10m,4.747755553490399
Russia,sochi,0h,372,wind_gusts_10m,8.727650412363577
Russia,sochi,1-6h,1966,temperature_2m,2.164548355410306
Russia,sochi,1-6h,1966,relative_humidity_2m,9.679923324313998
Russia,sochi,1-6h,1966,dew_point_2m,2.5142442625165025
Russia,sochi,1-6h,1966,apparent_temperature,2.54846412167224
Russia,sochi,1-6h,1966,precipitation,0.5320548851517437
Russia,sochi,1-6h,1966,rain,0.5684570682590843
Russia,sochi,1-6h,1966,showers,0.37508900266285666
Russia,sochi,1-6h,1966,snowfall,0.030367367504537595
Russia,sochi,1-6h,1966,snow_depth,0.003919328943745054
Russia,sochi,1-6h,1966,weather_code,21.881489736359377
Russia,sochi,1-6h,1966,pressure_msl,0.7083501384318918
Russia,sochi,1-6h,1966,surface_pressure,0.7081346838116958
Russia,sochi,1-6h,1966,cloud_cover,30.090335338329872
Russia,sochi,1-6h,1966,wind_speed_10m,4.629720653187552
Russia,sochi,1-6h,1966,wind_gusts_10m,8.916756432110441
Russia,sochi,13-18h,858,temperature_2m,2.572514755610192
Russia,sochi,13-18h,858,relative_humidity_2m,10.265587386130633
Russia,sochi,13-18h,858,dew_point_2m,2.889914945393444
Russia,sochi,13-18h,858,apparent_temperature,2.962846863822283
Russia,sochi,13-18h,858,precipitation,0.7257662135540595
Russia,sochi,13-18h,858,rain,0.8105366721929964
Russia,sochi,13-18h,858,showers,0.38735851616638045
Russia,sochi,13-18h,858,snowfall,0.04596796289867121
Russia,sochi,13-18h,858,snow_depth,0.0028563102349899176
Russia,sochi,13-18h,858,weather_code,18.311026904401245
Russia,sochi,13-18h,858,pressure_msl,0.642021138430146
Russia,sochi,13-18h,858,surface_pressure,0.6420211384301491
Russia,sochi,13-18h,858,cloud_cover,29.24500634758687
Russia,sochi,13-18h,858,wind_speed_10m,4.335673565671805
Russia,sochi,13-18h,858,wind_gusts_10m,7.631588444822099
Russia,sochi,19-24h,256,temperature_2m,2.853547682272017
Russia,sochi,19-24h,256,relative_humidity_2m,10.31836954174447
Russia,sochi,19-24h,256,dew_point_2m,3.172058184365476
Russia,sochi,19-24h,256,apparent_temperature,3.2144327843338085
Russia,sochi,19-24h,256,precipitation,0.7037289073215622
Russia,sochi,19-24h,256,rain,1.013078538416445
Russia,sochi,19-24h,256,showers,0.6309714732061982
Russia,sochi,19-24h,256,snowfall,0.043310290347676035
Russia,sochi,19-24h,256,snow_depth,0.0025
Russia,sochi,19-24h,256,weather_code,16.022688990927833
Russia,sochi,19-24h,256,pressure_msl,0.6483753735298682
Russia,sochi,19-24h,256,surface_pressure,0.648375373529877
Russia,sochi,19-24h,256,cloud_cover,32.85015696309532
Russia,sochi,19-24h,256,wind_speed_10m,4.455412789517936
Russia,sochi,19-24h,256,wind_gusts_10m,7.191058901510959
Russia,sochi,7-12h,1390,temperature_2m,2.2298465927812456
Russia,sochi,7-12h,1390,relative_humidity_2m,10.555096965089712
Russia,sochi,7-12h,1390,dew_point_2m,2.4668390632606694
Russia,sochi,7-12h,1390,apparent_temperature,2.589736243896208
Russia,sochi,7-12h,1390,precipitation,0.48704068936129474
Russia,sochi,7-12h,1390,rain,0.5775413031416302
Russia,sochi,7-12h,1390,showers,0.34058772731852804
Russia,sochi,7-12h,1390,snowfall,0.03611532288049755
Russia,sochi,7-12h,1390,snow_depth,0.0032850215990880213
Russia,sochi,7-12h,1390,weather_code,21.13931180519182
Russia,sochi,7-12h,1390,pressure_msl,0.7064044126735061
Russia,sochi,7-12h,1390,surface_pressure,0.7064044126735085
Russia,sochi,7-12h,1390,cloud_cover,29.269671488842306
Russia,sochi,7-12h,1390,wind_speed_10m,4.33472178457168
Russia,sochi,7-12h,1390,wind_gusts_10m,8.814693423136445
Russia,st._petersburg,0h,372,temperature_2m,1.371248548092271
Russia,st._petersburg,0h,372,relative_humidity_2m,6.9239338684777865
Russia,st._petersburg,0h,372,dew_point_2m,1.617445217699216
Russia,st._petersburg,0h,372,apparent_temperature,1.6022497623888945
Russia,st._petersburg,0h,372,precipitation,0.34266507677134195
Russia,st._petersburg,0h,372,rain,0.34266507677134195
Russia,st._petersburg,0h,372,showers,0
Russia,st._petersburg,0h,372,snowfall,0
Russia,st._petersburg,0h,372,snow_depth,0
Russia,st._petersburg,0h,372,weather_code,9.801525007523995
Russia,st._petersburg,0h,372,pressure_msl,0.6726612210314861
Russia,st._petersburg,0h,372,surface_pressure,0.6778761900467206
Russia,st._petersburg,0h,372,cloud_cover,36.37062799354943
Russia,st._petersburg,0h,372,wind_speed_10m,3.1672127429555132
Russia,st._petersburg,0h,372,wind_gusts_10m,8.6753203281319209
Russia,st._petersburg,1-6h,1964,temperature_2m,1.4546715252715456
Russia,st._petersburg,1-6h,1964,relative_humidity_2m,6.9229833579417255
Russia,st._petersburg,1-6h,1964,dew_point_2m,1.8924897124182634
Russia,st._petersburg,1-6h,1964,apparent_temperature,1.7527023069483527
Russia,st._petersburg,1-6h,1964,precipitation,0.5204866123596468
Russia,st._petersburg,1-6h,1964,rain,0.5204866123596468
Russia,st._petersburg,1-6h,1964,showers,0
Russia,st._petersburg,1-6h,1964,snowfall,0
Russia,st._petersburg,1-6h,1964,snow_depth,0
Russia,st._petersburg,1-6h,1964,weather_code,12.857791824050947
Russia,st._petersburg,1-6h,1964,pressure_msl,0.657132262631072
Russia,st._petersburg,1-6h,1964,surface_pressure,0.6598694557064587
Russia,st._petersburg,1-6h,1964,cloud_cover,37.98808635196458
Russia,st._petersburg,1-6h,1964,wind_speed_10m,3.3484729169822693
Russia,st._petersburg,1-6h,1964,wind_gusts_10m,9.003610952462317
Russia,st._petersburg,13-18h,858,temperature_2m,1.150473703997507
Russia,st._petersburg,13-18h,858,relative_humidity_2m,7.567412653327045
Russia,st._petersburg,13-18h,858,dew_point_2m,1.8807452770651312
Russia,st._petersburg,13-18h,858,apparent_temperature,1.3206888786611002
Russia,st._petersburg,13-18h,858,precipitation,0.7550992154510725
Russia,st._petersburg,13-18h,858,rain,0.7550992154510725
Russia,st._petersburg,13-18h,858,showers,0
Russia,st._petersburg,13-18h,858,snowfall,0
Russia,st._petersburg,13-18h,858,snow_depth,0
Russia,st._petersburg,13-18h,858,weather_code,11.778748988705368
Russia,st._petersburg,13-18h,858,pressure_msl,0.6260096739572903
Russia,st._petersburg,13-18h,858,surface_pressure,0.625339068865007
Russia,st._petersburg,13-18h,858,cloud_cover,40.297524029280545
Russia,st._petersburg,13-18h,858,wind_speed_10m,4.15943334853268
Russia,st._petersburg,13-18h,858,wind_gusts_10m,12.50433304852142
Russia,st._petersburg,19-24h,256,temperature_2m,1.380613541147558
Russia,st._petersburg,19-24h,256,relative_humidity_2m,7.7308230480331135
Russia,st._petersburg,19-24h,256,dew_point_2m,1.753300459134144
Russia,st._petersburg,19-24h,256,apparent_temperature,1.543104622182177
Russia,st._petersburg,19-24h,256,precipitation,0.44721359549995793
Russia,st._petersburg,19-24h,256,rain,0.44721359549995793
Russia,st._petersburg,19-24h,256,showers,0
Russia,st._petersburg,19-24h,256,snowfall,0
Russia,st._petersburg,19-24h,256,snow_depth,0
Russia,st._petersburg,19-24h,256,weather_code,7.4864460860945226
Russia,st._petersburg,19-24h,256,pressure_msl,0.6011057519272263
Russia,st._petersburg,19-24h,256,surface_pressure,0.592795285068971
Russia,st._petersburg,19-24h,256,cloud_cover,39.25497579925378
Russia,st._petersburg,19-24h,256,wind_speed_10m,4.2118322912955595
Russia,st._petersburg,19-24h,256,wind_gusts_10m,10.049238155203607
Russia,st._petersburg,7-12h,1390,temperature_2m,1.2007551580735716
Russia,st._petersburg,7-12h,1390,relative_humidity_2m,6.881107489915398
Russia,st._petersburg,7-12h,1390,dew_point_2m,1.899992427095851
Russia,st._petersburg,7-12h,1390,apparent_temperature,1.459491386721302
Russia,st._petersburg,7-12h,1390,precipitation,0.47646781920063913
Russia,st._petersburg,7-12h,1390,rain,0.47646781920063913
Russia,st._petersburg,7-12h,1390,showers,0
Russia,st._petersburg,7-12h,1390,snowfall,0
Russia,st._petersburg,7-12h,1390,snow_depth,0
Russia,st._petersburg,7-12h,1390,weather_code,13.876122029945112
Russia,st._petersburg,7-12h,1390,pressure_msl,0.5852380687568993
Russia,st._petersburg,7-12h,1390,surface_pressure,0.5844631060230938
Russia,st._petersburg,7-12h,1390,cloud_cover,37.87094708471819
Russia,st._petersburg,7-12h,1390,wind_speed_10m,3.3968076422242963
Russia,st._petersburg,7-12h,1390,wind_gusts_10m,9.910778958706794
Russia,vladivostok,0h,372,temperature_2m,1.8635294297337703
Russia,vladivostok,0h,372,relative_humidity_2m,13.332594065527122
Russia,vladivostok,0h,372,dew_point_2m,3.2647514684180226
Russia,vladivostok,0h,372,apparent_temperature,1.9201254439307103
Russia,vladivostok,0h,372,precipitation,0.1486498375160511
Russia,vladivostok,0h,372,rain,0.069946215896784375
Russia,vladivostok,0h,372,showers,0
Russia,vladivostok,0h,372,snowfall,0.09380258381933194
Russia,vladivostok,0h,372,snow_depth,0.011777507266792699
Russia,vladivostok,0h,372,weather_code,9.798233327701785
Russia,vladivostok,0h,372,pressure_msl,0.49535476588605015
Russia,vladivostok,0h,372,surface_pressure,0.49366960349949907
Russia,vladivostok,0h,372,cloud_cover,23.782956760210965
Russia,vladivostok,0h,372,wind_speed_10m,6.053289339520868
Russia,vladivostok,0h,372,wind_gusts_10m,18.426342760485102
Russia,vladivostok,1-6h,1958,temperature_2m,1.820953964311839
Russia,vladivostok,1-6h,1958,relative_humidity_2m,12.629068080108375
Russia,vladivostok,1-6h,1958,dew_point_2m,3.2448733825284264
Russia,vladivostok,1-6h,1958,apparent_temperature,1.9720493273598272
Russia,vladivostok,1-6h,1958,precipitation,0.16355973691072137
Russia,vladivostok,1-6h,1958,rain,0.11924173094334752
Russia,vladivostok,1-6h,1958,showers,0.028044907807525138
Russia,vladivostok,1-6h,1958,snowfall,0.0688101116164925
Russia,vladivostok,1-6h,1958,snow_depth,0.011389653566983229
Russia,vladivostok,1-6h,1958,weather_code,14.228293325270917
Russia,vladivostok,1-6h,1958,pressure_msl,0.52686751362673645
Russia,vladivostok,1-6h,1958,surface_pressure,0.526139989993615
Russia,vladivostok,1-6h,1958,cloud_cover,27.086948110044457
Russia,vladivostok,1-6h,1958,wind_speed_10m,5.956394148844086
Russia,vladivostok,1-6h,1958,wind_gusts_10m,18.318050676653378
Russia,vladivostok,13-18h,854,temperature_2m,2.1182103267358507
Russia,vladivostok,13-18h,854,relative_humidity_2m,12.55535751549594
Russia,vladivostok,13-18h,854,dew_point_2m,2.973808383162205
Russia,vladivostok,13-18h,854,apparent_temperature,2.2176215712459304
Russia,vladivostok,13-18h,854,precipitation,0.07892723355548015
Russia,vladivostok,13-18h,854,rain,0.01676396268681338
Russia,vladivostok,13-18h,854,showers,0.009678678369916547
Russia,vladivostok,13-18h,854,snowfall,0.055145114076927765
Russia,vladivostok,13-18h,854,snow_depth,0.011553763947662849
Russia,vladivostok,13-18h,854,weather_code,17.514330031156803
Russia,vladivostok,13-18h,854,pressure_msl,0.6272500481871804
Russia,vladivostok,13-18h,854,surface_pressure,0.6220951228874686
Russia,vladivostok,13-18h,854,cloud_cover,28.37668997536262
Russia,vladivostok,13-18h,854,wind_speed_10m,6.085801419921342
Russia,vladivostok,13-18h,854,wind_gusts_10m,18.473294859088337
Russia,vladivostok,19-24h,256,temperature_2m,2.1977616454019757
Russia,vladivostok,19-24h,256,relative_humidity_2m,12.08175277019026
Russia,vladivostok,19-24h,256,dew_point_2m,2.8563935959527704
Russia,vladivostok,19-24h,256,apparent_temperature,2.1142374511865976
Russia,vladivostok,19-24h,256,precipitation,0.07234898064243891
Russia,vladivostok,19-24h,256,rain,0.02165063509461097
Russia,vladivostok,19-24h,256,showers,0.029315098498896436
Russia,vladivostok,19-24h,256,snowfall,0.04375
Russia,vladivostok,19-24h,256,snow_depth,0.010897247358851683
Russia,vladivostok,19-24h,256,weather_code,16.5628537698067
Russia,vladivostok,19-24h,256,pressure_msl,0.7578753195612066
Russia,vladivostok,19-24h,256,surface_pressure,0.7497395381064009
Russia,vladivostok,19-24h,256,cloud_cover,28.498492284680605
Russia,vladivostok,19-24h,256,wind_speed_10m,6.824353220269303
Russia,vladivostok,19-24h,256,wind_gusts_10m,19.110182168153187
Russia,vladivostok,7-12h,1390,temperature_2m,1.8431908522954457
Russia,vladivostok,7-12h,1390,relative_humidity_2m,12.472819369396108
Russia,vladivostok,7-12h,1390,dew_point_2m,3.0911174669113763
Russia,vladivostok,7-12h,1390,apparent_temperature,2.0421669968847964
Russia,vladivostok,7-12h,1390,precipitation,0.14273787415897876
Russia,vladivostok,7-12h,1390,rain,0.08515749268943444
Russia,vladivostok,7-12h,1390,showers,0.03455784432392372
Russia,vladivostok,7-12h,1390,snowfall,0.08379831903672827
Russia,vladivostok,7-12h,1390,snow_depth,0.011149733035485197
Russia,vladivostok,7-12h,1390,weather_code,16.415118492046094
Russia,vladivostok,7-12h,1390,pressure_msl,0.5877037378247982
Russia,vladivostok,7-12h,1390,surface_pressure,0.5857172937530852
Russia,vladivostok,7-12h,1390,cloud_cover,27.241340779815047
Russia,vladivostok,7-12h,1390,wind_speed_10m,6.254313044186088
Russia,vladivostok,7-12h,1390,wind_gusts_10m,18.571573388636097
Saudi Arabia,riyadh,0h,372,temperature_2m,1.5876031843529863
Saudi Arabia,riyadh,0h,372,relative_humidity_2m,6.506407098647712
Saudi Arabia,riyadh,0h,372,dew_point_2m,1.9427145402622168
Saudi Arabia,riyadh,0h,372,apparent_temperature,1.9586999199326287
Saudi Arabia,riyadh,0h,372,precipitation,0.13460415881350946
Saudi Arabia,riyadh,0h,372,rain,0.13697970966612194
Saudi Arabia,riyadh,0h,372,showers,0.06392199547398644
Saudi Arabia,riyadh,0h,372,snowfall,0
Saudi Arabia,riyadh,0h,372,snow_depth,0
Saudi Arabia,riyadh,0h,372,weather_code,11.137218432292784
Saudi Arabia,riyadh,0h,372,pressure_msl,0.4769414201760775
Saudi Arabia,riyadh,0h,372,surface_pressure,0.4600724580614154
Saudi Arabia,riyadh,0h,372,cloud_cover,32.01259832648552
Saudi Arabia,riyadh,0h,372,wind_speed_10m,4.2878422776321266
Saudi Arabia,riyadh,0h,372,wind_gusts_10m,5.552225166640422
Saudi Arabia,riyadh,1-6h,1958,temperature_2m,1.6644605760404942
Saudi Arabia,riyadh,1-6h,1958,relative_humidity_2m,5.998467628630353
Saudi Arabia,riyadh,1-6h,1958,dew_point_2m,1.821304519628052
Saudi Arabia,riyadh,1-6h,1958,apparent_temperature,1.973775981236531
Saudi Arabia,riyadh,1-6h,1958,precipitation,0.19594979657643244
Saudi Arabia,riyadh,1-6h,1958,rain,0.21067041195172642
Saudi Arabia,riyadh,1-6h,1958,showers,0.12476740361611784
Saudi Arabia,riyadh,1-6h,1958,snowfall,0
Saudi Arabia,riyadh,1-6h,1958,snow_depth,0
Saudi Arabia,riyadh,1-6h,1958,weather_code,12.670572664427414
Saudi Arabia,riyadh,1-6h,1958,pressure_msl,0.5006839040831756
Saudi Arabia,riyadh,1-6h,1958,surface_pressure,0.4484224988637754
Saudi Arabia,riyadh,1-6h,1958,cloud_cover,34.66689583748666
Saudi Arabia,riyadh,1-6h,1958,wind_speed_10m,4.371437846494101
Saudi Arabia,riyadh,1-6h,1958,wind_gusts_10m,5.563791081187093
Saudi Arabia,riyadh,13-18h,850,temperature_2m,2.035450521022167
Saudi Arabia,riyadh,13-18h,850,relative_humidity_2m,6.547743212471805
Saudi Arabia,riyadh,13-18h,850,dew_point_2m,1.806465512280493
Saudi Arabia,riyadh,13-18h,850,apparent_temperature,2.0720152168416934
Saudi Arabia,riyadh,13-18h,850,precipitation,0.1541580548734089
Saudi Arabia,riyadh,13-18h,850,rain,0.13796845334222987
Saudi Arabia,riyadh,13-18h,850,showers,0.07046066904559552
Saudi Arabia,riyadh,13-18h,850,snowfall,0
Saudi Arabia,riyadh,13-18h,850,snow_depth,0
Saudi Arabia,riyadh,13-18h,850,weather_code,11.130984840947892
Saudi Arabia,riyadh,13-18h,850,pressure_msl,0.6158303815366113
Saudi Arabia,riyadh,13-18h,850,surface_pressure,0.41308025142537014
Saudi Arabia,riyadh,13-18h,850,cloud_cover,38.0563359492523
Saudi Arabia,riyadh,13-18h,850,wind_speed_10m,3.0127454744995714
Saudi Arabia,riyadh,13-18h,850,wind_gusts_10m,5.333644598760059
Saudi Arabia,riyadh,19-24h,252,temperature_2m,1.692373181106042
Saudi Arabia,riyadh,19-24h,252,relative_humidity_2m,7.46366861579138
Saudi Arabia,riyadh,19-24h,252,dew_point_2m,1.981782106453764
Saudi Arabia,riyadh,19-24h,252,apparent_temperature,1.7014932750614578
Saudi Arabia,riyadh,19-24h,252,precipitation,0.21175757327961103
Saudi Arabia,riyadh,19-24h,252,rain,0.00890870806374748
Saudi Arabia,riyadh,19-24h,252,showers,0.21510425674505207
Saudi Arabia,riyadh,19-24h,252,snowfall,0
Saudi Arabia,riyadh,19-24h,252,snow_depth,0
Saudi Arabia,riyadh,19-24h,252,weather_code,12.476644848141934
Saudi Arabia,riyadh,19-24h,252,pressure_msl,0.5413094059924287
Saudi Arabia,riyadh,19-24h,252,surface_pressure,0.4294699575575016
Saudi Arabia,riyadh,19-24h,252,cloud_cover,39.385760056625735
Saudi Arabia,riyadh,19-24h,252,wind_speed_10m,2.973480671130603
Saudi Arabia,riyadh,19-24h,252,wind_gusts_10m,5.089874791861328
Saudi Arabia,riyadh,7-12h,1390,temperature_2m,1.8557707002984853
Saudi Arabia,riyadh,7-12h,1390,relative_humidity_2m,5.671968178823179
Saudi Arabia,riyadh,7-12h,1390,dew_point_2m,1.7081606919843015
Saudi Arabia,riyadh,7-12h,1390,apparent_temperature,2.0854756371373715
Saudi Arabia,riyadh,7-12h,1390,precipitation,0.12378909890290925
Saudi Arabia,riyadh,7-12h,1390,rain,0.13265414543902604
Saudi Arabia,riyadh,7-12h,1390,showers,0.055489969279568736
Saudi Arabia,riyadh,7-12h,1390,snowfall,0
Saudi Arabia,riyadh,7-12h,1390,snow_depth,0
Saudi Arabia,riyadh,7-12h,1390,weather_code,8.841937350779403
Saudi Arabia,riyadh,7-12h,1390,pressure_msl,0.5269977407020214
Saudi Arabia,riyadh,7-12h,1390,surface_pressure,0.45048335351992996
Saudi Arabia,riyadh,7-12h,1390,cloud_cover,36.953908682390754
Saudi Arabia,riyadh,7-12h,1390,wind_speed_10m,4.042201836060792
Saudi Arabia,riyadh,7-12h,1390,wind_gusts_10m,5.337393538439213
Serbia,belgrade,0h,372,temperature_2m,1.5304964406488208
Serbia,belgrade,0h,372,relative_humidity_2m,13.160710507995715
Serbia,belgrade,0h,372,dew_point_2m,1.7358026249225953
Serbia,belgrade,0h,372,apparent_temperature,1.5161850824688505
Serbia,belgrade,0h,372,precipitation,0.11168311546321535
Serbia,belgrade,0h,372,rain,0.0947549187306702
Serbia,belgrade,0h,372,showers,0
Serbia,belgrade,0h,372,snowfall,0.0634873622171399
Serbia,belgrade,0h,372,snow_depth,7.332355751067665e-4
Serbia,belgrade,0h,372,weather_code,14.96321654800082
Serbia,belgrade,0h,372,pressure_msl,0.4178156201880423
Serbia,belgrade,0h,372,surface_pressure,0.38985798351685497
Serbia,belgrade,0h,372,cloud_cover,28.404433244776936
Serbia,belgrade,0h,372,wind_speed_10m,3.6595140402453286
Serbia,belgrade,0h,372,wind_gusts_10m,6.315738150612071
Serbia,belgrade,1-6h,1956,temperature_2m,1.5904623705536824
Serbia,belgrade,1-6h,1956,relative_humidity_2m,13.199391136729304
Serbia,belgrade,1-6h,1956,dew_point_2m,1.7326882549832947
Serbia,belgrade,1-6h,1956,apparent_temperature,1.5493913311144203
Serbia,belgrade,1-6h,1956,precipitation,0.20289318414323126
Serbia,belgrade,1-6h,1956,rain,0.19292178183380557
Serbia,belgrade,1-6h,1956,showers,0
Serbia,belgrade,1-6h,1956,snowfall,0.050151100928448
Serbia,belgrade,1-6h,1956,snow_depth,0.0019450529771305924
Serbia,belgrade,1-6h,1956,weather_code,15.700546406549444
Serbia,belgrade,1-6h,1956,pressure_msl,0.4823362538299305
Serbia,belgrade,1-6h,1956,surface_pressure,0.4605722412022376
Serbia,belgrade,1-6h,1956,cloud_cover,32.364535995191545
Serbia,belgrade,1-6h,1956,wind_speed_10m,3.6830318932070583
Serbia,belgrade,1-6h,1956,wind_gusts_10m,6.252590465204192
Serbia,belgrade,13-18h,848,temperature_2m,1.885483272217317
Serbia,belgrade,13-18h,848,relative_humidity_2m,14.389297647642598
Serbia,belgrade,13-18h,848,dew_point_2m,1.6971466064467102
Serbia,belgrade,13-18h,848,apparent_temperature,1.6784005189128108
Serbia,belgrade,13-18h,848,precipitation,0.2459099390289208
Serbia,belgrade,13-18h,848,rain,0.24475632857468363
Serbia,belgrade,13-18h,848,showers,0
Serbia,belgrade,13-18h,848,snowfall,0.004807619738204117
Serbia,belgrade,13-18h,848,snow_depth,0.0011895773785772163
Serbia,belgrade,13-18h,848,weather_code,16.79741950082787
Serbia,belgrade,13-18h,848,pressure_msl,0.5489698757931103
Serbia,belgrade,13-18h,848,surface_pressure,0.5279231290525964
Serbia,belgrade,13-18h,848,cloud_cover,37.0755539151232
Serbia,belgrade,13-18h,848,wind_speed_10m,3.8184075017023265
Serbia,belgrade,13-18h,848,wind_gusts_10m,6.465525413137321
Serbia,belgrade,19-24h,248,temperature_2m,1.8384118321301484
Serbia,belgrade,19-24h,248,relative_humidity_2m,15.134877473208439
Serbia,belgrade,19-24h,248,dew_point_2m,1.6972225888577586
Serbia,belgrade,19-24h,248,apparent_temperature,1.6575827717375957
Serbia,belgrade,19-24h,248,precipitation,0.24379393731380553
Serbia,belgrade,19-24h,248,rain,0.24163422103293555
Serbia,belgrade,19-24h,248,showers,0
Serbia,belgrade,19-24h,248,snowfall,0.006286185570937122
Serbia,belgrade,19-24h,248,snow_depth,0
Serbia,belgrade,19-24h,248,weather_code,17.28181964732246
Serbia,belgrade,19-24h,248,pressure_msl,0.6138193492782659
Serbia,belgrade,19-24h,248,surface_pressure,0.5881902259775248
Serbia,belgrade,19-24h,248,cloud_cover,36.46993901301321
Serbia,belgrade,19-24h,248,wind_speed_10m,3.881074842808867
Serbia,belgrade,19-24h,248,wind_gusts_10m,6.5836797241115415
Serbia,belgrade,7-12h,1390,temperature_2m,1.6261000703674178
Serbia,belgrade,7-12h,1390,relative_humidity_2m,12.495121350109283
Serbia,belgrade,7-12h,1390,dew_point_2m,1.7248459424481528
Serbia,belgrade,7-12h,1390,apparent_temperature,1.573787074351446
Serbia,belgrade,7-12h,1390,precipitation,0.20793607207971984
Serbia,belgrade,7-12h,1390,rain,0.20532479972301196
Serbia,belgrade,7-12h,1390,showers,0
Serbia,belgrade,7-12h,1390,snowfall,0.015253257701343576
Serbia,belgrade,7-12h,1390,snow_depth,0.001696377859359942
Serbia,belgrade,7-12h,1390,weather_code,16.474833652722932
Serbia,belgrade,7-12h,1390,pressure_msl,0.532673452683952
Serbia,belgrade,7-12h,1390,surface_pressure,0.5024830431299082
Serbia,belgrade,7-12h,1390,cloud_cover,33.974408481306575
Serbia,belgrade,7-12h,1390,wind_speed_10m,3.5996042947991786
Serbia,belgrade,7-12h,1390,wind_gusts_10m,6.191037848397292
Singapore,singapore,0h,372,temperature_2m,1.9574231469828098
Singapore,singapore,0h,372,relative_humidity_2m,9.068437524721938
Singapore,singapore,0h,372,dew_point_2m,1.014809691359626
Singapore,singapore,0h,372,apparent_temperature,2.1296801718588174
Singapore,singapore,0h,372,precipitation,1.6822444045260307
Singapore,singapore,0h,372,rain,1.4443624184043715
Singapore,singapore,0h,372,showers,1.2117702326654973
Singapore,singapore,0h,372,snowfall,0
Singapore,singapore,0h,372,snow_depth,0
Singapore,singapore,0h,372,weather_code,42.69943717994268
Singapore,singapore,0h,372,pressure_msl,0.4813176359397857
Singapore,singapore,0h,372,surface_pressure,0.4813176359397881
Singapore,singapore,0h,372,cloud_cover,16.72596976309981
Singapore,singapore,0h,372,wind_speed_10m,4.193088270870508
Singapore,singapore,0h,372,wind_gusts_10m,9.325035674064772
Singapore,singapore,1-6h,1952,temperature_2m,2.1020091871708884
Singapore,singapore,1-6h,1952,relative_humidity_2m,9.706344046761291
Singapore,singapore,1-6h,1952,dew_point_2m,1.0478852630847348
Singapore,singapore,1-6h,1952,apparent_temperature,2.3009397581188002
Singapore,singapore,1-6h,1952,precipitation,1.4352985637884248
Singapore,singapore,1-6h,1952,rain,1.3786650112027774
Singapore,singapore,1-6h,1952,showers,0.8517520515837043
Singapore,singapore,1-6h,1952,snowfall,0
Singapore,singapore,1-6h,1952,snow_depth,0
Singapore,singapore,1-6h,1952,weather_code,40.66052986035216
Singapore,singapore,1-6h,1952,pressure_msl,0.4582240306826807
Singapore,singapore,1-6h,1952,surface_pressure,0.4582240306826772
Singapore,singapore,1-6h,1952,cloud_cover,18.611648036188274
Singapore,singapore,1-6h,1952,wind_speed_10m,4.357153294992681
Singapore,singapore,1-6h,1952,wind_gusts_10m,9.629499693351795
Singapore,singapore,13-18h,846,temperature_2m,2.5205960119224082
Singapore,singapore,13-18h,846,relative_humidity_2m,10.518249366693714
Singapore,singapore,13-18h,846,dew_point_2m,1.0298499971104838
Singapore,singapore,13-18h,846,apparent_temperature,2.737710558414612
Singapore,singapore,13-18h,846,precipitation,1.0455127577958807
Singapore,singapore,13-18h,846,rain,0.9567478404783819
Singapore,singapore,13-18h,846,showers,0.5441717848640082
Singapore,singapore,13-18h,846,snowfall,0
Singapore,singapore,13-18h,846,snow_depth,0
Singapore,singapore,13-18h,846,weather_code,34.48424452655699
Singapore,singapore,13-18h,846,pressure_msl,0.384879705501415
Singapore,singapore,13-18h,846,surface_pressure,0.38487970550141265
Singapore,singapore,13-18h,846,cloud_cover,22.577944844042264
Singapore,singapore,13-18h,846,wind_speed_10m,3.7292213930767857
Singapore,singapore,13-18h,846,wind_gusts_10m,8.259710239395247
Singapore,singapore,19-24h,246,temperature_2m,2.5478669541913215
Singapore,singapore,19-24h,246,relative_humidity_2m,9.532997890511032
Singapore,singapore,19-24h,246,dew_point_2m,1.0941083907601237
Singapore,singapore,19-24h,246,apparent_temperature,2.8598851531890044
Singapore,singapore,19-24h,246,precipitation,0.885198980892069
Singapore,singapore,19-24h,246,rain,0.8631102766121465
Singapore,singapore,19-24h,246,showers,0.2717004567743347
Singapore,singapore,19-24h,246,snowfall,0
Singapore,singapore,19-24h,246,snow_depth,0
Singapore,singapore,19-24h,246,weather_code,35.28536397104479
Singapore,singapore,19-24h,246,pressure_msl,0.411422280246127
Singapore,singapore,19-24h,246,surface_pressure,0.4114222802461306
Singapore,singapore,19-24h,246,cloud_cover,23.040614546907968
Singapore,singapore,19-24h,246,wind_speed_10m,3.6304829574128346
Singapore,singapore,19-24h,246,wind_gusts_10m,7.8574856856893485
Singapore,singapore,7-12h,1390,temperature_2m,2.3509557217768684
Singapore,singapore,7-12h,1390,relative_humidity_2m,10.485412957632443
Singapore,singapore,7-12h,1390,dew_point_2m,0.98592249465545
Singapore,singapore,7-12h,1390,apparent_temperature,2.5040399013071117
Singapore,singapore,7-12h,1390,precipitation,1.1944541512441824
Singapore,singapore,7-12h,1390,rain,1.1177514041319068
Singapore,singapore,7-12h,1390,showers,0.6776705763657903
Singapore,singapore,7-12h,1390,snowfall,0
Singapore,singapore,7-12h,1390,snow_depth,0
Singapore,singapore,7-12h,1390,weather_code,37.414574161845415
Singapore,singapore,7-12h,1390,pressure_msl,0.4337057982370772
Singapore,singapore,7-12h,1390,surface_pressure,0.43370579823707855
Singapore,singapore,7-12h,1390,cloud_cover,21.030091492940272
Singapore,singapore,7-12h,1390,wind_speed_10m,4.322441023643665
Singapore,singapore,7-12h,1390,wind_gusts_10m,8.336388984144396
Slovakia,bratislava,0h,372,temperature_2m,0.8543059812955891
Slovakia,bratislava,0h,372,relative_humidity_2m,4.951376478541908
Slovakia,bratislava,0h,372,dew_point_2m,0.7634457822043367
Slovakia,bratislava,0h,372,apparent_temperature,1.1923817314720933
Slovakia,bratislava,0h,372,precipitation,0.1579437765761595
Slovakia,bratislava,0h,372,rain,0.15169295530172797
Slovakia,bratislava,0h,372,showers,0
Slovakia,bratislava,0h,372,snowfall,0.02992822956225748
Slovakia,bratislava,0h,372,snow_depth,0.006475761258027333
Slovakia,bratislava,0h,372,weather_code,26.326526954867717
Slovakia,bratislava,0h,372,pressure_msl,0.3538573918451307
Slovakia,bratislava,0h,372,surface_pressure,0.3433703915692984
Slovakia,bratislava,0h,372,cloud_cover,14.623225009464203
Slovakia,bratislava,0h,372,wind_speed_10m,3.3796115447708464
Slovakia,bratislava,0h,372,wind_gusts_10m,6.385900968758888
Slovakia,bratislava,1-6h,1950,temperature_2m,0.9510533970827106
Slovakia,bratislava,1-6h,1950,relative_humidity_2m,5.364460447932848
Slovakia,bratislava,1-6h,1950,dew_point_2m,0.7609036463142748
Slovakia,bratislava,1-6h,1950,apparent_temperature,1.2633086392282442
Slovakia,bratislava,1-6h,1950,precipitation,0.13504035484216353
Slovakia,bratislava,1-6h,1950,rain,0.12874144233446733
Slovakia,bratislava,1-6h,1950,showers,0.003202563076101743
Slovakia,bratislava,1-6h,1950,snowfall,0.02445508703830927
Slovakia,bratislava,1-6h,1950,snow_depth,0.006793662204867574
Slovakia,bratislava,1-6h,1950,weather_code,27.09843405448234
Slovakia,bratislava,1-6h,1950,pressure_msl,0.3704744013441147
Slovakia,bratislava,1-6h,1950,surface_pressure,0.3539085786630238
Slovakia,bratislava,1-6h,1950,cloud_cover,13.608104674072464
Slovakia,bratislava,1-6h,1950,wind_speed_10m,3.466787473240231
Slovakia,bratislava,1-6h,1950,wind_gusts_10m,6.706950088317304
Slovakia,bratislava,13-18h,846,temperature_2m,1.2000394004563992
Slovakia,bratislava,13-18h,846,relative_humidity_2m,6.424318455080908
Slovakia,bratislava,13-18h,846,dew_point_2m,0.8943346774929564
Slovakia,bratislava,13-18h,846,apparent_temperature,1.5117897586078821
Slovakia,bratislava,13-18h,846,precipitation,0.14602697377045762
Slovakia,bratislava,13-18h,846,rain,0.13820873650509832
Slovakia,bratislava,13-18h,846,showers,0.004862166383263152
Slovakia,bratislava,13-18h,846,snowfall,0.03601943263277146
Slovakia,bratislava,13-18h,846,snow_depth,0.005895063447465632
Slovakia,bratislava,13-18h,846,weather_code,25.162028129196344
Slovakia,bratislava,13-18h,846,pressure_msl,0.4736059548536214
Slovakia,bratislava,13-18h,846,surface_pressure,0.46287721822200056
Slovakia,bratislava,13-18h,846,cloud_cover,17.27992316767789
Slovakia,bratislava,13-18h,846,wind_speed_10m,3.267516896156264
Slovakia,bratislava,13-18h,846,wind_gusts_10m,5.962968860889164
Slovakia,bratislava,19-24h,244,temperature_2m,0.9989338579000195
Slovakia,bratislava,19-24h,244,relative_humidity_2m,5.658303053268086
Slovakia,bratislava,19-24h,244,dew_point_2m,0.8284886496645266
Slovakia,bratislava,19-24h,244,apparent_temperature,1.4198245100519509
Slovakia,bratislava,19-24h,244,precipitation,0.1701012234803389
Slovakia,bratislava,19-24h,244,rain,0.1408405679261856
Slovakia,bratislava,19-24h,244,showers,0
Slovakia,bratislava,19-24h,244,snowfall,0.0667697290792128
Slovakia,bratislava,19-24h,244,snow_depth,0.00550707443680027
Slovakia,bratislava,19-24h,244,weather_code,27.459358940853352
Slovakia,bratislava,19-24h,244,pressure_msl,0.5649604657574242
Slovakia,bratislava,19-24h,244,surface_pressure,0.5623428742295302
Slovakia,bratislava,19-24h,244,cloud_cover,13.972748652932708
Slovakia,bratislava,19-24h,244,wind_speed_10m,3.7440006655456886
Slovakia,bratislava,19-24h,244,wind_gusts_10m,7.0806825641155875
Slovakia,bratislava,7-12h,1390,temperature_2m,1.0359161656033145
Slovakia,bratislava,7-12h,1390,relative_humidity_2m,6.052527862404258
Slovakia,bratislava,7-12h,1390,dew_point_2m,0.818412219575856
Slovakia,bratislava,7-12h,1390,apparent_temperature,1.329234106300511
Slovakia,bratislava,7-12h,1390,precipitation,0.14015869731006592
Slovakia,bratislava,7-12h,1390,rain,0.1360961361442025
Slovakia,bratislava,7-12h,1390,showers,0
Slovakia,bratislava,7-12h,1390,snowfall,0.02920776480971894
Slovakia,bratislava,7-12h,1390,snow_depth,0.006526095927700876
Slovakia,bratislava,7-12h,1390,weather_code,24.35584517615031
Slovakia,bratislava,7-12h,1390,pressure_msl,0.4069892968737414
Slovakia,bratislava,7-12h,1390,surface_pressure,0.3886704879476199
Slovakia,bratislava,7-12h,1390,cloud_cover,16.663534477864054
Slovakia,bratislava,7-12h,1390,wind_speed_10m,3.256358472833899
Slovakia,bratislava,7-12h,1390,wind_gusts_10m,6.639871932543243
South Africa,cape_town,0h,372,temperature_2m,2.5644593217485876
South Africa,cape_town,0h,372,relative_humidity_2m,11.889952386024744
South Africa,cape_town,0h,372,dew_point_2m,1.3793991211697472
South Africa,cape_town,0h,372,apparent_temperature,2.799971198008547
South Africa,cape_town,0h,372,precipitation,0.05287436926083547
South Africa,cape_town,0h,372,rain,0.05026809843658409
South Africa,cape_town,0h,372,showers,0.026437184630417734
South Africa,cape_town,0h,372,snowfall,0
South Africa,cape_town,0h,372,snow_depth,0
South Africa,cape_town,0h,372,weather_code,9.921465812619008
South Africa,cape_town,0h,372,pressure_msl,0.519356508379066
South Africa,cape_town,0h,372,surface_pressure,0.5109026378639482
South Africa,cape_town,0h,372,cloud_cover,31.295332710523553
South Africa,cape_town,0h,372,wind_speed_10m,5.539258713652414
South Africa,cape_town,0h,372,wind_gusts_10m,22.751398397291055
South Africa,cape_town,1-6h,1950,temperature_2m,2.766806916432824
South Africa,cape_town,1-6h,1950,relative_humidity_2m,11.923645974840637
South Africa,cape_town,1-6h,1950,dew_point_2m,1.4830287788759728
South Africa,cape_town,1-6h,1950,apparent_temperature,3.030008885490907
South Africa,cape_town,1-6h,1950,precipitation,0.14911705950660856
South Africa,cape_town,1-6h,1950,rain,0.14304383405634255
South Africa,cape_town,1-6h,1950,showers,0.04750168687962836
South Africa,cape_town,1-6h,1950,snowfall,0
South Africa,cape_town,1-6h,1950,snow_depth,0
South Africa,cape_town,1-6h,1950,weather_code,8.73354863700156
South Africa,cape_town,1-6h,1950,pressure_msl,0.49267454280508954
South Africa,cape_town,1-6h,1950,surface_pressure,0.4788019236085878
South Africa,cape_town,1-6h,1950,cloud_cover,29.973595217397765
South Africa,cape_town,1-6h,1950,wind_speed_10m,5.81367353744601
South Africa,cape_town,1-6h,1950,wind_gusts_10m,22.797968420509843
South Africa,cape_town,13-18h,846,temperature_2m,1.5605509119974812
South Africa,cape_town,13-18h,846,relative_humidity_2m,9.664465388884947
South Africa,cape_town,13-18h,846,dew_point_2m,1.5199461854353218
South Africa,cape_town,13-18h,846,apparent_temperature,1.9003172560809063
South Africa,cape_town,13-18h,846,precipitation,0.03506158040938518
South Africa,cape_town,13-18h,846,rain,0.022805581830941172
South Africa,cape_town,13-18h,846,showers,0.041825936731309875
South Africa,cape_town,13-18h,846,snowfall,0
South Africa,cape_town,13-18h,846,snow_depth,0
South Africa,cape_town,13-18h,846,weather_code,8.575075212125958
South Africa,cape_town,13-18h,846,pressure_msl,0.5237390576163059
South Africa,cape_town,13-18h,846,surface_pressure,0.5221568290629858
South Africa,cape_town,13-18h,846,cloud_cover,33.606715809756395
South Africa,cape_town,13-18h,846,wind_speed_10m,6.234998071020269
South Africa,cape_town,13-18h,846,wind_gusts_10m,23.201769925149556
South Africa,cape_town,19-24h,240,temperature_2m,1.19836694435942
South Africa,cape_town,19-24h,240,relative_humidity_2m,10.186183452762538
South Africa,cape_town,19-24h,240,dew_point_2m,1.613433192501836
South Africa,cape_town,19-24h,240,apparent_temperature,1.1860297916438132
South Africa,cape_town,19-24h,240,precipitation,0.06645800679125628
South Africa,cape_town,19-24h,240,rain,0.01825741858350554
South Africa,cape_town,19-24h,240,showers,0.07359800721939873
South Africa,cape_town,19-24h,240,snowfall,0
South Africa,cape_town,19-24h,240,snow_depth,0
South Africa,cape_town,19-24h,240,weather_code,14.483323743763608
South Africa,cape_town,19-24h,240,pressure_msl,0.5014146653885057
South Africa,cape_town,19-24h,240,surface_pressure,0.5017469481720825
South Africa,cape_town,19-24h,240,cloud_cover,33.82294586026868
South Africa,cape_town,19-24h,240,wind_speed_10m,4.65409318055981
South Africa,cape_town,19-24h,240,wind_gusts_10m,24.165207427208234
South Africa,cape_town,7-12h,1390,temperature_2m,2.9206976598312746
South Africa,cape_town,7-12h,1390,relative_humidity_2m,12.63078345343162
South Africa,cape_town,7-12h,1390,dew_point_2m,1.6063856386758084
South Africa,cape_town,7-12h,1390,apparent_temperature,3.33156043979826
South Africa,cape_town,7-12h,1390,precipitation,0.15990104853859152
South Africa,cape_town,7-12h,1390,rain,0.15667406482863735
South Africa,cape_town,7-12h,1390,showers,0.05214810121597578
South Africa,cape_town,7-12h,1390,snowfall,0
South Africa,cape_town,7-12h,1390,snow_depth,0
South Africa,cape_town,7-12h,1390,weather_code,8.508649851895322
South Africa,cape_town,7-12h,1390,pressure_msl,0.5421247832146563
South Africa,cape_town,7-12h,1390,surface_pressure,0.5260823033785273
South Africa,cape_town,7-12h,1390,cloud_cover,31.26058957268168
South Africa,cape_town,7-12h,1390,wind_speed_10m,6.758224406033153
South Africa,cape_town,7-12h,1390,wind_gusts_10m,22.789989282814318
South Africa,johannesburg,0h,372,temperature_2m,1.8803740190751688
South Africa,johannesburg,0h,372,relative_humidity_2m,10.982880128362437
South Africa,johannesburg,0h,372,dew_point_2m,1.6711981407979282
South Africa,johannesburg,0h,372,apparent_temperature,1.9157384381592546
South Africa,johannesburg,0h,372,precipitation,1.1676877252313282
South Africa,johannesburg,0h,372,rain,1.0324311010884086
South Africa,johannesburg,0h,372,showers,0.7864784721127299
South Africa,johannesburg,0h,372,snowfall,0
South Africa,johannesburg,0h,372,snow_depth,0
South Africa,johannesburg,0h,372,weather_code,31.409367823895696
South Africa,johannesburg,0h,372,pressure_msl,1.079899437771374
South Africa,johannesburg,0h,372,surface_pressure,0.574830503302394
South Africa,johannesburg,0h,372,cloud_cover,35.05042450619558
South Africa,johannesburg,0h,372,wind_speed_10m,3.883795948262722
South Africa,johannesburg,0h,372,wind_gusts_10m,8.265975083801155
South Africa,johannesburg,1-6h,1948,temperature_2m,1.9337115209892533
South Africa,johannesburg,1-6h,1948,relative_humidity_2m,11.351758586137507
South Africa,johannesburg,1-6h,1948,dew_point_2m,1.813801752318753
South Africa,johannesburg,1-6h,1948,apparent_temperature,1.9706157638429582
South Africa,johannesburg,1-6h,1948,precipitation,1.0211068198660715
South Africa,johannesburg,1-6h,1948,rain,0.8384191147091358
South Africa,johannesburg,1-6h,1948,showers,0.665380346989723
South Africa,johannesburg,1-6h,1948,snowfall,0
South Africa,johannesburg,1-6h,1948,snow_depth,0
South Africa,johannesburg,1-6h,1948,weather_code,28.9924758347886
South Africa,johannesburg,1-6h,1948,pressure_msl,1.1930668984721589
South Africa,johannesburg,1-6h,1948,surface_pressure,0.5212329404729572
South Africa,johannesburg,1-6h,1948,cloud_cover,34.456904011913814
South Africa,johannesburg,1-6h,1948,wind_speed_10m,3.677154901888769
South Africa,johannesburg,1-6h,1948,wind_gusts_10m,8.048718443526411
South Africa,johannesburg,13-18h,844,temperature_2m,1.707566101362207
South Africa,johannesburg,13-18h,844,relative_humidity_2m,11.276784859934644
South Africa,johannesburg,13-18h,844,dew_point_2m,1.9501670848334438
South Africa,johannesburg,13-18h,844,apparent_temperature,1.8023681104833174
South Africa,johannesburg,13-18h,844,precipitation,0.9099111982087001
South Africa,johannesburg,13-18h,844,rain,0.45895512899034074
South Africa,johannesburg,13-18h,844,showers,0.7749331113162078
South Africa,johannesburg,13-18h,844,snowfall,0
South Africa,johannesburg,13-18h,844,snow_depth,0
South Africa,johannesburg,13-18h,844,weather_code,25.78911008647124
South Africa,johannesburg,13-18h,844,pressure_msl,1.1900157313070685
South Africa,johannesburg,13-18h,844,surface_pressure,0.5561802701381976
South Africa,johannesburg,13-18h,844,cloud_cover,37.300782045852976
South Africa,johannesburg,13-18h,844,wind_speed_10m,3.068225014456484
South Africa,johannesburg,13-18h,844,wind_gusts_10m,7.362911411593671
South Africa,johannesburg,19-24h,230,temperature_2m,1.3137070019439347
South Africa,johannesburg,19-24h,230,relative_humidity_2m,8.009776634783922
South Africa,johannesburg,19-24h,230,dew_point_2m,1.6936967543371435
South Africa,johannesburg,19-24h,230,apparent_temperature,1.7600148220719745
South Africa,johannesburg,19-24h,230,precipitation,0.7960773394807709
South Africa,johannesburg,19-24h,230,rain,0.693761016363767
South Africa,johannesburg,19-24h,230,showers,0.38651171307972815
South Africa,johannesburg,19-24h,230,snowfall,0
South Africa,johannesburg,19-24h,230,snow_depth,0
South Africa,johannesburg,19-24h,230,weather_code,22.329352879114076
South Africa,johannesburg,19-24h,230,pressure_msl,1.0077957004835125
South Africa,johannesburg,19-24h,230,surface_pressure,0.6797697820010422
South Africa,johannesburg,19-24h,230,cloud_cover,39.786932528155525
South Africa,johannesburg,19-24h,230,wind_speed_10m,3.4955126513363064
South Africa,johannesburg,19-24h,230,wind_gusts_10m,8.088526495571688
South Africa,johannesburg,7-12h,1390,temperature_2m,2.232323047197775
South Africa,johannesburg,7-12h,1390,relative_humidity_2m,13.092257034010764
South Africa,johannesburg,7-12h,1390,dew_point_2m,2.1010001044381035
South Africa,johannesburg,7-12h,1390,apparent_temperature,2.1004898366706835
South Africa,johannesburg,7-12h,1390,precipitation,1.3630900148153124
South Africa,johannesburg,7-12h,1390,rain,1.043665372651571
South Africa,johannesburg,7-12h,1390,showers,0.7406394281902147
South Africa,johannesburg,7-12h,1390,snowfall,0
South Africa,johannesburg,7-12h,1390,snow_depth,0
South Africa,johannesburg,7-12h,1390,weather_code,31.6417218423884
South Africa,johannesburg,7-12h,1390,pressure_msl,1.4155406725641808
South Africa,johannesburg,7-12h,1390,surface_pressure,0.5882910257136796
South Africa,johannesburg,7-12h,1390,cloud_cover,36.62540298597262
South Africa,johannesburg,7-12h,1390,wind_speed_10m,3.3566255751570746
South Africa,johannesburg,7-12h,1390,wind_gusts_10m,7.673287309197826
South Korea,seoul,0h,372,temperature_2m,1.3955574675237457
South Korea,seoul,0h,372,relative_humidity_2m,13.15764629080667
South Korea,seoul,0h,372,dew_point_2m,2.676822060594619
South Korea,seoul,0h,372,apparent_temperature,1.445701823835351
South Korea,seoul,0h,372,precipitation,0.09616294415187689
South Korea,seoul,0h,372,rain,0.11891082770814676
South Korea,seoul,0h,372,showers,0
South Korea,seoul,0h,372,snowfall,0.0647202416359778
South Korea,seoul,0h,372,snow_depth,0.0059115341967326705
South Korea,seoul,0h,372,weather_code,12.68073638511649
South Korea,seoul,0h,372,pressure_msl,0.45672984415038076
South Korea,seoul,0h,372,surface_pressure,0.4502687369603513
South Korea,seoul,0h,372,cloud_cover,37.91884372811781
South Korea,seoul,0h,372,wind_speed_10m,2.892835049506956
South Korea,seoul,0h,372,wind_gusts_10m,5.428573348693977
South Korea,seoul,1-6h,1948,temperature_2m,1.4531527715325498
South Korea,seoul,1-6h,1948,relative_humidity_2m,13.60347068892326
South Korea,seoul,1-6h,1948,dew_point_2m,2.903403794415988
South Korea,seoul,1-6h,1948,apparent_temperature,1.6049269623303062
South Korea,seoul,1-6h,1948,precipitation,0.22413420004628956
South Korea,seoul,1-6h,1948,rain,0.21121045490892176
South Korea,seoul,1-6h,1948,showers,0
South Korea,seoul,1-6h,1948,snowfall,0.12032724032346279
South Korea,seoul,1-6h,1948,snow_depth,0.006262564372975926
South Korea,seoul,1-6h,1948,weather_code,11.40445534178246
South Korea,seoul,1-6h,1948,pressure_msl,0.5022945297942135
South Korea,seoul,1-6h,1948,surface_pressure,0.49650730829148715
South Korea,seoul,1-6h,1948,cloud_cover,35.674492351222796
South Korea,seoul,1-6h,1948,wind_speed_10m,3.044551129659154
South Korea,seoul,1-6h,1948,wind_gusts_10m,5.25919747783661
South Korea,seoul,13-18h,844,temperature_2m,1.3554086842800592
South Korea,seoul,13-18h,844,relative_humidity_2m,13.216121850877858
South Korea,seoul,13-18h,844,dew_point_2m,2.664698128070809
South Korea,seoul,13-18h,844,apparent_temperature,1.5574237446434247
South Korea,seoul,13-18h,844,precipitation,0.44040588775760475
South Korea,seoul,13-18h,844,rain,0.4403520780087623
South Korea,seoul,13-18h,844,showers,0
South Korea,seoul,13-18h,844,snowfall,0.0048189987357506
South Korea,seoul,13-18h,844,snow_depth,0.006867051631105259
South Korea,seoul,13-18h,844,weather_code,11.36699304150782
South Korea,seoul,13-18h,844,pressure_msl,0.6665145956099813
South Korea,seoul,13-18h,844,surface_pressure,0.657998545065299
South Korea,seoul,13-18h,844,cloud_cover,37.3917711503886
South Korea,seoul,13-18h,844,wind_speed_10m,2.8799725182996343
South Korea,seoul,13-18h,844,wind_gusts_10m,5.243544891881384
South Korea,seoul,19-24h,228,temperature_2m,1.441916366166063
South Korea,seoul,19-24h,228,relative_humidity_2m,12.45130867496659
South Korea,seoul,19-24h,228,dew_point_2m,2.471486519088277
South Korea,seoul,19-24h,228,apparent_temperature,1.6603476702079336
South Korea,seoul,19-24h,228,precipitation,0.20152924127212732
South Korea,seoul,19-24h,228,rain,0.20152924127212732
South Korea,seoul,19-24h,228,showers,0
South Korea,seoul,19-24h,228,snowfall,0
South Korea,seoul,19-24h,228,snow_depth,0.007071067811865475
South Korea,seoul,19-24h,228,weather_code,9.521443941800115
South Korea,seoul,19-24h,228,pressure_msl,0.7262617574613618
South Korea,seoul,19-24h,228,surface_pressure,0.7194661763748039
South Korea,seoul,19-24h,228,cloud_cover,36.68595983646615
South Korea,seoul,19-24h,228,wind_speed_10m,2.843968687369262
South Korea,seoul,19-24h,228,wind_gusts_10m,5.049057580988788
South Korea,seoul,7-12h,1390,temperature_2m,1.421191110534354
South Korea,seoul,7-12h,1390,relative_humidity_2m,14.201529961148907
South Korea,seoul,7-12h,1390,dew_point_2m,2.9162383378533154
South Korea,seoul,7-12h,1390,apparent_temperature,1.6209953421526464
South Korea,seoul,7-12h,1390,precipitation,0.21350113304839774
South Korea,seoul,7-12h,1390,rain,0.2013979917455402
South Korea,seoul,7-12h,1390,showers,0
South Korea,seoul,7-12h,1390,snowfall,0.08014285805885465
South Korea,seoul,7-12h,1390,snow_depth,0.006710884533578385
South Korea,seoul,7-12h,1390,weather_code,11.84722898117421
South Korea,seoul,7-12h,1390,pressure_msl,0.5774790164053484
South Korea,seoul,7-12h,1390,surface_pressure,0.569551129582435
South Korea,seoul,7-12h,1390,cloud_cover,36.63667620248141
South Korea,seoul,7-12h,1390,wind_speed_10m,2.8163602205837113
South Korea,seoul,7-12h,1390,wind_gusts_10m,5.35316083592225
Spain,barcelona,0h,372,temperature_2m,2.0730736621263968
Spain,barcelona,0h,372,relative_humidity_2m,6.928979195247453
Spain,barcelona,0h,372,dew_point_2m,2.186689942178773
Spain,barcelona,0h,372,apparent_temperature,2.563180148393452
Spain,barcelona,0h,372,precipitation,0.3894440481849308
Spain,barcelona,0h,372,rain,0.46007245806140873
Spain,barcelona,0h,372,showers,0.2945745975952222
Spain,barcelona,0h,372,snowfall,0
Spain,barcelona,0h,372,snow_depth,0
Spain,barcelona,0h,372,weather_code,19.60976824831666
Spain,barcelona,0h,372,pressure_msl,0.42660197762297164
Spain,barcelona,0h,372,surface_pressure,0.42025337979105953
Spain,barcelona,0h,372,cloud_cover,33.05412635083862
Spain,barcelona,0h,372,wind_speed_10m,3.302044006922972
Spain,barcelona,0h,372,wind_gusts_10m,6.796168275271475
Spain,barcelona,1-6h,1948,temperature_2m,1.9057677504580226
Spain,barcelona,1-6h,1948,relative_humidity_2m,7.187571979819917
Spain,barcelona,1-6h,1948,dew_point_2m,2.0786264419106835
Spain,barcelona,1-6h,1948,apparent_temperature,2.3439664342229523
Spain,barcelona,1-6h,1948,precipitation,0.5139831171973067
Spain,barcelona,1-6h,1948,rain,0.5212230916734546
Spain,barcelona,1-6h,1948,showers,0.21518341348108516
Spain,barcelona,1-6h,1948,snowfall,0.006344005562012213
Spain,barcelona,1-6h,1948,snow_depth,0
Spain,barcelona,1-6h,1948,weather_code,19.173743597217197
Spain,barcelona,1-6h,1948,pressure_msl,0.4151519352760497
Spain,barcelona,1-6h,1948,surface_pressure,0.40790444587058
Spain,barcelona,1-6h,1948,cloud_cover,32.77175124511136
Spain,barcelona,1-6h,1948,wind_speed_10m,3.2952052778861325
Spain,barcelona,1-6h,1948,wind_gusts_10m,7.103599746850162
Spain,barcelona,13-18h,844,temperature_2m,1.7611257709325177
Spain,barcelona,13-18h,844,relative_humidity_2m,8.927830707256986
Spain,barcelona,13-18h,844,dew_point_2m,2.498060859321093
Spain,barcelona,13-18h,844,apparent_temperature,2.1287693082559493
Spain,barcelona,13-18h,844,precipitation,0.5135601968896966
Spain,barcelona,13-18h,844,rain,0.4879835674336873
Spain,barcelona,13-18h,844,showers,0.18057307404784925
Spain,barcelona,13-18h,844,snowfall,0.006815093369157297
Spain,barcelona,13-18h,844,snow_depth,0
Spain,barcelona,13-18h,844,weather_code,20.783526560796115
Spain,barcelona,13-18h,844,pressure_msl,0.501514294589621
Spain,barcelona,13-18h,844,surface_pressure,0.5004263585027853
Spain,barcelona,13-18h,844,cloud_cover,35.33660079082646
Spain,barcelona,13-18h,844,wind_speed_10m,3.1184400341269187
Spain,barcelona,13-18h,844,wind_gusts_10m,6.694087367759984
Spain,barcelona,19-24h,224,temperature_2m,2.416664614120639
Spain,barcelona,19-24h,224,relative_humidity_2m,9.005454696222412
Spain,barcelona,19-24h,224,dew_point_2m,2.7152512380467275
Spain,barcelona,19-24h,224,apparent_temperature,2.8923081489653604
Spain,barcelona,19-24h,224,precipitation,0.3269174207655505
Spain,barcelona,19-24h,224,rain,0.3326033673912518
Spain,barcelona,19-24h,224,showers,0.055097316501933974
Spain,barcelona,19-24h,224,snowfall,0
Spain,barcelona,19-24h,224,snow_depth,0
Spain,barcelona,19-24h,224,weather_code,25.242219451885425
Spain,barcelona,19-24h,224,pressure_msl,0.48522822318103986
Spain,barcelona,19-24h,224,surface_pressure,0.4744357550968173
Spain,barcelona,19-24h,224,cloud_cover,35.50264074685149
Spain,barcelona,19-24h,224,wind_speed_10m,2.9125804709913163
Spain,barcelona,19-24h,224,wind_gusts_10m,7.075952737466323
Spain,barcelona,7-12h,1390,temperature_2m,1.3898087441528568
Spain,barcelona,7-12h,1390,relative_humidity_2m,7.211202316460193
Spain,barcelona,7-12h,1390,dew_point_2m,1.9033064754706073
Spain,barcelona,7-12h,1390,apparent_temperature,1.6532984254069916
Spain,barcelona,7-12h,1390,precipitation,0.4225138880693874
Spain,barcelona,7-12h,1390,rain,0.43804667797659524
Spain,barcelona,7-12h,1390,showers,0.19311904108289524
Spain,barcelona,7-12h,1390,snowfall,0.007510184931001482
Spain,barcelona,7-12h,1390,snow_depth,0
Spain,barcelona,7-12h,1390,weather_code,21.672247943747134
Spain,barcelona,7-12h,1390,pressure_msl,0.48100613974753104
Spain,barcelona,7-12h,1390,surface_pressure,0.4782010654450765
Spain,barcelona,7-12h,1390,cloud_cover,34.66447604220458
Spain,barcelona,7-12h,1390,wind_speed_10m,3.114348321499363
Spain,barcelona,7-12h,1390,wind_gusts_10m,6.823920053172247
Spain,bilbao,0h,372,temperature_2m,2.554544758803647
Spain,bilbao,0h,372,relative_humidity_2m,19.467922333931785
Spain,bilbao,0h,372,dew_point_2m,1.9048749006422374
Spain,bilbao,0h,372,apparent_temperature,2.331931222357652
Spain,bilbao,0h,372,precipitation,0.7227858291629061
Spain,bilbao,0h,372,rain,0.6847415335306714
Spain,bilbao,0h,372,showers,0
Spain,bilbao,0h,372,snowfall,0.09450209077734906
Spain,bilbao,0h,372,snow_depth,0.0023186944788008415
Spain,bilbao,0h,372,weather_code,19.193132732465056
Spain,bilbao,0h,372,pressure_msl,0.7294127848843124
Spain,bilbao,0h,372,surface_pressure,0.7161726229104659
Spain,bilbao,0h,372,cloud_cover,36.49760634366594
Spain,bilbao,0h,372,wind_speed_10m,4.430939607628568
Spain,bilbao,0h,372,wind_gusts_10m,8.93458906276221
Spain,bilbao,1-6h,1948,temperature_2m,2.5273615626127746
Spain,bilbao,1-6h,1948,relative_humidity_2m,19.075312748895428
Spain,bilbao,1-6h,1948,dew_point_2m,1.9247496437108627
Spain,bilbao,1-6h,1948,apparent_temperature,2.272288645371668
Spain,bilbao,1-6h,1948,precipitation,0.7323908136380721
Spain,bilbao,1-6h,1948,rain,0.7301936397559493
Spain,bilbao,1-6h,1948,showers,0
Spain,bilbao,1-6h,1948,snowfall,0.0739491750651293
Spain,bilbao,1-6h,1948,snow_depth,0.002219939507472621
Spain,bilbao,1-6h,1948,weather_code,19.322721249041827
Spain,bilbao,1-6h,1948,pressure_msl,0.7997946348316851
Spain,bilbao,1-6h,1948,surface_pressure,0.7868203367350085
Spain,bilbao,1-6h,1948,cloud_cover,33.59842569891609
Spain,bilbao,1-6h,1948,wind_speed_10m,4.779456379696434
Spain,bilbao,1-6h,1948,wind_gusts_10m,9.345583348909624
Spain,bilbao,13-18h,844,temperature_2m,2.4612253719953308
Spain,bilbao,13-18h,844,relative_humidity_2m,17.766121441948084
Spain,bilbao,13-18h,844,dew_point_2m,1.6345064620268661
Spain,bilbao,13-18h,844,apparent_temperature,2.2837930949352514
Spain,bilbao,13-18h,844,precipitation,0.8075179924044245
Spain,bilbao,13-18h,844,rain,0.7561908783830728
Spain,bilbao,13-18h,844,showers,0
Spain,bilbao,13-18h,844,snowfall,0.04733915145694425
Spain,bilbao,13-18h,844,snow_depth,0.001947169534044942
Spain,bilbao,13-18h,844,weather_code,20.510429666842267
Spain,bilbao,13-18h,844,pressure_msl,0.8989198362690157
Spain,bilbao,13-18h,844,surface_pressure,0.8853868943047627
Spain,bilbao,13-18h,844,cloud_cover,34.83539492149462
Spain,bilbao,13-18h,844,wind_speed_10m,4.585108804468566
Spain,bilbao,13-18h,844,wind_gusts_10m,10.595734856837353
Spain,bilbao,19-24h,222,temperature_2m,2.588279194598061
Spain,bilbao,19-24h,222,relative_humidity_2m,18.359522653709494
Spain,bilbao,19-24h,222,dew_point_2m,1.4680685356022127
Spain,bilbao,19-24h,222,apparent_temperature,2.4392806501282482
Spain,bilbao,19-24h,222,precipitation,0.7439243398514552
Spain,bilbao,19-24h,222,rain,0.7249728171356397
Spain,bilbao,19-24h,222,showers,0
Spain,bilbao,19-24h,222,snowfall,0
Spain,bilbao,19-24h,222,snow_depth,0.001643989873053573
Spain,bilbao,19-24h,222,weather_code,20.534085045325217
Spain,bilbao,19-24h,222,pressure_msl,0.912081077477167
Spain,bilbao,19-24h,222,surface_pressure,0.8941753460868453
Spain,bilbao,19-24h,222,cloud_cover,34.134471757479446
Spain,bilbao,19-24h,222,wind_speed_10m,4.8238147963193185
Spain,bilbao,19-24h,222,wind_gusts_10m,12.337111668633154
Spain,bilbao,7-12h,1390,temperature_2m,2.1743799248415527
Spain,bilbao,7-12h,1390,relative_humidity_2m,16.457750574025436
Spain,bilbao,7-12h,1390,dew_point_2m,1.805156482983554
Spain,bilbao,7-12h,1390,apparent_temperature,2.014415672992325
Spain,bilbao,7-12h,1390,precipitation,0.7646788953211932
Spain,bilbao,7-12h,1390,rain,0.7749866557217373
Spain,bilbao,7-12h,1390,showers,0
Spain,bilbao,7-12h,1390,snowfall,0.03847824761561193
Spain,bilbao,7-12h,1390,snow_depth,0.0024873782100260167
Spain,bilbao,7-12h,1390,weather_code,19.412856379362502
Spain,bilbao,7-12h,1390,pressure_msl,0.925140471542746
Spain,bilbao,7-12h,1390,surface_pressure,0.9141887153067723
Spain,bilbao,7-12h,1390,cloud_cover,31.861706566405715
Spain,bilbao,7-12h,1390,wind_speed_10m,4.59316508168669
Spain,bilbao,7-12h,1390,wind_gusts_10m,10.394414659571163
Spain,cordoba,0h,372,temperature_2m,1.5062950345741686
Spain,cordoba,0h,372,relative_humidity_2m,8.737510287347613
Spain,cordoba,0h,372,dew_point_2m,2.165690433502314
Spain,cordoba,0h,372,apparent_temperature,1.677667992325394
Spain,cordoba,0h,372,precipitation,0.8216165549943966
Spain,cordoba,0h,372,rain,0.40093975628770345
Spain,cordoba,0h,372,showers,0.6863100650408269
Spain,cordoba,0h,372,snowfall,0
Spain,cordoba,0h,372,snow_depth,0
Spain,cordoba,0h,372,weather_code,24.51837143112096
Spain,cordoba,0h,372,pressure_msl,0.9049446011678298
Spain,cordoba,0h,372,surface_pressure,0.7527369415843796
Spain,cordoba,0h,372,cloud_cover,32.73344611591722
Spain,cordoba,0h,372,wind_speed_10m,4.786871607317898
Spain,cordoba,0h,372,wind_gusts_10m,8.275611922279346
Spain,cordoba,1-6h,1948,temperature_2m,1.4762284759978799
Spain,cordoba,1-6h,1948,relative_humidity_2m,8.723566702698335
Spain,cordoba,1-6h,1948,dew_point_2m,2.2003079866554205
Spain,cordoba,1-6h,1948,apparent_temperature,1.722555405569491
Spain,cordoba,1-6h,1948,precipitation,0.7690897043297061
Spain,cordoba,1-6h,1948,rain,0.7008135489487513
Spain,cordoba,1-6h,1948,showers,0.32206660706130896
Spain,cordoba,1-6h,1948,snowfall,0
Spain,cordoba,1-6h,1948,snow_depth,0
Spain,cordoba,1-6h,1948,weather_code,22.03571862402512
Spain,cordoba,1-6h,1948,pressure_msl,0.8956316527986659
Spain,cordoba,1-6h,1948,surface_pressure,0.7581453648545965
Spain,cordoba,1-6h,1948,cloud_cover,35.24092788146493
Spain,cordoba,1-6h,1948,wind_speed_10m,4.749646047549444
Spain,cordoba,1-6h,1948,wind_gusts_10m,8.557071957907866
Spain,cordoba,13-18h,842,temperature_2m,1.63874553725311
Spain,cordoba,13-18h,842,relative_humidity_2m,8.481781509635647
Spain,cordoba,13-18h,842,dew_point_2m,2.4703034327550197
Spain,cordoba,13-18h,842,apparent_temperature,1.815655067851732
Spain,cordoba,13-18h,842,precipitation,0.9491213588995033
Spain,cordoba,13-18h,842,rain,0.8584773572562151
Spain,cordoba,13-18h,842,showers,0.43523548653699257
Spain,cordoba,13-18h,842,snowfall,0
Spain,cordoba,13-18h,842,snow_depth,0
Spain,cordoba,13-18h,842,weather_code,22.75335061854729
Spain,cordoba,13-18h,842,pressure_msl,0.8757623079080843
Spain,cordoba,13-18h,842,surface_pressure,0.7003392459247346
Spain,cordoba,13-18h,842,cloud_cover,34.78993629569379
Spain,cordoba,13-18h,842,wind_speed_10m,5.7221161143936365
Spain,cordoba,13-18h,842,wind_gusts_10m,9.06272153468272
Spain,cordoba,19-24h,218,temperature_2m,1.8538331229391771
Spain,cordoba,19-24h,218,relative_humidity_2m,10.359147001829088
Spain,cordoba,19-24h,218,dew_point_2m,2.5520993337200477
Spain,cordoba,19-24h,218,apparent_temperature,1.68770513534006
Spain,cordoba,19-24h,218,precipitation,0.21396218477516413
Spain,cordoba,19-24h,218,rain,0.07419290502442469
Spain,cordoba,19-24h,218,showers,0.21799755911435456
Spain,cordoba,19-24h,218,snowfall,0
Spain,cordoba,19-24h,218,snow_depth,0
Spain,cordoba,19-24h,218,weather_code,20.449759425246516
Spain,cordoba,19-24h,218,pressure_msl,1.003251594301203
Spain,cordoba,19-24h,218,surface_pressure,0.7941298394059118
Spain,cordoba,19-24h,218,cloud_cover,39.61407867611966
Spain,cordoba,19-24h,218,wind_speed_10m,5.336923485827578
Spain,cordoba,19-24h,218,wind_gusts_10m,10.240121666421707
Spain,cordoba,7-12h,1390,temperature_2m,1.5067856110601274
Spain,cordoba,7-12h,1390,relative_humidity_2m,8.223234323173148
Spain,cordoba,7-12h,1390,dew_point_2m,2.2666077718403126
Spain,cordoba,7-12h,1390,apparent_temperature,1.7832635186585344
Spain,cordoba,7-12h,1390,precipitation,0.6692205280084538
Spain,cordoba,7-12h,1390,rain,0.6135050849085386
Spain,cordoba,7-12h,1390,showers,0.30095770395247456
Spain,cordoba,7-12h,1390,snowfall,0
Spain,cordoba,7-12h,1390,snow_depth,0
Spain,cordoba,7-12h,1390,weather_code,21.449455393800736
Spain,cordoba,7-12h,1390,pressure_msl,0.8860387961040075
Spain,cordoba,7-12h,1390,surface_pressure,0.7333769335196624
Spain,cordoba,7-12h,1390,cloud_cover,32.14859832248864
Spain,cordoba,7-12h,1390,wind_speed_10m,4.979704131513244
Spain,cordoba,7-12h,1390,wind_gusts_10m,8.597066590229165
Spain,girona,0h,372,temperature_2m,1.4564096375189448
Spain,girona,0h,372,relative_humidity_2m,9.134302593573729
Spain,girona,0h,372,dew_point_2m,1.9857015769465893
Spain,girona,0h,372,apparent_temperature,1.4208319537722311
Spain,girona,0h,372,precipitation,0.625575004313236
Spain,girona,0h,372,rain,0.6462463992953079
Spain,girona,0h,372,showers,0.11406468642034677
Spain,girona,0h,372,snowfall,0
Spain,girona,0h,372,snow_depth,0.001270001270001905
Spain,girona,0h,372,weather_code,21.523805275749616
Spain,girona,0h,372,pressure_msl,0.4400635340249076
Spain,girona,0h,372,surface_pressure,0.42533983882846776
Spain,girona,0h,372,cloud_cover,27.978582438515666
Spain,girona,0h,372,wind_speed_10m,4.611707868281076
Spain,girona,0h,372,wind_gusts_10m,11.52757563410451
Spain,girona,1-6h,1946,temperature_2m,1.4943641984659335
Spain,girona,1-6h,1946,relative_humidity_2m,10.133233713291176
Spain,girona,1-6h,1946,dew_point_2m,2.160556911191042
Spain,girona,1-6h,1946,apparent_temperature,1.547427663608454
Spain,girona,1-6h,1946,precipitation,0.8043049638166756
Spain,girona,1-6h,1946,rain,0.8055498655062023
Spain,girona,1-6h,1946,showers,0.0817335303882226
Spain,girona,1-6h,1946,snowfall,0.03189461062703791
Spain,girona,1-6h,1946,snow_depth,0.0013218069789571142
Spain,girona,1-6h,1946,weather_code,20.329758361222442
Spain,girona,1-6h,1946,pressure_msl,0.48412623531093774
Spain,girona,1-6h,1946,surface_pressure,0.46447264795558313
Spain,girona,1-6h,1946,cloud_cover,30.489008684528628
Spain,girona,1-6h,1946,wind_speed_10m,4.3401067046335795
Spain,girona,1-6h,1946,wind_gusts_10m,11.538713157717112
Spain,girona,13-18h,842,temperature_2m,1.5205168517438583
Spain,girona,13-18h,842,relative_humidity_2m,8.570650909185714
Spain,girona,13-18h,842,dew_point_2m,1.7250288303556538
Spain,girona,13-18h,842,apparent_temperature,1.7510566881002505
Spain,girona,13-18h,842,precipitation,0.4981676639221701
Spain,girona,13-18h,842,rain,0.4726234459008587
Spain,girona,13-18h,842,showers,0.07918828100155349
Spain,girona,13-18h,842,snowfall,0.048487822013475214
Spain,girona,13-18h,842,snow_depth,0.0015411998287418846
Spain,girona,13-18h,842,weather_code,22.027730310062054
Spain,girona,13-18h,842,pressure_msl,0.5464634734279791
Spain,girona,13-18h,842,surface_pressure,0.527103860553095
Spain,girona,13-18h,842,cloud_cover,33.15098978183667
Spain,girona,13-18h,842,wind_speed_10m,4.4937142692311545
Spain,girona,13-18h,842,wind_gusts_10m,11.095096389643802
Spain,girona,19-24h,212,temperature_2m,1.8958246077620753
Spain,girona,19-24h,212,relative_humidity_2m,8.37448956484502
Spain,girona,19-24h,212,dew_point_2m,1.5288730588864072
Spain,girona,19-24h,212,apparent_temperature,1.9788027636322147
Spain,girona,19-24h,212,precipitation,0.436430633793284
Spain,girona,19-24h,212,rain,0.41139431573475577
Spain,girona,19-24h,212,showers,0.10047059083453978
Spain,girona,19-24h,212,snowfall,0
Spain,girona,19-24h,212,snow_depth,0.0016823164622761328
Spain,girona,19-24h,212,weather_code,26.846875367184392
Spain,girona,19-24h,212,pressure_msl,0.6181988444835104
Spain,girona,19-24h,212,surface_pressure,0.5892111771858591
Spain,girona,19-24h,212,cloud_cover,36.71781738076961
Spain,girona,19-24h,212,wind_speed_10m,4.6947582170950115
Spain,girona,19-24h,212,wind_gusts_10m,12.017086891526189
Spain,girona,7-12h,1390,temperature_2m,1.4079731848329473
Spain,girona,7-12h,1390,relative_humidity_2m,10.375538470901214
Spain,girona,7-12h,1390,dew_point_2m,2.4385188333739447
Spain,girona,7-12h,1390,apparent_temperature,1.567089590346596
Spain,girona,7-12h,1390,precipitation,0.9528903399657277
Spain,girona,7-12h,1390,rain,0.9800895569121963
Spain,girona,7-12h,1390,showers,0.1022058861586143
Spain,girona,7-12h,1390,snowfall,0.03773821222409063
Spain,girona,7-12h,1390,snow_depth,0.0014691063206231753
Spain,girona,7-12h,1390,weather_code,19.876344350715033
Spain,girona,7-12h,1390,pressure_msl,0.564539667314195
Spain,girona,7-12h,1390,surface_pressure,0.543052920828297
Spain,girona,7-12h,1390,cloud_cover,31.50932258986128
Spain,girona,7-12h,1390,wind_speed_10m,4.4185693833732484
Spain,girona,7-12h,1390,wind_gusts_10m,11.746931636716791
Spain,madrid,0h,372,temperature_2m,0.8310829830595635
Spain,madrid,0h,372,relative_humidity_2m,6.567679087938945
Spain,madrid,0h,372,dew_point_2m,1.036873920436675
Spain,madrid,0h,372,apparent_temperature,1.0101367947392181
Spain,madrid,0h,372,precipitation,0.21124312039443674
Spain,madrid,0h,372,rain,0.2286002286003429
Spain,madrid,0h,372,showers,0.08263145278432003
Spain,madrid,0h,372,snowfall,0.005132649025747366
Spain,madrid,0h,372,snow_depth,0
Spain,madrid,0h,372,weather_code,16.15333115883166
Spain,madrid,0h,372,pressure_msl,0.5853038912917786
Spain,madrid,0h,372,surface_pressure,0.4814851576001554
Spain,madrid,0h,372,cloud_cover,26.775349761276875
Spain,madrid,0h,372,wind_speed_10m,3.838493488084162
Spain,madrid,0h,372,wind_gusts_10m,6.547555564557489
Spain,madrid,1-6h,1946,temperature_2m,0.9067521068905561
Spain,madrid,1-6h,1946,relative_humidity_2m,7.0836290569629305
Spain,madrid,1-6h,1946,dew_point_2m,1.1231013440391424
Spain,madrid,1-6h,1946,apparent_temperature,1.0496365543355128
Spain,madrid,1-6h,1946,precipitation,0.2517972397557458
Spain,madrid,1-6h,1946,rain,0.24112190670938544
Spain,madrid,1-6h,1946,showers,0.09665526624721299
Spain,madrid,1-6h,1946,snowfall,0.010283744244362228
Spain,madrid,1-6h,1946,snow_depth,0
Spain,madrid,1-6h,1946,weather_code,18.610410507011004
Spain,madrid,1-6h,1946,pressure_msl,0.6199907170342442
Spain,madrid,1-6h,1946,surface_pressure,0.49674169589009576
Spain,madrid,1-6h,1946,cloud_cover,29.476034127279725
Spain,madrid,1-6h,1946,wind_speed_10m,3.7284206102128303
Spain,madrid,1-6h,1946,wind_gusts_10m,6.595515309616327
Spain,madrid,13-18h,842,temperature_2m,0.9582743794046035
Spain,madrid,13-18h,842,relative_humidity_2m,7.591719454480286
Spain,madrid,13-18h,842,dew_point_2m,1.1449050619811754
Spain,madrid,13-18h,842,apparent_temperature,1.1428700796688902
Spain,madrid,13-18h,842,precipitation,0.2866383090063569
Spain,madrid,13-18h,842,rain,0.27976067138566274
Spain,madrid,13-18h,842,showers,0.12232894402519091
Spain,madrid,13-18h,842,snowfall,0
Spain,madrid,13-18h,842,snow_depth,0
Spain,madrid,13-18h,842,weather_code,18.036977062903194
Spain,madrid,13-18h,842,pressure_msl,0.667181115837494
Spain,madrid,13-18h,842,surface_pressure,0.5864057758640735
Spain,madrid,13-18h,842,cloud_cover,30.120541676385233
Spain,madrid,13-18h,842,wind_speed_10m,4.194856028773546
Spain,madrid,13-18h,842,wind_gusts_10m,7.685815358159144
Spain,madrid,19-24h,208,temperature_2m,1.1114353159489136
Spain,madrid,19-24h,208,relative_humidity_2m,5.694970790767263
Spain,madrid,19-24h,208,dew_point_2m,0.9537375868735511
Spain,madrid,19-24h,208,apparent_temperature,1.3294012533120663
Spain,madrid,19-24h,208,precipitation,0.22553355540891162
Spain,madrid,19-24h,208,rain,0.26997150846823703
Spain,madrid,19-24h,208,showers,0.10561177090573831
Spain,madrid,19-24h,208,snowfall,0
Spain,madrid,19-24h,208,snow_depth,0
Spain,madrid,19-24h,208,weather_code,13.788930900712186
Spain,madrid,19-24h,208,pressure_msl,0.7549197614010719
Spain,madrid,19-24h,208,surface_pressure,0.6736096792653705
Spain,madrid,19-24h,208,cloud_cover,32.829102942358936
Spain,madrid,19-24h,208,wind_speed_10m,4.421288099811916
Spain,madrid,19-24h,208,wind_gusts_10m,8.45190010498322
Spain,madrid,7-12h,1388,temperature_2m,0.8865550333111517
Spain,madrid,7-12h,1388,relative_humidity_2m,7.717452805803108
Spain,madrid,7-12h,1388,dew_point_2m,1.2890471873817615
Spain,madrid,7-12h,1388,apparent_temperature,1.0384953646879636
Spain,madrid,7-12h,1388,precipitation,0.23941571528666364
Spain,madrid,7-12h,1388,rain,0.2399567684406112
Spain,madrid,7-12h,1388,showers,0.09573016833623034
Spain,madrid,7-12h,1388,snowfall,0.005314327326007864
Spain,madrid,7-12h,1388,snow_depth,0
Spain,madrid,7-12h,1388,weather_code,19.816339719653733
Spain,madrid,7-12h,1388,pressure_msl,0.6605058754677148
Spain,madrid,7-12h,1388,surface_pressure,0.5236895267819442
Spain,madrid,7-12h,1388,cloud_cover,28.650708758980656
Spain,madrid,7-12h,1388,wind_speed_10m,3.5099426500072703
Spain,madrid,7-12h,1388,wind_gusts_10m,6.372518446773368
Spain,malaga,0h,372,temperature_2m,1.3342469987837486
Spain,malaga,0h,372,relative_humidity_2m,9.426854798810124
Spain,malaga,0h,372,dew_point_2m,1.420756272939442
Spain,malaga,0h,372,apparent_temperature,1.5874169184931473
Spain,malaga,0h,372,precipitation,0.7977117812979231
Spain,malaga,0h,372,rain,0.7311428673474961
Spain,malaga,0h,372,showers,0.2501612383269845
Spain,malaga,0h,372,snowfall,0
Spain,malaga,0h,372,snow_depth,0
Spain,malaga,0h,372,weather_code,18.634428767307867
Spain,malaga,0h,372,pressure_msl,0.44152716401047964
Spain,malaga,0h,372,surface_pressure,0.43564314092679524
Spain,malaga,0h,372,cloud_cover,28.798801498359882
Spain,malaga,0h,372,wind_speed_10m,4.651962240621912
Spain,malaga,0h,372,wind_gusts_10m,8.997553430901952
Spain,malaga,1-6h,1946,temperature_2m,1.3341278893258626
Spain,malaga,1-6h,1946,relative_humidity_2m,10.140685609211614
Spain,malaga,1-6h,1946,dew_point_2m,1.6626048483656117
Spain,malaga,1-6h,1946,apparent_temperature,1.501759844661598
Spain,malaga,1-6h,1946,precipitation,0.5319204478072618
Spain,malaga,1-6h,1946,rain,0.5860663720046183
Spain,malaga,1-6h,1946,showers,0.17165538267360625
Spain,malaga,1-6h,1946,snowfall,0
Spain,malaga,1-6h,1946,snow_depth,0
Spain,malaga,1-6h,1946,weather_code,19.78050157475331
Spain,malaga,1-6h,1946,pressure_msl,0.5045425716206631
Spain,malaga,1-6h,1946,surface_pressure,0.5002671434339765
Spain,malaga,1-6h,1946,cloud_cover,28.82256025139015
Spain,malaga,1-6h,1946,wind_speed_10m,4.7226444940808046
Spain,malaga,1-6h,1946,wind_gusts_10m,9.084386275249665
Spain,malaga,13-18h,842,temperature_2m,1.3045780890766225
Spain,malaga,13-18h,842,relative_humidity_2m,10.846587300022396
Spain,malaga,13-18h,842,dew_point_2m,1.6092886553527403
Spain,malaga,13-18h,842,apparent_temperature,1.428277370481966
Spain,malaga,13-18h,842,precipitation,0.8643232218498925
Spain,malaga,13-18h,842,rain,0.9936018596912688
Spain,malaga,13-18h,842,showers,0.21964125360468062
Spain,malaga,13-18h,842,snowfall,0
Spain,malaga,13-18h,842,snow_depth,0
Spain,malaga,13-18h,842,weather_code,17.351199757268287
Spain,malaga,13-18h,842,pressure_msl,0.6056150561202395
Spain,malaga,13-18h,842,surface_pressure,0.6049479277172656
Spain,malaga,13-18h,842,cloud_cover,32.71717135790788
Spain,malaga,13-18h,842,wind_speed_10m,4.467930063226285
Spain,malaga,13-18h,842,wind_gusts_10m,8.812201377161042
Spain,malaga,19-24h,200,temperature_2m,1.1734564329364765
Spain,malaga,19-24h,200,relative_humidity_2m,8.079603950689663
Spain,malaga,19-24h,200,dew_point_2m,0.9965440281292142
Spain,malaga,19-24h,200,apparent_temperature,1.4894629904767691
Spain,malaga,19-24h,200,precipitation,0.4835286961494633
Spain,malaga,19-24h,200,rain,0.5440588203494178
Spain,malaga,19-24h,200,showers,0.13152946437965904
Spain,malaga,19-24h,200,snowfall,0
Spain,malaga,19-24h,200,snow_depth,0
Spain,malaga,19-24h,200,weather_code,15.79841764228304
Spain,malaga,19-24h,200,pressure_msl,0.5887274411814005
Spain,malaga,19-24h,200,surface_pressure,0.5923681287847952
Spain,malaga,19-24h,200,cloud_cover,38.26081546438863
Spain,malaga,19-24h,200,wind_speed_10m,5.0172203459684726
Spain,malaga,19-24h,200,wind_gusts_10m,9.291070982400253
Spain,malaga,7-12h,1388,temperature_2m,1.2014220680471863
Spain,malaga,7-12h,1388,relative_humidity_2m,10.183192345235243
Spain,malaga,7-12h,1388,dew_point_2m,1.7858876819890201
Spain,malaga,7-12h,1388,apparent_temperature,1.3621372425108853
Spain,malaga,7-12h,1388,precipitation,0.5720054210661877
Spain,malaga,7-12h,1388,rain,0.6473733227591116
Spain,malaga,7-12h,1388,showers,0.16423782573017814
Spain,malaga,7-12h,1388,snowfall,0
Spain,malaga,7-12h,1388,snow_depth,0
Spain,malaga,7-12h,1388,weather_code,19.944844696592188
Spain,malaga,7-12h,1388,pressure_msl,0.5761468952938729
Spain,malaga,7-12h,1388,surface_pressure,0.5744562646538064
Spain,malaga,7-12h,1388,cloud_cover,29.765945766555472
Spain,malaga,7-12h,1388,wind_speed_10m,5.084873312032821
Spain,malaga,7-12h,1388,wind_gusts_10m,10.042206320375012
Spain,marbella,0h,372,temperature_2m,2.187943503428173
Spain,marbella,0h,372,relative_humidity_2m,10.03274209667998
Spain,marbella,0h,372,dew_point_2m,1.5265041938243868
Spain,marbella,0h,372,apparent_temperature,2.2365968772664084
Spain,marbella,0h,372,precipitation,0.4665706506446915
Spain,marbella,0h,372,rain,0.5786989486065095
Spain,marbella,0h,372,showers,0.42343957688059486
Spain,marbella,0h,372,snowfall,0
Spain,marbella,0h,372,snow_depth,0
Spain,marbella,0h,372,weather_code,18.173003728501488
Spain,marbella,0h,372,pressure_msl,0.5082121308001925
Spain,marbella,0h,372,surface_pressure,0.481485157600159
Spain,marbella,0h,372,cloud_cover,26.13447441002348
Spain,marbella,0h,372,wind_speed_10m,4.0626147626470095
Spain,marbella,0h,372,wind_gusts_10m,7.72901598989438
Spain,marbella,1-6h,1946,temperature_2m,2.0134363665275092
Spain,marbella,1-6h,1946,relative_humidity_2m,10.461842770869021
Spain,marbella,1-6h,1946,dew_point_2m,1.5967914900489366
Spain,marbella,1-6h,1946,apparent_temperature,2.0176762554326935
Spain,marbella,1-6h,1946,precipitation,0.49347229138404847
Spain,marbella,1-6h,1946,rain,0.49636913956576506
Spain,marbella,1-6h,1946,showers,0.36254496124048297
Spain,marbella,1-6h,1946,snowfall,0
Spain,marbella,1-6h,1946,snow_depth,0
Spain,marbella,1-6h,1946,weather_code,18.81040799999865
Spain,marbella,1-6h,1946,pressure_msl,0.5335506152117226
Spain,marbella,1-6h,1946,surface_pressure,0.5067783094034445
Spain,marbella,1-6h,1946,cloud_cover,27.31680078897044
Spain,marbella,1-6h,1946,wind_speed_10m,4.3830867121713615
Spain,marbella,1-6h,1946,wind_gusts_10m,7.5944961679640715
Spain,marbella,13-18h,842,temperature_2m,2.2092442361612887
Spain,marbella,13-18h,842,relative_humidity_2m,11.853419883956198
Spain,marbella,13-18h,842,dew_point_2m,1.5053428204651227
Spain,marbella,13-18h,842,apparent_temperature,2.108353479447715
Spain,marbella,13-18h,842,precipitation,0.5714506273313861
Spain,marbella,13-18h,842,rain,0.5165204247352142
Spain,marbella,13-18h,842,showers,0.5312558508829688
Spain,marbella,13-18h,842,snowfall,0
Spain,marbella,13-18h,842,snow_depth,0
Spain,marbella,13-18h,842,weather_code,19.868391206163125
Spain,marbella,13-18h,842,pressure_msl,0.6075729529131791
Spain,marbella,13-18h,842,surface_pressure,0.59249061650066015
Spain,marbella,13-18h,842,cloud_cover,32.68074171220503
Spain,marbella,13-18h,842,wind_speed_10m,4.187689797875483
Spain,marbella,13-18h,842,wind_gusts_10m,8.394864678428183
Spain,marbella,19-24h,200,temperature_2m,2.5712253887981116
Spain,marbella,19-24h,200,relative_humidity_2m,11.584472366059664
Spain,marbella,19-24h,200,dew_point_2m,1.5862219264655246
Spain,marbella,19-24h,200,apparent_temperature,2.437621791829077
Spain,marbella,19-24h,200,precipitation,0.5300943312279429
Spain,marbella,19-24h,200,rain,0.3757658845611187
Spain,marbella,19-24h,200,showers,0.6481512169239522
Spain,marbella,19-24h,200,snowfall,0
Spain,marbella,19-24h,200,snow_depth,0
Spain,marbella,19-24h,200,weather_code,21.131256469978304
Spain,marbella,19-24h,200,pressure_msl,0.5620498198558564
Spain,marbella,19-24h,200,surface_pressure,0.5523585791856583
Spain,marbella,19-24h,200,cloud_cover,36.3528540832766
Spain,marbella,19-24h,200,wind_speed_10m,4.163604207894886
Spain,marbella,19-24h,200,wind_gusts_10m,7.705595369599937
Spain,marbella,7-12h,1388,temperature_2m,1.6962197331965285
Spain,marbella,7-12h,1388,relative_humidity_2m,10.674243826520526
Spain,marbella,7-12h,1388,dew_point_2m,1.692520416488542
Spain,marbella,7-12h,1388,apparent_temperature,1.7239581492275804
Spain,marbella,7-12h,1388,precipitation,0.5507788564416485
Spain,marbella,7-12h,1388,rain,0.5683790592933801
Spain,marbella,7-12h,1388,showers,0.3580889075439951
Spain,marbella,7-12h,1388,snowfall,0
Spain,marbella,7-12h,1388,snow_depth,0
Spain,marbella,7-12h,1388,weather_code,20.41507325821606
Spain,marbella,7-12h,1388,pressure_msl,0.5825389128757067
Spain,marbella,7-12h,1388,surface_pressure,0.5618900791926358
Spain,marbella,7-12h,1388,cloud_cover,29.419773193467062
Spain,marbella,7-12h,1388,wind_speed_10m,4.470537557371954
Spain,marbella,7-12h,1388,wind_gusts_10m,7.913054183623938
Spain,sabadell,0h,372,temperature_2m,0.9724705264074499
Spain,sabadell,0h,372,relative_humidity_2m,7.758796603287316
Spain,sabadell,0h,372,dew_point_2m,1.5309705966287972
Spain,sabadell,0h,372,apparent_temperature,1.2954012954019432
Spain,sabadell,0h,372,precipitation,0.24018362151281414
Spain,sabadell,0h,372,rain,0.24908434465595822
Spain,sabadell,0h,372,showers,0.1576030129071756
Spain,sabadell,0h,372,snowfall,0.005132649025747366
Spain,sabadell,0h,372,snow_depth,7.332355751067665e-4
Spain,sabadell,0h,372,weather_code,16.868880810087735
Spain,sabadell,0h,372,pressure_msl,0.39608297164875594
Spain,sabadell,0h,372,surface_pressure,0.36808133743473487
Spain,sabadell,0h,372,cloud_cover,30.10278092394187
Spain,sabadell,0h,372,wind_speed_10m,4.298380540252015
Spain,sabadell,0h,372,wind_gusts_10m,10.124671772192107
Spain,sabadell,1-6h,1946,temperature_2m,1.0792826211710107
Spain,sabadell,1-6h,1946,relative_humidity_2m,7.846353425385161
Spain,sabadell,1-6h,1946,dew_point_2m,1.6326700557036522
Spain,sabadell,1-6h,1946,apparent_temperature,1.4342241708501398
Spain,sabadell,1-6h,1946,precipitation,0.4529451414139732
Spain,sabadell,1-6h,1946,rain,0.44921994741004
Spain,sabadell,1-6h,1946,showers,0.14778251290408706
Spain,sabadell,1-6h,1946,snowfall,0.04813051799627683
Spain,sabadell,1-6h,1946,snow_depth,6.411705636375014e-4
Spain,sabadell,1-6h,1946,weather_code,17.37977347975529
Spain,sabadell,1-6h,1946,pressure_msl,0.4346029835840815
Spain,sabadell,1-6h,1946,surface_pressure,0.3963476626415218
Spain,sabadell,1-6h,1946,cloud_cover,31.75489053626536
Spain,sabadell,1-6h,1946,wind_speed_10m,4.157547403349683
Spain,sabadell,1-6h,1946,wind_gusts_10m,10.293715341875757
Spain,sabadell,13-18h,842,temperature_2m,1.289423447360612
Spain,sabadell,13-18h,842,relative_humidity_2m,6.944811286167181
Spain,sabadell,13-18h,842,dew_point_2m,1.4190006854713535
Spain,sabadell,13-18h,842,apparent_temperature,1.5591961507711505
Spain,sabadell,13-18h,842,precipitation,0.29083384094767933
Spain,sabadell,13-18h,842,rain,0.270830516460167
Spain,sabadell,13-18h,842,showers,0.0929843038372338
Spain,sabadell,13-18h,842,snowfall,0
Spain,sabadell,13-18h,842,snow_depth,4.873701788285794e-4
Spain,sabadell,13-18h,842,weather_code,17.52283884635005
Spain,sabadell,13-18h,842,pressure_msl,0.5269461158658708
Spain,sabadell,13-18h,842,surface_pressure,0.5089927643928517
Spain,sabadell,13-18h,842,cloud_cover,35.25718201459741
Spain,sabadell,13-18h,842,wind_speed_10m,3.582953173595843
Spain,sabadell,13-18h,842,wind_gusts_10m,8.406727314063222
Spain,sabadell,19-24h,198,temperature_2m,1.1640663662568835
Spain,sabadell,19-24h,198,relative_humidity_2m,6.324555320336759
Spain,sabadell,19-24h,198,dew_point_2m,1.3760579034093563
Spain,sabadell,19-24h,198,apparent_temperature,1.357433704689206
Spain,sabadell,19-24h,198,precipitation,0.3527668414752787
Spain,sabadell,19-24h,198,rain,0.3321190002138244
Spain,sabadell,19-24h,198,showers,0.044946657497549475
Spain,sabadell,19-24h,198,snowfall,0
Spain,sabadell,19-24h,198,snow_depth,0
Spain,sabadell,19-24h,198,weather_code,19.172001892490428
Spain,sabadell,19-24h,198,pressure_msl,0.5429995256429726
Spain,sabadell,19-24h,198,surface_pressure,0.5262791055796355
Spain,sabadell,19-24h,198,cloud_cover,38.38547178874378
Spain,sabadell,19-24h,198,wind_speed_10m,3.0862844190306755
Spain,sabadell,19-24h,198,wind_gusts_10m,7.452638336979608
Spain,sabadell,7-12h,1388,temperature_2m,1.13880973304111
Spain,sabadell,7-12h,1388,relative_humidity_2m,7.645325934551982
Spain,sabadell,7-12h,1388,dew_point_2m,1.6769972822656047
Spain,sabadell,7-12h,1388,apparent_temperature,1.4621103141025944
Spain,sabadell,7-12h,1388,precipitation,0.5232077959038115
Spain,sabadell,7-12h,1388,rain,0.5362507263384909
Spain,sabadell,7-12h,1388,showers,0.1606453124946787
Spain,sabadell,7-12h,1388,snowfall,0.056989811516750054
Spain,sabadell,7-12h,1388,snow_depth,7.591896180011234e-4
Spain,sabadell,7-12h,1388,weather_code,17.506853330757888
Spain,sabadell,7-12h,1388,pressure_msl,0.49411522533492
Spain,sabadell,7-12h,1388,surface_pressure,0.4631056669806846
Spain,sabadell,7-12h,1388,cloud_cover,34.00644115966593
Spain,sabadell,7-12h,1388,wind_speed_10m,3.6430898625202337
Spain,sabadell,7-12h,1388,wind_gusts_10m,9.284210046954206
Spain,salamanca,0h,372,temperature_2m,2.1989733674985112
Spain,salamanca,0h,372,relative_humidity_2m,11.20387797686275
Spain,salamanca,0h,372,dew_point_2m,2.3765770089710734
Spain,salamanca,0h,372,apparent_temperature,1.9836292360813195
Spain,salamanca,0h,372,precipitation,0.3776697083459971
Spain,salamanca,0h,372,rain,0.4208286755837206
Spain,salamanca,0h,372,showers,0.072956018567088
Spain,salamanca,0h,372,snowfall,0
Spain,salamanca,0h,372,snow_depth,0
Spain,salamanca,0h,372,weather_code,11.045361017187261
Spain,salamanca,0h,372,pressure_msl,0.7961601395083373
Spain,salamanca,0h,372,surface_pressure,1.474733436820842
Spain,salamanca,0h,372,cloud_cover,42.28932603830656
Spain,salamanca,0h,372,wind_speed_10m,4.477650593638328
Spain,salamanca,0h,372,wind_gusts_10m,10.32709142035167
Spain,salamanca,1-6h,1946,temperature_2m,2.0714151043259292
Spain,salamanca,1-6h,1946,relative_humidity_2m,10.229132369054486
Spain,salamanca,1-6h,1946,dew_point_2m,2.1001712845528653
Spain,salamanca,1-6h,1946,apparent_temperature,1.9441191264427744
Spain,salamanca,1-6h,1946,precipitation,0.036971698295049205
Spain,salamanca,1-6h,1946,rain,0.03157398853981606
Spain,salamanca,1-6h,1946,showers,0.018416222349658624
Spain,salamanca,1-6h,1946,snowfall,0
Spain,salamanca,1-6h,1946,snow_depth,0
Spain,salamanca,1-6h,1946,weather_code,9.664037870102694
Spain,salamanca,1-6h,1946,pressure_msl,0.6718996401347145
Spain,salamanca,1-6h,1946,surface_pressure,1.328298991837434
Spain,salamanca,1-6h,1946,cloud_cover,37.25035436486913
Spain,salamanca,1-6h,1946,wind_speed_10m,4.276779483953777
Spain,salamanca,1-6h,1946,wind_gusts_10m,10.136873660322708
Spain,salamanca,13-18h,842,temperature_2m,0.9815398247414336
Spain,salamanca,13-18h,842,relative_humidity_2m,6.7407013456931155
Spain,salamanca,13-18h,842,dew_point_2m,2.5897935977331974
Spain,salamanca,13-18h,842,apparent_temperature,1.0214213933082852
Spain,salamanca,13-18h,842,precipitation,0.02578920579218996
Spain,salamanca,13-18h,842,rain,0.018235722297072907
Spain,salamanca,13-18h,842,showers,0.018235722297072907
Spain,salamanca,13-18h,842,snowfall,0
Spain,salamanca,13-18h,842,snow_depth,0
Spain,salamanca,13-18h,842,weather_code,7.061824032771826
Spain,salamanca,13-18h,842,pressure_msl,0.6263797122696356
Spain,salamanca,13-18h,842,surface_pressure,0.360785629957523
Spain,salamanca,13-18h,842,cloud_cover,41.55050156764134
Spain,salamanca,13-18h,842,wind_speed_10m,3.5591039465872343
Spain,salamanca,13-18h,842,wind_gusts_10m,7.803167941851636
Spain,salamanca,19-24h,196,temperature_2m,1.1161157134071205
Spain,salamanca,19-24h,196,relative_humidity_2m,6.674655077842095
Spain,salamanca,19-24h,196,dew_point_2m,2.9679065665473874
Spain,salamanca,19-24h,196,apparent_temperature,0.96727051278221
Spain,salamanca,19-24h,196,precipitation,0.04040610178208843
Spain,salamanca,19-24h,196,rain,0.03779644730092272
Spain,salamanca,19-24h,196,showers,0.014285714285714287
Spain,salamanca,19-24h,196,snowfall,0
Spain,salamanca,19-24h,196,snow_depth,0
Spain,salamanca,19-24h,196,weather_code,9.18461446426266
Spain,salamanca,19-24h,196,pressure_msl,0.6731740230476273
Spain,salamanca,19-24h,196,surface_pressure,0.3376086370884687
Spain,salamanca,19-24h,196,cloud_cover,43.664888056418874
Spain,salamanca,19-24h,196,wind_speed_10m,3.852695849158411
Spain,salamanca,19-24h,196,wind_gusts_10m,7.5147066693604625
Spain,salamanca,7-12h,1388,temperature_2m,1.8031232909331174
Spain,salamanca,7-12h,1388,relative_humidity_2m,8.821231265388295
Spain,salamanca,7-12h,1388,dew_point_2m,2.102482408168273
Spain,salamanca,7-12h,1388,apparent_temperature,1.8032391604389681
Spain,salamanca,7-12h,1388,precipitation,0.03130218984890955
Spain,salamanca,7-12h,1388,rain,0.029647302339724853
Spain,salamanca,7-12h,1388,showers,0.00848799796831305
Spain,salamanca,7-12h,1388,snowfall,0
Spain,salamanca,7-12h,1388,snow_depth,0
Spain,salamanca,7-12h,1388,weather_code,11.682026392454597
Spain,salamanca,7-12h,1388,pressure_msl,0.6993100758122709
Spain,salamanca,7-12h,1388,surface_pressure,1.1527251260115396
Spain,salamanca,7-12h,1388,cloud_cover,39.611896009601764
Spain,salamanca,7-12h,1388,wind_speed_10m,3.8960243535800387
Spain,salamanca,7-12h,1388,wind_gusts_10m,9.064334580281407
Spain,valencia,0h,372,temperature_2m,2.815013512448709
Spain,valencia,0h,372,relative_humidity_2m,15.092367935233792
Spain,valencia,0h,372,dew_point_2m,1.2907862070296787
Spain,valencia,0h,372,apparent_temperature,2.616572493339947
Spain,valencia,0h,372,precipitation,0.2781467084073609
Spain,valencia,0h,372,rain,0.21060588479355796
Spain,valencia,0h,372,showers,0.2898831800303635
Spain,valencia,0h,372,snowfall,0
Spain,valencia,0h,372,snow_depth,0
Spain,valencia,0h,372,weather_code,23.74381639931334
Spain,valencia,0h,372,pressure_msl,1.1862111001813875
Spain,valencia,0h,372,surface_pressure,0.7052415128151865
Spain,valencia,0h,372,cloud_cover,37.29647277854073
Spain,valencia,0h,372,wind_speed_10m,2.741104871028924
Spain,valencia,0h,372,wind_gusts_10m,7.7567591059641
Spain,valencia,1-6h,1946,temperature_2m,2.6718297482239297
Spain,valencia,1-6h,1946,relative_humidity_2m,14.110560359853352
Spain,valencia,1-6h,1946,dew_point_2m,1.3024603171297933
Spain,valencia,1-6h,1946,apparent_temperature,2.5983333261916077
Spain,valencia,1-6h,1946,precipitation,0.28845550366575917
Spain,valencia,1-6h,1946,rain,0.18228311106531664
Spain,valencia,1-6h,1946,showers,0.2945374550643189
Spain,valencia,1-6h,1946,snowfall,0
Spain,valencia,1-6h,1946,snow_depth,0
Spain,valencia,1-6h,1946,weather_code,23.52292184240961
Spain,valencia,1-6h,1946,pressure_msl,1.1049454372599965
Spain,valencia,1-6h,1946,surface_pressure,0.6654751256486926
Spain,valencia,1-6h,1946,cloud_cover,36.631466488549805
Spain,valencia,1-6h,1946,wind_speed_10m,2.7867916329256293
Spain,valencia,1-6h,1946,wind_gusts_10m,8.857852555858901
Spain,valencia,13-18h,842,temperature_2m,3.0388849686573516
Spain,valencia,13-18h,842,relative_humidity_2m,15.64860568413308
Spain,valencia,13-18h,842,dew_point_2m,1.8423495274981574
Spain,valencia,13-18h,842,apparent_temperature,2.7609208763582287
Spain,valencia,13-18h,842,precipitation,0.36985584917457515
Spain,valencia,13-18h,842,rain,0.2853509736224294
Spain,valencia,13-18h,842,showers,0.42932859254893274
Spain,valencia,13-18h,842,snowfall,0
Spain,valencia,13-18h,842,snow_depth,0
Spain,valencia,13-18h,842,weather_code,25.59046177712989
Spain,valencia,13-18h,842,pressure_msl,1.215908016273436
Spain,valencia,13-18h,842,surface_pressure,0.7423721368348148
Spain,valencia,13-18h,842,cloud_cover,33.42250937641617
Spain,valencia,13-18h,842,wind_speed_10m,3.441275242829628
Spain,valencia,13-18h,842,wind_gusts_10m,8.158984380930388
Spain,valencia,19-24h,196,temperature_2m,3.064044279532979
Spain,valencia,19-24h,196,relative_humidity_2m,17.909922002131918
Spain,valencia,19-24h,196,dew_point_2m,1.7661210812029247
Spain,valencia,19-24h,196,apparent_temperature,2.7154696665962006
Spain,valencia,19-24h,196,precipitation,0.282842712474619
Spain,valencia,19-24h,196,rain,0.24348657927227585
Spain,valencia,19-24h,196,showers,0.34685172977654244
Spain,valencia,19-24h,196,snowfall,0
Spain,valencia,19-24h,196,snow_depth,0
Spain,valencia,19-24h,196,weather_code,24.557928184899758
Spain,valencia,19-24h,196,pressure_msl,1.4090089149643292
Spain,valencia,19-24h,196,surface_pressure,0.905369470189393
Spain,valencia,19-24h,196,cloud_cover,32.94228100103301
Spain,valencia,19-24h,196,wind_speed_10m,2.5317977802344327
Spain,valencia,19-24h,196,wind_gusts_10m,9.183381174486788
Spain,valencia,7-12h,1388,temperature_2m,2.7808033794496336
Spain,valencia,7-12h,1388,relative_humidity_2m,14.504297286302858
Spain,valencia,7-12h,1388,dew_point_2m,1.5200200969397952
Spain,valencia,7-12h,1388,apparent_temperature,2.6165263947913404
Spain,valencia,7-12h,1388,precipitation,0.32136551231767946
Spain,valencia,7-12h,1388,rain,0.1894934853229184
Spain,valencia,7-12h,1388,showers,0.3191338241154085
Spain,valencia,7-12h,1388,snowfall,0
Spain,valencia,7-12h,1388,snow_depth,0
Spain,valencia,7-12h,1388,weather_code,24.23382136565979
Spain,valencia,7-12h,1388,pressure_msl,1.1313517456274558
Spain,valencia,7-12h,1388,surface_pressure,0.689589110420381
Spain,valencia,7-12h,1388,cloud_cover,35.88022421771559
Spain,valencia,7-12h,1388,wind_speed_10m,2.9749700310892147
Spain,valencia,7-12h,1388,wind_gusts_10m,8.804323341977307
Sri Lanka,colombo,0h,372,temperature_2m,1.977507935359199
Sri Lanka,colombo,0h,372,relative_humidity_2m,8.918990250963065
Sri Lanka,colombo,0h,372,dew_point_2m,1.173062346517526
Sri Lanka,colombo,0h,372,apparent_temperature,1.8888324891432302
Sri Lanka,colombo,0h,372,precipitation,1.883916076938205
Sri Lanka,colombo,0h,372,rain,1.9734528443903236
Sri Lanka,colombo,0h,372,showers,0.8056921154797511
Sri Lanka,colombo,0h,372,snowfall,0
Sri Lanka,colombo,0h,372,snow_depth,0
Sri Lanka,colombo,0h,372,weather_code,37.67325568023538
Sri Lanka,colombo,0h,372,pressure_msl,0.4353345024601905
Sri Lanka,colombo,0h,372,surface_pressure,0.4353345024601905
Sri Lanka,colombo,0h,372,cloud_cover,33.037043399177534
Sri Lanka,colombo,0h,372,wind_speed_10m,9.60290054747685
Sri Lanka,colombo,0h,372,wind_gusts_10m,9.687582118972099
Sri Lanka,colombo,1-6h,1946,temperature_2m,2.083991742482156
Sri Lanka,colombo,1-6h,1946,relative_humidity_2m,9.266412067256967
Sri Lanka,colombo,1-6h,1946,dew_point_2m,1.2682258123861327
Sri Lanka,colombo,1-6h,1946,apparent_temperature,2.029542853259535
Sri Lanka,colombo,1-6h,1946,precipitation,1.7367557852961097
Sri Lanka,colombo,1-6h,1946,rain,1.7057938870802682
Sri Lanka,colombo,1-6h,1946,showers,0.8097555237366361
Sri Lanka,colombo,1-6h,1946,snowfall,0
Sri Lanka,colombo,1-6h,1946,snow_depth,0
Sri Lanka,colombo,1-6h,1946,weather_code,38.12217337423095
Sri Lanka,colombo,1-6h,1946,pressure_msl,0.45760671481860005
Sri Lanka,colombo,1-6h,1946,surface_pressure,0.45760671481860005
Sri Lanka,colombo,1-6h,1946,cloud_cover,35.23399974348565
Sri Lanka,colombo,1-6h,1946,wind_speed_10m,10.070685430295757
Sri Lanka,colombo,1-6h,1946,wind_gusts_10m,9.470180928802517
Sri Lanka,colombo,13-18h,842,temperature_2m,2.547944073635702
Sri Lanka,colombo,13-18h,842,relative_humidity_2m,8.877632091044491
Sri Lanka,colombo,13-18h,842,dew_point_2m,1.1878842046304225
Sri Lanka,colombo,13-18h,842,apparent_temperature,2.289327713035469
Sri Lanka,colombo,13-18h,842,precipitation,1.4561116999256385
Sri Lanka,colombo,13-18h,842,rain,1.4831996612575107
Sri Lanka,colombo,13-18h,842,showers,0.5552598843716329
Sri Lanka,colombo,13-18h,842,snowfall,0
Sri Lanka,colombo,13-18h,842,snow_depth,0
Sri Lanka,colombo,13-18h,842,weather_code,34.899516429757
Sri Lanka,colombo,13-18h,842,pressure_msl,0.4963764183496055
Sri Lanka,colombo,13-18h,842,surface_pressure,0.4963764183496055
Sri Lanka,colombo,13-18h,842,cloud_cover,34.66264289334476
Sri Lanka,colombo,13-18h,842,wind_speed_10m,11.750802267047128
Sri Lanka,colombo,13-18h,842,wind_gusts_10m,9.566953711888424
Sri Lanka,colombo,19-24h,196,temperature_2m,2.7213442056664356
Sri Lanka,colombo,19-24h,196,relative_humidity_2m,8.88474960312355
Sri Lanka,colombo,19-24h,196,dew_point_2m,1.3227985176765762
Sri Lanka,colombo,19-24h,196,apparent_temperature,2.3313524147225477
Sri Lanka,colombo,19-24h,196,precipitation,2.24903607470092
Sri Lanka,colombo,19-24h,196,rain,2.255718357003473
Sri Lanka,colombo,19-24h,196,showers,0.40254293724586776
Sri Lanka,colombo,19-24h,196,snowfall,0
Sri Lanka,colombo,19-24h,196,snow_depth,0
Sri Lanka,colombo,19-24h,196,weather_code,31.793658718270812
Sri Lanka,colombo,19-24h,196,pressure_msl,0.5483742205048273
Sri Lanka,colombo,19-24h,196,surface_pressure,0.5483742205048273
Sri Lanka,colombo,19-24h,196,cloud_cover,35.36183230085044
Sri Lanka,colombo,19-24h,196,wind_speed_10m,11.345285814120402
Sri Lanka,colombo,19-24h,196,wind_gusts_10m,8.817902707745493
Sri Lanka,colombo,7-12h,1388,temperature_2m,2.2594374602735985
Sri Lanka,colombo,7-12h,1388,relative_humidity_2m,8.941129908159379
Sri Lanka,colombo,7-12h,1388,dew_point_2m,1.151280454919201
Sri Lanka,colombo,7-12h,1388,apparent_temperature,1.9873628131291594
Sri Lanka,colombo,7-12h,1388,precipitation,1.4195421797185175
Sri Lanka,colombo,7-12h,1388,rain,1.4530881851337227
Sri Lanka,colombo,7-12h,1388,showers,0.7839735667190069
Sri Lanka,colombo,7-12h,1388,snowfall,0
Sri Lanka,colombo,7-12h,1388,snow_depth,0
Sri Lanka,colombo,7-12h,1388,weather_code,36.04983742124204
Sri Lanka,colombo,7-12h,1388,pressure_msl,0.485569869311008
Sri Lanka,colombo,7-12h,1388,surface_pressure,0.485569869311008
Sri Lanka,colombo,7-12h,1388,cloud_cover,33.38330787918975
Sri Lanka,colombo,7-12h,1388,wind_speed_10m,11.480414973070028
Sri Lanka,colombo,7-12h,1388,wind_gusts_10m,9.268257159687467
Sweden,stockholm,0h,372,temperature_2m,1.3930704078725966
Sweden,stockholm,0h,372,relative_humidity_2m,5.720647380464286
Sweden,stockholm,0h,372,dew_point_2m,1.004505977117367
Sweden,stockholm,0h,372,apparent_temperature,1.363128122947323
Sweden,stockholm,0h,372,precipitation,0.12115039973041242
Sweden,stockholm,0h,372,rain,0.11047307850905948
Sweden,stockholm,0h,372,showers,0
Sweden,stockholm,0h,372,snowfall,0.03629330931556488
Sweden,stockholm,0h,372,snow_depth,0.004337880162138561
Sweden,stockholm,0h,372,weather_code,17.74187683274763
Sweden,stockholm,0h,372,pressure_msl,0.33400470024380047
Sweden,stockholm,0h,372,surface_pressure,0.3340851736096822
Sweden,stockholm,0h,372,cloud_cover,20.04256223827854
Sweden,stockholm,0h,372,wind_speed_10m,2.595395012096849
Sweden,stockholm,0h,372,wind_gusts_10m,3.3963452843199824
Sweden,stockholm,1-6h,1946,temperature_2m,1.3823137729569488
Sweden,stockholm,1-6h,1946,relative_humidity_2m,6.052952359908824
Sweden,stockholm,1-6h,1946,dew_point_2m,1.006147598889078
Sweden,stockholm,1-6h,1946,apparent_temperature,1.366129708434457
Sweden,stockholm,1-6h,1946,precipitation,0.14340593459147166
Sweden,stockholm,1-6h,1946,rain,0.13814956817168345
Sweden,stockholm,1-6h,1946,showers,0
Sweden,stockholm,1-6h,1946,snowfall,0.041682251282079835
Sweden,stockholm,1-6h,1946,snow_depth,0.005017953379128578
Sweden,stockholm,1-6h,1946,weather_code,19.964382467724228
Sweden,stockholm,1-6h,1946,pressure_msl,0.40137226071968707
Sweden,stockholm,1-6h,1946,surface_pressure,0.4014746711980313
Sweden,stockholm,1-6h,1946,cloud_cover,20.796597278789534
Sweden,stockholm,1-6h,1946,wind_speed_10m,2.6403404589089825
Sweden,stockholm,1-6h,1946,wind_gusts_10m,3.828180250298695
Sweden,stockholm,13-18h,842,temperature_2m,1.432155328032002
Sweden,stockholm,13-18h,842,relative_humidity_2m,6.029618108704489
Sweden,stockholm,13-18h,842,dew_point_2m,0.9815156247432854
Sweden,stockholm,13-18h,842,apparent_temperature,1.4353444801587145
Sweden,stockholm,13-18h,842,precipitation,0.17162074964937596
Sweden,stockholm,13-18h,842,rain,0.16527526883750987
Sweden,stockholm,13-18h,842,showers,0
Sweden,stockholm,13-18h,842,snowfall,0.03545429629665122
Sweden,stockholm,13-18h,842,snow_depth,0.007228867965768106
Sweden,stockholm,13-18h,842,weather_code,20.192952840485024
Sweden,stockholm,13-18h,842,pressure_msl,0.6524028308351418
Sweden,stockholm,13-18h,842,surface_pressure,0.6526030465313809
Sweden,stockholm,13-18h,842,cloud_cover,25.45514428453153
Sweden,stockholm,13-18h,842,wind_speed_10m,2.928393234500275
Sweden,stockholm,13-18h,842,wind_gusts_10m,4.718266922858903
Sweden,stockholm,19-24h,194,temperature_2m,1.336713927402322
Sweden,stockholm,19-24h,194,relative_humidity_2m,6.69050720035022
Sweden,stockholm,19-24h,194,dew_point_2m,1.0469395752510284
Sweden,stockholm,19-24h,194,apparent_temperature,1.4129372783592764
Sweden,stockholm,19-24h,194,precipitation,0.11487330537883811
Sweden,stockholm,19-24h,194,rain,0.11576727454540037
Sweden,stockholm,19-24h,194,showers,0
Sweden,stockholm,19-24h,194,snowfall,0.014214846311870668
Sweden,stockholm,19-24h,194,snow_depth,0.0074612400506071045
Sweden,stockholm,19-24h,194,weather_code,20.329502202312145
Sweden,stockholm,19-24h,194,pressure_msl,0.7378570252364045
Sweden,stockholm,19-24h,194,surface_pressure,0.7378570252364045
Sweden,stockholm,19-24h,194,cloud_cover,28.26512914835515
Sweden,stockholm,19-24h,194,wind_speed_10m,2.8082169564025508
Sweden,stockholm,19-24h,194,wind_gusts_10m,5.439119470884667
Sweden,stockholm,7-12h,1388,temperature_2m,1.4133472440545731
Sweden,stockholm,7-12h,1388,relative_humidity_2m,6.294524403318883
Sweden,stockholm,7-12h,1388,dew_point_2m,0.9663502744998506
Sweden,stockholm,7-12h,1388,apparent_temperature,1.3808331862265035
Sweden,stockholm,7-12h,1388,precipitation,0.16546154119260723
Sweden,stockholm,7-12h,1388,rain,0.164106172141301
Sweden,stockholm,7-12h,1388,showers,0
Sweden,stockholm,7-12h,1388,snowfall,0.03720029128205504
Sweden,stockholm,7-12h,1388,snow_depth,0.0066075670532437574
Sweden,stockholm,7-12h,1388,weather_code,17.929175424767973
Sweden,stockholm,7-12h,1388,pressure_msl,0.5274319273994978
Sweden,stockholm,7-12h,1388,surface_pressure,0.5274729051866598
Sweden,stockholm,7-12h,1388,cloud_cover,23.331127245786426
Sweden,stockholm,7-12h,1388,wind_speed_10m,2.768289976648523
Sweden,stockholm,7-12h,1388,wind_gusts_10m,4.0787298836742
Switzerland,geneva,0h,372,temperature_2m,1.6374153511733254
Switzerland,geneva,0h,372,relative_humidity_2m,8.871847463710974
Switzerland,geneva,0h,372,dew_point_2m,1.4122162860941936
Switzerland,geneva,0h,372,apparent_temperature,1.7704716581953857
Switzerland,geneva,0h,372,precipitation,0.3454776963997494
Switzerland,geneva,0h,372,rain,0.3360907455543991
Switzerland,geneva,0h,372,showers,0.01466471150213533
Switzerland,geneva,0h,372,snowfall,0.048962351127749056
Switzerland,geneva,0h,372,snow_depth,0.0019399589841579265
Switzerland,geneva,0h,372,weather_code,30.41867352342523
Switzerland,geneva,0h,372,pressure_msl,0.5733789679262867
Switzerland,geneva,0h,372,surface_pressure,0.5596657988939626
Switzerland,geneva,0h,372,cloud_cover,29.288608376724923
Switzerland,geneva,0h,372,wind_speed_10m,3.0570735883735582
Switzerland,geneva,0h,372,wind_gusts_10m,6.168982419007328
Switzerland,geneva,1-6h,1946,temperature_2m,1.732234742903541
Switzerland,geneva,1-6h,1946,relative_humidity_2m,9.164758903287947
Switzerland,geneva,1-6h,1946,dew_point_2m,1.3390413960091394
Switzerland,geneva,1-6h,1946,apparent_temperature,1.829693980332491
Switzerland,geneva,1-6h,1946,precipitation,0.3833240238975631
Switzerland,geneva,1-6h,1946,rain,0.37334079667575465
Switzerland,geneva,1-6h,1946,showers,0.021505514481979623
Switzerland,geneva,1-6h,1946,snowfall,0.06075662026869846
Switzerland,geneva,1-6h,1946,snow_depth,0.0015374730004564568
Switzerland,geneva,1-6h,1946,weather_code,27.462297802927008
Switzerland,geneva,1-6h,1946,pressure_msl,0.609457831946446
Switzerland,geneva,1-6h,1946,surface_pressure,0.5941388960076828
Switzerland,geneva,1-6h,1946,cloud_cover,28.752460907233555
Switzerland,geneva,1-6h,1946,wind_speed_10m,2.893413152510413
Switzerland,geneva,1-6h,1946,wind_gusts_10m,6.043936426131926
Switzerland,geneva,13-18h,842,temperature_2m,2.141657847858094
Switzerland,geneva,13-18h,842,relative_humidity_2m,10.116424405655607
Switzerland,geneva,13-18h,842,dew_point_2m,1.6339843904161127
Switzerland,geneva,13-18h,842,apparent_temperature,2.296361885622281
Switzerland,geneva,13-18h,842,precipitation,0.31389061138315255
Switzerland,geneva,13-18h,842,rain,0.3087404493796292
Switzerland,geneva,13-18h,842,showers,0.02799728524335216
Switzerland,geneva,13-18h,842,snowfall,0.06745984993994013
Switzerland,geneva,13-18h,842,snow_depth,9.747403576571588e-4
Switzerland,geneva,13-18h,842,weather_code,27.997709441430132
Switzerland,geneva,13-18h,842,pressure_msl,0.6079051682513483
Switzerland,geneva,13-18h,842,surface_pressure,0.6638439847618641
Switzerland,geneva,13-18h,842,cloud_cover,28.821549406889574
Switzerland,geneva,13-18h,842,wind_speed_10m,2.9322395031038897
Switzerland,geneva,13-18h,842,wind_gusts_10m,6.497384820155541
Switzerland,geneva,19-24h,192,temperature_2m,1.9288111623484554
Switzerland,geneva,19-24h,192,relative_humidity_2m,8.751785532107148
Switzerland,geneva,19-24h,192,dew_point_2m,1.5015963727535662
Switzerland,geneva,19-24h,192,apparent_temperature,2.1514529973950163
Switzerland,geneva,19-24h,192,precipitation,0.2203217344400381
Switzerland,geneva,19-24h,192,rain,0.22661457734811913
Switzerland,geneva,19-24h,192,showers,0
Switzerland,geneva,19-24h,192,snowfall,0.09177077421488826
Switzerland,geneva,19-24h,192,snow_depth,0.0014433756729740645
Switzerland,geneva,19-24h,192,weather_code,33.284286833279154
Switzerland,geneva,19-24h,192,pressure_msl,0.764989106676247
Switzerland,geneva,19-24h,192,surface_pressure,0.7967381418425141
Switzerland,geneva,19-24h,192,cloud_cover,29.76207738045179
Switzerland,geneva,19-24h,192,wind_speed_10m,2.5394799336347065
Switzerland,geneva,19-24h,192,wind_gusts_10m,6.1832434854209
Switzerland,geneva,7-12h,1388,temperature_2m,1.9080483261661878
Switzerland,geneva,7-12h,1388,relative_humidity_2m,10.633263018507032
Switzerland,geneva,7-12h,1388,dew_point_2m,1.400401342225991
Switzerland,geneva,7-12h,1388,apparent_temperature,1.9446223787577417
Switzerland,geneva,7-12h,1388,precipitation,0.4697827384287852
Switzerland,geneva,7-12h,1388,rain,0.45980026361535425
Switzerland,geneva,7-12h,1388,showers,0.018204727510907646
Switzerland,geneva,7-12h,1388,snowfall,0.056492074372063814
Switzerland,geneva,7-12h,1388,snow_depth,0.0013149549909567532
Switzerland,geneva,7-12h,1388,weather_code,25.4446339099756
Switzerland,geneva,7-12h,1388,pressure_msl,0.6128311020617162
Switzerland,geneva,7-12h,1388,surface_pressure,0.5958671302292184
Switzerland,geneva,7-12h,1388,cloud_cover,30.83347482897149
Switzerland,geneva,7-12h,1388,wind_speed_10m,2.888302454086556
Switzerland,geneva,7-12h,1388,wind_gusts_10m,6.465773332236576
Switzerland,lausanne,0h,372,temperature_2m,2.1763390390523316
Switzerland,lausanne,0h,372,relative_humidity_2m,9.96499248714304
Switzerland,lausanne,0h,372,dew_point_2m,1.8227062474562732
Switzerland,lausanne,0h,372,apparent_temperature,2.5421606253660074
Switzerland,lausanne,0h,372,precipitation,0.3797282559766876
Switzerland,lausanne,0h,372,rain,0.19021775863184998
Switzerland,lausanne,0h,372,showers,0
Switzerland,lausanne,0h,372,snowfall,0.1080297649147071
Switzerland,lausanne,0h,372,snow_depth,0.005236349380886429
Switzerland,lausanne,0h,372,weather_code,21.510562546694793
Switzerland,lausanne,0h,372,pressure_msl,0.5195117641769763
Switzerland,lausanne,0h,372,surface_pressure,0.6106140043968779
Switzerland,lausanne,0h,372,cloud_cover,33.64944198997301
Switzerland,lausanne,0h,372,wind_speed_10m,4.22165436664323
Switzerland,lausanne,0h,372,wind_gusts_10m,8.389285281052356
Switzerland,lausanne,1-6h,1946,temperature_2m,2.2587252314348123
Switzerland,lausanne,1-6h,1946,relative_humidity_2m,10.234456040353692
Switzerland,lausanne,1-6h,1946,dew_point_2m,1.8107875899139105
Switzerland,lausanne,1-6h,1946,apparent_temperature,2.7001788985686552
Switzerland,lausanne,1-6h,1946,precipitation,0.43394033434544854
Switzerland,lausanne,1-6h,1946,rain,0.31598391986875185
Switzerland,lausanne,1-6h,1946,showers,0.012823411272750029
Switzerland,lausanne,1-6h,1946,snowfall,0.10472986834585923
Switzerland,lausanne,1-6h,1946,snow_depth,0.005208894282913146
Switzerland,lausanne,1-6h,1946,weather_code,21.153746397252192
Switzerland,lausanne,1-6h,1946,pressure_msl,0.5675989348770721
Switzerland,lausanne,1-6h,1946,surface_pressure,0.670168943741196
Switzerland,lausanne,1-6h,1946,cloud_cover,31.749679332528647
Switzerland,lausanne,1-6h,1946,wind_speed_10m,4.561779867565217
Switzerland,lausanne,1-6h,1946,wind_gusts_10m,8.96370493526507
Switzerland,lausanne,13-18h,842,temperature_2m,3.0252853657040344
Switzerland,lausanne,13-18h,842,relative_humidity_2m,11.15758425739226
Switzerland,lausanne,13-18h,842,dew_point_2m,2.2829170404937456
Switzerland,lausanne,13-18h,842,apparent_temperature,3.4925948129314848
Switzerland,lausanne,13-18h,842,precipitation,0.451758243631299
Switzerland,lausanne,13-18h,842,rain,0.35854019144805854
Switzerland,lausanne,13-18h,842,showers,0.04164092633267457
Switzerland,lausanne,13-18h,842,snowfall,0.12013452475456317
Switzerland,lausanne,13-18h,842,snow_depth,0.0027997285243352163
Switzerland,lausanne,13-18h,842,weather_code,23.645541629551847
Switzerland,lausanne,13-18h,842,pressure_msl,0.6027648095874212
Switzerland,lausanne,13-18h,842,surface_pressure,0.8013498113745471
Switzerland,lausanne,13-18h,842,cloud_cover,29.39351326955985
Switzerland,lausanne,13-18h,842,wind_speed_10m,4.110247318182578
Switzerland,lausanne,13-18h,842,wind_gusts_10m,8.712957560649638
Switzerland,lausanne,19-24h,190,temperature_2m,2.9871302898301995
Switzerland,lausanne,19-24h,190,relative_humidity_2m,9.620701364081627
Switzerland,lausanne,19-24h,190,dew_point_2m,2.3091807615415654
Switzerland,lausanne,19-24h,190,apparent_temperature,3.4473941340945444
Switzerland,lausanne,19-24h,190,precipitation,0.2858044970365508
Switzerland,lausanne,19-24h,190,rain,0.29307803882601857
Switzerland,lausanne,19-24h,190,showers,0.02294157338705618
Switzerland,lausanne,19-24h,190,snowfall,0.07463595859764564
Switzerland,lausanne,19-24h,190,snow_depth,0.002513123449750173
Switzerland,lausanne,19-24h,190,weather_code,24.334943469920173
Switzerland,lausanne,19-24h,190,pressure_msl,0.6198471798078896
Switzerland,lausanne,19-24h,190,surface_pressure,0.9474064319859818
Switzerland,lausanne,19-24h,190,cloud_cover,29.033737181714002
Switzerland,lausanne,19-24h,190,wind_speed_10m,3.8708492200304736
Switzerland,lausanne,19-24h,190,wind_gusts_10m,8.087365064358757
Switzerland,lausanne,7-12h,1388,temperature_2m,2.4623241756156573
Switzerland,lausanne,7-12h,1388,relative_humidity_2m,10.844193920561525
Switzerland,lausanne,7-12h,1388,dew_point_2m,1.988656592583965
Switzerland,lausanne,7-12h,1388,apparent_temperature,2.9284454079262963
Switzerland,lausanne,7-12h,1388,precipitation,0.46892390145974705
Switzerland,lausanne,7-12h,1388,rain,0.41467132222460756
Switzerland,lausanne,7-12h,1388,showers,0.03640945502181529
Switzerland,lausanne,7-12h,1388,snowfall,0.108456554469948
Switzerland,lausanne,7-12h,1388,snow_depth,0.0038896893188425934
Switzerland,lausanne,7-12h,1388,weather_code,19.617120382557335
Switzerland,lausanne,7-12h,1388,pressure_msl,0.6449202975575575
Switzerland,lausanne,7-12h,1388,surface_pressure,0.6737674198290176
Switzerland,lausanne,7-12h,1388,cloud_cover,31.52310346195626
Switzerland,lausanne,7-12h,1388,wind_speed_10m,4.672045753990164
Switzerland,lausanne,7-12h,1388,wind_gusts_10m,9.594017558388291
Switzerland,zurich,0h,372,temperature_2m,1.6271553117641078
Switzerland,zurich,0h,372,relative_humidity_2m,8.33150517581449
Switzerland,zurich,0h,372,dew_point_2m,1.2807088091222925
Switzerland,zurich,0h,372,apparent_temperature,1.7945856442111094
Switzerland,zurich,0h,372,precipitation,0.21490182804928562
Switzerland,zurich,0h,372,rain,0.2128910064919636
Switzerland,zurich,0h,372,showers,0
Switzerland,zurich,0h,372,snowfall,0.06007611659342035
Switzerland,zurich,0h,372,snow_depth,0.003360107525161235
Switzerland,zurich,0h,372,weather_code,27.26019588282323
Switzerland,zurich,0h,372,pressure_msl,0.5162415871896546
Switzerland,zurich,0h,372,surface_pressure,0.5482131286357569
Switzerland,zurich,0h,372,cloud_cover,23.467777038735154
Switzerland,zurich,0h,372,wind_speed_10m,2.111629345937316
Switzerland,zurich,0h,372,wind_gusts_10m,4.193107503705862
Switzerland,zurich,1-6h,1946,temperature_2m,1.8097230827330386
Switzerland,zurich,1-6h,1946,relative_humidity_2m,8.643207504811105
Switzerland,zurich,1-6h,1946,dew_point_2m,1.246132763940043
Switzerland,zurich,1-6h,1946,apparent_temperature,1.9819405607721212
Switzerland,zurich,1-6h,1946,precipitation,0.34329579681522016
Switzerland,zurich,1-6h,1946,rain,0.29785115991634964
Switzerland,zurich,1-6h,1946,showers,0.017849433073582596
Switzerland,zurich,1-6h,1946,snowfall,0.09597286786850998
Switzerland,zurich,1-6h,1946,snow_depth,0.0033006274902499418
Switzerland,zurich,1-6h,1946,weather_code,25.848519114071983
Switzerland,zurich,1-6h,1946,pressure_msl,0.5546495981904855
Switzerland,zurich,1-6h,1946,surface_pressure,0.6314065279155319
Switzerland,zurich,1-6h,1946,cloud_cover,24.674947454051978
Switzerland,zurich,1-6h,1946,wind_speed_10m,2.0375382643838535
Switzerland,zurich,1-6h,1946,wind_gusts_10m,4.335875344741676
Switzerland,zurich,13-18h,842,temperature_2m,2.253595701695035
Switzerland,zurich,13-18h,842,relative_humidity_2m,9.68015822096405
Switzerland,zurich,13-18h,842,dew_point_2m,1.5990718804543644
Switzerland,zurich,13-18h,842,apparent_temperature,2.4834320363833027
Switzerland,zurich,13-18h,842,precipitation,0.3406016752566676
Switzerland,zurich,13-18h,842,rain,0.3023266861825917
Switzerland,zurich,13-18h,842,showers,0.01289460289609498
Switzerland,zurich,13-18h,842,snowfall,0.07131776270964856
Switzerland,zurich,13-18h,842,snow_depth,0.0011938082539790084
Switzerland,zurich,13-18h,842,weather_code,26.321058104918016
Switzerland,zurich,13-18h,842,pressure_msl,0.6678572109042248
Switzerland,zurich,13-18h,842,surface_pressure,0.773261593308797
Switzerland,zurich,13-18h,842,cloud_cover,29.354213219386686
Switzerland,zurich,13-18h,842,wind_speed_10m,2.0604637072358507
Switzerland,zurich,13-18h,842,wind_gusts_10m,4.24637053350723
Switzerland,zurich,19-24h,190,temperature_2m,2.1268459474561214
Switzerland,zurich,19-24h,190,relative_humidity_2m,8.246849478181923
Switzerland,zurich,19-24h,190,dew_point_2m,1.647965252571853
Switzerland,zurich,19-24h,190,apparent_temperature,2.406001268757595
Switzerland,zurich,19-24h,190,precipitation,0.5944479969287739
Switzerland,zurich,19-24h,190,rain,0.5030433694811485
Switzerland,zurich,19-24h,190,showers,0
Switzerland,zurich,19-24h,190,snowfall,0.0840613810823596
Switzerland,zurich,19-24h,190,snow_depth,0.002051956704170308
Switzerland,zurich,19-24h,190,weather_code,31.77652228329986
Switzerland,zurich,19-24h,190,pressure_msl,0.8511292807979193
Switzerland,zurich,19-24h,190,surface_pressure,0.9911184538054396
Switzerland,zurich,19-24h,190,cloud_cover,34.13456343726446
Switzerland,zurich,19-24h,190,wind_speed_10m,2.341929029442901
Switzerland,zurich,19-24h,190,wind_gusts_10m,4.545859886233094
Switzerland,zurich,7-12h,1386,temperature_2m,1.9599304991064253
Switzerland,zurich,7-12h,1386,relative_humidity_2m,9.20286046252146
Switzerland,zurich,7-12h,1386,dew_point_2m,1.2799598658931686
Switzerland,zurich,7-12h,1386,apparent_temperature,2.1409900475804142
Switzerland,zurich,7-12h,1386,precipitation,0.32316146634976967
Switzerland,zurich,7-12h,1386,rain,0.2767162110752846
Switzerland,zurich,7-12h,1386,showers,0.00657951694959769
Switzerland,zurich,7-12h,1386,snowfall,0.07865665062071159
Switzerland,zurich,7-12h,1386,snow_depth,0.0019738550848793068
Switzerland,zurich,7-12h,1386,weather_code,24.611468601535883
Switzerland,zurich,7-12h,1386,pressure_msl,0.6059588659192552
Switzerland,zurich,7-12h,1386,surface_pressure,0.6209312003399057
Switzerland,zurich,7-12h,1386,cloud_cover,26.4986590637891
Switzerland,zurich,7-12h,1386,wind_speed_10m,1.9791445088757382
Switzerland,zurich,7-12h,1386,wind_gusts_10m,4.374836216270492
Taiwan,taipei,0h,372,temperature_2m,1.057080581052698
Taiwan,taipei,0h,372,relative_humidity_2m,6.589744394344571
Taiwan,taipei,0h,372,dew_point_2m,0.8521320509510628
Taiwan,taipei,0h,372,apparent_temperature,1.2966457968854275
Taiwan,taipei,0h,372,precipitation,0.23838615100136862
Taiwan,taipei,0h,372,rain,0.22118935594371555
Taiwan,taipei,0h,372,showers,0.08582302370488622
Taiwan,taipei,0h,372,snowfall,0
Taiwan,taipei,0h,372,snow_depth,0
Taiwan,taipei,0h,372,weather_code,21.670181683445765
Taiwan,taipei,0h,372,pressure_msl,0.4690415759823469
Taiwan,taipei,0h,372,surface_pressure,0.46622482923783976
Taiwan,taipei,0h,372,cloud_cover,33.69606403102291
Taiwan,taipei,0h,372,wind_speed_10m,4.052690597031658
Taiwan,taipei,0h,372,wind_gusts_10m,7.850905707630651
Taiwan,taipei,1-6h,1946,temperature_2m,1.1170545618463896
Taiwan,taipei,1-6h,1946,relative_humidity_2m,6.761918030954561
Taiwan,taipei,1-6h,1946,dew_point_2m,0.8289160073093593
Taiwan,taipei,1-6h,1946,apparent_temperature,1.377797070963799
Taiwan,taipei,1-6h,1946,precipitation,0.3149577044640015
Taiwan,taipei,1-6h,1946,rain,0.29561717974072865
Taiwan,taipei,1-6h,1946,showers,0.09384993816802348
Taiwan,taipei,1-6h,1946,snowfall,0
Taiwan,taipei,1-6h,1946,snow_depth,0
Taiwan,taipei,1-6h,1946,weather_code,21.610373018387108
Taiwan,taipei,1-6h,1946,pressure_msl,0.4743362322802822
Taiwan,taipei,1-6h,1946,surface_pressure,0.47385931624587957
Taiwan,taipei,1-6h,1946,cloud_cover,30.921742550903858
Taiwan,taipei,1-6h,1946,wind_speed_10m,3.44907303929931
Taiwan,taipei,1-6h,1946,wind_gusts_10m,7.054581653234887
Taiwan,taipei,13-18h,842,temperature_2m,1.2341440916501076
Taiwan,taipei,13-18h,842,relative_humidity_2m,7.673720463257606
Taiwan,taipei,13-18h,842,dew_point_2m,0.9050531145421896
Taiwan,taipei,13-18h,842,apparent_temperature,1.5256944215449866
Taiwan,taipei,13-18h,842,precipitation,0.5923703341885068
Taiwan,taipei,13-18h,842,rain,0.5875388499814541
Taiwan,taipei,13-18h,842,showers,0.08155262935012728
Taiwan,taipei,13-18h,842,snowfall,0
Taiwan,taipei,13-18h,842,snow_depth,0
Taiwan,taipei,13-18h,842,weather_code,23.42578111616799
Taiwan,taipei,13-18h,842,pressure_msl,0.4607388468922867
Taiwan,taipei,13-18h,842,surface_pressure,0.4600165235078389
Taiwan,taipei,13-18h,842,cloud_cover,31.813291415520588
Taiwan,taipei,13-18h,842,wind_speed_10m,3.657975375529611
Taiwan,taipei,13-18h,842,wind_gusts_10m,7.808706085923713
Taiwan,taipei,19-24h,190,temperature_2m,1.1671377495033692
Taiwan,taipei,19-24h,190,relative_humidity_2m,7.111147660724785
Taiwan,taipei,19-24h,190,dew_point_2m,0.8983610808460858
Taiwan,taipei,19-24h,190,apparent_temperature,1.407311733692814
Taiwan,taipei,19-24h,190,precipitation,0.5385164807134505
Taiwan,taipei,19-24h,190,rain,0.5389072764693189
Taiwan,taipei,19-24h,190,showers,0.025131234497501733
Taiwan,taipei,19-24h,190,snowfall,0
Taiwan,taipei,19-24h,190,snow_depth,0
Taiwan,taipei,19-24h,190,weather_code,25.977318041544994
Taiwan,taipei,19-24h,190,pressure_msl,0.48774454055592076
Taiwan,taipei,19-24h,190,surface_pressure,0.4874207088013642
Taiwan,taipei,19-24h,190,cloud_cover,28.950047722894944
Taiwan,taipei,19-24h,190,wind_speed_10m,2.617351011192323
Taiwan,taipei,19-24h,190,wind_gusts_10m,5.671711892319081
Taiwan,taipei,7-12h,1386,temperature_2m,1.1730499461004105
Taiwan,taipei,7-12h,1386,relative_humidity_2m,7.234577067051352
Taiwan,taipei,7-12h,1386,dew_point_2m,0.8396556705112193
Taiwan,taipei,7-12h,1386,apparent_temperature,1.4890073395194723
Taiwan,taipei,7-12h,1386,precipitation,0.307623202362947
Taiwan,taipei,7-12h,1386,rain,0.3019178715386043
Taiwan,taipei,7-12h,1386,showers,0.05152788230776281
Taiwan,taipei,7-12h,1386,snowfall,0
Taiwan,taipei,7-12h,1386,snow_depth,0
Taiwan,taipei,7-12h,1386,weather_code,21.786084495234054
Taiwan,taipei,7-12h,1386,pressure_msl,0.5038094419757878
Taiwan,taipei,7-12h,1386,surface_pressure,0.5036375617949789
Taiwan,taipei,7-12h,1386,cloud_cover,31.323130880206214
Taiwan,taipei,7-12h,1386,wind_speed_10m,3.5351543130839445
Taiwan,taipei,7-12h,1386,wind_gusts_10m,7.280564770443525
Thailand,bangkok,0h,372,temperature_2m,1.3871336579242235
Thailand,bangkok,0h,372,relative_humidity_2m,9.700903405442219
Thailand,bangkok,0h,372,dew_point_2m,1.7040905877278931
Thailand,bangkok,0h,372,apparent_temperature,1.1603670164664395
Thailand,bangkok,0h,372,precipitation,0.5983849230462214
Thailand,bangkok,0h,372,rain,0.7485469795845557
Thailand,bangkok,0h,372,showers,0.2706026726616219
Thailand,bangkok,0h,372,snowfall,0
Thailand,bangkok,0h,372,snow_depth,0
Thailand,bangkok,0h,372,weather_code,12.709111116688849
Thailand,bangkok,0h,372,pressure_msl,0.45032843450611265
Thailand,bangkok,0h,372,surface_pressure,0.44997013043041484
Thailand,bangkok,0h,372,cloud_cover,41.37229346636063
Thailand,bangkok,0h,372,wind_speed_10m,2.635204180944774
Thailand,bangkok,0h,372,wind_gusts_10m,6.321268928009237
Thailand,bangkok,1-6h,1946,temperature_2m,1.367107357987332
Thailand,bangkok,1-6h,1946,relative_humidity_2m,9.04300562136489
Thailand,bangkok,1-6h,1946,dew_point_2m,1.7445996545852673
Thailand,bangkok,1-6h,1946,apparent_temperature,1.2880069771854965
Thailand,bangkok,1-6h,1946,precipitation,0.4682740389340075
Thailand,bangkok,1-6h,1946,rain,0.4930451553152674
Thailand,bangkok,1-6h,1946,showers,0.25455763374982165
Thailand,bangkok,1-6h,1946,snowfall,0
Thailand,bangkok,1-6h,1946,snow_depth,0
Thailand,bangkok,1-6h,1946,weather_code,17.029326014306662
Thailand,bangkok,1-6h,1946,pressure_msl,0.4352292044792687
Thailand,bangkok,1-6h,1946,surface_pressure,0.43564225307225757
Thailand,bangkok,1-6h,1946,cloud_cover,42.515482942397384
Thailand,bangkok,1-6h,1946,wind_speed_10m,2.853909527104934
Thailand,bangkok,1-6h,1946,wind_gusts_10m,6.706619576652637
Thailand,bangkok,13-18h,842,temperature_2m,1.54020543405657
Thailand,bangkok,13-18h,842,relative_humidity_2m,9.73935864871815
Thailand,bangkok,13-18h,842,dew_point_2m,1.242899070625797
Thailand,bangkok,13-18h,842,apparent_temperature,1.3788614532879728
Thailand,bangkok,13-18h,842,precipitation,0.3376599647300116
Thailand,bangkok,13-18h,842,rain,0.43749448588313344
Thailand,bangkok,13-18h,842,showers,0.16812505242871084
Thailand,bangkok,13-18h,842,snowfall,0
Thailand,bangkok,13-18h,842,snow_depth,0
Thailand,bangkok,13-18h,842,weather_code,13.147979261842245
Thailand,bangkok,13-18h,842,pressure_msl,0.4221593624638841
Thailand,bangkok,13-18h,842,surface_pressure,0.4221593624638841
Thailand,bangkok,13-18h,842,cloud_cover,45.17627128190049
Thailand,bangkok,13-18h,842,wind_speed_10m,3.0184901292421915
Thailand,bangkok,13-18h,842,wind_gusts_10m,6.267754828790308
Thailand,bangkok,19-24h,190,temperature_2m,1.455949681027545
Thailand,bangkok,19-24h,190,relative_humidity_2m,7.45230448286053
Thailand,bangkok,19-24h,190,dew_point_2m,1.000578779875349
Thailand,bangkok,19-24h,190,apparent_temperature,1.5022789705188442
Thailand,bangkok,19-24h,190,precipitation,0.030779350562554625
Thailand,bangkok,19-24h,190,rain,0.025131234497501733
Thailand,bangkok,19-24h,190,showers,0.017770466332772773
Thailand,bangkok,19-24h,190,snowfall,0
Thailand,bangkok,19-24h,190,snow_depth,0
Thailand,bangkok,19-24h,190,weather_code,8.71900525470532
Thailand,bangkok,19-24h,190,pressure_msl,0.40144475925940176
Thailand,bangkok,19-24h,190,surface_pressure,0.40144475925940176
Thailand,bangkok,19-24h,190,cloud_cover,47.67179459596628
Thailand,bangkok,19-24h,190,wind_speed_10m,2.7900198075131635
Thailand,bangkok,19-24h,190,wind_gusts_10m,5.5466253372279395
Thailand,bangkok,7-12h,1386,temperature_2m,1.5339919534115272
Thailand,bangkok,7-12h,1386,relative_humidity_2m,10.114924038849146
Thailand,bangkok,7-12h,1386,dew_point_2m,1.611171317977395
Thailand,bangkok,7-12h,1386,apparent_temperature,1.424025957575889
Thailand,bangkok,7-12h,1386,precipitation,0.4191656661749095
Thailand,bangkok,7-12h,1386,rain,0.43734407652309787
Thailand,bangkok,7-12h,1386,showers,0.24691458232921557
Thailand,bangkok,7-12h,1386,snowfall,0
Thailand,bangkok,7-12h,1386,snow_depth,0
Thailand,bangkok,7-12h,1386,weather_code,16.011900336342105
Thailand,bangkok,7-12h,1386,pressure_msl,0.4207634098182098
Thailand,bangkok,7-12h,1386,surface_pressure,0.42074626204806237
Thailand,bangkok,7-12h,1386,cloud_cover,44.6627251604626
Thailand,bangkok,7-12h,1386,wind_speed_10m,3.0286296245327526
Thailand,bangkok,7-12h,1386,wind_gusts_10m,6.645902729353108
Turkey,istanbul,0h,372,temperature_2m,1.1976904297820024
Turkey,istanbul,0h,372,relative_humidity_2m,6.078783834224228
Turkey,istanbul,0h,372,dew_point_2m,1.250161279918096
Turkey,istanbul,0h,372,apparent_temperature,1.4489892658239807
Turkey,istanbul,0h,372,precipitation,0.4293030110176461
Turkey,istanbul,0h,372,rain,0.40134183536880913
Turkey,istanbul,0h,372,showers,0.14274573228654336
Turkey,istanbul,0h,372,snowfall,0
Turkey,istanbul,0h,372,snow_depth,0
Turkey,istanbul,0h,372,weather_code,21.332493263029622
Turkey,istanbul,0h,372,pressure_msl,0.4288017814118052
Turkey,istanbul,0h,372,surface_pressure,0.4152340964308113
Turkey,istanbul,0h,372,cloud_cover,29.991038087925496
Turkey,istanbul,0h,372,wind_speed_10m,3.6162120025396502
Turkey,istanbul,0h,372,wind_gusts_10m,6.735921199702544
Turkey,istanbul,1-6h,1946,temperature_2m,1.112412450219749
Turkey,istanbul,1-6h,1946,relative_humidity_2m,6.4183543337483115
Turkey,istanbul,1-6h,1946,dew_point_2m,1.333546146086069
Turkey,istanbul,1-6h,1946,apparent_temperature,1.3917684890941289
Turkey,istanbul,1-6h,1946,precipitation,0.3009747781137768
Turkey,istanbul,1-6h,1946,rain,0.2853209008186881
Turkey,istanbul,1-6h,1946,showers,0.0846369430416819
Turkey,istanbul,1-6h,1946,snowfall,0
Turkey,istanbul,1-6h,1946,snow_depth,0
Turkey,istanbul,1-6h,1946,weather_code,20.014614393272932
Turkey,istanbul,1-6h,1946,pressure_msl,0.4213227348071357
Turkey,istanbul,1-6h,1946,surface_pressure,0.41359228922462177
Turkey,istanbul,1-6h,1946,cloud_cover,29.963406939059574
Turkey,istanbul,1-6h,1946,wind_speed_10m,3.5222840739548786
Turkey,istanbul,1-6h,1946,wind_gusts_10m,6.82813311600972
Turkey,istanbul,13-18h,842,temperature_2m,1.2661216896557088
Turkey,istanbul,13-18h,842,relative_humidity_2m,6.364240955948177
Turkey,istanbul,13-18h,842,dew_point_2m,1.2937544106434506
Turkey,istanbul,13-18h,842,apparent_temperature,1.5601860538299017
Turkey,istanbul,13-18h,842,precipitation,0.20951249828081137
Turkey,istanbul,13-18h,842,rain,0.19537405502694621
Turkey,istanbul,13-18h,842,showers,0.08946927178548078
Turkey,istanbul,13-18h,842,snowfall,0
Turkey,istanbul,13-18h,842,snow_depth,0
Turkey,istanbul,13-18h,842,weather_code,15.902015886788002
Turkey,istanbul,13-18h,842,pressure_msl,0.437521631633532
Turkey,istanbul,13-18h,842,surface_pressure,0.4330744095193397
Turkey,istanbul,13-18h,842,cloud_cover,29.13988703868082
Turkey,istanbul,13-18h,842,wind_speed_10m,2.754629012702927
Turkey,istanbul,13-18h,842,wind_gusts_10m,6.5186558514208786
Turkey,istanbul,19-24h,190,temperature_2m,1.292814147916332
Turkey,istanbul,19-24h,190,relative_humidity_2m,5.245549492063173
Turkey,istanbul,19-24h,190,dew_point_2m,1.521529701181987
Turkey,istanbul,19-24h,190,apparent_temperature,1.6717781268048575
Turkey,istanbul,19-24h,190,precipitation,0.20183369913189214
Turkey,istanbul,19-24h,190,rain,0.1978835383169659
Turkey,istanbul,19-24h,190,showers,0.0746923514720286
Turkey,istanbul,19-24h,190,snowfall,0
Turkey,istanbul,19-24h,190,snow_depth,0
Turkey,istanbul,19-24h,190,weather_code,19.12672420848297
Turkey,istanbul,19-24h,190,pressure_msl,0.4162489133856565
Turkey,istanbul,19-24h,190,surface_pressure,0.4181412503725939
Turkey,istanbul,19-24h,190,cloud_cover,34.6915733739174
Turkey,istanbul,19-24h,190,wind_speed_10m,2.666754384522208
Turkey,istanbul,19-24h,190,wind_gusts_10m,6.496962853194519
Turkey,istanbul,7-12h,1386,temperature_2m,1.0922592654815537
Turkey,istanbul,7-12h,1386,relative_humidity_2m,7.149607200181218
Turkey,istanbul,7-12h,1386,dew_point_2m,1.3061073102606484
Turkey,istanbul,7-12h,1386,apparent_temperature,1.371194063644224
Turkey,istanbul,7-12h,1386,precipitation,0.39024911568685494
Turkey,istanbul,7-12h,1386,rain,0.3803051861755696
Turkey,istanbul,7-12h,1386,showers,0.07237468644557458
Turkey,istanbul,7-12h,1386,snowfall,0
Turkey,istanbul,7-12h,1386,snow_depth,0
Turkey,istanbul,7-12h,1386,weather_code,16.875274568874183
Turkey,istanbul,7-12h,1386,pressure_msl,0.3931226965534498
Turkey,istanbul,7-12h,1386,surface_pressure,0.38910115831196596
Turkey,istanbul,7-12h,1386,cloud_cover,30.557092969324337
Turkey,istanbul,7-12h,1386,wind_speed_10m,3.923003531728809
Turkey,istanbul,7-12h,1386,wind_gusts_10m,7.141923459900051
UAE,abu_dhabi,0h,372,temperature_2m,1.1834885556228765
UAE,abu_dhabi,0h,372,relative_humidity_2m,7.6012873838892
UAE,abu_dhabi,0h,372,dew_point_2m,1.9877717573050948
UAE,abu_dhabi,0h,372,apparent_temperature,1.5457538092172625
UAE,abu_dhabi,0h,372,precipitation,0.2799769575772148
UAE,abu_dhabi,0h,372,rain,0.10676071123014118
UAE,abu_dhabi,0h,372,showers,0.2516611478423583
UAE,abu_dhabi,0h,372,snowfall,0
UAE,abu_dhabi,0h,372,snow_depth,0
UAE,abu_dhabi,0h,372,weather_code,12.100608711250674
UAE,abu_dhabi,0h,372,pressure_msl,0.38813034059491086
UAE,abu_dhabi,0h,372,surface_pressure,0.3881303405949098
UAE,abu_dhabi,0h,372,cloud_cover,35.79601707885498
UAE,abu_dhabi,0h,372,wind_speed_10m,3.6151860107708313
UAE,abu_dhabi,0h,372,wind_gusts_10m,5.959816155063052
UAE,abu_dhabi,1-6h,1946,temperature_2m,1.0370673728685365
UAE,abu_dhabi,1-6h,1946,relative_humidity_2m,8.16788134795589
UAE,abu_dhabi,1-6h,1946,dew_point_2m,2.1409313031505395
UAE,abu_dhabi,1-6h,1946,apparent_temperature,1.2947518382737513
UAE,abu_dhabi,1-6h,1946,precipitation,0.25706862009353343
UAE,abu_dhabi,1-6h,1946,rain,0.1912795664965173
UAE,abu_dhabi,1-6h,1946,showers,0.20457259985769977
UAE,abu_dhabi,1-6h,1946,snowfall,0
UAE,abu_dhabi,1-6h,1946,snow_depth,0
UAE,abu_dhabi,1-6h,1946,weather_code,7.954456693889535
UAE,abu_dhabi,1-6h,1946,pressure_msl,0.3868071002259385
UAE,abu_dhabi,1-6h,1946,surface_pressure,0.38680710022594234
UAE,abu_dhabi,1-6h,1946,cloud_cover,34.77794779196668
UAE,abu_dhabi,1-6h,1946,wind_speed_10m,3.2779543291146633
UAE,abu_dhabi,1-6h,1946,wind_gusts_10m,6.600670338750702
UAE,abu_dhabi,13-18h,842,temperature_2m,1.1082716423576653
UAE,abu_dhabi,13-18h,842,relative_humidity_2m,8.850298920029296
UAE,abu_dhabi,13-18h,842,dew_point_2m,2.172599830560835
UAE,abu_dhabi,13-18h,842,apparent_temperature,1.6028552314889948
UAE,abu_dhabi,13-18h,842,precipitation,0.3050252121505794
UAE,abu_dhabi,13-18h,842,rain,0.31165026991219186
UAE,abu_dhabi,13-18h,842,showers,0.29099713901834945
UAE,abu_dhabi,13-18h,842,snowfall,0
UAE,abu_dhabi,13-18h,842,snow_depth,0
UAE,abu_dhabi,13-18h,842,weather_code,8.342718389036325
UAE,abu_dhabi,13-18h,842,pressure_msl,0.44014681204345807
UAE,abu_dhabi,13-18h,842,surface_pressure,0.4401468120434576
UAE,abu_dhabi,13-18h,842,cloud_cover,36.721426754660044
UAE,abu_dhabi,13-18h,842,wind_speed_10m,3.0912565379426082
UAE,abu_dhabi,13-18h,842,wind_gusts_10m,5.612598231422183
UAE,abu_dhabi,19-24h,190,temperature_2m,1.4458288462441118
UAE,abu_dhabi,19-24h,190,relative_humidity_2m,7.514897485031071
UAE,abu_dhabi,19-24h,190,dew_point_2m,1.8915602025840996
UAE,abu_dhabi,19-24h,190,apparent_temperature,1.924194978631187
UAE,abu_dhabi,19-24h,190,precipitation,0.3644751092504917
UAE,abu_dhabi,19-24h,190,rain,0.13494638311488558
UAE,abu_dhabi,19-24h,190,showers,0.49043482318191234
UAE,abu_dhabi,19-24h,190,snowfall,0
UAE,abu_dhabi,19-24h,190,snow_depth,0
UAE,abu_dhabi,19-24h,190,weather_code,11.27316328837278
UAE,abu_dhabi,19-24h,190,pressure_msl,0.3672085310326508
UAE,abu_dhabi,19-24h,190,surface_pressure,0.36720853103265305
UAE,abu_dhabi,19-24h,190,cloud_cover,36.920825673609365
UAE,abu_dhabi,19-24h,190,wind_speed_10m,3.1235775710081644
UAE,abu_dhabi,19-24h,190,wind_gusts_10m,5.660221308673177
UAE,abu_dhabi,7-12h,1386,temperature_2m,0.9721890326225221
UAE,abu_dhabi,7-12h,1386,relative_humidity_2m,8.313222486477077
UAE,abu_dhabi,7-12h,1386,dew_point_2m,2.206487221487099
UAE,abu_dhabi,7-12h,1386,apparent_temperature,1.3212711969000064
UAE,abu_dhabi,7-12h,1386,precipitation,0.25962010207724173
UAE,abu_dhabi,7-12h,1386,rain,0.22231239151878024
UAE,abu_dhabi,7-12h,1386,showers,0.18074720653319284
UAE,abu_dhabi,7-12h,1386,snowfall,0
UAE,abu_dhabi,7-12h,1386,snow_depth,0
UAE,abu_dhabi,7-12h,1386,weather_code,7.294762793509068
UAE,abu_dhabi,7-12h,1386,pressure_msl,0.42030017446134477
UAE,abu_dhabi,7-12h,1386,surface_pressure,0.4203001744613456
UAE,abu_dhabi,7-12h,1386,cloud_cover,36.12278643537483
UAE,abu_dhabi,7-12h,1386,wind_speed_10m,3.498292719034808
UAE,abu_dhabi,7-12h,1386,wind_gusts_10m,6.642106274185603
UAE,dubai,0h,372,temperature_2m,3.4336804292657437
UAE,dubai,0h,372,relative_humidity_2m,12.396452839855145
UAE,dubai,0h,372,dew_point_2m,4.088417944672802
UAE,dubai,0h,372,apparent_temperature,4.276844379850916
UAE,dubai,0h,372,precipitation,0.3179233694103098
UAE,dubai,0h,372,rain,0.19218606575651562
UAE,dubai,0h,372,showers,0.26770630673681683
UAE,dubai,0h,372,snowfall,0
UAE,dubai,0h,372,snow_depth,0
UAE,dubai,0h,372,weather_code,14.451624903988872
UAE,dubai,0h,372,pressure_msl,0.4327332486834489
UAE,dubai,0h,372,surface_pressure,0.4324225333072163
UAE,dubai,0h,372,cloud_cover,31.907123281941796
UAE,dubai,0h,372,wind_speed_10m,4.390458863519628
UAE,dubai,0h,372,wind_gusts_10m,7.221506857320193
UAE,dubai,1-6h,1946,temperature_2m,2.745567295459204
UAE,dubai,1-6h,1946,relative_humidity_2m,14.022482315107133
UAE,dubai,1-6h,1946,dew_point_2m,3.999588879180784
UAE,dubai,1-6h,1946,apparent_temperature,3.1657695128400527
UAE,dubai,1-6h,1946,precipitation,0.4262458313413381
UAE,dubai,1-6h,1946,rain,0.17794649125870587
UAE,dubai,1-6h,1946,showers,0.33830482432620496
UAE,dubai,1-6h,1946,snowfall,0
UAE,dubai,1-6h,1946,snow_depth,0
UAE,dubai,1-6h,1946,weather_code,14.879681891636666
UAE,dubai,1-6h,1946,pressure_msl,0.3837259856535349
UAE,dubai,1-6h,1946,surface_pressure,0.38211560160604385
UAE,dubai,1-6h,1946,cloud_cover,33.18339522105463
UAE,dubai,1-6h,1946,wind_speed_10m,4.625786786220529
UAE,dubai,1-6h,1946,wind_gusts_10m,8.72761679750141
UAE,dubai,13-18h,840,temperature_2m,3.418399096207519
UAE,dubai,13-18h,840,relative_humidity_2m,10.585479722354625
UAE,dubai,13-18h,840,dew_point_2m,3.2919707514756915
UAE,dubai,13-18h,840,apparent_temperature,4.1818769993981455
UAE,dubai,13-18h,840,precipitation,0.2214132099126191
UAE,dubai,13-18h,840,rain,0.1602824887206216
UAE,dubai,13-18h,840,showers,0.17450610577392686
UAE,dubai,13-18h,840,snowfall,0
UAE,dubai,13-18h,840,snow_depth,0
UAE,dubai,13-18h,840,weather_code,11.936139600868806
UAE,dubai,13-18h,840,pressure_msl,0.4644761514201752
UAE,dubai,13-18h,840,surface_pressure,0.4645017812257626
UAE,dubai,13-18h,840,cloud_cover,32.76699849660006
UAE,dubai,13-18h,840,wind_speed_10m,5.37285062229761
UAE,dubai,13-18h,840,wind_gusts_10m,7.566066160354213
UAE,dubai,19-24h,190,temperature_2m,4.525250792701119
UAE,dubai,19-24h,190,relative_humidity_2m,11.53940616915975
UAE,dubai,19-24h,190,dew_point_2m,4.1844951905815355
UAE,dubai,19-24h,190,apparent_temperature,5.810833801932749
UAE,dubai,19-24h,190,precipitation,0.32395581245140925
UAE,dubai,19-24h,190,rain,0.04103913408340617
UAE,dubai,19-24h,190,showers,0.3620119218740556
UAE,dubai,19-24h,190,snowfall,0
UAE,dubai,19-24h,190,snow_depth,0
UAE,dubai,19-24h,190,weather_code,19.376871726229105
UAE,dubai,19-24h,190,pressure_msl,0.43005507603218307
UAE,dubai,19-24h,190,surface_pressure,0.43005507603219
UAE,dubai,19-24h,190,cloud_cover,29.53089372522488
UAE,dubai,19-24h,190,wind_speed_10m,4.572123772326563
UAE,dubai,19-24h,190,wind_gusts_10m,7.343754955205495
UAE,dubai,7-12h,1386,temperature_2m,2.618405273452942
UAE,dubai,7-12h,1386,relative_humidity_2m,12.097010471090051
UAE,dubai,7-12h,1386,dew_point_2m,3.40091660677438
UAE,dubai,7-12h,1386,apparent_temperature,3.015934114973102
UAE,dubai,7-12h,1386,precipitation,0.30564671341258265
UAE,dubai,7-12h,1386,rain,0.14993986288496625
UAE,dubai,7-12h,1386,showers,0.2743219372425859
UAE,dubai,7-12h,1386,snowfall,0
UAE,dubai,7-12h,1386,snow_depth,0
UAE,dubai,7-12h,1386,weather_code,13.259372791009643
UAE,dubai,7-12h,1386,pressure_msl,0.4193377586673497
UAE,dubai,7-12h,1386,surface_pressure,0.4189073948779212
UAE,dubai,7-12h,1386,cloud_cover,33.86568410477721
UAE,dubai,7-12h,1386,wind_speed_10m,5.344493194270856
UAE,dubai,7-12h,1386,wind_gusts_10m,8.949079132291619
UK,birmingham,0h,372,temperature_2m,0.7976780820485448
UK,birmingham,0h,372,relative_humidity_2m,5.600979177066764
UK,birmingham,0h,372,dew_point_2m,0.7390054345253927
UK,birmingham,0h,372,apparent_temperature,1.1859164597316143
UK,birmingham,0h,372,precipitation,0.4231855639141963
UK,birmingham,0h,372,rain,0.4263498487725627
UK,birmingham,0h,372,showers,0.016395645894598826
UK,birmingham,0h,372,snowfall,0.005132649025747366
UK,birmingham,0h,372,snow_depth,0.001270001270001905
UK,birmingham,0h,372,weather_code,17.566922729765405
UK,birmingham,0h,372,pressure_msl,0.39089090412125255
UK,birmingham,0h,372,surface_pressure,0.3897890248210751
UK,birmingham,0h,372,cloud_cover,26.02139318379795
UK,birmingham,0h,372,wind_speed_10m,3.720467943744457
UK,birmingham,0h,372,wind_gusts_10m,7.225782690053097
UK,birmingham,1-6h,1946,temperature_2m,0.7737603220450264
UK,birmingham,1-6h,1946,relative_humidity_2m,6.07583118290877
UK,birmingham,1-6h,1946,dew_point_2m,0.8073595194384933
UK,birmingham,1-6h,1946,apparent_temperature,1.1486799251318107
UK,birmingham,1-6h,1946,precipitation,0.519981025821904
UK,birmingham,1-6h,1946,rain,0.5130666721508448
UK,birmingham,1-6h,1946,showers,0.01241621457523233
UK,birmingham,1-6h,1946,snowfall,0.09779217429077842
UK,birmingham,1-6h,1946,snow_depth,0.0018135042137811122
UK,birmingham,1-6h,1946,weather_code,19.689757146422544
UK,birmingham,1-6h,1946,pressure_msl,0.4884167007656923
UK,birmingham,1-6h,1946,surface_pressure,0.4772846285493976
UK,birmingham,1-6h,1946,cloud_cover,25.514822486064354
UK,birmingham,1-6h,1946,wind_speed_10m,3.9887238285022524
UK,birmingham,1-6h,1946,wind_gusts_10m,7.832370178335741
UK,birmingham,13-18h,840,temperature_2m,0.8788385192156424
UK,birmingham,13-18h,840,relative_humidity_2m,6.482761022603754
UK,birmingham,13-18h,840,dew_point_2m,0.7734585284539147
UK,birmingham,13-18h,840,apparent_temperature,1.221913020051521
UK,birmingham,13-18h,840,precipitation,0.43342489875080187
UK,birmingham,13-18h,840,rain,0.4306971093471606
UK,birmingham,13-18h,840,showers,0.02340126166724879
UK,birmingham,13-18h,840,snowfall,0
UK,birmingham,13-18h,840,snow_depth,0.0014638501094227999
UK,birmingham,13-18h,840,weather_code,19.75245614624986
UK,birmingham,13-18h,840,pressure_msl,0.8822455116673277
UK,birmingham,13-18h,840,surface_pressure,0.868194623780811
UK,birmingham,13-18h,840,cloud_cover,28.720740804877448
UK,birmingham,13-18h,840,wind_speed_10m,4.051178546922811
UK,birmingham,13-18h,840,wind_gusts_10m,8.18155300195565
UK,birmingham,19-24h,190,temperature_2m,0.9193819434243512
UK,birmingham,19-24h,190,relative_humidity_2m,6.166974861905018
UK,birmingham,19-24h,190,dew_point_2m,0.8938974390717022
UK,birmingham,19-24h,190,apparent_temperature,1.3052525466461713
UK,birmingham,19-24h,190,precipitation,0.3509385911193611
UK,birmingham,19-24h,190,rain,0.3495862215760076
UK,birmingham,19-24h,190,showers,0
UK,birmingham,19-24h,190,snowfall,0
UK,birmingham,19-24h,190,snow_depth,0.0014509525002200233
UK,birmingham,19-24h,190,weather_code,21.904577747945506
UK,birmingham,19-24h,190,pressure_msl,0.8975404990129519
UK,birmingham,19-24h,190,surface_pressure,0.8994735302269621
UK,birmingham,19-24h,190,cloud_cover,30.901541436599807
UK,birmingham,19-24h,190,wind_speed_10m,4.01259858052373
UK,birmingham,19-24h,190,wind_gusts_10m,8.182966905005852
UK,birmingham,7-12h,1386,temperature_2m,0.7522644986318814
UK,birmingham,7-12h,1386,relative_humidity_2m,7.108213244317838
UK,birmingham,7-12h,1386,dew_point_2m,0.9285514483364894
UK,birmingham,7-12h,1386,apparent_temperature,1.0546057852076112
UK,birmingham,7-12h,1386,precipitation,0.5306480015860812
UK,birmingham,7-12h,1386,rain,0.5314631713045622
UK,birmingham,7-12h,1386,showers,0.007597371763975864
UK,birmingham,7-12h,1386,snowfall,0
UK,birmingham,7-12h,1386,snow_depth,0.0014712247158412493
UK,birmingham,7-12h,1386,weather_code,19.770837182223794
UK,birmingham,7-12h,1386,pressure_msl,0.7348567411505639
UK,birmingham,7-12h,1386,surface_pressure,0.7212203062578966
UK,birmingham,7-12h,1386,cloud_cover,26.209005645235322
UK,birmingham,7-12h,1386,wind_speed_10m,3.889244057168351
UK,birmingham,7-12h,1386,wind_gusts_10m,8.045830124690825
UK,brighton,0h,372,temperature_2m,1.133862937612092
UK,brighton,0h,372,relative_humidity_2m,4.612395640921005
UK,brighton,0h,372,dew_point_2m,0.9556566171447112
UK,brighton,0h,372,apparent_temperature,1.4869504044776827
UK,brighton,0h,372,precipitation,0.3588362312534996
UK,brighton,0h,372,rain,0.3626367002167404
UK,brighton,0h,372,showers,0.012700012700019052
UK,brighton,0h,372,snowfall,0.015397947077242095
UK,brighton,0h,372,snow_depth,0
UK,brighton,0h,372,weather_code,22.608757462065327
UK,brighton,0h,372,pressure_msl,0.3664711110972008
UK,brighton,0h,372,surface_pressure,0.3653691607893494
UK,brighton,0h,372,cloud_cover,30.79964739359677
UK,brighton,0h,372,wind_speed_10m,3.855166900142845
UK,brighton,0h,372,wind_gusts_10m,5.989309472467527
UK,brighton,1-6h,1946,temperature_2m,1.102477822183734
UK,brighton,1-6h,1946,relative_humidity_2m,5.165503410915618
UK,brighton,1-6h,1946,dew_point_2m,0.923157591278459
UK,brighton,1-6h,1946,apparent_temperature,1.426849424633006
UK,brighton,1-6h,1946,precipitation,0.4131820718042249
UK,brighton,1-6h,1946,rain,0.4118616397256393
UK,brighton,1-6h,1946,showers,0.01869317356480559
UK,brighton,1-6h,1946,snowfall,0.013833542802724837
UK,brighton,1-6h,1946,snow_depth,0
UK,brighton,1-6h,1946,weather_code,22.908975787540594
UK,brighton,1-6h,1946,pressure_msl,0.42669166379327134
UK,brighton,1-6h,1946,surface_pressure,0.42649892857309274
UK,brighton,1-6h,1946,cloud_cover,30.729131907529364
UK,brighton,1-6h,1946,wind_speed_10m,4.122428813416371
UK,brighton,1-6h,1946,wind_gusts_10m,6.5202104960377865
UK,brighton,13-18h,840,temperature_2m,1.1679448780208928
UK,brighton,13-18h,840,relative_humidity_2m,5.559847548440943
UK,brighton,13-18h,840,dew_point_2m,0.9207010786300167
UK,brighton,13-18h,840,apparent_temperature,1.5232015156054886
UK,brighton,13-18h,840,precipitation,0.5011890623212724
UK,brighton,13-18h,840,rain,0.4907962432425012
UK,brighton,13-18h,840,showers,0.018898223650461364
UK,brighton,13-18h,840,snowfall,0.01707825127659933
UK,brighton,13-18h,840,snow_depth,0
UK,brighton,13-18h,840,weather_code,21.769408417711833
UK,brighton,13-18h,840,pressure_msl,0.6841922592510438
UK,brighton,13-18h,840,surface_pressure,0.6879403351758837
UK,brighton,13-18h,840,cloud_cover,32.816372220498195
UK,brighton,13-18h,840,wind_speed_10m,4.590219934558588
UK,brighton,13-18h,840,wind_gusts_10m,7.246140187648016
UK,brighton,19-24h,188,temperature_2m,1.3141618152251056
UK,brighton,19-24h,188,relative_humidity_2m,5.635185813168557
UK,brighton,19-24h,188,dew_point_2m,0.9952012519661004
UK,brighton,19-24h,188,apparent_temperature,1.6304613627188929
UK,brighton,19-24h,188,precipitation,0.5563941661134725
UK,brighton,19-24h,188,rain,0.5624793140404403
UK,brighton,19-24h,188,showers,0.014586499149789458
UK,brighton,19-24h,188,snowfall,0
UK,brighton,19-24h,188,snow_depth,0
UK,brighton,19-24h,188,weather_code,23.441189425925632
UK,brighton,19-24h,188,pressure_msl,0.7879410281422046
UK,brighton,19-24h,188,surface_pressure,0.7890203999196536
UK,brighton,19-24h,188,cloud_cover,31.97322683187534
UK,brighton,19-24h,188,wind_speed_10m,4.306896992281991
UK,brighton,19-24h,188,wind_gusts_10m,6.7606495973925025
UK,brighton,7-12h,1386,temperature_2m,0.9378754659390497
UK,brighton,7-12h,1386,relative_humidity_2m,5.348193583180643
UK,brighton,7-12h,1386,dew_point_2m,0.8591666824123175
UK,brighton,7-12h,1386,apparent_temperature,1.2709201765799831
UK,brighton,7-12h,1386,precipitation,0.42450208503848386
UK,brighton,7-12h,1386,rain,0.4206776639776552
UK,brighton,7-12h,1386,showers,0.013696356726888636
UK,brighton,7-12h,1386,snowfall,0.01431958466752807
UK,brighton,7-12h,1386,snow_depth,0
UK,brighton,7-12h,1386,weather_code,21.06712970064868
UK,brighton,7-12h,1386,pressure_msl,0.6425845181101548
UK,brighton,7-12h,1386,surface_pressure,0.6423037541180304
UK,brighton,7-12h,1386,cloud_cover,31.446351392061622
UK,brighton,7-12h,1386,wind_speed_10m,4.4631099750455006
UK,brighton,7-12h,1386,wind_gusts_10m,7.236280246352528
UK,edinburgh,0h,372,temperature_2m,0.8539912618222842
UK,edinburgh,0h,372,relative_humidity_2m,5.926067799974319
UK,edinburgh,0h,372,dew_point_2m,0.9241386573802203
UK,edinburgh,0h,372,apparent_temperature,1.2915773468943905
UK,edinburgh,0h,372,precipitation,0.48659448573569664
UK,edinburgh,0h,372,rain,0.48287891133363103
UK,edinburgh,0h,372,showers,0.007332355751067665
UK,edinburgh,0h,372,snowfall,0.021162454072379967
UK,edinburgh,0h,372,snow_depth,0.0010369516947304252
UK,edinburgh,0h,372,weather_code,21.310555716504357
UK,edinburgh,0h,372,pressure_msl,0.4940506264598541
UK,edinburgh,0h,372,surface_pressure,0.4885792437459403
UK,edinburgh,0h,372,cloud_cover,27.725808015412767
UK,edinburgh,0h,372,wind_speed_10m,7.743141259149272
UK,edinburgh,0h,372,wind_gusts_10m,13.639817581474981
UK,edinburgh,1-6h,1946,temperature_2m,0.8269360477888116
UK,edinburgh,1-6h,1946,relative_humidity_2m,6.28633324057123
UK,edinburgh,1-6h,1946,dew_point_2m,0.9986373038008602
UK,edinburgh,1-6h,1946,apparent_temperature,1.2351273490394923
UK,edinburgh,1-6h,1946,precipitation,0.4013082408994012
UK,edinburgh,1-6h,1946,rain,0.3981070316298037
UK,edinburgh,1-6h,1946,showers,0.004533760534452781
UK,edinburgh,1-6h,1946,snowfall,0.019304452090219942
UK,edinburgh,1-6h,1946,snow_depth,0.0012416214575232329
UK,edinburgh,1-6h,1946,weather_code,20.121572946510085
UK,edinburgh,1-6h,1946,pressure_msl,0.49335773020052176
UK,edinburgh,1-6h,1946,surface_pressure,0.49031734590128156
UK,edinburgh,1-6h,1946,cloud_cover,28.75760768909681
UK,edinburgh,1-6h,1946,wind_speed_10m,7.460627727227478
UK,edinburgh,1-6h,1946,wind_gusts_10m,13.447674086437633
UK,edinburgh,13-18h,840,temperature_2m,0.8644844320942588
UK,edinburgh,13-18h,840,relative_humidity_2m,6.4140842051282885
UK,edinburgh,13-18h,840,dew_point_2m,1.095651578263994
UK,edinburgh,13-18h,840,apparent_temperature,1.3362082101799784
UK,edinburgh,13-18h,840,precipitation,0.5762563913497434
UK,edinburgh,13-18h,840,rain,0.5706929789216582
UK,edinburgh,13-18h,840,showers,0
UK,edinburgh,13-18h,840,snowfall,0.026457513110645904
UK,edinburgh,13-18h,840,snow_depth,0.0014638501094227999
UK,edinburgh,13-18h,840,weather_code,22.29931666687398
UK,edinburgh,13-18h,840,pressure_msl,0.9393133256850574
UK,edinburgh,13-18h,840,surface_pressure,0.9344848338854452
UK,edinburgh,13-18h,840,cloud_cover,30.15475955482855
UK,edinburgh,13-18h,840,wind_speed_10m,8.148144690956459
UK,edinburgh,13-18h,840,wind_gusts_10m,14.472020624376576
UK,edinburgh,19-24h,188,temperature_2m,0.9888742793831437
UK,edinburgh,19-24h,188,relative_humidity_2m,6.740635742477556
UK,edinburgh,19-24h,188,dew_point_2m,1.3240010284755277
UK,edinburgh,19-24h,188,apparent_temperature,1.3209442141972827
UK,edinburgh,19-24h,188,precipitation,0.4636809247747852
UK,edinburgh,19-24h,188,rain,0.4713042112844612
UK,edinburgh,19-24h,188,showers,0
UK,edinburgh,19-24h,188,snowfall,0
UK,edinburgh,19-24h,188,snow_depth,0.0014586499149789457
UK,edinburgh,19-24h,188,weather_code,21.034166734452924
UK,edinburgh,19-24h,188,pressure_msl,1.071934024644939
UK,edinburgh,19-24h,188,surface_pressure,1.0646146041263658
UK,edinburgh,19-24h,188,cloud_cover,32.71475690187742
UK,edinburgh,19-24h,188,wind_speed_10m,8.339517563473882
UK,edinburgh,19-24h,188,wind_gusts_10m,14.227165355142015
UK,edinburgh,7-12h,1386,temperature_2m,0.7970906694683707
UK,edinburgh,7-12h,1386,relative_humidity_2m,6.158676231893744
UK,edinburgh,7-12h,1386,dew_point_2m,0.9880673338781403
UK,edinburgh,7-12h,1386,apparent_temperature,1.2807938555571308
UK,edinburgh,7-12h,1386,precipitation,0.4002704713271393
UK,edinburgh,7-12h,1386,rain,0.39630326399902016
UK,edinburgh,7-12h,1386,showers,0.011396057645963796
UK,edinburgh,7-12h,1386,snowfall,0.017232808737106583
UK,edinburgh,7-12h,1386,snow_depth,0.0015194743527951727
UK,edinburgh,7-12h,1386,weather_code,20.455456128517042
UK,edinburgh,7-12h,1386,pressure_msl,0.6426069739301983
UK,edinburgh,7-12h,1386,surface_pressure,0.6420116293175144
UK,edinburgh,7-12h,1386,cloud_cover,27.201455694855596
UK,edinburgh,7-12h,1386,wind_speed_10m,7.700849824732853
UK,edinburgh,7-12h,1386,wind_gusts_10m,13.821288241622366
UK,glasgow,0h,372,temperature_2m,1.071377366928008
UK,glasgow,0h,372,relative_humidity_2m,5.253263194772216
UK,glasgow,0h,372,dew_point_2m,0.762282932261509
UK,glasgow,0h,372,apparent_temperature,1.1302773472561636
UK,glasgow,0h,372,precipitation,0.33856115535302994
UK,glasgow,0h,372,rain,0.3380048991182775
UK,glasgow,0h,372,showers,0
UK,glasgow,0h,372,snowfall,0.005132649025747366
UK,glasgow,0h,372,snow_depth,0.001466471150213533
UK,glasgow,0h,372,weather_code,20.446888976497238
UK,glasgow,0h,372,pressure_msl,0.3956755486316345
UK,glasgow,0h,372,surface_pressure,0.3930170042013383
UK,glasgow,0h,372,cloud_cover,29.95740703998161
UK,glasgow,0h,372,wind_speed_10m,3.965252300478699
UK,glasgow,0h,372,wind_gusts_10m,6.010528397146396
UK,glasgow,1-6h,1946,temperature_2m,1.0951026175946676
UK,glasgow,1-6h,1946,relative_humidity_2m,5.449949790918762
UK,glasgow,1-6h,1946,dew_point_2m,0.7847597677723293
UK,glasgow,1-6h,1946,apparent_temperature,1.1323832746826887
UK,glasgow,1-6h,1946,precipitation,0.4257391854875582
UK,glasgow,1-6h,1946,rain,0.42318471520840945
UK,glasgow,1-6h,1946,showers,0
UK,glasgow,1-6h,1946,snowfall,0.01166066992164613
UK,glasgow,1-6h,1946,snow_depth,0.001503678258210104
UK,glasgow,1-6h,1946,weather_code,21.25768103729209
UK,glasgow,1-6h,1946,pressure_msl,0.5164110475093687
UK,glasgow,1-6h,1946,surface_pressure,0.5146467272353524
UK,glasgow,1-6h,1946,cloud_cover,28.68416095015127
UK,glasgow,1-6h,1946,wind_speed_10m,4.185448044596719
UK,glasgow,1-6h,1946,wind_gusts_10m,6.4215960786495945
UK,glasgow,13-18h,840,temperature_2m,1.1343972597186327
UK,glasgow,13-18h,840,relative_humidity_2m,5.769789960689747
UK,glasgow,13-18h,840,dew_point_2m,0.887398552216641
UK,glasgow,13-18h,840,apparent_temperature,1.2648922408459864
UK,glasgow,13-18h,840,precipitation,0.441237437430774
UK,glasgow,13-18h,840,rain,0.44067048481884535
UK,glasgow,13-18h,840,showers,0
UK,glasgow,13-18h,840,snowfall,0.005916079783099617
UK,glasgow,13-18h,840,snow_depth,0.0012909944487358056
UK,glasgow,13-18h,840,weather_code,21.304984885054036
UK,glasgow,13-18h,840,pressure_msl,1.0204574137774398
UK,glasgow,13-18h,840,surface_pressure,1.016494911331044
UK,glasgow,13-18h,840,cloud_cover,28.771017162613987
UK,glasgow,13-18h,840,wind_speed_10m,4.051443011593582
UK,glasgow,13-18h,840,wind_gusts_10m,6.237286116191728
UK,glasgow,19-24h,188,temperature_2m,1.1798395130676649
UK,glasgow,19-24h,188,relative_humidity_2m,5.070775676111773
UK,glasgow,19-24h,188,dew_point_2m,0.9582230895578034
UK,glasgow,19-24h,188,apparent_temperature,1.3917308984200292
UK,glasgow,19-24h,188,precipitation,0.31924112143804606
UK,glasgow,19-24h,188,rain,0.31924112143804606
UK,glasgow,19-24h,188,showers,0
UK,glasgow,19-24h,188,snowfall,0
UK,glasgow,19-24h,188,snow_depth,0
UK,glasgow,19-24h,188,weather_code,19.73575435599055
UK,glasgow,19-24h,188,pressure_msl,1.2730847107915029
UK,glasgow,19-24h,188,surface_pressure,1.2663820135548798
UK,glasgow,19-24h,188,cloud_cover,30.848117981146327
UK,glasgow,19-24h,188,wind_speed_10m,5.15981815612288
UK,glasgow,19-24h,188,wind_gusts_10m,7.667394353377996
UK,glasgow,7-12h,1386,temperature_2m,1.1032092761895664
UK,glasgow,7-12h,1386,relative_humidity_2m,6.21244851846006
UK,glasgow,7-12h,1386,dew_point_2m,0.8347779685965945
UK,glasgow,7-12h,1386,apparent_temperature,1.1602607061367312
UK,glasgow,7-12h,1386,precipitation,0.4883195556763915
UK,glasgow,7-12h,1386,rain,0.4854595716133277
UK,glasgow,7-12h,1386,showers,0
UK,glasgow,7-12h,1386,snowfall,0.013816985594155149
UK,glasgow,7-12h,1386,snow_depth,0.0016116459280507607
UK,glasgow,7-12h,1386,weather_code,19.761200634198584
UK,glasgow,7-12h,1386,pressure_msl,0.6990614198243736
UK,glasgow,7-12h,1386,surface_pressure,0.693788145864424
UK,glasgow,7-12h,1386,cloud_cover,29.631722208453578
UK,glasgow,7-12h,1386,wind_speed_10m,4.008159066870863
UK,glasgow,7-12h,1386,wind_gusts_10m,6.220071778467909
UK,london,0h,372,temperature_2m,1.0455229694128638
UK,london,0h,372,relative_humidity_2m,6.555798549654795
UK,london,0h,372,dew_point_2m,0.9358453139343613
UK,london,0h,372,apparent_temperature,1.2507202226192784
UK,london,0h,372,precipitation,0.3430570973511709
UK,london,0h,372,rain,0.3277489204234084
UK,london,0h,372,showers,0.03948594414403987
UK,london,0h,372,snowfall,0
UK,london,0h,372,snow_depth,0
UK,london,0h,372,weather_code,21.950090013776784
UK,london,0h,372,pressure_msl,0.2941179633141813
UK,london,0h,372,surface_pressure,0.29720924166878193
UK,london,0h,372,cloud_cover,27.353028571677594
UK,london,0h,372,wind_speed_10m,2.4170985895072317
UK,london,0h,372,wind_gusts_10m,4.509041096830148
UK,london,1-6h,1946,temperature_2m,1.0123898440324768
UK,london,1-6h,1946,relative_humidity_2m,6.791491563473502
UK,london,1-6h,1946,dew_point_2m,0.8823145307319843
UK,london,1-6h,1946,apparent_temperature,1.2105650027566799
UK,london,1-6h,1946,precipitation,0.3908774749344092
UK,london,1-6h,1946,rain,0.38975840409962914
UK,london,1-6h,1946,showers,0.025646822545500058
UK,london,1-6h,1946,snowfall,0.036600114006977366
UK,london,1-6h,1946,snow_depth,4.5337605344527806e-4
UK,london,1-6h,1946,weather_code,19.017950086383678
UK,london,1-6h,1946,pressure_msl,0.3723898541775118
UK,london,1-6h,1946,surface_pressure,0.3722518348798672
UK,london,1-6h,1946,cloud_cover,29.335287548968704
UK,london,1-6h,1946,wind_speed_10m,2.50948253019882
UK,london,1-6h,1946,wind_gusts_10m,4.974591143006852
UK,london,13-18h,840,temperature_2m,1.1137452901936653
UK,london,13-18h,840,relative_humidity_2m,6.909620622209091
UK,london,13-18h,840,dew_point_2m,0.8548043496558007
UK,london,13-18h,840,apparent_temperature,1.26373407389522
UK,london,13-18h,840,precipitation,0.42127923100503123
UK,london,13-18h,840,rain,0.4218722442590772
UK,london,13-18h,840,showers,0.033094381626464865
UK,london,13-18h,840,snowfall,0
UK,london,13-18h,840,snow_depth,0
UK,london,13-18h,840,weather_code,18.793869314473906
UK,london,13-18h,840,pressure_msl,0.7301663215616393
UK,london,13-18h,840,surface_pressure,0.7293833011524177
UK,london,13-18h,840,cloud_cover,33.19279898956858
UK,london,13-18h,840,wind_speed_10m,2.5695283984568436
UK,london,13-18h,840,wind_gusts_10m,5.537845979732381
UK,london,19-24h,188,temperature_2m,1.1490514126600995
UK,london,19-24h,188,relative_humidity_2m,5.767664817481033
UK,london,19-24h,188,dew_point_2m,0.7617868133120775
UK,london,19-24h,188,apparent_temperature,1.4152287237141323
UK,london,19-24h,188,precipitation,0.3687240795073067
UK,london,19-24h,188,rain,0.37812527474932867
UK,london,19-24h,188,showers,0.010314212462587935
UK,london,19-24h,188,snowfall,0
UK,london,19-24h,188,snow_depth,0
UK,london,19-24h,188,weather_code,17.761421258063304
UK,london,19-24h,188,pressure_msl,0.7973359899384154
UK,london,19-24h,188,surface_pressure,0.7971358302791863
UK,london,19-24h,188,cloud_cover,28.95851765337534
UK,london,19-24h,188,wind_speed_10m,3.22183375827454
UK,london,19-24h,188,wind_gusts_10m,6.757147516015282
UK,london,7-12h,1386,temperature_2m,1.0242443453963899
UK,london,7-12h,1386,relative_humidity_2m,8.175033261777521
UK,london,7-12h,1386,dew_point_2m,0.9945740239808645
UK,london,7-12h,1386,apparent_temperature,1.131071080578842
UK,london,7-12h,1386,precipitation,0.3682962606952936
UK,london,7-12h,1386,rain,0.365365657242253
UK,london,7-12h,1386,showers,0.017407765595569783
UK,london,7-12h,1386,snowfall,0.026590801173915518
UK,london,7-12h,1386,snow_depth,5.372153093502536e-4
UK,london,7-12h,1386,weather_code,20.481892893674072
UK,london,7-12h,1386,pressure_msl,0.5911443643067749
UK,london,7-12h,1386,surface_pressure,0.5901549188838657
UK,london,7-12h,1386,cloud_cover,29.912016243120686
UK,london,7-12h,1386,wind_speed_10m,2.521955538914146
UK,london,7-12h,1386,wind_gusts_10m,5.3686815609366985
UK,manchester,0h,372,temperature_2m,0.7181218035481048
UK,manchester,0h,372,relative_humidity_2m,5.778622077820938
UK,manchester,0h,372,dew_point_2m,0.8952382995064643
UK,manchester,0h,372,apparent_temperature,0.8423278037867789
UK,manchester,0h,372,precipitation,0.5539205330995117
UK,manchester,0h,372,rain,0.5453616734229769
UK,manchester,0h,372,showers,0.007332355751067665
UK,manchester,0h,372,snowfall,0.04619384123172629
UK,manchester,0h,372,snow_depth,7.332355751067665e-4
UK,manchester,0h,372,weather_code,20.816014306607862
UK,manchester,0h,372,pressure_msl,0.37250965203631836
UK,manchester,0h,372,surface_pressure,0.3711360067197321
UK,manchester,0h,372,cloud_cover,22.619693579586983
UK,manchester,0h,372,wind_speed_10m,2.629986303574459
UK,manchester,0h,372,wind_gusts_10m,5.5496294558082155
UK,manchester,1-6h,1946,temperature_2m,0.7430804471075705
UK,manchester,1-6h,1946,relative_humidity_2m,5.964437259215335
UK,manchester,1-6h,1946,dew_point_2m,0.92501493002034
UK,manchester,1-6h,1946,apparent_temperature,0.8508686088444901
UK,manchester,1-6h,1946,precipitation,0.6447909705349891
UK,manchester,1-6h,1946,rain,0.6413067979089206
UK,manchester,1-6h,1946,showers,0.01570540719004569
UK,manchester,1-6h,1946,snowfall,0.00839664201465694
UK,manchester,1-6h,1946,snow_depth,6.411705636375014e-4
UK,manchester,1-6h,1946,weather_code,22.2708728613444
UK,manchester,1-6h,1946,pressure_msl,0.45789859166267566
UK,manchester,1-6h,1946,surface_pressure,0.4563360042973701
UK,manchester,1-6h,1946,cloud_cover,24.118370306224264
UK,manchester,1-6h,1946,wind_speed_10m,3.011422243060919
UK,manchester,1-6h,1946,wind_gusts_10m,6.51520949617385
UK,manchester,13-18h,840,temperature_2m,0.8713973452641071
UK,manchester,13-18h,840,relative_humidity_2m,6.2381315884073585
UK,manchester,13-18h,840,dew_point_2m,1.0170686168733019
UK,manchester,13-18h,840,apparent_temperature,0.9973655775281676
UK,manchester,13-18h,840,precipitation,0.7051173492337827
UK,manchester,13-18h,840,rain,0.7030037593884443
UK,manchester,13-18h,840,showers,0.015430334996209192
UK,manchester,13-18h,840,snowfall,0.012780193008453877
UK,manchester,13-18h,840,snow_depth,0
UK,manchester,13-18h,840,weather_code,22.483327155917117
UK,manchester,13-18h,840,pressure_msl,0.8940544353300531
UK,manchester,13-18h,840,surface_pressure,0.8894888848043436
UK,manchester,13-18h,840,cloud_cover,25.439377051372638
UK,manchester,13-18h,840,wind_speed_10m,3.4401515747337146
UK,manchester,13-18h,840,wind_gusts_10m,7.571101071084141
UK,manchester,19-24h,188,temperature_2m,0.8655339023806132
UK,manchester,19-24h,188,relative_humidity_2m,6.067001783277954
UK,manchester,19-24h,188,dew_point_2m,1.136249897596138
UK,manchester,19-24h,188,apparent_temperature,0.9503638720835836
UK,manchester,19-24h,188,precipitation,0.34456262747912625
UK,manchester,19-24h,188,rain,0.34456262747912625
UK,manchester,19-24h,188,showers,0
UK,manchester,19-24h,188,snowfall,0
UK,manchester,19-24h,188,snow_depth,0
UK,manchester,19-24h,188,weather_code,22.408442557936517
UK,manchester,19-24h,188,pressure_msl,0.9866125152860804
UK,manchester,19-24h,188,surface_pressure,0.9776219519073156
UK,manchester,19-24h,188,cloud_cover,29.255114119204176
UK,manchester,19-24h,188,wind_speed_10m,3.7421549145185478
UK,manchester,19-24h,188,wind_gusts_10m,7.977614958465463
UK,manchester,7-12h,1386,temperature_2m,0.7950242084763784
UK,manchester,7-12h,1386,relative_humidity_2m,6.709924591460624
UK,manchester,7-12h,1386,dew_point_2m,1.0086709212706726
UK,manchester,7-12h,1386,apparent_temperature,0.8811149961064313
UK,manchester,7-12h,1386,precipitation,0.6543339805886274
UK,manchester,7-12h,1386,rain,0.6511062846720141
UK,manchester,7-12h,1386,showers,0.017407765595569787
UK,manchester,7-12h,1386,snowfall,0.00994936676326182
UK,manchester,7-12h,1386,snow_depth,5.372153093502536e-4
UK,manchester,7-12h,1386,weather_code,21.78363366214864
UK,manchester,7-12h,1386,pressure_msl,0.7372778604967388
UK,manchester,7-12h,1386,surface_pressure,0.7349549170926951
UK,manchester,7-12h,1386,cloud_cover,25.164996647666303
UK,manchester,7-12h,1386,wind_speed_10m,3.2511536414017717
UK,manchester,7-12h,1386,wind_gusts_10m,7.0904962509782825
USA,atlanta,0h,372,temperature_2m,0.844367804482923
USA,atlanta,0h,372,relative_humidity_2m,9.103939830101444
USA,atlanta,0h,372,dew_point_2m,2.1165248449651703
USA,atlanta,0h,372,apparent_temperature,0.987420882906575
USA,atlanta,0h,372,precipitation,0.5006447455934423
USA,atlanta,0h,372,rain,0.5006447455934423
USA,atlanta,0h,372,showers,0
USA,atlanta,0h,372,snowfall,0
USA,atlanta,0h,372,snow_depth,0.0010369516947304252
USA,atlanta,0h,372,weather_code,14.71704446719729
USA,atlanta,0h,372,pressure_msl,2.1513936468382266
USA,atlanta,0h,372,surface_pressure,2.059165192577459
USA,atlanta,0h,372,cloud_cover,29.119885678612885
USA,atlanta,0h,372,wind_speed_10m,3.262313316044768
USA,atlanta,0h,372,wind_gusts_10m,7.266449636691955
USA,atlanta,1-6h,1946,temperature_2m,1.1314344368508882
USA,atlanta,1-6h,1946,relative_humidity_2m,10.128161262798992
USA,atlanta,1-6h,1946,dew_point_2m,2.3664123695098818
USA,atlanta,1-6h,1946,apparent_temperature,1.1850733170149959
USA,atlanta,1-6h,1946,precipitation,0.44382250648900967
USA,atlanta,1-6h,1946,rain,0.44382250648900967
USA,atlanta,1-6h,1946,showers,0
USA,atlanta,1-6h,1946,snowfall,0
USA,atlanta,1-6h,1946,snow_depth,7.168504827326541e-4
USA,atlanta,1-6h,1946,weather_code,14.65765552074584
USA,atlanta,1-6h,1946,pressure_msl,1.7666314384330473
USA,atlanta,1-6h,1946,surface_pressure,1.6834940174785047
USA,atlanta,1-6h,1946,cloud_cover,30.660123376588455
USA,atlanta,1-6h,1946,wind_speed_10m,3.171800530024082
USA,atlanta,1-6h,1946,wind_gusts_10m,6.590490361617836
USA,atlanta,13-18h,840,temperature_2m,1.4648988263455505
USA,atlanta,13-18h,840,relative_humidity_2m,11.636969004815972
USA,atlanta,13-18h,840,dew_point_2m,3.168847619892007
USA,atlanta,13-18h,840,apparent_temperature,1.538745623954166
USA,atlanta,13-18h,840,precipitation,0.43445998226588856
USA,atlanta,13-18h,840,rain,0.43445998226588856
USA,atlanta,13-18h,840,showers,0
USA,atlanta,13-18h,840,snowfall,0
USA,atlanta,13-18h,840,snow_depth,0
USA,atlanta,13-18h,840,weather_code,13.869373591100782
USA,atlanta,13-18h,840,pressure_msl,1.2859774862874098
USA,atlanta,13-18h,840,surface_pressure,1.2283651543335783
USA,atlanta,13-18h,840,cloud_cover,33.89454935812654
USA,atlanta,13-18h,840,wind_speed_10m,3.9486797070123867
USA,atlanta,13-18h,840,wind_gusts_10m,7.430886315142456
USA,atlanta,19-24h,188,temperature_2m,1.5130988352075296
USA,atlanta,19-24h,188,relative_humidity_2m,15.070755109630973
USA,atlanta,19-24h,188,dew_point_2m,4.472076484711144
USA,atlanta,19-24h,188,apparent_temperature,1.5740921057698016
USA,atlanta,19-24h,188,precipitation,0.3767159322580096
USA,atlanta,19-24h,188,rain,0.3767159322580096
USA,atlanta,19-24h,188,showers,0
USA,atlanta,19-24h,188,snowfall,0
USA,atlanta,19-24h,188,snow_depth,0
USA,atlanta,19-24h,188,weather_code,13.10432769184742
USA,atlanta,19-24h,188,pressure_msl,1.2276512776739452
USA,atlanta,19-24h,188,surface_pressure,1.1831260431765274
USA,atlanta,19-24h,188,cloud_cover,39.47056538630899
USA,atlanta,19-24h,188,wind_speed_10m,3.264590815322705
USA,atlanta,19-24h,188,wind_gusts_10m,6.83239311988712
USA,atlanta,7-12h,1386,temperature_2m,1.2521900007506042
USA,atlanta,7-12h,1386,relative_humidity_2m,10.472185381603339
USA,atlanta,7-12h,1386,dew_point_2m,2.5164451896467748
USA,atlanta,7-12h,1386,apparent_temperature,1.3142300320722309
USA,atlanta,7-12h,1386,precipitation,0.28419781538287425
USA,atlanta,7-12h,1386,rain,0.2826640937561577
USA,atlanta,7-12h,1386,showers,0.02948573162409862
USA,atlanta,7-12h,1386,snowfall,0
USA,atlanta,7-12h,1386,snow_depth,0
USA,atlanta,7-12h,1386,weather_code,15.371165449396713
USA,atlanta,7-12h,1386,pressure_msl,1.5678175748638465
USA,atlanta,7-12h,1386,surface_pressure,1.499360132883628
USA,atlanta,7-12h,1386,cloud_cover,31.93289771865304
USA,atlanta,7-12h,1386,wind_speed_10m,3.6388595330540996
USA,atlanta,7-12h,1386,wind_gusts_10m,7.109125692352619
USA,boston,0h,372,temperature_2m,1.0303981900738797
USA,boston,0h,372,relative_humidity_2m,10.401095889324584
USA,boston,0h,372,dew_point_2m,2.3141105260729704
USA,boston,0h,372,apparent_temperature,0.9571462961627467
USA,boston,0h,372,precipitation,0.1684847078348464
USA,boston,0h,372,rain,0.17536444386489244
USA,boston,0h,372,showers,0
USA,boston,0h,372,snowfall,0.03246172270321178
USA,boston,0h,372,snow_depth,0.01121634751658949
USA,boston,0h,372,weather_code,13.124916794411119
USA,boston,0h,372,pressure_msl,0.7646420203957163
USA,boston,0h,372,surface_pressure,0.7592795113422186
USA,boston,0h,372,cloud_cover,36.44704510346749
USA,boston,0h,372,wind_speed_10m,4.008465504270273
USA,boston,0h,372,wind_gusts_10m,7.982373053791239
USA,boston,1-6h,1946,temperature_2m,1.2259149319383604
USA,boston,1-6h,1946,relative_humidity_2m,9.75843904421453
USA,boston,1-6h,1946,dew_point_2m,2.2543164032679988
USA,boston,1-6h,1946,apparent_temperature,1.2593820569897072
USA,boston,1-6h,1946,precipitation,0.26795253525779367
USA,boston,1-6h,1946,rain,0.26651031730345465
USA,boston,1-6h,1946,showers,0
USA,boston,1-6h,1946,snowfall,0.07553645077499639
USA,boston,1-6h,1946,snow_depth,0.011433709019942897
USA,boston,1-6h,1946,weather_code,13.786620858528531
USA,boston,1-6h,1946,pressure_msl,0.7317635570261564
USA,boston,1-6h,1946,surface_pressure,0.7266686153017352
USA,boston,1-6h,1946,cloud_cover,32.39726429519859
USA,boston,1-6h,1946,wind_speed_10m,3.6758496301667622
USA,boston,1-6h,1946,wind_gusts_10m,7.960301682580745
USA,boston,13-18h,840,temperature_2m,1.4500164202682737
USA,boston,13-18h,840,relative_humidity_2m,10.51518176823623
USA,boston,13-18h,840,dew_point_2m,2.668654021358761
USA,boston,13-18h,840,apparent_temperature,1.7304623659588787
USA,boston,13-18h,840,precipitation,0.29348318683083185
USA,boston,13-18h,840,rain,0.29899832775452106
USA,boston,13-18h,840,showers,0
USA,boston,13-18h,840,snowfall,0.10480594312483293
USA,boston,13-18h,840,snow_depth,0.012601965077301389
USA,boston,13-18h,840,weather_code,14.159045569125464
USA,boston,13-18h,840,pressure_msl,0.950739060891453
USA,boston,13-18h,840,surface_pressure,0.9439910209419583
USA,boston,13-18h,840,cloud_cover,33.500568580818076
USA,boston,13-18h,840,wind_speed_10m,4.930072925182654
USA,boston,13-18h,840,wind_gusts_10m,9.5498229851458
USA,boston,19-24h,188,temperature_2m,1.5294972056619325
USA,boston,19-24h,188,relative_humidity_2m,12.43493705550889
USA,boston,19-24h,188,dew_point_2m,3.4858986447833114
USA,boston,19-24h,188,apparent_temperature,1.8215027698100084
USA,boston,19-24h,188,precipitation,0.25929528062267443
USA,boston,19-24h,188,rain,0.20705637016409786
USA,boston,19-24h,188,showers,0
USA,boston,19-24h,188,snowfall,0.13526569598622668
USA,boston,19-24h,188,snow_depth,0.009565007145952775
USA,boston,19-24h,188,weather_code,20.263687257668476
USA,boston,19-24h,188,pressure_msl,0.9304540186656428
USA,boston,19-24h,188,surface_pressure,0.9336498956565971
USA,boston,19-24h,188,cloud_cover,40.039873743078935
USA,boston,19-24h,188,wind_speed_10m,5.720772154399543
USA,boston,19-24h,188,wind_gusts_10m,10.530861434526214
USA,boston,7-12h,1386,temperature_2m,1.346322016674678
USA,boston,7-12h,1386,relative_humidity_2m,9.652026531336109
USA,boston,7-12h,1386,dew_point_2m,2.4102774175262955
USA,boston,7-12h,1386,apparent_temperature,1.4656677038748647
USA,boston,7-12h,1386,precipitation,0.2961026303104511
USA,boston,7-12h,1386,rain,0.29519969028245463
USA,boston,7-12h,1386,showers,0
USA,boston,7-12h,1386,snowfall,0.08604086414623173
USA,boston,7-12h,1386,snow_depth,0.011559495387859005
USA,boston,7-12h,1386,weather_code,13.537452724298847
USA,boston,7-12h,1386,pressure_msl,0.8105010653367333
USA,boston,7-12h,1386,surface_pressure,0.8060288702537518
USA,boston,7-12h,1386,cloud_cover,30.732425261960085
USA,boston,7-12h,1386,wind_speed_10m,4.0231204102658715
USA,boston,7-12h,1386,wind_gusts_10m,8.892030739837255
USA,chicago,0h,372,temperature_2m,1.5525040474035168
USA,chicago,0h,372,relative_humidity_2m,7.265324922985836
USA,chicago,0h,372,dew_point_2m,2.015717807524132
USA,chicago,0h,372,apparent_temperature,1.523754559300561
USA,chicago,0h,372,precipitation,0.11523701615571759
USA,chicago,0h,372,rain,0.11958710327128592
USA,chicago,0h,372,showers,0
USA,chicago,0h,372,snowfall,0.05259400186578375
USA,chicago,0h,372,snow_depth,0.04875878746276111
USA,chicago,0h,372,weather_code,17.355703100350816
USA,chicago,0h,372,pressure_msl,1.4159042856904371
USA,chicago,0h,372,surface_pressure,1.4342957509088858
USA,chicago,0h,372,cloud_cover,33.94025427446079
USA,chicago,0h,372,wind_speed_10m,3.3350533196879013
USA,chicago,0h,372,wind_gusts_10m,7.248392480294309
USA,chicago,1-6h,1946,temperature_2m,1.8362821592965701
USA,chicago,1-6h,1946,relative_humidity_2m,7.831603826770486
USA,chicago,1-6h,1946,dew_point_2m,2.323060142902822
USA,chicago,1-6h,1946,apparent_temperature,1.8546267246456318
USA,chicago,1-6h,1946,precipitation,0.2179979916367505
USA,chicago,1-6h,1946,rain,0.16478208226366428
USA,chicago,1-6h,1946,showers,0
USA,chicago,1-6h,1946,snowfall,0.07306250403868511
USA,chicago,1-6h,1946,snow_depth,0.04884903438481543
USA,chicago,1-6h,1946,weather_code,17.506745139671338
USA,chicago,1-6h,1946,pressure_msl,1.3756807153649138
USA,chicago,1-6h,1946,surface_pressure,1.3769725643453885
USA,chicago,1-6h,1946,cloud_cover,28.31695514373921
USA,chicago,1-6h,1946,wind_speed_10m,3.5000822189726266
USA,chicago,1-6h,1946,wind_gusts_10m,7.7788953421479095
USA,chicago,13-18h,840,temperature_2m,1.244196049472835
USA,chicago,13-18h,840,relative_humidity_2m,9.2045537384389
USA,chicago,13-18h,840,dew_point_2m,1.978010063049177
USA,chicago,13-18h,840,apparent_temperature,1.308579746282569
USA,chicago,13-18h,840,precipitation,0.4602980400939002
USA,chicago,13-18h,840,rain,0.45610592963435487
USA,chicago,13-18h,840,showers,0
USA,chicago,13-18h,840,snowfall,0.051722703866272264
USA,chicago,13-18h,840,snow_depth,0.046736342542883204
USA,chicago,13-18h,840,weather_code,19.794479749956263
USA,chicago,13-18h,840,pressure_msl,1.4346975788845313
USA,chicago,13-18h,840,surface_pressure,1.3738285052745018
USA,chicago,13-18h,840,cloud_cover,28.57063094124721
USA,chicago,13-18h,840,wind_speed_10m,3.399226102400088
USA,chicago,13-18h,840,wind_gusts_10m,7.8771368982826315
USA,chicago,19-24h,188,temperature_2m,1.2570651399022432
USA,chicago,19-24h,188,relative_humidity_2m,9.060083133337063
USA,chicago,19-24h,188,dew_point_2m,2.0631776771910784
USA,chicago,19-24h,188,apparent_temperature,1.3770922186707049
USA,chicago,19-24h,188,precipitation,0.14028845663072137
USA,chicago,19-24h,188,rain,0.11392420025725579
USA,chicago,19-24h,188,showers,0
USA,chicago,19-24h,188,snowfall,0.05997339835825796
USA,chicago,19-24h,188,snow_depth,0.04418288876448062
USA,chicago,19-24h,188,weather_code,25.991201457252593
USA,chicago,19-24h,188,pressure_msl,1.707804363702363
USA,chicago,19-24h,188,surface_pressure,1.6814697218599872
USA,chicago,19-24h,188,cloud_cover,29.613108080928722
USA,chicago,19-24h,188,wind_speed_10m,2.7790247791993967
USA,chicago,19-24h,188,wind_gusts_10m,6.950922179749689
USA,chicago,7-12h,1386,temperature_2m,1.7384913265104582
USA,chicago,7-12h,1386,relative_humidity_2m,8.000450925242589
USA,chicago,7-12h,1386,dew_point_2m,2.233856629265952
USA,chicago,7-12h,1386,apparent_temperature,1.7624756299933189
USA,chicago,7-12h,1386,precipitation,0.31340885154237147
USA,chicago,7-12h,1386,rain,0.2554174920362645
USA,chicago,7-12h,1386,showers,0
USA,chicago,7-12h,1386,snowfall,0.08930709700666334
USA,chicago,7-12h,1386,snow_depth,0.04828965035999259
USA,chicago,7-12h,1386,weather_code,17.177118240653495
USA,chicago,7-12h,1386,pressure_msl,1.4136114240827506
USA,chicago,7-12h,1386,surface_pressure,1.4002421971495542
USA,chicago,7-12h,1386,cloud_cover,26.785126496677247
USA,chicago,7-12h,1386,wind_speed_10m,3.4686578530589176
USA,chicago,7-12h,1386,wind_gusts_10m,7.596501815101464
USA,cleveland,0h,372,temperature_2m,2.0537534481544886
USA,cleveland,0h,372,relative_humidity_2m,9.565563234854496
USA,cleveland,0h,372,dew_point_2m,2.6572785010717386
USA,cleveland,0h,372,apparent_temperature,1.7530158345345979
USA,cleveland,0h,372,precipitation,0.2227636772770159
USA,cleveland,0h,372,rain,0.12572371141874242
USA,cleveland,0h,372,showers,0
USA,cleveland,0h,372,snowfall,0.13608781162587
USA,cleveland,0h,372,snow_depth,0.04147806778921701
USA,cleveland,0h,372,weather_code,28.339436407839493
USA,cleveland,0h,372,pressure_msl,1.182852393558149
USA,cleveland,0h,372,surface_pressure,1.2597789531313335
USA,cleveland,0h,372,cloud_cover,30.04834813773382
USA,cleveland,0h,372,wind_speed_10m,9.218258529818995
USA,cleveland,0h,372,wind_gusts_10m,7.19335864545558
USA,cleveland,1-6h,1944,temperature_2m,2.1067425560639497
USA,cleveland,1-6h,1944,relative_humidity_2m,9.809187765001417
USA,cleveland,1-6h,1944,dew_point_2m,2.685918163049802
USA,cleveland,1-6h,1944,apparent_temperature,1.8206632897971045
USA,cleveland,1-6h,1944,precipitation,0.3341040472716429
USA,cleveland,1-6h,1944,rain,0.25966898840465075
USA,cleveland,1-6h,1944,showers,0
USA,cleveland,1-6h,1944,snowfall,0.14272805013835332
USA,cleveland,1-6h,1944,snow_depth,0.04206721057737626
USA,cleveland,1-6h,1944,weather_code,26.24479176237079
USA,cleveland,1-6h,1944,pressure_msl,1.2153298930624548
USA,cleveland,1-6h,1944,surface_pressure,1.2705714666447745
USA,cleveland,1-6h,1944,cloud_cover,29.38230690139453
USA,cleveland,1-6h,1944,wind_speed_10m,9.067427459910597
USA,cleveland,1-6h,1944,wind_gusts_10m,7.009296442975885
USA,cleveland,13-18h,840,temperature_2m,1.6554527506165222
USA,cleveland,13-18h,840,relative_humidity_2m,10.917548128717232
USA,cleveland,13-18h,840,dew_point_2m,2.4390669566552736
USA,cleveland,13-18h,840,apparent_temperature,1.650642010739775
USA,cleveland,13-18h,840,precipitation,0.4500523779041089
USA,cleveland,13-18h,840,rain,0.3982123745416448
USA,cleveland,13-18h,840,showers,0
USA,cleveland,13-18h,840,snowfall,0.1401665675782448
USA,cleveland,13-18h,840,snow_depth,0.0436381222589345
USA,cleveland,13-18h,840,weather_code,27.241862043903087
USA,cleveland,13-18h,840,pressure_msl,1.4233344485330761
USA,cleveland,13-18h,840,surface_pressure,1.41107017813397
USA,cleveland,13-18h,840,cloud_cover,28.59699451407604
USA,cleveland,13-18h,840,wind_speed_10m,7.636210728215552
USA,cleveland,13-18h,840,wind_gusts_10m,7.952138077272049
USA,cleveland,19-24h,188,temperature_2m,2.0860988736486816
USA,cleveland,19-24h,188,relative_humidity_2m,11.284521502124708
USA,cleveland,19-24h,188,dew_point_2m,2.5518662340717913
USA,cleveland,19-24h,188,apparent_temperature,1.7049053134000065
USA,cleveland,19-24h,188,precipitation,0.8012623019933889
USA,cleveland,19-24h,188,rain,0.7884134351219866
USA,cleveland,19-24h,188,showers,0
USA,cleveland,19-24h,188,snowfall,0.09302253215948113
USA,cleveland,19-24h,188,snow_depth,0.046264733133509955
USA,cleveland,19-24h,188,weather_code,26.266028541048016
USA,cleveland,19-24h,188,pressure_msl,1.6558407262289159
USA,cleveland,19-24h,188,surface_pressure,1.6923482363838414
USA,cleveland,19-24h,188,cloud_cover,31.22975940253824
USA,cleveland,19-24h,188,wind_speed_10m,9.104815186178579
USA,cleveland,19-24h,188,wind_gusts_10m,7.995956424902287
USA,cleveland,7-12h,1386,temperature_2m,1.9553493430563893
USA,cleveland,7-12h,1386,relative_humidity_2m,10.300604501797606
USA,cleveland,7-12h,1386,dew_point_2m,2.5399520509955344
USA,cleveland,7-12h,1386,apparent_temperature,1.791667421725402
USA,cleveland,7-12h,1386,precipitation,0.3943959891380695
USA,cleveland,7-12h,1386,rain,0.33666066601312966
USA,cleveland,7-12h,1386,showers,0
USA,cleveland,7-12h,1386,snowfall,0.14809906594348707
USA,cleveland,7-12h,1386,snow_depth,0.042194492299057
USA,cleveland,7-12h,1386,weather_code,26.302135061669592
USA,cleveland,7-12h,1386,pressure_msl,1.3247341751916228
USA,cleveland,7-12h,1386,surface_pressure,1.3483622688583343
USA,cleveland,7-12h,1386,cloud_cover,28.28141410605884
USA,cleveland,7-12h,1386,wind_speed_10m,8.423719345933103
USA,cleveland,7-12h,1386,wind_gusts_10m,7.8986975381655675
USA,dallas,0h,372,temperature_2m,1.0873910772296735
USA,dallas,0h,372,relative_humidity_2m,8.388420077574171
USA,dallas,0h,372,dew_point_2m,1.8053385587828
USA,dallas,0h,372,apparent_temperature,1.0924964014113612
USA,dallas,0h,372,precipitation,2.3098200832974634
USA,dallas,0h,372,rain,2.3025932085088257
USA,dallas,0h,372,showers,0
USA,dallas,0h,372,snowfall,0.09238768246345258
USA,dallas,0h,372,snow_depth,0.010801234497346433
USA,dallas,0h,372,weather_code,15.465883369115932
USA,dallas,0h,372,pressure_msl,1.2749024841477206
USA,dallas,0h,372,surface_pressure,1.2672890378190558
USA,dallas,0h,372,cloud_cover,28.820915344421707
USA,dallas,0h,372,wind_speed_10m,3.2357213219185423
USA,dallas,0h,372,wind_gusts_10m,6.928013105602345
USA,dallas,1-6h,1944,temperature_2m,1.0995696876243846
USA,dallas,1-6h,1944,relative_humidity_2m,8.466771166848053
USA,dallas,1-6h,1944,dew_point_2m,1.7571019911796264
USA,dallas,1-6h,1944,apparent_temperature,1.081555996925539
USA,dallas,1-6h,1944,precipitation,1.7582375200622733
USA,dallas,1-6h,1944,rain,1.7539373695478115
USA,dallas,1-6h,1944,showers,0
USA,dallas,1-6h,1944,snowfall,0.05662307691662625
USA,dallas,1-6h,1944,snow_depth,0.01061387398585711
USA,dallas,1-6h,1944,weather_code,15.129788294195015
USA,dallas,1-6h,1944,pressure_msl,1.1329111414056168
USA,dallas,1-6h,1944,surface_pressure,1.1193628772783228
USA,dallas,1-6h,1944,cloud_cover,27.11323610372729
USA,dallas,1-6h,1944,wind_speed_10m,3.8040453883822716
USA,dallas,1-6h,1944,wind_gusts_10m,7.288025016558005
USA,dallas,13-18h,840,temperature_2m,1.2782149010762365
USA,dallas,13-18h,840,relative_humidity_2m,8.643329384973296
USA,dallas,13-18h,840,dew_point_2m,2.353381558928505
USA,dallas,13-18h,840,apparent_temperature,1.417148377485408
USA,dallas,13-18h,840,precipitation,0.6866069090964987
USA,dallas,13-18h,840,rain,0.6161385125656946
USA,dallas,13-18h,840,showers,0
USA,dallas,13-18h,840,snowfall,0.14639802236499286
USA,dallas,13-18h,840,snow_depth,0.008106434833777775
USA,dallas,13-18h,840,weather_code,15.995386239549857
USA,dallas,13-18h,840,pressure_msl,0.9249581715124314
USA,dallas,13-18h,840,surface_pressure,0.8886854926023645
USA,dallas,13-18h,840,cloud_cover,29.494349741377018
USA,dallas,13-18h,840,wind_speed_10m,4.455216311353735
USA,dallas,13-18h,840,wind_gusts_10m,7.9966317313991055
USA,dallas,19-24h,186,temperature_2m,1.3902889001234426
USA,dallas,19-24h,186,relative_humidity_2m,9.705890019738984
USA,dallas,19-24h,186,dew_point_2m,2.6438404780013256
USA,dallas,19-24h,186,apparent_temperature,1.5547360872750295
USA,dallas,19-24h,186,precipitation,0.5444737026737158
USA,dallas,19-24h,186,rain,0.5444737026737158
USA,dallas,19-24h,186,showers,0
USA,dallas,19-24h,186,snowfall,0
USA,dallas,19-24h,186,snow_depth,0.006878359394287946
USA,dallas,19-24h,186,weather_code,15.441530371535515
USA,dallas,19-24h,186,pressure_msl,0.8118080179848672
USA,dallas,19-24h,186,surface_pressure,0.7750823750879908
USA,dallas,19-24h,186,cloud_cover,31.913862562465138
USA,dallas,19-24h,186,wind_speed_10m,3.6683769227427856
USA,dallas,19-24h,186,wind_gusts_10m,7.0163480376151695
USA,dallas,7-12h,1386,temperature_2m,1.0879836918394106
USA,dallas,7-12h,1386,relative_humidity_2m,8.06977150365561
USA,dallas,7-12h,1386,dew_point_2m,1.9082451916354228
USA,dallas,7-12h,1386,apparent_temperature,1.1584559560122265
USA,dallas,7-12h,1386,precipitation,1.9965735439261727
USA,dallas,7-12h,1386,rain,1.9936551594147107
USA,dallas,7-12h,1386,showers,0
USA,dallas,7-12h,1386,snowfall,0.0585601650381292
USA,dallas,7-12h,1386,snow_depth,0.009466276438515284
USA,dallas,7-12h,1386,weather_code,15.681810862243937
USA,dallas,7-12h,1386,pressure_msl,0.9024097929119753
USA,dallas,7-12h,1386,surface_pressure,0.8779732005231922
USA,dallas,7-12h,1386,cloud_cover,28.280878359910975
USA,dallas,7-12h,1386,wind_speed_10m,4.199532716395365
USA,dallas,7-12h,1386,wind_gusts_10m,8.00541032780922
USA,denver,0h,372,temperature_2m,2.470590456611754
USA,denver,0h,372,relative_humidity_2m,13.79905715962593
USA,denver,0h,372,dew_point_2m,3.078602881003773
USA,denver,0h,372,apparent_temperature,2.3168503833706504
USA,denver,0h,372,precipitation,0.071089826563723
USA,denver,0h,372,rain,0.048637345711392006
USA,denver,0h,372,showers,0
USA,denver,0h,372,snowfall,0.028112676511587463
USA,denver,0h,372,snow_depth,0.016412033350858064
USA,denver,0h,372,weather_code,11.26513319079946
USA,denver,0h,372,pressure_msl,4.052518133926909
USA,denver,0h,372,surface_pressure,3.5050807976207117
USA,denver,0h,372,cloud_cover,40.65630927508015
USA,denver,0h,372,wind_speed_10m,6.771878124518584
USA,denver,0h,372,wind_gusts_10m,10.900739838756728
USA,denver,1-6h,1944,temperature_2m,2.7048919256077695
USA,denver,1-6h,1944,relative_humidity_2m,14.410037368262877
USA,denver,1-6h,1944,dew_point_2m,3.6100240529048335
USA,denver,1-6h,1944,apparent_temperature,2.504411745161009
USA,denver,1-6h,1944,precipitation,0.0807628240272464
USA,denver,1-6h,1944,rain,0.05480980958129164
USA,denver,1-6h,1944,showers,0
USA,denver,1-6h,1944,snowfall,0.034638046115263596
USA,denver,1-6h,1944,snow_depth,0.016570711432109822
USA,denver,1-6h,1944,weather_code,12.044627236551976
USA,denver,1-6h,1944,pressure_msl,4.042686329311445
USA,denver,1-6h,1944,surface_pressure,3.327497978715223
USA,denver,1-6h,1944,cloud_cover,41.09024745866094
USA,denver,1-6h,1944,wind_speed_10m,6.454223104663617
USA,denver,1-6h,1944,wind_gusts_10m,11.294633453811906
USA,denver,13-18h,840,temperature_2m,3.3180207812432254
USA,denver,13-18h,840,relative_humidity_2m,14.543121430847675
USA,denver,13-18h,840,dew_point_2m,3.440732895349893
USA,denver,13-18h,840,apparent_temperature,2.820207692453063
USA,denver,13-18h,840,precipitation,0.06510065466717857
USA,denver,13-18h,840,rain,0.018790828563297526
USA,denver,13-18h,840,showers,0
USA,denver,13-18h,840,snowfall,0.045413444621399866
USA,denver,13-18h,840,snow_depth,0.017795130420052187
USA,denver,13-18h,840,weather_code,10.818084506092212
USA,denver,13-18h,840,pressure_msl,3.3038721870816143
USA,denver,13-18h,840,surface_pressure,2.5935910020113573
USA,denver,13-18h,840,cloud_cover,40.02267214610096
USA,denver,13-18h,840,wind_speed_10m,8.280313716164095
USA,denver,13-18h,840,wind_gusts_10m,14.085086675866311
USA,denver,19-24h,186,temperature_2m,2.9095319802480297
USA,denver,19-24h,186,relative_humidity_2m,16.16081814175114
USA,denver,19-24h,186,dew_point_2m,4.005144541174379
USA,denver,19-24h,186,apparent_temperature,2.3563686295398627
USA,denver,19-24h,186,precipitation,0.05584155773160768
USA,denver,19-24h,186,rain,0.010369516947304255
USA,denver,19-24h,186,showers,0
USA,denver,19-24h,186,snowfall,0.044745396831790525
USA,denver,19-24h,186,snow_depth,0.018693912527649154
USA,denver,19-24h,186,weather_code,10.240127687375946
USA,denver,19-24h,186,pressure_msl,2.7581940483951004
USA,denver,19-24h,186,surface_pressure,2.421654104563762
USA,denver,19-24h,186,cloud_cover,49.77713773270029
USA,denver,19-24h,186,wind_speed_10m,8.196734204114662
USA,denver,19-24h,186,wind_gusts_10m,16.514871108850215
USA,denver,7-12h,1386,temperature_2m,2.937374233591523
USA,denver,7-12h,1386,relative_humidity_2m,14.718375984822226
USA,denver,7-12h,1386,dew_point_2m,3.849858976821637
USA,denver,7-12h,1386,apparent_temperature,2.6161916738761466
USA,denver,7-12h,1386,precipitation,0.0788627682708147
USA,denver,7-12h,1386,rain,0.054256086697465976
USA,denver,7-12h,1386,showers,0
USA,denver,7-12h,1386,snowfall,0.03844187531556932
USA,denver,7-12h,1386,snow_depth,0.017249547749054107
USA,denver,7-12h,1386,weather_code,11.93839405134763
USA,denver,7-12h,1386,pressure_msl,3.847429381120966
USA,denver,7-12h,1386,surface_pressure,3.021990112893199
USA,denver,7-12h,1386,cloud_cover,39.38870927652261
USA,denver,7-12h,1386,wind_speed_10m,7.3122512784380405
USA,denver,7-12h,1386,wind_gusts_10m,12.073903620169768
USA,houston,0h,372,temperature_2m,0.9660639574544085
USA,houston,0h,372,relative_humidity_2m,6.023698717279869
USA,houston,0h,372,dew_point_2m,1.3014879821734566
USA,houston,0h,372,apparent_temperature,1.1986551603978464
USA,houston,0h,372,precipitation,1.1382404833116166
USA,houston,0h,372,rain,1.1382404833116166
USA,houston,0h,372,showers,0
USA,houston,0h,372,snowfall,0
USA,houston,0h,372,snow_depth,0
USA,houston,0h,372,weather_code,19.932817269545097
USA,houston,0h,372,pressure_msl,0.720513556393107
USA,houston,0h,372,surface_pressure,0.7168479390651367
USA,houston,0h,372,cloud_cover,37.05843975384349
USA,houston,0h,372,wind_speed_10m,2.6041736559045994
USA,houston,0h,372,wind_gusts_10m,6.916794272692567
USA,houston,1-6h,1944,temperature_2m,1.0765743567812733
USA,houston,1-6h,1944,relative_humidity_2m,6.520385885725279
USA,houston,1-6h,1944,dew_point_2m,1.4538865183467562
USA,houston,1-6h,1944,apparent_temperature,1.3649040123623943
USA,houston,1-6h,1944,precipitation,1.3893962036437226
USA,houston,1-6h,1944,rain,1.3897589867139784
USA,houston,1-6h,1944,showers,0
USA,houston,1-6h,1944,snowfall,0.011448578900795356
USA,houston,1-6h,1944,snow_depth,0
USA,houston,1-6h,1944,weather_code,20.88012030301341
USA,houston,1-6h,1944,pressure_msl,0.7367345368433452
USA,houston,1-6h,1944,surface_pressure,0.7347979202060205
USA,houston,1-6h,1944,cloud_cover,35.8975164495094
USA,houston,1-6h,1944,wind_speed_10m,3.0151776558432335
USA,houston,1-6h,1944,wind_gusts_10m,7.374956231996792
USA,houston,13-18h,840,temperature_2m,1.361100745020455
USA,houston,13-18h,840,relative_humidity_2m,9.219931824972615
USA,houston,13-18h,840,dew_point_2m,1.7948802851709185
USA,houston,13-18h,840,apparent_temperature,1.5633906985109243
USA,houston,13-18h,840,precipitation,0.8602286517742439
USA,houston,13-18h,840,rain,0.8602286517742439
USA,houston,13-18h,840,showers,0
USA,houston,13-18h,840,snowfall,0
USA,houston,13-18h,840,snow_depth,0
USA,houston,13-18h,840,weather_code,23.81886007427927
USA,houston,13-18h,840,pressure_msl,0.7730274436082034
USA,houston,13-18h,840,surface_pressure,0.7685174348178766
USA,houston,13-18h,840,cloud_cover,40.53478811612376
USA,houston,13-18h,840,wind_speed_10m,3.3937337213500665
USA,houston,13-18h,840,wind_gusts_10m,8.101403464538604
USA,houston,19-24h,186,temperature_2m,1.5029004216578539
USA,houston,19-24h,186,relative_humidity_2m,10.266345477450367
USA,houston,19-24h,186,dew_point_2m,2.4598277761201177
USA,houston,19-24h,186,apparent_temperature,1.951619123779298
USA,houston,19-24h,186,precipitation,0.3131525445035251
USA,houston,19-24h,186,rain,0.3131525445035251
USA,houston,19-24h,186,showers,0
USA,houston,19-24h,186,snowfall,0
USA,houston,19-24h,186,snow_depth,0
USA,houston,19-24h,186,weather_code,22.094615701811893
USA,houston,19-24h,186,pressure_msl,0.8803103069708724
USA,houston,19-24h,186,surface_pressure,0.8751651149895255
USA,houston,19-24h,186,cloud_cover,41.54127368479256
USA,houston,19-24h,186,wind_speed_10m,3.883380635643424
USA,houston,19-24h,186,wind_gusts_10m,6.903630025347659
USA,houston,7-12h,1386,temperature_2m,1.0618804959081731
USA,houston,7-12h,1386,relative_humidity_2m,8.112751618084879
USA,houston,7-12h,1386,dew_point_2m,1.7794887149347383
USA,houston,7-12h,1386,apparent_temperature,1.3139609988479515
USA,houston,7-12h,1386,precipitation,0.7492950029481056
USA,houston,7-12h,1386,rain,0.7492950029481056
USA,houston,7-12h,1386,showers,0
USA,houston,7-12h,1386,snowfall,0
USA,houston,7-12h,1386,snow_depth,0
USA,houston,7-12h,1386,weather_code,22.725922037786113
USA,houston,7-12h,1386,pressure_msl,0.635914085696116
USA,houston,7-12h,1386,surface_pressure,0.6337547014776482
USA,houston,7-12h,1386,cloud_cover,37.16506994803621
USA,houston,7-12h,1386,wind_speed_10m,3.2340740883961225
USA,houston,7-12h,1386,wind_gusts_10m,7.835803239605523
USA,los_angeles,0h,372,temperature_2m,2.8824179664533967
USA,los_angeles,0h,372,relative_humidity_2m,21.399050325626828
USA,los_angeles,0h,372,dew_point_2m,4.24770020001969
USA,los_angeles,0h,372,apparent_temperature,2.365136564290091
USA,los_angeles,0h,372,precipitation,0.49627645781423596
USA,los_angeles,0h,372,rain,0.49627645781423596
USA,los_angeles,0h,372,showers,0
USA,los_angeles,0h,372,snowfall,0
USA,los_angeles,0h,372,snow_depth,0
USA,los_angeles,0h,372,weather_code,16.434948338273546
USA,los_angeles,0h,372,pressure_msl,0.9502687791820689
USA,los_angeles,0h,372,surface_pressure,0.8463393660823284
USA,los_angeles,0h,372,cloud_cover,26.89405738412568
USA,los_angeles,0h,372,wind_speed_10m,5.087318198384381
USA,los_angeles,0h,372,wind_gusts_10m,6.1134304819850955
USA,los_angeles,1-6h,1944,temperature_2m,2.9585789325977974
USA,los_angeles,1-6h,1944,relative_humidity_2m,21.252354021150907
USA,los_angeles,1-6h,1944,dew_point_2m,3.992675907878048
USA,los_angeles,1-6h,1944,apparent_temperature,2.463114726596916
USA,los_angeles,1-6h,1944,precipitation,1.6170357221623064
USA,los_angeles,1-6h,1944,rain,1.5929112514964645
USA,los_angeles,1-6h,1944,showers,0
USA,los_angeles,1-6h,1944,snowfall,0.02918826360903108
USA,los_angeles,1-6h,1944,snow_depth,0
USA,los_angeles,1-6h,1944,weather_code,19.513238093800574
USA,los_angeles,1-6h,1944,pressure_msl,0.869895457509627
USA,los_angeles,1-6h,1944,surface_pressure,0.7543086115652408
USA,los_angeles,1-6h,1944,cloud_cover,33.17789375088262
USA,los_angeles,1-6h,1944,wind_speed_10m,5.4937993479667755
USA,los_angeles,1-6h,1944,wind_gusts_10m,7.047539920429053
USA,los_angeles,13-18h,838,temperature_2m,2.214300451981794
USA,los_angeles,13-18h,838,relative_humidity_2m,15.826475506851605
USA,los_angeles,13-18h,838,dew_point_2m,3.481492149854543
USA,los_angeles,13-18h,838,apparent_temperature,2.0766229240033973
USA,los_angeles,13-18h,838,precipitation,1.441472496937492
USA,los_angeles,13-18h,838,rain,1.441472496937492
USA,los_angeles,13-18h,838,showers,0
USA,los_angeles,13-18h,838,snowfall,0
USA,los_angeles,13-18h,838,snow_depth,0
USA,los_angeles,13-18h,838,weather_code,14.086927537483136
USA,los_angeles,13-18h,838,pressure_msl,0.7321136888903361
USA,los_angeles,13-18h,838,surface_pressure,0.6878072105974721
USA,los_angeles,13-18h,838,cloud_cover,38.51361226054508
USA,los_angeles,13-18h,838,wind_speed_10m,5.9809043784172715
USA,los_angeles,13-18h,838,wind_gusts_10m,8.38288260467264
USA,los_angeles,19-24h,186,temperature_2m,2.0923311072498993
USA,los_angeles,19-24h,186,relative_humidity_2m,15.72922763998721
USA,los_angeles,19-24h,186,dew_point_2m,3.5112874825263507
USA,los_angeles,19-24h,186,apparent_temperature,2.207879340633382
USA,los_angeles,19-24h,186,precipitation,1.2210518997714568
USA,los_angeles,19-24h,186,rain,1.2210518997714568
USA,los_angeles,19-24h,186,showers,0
USA,los_angeles,19-24h,186,snowfall,0
USA,los_angeles,19-24h,186,snow_depth,0
USA,los_angeles,19-24h,186,weather_code,14.510285562206356
USA,los_angeles,19-24h,186,pressure_msl,0.6930530864552521
USA,los_angeles,19-24h,186,surface_pressure,0.610217659034756
USA,los_angeles,19-24h,186,cloud_cover,36.041791751911724
USA,los_angeles,19-24h,186,wind_speed_10m,6.127349231286767
USA,los_angeles,19-24h,186,wind_gusts_10m,7.821661402590514
USA,los_angeles,7-12h,1386,temperature_2m,3.2552300020923814
USA,los_angeles,7-12h,1386,relative_humidity_2m,21.698444894104988
USA,los_angeles,7-12h,1386,dew_point_2m,3.9801110878070065
USA,los_angeles,7-12h,1386,apparent_temperature,2.825944018546651
USA,los_angeles,7-12h,1386,precipitation,0.8200235804162417
USA,los_angeles,7-12h,1386,rain,0.8200235804162417
USA,los_angeles,7-12h,1386,showers,0
USA,los_angeles,7-12h,1386,snowfall,0
USA,los_angeles,7-12h,1386,snow_depth,0
USA,los_angeles,7-12h,1386,weather_code,17.474491819731536
USA,los_angeles,7-12h,1386,pressure_msl,0.7412403317664428
USA,los_angeles,7-12h,1386,surface_pressure,0.6966317644895449
USA,los_angeles,7-12h,1386,cloud_cover,35.76565137365484
USA,los_angeles,7-12h,1386,wind_speed_10m,5.689986394179266
USA,los_angeles,7-12h,1386,wind_gusts_10m,7.439849220337495
USA,miami,0h,372,temperature_2m,1.4856662818665802
USA,miami,0h,372,relative_humidity_2m,8.175494460729539
USA,miami,0h,372,dew_point_2m,1.7847321415843613
USA,miami,0h,372,apparent_temperature,1.8536653605268683
USA,miami,0h,372,precipitation,0.5841085478735307
USA,miami,0h,372,rain,0.5841085478735307
USA,miami,0h,372,showers,0
USA,miami,0h,372,snowfall,0
USA,miami,0h,372,snow_depth,0
USA,miami,0h,372,weather_code,22.640956323128368
USA,miami,0h,372,pressure_msl,0.7023769168568493
USA,miami,0h,372,surface_pressure,0.7023769168568493
USA,miami,0h,372,cloud_cover,38.221552778166846
USA,miami,0h,372,wind_speed_10m,3.879883326036482
USA,miami,0h,372,wind_gusts_10m,8.658810541870055
USA,miami,1-6h,1944,temperature_2m,1.530764756826058
USA,miami,1-6h,1944,relative_humidity_2m,8.161941187647537
USA,miami,1-6h,1944,dew_point_2m,1.6032984262517689
USA,miami,1-6h,1944,apparent_temperature,1.8143319463435112
USA,miami,1-6h,1944,precipitation,0.6353687241577604
USA,miami,1-6h,1944,rain,0.6353687241577604
USA,miami,1-6h,1944,showers,0
USA,miami,1-6h,1944,snowfall,0
USA,miami,1-6h,1944,snow_depth,0
USA,miami,1-6h,1944,weather_code,22.329924191615433
USA,miami,1-6h,1944,pressure_msl,0.666898107974339
USA,miami,1-6h,1944,surface_pressure,0.6668981079743393
USA,miami,1-6h,1944,cloud_cover,37.30240120692593
USA,miami,1-6h,1944,wind_speed_10m,4.039687373309236
USA,miami,1-6h,1944,wind_gusts_10m,9.885965027590832
USA,miami,13-18h,836,temperature_2m,1.2619666432249468
USA,miami,13-18h,836,relative_humidity_2m,9.700786728811986
USA,miami,13-18h,836,dew_point_2m,1.7326308231640086
USA,miami,13-18h,836,apparent_temperature,1.326541713878718
USA,miami,13-18h,836,precipitation,0.7474658943108339
USA,miami,13-18h,836,rain,0.7474658943108339
USA,miami,13-18h,836,showers,0
USA,miami,13-18h,836,snowfall,0
USA,miami,13-18h,836,snow_depth,0
USA,miami,13-18h,836,weather_code,27.716697332200038
USA,miami,13-18h,836,pressure_msl,0.5231940915341721
USA,miami,13-18h,836,surface_pressure,0.5231940915341717
USA,miami,13-18h,836,cloud_cover,38.50041943473756
USA,miami,13-18h,836,wind_speed_10m,4.184600956777613
USA,miami,13-18h,836,wind_gusts_10m,13.845277985220747
USA,miami,19-24h,186,temperature_2m,1.5196207789537353
USA,miami,19-24h,186,relative_humidity_2m,9.556847457887633
USA,miami,19-24h,186,dew_point_2m,1.4303169060082117
USA,miami,19-24h,186,apparent_temperature,1.652238624750759
USA,miami,19-24h,186,precipitation,0.21899084283894574
USA,miami,19-24h,186,rain,0.21899084283894574
USA,miami,19-24h,186,showers,0
USA,miami,19-24h,186,snowfall,0
USA,miami,19-24h,186,snow_depth,0
USA,miami,19-24h,186,weather_code,19.947242243435046
USA,miami,19-24h,186,pressure_msl,0.5408078385892491
USA,miami,19-24h,186,surface_pressure,0.5408078385892491
USA,miami,19-24h,186,cloud_cover,38.97724729187033
USA,miami,19-24h,186,wind_speed_10m,4.266700268684888
USA,miami,19-24h,186,wind_gusts_10m,10.262469467428026
USA,miami,7-12h,1386,temperature_2m,1.4002370444548953
USA,miami,7-12h,1386,relative_humidity_2m,8.693265874967334
USA,miami,7-12h,1386,dew_point_2m,1.6323921663326446
USA,miami,7-12h,1386,apparent_temperature,1.595420936733615
USA,miami,7-12h,1386,precipitation,1.401915819643949
USA,miami,7-12h,1386,rain,1.401915819643949
USA,miami,7-12h,1386,showers,0
USA,miami,7-12h,1386,snowfall,0
USA,miami,7-12h,1386,snow_depth,0
USA,miami,7-12h,1386,weather_code,23.941818607003903
USA,miami,7-12h,1386,pressure_msl,0.5530056923895946
USA,miami,7-12h,1386,surface_pressure,0.5528752080451744
USA,miami,7-12h,1386,cloud_cover,39.78673305241493
USA,miami,7-12h,1386,wind_speed_10m,3.941066577971726
USA,miami,7-12h,1386,wind_gusts_10m,11.465995273810625
USA,minneapolis,0h,372,temperature_2m,1.6418092564024
USA,minneapolis,0h,372,relative_humidity_2m,8.802797697995107
USA,minneapolis,0h,372,dew_point_2m,2.1740651185704962
USA,minneapolis,0h,372,apparent_temperature,1.6537510311767851
USA,minneapolis,0h,372,precipitation,0.1802029918718607
USA,minneapolis,0h,372,rain,0.16064386578049977
USA,minneapolis,0h,372,showers,0
USA,minneapolis,0h,372,snowfall,0.06731406090631381
USA,minneapolis,0h,372,snow_depth,0.05046024731548375
USA,minneapolis,0h,372,weather_code,20.146773268150895
USA,minneapolis,0h,372,pressure_msl,2.0728532099759294
USA,minneapolis,0h,372,surface_pressure,1.9763793332296287
USA,minneapolis,0h,372,cloud_cover,40.74514285981418
USA,minneapolis,0h,372,wind_speed_10m,3.003277779253001
USA,minneapolis,0h,372,wind_gusts_10m,6.138789064856008
USA,minneapolis,1-6h,1944,temperature_2m,1.851814814444437
USA,minneapolis,1-6h,1944,relative_humidity_2m,8.448159514175542
USA,minneapolis,1-6h,1944,dew_point_2m,2.1985896152525366
USA,minneapolis,1-6h,1944,apparent_temperature,1.8554585248527005
USA,minneapolis,1-6h,1944,precipitation,0.1368742777194991
USA,minneapolis,1-6h,1944,rain,0.12285191326386656
USA,minneapolis,1-6h,1944,showers,0
USA,minneapolis,1-6h,1944,snowfall,0.05040576098761669
USA,minneapolis,1-6h,1944,snow_depth,0.050758647826928044
USA,minneapolis,1-6h,1944,weather_code,18.060967849779864
USA,minneapolis,1-6h,1944,pressure_msl,2.013608537318955
USA,minneapolis,1-6h,1944,surface_pressure,1.8979358508198219
USA,minneapolis,1-6h,1944,cloud_cover,35.64030697793555
USA,minneapolis,1-6h,1944,wind_speed_10m,3.029666417416783
USA,minneapolis,1-6h,1944,wind_gusts_10m,6.443502485437201
USA,minneapolis,13-18h,834,temperature_2m,1.5568060521249438
USA,minneapolis,13-18h,834,relative_humidity_2m,9.657938671191634
USA,minneapolis,13-18h,834,dew_point_2m,1.9363616405201014
USA,minneapolis,13-18h,834,apparent_temperature,1.5787558468556229
USA,minneapolis,13-18h,834,precipitation,0.1820763536573354
USA,minneapolis,13-18h,834,rain,0.19352033460098383
USA,minneapolis,13-18h,834,showers,0
USA,minneapolis,13-18h,834,snowfall,0.08009586582229161
USA,minneapolis,13-18h,834,snow_depth,0.049655890225156145
USA,minneapolis,13-18h,834,weather_code,16.164027325406835
USA,minneapolis,13-18h,834,pressure_msl,2.3483603137230755
USA,minneapolis,13-18h,834,surface_pressure,2.2020319807225106
USA,minneapolis,13-18h,834,cloud_cover,37.39012680820718
USA,minneapolis,13-18h,834,wind_speed_10m,3.8982902235039743
USA,minneapolis,13-18h,834,wind_gusts_10m,7.359847967880298
USA,minneapolis,19-24h,186,temperature_2m,1.6046974055693055
USA,minneapolis,19-24h,186,relative_humidity_2m,9.159283439127734
USA,minneapolis,19-24h,186,dew_point_2m,1.945714894739952
USA,minneapolis,19-24h,186,apparent_temperature,1.615715827244569
USA,minneapolis,19-24h,186,precipitation,0.44359237318554867
USA,minneapolis,19-24h,186,rain,0.4393298905016275
USA,minneapolis,19-24h,186,showers,0
USA,minneapolis,19-24h,186,snowfall,0.06532795676801678
USA,minneapolis,19-24h,186,snow_depth,0.04967637200404102
USA,minneapolis,19-24h,186,weather_code,12.634651107258582
USA,minneapolis,19-24h,186,pressure_msl,2.666014705248668
USA,minneapolis,19-24h,186,surface_pressure,2.53290177422052
USA,minneapolis,19-24h,186,cloud_cover,44.69382098689484
USA,minneapolis,19-24h,186,wind_speed_10m,3.6690510331516197
USA,minneapolis,19-24h,186,wind_gusts_10m,7.787548650152667
USA,minneapolis,7-12h,1386,temperature_2m,1.8804070665498829
USA,minneapolis,7-12h,1386,relative_humidity_2m,8.912999407694272
USA,minneapolis,7-12h,1386,dew_point_2m,2.21873174646476
USA,minneapolis,7-12h,1386,apparent_temperature,1.905289970091133
USA,minneapolis,7-12h,1386,precipitation,0.12951234988775692
USA,minneapolis,7-12h,1386,rain,0.10011897684160342
USA,minneapolis,7-12h,1386,showers,0.001899342940993966
USA,minneapolis,7-12h,1386,snowfall,0.05684464030419342
USA,minneapolis,7-12h,1386,snow_depth,0.05038953600803781
USA,minneapolis,7-12h,1386,weather_code,18.81902877822987
USA,minneapolis,7-12h,1386,pressure_msl,2.146486104637668
USA,minneapolis,7-12h,1386,surface_pressure,2.028071397429979
USA,minneapolis,7-12h,1386,cloud_cover,36.75442076658869
USA,minneapolis,7-12h,1386,wind_speed_10m,3.521015037960914
USA,minneapolis,7-12h,1386,wind_gusts_10m,7.314605168664182
USA,new_orleans,0h,372,temperature_2m,1.4426118785931525
USA,new_orleans,0h,372,relative_humidity_2m,7.71536659663234
USA,new_orleans,0h,372,dew_point_2m,1.8567517016877702
USA,new_orleans,0h,372,apparent_temperature,1.828037316388133
USA,new_orleans,0h,372,precipitation,0.40140880939269946
USA,new_orleans,0h,372,rain,0.40140880939269946
USA,new_orleans,0h,372,showers,0
USA,new_orleans,0h,372,snowfall,0
USA,new_orleans,0h,372,snow_depth,0
USA,new_orleans,0h,372,weather_code,18.868532146840252
USA,new_orleans,0h,372,pressure_msl,0.7236035865980992
USA,new_orleans,0h,372,surface_pressure,0.7241606190276692
USA,new_orleans,0h,372,cloud_cover,37.78547254546211
USA,new_orleans,0h,372,wind_speed_10m,4.005540517671701
USA,new_orleans,0h,372,wind_gusts_10m,8.56855968373702
USA,new_orleans,1-6h,1942,temperature_2m,1.455420635967627
USA,new_orleans,1-6h,1942,relative_humidity_2m,7.935502102251002
USA,new_orleans,1-6h,1942,dew_point_2m,1.8434117386821154
USA,new_orleans,1-6h,1942,apparent_temperature,1.9145010078779818
USA,new_orleans,1-6h,1942,precipitation,0.8846208611440066
USA,new_orleans,1-6h,1942,rain,0.8846208611440066
USA,new_orleans,1-6h,1942,showers,0
USA,new_orleans,1-6h,1942,snowfall,0
USA,new_orleans,1-6h,1942,snow_depth,0
USA,new_orleans,1-6h,1942,weather_code,18.27425803402507
USA,new_orleans,1-6h,1942,pressure_msl,0.6935557421406189
USA,new_orleans,1-6h,1942,surface_pressure,0.693518618459782
USA,new_orleans,1-6h,1942,cloud_cover,34.748293084648076
USA,new_orleans,1-6h,1942,wind_speed_10m,4.234308890677248
USA,new_orleans,1-6h,1942,wind_gusts_10m,8.450256700894924
USA,new_orleans,13-18h,834,temperature_2m,1.4821479649238998
USA,new_orleans,13-18h,834,relative_humidity_2m,9.348565850077616
USA,new_orleans,13-18h,834,dew_point_2m,1.6847887670115922
USA,new_orleans,13-18h,834,apparent_temperature,1.8913028258047102
USA,new_orleans,13-18h,834,precipitation,1.3043703516978946
USA,new_orleans,13-18h,834,rain,1.3043703516978946
USA,new_orleans,13-18h,834,showers,0
USA,new_orleans,13-18h,834,snowfall,0
USA,new_orleans,13-18h,834,snow_depth,0
USA,new_orleans,13-18h,834,weather_code,19.707574412104425
USA,new_orleans,13-18h,834,pressure_msl,0.7196621909373476
USA,new_orleans,13-18h,834,surface_pressure,0.7187952884282576
USA,new_orleans,13-18h,834,cloud_cover,39.177484602258374
USA,new_orleans,13-18h,834,wind_speed_10m,4.5596368023982095
USA,new_orleans,13-18h,834,wind_gusts_10m,10.504969704345113
USA,new_orleans,19-24h,186,temperature_2m,1.361727239673503
USA,new_orleans,19-24h,186,relative_humidity_2m,10.60533442563552
USA,new_orleans,19-24h,186,dew_point_2m,1.8679239237576664
USA,new_orleans,19-24h,186,apparent_temperature,1.8282725850269947
USA,new_orleans,19-24h,186,precipitation,3.2415813212636806
USA,new_orleans,19-24h,186,rain,3.2415813212636806
USA,new_orleans,19-24h,186,showers,0
USA,new_orleans,19-24h,186,snowfall,0
USA,new_orleans,19-24h,186,snow_depth,0
USA,new_orleans,19-24h,186,weather_code,20.233582220219077
USA,new_orleans,19-24h,186,pressure_msl,0.7622123994894552
USA,new_orleans,19-24h,186,surface_pressure,0.7566905874670896
USA,new_orleans,19-24h,186,cloud_cover,41.67268773700356
USA,new_orleans,19-24h,186,wind_speed_10m,5.089743006377408
USA,new_orleans,19-24h,186,wind_gusts_10m,8.33133094222149
USA,new_orleans,7-12h,1386,temperature_2m,1.4460524959585046
USA,new_orleans,7-12h,1386,relative_humidity_2m,8.0574237769946
USA,new_orleans,7-12h,1386,dew_point_2m,1.657912072057031
USA,new_orleans,7-12h,1386,apparent_temperature,1.8905781428668096
USA,new_orleans,7-12h,1386,precipitation,0.9684935714705586
USA,new_orleans,7-12h,1386,rain,0.9684935714705586
USA,new_orleans,7-12h,1386,showers,0
USA,new_orleans,7-12h,1386,snowfall,0
USA,new_orleans,7-12h,1386,snow_depth,0
USA,new_orleans,7-12h,1386,weather_code,19.81283272397818
USA,new_orleans,7-12h,1386,pressure_msl,0.6596054616809681
USA,new_orleans,7-12h,1386,surface_pressure,0.6598460618938505
USA,new_orleans,7-12h,1386,cloud_cover,35.336498265506016
USA,new_orleans,7-12h,1386,wind_speed_10m,4.539699820348749
USA,new_orleans,7-12h,1386,wind_gusts_10m,9.206138550607795
USA,new_york,0h,372,temperature_2m,0.9436545294586053
USA,new_york,0h,372,relative_humidity_2m,7.2856465163560005
USA,new_york,0h,372,dew_point_2m,1.7817473602938152
USA,new_york,0h,372,apparent_temperature,1.0053352300258769
USA,new_york,0h,372,precipitation,0.46339096106387195
USA,new_york,0h,372,rain,0.46286856863256226
USA,new_york,0h,372,showers,0
USA,new_york,0h,372,snowfall,0.058745853205287635
USA,new_york,0h,372,snow_depth,0.011662825788647625
USA,new_york,0h,372,weather_code,11.006352027181238
USA,new_york,0h,372,pressure_msl,0.7367466992967913
USA,new_york,0h,372,surface_pressure,0.7345908084872705
USA,new_york,0h,372,cloud_cover,38.63400084776849
USA,new_york,0h,372,wind_speed_10m,4.121690591654514
USA,new_york,0h,372,wind_gusts_10m,7.865150437076806
USA,new_york,1-6h,1942,temperature_2m,1.1678714783345434
USA,new_york,1-6h,1942,relative_humidity_2m,8.29564426052729
USA,new_york,1-6h,1942,dew_point_2m,1.8880784863855111
USA,new_york,1-6h,1942,apparent_temperature,1.2575252370971122
USA,new_york,1-6h,1942,precipitation,0.3320193807701639
USA,new_york,1-6h,1942,rain,0.3215564618965628
USA,new_york,1-6h,1942,showers,0
USA,new_york,1-6h,1942,snowfall,0.09297519685195693
USA,new_york,1-6h,1942,snow_depth,0.009754979715417032
USA,new_york,1-6h,1942,weather_code,11.239642216617463
USA,new_york,1-6h,1942,pressure_msl,0.6877851435641225
USA,new_york,1-6h,1942,surface_pressure,0.6831200005258481
USA,new_york,1-6h,1942,cloud_cover,34.0024837040363
USA,new_york,1-6h,1942,wind_speed_10m,4.035377794505395
USA,new_york,1-6h,1942,wind_gusts_10m,8.328437628178984
USA,new_york,13-18h,834,temperature_2m,1.5685533820148474
USA,new_york,13-18h,834,relative_humidity_2m,10.47023874038102
USA,new_york,13-18h,834,dew_point_2m,2.4076616316197965
USA,new_york,13-18h,834,apparent_temperature,1.7807456741138807
USA,new_york,13-18h,834,precipitation,0.31614244125942287
USA,new_york,13-18h,834,rain,0.2896810451404597
USA,new_york,13-18h,834,showers,0
USA,new_york,13-18h,834,snowfall,0.1289405268812799
USA,new_york,13-18h,834,snow_depth,0.009342920735279061
USA,new_york,13-18h,834,weather_code,14.486411395094152
USA,new_york,13-18h,834,pressure_msl,0.8507578790848439
USA,new_york,13-18h,834,surface_pressure,0.8476515731410197
USA,new_york,13-18h,834,cloud_cover,35.98144339218664
USA,new_york,13-18h,834,wind_speed_10m,4.704357895975736
USA,new_york,13-18h,834,wind_gusts_10m,9.202835555099126
USA,new_york,19-24h,186,temperature_2m,1.5689870713640464
USA,new_york,19-24h,186,relative_humidity_2m,11.218743916043518
USA,new_york,19-24h,186,dew_point_2m,2.502665245959462
USA,new_york,19-24h,186,apparent_temperature,1.7675084219050772
USA,new_york,19-24h,186,precipitation,0.17289439874755796
USA,new_york,19-24h,186,rain,0.22384710603829666
USA,new_york,19-24h,186,showers,0
USA,new_york,19-24h,186,snowfall,0.10316496863125667
USA,new_york,19-24h,186,snow_depth,0.008295613557843402
USA,new_york,19-24h,186,weather_code,13.536887080416863
USA,new_york,19-24h,186,pressure_msl,0.8944271909999183
USA,new_york,19-24h,186,surface_pressure,0.8966484788498004
USA,new_york,19-24h,186,cloud_cover,35.34012919023919
USA,new_york,19-24h,186,wind_speed_10m,2.978019837163217
USA,new_york,19-24h,186,wind_gusts_10m,7.903728533494985
USA,new_york,7-12h,1386,temperature_2m,1.3892236248863175
USA,new_york,7-12h,1386,relative_humidity_2m,9.144976305633143
USA,new_york,7-12h,1386,dew_point_2m,1.9359811693358715
USA,new_york,7-12h,1386,apparent_temperature,1.5562377395102274
USA,new_york,7-12h,1386,precipitation,0.32255384239066387
USA,new_york,7-12h,1386,rain,0.3156577685402766
USA,new_york,7-12h,1386,showers,0
USA,new_york,7-12h,1386,snowfall,0.10781578003354808
USA,new_york,7-12h,1386,snow_depth,0.008745231642390982
USA,new_york,7-12h,1386,weather_code,11.546505502609406
USA,new_york,7-12h,1386,pressure_msl,0.7247231645419248
USA,new_york,7-12h,1386,surface_pressure,0.7205397207493047
USA,new_york,7-12h,1386,cloud_cover,34.24413664645226
USA,new_york,7-12h,1386,wind_speed_10m,4.859618034978412
USA,new_york,7-12h,1386,wind_gusts_10m,9.358634537369243
USA,philadelphia,0h,372,temperature_2m,1.0286226305740276
USA,philadelphia,0h,372,relative_humidity_2m,7.519508677612399
USA,philadelphia,0h,372,dew_point_2m,1.666639784729445
USA,philadelphia,0h,372,apparent_temperature,1.0719041443261874
USA,philadelphia,0h,372,precipitation,0.2855856085046063
USA,philadelphia,0h,372,rain,0.29219230668520607
USA,philadelphia,0h,372,showers,0
USA,philadelphia,0h,372,snowfall,0.12974540827228503
USA,philadelphia,0h,372,snow_depth,0.010472698761772857
USA,philadelphia,0h,372,weather_code,12.415954010002398
USA,philadelphia,0h,372,pressure_msl,0.8126685102345785
USA,philadelphia,0h,372,surface_pressure,0.8095199692689258
USA,philadelphia,0h,372,cloud_cover,37.37696662931065
USA,philadelphia,0h,372,wind_speed_10m,4.021995973755223
USA,philadelphia,0h,372,wind_gusts_10m,7.250973238347099
USA,philadelphia,1-6h,1942,temperature_2m,1.2648662833387114
USA,philadelphia,1-6h,1942,relative_humidity_2m,9.187877653601452
USA,philadelphia,1-6h,1942,dew_point_2m,1.9579987260793934
USA,philadelphia,1-6h,1942,apparent_temperature,1.286249868013993
USA,philadelphia,1-6h,1942,precipitation,0.3543172021108169
USA,philadelphia,1-6h,1942,rain,0.35819090008860105
USA,philadelphia,1-6h,1942,showers,0
USA,philadelphia,1-6h,1942,snowfall,0.10240265026179018
USA,philadelphia,1-6h,1942,snow_depth,0.010354180934377821
USA,philadelphia,1-6h,1942,weather_code,11.467636815393272
USA,philadelphia,1-6h,1942,pressure_msl,0.7295936540999987
USA,philadelphia,1-6h,1942,surface_pressure,0.723583882785816
USA,philadelphia,1-6h,1942,cloud_cover,33.30094031943541
USA,philadelphia,1-6h,1942,wind_speed_10m,3.88069239047031
USA,philadelphia,1-6h,1942,wind_gusts_10m,8.142407202826607
USA,philadelphia,13-18h,834,temperature_2m,1.6821962348851784
USA,philadelphia,13-18h,834,relative_humidity_2m,11.20412308486119
USA,philadelphia,13-18h,834,dew_point_2m,2.5772105828762246
USA,philadelphia,13-18h,834,apparent_temperature,1.863115412626761
USA,philadelphia,13-18h,834,precipitation,0.22403643931086017
USA,philadelphia,13-18h,834,rain,0.23525739768489243
USA,philadelphia,13-18h,834,showers,0
USA,philadelphia,13-18h,834,snowfall,0.16670670981793548
USA,philadelphia,13-18h,834,snow_depth,0.01297479571095465
USA,philadelphia,13-18h,834,weather_code,13.239900453884726
USA,philadelphia,13-18h,834,pressure_msl,0.885156030901198
USA,philadelphia,13-18h,834,surface_pressure,0.8759099413864794
USA,philadelphia,13-18h,834,cloud_cover,37.88728075707556
USA,philadelphia,13-18h,834,wind_speed_10m,3.708532516947451
USA,philadelphia,13-18h,834,wind_gusts_10m,8.645328370738135
USA,philadelphia,19-24h,186,temperature_2m,1.8404066871736662
USA,philadelphia,19-24h,186,relative_humidity_2m,11.146627823156068
USA,philadelphia,19-24h,186,dew_point_2m,2.559716886226758
USA,philadelphia,19-24h,186,apparent_temperature,2.0386586355390803
USA,philadelphia,19-24h,186,precipitation,0.1807987058665265
USA,philadelphia,19-24h,186,rain,0.15484990998917603
USA,philadelphia,19-24h,186,showers,0
USA,philadelphia,19-24h,186,snowfall,0.13085738769354405
USA,philadelphia,19-24h,186,snow_depth,0.012951522516054664
USA,philadelphia,19-24h,186,weather_code,10.347718048787582
USA,philadelphia,19-24h,186,pressure_msl,1.0018262893229017
USA,philadelphia,19-24h,186,surface_pressure,0.9841212443880555
USA,philadelphia,19-24h,186,cloud_cover,35.81928957107251
USA,philadelphia,19-24h,186,wind_speed_10m,2.8552159400851154
USA,philadelphia,19-24h,186,wind_gusts_10m,5.779394245893108
USA,philadelphia,7-12h,1386,temperature_2m,1.4446597686105358
USA,philadelphia,7-12h,1386,relative_humidity_2m,9.85149471156271
USA,philadelphia,7-12h,1386,dew_point_2m,2.138643283438146
USA,philadelphia,7-12h,1386,apparent_temperature,1.5574148854884897
USA,philadelphia,7-12h,1386,precipitation,0.36575328976711746
USA,philadelphia,7-12h,1386,rain,0.35148910188594573
USA,philadelphia,7-12h,1386,showers,0
USA,philadelphia,7-12h,1386,snowfall,0.15319163413083878
USA,philadelphia,7-12h,1386,snow_depth,0.010864507261607313
USA,philadelphia,7-12h,1386,weather_code,12.38761891781881
USA,philadelphia,7-12h,1386,pressure_msl,0.7749877809398443
USA,philadelphia,7-12h,1386,surface_pressure,0.767569579362719
USA,philadelphia,7-12h,1386,cloud_cover,33.5245381906248
USA,philadelphia,7-12h,1386,wind_speed_10m,3.991162676386357
USA,philadelphia,7-12h,1386,wind_gusts_10m,8.979093884358655
USA,pittsburgh,0h,372,temperature_2m,1.0439276537368665
USA,pittsburgh,0h,372,relative_humidity_2m,8.532354614572533
USA,pittsburgh,0h,372,dew_point_2m,1.6896267959751998
USA,pittsburgh,0h,372,apparent_temperature,1.0195666378576038
USA,pittsburgh,0h,372,precipitation,0.21364728243140044
USA,pittsburgh,0h,372,rain,0.14828771800735205
USA,pittsburgh,0h,372,showers,0
USA,pittsburgh,0h,372,snowfall,0.11882941600263329
USA,pittsburgh,0h,372,snow_depth,0.020504392395944867
USA,pittsburgh,0h,372,weather_code,18.999009595013046
USA,pittsburgh,0h,372,pressure_msl,1.8209355978762398
USA,pittsburgh,0h,372,surface_pressure,1.7373196510407882
USA,pittsburgh,0h,372,cloud_cover,34.091354184126025
USA,pittsburgh,0h,372,wind_speed_10m,3.2484818621322407
USA,pittsburgh,0h,372,wind_gusts_10m,7.266571716850322
USA,pittsburgh,1-6h,1942,temperature_2m,1.2409507666927417
USA,pittsburgh,1-6h,1942,relative_humidity_2m,8.6809805480126645
USA,pittsburgh,1-6h,1942,dew_point_2m,1.7096021302842064
USA,pittsburgh,1-6h,1942,apparent_temperature,1.2463954207229648
USA,pittsburgh,1-6h,1942,precipitation,0.3566637952215408
USA,pittsburgh,1-6h,1942,rain,0.3430492693999498
USA,pittsburgh,1-6h,1942,showers,0
USA,pittsburgh,1-6h,1942,snowfall,0.10343234130387077
USA,pittsburgh,1-6h,1942,snow_depth,0.019499399235510542
USA,pittsburgh,1-6h,1942,weather_code,17.890299657444583
USA,pittsburgh,1-6h,1942,pressure_msl,1.8324233924468458
USA,pittsburgh,1-6h,1942,surface_pressure,1.7271145937005532
USA,pittsburgh,1-6h,1942,cloud_cover,29.98303674206474
USA,pittsburgh,1-6h,1942,wind_speed_10m,3.474558111180638
USA,pittsburgh,1-6h,1942,wind_gusts_10m,7.147514385781512
USA,pittsburgh,13-18h,834,temperature_2m,1.4361051777410916
USA,pittsburgh,13-18h,834,relative_humidity_2m,9.52177864608981
USA,pittsburgh,13-18h,834,dew_point_2m,2.205247719870764
USA,pittsburgh,13-18h,834,apparent_temperature,1.5339483700302514
USA,pittsburgh,13-18h,834,precipitation,0.1981708925091919
USA,pittsburgh,13-18h,834,rain,0.17850565421053724
USA,pittsburgh,13-18h,834,showers,0
USA,pittsburgh,13-18h,834,snowfall,0.09382493008787805
USA,pittsburgh,13-18h,834,snow_depth,0.015180765313106144
USA,pittsburgh,13-18h,834,weather_code,17.790615368891455
USA,pittsburgh,13-18h,834,pressure_msl,1.819722750116121
USA,pittsburgh,13-18h,834,surface_pressure,1.6689720266976549
USA,pittsburgh,13-18h,834,cloud_cover,24.27742336764144
USA,pittsburgh,13-18h,834,wind_speed_10m,3.5489283010975208
USA,pittsburgh,13-18h,834,wind_gusts_10m,8.600270477036025
USA,pittsburgh,19-24h,186,temperature_2m,1.5218480559426242
USA,pittsburgh,19-24h,186,relative_humidity_2m,9.746242727935106
USA,pittsburgh,19-24h,186,dew_point_2m,2.5367407757673743
USA,pittsburgh,19-24h,186,apparent_temperature,1.6502199266920796
USA,pittsburgh,19-24h,186,precipitation,0.24908434465595822
USA,pittsburgh,19-24h,186,rain,0.1722713538428218
USA,pittsburgh,19-24h,186,showers,0
USA,pittsburgh,19-24h,186,snowfall,0.09380258381933194
USA,pittsburgh,19-24h,186,snow_depth,0.017719438326980228
USA,pittsburgh,19-24h,186,weather_code,21.50518817121975
USA,pittsburgh,19-24h,186,pressure_msl,2.1123548496293694
USA,pittsburgh,19-24h,186,surface_pressure,1.9473168747670997
USA,pittsburgh,19-24h,186,cloud_cover,29.3589209024981
USA,pittsburgh,19-24h,186,wind_speed_10m,3.019470864419008
USA,pittsburgh,19-24h,186,wind_gusts_10m,6.853246620931705
USA,pittsburgh,7-12h,1386,temperature_2m,1.3263888416702545
USA,pittsburgh,7-12h,1386,relative_humidity_2m,8.864785140341281
USA,pittsburgh,7-12h,1386,dew_point_2m,1.8705085695613128
USA,pittsburgh,7-12h,1386,apparent_temperature,1.3910090599655363
USA,pittsburgh,7-12h,1386,precipitation,0.21819838200714028
USA,pittsburgh,7-12h,1386,rain,0.19968987499632068
USA,pittsburgh,7-12h,1386,showers,0
USA,pittsburgh,7-12h,1386,snowfall,0.11107827797721677
USA,pittsburgh,7-12h,1386,snow_depth,0.015845575126269513
USA,pittsburgh,7-12h,1386,weather_code,18.070888150752264
USA,pittsburgh,7-12h,1386,pressure_msl,1.8337307715606894
USA,pittsburgh,7-12h,1386,surface_pressure,1.7104719482395168
USA,pittsburgh,7-12h,1386,cloud_cover,28.33615977753427
USA,pittsburgh,7-12h,1386,wind_speed_10m,3.3613412082998533
USA,pittsburgh,7-12h,1386,wind_gusts_10m,7.656953191637792
USA,portland,0h,372,temperature_2m,0.8911150439227117
USA,portland,0h,372,relative_humidity_2m,6.785103861298083
USA,portland,0h,372,dew_point_2m,1.1874794848256203
USA,portland,0h,372,apparent_temperature,1.0378068272817866
USA,portland,0h,372,precipitation,0.7076767988375082
USA,portland,0h,372,rain,0.7076767988375082
USA,portland,0h,372,showers,0
USA,portland,0h,372,snowfall,0
USA,portland,0h,372,snow_depth,0.001466471150213533
USA,portland,0h,372,weather_code,24.39339325326844
USA,portland,0h,372,pressure_msl,0.8504900548115422
USA,portland,0h,372,surface_pressure,0.844176763836901
USA,portland,0h,372,cloud_cover,26.494470918425826
USA,portland,0h,372,wind_speed_10m,4.239991377552604
USA,portland,0h,372,wind_gusts_10m,7.187582631596071
USA,portland,1-6h,1942,temperature_2m,0.9683083234532248
USA,portland,1-6h,1942,relative_humidity_2m,7.1750224722176315
USA,portland,1-6h,1942,dew_point_2m,1.2584134977863661
USA,portland,1-6h,1942,apparent_temperature,1.1223412339926224
USA,portland,1-6h,1942,precipitation,0.5804043478499188
USA,portland,1-6h,1942,rain,0.5804043478499188
USA,portland,1-6h,1942,showers,0
USA,portland,1-6h,1942,snowfall,0
USA,portland,1-6h,1942,snow_depth,0.0015721573336569625
USA,portland,1-6h,1942,weather_code,24.89067755289567
USA,portland,1-6h,1942,pressure_msl,0.9636012097606094
USA,portland,1-6h,1942,surface_pressure,0.9547539462276549
USA,portland,1-6h,1942,cloud_cover,28.42354733762795
USA,portland,1-6h,1942,wind_speed_10m,4.182614451001438
USA,portland,1-6h,1942,wind_gusts_10m,8.033008626934988
USA,portland,13-18h,834,temperature_2m,1.3815328781918945
USA,portland,13-18h,834,relative_humidity_2m,7.796266707876003
USA,portland,13-18h,834,dew_point_2m,1.5882587784244122
USA,portland,13-18h,834,apparent_temperature,1.6050654229626928
USA,portland,13-18h,834,precipitation,0.6177756571684644
USA,portland,13-18h,834,rain,0.6177756571684644
USA,portland,13-18h,834,showers,0
USA,portland,13-18h,834,snowfall,0
USA,portland,13-18h,834,snow_depth,0.001696377859359942
USA,portland,13-18h,834,weather_code,24.894164466003506
USA,portland,13-18h,834,pressure_msl,1.214905429997304
USA,portland,13-18h,834,surface_pressure,1.195986493671883
USA,portland,13-18h,834,cloud_cover,28.680953999163943
USA,portland,13-18h,834,wind_speed_10m,4.401721921623373
USA,portland,13-18h,834,wind_gusts_10m,9.482391860479268
USA,portland,19-24h,186,temperature_2m,1.5160786996907232
USA,portland,19-24h,186,relative_humidity_2m,9.197358199475671
USA,portland,19-24h,186,dew_point_2m,1.921413010518365
USA,portland,19-24h,186,apparent_temperature,1.8189267779808824
USA,portland,19-24h,186,precipitation,0.7667835348045182
USA,portland,19-24h,186,rain,0.7667835348045182
USA,portland,19-24h,186,showers,0
USA,portland,19-24h,186,snowfall,0
USA,portland,19-24h,186,snow_depth,0.001466471150213533
USA,portland,19-24h,186,weather_code,25.493832271178213
USA,portland,19-24h,186,pressure_msl,1.0463454064874684
USA,portland,19-24h,186,surface_pressure,1.0266869150356304
USA,portland,19-24h,186,cloud_cover,32.192966573060545
USA,portland,19-24h,186,wind_speed_10m,4.464001772844293
USA,portland,19-24h,186,wind_gusts_10m,10.484432904708454
USA,portland,7-12h,1386,temperature_2m,1.1966584065602606
USA,portland,7-12h,1386,relative_humidity_2m,7.60116950066092
USA,portland,7-12h,1386,dew_point_2m,1.3675110895662164
USA,portland,7-12h,1386,apparent_temperature,1.3620871430570751
USA,portland,7-12h,1386,precipitation,0.6319851222973487
USA,portland,7-12h,1386,rain,0.6319851222973487
USA,portland,7-12h,1386,showers,0
USA,portland,7-12h,1386,snowfall,0
USA,portland,7-12h,1386,snow_depth,0.0017407765595569785
USA,portland,7-12h,1386,weather_code,25.588146606451332
USA,portland,7-12h,1386,pressure_msl,1.1358706001134211
USA,portland,7-12h,1386,surface_pressure,1.1213074722530136
USA,portland,7-12h,1386,cloud_cover,27.220360981222345
USA,portland,7-12h,1386,wind_speed_10m,4.477513160016852
USA,portland,7-12h,1386,wind_gusts_10m,9.190631405279271
USA,saint_louis,0h,372,temperature_2m,1.6904698080838387
USA,saint_louis,0h,372,relative_humidity_2m,9.47605925080311
USA,saint_louis,0h,372,dew_point_2m,2.520507288076611
USA,saint_louis,0h,372,apparent_temperature,1.7580383740781038
USA,saint_louis,0h,372,precipitation,0
USA,saint_louis,0h,372,rain,0
USA,saint_louis,0h,372,showers,0
USA,saint_louis,0h,372,snowfall,0
USA,saint_louis,0h,372,snow_depth,7.332355751067665e-4
USA,saint_louis,0h,372,weather_code,0.9755064854862865
USA,saint_louis,0h,372,pressure_msl,1.5237545593005604
USA,saint_louis,0h,372,surface_pressure,1.7499769583736575
USA,saint_louis,0h,372,cloud_cover,30.09867285324856
USA,saint_louis,0h,372,wind_speed_10m,4.64755109523238
USA,saint_louis,0h,372,wind_gusts_10m,6.673797261864726
USA,saint_louis,1-6h,1942,temperature_2m,1.4586472861018587
USA,saint_louis,1-6h,1942,relative_humidity_2m,9.325777923722786
USA,saint_louis,1-6h,1942,dew_point_2m,2.6988688174721998
USA,saint_louis,1-6h,1942,apparent_temperature,1.6096100429036444
USA,saint_louis,1-6h,1942,precipitation,0.013231675629292209
USA,saint_louis,1-6h,1942,rain,0
USA,saint_louis,1-6h,1942,showers,0
USA,saint_louis,1-6h,1942,snowfall,0.00898562761327952
USA,saint_louis,1-6h,1942,snow_depth,9.076854597952916e-4
USA,saint_louis,1-6h,1942,weather_code,6.886156802584714
USA,saint_louis,1-6h,1942,pressure_msl,1.637683803097819
USA,saint_louis,1-6h,1942,surface_pressure,1.4678708036436632
USA,saint_louis,1-6h,1942,cloud_cover,33.58190871887546
USA,saint_louis,1-6h,1942,wind_speed_10m,4.862573814233276
USA,saint_louis,1-6h,1942,wind_gusts_10m,6.68007088771381
USA,saint_louis,13-18h,834,temperature_2m,1.6326627116388794
USA,saint_louis,13-18h,834,relative_humidity_2m,12.296789466159854
USA,saint_louis,13-18h,834,dew_point_2m,2.935489451751262
USA,saint_louis,13-18h,834,apparent_temperature,1.8650772609863757
USA,saint_louis,13-18h,834,precipitation,0.017656460560383662
USA,saint_louis,13-18h,834,rain,0
USA,saint_louis,13-18h,834,showers,0
USA,saint_louis,13-18h,834,snowfall,0.013276256731690427
USA,saint_louis,13-18h,834,snow_depth,0.0010950071996960072
USA,saint_louis,13-18h,834,weather_code,9.109117365840243
USA,saint_louis,13-18h,834,pressure_msl,1.6078419932629484
USA,saint_louis,13-18h,834,surface_pressure,1.720757738394514
USA,saint_louis,13-18h,834,cloud_cover,36.88194920903766
USA,saint_louis,13-18h,834,wind_speed_10m,5.3922984425942895
USA,saint_louis,13-18h,834,wind_gusts_10m,6.712787110535154
USA,saint_louis,19-24h,186,temperature_2m,1.7737330780751834
USA,saint_louis,19-24h,186,relative_humidity_2m,11.538621449126259
USA,saint_louis,19-24h,186,dew_point_2m,2.705748559792134
USA,saint_louis,19-24h,186,apparent_temperature,2.1559370389992916
USA,saint_louis,19-24h,186,precipitation,0.03439179697143973
USA,saint_louis,19-24h,186,rain,0
USA,saint_louis,19-24h,186,showers,0
USA,saint_louis,19-24h,186,snowfall,0.02407425788000781
USA,saint_louis,19-24h,186,snow_depth,0.001466471150213533
USA,saint_louis,19-24h,186,weather_code,12.563815597404771
USA,saint_louis,19-24h,186,pressure_msl,1.6495356140245947
USA,saint_louis,19-24h,186,surface_pressure,1.6791574948387322
USA,saint_louis,19-24h,186,cloud_cover,37.421027956662726
USA,saint_louis,19-24h,186,wind_speed_10m,5.3717700973230995
USA,saint_louis,19-24h,186,wind_gusts_10m,7.003040814186455
USA,saint_louis,7-12h,1386,temperature_2m,1.5661738195042187
USA,saint_louis,7-12h,1386,relative_humidity_2m,11.153849981435531
USA,saint_louis,7-12h,1386,dew_point_2m,2.8694213081349074
USA,saint_louis,7-12h,1386,apparent_temperature,1.7618532811011773
USA,saint_louis,7-12h,1386,precipitation,0.013696356726888636
USA,saint_louis,7-12h,1386,rain,0
USA,saint_louis,7-12h,1386,showers,0
USA,saint_louis,7-12h,1386,snowfall,0.00994936676326182
USA,saint_louis,7-12h,1386,snow_depth,0.0010744306187005072
USA,saint_louis,7-12h,1386,weather_code,6.497418734886202
USA,saint_louis,7-12h,1386,pressure_msl,1.747952832698614
USA,saint_louis,7-12h,1386,surface_pressure,1.557479741679854
USA,saint_louis,7-12h,1386,cloud_cover,38.173447855965556
USA,saint_louis,7-12h,1386,wind_speed_10m,5.353259583411603
USA,saint_louis,7-12h,1386,wind_gusts_10m,6.8513804551647945
USA,san_francisco,0h,372,temperature_2m,0.9188878270549009
USA,san_francisco,0h,372,relative_humidity_2m,8.016783469964814
USA,san_francisco,0h,372,dew_point_2m,1.546796898484507
USA,san_francisco,0h,372,apparent_temperature,1.2174581311385082
USA,san_francisco,0h,372,precipitation,0.9273908364011693
USA,san_francisco,0h,372,rain,0.9273908364011693
USA,san_francisco,0h,372,showers,0
USA,san_francisco,0h,372,snowfall,0
USA,san_francisco,0h,372,snow_depth,0
USA,san_francisco,0h,372,weather_code,17.939564013354598
USA,san_francisco,0h,372,pressure_msl,0.7329422221943984
USA,san_francisco,0h,372,surface_pressure,0.7121827722398744
USA,san_francisco,0h,372,cloud_cover,37.551398467723146
USA,san_francisco,0h,372,wind_speed_10m,3.6592348927063973
USA,san_francisco,0h,372,wind_gusts_10m,7.600615424997484
USA,san_francisco,1-6h,1942,temperature_2m,1.0806509080965638
USA,san_francisco,1-6h,1942,relative_humidity_2m,8.158572601877303
USA,san_francisco,1-6h,1942,dew_point_2m,1.761883296289097
USA,san_francisco,1-6h,1942,apparent_temperature,1.3653389177977537
USA,san_francisco,1-6h,1942,precipitation,0.8158446369736592
USA,san_francisco,1-6h,1942,rain,0.8158446369736592
USA,san_francisco,1-6h,1942,showers,0
USA,san_francisco,1-6h,1942,snowfall,0
USA,san_francisco,1-6h,1942,snow_depth,0
USA,san_francisco,1-6h,1942,weather_code,17.32368885874375
USA,san_francisco,1-6h,1942,pressure_msl,0.7924788054292571
USA,san_francisco,1-6h,1942,surface_pressure,0.7632725358315253
USA,san_francisco,1-6h,1942,cloud_cover,37.140906853427175
USA,san_francisco,1-6h,1942,wind_speed_10m,3.457678510172922
USA,san_francisco,1-6h,1942,wind_gusts_10m,7.565571919940894
USA,san_francisco,13-18h,834,temperature_2m,1.4028832933541486
USA,san_francisco,13-18h,834,relative_humidity_2m,8.851424847025589
USA,san_francisco,13-18h,834,dew_point_2m,1.6758118401959712
USA,san_francisco,13-18h,834,apparent_temperature,1.7257118921686152
USA,san_francisco,13-18h,834,precipitation,0.615845717077099
USA,san_francisco,13-18h,834,rain,0.615845717077099
USA,san_francisco,13-18h,834,showers,0
USA,san_francisco,13-18h,834,snowfall,0
USA,san_francisco,13-18h,834,snow_depth,0
USA,san_francisco,13-18h,834,weather_code,18.562810607499074
USA,san_francisco,13-18h,834,pressure_msl,0.719595543206985
USA,san_francisco,13-18h,834,surface_pressure,0.6694247503662236
USA,san_francisco,13-18h,834,cloud_cover,33.857863430333964
USA,san_francisco,13-18h,834,wind_speed_10m,3.892451035010208
USA,san_francisco,13-18h,834,wind_gusts_10m,11.176376464994823
USA,san_francisco,19-24h,186,temperature_2m,1.3703857082031001
USA,san_francisco,19-24h,186,relative_humidity_2m,8.466886797578598
USA,san_francisco,19-24h,186,dew_point_2m,1.537873129826014
USA,san_francisco,19-24h,186,apparent_temperature,1.8029545643998695
USA,san_francisco,19-24h,186,precipitation,0.17444227562973869
USA,san_francisco,19-24h,186,rain,0.17444227562973869
USA,san_francisco,19-24h,186,showers,0
USA,san_francisco,19-24h,186,snowfall,0
USA,san_francisco,19-24h,186,snow_depth,0
USA,san_francisco,19-24h,186,weather_code,17.467327410961314
USA,san_francisco,19-24h,186,pressure_msl,0.6907997546867436
USA,san_francisco,19-24h,186,surface_pressure,0.6462463992953126
USA,san_francisco,19-24h,186,cloud_cover,35.743861793516075
USA,san_francisco,19-24h,186,wind_speed_10m,3.6404537115319093
USA,san_francisco,19-24h,186,wind_gusts_10m,12.014605806607724
USA,san_francisco,7-12h,1386,temperature_2m,1.2382608946785179
USA,san_francisco,7-12h,1386,relative_humidity_2m,8.355900180176151
USA,san_francisco,7-12h,1386,dew_point_2m,1.7707499980391235
USA,san_francisco,7-12h,1386,apparent_temperature,1.5414428877017066
USA,san_francisco,7-12h,1386,precipitation,0.6354827958634158
USA,san_francisco,7-12h,1386,rain,0.6354827958634158
USA,san_francisco,7-12h,1386,showers,0
USA,san_francisco,7-12h,1386,snowfall,0
USA,san_francisco,7-12h,1386,snow_depth,0
USA,san_francisco,7-12h,1386,weather_code,15.771867478260264
USA,san_francisco,7-12h,1386,pressure_msl,0.7171572870121089
USA,san_francisco,7-12h,1386,surface_pressure,0.6758565726410487
USA,san_francisco,7-12h,1386,cloud_cover,38.10659462760421
USA,san_francisco,7-12h,1386,wind_speed_10m,3.3168793031535397
USA,san_francisco,7-12h,1386,wind_gusts_10m,8.657683489564826
USA,santa_fe,0h,370,temperature_2m,1.3475703862677995
USA,santa_fe,0h,370,relative_humidity_2m,6.8941808599520895
USA,santa_fe,0h,370,dew_point_2m,1.661568780042166
USA,santa_fe,0h,370,apparent_temperature,1.6356501310950797
USA,santa_fe,0h,370,precipitation,1.1006877456906266
USA,santa_fe,0h,370,rain,0.9486548086348089
USA,santa_fe,0h,370,showers,0.731935604906422
USA,santa_fe,0h,370,snowfall,0
USA,santa_fe,0h,370,snow_depth,0
USA,santa_fe,0h,370,weather_code,17.826187841851464
USA,santa_fe,0h,370,pressure_msl,0.6677513698165567
USA,santa_fe,0h,370,surface_pressure,0.6623055553508893
USA,santa_fe,0h,370,cloud_cover,32.125598112004916
USA,santa_fe,0h,370,wind_speed_10m,4.010223421692598
USA,santa_fe,0h,370,wind_gusts_10m,8.465005866762546
USA,santa_fe,1-6h,1942,temperature_2m,1.3676676983312512
USA,santa_fe,1-6h,1942,relative_humidity_2m,7.1951608637902416
USA,santa_fe,1-6h,1942,dew_point_2m,1.6357961493488455
USA,santa_fe,1-6h,1942,apparent_temperature,1.747533203290124
USA,santa_fe,1-6h,1942,precipitation,0.8006241128856179
USA,santa_fe,1-6h,1942,rain,0.796710538904335
USA,santa_fe,1-6h,1942,showers,0.6691141137499355
USA,santa_fe,1-6h,1942,snowfall,0
USA,santa_fe,1-6h,1942,snow_depth,0
USA,santa_fe,1-6h,1942,weather_code,19.771115633374347
USA,santa_fe,1-6h,1942,pressure_msl,0.7447378045515887
USA,santa_fe,1-6h,1942,surface_pressure,0.7412517594972544
USA,santa_fe,1-6h,1942,cloud_cover,32.66520240243065
USA,santa_fe,1-6h,1942,wind_speed_10m,4.256891184193927
USA,santa_fe,1-6h,1942,wind_gusts_10m,7.590240495030417
USA,santa_fe,13-18h,834,temperature_2m,1.5636074013369172
USA,santa_fe,13-18h,834,relative_humidity_2m,8.623624903416204
USA,santa_fe,13-18h,834,dew_point_2m,1.695960781864104
USA,santa_fe,13-18h,834,apparent_temperature,1.72574663228671
USA,santa_fe,13-18h,834,precipitation,0.6072701033455098
USA,santa_fe,13-18h,834,rain,0.36501699970267476
USA,santa_fe,13-18h,834,showers,0.5851888952855032
USA,santa_fe,13-18h,834,snowfall,0
USA,santa_fe,13-18h,834,snow_depth,0
USA,santa_fe,13-18h,834,weather_code,22.111826105435668
USA,santa_fe,13-18h,834,pressure_msl,0.8234133787631449
USA,santa_fe,13-18h,834,surface_pressure,0.8149531772164309
USA,santa_fe,13-18h,834,cloud_cover,31.920239326437926
USA,santa_fe,13-18h,834,wind_speed_10m,4.15774103950195
USA,santa_fe,13-18h,834,wind_gusts_10m,6.84551700878071
USA,santa_fe,19-24h,186,temperature_2m,1.5060094674765598
USA,santa_fe,19-24h,186,relative_humidity_2m,10.524421165090983
USA,santa_fe,19-24h,186,dew_point_2m,1.9017818469920222
USA,santa_fe,19-24h,186,apparent_temperature,1.563976184401906
USA,santa_fe,19-24h,186,precipitation,0.5030017422317462
USA,santa_fe,19-24h,186,rain,0.477561007756111
USA,santa_fe,19-24h,186,showers,0.1524001524002286
USA,santa_fe,19-24h,186,snowfall,0
USA,santa_fe,19-24h,186,snow_depth,0
USA,santa_fe,19-24h,186,weather_code,21.19596228540476
USA,santa_fe,19-24h,186,pressure_msl,0.8820187011891037
USA,santa_fe,19-24h,186,surface_pressure,0.8785985908655759
USA,santa_fe,19-24h,186,cloud_cover,31.25717122018837
USA,santa_fe,19-24h,186,wind_speed_10m,4.060602741423484
USA,santa_fe,19-24h,186,wind_gusts_10m,8.68859096190089
USA,santa_fe,7-12h,1386,temperature_2m,1.3789334398213102
USA,santa_fe,7-12h,1386,relative_humidity_2m,7.209701656781505
USA,santa_fe,7-12h,1386,dew_point_2m,1.553504626120123
USA,santa_fe,7-12h,1386,apparent_temperature,1.733836923182361
USA,santa_fe,7-12h,1386,precipitation,0.6702608740256581
USA,santa_fe,7-12h,1386,rain,0.7447555939104417
USA,santa_fe,7-12h,1386,showers,0.5142977391571584
USA,santa_fe,7-12h,1386,snowfall,0
USA,santa_fe,7-12h,1386,snow_depth,0
USA,santa_fe,7-12h,1386,weather_code,19.024022180217827
USA,santa_fe,7-12h,1386,pressure_msl,0.7633941071101882
USA,santa_fe,7-12h,1386,surface_pressure,0.760866446176827
USA,santa_fe,7-12h,1386,cloud_cover,31.287200080686173
USA,santa_fe,7-12h,1386,wind_speed_10m,4.413365179519163
USA,santa_fe,7-12h,1386,wind_gusts_10m,6.7025570705717445
USA,seattle,0h,370,temperature_2m,1.4015242667432735
USA,seattle,0h,370,relative_humidity_2m,6.692876406642707
USA,seattle,0h,370,dew_point_2m,1.8484032554057555
USA,seattle,0h,370,apparent_temperature,1.76396359587367
USA,seattle,0h,370,precipitation,0.6537624992345503
USA,seattle,0h,370,rain,0.6537624992345503
USA,seattle,0h,370,showers,0
USA,seattle,0h,370,snowfall,0
USA,seattle,0h,370,snow_depth,0
USA,seattle,0h,370,weather_code,22.27214961894448
USA,seattle,0h,370,pressure_msl,0.7224956747275407
USA,seattle,0h,370,surface_pressure,0.7424939712194977
USA,seattle,0h,370,cloud_cover,28.900575136893785
USA,seattle,0h,370,wind_speed_10m,4.251289152652341
USA,seattle,0h,370,wind_gusts_10m,7.166660800332818
USA,seattle,1-6h,1942,temperature_2m,1.5226406678864008
USA,seattle,1-6h,1942,relative_humidity_2m,7.589222126277327
USA,seattle,1-6h,1942,dew_point_2m,2.0289308137952533
USA,seattle,1-6h,1942,apparent_temperature,1.8594097819964648
USA,seattle,1-6h,1942,precipitation,0.774117882751373
USA,seattle,1-6h,1942,rain,0.7707513687970815
USA,seattle,1-6h,1942,showers,0
USA,seattle,1-6h,1942,snowfall,0.012904625185736549
USA,seattle,1-6h,1942,snow_depth,0
USA,seattle,1-6h,1942,weather_code,22.639361292042615
USA,seattle,1-6h,1942,pressure_msl,0.9340784627991899
USA,seattle,1-6h,1942,surface_pressure,0.9479611163248483
USA,seattle,1-6h,1942,cloud_cover,30.003535665320936
USA,seattle,1-6h,1942,wind_speed_10m,4.6051721694859165
USA,seattle,1-6h,1942,wind_gusts_10m,8.325145239236186
USA,seattle,13-18h,834,temperature_2m,1.479111146659595
USA,seattle,13-18h,834,relative_humidity_2m,7.656755140434853
USA,seattle,13-18h,834,dew_point_2m,1.3855194941194917
USA,seattle,13-18h,834,apparent_temperature,1.7519909880083147
USA,seattle,13-18h,834,precipitation,0.6672055975128791
USA,seattle,13-18h,834,rain,0.6672055975128791
USA,seattle,13-18h,834,showers,0
USA,seattle,13-18h,834,snowfall,0
USA,seattle,13-18h,834,snow_depth,0
USA,seattle,13-18h,834,weather_code,22.35537049409062
USA,seattle,13-18h,834,pressure_msl,1.351400375026248
USA,seattle,13-18h,834,surface_pressure,1.3433288406420507
USA,seattle,13-18h,834,cloud_cover,25.016349569898427
USA,seattle,13-18h,834,wind_speed_10m,5.348988563931909
USA,seattle,13-18h,834,wind_gusts_10m,11.219220617805107
USA,seattle,19-24h,186,temperature_2m,1.5287214420265804
USA,seattle,19-24h,186,relative_humidity_2m,8.344079093224039
USA,seattle,19-24h,186,dew_point_2m,1.6167137782737595
USA,seattle,19-24h,186,apparent_temperature,1.9318774644460266
USA,seattle,19-24h,186,precipitation,0.7782666154546158
USA,seattle,19-24h,186,rain,0.7782666154546158
USA,seattle,19-24h,186,showers,0
USA,seattle,19-24h,186,snowfall,0
USA,seattle,19-24h,186,snow_depth,0
USA,seattle,19-24h,186,weather_code,24.809380813395688
USA,seattle,19-24h,186,pressure_msl,1.2828060640055627
USA,seattle,19-24h,186,surface_pressure,1.2796588927211887
USA,seattle,19-24h,186,cloud_cover,30.758860949029312
USA,seattle,19-24h,186,wind_speed_10m,6.209046469830624
USA,seattle,19-24h,186,wind_gusts_10m,11.18499378728059
USA,seattle,7-12h,1386,temperature_2m,1.5594056661901776
USA,seattle,7-12h,1386,relative_humidity_2m,7.846654418921836
USA,seattle,7-12h,1386,dew_point_2m,1.9453388996119505
USA,seattle,7-12h,1386,apparent_temperature,1.882343723451669
USA,seattle,7-12h,1386,precipitation,0.71872652731607245
USA,seattle,7-12h,1386,rain,0.71872652731607245
USA,seattle,7-12h,1386,showers,0
USA,seattle,7-12h,1386,snowfall,0
USA,seattle,7-12h,1386,snow_depth,0
USA,seattle,7-12h,1386,weather_code,22.42659985268344
USA,seattle,7-12h,1386,pressure_msl,1.0330819412119712
USA,seattle,7-12h,1386,surface_pressure,1.0394942715322422
USA,seattle,7-12h,1386,cloud_cover,26.561779656644593
USA,seattle,7-12h,1386,wind_speed_10m,4.8419925418046414
USA,seattle,7-12h,1386,wind_gusts_10m,9.81231814107081
USA,washington,0h,370,temperature_2m,1.1448592501712613
USA,washington,0h,370,relative_humidity_2m,9.586589732678807
USA,washington,0h,370,dew_point_2m,2.190063555785169
USA,washington,0h,370,apparent_temperature,1.108566154507217
USA,washington,0h,370,precipitation,0.36870848369131126
USA,washington,0h,370,rain,0.3722829496425999
USA,washington,0h,370,showers,0
USA,washington,0h,370,snowfall,0.10071903655379316
USA,washington,0h,370,snow_depth,0.014759330534879886
USA,washington,0h,370,weather_code,14.373774918420192
USA,washington,0h,370,pressure_msl,0.8876631939795381
USA,washington,0h,370,surface_pressure,0.8825332089303346
USA,washington,0h,370,cloud_cover,39.094134487814806
USA,washington,0h,370,wind_speed_10m,4.4481092247915495
USA,washington,0h,370,wind_gusts_10m,7.736134938312786
USA,washington,1-6h,1942,temperature_2m,1.461813976874832
USA,washington,1-6h,1942,relative_humidity_2m,9.792596880093896
USA,washington,1-6h,1942,dew_point_2m,2.2913485251815575
USA,washington,1-6h,1942,apparent_temperature,1.381844913730362
USA,washington,1-6h,1942,precipitation,0.2924029498259915
USA,washington,1-6h,1942,rain,0.30322672534243245
USA,washington,1-6h,1942,showers,0
USA,washington,1-6h,1942,snowfall,0.11414753674162774
USA,washington,1-6h,1942,snow_depth,0.011445478152260944
USA,washington,1-6h,1942,weather_code,12.038558032657576
USA,washington,1-6h,1942,pressure_msl,0.8198176180587377
USA,washington,1-6h,1942,surface_pressure,0.8139615904014263
USA,washington,1-6h,1942,cloud_cover,35.055935882197254
USA,washington,1-6h,1942,wind_speed_10m,4.244050782481784
USA,washington,1-6h,1942,wind_gusts_10m,7.992517741977101
USA,washington,13-18h,834,temperature_2m,1.9124669869096262
USA,washington,13-18h,834,relative_humidity_2m,12.142637484662583
USA,washington,13-18h,834,dew_point_2m,2.7457532065833647
USA,washington,13-18h,834,apparent_temperature,1.8425948755219526
USA,washington,13-18h,834,precipitation,0.2383793200758156
USA,washington,13-18h,834,rain,0.25169544993977083
USA,washington,13-18h,834,showers,0
USA,washington,13-18h,834,snowfall,0.13705361376324066
USA,washington,13-18h,834,snow_depth,0.006606442608004229
USA,washington,13-18h,834,weather_code,12.04408369442729
USA,washington,13-18h,834,pressure_msl,1.0006952019921764
USA,washington,13-18h,834,surface_pressure,0.9858714145582892
USA,washington,13-18h,834,cloud_cover,36.29439314303386
USA,washington,13-18h,834,wind_speed_10m,4.571830125392198
USA,washington,13-18h,834,wind_gusts_10m,8.530586806954327
USA,washington,19-24h,186,temperature_2m,1.685580848164491
USA,washington,19-24h,186,relative_humidity_2m,13.232007463169614
USA,washington,19-24h,186,dew_point_2m,3.144221530404317
USA,washington,19-24h,186,apparent_temperature,1.7040748128359666
USA,washington,19-24h,186,precipitation,0.31656761325732746
USA,washington,19-24h,186,rain,0.3287316780126799
USA,washington,19-24h,186,showers,0
USA,washington,19-24h,186,snowfall,0.03629330931556488
USA,washington,19-24h,186,snow_depth,0.007759835936631707
USA,washington,19-24h,186,weather_code,12.238666031743783
USA,washington,19-24h,186,pressure_msl,1.1448341195519711
USA,washington,19-24h,186,surface_pressure,1.1225451112902893
USA,washington,19-24h,186,cloud_cover,38.06714497938768
USA,washington,19-24h,186,wind_speed_10m,4.001518528963024
USA,washington,19-24h,186,wind_gusts_10m,7.669342683978925
USA,washington,7-12h,1386,temperature_2m,1.6679518854162108
USA,washington,7-12h,1386,relative_humidity_2m,10.671941336529727
USA,washington,7-12h,1386,dew_point_2m,2.4406933701274576
USA,washington,7-12h,1386,apparent_temperature,1.5748702963153665
USA,washington,7-12h,1386,precipitation,0.3257346010221056
USA,washington,7-12h,1386,rain,0.3285795218276729
USA,washington,7-12h,1386,showers,0
USA,washington,7-12h,1386,snowfall,0.14057960827455118
USA,washington,7-12h,1386,snow_depth,0.006612332699051351
USA,washington,7-12h,1386,weather_code,10.944171589247482
USA,washington,7-12h,1386,pressure_msl,0.8740032459217026
USA,washington,7-12h,1386,surface_pressure,0.8653419779582746
USA,washington,7-12h,1386,cloud_cover,36.88576804893568
USA,washington,7-12h,1386,wind_speed_10m,4.678728999472511
USA,washington,7-12h,1386,wind_gusts_10m,8.819121132340657
Uruguay,montevideo,0h,372,temperature_2m,2.7803941083683554
Uruguay,montevideo,0h,372,relative_humidity_2m,13.928002272825344
Uruguay,montevideo,0h,372,dew_point_2m,2.0887692522744854
Uruguay,montevideo,0h,372,apparent_temperature,2.5297902501348646
Uruguay,montevideo,0h,372,precipitation,0.24854414808719014
Uruguay,montevideo,0h,372,rain,0.25005375766108795
Uruguay,montevideo,0h,372,showers,0.18316218795585018
Uruguay,montevideo,0h,372,snowfall,0
Uruguay,montevideo,0h,372,snow_depth,0
Uruguay,montevideo,0h,372,weather_code,15.246716551159397
Uruguay,montevideo,0h,372,pressure_msl,0.6091153465283401
Uruguay,montevideo,0h,372,surface_pressure,0.6038852700263881
Uruguay,montevideo,0h,372,cloud_cover,31.38034108246137
Uruguay,montevideo,0h,372,wind_speed_10m,8.143900679623364
Uruguay,montevideo,0h,372,wind_gusts_10m,9.544437664031372
Uruguay,montevideo,1-6h,1946,temperature_2m,2.727282132719152
Uruguay,montevideo,1-6h,1946,relative_humidity_2m,14.311251583668655
Uruguay,montevideo,1-6h,1946,dew_point_2m,2.134469710614159
Uruguay,montevideo,1-6h,1946,apparent_temperature,2.5142206031931784
Uruguay,montevideo,1-6h,1946,precipitation,0.9300178473019229
Uruguay,montevideo,1-6h,1946,rain,0.5953571652062184
Uruguay,montevideo,1-6h,1946,showers,0.6053376827645189
Uruguay,montevideo,1-6h,1946,snowfall,0
Uruguay,montevideo,1-6h,1946,snow_depth,0
Uruguay,montevideo,1-6h,1946,weather_code,16.518419131574667
Uruguay,montevideo,1-6h,1946,pressure_msl,0.6213733422197766
Uruguay,montevideo,1-6h,1946,surface_pressure,0.6153149913179409
Uruguay,montevideo,1-6h,1946,cloud_cover,35.99641697368606
Uruguay,montevideo,1-6h,1946,wind_speed_10m,7.939113756292611
Uruguay,montevideo,1-6h,1946,wind_gusts_10m,9.26358506313802
Uruguay,montevideo,13-18h,840,temperature_2m,3.464713277493261
Uruguay,montevideo,13-18h,840,relative_humidity_2m,19.154136691089796
Uruguay,montevideo,13-18h,840,dew_point_2m,2.5854538148208004
Uruguay,montevideo,13-18h,840,apparent_temperature,3.332366526459337
Uruguay,montevideo,13-18h,840,precipitation,0.5559419291359743
Uruguay,montevideo,13-18h,840,rain,0.5044799302251776
Uruguay,montevideo,13-18h,840,showers,0.2840606910335821
Uruguay,montevideo,13-18h,840,snowfall,0
Uruguay,montevideo,13-18h,840,snow_depth,0
Uruguay,montevideo,13-18h,840,weather_code,17.996229763877924
Uruguay,montevideo,13-18h,840,pressure_msl,0.7492535968421868
Uruguay,montevideo,13-18h,840,surface_pressure,0.7370307223679903
Uruguay,montevideo,13-18h,840,cloud_cover,34.156188869591965
Uruguay,montevideo,13-18h,840,wind_speed_10m,7.87281337745221
Uruguay,montevideo,13-18h,840,wind_gusts_10m,9.099663782381246
Uruguay,montevideo,19-24h,188,temperature_2m,2.0789983267316963
Uruguay,montevideo,19-24h,188,relative_humidity_2m,14.174069822007684
Uruguay,montevideo,19-24h,188,dew_point_2m,2.2992366911003588
Uruguay,montevideo,19-24h,188,apparent_temperature,2.0217435071023817
Uruguay,montevideo,19-24h,188,precipitation,0.947841893629496
Uruguay,montevideo,19-24h,188,rain,0.898580440756774
Uruguay,montevideo,19-24h,188,showers,0.328924747262504
Uruguay,montevideo,19-24h,188,snowfall,0
Uruguay,montevideo,19-24h,188,snow_depth,0
Uruguay,montevideo,19-24h,188,weather_code,16.713480353652105
Uruguay,montevideo,19-24h,188,pressure_msl,0.7846940045973751
Uruguay,montevideo,19-24h,188,surface_pressure,0.7839480008808628
Uruguay,montevideo,19-24h,188,cloud_cover,32.57642405567743
Uruguay,montevideo,19-24h,188,wind_speed_10m,8.976002285052996
Uruguay,montevideo,19-24h,188,wind_gusts_10m,8.749407274757214
Uruguay,montevideo,7-12h,1386,temperature_2m,2.9749822655806675
Uruguay,montevideo,7-12h,1386,relative_humidity_2m,16.037519141127166
Uruguay,montevideo,7-12h,1386,dew_point_2m,2.183927251429919
Uruguay,montevideo,7-12h,1386,apparent_temperature,2.902188555676287
Uruguay,montevideo,7-12h,1386,precipitation,0.8011535694528495
Uruguay,montevideo,7-12h,1386,rain,0.6900446479479543
Uruguay,montevideo,7-12h,1386,showers,0.33518963640317456
Uruguay,montevideo,7-12h,1386,snowfall,0
Uruguay,montevideo,7-12h,1386,snow_depth,0
Uruguay,montevideo,7-12h,1386,weather_code,17.571868505385613
Uruguay,montevideo,7-12h,1386,pressure_msl,0.6770618128448102
Uruguay,montevideo,7-12h,1386,surface_pressure,0.6729251688176655
Uruguay,montevideo,7-12h,1386,cloud_cover,37.0123999345861
Uruguay,montevideo,7-12h,1386,wind_speed_10m,7.292870463401883
Uruguay,montevideo,7-12h,1386,wind_gusts_10m,9.009047881044019
Venezuela,caracas,0h,370,temperature_2m,1.9904637514775156
Venezuela,caracas,0h,370,relative_humidity_2m,10.516139462235616
Venezuela,caracas,0h,370,dew_point_2m,2.019914368000301
Venezuela,caracas,0h,370,apparent_temperature,2.581765580666361
Venezuela,caracas,0h,370,precipitation,0.6542997081675248
Venezuela,caracas,0h,370,rain,0.5801677297080514
Venezuela,caracas,0h,370,showers,0.4219004621945797
Venezuela,caracas,0h,370,snowfall,0
Venezuela,caracas,0h,370,snow_depth,0
Venezuela,caracas,0h,370,weather_code,29.92603494563835
Venezuela,caracas,0h,370,pressure_msl,0.6330535180825976
Venezuela,caracas,0h,370,surface_pressure,0.4880186084179266
Venezuela,caracas,0h,370,cloud_cover,42.20183164975893
Venezuela,caracas,0h,370,wind_speed_10m,3.7083397611038533
Venezuela,caracas,0h,370,wind_gusts_10m,9.083709802926544
Venezuela,caracas,1-6h,1942,temperature_2m,1.976541101795123
Venezuela,caracas,1-6h,1942,relative_humidity_2m,10.758992598295395
Venezuela,caracas,1-6h,1942,dew_point_2m,2.048761902883419
Venezuela,caracas,1-6h,1942,apparent_temperature,2.659365433860791
Venezuela,caracas,1-6h,1942,precipitation,0.7741112308539998
Venezuela,caracas,1-6h,1942,rain,0.7539187017555995
Venezuela,caracas,1-6h,1942,showers,0.33226743413369275
Venezuela,caracas,1-6h,1942,snowfall,0
Venezuela,caracas,1-6h,1942,snow_depth,0
Venezuela,caracas,1-6h,1942,weather_code,29.841910961691447
Venezuela,caracas,1-6h,1942,pressure_msl,0.5942480904444807
Venezuela,caracas,1-6h,1942,surface_pressure,0.5436649480104081
Venezuela,caracas,1-6h,1942,cloud_cover,44.84473729926125
Venezuela,caracas,1-6h,1942,wind_speed_10m,3.8200821727268077
Venezuela,caracas,1-6h,1942,wind_gusts_10m,9.15221099048848
Venezuela,caracas,13-18h,834,temperature_2m,1.3541746448759628
Venezuela,caracas,13-18h,834,relative_humidity_2m,9.500978114483502
Venezuela,caracas,13-18h,834,dew_point_2m,2.3023447541379367
Venezuela,caracas,13-18h,834,apparent_temperature,2.487701162587767
Venezuela,caracas,13-18h,834,precipitation,1.1426021041225698
Venezuela,caracas,13-18h,834,rain,1.100261577793365
Venezuela,caracas,13-18h,834,showers,0.4629692512229486
Venezuela,caracas,13-18h,834,snowfall,0
Venezuela,caracas,13-18h,834,snow_depth,0
Venezuela,caracas,13-18h,834,weather_code,38.2352618900219
Venezuela,caracas,13-18h,834,pressure_msl,0.5591832001401202
Venezuela,caracas,13-18h,834,surface_pressure,0.5573575889986537
Venezuela,caracas,13-18h,834,cloud_cover,25.5440091386943
Venezuela,caracas,13-18h,834,wind_speed_10m,4.320307853850044
Venezuela,caracas,13-18h,834,wind_gusts_10m,10.997323633426515
Venezuela,caracas,19-24h,186,temperature_2m,1.2440395526679007
Venezuela,caracas,19-24h,186,relative_humidity_2m,11.073071083751175
Venezuela,caracas,19-24h,186,dew_point_2m,2.408207292903042
Venezuela,caracas,19-24h,186,apparent_temperature,2.2054916795098314
Venezuela,caracas,19-24h,186,precipitation,0.2743516305843672
Venezuela,caracas,19-24h,186,rain,0.18491497610279373
Venezuela,caracas,19-24h,186,showers,0.2786295185405713
Venezuela,caracas,19-24h,186,snowfall,0
Venezuela,caracas,19-24h,186,snow_depth,0
Venezuela,caracas,19-24h,186,weather_code,33.72134386791346
Venezuela,caracas,19-24h,186,pressure_msl,0.4726953143569872
Venezuela,caracas,19-24h,186,surface_pressure,0.4252766335619275
Venezuela,caracas,19-24h,186,cloud_cover,26.689170612010205
Venezuela,caracas,19-24h,186,wind_speed_10m,2.5551971074781132
Venezuela,caracas,19-24h,186,wind_gusts_10m,11.241359884062549
Venezuela,caracas,7-12h,1386,temperature_2m,1.8819565515070908
Venezuela,caracas,7-12h,1386,relative_humidity_2m,9.731681648390873
Venezuela,caracas,7-12h,1386,dew_point_2m,2.1007935008784973
Venezuela,caracas,7-12h,1386,apparent_temperature,2.8014606579750176
Venezuela,caracas,7-12h,1386,precipitation,0.894863005146485
Venezuela,caracas,7-12h,1386,rain,0.8596703955779733
Venezuela,caracas,7-12h,1386,showers,0.4128463826196563
Venezuela,caracas,7-12h,1386,snowfall,0
Venezuela,caracas,7-12h,1386,snow_depth,0
Venezuela,caracas,7-12h,1386,weather_code,32.81259920619924
Venezuela,caracas,7-12h,1386,pressure_msl,0.5765749495414043
Venezuela,caracas,7-12h,1386,surface_pressure,0.5011674681868642
Venezuela,caracas,7-12h,1386,cloud_cover,36.97411441921412
Venezuela,caracas,7-12h,1386,wind_speed_10m,4.009478308448158
Venezuela,caracas,7-12h,1386,wind_gusts_10m,9.468526126752094
Vietnam,hanoi,0h,370,temperature_2m,1.034486424348895
Vietnam,hanoi,0h,370,relative_humidity_2m,7.105003946591521
Vietnam,hanoi,0h,370,dew_point_2m,1.6248409485571527
Vietnam,hanoi,0h,370,apparent_temperature,1.5258493425683337
Vietnam,hanoi,0h,370,precipitation,0.22756050576447526
Vietnam,hanoi,0h,370,rain,0.15439507063969962
Vietnam,hanoi,0h,370,showers,0.14886961463697743
Vietnam,hanoi,0h,370,snowfall,0
Vietnam,hanoi,0h,370,snow_depth,0
Vietnam,hanoi,0h,370,weather_code,21.117944207890304
Vietnam,hanoi,0h,370,pressure_msl,0.4795831523312721
Vietnam,hanoi,0h,370,surface_pressure,0.4780026009202159
Vietnam,hanoi,0h,370,cloud_cover,34.45404302953546
Vietnam,hanoi,0h,370,wind_speed_10m,4.253799573417959
Vietnam,hanoi,0h,370,wind_gusts_10m,9.046355096973617
Vietnam,hanoi,1-6h,1942,temperature_2m,1.0689080253381662
Vietnam,hanoi,1-6h,1942,relative_humidity_2m,6.719938207748857
Vietnam,hanoi,1-6h,1942,dew_point_2m,1.4092054279657147
Vietnam,hanoi,1-6h,1942,apparent_temperature,1.4
Vietnam,hanoi,1-6h,1942,precipitation,0.1922011905043981
Vietnam,hanoi,1-6h,1942,rain,0.18813957174183432
Vietnam,hanoi,1-6h,1942,showers,0.07111007408558412
Vietnam,hanoi,1-6h,1942,snowfall,0
Vietnam,hanoi,1-6h,1942,snow_depth,0
Vietnam,hanoi,1-6h,1942,weather_code,16.835424375500388
Vietnam,hanoi,1-6h,1942,pressure_msl,0.47697769758750824
Vietnam,hanoi,1-6h,1942,surface_pressure,0.47627545708294594
Vietnam,hanoi,1-6h,1942,cloud_cover,36.08694729664072
Vietnam,hanoi,1-6h,1942,wind_speed_10m,4.032973005951729
Vietnam,hanoi,1-6h,1942,wind_gusts_10m,8.42184460372852
Vietnam,hanoi,13-18h,834,temperature_2m,1.2301176563407448
Vietnam,hanoi,13-18h,834,relative_humidity_2m,7.416198487095663
Vietnam,hanoi,13-18h,834,dew_point_2m,1.6361694165679268
Vietnam,hanoi,13-18h,834,apparent_temperature,1.6784285216112937
Vietnam,hanoi,13-18h,834,precipitation,0.18775462327503703
Vietnam,hanoi,13-18h,834,rain,0.18446890518029663
Vietnam,hanoi,13-18h,834,showers,0.03729460135418887
Vietnam,hanoi,13-18h,834,snowfall,0
Vietnam,hanoi,13-18h,834,snow_depth,0
Vietnam,hanoi,13-18h,834,weather_code,19.526836971468565
Vietnam,hanoi,13-18h,834,pressure_msl,0.558925828294573
Vietnam,hanoi,13-18h,834,surface_pressure,0.5596761653598838
Vietnam,hanoi,13-18h,834,cloud_cover,32.54095372088452
Vietnam,hanoi,13-18h,834,wind_speed_10m,4.252799895884645
Vietnam,hanoi,13-18h,834,wind_gusts_10m,9.119314364820005
Vietnam,hanoi,19-24h,186,temperature_2m,1.3179896715048824
Vietnam,hanoi,19-24h,186,relative_humidity_2m,7.97711781297923
Vietnam,hanoi,19-24h,186,dew_point_2m,1.8102456317615652
Vietnam,hanoi,19-24h,186,apparent_temperature,1.8114629031427516
Vietnam,hanoi,19-24h,186,precipitation,0.16720343670903368
Vietnam,hanoi,19-24h,186,rain,0.25799058080663767
Vietnam,hanoi,19-24h,186,showers,0.12868232118261713
Vietnam,hanoi,19-24h,186,snowfall,0
Vietnam,hanoi,19-24h,186,snow_depth,0
Vietnam,hanoi,19-24h,186,weather_code,22.694795955039123
Vietnam,hanoi,19-24h,186,pressure_msl,0.6367761545219359
Vietnam,hanoi,19-24h,186,surface_pressure,0.6365228120991232
Vietnam,hanoi,19-24h,186,cloud_cover,31.67221230444859
Vietnam,hanoi,19-24h,186,wind_speed_10m,4.557458733496868
Vietnam,hanoi,19-24h,186,wind_gusts_10m,9.529439388220245
Vietnam,hanoi,7-12h,1386,temperature_2m,1.1269491692238962
Vietnam,hanoi,7-12h,1386,relative_humidity_2m,6.642597242351679
Vietnam,hanoi,7-12h,1386,dew_point_2m,1.3779546504725833
Vietnam,hanoi,7-12h,1386,apparent_temperature,1.4817894100376934
Vietnam,hanoi,7-12h,1386,precipitation,0.1663633603795249
Vietnam,hanoi,7-12h,1386,rain,0.16272392718674314
Vietnam,hanoi,7-12h,1386,showers,0.04834937784152282
Vietnam,hanoi,7-12h,1386,snowfall,0
Vietnam,hanoi,7-12h,1386,snow_depth,0
Vietnam,hanoi,7-12h,1386,weather_code,16.37801997310842
Vietnam,hanoi,7-12h,1386,pressure_msl,0.5191985165301423
Vietnam,hanoi,7-12h,1386,surface_pressure,0.5191429278237168
Vietnam,hanoi,7-12h,1386,cloud_cover,35.71372871138519
Vietnam,hanoi,7-12h,1386,wind_speed_10m,4.209579880529977
Vietnam,hanoi,7-12h,1386,wind_gusts_10m,8.629521630927382
